encoder,resolution,video_name,qp,preset,bpp,bitrate_kbps,psnr_y,psnr_u,psnr_v,psnr_yuv,E_process_single_J,P_process_W,t_process_single_s
x265,1080p,Aerial3200_2k,22,fast,1.352566,168112.72,42.0156,43.6295,43.4724,42.207519,1184.96725725,40.764427,29.06866
x265,1080p,Aerial3200_2k,22,faster,1.352555,168111.31,42.0156,43.6295,43.4724,42.207519,1186.7126606,40.989513,28.951616
x265,1080p,Aerial3200_2k,22,medium,1.352049,168048.52,42.0274,43.6261,43.4732,42.217681,1259.27497475,40.5055,31.088987
x265,1080p,Aerial3200_2k,22,superfast,1.35173,168008.88,41.9935,43.6113,43.4491,42.185588,1114.6604765,40.614632,27.444801
x265,1080p,Aerial3200_2k,22,ultrafast,1.377838,171253.88,41.7045,43.5171,43.3349,41.919688,286.6728378,39.896478,7.185417
x265,1080p,Aerial3200_2k,22,veryfast,1.352555,168111.31,42.0156,43.6295,43.4724,42.207519,1186.6510272,40.847424,29.050817
x265,1080p,Aerial3200_2k,27,fast,0.73883,91830.44,38.6412,41.259,41.4809,38.982294,991.354725,41.889039,23.666209
x265,1080p,Aerial3200_2k,27,faster,0.738819,91829.02,38.6412,41.259,41.4809,38.982294,988.7882894,41.95527,23.567678
x265,1080p,Aerial3200_2k,27,medium,0.738674,91811.09,38.647,41.2586,41.4815,38.987381,1053.6173834,41.883355,25.155993
x265,1080p,Aerial3200_2k,27,superfast,0.738454,91783.71,38.5928,41.2452,41.4673,38.938231,930.675443,42.036427,22.139737
x265,1080p,Aerial3200_2k,27,ultrafast,0.7562,93989.36,38.3448,41.2574,41.4479,38.720781,242.1547268,41.789387,5.794646
x265,1080p,Aerial3200_2k,27,veryfast,0.738819,91829.02,38.6412,41.259,41.4809,38.982294,982.0596805,41.684048,23.559605
x265,1080p,Aerial3200_2k,32,fast,0.373201,46385.8,35.5502,39.5883,40.1017,36.08705,814.06906775,42.393271,19.20279
x265,1080p,Aerial3200_2k,32,faster,0.37319,46384.39,35.5502,39.5883,40.1017,36.08705,818.16915475,42.363641,19.313004
x265,1080p,Aerial3200_2k,32,medium,0.373372,46407.04,35.5568,39.5871,40.1003,36.092662,869.5527908,42.516828,20.451967
x265,1080p,Aerial3200_2k,32,superfast,0.373577,46432.53,35.5039,39.5894,40.0972,36.046325,780.3970256,42.943845,18.1725
x265,1080p,Aerial3200_2k,32,ultrafast,0.380781,47327.91,35.2491,39.7081,40.1977,35.837075,208.3074744,42.933682,4.851843
x265,1080p,Aerial3200_2k,32,veryfast,0.37319,46384.39,35.5502,39.5883,40.1017,36.08705,819.15186425,42.532232,19.259555
x265,1080p,Aerial3200_2k,37,fast,0.182494,22682.43,32.8219,38.4756,39.1343,33.569781,697.93029625,42.867159,16.281235
x265,1080p,Aerial3200_2k,37,faster,0.182482,22681.02,32.8219,38.4756,39.1343,33.569781,698.4191348,43.046324,16.224826
x265,1080p,Aerial3200_2k,37,medium,0.182015,22622.96,32.8245,38.4852,39.1395,33.572981,738.9682376,43.137969,17.130344
x265,1080p,Aerial3200_2k,37,superfast,0.18263,22699.43,32.8021,38.4791,39.1316,33.552506,665.5581598,43.212248,15.402072
x265,1080p,Aerial3200_2k,37,ultrafast,0.184271,22903.33,32.5939,38.6126,39.2497,33.386056,183.9602956,43.08077,4.270126
x265,1080p,Aerial3200_2k,37,veryfast,0.182482,22681.02,32.8219,38.4756,39.1343,33.569781,695.0314095,43.045977,16.146257
x265,360p,BlueSky_360p,22,fast,1.516736,8736.4,44.2294,43.9026,44.5569,44.229444,117.682339,29.119222854903,4.0413969695
x265,360p,BlueSky_360p,22,faster,1.516632,8735.8,44.2294,43.9026,44.5569,44.229444,118.407554166667,29.2514674067703,4.047918435
x265,360p,BlueSky_360p,22,medium,1.517014,8738.0,44.2608,43.9208,44.5466,44.257413,124.79747075,29.0788849911505,4.29168693325
x265,360p,BlueSky_360p,22,superfast,1.518403,8746.0,44.0999,43.802,44.4227,44.101456,112.9584872,38.6630605895551,2.9216126576
x265,360p,BlueSky_360p,22,ultrafast,1.666667,9600.0,42.9283,43.1099,43.7612,42.991706,33.0974381818182,37.7873209642658,0.875887396545454
x265,360p,BlueSky_360p,22,veryfast,1.516632,8735.8,44.2294,43.9026,44.5569,44.229444,118.5880508,29.3477558813163,4.0407876936
x265,360p,BlueSky_360p,27,fast,1.032917,5949.6,40.0373,39.7396,40.8491,40.069431,106.9119212,29.5083527676137,3.6231070586
x265,360p,BlueSky_360p,27,faster,1.032812,5949.0,40.0373,39.7396,40.8491,40.069431,106.5190145,29.2821812334765,3.63767349333333
x265,360p,BlueSky_360p,27,medium,1.034063,5956.2,40.0611,39.7457,40.8539,40.090938,113.797641333333,29.3817773779033,3.87306866666667
x265,360p,BlueSky_360p,27,superfast,1.032917,5949.6,39.852,39.6087,40.7137,39.89065,101.8376544,38.830139634957,2.622644558
x265,360p,BlueSky_360p,27,ultrafast,1.120694,6455.2,38.7807,39.1072,40.2565,38.893344,29.4298232307692,37.3983795094601,0.786927765769231
x265,360p,BlueSky_360p,27,veryfast,1.032812,5949.0,40.0373,39.7396,40.8491,40.069431,106.5771566,29.2414960789217,3.6447231124
x265,360p,BlueSky_360p,32,fast,0.673854,3881.4,35.8958,36.6556,38.3275,36.095269,94.3081448,30.0158254183095,3.1419474056
x265,360p,BlueSky_360p,32,faster,0.67375,3880.8,35.8958,36.6556,38.3275,36.095269,94.2062711666667,29.9268962791914,3.147879763
x265,360p,BlueSky_360p,32,medium,0.673681,3880.4,35.9134,36.652,38.3413,36.111306,99.9467532,29.8772205379935,3.3452493706
x265,360p,BlueSky_360p,32,superfast,0.674236,3883.6,35.6726,36.5971,38.2638,35.892331,89.458658,39.0881663550048,2.2886378754
x265,360p,BlueSky_360p,32,ultrafast,0.715868,4123.4,34.7123,36.3527,38.0481,35.023312,25.7048984,38.4308218130311,0.6688615332
x265,360p,BlueSky_360p,32,veryfast,0.67375,3880.8,35.8958,36.6556,38.3275,36.095269,94.271396,30.0220305225544,3.140073951
x265,360p,BlueSky_360p,37,fast,0.423785,2441.0,32.0427,34.6624,36.7797,32.502494,82.8924965714286,30.883577769302,2.68403153257143
x265,360p,BlueSky_360p,37,faster,0.423681,2440.4,32.0427,34.6624,36.7797,32.502494,82.5920285,30.2851283290499,2.7271480445
x265,360p,BlueSky_360p,37,medium,0.424271,2443.8,32.0531,34.6565,36.784,32.511494,87.894135,31.117642187691,2.824575669
x265,360p,BlueSky_360p,37,superfast,0.424444,2444.8,31.8671,34.6543,36.7695,32.3477,78.3685798,39.8002351936483,1.9690481581
x265,360p,BlueSky_360p,37,ultrafast,0.440486,2537.2,31.0865,34.5994,36.7417,31.659506,22.1831144615385,38.4857121873804,0.576398699692308
x265,360p,BlueSky_360p,37,veryfast,0.423681,2440.4,32.0427,34.6624,36.7797,32.502494,82.6530354,30.7542923827642,2.687528439
x265,1080p,Boat_2k,22,fast,1.527969,189913.92,42.2805,43.2186,44.1424,42.4555,1188.599899,40.625201,29.257699
x265,1080p,Boat_2k,22,faster,1.527958,189912.52,42.2805,43.2186,44.1424,42.4555,1189.1208675,40.579579,29.30343
x265,1080p,Boat_2k,22,medium,1.527119,189808.2,42.2954,43.2148,44.1436,42.468375,1249.05475525,40.400133,30.917095
x265,1080p,Boat_2k,22,superfast,1.526291,189705.31,42.2202,43.1292,44.0039,42.388494,1119.83920475,40.669478,27.535126
x265,1080p,Boat_2k,22,ultrafast,1.574979,195756.81,41.7738,42.9299,43.7931,41.972262,306.936604,40.219081,7.631616
x265,1080p,Boat_2k,22,veryfast,1.527958,189912.52,42.2805,43.2186,44.1424,42.4555,1181.0580415,40.527906,29.141847
x265,1080p,Boat_2k,27,fast,0.956124,118838.28,38.4456,40.3034,41.5314,38.754575,1043.914002,41.176176,25.352379
x265,1080p,Boat_2k,27,faster,0.956113,118836.86,38.4456,40.3034,41.5314,38.754575,1040.69834025,41.057567,25.347297
x265,1080p,Boat_2k,27,medium,0.955535,118765.12,38.4541,40.302,41.5275,38.761681,1101.5727565,41.184242,26.747433
x265,1080p,Boat_2k,27,superfast,0.956952,118941.18,38.3399,40.2074,41.3941,38.647506,985.6544135,41.312811,23.858323
x265,1080p,Boat_2k,27,ultrafast,0.987924,122790.81,37.9878,40.1069,41.28,38.326006,263.64537,41.008515,6.42904
x265,1080p,Boat_2k,27,veryfast,0.956113,118836.86,38.4456,40.3034,41.5314,38.754575,1039.1138255,41.245186,25.193578
x265,1080p,Boat_2k,32,fast,0.573361,71263.98,34.7798,38.328,39.7025,35.309231,904.517582,42.052304,21.509347
x265,1080p,Boat_2k,32,faster,0.573349,71262.56,34.7798,38.328,39.7025,35.309231,904.476896,42.125847,21.47083
x265,1080p,Boat_2k,32,medium,0.573038,71223.86,34.7868,38.3253,39.7025,35.315188,953.7683105,42.00179,22.707801
x265,1080p,Boat_2k,32,superfast,0.574071,71352.25,34.6628,38.2512,39.5712,35.19385,858.60177575,42.127445,20.381055
x265,1080p,Boat_2k,32,ultrafast,0.590803,73431.88,34.3344,38.2662,39.5826,34.90815,228.5691166,41.917523,5.45283
x265,1080p,Boat_2k,32,veryfast,0.573349,71262.56,34.7798,38.328,39.7025,35.309231,901.06875325,42.013511,21.447119
x265,1080p,Boat_2k,37,fast,0.329925,41006.89,31.4238,36.981,38.3116,32.201612,780.616136,42.445889,18.390854
x265,1080p,Boat_2k,37,faster,0.329913,41005.48,31.4238,36.981,38.3116,32.201612,780.6867835,42.409229,18.408417
x265,1080p,Boat_2k,37,medium,0.330502,41078.63,31.4306,36.9837,38.3214,32.208344,828.6678494,42.476533,19.508839
x265,1080p,Boat_2k,37,superfast,0.330882,41125.84,31.3303,36.9286,38.2168,32.1106,750.475862,42.874894,17.503853
x265,1080p,Boat_2k,37,ultrafast,0.338093,42022.16,31.0401,37.0396,38.3296,31.870663,200.5433468,42.521767,4.716252
x265,1080p,Boat_2k,37,veryfast,0.329913,41005.48,31.4238,36.981,38.3116,32.201612,782.75849425,42.413834,18.455264
x265,4K,BoxingPractice_4k,22,fast,0.391053,194418.7,43.6444,48.0462,47.5886,44.166025,3688.716216,42.4869188813896,86.8200451602
x265,4K,BoxingPractice_4k,22,faster,0.39105,194417.28,43.6444,48.0462,47.5886,44.166025,3679.65609683333,42.4819823389286,86.6168642385
x265,4K,BoxingPractice_4k,22,medium,0.389989,193889.58,43.6475,48.0469,47.5903,44.168888,3901.9150905,42.4911758581218,91.82883296825
x265,4K,BoxingPractice_4k,22,superfast,0.390214,194001.45,43.6209,47.9935,47.5447,44.139425,3484.39481871429,42.4419319476282,82.0979314281429
x265,4K,BoxingPractice_4k,22,ultrafast,0.40568,201690.81,43.4504,47.9633,47.5162,43.986569,920.775301666667,42.0470427372512,21.8986935043333
x265,4K,BoxingPractice_4k,22,veryfast,0.39105,194417.28,43.6444,48.0462,47.5886,44.166025,3683.5076602,42.4640755507407,86.7440916216
x265,4K,BoxingPractice_4k,27,fast,0.174887,86948.07,41.7373,45.9482,45.4085,42.229931,2935.1578908,43.4131579515312,67.6098682818
x265,4K,BoxingPractice_4k,27,faster,0.174884,86946.66,41.7373,45.9482,45.4085,42.229931,2928.04128625,43.2763257412503,67.65919324475
x265,4K,BoxingPractice_4k,27,medium,0.174449,86730.01,41.7407,45.9531,45.4124,42.233456,3110.54502533333,43.3570655560308,71.7425172908333
x265,4K,BoxingPractice_4k,27,superfast,0.175307,87156.69,41.7017,45.9075,45.3794,42.194419,2804.4094315,43.6338362280418,64.27143872575
x265,4K,BoxingPractice_4k,27,ultrafast,0.185478,92213.7,41.5497,45.9635,45.4331,42.068275,747.198323166667,43.2950368442139,17.2582905023333
x265,4K,BoxingPractice_4k,27,veryfast,0.174884,86946.66,41.7373,45.9482,45.4085,42.229931,2932.26736818182,43.3980838475418,67.5667473818182
x265,4K,BoxingPractice_4k,32,fast,0.096582,48017.5,40.082,44.1219,43.5207,40.549413,2460.2903938,44.2472056497155,55.603294212
x265,4K,BoxingPractice_4k,32,faster,0.096579,48016.09,40.082,44.1219,43.5207,40.549413,2454.3890902,44.1405657195395,55.6039337102
x265,4K,BoxingPractice_4k,32,medium,0.096343,47898.56,40.0861,44.1194,43.5208,40.55285,2562.0626182,44.0694380017661,58.1369478344
x265,4K,BoxingPractice_4k,32,superfast,0.096858,48154.39,40.0424,44.1025,43.5097,40.512862,2369.76573266667,44.0393975320961,53.8101305981667
x265,4K,BoxingPractice_4k,32,ultrafast,0.101843,50632.86,39.8368,44.2355,43.6337,40.349025,651.834843857143,44.0433055246011,14.7998620015714
x265,4K,BoxingPractice_4k,32,veryfast,0.096579,48016.09,40.082,44.1219,43.5207,40.549413,2448.12153576923,44.1091516838963,55.5014422701539
x265,4K,BoxingPractice_4k,37,fast,0.057384,28529.57,38.0554,42.6074,42.0236,38.587912,2198.871495,44.4455893371163,49.4733342002
x265,4K,BoxingPractice_4k,37,faster,0.057381,28528.15,38.0554,42.6074,42.0236,38.587912,2199.05822075,44.2939645459139,49.64690434225
x265,4K,BoxingPractice_4k,37,medium,0.057474,28573.94,38.0595,42.6124,42.0285,38.592119,2270.39834725,44.3578170110578,51.18372589625
x265,4K,BoxingPractice_4k,37,superfast,0.057788,28730.17,38.0275,42.6035,42.021,38.563094,2147.24533683333,44.5691570364473,48.1778314783333
x265,4K,BoxingPractice_4k,37,ultrafast,0.060148,29903.56,37.8135,42.7756,42.1828,38.396713,606.239608,44.426535291167,13.6458898725
x265,4K,BoxingPractice_4k,37,veryfast,0.057381,28528.15,38.0554,42.6074,42.0236,38.587912,2199.2926185,44.4261336168379,49.504479446
x265,720p,ControlledBurn_720p,22,fast,1.38724,38354.4,42.3972,47.8828,47.3849,43.051781,447.9030282,41.1468677460054,10.8854708204
x265,720p,ControlledBurn_720p,22,faster,1.387214,38353.68,42.3972,47.8828,47.3849,43.051781,447.1017852,41.1210978183092,10.8728076078
x265,720p,ControlledBurn_720p,22,medium,1.385773,38313.84,42.4108,47.8721,47.3772,43.062531,476.454448666667,41.1560161187854,11.5767873958333
x265,720p,ControlledBurn_720p,22,superfast,1.38684,38343.36,42.3618,47.8172,47.3384,43.0138,418.4821198,41.2427052317389,10.146815478
x265,720p,ControlledBurn_720p,22,ultrafast,1.459748,40359.12,41.8475,47.9774,47.4807,42.582694,111.404255833333,40.4518876036253,2.75399400208333
x265,720p,ControlledBurn_720p,22,veryfast,1.387214,38353.68,42.3972,47.8828,47.3849,43.051781,443.46387675,40.8951748750867,10.8439168705
x265,720p,ControlledBurn_720p,27,fast,0.905451,25033.92,38.5532,45.2137,44.7382,39.356044,391.665929,41.2373119374344,9.497853051
x265,720p,ControlledBurn_720p,27,faster,0.905425,25033.2,38.5532,45.2137,44.7382,39.356044,392.1568698,41.0356801427302,9.5564851962
x265,720p,ControlledBurn_720p,27,medium,0.90572,25041.36,38.5618,45.2107,44.7305,39.3629,415.354503,40.7648592640687,10.1890331648
x265,720p,ControlledBurn_720p,27,superfast,0.905668,25039.92,38.4959,45.1579,44.6855,39.299125,371.503187,42.2725808371292,8.7882778776
x265,720p,ControlledBurn_720p,27,ultrafast,0.954679,26394.96,38.0097,45.5848,45.0408,38.922587,100.326433666667,41.5396197530052,2.41519865283333
x265,720p,ControlledBurn_720p,27,veryfast,0.905425,25033.2,38.5532,45.2137,44.7382,39.356044,393.254507,40.3772900493778,9.73949728966667
x265,720p,ControlledBurn_720p,32,fast,0.554045,15318.24,34.7794,42.8727,42.5061,35.76815,343.66116875,41.3174682642819,8.31757566925
x265,720p,ControlledBurn_720p,32,faster,0.554019,15317.52,34.7794,42.8727,42.5061,35.76815,344.3742282,41.7541482931022,8.2476650172
x265,720p,ControlledBurn_720p,32,medium,0.553438,15301.44,34.7865,42.8672,42.487,35.772825,364.7715885,42.1901044914565,8.645903889
x265,720p,ControlledBurn_720p,32,superfast,0.553733,15309.6,34.7072,42.8182,42.4614,35.698775,327.3603314,42.5185659205026,7.6992326602
x265,720p,ControlledBurn_720p,32,ultrafast,0.577439,15965.04,34.2373,43.4613,43.0144,35.362369,89.3040318888889,41.9174673816793,2.13047298577778
x265,720p,ControlledBurn_720p,32,veryfast,0.554019,15317.52,34.7794,42.8727,42.5061,35.76815,343.64015675,41.7573083330214,8.22946139175
x265,720p,ControlledBurn_720p,37,fast,0.314271,8688.96,31.3133,41.1086,40.9044,32.52495,302.754181,42.2079802697275,7.1729132516
x265,720p,ControlledBurn_720p,37,faster,0.314245,8688.24,31.3133,41.1086,40.9044,32.52495,302.7347356,42.1236193921316,7.1868168018
x265,720p,ControlledBurn_720p,37,medium,0.314384,8692.08,31.3154,41.0941,40.8987,32.525525,318.9847424,42.2004655672208,7.55879676
x265,720p,ControlledBurn_720p,37,superfast,0.313932,8679.6,31.2508,41.0627,40.8745,32.465525,289.5945348,42.9836004602168,6.737326136
x265,720p,ControlledBurn_720p,37,ultrafast,0.322083,8904.96,30.8432,41.7788,41.4749,32.191156,80.9532026666667,42.5448259292447,1.90277433033333
x265,720p,ControlledBurn_720p,37,veryfast,0.314245,8688.24,31.3133,41.1086,40.9044,32.52495,302.99841575,42.1455480735204,7.1893338585
x265,4K,Crosswalk_4k,22,fast,0.21632,107547.09,43.4495,48.4148,50.8094,44.219825,3647.1026992,42.631412835146,85.5496559146
x265,4K,Crosswalk_4k,22,faster,0.216317,107545.68,43.4495,48.4148,50.8094,44.219825,3661.53131928571,42.6083334598289,85.9346287912857
x265,4K,Crosswalk_4k,22,medium,0.216112,107443.73,43.452,48.4266,50.8297,44.224019,3919.23258157143,42.6324706036946,91.9306933441428
x265,4K,Crosswalk_4k,22,superfast,0.216365,107569.75,43.4358,48.3989,50.7822,44.205144,3453.75551914286,42.9640852890627,80.3870371242857
x265,4K,Crosswalk_4k,22,ultrafast,0.215328,107053.85,43.4057,48.4176,50.8251,44.182656,907.491643142857,43.1571403594154,21.0276129415714
x265,4K,Crosswalk_4k,22,veryfast,0.216317,107545.68,43.4495,48.4148,50.8094,44.219825,3654.7880926,42.66956374459,85.65328004
x265,4K,Crosswalk_4k,27,fast,0.076211,37889.8,42.4767,47.3588,49.7932,43.239112,2793.91936133333,43.5961341412109,64.0864016126667
x265,4K,Crosswalk_4k,27,faster,0.076209,37888.39,42.4767,47.3588,49.7932,43.239112,2796.55883525,43.5836323184409,64.1653457155
x265,4K,Crosswalk_4k,27,medium,0.075699,37634.92,42.4814,47.3586,49.7828,43.242562,2992.0753966,43.6485553630363,68.5492422765
x265,4K,Crosswalk_4k,27,superfast,0.076366,37966.74,42.4575,47.3663,49.7974,43.223044,2675.28835766667,43.8894856546422,60.9551084448333
x265,4K,Crosswalk_4k,27,ultrafast,0.076637,38101.26,42.4384,47.3549,49.7769,43.204338,698.141139571429,43.9416957164077,15.8878970915714
x265,4K,Crosswalk_4k,27,veryfast,0.076209,37888.39,42.4767,47.3588,49.7932,43.239112,2805.18298714286,43.5864033400216,64.3591297327143
x265,4K,Crosswalk_4k,32,fast,0.041528,20646.22,41.6451,46.238,48.4231,42.355781,2378.9751232,44.1477471650289,53.8866709168
x265,4K,Crosswalk_4k,32,faster,0.041525,20644.81,41.6451,46.238,48.4231,42.355781,2383.9153145,44.2566523649485,53.86569446875
x265,4K,Crosswalk_4k,32,medium,0.04123,20498.02,41.655,46.2422,48.4197,42.364494,2498.3165784,43.954054161508,56.839275149
x265,4K,Crosswalk_4k,32,superfast,0.04178,20771.78,41.6314,46.2419,48.4187,42.343762,2308.791444,44.2171828692651,52.2148018978572
x265,4K,Crosswalk_4k,32,ultrafast,0.041902,20832.19,41.6119,46.2256,48.4043,42.324781,616.9415848,44.2066131885404,13.9558663354
x265,4K,Crosswalk_4k,32,veryfast,0.041525,20644.81,41.6451,46.238,48.4231,42.355781,2384.0598268,44.2175385117521,53.9166110788
x265,4K,Crosswalk_4k,37,fast,0.025252,12554.26,40.4614,45.223,47.1739,41.178531,2162.0790228,44.4943389696325,48.5922270758
x265,4K,Crosswalk_4k,37,faster,0.025249,12552.84,40.4614,45.223,47.1739,41.178531,2159.92330375,44.4163839959996,48.6289767295
x265,4K,Crosswalk_4k,37,medium,0.025058,12457.97,40.4755,45.2244,47.1637,41.190319,2255.5039,44.5492000798961,50.62950391825
x265,4K,Crosswalk_4k,37,superfast,0.025571,12712.85,40.4601,45.2165,47.1706,41.176781,2112.972638,44.5022713065334,47.480107778
x265,4K,Crosswalk_4k,37,ultrafast,0.025672,12763.35,40.4393,45.1828,47.1116,41.152788,581.890830333333,44.4167128973898,13.100718004
x265,4K,Crosswalk_4k,37,veryfast,0.025249,12552.84,40.4614,45.223,47.1739,41.178531,2158.67422233333,44.5254742941127,48.4817793983333
x265,1080p,CrowdRun_1080p50,22,fast,1.979888,205274.81,40.9595,41.4711,41.9049,41.050562,1386.8808118,40.231973,34.472105
x265,1080p,CrowdRun_1080p50,22,faster,1.979877,205273.61,40.9595,41.4711,41.9049,41.050562,1382.4415294,39.836538,34.702853
x265,1080p,CrowdRun_1080p50,22,medium,1.978916,205174.0,40.9773,41.4722,41.9073,41.066356,1470.50558925,39.909797,36.845729
x265,1080p,CrowdRun_1080p50,22,superfast,1.977516,205028.81,40.9369,41.4493,41.8782,41.027756,1301.50368725,40.240445,32.343174
x265,1080p,CrowdRun_1080p50,22,ultrafast,2.090494,216742.41,40.4667,41.1383,41.5722,40.577769,359.1766932,39.633029,9.06256
x265,1080p,CrowdRun_1080p50,22,veryfast,1.979877,205273.61,40.9595,41.4711,41.9049,41.050562,1380.1741524,40.084626,34.431508
x265,1080p,CrowdRun_1080p50,27,fast,1.163515,120633.2,37.1966,38.4796,39.0712,37.39395,1167.3905906,40.690656,28.689402
x265,1080p,CrowdRun_1080p50,27,faster,1.163503,120632.01,37.1966,38.4796,39.0712,37.39395,1164.1648965,40.72792,28.583952
x265,1080p,CrowdRun_1080p50,27,medium,1.163013,120581.2,37.2076,38.4801,39.0716,37.403631,1248.20272175,40.730766,30.645206
x265,1080p,CrowdRun_1080p50,27,superfast,1.160478,120318.41,37.1387,38.4207,39.0143,37.33605,1102.61569275,40.948092,26.927157
x265,1080p,CrowdRun_1080p50,27,ultrafast,1.242897,128863.61,36.6933,38.1306,38.7658,36.912662,296.4150616,40.512592,7.316615
x265,1080p,CrowdRun_1080p50,27,veryfast,1.163503,120632.01,37.1966,38.4796,39.0712,37.39395,1178.59667366667,40.866997,28.839816
x265,1080p,CrowdRun_1080p50,32,fast,0.671609,69632.41,33.7653,36.3446,37.0213,34.130006,974.544673,41.569965,23.443481
x265,1080p,CrowdRun_1080p50,32,faster,0.671597,69631.2,33.7653,36.3446,37.0213,34.130006,973.04485725,41.585514,23.398649
x265,1080p,CrowdRun_1080p50,32,medium,0.671659,69637.6,33.7758,36.3438,37.0171,34.138881,1037.399444,40.557502,25.578485
x265,1080p,CrowdRun_1080p50,32,superfast,0.671752,69647.2,33.6972,36.3057,36.9772,34.065231,926.953602571428,41.672608,22.243715
x265,1080p,CrowdRun_1080p50,32,ultrafast,0.716134,74248.8,33.1897,36.1568,36.8711,33.605231,247.4863414,41.57923,5.952163
x265,1080p,CrowdRun_1080p50,32,veryfast,0.671597,69631.2,33.7653,36.3446,37.0213,34.130006,973.430162,41.647483,23.373085
x265,1080p,CrowdRun_1080p50,37,fast,0.378314,39223.6,30.5946,34.8506,35.5105,31.167844,828.678372,42.458491,19.517377
x265,1080p,CrowdRun_1080p50,37,faster,0.378302,39222.4,30.5946,34.8506,35.5105,31.167844,826.9526686,42.40547,19.501085
x265,1080p,CrowdRun_1080p50,37,medium,0.377967,39187.6,30.6036,34.8451,35.5015,31.174813,876.236893,42.369812,20.680689
x265,1080p,CrowdRun_1080p50,37,superfast,0.378264,39218.4,30.5383,34.836,35.4819,31.115881,788.8844796,42.478597,18.57134
x265,1080p,CrowdRun_1080p50,37,ultrafast,0.39679,41139.2,30.0321,34.8479,35.5399,30.677325,212.040727166667,42.333755,5.008786
x265,1080p,CrowdRun_1080p50,37,veryfast,0.378302,39222.4,30.5946,34.8506,35.5105,31.167844,829.5086678,42.42494,19.552383
x265,1080p,DinnerSceneCropped_2k,22,fast,0.770904,47908.47,40.9861,43.0299,47.0327,41.49175,1223.080243,40.6718,30.071948
x265,1080p,DinnerSceneCropped_2k,22,faster,0.770893,47907.77,40.9861,43.0299,47.0327,41.49175,1220.4697455,40.814259,29.903024
x265,1080p,DinnerSceneCropped_2k,22,medium,0.769198,47802.44,40.9903,43.026,47.0308,41.495062,1315.1543935,40.263148,32.663973
x265,1080p,DinnerSceneCropped_2k,22,superfast,0.768567,47763.23,40.9274,43.0356,47.0337,41.440806,1144.89839075,41.222692,27.773499
x265,1080p,DinnerSceneCropped_2k,22,ultrafast,0.745575,46334.35,40.7079,42.9829,47.0302,41.245231,297.6013136,41.110797,7.239006
x265,1080p,DinnerSceneCropped_2k,22,veryfast,0.770893,47907.77,40.9861,43.0299,47.0327,41.49175,1216.68255425,40.412209,30.106807
x265,1080p,DinnerSceneCropped_2k,27,fast,0.192963,11991.85,38.1137,41.031,45.6934,38.769762,912.2689416,42.430252,21.500436
x265,1080p,DinnerSceneCropped_2k,27,faster,0.192952,11991.15,38.1137,41.031,45.6934,38.769762,910.24960775,42.324212,21.506593
x265,1080p,DinnerSceneCropped_2k,27,medium,0.192474,11961.46,38.1169,41.0445,45.7138,38.774681,981.46161425,42.227846,23.242048
x265,1080p,DinnerSceneCropped_2k,27,superfast,0.192579,11967.95,38.0999,41.0376,45.7031,38.758706,861.4300765,42.676461,20.185134
x265,1080p,DinnerSceneCropped_2k,27,ultrafast,0.192489,11962.38,38.0775,41.0455,45.7415,38.742,225.5967585,42.408576,5.319602
x265,1080p,DinnerSceneCropped_2k,27,veryfast,0.192952,11991.15,38.1137,41.031,45.6934,38.769762,911.3537765,42.412197,21.488012
x265,1080p,DinnerSceneCropped_2k,32,fast,0.042872,2664.29,37.2446,40.1125,45.0374,37.910894,663.1479116,43.621795,15.202215
x265,1080p,DinnerSceneCropped_2k,32,faster,0.04286,2663.59,37.2446,40.1125,45.0374,37.910894,665.0174382,43.710623,15.214092
x265,1080p,DinnerSceneCropped_2k,32,medium,0.042961,2669.86,37.2458,40.1125,45.0273,37.911312,708.3579766,43.483063,16.290434
x265,1080p,DinnerSceneCropped_2k,32,superfast,0.043413,2697.93,37.2392,40.1108,45.0337,37.905831,628.56339325,43.596391,14.417785
x265,1080p,DinnerSceneCropped_2k,32,ultrafast,0.043712,2716.49,37.2119,40.0948,45.0249,37.880394,167.8182106,43.537311,3.854584
x265,1080p,DinnerSceneCropped_2k,32,veryfast,0.04286,2663.59,37.2446,40.1125,45.0374,37.910894,663.5286114,43.604078,15.217123
x265,1080p,DinnerSceneCropped_2k,37,fast,0.026098,1621.91,36.8245,39.7323,44.4618,37.483569,538.9415768,44.370869,12.146293
x265,1080p,DinnerSceneCropped_2k,37,faster,0.026087,1621.22,36.8245,39.7323,44.4618,37.483569,538.6756352,44.429212,12.124357
x265,1080p,DinnerSceneCropped_2k,37,medium,0.026042,1618.43,36.8278,39.7306,44.4354,37.4847,562.5461796,44.376236,12.676744
x265,1080p,DinnerSceneCropped_2k,37,superfast,0.026726,1660.89,36.8259,39.7334,44.4421,37.483631,524.1011852,44.113527,11.880737
x265,1080p,DinnerSceneCropped_2k,37,ultrafast,0.026587,1652.3,36.7934,39.7058,44.4026,37.451,141.967581,43.518656,3.262223
x265,1080p,DinnerSceneCropped_2k,37,veryfast,0.026087,1621.22,36.8245,39.7323,44.4618,37.483569,536.804473,43.766957,12.265063
x265,720p,DrivingPOV_720p,22,fast,1.303092,71983.78,42.2255,44.7992,43.8685,42.489044,505.48434725,39.9224282259742,12.6616633735
x265,720p,DrivingPOV_720p,22,faster,1.303066,71982.36,42.2255,44.7992,43.8685,42.489044,504.651631625,39.7445975461017,12.69736424025
x265,720p,DrivingPOV_720p,22,medium,1.30469,72072.05,42.2402,44.7927,43.8688,42.501519,532.5655556,40.0129247785832,13.3098382222
x265,720p,DrivingPOV_720p,22,superfast,1.301776,71911.09,42.1804,44.7291,43.8211,42.442237,475.039226,40.7260887347311,11.6642486612
x265,720p,DrivingPOV_720p,22,ultrafast,1.420065,78445.46,41.4411,44.6219,43.7413,41.783662,131.836135777778,40.085106597279,3.28890570511111
x265,720p,DrivingPOV_720p,22,veryfast,1.303066,71982.36,42.2255,44.7992,43.8685,42.489044,502.313277,39.3858119887304,12.7536605604
x265,720p,DrivingPOV_720p,27,fast,0.768263,42439.41,38.4574,42.1655,41.9591,38.908012,425.1353862,40.5379822183418,10.4873346658
x265,720p,DrivingPOV_720p,27,faster,0.768237,42437.99,38.4574,42.1655,41.9591,38.908012,427.206743,40.6641297355204,10.5057392296
x265,720p,DrivingPOV_720p,27,medium,0.769664,42516.82,38.4679,42.1619,41.9459,38.91615,451.466632,40.3429270402135,11.1907257386154
x265,720p,DrivingPOV_720p,27,superfast,0.76734,42388.43,38.3845,42.0909,41.8909,38.8353,403.8738438,41.3717156200358,9.762076282
x265,720p,DrivingPOV_720p,27,ultrafast,0.837293,46252.7,37.7025,42.1854,42.0129,38.252081,110.736096857143,40.6650038274983,2.72313012257143
x265,720p,DrivingPOV_720p,27,veryfast,0.768237,42437.99,38.4574,42.1655,41.9591,38.908012,427.2833542,40.7727285251086,10.479636013
x265,720p,DrivingPOV_720p,32,fast,0.431433,23832.7,35.0308,40.1178,40.564,35.694562,360.7785074,41.4615621339948,8.7015174738
x265,720p,DrivingPOV_720p,32,faster,0.431408,23831.28,35.0308,40.1178,40.564,35.694562,360.707487,41.1763149753604,8.7600720758
x265,720p,DrivingPOV_720p,32,medium,0.431177,23818.54,35.0382,40.094,40.544,35.6983,381.7673698,41.4628765386138,9.207450174
x265,720p,DrivingPOV_720p,32,superfast,0.431519,23837.42,34.9456,40.0277,40.4846,35.609419,341.84058,42.0305824519461,8.1331392538
x265,720p,DrivingPOV_720p,32,ultrafast,0.461416,25488.95,34.3116,40.3646,40.8016,35.095537,93.9730255,41.3586974420024,2.27214664175
x265,720p,DrivingPOV_720p,32,veryfast,0.431408,23831.28,35.0308,40.1178,40.564,35.694562,360.366399,41.4012868146349,8.7042318422
x265,720p,DrivingPOV_720p,37,fast,0.233092,12876.16,31.985,38.6246,39.4614,32.86725,308.1463426,42.2834517375024,7.2876345222
x265,720p,DrivingPOV_720p,37,faster,0.233066,12874.74,31.985,38.6246,39.4614,32.86725,308.2069135,42.0685986290492,7.3262938045
x265,720p,DrivingPOV_720p,37,medium,0.233639,12906.37,31.9941,38.61,39.4306,32.872375,323.4087664,41.9868405532889,7.7026221106
x265,720p,DrivingPOV_720p,37,superfast,0.233433,12895.04,31.9193,38.5661,39.3885,32.80155,294.4509672,42.9801592420293,6.8508579864
x265,720p,DrivingPOV_720p,37,ultrafast,0.243114,13429.82,31.4278,38.9645,39.8288,32.423906,81.7358134,42.153262258883,1.9390151324
x265,720p,DrivingPOV_720p,37,veryfast,0.233066,12874.74,31.985,38.6246,39.4614,32.86725,308.886951,42.2635970263572,7.308581681
x265,4K,FoodMarket2_4k,22,fast,0.380252,189048.75,44.553,48.2226,48.2891,45.015856,3835.8069404,42.6491242565918,89.9387034848
x265,4K,FoodMarket2_4k,22,faster,0.380249,189047.34,44.553,48.2226,48.2891,45.015856,3827.3610715,42.5680778242275,89.9115315308333
x265,4K,FoodMarket2_4k,22,medium,0.379781,188814.64,44.5605,48.2322,48.2962,45.023463,4009.875835125,42.4476424644481,94.466396773
x265,4K,FoodMarket2_4k,22,superfast,0.38032,189082.73,44.5237,48.1778,48.2401,44.984356,3637.5438035,42.6655116830226,85.257240802
x265,4K,FoodMarket2_4k,22,ultrafast,0.383622,190724.36,44.4462,48.1455,48.2223,44.913412,958.708764846154,42.7828718840082,22.4087052277692
x265,4K,FoodMarket2_4k,22,veryfast,0.380249,189047.34,44.553,48.2226,48.2891,45.015856,3817.55225425,42.5300426982946,89.76130782025
x265,4K,FoodMarket2_4k,27,fast,0.212446,105621.34,42.6577,45.7833,45.9785,43.0606,3159.244745,43.0495946891157,73.3861669968
x265,4K,FoodMarket2_4k,27,faster,0.212444,105619.91,42.6577,45.7833,45.9785,43.0606,3166.143494,43.183978024052,73.3175506026
x265,4K,FoodMarket2_4k,27,medium,0.212053,105425.93,42.6636,45.7974,45.9968,43.067788,3330.5765202,43.2228331171999,77.0559512184
x265,4K,FoodMarket2_4k,27,superfast,0.212915,105854.03,42.6196,45.7761,45.9689,43.026212,3058.79621,43.4494218417891,70.399008326
x265,4K,FoodMarket2_4k,27,ultrafast,0.214659,106721.09,42.5368,45.7804,45.991,42.955413,806.817575888889,43.4838797444964,18.554406383
x265,4K,FoodMarket2_4k,27,veryfast,0.212444,105619.91,42.6577,45.7833,45.9785,43.0606,3172.35341,43.204287492029,73.4268192846667
x265,4K,FoodMarket2_4k,32,fast,0.123057,61179.7,40.4372,43.6941,44.0079,40.863925,2753.09683375,43.4315775187078,63.38928933825
x265,4K,FoodMarket2_4k,32,faster,0.123054,61178.28,40.4372,43.6941,44.0079,40.863925,2739.661037,43.4648916185964,63.031585608
x265,4K,FoodMarket2_4k,32,medium,0.122667,60986.18,40.4462,43.7108,44.0262,40.873987,2882.843755,43.5860520430227,66.141428734
x265,4K,FoodMarket2_4k,32,superfast,0.123432,61366.14,40.4003,43.6975,44.0105,40.832012,2648.084908,43.5947672889912,60.7431825578
x265,4K,FoodMarket2_4k,32,ultrafast,0.123974,61635.65,40.3034,43.714,44.0341,40.749731,726.320205,43.805052638777,16.5807403769
x265,4K,FoodMarket2_4k,32,veryfast,0.123054,61178.28,40.4372,43.6941,44.0079,40.863925,2742.1394645,43.50765161977,63.0266025035
x265,4K,FoodMarket2_4k,37,fast,0.073335,36459.64,37.909,42.0857,42.4544,38.454131,2458.8746866,43.7769958460985,56.1681915142
x265,4K,FoodMarket2_4k,37,faster,0.073332,36458.23,37.909,42.0857,42.4544,38.454131,2453.36397891667,43.5539883363024,56.3292610535
x265,4K,FoodMarket2_4k,37,medium,0.07327,36427.55,37.9174,42.1048,42.4688,38.463575,2568.46072475,43.6237962368203,58.877515171
x265,4K,FoodMarket2_4k,37,superfast,0.073887,36734.34,37.9031,42.1074,42.4689,38.451231,2382.50484314286,43.8021908215294,54.3923671044286
x265,4K,FoodMarket2_4k,37,ultrafast,0.073927,36754.17,37.8166,42.116,42.4767,38.376569,675.768097571429,44.1060865811523,15.3214249994286
x265,4K,FoodMarket2_4k,37,veryfast,0.073332,36458.23,37.909,42.0857,42.4544,38.454131,2454.6797264,43.6312523424293,56.259666973
x265,1080p,FoodMarket_2k,22,fast,0.780489,97008.28,41.6162,44.7578,45.2908,42.042212,1145.239149,40.922531,27.98554
x265,1080p,FoodMarket_2k,22,faster,0.780477,97006.86,41.6162,44.7578,45.2908,42.042212,1148.2820335,41.025588,27.989411
x265,1080p,FoodMarket_2k,22,medium,0.77968,96907.73,41.623,44.7585,45.2895,42.048125,1232.890081,40.617131,30.353943
x265,1080p,FoodMarket_2k,22,superfast,0.779391,96871.87,41.5957,44.7455,45.2678,42.022069,1084.83004775,41.40053,26.203289
x265,1080p,FoodMarket_2k,22,ultrafast,0.794076,98697.09,41.4159,44.6908,45.247,41.860025,286.6936144,41.083884,6.97825
x265,1080p,FoodMarket_2k,22,veryfast,0.780477,97006.86,41.6162,44.7578,45.2908,42.042212,1151.9796865,41.029028,28.077187
x265,1080p,FoodMarket_2k,27,fast,0.346364,43050.18,39.1304,42.8587,43.7343,39.651162,879.778724,42.135481,20.87976
x265,1080p,FoodMarket_2k,27,faster,0.346353,43048.76,39.1304,42.8587,43.7343,39.651162,886.5466562,42.0693,21.073482
x265,1080p,FoodMarket_2k,27,medium,0.346011,43006.28,39.1341,42.8581,43.7393,39.654675,945.446554,42.298854,22.351588
x265,1080p,FoodMarket_2k,27,superfast,0.347044,43134.66,39.0952,42.8493,43.7193,39.618837,838.76123425,42.394895,19.784487
x265,1080p,FoodMarket_2k,27,ultrafast,0.360738,44836.7,38.9598,42.8466,43.7718,39.503475,220.29774475,42.088207,5.234192
x265,1080p,FoodMarket_2k,27,veryfast,0.346353,43048.76,39.1304,42.8587,43.7343,39.651162,883.8940385,42.247011,20.922049
x265,1080p,FoodMarket_2k,32,fast,0.180739,22464.37,37.1189,41.4723,42.426,37.722681,718.5057536,42.997366,16.71046
x265,1080p,FoodMarket_2k,32,faster,0.180728,22462.95,37.1189,41.4723,42.426,37.722681,713.17093425,42.861048,16.639139
x265,1080p,FoodMarket_2k,32,medium,0.179983,22370.44,37.1238,41.4734,42.4341,37.727544,765.8357354,43.125679,17.75823
x265,1080p,FoodMarket_2k,32,superfast,0.180553,22441.24,37.0801,41.4656,42.4255,37.688281,681.65918925,42.990312,15.856112
x265,1080p,FoodMarket_2k,32,ultrafast,0.186663,23200.69,36.9026,41.4926,42.5112,37.540013,182.401694,42.869343,4.254828
x265,1080p,FoodMarket_2k,32,veryfast,0.180728,22462.95,37.1189,41.4723,42.426,37.722681,714.6812636,42.991805,16.623663
x265,1080p,FoodMarket_2k,37,fast,0.097911,12169.58,35.0054,40.4235,41.3133,35.738275,626.2903646,43.445725,14.415466
x265,1080p,FoodMarket_2k,37,faster,0.0979,12168.16,35.0054,40.4235,41.3133,35.738275,623.647683,43.649075,14.287764
x265,1080p,FoodMarket_2k,37,medium,0.097539,12123.32,35.0076,40.4285,41.3197,35.740913,660.6964652,43.562841,15.166515
x265,1080p,FoodMarket_2k,37,superfast,0.098534,12246.98,34.9917,40.4311,41.3215,35.727275,600.98602525,43.688213,13.756251
x265,1080p,FoodMarket_2k,37,ultrafast,0.101033,12557.56,34.8164,40.4468,41.4157,35.580756,166.8290774,43.682819,3.819101
x265,1080p,FoodMarket_2k,37,veryfast,0.0979,12168.16,35.0054,40.4235,41.3133,35.738275,627.2199276,43.483037,14.424474
x265,270p,FourPeople_270p,22,fast,1.504877,11701.92,43.083,44.8873,45.7606,43.363119,66.5524784,26.1084177093795,2.5490812634
x265,270p,FourPeople_270p,22,faster,1.504691,11700.48,43.083,44.8873,45.7606,43.363119,66.297303,25.9698156505738,2.5528599776
x265,270p,FourPeople_270p,22,medium,1.505185,11704.32,43.1043,44.8916,45.7616,43.382088,69.98001525,25.9111311427495,2.70077037025
x265,270p,FourPeople_270p,22,superfast,1.504444,11698.56,43.0337,44.8191,45.6561,43.309188,62.8495644,37.3384582314015,1.6832394099
x265,270p,FourPeople_270p,22,ultrafast,1.81216,14091.36,41.8121,44.6515,45.3874,42.213019,18.6209683636364,36.0943295040102,0.515897334
x265,270p,FourPeople_270p,22,veryfast,1.504691,11700.48,43.083,44.8873,45.7606,43.363119,66.3464484,25.9951913808277,2.5522585092
x265,270p,FourPeople_270p,27,fast,1.049321,8159.52,39.1573,42.0617,42.826,39.568119,58.6951928333333,25.9490749649629,2.26193777283333
x265,270p,FourPeople_270p,27,faster,1.049136,8158.08,39.1573,42.0617,42.826,39.568119,59.2685555,26.1953721785999,2.2625582525
x265,270p,FourPeople_270p,27,medium,1.047099,8142.24,39.1688,42.0532,42.8348,39.5782,61.682447,25.7562698428496,2.3948517148
x265,270p,FourPeople_270p,27,superfast,1.047037,8141.76,39.0558,41.9507,42.6935,39.464087,55.9947044166667,37.6558627757641,1.487011591
x265,270p,FourPeople_270p,27,ultrafast,1.232531,9584.16,37.7557,41.927,42.614,38.32005,16.21516604,35.7292708838687,0.4538342272
x265,270p,FourPeople_270p,27,veryfast,1.049136,8158.08,39.1573,42.0617,42.826,39.568119,59.2570012,26.1530471715339,2.2657780874
x265,270p,FourPeople_270p,32,fast,0.712901,5543.52,35.1875,39.7179,40.4746,35.801094,51.550985,26.1745604581671,1.96950718933333
x265,270p,FourPeople_270p,32,faster,0.712716,5542.08,35.1875,39.7179,40.4746,35.801094,52.0881338333333,26.4162275646238,1.97182333116667
x265,270p,FourPeople_270p,32,medium,0.711667,5533.92,35.2106,39.7189,40.4564,35.820231,54.5420585,26.2179674648047,2.080331306125
x265,270p,FourPeople_270p,32,superfast,0.709938,5520.48,35.0899,39.6132,40.3284,35.700012,49.3179015714286,37.9129480942222,1.30081948385714
x265,270p,FourPeople_270p,32,ultrafast,0.798519,6209.28,33.8436,39.7158,40.563,34.630575,14.3463292857143,37.0166573351823,0.387564148642857
x265,270p,FourPeople_270p,32,veryfast,0.712716,5542.08,35.1875,39.7179,40.4746,35.801094,52.1405034,26.4487321391401,1.9713800694
x265,270p,FourPeople_270p,37,fast,0.477654,3714.24,31.4947,38.0162,38.6878,32.351863,46.0137616,26.9656941374401,1.7063814996
x265,270p,FourPeople_270p,37,faster,0.477469,3712.8,31.4947,38.0162,38.6878,32.351863,46.1164851428571,26.9910045381887,1.70858721014286
x265,270p,FourPeople_270p,37,medium,0.478642,3721.92,31.5048,37.9916,38.6292,32.3555,48.3531718,26.8825785107049,1.798680576
x265,270p,FourPeople_270p,37,superfast,0.476728,3707.04,31.4039,37.9212,38.5364,32.257013,43.7175008181818,38.5080083951485,1.13528335118182
x265,270p,FourPeople_270p,37,ultrafast,0.506914,3941.76,30.405,38.0703,38.8712,31.413219,12.6106549166667,36.9804731761619,0.341008479166667
x265,270p,FourPeople_270p,37,veryfast,0.477469,3712.8,31.4947,38.0162,38.6878,32.351863,45.9459516,26.8616433946911,1.7104668886
x265,720p,Johnny_720p,22,fast,0.413212,22848.96,44.2058,48.2107,48.6789,44.735675,385.8300544,42.1077544910578,9.1629216296
x265,720p,Johnny_720p,22,faster,0.413186,22847.52,44.2058,48.2107,48.6789,44.735675,384.3907274,41.9579323250599,9.1613362742
x265,720p,Johnny_720p,22,medium,0.412083,22786.56,44.2116,48.2057,48.6807,44.74055,408.389274,42.3619534165938,9.64047313833333
x265,720p,Johnny_720p,22,superfast,0.413837,22883.52,44.1717,48.1357,48.5704,44.694369,363.9029744,42.3657701634216,8.58955173
x265,720p,Johnny_720p,22,ultrafast,0.467752,25864.8,43.907,48.2182,48.6997,44.475994,97.6335699,41.7288255409336,2.33971526
x265,720p,Johnny_720p,22,veryfast,0.413186,22847.52,44.2058,48.2107,48.6789,44.735675,384.293462,42.0359919606427,9.1420100746
x265,720p,Johnny_720p,27,fast,0.23375,12925.44,42.0617,46.3891,46.8643,42.632325,313.41475525,42.7780341317627,7.3265347885
x265,720p,Johnny_720p,27,faster,0.233724,12924.0,42.0617,46.3891,46.8643,42.632325,314.57582425,42.9098783429429,7.331081708875
x265,720p,Johnny_720p,27,medium,0.233472,12910.08,42.0666,46.3877,46.8653,42.636588,328.8079716,42.9353417014013,7.6582125254
x265,720p,Johnny_720p,27,superfast,0.233941,12936.0,42.0065,46.2947,46.7629,42.571787,301.046795666667,43.3545347514352,6.9438363805
x265,720p,Johnny_720p,27,ultrafast,0.268446,14844.0,41.6231,46.5712,47.1042,42.274925,81.0533611666667,42.2291425459555,1.91937028033333
x265,720p,Johnny_720p,27,veryfast,0.233724,12924.0,42.0617,46.3891,46.8643,42.632325,313.5689755,42.797674414503,7.32677604075
x265,720p,Johnny_720p,32,fast,0.143229,7920.0,39.7768,44.4323,44.8627,40.385638,273.1678928,43.4996881416468,6.2797666942
x265,720p,Johnny_720p,32,faster,0.143203,7918.56,39.7768,44.4323,44.8627,40.385638,272.634446,43.4814104195243,6.2701380514
x265,720p,Johnny_720p,32,medium,0.141918,7847.52,39.782,44.4218,44.8267,40.387281,283.42200325,43.5815733994724,6.5032531215
x265,720p,Johnny_720p,32,superfast,0.143672,7944.48,39.7093,44.3111,44.77,40.313206,264.8117734,43.6728663112012,6.0635308778
x265,720p,Johnny_720p,32,ultrafast,0.162179,8967.84,39.1756,44.7307,45.2503,39.902462,73.1289874,42.6912116579024,1.7129752134
x265,720p,Johnny_720p,32,veryfast,0.143203,7918.56,39.7768,44.4323,44.8627,40.385638,272.44511825,43.4911224993548,6.26438460525
x265,720p,Johnny_720p,37,fast,0.092813,5132.16,37.2693,42.7781,43.1848,37.983319,246.0184988,43.9821174701518,5.5936028766
x265,720p,Johnny_720p,37,faster,0.092786,5130.72,37.2693,42.7781,43.1848,37.983319,247.4961682,43.9408605092873,5.6324834182
x265,720p,Johnny_720p,37,medium,0.092682,5124.96,37.275,42.7349,43.1647,37.98435,253.9207006,43.8519671288878,5.7904061602
x265,720p,Johnny_720p,37,superfast,0.092969,5140.8,37.2164,42.6399,43.0514,37.920056,237.42272,43.9618361795667,5.400655219
x265,720p,Johnny_720p,37,ultrafast,0.101128,5592.0,36.6595,43.095,43.4796,37.487975,67.5803749,42.663213700133,1.5840432316
x265,720p,Johnny_720p,37,veryfast,0.092786,5130.72,37.2693,42.7781,43.1848,37.983319,245.599567,43.7975381117897,5.60761124
x265,720p,KristenAndSara_720p,22,fast,0.45612,25221.6,44.6016,47.6788,48.4348,45.0335,385.3747706,42.1173802440466,9.1500176024
x265,720p,KristenAndSara_720p,22,faster,0.456094,25220.16,44.6016,47.6788,48.4348,45.0335,386.8315902,42.1545643077466,9.1765054758
x265,720p,KristenAndSara_720p,22,medium,0.45566,25196.16,44.6054,47.6776,48.4227,45.035994,406.2654085,41.8852223310831,9.69949270625
x265,720p,KristenAndSara_720p,22,superfast,0.456406,25237.44,44.5472,47.5981,48.3322,44.974444,365.8639682,42.4385456181864,8.6210298414
x265,720p,KristenAndSara_720p,22,ultrafast,0.533889,29521.92,44.1419,47.6283,48.3318,44.621669,98.648541,41.7315530586256,2.36388377066667
x265,720p,KristenAndSara_720p,22,veryfast,0.456094,25220.16,44.6016,47.6788,48.4348,45.0335,387.40226775,42.2339967989432,9.17275884625
x265,720p,KristenAndSara_720p,27,fast,0.276233,15274.56,42.2675,45.6486,46.467,42.741287,321.993548,43.0060889745688,7.487161834
x265,720p,KristenAndSara_720p,27,faster,0.276207,15273.12,42.2675,45.6486,46.467,42.741287,320.632009142857,43.0207066048931,7.45296938257143
x265,720p,KristenAndSara_720p,27,medium,0.274635,15186.24,42.271,45.6496,46.4629,42.744156,337.396506,42.9867250475926,7.84885346875
x265,720p,KristenAndSara_720p,27,superfast,0.27599,15261.12,42.1878,45.585,46.3737,42.661744,306.6456136,42.9865702900238,7.1335212726
x265,720p,KristenAndSara_720p,27,ultrafast,0.326076,18030.72,41.6322,45.7231,46.5432,42.194819,83.71027325,42.2856886532248,1.979636040375
x265,720p,KristenAndSara_720p,27,veryfast,0.276207,15273.12,42.2675,45.6486,46.467,42.741287,319.2584295,42.7278340439343,7.471907636875
x265,720p,KristenAndSara_720p,32,fast,0.17467,9658.56,39.6304,43.6325,44.507,40.185319,283.9913506,43.5324671411905,6.5236677186
x265,720p,KristenAndSara_720p,32,faster,0.174644,9657.12,39.6304,43.6325,44.507,40.185319,283.0080406,43.5700259624234,6.4954756016
x265,720p,KristenAndSara_720p,32,medium,0.173906,9616.32,39.6314,43.6116,44.4968,40.18425,293.12432625,43.6048456223192,6.72228790325
x265,720p,KristenAndSara_720p,32,superfast,0.174913,9672.0,39.5426,43.5516,44.3653,40.094581,274.0039866,43.6884003947985,6.2717788732
x265,720p,KristenAndSara_720p,32,ultrafast,0.204019,11281.44,38.8659,43.8169,44.7624,39.543869,75.4880066666667,42.6788607484266,1.76874465116667
x265,720p,KristenAndSara_720p,32,veryfast,0.174644,9657.12,39.6304,43.6325,44.507,40.185319,281.9663072,43.4073471244959,6.4958198526
x265,720p,KristenAndSara_720p,37,fast,0.114392,6325.44,36.8029,42.0021,42.8032,37.502869,253.66123125,43.7809314054014,5.79387471
x265,720p,KristenAndSara_720p,37,faster,0.114366,6324.0,36.8029,42.0021,42.8032,37.502869,253.8222262,43.8117132830548,5.7934786654
x265,720p,KristenAndSara_720p,37,medium,0.114332,6322.08,36.8045,41.9551,42.7792,37.499831,261.380159625,43.642828817169,5.98907464775
x265,720p,KristenAndSara_720p,37,superfast,0.115165,6368.16,36.7252,41.9047,42.6861,37.421475,246.8041654,44.0687645017862,5.6004330548
x265,720p,KristenAndSara_720p,37,ultrafast,0.129913,7183.68,36.0115,42.3007,43.162,36.851481,70.6339256,42.9277260531121,1.6454150288
x265,720p,KristenAndSara_720p,37,veryfast,0.114366,6324.0,36.8029,42.0021,42.8032,37.502869,253.860922333333,43.7829431491896,5.79816942566667
x265,1080p,MeridianTalk_sdr_2k,22,fast,0.30346,37717.52,43.1971,45.9309,50.2955,43.811612,919.207583,42.207519,21.77829
x265,1080p,MeridianTalk_sdr_2k,22,faster,0.303448,37716.11,43.1971,45.9309,50.2955,43.811612,917.32628,42.135851,21.770684
x265,1080p,MeridianTalk_sdr_2k,22,medium,0.302613,37612.27,43.1997,45.9348,50.2953,43.814119,980.61176275,42.192093,23.2416
x265,1080p,MeridianTalk_sdr_2k,22,superfast,0.304174,37806.26,43.1677,45.8953,50.2145,43.7786,869.731263666667,42.385249,20.519669
x265,1080p,MeridianTalk_sdr_2k,22,ultrafast,0.319686,39734.38,43.0265,45.8941,50.3189,43.6615,232.7360744,42.107293,5.527215
x265,1080p,MeridianTalk_sdr_2k,22,veryfast,0.303448,37716.11,43.1971,45.9309,50.2955,43.811612,919.3324852,42.060755,21.857251
x265,1080p,MeridianTalk_sdr_2k,27,fast,0.124798,15511.34,41.7142,44.9508,48.6509,42.350031,698.80866625,43.352885,16.119081
x265,1080p,MeridianTalk_sdr_2k,27,faster,0.124786,15509.92,41.7142,44.9508,48.6509,42.350031,700.1939596,43.372576,16.143703
x265,1080p,MeridianTalk_sdr_2k,27,medium,0.124327,15452.81,41.7178,44.9457,48.6347,42.35185,744.647416,42.877076,17.367029
x265,1080p,MeridianTalk_sdr_2k,27,superfast,0.125576,15608.1,41.6739,44.9284,48.6028,42.310363,666.5665068,43.425046,15.349817
x265,1080p,MeridianTalk_sdr_2k,27,ultrafast,0.134189,16678.59,41.5104,44.9919,48.8062,42.183981,181.8883162,43.283351,4.20227
x265,1080p,MeridianTalk_sdr_2k,27,veryfast,0.124786,15509.92,41.7142,44.9508,48.6509,42.350031,701.6033552,43.361805,16.180216
x265,1080p,MeridianTalk_sdr_2k,32,fast,0.070053,8706.98,40.3082,43.9102,46.9365,40.947594,587.21166225,43.7509,13.421705
x265,1080p,MeridianTalk_sdr_2k,32,faster,0.070041,8705.57,40.3082,43.9102,46.9365,40.947594,588.90510875,43.758432,13.458094
x265,1080p,MeridianTalk_sdr_2k,32,medium,0.069958,8695.18,40.3098,43.899,46.9239,40.947506,615.7797655,43.740435,14.078044
x265,1080p,MeridianTalk_sdr_2k,32,superfast,0.070752,8793.83,40.2728,43.8997,46.9458,40.916544,572.6033802,44.02864,13.005248
x265,1080p,MeridianTalk_sdr_2k,32,ultrafast,0.074405,9247.9,40.0737,43.9795,47.0941,40.756588,160.3643968,43.662254,3.672838
x265,1080p,MeridianTalk_sdr_2k,32,veryfast,0.070041,8705.57,40.3082,43.9102,46.9365,40.947594,590.3672014,43.898857,13.44835
x265,1080p,MeridianTalk_sdr_2k,37,fast,0.043106,5357.67,38.6356,42.9841,45.475,39.334844,530.76155075,44.033646,12.053545
x265,1080p,MeridianTalk_sdr_2k,37,faster,0.043094,5356.26,38.6356,42.9841,45.475,39.334844,532.405467,43.969739,12.108452
x265,1080p,MeridianTalk_sdr_2k,37,medium,0.042828,5323.22,38.6386,42.9572,45.4047,39.331394,553.863487,44.31189,12.499207
x265,1080p,MeridianTalk_sdr_2k,37,superfast,0.043573,5415.73,38.6197,42.9676,45.4642,39.319225,520.259069,44.271045,11.751678
x265,1080p,MeridianTalk_sdr_2k,37,ultrafast,0.045031,5596.98,38.4323,43.0045,45.5987,39.165962,149.5224078,43.665516,3.424268
x265,1080p,MeridianTalk_sdr_2k,37,veryfast,0.043094,5356.26,38.6356,42.9841,45.475,39.334844,532.03315325,43.36594,12.268457
x265,1080p,Motorcycle_2k,22,fast,1.331902,82854.96,43.777,45.3004,45.9267,44.006569,1059.4583966,40.734942,26.00859
x265,1080p,Motorcycle_2k,22,faster,1.33189,82854.24,43.777,45.3004,45.9267,44.006569,1055.567488,40.580619,26.011616
x265,1080p,Motorcycle_2k,22,medium,1.331508,82830.48,43.7937,45.3001,45.9263,44.021138,1123.3069632,40.627686,27.648805
x265,1080p,Motorcycle_2k,22,superfast,1.332608,82898.88,43.6848,45.2137,45.8424,43.915206,1009.6078154,41.238527,24.48215
x265,1080p,Motorcycle_2k,22,ultrafast,1.560664,97085.77,42.2247,44.8902,45.6234,42.603713,286.13081325,40.517287,7.061944
x265,1080p,Motorcycle_2k,22,veryfast,1.33189,82854.24,43.777,45.3004,45.9267,44.006569,1059.268064,40.643989,26.062109
x265,1080p,Motorcycle_2k,27,fast,0.884583,55028.16,39.7568,42.0696,43.0212,40.105375,944.3703728,41.31933,22.855414
x265,1080p,Motorcycle_2k,27,faster,0.884572,55027.44,39.7568,42.0696,43.0212,40.105375,942.9445165,41.064264,22.962655
x265,1080p,Motorcycle_2k,27,medium,0.88304,54932.16,39.7746,42.0613,43.013,40.119919,994.6408986,40.978464,24.272284
x265,1080p,Motorcycle_2k,27,superfast,0.883735,54975.36,39.6278,41.9691,42.9197,39.979875,895.3298305,41.452668,21.598847
x265,1080p,Motorcycle_2k,27,ultrafast,1.020548,63486.24,38.2438,41.9104,42.9614,38.767812,255.199493,41.113838,6.207143
x265,1080p,Motorcycle_2k,27,veryfast,0.884572,55027.44,39.7568,42.0696,43.0212,40.105375,941.36677625,40.9624,22.981241
x265,1080p,Motorcycle_2k,32,fast,0.559186,34785.84,35.7012,39.4063,40.5992,36.238894,829.565122,41.6729,19.906585
x265,1080p,Motorcycle_2k,32,faster,0.559174,34785.12,35.7012,39.4063,40.5992,36.238894,833.9644176,41.573741,20.059884
x265,1080p,Motorcycle_2k,32,medium,0.559676,34816.32,35.7186,39.389,40.5877,36.252319,876.4070458,41.41169,21.163277
x265,1080p,Motorcycle_2k,32,superfast,0.55961,34812.24,35.5659,39.3387,40.5274,36.111794,790.43144825,42.054456,18.795427
x265,1080p,Motorcycle_2k,32,ultrafast,0.626115,38949.36,34.3609,39.5504,40.8465,35.090594,226.25644,41.941747,5.39454
x265,1080p,Motorcycle_2k,32,veryfast,0.559174,34785.12,35.7012,39.4063,40.5992,36.238894,828.427841,41.670785,19.880303
x265,1080p,Motorcycle_2k,37,fast,0.33343,20742.0,31.9142,37.4315,38.7912,32.688844,732.1968865,42.106409,17.389203
x265,1080p,Motorcycle_2k,37,faster,0.333418,20741.28,31.9142,37.4315,38.7912,32.688844,733.546987,42.307454,17.338481
x265,1080p,Motorcycle_2k,37,medium,0.33309,20720.88,31.9265,37.4068,38.7767,32.697156,764.63503625,41.975931,18.216035
x265,1080p,Motorcycle_2k,37,superfast,0.333835,20767.2,31.8035,37.3955,38.7603,32.5878,700.08400825,42.674798,16.405092
x265,1080p,Motorcycle_2k,37,ultrafast,0.358395,22295.04,30.8645,37.7489,39.2097,31.81635,200.89954075,42.327418,4.746322
x265,1080p,Motorcycle_2k,37,veryfast,0.333418,20741.28,31.9142,37.4315,38.7912,32.688844,732.16168475,42.201043,17.349374
x265,1080p,MountainBike_2k,22,fast,1.285509,79968.96,43.6669,46.7067,46.4463,44.0306,1088.25479775,40.438236,26.91153
x265,1080p,MountainBike_2k,22,faster,1.285498,79968.24,43.6669,46.7067,46.4463,44.0306,1095.97899516667,40.63688,26.970058
x265,1080p,MountainBike_2k,22,medium,1.285907,79993.68,43.6868,46.704,46.4455,44.047794,1150.67352225,40.217412,28.611327
x265,1080p,MountainBike_2k,22,superfast,1.286478,80029.2,43.5593,46.606,46.3628,43.924937,1035.447224,41.116693,25.183135
x265,1080p,MountainBike_2k,22,ultrafast,1.415031,88026.25,42.2597,46.4885,46.2803,42.775288,291.2080066,40.514968,7.187665
x265,1080p,MountainBike_2k,22,veryfast,1.285498,79968.24,43.6669,46.7067,46.4463,44.0306,1091.51673725,40.576806,26.900016
x265,1080p,MountainBike_2k,27,fast,0.846373,52651.2,39.7784,43.8063,43.5075,40.263213,969.96527525,40.737827,23.809941
x265,1080p,MountainBike_2k,27,faster,0.846362,52650.48,39.7784,43.8063,43.5075,40.263213,970.2529175,41.086755,23.614737
x265,1080p,MountainBike_2k,27,medium,0.84593,52623.6,39.7945,43.7966,43.4949,40.275906,1027.68700525,41.273647,24.89935
x265,1080p,MountainBike_2k,27,superfast,0.847967,52750.32,39.6251,43.6794,43.4005,40.114456,927.2281684,41.645392,22.264844
x265,1080p,MountainBike_2k,27,ultrafast,0.911694,56714.64,38.4997,43.8329,43.6116,39.152519,257.402649,41.051717,6.270204
x265,1080p,MountainBike_2k,27,veryfast,0.846362,52650.48,39.7784,43.8063,43.5075,40.263213,972.23795925,41.222225,23.585286
x265,1080p,MountainBike_2k,32,fast,0.519811,32336.4,35.9767,41.368,41.0078,36.6281,854.8554654,41.880337,20.411857
x265,1080p,MountainBike_2k,32,faster,0.519799,32335.68,35.9767,41.368,41.0078,36.6281,848.45781925,41.742871,20.325814
x265,1080p,MountainBike_2k,32,medium,0.52027,32364.96,35.9945,41.3574,40.9958,36.642263,904.965029833333,41.631939,21.737278
x265,1080p,MountainBike_2k,32,superfast,0.521582,32446.56,35.8228,41.2752,40.9354,36.483112,808.776418,41.879689,19.311901
x265,1080p,MountainBike_2k,32,ultrafast,0.547847,34080.48,34.9334,41.6498,41.406,35.757712,227.2813276,41.876698,5.427394
x265,1080p,MountainBike_2k,32,veryfast,0.519799,32335.68,35.9767,41.368,41.0078,36.6281,849.621101,41.776221,20.337433
x265,1080p,MountainBike_2k,37,fast,0.301574,18760.32,32.5109,39.6004,39.2196,33.373287,750.6200996,42.359169,17.720369
x265,1080p,MountainBike_2k,37,faster,0.301563,18759.6,32.5109,39.6004,39.2196,33.373287,750.07266525,42.423282,17.680685
x265,1080p,MountainBike_2k,37,medium,0.301393,18749.04,32.5235,39.5685,39.1967,33.380887,792.894134,42.539965,18.638805
x265,1080p,MountainBike_2k,37,superfast,0.301682,18767.04,32.3937,39.5448,39.1964,33.265813,718.7565462,42.641107,16.855954
x265,1080p,MountainBike_2k,37,ultrafast,0.309205,19235.04,31.7407,39.938,39.656,32.747737,202.3294136,42.542007,4.755991
x265,1080p,MountainBike_2k,37,veryfast,0.301563,18759.6,32.5109,39.6004,39.2196,33.373287,750.8113594,42.367187,17.72153
x265,4K,Neon1224_4k,22,fast,0.341563,84906.91,46.6795,50.0856,49.8628,47.091337,3039.20735985714,42.7341397914224,71.1189548845714
x265,4K,Neon1224_4k,22,faster,0.341561,84906.2,46.6795,50.0856,49.8628,47.091337,3023.9279522,42.8160511059002,70.6260356594
x265,4K,Neon1224_4k,22,medium,0.340888,84738.94,46.69,50.0941,49.8696,47.101481,3185.928465,42.9103681479509,74.2461228488
x265,4K,Neon1224_4k,22,superfast,0.340246,84579.31,46.6216,49.9449,49.7329,47.023762,2907.94675933333,43.0008185194557,67.6253815498333
x265,4K,Neon1224_4k,22,ultrafast,0.359183,89286.83,45.8222,50.1035,49.8174,46.339481,786.618304142857,42.6506949151179,18.443270519
x265,4K,Neon1224_4k,22,veryfast,0.341561,84906.2,46.6795,50.0856,49.8628,47.091337,3022.47937333333,42.6594538993667,70.8513376768333
x265,4K,Neon1224_4k,27,fast,0.185376,46081.47,43.8882,47.4381,47.1071,44.31125,2668.4070732,43.4357555894299,61.4334213136
x265,4K,Neon1224_4k,27,faster,0.185374,46080.77,43.8882,47.4381,47.1071,44.31125,2664.70227811111,43.3842359883816,61.4209797038889
x265,4K,Neon1224_4k,27,medium,0.185227,46044.35,43.8975,47.4313,47.1059,44.318888,2779.5796214,43.4180403327308,64.0190022419
x265,4K,Neon1224_4k,27,superfast,0.185451,46100.03,43.8235,47.3072,46.9884,44.239037,2557.2648396,43.4638045040068,58.836654287
x265,4K,Neon1224_4k,27,ultrafast,0.19708,48990.75,43.1674,47.5818,47.1766,43.693875,710.251102285714,43.4219747158508,16.356950759
x265,4K,Neon1224_4k,27,veryfast,0.185374,46080.77,43.8882,47.4381,47.1071,44.31125,2659.9947892,43.3045861521951,61.4252444268
x265,4K,Neon1224_4k,32,fast,0.103597,25752.46,41.2516,44.9347,44.5541,41.6882,2337.144514125,43.7144713539353,53.463863149625
x265,4K,Neon1224_4k,32,faster,0.103594,25751.77,41.2516,44.9347,44.5541,41.6882,2336.948717,43.7168165191563,53.4565163494
x265,4K,Neon1224_4k,32,medium,0.10325,25666.16,41.2569,44.9361,44.5529,41.69285,2422.7020499,43.7900495549419,55.3254009649
x265,4K,Neon1224_4k,32,superfast,0.103702,25778.45,41.1929,44.8312,44.4551,41.624181,2269.1769705,43.906309101755,51.6822528908333
x265,4K,Neon1224_4k,32,ultrafast,0.11109,27615.19,40.6754,45.2021,44.7769,41.214662,647.72368375,43.8128357262874,14.783879495875
x265,4K,Neon1224_4k,32,veryfast,0.103594,25751.77,41.2516,44.9347,44.5541,41.6882,2343.7935974,43.8025814319347,53.5081157498
x265,4K,Neon1224_4k,37,fast,0.061506,15289.26,38.7534,42.8686,42.4179,39.239631,2102.87346166667,44.0600714624357,47.7274183147778
x265,4K,Neon1224_4k,37,faster,0.061503,15288.57,38.7534,42.8686,42.4179,39.239631,2101.6413484,44.0450142157194,47.7157604742
x265,4K,Neon1224_4k,37,medium,0.061449,15275.11,38.7575,42.8714,42.4189,39.243456,2161.5150844,44.0559088264145,49.063000673
x265,4K,Neon1224_4k,37,superfast,0.061798,15361.88,38.7103,42.8137,42.3765,39.1959,2040.72035166667,44.1594827043437,46.2125058241667
x265,4K,Neon1224_4k,37,ultrafast,0.065994,16404.95,38.2811,43.1642,42.696,38.862225,599.962662714286,43.9766488188866,13.6427553901429
x265,4K,Neon1224_4k,37,veryfast,0.061503,15288.57,38.7534,42.8686,42.4179,39.239631,2094.7036344,43.9870395698355,47.6209277752
x265,4K,NocturneDance_4k,22,fast,0.417883,207965.28,47.3971,44.5561,47.6715,47.236688,3297.720928,42.7871097353478,77.0727667374
x265,4K,NocturneDance_4k,22,faster,0.41788,207963.86,47.3971,44.5561,47.6715,47.236688,3308.9387824,42.8890105123003,77.1512036038
x265,4K,NocturneDance_4k,22,medium,0.41764,207844.34,47.4078,44.5567,47.6704,47.246019,3460.9285182,42.8489479672512,80.7704432054
x265,4K,NocturneDance_4k,22,superfast,0.417378,207714.25,47.3319,44.5219,47.6278,47.174769,3164.6293496,42.9854819746142,73.6208878958
x265,4K,NocturneDance_4k,22,ultrafast,0.43337,215672.66,47.0425,44.2395,47.3587,46.887075,860.525695545454,43.1306469933693,19.9516064685454
x265,4K,NocturneDance_4k,22,veryfast,0.41788,207963.86,47.3971,44.5561,47.6715,47.236688,3312.852078,43.0600856017487,76.9355664696
x265,4K,NocturneDance_4k,27,fast,0.233801,116354.41,44.4751,41.609,45.3653,44.351606,2842.985093,43.2513470380601,65.731712136
x265,4K,NocturneDance_4k,27,faster,0.233798,116352.96,44.4751,41.609,45.3653,44.351606,2838.04199025,43.2617239600489,65.601685057
x265,4K,NocturneDance_4k,27,medium,0.233636,116272.33,44.4807,41.6112,45.3641,44.356569,2974.90074442857,43.2948632658983,68.7125566411429
x265,4K,NocturneDance_4k,27,superfast,0.233738,116323.2,44.4222,41.5817,45.3315,44.3015,2752.27859928571,43.7234091207907,62.9474840738571
x265,4K,NocturneDance_4k,27,ultrafast,0.241513,120192.48,44.1384,41.3676,45.1915,44.031044,764.9462045,43.6058794818536,17.5422721337
x265,4K,NocturneDance_4k,27,veryfast,0.233798,116352.96,44.4751,41.609,45.3653,44.351606,2845.0796428,43.3225637325548,65.6720054788
x265,4K,NocturneDance_4k,32,fast,0.128364,63882.25,41.4313,39.4619,43.7517,41.453238,2447.2494358,43.6139604367199,56.1116076434
x265,4K,NocturneDance_4k,32,faster,0.128361,63880.8,41.4313,39.4619,43.7517,41.453238,2442.87399533333,43.6798041664302,55.926853198
x265,4K,NocturneDance_4k,32,medium,0.128146,63773.76,41.4368,39.4614,43.7472,41.457738,2556.3108386,43.6478165051258,58.5667518626
x265,4K,NocturneDance_4k,32,superfast,0.128222,63811.68,41.3846,39.4446,43.7278,41.4098,2377.42527966667,43.9685931659404,54.0709881413333
x265,4K,NocturneDance_4k,32,ultrafast,0.130262,64826.88,41.079,39.2908,43.6617,41.128656,691.471084375,43.8870149637742,15.7557100875
x265,4K,NocturneDance_4k,32,veryfast,0.128361,63880.8,41.4313,39.4619,43.7517,41.453238,2461.5935274,43.9469793660257,56.0128036764
x265,4K,NocturneDance_4k,37,fast,0.068368,34024.32,38.4352,37.9863,42.7081,38.6742,2185.1799044,44.1528153060221,49.4912926674
x265,4K,NocturneDance_4k,37,faster,0.068365,34022.88,38.4352,37.9863,42.7081,38.6742,2180.2704195,44.1045880463452,49.434095546
x265,4K,NocturneDance_4k,37,medium,0.068032,33857.28,38.437,37.9841,42.7116,38.675856,2263.0015615,44.1456460955296,51.2621687901667
x265,4K,NocturneDance_4k,37,superfast,0.068305,33993.12,38.4014,37.978,42.6968,38.6434,2112.55344475,44.1912977261518,47.804738793625
x265,4K,NocturneDance_4k,37,ultrafast,0.068332,34006.56,38.1522,37.8804,42.6696,38.41755,629.196204333333,44.2320336802407,14.2248988342222
x265,4K,NocturneDance_4k,37,veryfast,0.068365,34022.88,38.4352,37.9863,42.7081,38.6742,2182.5602698,44.015684865296,49.5859663772
x265,1080p,OldTownCross_1080p50,22,fast,1.50912,156465.61,40.5276,40.6964,42.0582,40.633813,1381.2066574,39.880497,34.633637
x265,1080p,OldTownCross_1080p50,22,faster,1.509109,156464.41,40.5276,40.6964,42.0582,40.633813,1376.5725865,39.823037,34.567242
x265,1080p,OldTownCross_1080p50,22,medium,1.510073,156564.41,40.5407,40.6961,42.0587,40.645288,1481.18150033333,39.729509,37.281646
x265,1080p,OldTownCross_1080p50,22,superfast,1.506709,156215.61,40.5029,40.6762,42.0394,40.609762,1300.092085,40.145233,32.384719
x265,1080p,OldTownCross_1080p50,22,ultrafast,1.525478,158161.61,40.1557,40.556,41.9008,40.289788,351.62072725,39.85566,8.822354
x265,1080p,OldTownCross_1080p50,22,veryfast,1.509109,156464.41,40.5276,40.6964,42.0582,40.633813,1381.43320025,39.412443,35.050687
x265,1080p,OldTownCross_1080p50,27,fast,0.638252,66174.01,36.9297,38.5931,40.3503,37.24745,1092.455379,41.171948,26.533973
x265,1080p,OldTownCross_1080p50,27,faster,0.638241,66172.8,36.9297,38.5931,40.3503,37.24745,1094.346063,41.275642,26.513121
x265,1080p,OldTownCross_1080p50,27,medium,0.639391,66292.01,36.9352,38.5951,40.3466,37.252156,1174.47600733333,41.374737,28.386307
x265,1080p,OldTownCross_1080p50,27,superfast,0.638468,66196.41,36.8894,38.5789,40.3307,37.210075,1024.640657,41.444276,24.723334
x265,1080p,OldTownCross_1080p50,27,ultrafast,0.675309,70016.0,36.7249,38.5579,40.2689,37.060963,273.2509025,40.92322,6.67716
x265,1080p,OldTownCross_1080p50,27,veryfast,0.638241,66172.8,36.9297,38.5931,40.3503,37.24745,1099.53930785714,41.221785,26.673743
x265,1080p,OldTownCross_1080p50,32,fast,0.298272,30924.8,34.7493,37.8204,39.107,35.2136,807.847456,42.285816,19.104455
x265,1080p,OldTownCross_1080p50,32,faster,0.29826,30923.6,34.7493,37.8204,39.107,35.2136,807.8372512,42.357445,19.071907
x265,1080p,OldTownCross_1080p50,32,medium,0.298113,30908.4,34.7537,37.8153,39.0954,35.216406,859.112596,42.33622,20.292615
x265,1080p,OldTownCross_1080p50,32,superfast,0.298654,30964.4,34.7125,37.8036,39.0817,35.178769,759.3818938,42.426978,17.898562
x265,1080p,OldTownCross_1080p50,32,ultrafast,0.315062,32665.6,34.4359,37.8678,39.1541,34.945281,204.0423366,42.310288,4.822523
x265,1080p,OldTownCross_1080p50,32,veryfast,0.29826,30923.6,34.7493,37.8204,39.107,35.2136,803.75383225,42.294799,19.003609
x265,1080p,OldTownCross_1080p50,37,fast,0.161574,16752.0,32.6555,37.2233,38.1395,33.283738,661.9448266,43.055424,15.37425
x265,1080p,OldTownCross_1080p50,37,faster,0.161562,16750.8,32.6555,37.2233,38.1395,33.283738,662.5801516,43.074132,15.382321
x265,1080p,OldTownCross_1080p50,37,medium,0.161667,16761.6,32.6604,37.2151,38.1284,33.286819,699.59545,43.066265,16.244628
x265,1080p,OldTownCross_1080p50,37,superfast,0.161775,16772.8,32.6288,37.212,38.1056,33.25755,632.7290928,43.201609,14.645961
x265,1080p,OldTownCross_1080p50,37,ultrafast,0.165775,17187.6,32.3274,37.3205,38.2526,33.009794,173.7885196,43.087679,4.033369
x265,1080p,OldTownCross_1080p50,37,veryfast,0.161562,16750.8,32.6555,37.2233,38.1395,33.283738,659.6656085,43.133528,15.29357
x265,270p,ParkJoy_270p,22,fast,2.133519,13825.2,42.4834,42.9756,43.9975,42.608794,90.005537,26.647326814813,3.37765726466667
x265,270p,ParkJoy_270p,22,faster,2.133333,13824.0,42.4834,42.9756,43.9975,42.608794,90.1905853333333,26.6189791388154,3.38820601883333
x265,270p,ParkJoy_270p,22,medium,2.141852,13879.2,42.5178,42.9733,44.0005,42.638937,96.6117642,26.4899478053705,3.6471104024
x265,270p,ParkJoy_270p,22,superfast,2.136667,13845.6,42.4439,42.9454,43.9735,42.570844,83.7143242857143,37.1458481988881,2.25366570814286
x265,270p,ParkJoy_270p,22,ultrafast,2.237531,14499.2,41.4568,42.4892,43.7556,41.665,23.6063739090909,36.4355894251947,0.647893290090909
x265,270p,ParkJoy_270p,22,veryfast,2.133333,13824.0,42.4834,42.9756,43.9975,42.608794,90.3938118333333,26.6104187650577,3.39693308216667
x265,270p,ParkJoy_270p,27,fast,1.449877,9395.2,38.0224,39.1404,41.3683,38.301394,82.315341,26.8825061084902,3.0620411902
x265,270p,ParkJoy_270p,27,faster,1.449691,9394.0,38.0224,39.1404,41.3683,38.301394,81.9280132,26.642550771542,3.0750814328
x265,270p,ParkJoy_270p,27,medium,1.449815,9394.8,38.0575,39.1421,41.3568,38.331494,88.6214873333333,26.729763844385,3.3154609165
x265,270p,ParkJoy_270p,27,superfast,1.447531,9380.0,37.9708,39.104,41.3033,38.249906,75.962566125,37.3913371026099,2.031555221375
x265,270p,ParkJoy_270p,27,ultrafast,1.508642,9776.0,37.0766,38.7899,41.3286,37.449431,20.9247399090909,36.0997464683645,0.579636755272727
x265,270p,ParkJoy_270p,27,veryfast,1.449691,9394.0,38.0224,39.1404,41.3683,38.301394,81.760545,26.656031027261,3.0672437662
x265,270p,ParkJoy_270p,32,fast,0.922037,5974.8,33.7255,36.3644,39.7714,34.2683,72.0669333333333,27.1505370218339,2.65434651533333
x265,270p,ParkJoy_270p,32,faster,0.921852,5973.6,33.7255,36.3644,39.7714,34.2683,71.954772,27.1431289853199,2.6509387344
x265,270p,ParkJoy_270p,32,medium,0.919198,5956.4,33.7461,36.3518,39.7546,34.284487,77.3627376666667,27.2148596885897,2.84266531416667
x265,270p,ParkJoy_270p,32,superfast,0.918827,5954.0,33.6539,36.3211,39.7335,34.200575,66.3028641818182,37.9475990788062,1.74722158427273
x265,270p,ParkJoy_270p,32,ultrafast,0.936543,6068.8,32.8365,36.248,39.9761,33.495944,17.9520870833333,36.7844799750901,0.488034276833333
x265,270p,ParkJoy_270p,32,veryfast,0.921852,5973.6,33.7255,36.3644,39.7714,34.2683,71.7302968,27.0051867152494,2.656167408
x265,270p,ParkJoy_270p,37,fast,0.549321,3559.6,29.8518,34.5713,38.6747,30.6982,60.5866124,27.367018072394,2.2138550952
x265,270p,ParkJoy_270p,37,faster,0.549136,3558.4,29.8518,34.5713,38.6747,30.6982,60.7795688333333,27.4761225939308,2.2120868265
x265,270p,ParkJoy_270p,37,medium,0.550556,3567.6,29.8612,34.5761,38.667,30.706244,65.2489218571429,27.4667725497665,2.37555838564286
x265,270p,ParkJoy_270p,37,superfast,0.549444,3560.4,29.7883,34.5495,38.6473,30.639563,56.2338978461538,38.6970112557256,1.45318452307692
x265,270p,ParkJoy_270p,37,ultrafast,0.553765,3588.4,29.1735,34.6359,39.0611,30.132875,15.0039571333333,37.2555463373923,0.402730830933333
x265,270p,ParkJoy_270p,37,veryfast,0.549136,3558.4,29.8518,34.5713,38.6747,30.6982,60.4046716666667,27.2595790398239,2.21590625366667
x265,1080p,PedestrianArea_1080p25,22,fast,0.349124,18098.6,43.6225,46.7424,48.7718,44.139325,956.6610402,42.065647,22.742098
x265,1080p,PedestrianArea_1080p25,22,faster,0.349113,18098.0,43.6225,46.7424,48.7718,44.139325,950.4711264,42.090238,22.581748
x265,1080p,PedestrianArea_1080p25,22,medium,0.348615,18072.2,43.6264,46.7365,48.7715,44.14235,1005.27536525,41.854477,24.018347
x265,1080p,PedestrianArea_1080p25,22,superfast,0.34983,18135.2,43.5868,46.7118,48.7307,44.103606,907.3505825,42.41824,21.390576
x265,1080p,PedestrianArea_1080p25,22,ultrafast,0.364522,18896.8,43.4554,46.7443,48.7823,43.993887,241.298784,42.04608,5.738913
x265,1080p,PedestrianArea_1080p25,22,veryfast,0.349113,18098.0,43.6225,46.7424,48.7718,44.139325,949.73702475,41.599733,22.830363
x265,1080p,PedestrianArea_1080p25,27,fast,0.161481,8371.2,41.8955,44.767,46.591,42.368438,743.7989744,43.013114,17.292377
x265,1080p,PedestrianArea_1080p25,27,faster,0.16147,8370.6,41.8955,44.767,46.591,42.368438,744.2681632,43.165084,17.242366
x265,1080p,PedestrianArea_1080p25,27,medium,0.161281,8360.8,41.8964,44.7586,46.5922,42.368775,779.099888,42.987039,18.124065
x265,1080p,PedestrianArea_1080p25,27,superfast,0.161184,8355.8,41.8413,44.7346,46.5418,42.315912,714.6585706,43.319324,16.497454
x265,1080p,PedestrianArea_1080p25,27,ultrafast,0.168549,8737.6,41.6678,44.8352,46.6713,42.178481,193.4275438,42.821929,4.517021
x265,1080p,PedestrianArea_1080p25,27,veryfast,0.16147,8370.6,41.8955,44.767,46.591,42.368438,743.3841595,43.042429,17.270962
x265,1080p,PedestrianArea_1080p25,32,fast,0.09711,5034.2,40.1017,43.0738,44.6328,40.57065,632.39233275,43.57461,14.512863
x265,1080p,PedestrianArea_1080p25,32,faster,0.097099,5033.6,40.1017,43.0738,44.6328,40.57065,631.79920975,43.646263,14.475448
x265,1080p,PedestrianArea_1080p25,32,medium,0.096447,4999.8,40.1061,43.0787,44.6376,40.575106,657.696757,43.684189,15.055716
x265,1080p,PedestrianArea_1080p25,32,superfast,0.09684,5020.2,40.0409,43.0555,44.6017,40.514363,612.9874324,43.890005,13.966447
x265,1080p,PedestrianArea_1080p25,32,ultrafast,0.099595,5163.0,39.838,43.1894,44.773,40.3559,171.8991572,43.542364,3.94786
x265,1080p,PedestrianArea_1080p25,32,veryfast,0.097099,5033.6,40.1017,43.0738,44.6328,40.57065,631.77647425,43.578246,14.49752
x265,1080p,PedestrianArea_1080p25,37,fast,0.061686,3197.8,37.9764,41.686,42.9917,38.521706,565.866639,43.937179,12.878993
x265,1080p,PedestrianArea_1080p25,37,faster,0.061674,3197.2,37.9764,41.686,42.9917,38.521706,569.5219795,43.608602,13.059854
x265,1080p,PedestrianArea_1080p25,37,medium,0.061184,3171.8,37.9749,41.6804,42.9912,38.520012,594.141622,43.694758,13.597549
x265,1080p,PedestrianArea_1080p25,37,superfast,0.061609,3193.8,37.9375,41.6754,42.9764,38.48605,552.02380925,44.06836,12.526534
x265,1080p,PedestrianArea_1080p25,37,ultrafast,0.062539,3242.0,37.7678,41.7891,43.109,38.352956,158.74251325,43.645185,3.637114
x265,1080p,PedestrianArea_1080p25,37,veryfast,0.061674,3197.2,37.9764,41.686,42.9917,38.521706,566.933821,43.875568,12.921401
x265,4K,PierSeaSide_4k,22,fast,0.197289,49042.71,45.878,47.7139,45.8498,45.990981,3407.424883,42.4212799571588,80.3234811972
x265,4K,PierSeaSide_4k,22,faster,0.197286,49042.02,45.878,47.7139,45.8498,45.990981,3409.821776,42.4824348871588,80.264273577
x265,4K,PierSeaSide_4k,22,medium,0.196816,48925.09,45.8808,47.7189,45.8525,45.993912,3595.4953974,42.3412368078174,84.9171084378
x265,4K,PierSeaSide_4k,22,superfast,0.197729,49151.99,45.8454,47.6834,45.831,45.959375,3259.279488,42.6707415382403,76.3820681456667
x265,4K,PierSeaSide_4k,22,ultrafast,0.205136,50993.37,45.7171,47.691,45.7925,45.845181,865.676388,42.5767246947289,20.332150822
x265,4K,PierSeaSide_4k,22,veryfast,0.197286,49042.02,45.878,47.7139,45.8498,45.990981,3411.592178,42.5695560749775,80.1415963086667
x265,4K,PierSeaSide_4k,27,fast,0.106618,26503.45,44.1986,45.8447,44.1416,44.297919,2778.199552625,43.1726712459267,64.350883845
x265,4K,PierSeaSide_4k,27,faster,0.106615,26502.75,44.1986,45.8447,44.1416,44.297919,2775.6427482,43.1747117002435,64.2886226426
x265,4K,PierSeaSide_4k,27,medium,0.10651,26476.54,44.2018,45.8406,44.1378,44.300225,2902.04293133333,43.2444128699257,67.1079276775556
x265,4K,PierSeaSide_4k,27,superfast,0.106953,26586.74,44.1472,45.8228,44.1244,44.2505,2661.58314342857,43.2060261295175,61.6021278015714
x265,4K,PierSeaSide_4k,27,ultrafast,0.111698,27766.23,43.9983,45.8809,44.1346,44.124481,712.917751,43.0298855811018,16.56796762
x265,4K,PierSeaSide_4k,27,veryfast,0.106615,26502.75,44.1986,45.8447,44.1416,44.297919,2779.6368544,43.2278131788614,64.3020465296
x265,4K,PierSeaSide_4k,32,fast,0.062673,15579.5,42.1574,44.0186,42.7489,42.310694,2407.4818738,44.0684480515538,54.630511857
x265,4K,PierSeaSide_4k,32,faster,0.06267,15578.8,42.1574,44.0186,42.7489,42.310694,2394.1932234,43.8725362273586,54.571570948
x265,4K,PierSeaSide_4k,32,medium,0.06265,15573.7,42.1626,44.0152,42.7464,42.314875,2493.5063238,43.9398833144668,56.7481325782
x265,4K,PierSeaSide_4k,32,superfast,0.06318,15705.47,42.1091,44.0163,42.7413,42.267812,2298.4549316,43.6892103933455,52.6092119978
x265,4K,PierSeaSide_4k,32,ultrafast,0.065099,16182.47,41.925,44.1544,42.8272,42.120725,642.9782612,43.7609392325228,14.6929721454
x265,4K,PierSeaSide_4k,32,veryfast,0.06267,15578.8,42.1574,44.0186,42.7489,42.310694,2391.3032898,43.8074354321003,54.5866989522
x265,4K,PierSeaSide_4k,37,fast,0.038484,9566.52,39.7565,42.525,41.6058,40.045113,2148.9313425,44.4223493566722,48.3750043305
x265,4K,PierSeaSide_4k,37,faster,0.038481,9565.82,39.7565,42.525,41.6058,40.045113,2149.2005402,44.4719841437823,48.3270666146
x265,4K,PierSeaSide_4k,37,medium,0.038296,9519.66,39.7543,42.5201,41.6071,40.042963,2231.920324,44.4723555244073,50.1866900838
x265,4K,PierSeaSide_4k,37,superfast,0.038845,9656.3,39.7401,42.5155,41.5944,40.029456,2077.19630757143,44.4991603947353,46.6794494355714
x265,4K,PierSeaSide_4k,37,ultrafast,0.039733,9876.94,39.5801,42.6825,41.7341,39.908625,600.3970226,44.2459259919355,13.5695436165
x265,4K,PierSeaSide_4k,37,veryfast,0.038481,9565.82,39.7565,42.525,41.6058,40.045113,2145.1035538,44.3044580002085,48.4173297818
x265,360p,RedKayak_360p,22,fast,1.459986,10081.33,42.192,45.0436,48.9342,42.791612,126.1378978,32.6461719851504,3.8637883136
x265,360p,RedKayak_360p,22,faster,1.459884,10080.63,42.192,45.0436,48.9342,42.791612,126.47314075,32.9715666622343,3.8358244255
x265,360p,RedKayak_360p,22,medium,1.45797,10067.41,42.21,45.0379,48.9192,42.806069,134.7801602,32.9015739950264,4.096465422
x265,360p,RedKayak_360p,22,superfast,1.45807,10068.1,42.1344,44.9396,48.8507,42.729494,118.667115666667,39.287872340512,3.02045156933333
x265,360p,RedKayak_360p,22,ultrafast,1.60251,11065.47,41.152,44.8211,49.1386,41.880481,33.1021613666667,37.3958571510891,0.8851825814
x265,360p,RedKayak_360p,22,veryfast,1.459884,10080.63,42.192,45.0436,48.9342,42.791612,126.7641105,32.2422850763879,3.9316106225
x265,360p,RedKayak_360p,27,fast,0.931079,6429.18,38.0656,42.3007,47.2723,38.905712,111.421772666667,32.9139835019076,3.38524118966667
x265,360p,RedKayak_360p,27,faster,0.930979,6428.49,38.0656,42.3007,47.2723,38.905712,110.845883,32.6102771465923,3.3991088914
x265,360p,RedKayak_360p,27,medium,0.932893,6441.71,38.0792,42.3053,47.2571,38.91695,118.21557875,32.481400292521,3.63948529575
x265,360p,RedKayak_360p,27,superfast,0.931819,6434.29,37.9447,42.2165,46.9923,38.777162,103.589371,39.4578622486427,2.6253163526
x265,360p,RedKayak_360p,27,ultrafast,1.018905,7035.63,36.9537,42.494,47.9214,37.98545,29.2601604615385,38.4798456752796,0.76040223
x265,360p,RedKayak_360p,27,veryfast,0.930979,6428.49,38.0656,42.3007,47.2723,38.905712,111.064465571429,33.1000014840758,3.35542177014286
x265,360p,RedKayak_360p,32,fast,0.543454,3752.6,34.063,40.3385,46.1662,35.211669,95.526672,33.7506750271116,2.83036330157143
x265,360p,RedKayak_360p,32,faster,0.543353,3751.9,34.063,40.3385,46.1662,35.211669,95.165821,33.6473274631398,2.8283322384
x265,360p,RedKayak_360p,32,medium,0.540934,3735.2,34.075,40.3085,46.2337,35.224513,102.3081945,33.7722598646479,3.02935589475
x265,360p,RedKayak_360p,32,superfast,0.541337,3737.98,33.9153,40.2679,45.8035,35.05535,89.6959575,39.5482170175158,2.26801520433333
x265,360p,RedKayak_360p,32,ultrafast,0.568518,3925.67,32.9878,40.8102,46.5235,34.322681,25.1332763076923,38.3254750273774,0.655785121769231
x265,360p,RedKayak_360p,32,veryfast,0.543353,3751.9,34.063,40.3385,46.1662,35.211669,95.4071654,33.4895365022072,2.8488649102
x265,360p,RedKayak_360p,37,fast,0.294793,2035.57,30.5411,39.1098,45.3197,32.000306,81.658177,34.3941725718085,2.374186407
x265,360p,RedKayak_360p,37,faster,0.294691,2034.87,30.5411,39.1098,45.3197,32.000306,81.1999105,34.2500858212348,2.370794366
x265,360p,RedKayak_360p,37,medium,0.294457,2033.25,30.5544,39.0673,45.3484,32.011081,86.4937238,34.4412738950919,2.5113392746
x265,360p,RedKayak_360p,37,superfast,0.292576,2020.26,30.4248,39.0959,45.2263,31.891837,76.70445475,39.8114680210023,1.92669244725
x265,360p,RedKayak_360p,37,ultrafast,0.294523,2033.71,29.8016,39.6071,45.4768,31.394144,21.4695232857143,39.2115820378961,0.547530147214286
x265,360p,RedKayak_360p,37,veryfast,0.294691,2034.87,30.5411,39.1098,45.3197,32.000306,81.292608,34.3781466536066,2.3646594105
x265,1080p,RitualDance_2k,22,fast,0.239525,29770.93,47.1986,48.7157,49.4406,47.433544,720.9245005,42.679027,16.891775
x265,1080p,RitualDance_2k,22,faster,0.239513,29769.51,47.1986,48.7157,49.4406,47.433544,721.6612754,42.407749,17.017203
x265,1080p,RitualDance_2k,22,medium,0.239646,29786.03,47.2052,48.7256,49.4408,47.43995,754.18158675,42.679257,17.670917
x265,1080p,RitualDance_2k,22,superfast,0.23924,29735.53,47.1069,48.6422,49.3224,47.341325,692.4351042,42.958731,16.118612
x265,1080p,RitualDance_2k,22,ultrafast,0.271917,33797.09,46.5855,48.4907,49.1172,46.862806,191.8104586,42.582945,4.504396
x265,1080p,RitualDance_2k,22,veryfast,0.239513,29769.51,47.1986,48.7157,49.4406,47.433544,725.7842136,42.781308,16.964984
x265,1080p,RitualDance_2k,27,fast,0.145764,18117.25,44.7821,46.4746,46.9549,45.023681,634.62822775,43.274017,14.665341
x265,1080p,RitualDance_2k,27,faster,0.145753,18115.83,44.7821,46.4746,46.9549,45.023681,635.27805225,43.33806,14.658664
x265,1080p,RitualDance_2k,27,medium,0.144723,17987.92,44.7888,46.4757,46.9528,45.029481,657.80521625,43.3147,15.186651
x265,1080p,RitualDance_2k,27,superfast,0.144841,18002.55,44.6761,46.4084,46.8689,44.921419,608.3726982,43.376733,14.025323
x265,1080p,RitualDance_2k,27,ultrafast,0.162777,20231.81,44.0886,46.3736,46.8235,44.402344,170.259232,42.906194,3.968174
x265,1080p,RitualDance_2k,27,veryfast,0.145753,18115.83,44.7821,46.4746,46.9549,45.023681,635.2507418,43.44724,14.621199
x265,1080p,RitualDance_2k,32,fast,0.088824,11040.08,42.0105,44.4491,44.736,42.333256,567.913903,43.698427,12.996209
x265,1080p,RitualDance_2k,32,faster,0.088813,11038.66,42.0105,44.4491,44.736,42.333256,567.68099625,43.208808,13.138085
x265,1080p,RitualDance_2k,32,medium,0.089052,11068.4,42.0196,44.4396,44.7279,42.340119,588.4040356,43.57893,13.502031
x265,1080p,RitualDance_2k,32,superfast,0.089283,11097.19,41.9134,44.406,44.6749,42.241781,550.5084542,43.925706,12.532717
x265,1080p,RitualDance_2k,32,ultrafast,0.097505,12119.07,41.3076,44.5101,44.7799,41.724775,157.4026612,43.363287,3.62986
x265,1080p,RitualDance_2k,32,veryfast,0.088813,11038.66,42.0105,44.4491,44.736,42.333256,565.15684775,43.507337,12.98992
x265,1080p,RitualDance_2k,37,fast,0.055994,6959.64,39.1197,42.7778,42.7932,39.577925,520.1975456,44.128609,11.788215
x265,1080p,RitualDance_2k,37,faster,0.055983,6958.22,39.1197,42.7778,42.7932,39.577925,520.73607825,43.483298,11.975542
x265,1080p,RitualDance_2k,37,medium,0.05593,6951.62,39.1269,42.7739,42.7783,39.58305,536.3046208,44.119146,12.155825
x265,1080p,RitualDance_2k,37,superfast,0.055729,6926.6,39.0637,42.8075,42.7543,39.52835,503.24949025,43.760904,11.499979
x265,1080p,RitualDance_2k,37,ultrafast,0.059291,7369.34,38.5263,42.9471,42.9441,39.078713,146.77648,43.49444,3.374603
x265,1080p,RitualDance_2k,37,veryfast,0.055983,6958.22,39.1197,42.7778,42.7932,39.577925,520.7356298,44.012909,11.83143
x265,1080p,Riverbed_1080p25,22,fast,0.794221,41172.4,42.5345,45.0617,46.7996,42.959019,1079.29519525,40.984225,26.334406
x265,1080p,Riverbed_1080p25,22,faster,0.794209,41171.8,42.5345,45.0617,46.7996,42.959019,1082.0013805,41.200038,26.262145
x265,1080p,Riverbed_1080p25,22,medium,0.792604,41088.6,42.5398,45.064,46.8007,42.963869,1137.854036,40.919759,27.806959
x265,1080p,Riverbed_1080p25,22,superfast,0.794406,41182.0,42.507,45.056,46.7954,42.934337,1023.406636,41.394637,24.72317
x265,1080p,Riverbed_1080p25,22,ultrafast,0.796134,41271.6,42.3562,44.9598,46.6971,42.790231,269.5487366,41.279772,6.529802
x265,1080p,Riverbed_1080p25,22,veryfast,0.794209,41171.8,42.5345,45.0617,46.7996,42.959019,1081.8892958,41.281408,26.207665
x265,1080p,Riverbed_1080p25,27,fast,0.417677,21652.4,39.9499,42.5307,44.3386,40.385494,885.7432156,42.368538,20.905683
x265,1080p,Riverbed_1080p25,27,faster,0.417666,21651.8,39.9499,42.5307,44.3386,40.385494,879.9357965,42.15272,20.874947
x265,1080p,Riverbed_1080p25,27,medium,0.417323,21634.0,39.9544,42.5354,44.3403,40.389831,930.65650725,42.044483,22.135045
x265,1080p,Riverbed_1080p25,27,superfast,0.417396,21637.8,39.9106,42.5277,44.3314,40.350469,840.5853968,42.422736,19.814502
x265,1080p,Riverbed_1080p25,27,ultrafast,0.419753,21760.0,39.7824,42.5031,44.3149,40.235725,218.6850482,41.975022,5.209885
x265,1080p,Riverbed_1080p25,27,veryfast,0.417666,21651.8,39.9499,42.5307,44.3386,40.385494,884.6758476,42.244142,20.941977
x265,1080p,Riverbed_1080p25,32,fast,0.236701,12270.6,37.4131,40.7492,42.6524,37.949062,748.9939475,42.834703,17.485681
x265,1080p,Riverbed_1080p25,32,faster,0.23669,12270.0,37.4131,40.7492,42.6524,37.949062,749.3081892,42.854653,17.484874
x265,1080p,Riverbed_1080p25,32,medium,0.236142,12241.6,37.418,40.7627,42.6651,37.954988,792.7975436,43.005646,18.434732
x265,1080p,Riverbed_1080p25,32,superfast,0.236204,12244.8,37.3729,40.7493,42.6572,37.914194,712.96127925,42.745688,16.679139
x265,1080p,Riverbed_1080p25,32,ultrafast,0.23755,12314.6,37.2398,40.7705,42.677,37.800294,190.9611204,42.796412,4.462083
x265,1080p,Riverbed_1080p25,32,veryfast,0.23669,12270.0,37.4131,40.7492,42.6524,37.949062,747.125758,42.727622,17.485779
x265,1080p,Riverbed_1080p25,37,fast,0.136196,7060.4,34.8082,39.4783,41.6235,35.526038,661.9260705,43.231675,15.311136
x265,1080p,Riverbed_1080p25,37,faster,0.136184,7059.8,34.8082,39.4783,41.6235,35.526038,663.76322425,43.137653,15.387096
x265,1080p,Riverbed_1080p25,37,medium,0.135606,7029.8,34.8116,39.4939,41.6272,35.530219,701.993662,43.19006,16.253593
x265,1080p,Riverbed_1080p25,37,superfast,0.136644,7083.6,34.7898,39.486,41.6321,35.510956,634.451037,43.336817,14.640001
x265,1080p,Riverbed_1080p25,37,ultrafast,0.136593,7081.0,34.6757,39.5115,41.6338,35.412819,175.25078725,43.000422,4.07556
x265,1080p,Riverbed_1080p25,37,veryfast,0.136184,7059.8,34.8082,39.4783,41.6235,35.526038,660.773284,43.069456,15.342039
x265,720p,RollerCoaster_720p,22,fast,0.657937,36344.95,44.3173,45.2591,45.1291,44.4269,409.02589975,40.755127450834,10.03618256975
x265,720p,RollerCoaster_720p,22,faster,0.657911,36343.53,44.3173,45.2591,45.1291,44.4269,406.335987142857,40.3716069202956,10.0648950621429
x265,720p,RollerCoaster_720p,22,medium,0.657629,36327.95,44.3261,45.2524,45.1255,44.433956,428.3851822,40.6637009166889,10.5348301444
x265,720p,RollerCoaster_720p,22,superfast,0.65663,36272.73,44.2459,45.1822,45.0649,44.355606,386.859841875,40.9624201190443,9.444262344625
x265,720p,RollerCoaster_720p,22,ultrafast,0.708682,39148.15,43.8078,45.0387,44.9126,43.953781,104.320795428571,39.5718842608588,2.63623523057143
x265,720p,RollerCoaster_720p,22,veryfast,0.657911,36343.53,44.3173,45.2591,45.1291,44.4269,404.29739,40.1565300203069,10.068036003
x265,720p,RollerCoaster_720p,27,fast,0.386139,21330.62,41.0744,42.5762,42.8915,41.281831,352.47859,41.4223077302274,8.50939045442857
x265,720p,RollerCoaster_720p,27,faster,0.386114,21329.21,41.0744,42.5762,42.8915,41.281831,352.917970833333,41.373912634825,8.52996365
x265,720p,RollerCoaster_720p,27,medium,0.385003,21267.85,41.0775,42.5709,42.8876,41.283969,368.421512,41.2710176083985,8.92688218875
x265,720p,RollerCoaster_720p,27,superfast,0.384541,21242.36,40.9791,42.4817,42.8209,41.188125,336.3700128,42.0900354479084,7.9916780592
x265,720p,RollerCoaster_720p,27,ultrafast,0.414233,22882.56,40.6002,42.4529,42.7714,40.851694,92.21958175,41.4122051626885,2.22686962425
x265,720p,RollerCoaster_720p,27,veryfast,0.386114,21329.21,41.0744,42.5762,42.8915,41.281831,353.437469666667,41.4622700115166,8.52431546966667
x265,720p,RollerCoaster_720p,32,fast,0.224633,12408.88,37.987,40.3542,41.1591,38.333206,305.4744986,42.0659190252463,7.2618049404
x265,720p,RollerCoaster_720p,32,faster,0.224607,12407.46,37.987,40.3542,41.1591,38.333206,303.90750175,42.0550695926786,7.22641775875
x265,720p,RollerCoaster_720p,32,medium,0.224112,12380.09,37.99,40.3372,41.1371,38.333394,317.1137758,42.1511512025172,7.5232530252
x265,720p,RollerCoaster_720p,32,superfast,0.225197,12440.03,37.9051,40.2863,41.1104,38.254256,290.0755392,42.4046502639509,6.8406539706
x265,720p,RollerCoaster_720p,32,ultrafast,0.23844,13171.63,37.5426,40.3815,41.1631,37.946312,81.989841625,41.6928447697816,1.96652068425
x265,720p,RollerCoaster_720p,32,veryfast,0.224607,12407.46,37.987,40.3542,41.1591,38.333206,303.783994857143,42.0643781304031,7.22188246585714
x265,720p,RollerCoaster_720p,37,fast,0.135831,7503.38,35.1222,38.612,39.8071,35.633119,268.60649,42.4283816748256,6.330821007
x265,720p,RollerCoaster_720p,37,faster,0.135805,7501.97,35.1222,38.612,39.8071,35.633119,268.440596857143,42.4548386656936,6.322968248
x265,720p,RollerCoaster_720p,37,medium,0.135591,7490.17,35.1264,38.6037,39.8098,35.636444,279.1317194,42.4822735847858,6.5705456852
x265,720p,RollerCoaster_720p,37,superfast,0.135796,7501.5,35.0783,38.5815,39.7926,35.591894,257.8954094,42.8820456485133,6.0140649892
x265,720p,RollerCoaster_720p,37,ultrafast,0.14182,7834.26,34.7512,38.7454,39.9123,35.323406,74.4689322222222,42.4449464114198,1.75448288944444
x265,720p,RollerCoaster_720p,37,veryfast,0.135805,7501.97,35.1222,38.612,39.8071,35.633119,268.4547696,42.3807032701093,6.334363257
x265,1080p,RushFieldCuts_2k,22,fast,1.138897,70777.63,44.3308,46.2895,47.1234,44.627756,1101.2548226,41.315488,26.65477
x265,1080p,RushFieldCuts_2k,22,faster,1.138886,70776.95,44.3308,46.2895,47.1234,44.627756,1101.7602534,41.246445,26.711641
x265,1080p,RushFieldCuts_2k,22,medium,1.142936,71028.66,44.371,46.2944,47.1231,44.663219,1161.07556966667,41.072293,28.269071
x265,1080p,RushFieldCuts_2k,22,superfast,1.137777,70708.03,44.331,46.2759,47.1063,44.626013,1039.41477375,41.411976,25.099376
x265,1080p,RushFieldCuts_2k,22,ultrafast,1.202181,74710.5,42.3049,44.9868,46.0624,42.707363,284.0770804,40.999083,6.928864
x265,1080p,RushFieldCuts_2k,22,veryfast,1.138886,70776.95,44.3308,46.2895,47.1234,44.627756,1097.6871074,41.269865,26.597788
x265,1080p,RushFieldCuts_2k,27,fast,0.72172,44851.87,39.8892,42.5568,43.6945,40.293756,964.5338925,41.532034,23.223854
x265,1080p,RushFieldCuts_2k,27,faster,0.721709,44851.17,39.8892,42.5568,43.6945,40.293756,970.0393502,41.86673,23.169694
x265,1080p,RushFieldCuts_2k,27,medium,0.722004,44869.5,39.915,42.5519,43.6954,40.316081,1021.937127,41.730069,24.489227
x265,1080p,RushFieldCuts_2k,27,superfast,0.722097,44875.3,39.8583,42.5434,43.6764,40.26475,914.19143075,42.055387,21.737796
x265,1080p,RushFieldCuts_2k,27,ultrafast,0.727279,45197.31,38.6563,42.1793,43.4107,39.173638,242.719105,41.657319,5.826566
x265,1080p,RushFieldCuts_2k,27,veryfast,0.721709,44851.17,39.8892,42.5568,43.6945,40.293756,961.25937975,41.613633,23.099627
x265,1080p,RushFieldCuts_2k,32,fast,0.409875,25471.98,36.0232,40.0185,41.3185,36.603862,825.0502198,42.557166,19.386869
x265,1080p,RushFieldCuts_2k,32,faster,0.409863,25471.28,36.0232,40.0185,41.3185,36.603862,825.99736,42.506813,19.432117
x265,1080p,RushFieldCuts_2k,32,medium,0.409389,25441.82,36.0384,40.0034,41.3021,36.615194,873.534373,42.447794,20.579029
x265,1080p,RushFieldCuts_2k,32,superfast,0.409931,25475.46,35.9713,39.994,41.2859,36.554881,784.61421775,42.656823,18.393639
x265,1080p,RushFieldCuts_2k,32,ultrafast,0.428395,26622.93,35.3991,40.0932,41.4619,36.071406,214.651147,42.653171,5.032478
x265,1080p,RushFieldCuts_2k,32,veryfast,0.409863,25471.28,36.0232,40.0185,41.3185,36.603862,822.38897775,42.502679,19.349109
x265,1080p,RushFieldCuts_2k,37,fast,0.240833,14966.78,32.9564,38.1924,39.6164,33.6999,713.103613,42.874067,16.632516
x265,1080p,RushFieldCuts_2k,37,faster,0.240822,14966.09,32.9564,38.1924,39.6164,33.6999,712.5171212,43.043002,16.553611
x265,1080p,RushFieldCuts_2k,37,medium,0.240707,14958.9,32.9661,38.1744,39.5919,33.705731,749.86307075,42.983703,17.445288
x265,1080p,RushFieldCuts_2k,37,superfast,0.241405,15002.28,32.9172,38.183,39.5999,33.663981,683.2406702,43.105996,15.850247
x265,1080p,RushFieldCuts_2k,37,ultrafast,0.251536,15631.93,32.3954,38.4376,39.9397,33.244556,190.9594232,42.977278,4.443265
x265,1080p,RushFieldCuts_2k,37,veryfast,0.240822,14966.09,32.9564,38.1924,39.6164,33.6999,715.4220578,43.016663,16.631278
x265,1080p,Skater227_2k,22,fast,0.109869,6834.72,49.0037,54.5417,54.8057,49.71245,652.08170475,43.604565,14.954437
x265,1080p,Skater227_2k,22,faster,0.109857,6834.0,49.0037,54.5417,54.8057,49.71245,651.8375402,43.556365,14.96538
x265,1080p,Skater227_2k,22,medium,0.109525,6813.36,49.0165,54.5646,54.8361,49.726981,682.56565075,43.494082,15.693299
x265,1080p,Skater227_2k,22,superfast,0.110058,6846.48,48.8917,54.4725,54.7441,49.606275,630.24640325,43.302013,14.554668
x265,1080p,Skater227_2k,22,ultrafast,0.112006,6967.68,48.7585,54.5325,54.8409,49.499525,172.2878162,43.243924,3.984093
x265,1080p,Skater227_2k,22,veryfast,0.109857,6834.0,49.0037,54.5417,54.8057,49.71245,649.014574,43.49696,14.920918
x265,1080p,Skater227_2k,27,fast,0.067141,4176.72,47.3167,52.3195,52.7309,47.967762,582.0789792,43.613507,13.346301
x265,1080p,Skater227_2k,27,faster,0.06713,4176.0,47.3167,52.3195,52.7309,47.967762,584.0386815,43.686744,13.368785
x265,1080p,Skater227_2k,27,medium,0.066948,4164.72,47.3317,52.3107,52.7278,47.980144,610.4410034,43.669988,13.978502
x265,1080p,Skater227_2k,27,superfast,0.067419,4194.0,47.2352,52.2992,52.732,47.89525,570.0839656,44.019452,12.950728
x265,1080p,Skater227_2k,27,ultrafast,0.068511,4261.92,47.1209,52.3518,52.847,47.805712,159.94734475,43.677028,3.662047
x265,1080p,Skater227_2k,27,veryfast,0.06713,4176.0,47.3167,52.3195,52.7309,47.967762,585.6422752,43.963683,13.321047
x265,1080p,Skater227_2k,32,fast,0.043727,2720.16,45.3175,50.0808,50.6398,45.94785,525.98231125,44.028225,11.94648
x265,1080p,Skater227_2k,32,faster,0.043715,2719.44,45.3175,50.0808,50.6398,45.94785,526.7519596,43.998253,11.972111
x265,1080p,Skater227_2k,32,medium,0.043395,2699.52,45.3297,50.088,50.6253,45.958069,545.3611646,44.035207,12.384662
x265,1080p,Skater227_2k,32,superfast,0.043981,2736.0,45.2861,50.1158,50.6242,45.921588,513.42397825,43.953786,11.680996
x265,1080p,Skater227_2k,32,ultrafast,0.044433,2764.08,45.1832,50.1452,50.6928,45.837675,151.0688764,43.32562,3.486825
x265,1080p,Skater227_2k,32,veryfast,0.043715,2719.44,45.3175,50.0808,50.6398,45.94785,526.9499694,44.045701,11.96371
x265,1080p,Skater227_2k,37,fast,0.03054,1899.84,43.0915,47.9109,48.1135,43.706588,480.0999672,44.005361,10.910034
x265,1080p,Skater227_2k,37,faster,0.030529,1899.12,43.0915,47.9109,48.1135,43.706588,481.4959295,44.0649,10.926972
x265,1080p,Skater227_2k,37,medium,0.030251,1881.84,43.0981,47.9486,48.1252,43.71545,493.663196,44.006483,11.217965
x265,1080p,Skater227_2k,37,superfast,0.030984,1927.44,43.0996,47.948,48.1912,43.72085,469.9599416,44.086596,10.659928
x265,1080p,Skater227_2k,37,ultrafast,0.030945,1925.04,43.0294,47.9434,48.1797,43.658419,141.4562786,43.505599,3.25145
x265,1080p,Skater227_2k,37,veryfast,0.030529,1899.12,43.0915,47.9109,48.1135,43.706588,482.8006074,44.110202,10.945328
x265,360p,SnowMountain_360p,22,fast,2.00438,13840.42,42.8175,45.7015,46.5585,43.231563,119.118274,32.1119266582264,3.7094714144
x265,360p,SnowMountain_360p,22,faster,2.00428,13839.73,42.8175,45.7015,46.5585,43.231563,118.909205,31.9233693983217,3.7248325362
x265,360p,SnowMountain_360p,22,medium,2.004212,13839.26,42.8532,45.7006,46.5633,43.263044,126.7103202,31.7572366361463,3.9899668114
x265,360p,SnowMountain_360p,22,superfast,2.00774,13863.62,42.7661,45.559,46.4582,43.171413,111.355275166667,39.0567702653424,2.851113249
x265,360p,SnowMountain_360p,22,ultrafast,2.154801,14879.09,41.6252,45.3913,46.3295,42.1546,32.1820241818182,37.6717603694562,0.854274498090909
x265,360p,SnowMountain_360p,22,veryfast,2.00428,13839.73,42.8175,45.7015,46.5585,43.231563,118.880117333333,31.9555710035026,3.72016877183333
x265,360p,SnowMountain_360p,27,fast,1.453938,10039.57,38.1856,43.3158,44.5011,38.900956,107.525518,31.4469707846176,3.4192647278
x265,360p,SnowMountain_360p,27,faster,1.453837,10038.87,38.1856,43.3158,44.5011,38.900956,107.9930222,31.7369345216275,3.4027553016
x265,360p,SnowMountain_360p,27,medium,1.456122,10054.65,38.2205,43.3053,44.4813,38.9296,115.1477032,31.9882975427224,3.5996821352
x265,360p,SnowMountain_360p,27,superfast,1.450713,10017.3,38.0893,43.1908,44.3587,38.799981,100.819786,39.0630138455284,2.5809525706
x265,360p,SnowMountain_360p,27,ultrafast,1.555001,10737.42,37.0783,43.3195,44.6433,37.941187,28.9434988333333,37.8783651512458,0.76411689675
x265,360p,SnowMountain_360p,27,veryfast,1.453837,10038.87,38.1856,43.3158,44.5011,38.900956,108.2329744,32.1873518625128,3.3625933212
x265,360p,SnowMountain_360p,32,fast,0.982519,6784.38,33.6715,41.7348,43.1337,34.766844,96.5349822,32.2266436896936,2.995502204
x265,360p,SnowMountain_360p,32,faster,0.982418,6783.68,33.6715,41.7348,43.1337,34.766844,96.599191,32.4316150447205,2.9785501236
x265,360p,SnowMountain_360p,32,medium,0.98272,6785.77,33.6939,41.6989,43.106,34.782469,103.5132235,32.4851293810439,3.1864802595
x265,360p,SnowMountain_360p,32,superfast,0.984836,6800.38,33.5384,41.5849,42.8433,34.622863,90.5861116666667,39.4098106348244,2.29856754466667
x265,360p,SnowMountain_360p,32,ultrafast,1.038628,7171.82,32.5939,42.0073,43.5299,33.865737,25.7086185833333,38.2833646193761,0.671534982333333
x265,360p,SnowMountain_360p,32,veryfast,0.982418,6783.68,33.6715,41.7348,43.1337,34.766844,96.8789754,32.093011732826,3.0186937956
x265,360p,SnowMountain_360p,37,fast,0.60961,4209.41,29.5654,40.5992,42.439,31.059613,86.1858755,33.4712228590369,2.574924611
x265,360p,SnowMountain_360p,37,faster,0.609509,4208.71,29.5654,40.5992,42.439,31.059613,86.0463903333333,33.562613940745,2.56375711633333
x265,360p,SnowMountain_360p,37,medium,0.60803,4198.5,29.5825,40.5991,42.4399,31.074625,91.755669625,33.1206931018517,2.770342678
x265,360p,SnowMountain_360p,37,superfast,0.607762,4196.65,29.3931,40.2417,41.9287,30.854612,80.5717052,39.4528116464581,2.0422297382
x265,360p,SnowMountain_360p,37,ultrafast,0.629332,4345.59,28.6466,40.9602,42.7074,30.295,22.6676411666667,38.7693312035316,0.584679705916667
x265,360p,SnowMountain_360p,37,veryfast,0.609509,4208.71,29.5654,40.5992,42.439,31.059613,85.9920893333333,32.9781080113995,2.60755072133333
x265,270p,SparksElevator_270p,22,fast,1.521377,11818.41,41.5413,47.2511,45.6466,42.154744,74.3162508571429,27.3369186117882,2.71853064028571
x265,270p,SparksElevator_270p,22,faster,1.521194,11816.99,41.5413,47.2511,45.6466,42.154744,73.5935738,27.1447210523473,2.7111560166
x265,270p,SparksElevator_270p,22,medium,1.523989,11838.7,41.5512,47.2495,45.6316,42.162369,78.9837,27.1928749247968,2.90457335675
x265,270p,SparksElevator_270p,22,superfast,1.524719,11844.37,41.5154,47.15,45.5672,42.1208,69.1850141666667,38.5460335242995,1.79486727533333
x265,270p,SparksElevator_270p,22,ultrafast,1.634877,12700.1,40.8658,47.0923,45.3315,41.534063,18.923951125,37.2037450791884,0.5086571549375
x265,270p,SparksElevator_270p,22,veryfast,1.521194,11816.99,41.5413,47.2511,45.6466,42.154744,74.4624196,27.33569514665,2.7239994886
x265,270p,SparksElevator_270p,27,fast,0.938807,7292.87,37.7529,44.9852,43.2324,38.547387,64.49273,27.4654621330209,2.3481392626
x265,270p,SparksElevator_270p,27,faster,0.938625,7291.46,37.7529,44.9852,43.2324,38.547387,64.3971496,27.4256804125448,2.3480602352
x265,270p,SparksElevator_270p,27,medium,0.938078,7287.21,37.7633,44.9666,43.229,38.555112,68.873701,27.307874093192,2.52211874
x265,270p,SparksElevator_270p,27,superfast,0.939171,7295.7,37.6935,44.9395,43.162,38.488156,59.7034978,38.3935883044839,1.5550382352
x265,270p,SparksElevator_270p,27,ultrafast,0.995314,7731.83,37.1099,45.1766,43.143,37.991138,16.1339022,37.8110420051415,0.426698163933333
x265,270p,SparksElevator_270p,27,veryfast,0.938625,7291.46,37.7529,44.9852,43.2324,38.547387,64.499794,27.4932452013757,2.346023306
x265,270p,SparksElevator_270p,32,fast,0.565799,4395.26,34.5162,43.2563,41.3077,35.486925,54.2128008,27.1281949259472,1.9983932196
x265,270p,SparksElevator_270p,32,faster,0.565618,4393.85,34.5162,43.2563,41.3077,35.486925,54.2338903333333,27.0464341886504,2.00521406833333
x265,270p,SparksElevator_270p,32,medium,0.564099,4382.05,34.5179,43.2186,41.2876,35.4848,57.907603,27.0274510107756,2.1425477
x265,270p,SparksElevator_270p,32,superfast,0.563552,4377.8,34.4473,43.1722,41.2572,35.418225,50.6750968333333,38.8473901480147,1.30446592783333
x265,270p,SparksElevator_270p,32,ultrafast,0.584697,4542.06,33.9168,43.6306,41.4232,34.993063,13.65439128,38.0263817127856,0.35907679524
x265,270p,SparksElevator_270p,32,veryfast,0.565618,4393.85,34.5162,43.2563,41.3077,35.486925,54.394468,27.1712972001205,2.00190913225
x265,270p,SparksElevator_270p,37,fast,0.360673,2801.79,31.7506,41.8176,39.7676,32.88085,46.8773822857143,27.8908875820876,1.6807418605
x265,270p,SparksElevator_270p,37,faster,0.360491,2800.38,31.7506,41.8176,39.7676,32.88085,46.5925926,27.5893663849006,1.6887880624
x265,270p,SparksElevator_270p,37,medium,0.358729,2786.69,31.7535,41.7605,39.7753,32.8803,49.2715292,27.3505543945514,1.8014819184
x265,270p,SparksElevator_270p,37,superfast,0.357999,2781.02,31.6977,41.749,39.72,32.8273,43.8841886153846,39.8679581099753,1.10073830453846
x265,270p,SparksElevator_270p,37,ultrafast,0.364745,2833.42,31.2555,42.2821,40.0366,32.493481,11.832438375,38.4958330066955,0.307369329375
x265,270p,SparksElevator_270p,37,veryfast,0.360491,2800.38,31.7506,41.8176,39.7676,32.88085,46.6682032,27.6941655905851,1.6851276146
x265,360p,SpeedBag_360p,22,fast,0.435738,3008.81,45.9334,47.9638,49.4294,46.2788,85.4410145,33.5040408363544,2.55017043816667
x265,360p,SpeedBag_360p,22,faster,0.435637,3008.11,45.9334,47.9638,49.4294,46.2788,86.0816076666667,33.5563007299154,2.565288956
x265,360p,SpeedBag_360p,22,medium,0.43305,2990.25,45.9395,47.9584,49.4294,46.2838,89.4182283333333,33.3046527694708,2.68485694633333
x265,360p,SpeedBag_360p,22,superfast,0.43231,2985.14,45.8515,47.89,49.3391,46.196881,81.56995025,41.3256595937575,1.97383299025
x265,360p,SpeedBag_360p,22,ultrafast,0.503808,3478.84,45.0378,47.8252,49.33,45.480275,22.64377925,39.5558823636572,0.5724503638125
x265,360p,SpeedBag_360p,22,veryfast,0.435637,3008.11,45.9334,47.9638,49.4294,46.2788,86.2418345,33.6811095102975,2.56054018866667
x265,360p,SpeedBag_360p,27,fast,0.290156,2003.55,43.2473,45.5365,47.3463,43.646563,73.8183658,34.4077881866451,2.1453970072
x265,360p,SpeedBag_360p,27,faster,0.290056,2002.86,43.2473,45.5365,47.3463,43.646563,73.9982176,34.4960368927003,2.1451222884
x265,360p,SpeedBag_360p,27,medium,0.288073,1989.17,43.2548,45.5406,47.363,43.654425,76.8395958333333,34.1042240136949,2.25308148933333
x265,360p,SpeedBag_360p,27,superfast,0.289148,1996.59,43.1374,45.4882,47.3041,43.544744,70.5825578,41.1646152189504,1.7146415052
x265,360p,SpeedBag_360p,27,ultrafast,0.320697,2214.44,42.1138,45.6465,47.4389,42.667413,20.2285411333333,40.0105053631483,0.5055807456
x265,360p,SpeedBag_360p,27,veryfast,0.290056,2002.86,43.2473,45.5365,47.3463,43.646563,74.2472826,34.8534956062425,2.1302678916
x265,360p,SpeedBag_360p,32,fast,0.199776,1379.47,40.2246,43.4425,45.4918,40.754919,65.5425831428571,35.6273030225492,1.83967287957143
x265,360p,SpeedBag_360p,32,faster,0.199676,1378.78,40.2246,43.4425,45.4918,40.754919,65.5770558461539,35.6518364440526,1.83937385523077
x265,360p,SpeedBag_360p,32,medium,0.199877,1380.17,40.2344,43.4451,45.4354,40.760131,67.489024,35.5239543773955,1.8998173256
x265,360p,SpeedBag_360p,32,superfast,0.198668,1371.82,40.1283,43.4084,45.3747,40.661206,62.759970875,41.5182606811415,1.51162331575
x265,360p,SpeedBag_360p,32,ultrafast,0.210763,1455.34,39.2692,43.618,45.6184,39.937825,18.4029476666667,40.0040824235471,0.460026741066667
x265,360p,SpeedBag_360p,32,veryfast,0.199676,1378.78,40.2246,43.4425,45.4918,40.754919,65.4779816666667,35.6506714543554,1.83665493511111
x265,360p,SpeedBag_360p,37,fast,0.148808,1027.53,37.3904,41.9641,44.0101,38.089987,59.4950433571429,36.4074485586696,1.63414481685714
x265,360p,SpeedBag_360p,37,faster,0.148706,1026.83,37.3904,41.9641,44.0101,38.089987,59.2537749166667,36.3302467243226,1.63097639733333
x265,360p,SpeedBag_360p,37,medium,0.14911,1029.62,37.4,41.9499,44.041,38.099431,60.9182759166667,36.0204122104292,1.691215402
x265,360p,SpeedBag_360p,37,superfast,0.148841,1027.76,37.3223,41.8958,43.8737,38.017606,56.657102,41.4990125261692,1.36526385933333
x265,360p,SpeedBag_360p,37,ultrafast,0.154687,1068.13,36.6835,42.0884,44.1451,37.487656,16.9999171428571,40.7069552469011,0.417617015071429
x265,360p,SpeedBag_360p,37,veryfast,0.148706,1026.83,37.3904,41.9641,44.0101,38.089987,59.0365127,36.526384663725,1.6162703548
x265,360p,Stockholm_360p,22,fast,1.763396,24352.84,41.3735,43.8453,43.7099,41.674012,136.301775,31.9809279004212,4.2619706165
x265,360p,Stockholm_360p,22,faster,1.763294,24351.43,41.3735,43.8453,43.7099,41.674012,137.2416772,32.2636289739092,4.2537582276
x265,360p,Stockholm_360p,22,medium,1.766028,24389.18,41.3891,43.8493,43.7087,41.687838,144.863338,31.9575892767841,4.53298703933333
x265,360p,Stockholm_360p,22,superfast,1.763396,24352.84,41.3469,43.8028,43.6665,41.645369,127.0765304,38.2828881746664,3.319408134
x265,360p,Stockholm_360p,22,ultrafast,1.954723,26995.1,40.6159,43.5579,43.4666,40.977944,36.0450455384615,36.6278947119901,0.984087287076923
x265,360p,Stockholm_360p,22,veryfast,1.763294,24351.43,41.3735,43.8453,43.7099,41.674012,137.097237444444,32.0788159518584,4.27376239977778
x265,360p,Stockholm_360p,27,fast,1.093788,15105.42,37.5098,41.0651,40.9786,37.948806,117.22287475,31.4318142943238,3.72943393125
x265,360p,Stockholm_360p,27,faster,1.093685,15104.0,37.5098,41.0651,40.9786,37.948806,117.036346,31.4544443442409,3.7208206484
x265,360p,Stockholm_360p,27,medium,1.093651,15103.53,37.5168,41.0528,40.9749,37.953931,124.8072122,31.4448235544194,3.9690861036
x265,360p,Stockholm_360p,27,superfast,1.089721,15049.25,37.4354,41.0093,40.9322,37.877319,109.722537833333,38.9117529606697,2.81977884533333
x265,360p,Stockholm_360p,27,ultrafast,1.211564,16731.93,36.6571,40.9842,40.946,37.1956,30.826211,37.4417361788111,0.823311473933333
x265,360p,Stockholm_360p,27,veryfast,1.093685,15104.0,37.5098,41.0651,40.9786,37.948806,116.928839,31.7318117614697,3.684909008
x265,360p,Stockholm_360p,32,fast,0.654024,9032.19,33.8724,39.0399,38.968,34.513844,100.162097,31.9725163287486,3.132756145
x265,360p,Stockholm_360p,32,faster,0.653921,9030.78,33.8724,39.0399,38.968,34.513844,100.134815,32.0476988955014,3.124555536
x265,360p,Stockholm_360p,32,medium,0.654399,9037.38,33.8759,39.025,38.9621,34.515606,106.3411584,31.9964053093976,3.3235345462
x265,360p,Stockholm_360p,32,superfast,0.65457,9039.74,33.7905,39.0099,38.8937,34.435662,94.1312693333333,39.5665760536292,2.37906027566667
x265,360p,Stockholm_360p,32,ultrafast,0.705324,9740.66,32.9956,39.1802,39.0886,33.76295,26.5787589583333,38.8335676980369,0.684427430541667
x265,360p,Stockholm_360p,32,veryfast,0.653921,9030.78,33.8724,39.0399,38.968,34.513844,99.8655522,31.8338103755201,3.1370907542
x265,360p,Stockholm_360p,37,fast,0.384225,5306.22,30.5747,37.6975,37.5651,31.456775,84.4209016,32.4271468313508,2.6034020828
x265,360p,Stockholm_360p,37,faster,0.384123,5304.81,30.5747,37.6975,37.5651,31.456775,84.80776625,32.6410778229069,2.598191356
x265,360p,Stockholm_360p,37,medium,0.381833,5273.18,30.5816,37.6668,37.5324,31.45885,89.6947044,32.5915171952282,2.7520874178
x265,360p,Stockholm_360p,37,superfast,0.381901,5274.13,30.5221,37.6593,37.4954,31.404006,79.9362576666667,39.9939131957937,1.99871058566667
x265,360p,Stockholm_360p,37,ultrafast,0.395094,5456.32,29.8584,37.9293,37.8258,30.860794,22.6106466785714,38.6353782043682,0.585231664071429
x265,360p,Stockholm_360p,37,veryfast,0.384123,5304.81,30.5747,37.6975,37.5651,31.456775,84.8528102,32.4809484846782,2.612387081
x265,4K,Tango_4k,22,fast,0.38639,192100.22,41.9514,48.8695,47.6113,42.737525,4144.52858385714,41.7544296683524,99.2596142918572
x265,4K,Tango_4k,22,faster,0.386387,192098.81,41.9514,48.8695,47.6113,42.737525,4148.299154,41.7032049096997,99.4719509683333
x265,4K,Tango_4k,22,medium,0.386117,191964.77,41.9535,48.8648,47.6062,42.73875,4471.838497375,41.6743340619122,107.304378055125
x265,4K,Tango_4k,22,superfast,0.385884,191848.66,41.9379,48.8111,47.5514,42.718319,3904.31892325,41.9279971407479,93.119614327
x265,4K,Tango_4k,22,ultrafast,0.393674,195721.42,41.8853,48.9071,47.6588,42.685006,1030.554416,41.9997157501468,24.5371759687778
x265,4K,Tango_4k,22,veryfast,0.386387,192098.81,41.9514,48.8695,47.6113,42.737525,4155.0262284,41.767189014492,99.4806288486
x265,4K,Tango_4k,27,fast,0.125645,62466.37,40.3413,47.6918,46.0136,41.155225,3135.80739,43.1546480797743,72.6644180762
x265,4K,Tango_4k,27,faster,0.125642,62464.95,40.3413,47.6918,46.0136,41.155225,3132.1356584,43.2606842197655,72.4014359664
x265,4K,Tango_4k,27,medium,0.125058,62174.68,40.344,47.7,46.0251,41.158819,3362.7715796,43.3336975884328,77.601768756
x265,4K,Tango_4k,27,superfast,0.125394,62341.76,40.3228,47.6872,46.0002,41.137912,2947.30947142857,43.2775023793057,68.1025777688572
x265,4K,Tango_4k,27,ultrafast,0.127154,63216.85,40.2881,47.7293,46.0278,41.111906,774.560284181818,43.5422052982367,17.7887242705455
x265,4K,Tango_4k,27,veryfast,0.125642,62464.95,40.3413,47.6918,46.0136,41.155225,3116.3827082,43.0467445142053,72.3953168438
x265,4K,Tango_4k,32,fast,0.063445,31542.82,39.4054,46.3623,44.4371,40.154688,2555.26920025,44.0125217885431,58.057777569
x265,4K,Tango_4k,32,faster,0.063442,31541.4,39.4054,46.3623,44.4371,40.154688,2532.4118766,43.7931807546689,57.8266258116
x265,4K,Tango_4k,32,medium,0.063316,31478.62,39.4101,46.3673,44.4441,40.15955,2696.2176336,43.9577387932,61.3365861762
x265,4K,Tango_4k,32,superfast,0.063718,31678.28,39.3899,46.3662,44.4375,40.141394,2449.989935,43.9585966050975,55.7340343917143
x265,4K,Tango_4k,32,ultrafast,0.064647,32140.37,39.3442,46.3969,44.4555,40.10445,652.048677666667,44.2708988431886,14.7286071596667
x265,4K,Tango_4k,32,veryfast,0.063442,31541.4,39.4054,46.3623,44.4371,40.154688,2536.75966271429,43.8088446582515,57.9051943164286
x265,4K,Tango_4k,37,fast,0.038213,18998.0,38.2195,45.1105,43.1052,38.955544,2249.6185878,44.1612135320022,50.9410500273
x265,4K,Tango_4k,37,faster,0.03821,18996.58,38.2195,45.1105,43.1052,38.955544,2258.992276,44.4264908709741,50.8478664804
x265,4K,Tango_4k,37,medium,0.038108,18946.08,38.2247,45.1222,43.1025,38.960656,2343.8061092,44.0593318302461,53.1965876884
x265,4K,Tango_4k,37,superfast,0.038522,19151.87,38.21,45.1352,43.1155,38.949419,2202.44210516667,44.5069175494371,49.4853884841667
x265,4K,Tango_4k,37,ultrafast,0.038897,19338.31,38.1581,45.1517,43.1149,38.905,608.481091363636,44.6945112526204,13.6142240805455
x265,4K,Tango_4k,37,veryfast,0.03821,18996.58,38.2195,45.1105,43.1052,38.955544,2253.38259833333,44.3071157641906,50.8582551463333
x265,4K,TimeLapse_4k,22,fast,0.5206,258824.98,44.3855,47.976,49.2342,44.91295,3503.8091944,42.3230414129172,82.7872732542
x265,4K,TimeLapse_4k,22,faster,0.520597,258823.58,44.3855,47.976,49.2342,44.91295,3503.1119304,42.3534021089886,82.7114648638
x265,4K,TimeLapse_4k,22,medium,0.520061,258556.91,44.3916,47.9727,49.2309,44.917875,3689.82886133333,42.3033286505264,87.2231330025
x265,4K,TimeLapse_4k,22,superfast,0.520907,258977.45,44.3549,47.943,49.1747,44.880394,3341.84635416667,42.4564820636146,78.71227647075
x265,4K,TimeLapse_4k,22,ultrafast,0.538707,267827.44,44.104,47.9635,49.2402,44.666231,890.000518363636,42.1653664383061,21.1073825165455
x265,4K,TimeLapse_4k,22,veryfast,0.520597,258823.58,44.3855,47.976,49.2342,44.91295,3499.2123554,42.2151660667823,82.8899346236
x265,4K,TimeLapse_4k,27,fast,0.284991,141688.27,41.7916,45.5064,47.0631,42.353244,2943.1841524,43.1041197879946,68.2808085834
x265,4K,TimeLapse_4k,27,faster,0.284989,141686.86,41.7916,45.5064,47.0631,42.353244,2946.1936416,43.1519716760274,68.2748325782
x265,4K,TimeLapse_4k,27,medium,0.284741,141563.66,41.7963,45.5018,47.0548,42.35655,3099.8833728,43.2878442291819,71.6109436263
x265,4K,TimeLapse_4k,27,superfast,0.285048,141716.59,41.7486,45.4815,47.0332,42.312194,2826.10732833333,43.3745169226007,65.1559378373333
x265,4K,TimeLapse_4k,27,ultrafast,0.297357,147836.06,41.5425,45.6444,47.2812,42.157537,759.2269138,43.0315779451087,17.6434829968
x265,4K,TimeLapse_4k,27,veryfast,0.284989,141686.86,41.7916,45.5064,47.0631,42.353244,2949.256451,43.1508939430024,68.3475168532
x265,4K,TimeLapse_4k,32,fast,0.158005,78554.96,39.1579,43.4752,45.1316,39.801088,2543.0184412,43.7447312383073,58.133136705
x265,4K,TimeLapse_4k,32,faster,0.158002,78553.55,39.1579,43.4752,45.1316,39.801088,2544.56056325,43.7103056228418,58.21420205125
x265,4K,TimeLapse_4k,32,medium,0.157525,78316.13,39.161,43.4704,45.119,39.802713,2655.05219569231,43.6531308282556,60.8215755735385
x265,4K,TimeLapse_4k,32,superfast,0.158111,78607.35,39.1145,43.4609,45.1139,39.761112,2448.6708432,43.8258841401629,55.8727083604
x265,4K,TimeLapse_4k,32,ultrafast,0.164118,81594.17,38.8999,43.7221,45.4789,39.612475,682.480919166667,43.7443441244088,15.6015807946667
x265,4K,TimeLapse_4k,32,veryfast,0.158002,78553.55,39.1579,43.4752,45.1316,39.801088,2547.9900185,43.7782966562095,58.2021278376667
x265,4K,TimeLapse_4k,37,fast,0.085991,42751.88,36.5056,41.9883,43.6858,37.297031,2272.899558,43.937968260743,51.7297373540769
x265,4K,TimeLapse_4k,37,faster,0.085988,42750.46,36.5056,41.9883,43.6858,37.297031,2280.0167218,44.106801313363,51.6930870956
x265,4K,TimeLapse_4k,37,medium,0.085963,42737.71,36.5069,42.0001,43.6856,37.298894,2358.0084902,43.9509413673745,53.6509211598
x265,4K,TimeLapse_4k,37,superfast,0.086625,43067.17,36.4864,41.9736,43.671,37.278388,2198.19299066667,44.2449795245222,49.6823145651667
x265,4K,TimeLapse_4k,37,ultrafast,0.088646,44072.05,36.303,42.2687,44.0161,37.157925,628.03829375,44.0705478519189,14.25074850125
x265,4K,TimeLapse_4k,37,veryfast,0.085988,42750.46,36.5056,41.9883,43.6858,37.297031,2276.21539991667,44.0697462298445,51.6502951490833
x265,1080p,ToddlerFountain_2k,22,fast,1.271924,79044.73,41.8586,45.7318,43.6287,42.211306,1191.75735525,40.891663,29.144263
x265,1080p,ToddlerFountain_2k,22,faster,1.271913,79044.03,41.8586,45.7318,43.6287,42.211306,1199.1176086,40.960426,29.275028
x265,1080p,ToddlerFountain_2k,22,medium,1.271013,78988.11,41.8756,45.7222,43.6255,42.225381,1281.69650733333,40.765862,31.440437
x265,1080p,ToddlerFountain_2k,22,superfast,1.271637,79026.86,41.806,45.6986,43.6101,42.162044,1124.090323,41.100245,27.349967
x265,1080p,ToddlerFountain_2k,22,ultrafast,1.330841,82706.15,41.2083,45.7572,43.5438,41.638575,308.707938,40.77277,7.571424
x265,1080p,ToddlerFountain_2k,22,veryfast,1.271913,79044.03,41.8586,45.7318,43.6287,42.211306,1193.7472738,40.856679,29.217922
x265,1080p,ToddlerFountain_2k,27,fast,0.733017,45553.9,38.1071,44.0909,41.6248,38.700944,1011.4806014,41.893585,24.144045
x265,1080p,ToddlerFountain_2k,27,faster,0.733005,45553.2,38.1071,44.0909,41.6248,38.700944,1003.62902275,41.609914,24.119949
x265,1080p,ToddlerFountain_2k,27,medium,0.732875,45545.08,38.1176,44.0632,41.6179,38.707969,1073.629164,41.484653,25.880153
x265,1080p,ToddlerFountain_2k,27,superfast,0.733222,45566.66,38.0311,44.0409,41.5994,38.629731,944.981315,41.766686,22.625241
x265,1080p,ToddlerFountain_2k,27,ultrafast,0.767317,47685.52,37.5387,44.4202,41.7321,38.230881,255.350921,41.364539,6.173184
x265,1080p,ToddlerFountain_2k,27,veryfast,0.733005,45553.2,38.1071,44.0909,41.6248,38.700944,1011.6849344,41.615095,24.310528
x265,1080p,ToddlerFountain_2k,32,fast,0.38836,24134.96,34.7133,42.7789,40.2853,35.56565,847.949856,42.646439,19.883251
x265,1080p,ToddlerFountain_2k,32,faster,0.388349,24134.27,34.7133,42.7789,40.2853,35.56565,846.7905814,42.550084,19.901032
x265,1080p,ToddlerFountain_2k,32,medium,0.387584,24086.71,34.721,42.7588,40.2712,35.57025,899.1459036,42.664006,21.075046
x265,1080p,ToddlerFountain_2k,32,superfast,0.387804,24100.39,34.6506,42.6912,40.244,35.502725,803.5727966,42.930858,18.717837
x265,1080p,ToddlerFountain_2k,32,ultrafast,0.40031,24877.59,34.2153,43.2405,40.5023,35.172312,216.2344315,42.435228,5.095635
x265,1080p,ToddlerFountain_2k,32,veryfast,0.388349,24134.27,34.7133,42.7789,40.2853,35.56565,844.067999,42.763005,19.738276
x265,1080p,ToddlerFountain_2k,37,fast,0.192982,11993.01,31.8162,41.8584,39.4488,32.920875,711.635324,43.415065,16.391437
x265,1080p,ToddlerFountain_2k,37,faster,0.192971,11992.31,31.8162,41.8584,39.4488,32.920875,711.9507042,43.27033,16.453554
x265,1080p,ToddlerFountain_2k,37,medium,0.192829,11983.5,31.8182,41.8337,39.4301,32.919913,754.8304896,43.587576,17.317561
x265,1080p,ToddlerFountain_2k,37,superfast,0.193019,11995.33,31.7834,41.7542,39.3985,32.882519,682.71233275,43.424331,15.721885
x265,1080p,ToddlerFountain_2k,37,ultrafast,0.195464,12147.29,31.4674,42.2666,39.6447,32.653431,187.2449674,43.153179,4.339077
x265,1080p,ToddlerFountain_2k,37,veryfast,0.192971,11992.31,31.8162,41.8584,39.4488,32.920875,709.35968025,43.28819,16.38691
x265,360p,TouchdownPass_360p,22,fast,1.53165,10576.18,40.913,46.4639,46.8516,41.631094,137.3978534,33.7509149860634,4.0709371422
x265,360p,TouchdownPass_360p,22,faster,1.53155,10575.49,40.913,46.4639,46.8516,41.631094,138.5461294,33.9962535234114,4.075335222
x265,360p,TouchdownPass_360p,22,medium,1.537665,10617.71,40.9395,46.4516,46.8435,41.653006,148.8947966,33.9596406616389,4.384463254
x265,360p,TouchdownPass_360p,22,superfast,1.532054,10578.97,40.868,46.386,46.7789,41.582306,128.192156,39.520131936376,3.24371781466667
x265,360p,TouchdownPass_360p,22,ultrafast,1.64602,11365.91,40.2704,46.1492,46.4319,41.022919,34.8573391785714,38.0905803783179,0.915117040285714
x265,360p,TouchdownPass_360p,22,veryfast,1.53155,10575.49,40.913,46.4639,46.8516,41.631094,137.9340102,33.757105010146,4.0860734402
x265,360p,TouchdownPass_360p,27,fast,0.819567,5659.18,37.0326,44.2161,44.724,37.962281,116.7914608,34.6024688540696,3.3752349086
x265,360p,TouchdownPass_360p,27,faster,0.819465,5658.48,37.0326,44.2161,44.724,37.962281,116.736273666667,34.0292628668589,3.43046730466667
x265,360p,TouchdownPass_360p,27,medium,0.821448,5672.17,37.0364,44.2291,44.7154,37.965881,125.92107975,34.5165331758217,3.64813809975
x265,360p,TouchdownPass_360p,27,superfast,0.823698,5687.71,36.9711,44.1965,44.6774,37.904331,108.5135286,39.9580592078606,2.7156856652
x265,360p,TouchdownPass_360p,27,ultrafast,0.914986,6318.06,36.4678,44.1196,44.3812,37.440625,28.6139201666667,38.1868547327252,0.749313353166667
x265,360p,TouchdownPass_360p,27,veryfast,0.819465,5658.48,37.0326,44.2161,44.724,37.962281,116.9694125,34.6535534297489,3.37539446675
x265,360p,TouchdownPass_360p,32,fast,0.407582,2814.39,34.0848,42.4259,42.7683,35.148837,94.60774425,34.9028788569993,2.7106000235
x265,360p,TouchdownPass_360p,32,faster,0.407482,2813.7,34.0848,42.4259,42.7683,35.148837,94.802956,34.5101004124167,2.7471075096
x265,360p,TouchdownPass_360p,32,medium,0.409463,2827.38,34.0889,42.3928,42.7501,35.149219,101.7457114,35.1260535754537,2.8965881744
x265,360p,TouchdownPass_360p,32,superfast,0.407179,2811.61,34.0378,42.3984,42.7165,35.102756,87.9623706666667,40.3233693094425,2.18142412633333
x265,360p,TouchdownPass_360p,32,ultrafast,0.456905,3154.97,33.441,42.4788,42.5401,34.574556,23.9484125833333,39.9022132727587,0.600177549541667
x265,360p,TouchdownPass_360p,32,veryfast,0.407482,2813.7,34.0848,42.4259,42.7683,35.148837,94.199573,34.9537992997641,2.69497379075
x265,360p,TouchdownPass_360p,37,fast,0.228739,1579.46,31.8236,41.0047,41.0583,32.974587,77.6487371666667,35.2766973277041,2.20113397933333
x265,360p,TouchdownPass_360p,37,faster,0.228637,1578.76,31.8236,41.0047,41.0583,32.974587,77.9468321666667,35.671954154871,2.1851012655
x265,360p,TouchdownPass_360p,37,medium,0.2282,1575.74,31.8244,40.9842,41.0196,32.971587,82.2193247142857,35.4248304905861,2.32095181757143
x265,360p,TouchdownPass_360p,37,superfast,0.228739,1579.46,31.7867,40.9629,41.0144,32.936944,72.856759,41.0420924878121,1.775171649
x265,360p,TouchdownPass_360p,37,ultrafast,0.247788,1711.0,31.1016,41.1874,40.9232,32.345813,20.5135583333333,40.5535815384903,0.5058383885
x265,360p,TouchdownPass_360p,37,veryfast,0.228637,1578.76,31.8236,41.0047,41.0583,32.974587,77.551193,35.5392052534642,2.18213076085714
x265,1080p,TreesAndGrass_2k,22,fast,2.555494,158972.17,41.4244,43.5464,45.4784,41.8104,1292.6809802,39.975127,32.337133
x265,1080p,TreesAndGrass_2k,22,faster,2.555482,158971.45,41.4244,43.5464,45.4784,41.8104,1288.802395,40.114403,32.128171
x265,1080p,TreesAndGrass_2k,22,medium,2.55799,159127.44,41.4671,43.5364,45.464,41.846238,1383.22837725,40.023093,34.560757
x265,1080p,TreesAndGrass_2k,22,superfast,2.552732,158800.33,41.3757,43.5197,45.4418,41.763831,1215.19063025,40.447606,30.043574
x265,1080p,TreesAndGrass_2k,22,ultrafast,2.660918,165530.41,40.6426,43.4091,45.4643,41.116862,337.1082796,39.818137,8.466199
x265,1080p,TreesAndGrass_2k,22,veryfast,2.555482,158971.45,41.4244,43.5464,45.4784,41.8104,1298.0914522,40.15848,32.324218
x265,1080p,TreesAndGrass_2k,27,fast,1.77059,110144.88,36.9073,40.3987,43.1608,37.516356,1166.5573526,40.492817,28.808995
x265,1080p,TreesAndGrass_2k,27,faster,1.770579,110144.16,36.9073,40.3987,43.1608,37.516356,1163.33877275,40.526034,28.705961
x265,1080p,TreesAndGrass_2k,27,medium,1.771671,110212.09,36.9336,40.3867,43.1486,37.537856,1253.5297955,40.511528,30.942545
x265,1080p,TreesAndGrass_2k,27,superfast,1.768202,109996.33,36.8507,40.376,43.1192,37.462812,1096.906463,40.875109,26.83556
x265,1080p,TreesAndGrass_2k,27,ultrafast,1.839626,114439.45,36.2792,40.374,43.2565,36.971206,295.68739,40.213747,7.352893
x265,1080p,TreesAndGrass_2k,27,veryfast,1.770579,110144.16,36.9073,40.3987,43.1608,37.516356,1161.24380775,40.385302,28.75412
x265,1080p,TreesAndGrass_2k,32,fast,1.138958,70852.33,32.5393,38.0082,41.4146,33.435812,1028.7733215,40.925994,25.137406
x265,1080p,TreesAndGrass_2k,32,faster,1.138947,70851.61,32.5393,38.0082,41.4146,33.435812,1034.177065,41.092271,25.167192
x265,1080p,TreesAndGrass_2k,32,medium,1.139718,70899.6,32.5552,37.9974,41.3998,33.448125,1111.99803825,40.784199,27.265413
x265,1080p,TreesAndGrass_2k,32,superfast,1.137766,70778.16,32.4758,38.0007,41.3804,33.377644,971.161866,41.301554,23.513931
x265,1080p,TreesAndGrass_2k,32,ultrafast,1.173661,73011.12,32.0103,38.1195,41.6563,32.995,259.68154075,41.054827,6.325238
x265,1080p,TreesAndGrass_2k,32,veryfast,1.138947,70851.61,32.5393,38.0082,41.4146,33.435812,1031.4916835,41.050365,25.127467
x265,1080p,TreesAndGrass_2k,37,fast,0.666427,41457.12,28.6077,36.3076,40.1739,29.811831,904.0262045,41.690557,21.684196
x265,1080p,TreesAndGrass_2k,37,faster,0.666416,41456.4,28.6077,36.3076,40.1739,29.811831,908.4250914,41.85985,21.701585
x265,1080p,TreesAndGrass_2k,37,medium,0.665999,41430.48,28.6137,36.2961,40.1583,29.815388,968.7464214,41.728586,23.215415
x265,1080p,TreesAndGrass_2k,37,superfast,0.665424,41394.72,28.5438,36.3018,40.1319,29.752931,851.080493166667,40.256917,21.141224
x265,1080p,TreesAndGrass_2k,37,ultrafast,0.678538,42210.48,28.1874,36.4808,40.4977,29.475131,227.3569986,41.645632,5.459324
x265,1080p,TreesAndGrass_2k,37,veryfast,0.666416,41456.4,28.6077,36.3076,40.1739,29.811831,902.95778675,41.596024,21.707791
x265,1080p,TunnelFlag_2k,22,fast,0.76242,94762.5,42.9314,45.5066,46.8435,43.336856,1000.25155916667,41.630586,24.026843
x265,1080p,TunnelFlag_2k,22,faster,0.762409,94761.09,42.9314,45.5066,46.8435,43.336856,993.7094192,41.695292,23.832653
x265,1080p,TunnelFlag_2k,22,medium,0.762713,94798.85,42.9343,45.5059,46.8461,43.339512,1036.20624,41.640416,24.884627
x265,1080p,TunnelFlag_2k,22,superfast,0.762663,94792.71,42.8495,45.4092,46.6983,43.250031,946.996355,41.609314,22.75924
x265,1080p,TunnelFlag_2k,22,ultrafast,0.835625,103861.25,42.6345,45.3292,46.6583,43.054406,253.362425,41.354543,6.126592
x265,1080p,TunnelFlag_2k,22,veryfast,0.762409,94761.09,42.9314,45.5066,46.8435,43.336856,992.0996212,41.554111,23.874885
x265,1080p,TunnelFlag_2k,27,fast,0.447621,55635.59,39.9534,42.6912,44.1632,40.387625,839.5592148,42.435216,19.784493
x265,1080p,TunnelFlag_2k,27,faster,0.44761,55634.17,39.9534,42.6912,44.1632,40.387625,832.81691375,42.246248,19.713394
x265,1080p,TunnelFlag_2k,27,medium,0.447655,55639.84,39.9547,42.6913,44.1611,40.388638,867.7290405,42.280195,20.523298
x265,1080p,TunnelFlag_2k,27,superfast,0.449406,55857.43,39.8325,42.6178,44.0516,40.270275,801.7132185,42.476202,18.874409
x265,1080p,TunnelFlag_2k,27,ultrafast,0.50894,63256.97,39.6373,42.6922,44.2064,40.1138,216.217061,42.187972,5.125088
x265,1080p,TunnelFlag_2k,27,veryfast,0.44761,55634.17,39.9534,42.6912,44.1632,40.387625,836.505244,42.414789,19.722019
x265,1080p,TunnelFlag_2k,32,fast,0.25852,32131.87,37.0065,40.3814,41.8493,37.520106,707.2754232,42.96783,16.460581
x265,1080p,TunnelFlag_2k,32,faster,0.258508,32130.46,37.0065,40.3814,41.8493,37.520106,710.6028808,43.150133,16.468151
x265,1080p,TunnelFlag_2k,32,medium,0.258808,32167.74,37.0006,40.3598,41.8397,37.512994,733.5626515,42.956309,17.076948
x265,1080p,TunnelFlag_2k,32,superfast,0.259321,32231.46,36.8727,40.3201,41.7799,37.394863,684.69044675,43.101561,15.885514
x265,1080p,TunnelFlag_2k,32,ultrafast,0.300631,37365.88,36.5787,40.5911,42.125,37.176119,192.2590656,42.890743,4.482531
x265,1080p,TunnelFlag_2k,32,veryfast,0.258508,32130.46,37.0065,40.3814,41.8493,37.520106,708.4763474,42.948866,16.49581
x265,1080p,TunnelFlag_2k,37,fast,0.153967,19136.77,34.199,38.7615,40.1507,34.856137,625.706883666667,43.586968,14.355366
x265,1080p,TunnelFlag_2k,37,faster,0.153955,19135.35,34.199,38.7615,40.1507,34.856137,622.18657825,43.496176,14.304397
x265,1080p,TunnelFlag_2k,37,medium,0.153575,19088.15,34.202,38.745,40.1425,34.857219,643.8148066,43.687479,14.736827
x265,1080p,TunnelFlag_2k,37,superfast,0.154396,19190.11,34.0885,38.736,40.1421,34.757319,602.6756422,43.618582,13.816947
x265,1080p,TunnelFlag_2k,37,ultrafast,0.178612,22200.05,33.6965,39.1154,40.557,34.463963,172.0361928,43.185959,3.983614
x265,1080p,TunnelFlag_2k,37,veryfast,0.153955,19135.35,34.199,38.7615,40.1507,34.856137,619.0124835,43.333066,14.284992
x265,270p,Vertical_Bayshore_270p,22,fast,1.111466,4317.06,43.4567,51.0706,51.023,44.405462,55.649424,22.9612722674557,2.42362110216667
x265,270p,Vertical_Bayshore_270p,22,faster,1.111286,4316.36,43.4567,51.0706,51.023,44.405462,56.1193266,23.1576563723126,2.4233595014
x265,270p,Vertical_Bayshore_270p,22,medium,1.115825,4333.99,43.4828,51.0025,50.9383,44.41875,59.3018045833333,23.1094387234513,2.56612916016667
x265,270p,Vertical_Bayshore_270p,22,superfast,1.110988,4315.2,43.3962,50.8543,50.7325,44.32085,52.3576430909091,35.8992969395672,1.45845873190909
x265,270p,Vertical_Bayshore_270p,22,ultrafast,1.189773,4621.21,42.4709,51.6099,51.245,43.590469,15.1630415454545,34.096578231795,0.444708599272727
x265,270p,Vertical_Bayshore_270p,22,veryfast,1.111286,4316.36,43.4567,51.0706,51.023,44.405462,55.1844898,22.7004347547409,2.4309882342
x265,270p,Vertical_Bayshore_270p,27,fast,0.723934,2811.84,39.4691,48.6411,48.5343,40.608925,50.4388078461539,24.0436986682646,2.09779737061538
x265,270p,Vertical_Bayshore_270p,27,faster,0.723754,2811.14,39.4691,48.6411,48.5343,40.608925,50.7154932307692,24.1623648869974,2.09894575584615
x265,270p,Vertical_Bayshore_270p,27,medium,0.727278,2824.83,39.4826,48.6591,48.4716,40.617944,53.1273054285714,23.7982120318317,2.23240743285714
x265,270p,Vertical_Bayshore_270p,27,superfast,0.72692,2823.44,39.3908,48.4608,48.3612,40.518325,45.9567548666667,35.4765719190201,1.2954113766
x265,270p,Vertical_Bayshore_270p,27,ultrafast,0.760727,2954.75,38.7061,49.0285,48.7802,39.980881,13.3968816666667,34.4143174660748,0.389282213133333
x265,270p,Vertical_Bayshore_270p,27,veryfast,0.723754,2811.14,39.4691,48.6411,48.5343,40.608925,51.4520199444444,24.5171309287487,2.09861504977778
x265,270p,Vertical_Bayshore_270p,32,fast,0.438363,1702.65,35.767,46.7631,46.5013,37.12515,44.6166633571429,24.5748798974857,1.81553942657143
x265,270p,Vertical_Bayshore_270p,32,faster,0.438183,1701.95,35.767,46.7631,46.5013,37.12515,45.6164375625,25.6184132763269,1.7806113544375
x265,270p,Vertical_Bayshore_270p,32,medium,0.435317,1690.82,35.7699,46.8605,46.487,37.132881,47.802195,25.2943669353168,1.8898355955
x265,270p,Vertical_Bayshore_270p,32,superfast,0.43681,1696.62,35.675,46.5514,46.2037,37.012819,41.2315765,36.6170688941718,1.126020671375
x265,270p,Vertical_Bayshore_270p,32,ultrafast,0.455685,1769.93,35.1937,46.9112,46.5348,36.634862,11.7683451875,34.5848016216234,0.3402750525
x265,270p,Vertical_Bayshore_270p,32,veryfast,0.438183,1701.95,35.767,46.7631,46.5013,37.12515,44.8943266470588,25.0408185975343,1.79284580782353
x265,270p,Vertical_Bayshore_270p,37,fast,0.261321,1015.0,32.7374,45.0015,44.8013,34.2579,38.875899875,25.0733275598867,1.5504882541875
x265,270p,Vertical_Bayshore_270p,37,faster,0.261141,1014.3,32.7374,45.0015,44.8013,34.2579,38.2288187857143,24.5946404436774,1.55435566839286
x265,270p,Vertical_Bayshore_270p,37,medium,0.261321,1015.0,32.745,44.9387,44.6941,34.253925,40.9515927692308,25.6338381956389,1.59755993061538
x265,270p,Vertical_Bayshore_270p,37,superfast,0.263352,1022.89,32.6939,44.7744,44.4883,34.186081,35.9427586666667,36.6204837328403,0.98149327925
x265,270p,Vertical_Bayshore_270p,37,ultrafast,0.270281,1049.8,32.3872,45.1263,44.8127,33.959987,10.5836345,35.1964222397481,0.300701998285714
x265,270p,Vertical_Bayshore_270p,37,veryfast,0.261141,1014.3,32.7374,45.0015,44.8013,34.2579,37.7544855,24.3242346962291,1.5521345675
x265,1080p,Vertical_Carnaby_2k,22,fast,0.219648,27300.48,48.1757,50.1936,50.1481,48.425094,705.766394,42.946923,16.433457
x265,1080p,Vertical_Carnaby_2k,22,faster,0.219637,27299.06,48.1757,50.1936,50.1481,48.425094,706.7050636,42.952466,16.45319
x265,1080p,Vertical_Carnaby_2k,22,medium,0.219341,27262.25,48.1874,50.2256,50.1706,48.438737,728.443402,42.907414,16.977099
x265,1080p,Vertical_Carnaby_2k,22,superfast,0.219253,27251.39,48.0505,50.1379,50.096,48.308806,678.00737425,43.235914,15.681578
x265,1080p,Vertical_Carnaby_2k,22,ultrafast,0.222895,27704.04,47.657,50.1918,50.1573,47.971694,192.4738476,43.168863,4.458627
x265,1080p,Vertical_Carnaby_2k,22,veryfast,0.219637,27299.06,48.1757,50.1936,50.1481,48.425094,706.001513,43.095418,16.382287
x265,1080p,Vertical_Carnaby_2k,27,fast,0.12956,16103.22,45.7015,47.6343,47.5826,45.939869,628.8271132,43.567278,14.433473
x265,1080p,Vertical_Carnaby_2k,27,faster,0.129549,16101.81,45.7015,47.6343,47.5826,45.939869,625.5936748,43.370602,14.424371
x265,1080p,Vertical_Carnaby_2k,27,medium,0.129438,16088.12,45.7111,47.6555,47.5898,45.950044,646.7973068,43.351613,14.919798
x265,1080p,Vertical_Carnaby_2k,27,superfast,0.129416,16085.29,45.5998,47.6045,47.559,45.847544,605.7260494,43.613521,13.888492
x265,1080p,Vertical_Carnaby_2k,27,ultrafast,0.133035,16535.11,45.3431,47.6985,47.6657,45.635475,174.3063406,43.28218,4.027208
x265,1080p,Vertical_Carnaby_2k,27,veryfast,0.129549,16101.81,45.7015,47.6343,47.5826,45.939869,624.202015,43.24421,14.434349
x265,1080p,Vertical_Carnaby_2k,32,fast,0.082714,10280.63,43.1843,45.3023,45.2645,43.446687,564.180587,43.727595,12.902164
x265,1080p,Vertical_Carnaby_2k,32,faster,0.082702,10279.22,43.1843,45.3023,45.2645,43.446687,562.873999,43.528965,12.931022
x265,1080p,Vertical_Carnaby_2k,32,medium,0.082406,10242.4,43.1891,45.3171,45.2753,43.452488,578.4692525,43.621261,13.261177
x265,1080p,Vertical_Carnaby_2k,32,superfast,0.083242,10346.24,43.1085,45.2985,45.2497,43.3792,546.479058,44.004206,12.418791
x265,1080p,Vertical_Carnaby_2k,32,ultrafast,0.085118,10579.41,42.9006,45.4216,45.4024,43.214525,160.5988566,43.503862,3.6916
x265,1080p,Vertical_Carnaby_2k,32,veryfast,0.082702,10279.22,43.1843,45.3023,45.2645,43.446687,561.6397242,43.54851,12.896876
x265,1080p,Vertical_Carnaby_2k,37,fast,0.056708,7048.38,40.468,43.4341,43.3815,40.835475,523.2303986,43.994366,11.893123
x265,1080p,Vertical_Carnaby_2k,37,faster,0.056697,7046.96,40.468,43.4341,43.3815,40.835475,520.924692,43.983137,11.843737
x265,1080p,Vertical_Carnaby_2k,37,medium,0.0565,7022.42,40.4825,43.4602,43.4096,40.85155,532.97176525,43.937033,12.130354
x265,1080p,Vertical_Carnaby_2k,37,superfast,0.05724,7114.46,40.4486,43.4469,43.3849,40.819513,505.00418475,44.093779,11.452958
x265,1080p,Vertical_Carnaby_2k,37,ultrafast,0.057616,7161.18,40.286,43.5763,43.5338,40.694631,150.8170822,43.585364,3.460269
x265,1080p,Vertical_Carnaby_2k,37,veryfast,0.056697,7046.96,40.468,43.4341,43.3815,40.835475,523.5674218,43.889252,11.929285
x265,1080p,Vertical_bees_2k,22,fast,0.497234,30901.01,45.7923,47.9821,49.2538,46.145506,803.581964,41.865194,19.194512
x265,1080p,Vertical_bees_2k,22,faster,0.497223,30900.31,45.7923,47.9821,49.2538,46.145506,802.7141924,41.894076,19.160566
x265,1080p,Vertical_bees_2k,22,medium,0.496667,30865.75,45.8055,47.9768,49.2514,46.156575,834.1207526,42.030354,19.845675
x265,1080p,Vertical_bees_2k,22,superfast,0.497619,30924.91,45.7096,47.9096,49.1557,46.062481,771.618874,42.549244,18.134726
x265,1080p,Vertical_bees_2k,22,ultrafast,0.525449,32654.47,45.3399,48.0898,49.2054,45.753362,211.3149862,42.488355,4.97348
x265,1080p,Vertical_bees_2k,22,veryfast,0.497223,30900.31,45.7923,47.9821,49.2538,46.145506,799.2743454,41.933193,19.06066
x265,1080p,Vertical_bees_2k,27,fast,0.31251,19421.19,42.9258,45.1964,46.8727,43.314394,715.9122905,42.594714,16.807538
x265,1080p,Vertical_bees_2k,27,faster,0.312499,19420.49,42.9258,45.1964,46.8727,43.314394,714.5672504,42.6315,16.761485
x265,1080p,Vertical_bees_2k,27,medium,0.311259,19343.46,42.9334,45.1955,46.8619,43.320312,745.2569058,42.627912,17.482839
x265,1080p,Vertical_bees_2k,27,superfast,0.312727,19434.64,42.8149,45.1426,46.789,43.208762,690.8851092,42.890264,16.108204
x265,1080p,Vertical_bees_2k,27,ultrafast,0.333595,20731.52,42.4608,45.4666,46.9439,42.928856,191.8052586,42.800399,4.48139
x265,1080p,Vertical_bees_2k,27,veryfast,0.312499,19420.49,42.9258,45.1964,46.8727,43.314394,715.2361574,42.453741,16.847424
x265,1080p,Vertical_bees_2k,32,fast,0.19664,12220.37,39.8411,42.5373,44.6061,40.307425,645.967217833333,42.980611,15.02927
x265,1080p,Vertical_bees_2k,32,faster,0.196629,12219.67,39.8411,42.5373,44.6061,40.307425,640.2763026,43.018802,14.883639
x265,1080p,Vertical_bees_2k,32,medium,0.195957,12177.91,39.8507,42.5308,44.6057,40.315394,663.9974305,42.958187,15.456831
x265,1080p,Vertical_bees_2k,32,superfast,0.197372,12265.84,39.7366,42.4985,44.551,40.210119,617.33942325,43.26987,14.267189
x265,1080p,Vertical_bees_2k,32,ultrafast,0.209706,13032.37,39.3357,42.9718,44.8379,39.906844,176.91692075,42.845105,4.129221
x265,1080p,Vertical_bees_2k,32,veryfast,0.196629,12219.67,39.8411,42.5373,44.6061,40.307425,639.6172595,42.805345,14.942462
x265,1080p,Vertical_bees_2k,37,fast,0.124363,7728.62,36.7087,40.3982,42.8326,37.322037,585.571682,43.406849,13.490306
x265,1080p,Vertical_bees_2k,37,faster,0.124351,7727.92,36.7087,40.3982,42.8326,37.322037,585.114359,43.307647,13.510648
x265,1080p,Vertical_bees_2k,37,medium,0.123885,7698.92,36.7156,40.3868,42.8189,37.326506,603.47777975,43.234832,13.958139
x265,1080p,Vertical_bees_2k,37,superfast,0.125602,7805.64,36.6267,40.3828,42.8055,37.247631,566.8982922,43.722509,12.965822
x265,1080p,Vertical_bees_2k,37,ultrafast,0.131747,8187.51,36.2356,40.874,43.131,36.956462,166.6348272,43.327622,3.845926
x265,1080p,Vertical_bees_2k,37,veryfast,0.124351,7727.92,36.7087,40.3982,42.8326,37.322037,583.884553,43.354904,13.467555
x265,720p,Vidyo3_720p,22,fast,0.530773,29349.6,44.529,48.6419,48.3319,45.023738,364.43133375,40.6818775332108,8.95807558175
x265,720p,Vidyo3_720p,22,faster,0.530747,29348.16,44.529,48.6419,48.3319,45.023738,365.361410333333,40.955776861571,8.92087608466667
x265,720p,Vidyo3_720p,22,medium,0.531285,29377.92,44.5319,48.6437,48.3284,45.026169,383.4423896,40.9423608970111,9.3654196094
x265,720p,Vidyo3_720p,22,superfast,0.532439,29441.76,44.4905,48.5633,48.2501,44.980025,347.2778344,42.1408882341423,8.2408759984
x265,720p,Vidyo3_720p,22,ultrafast,0.589722,32609.28,44.0874,48.7014,48.382,44.644188,95.4695376363636,41.7408847035193,2.28719487654545
x265,720p,Vidyo3_720p,22,veryfast,0.530747,29348.16,44.529,48.6419,48.3319,45.023738,365.13167,40.5138169327604,9.0125220886
x265,720p,Vidyo3_720p,27,fast,0.277023,15318.24,42.1771,46.9546,46.0558,42.718113,306.1069435,42.1127851051831,7.26874137475
x265,720p,Vidyo3_720p,27,faster,0.276997,15316.8,42.1771,46.9546,46.0558,42.718113,304.6758076,41.8694346650792,7.2768072948
x265,720p,Vidyo3_720p,27,medium,0.277153,15325.44,42.1775,46.9335,46.0496,42.716756,317.9379798,41.9610541693832,7.5769778928
x265,720p,Vidyo3_720p,27,superfast,0.27783,15362.88,42.1036,46.8812,46.0076,42.6462,294.3596714,42.7002944977495,6.8936215748
x265,720p,Vidyo3_720p,27,ultrafast,0.315243,17431.68,41.5627,47.2289,46.3125,42.2137,81.64786275,42.0496340718472,1.94170209925
x265,720p,Vidyo3_720p,27,veryfast,0.276997,15316.8,42.1771,46.9546,46.0558,42.718113,304.2214864,41.9208801879148,7.2570395716
x265,720p,Vidyo3_720p,32,fast,0.172648,9546.72,39.5066,45.4923,43.9919,40.161037,271.2904556,42.7809549835605,6.3413838168
x265,720p,Vidyo3_720p,32,faster,0.172622,9545.28,39.5066,45.4923,43.9919,40.161037,270.041457857143,42.6206581295815,6.33592885957143
x265,720p,Vidyo3_720p,32,medium,0.1725,9538.56,39.5069,45.5025,43.9519,40.159438,280.414321,42.7464484486725,6.5599443036
x265,720p,Vidyo3_720p,32,superfast,0.173568,9597.6,39.391,45.471,43.9824,40.057962,261.3708764,43.0066495931682,6.0774526468
x265,720p,Vidyo3_720p,32,ultrafast,0.19112,10568.16,38.7378,45.8115,44.3071,39.527988,74.0345654285714,42.0689967329676,1.75983672485714
x265,720p,Vidyo3_720p,32,veryfast,0.172622,9545.28,39.5066,45.4923,43.9919,40.161037,271.2808358,42.7411419982048,6.347065687
x265,720p,Vidyo3_720p,37,fast,0.112934,6244.8,36.5204,44.4819,42.4761,37.390225,247.0350124,42.9527555358904,5.7513193116
x265,720p,Vidyo3_720p,37,faster,0.112908,6243.36,36.5204,44.4819,42.4761,37.390225,247.3380022,42.9543086096928,5.7581651342
x265,720p,Vidyo3_720p,37,medium,0.112023,6194.4,36.5264,44.445,42.4675,37.392631,254.6053666,43.3074689354095,5.8790174734
x265,720p,Vidyo3_720p,37,superfast,0.112856,6240.48,36.3928,44.3551,42.4389,37.268325,238.0565442,43.5237370743482,5.469579595
x265,720p,Vidyo3_720p,37,ultrafast,0.119019,6581.28,35.765,44.632,42.7513,36.755831,68.9067086,42.3125079630651,1.628518656
x265,720p,Vidyo3_720p,37,veryfast,0.112908,6243.36,36.5204,44.4819,42.4761,37.390225,247.350492,43.2965316742571,5.71294010016667
x265,720p,Vidyo4_720p,22,fast,0.446762,24704.16,44.5777,48.8813,49.0556,45.126544,377.1328724,41.0235762412197,9.1930764442
x265,720p,Vidyo4_720p,22,faster,0.446736,24702.72,44.5777,48.8813,49.0556,45.126544,375.457364,41.5978377916003,9.0258865348
x265,720p,Vidyo4_720p,22,medium,0.445365,24626.88,44.5825,48.8751,49.0516,45.130106,395.1797746,41.5942704747453,9.500822351
x265,720p,Vidyo4_720p,22,superfast,0.447188,24727.68,44.526,48.7997,48.9621,45.070363,356.594537285714,42.1985940979461,8.45038904514286
x265,720p,Vidyo4_720p,22,ultrafast,0.490182,27105.12,44.1871,48.9932,49.1479,44.797531,95.9008348,41.5234854761538,2.3095564763
x265,720p,Vidyo4_720p,22,veryfast,0.446736,24702.72,44.5777,48.8813,49.0556,45.126544,375.9874284,41.4945138479283,9.0611358836
x265,720p,Vidyo4_720p,27,fast,0.255104,14106.24,42.0434,46.9533,47.1799,42.6713,322.0083188,42.0808862106052,7.65212779
x265,720p,Vidyo4_720p,27,faster,0.255078,14104.8,42.0434,46.9533,47.1799,42.6713,322.2550832,42.3839531349366,7.6032332844
x265,720p,Vidyo4_720p,27,medium,0.254418,14068.32,42.0456,46.9585,47.1561,42.672063,334.97056275,42.2652863854335,7.92542985975
x265,720p,Vidyo4_720p,27,superfast,0.255582,14132.64,41.9754,46.8946,47.0878,42.602375,306.5455166,42.98610262843,7.131270291
x265,720p,Vidyo4_720p,27,ultrafast,0.281936,15589.92,41.6127,47.3052,47.4596,42.333912,83.5574764,42.2192345852368,1.9791329052
x265,720p,Vidyo4_720p,27,veryfast,0.255078,14104.8,42.0434,46.9533,47.1799,42.6713,320.8582238,42.3225950892219,7.5812511762
x265,720p,Vidyo4_720p,32,fast,0.152188,8415.36,39.4918,45.1549,45.1807,40.2013,281.579427142857,42.6647486478551,6.59981450885714
x265,720p,Vidyo4_720p,32,faster,0.152161,8413.92,39.4918,45.1549,45.1807,40.2013,280.2843898,42.6434361315027,6.5727440194
x265,720p,Vidyo4_720p,32,medium,0.15105,8352.48,39.4972,45.1195,45.1554,40.202231,292.318353666667,42.2621527023893,6.916788071
x265,720p,Vidyo4_720p,32,superfast,0.151866,8397.6,39.4165,45.0914,45.1274,40.128113,270.020142,43.2561060018473,6.242358986
x265,720p,Vidyo4_720p,32,ultrafast,0.166979,9233.28,39.0085,45.5782,45.5722,39.829337,75.2483676,42.1887841370602,1.7836107188
x265,720p,Vidyo4_720p,32,veryfast,0.152161,8413.92,39.4918,45.1549,45.1807,40.2013,280.6147964,42.6874183864674,6.5737120446
x265,720p,Vidyo4_720p,37,fast,0.095304,5269.92,36.951,43.6181,43.5257,37.778613,252.5447636,42.9832395158808,5.8754241524
x265,720p,Vidyo4_720p,37,faster,0.095278,5268.48,36.951,43.6181,43.5257,37.778613,252.2706556,43.0267967265812,5.8631056642
x265,720p,Vidyo4_720p,37,medium,0.094523,5226.72,36.9492,43.5918,43.5448,37.776587,262.7366198,43.2953279412065,6.0684751056
x265,720p,Vidyo4_720p,37,superfast,0.094957,5250.72,36.8869,43.5998,43.5135,37.720619,242.5709612,43.5723081161649,5.5670900094
x265,720p,Vidyo4_720p,37,ultrafast,0.102378,5661.12,36.4699,44.0447,44.0035,37.414175,69.740703,42.6781437302041,1.6341081618
x265,720p,Vidyo4_720p,37,veryfast,0.095278,5268.48,36.951,43.6181,43.5257,37.778613,252.1699594,43.0229099978731,5.8612948174
x265,1080p,WalkingInStreet_2k,22,fast,3.134441,194987.28,40.7974,41.7385,41.8905,40.924538,1198.3412015,38.867836,30.831179
x265,1080p,WalkingInStreet_2k,22,faster,3.134429,194986.56,40.7974,41.7385,41.8905,40.924538,1193.68033975,39.53782,30.190849
x265,1080p,WalkingInStreet_2k,22,medium,3.134638,194999.53,40.8022,41.7381,41.8852,40.928381,1223.53779225,39.742545,30.786599
x265,1080p,WalkingInStreet_2k,22,superfast,3.137832,195198.25,40.615,41.4902,41.7891,40.743081,1150.100602,39.714443,28.959253
x265,1080p,WalkingInStreet_2k,22,ultrafast,3.28593,204411.12,39.8448,41.3004,41.6596,40.0492,336.3477602,38.752449,8.679394
x265,1080p,WalkingInStreet_2k,22,veryfast,3.134429,194986.56,40.7974,41.7385,41.8905,40.924538,1195.71820625,39.573188,30.215362
x265,1080p,WalkingInStreet_2k,27,fast,2.069394,128732.88,36.1838,37.8337,38.451,36.428619,1095.3578835,40.312195,27.171874
x265,1080p,WalkingInStreet_2k,27,faster,2.069383,128732.17,36.1838,37.8337,38.451,36.428619,1096.8991202,40.31584,27.207646
x265,1080p,WalkingInStreet_2k,27,medium,2.068137,128654.65,36.1858,37.8212,38.4445,36.429181,1121.84357875,40.187786,27.915038
x265,1080p,WalkingInStreet_2k,27,superfast,2.074136,129027.84,35.9521,37.6147,38.3201,36.204013,1055.892973,40.542829,26.04389
x265,1080p,WalkingInStreet_2k,27,ultrafast,2.184248,135877.69,35.5117,37.7237,38.7104,35.849869,295.527637,39.425201,7.495907
x265,1080p,WalkingInStreet_2k,27,veryfast,2.069383,128732.17,36.1838,37.8337,38.451,36.428619,1095.6087918,39.63967,27.639201
x265,1080p,WalkingInStreet_2k,32,fast,1.285158,79947.12,32.0727,35.0528,36.1548,32.514087,960.6291328,41.12704,23.357604
x265,1080p,WalkingInStreet_2k,32,faster,1.285147,79946.41,32.0727,35.0528,36.1548,32.514087,959.5719694,40.769195,23.536692
x265,1080p,WalkingInStreet_2k,32,medium,1.28289,79806.01,32.0717,35.0304,36.1226,32.5098,986.6258434,41.209078,23.941954
x265,1080p,WalkingInStreet_2k,32,superfast,1.289402,80211.12,31.8627,34.9072,36.0574,32.31515,923.13711675,41.359943,22.319594
x265,1080p,WalkingInStreet_2k,32,ultrafast,1.348318,83876.16,31.5518,35.2055,36.8769,32.112975,252.6369018,40.307127,6.267797
x265,1080p,WalkingInStreet_2k,32,veryfast,1.285147,79946.41,32.0727,35.0528,36.1548,32.514087,960.966583,41.079423,23.392894
x265,1080p,WalkingInStreet_2k,37,fast,0.761181,47351.52,28.4833,33.0657,34.6173,29.153075,833.0797155,41.819598,19.920797
x265,1080p,WalkingInStreet_2k,37,faster,0.761169,47350.8,28.4833,33.0657,34.6173,29.153075,832.9774822,41.725122,19.963453
x265,1080p,WalkingInStreet_2k,37,medium,0.759306,47234.88,28.4774,33.0353,34.5565,29.142212,852.989735,41.761279,20.425374
x265,1080p,WalkingInStreet_2k,37,superfast,0.767215,47726.88,28.313,33.075,34.8317,29.018044,806.242089,42.321916,19.050227
x265,1080p,WalkingInStreet_2k,37,ultrafast,0.794456,49421.52,28.0985,33.414,35.6668,28.903738,217.48764775,41.511931,5.23916
x265,1080p,WalkingInStreet_2k,37,veryfast,0.761169,47350.8,28.4833,33.0657,34.6173,29.153075,832.181387,41.6972,19.957728
x265,720p,WestWindEasy_720p,22,fast,0.945799,26149.44,43.967,48.6794,50.4932,44.669412,400.426624,40.0327668044588,10.002471874
x265,720p,WestWindEasy_720p,22,faster,0.945773,26148.72,43.967,48.6794,50.4932,44.669412,398.7498214,40.4910661963835,9.8478469168
x265,720p,WestWindEasy_720p,22,medium,0.946076,26157.12,43.9788,48.6739,50.487,44.679006,425.4707374,40.3955291561498,10.5326194826
x265,720p,WestWindEasy_720p,22,superfast,0.945937,26153.28,43.8915,48.5728,50.3657,44.588719,375.6524045,40.8272281049451,9.20102642125
x265,720p,WestWindEasy_720p,22,ultrafast,1.166606,32254.32,42.9597,48.4726,50.3804,43.76805,105.8745215,39.7811382694257,2.6614251403
x265,720p,WestWindEasy_720p,22,veryfast,0.945773,26148.72,43.967,48.6794,50.4932,44.669412,399.18115225,40.5756308499749,9.837953074
x265,720p,WestWindEasy_720p,27,fast,0.616667,17049.6,40.458,46.0487,48.1759,41.289788,354.5288776,41.3576913390954,8.5722598656
x265,720p,WestWindEasy_720p,27,faster,0.616641,17048.88,40.458,46.0487,48.1759,41.289788,353.482554,41.5838231127953,8.50048234
x265,720p,WestWindEasy_720p,27,medium,0.615451,17016.0,40.4649,46.0536,48.1702,41.295775,374.2493104,41.5135430523966,9.0151136926
x265,720p,WestWindEasy_720p,27,superfast,0.615738,17023.92,40.3243,45.9401,48.0786,41.159931,335.2645592,41.8456630878957,8.011930854
x265,720p,WestWindEasy_720p,27,ultrafast,0.768229,21240.0,39.3318,46.0255,48.3699,40.315038,94.4309715,41.069222006484,2.299312402
x265,720p,WestWindEasy_720p,27,veryfast,0.616641,17048.88,40.458,46.0487,48.1759,41.289788,354.391494666667,41.4721345736796,8.54529187633333
x265,720p,WestWindEasy_720p,32,fast,0.388273,10734.96,36.9804,43.8098,46.2038,37.9837,314.7257082,42.2340059558031,7.451950178
x265,720p,WestWindEasy_720p,32,faster,0.388247,10734.24,36.9804,43.8098,46.2038,37.9837,315.208177666667,42.1644736903076,7.47568154133333
x265,720p,WestWindEasy_720p,32,medium,0.3877,10719.12,36.9874,43.7981,46.1925,37.988388,331.85269675,42.1634940857615,7.87061660675
x265,720p,WestWindEasy_720p,32,superfast,0.388655,10745.52,36.7934,43.7556,46.1617,37.814056,299.151140333333,42.3507226093746,7.063660828
x265,720p,WestWindEasy_720p,32,ultrafast,0.483151,13358.16,35.7359,43.921,46.5199,36.921469,84.2901692222222,41.4207872836242,2.034972649
x265,720p,WestWindEasy_720p,32,veryfast,0.388247,10734.24,36.9804,43.8098,46.2038,37.9837,314.5251045,42.1147819393705,7.46828286925
x265,720p,WestWindEasy_720p,37,fast,0.23862,6597.36,33.5933,42.1314,44.8283,34.829119,283.1948072,42.6004265116419,6.6476988704
x265,720p,WestWindEasy_720p,37,faster,0.238594,6596.64,33.5933,42.1314,44.8283,34.829119,282.7989222,42.2953849119086,6.6862832148
x265,720p,WestWindEasy_720p,37,medium,0.238672,6598.8,33.597,42.1206,44.8397,34.832394,295.845959,42.2259465162238,7.0062599754
x265,720p,WestWindEasy_720p,37,superfast,0.239488,6621.36,33.4295,42.1277,44.8448,34.686594,269.664816833333,42.8338477497756,6.29560104916667
x265,720p,WestWindEasy_720p,37,ultrafast,0.295399,8167.2,32.4033,42.3211,45.0839,33.8157,76.86821875,42.1042967788579,1.825662097
x265,720p,WestWindEasy_720p,37,veryfast,0.238594,6596.64,33.5933,42.1314,44.8283,34.829119,282.0722392,42.5757098261455,6.6251916962
x265,1080p,WorldCup_2k,22,fast,0.296416,18439.44,47.3481,50.7125,50.7656,47.771969,710.1412972,43.049461,16.495939
x265,1080p,WorldCup_2k,22,faster,0.296404,18438.72,47.3481,50.7125,50.7656,47.771969,710.43266,43.112659,16.478516
x265,1080p,WorldCup_2k,22,medium,0.296644,18453.6,47.3578,50.726,50.7721,47.781706,733.9010018,43.061393,17.043132
x265,1080p,WorldCup_2k,22,superfast,0.297461,18504.48,47.2465,50.6098,50.6701,47.670681,685.9917008,43.144631,15.899816
x265,1080p,WorldCup_2k,22,ultrafast,0.34336,21359.76,46.4972,50.7471,50.7589,47.029175,195.388941,42.717382,4.573991
x265,1080p,WorldCup_2k,22,veryfast,0.296404,18438.72,47.3481,50.7125,50.7656,47.771969,709.0227822,43.069923,16.462132
x265,1080p,WorldCup_2k,27,fast,0.180027,11199.12,44.6469,48.0324,48.2043,45.080831,627.74454775,43.523514,14.423113
x265,1080p,WorldCup_2k,27,faster,0.180015,11198.4,44.6469,48.0324,48.2043,45.080831,630.96458625,43.288461,14.575815
x265,1080p,WorldCup_2k,27,medium,0.179769,11183.04,44.6552,48.0134,48.1713,45.084844,646.278451,43.489067,14.860711
x265,1080p,WorldCup_2k,27,superfast,0.179938,11193.6,44.535,47.9236,48.0988,44.969525,607.2787798,43.664124,13.907957
x265,1080p,WorldCup_2k,27,ultrafast,0.208522,12971.76,43.7255,48.3059,48.3995,44.3039,177.3170022,43.25903,4.098959
x265,1080p,WorldCup_2k,27,veryfast,0.180015,11198.4,44.6469,48.0324,48.2043,45.080831,630.859115,43.6845,14.441257
x265,1080p,WorldCup_2k,32,fast,0.113495,7060.32,41.7303,45.7506,45.9861,42.247556,561.01441825,43.668671,12.847069
x265,1080p,WorldCup_2k,32,faster,0.113484,7059.6,41.7303,45.7506,45.9861,42.247556,565.1002378,43.709878,12.928433
x265,1080p,WorldCup_2k,32,medium,0.113075,7034.16,41.7377,45.7116,45.9664,42.250362,580.312006,43.71279,13.275565
x265,1080p,WorldCup_2k,32,superfast,0.113576,7065.36,41.6384,45.6917,45.9223,42.159475,546.367208,43.782479,12.479129
x265,1080p,WorldCup_2k,32,ultrafast,0.129001,8024.88,40.7697,46.1084,46.2829,41.447944,162.5461656,43.258418,3.757562
x265,1080p,WorldCup_2k,32,veryfast,0.113484,7059.6,41.7303,45.7506,45.9861,42.247556,564.5200514,43.684586,12.922637
x265,1080p,WorldCup_2k,37,fast,0.073009,4541.76,38.6945,43.928,44.191,39.365125,521.71262325,44.172764,11.810731
x265,1080p,WorldCup_2k,37,faster,0.072998,4541.04,38.6945,43.928,44.191,39.365125,520.7820158,44.041085,11.824914
x265,1080p,WorldCup_2k,37,medium,0.072905,4535.28,38.6909,43.8778,44.1403,39.355669,535.2701264,44.129272,12.129594
x265,1080p,WorldCup_2k,37,superfast,0.073198,4553.52,38.6434,43.8647,44.108,39.311269,507.0574668,43.988979,11.52692
x265,1080p,WorldCup_2k,37,ultrafast,0.08081,5027.04,37.8353,44.2854,44.5034,38.655187,152.1215712,43.365198,3.507918
x265,1080p,WorldCup_2k,37,veryfast,0.072998,4541.04,38.6945,43.928,44.191,39.365125,520.400133,44.01161,11.824156
x265,1080p,WorldCup_far_2k,22,fast,1.037978,64570.56,43.9166,45.0075,47.025,44.179056,964.28403075,41.52997,23.218992
x265,1080p,WorldCup_far_2k,22,faster,1.037967,64569.84,43.9166,45.0075,47.025,44.179056,966.4990396,41.459742,23.311748
x265,1080p,WorldCup_far_2k,22,medium,1.036624,64486.32,43.9281,44.9986,47.0167,44.188044,1008.4506044,41.59943,24.241933
x265,1080p,WorldCup_far_2k,22,superfast,1.036617,64485.84,43.8699,44.9466,46.9067,44.126994,923.6289065,41.653004,22.174365
x265,1080p,WorldCup_far_2k,22,ultrafast,1.132485,70449.6,43.1824,44.696,46.9043,43.509619,256.471191,41.32875,6.205636
x265,1080p,WorldCup_far_2k,22,veryfast,1.037967,64569.84,43.9166,45.0075,47.025,44.179056,959.5945135,41.388511,23.185046
x265,1080p,WorldCup_far_2k,27,fast,0.621046,38634.0,40.4849,41.7757,44.1572,40.795094,850.5629472,42.130702,20.188672
x265,1080p,WorldCup_far_2k,27,faster,0.621034,38633.28,40.4849,41.7757,44.1572,40.795094,850.9439762,42.218806,20.155567
x265,1080p,WorldCup_far_2k,27,medium,0.620305,38587.92,40.4933,41.7671,44.1437,40.801063,880.785599,42.009906,20.96614
x265,1080p,WorldCup_far_2k,27,superfast,0.621354,38653.2,40.4059,41.6983,44.0406,40.713844,818.432948,42.370697,19.316013
x265,1080p,WorldCup_far_2k,27,ultrafast,0.693839,43162.32,39.7752,41.6346,44.2618,40.171825,225.0134864,41.90526,5.369576
x265,1080p,WorldCup_far_2k,27,veryfast,0.621034,38633.28,40.4849,41.7757,44.1572,40.795094,849.5513532,42.080804,20.188573
x265,1080p,WorldCup_far_2k,32,fast,0.37684,23442.48,37.1165,39.1679,41.7514,37.534394,741.855126,42.417375,17.489416
x265,1080p,WorldCup_far_2k,32,faster,0.376829,23441.76,37.1165,39.1679,41.7514,37.534394,744.0898188,42.538813,17.492021
x265,1080p,WorldCup_far_2k,32,medium,0.375772,23376.0,37.1218,39.1515,41.7227,37.536213,774.8544012,42.633415,18.174814
x265,1080p,WorldCup_far_2k,32,superfast,0.376871,23444.4,37.0346,39.1135,41.666,37.453994,715.6465566,42.665831,16.773295
x265,1080p,WorldCup_far_2k,32,ultrafast,0.414444,25781.76,36.4118,39.27,42.0455,36.942544,200.3880618,42.233815,4.74473
x265,1080p,WorldCup_far_2k,32,veryfast,0.376829,23441.76,37.1165,39.1679,41.7514,37.534394,742.9965108,42.48154,17.489868
x265,1080p,WorldCup_far_2k,37,fast,0.226493,14089.68,33.8607,37.2308,39.8691,34.446856,664.0437224,43.014841,15.437549
x265,1080p,WorldCup_far_2k,37,faster,0.226481,14088.96,33.8607,37.2308,39.8691,34.446856,662.81127625,42.96972,15.425078
x265,1080p,WorldCup_far_2k,37,medium,0.227079,14126.16,33.8692,37.2297,39.8574,34.453494,684.83955525,42.864152,15.976977
x265,1080p,WorldCup_far_2k,37,superfast,0.226817,14109.84,33.8066,37.2187,39.832,34.396444,639.7368266,43.184943,14.813886
x265,1080p,WorldCup_far_2k,37,ultrafast,0.244051,15181.92,33.2724,37.4842,40.2794,33.973575,183.3050238,42.953388,4.267534
x265,1080p,WorldCup_far_2k,37,veryfast,0.226481,14088.96,33.8607,37.2308,39.8691,34.446856,662.56416075,43.016374,15.402604
NVIDIA,4K,BoxingPractice_4k,22,1,0.426311,211947.78,43.447706,28.578982,29.975309,41.676386,10.0147,4.01,2.5
NVIDIA,4K,BoxingPractice_4k,27,1,0.198018,98448.19,41.553952,28.602378,29.997436,40.022196,8.8813,4.44,2.001
NVIDIA,4K,BoxingPractice_4k,32,1,0.108892,54137.51,39.823259,28.633766,30.03532,38.512169,8.8799,4.44,1.999
NVIDIA,4K,BoxingPractice_4k,37,1,0.064296,31965.99,37.748584,28.688721,30.068792,36.702356,8.8836,4.44,2.0
NVIDIA,4K,BoxingPractice_4k,22,2,0.423201,210401.41,43.413703,28.58455,29.979303,41.647231,8.5817,5.72,1.5
NVIDIA,4K,BoxingPractice_4k,27,2,0.19615,97519.09,41.521993,28.615374,30.004866,39.995509,8.3931,5.6,1.5
NVIDIA,4K,BoxingPractice_4k,32,2,0.106917,53155.77,39.773132,28.642923,30.038479,38.469078,8.3994,5.6,1.5
NVIDIA,4K,BoxingPractice_4k,37,2,0.06266,31152.53,37.691668,28.69716,30.071883,36.653275,8.3929,5.59,1.5
NVIDIA,4K,BoxingPractice_4k,22,3,0.412866,205263.41,43.466991,28.56748,29.966133,41.691968,13.4946,2.0,6.733
NVIDIA,4K,BoxingPractice_4k,27,3,0.189639,94282.28,41.529614,28.585315,29.985048,39.99906,12.9791,2.0,6.501
NVIDIA,4K,BoxingPractice_4k,32,3,0.103868,51639.7,39.709535,28.61201,30.018918,38.410276,13.0791,2.01,6.498
NVIDIA,4K,BoxingPractice_4k,37,3,0.061373,30512.48,37.541575,28.6618,30.051893,36.518484,12.9976,2.0,6.501
NVIDIA,4K,BoxingPractice_4k,22,4,0.412866,205263.41,43.466991,28.56748,29.966133,41.691968,13.6248,1.99,6.844
NVIDIA,4K,BoxingPractice_4k,27,4,0.189639,94282.28,41.529614,28.585315,29.985048,39.99906,13.0487,2.01,6.495
NVIDIA,4K,BoxingPractice_4k,32,4,0.103868,51639.7,39.709535,28.61201,30.018918,38.410276,13.0006,2.0,6.501
NVIDIA,4K,BoxingPractice_4k,37,4,0.061373,30512.48,37.541575,28.6618,30.051893,36.518484,13.0209,2.0,6.499
NVIDIA,4K,Crosswalk_4k,22,1,0.224188,111459.08,43.336326,26.072374,24.554156,41.083443,8.8649,4.44,1.999
NVIDIA,4K,Crosswalk_4k,27,1,0.077393,38477.44,42.317389,26.097172,24.547786,40.193025,8.9635,4.48,2.0
NVIDIA,4K,Crosswalk_4k,32,1,0.0411,20433.73,41.40764,26.094249,24.550315,39.39697,8.9952,4.5,2.001
NVIDIA,4K,Crosswalk_4k,37,1,0.024966,12412.24,40.154444,26.095058,24.553607,38.30068,9.0222,4.51,2.001
NVIDIA,4K,Crosswalk_4k,22,2,0.218542,108651.59,43.335572,26.07286,24.55413,41.082812,8.3567,5.57,1.499
NVIDIA,4K,Crosswalk_4k,27,2,0.075381,37477.15,42.340638,26.099399,24.546811,40.213446,8.3772,5.59,1.5
NVIDIA,4K,Crosswalk_4k,32,2,0.039979,19876.08,41.456993,26.095993,24.549333,39.440202,8.4462,5.62,1.502
NVIDIA,4K,Crosswalk_4k,37,2,0.024362,12111.82,40.238726,26.09744,24.553855,38.374591,8.4136,5.61,1.5
NVIDIA,4K,Crosswalk_4k,22,3,0.220383,109566.99,43.333515,26.074621,24.551966,41.080987,13.1487,2.02,6.5
NVIDIA,4K,Crosswalk_4k,27,3,0.075773,37671.74,42.282709,26.097736,24.54586,40.162595,13.0887,2.01,6.496
NVIDIA,4K,Crosswalk_4k,32,3,0.040101,19936.83,41.309647,26.094118,24.547787,39.31106,12.9698,2.0,6.498
NVIDIA,4K,Crosswalk_4k,37,3,0.024365,12113.44,40.004671,26.095707,24.552179,38.16958,13.0536,2.01,6.505
NVIDIA,4K,Crosswalk_4k,22,4,0.220383,109566.99,43.333515,26.074621,24.551966,41.080987,13.055,2.01,6.491
NVIDIA,4K,Crosswalk_4k,27,4,0.075773,37671.74,42.282709,26.097736,24.54586,40.162595,12.9287,1.99,6.499
NVIDIA,4K,Crosswalk_4k,32,4,0.040101,19936.83,41.309647,26.094118,24.547787,39.31106,12.9114,1.99,6.49
NVIDIA,4K,Crosswalk_4k,37,4,0.024365,12113.44,40.004671,26.095707,24.552179,38.16958,12.9536,1.99,6.499
NVIDIA,4K,FoodMarket2_4k,22,1,0.411979,204822.38,44.351465,24.186025,24.731034,41.864848,10.0961,4.04,2.5
NVIDIA,4K,FoodMarket2_4k,27,1,0.230059,114377.75,42.419444,24.199348,24.737997,40.175598,9.5238,4.22,2.267
NVIDIA,4K,FoodMarket2_4k,32,1,0.132812,66029.75,40.119592,24.208412,24.757778,38.16503,8.951,4.48,1.999
NVIDIA,4K,FoodMarket2_4k,37,1,0.079022,39286.94,37.581258,24.21813,24.771565,35.945457,8.972,4.49,2.0
NVIDIA,4K,FoodMarket2_4k,22,2,0.40411,200909.89,44.375812,24.18684,24.730032,41.88614,8.511,5.68,1.499
NVIDIA,4K,FoodMarket2_4k,27,2,0.225591,112156.26,42.454911,24.201743,24.737023,40.20672,8.5039,5.66,1.501
NVIDIA,4K,FoodMarket2_4k,32,2,0.129673,64468.89,40.1605,24.209816,24.753655,38.200654,8.466,5.64,1.5
NVIDIA,4K,FoodMarket2_4k,37,2,0.077132,38347.6,37.64151,24.218977,24.767693,35.997988,8.497,5.66,1.501
NVIDIA,4K,FoodMarket2_4k,22,3,0.404399,201053.84,44.288909,24.182445,24.726868,41.809627,13.9534,1.99,6.999
NVIDIA,4K,FoodMarket2_4k,27,3,0.225002,111863.38,42.25225,24.193664,24.732061,40.028577,13.1519,2.02,6.498
NVIDIA,4K,FoodMarket2_4k,32,3,0.12969,64477.73,39.847325,24.20041,24.749525,37.92578,13.1397,2.02,6.499
NVIDIA,4K,FoodMarket2_4k,37,3,0.077216,38389.32,37.268189,24.20852,24.762755,35.67037,13.1068,2.02,6.501
NVIDIA,4K,FoodMarket2_4k,22,4,0.404399,201053.84,44.288909,24.182445,24.726868,41.809627,13.9507,1.99,6.998
NVIDIA,4K,FoodMarket2_4k,27,4,0.225002,111863.38,42.25225,24.193664,24.732061,40.028577,13.2135,2.03,6.501
NVIDIA,4K,FoodMarket2_4k,32,4,0.12969,64477.73,39.847325,24.20041,24.749525,37.92578,13.2082,2.03,6.501
NVIDIA,4K,FoodMarket2_4k,37,4,0.077216,38389.32,37.268189,24.20852,24.762755,35.67037,13.2051,2.03,6.5
NVIDIA,4K,Neon1224_4k,22,1,0.361952,89975.08,46.139798,17.257519,19.549041,42.672733,10.0383,4.01,2.502
NVIDIA,4K,Neon1224_4k,27,1,0.204746,50896.39,43.415534,17.260032,19.552569,40.28938,8.8293,4.42,1.999
NVIDIA,4K,Neon1224_4k,32,1,0.116233,28893.61,40.83927,17.267031,19.552777,38.035599,8.9079,4.45,2.0
NVIDIA,4K,Neon1224_4k,37,1,0.070064,17416.67,38.362055,17.273731,19.553078,35.868474,8.9351,4.47,1.999
NVIDIA,4K,Neon1224_4k,22,2,0.367578,91373.66,45.810032,17.257362,19.549663,42.384217,8.3653,5.61,1.492
NVIDIA,4K,Neon1224_4k,27,2,0.205246,51020.65,43.155588,17.260949,19.552965,40.062009,8.4676,5.64,1.501
NVIDIA,4K,Neon1224_4k,32,2,0.115757,28775.32,40.629941,17.267678,19.552828,37.85248,8.4178,5.61,1.499
NVIDIA,4K,Neon1224_4k,37,2,0.069294,17225.28,38.175606,17.2724,19.552213,35.705194,8.4935,5.67,1.499
NVIDIA,4K,Neon1224_4k,22,3,0.348476,86625.32,46.327065,17.255774,19.548336,42.836439,13.2901,1.98,6.7
NVIDIA,4K,Neon1224_4k,27,3,0.199597,49616.42,43.605065,17.256824,19.550946,40.454918,13.1738,2.03,6.505
NVIDIA,4K,Neon1224_4k,32,3,0.113019,28094.53,40.882676,17.262783,19.550172,38.073151,12.9522,1.99,6.5
NVIDIA,4K,Neon1224_4k,37,3,0.067302,16730.21,38.229387,17.267068,19.550249,35.751796,13.1624,2.02,6.505
NVIDIA,4K,Neon1224_4k,22,4,0.348476,86625.32,46.327065,17.255774,19.548336,42.836439,13.4567,1.99,6.767
NVIDIA,4K,Neon1224_4k,27,4,0.199597,49616.42,43.605065,17.256824,19.550946,40.454918,12.9711,2.0,6.495
NVIDIA,4K,Neon1224_4k,32,4,0.113019,28094.53,40.882676,17.262783,19.550172,38.073151,12.957,1.99,6.502
NVIDIA,4K,Neon1224_4k,37,4,0.067302,16730.21,38.229387,17.267068,19.550249,35.751796,13.1415,2.02,6.498
NVIDIA,4K,NocturneDance_4k,22,1,0.422767,210395.98,47.034519,17.313467,17.209104,43.312865,10.1659,4.07,2.499
NVIDIA,4K,NocturneDance_4k,27,1,0.236006,117451.54,44.152558,17.308057,17.213226,40.791068,8.9581,4.48,2.0
NVIDIA,4K,NocturneDance_4k,32,1,0.128221,63811.07,41.095715,17.29674,17.21591,38.115791,8.9553,4.48,2.001
NVIDIA,4K,NocturneDance_4k,37,1,0.067256,33470.77,38.083792,17.295756,17.217739,35.480411,9.1168,4.56,2.0
NVIDIA,4K,NocturneDance_4k,22,2,0.425283,211648.14,47.000426,17.314818,17.210033,43.283176,8.5402,5.69,1.5
NVIDIA,4K,NocturneDance_4k,27,2,0.236306,117600.82,44.105541,17.309952,17.214921,40.750153,8.5608,5.71,1.5
NVIDIA,4K,NocturneDance_4k,32,2,0.127296,63350.45,40.993076,17.297289,17.218172,38.026158,8.5582,5.71,1.5
NVIDIA,4K,NocturneDance_4k,37,2,0.066044,32867.95,37.981948,17.294403,17.219132,35.3913,8.5467,5.7,1.5
NVIDIA,4K,NocturneDance_4k,22,3,0.416851,207451.54,46.847611,17.310698,17.208358,43.149101,13.2457,2.04,6.497
NVIDIA,4K,NocturneDance_4k,27,3,0.233264,116087.26,43.914243,17.304426,17.21248,40.582269,13.2895,2.04,6.502
NVIDIA,4K,NocturneDance_4k,32,3,0.127021,63213.82,40.731228,17.292115,17.215256,37.796535,13.212,2.03,6.499
NVIDIA,4K,NocturneDance_4k,37,3,0.066455,33072.37,37.713784,17.291409,17.21725,35.156352,13.1684,2.03,6.5
NVIDIA,4K,NocturneDance_4k,22,4,0.416851,207451.54,46.847611,17.310698,17.208358,43.149101,13.3742,2.06,6.503
NVIDIA,4K,NocturneDance_4k,27,4,0.233264,116087.26,43.914243,17.304426,17.21248,40.582269,13.2943,2.04,6.504
NVIDIA,4K,NocturneDance_4k,32,4,0.127021,63213.82,40.731228,17.292115,17.215256,37.796535,13.2215,2.03,6.497
NVIDIA,4K,NocturneDance_4k,37,4,0.066455,33072.37,37.713784,17.291409,17.21725,35.156352,13.1773,2.03,6.503
NVIDIA,4K,PierSeaSide_4k,22,1,0.271582,67510.83,45.675685,20.609724,23.852555,42.745117,9.0159,4.51,1.998
NVIDIA,4K,PierSeaSide_4k,27,1,0.144609,35947.46,43.966494,20.603318,23.886642,41.251305,9.0448,4.52,2.0
NVIDIA,4K,PierSeaSide_4k,32,1,0.083044,20643.35,41.882717,20.611167,23.882002,39.4282,9.0698,4.53,2.0
NVIDIA,4K,PierSeaSide_4k,37,1,0.049156,12219.47,39.494765,20.610295,23.885841,37.338928,9.0875,4.54,2.0
NVIDIA,4K,PierSeaSide_4k,22,2,0.269628,67024.96,45.670284,20.610064,23.85416,42.740513,8.5845,5.72,1.5
NVIDIA,4K,PierSeaSide_4k,27,2,0.143255,35610.87,43.950741,20.603388,23.890717,41.23778,8.6112,5.74,1.499
NVIDIA,4K,PierSeaSide_4k,32,2,0.081899,20358.8,41.848595,20.610219,23.885549,39.398506,8.6102,5.74,1.5
NVIDIA,4K,PierSeaSide_4k,37,2,0.048312,12009.47,39.477794,20.610696,23.884255,37.324004,8.5856,5.73,1.5
NVIDIA,4K,PierSeaSide_4k,22,3,0.264227,65682.29,45.677406,20.608826,23.845474,42.746124,13.3318,2.05,6.502
NVIDIA,4K,PierSeaSide_4k,27,3,0.140367,34892.8,43.927957,20.603281,23.876649,41.216958,13.1542,2.03,6.493
NVIDIA,4K,PierSeaSide_4k,32,3,0.080732,20068.66,41.739281,20.609716,23.870002,39.301853,13.2765,2.04,6.498
NVIDIA,4K,PierSeaSide_4k,37,3,0.048012,11934.88,39.267171,20.60963,23.869611,37.138727,13.2617,2.04,6.501
NVIDIA,4K,PierSeaSide_4k,22,4,0.264227,65682.29,45.677406,20.608826,23.845474,42.746124,13.2578,2.04,6.498
NVIDIA,4K,PierSeaSide_4k,27,4,0.140367,34892.8,43.927957,20.603281,23.876649,41.216958,13.27,2.04,6.499
NVIDIA,4K,PierSeaSide_4k,32,4,0.080732,20068.66,41.739281,20.609716,23.870002,39.301853,13.3017,2.05,6.5
NVIDIA,4K,PierSeaSide_4k,37,4,0.048012,11934.88,39.267171,20.60963,23.869611,37.138727,13.1386,2.02,6.49
NVIDIA,4K,Tango_4k,22,1,0.428278,212925.41,41.788772,23.846058,21.01906,39.369245,10.2229,4.09,2.5
NVIDIA,4K,Tango_4k,27,1,0.144502,71841.44,40.221451,23.855116,21.013639,37.998067,9.0954,4.55,2.0
NVIDIA,4K,Tango_4k,32,1,0.070012,34807.75,39.215221,23.864952,21.019859,37.118619,9.1224,4.56,2.0
NVIDIA,4K,Tango_4k,37,1,0.041576,20670.35,37.970735,23.871454,21.023045,36.030299,9.1783,4.59,2.0
NVIDIA,4K,Tango_4k,22,2,0.429405,213485.79,41.826298,23.847239,21.01849,39.402119,8.6533,5.77,1.5
NVIDIA,4K,Tango_4k,27,2,0.140106,69655.82,40.224768,23.857521,21.012735,38.001063,8.5738,5.71,1.5
NVIDIA,4K,Tango_4k,32,2,0.068037,33825.71,39.234688,23.864847,21.018815,37.135581,8.675,5.78,1.5
NVIDIA,4K,Tango_4k,37,2,0.040352,20061.71,38.007389,23.870583,21.024895,36.062433,8.6801,5.79,1.5
NVIDIA,4K,Tango_4k,22,3,0.429592,213578.9,41.844766,23.845235,21.01737,39.418083,14.2483,2.04,6.999
NVIDIA,4K,Tango_4k,27,3,0.139786,69497.13,40.1952,23.8529,21.012624,37.974895,13.4175,2.06,6.503
NVIDIA,4K,Tango_4k,32,3,0.067595,33606.23,39.114996,23.860293,21.018633,37.030554,13.3192,2.05,6.501
NVIDIA,4K,Tango_4k,37,3,0.040161,19966.87,37.810385,23.865913,21.023567,35.889679,13.2784,2.04,6.501
NVIDIA,4K,Tango_4k,22,4,0.429592,213578.9,41.844766,23.845235,21.01737,39.418083,14.0446,2.05,6.867
NVIDIA,4K,Tango_4k,27,4,0.139786,69497.13,40.1952,23.8529,21.012624,37.974895,13.3681,2.06,6.499
NVIDIA,4K,Tango_4k,32,4,0.067595,33606.23,39.114996,23.860293,21.018633,37.030554,13.2135,2.03,6.5
NVIDIA,4K,Tango_4k,37,4,0.040161,19966.87,37.810385,23.865913,21.023567,35.889679,13.1884,2.03,6.5
NVIDIA,4K,TimeLapse_4k,22,1,0.510906,254005.39,44.080308,28.435817,27.863,42.088946,10.227,4.09,2.5
NVIDIA,4K,TimeLapse_4k,27,1,0.281636,140020.2,41.506144,28.4544,27.883025,39.838965,9.0096,4.5,2.0
NVIDIA,4K,TimeLapse_4k,32,1,0.155762,77439.92,38.851122,28.459782,27.910414,37.517869,9.0383,4.52,2.0
NVIDIA,4K,TimeLapse_4k,37,1,0.084248,41885.38,36.202163,28.461968,27.940433,35.202043,9.0942,4.55,2.0
NVIDIA,4K,TimeLapse_4k,22,2,0.508698,252907.78,44.042047,28.440053,27.865455,42.055885,8.661,5.77,1.5
NVIDIA,4K,TimeLapse_4k,27,2,0.279804,139109.47,41.479581,28.461017,27.888625,39.816486,8.5529,5.7,1.499
NVIDIA,4K,TimeLapse_4k,32,2,0.153883,76505.51,38.807937,28.462167,27.91512,37.480525,8.5992,5.73,1.5
NVIDIA,4K,TimeLapse_4k,37,2,0.082597,41064.41,36.172007,28.461153,27.941164,35.175651,8.6478,5.77,1.5
NVIDIA,4K,TimeLapse_4k,22,3,0.503571,250358.84,44.113595,28.434043,27.85346,42.117365,14.0996,2.01,7.002
NVIDIA,4K,TimeLapse_4k,27,3,0.275815,137125.9,41.480223,28.448756,27.872214,39.815256,13.2316,2.04,6.494
NVIDIA,4K,TimeLapse_4k,32,3,0.151866,75502.55,38.728668,28.453972,27.898378,37.409606,13.3854,2.06,6.503
NVIDIA,4K,TimeLapse_4k,37,3,0.082,40767.79,36.014248,28.452145,27.923431,35.035941,13.2662,2.04,6.502
NVIDIA,4K,TimeLapse_4k,22,4,0.503571,250358.84,44.113595,28.434043,27.85346,42.117365,14.086,2.01,7.001
NVIDIA,4K,TimeLapse_4k,27,4,0.275815,137125.9,41.480223,28.448756,27.872214,39.815256,13.4118,2.06,6.502
NVIDIA,4K,TimeLapse_4k,32,4,0.151866,75502.55,38.728668,28.453972,27.898378,37.409606,13.4036,2.06,6.5
NVIDIA,4K,TimeLapse_4k,37,4,0.082,40767.79,36.014248,28.452145,27.923431,35.035941,13.2327,1.75,11.5
NVIDIA,1080p,Boat_2k,22,1,1.608547,199929.0,41.785839,22.643844,22.465405,39.381937,5.3044,3.54,1.499
NVIDIA,1080p,Boat_2k,27,1,1.010533,125600.88,38.030513,22.658992,22.48799,36.098385,4.8045,3.84,1.25
NVIDIA,1080p,Boat_2k,32,1,0.605395,75245.59,34.383362,22.685268,22.510139,32.910155,4.7367,3.79,1.25
NVIDIA,1080p,Boat_2k,37,1,0.347806,43229.35,31.065388,22.722034,22.540804,30.011142,4.7005,3.76,1.25
NVIDIA,1080p,Boat_2k,22,2,1.602485,199175.56,41.830529,22.644407,22.464702,39.421032,5.2442,3.49,1.501
NVIDIA,1080p,Boat_2k,27,2,1.005281,124948.11,38.077217,22.659423,22.487198,36.139229,5.1671,3.45,1.499
NVIDIA,1080p,Boat_2k,32,2,0.601249,74730.25,34.444783,22.687409,22.5078,32.963886,5.1635,3.44,1.5
NVIDIA,1080p,Boat_2k,37,2,0.345043,42885.93,31.139909,22.715482,22.534314,30.075533,5.1289,3.42,1.5
NVIDIA,1080p,Boat_2k,22,3,1.611827,200336.78,41.906253,22.635985,22.455362,39.486181,7.1047,3.55,2.0
NVIDIA,1080p,Boat_2k,27,3,1.016745,126372.96,38.125252,22.646629,22.469668,36.179364,7.1246,3.56,2.001
NVIDIA,1080p,Boat_2k,32,3,0.608637,75648.56,34.430618,22.67328,22.491272,32.949575,6.3926,4.26,1.501
NVIDIA,1080p,Boat_2k,37,3,0.347444,43184.45,31.037965,22.703744,22.516401,29.984478,6.3724,4.25,1.5
NVIDIA,1080p,Boat_2k,22,4,1.611827,200336.78,41.906253,22.635985,22.455362,39.486181,7.1358,3.57,2.0
NVIDIA,1080p,Boat_2k,27,4,1.016745,126372.96,38.125252,22.646629,22.469668,36.179364,6.8668,3.79,1.833
NVIDIA,1080p,Boat_2k,32,4,0.608637,75648.56,34.430618,22.67328,22.491272,32.949575,6.3672,4.24,1.5
NVIDIA,1080p,Boat_2k,37,4,0.347444,43184.45,31.037965,22.703744,22.516401,29.984478,6.3417,4.23,1.5
NVIDIA,1080p,FoodMarket_2k,22,1,0.81784,101650.72,41.375927,27.097054,28.32799,39.668001,4.7347,3.78,1.252
NVIDIA,1080p,FoodMarket_2k,27,1,0.366377,45537.63,38.940337,27.132194,28.36031,37.541076,4.6762,3.74,1.25
NVIDIA,1080p,FoodMarket_2k,32,1,0.184605,22944.9,36.878321,27.178469,28.394369,35.741833,4.7031,3.76,1.25
NVIDIA,1080p,FoodMarket_2k,37,1,0.095439,11862.22,34.754288,27.212935,28.402995,33.885998,4.7333,3.79,1.25
NVIDIA,1080p,FoodMarket_2k,22,2,0.812819,101026.7,41.408037,27.094868,28.329202,39.696037,5.091,3.39,1.501
NVIDIA,1080p,FoodMarket_2k,27,2,0.362565,45063.85,38.982716,27.129142,28.360598,37.577985,5.07,3.38,1.5
NVIDIA,1080p,FoodMarket_2k,32,2,0.182035,22625.44,36.944231,27.177773,28.390734,35.799234,5.1213,3.41,1.5
NVIDIA,1080p,FoodMarket_2k,37,2,0.0938,11658.57,34.835674,27.215035,28.400506,33.957186,5.109,3.41,1.5
NVIDIA,1080p,FoodMarket_2k,22,3,0.814826,101276.16,41.443303,27.082642,28.318275,39.725447,7.1019,3.55,2.0
NVIDIA,1080p,FoodMarket_2k,27,3,0.36063,44823.37,38.94646,27.113748,28.349791,37.544624,6.3778,4.25,1.5
NVIDIA,1080p,FoodMarket_2k,32,3,0.180555,22441.46,36.79088,27.15644,28.376851,35.662851,6.3218,4.21,1.5
NVIDIA,1080p,FoodMarket_2k,37,3,0.09323,11587.77,34.611828,27.19311,28.387806,33.759157,6.3586,4.24,1.5
NVIDIA,1080p,FoodMarket_2k,22,4,0.814826,101276.16,41.443303,27.082642,28.318275,39.725447,6.8418,3.78,1.832
NVIDIA,1080p,FoodMarket_2k,27,4,0.36063,44823.37,38.94646,27.113748,28.349791,37.544624,6.3553,4.24,1.5
NVIDIA,1080p,FoodMarket_2k,32,4,0.180555,22441.46,36.79088,27.15644,28.376851,35.662851,6.3658,4.24,1.5
NVIDIA,1080p,FoodMarket_2k,37,4,0.09323,11587.77,34.611828,27.19311,28.387806,33.759157,6.3796,4.25,1.501
NVIDIA,1080p,MeridianTalk_sdr_2k,22,1,0.34076,42353.68,43.035567,28.07851,26.879904,41.091022,4.6791,3.74,1.25
NVIDIA,1080p,MeridianTalk_sdr_2k,27,1,0.138911,17265.45,41.524167,28.111363,26.897078,39.771674,4.714,3.77,1.25
NVIDIA,1080p,MeridianTalk_sdr_2k,32,1,0.072423,9001.53,40.06013,28.1417,26.935549,38.494942,4.745,3.8,1.25
NVIDIA,1080p,MeridianTalk_sdr_2k,37,1,0.039782,4944.61,38.359914,28.139626,26.965782,37.009013,4.7462,3.8,1.25
NVIDIA,1080p,MeridianTalk_sdr_2k,22,2,0.330943,41133.43,43.067711,28.078201,26.880162,41.119145,5.097,3.39,1.501
NVIDIA,1080p,MeridianTalk_sdr_2k,27,2,0.13247,16464.96,41.576948,28.111895,26.898291,39.817966,5.0636,3.38,1.5
NVIDIA,1080p,MeridianTalk_sdr_2k,32,2,0.068469,8510.15,40.152275,28.148339,26.936328,38.576032,5.1082,3.41,1.5
NVIDIA,1080p,MeridianTalk_sdr_2k,37,2,0.037762,4693.48,38.49302,28.133255,26.961478,37.124813,5.1006,3.4,1.5
NVIDIA,1080p,MeridianTalk_sdr_2k,22,3,0.326993,40642.56,43.077912,28.080149,26.875945,41.127929,6.3589,4.24,1.501
NVIDIA,1080p,MeridianTalk_sdr_2k,27,3,0.130993,16281.3,41.53406,28.112189,26.89053,39.779972,6.3616,4.24,1.5
NVIDIA,1080p,MeridianTalk_sdr_2k,32,3,0.068077,8461.39,40.010273,28.143579,26.93406,38.451341,6.3565,4.24,1.5
NVIDIA,1080p,MeridianTalk_sdr_2k,37,3,0.037711,4687.22,38.270187,28.124593,26.964341,36.929472,6.3462,4.23,1.499
NVIDIA,1080p,MeridianTalk_sdr_2k,22,4,0.326993,40642.56,43.077912,28.080149,26.875945,41.127929,6.3813,4.25,1.5
NVIDIA,1080p,MeridianTalk_sdr_2k,27,4,0.130993,16281.3,41.53406,28.112189,26.89053,39.779972,6.3492,4.23,1.5
NVIDIA,1080p,MeridianTalk_sdr_2k,32,4,0.068077,8461.39,40.010273,28.143579,26.93406,38.451341,6.3348,4.22,1.5
NVIDIA,1080p,MeridianTalk_sdr_2k,37,4,0.037711,4687.22,38.270187,28.124593,26.964341,36.929472,6.3354,4.22,1.5
NVIDIA,1080p,RushFieldCuts_2k,22,1,1.223609,76042.14,43.548812,26.800866,28.908123,41.587022,5.0287,3.35,1.5
NVIDIA,1080p,RushFieldCuts_2k,27,1,0.782937,48656.22,39.461746,26.867447,28.938842,38.016921,4.9589,3.55,1.4
NVIDIA,1080p,RushFieldCuts_2k,32,1,0.445136,27663.33,35.621106,26.958911,29.005179,34.666223,4.6592,3.73,1.25
NVIDIA,1080p,RushFieldCuts_2k,37,1,0.258097,16039.62,32.533966,27.043596,29.05844,31.973598,4.6269,3.7,1.249
NVIDIA,1080p,RushFieldCuts_2k,22,2,1.212746,75367.07,43.806373,26.800168,28.908613,41.812375,5.5029,3.14,1.751
NVIDIA,1080p,RushFieldCuts_2k,27,2,0.781402,48560.82,39.65128,26.863967,28.936273,38.182385,5.3571,3.26,1.649
NVIDIA,1080p,RushFieldCuts_2k,32,2,0.442786,27517.29,35.736226,26.951808,29.003079,34.766378,5.0063,3.34,1.501
NVIDIA,1080p,RushFieldCuts_2k,37,2,0.256412,15934.95,32.651933,27.034325,29.057485,32.07618,5.0723,3.38,1.501
NVIDIA,1080p,RushFieldCuts_2k,22,3,1.212112,75327.69,43.80295,26.765977,28.884025,41.805706,7.0193,3.51,2.0
NVIDIA,1080p,RushFieldCuts_2k,27,3,0.766883,47658.54,39.493851,26.808791,28.909944,38.039541,7.0303,3.51,2.0
NVIDIA,1080p,RushFieldCuts_2k,32,3,0.443636,27570.14,35.690468,26.889271,28.976849,34.720792,7.0428,3.52,2.001
NVIDIA,1080p,RushFieldCuts_2k,37,3,0.25737,15994.44,32.489478,26.970283,29.023664,31.927915,6.3338,4.22,1.5
NVIDIA,1080p,RushFieldCuts_2k,22,4,1.212112,75327.69,43.80295,26.765977,28.884025,41.805706,7.0231,3.51,2.001
NVIDIA,1080p,RushFieldCuts_2k,27,4,0.766883,47658.54,39.493851,26.808791,28.909944,38.039541,7.0206,3.51,2.001
NVIDIA,1080p,RushFieldCuts_2k,32,4,0.443636,27570.14,35.690468,26.889271,28.976849,34.720792,7.0422,3.52,2.0
NVIDIA,1080p,RushFieldCuts_2k,37,4,0.25737,15994.44,32.489478,26.970283,29.023664,31.927915,6.3248,4.22,1.501
NVIDIA,1080p,ToddlerFountain_2k,22,1,1.382947,85944.32,41.245454,33.297741,32.727661,40.21636,5.303,3.54,1.5
NVIDIA,1080p,ToddlerFountain_2k,27,1,0.800012,49717.38,37.623309,33.420798,32.846596,37.062107,4.6675,3.73,1.25
NVIDIA,1080p,ToddlerFountain_2k,32,1,0.420423,26127.5,34.297044,33.553247,33.008561,34.170026,4.6359,3.71,1.25
NVIDIA,1080p,ToddlerFountain_2k,37,1,0.203797,12665.15,31.484173,33.663819,33.08774,31.720624,4.7035,3.76,1.25
NVIDIA,1080p,ToddlerFountain_2k,22,2,1.376106,85519.17,41.295815,33.294304,32.730895,40.260413,5.4689,3.29,1.667
NVIDIA,1080p,ToddlerFountain_2k,27,2,0.795298,49424.45,37.684285,33.413825,32.846874,37.115043,5.0981,3.4,1.5
NVIDIA,1080p,ToddlerFountain_2k,32,2,0.417717,25959.37,34.36982,33.542393,33.018457,34.233646,5.0479,3.36,1.501
NVIDIA,1080p,ToddlerFountain_2k,37,2,0.202254,12569.26,31.559396,33.648181,33.08144,31.785073,5.1176,3.41,1.5
NVIDIA,1080p,ToddlerFountain_2k,22,3,1.376206,85525.44,41.455432,33.250736,32.691162,40.394872,7.045,3.52,2.001
NVIDIA,1080p,ToddlerFountain_2k,27,3,0.807485,50181.82,37.867848,33.353289,32.806247,37.269338,6.9924,3.5,2.0
NVIDIA,1080p,ToddlerFountain_2k,32,3,0.426427,26500.66,34.443923,33.484964,32.957323,34.291076,6.6225,3.95,1.7
NVIDIA,1080p,ToddlerFountain_2k,37,3,0.20389,12670.91,31.454105,33.618415,33.037043,31.688308,6.3926,4.26,1.5
NVIDIA,1080p,ToddlerFountain_2k,22,4,1.376206,85525.44,41.455432,33.250736,32.691162,40.394872,7.1011,3.55,1.999
NVIDIA,1080p,ToddlerFountain_2k,27,4,0.807485,50181.82,37.867848,33.353289,32.806247,37.269338,7.0285,3.51,2.001
NVIDIA,1080p,ToddlerFountain_2k,32,4,0.426427,26500.66,34.443923,33.484964,32.957323,34.291076,6.6525,3.96,1.7
NVIDIA,1080p,ToddlerFountain_2k,37,4,0.20389,12670.91,31.454105,33.618415,33.037043,31.688308,6.3507,4.24,1.499
NVIDIA,1080p,TreesAndGrass_2k,22,1,2.520575,156799.93,40.633755,17.230201,18.377467,37.780015,5.6878,3.25,1.752
NVIDIA,1080p,TreesAndGrass_2k,27,1,1.738582,108153.69,36.291861,17.230498,18.38932,33.981617,5.3057,3.54,1.5
NVIDIA,1080p,TreesAndGrass_2k,32,1,1.106325,68822.29,32.023668,17.228089,18.404513,30.247747,4.736,3.79,1.25
NVIDIA,1080p,TreesAndGrass_2k,37,1,0.636587,39600.8,28.180173,17.228873,18.420989,26.885768,4.7496,3.8,1.25
NVIDIA,1080p,TreesAndGrass_2k,22,2,2.518975,156700.42,40.697178,17.229868,18.377265,37.835477,5.6647,3.24,1.75
NVIDIA,1080p,TreesAndGrass_2k,27,2,1.737398,108080.06,36.349206,17.230092,18.388759,34.031733,5.1842,3.46,1.499
NVIDIA,1080p,TreesAndGrass_2k,32,2,1.105837,68791.9,32.079133,17.226873,18.403264,30.296125,5.2077,3.47,1.501
NVIDIA,1080p,TreesAndGrass_2k,37,2,0.636458,39592.75,28.231845,17.232083,18.421349,26.931204,5.1618,3.44,1.5
NVIDIA,1080p,TreesAndGrass_2k,22,3,2.542495,158163.52,40.890071,17.227609,18.372808,38.003838,7.2037,3.6,2.0
NVIDIA,1080p,TreesAndGrass_2k,27,3,1.778018,110606.95,36.54043,17.227112,18.380971,34.198381,7.1516,3.58,2.0
NVIDIA,1080p,TreesAndGrass_2k,32,3,1.139377,70878.35,32.243122,17.224142,18.397478,30.439083,7.1161,3.56,2.0
NVIDIA,1080p,TreesAndGrass_2k,37,3,0.650553,40469.59,28.317996,17.226755,18.414316,27.005813,6.3974,4.26,1.5
NVIDIA,1080p,TreesAndGrass_2k,22,4,2.542495,158163.52,40.890071,17.227609,18.372808,38.003838,7.2048,3.6,2.0
NVIDIA,1080p,TreesAndGrass_2k,27,4,1.778018,110606.95,36.54043,17.227112,18.380971,34.198381,7.1124,3.56,2.0
NVIDIA,1080p,TreesAndGrass_2k,32,4,1.139377,70878.35,32.243122,17.224142,18.397478,30.439083,7.0828,3.54,2.0
NVIDIA,1080p,TreesAndGrass_2k,37,4,0.650553,40469.59,28.317996,17.226755,18.414316,27.005813,6.3948,4.26,1.5
NVIDIA,1080p,Aerial3200_2k,22,1,1.211081,150527.34,41.618904,26.633848,25.461761,39.672517,4.7232,3.78,1.25
NVIDIA,1080p,Aerial3200_2k,27,1,0.668426,83079.78,38.282733,26.682627,25.490669,36.758222,4.6971,3.76,1.25
NVIDIA,1080p,Aerial3200_2k,32,1,0.346061,43012.52,35.206956,26.730666,25.519967,34.071751,4.7421,3.79,1.251
NVIDIA,1080p,Aerial3200_2k,37,1,0.171106,21267.02,32.535864,26.77991,25.546181,31.739262,4.7185,3.77,1.251
NVIDIA,1080p,Aerial3200_2k,22,2,1.209829,150371.77,41.655901,26.631521,25.459979,39.704632,5.175,3.45,1.5
NVIDIA,1080p,Aerial3200_2k,27,2,0.667028,82906.02,38.330081,26.679121,25.492109,36.799523,5.0766,3.38,1.5
NVIDIA,1080p,Aerial3200_2k,32,2,0.345312,42919.37,35.274768,26.72638,25.515685,34.130551,5.1109,3.41,1.5
NVIDIA,1080p,Aerial3200_2k,37,2,0.170688,21215.12,32.612675,26.784654,25.543847,31.806622,5.1012,3.4,1.499
NVIDIA,1080p,Aerial3200_2k,22,3,1.217748,151355.94,41.667852,26.61497,25.447872,39.713298,7.0922,3.55,1.999
NVIDIA,1080p,Aerial3200_2k,27,3,0.672945,83641.46,38.331921,26.66043,25.472411,36.798733,6.3578,4.24,1.5
NVIDIA,1080p,Aerial3200_2k,32,3,0.346934,43121.01,35.155589,26.715745,25.497404,34.024462,6.3767,4.25,1.499
NVIDIA,1080p,Aerial3200_2k,37,3,0.170166,21150.21,32.371726,26.758591,25.527433,31.593137,6.4064,4.27,1.5
NVIDIA,1080p,Aerial3200_2k,22,4,1.217748,151355.94,41.667852,26.61497,25.447872,39.713298,7.1671,3.58,2.002
NVIDIA,1080p,Aerial3200_2k,27,4,0.672945,83641.46,38.331921,26.66043,25.472411,36.798733,6.3714,4.25,1.501
NVIDIA,1080p,Aerial3200_2k,32,4,0.346934,43121.01,35.155589,26.715745,25.497404,34.024462,6.3725,4.24,1.501
NVIDIA,1080p,Aerial3200_2k,37,4,0.170166,21150.21,32.371726,26.758591,25.527433,31.593137,6.3831,4.25,1.501
NVIDIA,1080p,CrowdRun_1080p50,22,1,2.0914,216836.33,40.421112,25.703578,23.621711,38.451304,5.6809,3.25,1.75
NVIDIA,1080p,CrowdRun_1080p50,27,1,1.247101,129299.44,36.733364,25.761633,23.696792,35.232845,5.3161,3.54,1.501
NVIDIA,1080p,CrowdRun_1080p50,32,1,0.718183,74461.25,33.304425,25.830317,23.793842,32.242882,4.7195,3.77,1.25
NVIDIA,1080p,CrowdRun_1080p50,37,1,0.398598,41326.63,30.169526,25.892318,23.902641,29.51052,4.6826,3.75,1.25
NVIDIA,1080p,CrowdRun_1080p50,22,2,2.083849,216053.48,40.468309,25.702222,23.62043,38.492436,5.6528,3.23,1.75
NVIDIA,1080p,CrowdRun_1080p50,27,2,1.24156,128724.96,36.788363,25.75982,23.693078,35.280624,5.1208,3.41,1.5
NVIDIA,1080p,CrowdRun_1080p50,32,2,0.714718,74101.99,33.371594,25.82833,23.788151,32.301175,5.0857,3.39,1.498
NVIDIA,1080p,CrowdRun_1080p50,37,2,0.396772,41137.31,30.251094,25.892132,23.896695,29.581509,5.0574,3.37,1.501
NVIDIA,1080p,CrowdRun_1080p50,22,3,2.064386,214035.55,40.597344,25.681812,23.587551,38.602011,7.1661,3.58,2.0
NVIDIA,1080p,CrowdRun_1080p50,27,3,1.235854,128133.36,36.94016,25.729603,23.635784,35.407977,7.0757,3.54,2.0
NVIDIA,1080p,CrowdRun_1080p50,32,3,0.719002,74546.16,33.530712,25.794957,23.71563,32.433785,7.0147,3.51,2.0
NVIDIA,1080p,CrowdRun_1080p50,37,3,0.402803,41762.61,30.34813,25.85706,23.81063,29.658844,6.3572,4.24,1.5
NVIDIA,1080p,CrowdRun_1080p50,22,4,2.064386,214035.55,40.597344,25.681812,23.587551,38.602011,7.2255,3.61,2.0
NVIDIA,1080p,CrowdRun_1080p50,27,4,1.235854,128133.36,36.94016,25.729603,23.635784,35.407977,7.0286,3.51,2.0
NVIDIA,1080p,CrowdRun_1080p50,32,4,0.719002,74546.16,33.530712,25.794957,23.71563,32.433785,7.072,3.54,2.0
NVIDIA,1080p,CrowdRun_1080p50,37,4,0.402803,41762.61,30.34813,25.85706,23.81063,29.658844,6.3421,4.23,1.5
NVIDIA,1080p,DinnerSceneCropped_2k,22,1,0.777965,48347.28,40.725708,30.257604,33.126166,39.59648,4.6858,3.75,1.25
NVIDIA,1080p,DinnerSceneCropped_2k,27,1,0.204501,12708.85,38.074156,30.336812,33.257269,37.289517,4.713,3.77,1.25
NVIDIA,1080p,DinnerSceneCropped_2k,32,1,0.041194,2560.05,37.158837,30.414936,33.371685,36.500646,4.7352,3.79,1.25
NVIDIA,1080p,DinnerSceneCropped_2k,37,1,0.020674,1284.83,36.71667,30.433566,33.400962,36.116744,4.5384,3.91,1.167
NVIDIA,1080p,DinnerSceneCropped_2k,22,2,0.780422,48499.92,40.756184,30.255877,33.125539,39.622999,5.1225,3.41,1.5
NVIDIA,1080p,DinnerSceneCropped_2k,27,2,0.203866,12669.43,38.095126,30.337457,33.260707,37.308121,5.1102,3.41,1.5
NVIDIA,1080p,DinnerSceneCropped_2k,32,2,0.040011,2486.53,37.180925,30.410242,33.373266,36.519779,4.8077,3.53,1.367
NVIDIA,1080p,DinnerSceneCropped_2k,37,2,0.020002,1243.07,36.757958,30.429966,33.402053,36.152714,5.0555,3.37,1.5
NVIDIA,1080p,DinnerSceneCropped_2k,22,3,0.785819,48835.32,40.797416,30.240349,33.090308,39.655905,6.3698,4.25,1.5
NVIDIA,1080p,DinnerSceneCropped_2k,27,3,0.20246,12582.03,38.087243,30.325319,33.23781,37.299033,6.3566,4.24,1.5
NVIDIA,1080p,DinnerSceneCropped_2k,32,3,0.040111,2492.7,37.137933,30.402685,33.358259,36.48075,6.3393,4.23,1.5
NVIDIA,1080p,DinnerSceneCropped_2k,37,3,0.019975,1241.39,36.674708,30.427798,33.396961,36.079417,6.3313,4.22,1.5
NVIDIA,1080p,DinnerSceneCropped_2k,22,4,0.785819,48835.32,40.797416,30.240349,33.090308,39.655905,6.3792,4.25,1.5
NVIDIA,1080p,DinnerSceneCropped_2k,27,4,0.20246,12582.03,38.087243,30.325319,33.23781,37.299033,6.3581,4.24,1.5
NVIDIA,1080p,DinnerSceneCropped_2k,32,4,0.040111,2492.7,37.137933,30.402685,33.358259,36.48075,6.2705,4.18,1.5
NVIDIA,1080p,DinnerSceneCropped_2k,37,4,0.019975,1241.39,36.674708,30.427798,33.396961,36.079417,6.3238,4.22,1.5
NVIDIA,1080p,Motorcycle_2k,22,1,1.443639,89805.92,42.688988,21.770232,22.979492,40.149722,5.1475,3.43,1.5
NVIDIA,1080p,Motorcycle_2k,27,1,0.957509,59564.75,38.746671,21.791089,22.991765,36.702265,5.219,3.48,1.5
NVIDIA,1080p,Motorcycle_2k,32,1,0.597066,37142.27,34.826818,21.82376,23.010485,33.275606,4.6554,3.72,1.25
NVIDIA,1080p,Motorcycle_2k,37,1,0.349468,21739.68,31.227352,21.860089,23.037146,30.13001,4.6692,3.74,1.25
NVIDIA,1080p,Motorcycle_2k,22,2,1.423399,88546.82,42.774601,21.770173,22.978895,40.224593,5.5706,3.19,1.748
NVIDIA,1080p,Motorcycle_2k,27,2,0.942971,58660.33,38.844338,21.789995,22.989425,36.787509,5.069,3.38,1.5
NVIDIA,1080p,Motorcycle_2k,32,2,0.587263,36532.46,34.928643,21.819232,23.012244,33.36453,5.0241,3.35,1.5
NVIDIA,1080p,Motorcycle_2k,37,2,0.343243,21352.43,31.33163,21.85746,23.030369,30.220666,5.0375,3.36,1.5
NVIDIA,1080p,Motorcycle_2k,22,3,1.346158,83741.82,43.252171,21.758072,22.973451,40.64137,7.0373,3.52,2.0
NVIDIA,1080p,Motorcycle_2k,27,3,0.916458,57011.02,39.388983,21.770935,22.981074,37.262361,6.9818,3.49,2.0
NVIDIA,1080p,Motorcycle_2k,32,3,0.589637,36680.14,35.43146,21.798641,23.000363,33.802465,6.9985,3.5,2.0
NVIDIA,1080p,Motorcycle_2k,37,3,0.354111,22028.56,31.684491,21.835042,23.021209,30.527445,6.3244,4.22,1.5
NVIDIA,1080p,Motorcycle_2k,22,4,1.346158,83741.82,43.252171,21.758072,22.973451,40.64137,7.0665,3.53,2.0
NVIDIA,1080p,Motorcycle_2k,27,4,0.916458,57011.02,39.388983,21.770935,22.981074,37.262361,7.0063,3.5,2.0
NVIDIA,1080p,Motorcycle_2k,32,4,0.589637,36680.14,35.43146,21.798641,23.000363,33.802465,7.0665,3.53,2.002
NVIDIA,1080p,Motorcycle_2k,37,4,0.354111,22028.56,31.684491,21.835042,23.021209,30.527445,6.3269,4.22,1.5
NVIDIA,1080p,MountainBike_2k,22,1,1.286154,80009.09,42.602845,23.469074,22.744442,40.165834,5.238,3.49,1.5
NVIDIA,1080p,MountainBike_2k,27,1,0.819725,50993.46,38.852991,23.485076,22.753726,36.886292,4.9207,3.66,1.351
NVIDIA,1080p,MountainBike_2k,32,1,0.490578,30517.89,35.22651,23.507436,22.766998,33.715348,4.7009,3.76,1.25
NVIDIA,1080p,MountainBike_2k,37,1,0.279358,17378.3,31.913797,23.535745,22.781356,30.819391,4.6848,3.75,1.25
NVIDIA,1080p,MountainBike_2k,22,2,1.27347,79220.01,42.691017,23.468277,22.745223,40.242984,5.6228,3.21,1.75
NVIDIA,1080p,MountainBike_2k,27,2,0.811223,50464.54,38.950152,23.484108,22.754312,36.971284,5.0723,3.38,1.501
NVIDIA,1080p,MountainBike_2k,32,2,0.485127,30178.78,35.329508,23.506918,22.764496,33.805283,5.0772,3.39,1.5
NVIDIA,1080p,MountainBike_2k,37,2,0.276182,17180.73,32.02146,23.533075,22.782672,30.913512,5.0316,3.36,1.499
NVIDIA,1080p,MountainBike_2k,22,3,1.219501,75862.7,43.128359,23.459657,22.737672,40.624647,7.0627,3.53,2.0
NVIDIA,1080p,MountainBike_2k,27,3,0.80221,49903.87,39.38137,23.469628,22.74211,37.346932,7.0601,3.53,2.0
NVIDIA,1080p,MountainBike_2k,32,3,0.491406,30569.41,35.604943,23.487505,22.751087,34.044237,7.015,3.51,1.999
NVIDIA,1080p,MountainBike_2k,37,3,0.280302,17437.02,32.08045,23.511752,22.76555,30.962725,6.3376,4.23,1.5
NVIDIA,1080p,MountainBike_2k,22,4,1.219501,75862.7,43.128359,23.459657,22.737672,40.624647,7.0957,3.55,2.001
NVIDIA,1080p,MountainBike_2k,27,4,0.80221,49903.87,39.38137,23.469628,22.74211,37.346932,7.0351,3.52,2.0
NVIDIA,1080p,MountainBike_2k,32,4,0.491406,30569.41,35.604943,23.487505,22.751087,34.044237,6.9826,3.49,2.0
NVIDIA,1080p,MountainBike_2k,37,4,0.280302,17437.02,32.08045,23.511752,22.76555,30.962725,6.3469,4.23,1.5
NVIDIA,1080p,OldTownCross_1080p50,22,1,1.53073,158706.07,40.131792,30.192301,28.765369,38.800172,5.2048,3.47,1.499
NVIDIA,1080p,OldTownCross_1080p50,27,1,0.676157,70103.99,36.734419,30.320604,28.91413,35.844788,4.7173,3.78,1.249
NVIDIA,1080p,OldTownCross_1080p50,32,1,0.309976,32138.32,34.483725,30.321258,29.0567,33.884382,4.7739,3.81,1.252
NVIDIA,1080p,OldTownCross_1080p50,37,1,0.161841,16779.65,32.387854,30.321202,29.188725,32.058743,4.7197,3.78,1.249
NVIDIA,1080p,OldTownCross_1080p50,22,2,1.524714,158082.32,40.164546,30.190749,28.762974,38.828585,5.7095,3.26,1.75
NVIDIA,1080p,OldTownCross_1080p50,27,2,0.670382,69505.17,36.769885,30.319236,28.911326,35.87556,5.1177,3.41,1.5
NVIDIA,1080p,OldTownCross_1080p50,32,2,0.306509,31778.87,34.542805,30.319307,29.059344,33.93612,5.1081,3.41,1.499
NVIDIA,1080p,OldTownCross_1080p50,37,2,0.160016,16590.41,32.466187,30.320489,29.183148,32.126891,5.081,3.39,1.499
NVIDIA,1080p,OldTownCross_1080p50,22,3,1.525539,158167.85,40.26862,30.164232,28.710387,38.914706,7.1022,3.55,2.003
NVIDIA,1080p,OldTownCross_1080p50,27,3,0.670029,69468.63,36.86761,30.303071,28.846333,35.955996,7.0837,3.54,1.999
NVIDIA,1080p,OldTownCross_1080p50,32,3,0.308553,31990.81,34.577628,30.31422,28.992196,33.962075,6.3645,4.24,1.5
NVIDIA,1080p,OldTownCross_1080p50,37,3,0.160636,16654.79,32.354521,30.31331,29.10482,32.023839,6.3306,4.22,1.5
NVIDIA,1080p,OldTownCross_1080p50,22,4,1.525539,158167.85,40.26862,30.164232,28.710387,38.914706,7.1316,3.57,1.999
NVIDIA,1080p,OldTownCross_1080p50,27,4,0.670029,69468.63,36.86761,30.303071,28.846333,35.955996,7.1214,3.56,2.0
NVIDIA,1080p,OldTownCross_1080p50,32,4,0.308553,31990.81,34.577628,30.31422,28.992196,33.962075,6.3166,4.21,1.5
NVIDIA,1080p,OldTownCross_1080p50,37,4,0.160636,16654.79,32.354521,30.31331,29.10482,32.023839,6.3815,4.26,1.5
NVIDIA,1080p,PedestrianArea_1080p25,22,1,0.423666,21962.83,43.455532,28.972907,31.354299,41.794041,4.7063,3.77,1.25
NVIDIA,1080p,PedestrianArea_1080p25,27,1,0.200601,10399.15,41.680185,29.009981,31.378499,40.244442,4.6923,3.76,1.249
NVIDIA,1080p,PedestrianArea_1080p25,32,1,0.113245,5870.62,39.814312,29.055804,31.42846,38.61779,4.7536,3.8,1.25
NVIDIA,1080p,PedestrianArea_1080p25,37,1,0.066679,3456.63,37.648867,29.107673,31.470704,36.728907,4.8138,3.85,1.25
NVIDIA,1080p,PedestrianArea_1080p25,22,2,0.415198,21523.88,43.491584,28.972515,31.352078,41.825423,5.1058,3.4,1.5
NVIDIA,1080p,PedestrianArea_1080p25,27,2,0.194893,10103.23,41.742133,29.008668,31.379685,40.298638,5.0991,3.4,1.501
NVIDIA,1080p,PedestrianArea_1080p25,32,2,0.109507,5676.83,39.90663,29.049341,31.426803,38.69806,5.1796,3.45,1.5
NVIDIA,1080p,PedestrianArea_1080p25,37,2,0.064299,3333.25,37.772972,29.106826,31.470801,36.837452,4.9234,3.57,1.384
NVIDIA,1080p,PedestrianArea_1080p25,22,3,0.409566,21231.88,43.476701,28.958467,31.340397,41.810792,6.3067,4.21,1.499
NVIDIA,1080p,PedestrianArea_1080p25,27,3,0.192636,9986.26,41.644079,28.986155,31.364003,40.210454,6.3402,4.23,1.5
NVIDIA,1080p,PedestrianArea_1080p25,32,3,0.108771,5638.69,39.664424,29.024917,31.401998,38.483053,6.3283,4.22,1.499
NVIDIA,1080p,PedestrianArea_1080p25,37,3,0.064152,3325.65,37.439915,29.076511,31.448548,36.542742,6.331,4.22,1.499
NVIDIA,1080p,PedestrianArea_1080p25,22,4,0.409566,21231.88,43.476701,28.958467,31.340397,41.810792,6.3747,4.24,1.503
NVIDIA,1080p,PedestrianArea_1080p25,27,4,0.192636,9986.26,41.644079,28.986155,31.364003,40.210454,6.3449,4.23,1.5
NVIDIA,1080p,PedestrianArea_1080p25,32,4,0.108771,5638.69,39.664424,29.024917,31.401998,38.483053,6.359,4.24,1.499
NVIDIA,1080p,PedestrianArea_1080p25,37,4,0.064152,3325.65,37.439915,29.076511,31.448548,36.542742,6.3598,4.24,1.5
NVIDIA,1080p,RitualDance_2k,22,1,0.306664,38115.79,46.759462,26.157796,24.514524,44.081549,4.6833,3.74,1.251
NVIDIA,1080p,RitualDance_2k,27,1,0.184061,22877.22,44.307705,26.178833,24.508432,41.937196,4.7352,3.79,1.25
NVIDIA,1080p,RitualDance_2k,32,1,0.109218,13574.94,41.496654,26.191714,24.52656,39.479464,4.7126,3.77,1.25
NVIDIA,1080p,RitualDance_2k,37,1,0.064351,7998.35,38.610794,26.196256,24.547137,36.955907,4.7814,3.83,1.25
NVIDIA,1080p,RitualDance_2k,22,2,0.296668,36873.35,46.828553,26.159009,24.514513,44.142079,5.0397,3.36,1.5
NVIDIA,1080p,RitualDance_2k,27,2,0.177419,22051.74,44.414947,26.180184,24.509141,42.031161,5.0756,3.38,1.5
NVIDIA,1080p,RitualDance_2k,32,2,0.104953,13044.8,41.643197,26.191019,24.529526,39.607831,5.1175,3.41,1.502
NVIDIA,1080p,RitualDance_2k,37,2,0.061914,7695.39,38.788919,26.196468,24.544563,37.111619,5.0987,3.4,1.5
NVIDIA,1080p,RitualDance_2k,22,3,0.284593,35372.53,46.841974,26.156094,24.50699,44.15317,6.278,4.19,1.5
NVIDIA,1080p,RitualDance_2k,27,3,0.171939,21370.58,44.392682,26.174602,24.502838,42.010937,6.3363,4.22,1.5
NVIDIA,1080p,RitualDance_2k,32,3,0.102936,12794.09,41.512753,26.186938,24.517121,39.492663,6.3432,4.23,1.5
NVIDIA,1080p,RitualDance_2k,37,3,0.061256,7613.67,38.486132,26.17981,24.533483,36.844946,6.3387,4.23,1.5
NVIDIA,1080p,RitualDance_2k,22,4,0.284593,35372.53,46.841974,26.156094,24.50699,44.15317,6.3007,4.2,1.499
NVIDIA,1080p,RitualDance_2k,27,4,0.171939,21370.58,44.392682,26.174602,24.502838,42.010937,6.3314,4.22,1.5
NVIDIA,1080p,RitualDance_2k,32,4,0.102936,12794.09,41.512753,26.186938,24.517121,39.492663,6.3146,4.21,1.5
NVIDIA,1080p,RitualDance_2k,37,4,0.061256,7613.67,38.486132,26.17981,24.533483,36.844946,6.3482,4.23,1.5
NVIDIA,1080p,Riverbed_1080p25,22,1,0.836962,43388.13,42.314246,28.685341,30.387671,40.717028,4.7924,3.83,1.25
NVIDIA,1080p,Riverbed_1080p25,27,1,0.44237,22932.48,39.720047,28.75031,30.446885,38.454866,4.8124,3.85,1.25
NVIDIA,1080p,Riverbed_1080p25,32,1,0.24587,12745.9,37.141214,28.820703,30.514696,36.207025,4.8533,3.88,1.25
NVIDIA,1080p,Riverbed_1080p25,37,1,0.137724,7139.6,34.528091,28.880656,30.580883,33.928426,4.8148,3.85,1.251
NVIDIA,1080p,Riverbed_1080p25,22,2,0.835924,43334.32,42.355268,28.682279,30.386896,40.752683,5.1603,3.44,1.5
NVIDIA,1080p,Riverbed_1080p25,27,2,0.441257,22874.76,39.772656,28.745115,30.445129,38.500464,5.1799,3.45,1.5
NVIDIA,1080p,Riverbed_1080p25,32,2,0.244707,12685.59,37.215794,28.814462,30.516593,36.272011,5.2115,3.47,1.5
NVIDIA,1080p,Riverbed_1080p25,37,2,0.136824,7092.97,34.613277,28.883481,30.571544,34.002556,4.9893,3.53,1.417
NVIDIA,1080p,Riverbed_1080p25,22,3,0.840833,43588.79,42.308875,28.661019,30.366375,40.709478,6.4107,4.27,1.5
NVIDIA,1080p,Riverbed_1080p25,27,3,0.441388,22881.53,39.630961,28.723547,30.42588,38.37393,6.3854,4.25,1.501
NVIDIA,1080p,Riverbed_1080p25,32,3,0.243938,12645.77,36.945619,28.796441,30.488248,36.03271,6.4318,4.29,1.501
NVIDIA,1080p,Riverbed_1080p25,37,3,0.136382,7070.03,34.278179,28.86161,30.547769,33.706493,6.4101,4.27,1.5
NVIDIA,1080p,Riverbed_1080p25,22,4,0.840833,43588.79,42.308875,28.661019,30.366375,40.709478,6.4294,4.29,1.5
NVIDIA,1080p,Riverbed_1080p25,27,4,0.441388,22881.53,39.630961,28.723547,30.42588,38.37393,6.4041,4.27,1.499
NVIDIA,1080p,Riverbed_1080p25,32,4,0.243938,12645.77,36.945619,28.796441,30.488248,36.03271,6.3958,4.26,1.5
NVIDIA,1080p,Riverbed_1080p25,37,4,0.136382,7070.03,34.278179,28.86161,30.547769,33.706493,6.362,4.25,1.498
NVIDIA,1080p,Skater227_2k,22,1,0.116454,7244.38,48.61658,29.806467,29.941602,46.273762,4.7736,3.82,1.25
NVIDIA,1080p,Skater227_2k,27,1,0.065308,4062.66,46.884354,29.800755,29.95747,44.758699,4.7652,3.81,1.25
NVIDIA,1080p,Skater227_2k,32,1,0.037459,2330.25,44.861378,29.809864,29.998187,42.991709,4.7896,3.83,1.25
NVIDIA,1080p,Skater227_2k,37,1,0.022482,1398.55,42.636352,29.803385,30.037422,41.046858,4.7455,3.8,1.25
NVIDIA,1080p,Skater227_2k,22,2,0.113157,7039.3,48.663817,29.804631,29.94144,46.314969,4.9986,3.5,1.434
NVIDIA,1080p,Skater227_2k,27,2,0.063344,3940.51,46.968101,29.803155,29.956265,44.832052,4.7948,3.57,1.349
NVIDIA,1080p,Skater227_2k,32,2,0.036397,2264.17,44.980172,29.809844,29.998543,43.095675,4.819,3.58,1.349
NVIDIA,1080p,Skater227_2k,37,2,0.021823,1357.55,42.776764,29.801336,30.028769,41.16905,4.5547,3.64,1.25
NVIDIA,1080p,Skater227_2k,22,3,0.112696,7010.62,48.576696,29.804438,29.940086,46.238642,6.3438,4.23,1.501
NVIDIA,1080p,Skater227_2k,27,3,0.063359,3941.43,46.777705,29.800145,29.955211,44.665202,6.3444,4.23,1.5
NVIDIA,1080p,Skater227_2k,32,3,0.036425,2265.95,44.67149,29.804534,29.992729,42.824883,6.3926,4.26,1.5
NVIDIA,1080p,Skater227_2k,37,3,0.021866,1360.23,42.393329,29.799133,30.01881,40.832784,6.3189,4.21,1.501
NVIDIA,1080p,Skater227_2k,22,4,0.112696,7010.62,48.576696,29.804438,29.940086,46.238642,6.3206,4.21,1.501
NVIDIA,1080p,Skater227_2k,27,4,0.063359,3941.43,46.777705,29.800145,29.955211,44.665202,6.3504,4.23,1.5
NVIDIA,1080p,Skater227_2k,32,4,0.036425,2265.95,44.67149,29.804534,29.992729,42.824883,6.3241,4.22,1.5
NVIDIA,1080p,Skater227_2k,37,4,0.021866,1360.23,42.393329,29.799133,30.01881,40.832784,6.2943,4.19,1.501
NVIDIA,1080p,TunnelFlag_2k,22,1,0.940225,116862.23,42.60865,23.15019,25.294485,40.310361,4.7591,3.81,1.25
NVIDIA,1080p,TunnelFlag_2k,27,1,0.560636,69682.35,39.657146,23.128482,25.315438,37.727748,4.7007,3.76,1.25
NVIDIA,1080p,TunnelFlag_2k,32,1,0.327762,40738.13,36.669997,23.145337,25.33636,35.116353,4.7331,3.79,1.25
NVIDIA,1080p,TunnelFlag_2k,37,1,0.191076,23749.15,33.773111,23.151495,25.366228,32.58383,4.7559,3.81,1.25
NVIDIA,1080p,TunnelFlag_2k,22,2,0.902216,112137.99,42.651487,23.152049,25.292712,40.347849,5.1638,3.44,1.499
NVIDIA,1080p,TunnelFlag_2k,27,2,0.53143,66052.38,39.730951,23.130136,25.313933,37.792336,5.1722,3.44,1.501
NVIDIA,1080p,TunnelFlag_2k,32,2,0.306718,38122.45,36.783685,23.140636,25.332431,35.215291,5.1147,3.41,1.5
NVIDIA,1080p,TunnelFlag_2k,37,2,0.176953,21993.73,33.93929,23.150775,25.365874,32.729169,5.1275,3.42,1.498
NVIDIA,1080p,TunnelFlag_2k,22,3,0.873014,108508.4,42.680896,23.147697,25.282041,40.372643,7.1028,3.55,2.0
NVIDIA,1080p,TunnelFlag_2k,27,3,0.513373,63807.95,39.75126,23.125332,25.299785,37.808922,6.3954,4.26,1.5
NVIDIA,1080p,TunnelFlag_2k,32,3,0.297288,36950.46,36.765571,23.137608,25.329562,35.199073,6.3362,4.22,1.5
NVIDIA,1080p,TunnelFlag_2k,37,3,0.173323,21542.63,33.838006,23.150817,25.366529,32.640589,6.3411,4.23,1.5
NVIDIA,1080p,TunnelFlag_2k,22,4,0.873014,108508.4,42.680896,23.147697,25.282041,40.372643,6.8743,3.72,1.866
NVIDIA,1080p,TunnelFlag_2k,27,4,0.513373,63807.95,39.75126,23.125332,25.299785,37.808922,6.3523,4.24,1.498
NVIDIA,1080p,TunnelFlag_2k,32,4,0.297288,36950.46,36.765571,23.137608,25.329562,35.199073,6.3698,4.25,1.5
NVIDIA,1080p,TunnelFlag_2k,37,4,0.173323,21542.63,33.838006,23.150817,25.366529,32.640589,6.3631,4.24,1.5
NVIDIA,1080p,Vertical_bees_2k,22,1,0.534517,33218.01,45.350854,18.87921,20.422668,42.138365,4.7875,3.83,1.249
NVIDIA,1080p,Vertical_bees_2k,27,1,0.337339,20964.23,42.477217,18.882486,20.425914,39.62434,4.7727,3.82,1.25
NVIDIA,1080p,Vertical_bees_2k,32,1,0.210586,13087.03,39.35904,18.886721,20.435257,36.896784,4.7862,3.83,1.249
NVIDIA,1080p,Vertical_bees_2k,37,1,0.129887,8071.91,36.229906,18.891491,20.446086,34.159766,4.845,3.88,1.25
NVIDIA,1080p,Vertical_bees_2k,22,2,0.525306,32645.58,45.414437,18.87912,20.422392,42.193977,5.188,3.46,1.5
NVIDIA,1080p,Vertical_bees_2k,27,2,0.330225,20522.11,42.570368,18.881659,20.426218,39.705814,5.2251,3.48,1.501
NVIDIA,1080p,Vertical_bees_2k,32,2,0.205699,12783.35,39.492707,18.885324,20.434562,37.013612,5.2436,3.49,1.501
NVIDIA,1080p,Vertical_bees_2k,37,2,0.126996,7892.26,36.383168,18.890396,20.446108,34.293803,5.2119,3.47,1.5
NVIDIA,1080p,Vertical_bees_2k,22,3,0.51834,32212.68,45.385395,18.876887,20.420426,42.168303,6.4289,4.28,1.5
NVIDIA,1080p,Vertical_bees_2k,27,3,0.327574,20357.34,42.470993,18.878393,20.422232,39.618408,6.4073,4.27,1.5
NVIDIA,1080p,Vertical_bees_2k,32,3,0.205252,12755.57,39.299084,18.882421,20.429722,36.843707,6.4138,4.28,1.5
NVIDIA,1080p,Vertical_bees_2k,37,3,0.12736,7914.86,36.070465,18.885391,20.437288,34.019324,6.4265,4.28,1.5
NVIDIA,1080p,Vertical_bees_2k,22,4,0.51834,32212.68,45.385395,18.876887,20.420426,42.168303,6.4007,4.27,1.499
NVIDIA,1080p,Vertical_bees_2k,27,4,0.327574,20357.34,42.470993,18.878393,20.422232,39.618408,6.3751,4.25,1.499
NVIDIA,1080p,Vertical_bees_2k,32,4,0.205252,12755.57,39.299084,18.882421,20.429722,36.843707,6.3654,4.24,1.5
NVIDIA,1080p,Vertical_bees_2k,37,4,0.12736,7914.86,36.070465,18.885391,20.437288,34.019324,6.4461,4.3,1.5
NVIDIA,1080p,Vertical_Carnaby_2k,22,1,0.26093,32431.44,47.703243,20.497851,19.907509,44.265673,4.7727,3.82,1.25
NVIDIA,1080p,Vertical_Carnaby_2k,27,1,0.153477,19075.93,45.309583,20.504884,19.906097,42.171571,4.806,3.85,1.25
NVIDIA,1080p,Vertical_Carnaby_2k,32,1,0.094058,11690.57,42.73456,20.515092,19.912436,39.91946,4.8511,3.88,1.25
NVIDIA,1080p,Vertical_Carnaby_2k,37,1,0.060407,7508.03,39.998393,20.52183,19.915779,37.525944,4.8782,3.9,1.25
NVIDIA,1080p,Vertical_Carnaby_2k,22,2,0.256481,31878.44,47.777397,20.497736,19.907592,44.330555,5.1911,3.46,1.5
NVIDIA,1080p,Vertical_Carnaby_2k,27,2,0.15038,18690.93,45.394602,20.503643,19.906705,42.245923,5.2331,3.49,1.5
NVIDIA,1080p,Vertical_Carnaby_2k,32,2,0.091816,11412.0,42.865517,20.515364,19.912011,40.034038,5.0213,3.56,1.416
NVIDIA,1080p,Vertical_Carnaby_2k,37,2,0.058838,7313.1,40.164741,20.52172,19.912832,37.671308,4.8656,3.66,1.334
NVIDIA,1080p,Vertical_Carnaby_2k,22,3,0.2542,31594.9,47.741511,20.495915,19.906127,44.29895,6.4004,4.27,1.5
NVIDIA,1080p,Vertical_Carnaby_2k,27,3,0.149732,18610.45,45.178665,20.501123,19.905254,42.05673,6.4298,4.29,1.5
NVIDIA,1080p,Vertical_Carnaby_2k,32,3,0.091676,11394.56,42.425553,20.508549,19.910175,39.648529,6.4016,4.27,1.5
NVIDIA,1080p,Vertical_Carnaby_2k,37,3,0.058879,7318.12,39.603194,20.51751,19.913586,37.179738,6.3785,4.25,1.5
NVIDIA,1080p,Vertical_Carnaby_2k,22,4,0.2542,31594.9,47.741511,20.495915,19.906127,44.29895,6.3932,4.26,1.5
NVIDIA,1080p,Vertical_Carnaby_2k,27,4,0.149732,18610.45,45.178665,20.501123,19.905254,42.05673,6.4061,4.27,1.5
NVIDIA,1080p,Vertical_Carnaby_2k,32,4,0.091676,11394.56,42.425553,20.508549,19.910175,39.648529,6.4079,4.27,1.5
NVIDIA,1080p,Vertical_Carnaby_2k,37,4,0.058879,7318.12,39.603194,20.51751,19.913586,37.179738,6.3596,4.24,1.5
NVIDIA,1080p,WalkingInStreet_2k,22,1,3.248668,202093.11,39.979513,21.670155,27.479861,38.05395,6.0353,3.02,2.001
NVIDIA,1080p,WalkingInStreet_2k,27,1,2.154431,134022.85,35.695128,21.729867,27.585299,34.315435,5.318,3.55,1.5
NVIDIA,1080p,WalkingInStreet_2k,32,1,1.321503,82208.06,31.727798,21.794795,27.701866,30.855365,5.0394,4.03,1.252
NVIDIA,1080p,WalkingInStreet_2k,37,1,0.771318,47982.18,28.179852,21.859045,27.799815,27.761049,4.9094,3.93,1.25
NVIDIA,1080p,WalkingInStreet_2k,22,2,3.257469,202640.62,40.009392,21.672334,27.480964,38.080299,6.1332,3.07,1.999
NVIDIA,1080p,WalkingInStreet_2k,27,2,2.161825,134482.81,35.715202,21.729766,27.582993,34.332849,5.3782,3.59,1.499
NVIDIA,1080p,WalkingInStreet_2k,32,2,1.32475,82410.04,31.748923,21.795688,27.701567,30.873886,5.4521,3.63,1.5
NVIDIA,1080p,WalkingInStreet_2k,37,2,0.772037,48026.88,28.203686,21.857508,27.801844,27.781935,5.375,3.58,1.5
NVIDIA,1080p,WalkingInStreet_2k,22,3,3.253218,202376.17,40.312786,21.646518,27.422274,38.340487,7.3059,3.65,2.0
NVIDIA,1080p,WalkingInStreet_2k,27,3,2.215524,137823.33,35.988694,21.663573,27.462601,34.560493,7.2166,3.61,2.0
NVIDIA,1080p,WalkingInStreet_2k,32,3,1.367797,85087.91,31.86268,21.722269,27.592721,30.962032,7.1362,3.57,2.0
NVIDIA,1080p,WalkingInStreet_2k,37,3,0.782191,48658.55,28.135939,21.789432,27.731456,27.714002,6.4293,4.29,1.5
NVIDIA,1080p,WalkingInStreet_2k,22,4,3.253218,202376.17,40.312786,21.646518,27.422274,38.340487,7.2554,3.63,2.0
NVIDIA,1080p,WalkingInStreet_2k,27,4,2.215524,137823.33,35.988694,21.663573,27.462601,34.560493,7.2329,3.62,1.999
NVIDIA,1080p,WalkingInStreet_2k,32,4,1.367797,85087.91,31.86268,21.722269,27.592721,30.962032,7.1539,3.58,2.0
NVIDIA,1080p,WalkingInStreet_2k,37,4,0.782191,48658.55,28.135939,21.789432,27.731456,27.714002,6.4568,4.3,1.5
NVIDIA,1080p,WorldCup_2k,22,1,0.327115,20349.19,46.800346,27.298788,25.85291,44.272284,4.6608,3.73,1.25
NVIDIA,1080p,WorldCup_2k,27,1,0.199286,12397.19,44.102907,27.302302,25.863995,41.912937,4.7293,3.78,1.25
NVIDIA,1080p,WorldCup_2k,32,1,0.121273,7544.18,41.151839,27.311793,25.876685,39.332139,4.7073,3.77,1.25
NVIDIA,1080p,WorldCup_2k,37,1,0.073217,4554.71,38.127103,27.344685,25.884886,36.688063,4.7292,3.78,1.25
NVIDIA,1080p,WorldCup_2k,22,2,0.314564,19568.38,46.878818,27.297591,25.85357,44.340913,5.0231,3.35,1.5
NVIDIA,1080p,WorldCup_2k,27,2,0.190282,11837.07,44.228611,27.299789,25.863771,42.022757,5.1097,3.41,1.5
NVIDIA,1080p,WorldCup_2k,32,2,0.115494,7184.64,41.320539,27.31355,25.87563,39.479795,5.1191,3.41,1.5
NVIDIA,1080p,WorldCup_2k,37,2,0.069468,4321.44,38.321894,27.343172,25.883659,36.858334,5.1403,3.43,1.5
NVIDIA,1080p,WorldCup_2k,22,3,0.302259,18802.93,46.957087,27.292279,25.849964,44.408841,6.3093,4.21,1.5
NVIDIA,1080p,WorldCup_2k,27,3,0.18418,11457.44,44.247687,27.293517,25.858961,42.038756,6.3287,4.22,1.5
NVIDIA,1080p,WorldCup_2k,32,3,0.112851,7020.25,41.218058,27.302503,25.867348,39.388916,6.3256,4.22,1.5
NVIDIA,1080p,WorldCup_2k,37,3,0.068401,4255.06,38.078873,27.329315,25.87551,36.644315,6.345,4.23,1.5
NVIDIA,1080p,WorldCup_2k,22,4,0.302259,18802.93,46.957087,27.292279,25.849964,44.408841,6.3279,4.22,1.5
NVIDIA,1080p,WorldCup_2k,27,4,0.18418,11457.44,44.247687,27.293517,25.858961,42.038756,6.3472,4.23,1.5
NVIDIA,1080p,WorldCup_2k,32,4,0.112851,7020.25,41.218058,27.302503,25.867348,39.388916,6.3585,4.24,1.5
NVIDIA,1080p,WorldCup_2k,37,4,0.068401,4255.06,38.078873,27.329315,25.87551,36.644315,6.2898,4.19,1.5
NVIDIA,1080p,WorldCup_far_2k,22,1,1.010553,62864.49,43.35693,18.743538,20.364847,40.381588,5.0715,3.68,1.383
NVIDIA,1080p,WorldCup_far_2k,27,1,0.631562,39288.22,39.990011,18.749189,20.378145,37.436718,4.7142,3.77,1.25
NVIDIA,1080p,WorldCup_far_2k,32,1,0.383946,23884.53,36.627664,18.759254,20.400247,34.496675,4.6943,3.75,1.251
NVIDIA,1080p,WorldCup_far_2k,37,1,0.228928,14241.13,33.436882,18.765863,20.421493,31.706481,4.7318,3.79,1.25
NVIDIA,1080p,WorldCup_far_2k,22,2,0.991901,61704.19,43.426404,18.743956,20.363788,40.442338,5.1019,3.4,1.5
NVIDIA,1080p,WorldCup_far_2k,27,2,0.618,38444.52,40.087504,18.749717,20.37736,37.522008,5.0825,3.39,1.5
NVIDIA,1080p,WorldCup_far_2k,32,2,0.374686,23308.45,36.756517,18.760453,20.396857,34.609284,5.0913,3.39,1.5
NVIDIA,1080p,WorldCup_far_2k,37,2,0.223506,13903.86,33.58645,18.767655,20.418693,31.83729,5.1249,3.42,1.5
NVIDIA,1080p,WorldCup_far_2k,22,3,0.968037,60219.63,43.521646,18.740476,20.355897,40.524964,7.0682,3.53,2.0
NVIDIA,1080p,WorldCup_far_2k,27,3,0.607849,37813.04,40.145448,18.743479,20.363219,37.571436,7.0352,3.52,2.0
NVIDIA,1080p,WorldCup_far_2k,32,3,0.371751,23125.91,36.71346,18.751108,20.380612,34.57001,6.3791,4.25,1.501
NVIDIA,1080p,WorldCup_far_2k,37,3,0.222741,13856.27,33.389075,18.75699,20.397938,31.662624,6.35,4.23,1.5
NVIDIA,1080p,WorldCup_far_2k,22,4,0.968037,60219.63,43.521646,18.740476,20.355897,40.524964,7.0555,3.53,2.0
NVIDIA,1080p,WorldCup_far_2k,27,4,0.607849,37813.04,40.145448,18.743479,20.363219,37.571436,7.0531,3.53,2.0
NVIDIA,1080p,WorldCup_far_2k,32,4,0.371751,23125.91,36.71346,18.751108,20.380612,34.57001,6.3898,4.25,1.503
NVIDIA,1080p,WorldCup_far_2k,37,4,0.222741,13856.27,33.389075,18.75699,20.397938,31.662624,6.313,4.21,1.499
NVIDIA,720p,ControlledBurn_720p,22,1,1.430387,39547.34,41.861466,24.747634,25.843642,39.790737,1.8146,4.84,0.375
NVIDIA,720p,ControlledBurn_720p,27,1,0.931651,25758.28,38.049027,24.764356,25.860163,36.456931,1.8276,4.87,0.375
NVIDIA,720p,ControlledBurn_720p,32,1,0.562308,15546.69,34.288619,24.764418,25.892672,33.16861,1.4643,4.88,0.3
NVIDIA,720p,ControlledBurn_720p,37,1,0.311564,8614.12,30.890013,24.789278,25.924766,30.198389,1.8401,4.9,0.375
NVIDIA,720p,ControlledBurn_720p,22,2,1.42441,39382.08,41.911636,24.746859,25.845315,39.834692,2.0253,4.05,0.5
NVIDIA,720p,ControlledBurn_720p,27,2,0.926774,25623.44,38.106484,24.760948,25.855945,36.506729,1.797,4.79,0.375
NVIDIA,720p,ControlledBurn_720p,32,2,0.558294,15435.7,34.353676,24.762171,25.895902,33.225596,1.7859,4.76,0.375
NVIDIA,720p,ControlledBurn_720p,37,2,0.308832,8538.58,30.969261,24.783857,25.931675,30.267824,1.7809,4.75,0.375
NVIDIA,720p,ControlledBurn_720p,22,3,1.429078,39511.16,42.011869,24.741328,25.836316,39.921488,3.1831,4.25,0.75
NVIDIA,720p,ControlledBurn_720p,27,3,0.937342,25915.64,38.205935,24.751563,25.852145,36.592925,3.1695,4.23,0.75
NVIDIA,720p,ControlledBurn_720p,32,3,0.567725,15696.46,34.416824,24.748348,25.882071,33.279122,3.1595,4.21,0.75
NVIDIA,720p,ControlledBurn_720p,37,3,0.312386,8636.84,30.920079,24.767876,25.904249,30.222077,3.1502,4.2,0.75
NVIDIA,720p,ControlledBurn_720p,22,4,1.429078,39511.16,42.011869,24.741328,25.836316,39.921488,3.2025,4.27,0.75
NVIDIA,720p,ControlledBurn_720p,27,4,0.937342,25915.64,38.205935,24.751563,25.852145,36.592925,3.1786,4.24,0.75
NVIDIA,720p,ControlledBurn_720p,32,4,0.567725,15696.46,34.416824,24.748348,25.882071,33.279122,3.1626,4.22,0.75
NVIDIA,720p,ControlledBurn_720p,37,4,0.312386,8636.84,30.920079,24.767876,25.904249,30.222077,3.1473,4.2,0.75
NVIDIA,720p,DrivingPOV_720p,22,1,1.378544,76151.8,41.562166,27.316267,30.566716,39.984582,1.8125,4.83,0.375
NVIDIA,720p,DrivingPOV_720p,27,1,0.812887,44904.47,37.90405,27.36093,30.629261,36.790431,1.8164,4.85,0.375
NVIDIA,720p,DrivingPOV_720p,32,1,0.44842,24771.04,34.528218,27.414802,30.710448,33.845019,1.7956,4.79,0.375
NVIDIA,720p,DrivingPOV_720p,37,1,0.233384,12892.31,31.59503,27.472249,30.790688,31.287085,1.6616,4.15,0.4
NVIDIA,720p,DrivingPOV_720p,22,2,1.362321,75255.62,41.612571,27.316549,30.563764,40.028519,2.3838,4.77,0.5
NVIDIA,720p,DrivingPOV_720p,27,2,0.800629,44227.37,37.970239,27.358198,30.632377,36.84837,2.3665,4.73,0.5
NVIDIA,720p,DrivingPOV_720p,32,2,0.439942,24302.71,34.606091,27.417333,30.700203,33.912676,1.9956,4.0,0.499
NVIDIA,720p,DrivingPOV_720p,37,2,0.228317,12612.4,31.686248,27.470888,30.788646,31.366688,1.7623,4.7,0.375
NVIDIA,720p,DrivingPOV_720p,22,3,1.33651,73829.85,41.838565,27.295314,30.539321,40.223409,3.5421,3.54,1.0
NVIDIA,720p,DrivingPOV_720p,27,3,0.801623,44282.25,38.241524,27.328809,30.587097,37.081078,3.3192,3.88,0.866
NVIDIA,720p,DrivingPOV_720p,32,3,0.449913,24853.55,34.849864,27.380584,30.666364,34.121565,3.1451,4.19,0.75
NVIDIA,720p,DrivingPOV_720p,37,3,0.233214,12882.91,31.723275,27.428466,30.749757,31.394005,3.1477,4.2,0.75
NVIDIA,720p,DrivingPOV_720p,22,4,1.33651,73829.85,41.838565,27.295314,30.539321,40.223409,3.5269,3.53,1.0
NVIDIA,720p,DrivingPOV_720p,27,4,0.801623,44282.25,38.241524,27.328809,30.587097,37.081078,3.418,3.7,0.933
NVIDIA,720p,DrivingPOV_720p,32,4,0.449913,24853.55,34.849864,27.380584,30.666364,34.121565,3.1506,4.2,0.75
NVIDIA,720p,DrivingPOV_720p,37,4,0.233214,12882.91,31.723275,27.428466,30.749757,31.394005,3.1455,4.19,0.75
NVIDIA,720p,Johnny_720p,22,1,0.451468,24964.37,43.926562,20.251152,21.294441,41.032341,1.8017,4.81,0.375
NVIDIA,720p,Johnny_720p,27,1,0.248614,13747.38,41.738552,20.251657,21.301624,39.118313,1.8093,4.82,0.375
NVIDIA,720p,Johnny_720p,32,1,0.143458,7932.67,39.398118,20.284241,21.289379,37.071704,1.8209,4.86,0.375
NVIDIA,720p,Johnny_720p,37,1,0.083871,4637.74,36.875489,20.304557,21.29135,34.865797,1.4592,4.86,0.3
NVIDIA,720p,Johnny_720p,22,2,0.44044,24354.59,43.967155,20.251473,21.294267,41.067869,1.7649,4.71,0.375
NVIDIA,720p,Johnny_720p,27,2,0.240404,13293.36,41.80269,20.252159,21.298629,39.174278,1.769,4.72,0.375
NVIDIA,720p,Johnny_720p,32,2,0.13784,7622.02,39.49217,20.280452,21.285144,37.153498,1.7629,4.7,0.375
NVIDIA,720p,Johnny_720p,37,2,0.079964,4421.71,36.984749,20.301403,21.291027,34.961182,1.7622,4.7,0.375
NVIDIA,720p,Johnny_720p,22,3,0.423659,23426.64,44.009061,20.248901,21.294301,41.104379,3.1591,4.21,0.75
NVIDIA,720p,Johnny_720p,27,3,0.232254,12842.7,41.832719,20.247908,21.299439,39.200338,3.1471,4.2,0.75
NVIDIA,720p,Johnny_720p,32,3,0.134626,7444.26,39.478201,20.28105,21.283489,37.14121,3.153,4.2,0.75
NVIDIA,720p,Johnny_720p,37,3,0.079618,4402.58,36.840447,20.296995,21.284552,34.834238,3.1484,4.2,0.75
NVIDIA,720p,Johnny_720p,22,4,0.423659,23426.64,44.009061,20.248901,21.294301,41.104379,3.1656,4.22,0.75
NVIDIA,720p,Johnny_720p,27,4,0.232254,12842.7,41.832719,20.247908,21.299439,39.200338,3.1385,4.18,0.75
NVIDIA,720p,Johnny_720p,32,4,0.134626,7444.26,39.478201,20.28105,21.283489,37.14121,3.1739,4.23,0.75
NVIDIA,720p,Johnny_720p,37,4,0.079618,4402.58,36.840447,20.296995,21.284552,34.834238,3.1434,4.19,0.75
NVIDIA,720p,KristenAndSara_720p,22,1,0.501895,27752.77,44.247086,20.927471,23.867268,41.515871,1.645,4.12,0.399
NVIDIA,720p,KristenAndSara_720p,27,1,0.296497,16395.09,41.84782,20.928722,23.878046,39.417265,1.8106,4.83,0.375
NVIDIA,720p,KristenAndSara_720p,32,1,0.179873,9946.27,39.173077,20.96869,23.860185,37.078247,1.8057,4.82,0.375
NVIDIA,720p,KristenAndSara_720p,37,1,0.110076,6086.78,36.343118,20.991581,23.867534,34.603923,1.8182,4.85,0.375
NVIDIA,720p,KristenAndSara_720p,22,2,0.488578,27016.42,44.294024,20.929084,23.866145,41.556973,2.3565,4.71,0.5
NVIDIA,720p,KristenAndSara_720p,27,2,0.287143,15877.86,41.928394,20.929094,23.877997,39.487788,1.7618,4.7,0.375
NVIDIA,720p,KristenAndSara_720p,32,2,0.173062,9569.66,39.273437,20.969914,23.858235,37.166017,1.7722,4.73,0.375
NVIDIA,720p,KristenAndSara_720p,37,2,0.105192,5816.69,36.46839,20.991006,23.863888,34.713272,1.7672,4.71,0.375
NVIDIA,720p,KristenAndSara_720p,22,3,0.463541,25631.97,44.357075,20.924851,23.866694,41.611912,3.1505,4.2,0.75
NVIDIA,720p,KristenAndSara_720p,27,3,0.273551,15126.3,41.987234,20.926935,23.876057,39.539017,3.1489,4.2,0.75
NVIDIA,720p,KristenAndSara_720p,32,3,0.166917,9229.82,39.291256,20.967703,23.852335,37.181101,3.1417,4.19,0.75
NVIDIA,720p,KristenAndSara_720p,37,3,0.102394,5661.98,36.393407,21.002249,23.86053,34.648155,3.143,4.19,0.75
NVIDIA,720p,KristenAndSara_720p,22,4,0.463541,25631.97,44.357075,20.924851,23.866694,41.611912,3.1481,4.2,0.75
NVIDIA,720p,KristenAndSara_720p,27,4,0.273551,15126.3,41.987234,20.926935,23.876057,39.539017,3.155,4.21,0.75
NVIDIA,720p,KristenAndSara_720p,32,4,0.166917,9229.82,39.291256,20.967703,23.852335,37.181101,3.1427,4.19,0.75
NVIDIA,720p,KristenAndSara_720p,37,4,0.102394,5661.98,36.393407,21.002249,23.86053,34.648155,3.1564,4.21,0.75
NVIDIA,720p,RollerCoaster_720p,22,1,0.770284,42551.06,43.877759,25.174694,25.734355,41.574855,1.7955,4.79,0.375
NVIDIA,720p,RollerCoaster_720p,27,1,0.445272,24597.15,40.694579,25.198182,25.759405,38.792606,1.7988,4.8,0.374
NVIDIA,720p,RollerCoaster_720p,32,1,0.250146,13818.23,37.627528,25.225021,25.801563,36.113248,1.8077,4.82,0.375
NVIDIA,720p,RollerCoaster_720p,37,1,0.141053,7791.87,34.790305,25.244328,25.853208,33.635113,1.4591,4.87,0.3
NVIDIA,720p,RollerCoaster_720p,22,2,0.753868,41644.26,43.929266,25.172214,25.733407,41.619709,2.36,4.72,0.5
NVIDIA,720p,RollerCoaster_720p,27,2,0.434103,23980.2,40.777717,25.196872,25.761156,38.865379,2.3687,4.74,0.5
NVIDIA,720p,RollerCoaster_720p,32,2,0.243223,13435.8,37.738356,25.222725,25.800188,36.209994,1.7606,4.7,0.375
NVIDIA,720p,RollerCoaster_720p,37,2,0.137345,7587.04,34.930341,25.23918,25.852958,33.757307,1.7784,4.74,0.375
NVIDIA,720p,RollerCoaster_720p,22,3,0.738024,40769.02,43.985055,25.16105,25.719215,41.66694,3.1368,4.18,0.75
NVIDIA,720p,RollerCoaster_720p,27,3,0.427808,23632.43,40.797215,25.174723,25.740141,38.879742,3.16,4.21,0.75
NVIDIA,720p,RollerCoaster_720p,32,3,0.241981,13367.21,37.647898,25.201037,25.778786,36.12815,3.1636,4.22,0.75
NVIDIA,720p,RollerCoaster_720p,37,3,0.137068,7571.76,34.647833,25.220821,25.822752,33.507077,3.1678,4.23,0.75
NVIDIA,720p,RollerCoaster_720p,22,4,0.738024,40769.02,43.985055,25.16105,25.719215,41.66694,3.1579,4.21,0.75
NVIDIA,720p,RollerCoaster_720p,27,4,0.427808,23632.43,40.797215,25.174723,25.740141,38.879742,3.1503,4.2,0.75
NVIDIA,720p,RollerCoaster_720p,32,4,0.241981,13367.21,37.647898,25.201037,25.778786,36.12815,3.1554,4.21,0.75
NVIDIA,720p,RollerCoaster_720p,37,4,0.137068,7571.76,34.647833,25.220821,25.822752,33.507077,3.1681,4.22,0.751
NVIDIA,720p,Vidyo3_720p,22,1,0.48654,26903.71,44.200388,31.155291,31.314438,42.579698,1.8047,4.81,0.375
NVIDIA,720p,Vidyo3_720p,27,1,0.290742,16076.86,41.814323,31.198884,31.315078,40.494655,1.8057,4.81,0.375
NVIDIA,720p,Vidyo3_720p,32,1,0.17732,9805.1,39.051965,31.251615,31.406173,38.086581,1.4571,4.86,0.3
NVIDIA,720p,Vidyo3_720p,37,1,0.1069,5911.14,36.035408,31.247338,31.461803,35.450303,1.8192,4.85,0.375
NVIDIA,720p,Vidyo3_720p,22,2,0.47521,26277.22,44.242563,31.153338,31.317112,42.616646,2.3566,4.71,0.5
NVIDIA,720p,Vidyo3_720p,27,2,0.282249,15607.25,41.87907,31.191406,31.322068,40.551278,1.7655,4.71,0.375
NVIDIA,720p,Vidyo3_720p,32,2,0.171386,9476.96,39.157788,31.247868,31.395542,38.178278,1.7769,4.74,0.375
NVIDIA,720p,Vidyo3_720p,37,2,0.102828,5686.0,36.171405,31.259455,31.436162,35.568455,1.7694,4.72,0.375
NVIDIA,720p,Vidyo3_720p,22,3,0.459195,25391.65,44.284822,31.14682,31.302579,42.652307,3.153,4.2,0.75
NVIDIA,720p,Vidyo3_720p,27,3,0.275324,15224.34,41.883832,31.179715,31.298713,40.553255,3.154,4.21,0.75
NVIDIA,720p,Vidyo3_720p,32,3,0.169304,9361.82,39.088527,31.217667,31.353404,38.113153,3.151,4.2,0.75
NVIDIA,720p,Vidyo3_720p,37,3,0.102727,5680.4,35.999193,31.220645,31.415563,35.414057,3.1603,4.21,0.75
NVIDIA,720p,Vidyo3_720p,22,4,0.459195,25391.65,44.284822,31.14682,31.302579,42.652307,3.1507,4.2,0.75
NVIDIA,720p,Vidyo3_720p,27,4,0.275324,15224.34,41.883832,31.179715,31.298713,40.553255,3.1563,4.21,0.75
NVIDIA,720p,Vidyo3_720p,32,4,0.169304,9361.82,39.088527,31.217667,31.353404,38.113153,3.1386,4.19,0.75
NVIDIA,720p,Vidyo3_720p,37,4,0.102727,5680.4,35.999193,31.220645,31.415563,35.414057,3.1698,4.23,0.75
NVIDIA,720p,Vidyo4_720p,22,1,0.466091,25772.99,44.237842,29.897028,26.733939,42.247547,1.8032,4.81,0.375
NVIDIA,720p,Vidyo4_720p,27,1,0.260802,14421.31,41.715663,29.91001,26.747458,40.042297,1.8084,4.82,0.375
NVIDIA,720p,Vidyo4_720p,32,1,0.147471,8154.58,39.147854,29.936785,26.769145,37.798493,1.8245,4.86,0.375
NVIDIA,720p,Vidyo4_720p,37,1,0.084726,4685.02,36.56325,29.934714,26.795723,35.538496,1.8211,4.86,0.375
NVIDIA,720p,Vidyo4_720p,22,2,0.455267,25174.45,44.290016,29.897953,26.732918,42.293193,2.0083,4.02,0.5
NVIDIA,720p,Vidyo4_720p,27,2,0.252856,13981.9,41.792497,29.914712,26.745035,40.109669,1.7642,4.7,0.375
NVIDIA,720p,Vidyo4_720p,32,2,0.14165,7832.69,39.247973,29.946801,26.768274,37.886669,1.7778,4.74,0.375
NVIDIA,720p,Vidyo4_720p,37,2,0.080872,4471.9,36.70018,29.934752,26.798028,35.658456,1.7715,4.72,0.375
NVIDIA,720p,Vidyo4_720p,22,3,0.447695,24755.73,44.293609,29.891597,26.729105,42.295702,3.158,4.21,0.75
NVIDIA,720p,Vidyo4_720p,27,3,0.248312,13730.66,41.737869,29.905717,26.73896,40.060928,3.1607,4.21,0.75
NVIDIA,720p,Vidyo4_720p,32,3,0.140135,7748.9,39.108688,29.944047,26.756297,37.763873,3.1532,4.2,0.75
NVIDIA,720p,Vidyo4_720p,37,3,0.080638,4458.94,36.468489,29.971799,26.778956,35.45685,3.1413,4.19,0.75
NVIDIA,720p,Vidyo4_720p,22,4,0.447695,24755.73,44.293609,29.891597,26.729105,42.295702,3.1415,4.19,0.75
NVIDIA,720p,Vidyo4_720p,27,4,0.248312,13730.66,41.737869,29.905717,26.73896,40.060928,3.1571,4.21,0.749
NVIDIA,720p,Vidyo4_720p,32,4,0.140135,7748.9,39.108688,29.944047,26.756297,37.763873,3.169,4.22,0.75
NVIDIA,720p,Vidyo4_720p,37,4,0.080638,4458.94,36.468489,29.971799,26.778956,35.45685,3.1673,4.22,0.75
NVIDIA,720p,WestWindEasy_720p,22,1,1.007691,27860.64,43.339669,25.545137,25.640728,41.121327,1.7944,4.79,0.375
NVIDIA,720p,WestWindEasy_720p,27,1,0.659636,18237.62,39.800913,25.557768,25.647728,38.026142,1.7997,4.8,0.375
NVIDIA,720p,WestWindEasy_720p,32,1,0.415392,11484.75,36.304258,25.585416,25.662963,34.969249,1.7966,4.79,0.375
NVIDIA,720p,WestWindEasy_720p,37,1,0.251518,6953.98,32.925191,25.60701,25.678081,32.01486,1.7965,4.79,0.375
NVIDIA,720p,WestWindEasy_720p,22,2,1.000768,27669.22,43.40079,25.545136,25.642118,41.174895,2.3419,4.69,0.5
NVIDIA,720p,WestWindEasy_720p,27,2,0.653987,18081.42,39.872886,25.557449,25.649825,38.08923,1.9941,3.99,0.5
NVIDIA,720p,WestWindEasy_720p,32,2,0.411508,11377.38,36.388041,25.590695,25.669689,35.04331,1.9825,3.96,0.501
NVIDIA,720p,WestWindEasy_720p,37,2,0.248982,6883.86,33.028269,25.613733,25.687017,32.106032,1.7598,4.69,0.375
NVIDIA,720p,WestWindEasy_720p,22,3,0.920434,25448.15,43.629586,25.544003,25.641334,41.374971,3.1448,4.19,0.75
NVIDIA,720p,WestWindEasy_720p,27,3,0.604264,16706.7,40.163356,25.551455,25.64762,38.342879,3.1465,4.19,0.75
NVIDIA,720p,WestWindEasy_720p,32,3,0.382611,10578.43,36.654166,25.582358,25.657917,35.274912,3.1331,4.18,0.75
NVIDIA,720p,WestWindEasy_720p,37,3,0.231714,6406.42,33.195814,25.602844,25.677181,32.251339,3.153,4.2,0.75
NVIDIA,720p,WestWindEasy_720p,22,4,0.920434,25448.15,43.629586,25.544003,25.641334,41.374971,3.1388,4.19,0.75
NVIDIA,720p,WestWindEasy_720p,27,4,0.604264,16706.7,40.163356,25.551455,25.64762,38.342879,3.1407,4.19,0.75
NVIDIA,720p,WestWindEasy_720p,32,4,0.382611,10578.43,36.654166,25.582358,25.657917,35.274912,3.138,4.18,0.75
NVIDIA,720p,WestWindEasy_720p,37,4,0.231714,6406.42,33.195814,25.602844,25.677181,32.251339,3.1533,4.2,0.75
NVIDIA,360p,BlueSky_360p,22,1,1.533455,8832.7,43.264876,18.027286,18.067257,40.112675,0.871,4.64,0.188
NVIDIA,360p,BlueSky_360p,27,1,1.019259,5870.93,39.253191,18.033198,18.087135,36.604063,0.8576,4.57,0.187
NVIDIA,360p,BlueSky_360p,32,1,0.631931,3639.92,35.207057,18.05413,18.102585,33.06597,0.8477,4.52,0.188
NVIDIA,360p,BlueSky_360p,37,1,0.368248,2121.11,31.453135,18.072242,18.120675,29.78355,0.7518,4.51,0.167
NVIDIA,360p,BlueSky_360p,22,2,1.529328,8808.93,43.329538,18.028134,18.067538,40.169325,0.8724,4.65,0.188
NVIDIA,360p,BlueSky_360p,27,2,1.017271,5859.48,39.326441,18.034854,18.085708,36.668171,0.9994,6.0,0.167
NVIDIA,360p,BlueSky_360p,32,2,0.631142,3635.38,35.273379,18.051814,18.098652,33.123611,0.8566,4.57,0.188
NVIDIA,360p,BlueSky_360p,37,2,0.367946,2119.37,31.52219,18.074885,18.123886,29.844339,0.8582,4.58,0.187
NVIDIA,360p,BlueSky_360p,22,3,1.484464,8550.51,43.750876,18.023038,18.062225,40.537345,1.2862,4.29,0.3
NVIDIA,360p,BlueSky_360p,27,3,1.012809,5833.78,39.812588,18.027693,18.074778,37.092419,1.281,4.27,0.3
NVIDIA,360p,BlueSky_360p,32,3,0.647151,3727.59,35.76297,18.044712,18.090842,33.551071,1.0639,4.26,0.25
NVIDIA,360p,BlueSky_360p,37,3,0.385264,2219.12,31.900681,18.056802,18.11135,30.173605,1.2745,4.25,0.3
NVIDIA,360p,BlueSky_360p,22,4,1.484464,8550.51,43.750876,18.023038,18.062225,40.537345,1.2855,4.28,0.3
NVIDIA,360p,BlueSky_360p,27,4,1.012809,5833.78,39.812588,18.027693,18.074778,37.092419,1.2763,4.26,0.3
NVIDIA,360p,BlueSky_360p,32,4,0.647151,3727.59,35.76297,18.044712,18.090842,33.551071,1.2766,4.25,0.3
NVIDIA,360p,BlueSky_360p,37,4,0.385264,2219.12,31.900681,18.056802,18.11135,30.173605,1.2744,4.25,0.3
NVIDIA,360p,RedKayak_360p,22,1,1.677522,11583.44,41.25678,27.004044,27.92952,39.53303,0.8688,4.63,0.187
NVIDIA,360p,RedKayak_360p,27,1,1.067116,7368.53,37.203544,27.071518,27.962626,35.992735,0.7689,4.61,0.167
NVIDIA,360p,RedKayak_360p,32,1,0.592402,4090.59,33.323714,27.230035,27.990357,32.609524,0.7557,4.53,0.167
NVIDIA,360p,RedKayak_360p,37,1,0.277727,1917.73,30.070735,27.2907,27.996342,29.767333,0.7595,4.56,0.167
NVIDIA,360p,RedKayak_360p,22,2,1.66248,11479.57,41.322583,27.002961,27.934684,39.590863,1.0016,6.01,0.167
NVIDIA,360p,RedKayak_360p,27,2,1.056212,7293.24,37.278076,27.070642,27.948892,36.057037,1.0007,6.0,0.167
NVIDIA,360p,RedKayak_360p,32,2,0.585045,4039.79,33.398666,27.236998,27.993332,32.675728,0.9958,5.97,0.167
NVIDIA,360p,RedKayak_360p,37,2,0.274098,1892.67,30.14027,27.30257,27.987042,29.828337,0.7658,4.59,0.167
NVIDIA,360p,RedKayak_360p,22,3,1.604988,11082.58,41.657473,27.004221,27.918635,39.882967,1.2846,4.28,0.3
NVIDIA,360p,RedKayak_360p,27,3,1.037171,7161.76,37.759892,27.130034,27.935241,36.481485,1.2849,4.28,0.3
NVIDIA,360p,RedKayak_360p,32,3,0.596189,4116.74,33.937513,27.226672,27.96807,33.144995,1.282,4.27,0.3
NVIDIA,360p,RedKayak_360p,37,3,0.28762,1986.04,30.462999,27.272373,27.963982,30.107396,1.0658,4.26,0.25
NVIDIA,360p,RedKayak_360p,22,4,1.604988,11082.58,41.657473,27.004221,27.918635,39.882967,1.2856,4.29,0.3
NVIDIA,360p,RedKayak_360p,27,4,1.037171,7161.76,37.759892,27.130034,27.935241,36.481485,1.2861,4.29,0.3
NVIDIA,360p,RedKayak_360p,32,4,0.596189,4116.74,33.937513,27.226672,27.96807,33.144995,1.2826,4.27,0.3
NVIDIA,360p,RedKayak_360p,37,4,0.28762,1986.04,30.462999,27.272373,27.963982,30.107396,1.2779,4.26,0.3
NVIDIA,360p,SnowMountain_360p,22,1,2.067336,14275.14,41.702468,24.668182,30.250899,39.922102,0.996,5.98,0.167
NVIDIA,360p,SnowMountain_360p,27,1,1.477353,10201.25,37.237945,24.662993,30.272506,36.016671,0.8718,4.65,0.187
NVIDIA,360p,SnowMountain_360p,32,1,0.971608,6709.04,32.810957,24.550526,30.311638,32.138473,0.6936,4.62,0.15
NVIDIA,360p,SnowMountain_360p,37,1,0.569104,3929.71,28.874726,24.631249,30.322586,28.7,0.8509,5.96,0.143
NVIDIA,360p,SnowMountain_360p,22,2,2.063019,14245.33,41.778509,24.668013,30.250035,39.988573,1.0023,6.01,0.167
NVIDIA,360p,SnowMountain_360p,27,2,1.474194,10179.44,37.315483,24.663518,30.254475,36.083422,1.0046,6.03,0.167
NVIDIA,360p,SnowMountain_360p,32,2,0.968179,6685.36,32.875633,24.549425,30.320359,32.19554,0.8626,4.6,0.188
NVIDIA,360p,SnowMountain_360p,37,2,0.566536,3911.98,28.941196,24.628687,30.29218,28.756101,0.9976,5.98,0.167
NVIDIA,360p,SnowMountain_360p,22,3,2.04718,14135.96,42.085317,24.666249,30.232697,40.255837,1.2895,4.3,0.3
NVIDIA,360p,SnowMountain_360p,27,3,1.483082,10240.81,37.716112,24.656107,30.222357,36.431502,1.2855,4.28,0.3
NVIDIA,360p,SnowMountain_360p,32,3,0.985673,6806.16,33.313587,24.540303,30.281321,32.57574,1.1262,3.95,0.289
NVIDIA,360p,SnowMountain_360p,37,3,0.589376,4069.69,29.333723,24.590682,30.273301,29.096007,1.2781,4.26,0.3
NVIDIA,360p,SnowMountain_360p,22,4,2.04718,14135.96,42.085317,24.666249,30.232697,40.255837,1.4291,5.72,0.25
NVIDIA,360p,SnowMountain_360p,27,4,1.483082,10240.81,37.716112,24.656107,30.222357,36.431502,1.288,4.29,0.3
NVIDIA,360p,SnowMountain_360p,32,4,0.985673,6806.16,33.313587,24.540303,30.281321,32.57574,1.2837,4.28,0.3
NVIDIA,360p,SnowMountain_360p,37,4,0.589376,4069.69,29.333723,24.590682,30.273301,29.096007,1.2819,4.27,0.3
NVIDIA,360p,SpeedBag_360p,22,1,0.441863,3051.1,45.409752,26.953311,28.358789,43.190539,0.7553,4.53,0.167
NVIDIA,360p,SpeedBag_360p,27,1,0.261897,1808.42,42.654559,26.968302,28.381886,40.782126,0.8543,5.98,0.143
NVIDIA,360p,SpeedBag_360p,32,1,0.150673,1040.41,39.685129,26.963643,28.430688,38.186634,0.8547,5.98,0.143
NVIDIA,360p,SpeedBag_360p,37,1,0.087604,604.91,36.932503,27.010232,28.444904,35.781886,0.7508,4.5,0.167
NVIDIA,360p,SpeedBag_360p,22,2,0.425774,2940.01,45.463861,26.950746,28.355265,43.237504,0.9985,5.99,0.167
NVIDIA,360p,SpeedBag_360p,27,2,0.250546,1730.04,42.742082,26.96431,28.380893,40.858397,0.7657,4.59,0.167
NVIDIA,360p,SpeedBag_360p,32,2,0.142043,980.82,39.804299,26.970642,28.421525,38.290772,0.8551,5.99,0.143
NVIDIA,360p,SpeedBag_360p,37,2,0.082255,567.98,37.099694,27.010823,28.45914,35.929105,0.8564,6.0,0.143
NVIDIA,360p,SpeedBag_360p,22,3,0.40771,2815.27,45.585424,26.941499,28.354939,43.343273,1.2778,4.26,0.3
NVIDIA,360p,SpeedBag_360p,27,3,0.245197,1693.11,42.908011,26.956386,28.374937,41.002717,1.2763,4.25,0.3
NVIDIA,360p,SpeedBag_360p,32,3,0.142166,981.67,39.841654,26.953613,28.41068,38.321716,1.2747,4.25,0.3
NVIDIA,360p,SpeedBag_360p,37,3,0.082349,568.63,36.88494,27.007727,28.43365,35.739409,1.2757,4.25,0.3
NVIDIA,360p,SpeedBag_360p,22,4,0.40771,2815.27,45.585424,26.941499,28.354939,43.343273,1.2757,4.26,0.3
NVIDIA,360p,SpeedBag_360p,27,4,0.245197,1693.11,42.908011,26.956386,28.374937,41.002717,1.2778,4.26,0.3
NVIDIA,360p,SpeedBag_360p,32,4,0.142166,981.67,39.841654,26.953613,28.41068,38.321716,1.2714,4.24,0.3
NVIDIA,360p,SpeedBag_360p,37,4,0.082349,568.63,36.88494,27.007727,28.43365,35.739409,1.068,4.27,0.25
NVIDIA,360p,Stockholm_360p,22,1,1.862156,25716.73,40.666853,24.968014,26.609579,38.807096,0.8649,4.61,0.188
NVIDIA,360p,Stockholm_360p,27,1,1.138218,15719.0,36.869342,25.020195,26.645933,35.489807,0.7711,4.63,0.167
NVIDIA,360p,Stockholm_360p,32,1,0.645152,8909.67,33.279096,25.053848,26.693183,32.353398,0.9914,5.95,0.167
NVIDIA,360p,Stockholm_360p,37,1,0.336479,4646.84,30.107272,25.08745,26.714159,29.581464,0.7532,4.52,0.167
NVIDIA,360p,Stockholm_360p,22,2,1.845846,25491.48,40.722967,24.967104,26.605681,38.855895,1.0056,6.03,0.167
NVIDIA,360p,Stockholm_360p,27,2,1.125218,15539.48,36.937583,25.018491,26.642899,35.549222,0.8638,4.61,0.187
NVIDIA,360p,Stockholm_360p,32,2,0.636331,8787.85,33.358205,25.052354,26.690308,32.422346,0.8546,4.56,0.188
NVIDIA,360p,Stockholm_360p,37,2,0.331636,4579.96,30.187668,25.084702,26.69895,29.650688,0.8559,4.57,0.187
NVIDIA,360p,Stockholm_360p,22,3,1.790917,24732.9,40.973893,24.949242,26.593148,39.073556,1.426,5.7,0.25
NVIDIA,360p,Stockholm_360p,27,3,1.110119,15330.96,37.284606,24.985991,26.610453,35.848808,1.2749,4.25,0.3
NVIDIA,360p,Stockholm_360p,32,3,0.643475,8886.51,33.72431,25.017886,26.639632,32.737366,1.2776,4.26,0.3
NVIDIA,360p,Stockholm_360p,37,3,0.339446,4687.81,30.390084,25.044254,26.660238,29.822854,1.2736,4.25,0.3
NVIDIA,360p,Stockholm_360p,22,4,1.790917,24732.9,40.973893,24.949242,26.593148,39.073556,1.2858,4.29,0.3
NVIDIA,360p,Stockholm_360p,27,4,1.110119,15330.96,37.284606,24.985991,26.610453,35.848808,1.278,4.26,0.3
NVIDIA,360p,Stockholm_360p,32,4,0.643475,8886.51,33.72431,25.017886,26.639632,32.737366,1.2744,4.25,0.3
NVIDIA,360p,Stockholm_360p,37,4,0.339446,4687.81,30.390084,25.044254,26.660238,29.822854,1.2732,4.24,0.3
NVIDIA,360p,TouchdownPass_360p,22,1,1.558862,10764.08,40.27749,30.542917,30.553524,39.061331,0.7724,4.64,0.167
NVIDIA,360p,TouchdownPass_360p,27,1,0.830961,5737.86,36.599359,30.597783,30.6171,35.850369,0.7582,4.55,0.167
NVIDIA,360p,TouchdownPass_360p,32,1,0.38668,2670.06,33.665433,30.709994,30.68067,33.29417,0.8486,5.94,0.143
NVIDIA,360p,TouchdownPass_360p,37,1,0.180021,1243.06,31.387652,30.796444,30.711844,31.308463,0.7538,4.52,0.167
NVIDIA,360p,TouchdownPass_360p,22,2,1.55479,10735.96,40.323696,30.54402,30.54799,39.101485,1.0008,6.01,0.167
NVIDIA,360p,TouchdownPass_360p,27,2,0.825704,5701.56,36.65053,30.592937,30.620218,35.895036,0.9948,5.97,0.167
NVIDIA,360p,TouchdownPass_360p,32,2,0.382761,2643.0,33.719718,30.714091,30.669692,33.34124,0.9936,5.96,0.167
NVIDIA,360p,TouchdownPass_360p,37,2,0.177683,1226.92,31.449394,30.800717,30.711325,31.362722,0.8559,4.57,0.187
NVIDIA,360p,TouchdownPass_360p,22,3,1.525808,10535.84,40.53499,30.520545,30.519718,39.283133,1.4229,5.69,0.25
NVIDIA,360p,TouchdownPass_360p,27,3,0.800954,5530.66,36.853872,30.563537,30.568669,36.067901,1.2806,4.27,0.3
NVIDIA,360p,TouchdownPass_360p,32,3,0.371077,2562.32,33.9175,30.642941,30.628859,33.5073,1.2894,3.96,0.419
NVIDIA,360p,TouchdownPass_360p,37,3,0.177549,1225.99,31.675353,30.757797,30.65401,31.554172,1.2731,4.24,0.3
NVIDIA,360p,TouchdownPass_360p,22,4,1.525808,10535.84,40.53499,30.520545,30.519718,39.283133,1.2803,4.27,0.3
NVIDIA,360p,TouchdownPass_360p,27,4,0.800954,5530.66,36.853872,30.563537,30.568669,36.067901,1.279,4.26,0.3
NVIDIA,360p,TouchdownPass_360p,32,4,0.371077,2562.32,33.9175,30.642941,30.628859,33.5073,1.2778,4.26,0.3
NVIDIA,360p,TouchdownPass_360p,37,4,0.177549,1225.99,31.675353,30.757797,30.65401,31.554172,1.0596,4.24,0.25
NVIDIA,270p,FourPeople_270p,22,1,1.551238,12062.43,42.179959,28.536616,27.960565,40.438538,0.6945,3.47,0.2
NVIDIA,270p,FourPeople_270p,27,1,1.024994,7970.35,38.257574,28.629876,28.015119,37.015689,0.6951,4.17,0.167
NVIDIA,270p,FourPeople_270p,32,1,0.632816,4920.78,34.362868,28.705181,28.095526,33.617554,0.8014,5.61,0.143
NVIDIA,270p,FourPeople_270p,37,1,0.363638,2827.65,30.837118,28.736667,28.225183,30.542594,0.9366,5.62,0.167
NVIDIA,270p,FourPeople_270p,22,2,1.525183,11859.82,42.250195,28.536888,27.958002,40.499851,0.7069,4.24,0.167
NVIDIA,270p,FourPeople_270p,27,2,1.006577,7827.14,38.361342,28.620893,28.000516,37.105012,0.9399,5.64,0.167
NVIDIA,270p,FourPeople_270p,32,2,0.620068,4821.65,34.486773,28.673259,28.102828,33.724432,0.7021,4.21,0.167
NVIDIA,270p,FourPeople_270p,37,2,0.355154,2761.68,30.957065,28.73078,28.201591,30.645705,0.6958,3.48,0.2
NVIDIA,270p,FourPeople_270p,22,3,1.411276,10974.08,42.678199,28.505171,27.935894,40.870991,0.9511,5.71,0.167
NVIDIA,270p,FourPeople_270p,27,3,0.95189,7401.9,38.868675,28.577324,27.973966,37.544546,0.9483,5.69,0.167
NVIDIA,270p,FourPeople_270p,32,3,0.610172,4744.7,35.023344,28.564419,28.018434,34.181854,0.9509,5.71,0.167
NVIDIA,270p,FourPeople_270p,37,3,0.358629,2788.7,31.28296,28.615826,28.150759,30.920502,0.9431,5.66,0.167
NVIDIA,270p,FourPeople_270p,22,4,1.411276,10974.08,42.678199,28.505171,27.935894,40.870991,0.9509,5.7,0.167
NVIDIA,270p,FourPeople_270p,27,4,0.95189,7401.9,38.868675,28.577324,27.973966,37.544546,0.9489,5.69,0.167
NVIDIA,270p,FourPeople_270p,32,4,0.610172,4744.7,35.023344,28.564419,28.018434,34.181854,0.9466,5.68,0.167
NVIDIA,270p,FourPeople_270p,37,4,0.358629,2788.7,31.28296,28.615826,28.150759,30.920502,0.9452,5.67,0.167
NVIDIA,270p,ParkJoy_270p,22,1,2.077591,13462.79,41.492477,24.266736,30.010999,39.698276,0.8244,4.4,0.188
NVIDIA,270p,ParkJoy_270p,27,1,1.373807,8902.27,37.196045,24.335739,30.091669,35.948252,0.7104,4.26,0.167
NVIDIA,270p,ParkJoy_270p,32,1,0.82629,5354.36,32.995123,24.422175,30.202015,32.284744,0.9402,5.64,0.167
NVIDIA,270p,ParkJoy_270p,37,1,0.439779,2849.77,29.30548,24.540105,30.359526,29.073522,0.8019,5.61,0.143
NVIDIA,270p,ParkJoy_270p,22,2,2.071981,13426.44,41.558976,24.267956,30.003445,39.756067,0.9738,5.84,0.167
NVIDIA,270p,ParkJoy_270p,27,2,1.369677,8875.51,37.26461,24.330199,30.100357,36.008443,0.8087,4.31,0.188
NVIDIA,270p,ParkJoy_270p,32,2,0.824418,5342.23,33.069009,24.417349,30.200881,32.349022,0.7085,4.25,0.167
NVIDIA,270p,ParkJoy_270p,37,2,0.438502,2841.49,29.371279,24.531789,30.384152,29.132115,0.943,5.66,0.167
NVIDIA,270p,ParkJoy_270p,22,3,2.051586,13294.28,41.843959,24.238263,29.974052,40.001734,1.083,4.33,0.25
NVIDIA,270p,ParkJoy_270p,27,3,1.377204,8924.28,37.654334,24.28909,30.036759,36.342908,1.006,5.17,0.2
NVIDIA,270p,ParkJoy_270p,32,3,0.847397,5491.13,33.510869,24.37552,30.161674,32.730585,0.9506,5.7,0.167
NVIDIA,270p,ParkJoy_270p,37,3,0.460829,2986.17,29.720252,24.47775,30.313157,29.429652,0.9549,5.73,0.167
NVIDIA,270p,ParkJoy_270p,22,4,2.051586,13294.28,41.843959,24.238263,29.974052,40.001734,0.9294,4.34,0.214
NVIDIA,270p,ParkJoy_270p,27,4,1.377204,8924.28,37.654334,24.28909,30.036759,36.342908,0.9256,4.32,0.214
NVIDIA,270p,ParkJoy_270p,32,4,0.847397,5491.13,33.510869,24.37552,30.161674,32.730585,0.95,5.7,0.167
NVIDIA,270p,ParkJoy_270p,37,4,0.460829,2986.17,29.720252,24.47775,30.313157,29.429652,0.9197,4.29,0.214
NVIDIA,270p,SparksElevator_270p,22,1,1.483889,11527.19,40.987681,32.680955,29.580667,39.755572,0.944,5.66,0.167
NVIDIA,270p,SparksElevator_270p,27,1,0.866675,6732.53,37.330839,32.771723,29.637574,36.565065,0.6949,4.17,0.167
NVIDIA,270p,SparksElevator_270p,32,1,0.463922,3603.85,34.133252,32.803047,29.677768,33.771646,0.8015,5.61,0.143
NVIDIA,270p,SparksElevator_270p,37,1,0.239197,1858.14,31.407748,32.947064,29.766006,31.401346,0.6924,4.16,0.167
NVIDIA,270p,SparksElevator_270p,22,2,1.471422,11430.35,41.035717,32.666705,29.580461,39.7967,0.7069,4.24,0.167
NVIDIA,270p,SparksElevator_270p,27,2,0.85742,6660.64,37.391024,32.757799,29.640148,36.617018,0.9417,5.65,0.167
NVIDIA,270p,SparksElevator_270p,32,2,0.457664,3555.24,34.203621,32.822588,29.669108,33.833899,0.7004,4.2,0.167
NVIDIA,270p,SparksElevator_270p,37,2,0.235978,1833.13,31.496904,32.930538,29.756431,31.477727,0.7028,4.21,0.167
NVIDIA,270p,SparksElevator_270p,22,3,1.446119,11233.79,41.245945,32.643457,29.562019,39.978044,0.9562,5.74,0.167
NVIDIA,270p,SparksElevator_270p,27,3,0.849402,6598.35,37.613427,32.722907,29.606293,36.807324,0.8047,4.29,0.187
NVIDIA,270p,SparksElevator_270p,32,3,0.456532,3546.45,34.379616,32.75767,29.636848,33.981821,0.9513,5.71,0.167
NVIDIA,270p,SparksElevator_270p,37,3,0.237226,1842.83,31.593771,32.899032,29.717838,31.558104,0.9496,5.7,0.167
NVIDIA,270p,SparksElevator_270p,22,4,1.446119,11233.79,41.245945,32.643457,29.562019,39.978044,0.9266,4.32,0.214
NVIDIA,270p,SparksElevator_270p,27,4,0.849402,6598.35,37.613427,32.722907,29.606293,36.807324,0.959,5.75,0.167
NVIDIA,270p,SparksElevator_270p,32,4,0.456532,3546.45,34.379616,32.75767,29.636848,33.981821,0.9521,5.71,0.167
NVIDIA,270p,SparksElevator_270p,37,4,0.237226,1842.83,31.593771,32.899032,29.717838,31.558104,0.9492,5.7,0.167
NVIDIA,270p,Vertical_Bayshore_270p,22,1,0.991511,3851.14,42.672955,32.508878,35.388548,41.582425,0.8075,5.65,0.143
NVIDIA,270p,Vertical_Bayshore_270p,27,1,0.594893,2310.63,38.891692,32.499625,35.420679,38.27525,0.8049,5.63,0.143
NVIDIA,270p,Vertical_Bayshore_270p,32,1,0.307028,1192.53,35.336049,32.596705,35.532418,35.177113,0.9415,5.65,0.167
NVIDIA,270p,Vertical_Bayshore_270p,37,1,0.133915,520.14,32.465097,32.669528,35.614305,32.674699,0.6977,4.19,0.167
NVIDIA,270p,Vertical_Bayshore_270p,22,2,0.983334,3819.38,42.730213,32.509949,35.388139,41.632567,0.7087,4.25,0.167
NVIDIA,270p,Vertical_Bayshore_270p,27,2,0.588227,2284.74,38.944479,32.486513,35.434181,38.321463,0.7081,4.25,0.167
NVIDIA,270p,Vertical_Bayshore_270p,32,2,0.30364,1179.37,35.400309,32.605716,35.485326,35.230961,0.7073,4.24,0.167
NVIDIA,270p,Vertical_Bayshore_270p,37,2,0.13142,510.45,32.527979,32.678607,35.644152,32.732154,0.9457,5.67,0.167
NVIDIA,270p,Vertical_Bayshore_270p,22,3,0.973193,3779.99,42.971542,32.499092,35.380659,41.842584,0.9267,4.32,0.214
NVIDIA,270p,Vertical_Bayshore_270p,27,3,0.590464,2293.43,39.189655,32.493097,35.371797,38.532504,0.9541,5.73,0.167
NVIDIA,270p,Vertical_Bayshore_270p,32,3,0.303081,1177.2,35.50607,32.594084,35.505818,35.324055,0.8049,4.29,0.188
NVIDIA,270p,Vertical_Bayshore_270p,37,3,0.129556,503.21,32.482737,32.657536,35.579071,32.687183,0.9543,5.72,0.167
NVIDIA,270p,Vertical_Bayshore_270p,22,4,0.973193,3779.99,42.971542,32.499092,35.380659,41.842584,0.9552,5.73,0.167
NVIDIA,270p,Vertical_Bayshore_270p,27,4,0.590464,2293.43,39.189655,32.493097,35.371797,38.532504,0.9543,5.73,0.167
NVIDIA,270p,Vertical_Bayshore_270p,32,4,0.303081,1177.2,35.50607,32.594084,35.505818,35.324055,0.9525,5.72,0.167
NVIDIA,270p,Vertical_Bayshore_270p,37,4,0.129556,503.21,32.482737,32.657536,35.579071,32.687183,0.9569,5.74,0.167
