sequence,qp,preset,metric,A_value,B_value,delta_B_minus_A,relative_change_B_over_A
Aerial3200,22,fast,qp,22.0,22.0,0.0,0.0
Boat,22,fast,qp,22.0,22.0,0.0,0.0
BoxingPractice,22,fast,qp,22.0,22.0,0.0,0.0
Crosswalk,22,fast,qp,22.0,22.0,0.0,0.0
CrowdRun,22,fast,qp,22.0,22.0,0.0,0.0
DinnerSceneCropped,22,fast,qp,22.0,22.0,0.0,0.0
FoodMarket,22,fast,qp,22.0,22.0,0.0,0.0
FoodMarket2,22,fast,qp,22.0,22.0,0.0,0.0
MeridianTalk_sdr,22,fast,qp,22.0,22.0,0.0,0.0
Motorcycle,22,fast,qp,22.0,22.0,0.0,0.0
MountainBike,22,fast,qp,22.0,22.0,0.0,0.0
Neon1224,22,fast,qp,22.0,22.0,0.0,0.0
NocturneDance_3840x2160p_8bit,22,fast,qp,22.0,22.0,0.0,0.0
OldTownCross,22,fast,qp,22.0,22.0,0.0,0.0
PedestrianArea,22,fast,qp,22.0,22.0,0.0,0.0
PierSeaSide,22,fast,qp,22.0,22.0,0.0,0.0
RitualDance,22,fast,qp,22.0,22.0,0.0,0.0
Riverbed,22,fast,qp,22.0,22.0,0.0,0.0
RushFieldCuts,22,fast,qp,22.0,22.0,0.0,0.0
Skater227,22,fast,qp,22.0,22.0,0.0,0.0
Tango,22,fast,qp,22.0,22.0,0.0,0.0
TimeLapse,22,fast,qp,22.0,22.0,0.0,0.0
ToddlerFountain,22,fast,qp,22.0,22.0,0.0,0.0
TreesAndGrass_1920_1080,22,fast,qp,22.0,22.0,0.0,0.0
TunnelFlag,22,fast,qp,22.0,22.0,0.0,0.0
Vertical_Carnaby,22,fast,qp,22.0,22.0,0.0,0.0
Vertical_bees,22,fast,qp,22.0,22.0,0.0,0.0
WalkingInStreet,22,fast,qp,22.0,22.0,0.0,0.0
WorldCup_1920x1080_30p,22,fast,qp,22.0,22.0,0.0,0.0
WorldCup_far_1920x1080_30p,22,fast,qp,22.0,22.0,0.0,0.0
Aerial3200,27,fast,qp,27.0,27.0,0.0,0.0
Boat,27,fast,qp,27.0,27.0,0.0,0.0
BoxingPractice,27,fast,qp,27.0,27.0,0.0,0.0
Crosswalk,27,fast,qp,27.0,27.0,0.0,0.0
CrowdRun,27,fast,qp,27.0,27.0,0.0,0.0
DinnerSceneCropped,27,fast,qp,27.0,27.0,0.0,0.0
FoodMarket,27,fast,qp,27.0,27.0,0.0,0.0
FoodMarket2,27,fast,qp,27.0,27.0,0.0,0.0
MeridianTalk_sdr,27,fast,qp,27.0,27.0,0.0,0.0
Motorcycle,27,fast,qp,27.0,27.0,0.0,0.0
MountainBike,27,fast,qp,27.0,27.0,0.0,0.0
Neon1224,27,fast,qp,27.0,27.0,0.0,0.0
NocturneDance_3840x2160p_8bit,27,fast,qp,27.0,27.0,0.0,0.0
OldTownCross,27,fast,qp,27.0,27.0,0.0,0.0
PedestrianArea,27,fast,qp,27.0,27.0,0.0,0.0
PierSeaSide,27,fast,qp,27.0,27.0,0.0,0.0
RitualDance,27,fast,qp,27.0,27.0,0.0,0.0
Riverbed,27,fast,qp,27.0,27.0,0.0,0.0
RushFieldCuts,27,fast,qp,27.0,27.0,0.0,0.0
Skater227,27,fast,qp,27.0,27.0,0.0,0.0
Tango,27,fast,qp,27.0,27.0,0.0,0.0
TimeLapse,27,fast,qp,27.0,27.0,0.0,0.0
ToddlerFountain,27,fast,qp,27.0,27.0,0.0,0.0
TreesAndGrass_1920_1080,27,fast,qp,27.0,27.0,0.0,0.0
TunnelFlag,27,fast,qp,27.0,27.0,0.0,0.0
Vertical_Carnaby,27,fast,qp,27.0,27.0,0.0,0.0
Vertical_bees,27,fast,qp,27.0,27.0,0.0,0.0
WalkingInStreet,27,fast,qp,27.0,27.0,0.0,0.0
WorldCup_1920x1080_30p,27,fast,qp,27.0,27.0,0.0,0.0
WorldCup_far_1920x1080_30p,27,fast,qp,27.0,27.0,0.0,0.0
Aerial3200,32,fast,qp,32.0,32.0,0.0,0.0
Boat,32,fast,qp,32.0,32.0,0.0,0.0
BoxingPractice,32,fast,qp,32.0,32.0,0.0,0.0
Crosswalk,32,fast,qp,32.0,32.0,0.0,0.0
CrowdRun,32,fast,qp,32.0,32.0,0.0,0.0
DinnerSceneCropped,32,fast,qp,32.0,32.0,0.0,0.0
FoodMarket,32,fast,qp,32.0,32.0,0.0,0.0
FoodMarket2,32,fast,qp,32.0,32.0,0.0,0.0
MeridianTalk_sdr,32,fast,qp,32.0,32.0,0.0,0.0
Motorcycle,32,fast,qp,32.0,32.0,0.0,0.0
MountainBike,32,fast,qp,32.0,32.0,0.0,0.0
Neon1224,32,fast,qp,32.0,32.0,0.0,0.0
NocturneDance_3840x2160p_8bit,32,fast,qp,32.0,32.0,0.0,0.0
OldTownCross,32,fast,qp,32.0,32.0,0.0,0.0
PedestrianArea,32,fast,qp,32.0,32.0,0.0,0.0
PierSeaSide,32,fast,qp,32.0,32.0,0.0,0.0
RitualDance,32,fast,qp,32.0,32.0,0.0,0.0
Riverbed,32,fast,qp,32.0,32.0,0.0,0.0
RushFieldCuts,32,fast,qp,32.0,32.0,0.0,0.0
Skater227,32,fast,qp,32.0,32.0,0.0,0.0
Tango,32,fast,qp,32.0,32.0,0.0,0.0
TimeLapse,32,fast,qp,32.0,32.0,0.0,0.0
ToddlerFountain,32,fast,qp,32.0,32.0,0.0,0.0
TreesAndGrass_1920_1080,32,fast,qp,32.0,32.0,0.0,0.0
TunnelFlag,32,fast,qp,32.0,32.0,0.0,0.0
Vertical_Carnaby,32,fast,qp,32.0,32.0,0.0,0.0
Vertical_bees,32,fast,qp,32.0,32.0,0.0,0.0
WalkingInStreet,32,fast,qp,32.0,32.0,0.0,0.0
WorldCup_1920x1080_30p,32,fast,qp,32.0,32.0,0.0,0.0
WorldCup_far_1920x1080_30p,32,fast,qp,32.0,32.0,0.0,0.0
Aerial3200,37,fast,qp,37.0,37.0,0.0,0.0
Boat,37,fast,qp,37.0,37.0,0.0,0.0
BoxingPractice,37,fast,qp,37.0,37.0,0.0,0.0
Crosswalk,37,fast,qp,37.0,37.0,0.0,0.0
CrowdRun,37,fast,qp,37.0,37.0,0.0,0.0
DinnerSceneCropped,37,fast,qp,37.0,37.0,0.0,0.0
FoodMarket,37,fast,qp,37.0,37.0,0.0,0.0
FoodMarket2,37,fast,qp,37.0,37.0,0.0,0.0
MeridianTalk_sdr,37,fast,qp,37.0,37.0,0.0,0.0
Motorcycle,37,fast,qp,37.0,37.0,0.0,0.0
MountainBike,37,fast,qp,37.0,37.0,0.0,0.0
Neon1224,37,fast,qp,37.0,37.0,0.0,0.0
NocturneDance_3840x2160p_8bit,37,fast,qp,37.0,37.0,0.0,0.0
OldTownCross,37,fast,qp,37.0,37.0,0.0,0.0
PedestrianArea,37,fast,qp,37.0,37.0,0.0,0.0
PierSeaSide,37,fast,qp,37.0,37.0,0.0,0.0
RitualDance,37,fast,qp,37.0,37.0,0.0,0.0
Riverbed,37,fast,qp,37.0,37.0,0.0,0.0
RushFieldCuts,37,fast,qp,37.0,37.0,0.0,0.0
Skater227,37,fast,qp,37.0,37.0,0.0,0.0
Tango,37,fast,qp,37.0,37.0,0.0,0.0
TimeLapse,37,fast,qp,37.0,37.0,0.0,0.0
ToddlerFountain,37,fast,qp,37.0,37.0,0.0,0.0
TreesAndGrass_1920_1080,37,fast,qp,37.0,37.0,0.0,0.0
TunnelFlag,37,fast,qp,37.0,37.0,0.0,0.0
Vertical_Carnaby,37,fast,qp,37.0,37.0,0.0,0.0
Vertical_bees,37,fast,qp,37.0,37.0,0.0,0.0
WalkingInStreet,37,fast,qp,37.0,37.0,0.0,0.0
WorldCup_1920x1080_30p,37,fast,qp,37.0,37.0,0.0,0.0
WorldCup_far_1920x1080_30p,37,fast,qp,37.0,37.0,0.0,0.0
Aerial3200,22,faster,qp,22.0,22.0,0.0,0.0
Boat,22,faster,qp,22.0,22.0,0.0,0.0
BoxingPractice,22,faster,qp,22.0,22.0,0.0,0.0
Crosswalk,22,faster,qp,22.0,22.0,0.0,0.0
CrowdRun,22,faster,qp,22.0,22.0,0.0,0.0
DinnerSceneCropped,22,faster,qp,22.0,22.0,0.0,0.0
FoodMarket,22,faster,qp,22.0,22.0,0.0,0.0
FoodMarket2,22,faster,qp,22.0,22.0,0.0,0.0
MeridianTalk_sdr,22,faster,qp,22.0,22.0,0.0,0.0
Motorcycle,22,faster,qp,22.0,22.0,0.0,0.0
MountainBike,22,faster,qp,22.0,22.0,0.0,0.0
Neon1224,22,faster,qp,22.0,22.0,0.0,0.0
NocturneDance_3840x2160p_8bit,22,faster,qp,22.0,22.0,0.0,0.0
OldTownCross,22,faster,qp,22.0,22.0,0.0,0.0
PedestrianArea,22,faster,qp,22.0,22.0,0.0,0.0
PierSeaSide,22,faster,qp,22.0,22.0,0.0,0.0
RitualDance,22,faster,qp,22.0,22.0,0.0,0.0
Riverbed,22,faster,qp,22.0,22.0,0.0,0.0
RushFieldCuts,22,faster,qp,22.0,22.0,0.0,0.0
Skater227,22,faster,qp,22.0,22.0,0.0,0.0
Tango,22,faster,qp,22.0,22.0,0.0,0.0
TimeLapse,22,faster,qp,22.0,22.0,0.0,0.0
ToddlerFountain,22,faster,qp,22.0,22.0,0.0,0.0
TreesAndGrass_1920_1080,22,faster,qp,22.0,22.0,0.0,0.0
TunnelFlag,22,faster,qp,22.0,22.0,0.0,0.0
Vertical_Carnaby,22,faster,qp,22.0,22.0,0.0,0.0
Vertical_bees,22,faster,qp,22.0,22.0,0.0,0.0
WalkingInStreet,22,faster,qp,22.0,22.0,0.0,0.0
WorldCup_1920x1080_30p,22,faster,qp,22.0,22.0,0.0,0.0
WorldCup_far_1920x1080_30p,22,faster,qp,22.0,22.0,0.0,0.0
Aerial3200,27,faster,qp,27.0,27.0,0.0,0.0
Boat,27,faster,qp,27.0,27.0,0.0,0.0
BoxingPractice,27,faster,qp,27.0,27.0,0.0,0.0
Crosswalk,27,faster,qp,27.0,27.0,0.0,0.0
CrowdRun,27,faster,qp,27.0,27.0,0.0,0.0
DinnerSceneCropped,27,faster,qp,27.0,27.0,0.0,0.0
FoodMarket,27,faster,qp,27.0,27.0,0.0,0.0
FoodMarket2,27,faster,qp,27.0,27.0,0.0,0.0
MeridianTalk_sdr,27,faster,qp,27.0,27.0,0.0,0.0
Motorcycle,27,faster,qp,27.0,27.0,0.0,0.0
MountainBike,27,faster,qp,27.0,27.0,0.0,0.0
Neon1224,27,faster,qp,27.0,27.0,0.0,0.0
NocturneDance_3840x2160p_8bit,27,faster,qp,27.0,27.0,0.0,0.0
OldTownCross,27,faster,qp,27.0,27.0,0.0,0.0
PedestrianArea,27,faster,qp,27.0,27.0,0.0,0.0
PierSeaSide,27,faster,qp,27.0,27.0,0.0,0.0
RitualDance,27,faster,qp,27.0,27.0,0.0,0.0
Riverbed,27,faster,qp,27.0,27.0,0.0,0.0
RushFieldCuts,27,faster,qp,27.0,27.0,0.0,0.0
Skater227,27,faster,qp,27.0,27.0,0.0,0.0
Tango,27,faster,qp,27.0,27.0,0.0,0.0
TimeLapse,27,faster,qp,27.0,27.0,0.0,0.0
ToddlerFountain,27,faster,qp,27.0,27.0,0.0,0.0
TreesAndGrass_1920_1080,27,faster,qp,27.0,27.0,0.0,0.0
TunnelFlag,27,faster,qp,27.0,27.0,0.0,0.0
Vertical_Carnaby,27,faster,qp,27.0,27.0,0.0,0.0
Vertical_bees,27,faster,qp,27.0,27.0,0.0,0.0
WalkingInStreet,27,faster,qp,27.0,27.0,0.0,0.0
WorldCup_1920x1080_30p,27,faster,qp,27.0,27.0,0.0,0.0
WorldCup_far_1920x1080_30p,27,faster,qp,27.0,27.0,0.0,0.0
Aerial3200,32,faster,qp,32.0,32.0,0.0,0.0
Boat,32,faster,qp,32.0,32.0,0.0,0.0
BoxingPractice,32,faster,qp,32.0,32.0,0.0,0.0
Crosswalk,32,faster,qp,32.0,32.0,0.0,0.0
CrowdRun,32,faster,qp,32.0,32.0,0.0,0.0
DinnerSceneCropped,32,faster,qp,32.0,32.0,0.0,0.0
FoodMarket,32,faster,qp,32.0,32.0,0.0,0.0
FoodMarket2,32,faster,qp,32.0,32.0,0.0,0.0
MeridianTalk_sdr,32,faster,qp,32.0,32.0,0.0,0.0
Motorcycle,32,faster,qp,32.0,32.0,0.0,0.0
MountainBike,32,faster,qp,32.0,32.0,0.0,0.0
Neon1224,32,faster,qp,32.0,32.0,0.0,0.0
NocturneDance_3840x2160p_8bit,32,faster,qp,32.0,32.0,0.0,0.0
OldTownCross,32,faster,qp,32.0,32.0,0.0,0.0
PedestrianArea,32,faster,qp,32.0,32.0,0.0,0.0
PierSeaSide,32,faster,qp,32.0,32.0,0.0,0.0
RitualDance,32,faster,qp,32.0,32.0,0.0,0.0
Riverbed,32,faster,qp,32.0,32.0,0.0,0.0
RushFieldCuts,32,faster,qp,32.0,32.0,0.0,0.0
Skater227,32,faster,qp,32.0,32.0,0.0,0.0
Tango,32,faster,qp,32.0,32.0,0.0,0.0
TimeLapse,32,faster,qp,32.0,32.0,0.0,0.0
ToddlerFountain,32,faster,qp,32.0,32.0,0.0,0.0
TreesAndGrass_1920_1080,32,faster,qp,32.0,32.0,0.0,0.0
TunnelFlag,32,faster,qp,32.0,32.0,0.0,0.0
Vertical_Carnaby,32,faster,qp,32.0,32.0,0.0,0.0
Vertical_bees,32,faster,qp,32.0,32.0,0.0,0.0
WalkingInStreet,32,faster,qp,32.0,32.0,0.0,0.0
WorldCup_1920x1080_30p,32,faster,qp,32.0,32.0,0.0,0.0
WorldCup_far_1920x1080_30p,32,faster,qp,32.0,32.0,0.0,0.0
Aerial3200,37,faster,qp,37.0,37.0,0.0,0.0
Boat,37,faster,qp,37.0,37.0,0.0,0.0
BoxingPractice,37,faster,qp,37.0,37.0,0.0,0.0
Crosswalk,37,faster,qp,37.0,37.0,0.0,0.0
CrowdRun,37,faster,qp,37.0,37.0,0.0,0.0
DinnerSceneCropped,37,faster,qp,37.0,37.0,0.0,0.0
FoodMarket,37,faster,qp,37.0,37.0,0.0,0.0
FoodMarket2,37,faster,qp,37.0,37.0,0.0,0.0
MeridianTalk_sdr,37,faster,qp,37.0,37.0,0.0,0.0
Motorcycle,37,faster,qp,37.0,37.0,0.0,0.0
MountainBike,37,faster,qp,37.0,37.0,0.0,0.0
Neon1224,37,faster,qp,37.0,37.0,0.0,0.0
NocturneDance_3840x2160p_8bit,37,faster,qp,37.0,37.0,0.0,0.0
OldTownCross,37,faster,qp,37.0,37.0,0.0,0.0
PedestrianArea,37,faster,qp,37.0,37.0,0.0,0.0
PierSeaSide,37,faster,qp,37.0,37.0,0.0,0.0
RitualDance,37,faster,qp,37.0,37.0,0.0,0.0
Riverbed,37,faster,qp,37.0,37.0,0.0,0.0
RushFieldCuts,37,faster,qp,37.0,37.0,0.0,0.0
Skater227,37,faster,qp,37.0,37.0,0.0,0.0
Tango,37,faster,qp,37.0,37.0,0.0,0.0
TimeLapse,37,faster,qp,37.0,37.0,0.0,0.0
ToddlerFountain,37,faster,qp,37.0,37.0,0.0,0.0
TreesAndGrass_1920_1080,37,faster,qp,37.0,37.0,0.0,0.0
TunnelFlag,37,faster,qp,37.0,37.0,0.0,0.0
Vertical_Carnaby,37,faster,qp,37.0,37.0,0.0,0.0
Vertical_bees,37,faster,qp,37.0,37.0,0.0,0.0
WalkingInStreet,37,faster,qp,37.0,37.0,0.0,0.0
WorldCup_1920x1080_30p,37,faster,qp,37.0,37.0,0.0,0.0
WorldCup_far_1920x1080_30p,37,faster,qp,37.0,37.0,0.0,0.0
Aerial3200,22,superfast,qp,22.0,22.0,0.0,0.0
Boat,22,superfast,qp,22.0,22.0,0.0,0.0
BoxingPractice,22,superfast,qp,22.0,22.0,0.0,0.0
Crosswalk,22,superfast,qp,22.0,22.0,0.0,0.0
CrowdRun,22,superfast,qp,22.0,22.0,0.0,0.0
DinnerSceneCropped,22,superfast,qp,22.0,22.0,0.0,0.0
FoodMarket,22,superfast,qp,22.0,22.0,0.0,0.0
FoodMarket2,22,superfast,qp,22.0,22.0,0.0,0.0
MeridianTalk_sdr,22,superfast,qp,22.0,22.0,0.0,0.0
Motorcycle,22,superfast,qp,22.0,22.0,0.0,0.0
MountainBike,22,superfast,qp,22.0,22.0,0.0,0.0
Neon1224,22,superfast,qp,22.0,22.0,0.0,0.0
NocturneDance_3840x2160p_8bit,22,superfast,qp,22.0,22.0,0.0,0.0
OldTownCross,22,superfast,qp,22.0,22.0,0.0,0.0
PedestrianArea,22,superfast,qp,22.0,22.0,0.0,0.0
PierSeaSide,22,superfast,qp,22.0,22.0,0.0,0.0
RitualDance,22,superfast,qp,22.0,22.0,0.0,0.0
Riverbed,22,superfast,qp,22.0,22.0,0.0,0.0
RushFieldCuts,22,superfast,qp,22.0,22.0,0.0,0.0
Skater227,22,superfast,qp,22.0,22.0,0.0,0.0
Tango,22,superfast,qp,22.0,22.0,0.0,0.0
TimeLapse,22,superfast,qp,22.0,22.0,0.0,0.0
ToddlerFountain,22,superfast,qp,22.0,22.0,0.0,0.0
TreesAndGrass_1920_1080,22,superfast,qp,22.0,22.0,0.0,0.0
TunnelFlag,22,superfast,qp,22.0,22.0,0.0,0.0
Vertical_Carnaby,22,superfast,qp,22.0,22.0,0.0,0.0
Vertical_bees,22,superfast,qp,22.0,22.0,0.0,0.0
WalkingInStreet,22,superfast,qp,22.0,22.0,0.0,0.0
WorldCup_1920x1080_30p,22,superfast,qp,22.0,22.0,0.0,0.0
WorldCup_far_1920x1080_30p,22,superfast,qp,22.0,22.0,0.0,0.0
Aerial3200,27,superfast,qp,27.0,27.0,0.0,0.0
Boat,27,superfast,qp,27.0,27.0,0.0,0.0
BoxingPractice,27,superfast,qp,27.0,27.0,0.0,0.0
Crosswalk,27,superfast,qp,27.0,27.0,0.0,0.0
CrowdRun,27,superfast,qp,27.0,27.0,0.0,0.0
DinnerSceneCropped,27,superfast,qp,27.0,27.0,0.0,0.0
FoodMarket,27,superfast,qp,27.0,27.0,0.0,0.0
FoodMarket2,27,superfast,qp,27.0,27.0,0.0,0.0
MeridianTalk_sdr,27,superfast,qp,27.0,27.0,0.0,0.0
Motorcycle,27,superfast,qp,27.0,27.0,0.0,0.0
MountainBike,27,superfast,qp,27.0,27.0,0.0,0.0
Neon1224,27,superfast,qp,27.0,27.0,0.0,0.0
NocturneDance_3840x2160p_8bit,27,superfast,qp,27.0,27.0,0.0,0.0
OldTownCross,27,superfast,qp,27.0,27.0,0.0,0.0
PedestrianArea,27,superfast,qp,27.0,27.0,0.0,0.0
PierSeaSide,27,superfast,qp,27.0,27.0,0.0,0.0
RitualDance,27,superfast,qp,27.0,27.0,0.0,0.0
Riverbed,27,superfast,qp,27.0,27.0,0.0,0.0
RushFieldCuts,27,superfast,qp,27.0,27.0,0.0,0.0
Skater227,27,superfast,qp,27.0,27.0,0.0,0.0
Tango,27,superfast,qp,27.0,27.0,0.0,0.0
TimeLapse,27,superfast,qp,27.0,27.0,0.0,0.0
ToddlerFountain,27,superfast,qp,27.0,27.0,0.0,0.0
TreesAndGrass_1920_1080,27,superfast,qp,27.0,27.0,0.0,0.0
TunnelFlag,27,superfast,qp,27.0,27.0,0.0,0.0
Vertical_Carnaby,27,superfast,qp,27.0,27.0,0.0,0.0
Vertical_bees,27,superfast,qp,27.0,27.0,0.0,0.0
WalkingInStreet,27,superfast,qp,27.0,27.0,0.0,0.0
WorldCup_1920x1080_30p,27,superfast,qp,27.0,27.0,0.0,0.0
WorldCup_far_1920x1080_30p,27,superfast,qp,27.0,27.0,0.0,0.0
Aerial3200,32,superfast,qp,32.0,32.0,0.0,0.0
Boat,32,superfast,qp,32.0,32.0,0.0,0.0
BoxingPractice,32,superfast,qp,32.0,32.0,0.0,0.0
Crosswalk,32,superfast,qp,32.0,32.0,0.0,0.0
CrowdRun,32,superfast,qp,32.0,32.0,0.0,0.0
DinnerSceneCropped,32,superfast,qp,32.0,32.0,0.0,0.0
FoodMarket,32,superfast,qp,32.0,32.0,0.0,0.0
FoodMarket2,32,superfast,qp,32.0,32.0,0.0,0.0
MeridianTalk_sdr,32,superfast,qp,32.0,32.0,0.0,0.0
Motorcycle,32,superfast,qp,32.0,32.0,0.0,0.0
MountainBike,32,superfast,qp,32.0,32.0,0.0,0.0
Neon1224,32,superfast,qp,32.0,32.0,0.0,0.0
NocturneDance_3840x2160p_8bit,32,superfast,qp,32.0,32.0,0.0,0.0
OldTownCross,32,superfast,qp,32.0,32.0,0.0,0.0
PedestrianArea,32,superfast,qp,32.0,32.0,0.0,0.0
PierSeaSide,32,superfast,qp,32.0,32.0,0.0,0.0
RitualDance,32,superfast,qp,32.0,32.0,0.0,0.0
Riverbed,32,superfast,qp,32.0,32.0,0.0,0.0
RushFieldCuts,32,superfast,qp,32.0,32.0,0.0,0.0
Skater227,32,superfast,qp,32.0,32.0,0.0,0.0
Tango,32,superfast,qp,32.0,32.0,0.0,0.0
TimeLapse,32,superfast,qp,32.0,32.0,0.0,0.0
ToddlerFountain,32,superfast,qp,32.0,32.0,0.0,0.0
TreesAndGrass_1920_1080,32,superfast,qp,32.0,32.0,0.0,0.0
TunnelFlag,32,superfast,qp,32.0,32.0,0.0,0.0
Vertical_Carnaby,32,superfast,qp,32.0,32.0,0.0,0.0
Vertical_bees,32,superfast,qp,32.0,32.0,0.0,0.0
WalkingInStreet,32,superfast,qp,32.0,32.0,0.0,0.0
WorldCup_1920x1080_30p,32,superfast,qp,32.0,32.0,0.0,0.0
WorldCup_far_1920x1080_30p,32,superfast,qp,32.0,32.0,0.0,0.0
Aerial3200,37,superfast,qp,37.0,37.0,0.0,0.0
Boat,37,superfast,qp,37.0,37.0,0.0,0.0
BoxingPractice,37,superfast,qp,37.0,37.0,0.0,0.0
Crosswalk,37,superfast,qp,37.0,37.0,0.0,0.0
CrowdRun,37,superfast,qp,37.0,37.0,0.0,0.0
DinnerSceneCropped,37,superfast,qp,37.0,37.0,0.0,0.0
FoodMarket,37,superfast,qp,37.0,37.0,0.0,0.0
FoodMarket2,37,superfast,qp,37.0,37.0,0.0,0.0
MeridianTalk_sdr,37,superfast,qp,37.0,37.0,0.0,0.0
Motorcycle,37,superfast,qp,37.0,37.0,0.0,0.0
MountainBike,37,superfast,qp,37.0,37.0,0.0,0.0
Neon1224,37,superfast,qp,37.0,37.0,0.0,0.0
NocturneDance_3840x2160p_8bit,37,superfast,qp,37.0,37.0,0.0,0.0
OldTownCross,37,superfast,qp,37.0,37.0,0.0,0.0
PedestrianArea,37,superfast,qp,37.0,37.0,0.0,0.0
PierSeaSide,37,superfast,qp,37.0,37.0,0.0,0.0
RitualDance,37,superfast,qp,37.0,37.0,0.0,0.0
Riverbed,37,superfast,qp,37.0,37.0,0.0,0.0
RushFieldCuts,37,superfast,qp,37.0,37.0,0.0,0.0
Skater227,37,superfast,qp,37.0,37.0,0.0,0.0
Tango,37,superfast,qp,37.0,37.0,0.0,0.0
TimeLapse,37,superfast,qp,37.0,37.0,0.0,0.0
ToddlerFountain,37,superfast,qp,37.0,37.0,0.0,0.0
TreesAndGrass_1920_1080,37,superfast,qp,37.0,37.0,0.0,0.0
TunnelFlag,37,superfast,qp,37.0,37.0,0.0,0.0
Vertical_Carnaby,37,superfast,qp,37.0,37.0,0.0,0.0
Vertical_bees,37,superfast,qp,37.0,37.0,0.0,0.0
WalkingInStreet,37,superfast,qp,37.0,37.0,0.0,0.0
WorldCup_1920x1080_30p,37,superfast,qp,37.0,37.0,0.0,0.0
WorldCup_far_1920x1080_30p,37,superfast,qp,37.0,37.0,0.0,0.0
Aerial3200,22,veryfast,qp,22.0,22.0,0.0,0.0
Boat,22,veryfast,qp,22.0,22.0,0.0,0.0
BoxingPractice,22,veryfast,qp,22.0,22.0,0.0,0.0
Crosswalk,22,veryfast,qp,22.0,22.0,0.0,0.0
CrowdRun,22,veryfast,qp,22.0,22.0,0.0,0.0
DinnerSceneCropped,22,veryfast,qp,22.0,22.0,0.0,0.0
FoodMarket,22,veryfast,qp,22.0,22.0,0.0,0.0
FoodMarket2,22,veryfast,qp,22.0,22.0,0.0,0.0
MeridianTalk_sdr,22,veryfast,qp,22.0,22.0,0.0,0.0
Motorcycle,22,veryfast,qp,22.0,22.0,0.0,0.0
MountainBike,22,veryfast,qp,22.0,22.0,0.0,0.0
Neon1224,22,veryfast,qp,22.0,22.0,0.0,0.0
NocturneDance_3840x2160p_8bit,22,veryfast,qp,22.0,22.0,0.0,0.0
OldTownCross,22,veryfast,qp,22.0,22.0,0.0,0.0
PedestrianArea,22,veryfast,qp,22.0,22.0,0.0,0.0
PierSeaSide,22,veryfast,qp,22.0,22.0,0.0,0.0
RitualDance,22,veryfast,qp,22.0,22.0,0.0,0.0
Riverbed,22,veryfast,qp,22.0,22.0,0.0,0.0
RushFieldCuts,22,veryfast,qp,22.0,22.0,0.0,0.0
Skater227,22,veryfast,qp,22.0,22.0,0.0,0.0
Tango,22,veryfast,qp,22.0,22.0,0.0,0.0
TimeLapse,22,veryfast,qp,22.0,22.0,0.0,0.0
ToddlerFountain,22,veryfast,qp,22.0,22.0,0.0,0.0
TreesAndGrass_1920_1080,22,veryfast,qp,22.0,22.0,0.0,0.0
TunnelFlag,22,veryfast,qp,22.0,22.0,0.0,0.0
Vertical_Carnaby,22,veryfast,qp,22.0,22.0,0.0,0.0
Vertical_bees,22,veryfast,qp,22.0,22.0,0.0,0.0
WalkingInStreet,22,veryfast,qp,22.0,22.0,0.0,0.0
WorldCup_1920x1080_30p,22,veryfast,qp,22.0,22.0,0.0,0.0
WorldCup_far_1920x1080_30p,22,veryfast,qp,22.0,22.0,0.0,0.0
Aerial3200,27,veryfast,qp,27.0,27.0,0.0,0.0
Boat,27,veryfast,qp,27.0,27.0,0.0,0.0
BoxingPractice,27,veryfast,qp,27.0,27.0,0.0,0.0
Crosswalk,27,veryfast,qp,27.0,27.0,0.0,0.0
CrowdRun,27,veryfast,qp,27.0,27.0,0.0,0.0
DinnerSceneCropped,27,veryfast,qp,27.0,27.0,0.0,0.0
FoodMarket,27,veryfast,qp,27.0,27.0,0.0,0.0
FoodMarket2,27,veryfast,qp,27.0,27.0,0.0,0.0
MeridianTalk_sdr,27,veryfast,qp,27.0,27.0,0.0,0.0
Motorcycle,27,veryfast,qp,27.0,27.0,0.0,0.0
MountainBike,27,veryfast,qp,27.0,27.0,0.0,0.0
Neon1224,27,veryfast,qp,27.0,27.0,0.0,0.0
NocturneDance_3840x2160p_8bit,27,veryfast,qp,27.0,27.0,0.0,0.0
OldTownCross,27,veryfast,qp,27.0,27.0,0.0,0.0
PedestrianArea,27,veryfast,qp,27.0,27.0,0.0,0.0
PierSeaSide,27,veryfast,qp,27.0,27.0,0.0,0.0
RitualDance,27,veryfast,qp,27.0,27.0,0.0,0.0
Riverbed,27,veryfast,qp,27.0,27.0,0.0,0.0
RushFieldCuts,27,veryfast,qp,27.0,27.0,0.0,0.0
Skater227,27,veryfast,qp,27.0,27.0,0.0,0.0
Tango,27,veryfast,qp,27.0,27.0,0.0,0.0
TimeLapse,27,veryfast,qp,27.0,27.0,0.0,0.0
ToddlerFountain,27,veryfast,qp,27.0,27.0,0.0,0.0
TreesAndGrass_1920_1080,27,veryfast,qp,27.0,27.0,0.0,0.0
TunnelFlag,27,veryfast,qp,27.0,27.0,0.0,0.0
Vertical_Carnaby,27,veryfast,qp,27.0,27.0,0.0,0.0
Vertical_bees,27,veryfast,qp,27.0,27.0,0.0,0.0
WalkingInStreet,27,veryfast,qp,27.0,27.0,0.0,0.0
WorldCup_1920x1080_30p,27,veryfast,qp,27.0,27.0,0.0,0.0
WorldCup_far_1920x1080_30p,27,veryfast,qp,27.0,27.0,0.0,0.0
Aerial3200,32,veryfast,qp,32.0,32.0,0.0,0.0
Boat,32,veryfast,qp,32.0,32.0,0.0,0.0
BoxingPractice,32,veryfast,qp,32.0,32.0,0.0,0.0
Crosswalk,32,veryfast,qp,32.0,32.0,0.0,0.0
CrowdRun,32,veryfast,qp,32.0,32.0,0.0,0.0
DinnerSceneCropped,32,veryfast,qp,32.0,32.0,0.0,0.0
FoodMarket,32,veryfast,qp,32.0,32.0,0.0,0.0
FoodMarket2,32,veryfast,qp,32.0,32.0,0.0,0.0
MeridianTalk_sdr,32,veryfast,qp,32.0,32.0,0.0,0.0
Motorcycle,32,veryfast,qp,32.0,32.0,0.0,0.0
MountainBike,32,veryfast,qp,32.0,32.0,0.0,0.0
Neon1224,32,veryfast,qp,32.0,32.0,0.0,0.0
NocturneDance_3840x2160p_8bit,32,veryfast,qp,32.0,32.0,0.0,0.0
OldTownCross,32,veryfast,qp,32.0,32.0,0.0,0.0
PedestrianArea,32,veryfast,qp,32.0,32.0,0.0,0.0
PierSeaSide,32,veryfast,qp,32.0,32.0,0.0,0.0
RitualDance,32,veryfast,qp,32.0,32.0,0.0,0.0
Riverbed,32,veryfast,qp,32.0,32.0,0.0,0.0
RushFieldCuts,32,veryfast,qp,32.0,32.0,0.0,0.0
Skater227,32,veryfast,qp,32.0,32.0,0.0,0.0
Tango,32,veryfast,qp,32.0,32.0,0.0,0.0
TimeLapse,32,veryfast,qp,32.0,32.0,0.0,0.0
ToddlerFountain,32,veryfast,qp,32.0,32.0,0.0,0.0
TreesAndGrass_1920_1080,32,veryfast,qp,32.0,32.0,0.0,0.0
TunnelFlag,32,veryfast,qp,32.0,32.0,0.0,0.0
Vertical_Carnaby,32,veryfast,qp,32.0,32.0,0.0,0.0
Vertical_bees,32,veryfast,qp,32.0,32.0,0.0,0.0
WalkingInStreet,32,veryfast,qp,32.0,32.0,0.0,0.0
WorldCup_1920x1080_30p,32,veryfast,qp,32.0,32.0,0.0,0.0
WorldCup_far_1920x1080_30p,32,veryfast,qp,32.0,32.0,0.0,0.0
Aerial3200,37,veryfast,qp,37.0,37.0,0.0,0.0
Boat,37,veryfast,qp,37.0,37.0,0.0,0.0
BoxingPractice,37,veryfast,qp,37.0,37.0,0.0,0.0
Crosswalk,37,veryfast,qp,37.0,37.0,0.0,0.0
CrowdRun,37,veryfast,qp,37.0,37.0,0.0,0.0
DinnerSceneCropped,37,veryfast,qp,37.0,37.0,0.0,0.0
FoodMarket,37,veryfast,qp,37.0,37.0,0.0,0.0
FoodMarket2,37,veryfast,qp,37.0,37.0,0.0,0.0
MeridianTalk_sdr,37,veryfast,qp,37.0,37.0,0.0,0.0
Motorcycle,37,veryfast,qp,37.0,37.0,0.0,0.0
MountainBike,37,veryfast,qp,37.0,37.0,0.0,0.0
Neon1224,37,veryfast,qp,37.0,37.0,0.0,0.0
NocturneDance_3840x2160p_8bit,37,veryfast,qp,37.0,37.0,0.0,0.0
OldTownCross,37,veryfast,qp,37.0,37.0,0.0,0.0
PedestrianArea,37,veryfast,qp,37.0,37.0,0.0,0.0
PierSeaSide,37,veryfast,qp,37.0,37.0,0.0,0.0
RitualDance,37,veryfast,qp,37.0,37.0,0.0,0.0
Riverbed,37,veryfast,qp,37.0,37.0,0.0,0.0
RushFieldCuts,37,veryfast,qp,37.0,37.0,0.0,0.0
Skater227,37,veryfast,qp,37.0,37.0,0.0,0.0
Tango,37,veryfast,qp,37.0,37.0,0.0,0.0
TimeLapse,37,veryfast,qp,37.0,37.0,0.0,0.0
ToddlerFountain,37,veryfast,qp,37.0,37.0,0.0,0.0
TreesAndGrass_1920_1080,37,veryfast,qp,37.0,37.0,0.0,0.0
TunnelFlag,37,veryfast,qp,37.0,37.0,0.0,0.0
Vertical_Carnaby,37,veryfast,qp,37.0,37.0,0.0,0.0
Vertical_bees,37,veryfast,qp,37.0,37.0,0.0,0.0
WalkingInStreet,37,veryfast,qp,37.0,37.0,0.0,0.0
WorldCup_1920x1080_30p,37,veryfast,qp,37.0,37.0,0.0,0.0
WorldCup_far_1920x1080_30p,37,veryfast,qp,37.0,37.0,0.0,0.0
Aerial3200,22,fast,branch-instructions,130287133883.0,,,
Boat,22,fast,branch-instructions,133411332113.0,,,
BoxingPractice,22,fast,branch-instructions,409854496352.0,,,
Crosswalk,22,fast,branch-instructions,408504391339.0,,,
CrowdRun,22,fast,branch-instructions,160181546178.0,,,
DinnerSceneCropped,22,fast,branch-instructions,140410347172.0,,,
FoodMarket,22,fast,branch-instructions,129703373039.0,,,
FoodMarket2,22,fast,branch-instructions,420725441863.0,,,
MeridianTalk_sdr,22,fast,branch-instructions,106299287944.0,,,
Motorcycle,22,fast,branch-instructions,117318376619.0,,,
MountainBike,22,fast,branch-instructions,122596282108.0,,,
Neon1224,22,fast,branch-instructions,350328083200.0,,,
NocturneDance_3840x2160p_8bit,22,fast,branch-instructions,364065713685.0,,,
OldTownCross,22,fast,branch-instructions,160695213337.0,,,
PedestrianArea,22,fast,branch-instructions,106243019084.0,,,
PierSeaSide,22,fast,branch-instructions,387857719234.0,,,
RitualDance,22,fast,branch-instructions,80816457665.0,,,
Riverbed,22,fast,branch-instructions,120829346612.0,,,
RushFieldCuts,22,fast,branch-instructions,123855959426.0,,,
Skater227,22,fast,branch-instructions,,,,
Tango,22,fast,branch-instructions,470502363300.0,,,
TimeLapse,22,fast,branch-instructions,393083118544.0,,,
ToddlerFountain,22,fast,branch-instructions,133407762205.0,,,
TreesAndGrass_1920_1080,22,fast,branch-instructions,147501439727.0,,,
TunnelFlag,22,fast,branch-instructions,110929362468.0,,,
Vertical_Carnaby,22,fast,branch-instructions,79968556231.0,,,
Vertical_bees,22,fast,branch-instructions,89867645445.0,,,
WalkingInStreet,22,fast,branch-instructions,141252310812.0,,,
WorldCup_1920x1080_30p,22,fast,branch-instructions,77729100304.0,,,
WorldCup_far_1920x1080_30p,22,fast,branch-instructions,105050406147.0,,,
Aerial3200,27,fast,branch-instructions,113781241016.0,,,
Boat,27,fast,branch-instructions,116598418066.0,,,
BoxingPractice,27,fast,branch-instructions,327570839560.0,,,
Crosswalk,27,fast,branch-instructions,321930726514.0,,,
CrowdRun,27,fast,branch-instructions,134322451553.0,,,
DinnerSceneCropped,27,fast,branch-instructions,102773767134.0,,,
FoodMarket,27,fast,branch-instructions,99732594623.0,,,
FoodMarket2,27,fast,branch-instructions,353362325923.0,,,
MeridianTalk_sdr,27,fast,branch-instructions,82875105292.0,,,
Motorcycle,27,fast,branch-instructions,105883891615.0,,,
MountainBike,27,fast,branch-instructions,108965113119.0,,,
Neon1224,27,fast,branch-instructions,299369055150.0,,,
NocturneDance_3840x2160p_8bit,27,fast,branch-instructions,317751344771.0,,,
OldTownCross,27,fast,branch-instructions,122045293808.0,,,
PedestrianArea,27,fast,branch-instructions,83812462322.0,,,
PierSeaSide,27,fast,branch-instructions,321433683981.0,,,
RitualDance,27,fast,branch-instructions,74642690443.0,,,
Riverbed,27,fast,branch-instructions,98664963590.0,,,
RushFieldCuts,27,fast,branch-instructions,106964850689.0,,,
Skater227,27,fast,branch-instructions,,,,
Tango,27,fast,branch-instructions,365781989167.0,,,
TimeLapse,27,fast,branch-instructions,332750004552.0,,,
ToddlerFountain,27,fast,branch-instructions,112367361511.0,,,
TreesAndGrass_1920_1080,27,fast,branch-instructions,130598090929.0,,,
TunnelFlag,27,fast,branch-instructions,95273962731.0,,,
Vertical_Carnaby,27,fast,branch-instructions,70857895373.0,,,
Vertical_bees,27,fast,branch-instructions,79073345657.0,,,
WalkingInStreet,27,fast,branch-instructions,127874054233.0,,,
WorldCup_1920x1080_30p,27,fast,branch-instructions,71127803217.0,,,
WorldCup_far_1920x1080_30p,27,fast,branch-instructions,95587716114.0,,,
Aerial3200,32,fast,branch-instructions,99375197415.0,,,
Boat,32,fast,branch-instructions,100972230536.0,,,
BoxingPractice,32,fast,branch-instructions,279997975086.0,,,
Crosswalk,32,fast,branch-instructions,285405115045.0,,,
CrowdRun,32,fast,branch-instructions,109804824305.0,,,
DinnerSceneCropped,32,fast,branch-instructions,78619623416.0,,,
FoodMarket,32,fast,branch-instructions,80910577425.0,,,
FoodMarket2,32,fast,branch-instructions,311038381173.0,,,
MeridianTalk_sdr,32,fast,branch-instructions,70110729768.0,,,
Motorcycle,32,fast,branch-instructions,93407923808.0,,,
MountainBike,32,fast,branch-instructions,95912868448.0,,,
Neon1224,32,fast,branch-instructions,267868082778.0,,,
NocturneDance_3840x2160p_8bit,32,fast,branch-instructions,285568369220.0,,,
OldTownCross,32,fast,branch-instructions,91660889206.0,,,
PedestrianArea,32,fast,branch-instructions,72538120158.0,,,
PierSeaSide,32,fast,branch-instructions,280813644165.0,,,
RitualDance,32,fast,branch-instructions,66769706973.0,,,
Riverbed,32,fast,branch-instructions,83368758053.0,,,
RushFieldCuts,32,fast,branch-instructions,91412593150.0,,,
Skater227,32,fast,branch-instructions,,,,
Tango,32,fast,branch-instructions,295071730633.0,,,
TimeLapse,32,fast,branch-instructions,292031383192.0,,,
ToddlerFountain,32,fast,branch-instructions,94628948770.0,,,
TreesAndGrass_1920_1080,32,fast,branch-instructions,117104558387.0,,,
TunnelFlag,32,fast,branch-instructions,80181703838.0,,,
Vertical_Carnaby,32,fast,branch-instructions,65100028511.0,,,
Vertical_bees,32,fast,branch-instructions,73006592808.0,,,
WalkingInStreet,32,fast,branch-instructions,109185768086.0,,,
WorldCup_1920x1080_30p,32,fast,branch-instructions,65120223533.0,,,
WorldCup_far_1920x1080_30p,32,fast,branch-instructions,81624438345.0,,,
Aerial3200,37,fast,branch-instructions,88163419044.0,,,
Boat,37,fast,branch-instructions,88463043456.0,,,
BoxingPractice,37,fast,branch-instructions,261084152409.0,,,
Crosswalk,37,fast,branch-instructions,267886494081.0,,,
CrowdRun,37,fast,branch-instructions,93152825305.0,,,
DinnerSceneCropped,37,fast,branch-instructions,66663775190.0,,,
FoodMarket,37,fast,branch-instructions,71677738694.0,,,
FoodMarket2,37,fast,branch-instructions,283566920484.0,,,
MeridianTalk_sdr,37,fast,branch-instructions,64214875883.0,,,
Motorcycle,37,fast,branch-instructions,82957764177.0,,,
MountainBike,37,fast,branch-instructions,84883055119.0,,,
Neon1224,37,fast,branch-instructions,249701195828.0,,,
NocturneDance_3840x2160p_8bit,37,fast,branch-instructions,254375142972.0,,,
OldTownCross,37,fast,branch-instructions,76229224713.0,,,
PedestrianArea,37,fast,branch-instructions,66747854634.0,,,
PierSeaSide,37,fast,branch-instructions,260400996619.0,,,
RitualDance,37,fast,branch-instructions,61936647029.0,,,
Riverbed,37,fast,branch-instructions,76346353407.0,,,
RushFieldCuts,37,fast,branch-instructions,80076323858.0,,,
Skater227,37,fast,branch-instructions,,,,
Tango,37,fast,branch-instructions,277414690335.0,,,
TimeLapse,37,fast,branch-instructions,265624691968.0,,,
ToddlerFountain,37,fast,branch-instructions,78990933388.0,,,
TreesAndGrass_1920_1080,37,fast,branch-instructions,101154996981.0,,,
TunnelFlag,37,fast,branch-instructions,73110375257.0,,,
Vertical_Carnaby,37,fast,branch-instructions,61164611760.0,,,
Vertical_bees,37,fast,branch-instructions,67530655340.0,,,
WalkingInStreet,37,fast,branch-instructions,97268407566.0,,,
WorldCup_1920x1080_30p,37,fast,branch-instructions,59826108024.0,,,
WorldCup_far_1920x1080_30p,37,fast,branch-instructions,74814442710.0,,,
Aerial3200,22,faster,branch-instructions,130272854038.0,,,
Boat,22,faster,branch-instructions,133342576645.0,,,
BoxingPractice,22,faster,branch-instructions,409800471188.0,,,
Crosswalk,22,faster,branch-instructions,408580629123.0,,,
CrowdRun,22,faster,branch-instructions,158087518312.0,,,
DinnerSceneCropped,22,faster,branch-instructions,136846656406.0,,,
FoodMarket,22,faster,branch-instructions,129500115470.0,,,
FoodMarket2,22,faster,branch-instructions,428603895012.0,,,
MeridianTalk_sdr,22,faster,branch-instructions,106281044993.0,,,
Motorcycle,22,faster,branch-instructions,118827300329.0,,,
MountainBike,22,faster,branch-instructions,122550088936.0,,,
Neon1224,22,faster,branch-instructions,343502181949.0,,,
NocturneDance_3840x2160p_8bit,22,faster,branch-instructions,364072862239.0,,,
OldTownCross,22,faster,branch-instructions,160663600545.0,,,
PedestrianArea,22,faster,branch-instructions,106202726576.0,,,
PierSeaSide,22,faster,branch-instructions,387883539081.0,,,
RitualDance,22,faster,branch-instructions,82296780356.0,,,
Riverbed,22,faster,branch-instructions,120818146273.0,,,
RushFieldCuts,22,faster,branch-instructions,121772420808.0,,,
Skater227,22,faster,branch-instructions,,,,
Tango,22,faster,branch-instructions,470398634374.0,,,
TimeLapse,22,faster,branch-instructions,399994863296.0,,,
ToddlerFountain,22,faster,branch-instructions,135350071577.0,,,
TreesAndGrass_1920_1080,22,faster,branch-instructions,147380794363.0,,,
TunnelFlag,22,faster,branch-instructions,112904169575.0,,,
Vertical_Carnaby,22,faster,branch-instructions,80027670471.0,,,
Vertical_bees,22,faster,branch-instructions,88310868088.0,,,
WalkingInStreet,22,faster,branch-instructions,142901051810.0,,,
WorldCup_1920x1080_30p,22,faster,branch-instructions,79099884684.0,,,
WorldCup_far_1920x1080_30p,22,faster,branch-instructions,106582023482.0,,,
Aerial3200,27,faster,branch-instructions,113732426852.0,,,
Boat,27,faster,branch-instructions,116404026102.0,,,
BoxingPractice,27,faster,branch-instructions,327585231588.0,,,
Crosswalk,27,faster,branch-instructions,327995574262.0,,,
CrowdRun,27,faster,branch-instructions,132115232706.0,,,
DinnerSceneCropped,27,faster,branch-instructions,101303876133.0,,,
FoodMarket,27,faster,branch-instructions,101451131249.0,,,
FoodMarket2,27,faster,branch-instructions,353393423288.0,,,
MeridianTalk_sdr,27,faster,branch-instructions,81207159024.0,,,
Motorcycle,27,faster,branch-instructions,107609566062.0,,,
MountainBike,27,faster,branch-instructions,108961317706.0,,,
Neon1224,27,faster,branch-instructions,304547037253.0,,,
NocturneDance_3840x2160p_8bit,27,faster,branch-instructions,312324701178.0,,,
OldTownCross,27,faster,branch-instructions,123567640984.0,,,
PedestrianArea,27,faster,branch-instructions,83874982147.0,,,
PierSeaSide,27,faster,branch-instructions,321645298556.0,,,
RitualDance,27,faster,branch-instructions,73208562011.0,,,
Riverbed,27,faster,branch-instructions,98716979332.0,,,
RushFieldCuts,27,faster,branch-instructions,106874094887.0,,,
Skater227,27,faster,branch-instructions,,,,
Tango,27,faster,branch-instructions,358733605343.0,,,
TimeLapse,27,faster,branch-instructions,339527648705.0,,,
ToddlerFountain,27,faster,branch-instructions,110713481640.0,,,
TreesAndGrass_1920_1080,27,faster,branch-instructions,134039646110.0,,,
TunnelFlag,27,faster,branch-instructions,93465046542.0,,,
Vertical_Carnaby,27,faster,branch-instructions,70803304268.0,,,
Vertical_bees,27,faster,branch-instructions,79117966526.0,,,
WalkingInStreet,27,faster,branch-instructions,127779706625.0,,,
WorldCup_1920x1080_30p,27,faster,branch-instructions,71076399766.0,,,
WorldCup_far_1920x1080_30p,27,faster,branch-instructions,95705167740.0,,,
Aerial3200,32,faster,branch-instructions,99418311776.0,,,
Boat,32,faster,branch-instructions,100957754823.0,,,
BoxingPractice,32,faster,branch-instructions,285495518821.0,,,
Crosswalk,32,faster,branch-instructions,285060393827.0,,,
CrowdRun,32,faster,branch-instructions,111812465220.0,,,
DinnerSceneCropped,32,faster,branch-instructions,77257807199.0,,,
FoodMarket,32,faster,branch-instructions,82151851297.0,,,
FoodMarket2,32,faster,branch-instructions,310940132702.0,,,
MeridianTalk_sdr,32,faster,branch-instructions,70146891023.0,,,
Motorcycle,32,faster,branch-instructions,93457185072.0,,,
MountainBike,32,faster,branch-instructions,95838186352.0,,,
Neon1224,32,faster,branch-instructions,273254642192.0,,,
NocturneDance_3840x2160p_8bit,32,faster,branch-instructions,279486976426.0,,,
OldTownCross,32,faster,branch-instructions,93183030162.0,,,
PedestrianArea,32,faster,branch-instructions,72640553605.0,,,
PierSeaSide,32,faster,branch-instructions,281147744929.0,,,
RitualDance,32,faster,branch-instructions,66761213150.0,,,
Riverbed,32,faster,branch-instructions,84854184750.0,,,
RushFieldCuts,32,faster,branch-instructions,90058489589.0,,,
Skater227,32,faster,branch-instructions,,,,
Tango,32,faster,branch-instructions,300927772949.0,,,
TimeLapse,32,faster,branch-instructions,292148987641.0,,,
ToddlerFountain,32,faster,branch-instructions,94692033311.0,,,
TreesAndGrass_1920_1080,32,faster,branch-instructions,116989614551.0,,,
TunnelFlag,32,faster,branch-instructions,81772383481.0,,,
Vertical_Carnaby,32,faster,branch-instructions,64987585217.0,,,
Vertical_bees,32,faster,branch-instructions,73002745722.0,,,
WalkingInStreet,32,faster,branch-instructions,110697550086.0,,,
WorldCup_1920x1080_30p,32,faster,branch-instructions,65088776271.0,,,
WorldCup_far_1920x1080_30p,32,faster,branch-instructions,83063766135.0,,,
Aerial3200,37,faster,branch-instructions,88174681565.0,,,
Boat,37,faster,branch-instructions,88439292610.0,,,
BoxingPractice,37,faster,branch-instructions,260955721607.0,,,
Crosswalk,37,faster,branch-instructions,262175481763.0,,,
CrowdRun,37,faster,branch-instructions,95048057432.0,,,
DinnerSceneCropped,37,faster,branch-instructions,66536031577.0,,,
FoodMarket,37,faster,branch-instructions,73047812027.0,,,
FoodMarket2,37,faster,branch-instructions,283891634007.0,,,
MeridianTalk_sdr,37,faster,branch-instructions,64259796952.0,,,
Motorcycle,37,faster,branch-instructions,82884639923.0,,,
MountainBike,37,faster,branch-instructions,84926565157.0,,,
Neon1224,37,faster,branch-instructions,249755675043.0,,,
NocturneDance_3840x2160p_8bit,37,faster,branch-instructions,254121316288.0,,,
OldTownCross,37,faster,branch-instructions,76054127566.0,,,
PedestrianArea,37,faster,branch-instructions,66689084530.0,,,
PierSeaSide,37,faster,branch-instructions,260453913169.0,,,
RitualDance,37,faster,branch-instructions,60455099833.0,,,
Riverbed,37,faster,branch-instructions,76441159382.0,,,
RushFieldCuts,37,faster,branch-instructions,78561656872.0,,,
Skater227,37,faster,branch-instructions,,,,
Tango,37,faster,branch-instructions,271424963793.0,,,
TimeLapse,37,faster,branch-instructions,265771736173.0,,,
ToddlerFountain,37,faster,branch-instructions,80535953229.0,,,
TreesAndGrass_1920_1080,37,faster,branch-instructions,101060856951.0,,,
TunnelFlag,37,faster,branch-instructions,71486894462.0,,,
Vertical_Carnaby,37,faster,branch-instructions,59891375019.0,,,
Vertical_bees,37,faster,branch-instructions,67440760505.0,,,
WalkingInStreet,37,faster,branch-instructions,95638180989.0,,,
WorldCup_1920x1080_30p,37,faster,branch-instructions,61127129726.0,,,
WorldCup_far_1920x1080_30p,37,faster,branch-instructions,74860200891.0,,,
Aerial3200,22,superfast,branch-instructions,128093352232.0,,,
Boat,22,superfast,branch-instructions,130430624492.0,,,
BoxingPractice,22,superfast,branch-instructions,395342023361.0,,,
Crosswalk,22,superfast,branch-instructions,390487528004.0,,,
CrowdRun,22,superfast,branch-instructions,151588277523.0,,,
DinnerSceneCropped,22,superfast,branch-instructions,129831061678.0,,,
FoodMarket,22,superfast,branch-instructions,123894086040.0,,,
FoodMarket2,22,superfast,branch-instructions,407314417611.0,,,
MeridianTalk_sdr,22,superfast,branch-instructions,101727463893.0,,,
Motorcycle,22,superfast,branch-instructions,115410184114.0,,,
MountainBike,22,superfast,branch-instructions,117094799565.0,,,
Neon1224,22,superfast,branch-instructions,334436420563.0,,,
NocturneDance_3840x2160p_8bit,22,superfast,branch-instructions,348928786261.0,,,
OldTownCross,22,superfast,branch-instructions,153609605688.0,,,
PedestrianArea,22,superfast,branch-instructions,102611881901.0,,,
PierSeaSide,22,superfast,branch-instructions,375135176623.0,,,
RitualDance,22,superfast,branch-instructions,80099757493.0,,,
Riverbed,22,superfast,branch-instructions,116485174040.0,,,
RushFieldCuts,22,superfast,branch-instructions,117313760940.0,,,
Skater227,22,superfast,branch-instructions,,,,
Tango,22,superfast,branch-instructions,454858169143.0,,,
TimeLapse,22,superfast,branch-instructions,374604277499.0,,,
ToddlerFountain,22,superfast,branch-instructions,128084285437.0,,,
TreesAndGrass_1920_1080,22,superfast,branch-instructions,142858265087.0,,,
TunnelFlag,22,superfast,branch-instructions,109424574940.0,,,
Vertical_Carnaby,22,superfast,branch-instructions,78403487114.0,,,
Vertical_bees,22,superfast,branch-instructions,87841503331.0,,,
WalkingInStreet,22,superfast,branch-instructions,139695273405.0,,,
WorldCup_1920x1080_30p,22,superfast,branch-instructions,77555315687.0,,,
WorldCup_far_1920x1080_30p,22,superfast,branch-instructions,104386575334.0,,,
Aerial3200,27,superfast,branch-instructions,112171841061.0,,,
Boat,27,superfast,branch-instructions,114016993159.0,,,
BoxingPractice,27,superfast,branch-instructions,322918217798.0,,,
Crosswalk,27,superfast,branch-instructions,315249607717.0,,,
CrowdRun,27,superfast,branch-instructions,128424884300.0,,,
DinnerSceneCropped,27,superfast,branch-instructions,96684005361.0,,,
FoodMarket,27,superfast,branch-instructions,94013749229.0,,,
FoodMarket2,27,superfast,branch-instructions,337925291278.0,,,
MeridianTalk_sdr,27,superfast,branch-instructions,78587208996.0,,,
Motorcycle,27,superfast,branch-instructions,102894744563.0,,,
MountainBike,27,superfast,branch-instructions,105582579462.0,,,
Neon1224,27,superfast,branch-instructions,298845387928.0,,,
NocturneDance_3840x2160p_8bit,27,superfast,branch-instructions,316591528741.0,,,
OldTownCross,27,superfast,branch-instructions,118185592576.0,,,
PedestrianArea,27,superfast,branch-instructions,81749164592.0,,,
PierSeaSide,27,superfast,branch-instructions,320805646871.0,,,
RitualDance,27,superfast,branch-instructions,71732015953.0,,,
Riverbed,27,superfast,branch-instructions,95071633506.0,,,
RushFieldCuts,27,superfast,branch-instructions,103194886855.0,,,
Skater227,27,superfast,branch-instructions,,,,
Tango,27,superfast,branch-instructions,337656712835.0,,,
TimeLapse,27,superfast,branch-instructions,323768488589.0,,,
ToddlerFountain,27,superfast,branch-instructions,107998193597.0,,,
TreesAndGrass_1920_1080,27,superfast,branch-instructions,126370237010.0,,,
TunnelFlag,27,superfast,branch-instructions,91268115303.0,,,
Vertical_Carnaby,27,superfast,branch-instructions,71202233559.0,,,
Vertical_bees,27,superfast,branch-instructions,79081959410.0,,,
WalkingInStreet,27,superfast,branch-instructions,125136009436.0,,,
WorldCup_1920x1080_30p,27,superfast,branch-instructions,70079381930.0,,,
WorldCup_far_1920x1080_30p,27,superfast,branch-instructions,91813268231.0,,,
Aerial3200,32,superfast,branch-instructions,98218416946.0,,,
Boat,32,superfast,branch-instructions,98965374124.0,,,
BoxingPractice,32,superfast,branch-instructions,281260596339.0,,,
Crosswalk,32,superfast,branch-instructions,280515232580.0,,,
CrowdRun,32,superfast,branch-instructions,107164724899.0,,,
DinnerSceneCropped,32,superfast,branch-instructions,77209950660.0,,,
FoodMarket,32,superfast,branch-instructions,79727316411.0,,,
FoodMarket2,32,superfast,branch-instructions,304295962457.0,,,
MeridianTalk_sdr,32,superfast,branch-instructions,69077684357.0,,,
Motorcycle,32,superfast,branch-instructions,91003448020.0,,,
MountainBike,32,superfast,branch-instructions,93043072318.0,,,
Neon1224,32,superfast,branch-instructions,269548966264.0,,,
NocturneDance_3840x2160p_8bit,32,superfast,branch-instructions,274482253410.0,,,
OldTownCross,32,superfast,branch-instructions,89289617452.0,,,
PedestrianArea,32,superfast,branch-instructions,71449963719.0,,,
PierSeaSide,32,superfast,branch-instructions,271274843963.0,,,
RitualDance,32,superfast,branch-instructions,64322018170.0,,,
Riverbed,32,superfast,branch-instructions,83518513893.0,,,
RushFieldCuts,32,superfast,branch-instructions,88798570701.0,,,
Skater227,32,superfast,branch-instructions,,,,
Tango,32,superfast,branch-instructions,288385753174.0,,,
TimeLapse,32,superfast,branch-instructions,291029845965.0,,,
ToddlerFountain,32,superfast,branch-instructions,91578021294.0,,,
TreesAndGrass_1920_1080,32,superfast,branch-instructions,111807360374.0,,,
TunnelFlag,32,superfast,branch-instructions,78864521015.0,,,
Vertical_Carnaby,32,superfast,branch-instructions,64299832634.0,,,
Vertical_bees,32,superfast,branch-instructions,70612926110.0,,,
WalkingInStreet,32,superfast,branch-instructions,109351196544.0,,,
WorldCup_1920x1080_30p,32,superfast,branch-instructions,63148990481.0,,,
WorldCup_far_1920x1080_30p,32,superfast,branch-instructions,81519709760.0,,,
Aerial3200,37,superfast,branch-instructions,87370009211.0,,,
Boat,37,superfast,branch-instructions,85605172874.0,,,
BoxingPractice,37,superfast,branch-instructions,258300305040.0,,,
Crosswalk,37,superfast,branch-instructions,260476816875.0,,,
CrowdRun,37,superfast,branch-instructions,91579608044.0,,,
DinnerSceneCropped,37,superfast,branch-instructions,65952991521.0,,,
FoodMarket,37,superfast,branch-instructions,71419113767.0,,,
FoodMarket2,37,superfast,branch-instructions,279010644235.0,,,
MeridianTalk_sdr,37,superfast,branch-instructions,64996165199.0,,,
Motorcycle,37,superfast,branch-instructions,81059720583.0,,,
MountainBike,37,superfast,branch-instructions,82693102196.0,,,
Neon1224,37,superfast,branch-instructions,247786131278.0,,,
NocturneDance_3840x2160p_8bit,37,superfast,branch-instructions,245954462501.0,,,
OldTownCross,37,superfast,branch-instructions,75952264410.0,,,
PedestrianArea,37,superfast,branch-instructions,64421777971.0,,,
PierSeaSide,37,superfast,branch-instructions,251720209389.0,,,
RitualDance,37,superfast,branch-instructions,59926380787.0,,,
Riverbed,37,superfast,branch-instructions,72537085843.0,,,
RushFieldCuts,37,superfast,branch-instructions,76854822744.0,,,
Skater227,37,superfast,branch-instructions,,,,
Tango,37,superfast,branch-instructions,268953229919.0,,,
TimeLapse,37,superfast,branch-instructions,261376619611.0,,,
ToddlerFountain,37,superfast,branch-instructions,78378865450.0,,,
TreesAndGrass_1920_1080,37,superfast,branch-instructions,98336578549.0,,,
TunnelFlag,37,superfast,branch-instructions,72067746175.0,,,
Vertical_Carnaby,37,superfast,branch-instructions,59420028323.0,,,
Vertical_bees,37,superfast,branch-instructions,66865334048.0,,,
WalkingInStreet,37,superfast,branch-instructions,93037475366.0,,,
WorldCup_1920x1080_30p,37,superfast,branch-instructions,60643375304.0,,,
WorldCup_far_1920x1080_30p,37,superfast,branch-instructions,73587165121.0,,,
Aerial3200,22,veryfast,branch-instructions,130273356757.0,,,
Boat,22,veryfast,branch-instructions,133266916865.0,,,
BoxingPractice,22,veryfast,branch-instructions,409747190876.0,,,
Crosswalk,22,veryfast,branch-instructions,408559824132.0,,,
CrowdRun,22,veryfast,branch-instructions,158148125148.0,,,
DinnerSceneCropped,22,veryfast,branch-instructions,138499399168.0,,,
FoodMarket,22,veryfast,branch-instructions,129565591334.0,,,
FoodMarket2,22,veryfast,branch-instructions,428343175820.0,,,
MeridianTalk_sdr,22,veryfast,branch-instructions,104318164190.0,,,
Motorcycle,22,veryfast,branch-instructions,120802149848.0,,,
MountainBike,22,veryfast,branch-instructions,121034483236.0,,,
Neon1224,22,veryfast,branch-instructions,343348193563.0,,,
NocturneDance_3840x2160p_8bit,22,veryfast,branch-instructions,363871946976.0,,,
OldTownCross,22,veryfast,branch-instructions,160586973649.0,,,
PedestrianArea,22,veryfast,branch-instructions,106119494699.0,,,
PierSeaSide,22,veryfast,branch-instructions,387965437918.0,,,
RitualDance,22,veryfast,branch-instructions,82331619026.0,,,
Riverbed,22,veryfast,branch-instructions,120838192922.0,,,
RushFieldCuts,22,veryfast,branch-instructions,120324131845.0,,,
Skater227,22,veryfast,branch-instructions,,,,
Tango,22,veryfast,branch-instructions,470291274689.0,,,
TimeLapse,22,veryfast,branch-instructions,393009853704.0,,,
ToddlerFountain,22,veryfast,branch-instructions,133324172928.0,,,
TreesAndGrass_1920_1080,22,veryfast,branch-instructions,147604008838.0,,,
TunnelFlag,22,veryfast,branch-instructions,111008171298.0,,,
Vertical_Carnaby,22,veryfast,branch-instructions,76968413484.0,,,
Vertical_bees,22,veryfast,branch-instructions,89708703125.0,,,
WalkingInStreet,22,veryfast,branch-instructions,141079750984.0,,,
WorldCup_1920x1080_30p,22,veryfast,branch-instructions,79053258933.0,,,
WorldCup_far_1920x1080_30p,22,veryfast,branch-instructions,106509477018.0,,,
Aerial3200,27,veryfast,branch-instructions,113768283988.0,,,
Boat,27,veryfast,branch-instructions,116612160463.0,,,
BoxingPractice,27,veryfast,branch-instructions,333531077310.0,,,
Crosswalk,27,veryfast,branch-instructions,321889583871.0,,,
CrowdRun,27,veryfast,branch-instructions,132347817511.0,,,
DinnerSceneCropped,27,veryfast,branch-instructions,102837373943.0,,,
FoodMarket,27,veryfast,branch-instructions,99667993822.0,,,
FoodMarket2,27,veryfast,branch-instructions,353484414419.0,,,
MeridianTalk_sdr,27,veryfast,branch-instructions,82818473422.0,,,
Motorcycle,27,veryfast,branch-instructions,105873354311.0,,,
MountainBike,27,veryfast,branch-instructions,107453865615.0,,,
Neon1224,27,veryfast,branch-instructions,304973553917.0,,,
NocturneDance_3840x2160p_8bit,27,veryfast,branch-instructions,324747340784.0,,,
OldTownCross,27,veryfast,branch-instructions,123604811409.0,,,
PedestrianArea,27,veryfast,branch-instructions,83748267166.0,,,
PierSeaSide,27,veryfast,branch-instructions,315886501423.0,,,
RitualDance,27,veryfast,branch-instructions,71735508285.0,,,
Riverbed,27,veryfast,branch-instructions,97101344051.0,,,
RushFieldCuts,27,veryfast,branch-instructions,106848525368.0,,,
Skater227,27,veryfast,branch-instructions,,,,
Tango,27,veryfast,branch-instructions,358701767306.0,,,
TimeLapse,27,veryfast,branch-instructions,327275296478.0,,,
ToddlerFountain,27,veryfast,branch-instructions,112223497646.0,,,
TreesAndGrass_1920_1080,27,veryfast,branch-instructions,134117693897.0,,,
TunnelFlag,27,veryfast,branch-instructions,93282824312.0,,,
Vertical_Carnaby,27,veryfast,branch-instructions,69495461606.0,,,
Vertical_bees,27,veryfast,branch-instructions,80457896969.0,,,
WalkingInStreet,27,veryfast,branch-instructions,127903986028.0,,,
WorldCup_1920x1080_30p,27,veryfast,branch-instructions,71155438210.0,,,
WorldCup_far_1920x1080_30p,27,veryfast,branch-instructions,93984082726.0,,,
Aerial3200,32,veryfast,branch-instructions,99439125885.0,,,
Boat,32,veryfast,branch-instructions,100977116629.0,,,
BoxingPractice,32,veryfast,branch-instructions,285447360927.0,,,
Crosswalk,32,veryfast,branch-instructions,285471834285.0,,,
CrowdRun,32,veryfast,branch-instructions,109911846578.0,,,
DinnerSceneCropped,32,veryfast,branch-instructions,77219560601.0,,,
FoodMarket,32,veryfast,branch-instructions,82242768236.0,,,
FoodMarket2,32,veryfast,branch-instructions,317750084779.0,,,
MeridianTalk_sdr,32,veryfast,branch-instructions,71622136840.0,,,
Motorcycle,32,veryfast,branch-instructions,93441163462.0,,,
MountainBike,32,veryfast,branch-instructions,94364987613.0,,,
Neon1224,32,veryfast,branch-instructions,273283450681.0,,,
NocturneDance_3840x2160p_8bit,32,veryfast,branch-instructions,274084903152.0,,,
OldTownCross,32,veryfast,branch-instructions,93119856984.0,,,
PedestrianArea,32,veryfast,branch-instructions,72571119541.0,,,
PierSeaSide,32,veryfast,branch-instructions,280967504397.0,,,
RitualDance,32,veryfast,branch-instructions,65215079256.0,,,
Riverbed,32,veryfast,branch-instructions,84753710034.0,,,
RushFieldCuts,32,veryfast,branch-instructions,91418993079.0,,,
Skater227,32,veryfast,branch-instructions,,,,
Tango,32,veryfast,branch-instructions,300799146486.0,,,
TimeLapse,32,veryfast,branch-instructions,291951974676.0,,,
ToddlerFountain,32,veryfast,branch-instructions,94661822738.0,,,
TreesAndGrass_1920_1080,32,veryfast,branch-instructions,115391984979.0,,,
TunnelFlag,32,veryfast,branch-instructions,81733654641.0,,,
Vertical_Carnaby,32,veryfast,branch-instructions,64882696203.0,,,
Vertical_bees,32,veryfast,branch-instructions,73011430561.0,,,
WalkingInStreet,32,veryfast,branch-instructions,110617272954.0,,,
WorldCup_1920x1080_30p,32,veryfast,branch-instructions,66621839627.0,,,
WorldCup_far_1920x1080_30p,32,veryfast,branch-instructions,84816980821.0,,,
Aerial3200,37,veryfast,branch-instructions,88212140455.0,,,
Boat,37,veryfast,branch-instructions,88440065545.0,,,
BoxingPractice,37,veryfast,branch-instructions,260747999347.0,,,
Crosswalk,37,veryfast,branch-instructions,262277219554.0,,,
CrowdRun,37,veryfast,branch-instructions,93175230950.0,,,
DinnerSceneCropped,37,veryfast,branch-instructions,65086212910.0,,,
FoodMarket,37,veryfast,branch-instructions,73083641433.0,,,
FoodMarket2,37,veryfast,branch-instructions,283681106288.0,,,
MeridianTalk_sdr,37,veryfast,branch-instructions,64312840752.0,,,
Motorcycle,37,veryfast,branch-instructions,83064938885.0,,,
MountainBike,37,veryfast,branch-instructions,83436504070.0,,,
Neon1224,37,veryfast,branch-instructions,249844852046.0,,,
NocturneDance_3840x2160p_8bit,37,veryfast,branch-instructions,249104266997.0,,,
OldTownCross,37,veryfast,branch-instructions,75996677271.0,,,
PedestrianArea,37,veryfast,branch-instructions,66667303666.0,,,
PierSeaSide,37,veryfast,branch-instructions,254638192859.0,,,
RitualDance,37,veryfast,branch-instructions,60502527559.0,,,
Riverbed,37,veryfast,branch-instructions,74857050444.0,,,
RushFieldCuts,37,veryfast,branch-instructions,78640745145.0,,,
Skater227,37,veryfast,branch-instructions,,,,
Tango,37,veryfast,branch-instructions,271555693162.0,,,
TimeLapse,37,veryfast,branch-instructions,265740063178.0,,,
ToddlerFountain,37,veryfast,branch-instructions,80680880130.0,,,
TreesAndGrass_1920_1080,37,veryfast,branch-instructions,102655029242.0,,,
TunnelFlag,37,veryfast,branch-instructions,73100892391.0,,,
Vertical_Carnaby,37,veryfast,branch-instructions,61154206914.0,,,
Vertical_bees,37,veryfast,branch-instructions,67555746802.0,,,
WalkingInStreet,37,veryfast,branch-instructions,94214630959.0,,,
WorldCup_1920x1080_30p,37,veryfast,branch-instructions,61182211083.0,,,
WorldCup_far_1920x1080_30p,37,veryfast,branch-instructions,73542452594.0,,,
Aerial3200,22,fast,branch-misses,6519986952.0,,,
Boat,22,fast,branch-misses,7045195880.0,,,
BoxingPractice,22,fast,branch-misses,17368089928.0,,,
Crosswalk,22,fast,branch-misses,16432100304.0,,,
CrowdRun,22,fast,branch-misses,8783959228.0,,,
DinnerSceneCropped,22,fast,branch-misses,7271233832.0,,,
FoodMarket,22,fast,branch-misses,6383271733.0,,,
FoodMarket2,22,fast,branch-misses,18392810125.0,,,
MeridianTalk_sdr,22,fast,branch-misses,4605610063.0,,,
Motorcycle,22,fast,branch-misses,5664443073.0,,,
MountainBike,22,fast,branch-misses,6075640654.0,,,
Neon1224,22,fast,branch-misses,13358467487.0,,,
NocturneDance_3840x2160p_8bit,22,fast,branch-misses,14555271758.0,,,
OldTownCross,22,fast,branch-misses,8811813388.0,,,
PedestrianArea,22,fast,branch-misses,4633179951.0,,,
PierSeaSide,22,fast,branch-misses,15746158831.0,,,
RitualDance,22,fast,branch-misses,2909456988.0,,,
Riverbed,22,fast,branch-misses,5730489169.0,,,
RushFieldCuts,22,fast,branch-misses,6214551159.0,,,
Skater227,22,fast,branch-misses,,,,
Tango,22,fast,branch-misses,21026964651.0,,,
TimeLapse,22,fast,branch-misses,16455382208.0,,,
ToddlerFountain,22,fast,branch-misses,7003772611.0,,,
TreesAndGrass_1920_1080,22,fast,branch-misses,7718975537.0,,,
TunnelFlag,22,fast,branch-misses,5247923467.0,,,
Vertical_Carnaby,22,fast,branch-misses,2955239084.0,,,
Vertical_bees,22,fast,branch-misses,3558048437.0,,,
WalkingInStreet,22,fast,branch-misses,6988092013.0,,,
WorldCup_1920x1080_30p,22,fast,branch-misses,2732451335.0,,,
WorldCup_far_1920x1080_30p,22,fast,branch-misses,4933714386.0,,,
Aerial3200,27,fast,branch-misses,5277338409.0,,,
Boat,27,fast,branch-misses,5701548138.0,,,
BoxingPractice,27,fast,branch-misses,10987366456.0,,,
Crosswalk,27,fast,branch-misses,9708538033.0,,,
CrowdRun,27,fast,branch-misses,6995214923.0,,,
DinnerSceneCropped,27,fast,branch-misses,4088869783.0,,,
FoodMarket,27,fast,branch-misses,4074181059.0,,,
FoodMarket2,27,fast,branch-misses,13047913910.0,,,
MeridianTalk_sdr,27,fast,branch-misses,2805372567.0,,,
Motorcycle,27,fast,branch-misses,4833118352.0,,,
MountainBike,27,fast,branch-misses,5109279329.0,,,
Neon1224,27,fast,branch-misses,9376888692.0,,,
NocturneDance_3840x2160p_8bit,27,fast,branch-misses,11122412482.0,,,
OldTownCross,27,fast,branch-misses,5690110781.0,,,
PedestrianArea,27,fast,branch-misses,2979141286.0,,,
PierSeaSide,27,fast,branch-misses,10382768119.0,,,
RitualDance,27,fast,branch-misses,2542173656.0,,,
Riverbed,27,fast,branch-misses,4010172785.0,,,
RushFieldCuts,27,fast,branch-misses,4805803606.0,,,
Skater227,27,fast,branch-misses,,,,
Tango,27,fast,branch-misses,13301680460.0,,,
TimeLapse,27,fast,branch-misses,11765494984.0,,,
ToddlerFountain,27,fast,branch-misses,5291775062.0,,,
TreesAndGrass_1920_1080,27,fast,branch-misses,6685167391.0,,,
TunnelFlag,27,fast,branch-misses,4041463574.0,,,
Vertical_Carnaby,27,fast,branch-misses,2159637761.0,,,
Vertical_bees,27,fast,branch-misses,2755211230.0,,,
WalkingInStreet,27,fast,branch-misses,6068576513.0,,,
WorldCup_1920x1080_30p,27,fast,branch-misses,2242514199.0,,,
WorldCup_far_1920x1080_30p,27,fast,branch-misses,4298926484.0,,,
Aerial3200,32,fast,branch-misses,4123243417.0,,,
Boat,32,fast,branch-misses,4379793017.0,,,
BoxingPractice,32,fast,branch-misses,7435471569.0,,,
Crosswalk,32,fast,branch-misses,7214880856.0,,,
CrowdRun,32,fast,branch-misses,5022155354.0,,,
DinnerSceneCropped,32,fast,branch-misses,2298404552.0,,,
FoodMarket,32,fast,branch-misses,2653647177.0,,,
FoodMarket2,32,fast,branch-misses,10074870685.0,,,
MeridianTalk_sdr,32,fast,branch-misses,1805005333.0,,,
Motorcycle,32,fast,branch-misses,3921896991.0,,,
MountainBike,32,fast,branch-misses,4068438155.0,,,
Neon1224,32,fast,branch-misses,7080414385.0,,,
NocturneDance_3840x2160p_8bit,32,fast,branch-misses,9147673763.0,,,
OldTownCross,32,fast,branch-misses,3393567834.0,,,
PedestrianArea,32,fast,branch-misses,2169518544.0,,,
PierSeaSide,32,fast,branch-misses,7627588610.0,,,
RitualDance,32,fast,branch-misses,1814541934.0,,,
Riverbed,32,fast,branch-misses,2847401158.0,,,
RushFieldCuts,32,fast,branch-misses,3688968404.0,,,
Skater227,32,fast,branch-misses,,,,
Tango,32,fast,branch-misses,7887112092.0,,,
TimeLapse,32,fast,branch-misses,8834326419.0,,,
ToddlerFountain,32,fast,branch-misses,3834669658.0,,,
TreesAndGrass_1920_1080,32,fast,branch-misses,5658646166.0,,,
TunnelFlag,32,fast,branch-misses,2801018328.0,,,
Vertical_Carnaby,32,fast,branch-misses,1677508436.0,,,
Vertical_bees,32,fast,branch-misses,2278172106.0,,,
WalkingInStreet,32,fast,branch-misses,4722554781.0,,,
WorldCup_1920x1080_30p,32,fast,branch-misses,1797207030.0,,,
WorldCup_far_1920x1080_30p,32,fast,branch-misses,3035756165.0,,,
Aerial3200,37,fast,branch-misses,3244946507.0,,,
Boat,37,fast,branch-misses,3388848070.0,,,
BoxingPractice,37,fast,branch-misses,6070486375.0,,,
Crosswalk,37,fast,branch-misses,6682537714.0,,,
CrowdRun,37,fast,branch-misses,3704841600.0,,,
DinnerSceneCropped,37,fast,branch-misses,1316458628.0,,,
FoodMarket,37,fast,branch-misses,1955045219.0,,,
FoodMarket2,37,fast,branch-misses,8002416099.0,,,
MeridianTalk_sdr,37,fast,branch-misses,1390995660.0,,,
Motorcycle,37,fast,branch-misses,3095584482.0,,,
MountainBike,37,fast,branch-misses,3196354767.0,,,
Neon1224,37,fast,branch-misses,5750279367.0,,,
NocturneDance_3840x2160p_8bit,37,fast,branch-misses,6212911401.0,,,
OldTownCross,37,fast,branch-misses,2224794344.0,,,
PedestrianArea,37,fast,branch-misses,1687584528.0,,,
PierSeaSide,37,fast,branch-misses,7212068436.0,,,
RitualDance,37,fast,branch-misses,1427059660.0,,,
Riverbed,37,fast,branch-misses,2358818758.0,,,
RushFieldCuts,37,fast,branch-misses,2795775199.0,,,
Skater227,37,fast,branch-misses,,,,
Tango,37,fast,branch-misses,7160432627.0,,,
TimeLapse,37,fast,branch-misses,7013132225.0,,,
ToddlerFountain,37,fast,branch-misses,2619162669.0,,,
TreesAndGrass_1920_1080,37,fast,branch-misses,4367309957.0,,,
TunnelFlag,37,fast,branch-misses,2339679630.0,,,
Vertical_Carnaby,37,fast,branch-misses,1408103872.0,,,
Vertical_bees,37,fast,branch-misses,1902307704.0,,,
WalkingInStreet,37,fast,branch-misses,3883640578.0,,,
WorldCup_1920x1080_30p,37,fast,branch-misses,1366408454.0,,,
WorldCup_far_1920x1080_30p,37,fast,branch-misses,2493926952.0,,,
Aerial3200,22,faster,branch-misses,6559189304.0,,,
Boat,22,faster,branch-misses,7091066924.0,,,
BoxingPractice,22,faster,branch-misses,17472389355.0,,,
Crosswalk,22,faster,branch-misses,16552534467.0,,,
CrowdRun,22,faster,branch-misses,8703169529.0,,,
DinnerSceneCropped,22,faster,branch-misses,6937655885.0,,,
FoodMarket,22,faster,branch-misses,6405867150.0,,,
FoodMarket2,22,faster,branch-misses,18943879210.0,,,
MeridianTalk_sdr,22,faster,branch-misses,4544299596.0,,,
Motorcycle,22,faster,branch-misses,5747834005.0,,,
MountainBike,22,faster,branch-misses,6087007528.0,,,
Neon1224,22,faster,branch-misses,12706359725.0,,,
NocturneDance_3840x2160p_8bit,22,faster,branch-misses,14586363412.0,,,
OldTownCross,22,faster,branch-misses,8822068833.0,,,
PedestrianArea,22,faster,branch-misses,4630000674.0,,,
PierSeaSide,22,faster,branch-misses,15570401085.0,,,
RitualDance,22,faster,branch-misses,3012276129.0,,,
Riverbed,22,faster,branch-misses,5727782757.0,,,
RushFieldCuts,22,faster,branch-misses,6014652157.0,,,
Skater227,22,faster,branch-misses,,,,
Tango,22,faster,branch-misses,20991660385.0,,,
TimeLapse,22,faster,branch-misses,17127973282.0,,,
ToddlerFountain,22,faster,branch-misses,7201562435.0,,,
TreesAndGrass_1920_1080,22,faster,branch-misses,7696230720.0,,,
TunnelFlag,22,faster,branch-misses,5393300677.0,,,
Vertical_Carnaby,22,faster,branch-misses,2936066220.0,,,
Vertical_bees,22,faster,branch-misses,3447740993.0,,,
WalkingInStreet,22,faster,branch-misses,7139674511.0,,,
WorldCup_1920x1080_30p,22,faster,branch-misses,2851262241.0,,,
WorldCup_far_1920x1080_30p,22,faster,branch-misses,5027864034.0,,,
Aerial3200,27,faster,branch-misses,5260959558.0,,,
Boat,27,faster,branch-misses,5718915835.0,,,
BoxingPractice,27,faster,branch-misses,11029806118.0,,,
Crosswalk,27,faster,branch-misses,10146524567.0,,,
CrowdRun,27,faster,branch-misses,6814828674.0,,,
DinnerSceneCropped,27,faster,branch-misses,3970371343.0,,,
FoodMarket,27,faster,branch-misses,4349448717.0,,,
FoodMarket2,27,faster,branch-misses,13049571141.0,,,
MeridianTalk_sdr,27,faster,branch-misses,2581747674.0,,,
Motorcycle,27,faster,branch-misses,5032918879.0,,,
MountainBike,27,faster,branch-misses,5075851807.0,,,
Neon1224,27,faster,branch-misses,9740026346.0,,,
NocturneDance_3840x2160p_8bit,27,faster,branch-misses,10481748872.0,,,
OldTownCross,27,faster,branch-misses,5794981013.0,,,
PedestrianArea,27,faster,branch-misses,3001312912.0,,,
PierSeaSide,27,faster,branch-misses,10388164660.0,,,
RitualDance,27,faster,branch-misses,2299800024.0,,,
Riverbed,27,faster,branch-misses,3976603128.0,,,
RushFieldCuts,27,faster,branch-misses,4832554383.0,,,
Skater227,27,faster,branch-misses,,,,
Tango,27,faster,branch-misses,12667996373.0,,,
TimeLapse,27,faster,branch-misses,12800044548.0,,,
ToddlerFountain,27,faster,branch-misses,5178896901.0,,,
TreesAndGrass_1920_1080,27,faster,branch-misses,6953519545.0,,,
TunnelFlag,27,faster,branch-misses,3823639019.0,,,
Vertical_Carnaby,27,faster,branch-misses,2130216307.0,,,
Vertical_bees,27,faster,branch-misses,2769594003.0,,,
WalkingInStreet,27,faster,branch-misses,6043888357.0,,,
WorldCup_1920x1080_30p,27,faster,branch-misses,2226146860.0,,,
WorldCup_far_1920x1080_30p,27,faster,branch-misses,4207911438.0,,,
Aerial3200,32,faster,branch-misses,4117475910.0,,,
Boat,32,faster,branch-misses,4443824205.0,,,
BoxingPractice,32,faster,branch-misses,7799627699.0,,,
Crosswalk,32,faster,branch-misses,7174586736.0,,,
CrowdRun,32,faster,branch-misses,5253300174.0,,,
DinnerSceneCropped,32,faster,branch-misses,2165697462.0,,,
FoodMarket,32,faster,branch-misses,2791851190.0,,,
FoodMarket2,32,faster,branch-misses,10150393004.0,,,
MeridianTalk_sdr,32,faster,branch-misses,1775202538.0,,,
Motorcycle,32,faster,branch-misses,3946725356.0,,,
MountainBike,32,faster,branch-misses,4090673673.0,,,
Neon1224,32,faster,branch-misses,7419375703.0,,,
NocturneDance_3840x2160p_8bit,32,faster,branch-misses,8092393047.0,,,
OldTownCross,32,faster,branch-misses,3533706749.0,,,
PedestrianArea,32,faster,branch-misses,2188993191.0,,,
PierSeaSide,32,faster,branch-misses,7632501918.0,,,
RitualDance,32,faster,branch-misses,1809708729.0,,,
Riverbed,32,faster,branch-misses,2968794615.0,,,
RushFieldCuts,32,faster,branch-misses,3557529080.0,,,
Skater227,32,faster,branch-misses,,,,
Tango,32,faster,branch-misses,8310477280.0,,,
TimeLapse,32,faster,branch-misses,8803956715.0,,,
ToddlerFountain,32,faster,branch-misses,3844556363.0,,,
TreesAndGrass_1920_1080,32,faster,branch-misses,5668635297.0,,,
TunnelFlag,32,faster,branch-misses,3045572891.0,,,
Vertical_Carnaby,32,faster,branch-misses,1699464816.0,,,
Vertical_bees,32,faster,branch-misses,2291939534.0,,,
WalkingInStreet,32,faster,branch-misses,4775377086.0,,,
WorldCup_1920x1080_30p,32,faster,branch-misses,1755426534.0,,,
WorldCup_far_1920x1080_30p,32,faster,branch-misses,3162652198.0,,,
Aerial3200,37,faster,branch-misses,3226764321.0,,,
Boat,37,faster,branch-misses,3441942103.0,,,
BoxingPractice,37,faster,branch-misses,6058476884.0,,,
Crosswalk,37,faster,branch-misses,5539221584.0,,,
CrowdRun,37,faster,branch-misses,3894409961.0,,,
DinnerSceneCropped,37,faster,branch-misses,1331629321.0,,,
FoodMarket,37,faster,branch-misses,2077326448.0,,,
FoodMarket2,37,faster,branch-misses,8034393480.0,,,
MeridianTalk_sdr,37,faster,branch-misses,1387601860.0,,,
Motorcycle,37,faster,branch-misses,3112922955.0,,,
MountainBike,37,faster,branch-misses,3207765204.0,,,
Neon1224,37,faster,branch-misses,5813364339.0,,,
NocturneDance_3840x2160p_8bit,37,faster,branch-misses,6181166915.0,,,
OldTownCross,37,faster,branch-misses,2246223260.0,,,
PedestrianArea,37,faster,branch-misses,1699262443.0,,,
PierSeaSide,37,faster,branch-misses,6996443027.0,,,
RitualDance,37,faster,branch-misses,1354658373.0,,,
Riverbed,37,faster,branch-misses,2357149720.0,,,
RushFieldCuts,37,faster,branch-misses,2674034613.0,,,
Skater227,37,faster,branch-misses,,,,
Tango,37,faster,branch-misses,6469382164.0,,,
TimeLapse,37,faster,branch-misses,6908083680.0,,,
ToddlerFountain,37,faster,branch-misses,2721510432.0,,,
TreesAndGrass_1920_1080,37,faster,branch-misses,4357859924.0,,,
TunnelFlag,37,faster,branch-misses,2117135170.0,,,
Vertical_Carnaby,37,faster,branch-misses,1316108049.0,,,
Vertical_bees,37,faster,branch-misses,1878617308.0,,,
WalkingInStreet,37,faster,branch-misses,3708273953.0,,,
WorldCup_1920x1080_30p,37,faster,branch-misses,1473746779.0,,,
WorldCup_far_1920x1080_30p,37,faster,branch-misses,2495959877.0,,,
Aerial3200,22,superfast,branch-misses,6464601430.0,,,
Boat,22,superfast,branch-misses,7049706262.0,,,
BoxingPractice,22,superfast,branch-misses,16860211820.0,,,
Crosswalk,22,superfast,branch-misses,15618567560.0,,,
CrowdRun,22,superfast,branch-misses,8372127940.0,,,
DinnerSceneCropped,22,superfast,branch-misses,6539143445.0,,,
FoodMarket,22,superfast,branch-misses,6115315134.0,,,
FoodMarket2,22,superfast,branch-misses,17709559218.0,,,
MeridianTalk_sdr,22,superfast,branch-misses,4342380754.0,,,
Motorcycle,22,superfast,branch-misses,5616783076.0,,,
MountainBike,22,superfast,branch-misses,5781578581.0,,,
Neon1224,22,superfast,branch-misses,12285301004.0,,,
NocturneDance_3840x2160p_8bit,22,superfast,branch-misses,13701794828.0,,,
OldTownCross,22,superfast,branch-misses,8410169785.0,,,
PedestrianArea,22,superfast,branch-misses,4571000819.0,,,
PierSeaSide,22,superfast,branch-misses,15171240633.0,,,
RitualDance,22,superfast,branch-misses,2958574962.0,,,
Riverbed,22,superfast,branch-misses,5529145394.0,,,
RushFieldCuts,22,superfast,branch-misses,5771240792.0,,,
Skater227,22,superfast,branch-misses,,,,
Tango,22,superfast,branch-misses,20514690348.0,,,
TimeLapse,22,superfast,branch-misses,15580134013.0,,,
ToddlerFountain,22,superfast,branch-misses,6730592918.0,,,
TreesAndGrass_1920_1080,22,superfast,branch-misses,7473163914.0,,,
TunnelFlag,22,superfast,branch-misses,5256159790.0,,,
Vertical_Carnaby,22,superfast,branch-misses,2920934233.0,,,
Vertical_bees,22,superfast,branch-misses,3492795074.0,,,
WalkingInStreet,22,superfast,branch-misses,7024302876.0,,,
WorldCup_1920x1080_30p,22,superfast,branch-misses,2822370788.0,,,
WorldCup_far_1920x1080_30p,22,superfast,branch-misses,4924783310.0,,,
Aerial3200,27,superfast,branch-misses,5256347364.0,,,
Boat,27,superfast,branch-misses,5619674653.0,,,
BoxingPractice,27,superfast,branch-misses,11223489090.0,,,
Crosswalk,27,superfast,branch-misses,9868052295.0,,,
CrowdRun,27,superfast,branch-misses,6756465032.0,,,
DinnerSceneCropped,27,superfast,branch-misses,3758224088.0,,,
FoodMarket,27,superfast,branch-misses,3764573452.0,,,
FoodMarket2,27,superfast,branch-misses,12308622494.0,,,
MeridianTalk_sdr,27,superfast,branch-misses,2550878151.0,,,
Motorcycle,27,superfast,branch-misses,4750244166.0,,,
MountainBike,27,superfast,branch-misses,4946958883.0,,,
Neon1224,27,superfast,branch-misses,9652757384.0,,,
NocturneDance_3840x2160p_8bit,27,superfast,branch-misses,11626350998.0,,,
OldTownCross,27,superfast,branch-misses,5541284961.0,,,
PedestrianArea,27,superfast,branch-misses,2992222779.0,,,
PierSeaSide,27,superfast,branch-misses,11056424515.0,,,
RitualDance,27,superfast,branch-misses,2300661923.0,,,
Riverbed,27,superfast,branch-misses,3849839056.0,,,
RushFieldCuts,27,superfast,branch-misses,4674158156.0,,,
Skater227,27,superfast,branch-misses,,,,
Tango,27,superfast,branch-misses,11460433999.0,,,
TimeLapse,27,superfast,branch-misses,11486923436.0,,,
ToddlerFountain,27,superfast,branch-misses,5079571313.0,,,
TreesAndGrass_1920_1080,27,superfast,branch-misses,6472495433.0,,,
TunnelFlag,27,superfast,branch-misses,3805688204.0,,,
Vertical_Carnaby,27,superfast,branch-misses,2304452648.0,,,
Vertical_bees,27,superfast,branch-misses,2833680942.0,,,
WalkingInStreet,27,superfast,branch-misses,6012964016.0,,,
WorldCup_1920x1080_30p,27,superfast,branch-misses,2263682386.0,,,
WorldCup_far_1920x1080_30p,27,superfast,branch-misses,4018030418.0,,,
Aerial3200,32,superfast,branch-misses,4131922501.0,,,
Boat,32,superfast,branch-misses,4443233219.0,,,
BoxingPractice,32,superfast,branch-misses,7917926094.0,,,
Crosswalk,32,superfast,branch-misses,7201903883.0,,,
CrowdRun,32,superfast,branch-misses,4979065039.0,,,
DinnerSceneCropped,32,superfast,branch-misses,2388332207.0,,,
FoodMarket,32,superfast,branch-misses,2696204174.0,,,
FoodMarket2,32,superfast,branch-misses,10028541068.0,,,
MeridianTalk_sdr,32,superfast,branch-misses,1818873621.0,,,
Motorcycle,32,superfast,branch-misses,3841025940.0,,,
MountainBike,32,superfast,branch-misses,3991893507.0,,,
Neon1224,32,superfast,branch-misses,7610490877.0,,,
NocturneDance_3840x2160p_8bit,32,superfast,branch-misses,8083621151.0,,,
OldTownCross,32,superfast,branch-misses,3405118898.0,,,
PedestrianArea,32,superfast,branch-misses,2153777977.0,,,
PierSeaSide,32,superfast,branch-misses,7198602174.0,,,
RitualDance,32,superfast,branch-misses,1707856101.0,,,
Riverbed,32,superfast,branch-misses,3056773460.0,,,
RushFieldCuts,32,superfast,branch-misses,3561025461.0,,,
Skater227,32,superfast,branch-misses,,,,
Tango,32,superfast,branch-misses,7830032235.0,,,
TimeLapse,32,superfast,branch-misses,9568714502.0,,,
ToddlerFountain,32,superfast,branch-misses,3723487687.0,,,
TreesAndGrass_1920_1080,32,superfast,branch-misses,5421544445.0,,,
TunnelFlag,32,superfast,branch-misses,2820720516.0,,,
Vertical_Carnaby,32,superfast,branch-misses,1754849888.0,,,
Vertical_bees,32,superfast,branch-misses,2191251409.0,,,
WalkingInStreet,32,superfast,branch-misses,4800338464.0,,,
WorldCup_1920x1080_30p,32,superfast,branch-misses,1695963357.0,,,
WorldCup_far_1920x1080_30p,32,superfast,branch-misses,3114313875.0,,,
Aerial3200,37,superfast,branch-misses,3279759800.0,,,
Boat,37,superfast,branch-misses,3310066675.0,,,
BoxingPractice,37,superfast,branch-misses,6161261711.0,,,
Crosswalk,37,superfast,branch-misses,5773291473.0,,,
CrowdRun,37,superfast,branch-misses,3758261517.0,,,
DinnerSceneCropped,37,superfast,branch-misses,1370134342.0,,,
FoodMarket,37,superfast,branch-misses,2051370053.0,,,
FoodMarket2,37,superfast,branch-misses,8123242421.0,,,
MeridianTalk_sdr,37,superfast,branch-misses,1726269329.0,,,
Motorcycle,37,superfast,branch-misses,3060354363.0,,,
MountainBike,37,superfast,branch-misses,3154249093.0,,,
Neon1224,37,superfast,branch-misses,6203835061.0,,,
NocturneDance_3840x2160p_8bit,37,superfast,branch-misses,5830573806.0,,,
OldTownCross,37,superfast,branch-misses,2341041794.0,,,
PedestrianArea,37,superfast,branch-misses,1603873698.0,,,
PierSeaSide,37,superfast,branch-misses,5898540210.0,,,
RitualDance,37,superfast,branch-misses,1358897631.0,,,
Riverbed,37,superfast,branch-misses,2178724991.0,,,
RushFieldCuts,37,superfast,branch-misses,2628347641.0,,,
Skater227,37,superfast,branch-misses,,,,
Tango,37,superfast,branch-misses,6458777029.0,,,
TimeLapse,37,superfast,branch-misses,6876904706.0,,,
ToddlerFountain,37,superfast,branch-misses,2664965122.0,,,
TreesAndGrass_1920_1080,37,superfast,branch-misses,4290067880.0,,,
TunnelFlag,37,superfast,branch-misses,2410546671.0,,,
Vertical_Carnaby,37,superfast,branch-misses,1340190211.0,,,
Vertical_bees,37,superfast,branch-misses,1912735341.0,,,
WalkingInStreet,37,superfast,branch-misses,3643630988.0,,,
WorldCup_1920x1080_30p,37,superfast,branch-misses,1501370966.0,,,
WorldCup_far_1920x1080_30p,37,superfast,branch-misses,2520768881.0,,,
Aerial3200,22,veryfast,branch-misses,6536297045.0,,,
Boat,22,veryfast,branch-misses,7033332686.0,,,
BoxingPractice,22,veryfast,branch-misses,17469615480.0,,,
Crosswalk,22,veryfast,branch-misses,16405940770.0,,,
CrowdRun,22,veryfast,branch-misses,8700830537.0,,,
DinnerSceneCropped,22,veryfast,branch-misses,7002526397.0,,,
FoodMarket,22,veryfast,branch-misses,6442082231.0,,,
FoodMarket2,22,veryfast,branch-misses,18698382499.0,,,
MeridianTalk_sdr,22,veryfast,branch-misses,4400993728.0,,,
Motorcycle,22,veryfast,branch-misses,5927035084.0,,,
MountainBike,22,veryfast,branch-misses,5994943049.0,,,
Neon1224,22,veryfast,branch-misses,12585120745.0,,,
NocturneDance_3840x2160p_8bit,22,veryfast,branch-misses,14695856621.0,,,
OldTownCross,22,veryfast,branch-misses,8830484564.0,,,
PedestrianArea,22,veryfast,branch-misses,4671462953.0,,,
PierSeaSide,22,veryfast,branch-misses,15469116480.0,,,
RitualDance,22,veryfast,branch-misses,3006291734.0,,,
Riverbed,22,veryfast,branch-misses,5742735104.0,,,
RushFieldCuts,22,veryfast,branch-misses,5927276247.0,,,
Skater227,22,veryfast,branch-misses,,,,
Tango,22,veryfast,branch-misses,21004673820.0,,,
TimeLapse,22,veryfast,branch-misses,16533846415.0,,,
ToddlerFountain,22,veryfast,branch-misses,7016822981.0,,,
TreesAndGrass_1920_1080,22,veryfast,branch-misses,7702844225.0,,,
TunnelFlag,22,veryfast,branch-misses,5194630691.0,,,
Vertical_Carnaby,22,veryfast,branch-misses,2615627119.0,,,
Vertical_bees,22,veryfast,branch-misses,3547908518.0,,,
WalkingInStreet,22,veryfast,branch-misses,6978635715.0,,,
WorldCup_1920x1080_30p,22,veryfast,branch-misses,2852142648.0,,,
WorldCup_far_1920x1080_30p,22,veryfast,branch-misses,4991376152.0,,,
Aerial3200,27,veryfast,branch-misses,5284306983.0,,,
Boat,27,veryfast,branch-misses,5687909818.0,,,
BoxingPractice,27,veryfast,branch-misses,11533984996.0,,,
Crosswalk,27,veryfast,branch-misses,9649429229.0,,,
CrowdRun,27,veryfast,branch-misses,6782768364.0,,,
DinnerSceneCropped,27,veryfast,branch-misses,4082420150.0,,,
FoodMarket,27,veryfast,branch-misses,4130195626.0,,,
FoodMarket2,27,veryfast,branch-misses,13069309798.0,,,
MeridianTalk_sdr,27,veryfast,branch-misses,2870959237.0,,,
Motorcycle,27,veryfast,branch-misses,4846073569.0,,,
MountainBike,27,veryfast,branch-misses,4963581310.0,,,
Neon1224,27,veryfast,branch-misses,9708310443.0,,,
NocturneDance_3840x2160p_8bit,27,veryfast,branch-misses,11811491230.0,,,
OldTownCross,27,veryfast,branch-misses,5815530943.0,,,
PedestrianArea,27,veryfast,branch-misses,3043775815.0,,,
PierSeaSide,27,veryfast,branch-misses,10006512850.0,,,
RitualDance,27,veryfast,branch-misses,2174188057.0,,,
Riverbed,27,veryfast,branch-misses,3875073531.0,,,
RushFieldCuts,27,veryfast,branch-misses,4811239543.0,,,
Skater227,27,veryfast,branch-misses,,,,
Tango,27,veryfast,branch-misses,12693892228.0,,,
TimeLapse,27,veryfast,branch-misses,11376134342.0,,,
ToddlerFountain,27,veryfast,branch-misses,5311081809.0,,,
TreesAndGrass_1920_1080,27,veryfast,branch-misses,6882022589.0,,,
TunnelFlag,27,veryfast,branch-misses,3841456110.0,,,
Vertical_Carnaby,27,veryfast,branch-misses,2015762411.0,,,
Vertical_bees,27,veryfast,branch-misses,2834978396.0,,,
WalkingInStreet,27,veryfast,branch-misses,6078051137.0,,,
WorldCup_1920x1080_30p,27,veryfast,branch-misses,2228740681.0,,,
WorldCup_far_1920x1080_30p,27,veryfast,branch-misses,3997170741.0,,,
Aerial3200,32,veryfast,branch-misses,4124712515.0,,,
Boat,32,veryfast,branch-misses,4388831264.0,,,
BoxingPractice,32,veryfast,branch-misses,7991386740.0,,,
Crosswalk,32,veryfast,branch-misses,7105485073.0,,,
CrowdRun,32,veryfast,branch-misses,5029986684.0,,,
DinnerSceneCropped,32,veryfast,branch-misses,2174314399.0,,,
FoodMarket,32,veryfast,branch-misses,2794317114.0,,,
FoodMarket2,32,veryfast,branch-misses,11031975668.0,,,
MeridianTalk_sdr,32,veryfast,branch-misses,2096139009.0,,,
Motorcycle,32,veryfast,branch-misses,3920444943.0,,,
MountainBike,32,veryfast,branch-misses,3972980921.0,,,
Neon1224,32,veryfast,branch-misses,7400211003.0,,,
NocturneDance_3840x2160p_8bit,32,veryfast,branch-misses,7629785812.0,,,
OldTownCross,32,veryfast,branch-misses,3548403291.0,,,
PedestrianArea,32,veryfast,branch-misses,2156417934.0,,,
PierSeaSide,32,veryfast,branch-misses,7658999622.0,,,
RitualDance,32,veryfast,branch-misses,1683892582.0,,,
Riverbed,32,veryfast,branch-misses,2953496513.0,,,
RushFieldCuts,32,veryfast,branch-misses,3659335300.0,,,
Skater227,32,veryfast,branch-misses,,,,
Tango,32,veryfast,branch-misses,8450341245.0,,,
TimeLapse,32,veryfast,branch-misses,8870158972.0,,,
ToddlerFountain,32,veryfast,branch-misses,3835178686.0,,,
TreesAndGrass_1920_1080,32,veryfast,branch-misses,5564787419.0,,,
TunnelFlag,32,veryfast,branch-misses,3070315970.0,,,
Vertical_Carnaby,32,veryfast,branch-misses,1704651565.0,,,
Vertical_bees,32,veryfast,branch-misses,2286743693.0,,,
WalkingInStreet,32,veryfast,branch-misses,4792805165.0,,,
WorldCup_1920x1080_30p,32,veryfast,branch-misses,2060701657.0,,,
WorldCup_far_1920x1080_30p,32,veryfast,branch-misses,3324097914.0,,,
Aerial3200,37,veryfast,branch-misses,3222062618.0,,,
Boat,37,veryfast,branch-misses,3396446133.0,,,
BoxingPractice,37,veryfast,branch-misses,6263722825.0,,,
Crosswalk,37,veryfast,branch-misses,5611102703.0,,,
CrowdRun,37,veryfast,branch-misses,3714240894.0,,,
DinnerSceneCropped,37,veryfast,branch-misses,1249951948.0,,,
FoodMarket,37,veryfast,branch-misses,2063443101.0,,,
FoodMarket2,37,veryfast,branch-misses,8081016936.0,,,
MeridianTalk_sdr,37,veryfast,branch-misses,1413056897.0,,,
Motorcycle,37,veryfast,branch-misses,3089282868.0,,,
MountainBike,37,veryfast,branch-misses,3082318275.0,,,
Neon1224,37,veryfast,branch-misses,5794759745.0,,,
NocturneDance_3840x2160p_8bit,37,veryfast,branch-misses,5796170065.0,,,
OldTownCross,37,veryfast,branch-misses,2229088033.0,,,
PedestrianArea,37,veryfast,branch-misses,1693284785.0,,,
PierSeaSide,37,veryfast,branch-misses,5860621919.0,,,
RitualDance,37,veryfast,branch-misses,1344545638.0,,,
Riverbed,37,veryfast,branch-misses,2251082059.0,,,
RushFieldCuts,37,veryfast,branch-misses,2673012302.0,,,
Skater227,37,veryfast,branch-misses,,,,
Tango,37,veryfast,branch-misses,6281618088.0,,,
TimeLapse,37,veryfast,branch-misses,6900112647.0,,,
ToddlerFountain,37,veryfast,branch-misses,2719649531.0,,,
TreesAndGrass_1920_1080,37,veryfast,branch-misses,4467215767.0,,,
TunnelFlag,37,veryfast,branch-misses,2379979696.0,,,
Vertical_Carnaby,37,veryfast,branch-misses,1409355388.0,,,
Vertical_bees,37,veryfast,branch-misses,1869979913.0,,,
WalkingInStreet,37,veryfast,branch-misses,3596127528.0,,,
WorldCup_1920x1080_30p,37,veryfast,branch-misses,1462751260.0,,,
WorldCup_far_1920x1080_30p,37,veryfast,branch-misses,2385695463.0,,,
Aerial3200,22,fast,cache-misses,204152368.0,250.0,-204152118.0,-0.9999987754244418
Boat,22,fast,cache-misses,211818249.0,9065.0,-211809184.0,-0.9999572038762344
BoxingPractice,22,fast,cache-misses,669291616.0,15285.0,-669276331.0,-0.9999771624212308
Crosswalk,22,fast,cache-misses,715153103.0,12194.0,-715140909.0,-0.9999829491056547
CrowdRun,22,fast,cache-misses,203669885.0,37.0,-203669848.0,-0.9999998183334763
DinnerSceneCropped,22,fast,cache-misses,229595857.0,7868.0,-229587989.0,-0.9999657310889543
FoodMarket,22,fast,cache-misses,205370095.0,88.0,-205370007.0,-0.9999995715052866
FoodMarket2,22,fast,cache-misses,657891442.0,11998.0,-657879444.0,-0.9999817629486659
MeridianTalk_sdr,22,fast,cache-misses,187823048.0,6789.0,-187816259.0,-0.9999638542762866
Motorcycle,22,fast,cache-misses,474188150.0,15405.0,-474172745.0,-0.9999675128954615
MountainBike,22,fast,cache-misses,209294180.0,9103.0,-209285077.0,-0.9999565061962067
Neon1224,22,fast,cache-misses,668080820.0,13888.0,-668066932.0,-0.9999792120959258
NocturneDance_3840x2160p_8bit,22,fast,cache-misses,852485867.0,15598.0,-852470269.0,-0.999981702922472
OldTownCross,22,fast,cache-misses,251406287.0,13594.0,-251392693.0,-0.9999459281620908
PedestrianArea,22,fast,cache-misses,191289620.0,10502.0,-191279118.0,-0.9999450989551864
PierSeaSide,22,fast,cache-misses,626174778.0,12192.0,-626162586.0,-0.9999805293978161
RitualDance,22,fast,cache-misses,381377445.0,770.0,-381376675.0,-0.9999979810027833
Riverbed,22,fast,cache-misses,209030590.0,11874.0,-209018716.0,-0.9999431949170693
RushFieldCuts,22,fast,cache-misses,207600977.0,13598.0,-207587379.0,-0.9999344993448658
Skater227,22,fast,cache-misses,14472.0,9445.0,-5027.0,-0.34736042012161417
Tango,22,fast,cache-misses,612979119.0,9604.0,-612969515.0,-0.9999843322558595
TimeLapse,22,fast,cache-misses,589150851.0,11438.0,-589139413.0,-0.9999805856174516
ToddlerFountain,22,fast,cache-misses,208611581.0,10962.0,-208600619.0,-0.9999474525817433
TreesAndGrass_1920_1080,22,fast,cache-misses,220671747.0,10906.0,-220660841.0,-0.9999505781770966
TunnelFlag,22,fast,cache-misses,199112386.0,11843.0,-199100543.0,-0.9999405210281594
Vertical_Carnaby,22,fast,cache-misses,171891764.0,11362.0,-171880402.0,-0.9999339002652855
Vertical_bees,22,fast,cache-misses,175412896.0,11275.0,-175401621.0,-0.9999357230838946
WalkingInStreet,22,fast,cache-misses,223586381.0,11415.0,-223574966.0,-0.9999489459065041
WorldCup_1920x1080_30p,22,fast,cache-misses,368690219.0,16264.0,-368673955.0,-0.9999558870857922
WorldCup_far_1920x1080_30p,22,fast,cache-misses,446890532.0,4244.0,-446886288.0,-0.9999905032671401
Aerial3200,27,fast,cache-misses,195140380.0,13113.0,-195127267.0,-0.9999328022216621
Boat,27,fast,cache-misses,193640887.0,81.0,-193640806.0,-0.9999995816999123
BoxingPractice,27,fast,cache-misses,1436405529.0,11266.0,-1436394263.0,-0.999992156811031
Crosswalk,27,fast,cache-misses,1475969943.0,11527.0,-1475958416.0,-0.9999921902203668
CrowdRun,27,fast,cache-misses,183192070.0,11286.0,-183180784.0,-0.999938392529764
DinnerSceneCropped,27,fast,cache-misses,178979076.0,10014.0,-178969062.0,-0.9999440493256317
FoodMarket,27,fast,cache-misses,175734977.0,6414.0,-175728563.0,-0.9999635018588247
FoodMarket2,27,fast,cache-misses,679908126.0,11072.0,-679897054.0,-0.999983715446872
MeridianTalk_sdr,27,fast,cache-misses,168286525.0,11285.0,-168275240.0,-0.9999329417491983
Motorcycle,27,fast,cache-misses,188409130.0,12257.0,-188396873.0,-0.9999349447662117
MountainBike,27,fast,cache-misses,195215756.0,12250.0,-195203506.0,-0.9999372489175515
Neon1224,27,fast,cache-misses,1348647581.0,11272.0,-1348636309.0,-0.9999916419973914
NocturneDance_3840x2160p_8bit,27,fast,cache-misses,630768184.0,14774.0,-630753410.0,-0.9999765777660086
OldTownCross,27,fast,cache-misses,503599975.0,15538.0,-503584437.0,-0.9999691461462046
PedestrianArea,27,fast,cache-misses,161564999.0,11441.0,-161553558.0,-0.9999291863951301
PierSeaSide,27,fast,cache-misses,607578757.0,9001.0,-607569756.0,-0.9999851854596687
RitualDance,27,fast,cache-misses,161002897.0,11349.0,-160991548.0,-0.9999295105851418
Riverbed,27,fast,cache-misses,182542645.0,1021.0,-182541624.0,-0.9999944067864251
RushFieldCuts,27,fast,cache-misses,181693693.0,12006.0,-181681687.0,-0.9999339217569869
Skater227,27,fast,cache-misses,6985.0,10419.0,3434.0,0.4916249105225483
Tango,27,fast,cache-misses,691482316.0,15793.0,-691466523.0,-0.9999771606595937
TimeLapse,27,fast,cache-misses,617673538.0,12276.0,-617661262.0,-0.9999801254234725
ToddlerFountain,27,fast,cache-misses,184778731.0,11320.0,-184767411.0,-0.9999387375379258
TreesAndGrass_1920_1080,27,fast,cache-misses,504380684.0,12459.0,-504368225.0,-0.9999752984196357
TunnelFlag,27,fast,cache-misses,158851679.0,7599.0,-158844080.0,-0.9999521629229994
Vertical_Carnaby,27,fast,cache-misses,150550342.0,12633.0,-150537709.0,-0.9999160878691329
Vertical_bees,27,fast,cache-misses,398183360.0,11619.0,-398171741.0,-0.999970819976003
WalkingInStreet,27,fast,cache-misses,203685680.0,11511.0,-203674169.0,-0.9999434864542269
WorldCup_1920x1080_30p,27,fast,cache-misses,147553714.0,15914.0,-147537800.0,-0.999892147750344
WorldCup_far_1920x1080_30p,27,fast,cache-misses,182708164.0,11986.0,-182696178.0,-0.9999343981147991
Aerial3200,32,fast,cache-misses,181078300.0,38.0,-181078262.0,-0.9999997901460308
Boat,32,fast,cache-misses,173758036.0,12066.0,-173745970.0,-0.9999305586073728
BoxingPractice,32,fast,cache-misses,1272734486.0,11501.0,-1272722985.0,-0.9999909635512148
Crosswalk,32,fast,cache-misses,576459646.0,11152.0,-576448494.0,-0.999980654326669
CrowdRun,32,fast,cache-misses,193878803.0,8645.0,-193870158.0,-0.9999554102879415
DinnerSceneCropped,32,fast,cache-misses,150056545.0,11855.0,-150044690.0,-0.9999209964483722
FoodMarket,32,fast,cache-misses,366902043.0,11384.0,-366890659.0,-0.9999689726448321
FoodMarket2,32,fast,cache-misses,608957227.0,11210.0,-608946017.0,-0.9999815914821223
MeridianTalk_sdr,32,fast,cache-misses,139390339.0,11460.0,-139378879.0,-0.9999177848329933
Motorcycle,32,fast,cache-misses,175738368.0,7221.0,-175731147.0,-0.9999589105095138
MountainBike,32,fast,cache-misses,168160995.0,12424.0,-168148571.0,-0.9999261184200295
Neon1224,32,fast,cache-misses,1260062325.0,12283.0,-1260050042.0,-0.999990252069476
NocturneDance_3840x2160p_8bit,32,fast,cache-misses,612450378.0,15737.0,-612434641.0,-0.9999743048570704
OldTownCross,32,fast,cache-misses,410317923.0,1225.0,-410316698.0,-0.9999970145101363
PedestrianArea,32,fast,cache-misses,157565573.0,1472.0,-157564101.0,-0.9999906578577289
PierSeaSide,32,fast,cache-misses,558961002.0,9536.0,-558951466.0,-0.9999829397758235
RitualDance,32,fast,cache-misses,143601595.0,12486.0,-143589109.0,-0.9999130511050383
Riverbed,32,fast,cache-misses,380308374.0,11111.0,-380297263.0,-0.9999707842352165
RushFieldCuts,32,fast,cache-misses,176499995.0,11382.0,-176488613.0,-0.9999355127460485
Skater227,32,fast,cache-misses,18799.0,7825.0,-10974.0,-0.5837544550242034
Tango,32,fast,cache-misses,1292416724.0,7341.0,-1292409383.0,-0.9999943199435107
TimeLapse,32,fast,cache-misses,591919579.0,11122.0,-591908457.0,-0.9999812102853249
ToddlerFountain,32,fast,cache-misses,166436273.0,12664.0,-166423609.0,-0.9999239108172051
TreesAndGrass_1920_1080,32,fast,cache-misses,191631320.0,9027.0,-191622293.0,-0.9999528939215155
TunnelFlag,32,fast,cache-misses,155808264.0,7542.0,-155800722.0,-0.9999515943518889
Vertical_Carnaby,32,fast,cache-misses,135421187.0,11106.0,-135410081.0,-0.9999179891991347
Vertical_bees,32,fast,cache-misses,155395630.0,11034.0,-155384596.0,-0.999928994142242
WalkingInStreet,32,fast,cache-misses,437922841.0,11565.0,-437911276.0,-0.999973591238188
WorldCup_1920x1080_30p,32,fast,cache-misses,141298636.0,11349.0,-141287287.0,-0.999919680753323
WorldCup_far_1920x1080_30p,32,fast,cache-misses,383398370.0,11161.0,-383387209.0,-0.999970889286775
Aerial3200,37,fast,cache-misses,170367046.0,2111.0,-170364935.0,-0.9999876091060474
Boat,37,fast,cache-misses,160373653.0,6747.0,-160366906.0,-0.9999579294985568
BoxingPractice,37,fast,cache-misses,525405379.0,11366.0,-525394013.0,-0.9999783671799828
Crosswalk,37,fast,cache-misses,560770407.0,8167.0,-560762240.0,-0.9999854361073658
CrowdRun,37,fast,cache-misses,170631653.0,8049.0,-170623604.0,-0.999952828212946
DinnerSceneCropped,37,fast,cache-misses,128129236.0,8258.0,-128120978.0,-0.9999355494479027
FoodMarket,37,fast,cache-misses,339565376.0,11322.0,-339554054.0,-0.9999666573779301
FoodMarket2,37,fast,cache-misses,609158633.0,12231.0,-609146402.0,-0.9999799214862313
MeridianTalk_sdr,37,fast,cache-misses,129742494.0,276.0,-129742218.0,-0.9999978727093068
Motorcycle,37,fast,cache-misses,161732654.0,6170.0,-161726484.0,-0.9999618506229422
MountainBike,37,fast,cache-misses,170058009.0,12226.0,-170045783.0,-0.9999281068849866
Neon1224,37,fast,cache-misses,559212922.0,12143.0,-559200779.0,-0.9999782855518492
NocturneDance_3840x2160p_8bit,37,fast,cache-misses,582609881.0,6809.0,-582603072.0,-0.9999883129342257
OldTownCross,37,fast,cache-misses,358451637.0,11341.0,-358440296.0,-0.9999683611432356
PedestrianArea,37,fast,cache-misses,142289080.0,8417.0,-142280663.0,-0.9999408457767807
PierSeaSide,37,fast,cache-misses,548887166.0,11140.0,-548876026.0,-0.999979704389736
RitualDance,37,fast,cache-misses,127756114.0,11135.0,-127744979.0,-0.9999128417447012
Riverbed,37,fast,cache-misses,155788206.0,8057.0,-155780149.0,-0.9999482823494353
RushFieldCuts,37,fast,cache-misses,160959600.0,13180.0,-160946420.0,-0.9999181160986981
Skater227,37,fast,cache-misses,13485.0,11352.0,-2133.0,-0.15817575083426028
Tango,37,fast,cache-misses,567553596.0,11325.0,-567542271.0,-0.9999800459373708
TimeLapse,37,fast,cache-misses,551389753.0,11624.0,-551378129.0,-0.9999789187232139
ToddlerFountain,37,fast,cache-misses,368450122.0,12765.0,-368437357.0,-0.9999653548764464
TreesAndGrass_1920_1080,37,fast,cache-misses,422831653.0,9311.0,-422822342.0,-0.999977979415841
TunnelFlag,37,fast,cache-misses,149509491.0,7583.0,-149501908.0,-0.9999492808118784
Vertical_Carnaby,37,fast,cache-misses,132765071.0,15585.0,-132749486.0,-0.9998826121969987
Vertical_bees,37,fast,cache-misses,146291327.0,12210.0,-146279117.0,-0.9999165364054698
WalkingInStreet,37,fast,cache-misses,179558280.0,11452.0,-179546828.0,-0.9999362212647614
WorldCup_1920x1080_30p,37,fast,cache-misses,311825002.0,12058.0,-311812944.0,-0.9999613308749373
WorldCup_far_1920x1080_30p,37,fast,cache-misses,152712308.0,16519.0,-152695789.0,-0.9998918292820249
Aerial3200,22,faster,cache-misses,224107062.0,58.0,-224107004.0,-0.9999997411951258
Boat,22,faster,cache-misses,221659603.0,2903.0,-221656700.0,-0.9999869033420582
BoxingPractice,22,faster,cache-misses,728459075.0,15818.0,-728443257.0,-0.9999782856710241
Crosswalk,22,faster,cache-misses,798510455.0,12269.0,-798498186.0,-0.9999846351416901
CrowdRun,22,faster,cache-misses,230350837.0,608.0,-230350229.0,-0.999997360547902
DinnerSceneCropped,22,faster,cache-misses,515260158.0,480.0,-515259678.0,-0.9999990684317571
FoodMarket,22,faster,cache-misses,215338982.0,6288.0,-215332694.0,-0.9999707995276025
FoodMarket2,22,faster,cache-misses,510401427.0,11192.0,-510390235.0,-0.9999780721616204
MeridianTalk_sdr,22,faster,cache-misses,160482725.0,7626.0,-160475099.0,-0.9999524808667101
Motorcycle,22,faster,cache-misses,199046652.0,2862.0,-199043790.0,-0.9999856214612441
MountainBike,22,faster,cache-misses,209162517.0,11878.0,-209150639.0,-0.9999432116223769
Neon1224,22,faster,cache-misses,708824618.0,11716.0,-708812902.0,-0.9999834712287039
NocturneDance_3840x2160p_8bit,22,faster,cache-misses,651793031.0,11167.0,-651781864.0,-0.9999828672608192
OldTownCross,22,faster,cache-misses,251881082.0,8235.0,-251872847.0,-0.9999673060003768
PedestrianArea,22,faster,cache-misses,184622423.0,11632.0,-184610791.0,-0.9999369957353447
PierSeaSide,22,faster,cache-misses,709771086.0,6566.0,-709764520.0,-0.9999907491300652
RitualDance,22,faster,cache-misses,163605996.0,1099.0,-163604897.0,-0.9999932826422816
Riverbed,22,faster,cache-misses,199427064.0,11378.0,-199415686.0,-0.9999429465601519
RushFieldCuts,22,faster,cache-misses,198603538.0,12194.0,-198591344.0,-0.9999386012952095
Skater227,22,faster,cache-misses,13645.0,8350.0,-5295.0,-0.38805423231953096
Tango,22,faster,cache-misses,600890786.0,11056.0,-600879730.0,-0.9999816006498059
TimeLapse,22,faster,cache-misses,734586179.0,7761.0,-734578418.0,-0.9999894348679271
ToddlerFountain,22,faster,cache-misses,221579566.0,14245.0,-221565321.0,-0.9999357115809135
TreesAndGrass_1920_1080,22,faster,cache-misses,220323231.0,8882.0,-220314349.0,-0.9999596865026004
TunnelFlag,22,faster,cache-misses,167645448.0,6963.0,-167638485.0,-0.9999584659167126
Vertical_Carnaby,22,faster,cache-misses,140671841.0,13878.0,-140657963.0,-0.9999013448611936
Vertical_bees,22,faster,cache-misses,408529131.0,16150.0,-408512981.0,-0.9999604679353943
WalkingInStreet,22,faster,cache-misses,188255836.0,11436.0,-188244400.0,-0.9999392528792573
WorldCup_1920x1080_30p,22,faster,cache-misses,159101312.0,16024.0,-159085288.0,-0.9998992843000566
WorldCup_far_1920x1080_30p,22,faster,cache-misses,192278656.0,11665.0,-192266991.0,-0.9999393328399383
Aerial3200,27,faster,cache-misses,193056876.0,4571.0,-193052305.0,-0.9999763230396415
Boat,27,faster,cache-misses,201289263.0,3630.0,-201285633.0,-0.9999819662512253
BoxingPractice,27,faster,cache-misses,1448946625.0,11937.0,-1448934688.0,-0.9999917616012943
Crosswalk,27,faster,cache-misses,615290716.0,11247.0,-615279469.0,-0.9999817208358464
CrowdRun,27,faster,cache-misses,228026885.0,7341.0,-228019544.0,-0.9999678064277376
DinnerSceneCropped,27,faster,cache-misses,427699259.0,282.0,-427698977.0,-0.9999993406581983
FoodMarket,27,faster,cache-misses,159111420.0,5053.0,-159106367.0,-0.9999682423800881
FoodMarket2,27,faster,cache-misses,661481480.0,10812.0,-661470668.0,-0.999983654871184
MeridianTalk_sdr,27,faster,cache-misses,157545124.0,8223.0,-157536901.0,-0.9999478054300176
Motorcycle,27,faster,cache-misses,196275739.0,9076.0,-196266663.0,-0.9999537589309497
MountainBike,27,faster,cache-misses,195554041.0,12362.0,-195541679.0,-0.9999367847376777
Neon1224,27,faster,cache-misses,591905539.0,11527.0,-591894012.0,-0.9999805256088337
NocturneDance_3840x2160p_8bit,27,faster,cache-misses,1398781901.0,13966.0,-1398767935.0,-0.999990015598579
OldTownCross,27,faster,cache-misses,208181709.0,8243.0,-208173466.0,-0.9999604047827275
PedestrianArea,27,faster,cache-misses,164650394.0,12382.0,-164638012.0,-0.9999247982364379
PierSeaSide,27,faster,cache-misses,614395126.0,11856.0,-614383270.0,-0.9999807029719178
RitualDance,27,faster,cache-misses,154221753.0,15233.0,-154206520.0,-0.9999012266447264
Riverbed,27,faster,cache-misses,178143375.0,11383.0,-178131992.0,-0.9999361020301766
RushFieldCuts,27,faster,cache-misses,186790513.0,12114.0,-186778399.0,-0.999935146599228
Skater227,27,faster,cache-misses,12576.0,9074.0,-3502.0,-0.27846692111959287
Tango,27,faster,cache-misses,646881350.0,12061.0,-646869289.0,-0.9999813551588711
TimeLapse,27,faster,cache-misses,677606323.0,11498.0,-677594825.0,-0.9999830314452364
ToddlerFountain,27,faster,cache-misses,449935195.0,11558.0,-449923637.0,-0.9999743118561775
TreesAndGrass_1920_1080,27,faster,cache-misses,185488940.0,11193.0,-185477747.0,-0.9999396567795363
TunnelFlag,27,faster,cache-misses,174972906.0,11198.0,-174961708.0,-0.999936001520144
Vertical_Carnaby,27,faster,cache-misses,144508128.0,14553.0,-144493575.0,-0.9998992928619213
Vertical_bees,27,faster,cache-misses,395569586.0,16258.0,-395553328.0,-0.999958899772441
WalkingInStreet,27,faster,cache-misses,206868510.0,11133.0,-206857377.0,-0.9999461832059409
WorldCup_1920x1080_30p,27,faster,cache-misses,141880635.0,16155.0,-141864480.0,-0.9998861366810207
WorldCup_far_1920x1080_30p,27,faster,cache-misses,161427088.0,9963.0,-161417125.0,-0.9999382817337323
Aerial3200,32,faster,cache-misses,180095045.0,34.0,-180095011.0,-0.9999998112107971
Boat,32,faster,cache-misses,179449240.0,36.0,-179449204.0,-0.9999997993861662
BoxingPractice,32,faster,cache-misses,573916133.0,14195.0,-573901938.0,-0.999975266421026
Crosswalk,32,faster,cache-misses,601228595.0,11066.0,-601217529.0,-0.9999815943551388
CrowdRun,32,faster,cache-misses,162790731.0,64.0,-162790667.0,-0.9999996068572233
DinnerSceneCropped,32,faster,cache-misses,346528231.0,7765.0,-346520466.0,-0.9999775920132753
FoodMarket,32,faster,cache-misses,166039109.0,6317.0,-166032792.0,-0.9999619547464568
FoodMarket2,32,faster,cache-misses,612021131.0,12011.0,-612009120.0,-0.999980374860619
MeridianTalk_sdr,32,faster,cache-misses,144188512.0,7598.0,-144180914.0,-0.9999473050945973
Motorcycle,32,faster,cache-misses,179500838.0,8377.0,-179492461.0,-0.9999533316941952
MountainBike,32,faster,cache-misses,179122703.0,7962.0,-179114741.0,-0.9999555500231593
Neon1224,32,faster,cache-misses,557946844.0,14044.0,-557932800.0,-0.9999748291434013
NocturneDance_3840x2160p_8bit,32,faster,cache-misses,514659418.0,12119.0,-514647299.0,-0.999976452388558
OldTownCross,32,faster,cache-misses,173810586.0,10044.0,-173800542.0,-0.9999422129558898
PedestrianArea,32,faster,cache-misses,151577205.0,9559.0,-151567646.0,-0.9999369364278752
PierSeaSide,32,faster,cache-misses,567434576.0,6922.0,-567427654.0,-0.9999878012368425
RitualDance,32,faster,cache-misses,143005223.0,12042.0,-142993181.0,-0.9999157932853963
Riverbed,32,faster,cache-misses,155148833.0,276.0,-155148557.0,-0.999998221062997
RushFieldCuts,32,faster,cache-misses,397421347.0,15289.0,-397406058.0,-0.9999615294947908
Skater227,32,faster,cache-misses,11886.0,13686.0,1800.0,0.1514386673397274
Tango,32,faster,cache-misses,576908801.0,11814.0,-576896987.0,-0.9999795218932707
TimeLapse,32,faster,cache-misses,571251784.0,11169.0,-571240615.0,-0.9999804482011035
ToddlerFountain,32,faster,cache-misses,169887779.0,8195.0,-169879584.0,-0.9999517622747897
TreesAndGrass_1920_1080,32,faster,cache-misses,200689582.0,890.0,-200688692.0,-0.9999955652904793
TunnelFlag,32,faster,cache-misses,144489558.0,10934.0,-144478624.0,-0.9999243267115537
Vertical_Carnaby,32,faster,cache-misses,138954017.0,9658.0,-138944359.0,-0.9999304949924549
Vertical_bees,32,faster,cache-misses,151411690.0,16095.0,-151395595.0,-0.9998937004137527
WalkingInStreet,32,faster,cache-misses,182267036.0,12106.0,-182254930.0,-0.9999335809685301
WorldCup_1920x1080_30p,32,faster,cache-misses,137484988.0,15610.0,-137469378.0,-0.9998864603312181
WorldCup_far_1920x1080_30p,32,faster,cache-misses,163982793.0,14356.0,-163968437.0,-0.9999124542292678
Aerial3200,37,faster,cache-misses,169742706.0,1169.0,-169741537.0,-0.9999931131061384
Boat,37,faster,cache-misses,169759365.0,4085.0,-169755280.0,-0.9999759365263884
BoxingPractice,37,faster,cache-misses,526865859.0,15328.0,-526850531.0,-0.999970907205813
Crosswalk,37,faster,cache-misses,542808114.0,16128.0,-542791986.0,-0.9999702878428233
CrowdRun,37,faster,cache-misses,151830562.0,2271.0,-151828291.0,-0.9999850425370882
DinnerSceneCropped,37,faster,cache-misses,137134343.0,9015.0,-137125328.0,-0.9999342615438059
FoodMarket,37,faster,cache-misses,149960835.0,11049.0,-149949786.0,-0.999926320762351
FoodMarket2,37,faster,cache-misses,572520009.0,11024.0,-572508985.0,-0.9999807447777778
MeridianTalk_sdr,37,faster,cache-misses,129339840.0,13659.0,-129326181.0,-0.9998943944881948
Motorcycle,37,faster,cache-misses,162114282.0,6445.0,-162107837.0,-0.9999602440949651
MountainBike,37,faster,cache-misses,156658853.0,10162.0,-156648691.0,-0.9999351329350024
Neon1224,37,faster,cache-misses,555356147.0,13938.0,-555342209.0,-0.9999749025916517
NocturneDance_3840x2160p_8bit,37,faster,cache-misses,540440601.0,15902.0,-540424699.0,-0.9999705758598252
OldTownCross,37,faster,cache-misses,357374326.0,13335.0,-357360991.0,-0.9999626861835621
PedestrianArea,37,faster,cache-misses,141560063.0,12094.0,-141547969.0,-0.9999145662996773
PierSeaSide,37,faster,cache-misses,461156509.0,11232.0,-461145277.0,-0.999975643843726
RitualDance,37,faster,cache-misses,305433462.0,712.0,-305432750.0,-0.9999976688867181
Riverbed,37,faster,cache-misses,146471188.0,13513.0,-146457675.0,-0.9999077429480534
RushFieldCuts,37,faster,cache-misses,369055035.0,11310.0,-369043725.0,-0.9999693541642102
Skater227,37,faster,cache-misses,15332.0,11320.0,-4012.0,-0.26167492825463085
Tango,37,faster,cache-misses,545878167.0,11042.0,-545867125.0,-0.9999797720431636
TimeLapse,37,faster,cache-misses,575039812.0,11149.0,-575028663.0,-0.9999806117771894
ToddlerFountain,37,faster,cache-misses,150754244.0,9547.0,-150744697.0,-0.9999366717662688
TreesAndGrass_1920_1080,37,faster,cache-misses,426124722.0,9515.0,-426115207.0,-0.9999776708566559
TunnelFlag,37,faster,cache-misses,141019872.0,6582.0,-141013290.0,-0.9999533257270294
Vertical_Carnaby,37,faster,cache-misses,313826047.0,9788.0,-313816259.0,-0.9999688107469294
Vertical_bees,37,faster,cache-misses,142997969.0,16230.0,-142981739.0,-0.9998865018845128
WalkingInStreet,37,faster,cache-misses,184475735.0,11414.0,-184464321.0,-0.9999381273640134
WorldCup_1920x1080_30p,37,faster,cache-misses,135837263.0,16024.0,-135821239.0,-0.9998820353145661
WorldCup_far_1920x1080_30p,37,faster,cache-misses,157966629.0,7440.0,-157959189.0,-0.9999529014447729
Aerial3200,22,superfast,cache-misses,168356004.0,3741.0,-168352263.0,-0.9999777792302554
Boat,22,superfast,cache-misses,121762009.0,1416.0,-121760593.0,-0.9999883707569247
BoxingPractice,22,superfast,cache-misses,604272171.0,11524.0,-604260647.0,-0.9999809291234099
Crosswalk,22,superfast,cache-misses,519799977.0,12648.0,-519787329.0,-0.9999756675633712
CrowdRun,22,superfast,cache-misses,167050687.0,3431.0,-167047256.0,-0.9999794613236161
DinnerSceneCropped,22,superfast,cache-misses,418030959.0,138.0,-418030821.0,-0.9999996698809095
FoodMarket,22,superfast,cache-misses,147450032.0,618.0,-147449414.0,-0.999995808749638
FoodMarket2,22,superfast,cache-misses,529531781.0,11501.0,-529520280.0,-0.9999782808125732
MeridianTalk_sdr,22,superfast,cache-misses,115775743.0,7085.0,-115768658.0,-0.9999388041068327
Motorcycle,22,superfast,cache-misses,153996335.0,7950.0,-153988385.0,-0.9999483753947781
MountainBike,22,superfast,cache-misses,397587236.0,8804.0,-397578432.0,-0.9999778564319907
Neon1224,22,superfast,cache-misses,503419296.0,11335.0,-503407961.0,-0.9999774839778887
NocturneDance_3840x2160p_8bit,22,superfast,cache-misses,1247563230.0,11252.0,-1247551978.0,-0.9999909808178621
OldTownCross,22,superfast,cache-misses,174734508.0,11069.0,-174723439.0,-0.9999366524670673
PedestrianArea,22,superfast,cache-misses,146898620.0,11400.0,-146887220.0,-0.9999223954588545
PierSeaSide,22,superfast,cache-misses,594988699.0,11247.0,-594977452.0,-0.999981097119964
RitualDance,22,superfast,cache-misses,124067756.0,16051.0,-124051705.0,-0.9998706271434458
Riverbed,22,superfast,cache-misses,140741264.0,12769.0,-140728495.0,-0.9999092732320494
RushFieldCuts,22,superfast,cache-misses,138650530.0,8959.0,-138641571.0,-0.9999353843075826
Skater227,22,superfast,cache-misses,14027.0,8342.0,-5685.0,-0.4052897982462394
Tango,22,superfast,cache-misses,366279151.0,15509.0,-366263642.0,-0.9999576579776445
TimeLapse,22,superfast,cache-misses,1130837712.0,11673.0,-1130826039.0,-0.9999896775639191
ToddlerFountain,22,superfast,cache-misses,146679235.0,12157.0,-146667078.0,-0.9999171184660187
TreesAndGrass_1920_1080,22,superfast,cache-misses,164360323.0,6802.0,-164353521.0,-0.9999586153161795
TunnelFlag,22,superfast,cache-misses,144594049.0,11322.0,-144582727.0,-0.9999216980223025
Vertical_Carnaby,22,superfast,cache-misses,120929820.0,6888.0,-120922932.0,-0.9999430413441449
Vertical_bees,22,superfast,cache-misses,129258594.0,13779.0,-129244815.0,-0.9998933997378928
WalkingInStreet,22,superfast,cache-misses,159478311.0,14215.0,-159464096.0,-0.9999108656223479
WorldCup_1920x1080_30p,22,superfast,cache-misses,118756990.0,13878.0,-118743112.0,-0.9998831395103565
WorldCup_far_1920x1080_30p,22,superfast,cache-misses,132417521.0,11349.0,-132406172.0,-0.9999142938191692
Aerial3200,27,superfast,cache-misses,153005405.0,259.0,-153005146.0,-0.9999983072493419
Boat,27,superfast,cache-misses,145830332.0,4539.0,-145825793.0,-0.9999688747879968
BoxingPractice,27,superfast,cache-misses,530710572.0,12289.0,-530698283.0,-0.9999768442525016
Crosswalk,27,superfast,cache-misses,482175698.0,11380.0,-482164318.0,-0.9999763986446285
CrowdRun,27,superfast,cache-misses,151851539.0,1259.0,-151850280.0,-0.9999917090073088
DinnerSceneCropped,27,superfast,cache-misses,350608039.0,1726.0,-350606313.0,-0.9999950771237165
FoodMarket,27,superfast,cache-misses,344873917.0,7644.0,-344866273.0,-0.9999778353780231
FoodMarket2,27,superfast,cache-misses,1278850931.0,11375.0,-1278839556.0,-0.9999911052963842
MeridianTalk_sdr,27,superfast,cache-misses,118429578.0,1695.0,-118427883.0,-0.999985687697038
Motorcycle,27,superfast,cache-misses,142162612.0,8218.0,-142154394.0,-0.9999421929585818
MountainBike,27,superfast,cache-misses,144544228.0,11233.0,-144532995.0,-0.9999222867619453
Neon1224,27,superfast,cache-misses,505483413.0,11587.0,-505471826.0,-0.999977077388294
NocturneDance_3840x2160p_8bit,27,superfast,cache-misses,411976066.0,15645.0,-411960421.0,-0.9999620244929471
OldTownCross,27,superfast,cache-misses,154802620.0,10235.0,-154792385.0,-0.9999338835479658
PedestrianArea,27,superfast,cache-misses,120190442.0,10416.0,-120180026.0,-0.9999133375347767
PierSeaSide,27,superfast,cache-misses,382909372.0,15817.0,-382893555.0,-0.9999586925754327
RitualDance,27,superfast,cache-misses,115447220.0,15772.0,-115431448.0,-0.999863383457826
Riverbed,27,superfast,cache-misses,130771608.0,7085.0,-130764523.0,-0.9999458215731354
RushFieldCuts,27,superfast,cache-misses,127177063.0,8183.0,-127168880.0,-0.9999356566364487
Skater227,27,superfast,cache-misses,14079.0,11194.0,-2885.0,-0.20491512181262875
Tango,27,superfast,cache-misses,1303256974.0,16065.0,-1303240909.0,-0.9999876731908438
TimeLapse,27,superfast,cache-misses,489626567.0,11246.0,-489615321.0,-0.9999770314750915
ToddlerFountain,27,superfast,cache-misses,133349764.0,11831.0,-133337933.0,-0.9999112784331586
TreesAndGrass_1920_1080,27,superfast,cache-misses,147407539.0,6885.0,-147400654.0,-0.999953292755264
TunnelFlag,27,superfast,cache-misses,132739117.0,13741.0,-132725376.0,-0.9998964811555888
Vertical_Carnaby,27,superfast,cache-misses,98943322.0,14101.0,-98929221.0,-0.9998574840654734
Vertical_bees,27,superfast,cache-misses,125741573.0,11847.0,-125729726.0,-0.99990578295056
WalkingInStreet,27,superfast,cache-misses,417178238.0,15807.0,-417162431.0,-0.9999621097205939
WorldCup_1920x1080_30p,27,superfast,cache-misses,113101132.0,11420.0,-113089712.0,-0.9998990284199808
WorldCup_far_1920x1080_30p,27,superfast,cache-misses,153673938.0,11025.0,-153662913.0,-0.9999282571908843
Aerial3200,32,superfast,cache-misses,143156119.0,11068.0,-143145051.0,-0.9999226858056972
Boat,32,superfast,cache-misses,136063132.0,5333.0,-136057799.0,-0.9999608049592743
BoxingPractice,32,superfast,cache-misses,450518123.0,11170.0,-450506953.0,-0.9999752063248297
Crosswalk,32,superfast,cache-misses,444311693.0,7708.0,-444303985.0,-0.9999826518182586
CrowdRun,32,superfast,cache-misses,141839537.0,3459.0,-141836078.0,-0.9999756132875701
DinnerSceneCropped,32,superfast,cache-misses,119014957.0,1516.0,-119013441.0,-0.9999872621052159
FoodMarket,32,superfast,cache-misses,114718352.0,11155.0,-114707197.0,-0.9999027618527854
FoodMarket2,32,superfast,cache-misses,489630574.0,12139.0,-489618435.0,-0.9999752078390431
MeridianTalk_sdr,32,superfast,cache-misses,104037119.0,9557.0,-104027562.0,-0.9999081385558168
Motorcycle,32,superfast,cache-misses,127169218.0,9737.0,-127159481.0,-0.9999234327288228
MountainBike,32,superfast,cache-misses,134579783.0,11377.0,-134568406.0,-0.9999154627853725
Neon1224,32,superfast,cache-misses,486438097.0,12522.0,-486425575.0,-0.9999742577728241
NocturneDance_3840x2160p_8bit,32,superfast,cache-misses,474017115.0,14037.0,-474003078.0,-0.9999703871451984
OldTownCross,32,superfast,cache-misses,127160320.0,8457.0,-127151863.0,-0.9999334934042318
PedestrianArea,32,superfast,cache-misses,115221694.0,7869.0,-115213825.0,-0.9999317055692655
PierSeaSide,32,superfast,cache-misses,1105001247.0,12105.0,-1104989142.0,-0.9999890452612312
RitualDance,32,superfast,cache-misses,285643552.0,14007.0,-285629545.0,-0.9999509633600971
Riverbed,32,superfast,cache-misses,127071144.0,11969.0,-127059175.0,-0.9999058086704563
RushFieldCuts,32,superfast,cache-misses,117838524.0,14055.0,-117824469.0,-0.9998807266119525
Skater227,32,superfast,cache-misses,11454.0,239.0,-11215.0,-0.9791339270123974
Tango,32,superfast,cache-misses,1144513653.0,11573.0,-1144502080.0,-0.9999898882813939
TimeLapse,32,superfast,cache-misses,467827233.0,11930.0,-467815303.0,-0.999974499133102
ToddlerFountain,32,superfast,cache-misses,122609403.0,11223.0,-122598180.0,-0.9999084654216936
TreesAndGrass_1920_1080,32,superfast,cache-misses,140526796.0,11021.0,-140515775.0,-0.9999215736762403
TunnelFlag,32,superfast,cache-misses,118490845.0,14166.0,-118476679.0,-0.9998804464598088
Vertical_Carnaby,32,superfast,cache-misses,126453499.0,10624.0,-126442875.0,-0.9999159849266014
Vertical_bees,32,superfast,cache-misses,306701491.0,6425.0,-306695066.0,-0.9999790512919287
WalkingInStreet,32,superfast,cache-misses,138538015.0,12339.0,-138525676.0,-0.9999109341937662
WorldCup_1920x1080_30p,32,superfast,cache-misses,279657927.0,11597.0,-279646330.0,-0.999958531481212
WorldCup_far_1920x1080_30p,32,superfast,cache-misses,116777208.0,14321.0,-116762887.0,-0.9998773647679605
Aerial3200,37,superfast,cache-misses,135101506.0,4517.0,-135096989.0,-0.999966565879732
Boat,37,superfast,cache-misses,113954985.0,298.0,-113954687.0,-0.9999973849323046
BoxingPractice,37,superfast,cache-misses,433531184.0,11077.0,-433520107.0,-0.9999744493581805
Crosswalk,37,superfast,cache-misses,425201132.0,11839.0,-425189293.0,-0.9999721567062997
CrowdRun,37,superfast,cache-misses,131362714.0,6907.0,-131355807.0,-0.9999474203920604
DinnerSceneCropped,37,superfast,cache-misses,96005221.0,8283.0,-95996938.0,-0.9999137234421865
FoodMarket,37,superfast,cache-misses,109371575.0,6585.0,-109364990.0,-0.9999397924003564
FoodMarket2,37,superfast,cache-misses,482849374.0,11614.0,-482837760.0,-0.9999759469502802
MeridianTalk_sdr,37,superfast,cache-misses,114200549.0,9282.0,-114191267.0,-0.9999187219318885
Motorcycle,37,superfast,cache-misses,123934758.0,581.0,-123934177.0,-0.9999953120495866
MountainBike,37,superfast,cache-misses,122100718.0,5420.0,-122095298.0,-0.9999556104166398
Neon1224,37,superfast,cache-misses,437859719.0,11263.0,-437848456.0,-0.9999742771497097
NocturneDance_3840x2160p_8bit,37,superfast,cache-misses,1052493199.0,12220.0,-1052480979.0,-0.9999883894736692
OldTownCross,37,superfast,cache-misses,111641511.0,10842.0,-111630669.0,-0.9999028855852731
PedestrianArea,37,superfast,cache-misses,281328994.0,11556.0,-281317438.0,-0.9999589235370457
PierSeaSide,37,superfast,cache-misses,460325908.0,12087.0,-460313821.0,-0.9999737425163565
RitualDance,37,superfast,cache-misses,270217782.0,9391.0,-270208391.0,-0.9999652465506508
Riverbed,37,superfast,cache-misses,294573803.0,11721.0,-294562082.0,-0.9999602103110302
RushFieldCuts,37,superfast,cache-misses,305360651.0,7593.0,-305353058.0,-0.9999751343207609
Skater227,37,superfast,cache-misses,13649.0,11081.0,-2568.0,-0.18814565169609496
Tango,37,superfast,cache-misses,430744358.0,9137.0,-430735221.0,-0.9999787878823476
TimeLapse,37,superfast,cache-misses,441318725.0,11163.0,-441307562.0,-0.9999747053560893
ToddlerFountain,37,superfast,cache-misses,108654295.0,15724.0,-108638571.0,-0.9998552841376404
TreesAndGrass_1920_1080,37,superfast,cache-misses,135161270.0,6771.0,-135154499.0,-0.9999499042884105
TunnelFlag,37,superfast,cache-misses,113266648.0,16213.0,-113250435.0,-0.9998568598940087
Vertical_Carnaby,37,superfast,cache-misses,273089924.0,6433.0,-273083491.0,-0.9999764436567056
Vertical_bees,37,superfast,cache-misses,118655720.0,6686.0,-118649034.0,-0.9999436521054358
WalkingInStreet,37,superfast,cache-misses,354286962.0,16387.0,-354270575.0,-0.999953746533862
WorldCup_1920x1080_30p,37,superfast,cache-misses,103594063.0,11163.0,-103582900.0,-0.999892242859516
WorldCup_far_1920x1080_30p,37,superfast,cache-misses,123160471.0,15578.0,-123144893.0,-0.9998735146116808
Aerial3200,22,veryfast,cache-misses,207360791.0,11404.0,-207349387.0,-0.9999450040678134
Boat,22,veryfast,cache-misses,208019472.0,84.0,-208019388.0,-0.9999995961916488
BoxingPractice,22,veryfast,cache-misses,635023015.0,11807.0,-635011208.0,-0.9999814069731
Crosswalk,22,veryfast,cache-misses,677812478.0,428.0,-677812050.0,-0.9999993685569182
CrowdRun,22,veryfast,cache-misses,230498546.0,8675.0,-230489871.0,-0.999962364187755
DinnerSceneCropped,22,veryfast,cache-misses,212301070.0,6173.0,-212294897.0,-0.9999709233684032
FoodMarket,22,veryfast,cache-misses,212635980.0,346.0,-212635634.0,-0.9999983728059569
FoodMarket2,22,veryfast,cache-misses,778258036.0,11166.0,-778246870.0,-0.9999856525734608
MeridianTalk_sdr,22,veryfast,cache-misses,195924205.0,11557.0,-195912648.0,-0.9999410129034337
Motorcycle,22,veryfast,cache-misses,172208572.0,2352.0,-172206220.0,-0.9999863421432935
MountainBike,22,veryfast,cache-misses,481143999.0,8099.0,-481135900.0,-0.9999831672014681
Neon1224,22,veryfast,cache-misses,705947397.0,11058.0,-705936339.0,-0.9999843359433762
NocturneDance_3840x2160p_8bit,22,veryfast,cache-misses,746380283.0,6635.0,-746373648.0,-0.999991110429695
OldTownCross,22,veryfast,cache-misses,240859746.0,9712.0,-240850034.0,-0.9999596777786189
PedestrianArea,22,veryfast,cache-misses,191825413.0,11365.0,-191814048.0,-0.9999407534183179
PierSeaSide,22,veryfast,cache-misses,673492059.0,14410.0,-673477649.0,-0.9999786040535928
RitualDance,22,veryfast,cache-misses,159334149.0,11388.0,-159322761.0,-0.9999285275625378
Riverbed,22,veryfast,cache-misses,198015788.0,13129.0,-198002659.0,-0.9999336972060026
RushFieldCuts,22,veryfast,cache-misses,477740337.0,12987.0,-477727350.0,-0.9999728157767009
Skater227,22,veryfast,cache-misses,15993.0,9419.0,-6574.0,-0.4110548364909648
Tango,22,veryfast,cache-misses,819707176.0,12495.0,-819694681.0,-0.9999847567517208
TimeLapse,22,veryfast,cache-misses,793630293.0,13819.0,-793616474.0,-0.9999825876102237
ToddlerFountain,22,veryfast,cache-misses,206906629.0,9733.0,-206896896.0,-0.9999529594578626
TreesAndGrass_1920_1080,22,veryfast,cache-misses,219575232.0,12010.0,-219563222.0,-0.9999453034848667
TunnelFlag,22,veryfast,cache-misses,191464757.0,9122.0,-191455635.0,-0.9999523567671517
Vertical_Carnaby,22,veryfast,cache-misses,397088002.0,11446.0,-397076556.0,-0.9999711751552746
Vertical_bees,22,veryfast,cache-misses,176739055.0,12335.0,-176726720.0,-0.9999302078422905
WalkingInStreet,22,veryfast,cache-misses,220944803.0,11368.0,-220933435.0,-0.9999485482353708
WorldCup_1920x1080_30p,22,veryfast,cache-misses,161030472.0,12062.0,-161018410.0,-0.999925094922407
WorldCup_far_1920x1080_30p,22,veryfast,cache-misses,182933633.0,16507.0,-182917126.0,-0.9999097650895066
Aerial3200,27,veryfast,cache-misses,192930561.0,55.0,-192930506.0,-0.9999997149233397
Boat,27,veryfast,cache-misses,192542027.0,26.0,-192542001.0,-0.9999998649645462
BoxingPractice,27,veryfast,cache-misses,614913486.0,8121.0,-614905365.0,-0.9999867932641178
Crosswalk,27,veryfast,cache-misses,1416620883.0,11068.0,-1416609815.0,-0.9999921870416194
CrowdRun,27,veryfast,cache-misses,208611779.0,9026.0,-208602753.0,-0.9999567330280041
DinnerSceneCropped,27,veryfast,cache-misses,180112847.0,10166.0,-180102681.0,-0.999943557607526
FoodMarket,27,veryfast,cache-misses,183644011.0,8471.0,-183635540.0,-0.9999538727130067
FoodMarket2,27,veryfast,cache-misses,635819100.0,12332.0,-635806768.0,-0.9999806045461673
MeridianTalk_sdr,27,veryfast,cache-misses,159493884.0,11660.0,-159482224.0,-0.9999268937484775
Motorcycle,27,veryfast,cache-misses,202084098.0,11230.0,-202072868.0,-0.9999444290762551
MountainBike,27,veryfast,cache-misses,445937166.0,1071.0,-445936095.0,-0.9999975983163512
Neon1224,27,veryfast,cache-misses,589567300.0,11490.0,-589555810.0,-0.9999805111307903
NocturneDance_3840x2160p_8bit,27,veryfast,cache-misses,437201029.0,11781.0,-437189248.0,-0.9999730535858369
OldTownCross,27,veryfast,cache-misses,208326259.0,11381.0,-208314878.0,-0.9999453693449177
PedestrianArea,27,veryfast,cache-misses,190168184.0,11174.0,-190157010.0,-0.9999412414854842
PierSeaSide,27,veryfast,cache-misses,1357529727.0,12191.0,-1357517536.0,-0.9999910197178319
RitualDance,27,veryfast,cache-misses,332016046.0,12419.0,-332003627.0,-0.9999625951813185
Riverbed,27,veryfast,cache-misses,417754815.0,11924.0,-417742891.0,-0.9999714569417949
RushFieldCuts,27,veryfast,cache-misses,174632331.0,13141.0,-174619190.0,-0.999924750474756
Skater227,27,veryfast,cache-misses,6798.0,11071.0,4273.0,0.6285672256546043
Tango,27,veryfast,cache-misses,718315010.0,11100.0,-718303910.0,-0.9999845471696325
TimeLapse,27,veryfast,cache-misses,1347116187.0,11522.0,-1347104665.0,-0.999991446914445
ToddlerFountain,27,veryfast,cache-misses,191446157.0,9280.0,-191436877.0,-0.9999515268410428
TreesAndGrass_1920_1080,27,veryfast,cache-misses,219061792.0,9162.0,-219052630.0,-0.9999581761843709
TunnelFlag,27,veryfast,cache-misses,175373845.0,9227.0,-175364618.0,-0.9999473866812922
Vertical_Carnaby,27,veryfast,cache-misses,352619543.0,9092.0,-352610451.0,-0.9999742158363583
Vertical_bees,27,veryfast,cache-misses,163799644.0,12497.0,-163787147.0,-0.9999237055728888
WalkingInStreet,27,veryfast,cache-misses,208733287.0,12116.0,-208721171.0,-0.9999419546341931
WorldCup_1920x1080_30p,27,veryfast,cache-misses,147711321.0,11648.0,-147699673.0,-0.9999211434850007
WorldCup_far_1920x1080_30p,27,veryfast,cache-misses,171063778.0,16231.0,-171047547.0,-0.9999051172598328
Aerial3200,32,veryfast,cache-misses,179785263.0,7272.0,-179777991.0,-0.999959551745907
Boat,32,veryfast,cache-misses,173521626.0,4831.0,-173516795.0,-0.9999721590898416
BoxingPractice,32,veryfast,cache-misses,586387128.0,11201.0,-586375927.0,-0.9999808982846567
Crosswalk,32,veryfast,cache-misses,559265404.0,11969.0,-559253435.0,-0.9999785987119633
CrowdRun,32,veryfast,cache-misses,189229241.0,7428.0,-189221813.0,-0.9999607460244476
DinnerSceneCropped,32,veryfast,cache-misses,348239537.0,10883.0,-348228654.0,-0.9999687485226584
FoodMarket,32,veryfast,cache-misses,161847266.0,9198.0,-161838068.0,-0.999943168641477
FoodMarket2,32,veryfast,cache-misses,437231964.0,9606.0,-437222358.0,-0.99997802996855
MeridianTalk_sdr,32,veryfast,cache-misses,153550954.0,11711.0,-153539243.0,-0.9999237321573398
Motorcycle,32,veryfast,cache-misses,165747451.0,10515.0,-165736936.0,-0.9999365601103573
MountainBike,32,veryfast,cache-misses,407387566.0,11068.0,-407376498.0,-0.9999728317677717
Neon1224,32,veryfast,cache-misses,561762439.0,11087.0,-561751352.0,-0.9999802638994167
NocturneDance_3840x2160p_8bit,32,veryfast,cache-misses,1274596591.0,11043.0,-1274585548.0,-0.9999913360822726
OldTownCross,32,veryfast,cache-misses,169980326.0,1701.0,-169978625.0,-0.9999899929595382
PedestrianArea,32,veryfast,cache-misses,157843757.0,9675.0,-157834082.0,-0.999938705209608
PierSeaSide,32,veryfast,cache-misses,557265180.0,11421.0,-557253759.0,-0.9999795052689278
RitualDance,32,veryfast,cache-misses,315407137.0,9699.0,-315397438.0,-0.9999692492690804
Riverbed,32,veryfast,cache-misses,159065288.0,3091.0,-159062197.0,-0.9999805677276364
RushFieldCuts,32,veryfast,cache-misses,182796926.0,11150.0,-182785776.0,-0.9999390033506362
Skater227,32,veryfast,cache-misses,13650.0,14801.0,1151.0,0.08432234432234433
Tango,32,veryfast,cache-misses,627215476.0,6495.0,-627208981.0,-0.9999896447070449
TimeLapse,32,veryfast,cache-misses,592913520.0,11717.0,-592901803.0,-0.9999802382647641
ToddlerFountain,32,veryfast,cache-misses,168163977.0,11039.0,-168152938.0,-0.999934355738982
TreesAndGrass_1920_1080,32,veryfast,cache-misses,459562085.0,12463.0,-459549622.0,-0.9999728807044646
TunnelFlag,32,veryfast,cache-misses,169846575.0,11383.0,-169835192.0,-0.9999329806915447
Vertical_Carnaby,32,veryfast,cache-misses,147316774.0,8656.0,-147308118.0,-0.9999412422647811
Vertical_bees,32,veryfast,cache-misses,144442614.0,11248.0,-144431366.0,-0.9999221282439543
WalkingInStreet,32,veryfast,cache-misses,188703259.0,11487.0,-188691772.0,-0.9999391266475159
WorldCup_1920x1080_30p,32,veryfast,cache-misses,152010255.0,11315.0,-151998940.0,-0.9999255642324921
WorldCup_far_1920x1080_30p,32,veryfast,cache-misses,163718128.0,16022.0,-163702106.0,-0.999902136677253
Aerial3200,37,veryfast,cache-misses,170626658.0,45.0,-170626613.0,-0.999999736266299
Boat,37,veryfast,cache-misses,159975481.0,8462.0,-159967019.0,-0.999947104394079
BoxingPractice,37,veryfast,cache-misses,536941616.0,11811.0,-536929805.0,-0.9999780031950438
Crosswalk,37,veryfast,cache-misses,542808549.0,10360.0,-542798189.0,-0.9999809140809977
CrowdRun,37,veryfast,cache-misses,171666311.0,9361.0,-171656950.0,-0.9999454697899345
DinnerSceneCropped,37,veryfast,cache-misses,312418807.0,82.0,-312418725.0,-0.9999997375318062
FoodMarket,37,veryfast,cache-misses,142270691.0,8278.0,-142262413.0,-0.9999418151416725
FoodMarket2,37,veryfast,cache-misses,574925149.0,15231.0,-574909918.0,-0.9999735078557157
MeridianTalk_sdr,37,veryfast,cache-misses,139517280.0,8441.0,-139508839.0,-0.9999394985338017
Motorcycle,37,veryfast,cache-misses,161120090.0,8340.0,-161111750.0,-0.9999482373675437
MountainBike,37,veryfast,cache-misses,384836181.0,2797.0,-384833384.0,-0.9999927319723609
Neon1224,37,veryfast,cache-misses,543012423.0,11825.0,-543000598.0,-0.9999782233343122
NocturneDance_3840x2160p_8bit,37,veryfast,cache-misses,1200739139.0,15863.0,-1200723276.0,-0.9999867889706558
OldTownCross,37,veryfast,cache-misses,345174550.0,11655.0,-345162895.0,-0.9999662344747027
PedestrianArea,37,veryfast,cache-misses,143108148.0,11394.0,-143096754.0,-0.9999203818918823
PierSeaSide,37,veryfast,cache-misses,533975366.0,11316.0,-533964050.0,-0.9999788080111546
RitualDance,37,veryfast,cache-misses,307220644.0,11843.0,-307208801.0,-0.9999614511582106
Riverbed,37,veryfast,cache-misses,358934783.0,11317.0,-358923466.0,-0.9999684705953951
RushFieldCuts,37,veryfast,cache-misses,362645171.0,1295.0,-362643876.0,-0.9999964290162849
Skater227,37,veryfast,cache-misses,4904.0,11213.0,6309.0,1.2865008156606852
Tango,37,veryfast,cache-misses,543034726.0,6704.0,-543028022.0,-0.999987654564839
TimeLapse,37,veryfast,cache-misses,536345227.0,11541.0,-536333686.0,-0.9999784821428084
ToddlerFountain,37,veryfast,cache-misses,149328038.0,9087.0,-149318951.0,-0.999939147395749
TreesAndGrass_1920_1080,37,veryfast,cache-misses,176282949.0,11519.0,-176271430.0,-0.9999346561873094
TunnelFlag,37,veryfast,cache-misses,128933473.0,12595.0,-128920878.0,-0.9999023139631087
Vertical_Carnaby,37,veryfast,cache-misses,137979676.0,8994.0,-137970682.0,-0.9999348164870311
Vertical_bees,37,veryfast,cache-misses,135397422.0,11488.0,-135385934.0,-0.9999151534805442
WalkingInStreet,37,veryfast,cache-misses,401028733.0,11425.0,-401017308.0,-0.9999715107695288
WorldCup_1920x1080_30p,37,veryfast,cache-misses,138669207.0,11162.0,-138658045.0,-0.999919506282314
WorldCup_far_1920x1080_30p,37,veryfast,cache-misses,368050028.0,11304.0,-368038724.0,-0.9999692867840239
Aerial3200,22,fast,cache-references,2185307518.0,21814.0,-2185285704.0,-0.9999900178808611
Boat,22,fast,cache-references,2349353001.0,22408.0,-2349330593.0,-0.9999904620548762
BoxingPractice,22,fast,cache-references,8807520697.0,21190.0,-8807499507.0,-0.9999975941015946
Crosswalk,22,fast,cache-references,9365383351.0,19687.0,-9365363664.0,-0.9999978978970469
CrowdRun,22,fast,cache-references,1994416381.0,19471.0,-1994396910.0,-0.9999902372442457
DinnerSceneCropped,22,fast,cache-references,1976257830.0,24163.0,-1976233667.0,-0.9999877733564755
FoodMarket,22,fast,cache-references,2314075738.0,21390.0,-2314054348.0,-0.9999907565687464
FoodMarket2,22,fast,cache-references,9268947935.0,24630.0,-9268923305.0,-0.9999973427404951
MeridianTalk_sdr,22,fast,cache-references,2046177198.0,20347.0,-2046156851.0,-0.9999900560909291
Motorcycle,22,fast,cache-references,618400331.0,21691.0,-618378640.0,-0.9999649240161872
MountainBike,22,fast,cache-references,2252495006.0,23587.0,-2252471419.0,-0.999989528500646
Neon1224,22,fast,cache-references,7679820282.0,21743.0,-7679798539.0,-0.9999971688139564
NocturneDance_3840x2160p_8bit,22,fast,cache-references,8633796464.0,21930.0,-8633774534.0,-0.9999974599818178
OldTownCross,22,fast,cache-references,2438675833.0,21739.0,-2438654094.0,-0.9999910857360762
PedestrianArea,22,fast,cache-references,2161890755.0,22855.0,-2161867900.0,-0.9999894282354707
PierSeaSide,22,fast,cache-references,9392196287.0,19520.0,-9392176767.0,-0.99999792167887
RitualDance,22,fast,cache-references,524164763.0,20805.0,-524143958.0,-0.9999603082819208
Riverbed,22,fast,cache-references,2311537359.0,20554.0,-2311516805.0,-0.9999911080822813
RushFieldCuts,22,fast,cache-references,1957315236.0,21515.0,-1957293721.0,-0.9999890079024553
Skater227,22,fast,cache-references,28021.0,20817.0,-7204.0,-0.2570928946147532
Tango,22,fast,cache-references,9404547550.0,21346.0,-9404526204.0,-0.9999977302470017
TimeLapse,22,fast,cache-references,8906549347.0,23249.0,-8906526098.0,-0.9999973896737003
ToddlerFountain,22,fast,cache-references,2331998505.0,22402.0,-2331976103.0,-0.9999903936473579
TreesAndGrass_1920_1080,22,fast,cache-references,2345515499.0,23015.0,-2345492484.0,-0.9999901876581034
TunnelFlag,22,fast,cache-references,2297900095.0,21749.0,-2297878346.0,-0.999990535271726
Vertical_Carnaby,22,fast,cache-references,1809975341.0,23037.0,-1809952304.0,-0.9999872722022902
Vertical_bees,22,fast,cache-references,2163777445.0,23941.0,-2163753504.0,-0.9999889355533974
WalkingInStreet,22,fast,cache-references,2225486278.0,22052.0,-2225464226.0,-0.9999900911543612
WorldCup_1920x1080_30p,22,fast,cache-references,482810670.0,21597.0,-482789073.0,-0.9999552681799679
WorldCup_far_1920x1080_30p,22,fast,cache-references,565148223.0,20450.0,-565127773.0,-0.9999638148026169
Aerial3200,27,fast,cache-references,2163124870.0,22019.0,-2163102851.0,-0.9999898207448376
Boat,27,fast,cache-references,2270958294.0,24445.0,-2270933849.0,-0.999989235821695
BoxingPractice,27,fast,cache-references,1797790330.0,22315.0,-1797768015.0,-0.9999875875403113
Crosswalk,27,fast,cache-references,2003861543.0,23239.0,-2003838304.0,-0.9999884028913668
CrowdRun,27,fast,cache-references,1984654595.0,22883.0,-1984631712.0,-0.999988470034001
DinnerSceneCropped,27,fast,cache-references,2267317169.0,24399.0,-2267292770.0,-0.9999892388236046
FoodMarket,27,fast,cache-references,2262926621.0,20473.0,-2262906148.0,-0.9999909528661646
FoodMarket2,27,fast,cache-references,8942355025.0,23590.0,-8942331435.0,-0.9999973619924579
MeridianTalk_sdr,27,fast,cache-references,1860431658.0,23696.0,-1860407962.0,-0.9999872631709431
Motorcycle,27,fast,cache-references,2213039947.0,21200.0,-2213018747.0,-0.9999904204169343
MountainBike,27,fast,cache-references,2249252155.0,20306.0,-2249231849.0,-0.9999909721104613
Neon1224,27,fast,cache-references,1691272292.0,22682.0,-1691249610.0,-0.9999865887946564
NocturneDance_3840x2160p_8bit,27,fast,cache-references,9085459048.0,22900.0,-9085436148.0,-0.9999974794889417
OldTownCross,27,fast,cache-references,690971786.0,22133.0,-690949653.0,-0.9999679683013859
PedestrianArea,27,fast,cache-references,2175848722.0,23257.0,-2175825465.0,-0.9999893112973504
PierSeaSide,27,fast,cache-references,8165855288.0,24298.0,-8165830990.0,-0.9999970244390645
RitualDance,27,fast,cache-references,1744870873.0,22437.0,-1744848436.0,-0.9999871411688125
Riverbed,27,fast,cache-references,2335166792.0,21224.0,-2335145568.0,-0.999990911141734
RushFieldCuts,27,fast,cache-references,2253754362.0,22113.0,-2253732249.0,-0.9999901883717353
Skater227,27,fast,cache-references,28289.0,23809.0,-4480.0,-0.15836544239810527
Tango,27,fast,cache-references,8002537501.0,22100.0,-8002515401.0,-0.999997238375953
TimeLapse,27,fast,cache-references,8646567284.0,22928.0,-8646544356.0,-0.9999973483118506
ToddlerFountain,27,fast,cache-references,2255192581.0,24620.0,-2255167961.0,-0.9999890829722449
TreesAndGrass_1920_1080,27,fast,cache-references,647581464.0,20397.0,-647561067.0,-0.9999685028044595
TunnelFlag,27,fast,cache-references,1850559487.0,20334.0,-1850539153.0,-0.9999890119717075
Vertical_Carnaby,27,fast,cache-references,2108159122.0,21532.0,-2108137590.0,-0.9999897863497231
Vertical_bees,27,fast,cache-references,562482962.0,23128.0,-562459834.0,-0.9999588823101099
WalkingInStreet,27,fast,cache-references,2171027433.0,23293.0,-2171004140.0,-0.9999892709785027
WorldCup_1920x1080_30p,27,fast,cache-references,1949870051.0,21264.0,-1949848787.0,-0.9999890946578778
WorldCup_far_1920x1080_30p,27,fast,cache-references,2032349479.0,23770.0,-2032325709.0,-0.999988304176892
Aerial3200,32,fast,cache-references,2131092314.0,23608.0,-2131068706.0,-0.9999889221129254
Boat,32,fast,cache-references,2197840689.0,20914.0,-2197819775.0,-0.9999904842966533
BoxingPractice,32,fast,cache-references,1635167435.0,23422.0,-1635144013.0,-0.9999856760846023
Crosswalk,32,fast,cache-references,8180987172.0,22799.0,-8180964373.0,-0.9999972131725035
CrowdRun,32,fast,cache-references,2151489212.0,25318.0,-2151463894.0,-0.9999882323369976
DinnerSceneCropped,32,fast,cache-references,2177634208.0,23817.0,-2177610391.0,-0.9999890629014219
FoodMarket,32,fast,cache-references,478717268.0,20569.0,-478696699.0,-0.9999570330936965
FoodMarket2,32,fast,cache-references,8608725488.0,23170.0,-8608702318.0,-0.9999973085446815
MeridianTalk_sdr,32,fast,cache-references,1970509750.0,21473.0,-1970488277.0,-0.9999891028197145
Motorcycle,32,fast,cache-references,2056914546.0,21603.0,-2056892943.0,-0.9999894973760374
MountainBike,32,fast,cache-references,2140292041.0,22487.0,-2140269554.0,-0.9999894934898746
Neon1224,32,fast,cache-references,1672268062.0,20241.0,-1672247821.0,-0.9999878960793069
NocturneDance_3840x2160p_8bit,32,fast,cache-references,7071565239.0,21749.0,-7071543490.0,-0.9999969244432788
OldTownCross,32,fast,cache-references,565872787.0,21770.0,-565851017.0,-0.9999615284556881
PedestrianArea,32,fast,cache-references,2035384173.0,21934.0,-2035362239.0,-0.9999892236560101
PierSeaSide,32,fast,cache-references,7764575532.0,21817.0,-7764553715.0,-0.9999971901876786
RitualDance,32,fast,cache-references,1984912566.0,23591.0,-1984888975.0,-0.9999881148417296
Riverbed,32,fast,cache-references,502478705.0,22288.0,-502456417.0,-0.9999556438914162
RushFieldCuts,32,fast,cache-references,2384913248.0,20904.0,-2384892344.0,-0.999991234901304
Skater227,32,fast,cache-references,29025.0,20242.0,-8783.0,-0.30260120585701983
Tango,32,fast,cache-references,1679238829.0,20152.0,-1679218677.0,-0.9999879993246631
TimeLapse,32,fast,cache-references,8450912238.0,23044.0,-8450889194.0,-0.9999972731937865
ToddlerFountain,32,fast,cache-references,2113906787.0,19295.0,-2113887492.0,-0.9999908723506076
TreesAndGrass_1920_1080,32,fast,cache-references,2257616660.0,20295.0,-2257596365.0,-0.9999910104313281
TunnelFlag,32,fast,cache-references,2110562985.0,20911.0,-2110542074.0,-0.99999009221703
Vertical_Carnaby,32,fast,cache-references,1964206193.0,24358.0,-1964181835.0,-0.9999875990616022
Vertical_bees,32,fast,cache-references,1976375881.0,22850.0,-1976353031.0,-0.9999884384340956
WalkingInStreet,32,fast,cache-references,558633957.0,23368.0,-558610589.0,-0.9999581693885465
WorldCup_1920x1080_30p,32,fast,cache-references,1938518619.0,23017.0,-1938495602.0,-0.9999881265004243
WorldCup_far_1920x1080_30p,32,fast,cache-references,525795853.0,22294.0,-525773559.0,-0.999957599513437
Aerial3200,37,fast,cache-references,2161192740.0,23321.0,-2161169419.0,-0.9999892091993609
Boat,37,fast,cache-references,2142074526.0,19301.0,-2142055225.0,-0.9999909895758687
BoxingPractice,37,fast,cache-references,7577349788.0,23064.0,-7577326724.0,-0.9999969561917234
Crosswalk,37,fast,cache-references,6654655658.0,23914.0,-6654631744.0,-0.999996406425632
CrowdRun,37,fast,cache-references,2242821410.0,25540.0,-2242795870.0,-0.9999886125574305
DinnerSceneCropped,37,fast,cache-references,1822582271.0,22771.0,-1822559500.0,-0.9999875061881363
FoodMarket,37,fast,cache-references,459504874.0,21536.0,-459483338.0,-0.9999531321619888
FoodMarket2,37,fast,cache-references,8016000073.0,21665.0,-8015978408.0,-0.9999972972804637
MeridianTalk_sdr,37,fast,cache-references,1889743573.0,24518.0,-1889719055.0,-0.999987025752938
Motorcycle,37,fast,cache-references,2005187722.0,22120.0,-2005165602.0,-0.9999889686138822
MountainBike,37,fast,cache-references,2158388353.0,19843.0,-2158368510.0,-0.9999908065664029
Neon1224,37,fast,cache-references,7342662829.0,22284.0,-7342640545.0,-0.9999969651336962
NocturneDance_3840x2160p_8bit,37,fast,cache-references,7660918560.0,19740.0,-7660898820.0,-0.9999974232854918
OldTownCross,37,fast,cache-references,494301916.0,23097.0,-494278819.0,-0.9999532734969209
PedestrianArea,37,fast,cache-references,1899269424.0,22518.0,-1899246906.0,-0.9999881438622054
PierSeaSide,37,fast,cache-references,6613401703.0,23276.0,-6613378427.0,-0.9999964804799337
RitualDance,37,fast,cache-references,1870488691.0,22469.0,-1870466222.0,-0.999987987631196
Riverbed,37,fast,cache-references,2202247887.0,22671.0,-2202225216.0,-0.9999897055185596
RushFieldCuts,37,fast,cache-references,2209871260.0,21288.0,-2209849972.0,-0.9999903668596514
Skater227,37,fast,cache-references,30687.0,23673.0,-7014.0,-0.22856584221331508
Tango,37,fast,cache-references,6812301377.0,23769.0,-6812277608.0,-0.9999965108707491
TimeLapse,37,fast,cache-references,7965751571.0,23071.0,-7965728500.0,-0.9999971037258952
ToddlerFountain,37,fast,cache-references,495025631.0,26502.0,-494999129.0,-0.999946463378176
TreesAndGrass_1920_1080,37,fast,cache-references,538493529.0,20574.0,-538472955.0,-0.9999617934127487
TunnelFlag,37,fast,cache-references,1799373782.0,20544.0,-1799353238.0,-0.9999885826945988
Vertical_Carnaby,37,fast,cache-references,1963939166.0,22000.0,-1963917166.0,-0.999988798023696
Vertical_bees,37,fast,cache-references,1952025205.0,22192.0,-1952003013.0,-0.9999886312943382
WalkingInStreet,37,fast,cache-references,1840070937.0,23108.0,-1840047829.0,-0.999987441788501
WorldCup_1920x1080_30p,37,fast,cache-references,429318830.0,22959.0,-429295871.0,-0.9999465222617885
WorldCup_far_1920x1080_30p,37,fast,cache-references,2044161690.0,21660.0,-2044140030.0,-0.9999894039693112
Aerial3200,22,faster,cache-references,2226316653.0,24037.0,-2226292616.0,-0.9999892032429585
Boat,22,faster,cache-references,2348707726.0,24323.0,-2348683403.0,-0.9999896440924808
BoxingPractice,22,faster,cache-references,9181621747.0,22628.0,-9181599119.0,-0.9999975355116314
Crosswalk,22,faster,cache-references,8877264711.0,20790.0,-8877243921.0,-0.9999976580624014
CrowdRun,22,faster,cache-references,2434367437.0,22925.0,-2434344512.0,-0.9999905827692026
DinnerSceneCropped,22,faster,cache-references,676646655.0,20853.0,-676625802.0,-0.999969181847208
FoodMarket,22,faster,cache-references,2398679900.0,20231.0,-2398659669.0,-0.9999915657774928
FoodMarket2,22,faster,cache-references,7736641349.0,23156.0,-7736618193.0,-0.9999970069699556
MeridianTalk_sdr,22,faster,cache-references,1846992048.0,23210.0,-1846968838.0,-0.9999874336221289
Motorcycle,22,faster,cache-references,2248529437.0,20940.0,-2248508497.0,-0.999990687246671
MountainBike,22,faster,cache-references,2211442713.0,27983.0,-2211414730.0,-0.9999873462695481
Neon1224,22,faster,cache-references,8534669508.0,22298.0,-8534647210.0,-0.9999973873622195
NocturneDance_3840x2160p_8bit,22,faster,cache-references,9003584356.0,22515.0,-9003561841.0,-0.9999974993292549
OldTownCross,22,faster,cache-references,2460909957.0,22286.0,-2460887671.0,-0.9999909440002318
PedestrianArea,22,faster,cache-references,2199563510.0,22738.0,-2199540772.0,-0.9999896624944464
PierSeaSide,22,faster,cache-references,8871441071.0,19762.0,-8871421309.0,-0.9999977724024945
RitualDance,22,faster,cache-references,2064982801.0,21354.0,-2064961447.0,-0.9999896589937748
Riverbed,22,faster,cache-references,2313981977.0,25051.0,-2313956926.0,-0.9999891740729837
RushFieldCuts,22,faster,cache-references,2315951329.0,20409.0,-2315930920.0,-0.9999911876386415
Skater227,22,faster,cache-references,27422.0,24798.0,-2624.0,-0.09568959229815477
Tango,22,faster,cache-references,9141199029.0,22778.0,-9141176251.0,-0.9999975082043474
TimeLapse,22,faster,cache-references,7614166819.0,20191.0,-7614146628.0,-0.9999973482325145
ToddlerFountain,22,faster,cache-references,2201610508.0,20812.0,-2201589696.0,-0.9999905469201186
TreesAndGrass_1920_1080,22,faster,cache-references,2308302230.0,20785.0,-2308281445.0,-0.9999909955465407
TunnelFlag,22,faster,cache-references,1893150370.0,20801.0,-1893129569.0,-0.9999890124945543
Vertical_Carnaby,22,faster,cache-references,1797935177.0,21990.0,-1797913187.0,-0.9999877693032089
Vertical_bees,22,faster,cache-references,556110345.0,21811.0,-556088534.0,-0.9999607793665481
WalkingInStreet,22,faster,cache-references,1881775812.0,22637.0,-1881753175.0,-0.9999879704054778
WorldCup_1920x1080_30p,22,faster,cache-references,2197604314.0,21525.0,-2197582789.0,-0.9999902052431082
WorldCup_far_1920x1080_30p,22,faster,cache-references,2221058222.0,23129.0,-2221035093.0,-0.9999895864954053
Aerial3200,27,faster,cache-references,2160788626.0,23425.0,-2160765201.0,-0.9999891590506734
Boat,27,faster,cache-references,2336747266.0,23395.0,-2336723871.0,-0.9999899882198043
BoxingPractice,27,faster,cache-references,1807403424.0,20191.0,-1807383233.0,-0.9999888287253792
Crosswalk,27,faster,cache-references,8347170163.0,24257.0,-8347145906.0,-0.9999970939852038
CrowdRun,27,faster,cache-references,2769304544.0,20097.0,-2769284447.0,-0.9999927429433344
DinnerSceneCropped,27,faster,cache-references,556401073.0,21155.0,-556379918.0,-0.9999619788655584
FoodMarket,27,faster,cache-references,1921135031.0,19729.0,-1921115302.0,-0.999989730550075
FoodMarket2,27,faster,cache-references,9020705585.0,22493.0,-9020683092.0,-0.9999975065143422
MeridianTalk_sdr,27,faster,cache-references,2120622627.0,23106.0,-2120599521.0,-0.9999891041434219
Motorcycle,27,faster,cache-references,1991961057.0,20345.0,-1991940712.0,-0.9999897864469145
MountainBike,27,faster,cache-references,2167900354.0,23091.0,-2167877263.0,-0.9999893486801839
Neon1224,27,faster,cache-references,8231002946.0,23706.0,-8230979240.0,-0.9999971199135567
NocturneDance_3840x2160p_8bit,27,faster,cache-references,1774554731.0,21453.0,-1774533278.0,-0.9999879107701638
OldTownCross,27,faster,cache-references,2402046948.0,22491.0,-2402024457.0,-0.9999906367358812
PedestrianArea,27,faster,cache-references,2175086469.0,18386.0,-2175068083.0,-0.9999915470027229
PierSeaSide,27,faster,cache-references,8247086068.0,22469.0,-8247063599.0,-0.9999972755225525
RitualDance,27,faster,cache-references,1993773826.0,46706.0,-1993727120.0,-0.9999765740730514
Riverbed,27,faster,cache-references,2241070998.0,24156.0,-2241046842.0,-0.9999892212250208
RushFieldCuts,27,faster,cache-references,2501016815.0,22473.0,-2500994342.0,-0.9999910144546549
Skater227,27,faster,cache-references,25489.0,23814.0,-1675.0,-0.06571462199380125
Tango,27,faster,cache-references,9160416647.0,21249.0,-9160395398.0,-0.9999976803456853
TimeLapse,27,faster,cache-references,7445575249.0,22845.0,-7445552404.0,-0.9999969317347235
ToddlerFountain,27,faster,cache-references,574655903.0,24535.0,-574631368.0,-0.9999573048847633
TreesAndGrass_1920_1080,27,faster,cache-references,1966384362.0,20779.0,-1966363583.0,-0.9999894328899265
TunnelFlag,27,faster,cache-references,2181746541.0,22882.0,-2181723659.0,-0.9999895120722916
Vertical_Carnaby,27,faster,cache-references,2048419472.0,22082.0,-2048397390.0,-0.9999892199814043
Vertical_bees,27,faster,cache-references,564102079.0,21349.0,-564080730.0,-0.9999621540129087
WalkingInStreet,27,faster,cache-references,2134877192.0,22401.0,-2134854791.0,-0.9999895071247733
WorldCup_1920x1080_30p,27,faster,cache-references,2031099812.0,21342.0,-2031078470.0,-0.9999894923923118
WorldCup_far_1920x1080_30p,27,faster,cache-references,1832540720.0,22289.0,-1832518431.0,-0.9999878371051968
Aerial3200,32,faster,cache-references,2108494293.0,23148.0,-2108471145.0,-0.9999890215496068
Boat,32,faster,cache-references,2228689552.0,24659.0,-2228664893.0,-0.9999889356505585
BoxingPractice,32,faster,cache-references,8043806452.0,21784.0,-8043784668.0,-0.9999972918294181
Crosswalk,32,faster,cache-references,9042651623.0,25433.0,-9042626190.0,-0.9999971874400275
CrowdRun,32,faster,cache-references,1876964329.0,18993.0,-1876945336.0,-0.9999898810010897
DinnerSceneCropped,32,faster,cache-references,455298116.0,22821.0,-455275295.0,-0.9999498767967667
FoodMarket,32,faster,cache-references,2311498090.0,19678.0,-2311478412.0,-0.9999914869062254
FoodMarket2,32,faster,cache-references,8670371062.0,40548.0,-8670330514.0,-0.9999953233835427
MeridianTalk_sdr,32,faster,cache-references,2007710044.0,23420.0,-2007686624.0,-0.9999883349689513
Motorcycle,32,faster,cache-references,2143970275.0,22663.0,-2143947612.0,-0.9999894294243422
MountainBike,32,faster,cache-references,2080779213.0,24227.0,-2080754986.0,-0.9999883567656537
Neon1224,32,faster,cache-references,7701175484.0,21811.0,-7701153673.0,-0.9999971678349564
NocturneDance_3840x2160p_8bit,32,faster,cache-references,8432921490.0,22495.0,-8432898995.0,-0.9999973324784268
OldTownCross,32,faster,cache-references,2160844588.0,22527.0,-2160822061.0,-0.9999895749096788
PedestrianArea,32,faster,cache-references,2065825199.0,21017.0,-2065804182.0,-0.9999898263415461
PierSeaSide,32,faster,cache-references,7902708850.0,19630.0,-7902689220.0,-0.9999975160416039
RitualDance,32,faster,cache-references,1876897315.0,20313.0,-1876877002.0,-0.9999891773514525
Riverbed,32,faster,cache-references,2156756185.0,20891.0,-2156735294.0,-0.999990313694174
RushFieldCuts,32,faster,cache-references,517465796.0,21091.0,-517444705.0,-0.9999592417505407
Skater227,32,faster,cache-references,26671.0,21250.0,-5421.0,-0.2032544711484384
Tango,32,faster,cache-references,8099900378.0,22489.0,-8099877889.0,-0.9999972235460993
TimeLapse,32,faster,cache-references,8179770118.0,22935.0,-8179747183.0,-0.999997196131472
ToddlerFountain,32,faster,cache-references,2161044976.0,22642.0,-2161022334.0,-0.9999895226613738
TreesAndGrass_1920_1080,32,faster,cache-references,2282854675.0,22868.0,-2282831807.0,-0.9999899827175814
TunnelFlag,32,faster,cache-references,1769026963.0,22561.0,-1769004402.0,-0.9999872466613161
Vertical_Carnaby,32,faster,cache-references,2009661058.0,20537.0,-2009640521.0,-0.9999897808638336
Vertical_bees,32,faster,cache-references,2183084613.0,21194.0,-2183063419.0,-0.9999902917184823
WalkingInStreet,32,faster,cache-references,2102887918.0,22671.0,-2102865247.0,-0.9999892191115818
WorldCup_1920x1080_30p,32,faster,cache-references,2004187614.0,21410.0,-2004166204.0,-0.999989317367371
WorldCup_far_1920x1080_30p,32,faster,cache-references,2128529297.0,21522.0,-2128507775.0,-0.9999898887931539
Aerial3200,37,faster,cache-references,2150552849.0,23584.0,-2150529265.0,-0.9999890335175855
Boat,37,faster,cache-references,2163891393.0,21803.0,-2163869590.0,-0.9999899241708384
BoxingPractice,37,faster,cache-references,7621771201.0,21692.0,-7621749509.0,-0.9999971539423806
Crosswalk,37,faster,cache-references,7745939932.0,21940.0,-7745917992.0,-0.9999971675483941
CrowdRun,37,faster,cache-references,1873073565.0,19658.0,-1873053907.0,-0.9999895049503835
DinnerSceneCropped,37,faster,cache-references,1894554198.0,20778.0,-1894533420.0,-0.9999890327761423
FoodMarket,37,faster,cache-references,2272992609.0,21516.0,-2272971093.0,-0.9999905340651286
FoodMarket2,37,faster,cache-references,8340337032.0,22157.0,-8340314875.0,-0.9999973433927292
MeridianTalk_sdr,37,faster,cache-references,1893470007.0,21298.0,-1893448709.0,-0.9999887518683046
Motorcycle,37,faster,cache-references,2104193030.0,22759.0,-2104170271.0,-0.9999891839770992
MountainBike,37,faster,cache-references,2107364376.0,22995.0,-2107341381.0,-0.9999890882657684
Neon1224,37,faster,cache-references,8049314904.0,21867.0,-8049293037.0,-0.9999972833712856
NocturneDance_3840x2160p_8bit,37,faster,cache-references,8082874216.0,21483.0,-8082852733.0,-0.9999973421583183
OldTownCross,37,faster,cache-references,494253680.0,21850.0,-494231830.0,-0.9999557919325962
PedestrianArea,37,faster,cache-references,1975244219.0,24619.0,-1975219600.0,-0.9999875362247548
PierSeaSide,37,faster,cache-references,6225741194.0,24371.0,-6225716823.0,-0.999996085446015
RitualDance,37,faster,cache-references,424376877.0,21279.0,-424355598.0,-0.9999498582482853
Riverbed,37,faster,cache-references,2078047615.0,25653.0,-2078021962.0,-0.9999876552395552
RushFieldCuts,37,faster,cache-references,490797657.0,23983.0,-490773674.0,-0.9999511346485503
Skater227,37,faster,cache-references,29346.0,24705.0,-4641.0,-0.1581476180740135
Tango,37,faster,cache-references,7994320476.0,23131.0,-7994297345.0,-0.9999971065708374
TimeLapse,37,faster,cache-references,7842008090.0,23150.0,-7841984940.0,-0.9999970479499977
ToddlerFountain,37,faster,cache-references,2059865758.0,23707.0,-2059842051.0,-0.9999884909975769
TreesAndGrass_1920_1080,37,faster,cache-references,559401203.0,20593.0,-559380610.0,-0.9999631874227486
TunnelFlag,37,faster,cache-references,1987348438.0,19551.0,-1987328887.0,-0.999990162268666
Vertical_Carnaby,37,faster,cache-references,438443737.0,20326.0,-438423411.0,-0.9999536405739557
Vertical_bees,37,faster,cache-references,2065223498.0,21310.0,-2065202188.0,-0.9999896815041952
WalkingInStreet,37,faster,cache-references,1991410717.0,22963.0,-1991387754.0,-0.9999884689783961
WorldCup_1920x1080_30p,37,faster,cache-references,1912399036.0,21687.0,-1912377349.0,-0.9999886597934888
WorldCup_far_1920x1080_30p,37,faster,cache-references,2225300456.0,20211.0,-2225280245.0,-0.9999909176309448
Aerial3200,22,superfast,cache-references,1988883903.0,23151.0,-1988860752.0,-0.9999883598032218
Boat,22,superfast,cache-references,1874752570.0,19418.0,-1874733152.0,-0.9999896423665124
BoxingPractice,22,superfast,cache-references,8813641336.0,22576.0,-8813618760.0,-0.9999974385161434
Crosswalk,22,superfast,cache-references,8801189183.0,20492.0,-8801168691.0,-0.9999976716782728
CrowdRun,22,superfast,cache-references,2304103225.0,20557.0,-2304082668.0,-0.9999910780906962
DinnerSceneCropped,22,superfast,cache-references,531052775.0,21308.0,-531031467.0,-0.9999598759275855
FoodMarket,22,superfast,cache-references,2260171865.0,24112.0,-2260147753.0,-0.9999893317847314
FoodMarket2,22,superfast,cache-references,8656530534.0,24714.0,-8656505820.0,-0.9999971450455927
MeridianTalk_sdr,22,superfast,cache-references,1777605835.0,23373.0,-1777582462.0,-0.9999868514157977
Motorcycle,22,superfast,cache-references,2172881148.0,22657.0,-2172858491.0,-0.9999895728305155
MountainBike,22,superfast,cache-references,506463339.0,23108.0,-506440231.0,-0.9999543737952571
Neon1224,22,superfast,cache-references,8231616868.0,24033.0,-8231592835.0,-0.9999970804034753
NocturneDance_3840x2160p_8bit,22,superfast,cache-references,1621275288.0,21024.0,-1621254264.0,-0.999987032430485
OldTownCross,22,superfast,cache-references,2284365729.0,22260.0,-2284343469.0,-0.9999902555008082
PedestrianArea,22,superfast,cache-references,2418319597.0,23038.0,-2418296559.0,-0.9999904735502997
PierSeaSide,22,superfast,cache-references,8505912831.0,22836.0,-8505889995.0,-0.9999973152793293
RitualDance,22,superfast,cache-references,1910667201.0,21679.0,-1910645522.0,-0.9999886537017076
Riverbed,22,superfast,cache-references,2228166688.0,26793.0,-2228139895.0,-0.9999879753161447
RushFieldCuts,22,superfast,cache-references,2094174786.0,20490.0,-2094154296.0,-0.9999902157164068
Skater227,22,superfast,cache-references,28902.0,24177.0,-4725.0,-0.16348349595183725
Tango,22,superfast,cache-references,7398624544.0,21560.0,-7398602984.0,-0.9999970859448439
TimeLapse,22,superfast,cache-references,1646635583.0,22823.0,-1646612760.0,-0.999986139616904
ToddlerFountain,22,superfast,cache-references,2293514490.0,20041.0,-2293494449.0,-0.9999912618821083
TreesAndGrass_1920_1080,22,superfast,cache-references,1992761679.0,19811.0,-1992741868.0,-0.999990058520189
TunnelFlag,22,superfast,cache-references,1973856686.0,24295.0,-1973832391.0,-0.9999876916089337
Vertical_Carnaby,22,superfast,cache-references,1719152060.0,20085.0,-1719131975.0,-0.9999883169147934
Vertical_bees,22,superfast,cache-references,2040044019.0,21467.0,-2040022552.0,-0.9999894771878449
WalkingInStreet,22,superfast,cache-references,2131006526.0,20734.0,-2130985792.0,-0.9999902703254321
WorldCup_1920x1080_30p,22,superfast,cache-references,1987673197.0,22041.0,-1987651156.0,-0.9999889111549961
WorldCup_far_1920x1080_30p,22,superfast,cache-references,2136881270.0,22684.0,-2136858586.0,-0.9999893845295391
Aerial3200,27,superfast,cache-references,1986125104.0,22693.0,-1986102411.0,-0.999988574234345
Boat,27,superfast,cache-references,1787071531.0,20132.0,-1787051399.0,-0.999988734642318
BoxingPractice,27,superfast,cache-references,8360599668.0,20271.0,-8360579397.0,-0.9999975754131516
Crosswalk,27,superfast,cache-references,8235443215.0,23303.0,-8235419912.0,-0.9999971704012289
CrowdRun,27,superfast,cache-references,2035340850.0,21063.0,-2035319787.0,-0.9999896513647825
DinnerSceneCropped,27,superfast,cache-references,452539986.0,20814.0,-452519172.0,-0.9999540062742655
FoodMarket,27,superfast,cache-references,451957233.0,21584.0,-451935649.0,-0.9999522432689998
FoodMarket2,27,superfast,cache-references,1668721645.0,23811.0,-1668697834.0,-0.9999857309934995
MeridianTalk_sdr,27,superfast,cache-references,2001687725.0,22682.0,-2001665043.0,-0.9999886685621755
Motorcycle,27,superfast,cache-references,2147718422.0,22872.0,-2147695550.0,-0.9999893505592885
MountainBike,27,superfast,cache-references,2172476422.0,22329.0,-2172454093.0,-0.9999897218677386
Neon1224,27,superfast,cache-references,7826924104.0,22734.0,-7826901370.0,-0.9999970954107006
NocturneDance_3840x2160p_8bit,27,superfast,cache-references,6942005896.0,21466.0,-6941984430.0,-0.9999969078101745
OldTownCross,27,superfast,cache-references,2189574151.0,22535.0,-2189551616.0,-0.9999897080443749
PedestrianArea,27,superfast,cache-references,2058155688.0,22600.0,-2058133088.0,-0.9999890192952205
PierSeaSide,27,superfast,cache-references,6402952457.0,21410.0,-6402931047.0,-0.9999966562300526
RitualDance,27,superfast,cache-references,1872741310.0,21184.0,-1872720126.0,-0.9999886882401285
Riverbed,27,superfast,cache-references,2154622289.0,20922.0,-2154601367.0,-0.9999902897133726
RushFieldCuts,27,superfast,cache-references,2160023952.0,23597.0,-2160000355.0,-0.9999890755841025
Skater227,27,superfast,cache-references,29843.0,24011.0,-5832.0,-0.1954227121938143
Tango,27,superfast,cache-references,1737142222.0,21485.0,-1737120737.0,-0.9999876319856095
TimeLapse,27,superfast,cache-references,8054337865.0,22761.0,-8054315104.0,-0.9999971740693796
ToddlerFountain,27,superfast,cache-references,2159564001.0,22807.0,-2159541194.0,-0.9999894390719657
TreesAndGrass_1920_1080,27,superfast,cache-references,2289334115.0,19840.0,-2289314275.0,-0.9999913337245665
TunnelFlag,27,superfast,cache-references,2174281462.0,21678.0,-2174259784.0,-0.9999900298096733
Vertical_Carnaby,27,superfast,cache-references,1629739516.0,21752.0,-1629717764.0,-0.9999866530818046
Vertical_bees,27,superfast,cache-references,2036877956.0,22673.0,-2036855283.0,-0.9999888687488943
WalkingInStreet,27,superfast,cache-references,573161931.0,20755.0,-573141176.0,-0.9999637885929308
WorldCup_1920x1080_30p,27,superfast,cache-references,1908470619.0,22610.0,-1908448009.0,-0.9999881528173529
WorldCup_far_1920x1080_30p,27,superfast,cache-references,2568319180.0,22716.0,-2568296464.0,-0.9999911553049259
Aerial3200,32,superfast,cache-references,1948084921.0,25556.0,-1948059365.0,-0.999986881475379
Boat,32,superfast,cache-references,1774537714.0,24661.0,-1774513053.0,-0.9999861028594628
BoxingPractice,32,superfast,cache-references,7651056310.0,24006.0,-7651032304.0,-0.9999968623940241
Crosswalk,32,superfast,cache-references,7837863703.0,24274.0,-7837839429.0,-0.9999969029826341
CrowdRun,32,superfast,cache-references,1946897636.0,20498.0,-1946877138.0,-0.999989471454677
DinnerSceneCropped,32,superfast,cache-references,1623389333.0,20730.0,-1623368603.0,-0.9999872304199747
FoodMarket,32,superfast,cache-references,2040172348.0,21383.0,-2040150965.0,-0.999989519022733
FoodMarket2,32,superfast,cache-references,8317289735.0,23051.0,-8317266684.0,-0.9999972285443054
MeridianTalk_sdr,32,superfast,cache-references,1876730446.0,23975.0,-1876706471.0,-0.9999872251233249
Motorcycle,32,superfast,cache-references,2042317313.0,22626.0,-2042294687.0,-0.9999889214081201
MountainBike,32,superfast,cache-references,2105475302.0,23132.0,-2105452170.0,-0.9999890134071019
Neon1224,32,superfast,cache-references,7622685943.0,19450.0,-7622666493.0,-0.9999974484059627
NocturneDance_3840x2160p_8bit,32,superfast,cache-references,8109116869.0,21042.0,-8109095827.0,-0.9999974051428362
OldTownCross,32,superfast,cache-references,2094076537.0,22576.0,-2094053961.0,-0.9999892191142009
PedestrianArea,32,superfast,cache-references,1910645285.0,20986.0,-1910624299.0,-0.9999890162762473
PierSeaSide,32,superfast,cache-references,1469646090.0,20044.0,-1469626046.0,-0.9999863613422739
RitualDance,32,superfast,cache-references,396846546.0,21427.0,-396825119.0,-0.9999460068376153
Riverbed,32,superfast,cache-references,1923794648.0,21604.0,-1923773044.0,-0.9999887701111849
RushFieldCuts,32,superfast,cache-references,2063254761.0,20951.0,-2063233810.0,-0.9999898456553228
Skater227,32,superfast,cache-references,26059.0,22233.0,-3826.0,-0.14682067615794928
Tango,32,superfast,cache-references,1532265016.0,23051.0,-1532241965.0,-0.9999849562577235
TimeLapse,32,superfast,cache-references,6914510416.0,22907.0,-6914487509.0,-0.9999966871117951
ToddlerFountain,32,superfast,cache-references,2062172441.0,23984.0,-2062148457.0,-0.9999883695468317
TreesAndGrass_1920_1080,32,superfast,cache-references,2153528388.0,24336.0,-2153504052.0,-0.999988699475644
TunnelFlag,32,superfast,cache-references,2003202131.0,21831.0,-2003180300.0,-0.9999891019484943
Vertical_Carnaby,32,superfast,cache-references,1916329339.0,22758.0,-1916306581.0,-0.9999881241707588
Vertical_bees,32,superfast,cache-references,421683251.0,19702.0,-421663549.0,-0.9999532777269354
WalkingInStreet,32,superfast,cache-references,2097678257.0,20450.0,-2097657807.0,-0.9999902511264863
WorldCup_1920x1080_30p,32,superfast,cache-references,380662794.0,22840.0,-380639954.0,-0.999939999389591
WorldCup_far_1920x1080_30p,32,superfast,cache-references,2039252115.0,21628.0,-2039230487.0,-0.9999893941510023
Aerial3200,37,superfast,cache-references,1927409388.0,23536.0,-1927385852.0,-0.9999877887904114
Boat,37,superfast,cache-references,2090439951.0,22605.0,-2090417346.0,-0.9999891864868019
BoxingPractice,37,superfast,cache-references,7145083523.0,23154.0,-7145060369.0,-0.9999967594500574
Crosswalk,37,superfast,cache-references,7397056348.0,21540.0,-7397034808.0,-0.9999970880308346
CrowdRun,37,superfast,cache-references,1875803396.0,20385.0,-1875783011.0,-0.9999891326564162
DinnerSceneCropped,37,superfast,cache-references,1745175543.0,23321.0,-1745152222.0,-0.9999866368743857
FoodMarket,37,superfast,cache-references,1954328682.0,19997.0,-1954308685.0,-0.9999897678419274
FoodMarket2,37,superfast,cache-references,8332558245.0,23556.0,-8332534689.0,-0.9999971730170606
MeridianTalk_sdr,37,superfast,cache-references,1445822957.0,20701.0,-1445802256.0,-0.9999856822027208
Motorcycle,37,superfast,cache-references,2045423547.0,22480.0,-2045401067.0,-0.9999890096112206
MountainBike,37,superfast,cache-references,1984270890.0,22511.0,-1984248379.0,-0.9999886552788163
Neon1224,37,superfast,cache-references,7071754743.0,22164.0,-7071732579.0,-0.9999968658415336
NocturneDance_3840x2160p_8bit,37,superfast,cache-references,1337702894.0,19536.0,-1337683358.0,-0.9999853958602559
OldTownCross,37,superfast,cache-references,1947624018.0,22697.0,-1947601321.0,-0.9999883463133591
PedestrianArea,37,superfast,cache-references,398632643.0,21094.0,-398611549.0,-0.9999470841127278
PierSeaSide,37,superfast,cache-references,7114038634.0,20508.0,-7114018126.0,-0.9999971172492792
RitualDance,37,superfast,cache-references,366311325.0,19712.0,-366291613.0,-0.9999461878499115
Riverbed,37,superfast,cache-references,392507317.0,22204.0,-392485113.0,-0.9999434303539365
RushFieldCuts,37,superfast,cache-references,393217710.0,22522.0,-393195188.0,-0.9999427238412024
Skater227,37,superfast,cache-references,26470.0,24619.0,-1851.0,-0.06992822062712505
Tango,37,superfast,cache-references,7454746426.0,19762.0,-7454726664.0,-0.999997349071468
TimeLapse,37,superfast,cache-references,7277977431.0,24041.0,-7277953390.0,-0.9999966967471076
ToddlerFountain,37,superfast,cache-references,1949300371.0,21320.0,-1949279051.0,-0.9999890627425526
TreesAndGrass_1920_1080,37,superfast,cache-references,2038780544.0,19522.0,-2038761022.0,-0.9999904246682865
TunnelFlag,37,superfast,cache-references,1563213293.0,21028.0,-1563192265.0,-0.9999865482208383
Vertical_Carnaby,37,superfast,cache-references,369747391.0,20099.0,-369727292.0,-0.9999456412662017
Vertical_bees,37,superfast,cache-references,1815260891.0,19733.0,-1815241158.0,-0.9999891293862508
WalkingInStreet,37,superfast,cache-references,526973070.0,21578.0,-526951492.0,-0.9999590529360447
WorldCup_1920x1080_30p,37,superfast,cache-references,1738641421.0,23173.0,-1738618248.0,-0.9999866717773314
WorldCup_far_1920x1080_30p,37,superfast,cache-references,2267947596.0,21387.0,-2267926209.0,-0.9999905698879297
Aerial3200,22,veryfast,cache-references,2217600918.0,20525.0,-2217580393.0,-0.9999907445023885
Boat,22,veryfast,cache-references,2298384218.0,24396.0,-2298359822.0,-0.9999893855867052
BoxingPractice,22,veryfast,cache-references,9000153145.0,23417.0,-9000129728.0,-0.9999973981553844
Crosswalk,22,veryfast,cache-references,9186717978.0,24009.0,-9186693969.0,-0.9999973865530587
CrowdRun,22,veryfast,cache-references,2388070083.0,23466.0,-2388046617.0,-0.9999901736552176
DinnerSceneCropped,22,veryfast,cache-references,2385476534.0,23112.0,-2385453422.0,-0.9999903113697952
FoodMarket,22,veryfast,cache-references,2404413846.0,22379.0,-2404391467.0,-0.9999906925340506
FoodMarket2,22,veryfast,cache-references,7898684812.0,23570.0,-7898661242.0,-0.9999970159589145
MeridianTalk_sdr,22,veryfast,cache-references,2560311304.0,21941.0,-2560289363.0,-0.9999914303389725
Motorcycle,22,veryfast,cache-references,1928373829.0,22228.0,-1928351601.0,-0.9999884731893445
MountainBike,22,veryfast,cache-references,622533047.0,22197.0,-622510850.0,-0.9999643440615611
Neon1224,22,veryfast,cache-references,8573257385.0,22856.0,-8573234529.0,-0.9999973340354811
NocturneDance_3840x2160p_8bit,22,veryfast,cache-references,9024535542.0,19684.0,-9024515858.0,-0.9999978188351181
OldTownCross,22,veryfast,cache-references,2433941371.0,20312.0,-2433921059.0,-0.9999916546880537
PedestrianArea,22,veryfast,cache-references,2238535151.0,22408.0,-2238512743.0,-0.9999899898824506
PierSeaSide,22,veryfast,cache-references,8504792133.0,21264.0,-8504770869.0,-0.9999974997625259
RitualDance,22,veryfast,cache-references,1972659418.0,22847.0,-1972636571.0,-0.9999884181730554
Riverbed,22,veryfast,cache-references,2302129960.0,21993.0,-2302107967.0,-0.9999904466731322
RushFieldCuts,22,veryfast,cache-references,605738221.0,20476.0,-605717745.0,-0.9999661966187866
Skater227,22,veryfast,cache-references,24751.0,20941.0,-3810.0,-0.15393317441719526
Tango,22,veryfast,cache-references,9243827971.0,23801.0,-9243804170.0,-0.9999974252008935
TimeLapse,22,veryfast,cache-references,8542064623.0,21579.0,-8542043044.0,-0.9999974737957447
ToddlerFountain,22,veryfast,cache-references,2323254905.0,23504.0,-2323231401.0,-0.999989883159205
TreesAndGrass_1920_1080,22,veryfast,cache-references,2355533789.0,20105.0,-2355513684.0,-0.9999914647796208
TunnelFlag,22,veryfast,cache-references,2222928716.0,20532.0,-2222908184.0,-0.9999907635364768
Vertical_Carnaby,22,veryfast,cache-references,564984401.0,23444.0,-564960957.0,-0.9999585050490624
Vertical_bees,22,veryfast,cache-references,2082261687.0,19808.0,-2082241879.0,-0.9999904872667429
WalkingInStreet,22,veryfast,cache-references,2404380854.0,23309.0,-2404357545.0,-0.9999903056123737
WorldCup_1920x1080_30p,22,veryfast,cache-references,2036293880.0,22691.0,-2036271189.0,-0.9999888567164972
WorldCup_far_1920x1080_30p,22,veryfast,cache-references,2145490632.0,21730.0,-2145468902.0,-0.9999898717805261
Aerial3200,27,veryfast,cache-references,2220953240.0,23225.0,-2220930015.0,-0.9999895427784873
Boat,27,veryfast,cache-references,2278989657.0,20231.0,-2278969426.0,-0.9999911228206158
BoxingPractice,27,veryfast,cache-references,8291100694.0,22903.0,-8291077791.0,-0.9999972376405926
Crosswalk,27,veryfast,cache-references,1782698030.0,24282.0,-1782673748.0,-0.9999863790728484
CrowdRun,27,veryfast,cache-references,2386116155.0,24526.0,-2386091629.0,-0.9999897213721349
DinnerSceneCropped,27,veryfast,cache-references,2289187950.0,24724.0,-2289163226.0,-0.999989199663575
FoodMarket,27,veryfast,cache-references,2292900926.0,22190.0,-2292878736.0,-0.9999903223031801
FoodMarket2,27,veryfast,cache-references,8922494308.0,20417.0,-8922473891.0,-0.9999977117385234
MeridianTalk_sdr,27,veryfast,cache-references,1780657451.0,23598.0,-1780633853.0,-0.9999867475914659
Motorcycle,27,veryfast,cache-references,2111580811.0,23389.0,-2111557422.0,-0.999988923464412
MountainBike,27,veryfast,cache-references,570420658.0,20346.0,-570400312.0,-0.999964331586322
Neon1224,27,veryfast,cache-references,8194059716.0,25255.0,-8194034461.0,-0.9999969178891934
NocturneDance_3840x2160p_8bit,27,veryfast,cache-references,7318636199.0,21831.0,-7318614368.0,-0.9999970170671958
OldTownCross,27,veryfast,cache-references,2377036607.0,22862.0,-2377013745.0,-0.9999903821422301
PedestrianArea,27,veryfast,cache-references,2509746482.0,22922.0,-2509723560.0,-0.999990866806602
PierSeaSide,27,veryfast,cache-references,1724228566.0,22383.0,-1724206183.0,-0.9999870185424129
RitualDance,27,veryfast,cache-references,430932423.0,21777.0,-430910646.0,-0.9999494653944848
Riverbed,27,veryfast,cache-references,532454675.0,20690.0,-532433985.0,-0.999961142232435
RushFieldCuts,27,veryfast,cache-references,2259395180.0,21256.0,-2259373924.0,-0.9999905921725477
Skater227,27,veryfast,cache-references,28449.0,24077.0,-4372.0,-0.15367851242574432
Tango,27,veryfast,cache-references,8621421467.0,23113.0,-8621398354.0,-0.9999973191195805
TimeLapse,27,veryfast,cache-references,1781235490.0,22720.0,-1781212770.0,-0.9999872448083773
ToddlerFountain,27,veryfast,cache-references,2373008177.0,24852.0,-2372983325.0,-0.9999895272168714
TreesAndGrass_1920_1080,27,veryfast,cache-references,1983280841.0,20544.0,-1983260297.0,-0.9999896414065143
TunnelFlag,27,veryfast,cache-references,2292026632.0,20851.0,-2292005781.0,-0.9999909028107663
Vertical_Carnaby,27,veryfast,cache-references,483612810.0,20412.0,-483592398.0,-0.999957792681298
Vertical_bees,27,veryfast,cache-references,2131687528.0,20770.0,-2131666758.0,-0.9999902565457052
WalkingInStreet,27,veryfast,cache-references,2169127697.0,22008.0,-2169105689.0,-0.9999898539859915
WorldCup_1920x1080_30p,27,veryfast,cache-references,1958269058.0,22546.0,-1958246512.0,-0.9999884867710553
WorldCup_far_1920x1080_30p,27,veryfast,cache-references,2153414548.0,21575.0,-2153392973.0,-0.9999899810280283
Aerial3200,32,veryfast,cache-references,2168156342.0,23317.0,-2168133025.0,-0.999989245701729
Boat,32,veryfast,cache-references,2177967479.0,20987.0,-2177946492.0,-0.999990363951619
BoxingPractice,32,veryfast,cache-references,8207016614.0,22897.0,-8206993717.0,-0.9999972100702269
Crosswalk,32,veryfast,cache-references,8127835185.0,21183.0,-8127814002.0,-0.9999973937709713
CrowdRun,32,veryfast,cache-references,2233368822.0,22226.0,-2233346596.0,-0.9999900482178398
DinnerSceneCropped,32,veryfast,cache-references,453905893.0,21446.0,-453884447.0,-0.9999527523208429
FoodMarket,32,veryfast,cache-references,2277993139.0,22914.0,-2277970225.0,-0.9999899411461748
FoodMarket2,32,veryfast,cache-references,7307222294.0,23011.0,-7307199283.0,-0.9999968509237745
MeridianTalk_sdr,32,veryfast,cache-references,1757661074.0,23722.0,-1757637352.0,-0.999986503655141
Motorcycle,32,veryfast,cache-references,2162663307.0,22728.0,-2162640579.0,-0.9999894907358319
MountainBike,32,veryfast,cache-references,522156894.0,20794.0,-522136100.0,-0.999960176720371
Neon1224,32,veryfast,cache-references,7950383073.0,23301.0,-7950359772.0,-0.9999970691978253
NocturneDance_3840x2160p_8bit,32,veryfast,cache-references,1597177042.0,21464.0,-1597155578.0,-0.9999865612894278
OldTownCross,32,veryfast,cache-references,2200348422.0,21191.0,-2200327231.0,-0.9999903692525293
PedestrianArea,32,veryfast,cache-references,1956779124.0,21211.0,-1956757913.0,-0.9999891602482162
PierSeaSide,32,veryfast,cache-references,7799189102.0,22343.0,-7799166759.0,-0.9999971352149938
RitualDance,32,veryfast,cache-references,421204226.0,22086.0,-421182140.0,-0.9999475646286606
Riverbed,32,veryfast,cache-references,2169260162.0,21869.0,-2169238293.0,-0.9999899186826997
RushFieldCuts,32,veryfast,cache-references,2353989063.0,24212.0,-2353964851.0,-0.9999897144806743
Skater227,32,veryfast,cache-references,28859.0,21315.0,-7544.0,-0.2614089192279705
Tango,32,veryfast,cache-references,8088699546.0,19983.0,-8088679563.0,-0.9999975295163473
TimeLapse,32,veryfast,cache-references,8261970359.0,22528.0,-8261947831.0,-0.9999972732896608
ToddlerFountain,32,veryfast,cache-references,2176168169.0,23525.0,-2176144644.0,-0.9999891897141338
TreesAndGrass_1920_1080,32,veryfast,cache-references,594946490.0,19278.0,-594927212.0,-0.9999675970859161
TunnelFlag,32,veryfast,cache-references,1890774984.0,23595.0,-1890751389.0,-0.9999875209899646
Vertical_Carnaby,32,veryfast,cache-references,2193121161.0,20367.0,-2193100794.0,-0.9999907132353825
Vertical_bees,32,veryfast,cache-references,2044326308.0,22922.0,-2044303386.0,-0.9999887875042696
WalkingInStreet,32,veryfast,cache-references,2124742377.0,23328.0,-2124719049.0,-0.9999890207865892
WorldCup_1920x1080_30p,32,veryfast,cache-references,1748703402.0,22800.0,-1748680602.0,-0.9999869617683742
WorldCup_far_1920x1080_30p,32,veryfast,cache-references,1831188727.0,21672.0,-1831167055.0,-0.999988165064758
Aerial3200,37,veryfast,cache-references,2134905535.0,24155.0,-2134881380.0,-0.9999886856820576
Boat,37,veryfast,cache-references,2113681024.0,20187.0,-2113660837.0,-0.9999904493630918
BoxingPractice,37,veryfast,cache-references,7834413109.0,23485.0,-7834389624.0,-0.9999970023281038
Crosswalk,37,veryfast,cache-references,7700227372.0,23120.0,-7700204252.0,-0.9999969974912579
CrowdRun,37,veryfast,cache-references,2219822867.0,19048.0,-2219803819.0,-0.9999914191351557
DinnerSceneCropped,37,veryfast,cache-references,454736418.0,20884.0,-454715534.0,-0.9999540744942051
FoodMarket,37,veryfast,cache-references,2005082872.0,23739.0,-2005059133.0,-0.9999881605891051
FoodMarket2,37,veryfast,cache-references,8339409679.0,22143.0,-8339387536.0,-0.999997344776087
MeridianTalk_sdr,37,veryfast,cache-references,1904485558.0,22549.0,-1904463009.0,-0.9999881600572368
Motorcycle,37,veryfast,cache-references,2119085561.0,22547.0,-2119063014.0,-0.9999893600332073
MountainBike,37,veryfast,cache-references,508526932.0,21105.0,-508505827.0,-0.9999584977733293
Neon1224,37,veryfast,cache-references,7823215684.0,22746.0,-7823192938.0,-0.9999970924999491
NocturneDance_3840x2160p_8bit,37,veryfast,cache-references,1552877183.0,21656.0,-1552855527.0,-0.9999860542738105
OldTownCross,37,veryfast,cache-references,468275079.0,23101.0,-468251978.0,-0.9999506678851043
PedestrianArea,37,veryfast,cache-references,1900845163.0,23093.0,-1900822070.0,-0.9999878511935377
PierSeaSide,37,veryfast,cache-references,7676804171.0,22428.0,-7676781743.0,-0.9999970784717832
RitualDance,37,veryfast,cache-references,423627611.0,22998.0,-423604613.0,-0.9999457117539017
Riverbed,37,veryfast,cache-references,509444640.0,23118.0,-509421522.0,-0.9999546211733624
RushFieldCuts,37,veryfast,cache-references,469853416.0,21235.0,-469832181.0,-0.9999548050534978
Skater227,37,veryfast,cache-references,28515.0,23432.0,-5083.0,-0.17825705768893566
Tango,37,veryfast,cache-references,8041648339.0,20226.0,-8041628113.0,-0.9999974848440086
TimeLapse,37,veryfast,cache-references,7906386881.0,22556.0,-7906364325.0,-0.9999971471165857
ToddlerFountain,37,veryfast,cache-references,2096549742.0,20409.0,-2096529333.0,-0.9999902654348756
TreesAndGrass_1920_1080,37,veryfast,cache-references,2212820528.0,22758.0,-2212797770.0,-0.9999897153882513
TunnelFlag,37,veryfast,cache-references,1682284539.0,23453.0,-1682261086.0,-0.9999860588387658
Vertical_Carnaby,37,veryfast,cache-references,1892575147.0,19802.0,-1892555345.0,-0.9999895370072721
Vertical_bees,37,veryfast,cache-references,1957198653.0,24014.0,-1957174639.0,-0.999987730422784
WalkingInStreet,37,veryfast,cache-references,521348182.0,23083.0,-521325099.0,-0.9999557244068418
WorldCup_1920x1080_30p,37,veryfast,cache-references,1907135307.0,22489.0,-1907112818.0,-0.9999882079682981
WorldCup_far_1920x1080_30p,37,veryfast,cache-references,507301789.0,24457.0,-507277332.0,-0.9999517900379413
Aerial3200,22,fast,cycles,749447400124.0,2128784.0,-749445271340.0,-0.9999971595284743
Boat,22,fast,cycles,774726909673.0,1530922.0,-774725378751.0,-0.9999980239204539
BoxingPractice,22,fast,cycles,2339792568176.0,2835897.0,-2339789732279.0,-0.9999987879707635
Crosswalk,22,fast,cycles,2312799176792.0,1358641.0,-2312797818151.0,-0.9999994125555675
CrowdRun,22,fast,cycles,1076306138381.0,2199425.0,-1076303938956.0,-0.9999979565061263
DinnerSceneCropped,22,fast,cycles,958013307303.0,1873424.0,-958011433879.0,-0.9999980444697525
FoodMarket,22,fast,cycles,747859010077.0,2525668.0,-747856484409.0,-0.9999966228019374
FoodMarket2,22,fast,cycles,2437857645542.0,2295212.0,-2437855350330.0,-0.9999990585127051
MeridianTalk_sdr,22,fast,cycles,731211674536.0,2677124.0,-731208997412.0,-0.9999963387838389
Motorcycle,22,fast,cycles,601689900077.0,3187685.0,-601686712392.0,-0.9999947021131657
MountainBike,22,fast,cycles,710531550022.0,2572629.0,-710528977393.0,-0.9999963792895615
Neon1224,22,fast,cycles,2413529791858.0,2525224.0,-2413527266634.0,-0.9999989537216368
NocturneDance_3840x2160p_8bit,22,fast,cycles,2161939482494.0,2885305.0,-2161936597189.0,-0.9999986654089889
OldTownCross,22,fast,cycles,912486940236.0,3193683.0,-912483746553.0,-0.9999965000233327
PedestrianArea,22,fast,cycles,608589105649.0,2951201.0,-608586154448.0,-0.9999951507495408
PierSeaSide,22,fast,cycles,2207000521454.0,1144672.0,-2206999376782.0,-0.9999994813449345
RitualDance,22,fast,cycles,390431966202.0,2050662.0,-390429915540.0,-0.999994747709774
Riverbed,22,fast,cycles,704678424752.0,1274729.0,-704677150023.0,-0.9999981910486326
RushFieldCuts,22,fast,cycles,858227510043.0,2897253.0,-858224612790.0,-0.9999966241434047
Skater227,22,fast,cycles,2524206.0,2953790.0,429584.0,0.17018579307711018
Tango,22,fast,cycles,2660621929174.0,3448846.0,-2660618480328.0,-0.9999987037444282
TimeLapse,22,fast,cycles,2240638004873.0,1775877.0,-2240636228996.0,-0.9999992074235123
ToddlerFountain,22,fast,cycles,772771193230.0,3217234.0,-772767975996.0,-0.9999958367573375
TreesAndGrass_1920_1080,22,fast,cycles,847848050760.0,2008810.0,-847846041950.0,-0.9999976306957382
TunnelFlag,22,fast,cycles,651441833908.0,1460111.0,-651440373797.0,-0.9999977586471669
Vertical_Carnaby,22,fast,cycles,563328838114.0,2963499.0,-563325874615.0,-0.9999947393089089
Vertical_bees,22,fast,cycles,519577006294.0,2280016.0,-519574726278.0,-0.9999956117842546
WalkingInStreet,22,fast,cycles,801131547298.0,3000366.0,-801128546932.0,-0.9999962548397824
WorldCup_1920x1080_30p,22,fast,cycles,378953290750.0,3084590.0,-378950206160.0,-0.9999918602369334
WorldCup_far_1920x1080_30p,22,fast,cycles,537814073703.0,2642244.0,-537811431459.0,-0.9999950870679494
Aerial3200,27,fast,cycles,653614371264.0,1370390.0,-653613000874.0,-0.9999979033661739
Boat,27,fast,cycles,677842659856.0,2092242.0,-677840567614.0,-0.9999969133810486
BoxingPractice,27,fast,cycles,1563227390249.0,3055382.0,-1563224334867.0,-0.999998045465414
Crosswalk,27,fast,cycles,1493162602401.0,2167158.0,-1493160435243.0,-0.9999985486121896
CrowdRun,27,fast,cycles,921407980686.0,2799197.0,-921405181489.0,-0.9999969620438951
DinnerSceneCropped,27,fast,cycles,586487979712.0,2270829.0,-586485708883.0,-0.9999961280894434
FoodMarket,27,fast,cycles,562483275253.0,2241319.0,-562481033934.0,-0.9999960153144127
FoodMarket2,27,fast,cycles,2013988265823.0,2280173.0,-2013985985650.0,-0.9999988678320333
MeridianTalk_sdr,27,fast,cycles,557594331159.0,2006445.0,-557592324714.0,-0.9999964016043782
Motorcycle,27,fast,cycles,612325376018.0,1402957.0,-612323973061.0,-0.9999977088047386
MountainBike,27,fast,cycles,629607194123.0,1201602.0,-629605992521.0,-0.999998091505289
Neon1224,27,fast,cycles,1418668674366.0,3016438.0,-1418665657928.0,-0.9999978737544188
NocturneDance_3840x2160p_8bit,27,fast,cycles,1833247314867.0,2652863.0,-1833244662004.0,-0.9999985529159222
OldTownCross,27,fast,cycles,616993279601.0,3130358.0,-616990149243.0,-0.9999949264309621
PedestrianArea,27,fast,cycles,471864069681.0,2700407.0,-471861369274.0,-0.9999942771506171
PierSeaSide,27,fast,cycles,1776841567223.0,2332250.0,-1776839234973.0,-0.9999986874181452
RitualDance,27,fast,cycles,507351219401.0,2953479.0,-507348265922.0,-0.9999941786303312
Riverbed,27,fast,cycles,571764828187.0,2353823.0,-571762474364.0,-0.9999958832322592
RushFieldCuts,27,fast,cycles,620352201479.0,1382881.0,-620350818598.0,-0.9999977708131015
Skater227,27,fast,cycles,1684049.0,2268530.0,584481.0,0.3470688798247557
Tango,27,fast,cycles,2489797326464.0,2822283.0,-2489794504181.0,-0.9999988664607476
TimeLapse,27,fast,cycles,1868668891554.0,3261375.0,-1868665630179.0,-0.9999982547068585
ToddlerFountain,27,fast,cycles,641340777493.0,2426186.0,-641338351307.0,-0.9999962170096068
TreesAndGrass_1920_1080,27,fast,cycles,671378537499.0,1211567.0,-671377325932.0,-0.9999981954040347
TunnelFlag,27,fast,cycles,659581780052.0,3200942.0,-659578579110.0,-0.9999951470127029
Vertical_Carnaby,27,fast,cycles,401370571105.0,3184673.0,-401367386432.0,-0.9999920655044757
Vertical_bees,27,fast,cycles,385260134444.0,2993557.0,-385257140887.0,-0.9999922297774092
WalkingInStreet,27,fast,cycles,727366990100.0,2672015.0,-727364318085.0,-0.9999963264555082
WorldCup_1920x1080_30p,27,fast,cycles,395792451008.0,3145987.0,-395789305021.0,-0.9999920514224261
WorldCup_far_1920x1080_30p,27,fast,cycles,674394903402.0,2264431.0,-674392638971.0,-0.9999966422774126
Aerial3200,32,fast,cycles,576252430737.0,1385003.0,-576251045734.0,-0.9999975965342164
Boat,32,fast,cycles,578477683691.0,1220516.0,-578476463175.0,-0.9999978901243135
BoxingPractice,32,fast,cycles,1281112241106.0,2947899.0,-1281109293207.0,-0.999997698953374
Crosswalk,32,fast,cycles,1498459722139.0,3259532.0,-1498456462607.0,-0.9999978247450019
CrowdRun,32,fast,cycles,632789688123.0,2275840.0,-632787412283.0,-0.9999964034812154
DinnerSceneCropped,32,fast,cycles,419741624552.0,2068753.0,-419739555799.0,-0.9999950713656235
FoodMarket,32,fast,cycles,383429986732.0,2493518.0,-383427493214.0,-0.9999934968101445
FoodMarket2,32,fast,cycles,1748993196985.0,3247976.0,-1748989949009.0,-0.999998142945321
MeridianTalk_sdr,32,fast,cycles,372487973701.0,2422331.0,-372485551370.0,-0.9999934968880312
Motorcycle,32,fast,cycles,533137801061.0,2836616.0,-533134964445.0,-0.9999946793943435
MountainBike,32,fast,cycles,548098581637.0,2985106.0,-548095596531.0,-0.9999945537060303
Neon1224,32,fast,cycles,1239162727642.0,1307917.0,-1239161419725.0,-0.9999989445155419
NocturneDance_3840x2160p_8bit,32,fast,cycles,1994621631691.0,3219697.0,-1994618411994.0,-0.9999983858106476
OldTownCross,32,fast,cycles,439024465049.0,2830660.0,-439021634389.0,-0.9999935523866541
PedestrianArea,32,fast,cycles,399661682974.0,2489103.0,-399659193871.0,-0.9999937719748827
PierSeaSide,32,fast,cycles,1508677183434.0,4138573.0,-1508673044861.0,-0.9999972568200504
RitualDance,32,fast,cycles,361269051200.0,3192129.0,-361265859071.0,-0.999991164122724
Riverbed,32,fast,cycles,403729762292.0,3040979.0,-403726721313.0,-0.9999924677859201
RushFieldCuts,32,fast,cycles,525791617007.0,2382343.0,-525789234664.0,-0.9999954690357873
Skater227,32,fast,cycles,3670804.0,2811026.0,-859778.0,-0.23422062305696517
Tango,32,fast,cycles,1336496417415.0,2795288.0,-1336493622127.0,-0.9999979084957029
TimeLapse,32,fast,cycles,1605341688156.0,3517628.0,-1605338170528.0,-0.9999978087979488
ToddlerFountain,32,fast,cycles,530253170555.0,1208249.0,-530251962306.0,-0.9999977213733607
TreesAndGrass_1920_1080,32,fast,cycles,668797369851.0,2882684.0,-668794487167.0,-0.9999956897497958
TunnelFlag,32,fast,cycles,450654538988.0,3477863.0,-450651061125.0,-0.9999922826406945
Vertical_Carnaby,32,fast,cycles,359642656381.0,2237155.0,-359640419226.0,-0.9999937795059616
Vertical_bees,32,fast,cycles,412825969058.0,3127375.0,-412822841683.0,-0.9999924244712436
WalkingInStreet,32,fast,cycles,541909529348.0,2672770.0,-541906856578.0,-0.9999950678667651
WorldCup_1920x1080_30p,32,fast,cycles,356802694039.0,2971974.0,-356799722065.0,-0.9999916705393495
WorldCup_far_1920x1080_30p,32,fast,cycles,402288491852.0,2841888.0,-402285649964.0,-0.9999929356965025
Aerial3200,37,fast,cycles,508690852998.0,1770337.0,-508689082661.0,-0.9999965198175089
Boat,37,fast,cycles,497186489419.0,1086468.0,-497185402951.0,-0.9999978147676514
BoxingPractice,37,fast,cycles,1381447194261.0,3034600.0,-1381444159661.0,-0.9999978033181344
Crosswalk,37,fast,cycles,1730490069706.0,2255325.0,-1730487814381.0,-0.9999986967131222
CrowdRun,37,fast,cycles,525295950066.0,2237550.0,-525293712516.0,-0.9999957404011972
DinnerSceneCropped,37,fast,cycles,336269499440.0,2588480.0,-336266910960.0,-0.9999923023646085
FoodMarket,37,fast,cycles,329939470832.0,2985772.0,-329936485060.0,-0.9999909505461942
FoodMarket2,37,fast,cycles,1577635923374.0,1553362.0,-1577634370012.0,-0.9999990153862643
MeridianTalk_sdr,37,fast,cycles,335457989297.0,2032672.0,-335455956625.0,-0.9999939406063804
Motorcycle,37,fast,cycles,466863826413.0,2747241.0,-466861079172.0,-0.9999941155410966
MountainBike,37,fast,cycles,479828666824.0,1671611.0,-479826995213.0,-0.9999965162335734
Neon1224,37,fast,cycles,1362067373811.0,1393900.0,-1362065979911.0,-0.9999989766291838
NocturneDance_3840x2160p_8bit,37,fast,cycles,1378105982760.0,2708309.0,-1378103274451.0,-0.9999980347600012
OldTownCross,37,fast,cycles,352575701198.0,3013520.0,-352572687678.0,-0.9999914528426385
PedestrianArea,37,fast,cycles,357722160108.0,2772217.0,-357719387891.0,-0.999992250362686
PierSeaSide,37,fast,cycles,1743132702428.0,1781178.0,-1743130921250.0,-0.9999989781741817
RitualDance,37,fast,cycles,329923260285.0,2956266.0,-329920304019.0,-0.999991039534474
Riverbed,37,fast,cycles,423681117295.0,1386568.0,-423679730727.0,-0.999996727331138
RushFieldCuts,37,fast,cycles,456573128967.0,2463749.0,-456570665218.0,-0.9999946038239141
Skater227,37,fast,cycles,3424966.0,1940640.0,-1484326.0,-0.43338415622228077
Tango,37,fast,cycles,1808634073171.0,2148799.0,-1808631924372.0,-0.999998811921642
TimeLapse,37,fast,cycles,1433846558649.0,3005055.0,-1433843553594.0,-0.9999979042004308
ToddlerFountain,37,fast,cycles,377396557877.0,2531370.0,-377394026507.0,-0.999993292546137
TreesAndGrass_1920_1080,37,fast,cycles,501960594211.0,2929611.0,-501957664600.0,-0.9999941636633756
TunnelFlag,37,fast,cycles,497281952264.0,2761890.0,-497279190374.0,-0.9999944460280784
Vertical_Carnaby,37,fast,cycles,329113458053.0,3274247.0,-329110183806.0,-0.9999900513123365
Vertical_bees,37,fast,cycles,374232620276.0,1774874.0,-374230845402.0,-0.9999952572974566
WalkingInStreet,37,fast,cycles,666579096804.0,2658123.0,-666576438681.0,-0.9999960122916954
WorldCup_1920x1080_30p,37,fast,cycles,271780826096.0,3127918.0,-271777698178.0,-0.999988491027697
WorldCup_far_1920x1080_30p,37,fast,cycles,424486322986.0,3059080.0,-424483263906.0,-0.9999927934545018
Aerial3200,22,faster,cycles,748685749525.0,1848747.0,-748683900778.0,-0.9999975306769213
Boat,22,faster,cycles,778691096741.0,1527790.0,-778689568951.0,-0.9999980380024809
BoxingPractice,22,faster,cycles,2350779829926.0,3042799.0,-2350776787127.0,-0.9999987056214448
Crosswalk,22,faster,cycles,2334967775092.0,1347657.0,-2334966427435.0,-0.9999994228370026
CrowdRun,22,faster,cycles,904761859128.0,1959958.0,-904759899170.0,-0.9999978337305223
DinnerSceneCropped,22,faster,cycles,694928924551.0,2501095.0,-694926423456.0,-0.9999964009340933
FoodMarket,22,faster,cycles,746387717911.0,3403946.0,-746384313965.0,-0.9999954394399608
FoodMarket2,22,faster,cycles,2983318255434.0,2789338.0,-2983315466096.0,-0.9999990650216433
MeridianTalk_sdr,22,faster,cycles,724803556655.0,2776875.0,-724800779780.0,-0.9999961687894955
Motorcycle,22,faster,cycles,688674995000.0,2277964.0,-688672717036.0,-0.9999966922510378
MountainBike,22,faster,cycles,711598258349.0,3426158.0,-711594832191.0,-0.9999951852636515
Neon1224,22,faster,cycles,1942780839943.0,1626511.0,-1942779213432.0,-0.9999991627923405
NocturneDance_3840x2160p_8bit,22,faster,cycles,2111632354565.0,3224997.0,-2111629129568.0,-0.9999984727469282
OldTownCross,22,faster,cycles,912945614705.0,2790687.0,-912942824018.0,-0.9999969432056466
PedestrianArea,22,faster,cycles,606931162563.0,2976698.0,-606928185865.0,-0.999995095493223
PierSeaSide,22,faster,cycles,2188020689166.0,3346621.0,-2188017342545.0,-0.9999984704801849
RitualDance,22,faster,cycles,460983017051.0,2656334.0,-460980360717.0,-0.9999942376749213
Riverbed,22,faster,cycles,705058544426.0,2338775.0,-705056205651.0,-0.9999966828641133
RushFieldCuts,22,faster,cycles,709120832264.0,1286098.0,-709119546166.0,-0.9999981863485862
Skater227,22,faster,cycles,1899692.0,2353792.0,454100.0,0.2390387494393828
Tango,22,faster,cycles,2658348657160.0,3309126.0,-2658345348034.0,-0.9999987551948872
TimeLapse,22,faster,cycles,2772786608131.0,3218898.0,-2772783389233.0,-0.9999988391108099
ToddlerFountain,22,faster,cycles,934087335946.0,3097089.0,-934084238857.0,-0.9999966843689226
TreesAndGrass_1920_1080,22,faster,cycles,846714118874.0,3163266.0,-846710955608.0,-0.9999962640684388
TunnelFlag,22,faster,cycles,778146803424.0,2932108.0,-778143871316.0,-0.9999962319346593
Vertical_Carnaby,22,faster,cycles,560366003488.0,3007464.0,-560362996024.0,-0.999994633036299
Vertical_bees,22,faster,cycles,438235811131.0,3361646.0,-438232449485.0,-0.9999923291389827
WalkingInStreet,22,faster,cycles,942116499568.0,3299815.0,-942113199753.0,-0.9999964974448473
WorldCup_1920x1080_30p,22,faster,cycles,451795928598.0,3547932.0,-451792380666.0,-0.9999921470474269
WorldCup_far_1920x1080_30p,22,faster,cycles,624260774743.0,2612724.0,-624258162019.0,-0.9999958146913827
Aerial3200,27,faster,cycles,657502751367.0,2149574.0,-657500601793.0,-0.9999967306996123
Boat,27,faster,cycles,675798700288.0,2117633.0,-675796582655.0,-0.9999968664737012
BoxingPractice,27,faster,cycles,1564099088677.0,1162527.0,-1564097926150.0,-0.9999992567433813
Crosswalk,27,faster,cycles,1752278835562.0,2232334.0,-1752276603228.0,-0.9999987260395122
CrowdRun,27,faster,cycles,764376505909.0,3204996.0,-764373300913.0,-0.9999958070453825
DinnerSceneCropped,27,faster,cycles,498046196866.0,2522108.0,-498043674758.0,-0.9999949359958658
FoodMarket,27,faster,cycles,701424689534.0,2572089.0,-701422117445.0,-0.9999963330503782
FoodMarket2,27,faster,cycles,2011129902880.0,2840254.0,-2011127062626.0,-0.9999985877322017
MeridianTalk_sdr,27,faster,cycles,440241103042.0,2603828.0,-440238499214.0,-0.9999940854500363
Motorcycle,27,faster,cycles,746561622592.0,3264014.0,-746558358578.0,-0.9999956279375992
MountainBike,27,faster,cycles,627217187826.0,3184639.0,-627214003187.0,-0.9999949225897157
Neon1224,27,faster,cycles,1705271360056.0,1881066.0,-1705269478990.0,-0.9999988969110465
NocturneDance_3840x2160p_8bit,27,faster,cycles,1516027436446.0,3069584.0,-1516024366862.0,-0.9999979752450872
OldTownCross,27,faster,cycles,705313294875.0,2502149.0,-705310792726.0,-0.9999964524289869
PedestrianArea,27,faster,cycles,471128854909.0,1202427.0,-471127652482.0,-0.999997447774664
PierSeaSide,27,faster,cycles,1780593577741.0,1509170.0,-1780592068571.0,-0.9999991524343237
RitualDance,27,faster,cycles,401454660891.0,3657757.0,-401451003134.0,-0.9999908887419768
Riverbed,27,faster,cycles,570524530720.0,2187921.0,-570522342799.0,-0.9999961650711193
RushFieldCuts,27,faster,cycles,620686633485.0,1493791.0,-620685139694.0,-0.9999975933250058
Skater227,27,faster,cycles,2211149.0,1820489.0,-390660.0,-0.17667737452338128
Tango,27,faster,cycles,1969184618471.0,1510776.0,-1969183107695.0,-0.9999992327910823
TimeLapse,27,faster,cycles,2365283749163.0,2957408.0,-2365280791755.0,-0.9999987496603733
ToddlerFountain,27,faster,cycles,558411234937.0,2301885.0,-558408933052.0,-0.9999958777960472
TreesAndGrass_1920_1080,27,faster,cycles,914721101011.0,1196816.0,-914719904195.0,-0.999998691605563
TunnelFlag,27,faster,cycles,533541900943.0,2059551.0,-533539841392.0,-0.9999961398514412
Vertical_Carnaby,27,faster,cycles,401262411408.0,2616838.0,-401259794570.0,-0.9999934784870808
Vertical_bees,27,faster,cycles,385832360693.0,3086879.0,-385829273814.0,-0.9999919994295076
WalkingInStreet,27,faster,cycles,724153380743.0,2975346.0,-724150405397.0,-0.999995891276518
WorldCup_1920x1080_30p,27,faster,cycles,396128181865.0,3485907.0,-396124695958.0,-0.9999912000530142
WorldCup_far_1920x1080_30p,27,faster,cycles,666759613183.0,2984924.0,-666756628259.0,-0.9999955232381491
Aerial3200,32,faster,cycles,576306605060.0,1589079.0,-576305015981.0,-0.9999972426500303
Boat,32,faster,cycles,581285657528.0,1922839.0,-581283734689.0,-0.9999966920928203
BoxingPractice,32,faster,cycles,1536985154109.0,2825544.0,-1536982328565.0,-0.9999981616322107
Crosswalk,32,faster,cycles,1504285411826.0,2344822.0,-1504283067004.0,-0.9999984412386229
CrowdRun,32,faster,cycles,765880901521.0,2382807.0,-765878518714.0,-0.9999968888021685
DinnerSceneCropped,32,faster,cycles,349659159563.0,1651528.0,-349657508035.0,-0.9999952767489287
FoodMarket,32,faster,cycles,455401349322.0,2658856.0,-455398690466.0,-0.9999941615104919
FoodMarket2,32,faster,cycles,1747960883432.0,2244883.0,-1747958638549.0,-0.9999987157132512
MeridianTalk_sdr,32,faster,cycles,373235621178.0,1836663.0,-373233784515.0,-0.9999950790790166
Motorcycle,32,faster,cycles,532593385565.0,2776478.0,-532590609087.0,-0.9999947868710442
MountainBike,32,faster,cycles,547926243619.0,2444956.0,-547923798663.0,-0.9999955378008838
Neon1224,32,faster,cycles,1492211399901.0,2825469.0,-1492208574432.0,-0.9999981065223063
NocturneDance_3840x2160p_8bit,32,faster,cycles,1559654623135.0,3532335.0,-1559651090800.0,-0.9999977351812718
OldTownCross,32,faster,cycles,512706266669.0,2623803.0,-512703642866.0,-0.9999948824440609
PedestrianArea,32,faster,cycles,399656358603.0,3406002.0,-399652952601.0,-0.9999914776734394
PierSeaSide,32,faster,cycles,1527132319589.0,3583906.0,-1527128735683.0,-0.9999976531791293
RitualDance,32,faster,cycles,367891212647.0,1202174.0,-367890010473.0,-0.9999967322568231
Riverbed,32,faster,cycles,476568514843.0,2019012.0,-476566495831.0,-0.9999957634381267
RushFieldCuts,32,faster,cycles,446174516589.0,2833808.0,-446171682781.0,-0.9999936486556389
Skater227,32,faster,cycles,4281094.0,2730640.0,-1550454.0,-0.36216303589689924
Tango,32,faster,cycles,1589130304039.0,1633730.0,-1589128670309.0,-0.9999989719345256
TimeLapse,32,faster,cycles,1605023558015.0,2564732.0,-1605020993283.0,-0.9999984020595915
ToddlerFountain,32,faster,cycles,531670176632.0,1581171.0,-531668595461.0,-0.999997026030292
TreesAndGrass_1920_1080,32,faster,cycles,669368137107.0,1310143.0,-669366826964.0,-0.999998042716814
TunnelFlag,32,faster,cycles,562598790481.0,1746959.0,-562597043522.0,-0.9999968948404626
Vertical_Carnaby,32,faster,cycles,359403025435.0,3454728.0,-359399570707.0,-0.9999903875934383
Vertical_bees,32,faster,cycles,412156713269.0,2951031.0,-412153762238.0,-0.9999928400268514
WalkingInStreet,32,faster,cycles,632546275110.0,3327579.0,-632542947531.0,-0.9999947393904115
WorldCup_1920x1080_30p,32,faster,cycles,358553659179.0,3326520.0,-358550332659.0,-0.9999907223928278
WorldCup_far_1920x1080_30p,32,faster,cycles,480574618386.0,2841144.0,-480571777242.0,-0.9999940880273503
Aerial3200,37,faster,cycles,511493363804.0,1943059.0,-511491420745.0,-0.9999962012038914
Boat,37,faster,cycles,502228202878.0,1357770.0,-502226845108.0,-0.999997296507858
BoxingPractice,37,faster,cycles,1373973125072.0,2928462.0,-1373970196610.0,-0.9999978686176996
Crosswalk,37,faster,cycles,1358077486007.0,3097034.0,-1358074388973.0,-0.9999977195454369
CrowdRun,37,faster,cycles,649285227892.0,2759856.0,-649282468036.0,-0.9999957493935154
DinnerSceneCropped,37,faster,cycles,336954043295.0,3484526.0,-336950558769.0,-0.9999896587500007
FoodMarket,37,faster,cycles,396777767640.0,2937614.0,-396774830026.0,-0.9999925963240898
FoodMarket2,37,faster,cycles,1565176017221.0,3187828.0,-1565172829393.0,-0.9999979632782735
MeridianTalk_sdr,37,faster,cycles,335868153272.0,2549351.0,-335865603921.0,-0.9999924096673795
Motorcycle,37,faster,cycles,467706170313.0,2422126.0,-467703748187.0,-0.9999948212656712
MountainBike,37,faster,cycles,479253592792.0,2933791.0,-479250659001.0,-0.9999938784162621
Neon1224,37,faster,cycles,1360579584058.0,2818146.0,-1360576765912.0,-0.9999979287165315
NocturneDance_3840x2160p_8bit,37,faster,cycles,1388496238989.0,2840121.0,-1388493398868.0,-0.9999979545346107
OldTownCross,37,faster,cycles,353115382480.0,3182512.0,-353112199968.0,-0.9999909873311731
PedestrianArea,37,faster,cycles,357588612487.0,1655869.0,-357586956618.0,-0.9999953693463881
PierSeaSide,37,faster,cycles,1722372671245.0,2298690.0,-1722370372555.0,-0.9999986653933621
RitualDance,37,faster,cycles,271990790899.0,2326664.0,-271988464235.0,-0.9999914457986158
Riverbed,37,faster,cycles,423603663386.0,2450458.0,-423601212928.0,-0.999994215210557
RushFieldCuts,37,faster,cycles,380232409854.0,2222641.0,-380230187213.0,-0.9999941545198611
Skater227,37,faster,cycles,2881254.0,2394846.0,-486408.0,-0.1688181604259812
Tango,37,faster,cycles,1418014339369.0,1866510.0,-1418012472859.0,-0.9999986837157085
TimeLapse,37,faster,cycles,1434312715847.0,2029483.0,-1434310686364.0,-0.9999985850484503
ToddlerFountain,37,faster,cycles,445971400751.0,2502133.0,-445968898618.0,-0.9999943894765544
TreesAndGrass_1920_1080,37,faster,cycles,501242712839.0,3484615.0,-501239228224.0,-0.9999930480485586
TunnelFlag,37,faster,cycles,393487698439.0,2930120.0,-393484768319.0,-0.9999925534647929
Vertical_Carnaby,37,faster,cycles,270460487277.0,3640561.0,-270456846716.0,-0.9999865393979112
Vertical_bees,37,faster,cycles,371223374596.0,3141817.0,-371220232779.0,-0.9999915365862847
WalkingInStreet,37,faster,cycles,549661424444.0,2922751.0,-549658501693.0,-0.9999946826339452
WorldCup_1920x1080_30p,37,faster,cycles,328630664865.0,3003295.0,-328627661570.0,-0.9999908611845422
WorldCup_far_1920x1080_30p,37,faster,cycles,429179948403.0,3052650.0,-429176895753.0,-0.9999928872492497
Aerial3200,22,superfast,cycles,740458650333.0,1416447.0,-740457233886.0,-0.9999980870680634
Boat,22,superfast,cycles,899020565801.0,2760563.0,-899017805238.0,-0.999996929366129
BoxingPractice,22,superfast,cycles,2270236760261.0,2990519.0,-2270233769742.0,-0.99999868272814
Crosswalk,22,superfast,cycles,2226015738632.0,1387909.0,-2226014350723.0,-0.9999993765053068
CrowdRun,22,superfast,cycles,871700625892.0,3285220.0,-871697340672.0,-0.999996231251989
DinnerSceneCropped,22,superfast,cycles,660994932033.0,2342593.0,-660992589440.0,-0.9999964559592117
FoodMarket,22,superfast,cycles,716886562005.0,1429896.0,-716885132109.0,-0.9999980054082811
FoodMarket2,22,superfast,cycles,2379938007607.0,2275253.0,-2379935732354.0,-0.999999043986443
MeridianTalk_sdr,22,superfast,cycles,695341535478.0,2443194.0,-695339092284.0,-0.9999964863396255
Motorcycle,22,superfast,cycles,671605941723.0,2579570.0,-671603362153.0,-0.9999961591018784
MountainBike,22,superfast,cycles,604336346391.0,2552950.0,-604333793441.0,-0.9999957756140017
Neon1224,22,superfast,cycles,1905107047600.0,1909030.0,-1905105138570.0,-0.9999989979408231
NocturneDance_3840x2160p_8bit,22,superfast,cycles,1740605672844.0,2481387.0,-1740603191457.0,-0.9999985744117472
OldTownCross,22,superfast,cycles,876870549153.0,3188676.0,-876867360477.0,-0.999996363572704
PedestrianArea,22,superfast,cycles,598880464581.0,3242513.0,-598877222068.0,-0.9999945857091828
PierSeaSide,22,superfast,cycles,2131017355288.0,2062562.0,-2131015292726.0,-0.9999990321233213
RitualDance,22,superfast,cycles,451627702879.0,3529709.0,-451624173170.0,-0.9999921844719057
Riverbed,22,superfast,cycles,682468708425.0,2311960.0,-682466396465.0,-0.9999966123575024
RushFieldCuts,22,superfast,cycles,683540111931.0,1109177.0,-683539002754.0,-0.9999983773051784
Skater227,22,superfast,cycles,2738395.0,2298979.0,-439416.0,-0.16046479781039624
Tango,22,superfast,cycles,3119840765007.0,3440016.0,-3119837324991.0,-0.9999988973744947
TimeLapse,22,superfast,cycles,1875316930862.0,2977654.0,-1875313953208.0,-0.9999984121862545
ToddlerFountain,22,superfast,cycles,745030022567.0,1235191.0,-745028787376.0,-0.999998342092315
TreesAndGrass_1920_1080,22,superfast,cycles,969688486160.0,2723556.0,-969685762604.0,-0.9999971913083028
TunnelFlag,22,superfast,cycles,761536479580.0,2380733.0,-761534098847.0,-0.9999968737768132
Vertical_Carnaby,22,superfast,cycles,551920693909.0,2714169.0,-551917979740.0,-0.9999950823206487
Vertical_bees,22,superfast,cycles,510638236384.0,3027260.0,-510635209124.0,-0.9999940716151194
WalkingInStreet,22,superfast,cycles,792059582829.0,2767998.0,-792056814831.0,-0.9999965053159383
WorldCup_1920x1080_30p,22,superfast,cycles,447163131525.0,2460815.0,-447160670710.0,-0.9999944968293973
WorldCup_far_1920x1080_30p,22,superfast,cycles,614998552832.0,2700184.0,-614995852648.0,-0.9999956094465791
Aerial3200,27,superfast,cycles,647399909096.0,1566576.0,-647398342520.0,-0.9999975802035527
Boat,27,superfast,cycles,788347726330.0,3198944.0,-788344527386.0,-0.9999959422170025
BoxingPractice,27,superfast,cycles,1808519817158.0,1244819.0,-1808518572339.0,-0.9999993116918111
Crosswalk,27,superfast,cycles,1788392331832.0,2357149.0,-1788389974683.0,-0.9999986819732124
CrowdRun,27,superfast,cycles,886906157646.0,2804468.0,-886903353178.0,-0.9999968379202514
DinnerSceneCropped,27,superfast,cycles,476286313390.0,2076431.0,-476284236959.0,-0.9999956403723105
FoodMarket,27,superfast,cycles,465862027066.0,3123903.0,-465858903163.0,-0.9999932943600927
FoodMarket2,27,superfast,cycles,1660242647846.0,2002333.0,-1660240645513.0,-0.9999987939515934
MeridianTalk_sdr,27,superfast,cycles,428533328263.0,2103319.0,-428531224944.0,-0.9999950918193259
Motorcycle,27,superfast,cycles,593596198082.0,2626743.0,-593593571339.0,-0.9999955748655256
MountainBike,27,superfast,cycles,611931608883.0,2635689.0,-611928973194.0,-0.9999956928373012
Neon1224,27,superfast,cycles,1664738294894.0,2969440.0,-1664735325454.0,-0.9999982162721858
NocturneDance_3840x2160p_8bit,27,superfast,cycles,2204010606272.0,2897430.0,-2204007708842.0,-0.9999986853829144
OldTownCross,27,superfast,cycles,675681858426.0,2972857.0,-675678885569.0,-0.9999956002119001
PedestrianArea,27,superfast,cycles,464612516382.0,2606047.0,-464609910335.0,-0.9999943909238169
PierSeaSide,27,superfast,cycles,2140999614930.0,3284008.0,-2140996330922.0,-0.9999984661333066
RitualDance,27,superfast,cycles,396237006082.0,2952803.0,-396234053279.0,-0.999992547886859
Riverbed,27,superfast,cycles,550081496963.0,2920828.0,-550078576135.0,-0.9999946901904243
RushFieldCuts,27,superfast,cycles,600535047641.0,2196055.0,-600532851586.0,-0.9999963431692978
Skater227,27,superfast,cycles,1997508.0,2112899.0,115391.0,0.057767478277934305
Tango,27,superfast,cycles,1615931913090.0,3449297.0,-1615928463793.0,-0.9999978654440994
TimeLapse,27,superfast,cycles,1818727696549.0,2678107.0,-1818725018442.0,-0.9999985274832482
ToddlerFountain,27,superfast,cycles,620013582410.0,1617724.0,-620011964686.0,-0.9999973908249015
TreesAndGrass_1920_1080,27,superfast,cycles,730487071058.0,3098082.0,-730483972976.0,-0.9999957588818164
TunnelFlag,27,superfast,cycles,524063374698.0,3042210.0,-524060332488.0,-0.9999941949578107
Vertical_Carnaby,27,superfast,cycles,490837310068.0,2451145.0,-490834858923.0,-0.9999950061966568
Vertical_bees,27,superfast,cycles,452629799940.0,2939014.0,-452626860926.0,-0.9999935068040142
WalkingInStreet,27,superfast,cycles,630839372453.0,3137373.0,-630836235080.0,-0.9999950266690112
WorldCup_1920x1080_30p,27,superfast,cycles,391004910761.0,2667766.0,-391002242995.0,-0.9999931771547452
WorldCup_far_1920x1080_30p,27,superfast,cycles,545339688322.0,2171158.0,-545337517164.0,-0.9999960187053198
Aerial3200,32,superfast,cycles,567620077285.0,2269364.0,-567617807921.0,-0.9999960019666484
Boat,32,superfast,cycles,686088155824.0,1325161.0,-686086830663.0,-0.9999980685266335
BoxingPractice,32,superfast,cycles,1522290544579.0,2319609.0,-1522288224970.0,-0.9999984762376616
Crosswalk,32,superfast,cycles,1473307653382.0,1909410.0,-1473305743972.0,-0.9999987039977729
CrowdRun,32,superfast,cycles,740087815215.0,3067136.0,-740084748079.0,-0.9999958557134209
DinnerSceneCropped,32,superfast,cycles,506290841595.0,2094719.0,-506288746876.0,-0.9999958626172392
FoodMarket,32,superfast,cycles,439318949897.0,2399133.0,-439316550764.0,-0.9999945389721965
FoodMarket2,32,superfast,cycles,1712267219802.0,3097085.0,-1712264122717.0,-0.9999981912373465
MeridianTalk_sdr,32,superfast,cycles,366802918944.0,2256951.0,-366800661993.0,-0.9999938469655408
Motorcycle,32,superfast,cycles,521263596229.0,2740350.0,-521260855879.0,-0.9999947428709394
MountainBike,32,superfast,cycles,535162136117.0,3000879.0,-535159135238.0,-0.9999943925797483
Neon1224,32,superfast,cycles,1492022011816.0,1251578.0,-1492020760238.0,-0.9999991611531264
NocturneDance_3840x2160p_8bit,32,superfast,cycles,1539887983612.0,2514124.0,-1539885469488.0,-0.9999983673331913
OldTownCross,32,superfast,cycles,497123946392.0,2550904.0,-497121395488.0,-0.9999948686760746
PedestrianArea,32,superfast,cycles,392686431568.0,2291037.0,-392684140531.0,-0.9999941657342454
PierSeaSide,32,superfast,cycles,1247801209744.0,1248253.0,-1247799961491.0,-0.9999989996379309
RitualDance,32,superfast,cycles,299310165784.0,2823726.0,-299307342058.0,-0.999990565886753
Riverbed,32,superfast,cycles,582761818725.0,2951806.0,-582758866919.0,-0.9999949347985658
RushFieldCuts,32,superfast,cycles,507894290744.0,2704907.0,-507891585837.0,-0.9999946742716953
Skater227,32,superfast,cycles,4252271.0,1140735.0,-3111536.0,-0.731735112837352
Tango,32,superfast,cycles,1315267930382.0,2135436.0,-1315265794946.0,-0.9999983764250989
TimeLapse,32,superfast,cycles,2002296034508.0,2708865.0,-2002293325643.0,-0.9999986471206289
ToddlerFountain,32,superfast,cycles,517634401481.0,1887763.0,-517632513718.0,-0.9999963530959407
TreesAndGrass_1920_1080,32,superfast,cycles,639678009271.0,2202099.0,-639675807172.0,-0.9999965574883487
TunnelFlag,32,superfast,cycles,444692284826.0,3033867.0,-444689250959.0,-0.9999931776036969
Vertical_Carnaby,32,superfast,cycles,354702118517.0,3010809.0,-354699107708.0,-0.9999915117253526
Vertical_bees,32,superfast,cycles,336569498332.0,3336764.0,-336566161568.0,-0.9999900859584231
WalkingInStreet,32,superfast,cycles,623553595316.0,1136024.0,-623552459292.0,-0.9999981781453775
WorldCup_1920x1080_30p,32,superfast,cycles,294399199795.0,2613820.0,-294396585975.0,-0.9999911215111936
WorldCup_far_1920x1080_30p,32,superfast,cycles,469730446483.0,3120052.0,-469727326431.0,-0.999993357782057
Aerial3200,37,superfast,cycles,506945592787.0,1427772.0,-506944165015.0,-0.9999971835794209
Boat,37,superfast,cycles,484089435523.0,2159877.0,-484087275646.0,-0.999995538268672
BoxingPractice,37,superfast,cycles,1361794082466.0,1870575.0,-1361792211891.0,-0.9999986263892434
Crosswalk,37,superfast,cycles,1344784237892.0,1226755.0,-1344783011137.0,-0.9999990877681598
CrowdRun,37,superfast,cycles,631816398591.0,2797978.0,-631813600613.0,-0.9999955715331127
DinnerSceneCropped,37,superfast,cycles,332439160964.0,2393417.0,-332436767547.0,-0.9999928004360465
FoodMarket,37,superfast,cycles,387336840465.0,3094672.0,-387333745793.0,-0.9999920103855954
FoodMarket2,37,superfast,cycles,1538637275395.0,1642450.0,-1538635632945.0,-0.9999989325294361
MeridianTalk_sdr,37,superfast,cycles,427406947454.0,2384674.0,-427404562780.0,-0.9999944206007548
Motorcycle,37,superfast,cycles,458831349331.0,2101878.0,-458829247453.0,-0.999995419061921
MountainBike,37,superfast,cycles,468894392741.0,2307475.0,-468892085266.0,-0.9999950789025509
Neon1224,37,superfast,cycles,1363605532414.0,3272037.0,-1363602260377.0,-0.9999976004519473
NocturneDance_3840x2160p_8bit,37,superfast,cycles,1127532591569.0,1160553.0,-1127531431016.0,-0.9999989707144532
OldTownCross,37,superfast,cycles,411644650523.0,3029003.0,-411641621520.0,-0.9999926417044503
PedestrianArea,37,superfast,cycles,295079808847.0,2962784.0,-295076846063.0,-0.9999899593807805
PierSeaSide,37,superfast,cycles,1328447116531.0,1345233.0,-1328445771298.0,-0.9999989873642817
RitualDance,37,superfast,cycles,269741052031.0,1117288.0,-269739934743.0,-0.9999958579237695
Riverbed,37,superfast,cycles,343997239318.0,1476280.0,-343995763038.0,-0.9999957084539314
RushFieldCuts,37,superfast,cycles,372415978370.0,1380196.0,-372414598174.0,-0.9999962939398948
Skater227,37,superfast,cycles,2431000.0,2295426.0,-135574.0,-0.05576881941587824
Tango,37,superfast,cycles,1397483783257.0,3657349.0,-1397480125908.0,-0.9999973829041569
TimeLapse,37,superfast,cycles,1407195153564.0,1875218.0,-1407193278346.0,-0.9999986674072923
ToddlerFountain,37,superfast,cycles,432832020152.0,3395904.0,-432828624248.0,-0.9999921542218646
TreesAndGrass_1920_1080,37,superfast,cycles,562578718698.0,2978630.0,-562575740068.0,-0.9999947053987274
TunnelFlag,37,superfast,cycles,492999272864.0,3069096.0,-492996203768.0,-0.9999937746439621
Vertical_Carnaby,37,superfast,cycles,270199034029.0,2659392.0,-270196374637.0,-0.999990157655413
Vertical_bees,37,superfast,cycles,368836154048.0,3413441.0,-368832740607.0,-0.9999907453730809
WalkingInStreet,37,superfast,cycles,457492194287.0,3094720.0,-457489099567.0,-0.9999932354692853
WorldCup_1920x1080_30p,37,superfast,cycles,325036303354.0,2885508.0,-325033417846.0,-0.9999911225054856
WorldCup_far_1920x1080_30p,37,superfast,cycles,421660780837.0,2971098.0,-421657809739.0,-0.9999929538194325
Aerial3200,22,veryfast,cycles,748000563273.0,1202895.0,-747999360378.0,-0.9999983918528152
Boat,22,veryfast,cycles,774203197651.0,2097060.0,-774201100591.0,-0.9999972913312598
BoxingPractice,22,veryfast,cycles,2344662715710.0,2697511.0,-2344660018199.0,-0.9999988495100033
Crosswalk,22,veryfast,cycles,2321735770316.0,1720321.0,-2321734049995.0,-0.9999992590366992
CrowdRun,22,veryfast,cycles,904228852462.0,1509540.0,-904227342922.0,-0.9999983305774905
DinnerSceneCropped,22,veryfast,cycles,791089502111.0,1575196.0,-791087926915.0,-0.9999980088270722
FoodMarket,22,veryfast,cycles,752757747248.0,1423074.0,-752756324174.0,-0.9999981095192906
FoodMarket2,22,veryfast,cycles,2995854423208.0,2356448.0,-2995852066760.0,-0.9999992134304051
MeridianTalk_sdr,22,veryfast,cycles,594566616843.0,1568544.0,-594565048299.0,-0.9999973618700486
Motorcycle,22,veryfast,cycles,829708133493.0,2139322.0,-829705994171.0,-0.9999974215969283
MountainBike,22,veryfast,cycles,623976559673.0,2668845.0,-623973890828.0,-0.999995722844138
Neon1224,22,veryfast,cycles,1945280218399.0,2765132.0,-1945277453267.0,-0.9999985785430943
NocturneDance_3840x2160p_8bit,22,veryfast,cycles,2134634476831.0,2968227.0,-2134631508604.0,-0.9999986094916801
OldTownCross,22,veryfast,cycles,917256270501.0,3388112.0,-917252882389.0,-0.9999963062536513
PedestrianArea,22,veryfast,cycles,609764509141.0,2965339.0,-609761543802.0,-0.9999951369111263
PierSeaSide,22,veryfast,cycles,2182514404870.0,2520854.0,-2182511884016.0,-0.9999988449771537
RitualDance,22,veryfast,cycles,459729896273.0,3186182.0,-459726710091.0,-0.9999930694478958
Riverbed,22,veryfast,cycles,705658500962.0,2835664.0,-705655665298.0,-0.999995981534983
RushFieldCuts,22,veryfast,cycles,618739339131.0,1128836.0,-618738210295.0,-0.9999981755871518
Skater227,22,veryfast,cycles,1593024.0,2906256.0,1313232.0,0.8243642280342293
Tango,22,veryfast,cycles,2676054276970.0,3314624.0,-2676050962346.0,-0.9999987613763934
TimeLapse,22,veryfast,cycles,2253555806333.0,2640565.0,-2253553165768.0,-0.9999988282673131
ToddlerFountain,22,veryfast,cycles,767081986375.0,1966966.0,-767080019409.0,-0.999997435781266
TreesAndGrass_1920_1080,22,veryfast,cycles,847525725696.0,1159352.0,-847524566344.0,-0.9999986320745614
TunnelFlag,22,veryfast,cycles,643670398111.0,2923471.0,-643667474640.0,-0.9999954581242068
Vertical_Carnaby,22,veryfast,cycles,375791462698.0,2580845.0,-375788881853.0,-0.9999931322415324
Vertical_bees,22,veryfast,cycles,518693500831.0,1152216.0,-518692348615.0,-0.9999977786187833
WalkingInStreet,22,veryfast,cycles,803566402024.0,2946929.0,-803563455095.0,-0.9999963326876378
WorldCup_1920x1080_30p,22,veryfast,cycles,452333874163.0,3116709.0,-452330757454.0,-0.9999931097156812
WorldCup_far_1920x1080_30p,22,veryfast,cycles,624543429207.0,3036314.0,-624540392893.0,-0.9999951383460973
Aerial3200,27,veryfast,cycles,654987601134.0,1198521.0,-654986402613.0,-0.9999981701623085
Boat,27,veryfast,cycles,674825685899.0,967733.0,-674824718166.0,-0.9999985659511482
BoxingPractice,27,veryfast,cycles,1848457936856.0,2400589.0,-1848455536267.0,-0.9999987013017975
Crosswalk,27,veryfast,cycles,1483246826737.0,2410561.0,-1483244416176.0,-0.999998374807917
CrowdRun,27,veryfast,cycles,757810793492.0,1985147.0,-757808808345.0,-0.9999973804186784
DinnerSceneCropped,27,veryfast,cycles,581166572530.0,2377006.0,-581164195524.0,-0.9999959099402609
FoodMarket,27,veryfast,cycles,569236791387.0,2957850.0,-569233833537.0,-0.9999948038319997
FoodMarket2,27,veryfast,cycles,2016913732532.0,1159008.0,-2016912573524.0,-0.9999994253556901
MeridianTalk_sdr,27,veryfast,cycles,554846823193.0,2968781.0,-554843854412.0,-0.9999946493683015
Motorcycle,27,veryfast,cycles,619036769311.0,2768264.0,-619034001047.0,-0.9999955281105465
MountainBike,27,veryfast,cycles,545866079188.0,2303532.0,-545863775656.0,-0.9999957800418677
Neon1224,27,veryfast,cycles,1698152128217.0,2243869.0,-1698149884348.0,-0.9999986786407633
NocturneDance_3840x2160p_8bit,27,veryfast,cycles,2261655625455.0,2798431.0,-2261652827024.0,-0.9999987626626403
OldTownCross,27,veryfast,cycles,708390357161.0,3032959.0,-708387324202.0,-0.9999957185202066
PedestrianArea,27,veryfast,cycles,478814577982.0,2640013.0,-478811937969.0,-0.9999944863562611
PierSeaSide,27,veryfast,cycles,1487439559989.0,3151621.0,-1487436408368.0,-0.9999978811771014
RitualDance,27,veryfast,cycles,336176176604.0,2781623.0,-336173394981.0,-0.9999917256986259
Riverbed,27,veryfast,cycles,483315268487.0,1137359.0,-483314131128.0,-0.9999976467554945
RushFieldCuts,27,veryfast,cycles,615889614860.0,2631802.0,-615886983058.0,-0.9999957268284178
Skater227,27,veryfast,cycles,2463382.0,2398607.0,-64775.0,-0.02629515032585283
Tango,27,veryfast,cycles,1980267388997.0,2975782.0,-1980264413215.0,-0.9999984972827324
TimeLapse,27,veryfast,cycles,1578992283783.0,2938476.0,-1578989345307.0,-0.9999981390181383
ToddlerFountain,27,veryfast,cycles,642074458388.0,2317106.0,-642072141282.0,-0.9999963912191651
TreesAndGrass_1920_1080,27,veryfast,cycles,912407256948.0,2985791.0,-912404271157.0,-0.9999967275676763
TunnelFlag,27,veryfast,cycles,538858366973.0,3335249.0,-538855031724.0,-0.9999938105275812
Vertical_Carnaby,27,veryfast,cycles,329863876034.0,4024462.0,-329859851572.0,-0.9999877996279908
Vertical_bees,27,veryfast,cycles,458921747460.0,1388514.0,-458920358946.0,-0.9999969743992136
WalkingInStreet,27,veryfast,cycles,727455179936.0,1600399.0,-727453579537.0,-0.9999978000032935
WorldCup_1920x1080_30p,27,veryfast,cycles,396976451936.0,2848443.0,-396973603493.0,-0.9999928246549988
WorldCup_far_1920x1080_30p,27,veryfast,cycles,550170162284.0,3071760.0,-550167090524.0,-0.9999944167092101
Aerial3200,32,veryfast,cycles,574941319260.0,2047951.0,-574939271309.0,-0.9999964379825708
Boat,32,veryfast,cycles,576589971436.0,1222887.0,-576588748549.0,-0.9999978791046314
BoxingPractice,32,veryfast,cycles,1544049675769.0,2639530.0,-1544047036239.0,-0.9999982905148446
Crosswalk,32,veryfast,cycles,1496473695668.0,1365526.0,-1496472330142.0,-0.9999990875041747
CrowdRun,32,veryfast,cycles,626628259649.0,1292784.0,-626626966865.0,-0.9999979369203669
DinnerSceneCropped,32,veryfast,cycles,350124976764.0,2665834.0,-350122310930.0,-0.9999923860501909
FoodMarket,32,veryfast,cycles,456415913182.0,1701605.0,-456414211577.0,-0.9999962718105332
FoodMarket2,32,veryfast,cycles,2195505560349.0,2589910.0,-2195502970439.0,-0.9999988203582597
MeridianTalk_sdr,32,veryfast,cycles,475779464256.0,2953327.0,-475776510929.0,-0.9999937926555854
Motorcycle,32,veryfast,cycles,532042536896.0,3191041.0,-532039345855.0,-0.9999940022821885
MountainBike,32,veryfast,cycles,470744899087.0,2402154.0,-470742496933.0,-0.9999948971215521
Neon1224,32,veryfast,cycles,1488381223799.0,2083348.0,-1488379140451.0,-0.9999986002591496
NocturneDance_3840x2160p_8bit,32,veryfast,cycles,1291290268354.0,2380552.0,-1291287887802.0,-0.9999981564547814
OldTownCross,32,veryfast,cycles,517217268949.0,2063767.0,-517215205182.0,-0.999996009864473
PedestrianArea,32,veryfast,cycles,404195182184.0,3459338.0,-404191722846.0,-0.9999914414170369
PierSeaSide,32,veryfast,cycles,1517195780117.0,3075603.0,-1517192704514.0,-0.9999979728370983
RitualDance,32,veryfast,cycles,299036200517.0,2863465.0,-299033337052.0,-0.9999904243533223
Riverbed,32,veryfast,cycles,478983840810.0,2550913.0,-478981289897.0,-0.9999946743234684
RushFieldCuts,32,veryfast,cycles,525827246677.0,1922191.0,-525825324486.0,-0.9999963444438984
Skater227,32,veryfast,cycles,2775707.0,2513976.0,-261731.0,-0.09429345388400144
Tango,32,veryfast,cycles,1595030436094.0,3007554.0,-1595027428540.0,-0.9999981144221879
TimeLapse,32,veryfast,cycles,1613210319031.0,1507443.0,-1613208811588.0,-0.9999990655632547
ToddlerFountain,32,veryfast,cycles,532590045018.0,2145922.0,-532587899096.0,-0.9999959707808659
TreesAndGrass_1920_1080,32,veryfast,cycles,585264451286.0,1208639.0,-585263242647.0,-0.9999979348839703
TunnelFlag,32,veryfast,cycles,568114843531.0,2651390.0,-568112192141.0,-0.999995333003476
Vertical_Carnaby,32,veryfast,cycles,360366915563.0,3518402.0,-360363397161.0,-0.9999902366120528
Vertical_bees,32,veryfast,cycles,411042278281.0,1730134.0,-411040548147.0,-0.9999957908612047
WalkingInStreet,32,veryfast,cycles,632846586115.0,3040534.0,-632843545581.0,-0.9999951954643247
WorldCup_1920x1080_30p,32,veryfast,cycles,458226467991.0,3148687.0,-458223319304.0,-0.9999931285352988
WorldCup_far_1920x1080_30p,32,veryfast,cycles,590766921291.0,3094238.0,-590763827053.0,-0.9999947623370766
Aerial3200,37,veryfast,cycles,510729114860.0,1568646.0,-510727546214.0,-0.9999969286144957
Boat,37,veryfast,cycles,498157969779.0,1334458.0,-498156635321.0,-0.9999973212151949
BoxingPractice,37,veryfast,cycles,1385736057635.0,2661447.0,-1385733396188.0,-0.9999980793983202
Crosswalk,37,veryfast,cycles,1368912877895.0,2850486.0,-1368910027409.0,-0.9999979177009392
CrowdRun,37,veryfast,cycles,527299907826.0,923652.0,-527298984174.0,-0.999998248336504
DinnerSceneCropped,37,veryfast,cycles,280454181501.0,2481229.0,-280451700272.0,-0.9999911528186647
FoodMarket,37,veryfast,cycles,394865999642.0,2654678.0,-394863344964.0,-0.9999932770154878
FoodMarket2,37,veryfast,cycles,1560053995078.0,3083767.0,-1560050911311.0,-0.9999980232947002
MeridianTalk_sdr,37,veryfast,cycles,342106584129.0,2752349.0,-342103831780.0,-0.9999919547032191
Motorcycle,37,veryfast,cycles,469981060886.0,2714216.0,-469978346670.0,-0.9999942248396246
MountainBike,37,veryfast,cycles,407189706347.0,2633137.0,-407187073210.0,-0.9999935333900662
Neon1224,37,veryfast,cycles,1343919657057.0,3001624.0,-1343916655433.0,-0.9999977665152942
NocturneDance_3840x2160p_8bit,37,veryfast,cycles,1140081119465.0,2859486.0,-1140078259979.0,-0.9999974918574204
OldTownCross,37,veryfast,cycles,352407004541.0,2888291.0,-352404116250.0,-0.9999918041044509
PedestrianArea,37,veryfast,cycles,359476639845.0,2976580.0,-359473663265.0,-0.99999171968448
PierSeaSide,37,veryfast,cycles,1345386100407.0,3135647.0,-1345382964760.0,-0.99999766933299
RitualDance,37,veryfast,cycles,271699640383.0,3021841.0,-271696618542.0,-0.9999888780088345
Riverbed,37,veryfast,cycles,354239273384.0,1748007.0,-354237525377.0,-0.9999950654624392
RushFieldCuts,37,veryfast,cycles,380054334591.0,2673512.0,-380051661079.0,-0.999992965447946
Skater227,37,veryfast,cycles,2213051.0,2013008.0,-200043.0,-0.09039240397080772
Tango,37,veryfast,cycles,1422656723732.0,3044637.0,-1422653679095.0,-0.9999978598934309
TimeLapse,37,veryfast,cycles,1432572386223.0,2695582.0,-1432569690641.0,-0.9999981183624466
ToddlerFountain,37,veryfast,cycles,443959781106.0,2885072.0,-443956896034.0,-0.999993501501436
TreesAndGrass_1920_1080,37,veryfast,cycles,580626775625.0,2907826.0,-580623867799.0,-0.9999949919188675
TunnelFlag,37,veryfast,cycles,495127294530.0,2694581.0,-495124599949.0,-0.9999945578015396
Vertical_Carnaby,37,veryfast,cycles,329510107920.0,3191224.0,-329506916696.0,-0.9999903152470189
Vertical_bees,37,veryfast,cycles,374113120635.0,1992912.0,-374111127723.0,-0.9999946729695108
WalkingInStreet,37,veryfast,cycles,458929870452.0,3092072.0,-458926778380.0,-0.9999932624302773
WorldCup_1920x1080_30p,37,veryfast,cycles,327765747226.0,2621859.0,-327763125367.0,-0.9999920008145384
WorldCup_far_1920x1080_30p,37,veryfast,cycles,354449352130.0,2509647.0,-354446842483.0,-0.9999929195892588
Aerial3200,22,fast,dtlb-load-misses,33845578.0,,,
Boat,22,fast,dtlb-load-misses,37036158.0,,,
BoxingPractice,22,fast,dtlb-load-misses,114824647.0,,,
Crosswalk,22,fast,dtlb-load-misses,117870318.0,,,
CrowdRun,22,fast,dtlb-load-misses,32847904.0,,,
DinnerSceneCropped,22,fast,dtlb-load-misses,33883226.0,,,
FoodMarket,22,fast,dtlb-load-misses,33984864.0,,,
FoodMarket2,22,fast,dtlb-load-misses,125037071.0,,,
MeridianTalk_sdr,22,fast,dtlb-load-misses,27931303.0,,,
Motorcycle,22,fast,dtlb-load-misses,10647590.0,,,
MountainBike,22,fast,dtlb-load-misses,37067991.0,,,
Neon1224,22,fast,dtlb-load-misses,89699794.0,,,
NocturneDance_3840x2160p_8bit,22,fast,dtlb-load-misses,169272298.0,,,
OldTownCross,22,fast,dtlb-load-misses,39275943.0,,,
PedestrianArea,22,fast,dtlb-load-misses,33939352.0,,,
PierSeaSide,22,fast,dtlb-load-misses,111616898.0,,,
RitualDance,22,fast,dtlb-load-misses,8185871.0,,,
Riverbed,22,fast,dtlb-load-misses,33995057.0,,,
RushFieldCuts,22,fast,dtlb-load-misses,31420750.0,,,
Skater227,22,fast,dtlb-load-misses,,,,
Tango,22,fast,dtlb-load-misses,116327191.0,,,
TimeLapse,22,fast,dtlb-load-misses,116568106.0,,,
ToddlerFountain,22,fast,dtlb-load-misses,35554084.0,,,
TreesAndGrass_1920_1080,22,fast,dtlb-load-misses,36014476.0,,,
TunnelFlag,22,fast,dtlb-load-misses,33836256.0,,,
Vertical_Carnaby,22,fast,dtlb-load-misses,26458315.0,,,
Vertical_bees,22,fast,dtlb-load-misses,25307426.0,,,
WalkingInStreet,22,fast,dtlb-load-misses,35091555.0,,,
WorldCup_1920x1080_30p,22,fast,dtlb-load-misses,8103375.0,,,
WorldCup_far_1920x1080_30p,22,fast,dtlb-load-misses,10350662.0,,,
Aerial3200,27,fast,dtlb-load-misses,28386978.0,,,
Boat,27,fast,dtlb-load-misses,34651772.0,,,
BoxingPractice,27,fast,dtlb-load-misses,26725238.0,,,
Crosswalk,27,fast,dtlb-load-misses,24981812.0,,,
CrowdRun,27,fast,dtlb-load-misses,28360332.0,,,
DinnerSceneCropped,27,fast,dtlb-load-misses,31678902.0,,,
FoodMarket,27,fast,dtlb-load-misses,28063781.0,,,
FoodMarket2,27,fast,dtlb-load-misses,98352912.0,,,
MeridianTalk_sdr,27,fast,dtlb-load-misses,24703243.0,,,
Motorcycle,27,fast,dtlb-load-misses,33142522.0,,,
MountainBike,27,fast,dtlb-load-misses,35710263.0,,,
Neon1224,27,fast,dtlb-load-misses,24916869.0,,,
NocturneDance_3840x2160p_8bit,27,fast,dtlb-load-misses,97770528.0,,,
OldTownCross,27,fast,dtlb-load-misses,11735138.0,,,
PedestrianArea,27,fast,dtlb-load-misses,29026501.0,,,
PierSeaSide,27,fast,dtlb-load-misses,91106423.0,,,
RitualDance,27,fast,dtlb-load-misses,23632726.0,,,
Riverbed,27,fast,dtlb-load-misses,36922638.0,,,
RushFieldCuts,27,fast,dtlb-load-misses,30606157.0,,,
Skater227,27,fast,dtlb-load-misses,,,,
Tango,27,fast,dtlb-load-misses,99126390.0,,,
TimeLapse,27,fast,dtlb-load-misses,102030607.0,,,
ToddlerFountain,27,fast,dtlb-load-misses,32202989.0,,,
TreesAndGrass_1920_1080,27,fast,dtlb-load-misses,11775050.0,,,
TunnelFlag,27,fast,dtlb-load-misses,24684238.0,,,
Vertical_Carnaby,27,fast,dtlb-load-misses,24831955.0,,,
Vertical_bees,27,fast,dtlb-load-misses,6757034.0,,,
WalkingInStreet,27,fast,dtlb-load-misses,33084743.0,,,
WorldCup_1920x1080_30p,27,fast,dtlb-load-misses,28030346.0,,,
WorldCup_far_1920x1080_30p,27,fast,dtlb-load-misses,29548431.0,,,
Aerial3200,32,fast,dtlb-load-misses,26555952.0,,,
Boat,32,fast,dtlb-load-misses,28884413.0,,,
BoxingPractice,32,fast,dtlb-load-misses,22124886.0,,,
Crosswalk,32,fast,dtlb-load-misses,86631763.0,,,
CrowdRun,32,fast,dtlb-load-misses,38028195.0,,,
DinnerSceneCropped,32,fast,dtlb-load-misses,29466738.0,,,
FoodMarket,32,fast,dtlb-load-misses,8335526.0,,,
FoodMarket2,32,fast,dtlb-load-misses,94794340.0,,,
MeridianTalk_sdr,32,fast,dtlb-load-misses,24540298.0,,,
Motorcycle,32,fast,dtlb-load-misses,28033094.0,,,
MountainBike,32,fast,dtlb-load-misses,29664851.0,,,
Neon1224,32,fast,dtlb-load-misses,18449530.0,,,
NocturneDance_3840x2160p_8bit,32,fast,dtlb-load-misses,78087451.0,,,
OldTownCross,32,fast,dtlb-load-misses,9037328.0,,,
PedestrianArea,32,fast,dtlb-load-misses,30878817.0,,,
PierSeaSide,32,fast,dtlb-load-misses,88336406.0,,,
RitualDance,32,fast,dtlb-load-misses,24515543.0,,,
Riverbed,32,fast,dtlb-load-misses,8989867.0,,,
RushFieldCuts,32,fast,dtlb-load-misses,32829294.0,,,
Skater227,32,fast,dtlb-load-misses,,,,
Tango,32,fast,dtlb-load-misses,21664353.0,,,
TimeLapse,32,fast,dtlb-load-misses,85097912.0,,,
ToddlerFountain,32,fast,dtlb-load-misses,29560042.0,,,
TreesAndGrass_1920_1080,32,fast,dtlb-load-misses,31064455.0,,,
TunnelFlag,32,fast,dtlb-load-misses,26400426.0,,,
Vertical_Carnaby,32,fast,dtlb-load-misses,22607997.0,,,
Vertical_bees,32,fast,dtlb-load-misses,23748272.0,,,
WalkingInStreet,32,fast,dtlb-load-misses,10876000.0,,,
WorldCup_1920x1080_30p,32,fast,dtlb-load-misses,24111744.0,,,
WorldCup_far_1920x1080_30p,32,fast,dtlb-load-misses,9433533.0,,,
Aerial3200,37,fast,dtlb-load-misses,24203821.0,,,
Boat,37,fast,dtlb-load-misses,29109508.0,,,
BoxingPractice,37,fast,dtlb-load-misses,71155667.0,,,
Crosswalk,37,fast,dtlb-load-misses,142333279.0,,,
CrowdRun,37,fast,dtlb-load-misses,30534209.0,,,
DinnerSceneCropped,37,fast,dtlb-load-misses,21307180.0,,,
FoodMarket,37,fast,dtlb-load-misses,7347087.0,,,
FoodMarket2,37,fast,dtlb-load-misses,124419886.0,,,
MeridianTalk_sdr,37,fast,dtlb-load-misses,21241503.0,,,
Motorcycle,37,fast,dtlb-load-misses,25367037.0,,,
MountainBike,37,fast,dtlb-load-misses,28681232.0,,,
Neon1224,37,fast,dtlb-load-misses,120101109.0,,,
NocturneDance_3840x2160p_8bit,37,fast,dtlb-load-misses,91868229.0,,,
OldTownCross,37,fast,dtlb-load-misses,7726312.0,,,
PedestrianArea,37,fast,dtlb-load-misses,22574305.0,,,
PierSeaSide,37,fast,dtlb-load-misses,83777497.0,,,
RitualDance,37,fast,dtlb-load-misses,20732571.0,,,
Riverbed,37,fast,dtlb-load-misses,26085855.0,,,
RushFieldCuts,37,fast,dtlb-load-misses,28933346.0,,,
Skater227,37,fast,dtlb-load-misses,,,,
Tango,37,fast,dtlb-load-misses,87850117.0,,,
TimeLapse,37,fast,dtlb-load-misses,87463852.0,,,
ToddlerFountain,37,fast,dtlb-load-misses,8118597.0,,,
TreesAndGrass_1920_1080,37,fast,dtlb-load-misses,9844134.0,,,
TunnelFlag,37,fast,dtlb-load-misses,24285128.0,,,
Vertical_Carnaby,37,fast,dtlb-load-misses,23996911.0,,,
Vertical_bees,37,fast,dtlb-load-misses,26066026.0,,,
WalkingInStreet,37,fast,dtlb-load-misses,28036279.0,,,
WorldCup_1920x1080_30p,37,fast,dtlb-load-misses,5950578.0,,,
WorldCup_far_1920x1080_30p,37,fast,dtlb-load-misses,24338111.0,,,
Aerial3200,22,faster,dtlb-load-misses,30288365.0,,,
Boat,22,faster,dtlb-load-misses,36241013.0,,,
BoxingPractice,22,faster,dtlb-load-misses,105881828.0,,,
Crosswalk,22,faster,dtlb-load-misses,110556994.0,,,
CrowdRun,22,faster,dtlb-load-misses,40152247.0,,,
DinnerSceneCropped,22,faster,dtlb-load-misses,12919100.0,,,
FoodMarket,22,faster,dtlb-load-misses,37092880.0,,,
FoodMarket2,22,faster,dtlb-load-misses,106854564.0,,,
MeridianTalk_sdr,22,faster,dtlb-load-misses,27661148.0,,,
Motorcycle,22,faster,dtlb-load-misses,35964178.0,,,
MountainBike,22,faster,dtlb-load-misses,36539410.0,,,
Neon1224,22,faster,dtlb-load-misses,102445642.0,,,
NocturneDance_3840x2160p_8bit,22,faster,dtlb-load-misses,104886318.0,,,
OldTownCross,22,faster,dtlb-load-misses,44522641.0,,,
PedestrianArea,22,faster,dtlb-load-misses,32881673.0,,,
PierSeaSide,22,faster,dtlb-load-misses,124036779.0,,,
RitualDance,22,faster,dtlb-load-misses,27807808.0,,,
Riverbed,22,faster,dtlb-load-misses,35604849.0,,,
RushFieldCuts,22,faster,dtlb-load-misses,36811769.0,,,
Skater227,22,faster,dtlb-load-misses,,,,
Tango,22,faster,dtlb-load-misses,113637347.0,,,
TimeLapse,22,faster,dtlb-load-misses,99667341.0,,,
ToddlerFountain,22,faster,dtlb-load-misses,40492628.0,,,
TreesAndGrass_1920_1080,22,faster,dtlb-load-misses,33110630.0,,,
TunnelFlag,22,faster,dtlb-load-misses,46178905.0,,,
Vertical_Carnaby,22,faster,dtlb-load-misses,31887122.0,,,
Vertical_bees,22,faster,dtlb-load-misses,6733450.0,,,
WalkingInStreet,22,faster,dtlb-load-misses,42928991.0,,,
WorldCup_1920x1080_30p,22,faster,dtlb-load-misses,27386508.0,,,
WorldCup_far_1920x1080_30p,22,faster,dtlb-load-misses,36167675.0,,,
Aerial3200,27,faster,dtlb-load-misses,28049637.0,,,
Boat,27,faster,dtlb-load-misses,38124175.0,,,
BoxingPractice,27,faster,dtlb-load-misses,26323450.0,,,
Crosswalk,27,faster,dtlb-load-misses,127836768.0,,,
CrowdRun,27,faster,dtlb-load-misses,33792181.0,,,
DinnerSceneCropped,27,faster,dtlb-load-misses,10095851.0,,,
FoodMarket,27,faster,dtlb-load-misses,27139455.0,,,
FoodMarket2,27,faster,dtlb-load-misses,96343748.0,,,
MeridianTalk_sdr,27,faster,dtlb-load-misses,28141135.0,,,
Motorcycle,27,faster,dtlb-load-misses,29542698.0,,,
MountainBike,27,faster,dtlb-load-misses,32824036.0,,,
Neon1224,27,faster,dtlb-load-misses,90574419.0,,,
NocturneDance_3840x2160p_8bit,27,faster,dtlb-load-misses,25639644.0,,,
OldTownCross,27,faster,dtlb-load-misses,37383083.0,,,
PedestrianArea,27,faster,dtlb-load-misses,31003291.0,,,
PierSeaSide,27,faster,dtlb-load-misses,90290216.0,,,
RitualDance,27,faster,dtlb-load-misses,26722604.0,,,
Riverbed,27,faster,dtlb-load-misses,31473812.0,,,
RushFieldCuts,27,faster,dtlb-load-misses,35773751.0,,,
Skater227,27,faster,dtlb-load-misses,,,,
Tango,27,faster,dtlb-load-misses,122156542.0,,,
TimeLapse,27,faster,dtlb-load-misses,86887690.0,,,
ToddlerFountain,27,faster,dtlb-load-misses,9812234.0,,,
TreesAndGrass_1920_1080,27,faster,dtlb-load-misses,31414764.0,,,
TunnelFlag,27,faster,dtlb-load-misses,30239276.0,,,
Vertical_Carnaby,27,faster,dtlb-load-misses,26141766.0,,,
Vertical_bees,27,faster,dtlb-load-misses,6602199.0,,,
WalkingInStreet,27,faster,dtlb-load-misses,32439281.0,,,
WorldCup_1920x1080_30p,27,faster,dtlb-load-misses,23674362.0,,,
WorldCup_far_1920x1080_30p,27,faster,dtlb-load-misses,25988605.0,,,
Aerial3200,32,faster,dtlb-load-misses,26671040.0,,,
Boat,32,faster,dtlb-load-misses,30596276.0,,,
BoxingPractice,32,faster,dtlb-load-misses,89670910.0,,,
Crosswalk,32,faster,dtlb-load-misses,99962860.0,,,
CrowdRun,32,faster,dtlb-load-misses,27189462.0,,,
DinnerSceneCropped,32,faster,dtlb-load-misses,6757965.0,,,
FoodMarket,32,faster,dtlb-load-misses,30104516.0,,,
FoodMarket2,32,faster,dtlb-load-misses,98469570.0,,,
MeridianTalk_sdr,32,faster,dtlb-load-misses,25377536.0,,,
Motorcycle,32,faster,dtlb-load-misses,31510133.0,,,
MountainBike,32,faster,dtlb-load-misses,31121367.0,,,
Neon1224,32,faster,dtlb-load-misses,83097213.0,,,
NocturneDance_3840x2160p_8bit,32,faster,dtlb-load-misses,99975395.0,,,
OldTownCross,32,faster,dtlb-load-misses,31307456.0,,,
PedestrianArea,32,faster,dtlb-load-misses,27650997.0,,,
PierSeaSide,32,faster,dtlb-load-misses,100996687.0,,,
RitualDance,32,faster,dtlb-load-misses,25104619.0,,,
Riverbed,32,faster,dtlb-load-misses,25744377.0,,,
RushFieldCuts,32,faster,dtlb-load-misses,9053627.0,,,
Skater227,32,faster,dtlb-load-misses,,,,
Tango,32,faster,dtlb-load-misses,88556624.0,,,
TimeLapse,32,faster,dtlb-load-misses,82042013.0,,,
ToddlerFountain,32,faster,dtlb-load-misses,32970075.0,,,
TreesAndGrass_1920_1080,32,faster,dtlb-load-misses,34529175.0,,,
TunnelFlag,32,faster,dtlb-load-misses,24174483.0,,,
Vertical_Carnaby,32,faster,dtlb-load-misses,28774516.0,,,
Vertical_bees,32,faster,dtlb-load-misses,24236651.0,,,
WalkingInStreet,32,faster,dtlb-load-misses,34409062.0,,,
WorldCup_1920x1080_30p,32,faster,dtlb-load-misses,22732369.0,,,
WorldCup_far_1920x1080_30p,32,faster,dtlb-load-misses,26911022.0,,,
Aerial3200,37,faster,dtlb-load-misses,25936101.0,,,
Boat,37,faster,dtlb-load-misses,36210042.0,,,
BoxingPractice,37,faster,dtlb-load-misses,81898101.0,,,
Crosswalk,37,faster,dtlb-load-misses,103013758.0,,,
CrowdRun,37,faster,dtlb-load-misses,27153852.0,,,
DinnerSceneCropped,37,faster,dtlb-load-misses,22552562.0,,,
FoodMarket,37,faster,dtlb-load-misses,28247249.0,,,
FoodMarket2,37,faster,dtlb-load-misses,93119912.0,,,
MeridianTalk_sdr,37,faster,dtlb-load-misses,26875547.0,,,
Motorcycle,37,faster,dtlb-load-misses,27552983.0,,,
MountainBike,37,faster,dtlb-load-misses,26988807.0,,,
Neon1224,37,faster,dtlb-load-misses,110530651.0,,,
NocturneDance_3840x2160p_8bit,37,faster,dtlb-load-misses,94412388.0,,,
OldTownCross,37,faster,dtlb-load-misses,8397727.0,,,
PedestrianArea,37,faster,dtlb-load-misses,23802134.0,,,
PierSeaSide,37,faster,dtlb-load-misses,76382391.0,,,
RitualDance,37,faster,dtlb-load-misses,5465162.0,,,
Riverbed,37,faster,dtlb-load-misses,27077379.0,,,
RushFieldCuts,37,faster,dtlb-load-misses,8651903.0,,,
Skater227,37,faster,dtlb-load-misses,,,,
Tango,37,faster,dtlb-load-misses,95980841.0,,,
TimeLapse,37,faster,dtlb-load-misses,80896935.0,,,
ToddlerFountain,37,faster,dtlb-load-misses,32804623.0,,,
TreesAndGrass_1920_1080,37,faster,dtlb-load-misses,9005406.0,,,
TunnelFlag,37,faster,dtlb-load-misses,28780017.0,,,
Vertical_Carnaby,37,faster,dtlb-load-misses,4803024.0,,,
Vertical_bees,37,faster,dtlb-load-misses,24195615.0,,,
WalkingInStreet,37,faster,dtlb-load-misses,35179438.0,,,
WorldCup_1920x1080_30p,37,faster,dtlb-load-misses,24720358.0,,,
WorldCup_far_1920x1080_30p,37,faster,dtlb-load-misses,33789428.0,,,
Aerial3200,22,superfast,dtlb-load-misses,35456488.0,,,
Boat,22,superfast,dtlb-load-misses,29939170.0,,,
BoxingPractice,22,superfast,dtlb-load-misses,135836872.0,,,
Crosswalk,22,superfast,dtlb-load-misses,102237732.0,,,
CrowdRun,22,superfast,dtlb-load-misses,37962570.0,,,
DinnerSceneCropped,22,superfast,dtlb-load-misses,9278710.0,,,
FoodMarket,22,superfast,dtlb-load-misses,32658478.0,,,
FoodMarket2,22,superfast,dtlb-load-misses,108383327.0,,,
MeridianTalk_sdr,22,superfast,dtlb-load-misses,27110142.0,,,
Motorcycle,22,superfast,dtlb-load-misses,39655793.0,,,
MountainBike,22,superfast,dtlb-load-misses,8741756.0,,,
Neon1224,22,superfast,dtlb-load-misses,106819149.0,,,
NocturneDance_3840x2160p_8bit,22,superfast,dtlb-load-misses,17869696.0,,,
OldTownCross,22,superfast,dtlb-load-misses,39127939.0,,,
PedestrianArea,22,superfast,dtlb-load-misses,37311719.0,,,
PierSeaSide,22,superfast,dtlb-load-misses,114384286.0,,,
RitualDance,22,superfast,dtlb-load-misses,28039877.0,,,
Riverbed,22,superfast,dtlb-load-misses,31230613.0,,,
RushFieldCuts,22,superfast,dtlb-load-misses,32643308.0,,,
Skater227,22,superfast,dtlb-load-misses,,,,
Tango,22,superfast,dtlb-load-misses,99942076.0,,,
TimeLapse,22,superfast,dtlb-load-misses,20116769.0,,,
ToddlerFountain,22,superfast,dtlb-load-misses,34442171.0,,,
TreesAndGrass_1920_1080,22,superfast,dtlb-load-misses,34295181.0,,,
TunnelFlag,22,superfast,dtlb-load-misses,35692848.0,,,
Vertical_Carnaby,22,superfast,dtlb-load-misses,26146859.0,,,
Vertical_bees,22,superfast,dtlb-load-misses,28925271.0,,,
WalkingInStreet,22,superfast,dtlb-load-misses,33857951.0,,,
WorldCup_1920x1080_30p,22,superfast,dtlb-load-misses,28234389.0,,,
WorldCup_far_1920x1080_30p,22,superfast,dtlb-load-misses,31153410.0,,,
Aerial3200,27,superfast,dtlb-load-misses,34638879.0,,,
Boat,27,superfast,dtlb-load-misses,29004334.0,,,
BoxingPractice,27,superfast,dtlb-load-misses,103829754.0,,,
Crosswalk,27,superfast,dtlb-load-misses,109241661.0,,,
CrowdRun,27,superfast,dtlb-load-misses,34294185.0,,,
DinnerSceneCropped,27,superfast,dtlb-load-misses,6332243.0,,,
FoodMarket,27,superfast,dtlb-load-misses,6717919.0,,,
FoodMarket2,27,superfast,dtlb-load-misses,20328577.0,,,
MeridianTalk_sdr,27,superfast,dtlb-load-misses,30322109.0,,,
Motorcycle,27,superfast,dtlb-load-misses,33518974.0,,,
MountainBike,27,superfast,dtlb-load-misses,33178941.0,,,
Neon1224,27,superfast,dtlb-load-misses,103645616.0,,,
NocturneDance_3840x2160p_8bit,27,superfast,dtlb-load-misses,156630921.0,,,
OldTownCross,27,superfast,dtlb-load-misses,33478926.0,,,
PedestrianArea,27,superfast,dtlb-load-misses,30324982.0,,,
PierSeaSide,27,superfast,dtlb-load-misses,99152367.0,,,
RitualDance,27,superfast,dtlb-load-misses,28351222.0,,,
Riverbed,27,superfast,dtlb-load-misses,30467411.0,,,
RushFieldCuts,27,superfast,dtlb-load-misses,35081936.0,,,
Skater227,27,superfast,dtlb-load-misses,,,,
Tango,27,superfast,dtlb-load-misses,19143481.0,,,
TimeLapse,27,superfast,dtlb-load-misses,100220858.0,,,
ToddlerFountain,27,superfast,dtlb-load-misses,30009122.0,,,
TreesAndGrass_1920_1080,27,superfast,dtlb-load-misses,33914316.0,,,
TunnelFlag,27,superfast,dtlb-load-misses,30907385.0,,,
Vertical_Carnaby,27,superfast,dtlb-load-misses,24260792.0,,,
Vertical_bees,27,superfast,dtlb-load-misses,27976610.0,,,
WalkingInStreet,27,superfast,dtlb-load-misses,8875092.0,,,
WorldCup_1920x1080_30p,27,superfast,dtlb-load-misses,32021726.0,,,
WorldCup_far_1920x1080_30p,27,superfast,dtlb-load-misses,37521992.0,,,
Aerial3200,32,superfast,dtlb-load-misses,24580411.0,,,
Boat,32,superfast,dtlb-load-misses,27098949.0,,,
BoxingPractice,32,superfast,dtlb-load-misses,100555814.0,,,
Crosswalk,32,superfast,dtlb-load-misses,101236634.0,,,
CrowdRun,32,superfast,dtlb-load-misses,28675867.0,,,
DinnerSceneCropped,32,superfast,dtlb-load-misses,37796951.0,,,
FoodMarket,32,superfast,dtlb-load-misses,27812200.0,,,
FoodMarket2,32,superfast,dtlb-load-misses,109724794.0,,,
MeridianTalk_sdr,32,superfast,dtlb-load-misses,27354871.0,,,
Motorcycle,32,superfast,dtlb-load-misses,29595907.0,,,
MountainBike,32,superfast,dtlb-load-misses,29551301.0,,,
Neon1224,32,superfast,dtlb-load-misses,120755605.0,,,
NocturneDance_3840x2160p_8bit,32,superfast,dtlb-load-misses,98529626.0,,,
OldTownCross,32,superfast,dtlb-load-misses,33521800.0,,,
PedestrianArea,32,superfast,dtlb-load-misses,28394411.0,,,
PierSeaSide,32,superfast,dtlb-load-misses,12701531.0,,,
RitualDance,32,superfast,dtlb-load-misses,5684203.0,,,
Riverbed,32,superfast,dtlb-load-misses,41071522.0,,,
RushFieldCuts,32,superfast,dtlb-load-misses,29868244.0,,,
Skater227,32,superfast,dtlb-load-misses,,,,
Tango,32,superfast,dtlb-load-misses,14373813.0,,,
TimeLapse,32,superfast,dtlb-load-misses,174260059.0,,,
ToddlerFountain,32,superfast,dtlb-load-misses,28328282.0,,,
TreesAndGrass_1920_1080,32,superfast,dtlb-load-misses,30537911.0,,,
TunnelFlag,32,superfast,dtlb-load-misses,27796177.0,,,
Vertical_Carnaby,32,superfast,dtlb-load-misses,36203378.0,,,
Vertical_bees,32,superfast,dtlb-load-misses,4860934.0,,,
WalkingInStreet,32,superfast,dtlb-load-misses,29923017.0,,,
WorldCup_1920x1080_30p,32,superfast,dtlb-load-misses,5726679.0,,,
WorldCup_far_1920x1080_30p,32,superfast,dtlb-load-misses,27861938.0,,,
Aerial3200,37,superfast,dtlb-load-misses,29386810.0,,,
Boat,37,superfast,dtlb-load-misses,28535024.0,,,
BoxingPractice,37,superfast,dtlb-load-misses,96406968.0,,,
Crosswalk,37,superfast,dtlb-load-misses,113833752.0,,,
CrowdRun,37,superfast,dtlb-load-misses,27247650.0,,,
DinnerSceneCropped,37,superfast,dtlb-load-misses,27298840.0,,,
FoodMarket,37,superfast,dtlb-load-misses,28145702.0,,,
FoodMarket2,37,superfast,dtlb-load-misses,114675428.0,,,
MeridianTalk_sdr,37,superfast,dtlb-load-misses,35304618.0,,,
Motorcycle,37,superfast,dtlb-load-misses,29208219.0,,,
MountainBike,37,superfast,dtlb-load-misses,33007245.0,,,
Neon1224,37,superfast,dtlb-load-misses,91456592.0,,,
NocturneDance_3840x2160p_8bit,37,superfast,dtlb-load-misses,13284286.0,,,
OldTownCross,37,superfast,dtlb-load-misses,28779006.0,,,
PedestrianArea,37,superfast,dtlb-load-misses,5456779.0,,,
PierSeaSide,37,superfast,dtlb-load-misses,84742051.0,,,
RitualDance,37,superfast,dtlb-load-misses,5542614.0,,,
Riverbed,37,superfast,dtlb-load-misses,4937067.0,,,
RushFieldCuts,37,superfast,dtlb-load-misses,5914811.0,,,
Skater227,37,superfast,dtlb-load-misses,,,,
Tango,37,superfast,dtlb-load-misses,123391414.0,,,
TimeLapse,37,superfast,dtlb-load-misses,97615406.0,,,
ToddlerFountain,37,superfast,dtlb-load-misses,26791242.0,,,
TreesAndGrass_1920_1080,37,superfast,dtlb-load-misses,35004437.0,,,
TunnelFlag,37,superfast,dtlb-load-misses,24550728.0,,,
Vertical_Carnaby,37,superfast,dtlb-load-misses,4538569.0,,,
Vertical_bees,37,superfast,dtlb-load-misses,27894052.0,,,
WalkingInStreet,37,superfast,dtlb-load-misses,9046459.0,,,
WorldCup_1920x1080_30p,37,superfast,dtlb-load-misses,27759102.0,,,
WorldCup_far_1920x1080_30p,37,superfast,dtlb-load-misses,32623527.0,,,
Aerial3200,22,veryfast,dtlb-load-misses,29437068.0,,,
Boat,22,veryfast,dtlb-load-misses,36360464.0,,,
BoxingPractice,22,veryfast,dtlb-load-misses,88210297.0,,,
Crosswalk,22,veryfast,dtlb-load-misses,100948227.0,,,
CrowdRun,22,veryfast,dtlb-load-misses,39300276.0,,,
DinnerSceneCropped,22,veryfast,dtlb-load-misses,36077027.0,,,
FoodMarket,22,veryfast,dtlb-load-misses,39796290.0,,,
FoodMarket2,22,veryfast,dtlb-load-misses,107165628.0,,,
MeridianTalk_sdr,22,veryfast,dtlb-load-misses,36532408.0,,,
Motorcycle,22,veryfast,dtlb-load-misses,31665727.0,,,
MountainBike,22,veryfast,dtlb-load-misses,10782643.0,,,
Neon1224,22,veryfast,dtlb-load-misses,99944087.0,,,
NocturneDance_3840x2160p_8bit,22,veryfast,dtlb-load-misses,152553978.0,,,
OldTownCross,22,veryfast,dtlb-load-misses,39409522.0,,,
PedestrianArea,22,veryfast,dtlb-load-misses,39023957.0,,,
PierSeaSide,22,veryfast,dtlb-load-misses,108560647.0,,,
RitualDance,22,veryfast,dtlb-load-misses,25001851.0,,,
Riverbed,22,veryfast,dtlb-load-misses,33843859.0,,,
RushFieldCuts,22,veryfast,dtlb-load-misses,11514320.0,,,
Skater227,22,veryfast,dtlb-load-misses,,,,
Tango,22,veryfast,dtlb-load-misses,120248962.0,,,
TimeLapse,22,veryfast,dtlb-load-misses,108528982.0,,,
ToddlerFountain,22,veryfast,dtlb-load-misses,32639835.0,,,
TreesAndGrass_1920_1080,22,veryfast,dtlb-load-misses,36579626.0,,,
TunnelFlag,22,veryfast,dtlb-load-misses,36323950.0,,,
Vertical_Carnaby,22,veryfast,dtlb-load-misses,7033554.0,,,
Vertical_bees,22,veryfast,dtlb-load-misses,27244678.0,,,
WalkingInStreet,22,veryfast,dtlb-load-misses,40966427.0,,,
WorldCup_1920x1080_30p,22,veryfast,dtlb-load-misses,27557800.0,,,
WorldCup_far_1920x1080_30p,22,veryfast,dtlb-load-misses,33706081.0,,,
Aerial3200,27,veryfast,dtlb-load-misses,30619383.0,,,
Boat,27,veryfast,dtlb-load-misses,31889937.0,,,
BoxingPractice,27,veryfast,dtlb-load-misses,97111762.0,,,
Crosswalk,27,veryfast,dtlb-load-misses,22351586.0,,,
CrowdRun,27,veryfast,dtlb-load-misses,38162810.0,,,
DinnerSceneCropped,27,veryfast,dtlb-load-misses,32403458.0,,,
FoodMarket,27,veryfast,dtlb-load-misses,35113303.0,,,
FoodMarket2,27,veryfast,dtlb-load-misses,104887393.0,,,
MeridianTalk_sdr,27,veryfast,dtlb-load-misses,23212829.0,,,
Motorcycle,27,veryfast,dtlb-load-misses,37103145.0,,,
MountainBike,27,veryfast,dtlb-load-misses,10751872.0,,,
Neon1224,27,veryfast,dtlb-load-misses,87850766.0,,,
NocturneDance_3840x2160p_8bit,27,veryfast,dtlb-load-misses,84636040.0,,,
OldTownCross,27,veryfast,dtlb-load-misses,37806503.0,,,
PedestrianArea,27,veryfast,dtlb-load-misses,35406905.0,,,
PierSeaSide,27,veryfast,dtlb-load-misses,23776562.0,,,
RitualDance,27,veryfast,dtlb-load-misses,7200961.0,,,
Riverbed,27,veryfast,dtlb-load-misses,9214418.0,,,
RushFieldCuts,27,veryfast,dtlb-load-misses,34630788.0,,,
Skater227,27,veryfast,dtlb-load-misses,,,,
Tango,27,veryfast,dtlb-load-misses,110712945.0,,,
TimeLapse,27,veryfast,dtlb-load-misses,24411061.0,,,
ToddlerFountain,27,veryfast,dtlb-load-misses,32102579.0,,,
TreesAndGrass_1920_1080,27,veryfast,dtlb-load-misses,31778305.0,,,
TunnelFlag,27,veryfast,dtlb-load-misses,32360532.0,,,
Vertical_Carnaby,27,veryfast,dtlb-load-misses,6161255.0,,,
Vertical_bees,27,veryfast,dtlb-load-misses,25838145.0,,,
WalkingInStreet,27,veryfast,dtlb-load-misses,34801492.0,,,
WorldCup_1920x1080_30p,27,veryfast,dtlb-load-misses,23967112.0,,,
WorldCup_far_1920x1080_30p,27,veryfast,dtlb-load-misses,29599480.0,,,
Aerial3200,32,veryfast,dtlb-load-misses,29791694.0,,,
Boat,32,veryfast,dtlb-load-misses,30717100.0,,,
BoxingPractice,32,veryfast,dtlb-load-misses,84304080.0,,,
Crosswalk,32,veryfast,dtlb-load-misses,78758451.0,,,
CrowdRun,32,veryfast,dtlb-load-misses,31776990.0,,,
DinnerSceneCropped,32,veryfast,dtlb-load-misses,7780938.0,,,
FoodMarket,32,veryfast,dtlb-load-misses,31139907.0,,,
FoodMarket2,32,veryfast,dtlb-load-misses,81944545.0,,,
MeridianTalk_sdr,32,veryfast,dtlb-load-misses,25032541.0,,,
Motorcycle,32,veryfast,dtlb-load-misses,27596186.0,,,
MountainBike,32,veryfast,dtlb-load-misses,9114672.0,,,
Neon1224,32,veryfast,dtlb-load-misses,77742067.0,,,
NocturneDance_3840x2160p_8bit,32,veryfast,dtlb-load-misses,19943333.0,,,
OldTownCross,32,veryfast,dtlb-load-misses,30922642.0,,,
PedestrianArea,32,veryfast,dtlb-load-misses,34916366.0,,,
PierSeaSide,32,veryfast,dtlb-load-misses,87212208.0,,,
RitualDance,32,veryfast,dtlb-load-misses,6572413.0,,,
Riverbed,32,veryfast,dtlb-load-misses,30110811.0,,,
RushFieldCuts,32,veryfast,dtlb-load-misses,34413210.0,,,
Skater227,32,veryfast,dtlb-load-misses,,,,
Tango,32,veryfast,dtlb-load-misses,101238972.0,,,
TimeLapse,32,veryfast,dtlb-load-misses,108398246.0,,,
ToddlerFountain,32,veryfast,dtlb-load-misses,30243819.0,,,
TreesAndGrass_1920_1080,32,veryfast,dtlb-load-misses,10115245.0,,,
TunnelFlag,32,veryfast,dtlb-load-misses,25822682.0,,,
Vertical_Carnaby,32,veryfast,dtlb-load-misses,23562341.0,,,
Vertical_bees,32,veryfast,dtlb-load-misses,26654127.0,,,
WalkingInStreet,32,veryfast,dtlb-load-misses,29570755.0,,,
WorldCup_1920x1080_30p,32,veryfast,dtlb-load-misses,21906772.0,,,
WorldCup_far_1920x1080_30p,32,veryfast,dtlb-load-misses,26084496.0,,,
Aerial3200,37,veryfast,dtlb-load-misses,24761163.0,,,
Boat,37,veryfast,dtlb-load-misses,26087986.0,,,
BoxingPractice,37,veryfast,dtlb-load-misses,87846410.0,,,
Crosswalk,37,veryfast,dtlb-load-misses,122525870.0,,,
CrowdRun,37,veryfast,dtlb-load-misses,36766437.0,,,
DinnerSceneCropped,37,veryfast,dtlb-load-misses,6845703.0,,,
FoodMarket,37,veryfast,dtlb-load-misses,24590058.0,,,
FoodMarket2,37,veryfast,dtlb-load-misses,90729653.0,,,
MeridianTalk_sdr,37,veryfast,dtlb-load-misses,23529015.0,,,
Motorcycle,37,veryfast,dtlb-load-misses,28488340.0,,,
MountainBike,37,veryfast,dtlb-load-misses,8219511.0,,,
Neon1224,37,veryfast,dtlb-load-misses,83480010.0,,,
NocturneDance_3840x2160p_8bit,37,veryfast,dtlb-load-misses,18318691.0,,,
OldTownCross,37,veryfast,dtlb-load-misses,8174375.0,,,
PedestrianArea,37,veryfast,dtlb-load-misses,28751636.0,,,
PierSeaSide,37,veryfast,dtlb-load-misses,79482896.0,,,
RitualDance,37,veryfast,dtlb-load-misses,5661099.0,,,
Riverbed,37,veryfast,dtlb-load-misses,7346311.0,,,
RushFieldCuts,37,veryfast,dtlb-load-misses,8073767.0,,,
Skater227,37,veryfast,dtlb-load-misses,,,,
Tango,37,veryfast,dtlb-load-misses,82432784.0,,,
TimeLapse,37,veryfast,dtlb-load-misses,87022985.0,,,
ToddlerFountain,37,veryfast,dtlb-load-misses,25621170.0,,,
TreesAndGrass_1920_1080,37,veryfast,dtlb-load-misses,31877642.0,,,
TunnelFlag,37,veryfast,dtlb-load-misses,22298865.0,,,
Vertical_Carnaby,37,veryfast,dtlb-load-misses,23872190.0,,,
Vertical_bees,37,veryfast,dtlb-load-misses,22445275.0,,,
WalkingInStreet,37,veryfast,dtlb-load-misses,8666821.0,,,
WorldCup_1920x1080_30p,37,veryfast,dtlb-load-misses,21843631.0,,,
WorldCup_far_1920x1080_30p,37,veryfast,dtlb-load-misses,8263592.0,,,
Aerial3200,22,fast,dtlb-loads,334839024383.0,,,
Boat,22,fast,dtlb-loads,344127081528.0,,,
BoxingPractice,22,fast,dtlb-loads,1121548264228.0,,,
Crosswalk,22,fast,dtlb-loads,1124410446953.0,,,
CrowdRun,22,fast,dtlb-loads,476585443645.0,,,
DinnerSceneCropped,22,fast,dtlb-loads,435962704420.0,,,
FoodMarket,22,fast,dtlb-loads,343803747569.0,,,
FoodMarket2,22,fast,dtlb-loads,1155020092096.0,,,
MeridianTalk_sdr,22,fast,dtlb-loads,343692274442.0,,,
Motorcycle,22,fast,dtlb-loads,310245925152.0,,,
MountainBike,22,fast,dtlb-loads,320233332763.0,,,
Neon1224,22,fast,dtlb-loads,1149666314218.0,,,
NocturneDance_3840x2160p_8bit,22,fast,dtlb-loads,1007035122380.0,,,
OldTownCross,22,fast,dtlb-loads,407344695589.0,,,
PedestrianArea,22,fast,dtlb-loads,289121592301.0,,,
PierSeaSide,22,fast,dtlb-loads,1053917272942.0,,,
RitualDance,22,fast,dtlb-loads,225894384113.0,,,
Riverbed,22,fast,dtlb-loads,325669312516.0,,,
RushFieldCuts,22,fast,dtlb-loads,388332089937.0,,,
Skater227,22,fast,dtlb-loads,,,,
Tango,22,fast,dtlb-loads,1267896619795.0,,,
TimeLapse,22,fast,dtlb-loads,1071704883035.0,,,
ToddlerFountain,22,fast,dtlb-loads,345838479246.0,,,
TreesAndGrass_1920_1080,22,fast,dtlb-loads,371430914638.0,,,
TunnelFlag,22,fast,dtlb-loads,297041621008.0,,,
Vertical_Carnaby,22,fast,dtlb-loads,268668596189.0,,,
Vertical_bees,22,fast,dtlb-loads,247535485923.0,,,
WalkingInStreet,22,fast,dtlb-loads,351756557820.0,,,
WorldCup_1920x1080_30p,22,fast,dtlb-loads,220001454099.0,,,
WorldCup_far_1920x1080_30p,22,fast,dtlb-loads,285410834882.0,,,
Aerial3200,27,fast,dtlb-loads,301586195391.0,,,
Boat,27,fast,dtlb-loads,308817331730.0,,,
BoxingPractice,27,fast,dtlb-loads,922961742574.0,,,
Crosswalk,27,fast,dtlb-loads,900945581991.0,,,
CrowdRun,27,fast,dtlb-loads,414917578224.0,,,
DinnerSceneCropped,27,fast,dtlb-loads,281740081692.0,,,
FoodMarket,27,fast,dtlb-loads,272597959004.0,,,
FoodMarket2,27,fast,dtlb-loads,985278561539.0,,,
MeridianTalk_sdr,27,fast,dtlb-loads,272430049807.0,,,
Motorcycle,27,fast,dtlb-loads,281098961005.0,,,
MountainBike,27,fast,dtlb-loads,289962830883.0,,,
Neon1224,27,fast,dtlb-loads,849838536891.0,,,
NocturneDance_3840x2160p_8bit,27,fast,dtlb-loads,890207237197.0,,,
OldTownCross,27,fast,dtlb-loads,329745685560.0,,,
PedestrianArea,27,fast,dtlb-loads,232762377249.0,,,
PierSeaSide,27,fast,dtlb-loads,890977417497.0,,,
RitualDance,27,fast,dtlb-loads,246387256718.0,,,
Riverbed,27,fast,dtlb-loads,272887513284.0,,,
RushFieldCuts,27,fast,dtlb-loads,288783089308.0,,,
Skater227,27,fast,dtlb-loads,,,,
Tango,27,fast,dtlb-loads,1204373272263.0,,,
TimeLapse,27,fast,dtlb-loads,924076204741.0,,,
ToddlerFountain,27,fast,dtlb-loads,298633144075.0,,,
TreesAndGrass_1920_1080,27,fast,dtlb-loads,339315753127.0,,,
TunnelFlag,27,fast,dtlb-loads,309875600774.0,,,
Vertical_Carnaby,27,fast,dtlb-loads,200306866001.0,,,
Vertical_bees,27,fast,dtlb-loads,224003536497.0,,,
WalkingInStreet,27,fast,dtlb-loads,328055142641.0,,,
WorldCup_1920x1080_30p,27,fast,dtlb-loads,199518053196.0,,,
WorldCup_far_1920x1080_30p,27,fast,dtlb-loads,310877455175.0,,,
Aerial3200,32,fast,dtlb-loads,270781117842.0,,,
Boat,32,fast,dtlb-loads,273541760961.0,,,
BoxingPractice,32,fast,dtlb-loads,796641011135.0,,,
Crosswalk,32,fast,dtlb-loads,791739459909.0,,,
CrowdRun,32,fast,dtlb-loads,293245961894.0,,,
DinnerSceneCropped,32,fast,dtlb-loads,214770586095.0,,,
FoodMarket,32,fast,dtlb-loads,227308632130.0,,,
FoodMarket2,32,fast,dtlb-loads,873852674109.0,,,
MeridianTalk_sdr,32,fast,dtlb-loads,195295211831.0,,,
Motorcycle,32,fast,dtlb-loads,252433994364.0,,,
MountainBike,32,fast,dtlb-loads,259591142733.0,,,
Neon1224,32,fast,dtlb-loads,767599082897.0,,,
NocturneDance_3840x2160p_8bit,32,fast,dtlb-loads,974942437217.0,,,
OldTownCross,32,fast,dtlb-loads,252092517019.0,,,
PedestrianArea,32,fast,dtlb-loads,203498217313.0,,,
PierSeaSide,32,fast,dtlb-loads,786768026285.0,,,
RitualDance,32,fast,dtlb-loads,187294185933.0,,,
Riverbed,32,fast,dtlb-loads,236710381833.0,,,
RushFieldCuts,32,fast,dtlb-loads,251221915748.0,,,
Skater227,32,fast,dtlb-loads,,,,
Tango,32,fast,dtlb-loads,830102626920.0,,,
TimeLapse,32,fast,dtlb-loads,819225536039.0,,,
ToddlerFountain,32,fast,dtlb-loads,257764362747.0,,,
TreesAndGrass_1920_1080,32,fast,dtlb-loads,307328396934.0,,,
TunnelFlag,32,fast,dtlb-loads,222364268517.0,,,
Vertical_Carnaby,32,fast,dtlb-loads,184669670840.0,,,
Vertical_bees,32,fast,dtlb-loads,204877785081.0,,,
WalkingInStreet,32,fast,dtlb-loads,293048834806.0,,,
WorldCup_1920x1080_30p,32,fast,dtlb-loads,183813739818.0,,,
WorldCup_far_1920x1080_30p,32,fast,dtlb-loads,230189842051.0,,,
Aerial3200,37,fast,dtlb-loads,244283118836.0,,,
Boat,37,fast,dtlb-loads,243467303877.0,,,
BoxingPractice,37,fast,dtlb-loads,735255877019.0,,,
Crosswalk,37,fast,dtlb-loads,896873798113.0,,,
CrowdRun,37,fast,dtlb-loads,254291828275.0,,,
DinnerSceneCropped,37,fast,dtlb-loads,184539321989.0,,,
FoodMarket,37,fast,dtlb-loads,203470222682.0,,,
FoodMarket2,37,fast,dtlb-loads,800661424925.0,,,
MeridianTalk_sdr,37,fast,dtlb-loads,180359623985.0,,,
Motorcycle,37,fast,dtlb-loads,227966774599.0,,,
MountainBike,37,fast,dtlb-loads,233711704127.0,,,
Neon1224,37,fast,dtlb-loads,706524887699.0,,,
NocturneDance_3840x2160p_8bit,37,fast,dtlb-loads,721233267911.0,,,
OldTownCross,37,fast,dtlb-loads,214122011817.0,,,
PedestrianArea,37,fast,dtlb-loads,187898868449.0,,,
PierSeaSide,37,fast,dtlb-loads,877105166152.0,,,
RitualDance,37,fast,dtlb-loads,174625899459.0,,,
Riverbed,37,fast,dtlb-loads,214010193631.0,,,
RushFieldCuts,37,fast,dtlb-loads,222824888867.0,,,
Skater227,37,fast,dtlb-loads,,,,
Tango,37,fast,dtlb-loads,924756232050.0,,,
TimeLapse,37,fast,dtlb-loads,749322693210.0,,,
ToddlerFountain,37,fast,dtlb-loads,222877943509.0,,,
TreesAndGrass_1920_1080,37,fast,dtlb-loads,275323586007.0,,,
TunnelFlag,37,fast,dtlb-loads,243812263676.0,,,
Vertical_Carnaby,37,fast,dtlb-loads,173780102965.0,,,
Vertical_bees,37,fast,dtlb-loads,190548197737.0,,,
WalkingInStreet,37,fast,dtlb-loads,312695868802.0,,,
WorldCup_1920x1080_30p,37,fast,dtlb-loads,172817761587.0,,,
WorldCup_far_1920x1080_30p,37,fast,dtlb-loads,209912737266.0,,,
Aerial3200,22,faster,dtlb-loads,334713868950.0,,,
Boat,22,faster,dtlb-loads,344096795291.0,,,
BoxingPractice,22,faster,dtlb-loads,1121432514493.0,,,
Crosswalk,22,faster,dtlb-loads,1124419078438.0,,,
CrowdRun,22,faster,dtlb-loads,398880761861.0,,,
DinnerSceneCropped,22,faster,dtlb-loads,362418612654.0,,,
FoodMarket,22,faster,dtlb-loads,343460375054.0,,,
FoodMarket2,22,faster,dtlb-loads,1405430098595.0,,,
MeridianTalk_sdr,22,faster,dtlb-loads,343432466360.0,,,
Motorcycle,22,faster,dtlb-loads,310351427949.0,,,
MountainBike,22,faster,dtlb-loads,320243629305.0,,,
Neon1224,22,faster,dtlb-loads,947733572493.0,,,
NocturneDance_3840x2160p_8bit,22,faster,dtlb-loads,1007144719982.0,,,
OldTownCross,22,faster,dtlb-loads,407132647008.0,,,
PedestrianArea,22,faster,dtlb-loads,289101421185.0,,,
PierSeaSide,22,faster,dtlb-loads,1054306581361.0,,,
RitualDance,22,faster,dtlb-loads,226307964367.0,,,
Riverbed,22,faster,dtlb-loads,325549679068.0,,,
RushFieldCuts,22,faster,dtlb-loads,322517471507.0,,,
Skater227,22,faster,dtlb-loads,,,,
Tango,22,faster,dtlb-loads,1267879797891.0,,,
TimeLapse,22,faster,dtlb-loads,1303255825763.0,,,
ToddlerFountain,22,faster,dtlb-loads,415443163093.0,,,
TreesAndGrass_1920_1080,22,faster,dtlb-loads,371375520965.0,,,
TunnelFlag,22,faster,dtlb-loads,358193091828.0,,,
Vertical_Carnaby,22,faster,dtlb-loads,268887213650.0,,,
Vertical_bees,22,faster,dtlb-loads,247203995410.0,,,
WalkingInStreet,22,faster,dtlb-loads,414205344667.0,,,
WorldCup_1920x1080_30p,22,faster,dtlb-loads,219955572213.0,,,
WorldCup_far_1920x1080_30p,22,faster,dtlb-loads,285662194006.0,,,
Aerial3200,27,faster,dtlb-loads,301539232029.0,,,
Boat,27,faster,dtlb-loads,308689350120.0,,,
BoxingPractice,27,faster,dtlb-loads,922893463823.0,,,
Crosswalk,27,faster,dtlb-loads,901753249300.0,,,
CrowdRun,27,faster,dtlb-loads,343886403930.0,,,
DinnerSceneCropped,27,faster,dtlb-loads,281436493850.0,,,
FoodMarket,27,faster,dtlb-loads,331612435793.0,,,
FoodMarket2,27,faster,dtlb-loads,984973979169.0,,,
MeridianTalk_sdr,27,faster,dtlb-loads,223519366547.0,,,
Motorcycle,27,faster,dtlb-loads,339934615323.0,,,
MountainBike,27,faster,dtlb-loads,290022857723.0,,,
Neon1224,27,faster,dtlb-loads,849919272417.0,,,
NocturneDance_3840x2160p_8bit,27,faster,dtlb-loads,889845364706.0,,,
OldTownCross,27,faster,dtlb-loads,329838044591.0,,,
PedestrianArea,27,faster,dtlb-loads,232916087075.0,,,
PierSeaSide,27,faster,dtlb-loads,890992036371.0,,,
RitualDance,27,faster,dtlb-loads,203487026524.0,,,
Riverbed,27,faster,dtlb-loads,272919659092.0,,,
RushFieldCuts,27,faster,dtlb-loads,288364242528.0,,,
Skater227,27,faster,dtlb-loads,,,,
Tango,27,faster,dtlb-loads,986654002615.0,,,
TimeLapse,27,faster,dtlb-loads,1127983105606.0,,,
ToddlerFountain,27,faster,dtlb-loads,298200398705.0,,,
TreesAndGrass_1920_1080,27,faster,dtlb-loads,407223728176.0,,,
TunnelFlag,27,faster,dtlb-loads,255817098352.0,,,
Vertical_Carnaby,27,faster,dtlb-loads,200090975951.0,,,
Vertical_bees,27,faster,dtlb-loads,224089099884.0,,,
WalkingInStreet,27,faster,dtlb-loads,328111697741.0,,,
WorldCup_1920x1080_30p,27,faster,dtlb-loads,199505797492.0,,,
WorldCup_far_1920x1080_30p,27,faster,dtlb-loads,311157650878.0,,,
Aerial3200,32,faster,dtlb-loads,270785470225.0,,,
Boat,32,faster,dtlb-loads,273562303053.0,,,
BoxingPractice,32,faster,dtlb-loads,797211604159.0,,,
Crosswalk,32,faster,dtlb-loads,791284110404.0,,,
CrowdRun,32,faster,dtlb-loads,355698752792.0,,,
DinnerSceneCropped,32,faster,dtlb-loads,214839460465.0,,,
FoodMarket,32,faster,dtlb-loads,227103088565.0,,,
FoodMarket2,32,faster,dtlb-loads,873642505673.0,,,
MeridianTalk_sdr,32,faster,dtlb-loads,195406936077.0,,,
Motorcycle,32,faster,dtlb-loads,252466838313.0,,,
MountainBike,32,faster,dtlb-loads,259649720601.0,,,
Neon1224,32,faster,dtlb-loads,768175948220.0,,,
NocturneDance_3840x2160p_8bit,32,faster,dtlb-loads,789628594150.0,,,
OldTownCross,32,faster,dtlb-loads,252343684133.0,,,
PedestrianArea,32,faster,dtlb-loads,203493964452.0,,,
PierSeaSide,32,faster,dtlb-loads,787560743926.0,,,
RitualDance,32,faster,dtlb-loads,187308067708.0,,,
Riverbed,32,faster,dtlb-loads,237003123262.0,,,
RushFieldCuts,32,faster,dtlb-loads,251190259120.0,,,
Skater227,32,faster,dtlb-loads,,,,
Tango,32,faster,dtlb-loads,830849724389.0,,,
TimeLapse,32,faster,dtlb-loads,819290654649.0,,,
ToddlerFountain,32,faster,dtlb-loads,257956385682.0,,,
TreesAndGrass_1920_1080,32,faster,dtlb-loads,307051558463.0,,,
TunnelFlag,32,faster,dtlb-loads,270637711812.0,,,
Vertical_Carnaby,32,faster,dtlb-loads,184349936994.0,,,
Vertical_bees,32,faster,dtlb-loads,205121043337.0,,,
WalkingInStreet,32,faster,dtlb-loads,293394392470.0,,,
WorldCup_1920x1080_30p,32,faster,dtlb-loads,183625261212.0,,,
WorldCup_far_1920x1080_30p,32,faster,dtlb-loads,230472923177.0,,,
Aerial3200,37,faster,dtlb-loads,244371894774.0,,,
Boat,37,faster,dtlb-loads,243413916386.0,,,
BoxingPractice,37,faster,dtlb-loads,734959332635.0,,,
Crosswalk,37,faster,dtlb-loads,734421812591.0,,,
CrowdRun,37,faster,dtlb-loads,309906266161.0,,,
DinnerSceneCropped,37,faster,dtlb-loads,184235408572.0,,,
FoodMarket,37,faster,dtlb-loads,203481521492.0,,,
FoodMarket2,37,faster,dtlb-loads,800719556231.0,,,
MeridianTalk_sdr,37,faster,dtlb-loads,180458627319.0,,,
Motorcycle,37,faster,dtlb-loads,227649890171.0,,,
MountainBike,37,faster,dtlb-loads,233723391460.0,,,
Neon1224,37,faster,dtlb-loads,706549256920.0,,,
NocturneDance_3840x2160p_8bit,37,faster,dtlb-loads,721061550518.0,,,
OldTownCross,37,faster,dtlb-loads,213903604354.0,,,
PedestrianArea,37,faster,dtlb-loads,187604632231.0,,,
PierSeaSide,37,faster,dtlb-loads,877186870605.0,,,
RitualDance,37,faster,dtlb-loads,174178057822.0,,,
Riverbed,37,faster,dtlb-loads,214378690263.0,,,
RushFieldCuts,37,faster,dtlb-loads,222439034846.0,,,
Skater227,37,faster,dtlb-loads,,,,
Tango,37,faster,dtlb-loads,757706870358.0,,,
TimeLapse,37,faster,dtlb-loads,749514973127.0,,,
ToddlerFountain,37,faster,dtlb-loads,223384487670.0,,,
TreesAndGrass_1920_1080,37,faster,dtlb-loads,275137367342.0,,,
TunnelFlag,37,faster,dtlb-loads,200102766936.0,,,
Vertical_Carnaby,37,faster,dtlb-loads,173549581613.0,,,
Vertical_bees,37,faster,dtlb-loads,190410432870.0,,,
WalkingInStreet,37,faster,dtlb-loads,260294374106.0,,,
WorldCup_1920x1080_30p,37,faster,dtlb-loads,173023475572.0,,,
WorldCup_far_1920x1080_30p,37,faster,dtlb-loads,209955567951.0,,,
Aerial3200,22,superfast,dtlb-loads,329836832969.0,,,
Boat,22,superfast,dtlb-loads,399029816726.0,,,
BoxingPractice,22,superfast,dtlb-loads,1083353554676.0,,,
Crosswalk,22,superfast,dtlb-loads,1075883423175.0,,,
CrowdRun,22,superfast,dtlb-loads,383025703273.0,,,
DinnerSceneCropped,22,superfast,dtlb-loads,344912993518.0,,,
FoodMarket,22,superfast,dtlb-loads,329190314664.0,,,
FoodMarket2,22,superfast,dtlb-loads,1119668830134.0,,,
MeridianTalk_sdr,22,superfast,dtlb-loads,329267552796.0,,,
Motorcycle,22,superfast,dtlb-loads,302143248153.0,,,
MountainBike,22,superfast,dtlb-loads,310241206346.0,,,
Neon1224,22,superfast,dtlb-loads,924194788414.0,,,
NocturneDance_3840x2160p_8bit,22,superfast,dtlb-loads,980442178738.0,,,
OldTownCross,22,superfast,dtlb-loads,390127121981.0,,,
PedestrianArea,22,superfast,dtlb-loads,279720597775.0,,,
PierSeaSide,22,superfast,dtlb-loads,1022243977206.0,,,
RitualDance,22,superfast,dtlb-loads,220667882106.0,,,
Riverbed,22,superfast,dtlb-loads,314424547655.0,,,
RushFieldCuts,22,superfast,dtlb-loads,311072301246.0,,,
Skater227,22,superfast,dtlb-loads,,,,
Tango,22,superfast,dtlb-loads,1468179171195.0,,,
TimeLapse,22,superfast,dtlb-loads,1037758389765.0,,,
ToddlerFountain,22,superfast,dtlb-loads,332721788828.0,,,
TreesAndGrass_1920_1080,22,superfast,dtlb-loads,424490090565.0,,,
TunnelFlag,22,superfast,dtlb-loads,347613703800.0,,,
Vertical_Carnaby,22,superfast,dtlb-loads,263192851212.0,,,
Vertical_bees,22,superfast,dtlb-loads,242378400324.0,,,
WalkingInStreet,22,superfast,dtlb-loads,348280685894.0,,,
WorldCup_1920x1080_30p,22,superfast,dtlb-loads,216027421367.0,,,
WorldCup_far_1920x1080_30p,22,superfast,dtlb-loads,280260866946.0,,,
Aerial3200,27,superfast,dtlb-loads,297617290894.0,,,
Boat,27,superfast,dtlb-loads,359564617691.0,,,
BoxingPractice,27,superfast,dtlb-loads,895883877098.0,,,
Crosswalk,27,superfast,dtlb-loads,867830172642.0,,,
CrowdRun,27,superfast,dtlb-loads,397587521695.0,,,
DinnerSceneCropped,27,superfast,dtlb-loads,269126016547.0,,,
FoodMarket,27,superfast,dtlb-loads,261243485378.0,,,
FoodMarket2,27,superfast,dtlb-loads,957278988686.0,,,
MeridianTalk_sdr,27,superfast,dtlb-loads,216807069557.0,,,
Motorcycle,27,superfast,dtlb-loads,273837393844.0,,,
MountainBike,27,superfast,dtlb-loads,281461848700.0,,,
Neon1224,27,superfast,dtlb-loads,834031939338.0,,,
NocturneDance_3840x2160p_8bit,27,superfast,dtlb-loads,1064753219843.0,,,
OldTownCross,27,superfast,dtlb-loads,316049597982.0,,,
PedestrianArea,27,superfast,dtlb-loads,227173561111.0,,,
PierSeaSide,27,superfast,dtlb-loads,1056660952655.0,,,
RitualDance,27,superfast,dtlb-loads,199706127335.0,,,
Riverbed,27,superfast,dtlb-loads,263179525885.0,,,
RushFieldCuts,27,superfast,dtlb-loads,279105592895.0,,,
Skater227,27,superfast,dtlb-loads,,,,
Tango,27,superfast,dtlb-loads,944922474244.0,,,
TimeLapse,27,superfast,dtlb-loads,900152085692.0,,,
ToddlerFountain,27,superfast,dtlb-loads,287635622219.0,,,
TreesAndGrass_1920_1080,27,superfast,dtlb-loads,325496889494.0,,,
TunnelFlag,27,superfast,dtlb-loads,250118559488.0,,,
Vertical_Carnaby,27,superfast,dtlb-loads,241001877181.0,,,
Vertical_bees,27,superfast,dtlb-loads,220321852090.0,,,
WalkingInStreet,27,superfast,dtlb-loads,324657393025.0,,,
WorldCup_1920x1080_30p,27,superfast,dtlb-loads,196569118874.0,,,
WorldCup_far_1920x1080_30p,27,superfast,dtlb-loads,251208414477.0,,,
Aerial3200,32,superfast,dtlb-loads,267572993724.0,,,
Boat,32,superfast,dtlb-loads,319689630262.0,,,
BoxingPractice,32,superfast,dtlb-loads,785478794420.0,,,
Crosswalk,32,superfast,dtlb-loads,777009097239.0,,,
CrowdRun,32,superfast,dtlb-loads,341643219774.0,,,
DinnerSceneCropped,32,superfast,dtlb-loads,251677125399.0,,,
FoodMarket,32,superfast,dtlb-loads,220430580206.0,,,
FoodMarket2,32,superfast,dtlb-loads,854872278540.0,,,
MeridianTalk_sdr,32,superfast,dtlb-loads,192483884896.0,,,
Motorcycle,32,superfast,dtlb-loads,246313037190.0,,,
MountainBike,32,superfast,dtlb-loads,252363997964.0,,,
Neon1224,32,superfast,dtlb-loads,757850489353.0,,,
NocturneDance_3840x2160p_8bit,32,superfast,dtlb-loads,775657891854.0,,,
OldTownCross,32,superfast,dtlb-loads,242493005294.0,,,
PedestrianArea,32,superfast,dtlb-loads,200197947158.0,,,
PierSeaSide,32,superfast,dtlb-loads,774545005460.0,,,
RitualDance,32,superfast,dtlb-loads,184312212742.0,,,
Riverbed,32,superfast,dtlb-loads,278919335802.0,,,
RushFieldCuts,32,superfast,dtlb-loads,244385014841.0,,,
Skater227,32,superfast,dtlb-loads,,,,
Tango,32,superfast,dtlb-loads,810534718425.0,,,
TimeLapse,32,superfast,dtlb-loads,977174369965.0,,,
ToddlerFountain,32,superfast,dtlb-loads,249554079412.0,,,
TreesAndGrass_1920_1080,32,superfast,dtlb-loads,294166718876.0,,,
TunnelFlag,32,superfast,dtlb-loads,218974160420.0,,,
Vertical_Carnaby,32,superfast,dtlb-loads,182309040003.0,,,
Vertical_bees,32,superfast,dtlb-loads,201642416370.0,,,
WalkingInStreet,32,superfast,dtlb-loads,290331922659.0,,,
WorldCup_1920x1080_30p,32,superfast,dtlb-loads,181543778894.0,,,
WorldCup_far_1920x1080_30p,32,superfast,dtlb-loads,226462878099.0,,,
Aerial3200,37,superfast,dtlb-loads,242150866750.0,,,
Boat,37,superfast,dtlb-loads,236030817272.0,,,
BoxingPractice,37,superfast,dtlb-loads,727296673716.0,,,
Crosswalk,37,superfast,dtlb-loads,728242037357.0,,,
CrowdRun,37,superfast,dtlb-loads,298887031720.0,,,
DinnerSceneCropped,37,superfast,dtlb-loads,182425017569.0,,,
FoodMarket,37,superfast,dtlb-loads,199197374567.0,,,
FoodMarket2,37,superfast,dtlb-loads,787217718464.0,,,
MeridianTalk_sdr,37,superfast,dtlb-loads,217268232904.0,,,
Motorcycle,37,superfast,dtlb-loads,222831028748.0,,,
MountainBike,37,superfast,dtlb-loads,227833134900.0,,,
Neon1224,37,superfast,dtlb-loads,700672026042.0,,,
NocturneDance_3840x2160p_8bit,37,superfast,dtlb-loads,711128096813.0,,,
OldTownCross,37,superfast,dtlb-loads,209870823177.0,,,
PedestrianArea,37,superfast,dtlb-loads,184892768823.0,,,
PierSeaSide,37,superfast,dtlb-loads,709597598747.0,,,
RitualDance,37,superfast,dtlb-loads,172517368997.0,,,
Riverbed,37,superfast,dtlb-loads,207414300393.0,,,
RushFieldCuts,37,superfast,dtlb-loads,217677627537.0,,,
Skater227,37,superfast,dtlb-loads,,,,
Tango,37,superfast,dtlb-loads,749290055447.0,,,
TimeLapse,37,superfast,dtlb-loads,737212866920.0,,,
ToddlerFountain,37,superfast,dtlb-loads,217771782071.0,,,
TreesAndGrass_1920_1080,37,superfast,dtlb-loads,264546371431.0,,,
TunnelFlag,37,superfast,dtlb-loads,239935749102.0,,,
Vertical_Carnaby,37,superfast,dtlb-loads,172007439357.0,,,
Vertical_bees,37,superfast,dtlb-loads,188536874610.0,,,
WalkingInStreet,37,superfast,dtlb-loads,256750315900.0,,,
WorldCup_1920x1080_30p,37,superfast,dtlb-loads,171602157983.0,,,
WorldCup_far_1920x1080_30p,37,superfast,dtlb-loads,206634403686.0,,,
Aerial3200,22,veryfast,dtlb-loads,334773845294.0,,,
Boat,22,veryfast,dtlb-loads,343961643291.0,,,
BoxingPractice,22,veryfast,dtlb-loads,1121543566567.0,,,
Crosswalk,22,veryfast,dtlb-loads,1124580661797.0,,,
CrowdRun,22,veryfast,dtlb-loads,399028983958.0,,,
DinnerSceneCropped,22,veryfast,dtlb-loads,362747200197.0,,,
FoodMarket,22,veryfast,dtlb-loads,343585515040.0,,,
FoodMarket2,22,veryfast,dtlb-loads,1405148632379.0,,,
MeridianTalk_sdr,22,veryfast,dtlb-loads,282444783510.0,,,
Motorcycle,22,veryfast,dtlb-loads,373655119823.0,,,
MountainBike,22,veryfast,dtlb-loads,319937987775.0,,,
Neon1224,22,veryfast,dtlb-loads,947470902621.0,,,
NocturneDance_3840x2160p_8bit,22,veryfast,dtlb-loads,1006657783825.0,,,
OldTownCross,22,veryfast,dtlb-loads,407159407814.0,,,
PedestrianArea,22,veryfast,dtlb-loads,288931800173.0,,,
PierSeaSide,22,veryfast,dtlb-loads,1054480612222.0,,,
RitualDance,22,veryfast,dtlb-loads,226334648177.0,,,
Riverbed,22,veryfast,dtlb-loads,325571798164.0,,,
RushFieldCuts,22,veryfast,dtlb-loads,322271447762.0,,,
Skater227,22,veryfast,dtlb-loads,,,,
Tango,22,veryfast,dtlb-loads,1267626802963.0,,,
TimeLapse,22,veryfast,dtlb-loads,1071270211725.0,,,
ToddlerFountain,22,veryfast,dtlb-loads,345705596070.0,,,
TreesAndGrass_1920_1080,22,veryfast,dtlb-loads,371519478260.0,,,
TunnelFlag,22,veryfast,dtlb-loads,297098333166.0,,,
Vertical_Carnaby,22,veryfast,dtlb-loads,219719091889.0,,,
Vertical_bees,22,veryfast,dtlb-loads,247232816804.0,,,
WalkingInStreet,22,veryfast,dtlb-loads,351379240369.0,,,
WorldCup_1920x1080_30p,22,veryfast,dtlb-loads,220088511244.0,,,
WorldCup_far_1920x1080_30p,22,veryfast,dtlb-loads,285788466179.0,,,
Aerial3200,27,veryfast,dtlb-loads,301476920255.0,,,
Boat,27,veryfast,dtlb-loads,308867886820.0,,,
BoxingPractice,27,veryfast,dtlb-loads,923771337212.0,,,
Crosswalk,27,veryfast,dtlb-loads,900973967605.0,,,
CrowdRun,27,veryfast,dtlb-loads,344405967805.0,,,
DinnerSceneCropped,27,veryfast,dtlb-loads,281711882025.0,,,
FoodMarket,27,veryfast,dtlb-loads,272438944266.0,,,
FoodMarket2,27,veryfast,dtlb-loads,985452928416.0,,,
MeridianTalk_sdr,27,veryfast,dtlb-loads,272334325298.0,,,
Motorcycle,27,veryfast,dtlb-loads,281248140556.0,,,
MountainBike,27,veryfast,dtlb-loads,289746862064.0,,,
Neon1224,27,veryfast,dtlb-loads,850182338459.0,,,
NocturneDance_3840x2160p_8bit,27,veryfast,dtlb-loads,1093595924353.0,,,
OldTownCross,27,veryfast,dtlb-loads,329911118992.0,,,
PedestrianArea,27,veryfast,dtlb-loads,232310624786.0,,,
PierSeaSide,27,veryfast,dtlb-loads,890154705677.0,,,
RitualDance,27,veryfast,dtlb-loads,203242330493.0,,,
Riverbed,27,veryfast,dtlb-loads,272527269936.0,,,
RushFieldCuts,27,veryfast,dtlb-loads,288551638345.0,,,
Skater227,27,veryfast,dtlb-loads,,,,
Tango,27,veryfast,dtlb-loads,986459504161.0,,,
TimeLapse,27,veryfast,dtlb-loads,923625154477.0,,,
ToddlerFountain,27,veryfast,dtlb-loads,298404583789.0,,,
TreesAndGrass_1920_1080,27,veryfast,dtlb-loads,407163708609.0,,,
TunnelFlag,27,veryfast,dtlb-loads,255359942526.0,,,
Vertical_Carnaby,27,veryfast,dtlb-loads,200087001898.0,,,
Vertical_bees,27,veryfast,dtlb-loads,224290221777.0,,,
WalkingInStreet,27,veryfast,dtlb-loads,328214685576.0,,,
WorldCup_1920x1080_30p,27,veryfast,dtlb-loads,199529387786.0,,,
WorldCup_far_1920x1080_30p,27,veryfast,dtlb-loads,256869052953.0,,,
Aerial3200,32,veryfast,dtlb-loads,270919709063.0,,,
Boat,32,veryfast,dtlb-loads,273457878879.0,,,
BoxingPractice,32,veryfast,dtlb-loads,797525095821.0,,,
Crosswalk,32,veryfast,dtlb-loads,791933203062.0,,,
CrowdRun,32,veryfast,dtlb-loads,293505411627.0,,,
DinnerSceneCropped,32,veryfast,dtlb-loads,214785064453.0,,,
FoodMarket,32,veryfast,dtlb-loads,227309178788.0,,,
FoodMarket2,32,veryfast,dtlb-loads,1070552974623.0,,,
MeridianTalk_sdr,32,veryfast,dtlb-loads,238326750361.0,,,
Motorcycle,32,veryfast,dtlb-loads,252518854914.0,,,
MountainBike,32,veryfast,dtlb-loads,259362087391.0,,,
Neon1224,32,veryfast,dtlb-loads,768355361384.0,,,
NocturneDance_3840x2160p_8bit,32,veryfast,dtlb-loads,789164293044.0,,,
OldTownCross,32,veryfast,dtlb-loads,252211520296.0,,,
PedestrianArea,32,veryfast,dtlb-loads,203490378413.0,,,
PierSeaSide,32,veryfast,dtlb-loads,787166373319.0,,,
RitualDance,32,veryfast,dtlb-loads,186851175962.0,,,
Riverbed,32,veryfast,dtlb-loads,236873913666.0,,,
RushFieldCuts,32,veryfast,dtlb-loads,251400169608.0,,,
Skater227,32,veryfast,dtlb-loads,,,,
Tango,32,veryfast,dtlb-loads,830529221283.0,,,
TimeLapse,32,veryfast,dtlb-loads,819101341729.0,,,
ToddlerFountain,32,veryfast,dtlb-loads,257853429107.0,,,
TreesAndGrass_1920_1080,32,veryfast,dtlb-loads,306845727920.0,,,
TunnelFlag,32,veryfast,dtlb-loads,270591456130.0,,,
Vertical_Carnaby,32,veryfast,dtlb-loads,184231725692.0,,,
Vertical_bees,32,veryfast,dtlb-loads,205019456188.0,,,
WalkingInStreet,32,veryfast,dtlb-loads,293352403077.0,,,
WorldCup_1920x1080_30p,32,veryfast,dtlb-loads,225190528150.0,,,
WorldCup_far_1920x1080_30p,32,veryfast,dtlb-loads,280658643558.0,,,
Aerial3200,37,veryfast,dtlb-loads,244556333719.0,,,
Boat,37,veryfast,dtlb-loads,243391565232.0,,,
BoxingPractice,37,veryfast,dtlb-loads,734427971782.0,,,
Crosswalk,37,veryfast,dtlb-loads,734516883483.0,,,
CrowdRun,37,veryfast,dtlb-loads,254356096335.0,,,
DinnerSceneCropped,37,veryfast,dtlb-loads,183794924709.0,,,
FoodMarket,37,veryfast,dtlb-loads,203781276547.0,,,
FoodMarket2,37,veryfast,dtlb-loads,800404346204.0,,,
MeridianTalk_sdr,37,veryfast,dtlb-loads,180636984723.0,,,
Motorcycle,37,veryfast,dtlb-loads,228133712776.0,,,
MountainBike,37,veryfast,dtlb-loads,233503386763.0,,,
Neon1224,37,veryfast,dtlb-loads,706665111689.0,,,
NocturneDance_3840x2160p_8bit,37,veryfast,dtlb-loads,720756617324.0,,,
OldTownCross,37,veryfast,dtlb-loads,213771299950.0,,,
PedestrianArea,37,veryfast,dtlb-loads,187790478542.0,,,
PierSeaSide,37,veryfast,dtlb-loads,718156055021.0,,,
RitualDance,37,veryfast,dtlb-loads,174263416083.0,,,
Riverbed,37,veryfast,dtlb-loads,213806807921.0,,,
RushFieldCuts,37,veryfast,dtlb-loads,222685366269.0,,,
Skater227,37,veryfast,dtlb-loads,,,,
Tango,37,veryfast,dtlb-loads,757984910216.0,,,
TimeLapse,37,veryfast,dtlb-loads,749775324912.0,,,
ToddlerFountain,37,veryfast,dtlb-loads,223614386307.0,,,
TreesAndGrass_1920_1080,37,veryfast,dtlb-loads,275629380261.0,,,
TunnelFlag,37,veryfast,dtlb-loads,243814753509.0,,,
Vertical_Carnaby,37,veryfast,dtlb-loads,173728695061.0,,,
Vertical_bees,37,veryfast,dtlb-loads,190675767817.0,,,
WalkingInStreet,37,veryfast,dtlb-loads,259900922959.0,,,
WorldCup_1920x1080_30p,37,veryfast,dtlb-loads,173170308269.0,,,
WorldCup_far_1920x1080_30p,37,veryfast,dtlb-loads,209710841380.0,,,
Aerial3200,22,fast,dtlb-store-misses,11621025.0,,,
Boat,22,fast,dtlb-store-misses,12715056.0,,,
BoxingPractice,22,fast,dtlb-store-misses,32235809.0,,,
Crosswalk,22,fast,dtlb-store-misses,31678493.0,,,
CrowdRun,22,fast,dtlb-store-misses,15415162.0,,,
DinnerSceneCropped,22,fast,dtlb-store-misses,14103567.0,,,
FoodMarket,22,fast,dtlb-store-misses,12257250.0,,,
FoodMarket2,22,fast,dtlb-store-misses,32643210.0,,,
MeridianTalk_sdr,22,fast,dtlb-store-misses,10873339.0,,,
Motorcycle,22,fast,dtlb-store-misses,6380141.0,,,
MountainBike,22,fast,dtlb-store-misses,12685962.0,,,
Neon1224,22,fast,dtlb-store-misses,37061581.0,,,
NocturneDance_3840x2160p_8bit,22,fast,dtlb-store-misses,48098084.0,,,
OldTownCross,22,fast,dtlb-store-misses,14695620.0,,,
PedestrianArea,22,fast,dtlb-store-misses,10984717.0,,,
PierSeaSide,22,fast,dtlb-store-misses,31546524.0,,,
RitualDance,22,fast,dtlb-store-misses,4759716.0,,,
Riverbed,22,fast,dtlb-store-misses,11775731.0,,,
RushFieldCuts,22,fast,dtlb-store-misses,13153010.0,,,
Skater227,22,fast,dtlb-store-misses,,,,
Tango,22,fast,dtlb-store-misses,33474997.0,,,
TimeLapse,22,fast,dtlb-store-misses,29660612.0,,,
ToddlerFountain,22,fast,dtlb-store-misses,12765796.0,,,
TreesAndGrass_1920_1080,22,fast,dtlb-store-misses,13957465.0,,,
TunnelFlag,22,fast,dtlb-store-misses,13268729.0,,,
Vertical_Carnaby,22,fast,dtlb-store-misses,11337255.0,,,
Vertical_bees,22,fast,dtlb-store-misses,9598853.0,,,
WalkingInStreet,22,fast,dtlb-store-misses,15524488.0,,,
WorldCup_1920x1080_30p,22,fast,dtlb-store-misses,4377768.0,,,
WorldCup_far_1920x1080_30p,22,fast,dtlb-store-misses,5867041.0,,,
Aerial3200,27,fast,dtlb-store-misses,9727497.0,,,
Boat,27,fast,dtlb-store-misses,11155343.0,,,
BoxingPractice,27,fast,dtlb-store-misses,14236111.0,,,
Crosswalk,27,fast,dtlb-store-misses,14347070.0,,,
CrowdRun,27,fast,dtlb-store-misses,13151863.0,,,
DinnerSceneCropped,27,fast,dtlb-store-misses,9767432.0,,,
FoodMarket,27,fast,dtlb-store-misses,9787551.0,,,
FoodMarket2,27,fast,dtlb-store-misses,29003788.0,,,
MeridianTalk_sdr,27,fast,dtlb-store-misses,9594627.0,,,
Motorcycle,27,fast,dtlb-store-misses,10394686.0,,,
MountainBike,27,fast,dtlb-store-misses,11647433.0,,,
Neon1224,27,fast,dtlb-store-misses,13213677.0,,,
NocturneDance_3840x2160p_8bit,27,fast,dtlb-store-misses,28422184.0,,,
OldTownCross,27,fast,dtlb-store-misses,6733084.0,,,
PedestrianArea,27,fast,dtlb-store-misses,10194601.0,,,
PierSeaSide,27,fast,dtlb-store-misses,25349567.0,,,
RitualDance,27,fast,dtlb-store-misses,9059114.0,,,
Riverbed,27,fast,dtlb-store-misses,9503944.0,,,
RushFieldCuts,27,fast,dtlb-store-misses,10223646.0,,,
Skater227,27,fast,dtlb-store-misses,,,,
Tango,27,fast,dtlb-store-misses,39287783.0,,,
TimeLapse,27,fast,dtlb-store-misses,27817225.0,,,
ToddlerFountain,27,fast,dtlb-store-misses,10315266.0,,,
TreesAndGrass_1920_1080,27,fast,dtlb-store-misses,6894986.0,,,
TunnelFlag,27,fast,dtlb-store-misses,10397240.0,,,
Vertical_Carnaby,27,fast,dtlb-store-misses,8597290.0,,,
Vertical_bees,27,fast,dtlb-store-misses,4876775.0,,,
WalkingInStreet,27,fast,dtlb-store-misses,12079124.0,,,
WorldCup_1920x1080_30p,27,fast,dtlb-store-misses,7709741.0,,,
WorldCup_far_1920x1080_30p,27,fast,dtlb-store-misses,12061603.0,,,
Aerial3200,32,fast,dtlb-store-misses,9038595.0,,,
Boat,32,fast,dtlb-store-misses,10185424.0,,,
BoxingPractice,32,fast,dtlb-store-misses,12671418.0,,,
Crosswalk,32,fast,dtlb-store-misses,22041413.0,,,
CrowdRun,32,fast,dtlb-store-misses,13173784.0,,,
DinnerSceneCropped,32,fast,dtlb-store-misses,9475124.0,,,
FoodMarket,32,fast,dtlb-store-misses,4447994.0,,,
FoodMarket2,32,fast,dtlb-store-misses,26140419.0,,,
MeridianTalk_sdr,32,fast,dtlb-store-misses,6982442.0,,,
Motorcycle,32,fast,dtlb-store-misses,9257748.0,,,
MountainBike,32,fast,dtlb-store-misses,9879336.0,,,
Neon1224,32,fast,dtlb-store-misses,11485963.0,,,
NocturneDance_3840x2160p_8bit,32,fast,dtlb-store-misses,31020043.0,,,
OldTownCross,32,fast,dtlb-store-misses,5208038.0,,,
PedestrianArea,32,fast,dtlb-store-misses,8712836.0,,,
PierSeaSide,32,fast,dtlb-store-misses,22328112.0,,,
RitualDance,32,fast,dtlb-store-misses,7339643.0,,,
Riverbed,32,fast,dtlb-store-misses,4796850.0,,,
RushFieldCuts,32,fast,dtlb-store-misses,11424366.0,,,
Skater227,32,fast,dtlb-store-misses,,,,
Tango,32,fast,dtlb-store-misses,13051739.0,,,
TimeLapse,32,fast,dtlb-store-misses,24555560.0,,,
ToddlerFountain,32,fast,dtlb-store-misses,9384075.0,,,
TreesAndGrass_1920_1080,32,fast,dtlb-store-misses,11275904.0,,,
TunnelFlag,32,fast,dtlb-store-misses,9110002.0,,,
Vertical_Carnaby,32,fast,dtlb-store-misses,7762878.0,,,
Vertical_bees,32,fast,dtlb-store-misses,9727771.0,,,
WalkingInStreet,32,fast,dtlb-store-misses,5655690.0,,,
WorldCup_1920x1080_30p,32,fast,dtlb-store-misses,6822763.0,,,
WorldCup_far_1920x1080_30p,32,fast,dtlb-store-misses,5499235.0,,,
Aerial3200,37,fast,dtlb-store-misses,8036941.0,,,
Boat,37,fast,dtlb-store-misses,8747523.0,,,
BoxingPractice,37,fast,dtlb-store-misses,19681907.0,,,
Crosswalk,37,fast,dtlb-store-misses,28324275.0,,,
CrowdRun,37,fast,dtlb-store-misses,9510901.0,,,
DinnerSceneCropped,37,fast,dtlb-store-misses,6497644.0,,,
FoodMarket,37,fast,dtlb-store-misses,4397212.0,,,
FoodMarket2,37,fast,dtlb-store-misses,32340692.0,,,
MeridianTalk_sdr,37,fast,dtlb-store-misses,6826431.0,,,
Motorcycle,37,fast,dtlb-store-misses,8955680.0,,,
MountainBike,37,fast,dtlb-store-misses,9391607.0,,,
Neon1224,37,fast,dtlb-store-misses,33831815.0,,,
NocturneDance_3840x2160p_8bit,37,fast,dtlb-store-misses,21406584.0,,,
OldTownCross,37,fast,dtlb-store-misses,4368798.0,,,
PedestrianArea,37,fast,dtlb-store-misses,7146001.0,,,
PierSeaSide,37,fast,dtlb-store-misses,28724529.0,,,
RitualDance,37,fast,dtlb-store-misses,6549823.0,,,
Riverbed,37,fast,dtlb-store-misses,10310435.0,,,
RushFieldCuts,37,fast,dtlb-store-misses,10182913.0,,,
Skater227,37,fast,dtlb-store-misses,,,,
Tango,37,fast,dtlb-store-misses,32191325.0,,,
TimeLapse,37,fast,dtlb-store-misses,21609177.0,,,
ToddlerFountain,37,fast,dtlb-store-misses,4692364.0,,,
TreesAndGrass_1920_1080,37,fast,dtlb-store-misses,5586470.0,,,
TunnelFlag,37,fast,dtlb-store-misses,8501720.0,,,
Vertical_Carnaby,37,fast,dtlb-store-misses,7672169.0,,,
Vertical_bees,37,fast,dtlb-store-misses,8411314.0,,,
WalkingInStreet,37,fast,dtlb-store-misses,11569272.0,,,
WorldCup_1920x1080_30p,37,fast,dtlb-store-misses,3599386.0,,,
WorldCup_far_1920x1080_30p,37,fast,dtlb-store-misses,8224621.0,,,
Aerial3200,22,faster,dtlb-store-misses,12024380.0,,,
Boat,22,faster,dtlb-store-misses,12698843.0,,,
BoxingPractice,22,faster,dtlb-store-misses,33479286.0,,,
Crosswalk,22,faster,dtlb-store-misses,33855562.0,,,
CrowdRun,22,faster,dtlb-store-misses,14878191.0,,,
DinnerSceneCropped,22,faster,dtlb-store-misses,7065864.0,,,
FoodMarket,22,faster,dtlb-store-misses,13414647.0,,,
FoodMarket2,22,faster,dtlb-store-misses,39937537.0,,,
MeridianTalk_sdr,22,faster,dtlb-store-misses,11406792.0,,,
Motorcycle,22,faster,dtlb-store-misses,11309167.0,,,
MountainBike,22,faster,dtlb-store-misses,12508435.0,,,
Neon1224,22,faster,dtlb-store-misses,29245973.0,,,
NocturneDance_3840x2160p_8bit,22,faster,dtlb-store-misses,30042629.0,,,
OldTownCross,22,faster,dtlb-store-misses,14778064.0,,,
PedestrianArea,22,faster,dtlb-store-misses,10105277.0,,,
PierSeaSide,22,faster,dtlb-store-misses,29785522.0,,,
RitualDance,22,faster,dtlb-store-misses,8343023.0,,,
Riverbed,22,faster,dtlb-store-misses,11622301.0,,,
RushFieldCuts,22,faster,dtlb-store-misses,12034169.0,,,
Skater227,22,faster,dtlb-store-misses,,,,
Tango,22,faster,dtlb-store-misses,33345188.0,,,
TimeLapse,22,faster,dtlb-store-misses,41799628.0,,,
ToddlerFountain,22,faster,dtlb-store-misses,14117396.0,,,
TreesAndGrass_1920_1080,22,faster,dtlb-store-misses,13015568.0,,,
TunnelFlag,22,faster,dtlb-store-misses,11997805.0,,,
Vertical_Carnaby,22,faster,dtlb-store-misses,9832241.0,,,
Vertical_bees,22,faster,dtlb-store-misses,4883535.0,,,
WalkingInStreet,22,faster,dtlb-store-misses,14553220.0,,,
WorldCup_1920x1080_30p,22,faster,dtlb-store-misses,9383896.0,,,
WorldCup_far_1920x1080_30p,22,faster,dtlb-store-misses,11687548.0,,,
Aerial3200,27,faster,dtlb-store-misses,9904870.0,,,
Boat,27,faster,dtlb-store-misses,12016701.0,,,
BoxingPractice,27,faster,dtlb-store-misses,14200480.0,,,
Crosswalk,27,faster,dtlb-store-misses,25828308.0,,,
CrowdRun,27,faster,dtlb-store-misses,15270615.0,,,
DinnerSceneCropped,27,faster,dtlb-store-misses,5500301.0,,,
FoodMarket,27,faster,dtlb-store-misses,11364915.0,,,
FoodMarket2,27,faster,dtlb-store-misses,29229185.0,,,
MeridianTalk_sdr,27,faster,dtlb-store-misses,8973078.0,,,
Motorcycle,27,faster,dtlb-store-misses,12666860.0,,,
MountainBike,27,faster,dtlb-store-misses,11162660.0,,,
Neon1224,27,faster,dtlb-store-misses,25170812.0,,,
NocturneDance_3840x2160p_8bit,27,faster,dtlb-store-misses,13485906.0,,,
OldTownCross,27,faster,dtlb-store-misses,13337123.0,,,
PedestrianArea,27,faster,dtlb-store-misses,9679925.0,,,
PierSeaSide,27,faster,dtlb-store-misses,26162093.0,,,
RitualDance,27,faster,dtlb-store-misses,9171869.0,,,
Riverbed,27,faster,dtlb-store-misses,9854606.0,,,
RushFieldCuts,27,faster,dtlb-store-misses,13970588.0,,,
Skater227,27,faster,dtlb-store-misses,,,,
Tango,27,faster,dtlb-store-misses,28758881.0,,,
TimeLapse,27,faster,dtlb-store-misses,36178572.0,,,
ToddlerFountain,27,faster,dtlb-store-misses,5718017.0,,,
TreesAndGrass_1920_1080,27,faster,dtlb-store-misses,13855448.0,,,
TunnelFlag,27,faster,dtlb-store-misses,10569704.0,,,
Vertical_Carnaby,27,faster,dtlb-store-misses,8858906.0,,,
Vertical_bees,27,faster,dtlb-store-misses,4747589.0,,,
WalkingInStreet,27,faster,dtlb-store-misses,12450043.0,,,
WorldCup_1920x1080_30p,27,faster,dtlb-store-misses,7307204.0,,,
WorldCup_far_1920x1080_30p,27,faster,dtlb-store-misses,10607012.0,,,
Aerial3200,32,faster,dtlb-store-misses,8934505.0,,,
Boat,32,faster,dtlb-store-misses,7841663.0,,,
BoxingPractice,32,faster,dtlb-store-misses,24918612.0,,,
Crosswalk,32,faster,dtlb-store-misses,34259724.0,,,
CrowdRun,32,faster,dtlb-store-misses,11403937.0,,,
DinnerSceneCropped,32,faster,dtlb-store-misses,4087316.0,,,
FoodMarket,32,faster,dtlb-store-misses,10608716.0,,,
FoodMarket2,32,faster,dtlb-store-misses,25134375.0,,,
MeridianTalk_sdr,32,faster,dtlb-store-misses,7230585.0,,,
Motorcycle,32,faster,dtlb-store-misses,10212163.0,,,
MountainBike,32,faster,dtlb-store-misses,10138276.0,,,
Neon1224,32,faster,dtlb-store-misses,22582861.0,,,
NocturneDance_3840x2160p_8bit,32,faster,dtlb-store-misses,23528603.0,,,
OldTownCross,32,faster,dtlb-store-misses,8774172.0,,,
PedestrianArea,32,faster,dtlb-store-misses,8852722.0,,,
PierSeaSide,32,faster,dtlb-store-misses,26410702.0,,,
RitualDance,32,faster,dtlb-store-misses,7363102.0,,,
Riverbed,32,faster,dtlb-store-misses,8478541.0,,,
RushFieldCuts,32,faster,dtlb-store-misses,4812166.0,,,
Skater227,32,faster,dtlb-store-misses,,,,
Tango,32,faster,dtlb-store-misses,22934414.0,,,
TimeLapse,32,faster,dtlb-store-misses,22960299.0,,,
ToddlerFountain,32,faster,dtlb-store-misses,11581354.0,,,
TreesAndGrass_1920_1080,32,faster,dtlb-store-misses,11933252.0,,,
TunnelFlag,32,faster,dtlb-store-misses,9426962.0,,,
Vertical_Carnaby,32,faster,dtlb-store-misses,8560342.0,,,
Vertical_bees,32,faster,dtlb-store-misses,9100256.0,,,
WalkingInStreet,32,faster,dtlb-store-misses,11230261.0,,,
WorldCup_1920x1080_30p,32,faster,dtlb-store-misses,8713247.0,,,
WorldCup_far_1920x1080_30p,32,faster,dtlb-store-misses,9353459.0,,,
Aerial3200,37,faster,dtlb-store-misses,8360412.0,,,
Boat,37,faster,dtlb-store-misses,10000006.0,,,
BoxingPractice,37,faster,dtlb-store-misses,20377074.0,,,
Crosswalk,37,faster,dtlb-store-misses,30316714.0,,,
CrowdRun,37,faster,dtlb-store-misses,11459036.0,,,
DinnerSceneCropped,37,faster,dtlb-store-misses,8755877.0,,,
FoodMarket,37,faster,dtlb-store-misses,10164879.0,,,
FoodMarket2,37,faster,dtlb-store-misses,23438583.0,,,
MeridianTalk_sdr,37,faster,dtlb-store-misses,6758534.0,,,
Motorcycle,37,faster,dtlb-store-misses,9243524.0,,,
MountainBike,37,faster,dtlb-store-misses,8735782.0,,,
Neon1224,37,faster,dtlb-store-misses,33519380.0,,,
NocturneDance_3840x2160p_8bit,37,faster,dtlb-store-misses,24922901.0,,,
OldTownCross,37,faster,dtlb-store-misses,4623332.0,,,
PedestrianArea,37,faster,dtlb-store-misses,7446712.0,,,
PierSeaSide,37,faster,dtlb-store-misses,29425662.0,,,
RitualDance,37,faster,dtlb-store-misses,3588925.0,,,
Riverbed,37,faster,dtlb-store-misses,8061089.0,,,
RushFieldCuts,37,faster,dtlb-store-misses,4881389.0,,,
Skater227,37,faster,dtlb-store-misses,,,,
Tango,37,faster,dtlb-store-misses,21006270.0,,,
TimeLapse,37,faster,dtlb-store-misses,23160482.0,,,
ToddlerFountain,37,faster,dtlb-store-misses,8279939.0,,,
TreesAndGrass_1920_1080,37,faster,dtlb-store-misses,5682527.0,,,
TunnelFlag,37,faster,dtlb-store-misses,8546425.0,,,
Vertical_Carnaby,37,faster,dtlb-store-misses,3734593.0,,,
Vertical_bees,37,faster,dtlb-store-misses,8786001.0,,,
WalkingInStreet,37,faster,dtlb-store-misses,12718571.0,,,
WorldCup_1920x1080_30p,37,faster,dtlb-store-misses,6859811.0,,,
WorldCup_far_1920x1080_30p,37,faster,dtlb-store-misses,10837160.0,,,
Aerial3200,22,superfast,dtlb-store-misses,10062459.0,,,
Boat,22,superfast,dtlb-store-misses,9511474.0,,,
BoxingPractice,22,superfast,dtlb-store-misses,28750683.0,,,
Crosswalk,22,superfast,dtlb-store-misses,21369094.0,,,
CrowdRun,22,superfast,dtlb-store-misses,10550383.0,,,
DinnerSceneCropped,22,superfast,dtlb-store-misses,4932841.0,,,
FoodMarket,22,superfast,dtlb-store-misses,8948803.0,,,
FoodMarket2,22,superfast,dtlb-store-misses,23935021.0,,,
MeridianTalk_sdr,22,superfast,dtlb-store-misses,8162952.0,,,
Motorcycle,22,superfast,dtlb-store-misses,8526830.0,,,
MountainBike,22,superfast,dtlb-store-misses,4594733.0,,,
Neon1224,22,superfast,dtlb-store-misses,20195881.0,,,
NocturneDance_3840x2160p_8bit,22,superfast,dtlb-store-misses,10491450.0,,,
OldTownCross,22,superfast,dtlb-store-misses,10751010.0,,,
PedestrianArea,22,superfast,dtlb-store-misses,9525880.0,,,
PierSeaSide,22,superfast,dtlb-store-misses,20789663.0,,,
RitualDance,22,superfast,dtlb-store-misses,6072845.0,,,
Riverbed,22,superfast,dtlb-store-misses,8205771.0,,,
RushFieldCuts,22,superfast,dtlb-store-misses,8699836.0,,,
Skater227,22,superfast,dtlb-store-misses,,,,
Tango,22,superfast,dtlb-store-misses,30978553.0,,,
TimeLapse,22,superfast,dtlb-store-misses,10930101.0,,,
ToddlerFountain,22,superfast,dtlb-store-misses,9768177.0,,,
TreesAndGrass_1920_1080,22,superfast,dtlb-store-misses,10694279.0,,,
TunnelFlag,22,superfast,dtlb-store-misses,9283062.0,,,
Vertical_Carnaby,22,superfast,dtlb-store-misses,7086739.0,,,
Vertical_bees,22,superfast,dtlb-store-misses,7341402.0,,,
WalkingInStreet,22,superfast,dtlb-store-misses,8334362.0,,,
WorldCup_1920x1080_30p,22,superfast,dtlb-store-misses,6538652.0,,,
WorldCup_far_1920x1080_30p,22,superfast,dtlb-store-misses,7369675.0,,,
Aerial3200,27,superfast,dtlb-store-misses,7051852.0,,,
Boat,27,superfast,dtlb-store-misses,8489242.0,,,
BoxingPractice,27,superfast,dtlb-store-misses,20410367.0,,,
Crosswalk,27,superfast,dtlb-store-misses,17002802.0,,,
CrowdRun,27,superfast,dtlb-store-misses,10391913.0,,,
DinnerSceneCropped,27,superfast,dtlb-store-misses,3620871.0,,,
FoodMarket,27,superfast,dtlb-store-misses,3599825.0,,,
FoodMarket2,27,superfast,dtlb-store-misses,10625633.0,,,
MeridianTalk_sdr,27,superfast,dtlb-store-misses,6562595.0,,,
Motorcycle,27,superfast,dtlb-store-misses,7488602.0,,,
MountainBike,27,superfast,dtlb-store-misses,9362096.0,,,
Neon1224,27,superfast,dtlb-store-misses,18016092.0,,,
NocturneDance_3840x2160p_8bit,27,superfast,dtlb-store-misses,23570414.0,,,
OldTownCross,27,superfast,dtlb-store-misses,8687102.0,,,
PedestrianArea,27,superfast,dtlb-store-misses,6127710.0,,,
PierSeaSide,27,superfast,dtlb-store-misses,24171424.0,,,
RitualDance,27,superfast,dtlb-store-misses,5982292.0,,,
Riverbed,27,superfast,dtlb-store-misses,8200487.0,,,
RushFieldCuts,27,superfast,dtlb-store-misses,7643050.0,,,
Skater227,27,superfast,dtlb-store-misses,,,,
Tango,27,superfast,dtlb-store-misses,10137136.0,,,
TimeLapse,27,superfast,dtlb-store-misses,19942583.0,,,
ToddlerFountain,27,superfast,dtlb-store-misses,8097126.0,,,
TreesAndGrass_1920_1080,27,superfast,dtlb-store-misses,8503955.0,,,
TunnelFlag,27,superfast,dtlb-store-misses,6914396.0,,,
Vertical_Carnaby,27,superfast,dtlb-store-misses,6710732.0,,,
Vertical_bees,27,superfast,dtlb-store-misses,7280361.0,,,
WalkingInStreet,27,superfast,dtlb-store-misses,5047908.0,,,
WorldCup_1920x1080_30p,27,superfast,dtlb-store-misses,5640334.0,,,
WorldCup_far_1920x1080_30p,27,superfast,dtlb-store-misses,12266288.0,,,
Aerial3200,32,superfast,dtlb-store-misses,5823338.0,,,
Boat,32,superfast,dtlb-store-misses,7988024.0,,,
BoxingPractice,32,superfast,dtlb-store-misses,16059708.0,,,
Crosswalk,32,superfast,dtlb-store-misses,15110273.0,,,
CrowdRun,32,superfast,dtlb-store-misses,8500086.0,,,
DinnerSceneCropped,32,superfast,dtlb-store-misses,6675810.0,,,
FoodMarket,32,superfast,dtlb-store-misses,5854374.0,,,
FoodMarket2,32,superfast,dtlb-store-misses,19408374.0,,,
MeridianTalk_sdr,32,superfast,dtlb-store-misses,5533728.0,,,
Motorcycle,32,superfast,dtlb-store-misses,7365411.0,,,
MountainBike,32,superfast,dtlb-store-misses,7669095.0,,,
Neon1224,32,superfast,dtlb-store-misses,26433644.0,,,
NocturneDance_3840x2160p_8bit,32,superfast,dtlb-store-misses,16344662.0,,,
OldTownCross,32,superfast,dtlb-store-misses,6788050.0,,,
PedestrianArea,32,superfast,dtlb-store-misses,5760493.0,,,
PierSeaSide,32,superfast,dtlb-store-misses,7775762.0,,,
RitualDance,32,superfast,dtlb-store-misses,2808055.0,,,
Riverbed,32,superfast,dtlb-store-misses,7535233.0,,,
RushFieldCuts,32,superfast,dtlb-store-misses,7107707.0,,,
Skater227,32,superfast,dtlb-store-misses,,,,
Tango,32,superfast,dtlb-store-misses,8885488.0,,,
TimeLapse,32,superfast,dtlb-store-misses,26808954.0,,,
ToddlerFountain,32,superfast,dtlb-store-misses,6916050.0,,,
TreesAndGrass_1920_1080,32,superfast,dtlb-store-misses,8046766.0,,,
TunnelFlag,32,superfast,dtlb-store-misses,6379268.0,,,
Vertical_Carnaby,32,superfast,dtlb-store-misses,7391512.0,,,
Vertical_bees,32,superfast,dtlb-store-misses,3355766.0,,,
WalkingInStreet,32,superfast,dtlb-store-misses,8062673.0,,,
WorldCup_1920x1080_30p,32,superfast,dtlb-store-misses,2924815.0,,,
WorldCup_far_1920x1080_30p,32,superfast,dtlb-store-misses,6629335.0,,,
Aerial3200,37,superfast,dtlb-store-misses,5707306.0,,,
Boat,37,superfast,dtlb-store-misses,6473196.0,,,
BoxingPractice,37,superfast,dtlb-store-misses,15391189.0,,,
Crosswalk,37,superfast,dtlb-store-misses,14458190.0,,,
CrowdRun,37,superfast,dtlb-store-misses,8174851.0,,,
DinnerSceneCropped,37,superfast,dtlb-store-misses,5075843.0,,,
FoodMarket,37,superfast,dtlb-store-misses,5164589.0,,,
FoodMarket2,37,superfast,dtlb-store-misses,24109431.0,,,
MeridianTalk_sdr,37,superfast,dtlb-store-misses,6144082.0,,,
Motorcycle,37,superfast,dtlb-store-misses,6749747.0,,,
MountainBike,37,superfast,dtlb-store-misses,6360854.0,,,
Neon1224,37,superfast,dtlb-store-misses,15190624.0,,,
NocturneDance_3840x2160p_8bit,37,superfast,dtlb-store-misses,7722112.0,,,
OldTownCross,37,superfast,dtlb-store-misses,5714779.0,,,
PedestrianArea,37,superfast,dtlb-store-misses,2989200.0,,,
PierSeaSide,37,superfast,dtlb-store-misses,14854271.0,,,
RitualDance,37,superfast,dtlb-store-misses,2888141.0,,,
Riverbed,37,superfast,dtlb-store-misses,2952051.0,,,
RushFieldCuts,37,superfast,dtlb-store-misses,3081851.0,,,
Skater227,37,superfast,dtlb-store-misses,,,,
Tango,37,superfast,dtlb-store-misses,15363398.0,,,
TimeLapse,37,superfast,dtlb-store-misses,15543424.0,,,
ToddlerFountain,37,superfast,dtlb-store-misses,5766206.0,,,
TreesAndGrass_1920_1080,37,superfast,dtlb-store-misses,9573953.0,,,
TunnelFlag,37,superfast,dtlb-store-misses,6447729.0,,,
Vertical_Carnaby,37,superfast,dtlb-store-misses,3147005.0,,,
Vertical_bees,37,superfast,dtlb-store-misses,6499669.0,,,
WalkingInStreet,37,superfast,dtlb-store-misses,5224581.0,,,
WorldCup_1920x1080_30p,37,superfast,dtlb-store-misses,5075058.0,,,
WorldCup_far_1920x1080_30p,37,superfast,dtlb-store-misses,8487796.0,,,
Aerial3200,22,veryfast,dtlb-store-misses,10887115.0,,,
Boat,22,veryfast,dtlb-store-misses,13792402.0,,,
BoxingPractice,22,veryfast,dtlb-store-misses,20731351.0,,,
Crosswalk,22,veryfast,dtlb-store-misses,31332227.0,,,
CrowdRun,22,veryfast,dtlb-store-misses,14196013.0,,,
DinnerSceneCropped,22,veryfast,dtlb-store-misses,12242955.0,,,
FoodMarket,22,veryfast,dtlb-store-misses,12993481.0,,,
FoodMarket2,22,veryfast,dtlb-store-misses,42516104.0,,,
MeridianTalk_sdr,22,veryfast,dtlb-store-misses,13595860.0,,,
Motorcycle,22,veryfast,dtlb-store-misses,13395530.0,,,
MountainBike,22,veryfast,dtlb-store-misses,6312194.0,,,
Neon1224,22,veryfast,dtlb-store-misses,31241283.0,,,
NocturneDance_3840x2160p_8bit,22,veryfast,dtlb-store-misses,41590276.0,,,
OldTownCross,22,veryfast,dtlb-store-misses,14244532.0,,,
PedestrianArea,22,veryfast,dtlb-store-misses,11104853.0,,,
PierSeaSide,22,veryfast,dtlb-store-misses,30402664.0,,,
RitualDance,22,veryfast,dtlb-store-misses,8485456.0,,,
Riverbed,22,veryfast,dtlb-store-misses,11949678.0,,,
RushFieldCuts,22,veryfast,dtlb-store-misses,6422986.0,,,
Skater227,22,veryfast,dtlb-store-misses,,,,
Tango,22,veryfast,dtlb-store-misses,40117133.0,,,
TimeLapse,22,veryfast,dtlb-store-misses,32727967.0,,,
ToddlerFountain,22,veryfast,dtlb-store-misses,12015709.0,,,
TreesAndGrass_1920_1080,22,veryfast,dtlb-store-misses,13492016.0,,,
TunnelFlag,22,veryfast,dtlb-store-misses,12157203.0,,,
Vertical_Carnaby,22,veryfast,dtlb-store-misses,4838123.0,,,
Vertical_bees,22,veryfast,dtlb-store-misses,9717937.0,,,
WalkingInStreet,22,veryfast,dtlb-store-misses,17023680.0,,,
WorldCup_1920x1080_30p,22,veryfast,dtlb-store-misses,8720252.0,,,
WorldCup_far_1920x1080_30p,22,veryfast,dtlb-store-misses,11189194.0,,,
Aerial3200,27,veryfast,dtlb-store-misses,9890716.0,,,
Boat,27,veryfast,dtlb-store-misses,11672408.0,,,
BoxingPractice,27,veryfast,dtlb-store-misses,26321124.0,,,
Crosswalk,27,veryfast,dtlb-store-misses,13364415.0,,,
CrowdRun,27,veryfast,dtlb-store-misses,12282298.0,,,
DinnerSceneCropped,27,veryfast,dtlb-store-misses,9804791.0,,,
FoodMarket,27,veryfast,dtlb-store-misses,10428477.0,,,
FoodMarket2,27,veryfast,dtlb-store-misses,27217142.0,,,
MeridianTalk_sdr,27,veryfast,dtlb-store-misses,9730782.0,,,
Motorcycle,27,veryfast,dtlb-store-misses,14157269.0,,,
MountainBike,27,veryfast,dtlb-store-misses,5830406.0,,,
Neon1224,27,veryfast,dtlb-store-misses,24517035.0,,,
NocturneDance_3840x2160p_8bit,27,veryfast,dtlb-store-misses,35372542.0,,,
OldTownCross,27,veryfast,dtlb-store-misses,12340179.0,,,
PedestrianArea,27,veryfast,dtlb-store-misses,13400897.0,,,
PierSeaSide,27,veryfast,dtlb-store-misses,13914402.0,,,
RitualDance,27,veryfast,dtlb-store-misses,4113623.0,,,
Riverbed,27,veryfast,dtlb-store-misses,5194945.0,,,
RushFieldCuts,27,veryfast,dtlb-store-misses,10812715.0,,,
Skater227,27,veryfast,dtlb-store-misses,,,,
Tango,27,veryfast,dtlb-store-misses,30497752.0,,,
TimeLapse,27,veryfast,dtlb-store-misses,13938807.0,,,
ToddlerFountain,27,veryfast,dtlb-store-misses,11566220.0,,,
TreesAndGrass_1920_1080,27,veryfast,dtlb-store-misses,13413917.0,,,
TunnelFlag,27,veryfast,dtlb-store-misses,11997742.0,,,
Vertical_Carnaby,27,veryfast,dtlb-store-misses,4075651.0,,,
Vertical_bees,27,veryfast,dtlb-store-misses,9539117.0,,,
WalkingInStreet,27,veryfast,dtlb-store-misses,12247328.0,,,
WorldCup_1920x1080_30p,27,veryfast,dtlb-store-misses,8074771.0,,,
WorldCup_far_1920x1080_30p,27,veryfast,dtlb-store-misses,9625098.0,,,
Aerial3200,32,veryfast,dtlb-store-misses,8238841.0,,,
Boat,32,veryfast,dtlb-store-misses,10211869.0,,,
BoxingPractice,32,veryfast,dtlb-store-misses,22949989.0,,,
Crosswalk,32,veryfast,dtlb-store-misses,22396531.0,,,
CrowdRun,32,veryfast,dtlb-store-misses,11064113.0,,,
DinnerSceneCropped,32,veryfast,dtlb-store-misses,4143115.0,,,
FoodMarket,32,veryfast,dtlb-store-misses,11578139.0,,,
FoodMarket2,32,veryfast,dtlb-store-misses,31179390.0,,,
MeridianTalk_sdr,32,veryfast,dtlb-store-misses,9654195.0,,,
Motorcycle,32,veryfast,dtlb-store-misses,9487770.0,,,
MountainBike,32,veryfast,dtlb-store-misses,5135991.0,,,
Neon1224,32,veryfast,dtlb-store-misses,20914199.0,,,
NocturneDance_3840x2160p_8bit,32,veryfast,dtlb-store-misses,12232535.0,,,
OldTownCross,32,veryfast,dtlb-store-misses,9492744.0,,,
PedestrianArea,32,veryfast,dtlb-store-misses,9802394.0,,,
PierSeaSide,32,veryfast,dtlb-store-misses,22372855.0,,,
RitualDance,32,veryfast,dtlb-store-misses,3965705.0,,,
Riverbed,32,veryfast,dtlb-store-misses,8786475.0,,,
RushFieldCuts,32,veryfast,dtlb-store-misses,13342599.0,,,
Skater227,32,veryfast,dtlb-store-misses,,,,
Tango,32,veryfast,dtlb-store-misses,23646261.0,,,
TimeLapse,32,veryfast,dtlb-store-misses,23332891.0,,,
ToddlerFountain,32,veryfast,dtlb-store-misses,9564398.0,,,
TreesAndGrass_1920_1080,32,veryfast,dtlb-store-misses,5973148.0,,,
TunnelFlag,32,veryfast,dtlb-store-misses,10595592.0,,,
Vertical_Carnaby,32,veryfast,dtlb-store-misses,9677539.0,,,
Vertical_bees,32,veryfast,dtlb-store-misses,8564647.0,,,
WalkingInStreet,32,veryfast,dtlb-store-misses,10554660.0,,,
WorldCup_1920x1080_30p,32,veryfast,dtlb-store-misses,8968145.0,,,
WorldCup_far_1920x1080_30p,32,veryfast,dtlb-store-misses,10441703.0,,,
Aerial3200,37,veryfast,dtlb-store-misses,7798815.0,,,
Boat,37,veryfast,dtlb-store-misses,8930114.0,,,
BoxingPractice,37,veryfast,dtlb-store-misses,20975229.0,,,
Crosswalk,37,veryfast,dtlb-store-misses,29451001.0,,,
CrowdRun,37,veryfast,dtlb-store-misses,9167078.0,,,
DinnerSceneCropped,37,veryfast,dtlb-store-misses,4302806.0,,,
FoodMarket,37,veryfast,dtlb-store-misses,7682614.0,,,
FoodMarket2,37,veryfast,dtlb-store-misses,23049105.0,,,
MeridianTalk_sdr,37,veryfast,dtlb-store-misses,7397652.0,,,
Motorcycle,37,veryfast,dtlb-store-misses,8962654.0,,,
MountainBike,37,veryfast,dtlb-store-misses,4796375.0,,,
Neon1224,37,veryfast,dtlb-store-misses,24462108.0,,,
NocturneDance_3840x2160p_8bit,37,veryfast,dtlb-store-misses,11014444.0,,,
OldTownCross,37,veryfast,dtlb-store-misses,4821376.0,,,
PedestrianArea,37,veryfast,dtlb-store-misses,7771722.0,,,
PierSeaSide,37,veryfast,dtlb-store-misses,23642062.0,,,
RitualDance,37,veryfast,dtlb-store-misses,3552605.0,,,
Riverbed,37,veryfast,dtlb-store-misses,4809740.0,,,
RushFieldCuts,37,veryfast,dtlb-store-misses,4414808.0,,,
Skater227,37,veryfast,dtlb-store-misses,,,,
Tango,37,veryfast,dtlb-store-misses,21002586.0,,,
TimeLapse,37,veryfast,dtlb-store-misses,20994216.0,,,
ToddlerFountain,37,veryfast,dtlb-store-misses,8088458.0,,,
TreesAndGrass_1920_1080,37,veryfast,dtlb-store-misses,10699410.0,,,
TunnelFlag,37,veryfast,dtlb-store-misses,8812062.0,,,
Vertical_Carnaby,37,veryfast,dtlb-store-misses,7280097.0,,,
Vertical_bees,37,veryfast,dtlb-store-misses,7385712.0,,,
WalkingInStreet,37,veryfast,dtlb-store-misses,5154973.0,,,
WorldCup_1920x1080_30p,37,veryfast,dtlb-store-misses,7027900.0,,,
WorldCup_far_1920x1080_30p,37,veryfast,dtlb-store-misses,4678268.0,,,
Aerial3200,22,fast,dtlb-stores,146532988096.0,,,
Boat,22,fast,dtlb-stores,151512945714.0,,,
BoxingPractice,22,fast,dtlb-stores,508973062086.0,,,
Crosswalk,22,fast,dtlb-stores,512213580549.0,,,
CrowdRun,22,fast,dtlb-stores,196084036327.0,,,
DinnerSceneCropped,22,fast,dtlb-stores,182118018122.0,,,
FoodMarket,22,fast,dtlb-stores,153638729249.0,,,
FoodMarket2,22,fast,dtlb-stores,526560381976.0,,,
MeridianTalk_sdr,22,fast,dtlb-stores,145258099974.0,,,
Motorcycle,22,fast,dtlb-stores,136971766303.0,,,
MountainBike,22,fast,dtlb-stores,142767929921.0,,,
Neon1224,22,fast,dtlb-stores,493806262805.0,,,
NocturneDance_3840x2160p_8bit,22,fast,dtlb-stores,461645858038.0,,,
OldTownCross,22,fast,dtlb-stores,177205392542.0,,,
PedestrianArea,22,fast,dtlb-stores,130671759027.0,,,
PierSeaSide,22,fast,dtlb-stores,479998318527.0,,,
RitualDance,22,fast,dtlb-stores,101662757399.0,,,
Riverbed,22,fast,dtlb-stores,146795999694.0,,,
RushFieldCuts,22,fast,dtlb-stores,163668340583.0,,,
Skater227,22,fast,dtlb-stores,,,,
Tango,22,fast,dtlb-stores,569933830287.0,,,
TimeLapse,22,fast,dtlb-stores,485575804049.0,,,
ToddlerFountain,22,fast,dtlb-stores,153308557003.0,,,
TreesAndGrass_1920_1080,22,fast,dtlb-stores,161974882609.0,,,
TunnelFlag,22,fast,dtlb-stores,133409316479.0,,,
Vertical_Carnaby,22,fast,dtlb-stores,115252986730.0,,,
Vertical_bees,22,fast,dtlb-stores,112910886733.0,,,
WalkingInStreet,22,fast,dtlb-stores,151605609407.0,,,
WorldCup_1920x1080_30p,22,fast,dtlb-stores,99055611042.0,,,
WorldCup_far_1920x1080_30p,22,fast,dtlb-stores,127340608412.0,,,
Aerial3200,27,fast,dtlb-stores,134320495270.0,,,
Boat,27,fast,dtlb-stores,138276087517.0,,,
BoxingPractice,27,fast,dtlb-stores,418580986393.0,,,
Crosswalk,27,fast,dtlb-stores,410727303589.0,,,
CrowdRun,27,fast,dtlb-stores,172992036316.0,,,
DinnerSceneCropped,27,fast,dtlb-stores,128451900523.0,,,
FoodMarket,27,fast,dtlb-stores,124638782661.0,,,
FoodMarket2,27,fast,dtlb-stores,453723715222.0,,,
MeridianTalk_sdr,27,fast,dtlb-stores,116947585249.0,,,
Motorcycle,27,fast,dtlb-stores,125915961865.0,,,
MountainBike,27,fast,dtlb-stores,130349992562.0,,,
Neon1224,27,fast,dtlb-stores,383744604420.0,,,
NocturneDance_3840x2160p_8bit,27,fast,dtlb-stores,408110289161.0,,,
OldTownCross,27,fast,dtlb-stores,146656737499.0,,,
PedestrianArea,27,fast,dtlb-stores,106563907234.0,,,
PierSeaSide,27,fast,dtlb-stores,407499020569.0,,,
RitualDance,27,fast,dtlb-stores,105801129920.0,,,
Riverbed,27,fast,dtlb-stores,125550985522.0,,,
RushFieldCuts,27,fast,dtlb-stores,131054768167.0,,,
Skater227,27,fast,dtlb-stores,,,,
Tango,27,fast,dtlb-stores,516994447356.0,,,
TimeLapse,27,fast,dtlb-stores,422165389967.0,,,
ToddlerFountain,27,fast,dtlb-stores,134216592148.0,,,
TreesAndGrass_1920_1080,27,fast,dtlb-stores,148468374717.0,,,
TunnelFlag,27,fast,dtlb-stores,131682567391.0,,,
Vertical_Carnaby,27,fast,dtlb-stores,91572398304.0,,,
Vertical_bees,27,fast,dtlb-stores,101310029926.0,,,
WalkingInStreet,27,fast,dtlb-stores,143739730642.0,,,
WorldCup_1920x1080_30p,27,fast,dtlb-stores,90723786550.0,,,
WorldCup_far_1920x1080_30p,27,fast,dtlb-stores,132199839858.0,,,
Aerial3200,32,fast,dtlb-stores,122007622744.0,,,
Boat,32,fast,dtlb-stores,124031351365.0,,,
BoxingPractice,32,fast,dtlb-stores,359570129842.0,,,
Crosswalk,32,fast,dtlb-stores,363028047801.0,,,
CrowdRun,32,fast,dtlb-stores,132625311936.0,,,
DinnerSceneCropped,32,fast,dtlb-stores,98883642316.0,,,
FoodMarket,32,fast,dtlb-stores,103283437956.0,,,
FoodMarket2,32,fast,dtlb-stores,401751114046.0,,,
MeridianTalk_sdr,32,fast,dtlb-stores,89237543607.0,,,
Motorcycle,32,fast,dtlb-stores,113614595615.0,,,
MountainBike,32,fast,dtlb-stores,117413262516.0,,,
Neon1224,32,fast,dtlb-stores,344838200177.0,,,
NocturneDance_3840x2160p_8bit,32,fast,dtlb-stores,416060281802.0,,,
OldTownCross,32,fast,dtlb-stores,113879051608.0,,,
PedestrianArea,32,fast,dtlb-stores,92985378168.0,,,
PierSeaSide,32,fast,dtlb-stores,358496190216.0,,,
RitualDance,32,fast,dtlb-stores,84966100058.0,,,
Riverbed,32,fast,dtlb-stores,108070965790.0,,,
RushFieldCuts,32,fast,dtlb-stores,114665765668.0,,,
Skater227,32,fast,dtlb-stores,,,,
Tango,32,fast,dtlb-stores,377072417906.0,,,
TimeLapse,32,fast,dtlb-stores,373866008595.0,,,
ToddlerFountain,32,fast,dtlb-stores,117039060373.0,,,
TreesAndGrass_1920_1080,32,fast,dtlb-stores,137067155126.0,,,
TunnelFlag,32,fast,dtlb-stores,101104435847.0,,,
Vertical_Carnaby,32,fast,dtlb-stores,83974850085.0,,,
Vertical_bees,32,fast,dtlb-stores,93481295513.0,,,
WalkingInStreet,32,fast,dtlb-stores,129447744831.0,,,
WorldCup_1920x1080_30p,32,fast,dtlb-stores,83256856813.0,,,
WorldCup_far_1920x1080_30p,32,fast,dtlb-stores,103821941211.0,,,
Aerial3200,37,fast,dtlb-stores,110706101854.0,,,
Boat,37,fast,dtlb-stores,111201573010.0,,,
BoxingPractice,37,fast,dtlb-stores,334095503036.0,,,
Crosswalk,37,fast,dtlb-stores,384632822557.0,,,
CrowdRun,37,fast,dtlb-stores,115976950897.0,,,
DinnerSceneCropped,37,fast,dtlb-stores,84171317105.0,,,
FoodMarket,37,fast,dtlb-stores,92049372163.0,,,
FoodMarket2,37,fast,dtlb-stores,366599893728.0,,,
MeridianTalk_sdr,37,fast,dtlb-stores,81988147604.0,,,
Motorcycle,37,fast,dtlb-stores,103088930902.0,,,
MountainBike,37,fast,dtlb-stores,106232418135.0,,,
Neon1224,37,fast,dtlb-stores,319697389246.0,,,
NocturneDance_3840x2160p_8bit,37,fast,dtlb-stores,327197795217.0,,,
OldTownCross,37,fast,dtlb-stores,96729767067.0,,,
PedestrianArea,37,fast,dtlb-stores,85524406792.0,,,
PierSeaSide,37,fast,dtlb-stores,373523536884.0,,,
RitualDance,37,fast,dtlb-stores,78898734871.0,,,
Riverbed,37,fast,dtlb-stores,98547367295.0,,,
RushFieldCuts,37,fast,dtlb-stores,101898852095.0,,,
Skater227,37,fast,dtlb-stores,,,,
Tango,37,fast,dtlb-stores,397508774449.0,,,
TimeLapse,37,fast,dtlb-stores,340670368358.0,,,
ToddlerFountain,37,fast,dtlb-stores,100550461289.0,,,
TreesAndGrass_1920_1080,37,fast,dtlb-stores,123031024104.0,,,
TunnelFlag,37,fast,dtlb-stores,104418376605.0,,,
Vertical_Carnaby,37,fast,dtlb-stores,78661860347.0,,,
Vertical_bees,37,fast,dtlb-stores,86667984961.0,,,
WalkingInStreet,37,fast,dtlb-stores,132426320320.0,,,
WorldCup_1920x1080_30p,37,fast,dtlb-stores,76945636005.0,,,
WorldCup_far_1920x1080_30p,37,fast,dtlb-stores,95790098099.0,,,
Aerial3200,22,faster,dtlb-stores,146509482915.0,,,
Boat,22,faster,dtlb-stores,151559486770.0,,,
BoxingPractice,22,faster,dtlb-stores,508918350670.0,,,
Crosswalk,22,faster,dtlb-stores,512233934034.0,,,
CrowdRun,22,faster,dtlb-stores,173692462395.0,,,
DinnerSceneCropped,22,faster,dtlb-stores,159984099189.0,,,
FoodMarket,22,faster,dtlb-stores,153498655266.0,,,
FoodMarket2,22,faster,dtlb-stores,595651971435.0,,,
MeridianTalk_sdr,22,faster,dtlb-stores,145143359594.0,,,
Motorcycle,22,faster,dtlb-stores,138215185519.0,,,
MountainBike,22,faster,dtlb-stores,142776601374.0,,,
Neon1224,22,faster,dtlb-stores,433568716044.0,,,
NocturneDance_3840x2160p_8bit,22,faster,dtlb-stores,461678134097.0,,,
OldTownCross,22,faster,dtlb-stores,177111050056.0,,,
PedestrianArea,22,faster,dtlb-stores,130655596139.0,,,
PierSeaSide,22,faster,dtlb-stores,480182825083.0,,,
RitualDance,22,faster,dtlb-stores,102910157401.0,,,
Riverbed,22,faster,dtlb-stores,146764270784.0,,,
RushFieldCuts,22,faster,dtlb-stores,145107900512.0,,,
Skater227,22,faster,dtlb-stores,,,,
Tango,22,faster,dtlb-stores,569975082437.0,,,
TimeLapse,22,faster,dtlb-stores,551069911863.0,,,
ToddlerFountain,22,faster,dtlb-stores,173025733935.0,,,
TreesAndGrass_1920_1080,22,faster,dtlb-stores,161960456513.0,,,
TunnelFlag,22,faster,dtlb-stores,150746762499.0,,,
Vertical_Carnaby,22,faster,dtlb-stores,115307166287.0,,,
Vertical_bees,22,faster,dtlb-stores,111630555991.0,,,
WalkingInStreet,22,faster,dtlb-stores,170590111956.0,,,
WorldCup_1920x1080_30p,22,faster,dtlb-stores,100225596599.0,,,
WorldCup_far_1920x1080_30p,22,faster,dtlb-stores,128617909974.0,,,
Aerial3200,27,faster,dtlb-stores,134300306998.0,,,
Boat,27,faster,dtlb-stores,138223015019.0,,,
BoxingPractice,27,faster,dtlb-stores,418523279117.0,,,
Crosswalk,27,faster,dtlb-stores,415867906803.0,,,
CrowdRun,27,faster,dtlb-stores,153049962853.0,,,
DinnerSceneCropped,27,faster,dtlb-stores,127117437931.0,,,
FoodMarket,27,faster,dtlb-stores,141262854815.0,,,
FoodMarket2,27,faster,dtlb-stores,453551101838.0,,,
MeridianTalk_sdr,27,faster,dtlb-stores,102462449066.0,,,
Motorcycle,27,faster,dtlb-stores,142959633229.0,,,
MountainBike,27,faster,dtlb-stores,130344206446.0,,,
Neon1224,27,faster,dtlb-stores,388338673404.0,,,
NocturneDance_3840x2160p_8bit,27,faster,dtlb-stores,403538372328.0,,,
OldTownCross,27,faster,dtlb-stores,147984571900.0,,,
PedestrianArea,27,faster,dtlb-stores,106591533676.0,,,
PierSeaSide,27,faster,dtlb-stores,407533805227.0,,,
RitualDance,27,faster,dtlb-stores,92549157845.0,,,
Riverbed,27,faster,dtlb-stores,125595178672.0,,,
RushFieldCuts,27,faster,dtlb-stores,130876068853.0,,,
Skater227,27,faster,dtlb-stores,,,,
Tango,27,faster,dtlb-stores,454338508703.0,,,
TimeLapse,27,faster,dtlb-stores,481840679552.0,,,
ToddlerFountain,27,faster,dtlb-stores,132877118319.0,,,
TreesAndGrass_1920_1080,27,faster,dtlb-stores,169310218835.0,,,
TunnelFlag,27,faster,dtlb-stores,116109734073.0,,,
Vertical_Carnaby,27,faster,dtlb-stores,91504202796.0,,,
Vertical_bees,27,faster,dtlb-stores,101282278415.0,,,
WalkingInStreet,27,faster,dtlb-stores,143777761458.0,,,
WorldCup_1920x1080_30p,27,faster,dtlb-stores,90724055203.0,,,
WorldCup_far_1920x1080_30p,27,faster,dtlb-stores,132318075615.0,,,
Aerial3200,32,faster,dtlb-stores,121989786989.0,,,
Boat,32,faster,dtlb-stores,124033285839.0,,,
BoxingPractice,32,faster,dtlb-stores,364306397310.0,,,
Crosswalk,32,faster,dtlb-stores,362720710362.0,,,
CrowdRun,32,faster,dtlb-stores,150300924274.0,,,
DinnerSceneCropped,32,faster,dtlb-stores,97723821918.0,,,
FoodMarket,32,faster,dtlb-stores,104357465218.0,,,
FoodMarket2,32,faster,dtlb-stores,401674617683.0,,,
MeridianTalk_sdr,32,faster,dtlb-stores,89273120764.0,,,
Motorcycle,32,faster,dtlb-stores,113662764812.0,,,
MountainBike,32,faster,dtlb-stores,117463193802.0,,,
Neon1224,32,faster,dtlb-stores,349518000880.0,,,
NocturneDance_3840x2160p_8bit,32,faster,dtlb-stores,360267474418.0,,,
OldTownCross,32,faster,dtlb-stores,115192558556.0,,,
PedestrianArea,32,faster,dtlb-stores,93009554058.0,,,
PierSeaSide,32,faster,dtlb-stores,358707966161.0,,,
RitualDance,32,faster,dtlb-stores,84959768997.0,,,
Riverbed,32,faster,dtlb-stores,109372724491.0,,,
RushFieldCuts,32,faster,dtlb-stores,113481949403.0,,,
Skater227,32,faster,dtlb-stores,,,,
Tango,32,faster,dtlb-stores,382087093718.0,,,
TimeLapse,32,faster,dtlb-stores,373847285847.0,,,
ToddlerFountain,32,faster,dtlb-stores,117149090408.0,,,
TreesAndGrass_1920_1080,32,faster,dtlb-stores,136972505324.0,,,
TunnelFlag,32,faster,dtlb-stores,115610784126.0,,,
Vertical_Carnaby,32,faster,dtlb-stores,83895678959.0,,,
Vertical_bees,32,faster,dtlb-stores,93608820076.0,,,
WalkingInStreet,32,faster,dtlb-stores,130659595223.0,,,
WorldCup_1920x1080_30p,32,faster,dtlb-stores,83172385641.0,,,
WorldCup_far_1920x1080_30p,32,faster,dtlb-stores,105093205501.0,,,
Aerial3200,37,faster,dtlb-stores,110737683522.0,,,
Boat,37,faster,dtlb-stores,111218374805.0,,,
BoxingPractice,37,faster,dtlb-stores,334052888781.0,,,
Crosswalk,37,faster,dtlb-stores,334328288637.0,,,
CrowdRun,37,faster,dtlb-stores,132096052935.0,,,
DinnerSceneCropped,37,faster,dtlb-stores,84008313166.0,,,
FoodMarket,37,faster,dtlb-stores,93207337578.0,,,
FoodMarket2,37,faster,dtlb-stores,366500788142.0,,,
MeridianTalk_sdr,37,faster,dtlb-stores,82010074775.0,,,
Motorcycle,37,faster,dtlb-stores,103035168326.0,,,
MountainBike,37,faster,dtlb-stores,106253038595.0,,,
Neon1224,37,faster,dtlb-stores,319716672541.0,,,
NocturneDance_3840x2160p_8bit,37,faster,dtlb-stores,327111009941.0,,,
OldTownCross,37,faster,dtlb-stores,96687158440.0,,,
PedestrianArea,37,faster,dtlb-stores,85404339166.0,,,
PierSeaSide,37,faster,dtlb-stores,373507826470.0,,,
RitualDance,37,faster,dtlb-stores,77639710986.0,,,
Riverbed,37,faster,dtlb-stores,98664768042.0,,,
RushFieldCuts,37,faster,dtlb-stores,100601589344.0,,,
Skater227,37,faster,dtlb-stores,,,,
Tango,37,faster,dtlb-stores,345945016771.0,,,
TimeLapse,37,faster,dtlb-stores,340765638278.0,,,
ToddlerFountain,37,faster,dtlb-stores,101860818956.0,,,
TreesAndGrass_1920_1080,37,faster,dtlb-stores,122947884956.0,,,
TunnelFlag,37,faster,dtlb-stores,90995852230.0,,,
Vertical_Carnaby,37,faster,dtlb-stores,77455925372.0,,,
Vertical_bees,37,faster,dtlb-stores,86620155169.0,,,
WalkingInStreet,37,faster,dtlb-stores,117342570930.0,,,
WorldCup_1920x1080_30p,37,faster,dtlb-stores,78103832749.0,,,
WorldCup_far_1920x1080_30p,37,faster,dtlb-stores,95790797080.0,,,
Aerial3200,22,superfast,dtlb-stores,144826732137.0,,,
Boat,22,superfast,dtlb-stores,165485970125.0,,,
BoxingPractice,22,superfast,dtlb-stores,492908540868.0,,,
Crosswalk,22,superfast,dtlb-stores,491056348618.0,,,
CrowdRun,22,superfast,dtlb-stores,167110313632.0,,,
DinnerSceneCropped,22,superfast,dtlb-stores,152332665798.0,,,
FoodMarket,22,superfast,dtlb-stores,147330364773.0,,,
FoodMarket2,22,superfast,dtlb-stores,511855738697.0,,,
MeridianTalk_sdr,22,superfast,dtlb-stores,139302959515.0,,,
Motorcycle,22,superfast,dtlb-stores,135040764546.0,,,
MountainBike,22,superfast,dtlb-stores,137631213043.0,,,
Neon1224,22,superfast,dtlb-stores,424263851613.0,,,
NocturneDance_3840x2160p_8bit,22,superfast,dtlb-stores,446296709171.0,,,
OldTownCross,22,superfast,dtlb-stores,169953402057.0,,,
PedestrianArea,22,superfast,dtlb-stores,126786999732.0,,,
PierSeaSide,22,superfast,dtlb-stores,466916016373.0,,,
RitualDance,22,superfast,dtlb-stores,100671923952.0,,,
Riverbed,22,superfast,dtlb-stores,142051349725.0,,,
RushFieldCuts,22,superfast,dtlb-stores,140351319450.0,,,
Skater227,22,superfast,dtlb-stores,,,,
Tango,22,superfast,dtlb-stores,616847833103.0,,,
TimeLapse,22,superfast,dtlb-stores,467000944709.0,,,
ToddlerFountain,22,superfast,dtlb-stores,147957111716.0,,,
TreesAndGrass_1920_1080,22,superfast,dtlb-stores,175303824223.0,,,
TunnelFlag,22,superfast,dtlb-stores,146592365032.0,,,
Vertical_Carnaby,22,superfast,dtlb-stores,113233526372.0,,,
Vertical_bees,22,superfast,dtlb-stores,110977105547.0,,,
WalkingInStreet,22,superfast,dtlb-stores,150683796535.0,,,
WorldCup_1920x1080_30p,22,superfast,dtlb-stores,98825336094.0,,,
WorldCup_far_1920x1080_30p,22,superfast,dtlb-stores,126644008066.0,,,
Aerial3200,27,superfast,dtlb-stores,133083449466.0,,,
Boat,27,superfast,dtlb-stores,150986094945.0,,,
BoxingPractice,27,superfast,dtlb-stores,412230585698.0,,,
Crosswalk,27,superfast,dtlb-stores,401289134540.0,,,
CrowdRun,27,superfast,dtlb-stores,165925011314.0,,,
DinnerSceneCropped,27,superfast,dtlb-stores,121758921637.0,,,
FoodMarket,27,superfast,dtlb-stores,118525423414.0,,,
FoodMarket2,27,superfast,dtlb-stores,437555853976.0,,,
MeridianTalk_sdr,27,superfast,dtlb-stores,99761663232.0,,,
Motorcycle,27,superfast,dtlb-stores,123190494424.0,,,
MountainBike,27,superfast,dtlb-stores,126964563311.0,,,
Neon1224,27,superfast,dtlb-stores,382780500480.0,,,
NocturneDance_3840x2160p_8bit,27,superfast,dtlb-stores,457547397154.0,,,
OldTownCross,27,superfast,dtlb-stores,141999371134.0,,,
PedestrianArea,27,superfast,dtlb-stores,104396643583.0,,,
PierSeaSide,27,superfast,dtlb-stores,454359097176.0,,,
RitualDance,27,superfast,dtlb-stores,91218447189.0,,,
Riverbed,27,superfast,dtlb-stores,121399741737.0,,,
RushFieldCuts,27,superfast,dtlb-stores,127032196579.0,,,
Skater227,27,superfast,dtlb-stores,,,,
Tango,27,superfast,dtlb-stores,431298148781.0,,,
TimeLapse,27,superfast,dtlb-stores,412664154559.0,,,
ToddlerFountain,27,superfast,dtlb-stores,129611373909.0,,,
TreesAndGrass_1920_1080,27,superfast,dtlb-stores,143976000509.0,,,
TunnelFlag,27,superfast,dtlb-stores,113975525105.0,,,
Vertical_Carnaby,27,superfast,dtlb-stores,103792949843.0,,,
Vertical_bees,27,superfast,dtlb-stores,101164522790.0,,,
WalkingInStreet,27,superfast,dtlb-stores,141734045979.0,,,
WorldCup_1920x1080_30p,27,superfast,dtlb-stores,89805011996.0,,,
WorldCup_far_1920x1080_30p,27,superfast,dtlb-stores,114504844771.0,,,
Aerial3200,32,superfast,dtlb-stores,121043550418.0,,,
Boat,32,superfast,dtlb-stores,135690551122.0,,,
BoxingPractice,32,superfast,dtlb-stores,360794201172.0,,,
Crosswalk,32,superfast,dtlb-stores,358021300079.0,,,
CrowdRun,32,superfast,dtlb-stores,144511249906.0,,,
DinnerSceneCropped,32,superfast,dtlb-stores,109087930281.0,,,
FoodMarket,32,superfast,dtlb-stores,101629832351.0,,,
FoodMarket2,32,superfast,dtlb-stores,394658668459.0,,,
MeridianTalk_sdr,32,superfast,dtlb-stores,88418012268.0,,,
Motorcycle,32,superfast,dtlb-stores,111344406996.0,,,
MountainBike,32,superfast,dtlb-stores,114604115004.0,,,
Neon1224,32,superfast,dtlb-stores,346731245199.0,,,
NocturneDance_3840x2160p_8bit,32,superfast,dtlb-stores,355716429759.0,,,
OldTownCross,32,superfast,dtlb-stores,111051478647.0,,,
PedestrianArea,32,superfast,dtlb-stores,91927415318.0,,,
PierSeaSide,32,superfast,dtlb-stores,350220271956.0,,,
RitualDance,32,superfast,dtlb-stores,82923495820.0,,,
Riverbed,32,superfast,dtlb-stores,120600537540.0,,,
RushFieldCuts,32,superfast,dtlb-stores,111919246604.0,,,
Skater227,32,superfast,dtlb-stores,,,,
Tango,32,superfast,dtlb-stores,369755056049.0,,,
TimeLapse,32,superfast,dtlb-stores,419999073404.0,,,
ToddlerFountain,32,superfast,dtlb-stores,113639069434.0,,,
TreesAndGrass_1920_1080,32,superfast,dtlb-stores,131571932771.0,,,
TunnelFlag,32,superfast,dtlb-stores,100037461305.0,,,
Vertical_Carnaby,32,superfast,dtlb-stores,83444144103.0,,,
Vertical_bees,32,superfast,dtlb-stores,91345223490.0,,,
WalkingInStreet,32,superfast,dtlb-stores,129828353755.0,,,
WorldCup_1920x1080_30p,32,superfast,dtlb-stores,81553560948.0,,,
WorldCup_far_1920x1080_30p,32,superfast,dtlb-stores,103687062026.0,,,
Aerial3200,37,superfast,dtlb-stores,110241798381.0,,,
Boat,37,superfast,dtlb-stores,108158942545.0,,,
BoxingPractice,37,superfast,dtlb-stores,332568292018.0,,,
Crosswalk,37,superfast,dtlb-stores,333629864977.0,,,
CrowdRun,37,superfast,dtlb-stores,127696971791.0,,,
DinnerSceneCropped,37,superfast,dtlb-stores,83702442960.0,,,
FoodMarket,37,superfast,dtlb-stores,91687624684.0,,,
FoodMarket2,37,superfast,dtlb-stores,362178748487.0,,,
MeridianTalk_sdr,37,superfast,dtlb-stores,93476879469.0,,,
Motorcycle,37,superfast,dtlb-stores,101232740018.0,,,
MountainBike,37,superfast,dtlb-stores,103988059625.0,,,
Neon1224,37,superfast,dtlb-stores,318923342587.0,,,
NocturneDance_3840x2160p_8bit,37,superfast,dtlb-stores,319952281101.0,,,
OldTownCross,37,superfast,dtlb-stores,96403834494.0,,,
PedestrianArea,37,superfast,dtlb-stores,83559908863.0,,,
PierSeaSide,37,superfast,dtlb-stores,323421510754.0,,,
RitualDance,37,superfast,dtlb-stores,77304583770.0,,,
Riverbed,37,superfast,dtlb-stores,94657204612.0,,,
RushFieldCuts,37,superfast,dtlb-stores,98814968648.0,,,
Skater227,37,superfast,dtlb-stores,,,,
Tango,37,superfast,dtlb-stores,344160022573.0,,,
TimeLapse,37,superfast,dtlb-stores,336770591968.0,,,
ToddlerFountain,37,superfast,dtlb-stores,99734266657.0,,,
TreesAndGrass_1920_1080,37,superfast,dtlb-stores,119645778806.0,,,
TunnelFlag,37,superfast,dtlb-stores,103090176835.0,,,
Vertical_Carnaby,37,superfast,dtlb-stores,77260593242.0,,,
Vertical_bees,37,superfast,dtlb-stores,86223984742.0,,,
WalkingInStreet,37,superfast,dtlb-stores,115063706469.0,,,
WorldCup_1920x1080_30p,37,superfast,dtlb-stores,77934619965.0,,,
WorldCup_far_1920x1080_30p,37,superfast,dtlb-stores,94732674750.0,,,
Aerial3200,22,veryfast,dtlb-stores,146539340855.0,,,
Boat,22,veryfast,dtlb-stores,151478920177.0,,,
BoxingPractice,22,veryfast,dtlb-stores,508981720412.0,,,
Crosswalk,22,veryfast,dtlb-stores,512267568193.0,,,
CrowdRun,22,veryfast,dtlb-stores,173713238506.0,,,
DinnerSceneCropped,22,veryfast,dtlb-stores,161313106868.0,,,
FoodMarket,22,veryfast,dtlb-stores,153578152734.0,,,
FoodMarket2,22,veryfast,dtlb-stores,595541728478.0,,,
MeridianTalk_sdr,22,veryfast,dtlb-stores,127722002827.0,,,
Motorcycle,22,veryfast,dtlb-stores,156427045686.0,,,
MountainBike,22,veryfast,dtlb-stores,141423463127.0,,,
Neon1224,22,veryfast,dtlb-stores,433518587083.0,,,
NocturneDance_3840x2160p_8bit,22,veryfast,dtlb-stores,461569552295.0,,,
OldTownCross,22,veryfast,dtlb-stores,177147590665.0,,,
PedestrianArea,22,veryfast,dtlb-stores,130585429856.0,,,
PierSeaSide,22,veryfast,dtlb-stores,480196861850.0,,,
RitualDance,22,veryfast,dtlb-stores,102883658046.0,,,
Riverbed,22,veryfast,dtlb-stores,146792957646.0,,,
RushFieldCuts,22,veryfast,dtlb-stores,143835798006.0,,,
Skater227,22,veryfast,dtlb-stores,,,,
Tango,22,veryfast,dtlb-stores,569838583932.0,,,
TimeLapse,22,veryfast,dtlb-stores,485489702812.0,,,
ToddlerFountain,22,veryfast,dtlb-stores,153287668258.0,,,
TreesAndGrass_1920_1080,22,veryfast,dtlb-stores,161961386487.0,,,
TunnelFlag,22,veryfast,dtlb-stores,133442363249.0,,,
Vertical_Carnaby,22,veryfast,dtlb-stores,99523562088.0,,,
Vertical_bees,22,veryfast,dtlb-stores,112760582258.0,,,
WalkingInStreet,22,veryfast,dtlb-stores,151419546728.0,,,
WorldCup_1920x1080_30p,22,veryfast,dtlb-stores,100228578825.0,,,
WorldCup_far_1920x1080_30p,22,veryfast,dtlb-stores,128685250632.0,,,
Aerial3200,27,veryfast,dtlb-stores,134330844790.0,,,
Boat,27,veryfast,dtlb-stores,138324282771.0,,,
BoxingPractice,27,veryfast,dtlb-stores,423607463850.0,,,
Crosswalk,27,veryfast,dtlb-stores,410728926003.0,,,
CrowdRun,27,veryfast,dtlb-stores,153278670362.0,,,
DinnerSceneCropped,27,veryfast,dtlb-stores,128473443463.0,,,
FoodMarket,27,veryfast,dtlb-stores,124579881887.0,,,
FoodMarket2,27,veryfast,dtlb-stores,453709007157.0,,,
MeridianTalk_sdr,27,veryfast,dtlb-stores,116937416802.0,,,
Motorcycle,27,veryfast,dtlb-stores,126024120577.0,,,
MountainBike,27,veryfast,dtlb-stores,129028418188.0,,,
Neon1224,27,veryfast,dtlb-stores,388454175407.0,,,
NocturneDance_3840x2160p_8bit,27,veryfast,dtlb-stores,468383590788.0,,,
OldTownCross,27,veryfast,dtlb-stores,148014699695.0,,,
PedestrianArea,27,veryfast,dtlb-stores,106380342265.0,,,
PierSeaSide,27,veryfast,dtlb-stores,402556683768.0,,,
RitualDance,27,veryfast,dtlb-stores,91278111160.0,,,
Riverbed,27,veryfast,dtlb-stores,124225192723.0,,,
RushFieldCuts,27,veryfast,dtlb-stores,130940588380.0,,,
Skater227,27,veryfast,dtlb-stores,,,,
Tango,27,veryfast,dtlb-stores,454315693356.0,,,
TimeLapse,27,veryfast,dtlb-stores,417315751864.0,,,
ToddlerFountain,27,veryfast,dtlb-stores,134135404623.0,,,
TreesAndGrass_1920_1080,27,veryfast,dtlb-stores,169232001149.0,,,
TunnelFlag,27,veryfast,dtlb-stores,115901312892.0,,,
Vertical_Carnaby,27,veryfast,dtlb-stores,90396525226.0,,,
Vertical_bees,27,veryfast,dtlb-stores,102509189382.0,,,
WalkingInStreet,27,veryfast,dtlb-stores,143815011704.0,,,
WorldCup_1920x1080_30p,27,veryfast,dtlb-stores,90745840430.0,,,
WorldCup_far_1920x1080_30p,27,veryfast,dtlb-stores,116681677769.0,,,
Aerial3200,32,veryfast,dtlb-stores,122031580525.0,,,
Boat,32,veryfast,dtlb-stores,124015763212.0,,,
BoxingPractice,32,veryfast,dtlb-stores,364327925014.0,,,
Crosswalk,32,veryfast,dtlb-stores,363003513251.0,,,
CrowdRun,32,veryfast,dtlb-stores,132722612991.0,,,
DinnerSceneCropped,32,veryfast,dtlb-stores,97671833649.0,,,
FoodMarket,32,veryfast,dtlb-stores,104423126788.0,,,
FoodMarket2,32,veryfast,dtlb-stores,460938152187.0,,,
MeridianTalk_sdr,32,veryfast,dtlb-stores,102520536884.0,,,
Motorcycle,32,veryfast,dtlb-stores,113650215456.0,,,
MountainBike,32,veryfast,dtlb-stores,116171613699.0,,,
Neon1224,32,veryfast,dtlb-stores,349570743735.0,,,
NocturneDance_3840x2160p_8bit,32,veryfast,dtlb-stores,355662517653.0,,,
OldTownCross,32,veryfast,dtlb-stores,115163350305.0,,,
PedestrianArea,32,veryfast,dtlb-stores,92986732398.0,,,
PierSeaSide,32,veryfast,dtlb-stores,358617693555.0,,,
RitualDance,32,veryfast,dtlb-stores,83681469509.0,,,
Riverbed,32,veryfast,dtlb-stores,109329776546.0,,,
RushFieldCuts,32,veryfast,dtlb-stores,114706987750.0,,,
Skater227,32,veryfast,dtlb-stores,,,,
Tango,32,veryfast,dtlb-stores,382034681422.0,,,
TimeLapse,32,veryfast,dtlb-stores,373823328263.0,,,
ToddlerFountain,32,veryfast,dtlb-stores,117079793835.0,,,
TreesAndGrass_1920_1080,32,veryfast,dtlb-stores,135685480913.0,,,
TunnelFlag,32,veryfast,dtlb-stores,115570366052.0,,,
Vertical_Carnaby,32,veryfast,dtlb-stores,83821088343.0,,,
Vertical_bees,32,veryfast,dtlb-stores,93588468409.0,,,
WalkingInStreet,32,veryfast,dtlb-stores,130701438874.0,,,
WorldCup_1920x1080_30p,32,veryfast,dtlb-stores,96058438559.0,,,
WorldCup_far_1920x1080_30p,32,veryfast,dtlb-stores,119898922465.0,,,
Aerial3200,37,veryfast,dtlb-stores,110807645421.0,,,
Boat,37,veryfast,dtlb-stores,111190471101.0,,,
BoxingPractice,37,veryfast,dtlb-stores,333888283051.0,,,
Crosswalk,37,veryfast,dtlb-stores,334363681175.0,,,
CrowdRun,37,veryfast,dtlb-stores,115998267048.0,,,
DinnerSceneCropped,37,veryfast,dtlb-stores,82695882243.0,,,
FoodMarket,37,veryfast,dtlb-stores,93318794776.0,,,
FoodMarket2,37,veryfast,dtlb-stores,366491533446.0,,,
MeridianTalk_sdr,37,veryfast,dtlb-stores,82079331132.0,,,
Motorcycle,37,veryfast,dtlb-stores,103163628192.0,,,
MountainBike,37,veryfast,dtlb-stores,104966587600.0,,,
Neon1224,37,veryfast,dtlb-stores,319804752291.0,,,
NocturneDance_3840x2160p_8bit,37,veryfast,dtlb-stores,322544251620.0,,,
OldTownCross,37,veryfast,dtlb-stores,96625704386.0,,,
PedestrianArea,37,veryfast,dtlb-stores,85477233660.0,,,
PierSeaSide,37,veryfast,dtlb-stores,325246638154.0,,,
RitualDance,37,veryfast,dtlb-stores,77680141013.0,,,
Riverbed,37,veryfast,dtlb-stores,97259379960.0,,,
RushFieldCuts,37,veryfast,dtlb-stores,100652959058.0,,,
Skater227,37,veryfast,dtlb-stores,,,,
Tango,37,veryfast,dtlb-stores,346046440953.0,,,
TimeLapse,37,veryfast,dtlb-stores,340892662256.0,,,
ToddlerFountain,37,veryfast,dtlb-stores,101974060304.0,,,
TreesAndGrass_1920_1080,37,veryfast,dtlb-stores,124383657082.0,,,
TunnelFlag,37,veryfast,dtlb-stores,104340210834.0,,,
Vertical_Carnaby,37,veryfast,dtlb-stores,78653531062.0,,,
Vertical_bees,37,veryfast,dtlb-stores,86742659956.0,,,
WalkingInStreet,37,veryfast,dtlb-stores,116097387691.0,,,
WorldCup_1920x1080_30p,37,veryfast,dtlb-stores,78110713195.0,,,
WorldCup_far_1920x1080_30p,37,veryfast,dtlb-stores,94587295738.0,,,
Aerial3200,22,fast,instructions,1319902419215.0,1030916.0,-1319901388299.0,-0.999999218945291
Boat,22,fast,instructions,1345989302287.0,818373.0,-1345988483914.0,-0.9999993919914529
BoxingPractice,22,fast,instructions,4169443774226.0,1098274.0,-4169442675952.0,-0.9999997365898045
Crosswalk,22,fast,instructions,4148976039276.0,903988.0,-4148975135288.0,-0.9999997821178066
CrowdRun,22,fast,instructions,1918333215173.0,4440653.0,-1918328774520.0,-0.9999976851503353
DinnerSceneCropped,22,fast,instructions,1694107323531.0,540002.0,-1694106783529.0,-0.999999681246877
FoodMarket,22,fast,instructions,1308579609216.0,0.0,-1308579609216.0,-1.0
FoodMarket2,22,fast,instructions,4297490201398.0,566902.0,-4297489634496.0,-0.9999998680853304
MeridianTalk_sdr,22,fast,instructions,1292959684063.0,4184157.0,-1292955499906.0,-0.9999967638921371
Motorcycle,22,fast,instructions,1201296494404.0,1417300.0,-1201295077104.0,-0.9999988201913461
MountainBike,22,fast,instructions,1240430371299.0,2780459.0,-1240427590840.0,-0.99999775847233
Neon1224,22,fast,instructions,4233333169253.0,0.0,-4233333169253.0,-1.0
NocturneDance_3840x2160p_8bit,22,fast,instructions,3718769086565.0,957139.0,-3718768129426.0,-0.999999742619405
OldTownCross,22,fast,instructions,1597630404618.0,1039408.0,-1597629365210.0,-0.9999993494064728
PedestrianArea,22,fast,instructions,1078729797502.0,1924205.0,-1078727873297.0,-0.9999982162307888
PierSeaSide,22,fast,instructions,3905400057860.0,0.0,-3905400057860.0,-1.0
RitualDance,22,fast,instructions,828342060759.0,4261154.0,-828337799605.0,-0.9999948558038981
Riverbed,22,fast,instructions,1231922219477.0,23.0,-1231922219454.0,-0.99999999998133
RushFieldCuts,22,fast,instructions,1499237927085.0,1023925.0,-1499236903160.0,-0.9999993170363546
Skater227,22,fast,instructions,623555.0,2072832.0,1449277.0,2.3242167892166687
Tango,22,fast,instructions,4757875275821.0,821132.0,-4757874454689.0,-0.9999998274162409
TimeLapse,22,fast,instructions,3990335226941.0,588991.0,-3990334637950.0,-0.9999998523956093
ToddlerFountain,22,fast,instructions,1340225861157.0,537467.0,-1340225323690.0,-0.9999995989728182
TreesAndGrass_1920_1080,22,fast,instructions,1483725800996.0,581072.0,-1483725219924.0,-0.9999996083696869
TunnelFlag,22,fast,instructions,1123461898813.0,964196.0,-1123460934617.0,-0.999999141763507
Vertical_Carnaby,22,fast,instructions,981628707526.0,566488.0,-981628141038.0,-0.9999994229101129
Vertical_bees,22,fast,instructions,916069192928.0,580982.0,-916068611946.0,-0.9999993657880819
WalkingInStreet,22,fast,instructions,1420040913157.0,1099418.0,-1420039813739.0,-0.9999992257842786
WorldCup_1920x1080_30p,22,fast,instructions,805689086743.0,1059916.0,-805688026827.0,-0.9999986844602745
WorldCup_far_1920x1080_30p,22,fast,instructions,1081297969887.0,38041.0,-1081297931846.0,-0.9999999648191331
Aerial3200,27,fast,instructions,1158623347634.0,1072656.0,-1158622274978.0,-0.9999990741978382
Boat,27,fast,instructions,1179092276552.0,648206.0,-1179091628346.0,-0.9999994502499823
BoxingPractice,27,fast,instructions,3355907390091.0,919909.0,-3355906470182.0,-0.9999997258836753
Crosswalk,27,fast,instructions,3247474396409.0,577037.0,-3247473819372.0,-0.999999822312071
CrowdRun,27,fast,instructions,1619645164661.0,1012182.0,-1619644152479.0,-0.9999993750594129
DinnerSceneCropped,27,fast,instructions,1039044700161.0,903247.0,-1039043796914.0,-0.9999991306947623
FoodMarket,27,fast,instructions,1006675226314.0,715308.0,-1006674511006.0,-0.999999289435181
FoodMarket2,27,fast,instructions,3600376866902.0,909528.0,-3600375957374.0,-0.9999997473797789
MeridianTalk_sdr,27,fast,instructions,990700584092.0,521657.0,-990700062435.0,-0.9999994734463586
Motorcycle,27,fast,instructions,1071676090494.0,1033571.0,-1071675056923.0,-0.9999990355565369
MountainBike,27,fast,instructions,1103439094438.0,878593.0,-1103438215845.0,-0.9999992037684686
Neon1224,27,fast,instructions,3089489080746.0,1854764.0,-3089487225982.0,-0.9999993996534859
NocturneDance_3840x2160p_8bit,27,fast,instructions,3251970982751.0,517955.0,-3251970464796.0,-0.9999998407258236
OldTownCross,27,fast,instructions,1246208312910.0,1021600.0,-1246207291310.0,-0.9999991802333611
PedestrianArea,27,fast,instructions,849675576574.0,2099586.0,-849673476988.0,-0.9999975289556886
PierSeaSide,27,fast,instructions,3249413098026.0,1075499.0,-3249412022527.0,-0.9999996690174602
RitualDance,27,fast,instructions,897167082969.0,6329.0,-897167076640.0,-0.9999999929455726
Riverbed,27,fast,instructions,1005634881699.0,1041659.0,-1005633840040.0,-0.9999989641777359
RushFieldCuts,27,fast,instructions,1084434000642.0,1040592.0,-1084432960050.0,-0.9999990404284637
Skater227,27,fast,instructions,1265598.0,671750.0,-593848.0,-0.4692232446637874
Tango,27,fast,instructions,4400238842252.0,927936.0,-4400237914316.0,-0.9999997891169018
TimeLapse,27,fast,instructions,3384263789069.0,1481926.0,-3384262307143.0,-0.9999995621127393
ToddlerFountain,27,fast,instructions,1130503564833.0,1039208.0,-1130502525625.0,-0.9999990807565475
TreesAndGrass_1920_1080,27,fast,instructions,1326863760625.0,0.0,-1326863760625.0,-1.0
TunnelFlag,27,fast,instructions,1159440297305.0,2278017.0,-1159438019288.0,-0.9999980352442421
Vertical_Carnaby,27,fast,instructions,726463658810.0,889334.0,-726462769476.0,-0.9999987758038695
Vertical_bees,27,fast,instructions,819825402361.0,2698722.0,-819822703639.0,-0.9999967081747013
WalkingInStreet,27,fast,instructions,1289876631677.0,3262392.0,-1289873369285.0,-0.9999974707720723
WorldCup_1920x1080_30p,27,fast,instructions,725865084943.0,938690.0,-725864146253.0,-0.9999987067982474
WorldCup_far_1920x1080_30p,27,fast,instructions,1166058692070.0,592991.0,-1166058099079.0,-0.9999994914569875
Aerial3200,32,fast,instructions,1018994006514.0,880644.0,-1018993125870.0,-0.9999991357711681
Boat,32,fast,instructions,1023402949922.0,596103.0,-1023402353819.0,-0.9999994175285501
BoxingPractice,32,fast,instructions,2874170751628.0,59720.0,-2874170691908.0,-0.9999999792218329
Crosswalk,32,fast,instructions,2847970610782.0,787735.0,-2847969823047.0,-0.9999997234048003
CrowdRun,32,fast,instructions,1104312390939.0,1033252.0,-1104311357687.0,-0.999999064348088
DinnerSceneCropped,32,fast,instructions,775208522893.0,476689.0,-775208046204.0,-0.9999993850828701
FoodMarket,32,fast,instructions,825909877448.0,2277629.0,-825907599819.0,-0.9999972422790159
FoodMarket2,32,fast,instructions,3168789799819.0,514637.0,-3168789285182.0,-0.9999998375919412
MeridianTalk_sdr,32,fast,instructions,704763958076.0,2576262.0,-704761381814.0,-0.9999963445037583
Motorcycle,32,fast,instructions,947310554268.0,349.0,-947310553919.0,-0.9999999996315886
MountainBike,32,fast,instructions,971982044241.0,459595.0,-971981584646.0,-0.999999527156903
Neon1224,32,fast,instructions,2775602498259.0,1070734.0,-2775601427525.0,-0.9999996142336661
NocturneDance_3840x2160p_8bit,32,fast,instructions,3508300108026.0,607496.0,-3508299500530.0,-0.9999998268403554
OldTownCross,32,fast,instructions,926346541303.0,791870.0,-926345749433.0,-0.9999991451687196
PedestrianArea,32,fast,instructions,736723140913.0,833443.0,-736722307470.0,-0.9999988687161381
PierSeaSide,32,fast,instructions,2851097601267.0,510130.0,-2851097091137.0,-0.9999998210759253
RitualDance,32,fast,instructions,676507508079.0,1787846.0,-676505720233.0,-0.9999973572414517
Riverbed,32,fast,instructions,860367810154.0,525412.0,-860367284742.0,-0.9999993893169946
RushFieldCuts,32,fast,instructions,930430311469.0,3048882.0,-930427262587.0,-0.9999967231484589
Skater227,32,fast,instructions,1040951.0,1553406.0,512455.0,0.4922950263749206
Tango,32,fast,instructions,2985452843321.0,1921817.0,-2985450921504.0,-0.9999993562728668
TimeLapse,32,fast,instructions,2973756224504.0,548003.0,-2973755676501.0,-0.9999998157202681
ToddlerFountain,32,fast,instructions,956647874193.0,0.0,-956647874193.0,-1.0
TreesAndGrass_1920_1080,32,fast,instructions,1176985682016.0,3852305.0,-1176981829711.0,-0.9999967269737782
TunnelFlag,32,fast,instructions,814064801047.0,6179.0,-814064794868.0,-0.9999999924096952
Vertical_Carnaby,32,fast,instructions,666908928997.0,795207.0,-666908133790.0,-0.9999988076228021
Vertical_bees,32,fast,instructions,746064428370.0,1297066.0,-746063131304.0,-0.9999982614557796
WalkingInStreet,32,fast,instructions,1120682583548.0,3411036.0,-1120679172512.0,-0.9999969562871325
WorldCup_1920x1080_30p,32,fast,instructions,665863731507.0,2638703.0,-665861092804.0,-0.99999603717266
WorldCup_far_1920x1080_30p,32,fast,instructions,844769559925.0,577814.0,-844768982111.0,-0.9999993160099186
Aerial3200,37,fast,instructions,906291556564.0,627090.0,-906290929474.0,-0.9999993080703495
Boat,37,fast,instructions,896619393462.0,0.0,-896619393462.0,-1.0
BoxingPractice,37,fast,instructions,2646994279018.0,6688.0,-2646994272330.0,-0.9999999974733607
Crosswalk,37,fast,instructions,3194078398389.0,767284.0,-3194077631105.0,-0.9999997597792213
CrowdRun,37,fast,instructions,939958817033.0,1056510.0,-939957760523.0,-0.9999988760039473
DinnerSceneCropped,37,fast,instructions,662698410489.0,2282179.0,-662696128310.0,-0.9999965562328748
FoodMarket,37,fast,instructions,734593788229.0,904582.0,-734592883647.0,-0.9999987685956314
FoodMarket2,37,fast,instructions,2894257576791.0,890468.0,-2894256686323.0,-0.9999996923328431
MeridianTalk_sdr,37,fast,instructions,649446661508.0,643648.0,-649446017860.0,-0.9999990089286186
Motorcycle,37,fast,instructions,843154052959.0,728464.0,-843153324495.0,-0.9999991360250272
MountainBike,37,fast,instructions,862231685301.0,885170.0,-862230800131.0,-0.9999989733965765
Neon1224,37,fast,instructions,2551763801411.0,1053244.0,-2551762748167.0,-0.9999995872486319
NocturneDance_3840x2160p_8bit,37,fast,instructions,2611357847862.0,2016155.0,-2611355831707.0,-0.9999992279284887
OldTownCross,37,fast,instructions,777453568386.0,1039319.0,-777452529067.0,-0.9999986631754715
PedestrianArea,37,fast,instructions,677170451631.0,1033474.0,-677169418157.0,-0.9999984738347671
PierSeaSide,37,fast,instructions,3146274738530.0,613166.0,-3146274125364.0,-0.9999998051136499
RitualDance,37,fast,instructions,628954107664.0,705348.0,-628953402316.0,-0.999998878538209
Riverbed,37,fast,instructions,775348826254.0,526947.0,-775348299307.0,-0.9999993203742855
RushFieldCuts,37,fast,instructions,815876876318.0,3026036.0,-815873850282.0,-0.9999962910629191
Skater227,37,fast,instructions,1163385.0,506627.0,-656758.0,-0.5645233521147341
Tango,37,fast,instructions,3302942240235.0,597013.0,-3302941643222.0,-0.9999998192481259
TimeLapse,37,fast,instructions,2708165244923.0,2451455.0,-2708162793468.0,-0.9999990947912043
ToddlerFountain,37,fast,instructions,814388212158.0,832012.0,-814387380146.0,-0.9999989783594757
TreesAndGrass_1920_1080,37,fast,instructions,1031564673973.0,1650573.0,-1031563023400.0,-0.9999983999326056
TunnelFlag,37,fast,instructions,883927688669.0,3715567.0,-883923973102.0,-0.9999957965260647
Vertical_Carnaby,37,fast,instructions,626179687523.0,1163302.0,-626178524221.0,-0.9999981422233535
Vertical_bees,37,fast,instructions,690525491617.0,673640.0,-690524817977.0,-0.999999024453104
WalkingInStreet,37,fast,instructions,1187189947403.0,2885526.0,-1187187061877.0,-0.999997569448759
WorldCup_1920x1080_30p,37,fast,instructions,622587178163.0,929239.0,-622586248924.0,-0.99999850745561
WorldCup_far_1920x1080_30p,37,fast,instructions,764827546488.0,997695.0,-764826548793.0,-0.9999986955294634
Aerial3200,22,faster,instructions,1319644834146.0,535472.0,-1319644298674.0,-0.9999995942302154
Boat,22,faster,instructions,1345975132765.0,797988.0,-1345974334777.0,-0.9999994071302057
BoxingPractice,22,faster,instructions,4168861062028.0,0.0,-4168861062028.0,-1.0
Crosswalk,22,faster,instructions,4149418717856.0,1104266.0,-4149417613590.0,-0.9999997338745316
CrowdRun,22,faster,instructions,1582785946586.0,4138110.0,-1582781808476.0,-0.9999973855529809
DinnerSceneCropped,22,faster,instructions,1381444101115.0,718529.0,-1381443382586.0,-0.9999994798711005
FoodMarket,22,faster,instructions,1307698977745.0,1094946.0,-1307697882799.0,-0.9999991626926238
FoodMarket2,22,faster,instructions,5282788854041.0,2681716.0,-5282786172325.0,-0.99999949236737
MeridianTalk_sdr,22,faster,instructions,1292356693916.0,1276953.0,-1292355416963.0,-0.9999990119190731
Motorcycle,22,faster,instructions,1203679727688.0,3118903.0,-1203676608785.0,-0.9999974088597421
MountainBike,22,faster,instructions,1240842727131.0,972647.0,-1240841754484.0,-0.999999216139984
Neon1224,22,faster,instructions,3481039431994.0,649672.0,-3481038782322.0,-0.9999998133683882
NocturneDance_3840x2160p_8bit,22,faster,instructions,3719089265876.0,965101.0,-3719088300775.0,-0.9999997405007164
OldTownCross,22,faster,instructions,1597329558514.0,881411.0,-1597328677103.0,-0.9999994481971517
PedestrianArea,22,faster,instructions,1079021332291.0,799447.0,-1079020532844.0,-0.999999259099912
PierSeaSide,22,faster,instructions,3906811224711.0,1034258.0,-3906810190453.0,-0.999999735267987
RitualDance,22,faster,instructions,831091756104.0,870374.0,-831090885730.0,-0.9999989527341673
Riverbed,22,faster,instructions,1231637017471.0,1032547.0,-1231635984924.0,-0.9999991616466659
RushFieldCuts,22,faster,instructions,1233851144607.0,914609.0,-1233850229998.0,-0.9999992587363524
Skater227,22,faster,instructions,1008482.0,1042454.0,33972.0,0.033686273032141376
Tango,22,faster,instructions,4758684332406.0,650273.0,-4758683682133.0,-0.9999998633502551
TimeLapse,22,faster,instructions,4894123863974.0,3646346.0,-4894120217628.0,-0.9999992549542878
ToddlerFountain,22,faster,instructions,1630005992543.0,947863.0,-1630005044680.0,-0.999999418491095
TreesAndGrass_1920_1080,22,faster,instructions,1484179402572.0,987068.0,-1484178415504.0,-0.9999993349402382
TunnelFlag,22,faster,instructions,1372551976478.0,2185997.0,-1372549790481.0,-0.9999984073484739
Vertical_Carnaby,22,faster,instructions,981734909756.0,541955.0,-981734367801.0,-0.9999994479619757
Vertical_bees,22,faster,instructions,913951621601.0,994553.0,-913950627048.0,-0.9999989118100165
WalkingInStreet,22,faster,instructions,1696853337185.0,985488.0,-1696852351697.0,-0.9999994192261769
WorldCup_1920x1080_30p,22,faster,instructions,807362223379.0,674442.0,-807361548937.0,-0.999999164635178
WorldCup_far_1920x1080_30p,22,faster,instructions,1083642663978.0,2814691.0,-1083639849287.0,-0.9999974025653533
Aerial3200,27,faster,instructions,1158637885753.0,714039.0,-1158637171714.0,-0.9999993837254859
Boat,27,faster,instructions,1178763668955.0,514303.0,-1178763154652.0,-0.9999995636928644
BoxingPractice,27,faster,instructions,3355622883543.0,1038845.0,-3355621844698.0,-0.9999996904166422
Crosswalk,27,faster,instructions,3255689761978.0,871940.0,-3255688890038.0,-0.9999997321796412
CrowdRun,27,faster,instructions,1326087174332.0,2750965.0,-1326084423367.0,-0.9999979255021441
DinnerSceneCropped,27,faster,instructions,1036685137206.0,639240.0,-1036684497966.0,-0.9999993833807613
FoodMarket,27,faster,instructions,1235018099935.0,3728871.0,-1235014371064.0,-0.9999969807155051
FoodMarket2,27,faster,instructions,3599375771625.0,1457318.0,-3599374314307.0,-0.9999995951192394
MeridianTalk_sdr,27,faster,instructions,811099907025.0,2591519.0,-811097315506.0,-0.999996804932441
Motorcycle,27,faster,instructions,1303365197965.0,560065.0,-1303364637900.0,-0.9999995702931144
MountainBike,27,faster,instructions,1103495894600.0,1810036.0,-1103494084564.0,-0.9999983597256602
Neon1224,27,faster,instructions,3096633804235.0,552477.0,-3096633251758.0,-0.9999998215878806
NocturneDance_3840x2160p_8bit,27,faster,instructions,3246364758191.0,930497.0,-3246363827694.0,-0.9999997133726277
OldTownCross,27,faster,instructions,1247776428365.0,1683577.0,-1247774744788.0,-0.9999986507382559
PedestrianArea,27,faster,instructions,849886903162.0,0.0,-849886903162.0,-1.0
PierSeaSide,27,faster,instructions,3249406437669.0,871990.0,-3249405565679.0,-0.999999731646374
RitualDance,27,faster,instructions,739809999711.0,605677.0,-739809394034.0,-0.9999991813073624
Riverbed,27,faster,instructions,1005637973153.0,855068.0,-1005637118085.0,-0.9999991497258229
RushFieldCuts,27,faster,instructions,1083750816345.0,971984.0,-1083749844361.0,-0.999999103129626
Skater227,27,faster,instructions,563464.0,724879.0,161415.0,0.2864690556983232
Tango,27,faster,instructions,3588748553537.0,837462.0,-3588747716075.0,-0.9999997666423301
TimeLapse,27,faster,instructions,4139439038297.0,465568.0,-4139438572729.0,-0.9999998875287217
ToddlerFountain,27,faster,instructions,1128043413629.0,859011.0,-1128042554618.0,-0.9999992384947338
TreesAndGrass_1920_1080,27,faster,instructions,1608664527149.0,0.0,-1608664527149.0,-1.0
TunnelFlag,27,faster,instructions,948714940763.0,491380.0,-948714449383.0,-0.9999994820572767
Vertical_Carnaby,27,faster,instructions,726297497031.0,1069798.0,-726296427233.0,-0.9999985270526136
Vertical_bees,27,faster,instructions,819975685049.0,1024567.0,-819974660482.0,-0.9999987504909978
WalkingInStreet,27,faster,instructions,1290275140322.0,819899.0,-1290274320423.0,-0.9999993645549121
WorldCup_1920x1080_30p,27,faster,instructions,725971058145.0,850000.0,-725970208145.0,-0.9999988291544264
WorldCup_far_1920x1080_30p,27,faster,instructions,1166373247710.0,550118.0,-1166372697592.0,-0.9999995283516653
Aerial3200,32,faster,instructions,1018998279590.0,704585.0,-1018997575005.0,-0.999999308551335
Boat,32,faster,instructions,1022893703722.0,512828.0,-1022893190894.0,-0.9999994986497638
BoxingPractice,32,faster,instructions,2882143510002.0,627715.0,-2882142882287.0,-0.9999997822055017
Crosswalk,32,faster,instructions,2845574467772.0,869993.0,-2845573597779.0,-0.9999996942645466
CrowdRun,32,faster,instructions,1349536575253.0,515110.0,-1349536060143.0,-0.99999961830601
DinnerSceneCropped,32,faster,instructions,774104739656.0,915765.0,-774103823891.0,-0.9999988170011717
FoodMarket,32,faster,instructions,826800377502.0,3122368.0,-826797255134.0,-0.9999962235527644
FoodMarket2,32,faster,instructions,3168729950833.0,0.0,-3168729950833.0,-1.0
MeridianTalk_sdr,32,faster,instructions,704913854414.0,665159.0,-704913189255.0,-0.9999990563967557
Motorcycle,32,faster,instructions,947601658473.0,669884.0,-947600988589.0,-0.9999992930742638
MountainBike,32,faster,instructions,972396833158.0,938124.0,-972395895034.0,-0.9999990352457269
Neon1224,32,faster,instructions,2783040846291.0,794510.0,-2783040051781.0,-0.9999997145173054
NocturneDance_3840x2160p_8bit,32,faster,instructions,2868034627107.0,585690.0,-2868034041417.0,-0.9999997957869844
OldTownCross,32,faster,instructions,928695385562.0,1417578.0,-928693967984.0,-0.9999984735813033
PedestrianArea,32,faster,instructions,736824962364.0,601305.0,-736824361059.0,-0.999999183924228
PierSeaSide,32,faster,instructions,2851650652986.0,666796.0,-2851649986190.0,-0.999999766171919
RitualDance,32,faster,instructions,676627580720.0,0.0,-676627580720.0,-1.0
Riverbed,32,faster,instructions,862779561318.0,3065359.0,-862776495959.0,-0.999996447112174
RushFieldCuts,32,faster,instructions,928688753945.0,0.0,-928688753945.0,-1.0
Skater227,32,faster,instructions,597547.0,0.0,-597547.0,-1.0
Tango,32,faster,instructions,2993649845736.0,803732.0,-2993649042004.0,-0.999999731521039
TimeLapse,32,faster,instructions,2973868761376.0,1008349.0,-2973867753027.0,-0.999999660930229
ToddlerFountain,32,faster,instructions,957137213661.0,940652.0,-957136273009.0,-0.9999990172234591
TreesAndGrass_1920_1080,32,faster,instructions,1176337195037.0,350352.0,-1176336844685.0,-0.9999997021670305
TunnelFlag,32,faster,instructions,994209434025.0,671844.0,-994208762181.0,-0.9999993242429844
Vertical_Carnaby,32,faster,instructions,666375819620.0,2833191.0,-666372986429.0,-0.999995748358634
Vertical_bees,32,faster,instructions,746507499581.0,965601.0,-746506533980.0,-0.9999987065086412
WalkingInStreet,32,faster,instructions,1122716723693.0,598715.0,-1122716124978.0,-0.9999994667265684
WorldCup_1920x1080_30p,32,faster,instructions,665203972817.0,956834.0,-665203015983.0,-0.9999985615930765
WorldCup_far_1920x1080_30p,32,faster,instructions,847177443304.0,459837.0,-847176983467.0,-0.9999994572128854
Aerial3200,37,faster,instructions,906208567049.0,514832.0,-906208052217.0,-0.9999994318835435
Boat,37,faster,instructions,896832000769.0,913426.0,-896831087343.0,-0.9999989814970929
BoxingPractice,37,faster,instructions,2647436039899.0,607811.0,-2647435432088.0,-0.9999997704152278
Crosswalk,37,faster,instructions,2638920878887.0,1023739.0,-2638919855148.0,-0.9999996120615028
CrowdRun,37,faster,instructions,1148475643719.0,1046723.0,-1148474596996.0,-0.9999990885979988
DinnerSceneCropped,37,faster,instructions,661719103151.0,0.0,-661719103151.0,-1.0
FoodMarket,37,faster,instructions,736239001575.0,683743.0,-736238317832.0,-0.9999990713029349
FoodMarket2,37,faster,instructions,2893377686942.0,789050.0,-2893376897892.0,-0.9999997272910469
MeridianTalk_sdr,37,faster,instructions,649395596588.0,2480080.0,-649393116508.0,-0.9999961809411505
Motorcycle,37,faster,instructions,843005748579.0,1825146.0,-843003923433.0,-0.9999978349542656
MountainBike,37,faster,instructions,862570008069.0,2600519.0,-862567407550.0,-0.999996985150219
Neon1224,37,faster,instructions,2551541105179.0,502515.0,-2551540602664.0,-0.9999998030543192
NocturneDance_3840x2160p_8bit,37,faster,instructions,2611254434850.0,0.0,-2611254434850.0,-1.0
OldTownCross,37,faster,instructions,777434040535.0,1020092.0,-777433020443.0,-0.9999986878732512
PedestrianArea,37,faster,instructions,676366233768.0,752073.0,-676365481695.0,-0.999998888068383
PierSeaSide,37,faster,instructions,3146482298395.0,1007609.0,-3146481290786.0,-0.9999996797665124
RitualDance,37,faster,instructions,626394441929.0,879508.0,-626393562421.0,-0.9999985959198532
Riverbed,37,faster,instructions,775729033001.0,690588.0,-775728342413.0,-0.9999991097561511
RushFieldCuts,37,faster,instructions,813434021869.0,721965.0,-813433299904.0,-0.9999991124479913
Skater227,37,faster,instructions,1211709.0,871846.0,-339863.0,-0.2804823600385901
Tango,37,faster,instructions,2726536915348.0,590844.0,-2726536324504.0,-0.9999997832987345
TimeLapse,37,faster,instructions,2708864936848.0,519567.0,-2708864417281.0,-0.9999998081975248
ToddlerFountain,37,faster,instructions,816747526642.0,0.0,-816747526642.0,-1.0
TreesAndGrass_1920_1080,37,faster,instructions,1030693433408.0,506608.0,-1030692926800.0,-0.999999508478483
TunnelFlag,37,faster,instructions,725996110025.0,464940.0,-725995645085.0,-0.9999993595833454
Vertical_Carnaby,37,faster,instructions,623964212081.0,1832913.0,-623962379168.0,-0.9999970624709487
Vertical_bees,37,faster,instructions,689799870013.0,1006270.0,-689798863743.0,-0.99999854121457
WalkingInStreet,37,faster,instructions,974579228503.0,0.0,-974579228503.0,-1.0
WorldCup_1920x1080_30p,37,faster,instructions,624393188302.0,955728.0,-624392232574.0,-0.999998469349093
WorldCup_far_1920x1080_30p,37,faster,instructions,764500151668.0,858647.0,-764499293021.0,-0.9999988768517598
Aerial3200,22,superfast,instructions,1299454086467.0,1014604.0,-1299453071863.0,-0.9999992192075037
Boat,22,superfast,instructions,1578157755405.0,1210290.0,-1578156545115.0,-0.999999233099482
BoxingPractice,22,superfast,instructions,4029417371337.0,751450.0,-4029416619887.0,-0.9999998135090186
Crosswalk,22,superfast,instructions,3974269449969.0,1043597.0,-3974268406372.0,-0.9999997374116141
CrowdRun,22,superfast,instructions,1519952572206.0,985147.0,-1519951587059.0,-0.99999935185675
DinnerSceneCropped,22,superfast,instructions,1315583195976.0,582721.0,-1315582613255.0,-0.9999995570626002
FoodMarket,22,superfast,instructions,1253399636757.0,792506.0,-1253398844251.0,-0.9999993677148319
FoodMarket2,22,superfast,instructions,4168257220841.0,995625.0,-4168256225216.0,-0.9999997611411803
MeridianTalk_sdr,22,superfast,instructions,1240099262242.0,3508159.0,-1240095754083.0,-0.9999971710659729
Motorcycle,22,superfast,instructions,1169911399524.0,2081791.0,-1169909317733.0,-0.9999982205567013
MountainBike,22,superfast,instructions,1200305045296.0,3658604.0,-1200301386692.0,-0.9999969519381641
Neon1224,22,superfast,instructions,3394535224161.0,537567.0,-3394534686594.0,-0.9999998416375249
NocturneDance_3840x2160p_8bit,22,superfast,instructions,3614327931787.0,1794243.0,-3614326137544.0,-0.9999995035749291
OldTownCross,22,superfast,instructions,1531484771578.0,1008864.0,-1531483762714.0,-0.9999993412510404
PedestrianArea,22,superfast,instructions,1044716134947.0,992302.0,-1044715142645.0,-0.9999990501706953
PierSeaSide,22,superfast,instructions,3789440090455.0,509573.0,-3789439580882.0,-0.9999998655281551
RitualDance,22,superfast,instructions,810243400876.0,745685.0,-810242655191.0,-0.9999990796777867
Riverbed,22,superfast,instructions,1189269433441.0,588204.0,-1189268845237.0,-0.9999995054072833
RushFieldCuts,22,superfast,instructions,1190242084243.0,0.0,-1190242084243.0,-1.0
Skater227,22,superfast,instructions,798764.0,1020813.0,222049.0,0.27799074570210974
Tango,22,superfast,instructions,5598358360982.0,722149.0,-5598357638833.0,-0.9999998710070072
TimeLapse,22,superfast,instructions,3858823429880.0,860282.0,-3858822569598.0,-0.9999997770610614
ToddlerFountain,22,superfast,instructions,1289346698171.0,0.0,-1289346698171.0,-1.0
TreesAndGrass_1920_1080,22,superfast,instructions,1711792844498.0,3259186.0,-1711789585312.0,-0.9999980960394766
TunnelFlag,22,superfast,instructions,1334287369323.0,1005190.0,-1334286364133.0,-0.9999992466465447
Vertical_Carnaby,22,superfast,instructions,961800999084.0,1769717.0,-961799229367.0,-0.9999981599967127
Vertical_bees,22,superfast,instructions,896715111700.0,704288.0,-896714407412.0,-0.999999214591133
WalkingInStreet,22,superfast,instructions,1405144065011.0,868912.0,-1405143196099.0,-0.9999993816207023
WorldCup_1920x1080_30p,22,superfast,instructions,792748418578.0,3041649.0,-792745376929.0,-0.9999961631598011
WorldCup_far_1920x1080_30p,22,superfast,instructions,1061681309951.0,3274818.0,-1061678035133.0,-0.9999969154416025
Aerial3200,27,superfast,instructions,1142878331397.0,812666.0,-1142877518731.0,-0.9999992889304332
Boat,27,superfast,instructions,1386308606129.0,1538977.0,-1386307067152.0,-0.9999988898741642
BoxingPractice,27,superfast,instructions,3265776686130.0,458386.0,-3265776227744.0,-0.9999998596395149
Crosswalk,27,superfast,instructions,3137113342692.0,839709.0,-3137112502983.0,-0.9999997323306785
CrowdRun,27,superfast,instructions,1552730954886.0,479347.0,-1552730475539.0,-0.999999691287793
DinnerSceneCropped,27,superfast,instructions,992308664093.0,3886581.0,-992304777512.0,-0.9999960832943008
FoodMarket,27,superfast,instructions,964880212513.0,607465.0,-964879605048.0,-0.9999993704244401
FoodMarket2,27,superfast,instructions,3494071124792.0,462275.0,-3494070662517.0,-0.9999998676973125
MeridianTalk_sdr,27,superfast,instructions,787171900145.0,4067312.0,-787167832833.0,-0.9999948330066162
Motorcycle,27,superfast,instructions,1042970884507.0,3148284.0,-1042967736223.0,-0.999996981426762
MountainBike,27,superfast,instructions,1070080896780.0,3719966.0,-1070077176814.0,-0.9999965236590885
Neon1224,27,superfast,instructions,3037196294874.0,903693.0,-3037195391181.0,-0.9999997024581514
NocturneDance_3840x2160p_8bit,27,superfast,instructions,3873357875166.0,1097472.0,-3873356777694.0,-0.9999997166613478
OldTownCross,27,superfast,instructions,1196243407942.0,549680.0,-1196242858262.0,-0.9999995404948555
PedestrianArea,27,superfast,instructions,829262597853.0,3577707.0,-829259020146.0,-0.999995685676637
PierSeaSide,27,superfast,instructions,3858220225405.0,1866590.0,-3858218358815.0,-0.999999516204392
RitualDance,27,superfast,instructions,725939715022.0,432247.0,-725939282775.0,-0.9999994045690144
Riverbed,27,superfast,instructions,970704385285.0,1084272.0,-970703301013.0,-0.9999988830049432
RushFieldCuts,27,superfast,instructions,1048423255530.0,610194.0,-1048422645336.0,-0.9999994179888735
Skater227,27,superfast,instructions,961580.0,486277.0,-475303.0,-0.4942937665092868
Tango,27,superfast,instructions,3436890710945.0,623937.0,-3436890087008.0,-0.9999998184588768
TimeLapse,27,superfast,instructions,3295369866260.0,1859070.0,-3295368007190.0,-0.9999994358539176
ToddlerFountain,27,superfast,instructions,1088351845565.0,767797.0,-1088351077768.0,-0.9999992945323674
TreesAndGrass_1920_1080,27,superfast,instructions,1273704375147.0,3053381.0,-1273701321766.0,-0.9999976027553492
TunnelFlag,27,superfast,instructions,928428164449.0,499790.0,-928427664659.0,-0.9999994616815612
Vertical_Carnaby,27,superfast,instructions,870547591536.0,2994474.0,-870544597062.0,-0.9999965602409
Vertical_bees,27,superfast,instructions,806572853282.0,828479.0,-806572024803.0,-0.9999989728404611
WalkingInStreet,27,superfast,instructions,1274528155532.0,984460.0,-1274527171072.0,-0.9999992275886603
WorldCup_1920x1080_30p,27,superfast,instructions,714938359028.0,1359728.0,-714936999300.0,-0.9999980981185541
WorldCup_far_1920x1080_30p,27,superfast,instructions,935510870518.0,608709.0,-935510261809.0,-0.9999993493298484
Aerial3200,32,superfast,instructions,1006774361115.0,865006.0,-1006773496109.0,-0.9999991408144333
Boat,32,superfast,instructions,1204417118342.0,304.0,-1204417118038.0,-0.9999999997475958
BoxingPractice,32,superfast,instructions,2837522876389.0,912835.0,-2837521963554.0,-0.9999996782986289
Crosswalk,32,superfast,instructions,2794024314994.0,612935.0,-2794023702059.0,-0.9999997806264618
CrowdRun,32,superfast,instructions,1296847062049.0,531686.0,-1296846530363.0,-0.9999995900164209
DinnerSceneCropped,32,superfast,instructions,907139784802.0,2949686.0,-907136835116.0,-0.9999967483666251
FoodMarket,32,superfast,instructions,802248298702.0,3346111.0,-802244952591.0,-0.9999958290830838
FoodMarket2,32,superfast,instructions,3100352395617.0,747238.0,-3100351648379.0,-0.9999997589828817
MeridianTalk_sdr,32,superfast,instructions,693663333210.0,877974.0,-693662455236.0,-0.9999987342937734
Motorcycle,32,superfast,instructions,923285977248.0,1175033.0,-923284802215.0,-0.9999987273358104
MountainBike,32,superfast,instructions,944405709305.0,437269.0,-944405272036.0,-0.9999995369903044
Neon1224,32,superfast,instructions,2744372777158.0,0.0,-2744372777158.0,-1.0
NocturneDance_3840x2160p_8bit,32,superfast,instructions,2815767141495.0,3017789.0,-2815764123706.0,-0.9999989282533503
OldTownCross,32,superfast,instructions,893249449270.0,1705670.0,-893247743600.0,-0.9999980904886072
PedestrianArea,32,superfast,instructions,724495851752.0,2963051.0,-724492888701.0,-0.9999959101891435
PierSeaSide,32,superfast,instructions,2798085511271.0,67.0,-2798085511204.0,-0.999999999976055
RitualDance,32,superfast,instructions,664622585217.0,746308.0,-664621838909.0,-0.9999988770950362
Riverbed,32,superfast,instructions,1016082120818.0,1048152.0,-1016081072666.0,-0.9999989684377094
RushFieldCuts,32,superfast,instructions,904442872399.0,2166850.0,-904440705549.0,-0.9999976042157376
Skater227,32,superfast,instructions,0.0,0.0,0.0,
Tango,32,superfast,instructions,2916582106554.0,568930.0,-2916581537624.0,-0.9999998049326303
TimeLapse,32,superfast,instructions,3539676587450.0,3415498.0,-3539673171952.0,-0.9999990350819021
ToddlerFountain,32,superfast,instructions,925393880386.0,589003.0,-925393291383.0,-0.9999993635110276
TreesAndGrass_1920_1080,32,superfast,instructions,1126854583643.0,851664.0,-1126853731979.0,-0.9999992442112653
TunnelFlag,32,superfast,instructions,801432900442.0,699164.0,-801432201278.0,-0.9999991276075644
Vertical_Carnaby,32,superfast,instructions,658376202039.0,1862526.0,-658374339513.0,-0.9999971710307963
Vertical_bees,32,superfast,instructions,732372914842.0,610720.0,-732372304122.0,-0.9999991661078835
WalkingInStreet,32,superfast,instructions,1111027723354.0,0.0,-1111027723354.0,-1.0
WorldCup_1920x1080_30p,32,superfast,instructions,655716111317.0,1189783.0,-655714921534.0,-0.9999981855211738
WorldCup_far_1920x1080_30p,32,superfast,instructions,832109021675.0,689917.0,-832108331758.0,-0.9999991708814806
Aerial3200,37,superfast,instructions,897628029792.0,650808.0,-897627378984.0,-0.999999274969165
Boat,37,superfast,instructions,869791310876.0,615543.0,-869790695333.0,-0.9999992923095549
BoxingPractice,37,superfast,instructions,2616966534540.0,642787.0,-2616965891753.0,-0.9999997543770653
Crosswalk,37,superfast,instructions,2613523884113.0,7062.0,-2613523877051.0,-0.9999999972979011
CrowdRun,37,superfast,instructions,1109409275093.0,4103617.0,-1109405171476.0,-0.9999963010792391
DinnerSceneCropped,37,superfast,instructions,654443543267.0,3332847.0,-654440210420.0,-0.9999949073575035
FoodMarket,37,superfast,instructions,720579405707.0,2791220.0,-720576614487.0,-0.9999961264227399
FoodMarket2,37,superfast,instructions,2843496943891.0,319071.0,-2843496624820.0,-0.9999998877892236
MeridianTalk_sdr,37,superfast,instructions,775943388154.0,3064806.0,-775940323348.0,-0.999996050219582
Motorcycle,37,superfast,instructions,823821511631.0,2992374.0,-823818519257.0,-0.9999963676913534
MountainBike,37,superfast,instructions,840526531796.0,2221806.0,-840524309990.0,-0.9999973566497714
Neon1224,37,superfast,instructions,2527673001219.0,807162.0,-2527672194057.0,-0.9999996806699286
NocturneDance_3840x2160p_8bit,37,superfast,instructions,2565673347224.0,0.0,-2565673347224.0,-1.0
OldTownCross,37,superfast,instructions,762962601223.0,0.0,-762962601223.0,-1.0
PedestrianArea,37,superfast,instructions,665377423094.0,617608.0,-665376805486.0,-0.9999990717929725
PierSeaSide,37,superfast,instructions,2564113825403.0,957314.0,-2564112868089.0,-0.9999996266491797
RitualDance,37,superfast,instructions,619468562416.0,0.0,-619468562416.0,-1.0
Riverbed,37,superfast,instructions,750137105678.0,954800.0,-750136150878.0,-0.999998727166017
RushFieldCuts,37,superfast,instructions,795456690140.0,169103.0,-795456521037.0,-0.9999997874139446
Skater227,37,superfast,instructions,583234.0,1002384.0,419150.0,0.7186652355658277
Tango,37,superfast,instructions,2693858516074.0,917124.0,-2693857598950.0,-0.9999996595500489
TimeLapse,37,superfast,instructions,2661807940286.0,518269.0,-2661807422017.0,-0.9999998052943669
ToddlerFountain,37,superfast,instructions,795903804512.0,504779.0,-795903299733.0,-0.9999993657788829
TreesAndGrass_1920_1080,37,superfast,instructions,992612412846.0,473427.0,-992611939419.0,-0.9999995230494865
TunnelFlag,37,superfast,instructions,870646842764.0,1046027.0,-870645796737.0,-0.99999879856338
Vertical_Carnaby,37,superfast,instructions,618474749435.0,3688801.0,-618471060634.0,-0.9999940356481758
Vertical_bees,37,superfast,instructions,681837992981.0,526426.0,-681837466555.0,-0.9999992279309668
WalkingInStreet,37,superfast,instructions,960596066928.0,959332.0,-960595107596.0,-0.9999990013159193
WorldCup_1920x1080_30p,37,superfast,instructions,619027293946.0,645339.0,-619026648607.0,-0.9999989574950793
WorldCup_far_1920x1080_30p,37,superfast,instructions,752393267089.0,1629463.0,-752391637626.0,-0.9999978342934855
Aerial3200,22,veryfast,instructions,1319612567771.0,158822.0,-1319612408949.0,-0.9999998796449777
Boat,22,veryfast,instructions,1346152290994.0,990506.0,-1346151300488.0,-0.9999992641946928
BoxingPractice,22,veryfast,instructions,4169209621779.0,2922469.0,-4169206699310.0,-0.9999992990352452
Crosswalk,22,veryfast,instructions,4149556908304.0,565065.0,-4149556343239.0,-0.9999998638252198
CrowdRun,22,veryfast,instructions,1582767012781.0,928061.0,-1582766084720.0,-0.9999994136464858
DinnerSceneCropped,22,veryfast,instructions,1383665846742.0,862116.0,-1383664984626.0,-0.9999993769333817
FoodMarket,22,veryfast,instructions,1308377380102.0,775146.0,-1308376604956.0,-0.9999994075516653
FoodMarket2,22,veryfast,instructions,5281796979354.0,992554.0,-5281795986800.0,-0.9999998120802439
MeridianTalk_sdr,22,veryfast,instructions,1049355281880.0,844464.0,-1049354437416.0,-0.9999991952544438
Motorcycle,22,veryfast,instructions,1457958732686.0,2676535.0,-1457956056151.0,-0.9999981641901516
MountainBike,22,veryfast,instructions,1238267991941.0,896071.0,-1238267095870.0,-0.9999992763513182
Neon1224,22,veryfast,instructions,3480707951880.0,0.0,-3480707951880.0,-1.0
NocturneDance_3840x2160p_8bit,22,veryfast,instructions,3718149854667.0,771934.0,-3718149082733.0,-0.9999997923876041
OldTownCross,22,veryfast,instructions,1597255748826.0,714360.0,-1597255034466.0,-0.9999995527579096
PedestrianArea,22,veryfast,instructions,1078178981686.0,507549.0,-1078178474137.0,-0.9999995292534833
PierSeaSide,22,veryfast,instructions,3906693597648.0,3263913.0,-3906690333735.0,-0.9999991645331484
RitualDance,22,veryfast,instructions,831011747748.0,1633545.0,-831010114203.0,-0.9999980342696666
Riverbed,22,veryfast,instructions,1231640792897.0,973344.0,-1231639819553.0,-0.9999992097176339
RushFieldCuts,22,veryfast,instructions,1231753518238.0,0.0,-1231753518238.0,-1.0
Skater227,22,veryfast,instructions,0.0,2780791.0,2780791.0,
Tango,22,veryfast,instructions,4757703239588.0,1847607.0,-4757701391981.0,-0.9999996116598899
TimeLapse,22,veryfast,instructions,3989320582323.0,0.0,-3989320582323.0,-1.0
ToddlerFountain,22,veryfast,instructions,1339903130334.0,590373.0,-1339902539961.0,-0.9999995593912824
TreesAndGrass_1920_1080,22,veryfast,instructions,1483954066793.0,479045.0,-1483953587748.0,-0.9999996771834043
TunnelFlag,22,veryfast,instructions,1123928701003.0,1699211.0,-1123927001792.0,-0.9999984881505397
Vertical_Carnaby,22,veryfast,instructions,801495558630.0,2848471.0,-801492710159.0,-0.9999964460551661
Vertical_bees,22,veryfast,instructions,915562121122.0,0.0,-915562121122.0,-1.0
WalkingInStreet,22,veryfast,instructions,1418787527157.0,486022.0,-1418787041135.0,-0.9999996574384884
WorldCup_1920x1080_30p,22,veryfast,instructions,807492728551.0,617877.0,-807492110674.0,-0.9999992348203542
WorldCup_far_1920x1080_30p,22,veryfast,instructions,1083704672087.0,981676.0,-1083703690411.0,-0.9999990941480412
Aerial3200,27,veryfast,instructions,1158501944651.0,711369.0,-1158501233282.0,-0.9999993859578715
Boat,27,veryfast,instructions,1179435420418.0,0.0,-1179435420418.0,-1.0
BoxingPractice,27,veryfast,instructions,3363841138249.0,1310757.0,-3363839827492.0,-0.9999996103392086
Crosswalk,27,veryfast,instructions,3247531739285.0,970538.0,-3247530768747.0,-0.9999997011459539
CrowdRun,27,veryfast,instructions,1327648355133.0,567505.0,-1327647787628.0,-0.9999995725487115
DinnerSceneCropped,27,veryfast,instructions,1038870733536.0,1000779.0,-1038869732757.0,-0.9999990366664805
FoodMarket,27,veryfast,instructions,1006073701830.0,658110.0,-1006073043720.0,-0.9999993458630329
FoodMarket2,27,veryfast,instructions,3600668481178.0,0.0,-3600668481178.0,-1.0
MeridianTalk_sdr,27,veryfast,instructions,990668376265.0,329129.0,-990668047136.0,-0.9999996677707618
Motorcycle,27,veryfast,instructions,1071988320371.0,944896.0,-1071987375475.0,-0.9999991185575607
MountainBike,27,veryfast,instructions,1101158961186.0,1051480.0,-1101157909706.0,-0.9999990451151586
Neon1224,27,veryfast,instructions,3097077436933.0,1015775.0,-3097076421158.0,-0.9999996720214394
NocturneDance_3840x2160p_8bit,27,veryfast,instructions,3977197332351.0,929223.0,-3977196403128.0,-0.9999997663623597
OldTownCross,27,veryfast,instructions,1248019428298.0,626074.0,-1248018802224.0,-0.9999994983459506
PedestrianArea,27,veryfast,instructions,848311513244.0,2360679.0,-848309152565.0,-0.9999972172026865
PierSeaSide,27,veryfast,instructions,3240781509935.0,734265.0,-3240780775670.0,-0.9999997734296503
RitualDance,27,veryfast,instructions,737742830979.0,1016030.0,-737741814949.0,-0.9999986227856682
Riverbed,27,veryfast,instructions,1003258964751.0,0.0,-1003258964751.0,-1.0
RushFieldCuts,27,veryfast,instructions,1084041524577.0,2230041.0,-1084039294536.0,-0.9999979428454082
Skater227,27,veryfast,instructions,3602392.0,922400.0,-2679992.0,-0.7439479101663561
Tango,27,veryfast,instructions,3589094950299.0,539153.0,-3589094411146.0,-0.999999849780235
TimeLapse,27,veryfast,instructions,3376256930406.0,0.0,-3376256930406.0,-1.0
ToddlerFountain,27,veryfast,instructions,1130044121544.0,894257.0,-1130043227287.0,-0.9999992086530225
TreesAndGrass_1920_1080,27,veryfast,instructions,1608895123872.0,2708121.0,-1608892415751.0,-0.9999983167821446
TunnelFlag,27,veryfast,instructions,947897016743.0,57950.0,-947896958793.0,-0.9999999388646668
Vertical_Carnaby,27,veryfast,instructions,724669609322.0,529786.0,-724669079536.0,-0.9999992689275317
Vertical_bees,27,veryfast,instructions,821908053930.0,1065246.0,-821906988684.0,-0.9999987039353186
WalkingInStreet,27,veryfast,instructions,1290073688360.0,825660.0,-1290072862700.0,-0.9999993599900475
WorldCup_1920x1080_30p,27,veryfast,instructions,725995973846.0,950765.0,-725995023081.0,-0.9999986903990735
WorldCup_far_1920x1080_30p,27,veryfast,instructions,956653005950.0,995664.0,-956652010286.0,-0.9999989592213752
Aerial3200,32,veryfast,instructions,1019562570539.0,525662.0,-1019562044877.0,-0.999999484423992
Boat,32,veryfast,instructions,1023191525740.0,572444.0,-1023190953296.0,-0.999999440530941
BoxingPractice,32,veryfast,instructions,2881686713640.0,3415817.0,-2881683297823.0,-0.9999988146466499
Crosswalk,32,veryfast,instructions,2847783868634.0,1058827.0,-2847782809807.0,-0.9999996281926408
CrowdRun,32,veryfast,instructions,1104781644232.0,525079.0,-1104781119153.0,-0.9999995247214662
DinnerSceneCropped,32,veryfast,instructions,773752472864.0,2050402.0,-773750422462.0,-0.9999973500543495
FoodMarket,32,veryfast,instructions,826754061896.0,769353.0,-826753292543.0,-0.9999990694294283
FoodMarket2,32,veryfast,instructions,3870804608656.0,1688315.0,-3870802920341.0,-0.999999563833577
MeridianTalk_sdr,32,veryfast,instructions,855727496789.0,0.0,-855727496789.0,-1.0
Motorcycle,32,veryfast,instructions,947718053825.0,1085712.0,-947716968113.0,-0.9999988543934606
MountainBike,32,veryfast,instructions,970046751886.0,3075836.0,-970043676050.0,-0.9999968291878778
Neon1224,32,veryfast,instructions,2783186784882.0,470492.0,-2783186314390.0,-0.9999998309520574
NocturneDance_3840x2160p_8bit,32,veryfast,instructions,2861574397924.0,3815984.0,-2861570581940.0,-0.9999986664739513
OldTownCross,32,veryfast,instructions,928367363092.0,2895160.0,-928364467932.0,-0.9999968814500433
PedestrianArea,32,veryfast,instructions,736824558712.0,790800.0,-736823767912.0,-0.999998926745871
PierSeaSide,32,veryfast,instructions,2851479829261.0,910059.0,-2851478919202.0,-0.9999996808467693
RitualDance,32,veryfast,instructions,674515632115.0,903044.0,-674514729071.0,-0.9999986611963355
Riverbed,32,veryfast,instructions,862319480101.0,94.0,-862319480007.0,-0.9999999998909916
RushFieldCuts,32,veryfast,instructions,930497276160.0,606590.0,-930496669570.0,-0.999999348101262
Skater227,32,veryfast,instructions,1024231.0,3464979.0,2440748.0,2.383005396243621
Tango,32,veryfast,instructions,2993228641380.0,3553311.0,-2993225088069.0,-0.9999988128835362
TimeLapse,32,veryfast,instructions,2974297755992.0,808204.0,-2974296947788.0,-0.9999997282706486
ToddlerFountain,32,veryfast,instructions,956621755015.0,499874.0,-956621255141.0,-0.9999994774590925
TreesAndGrass_1920_1080,32,veryfast,instructions,1173893643349.0,0.0,-1173893643349.0,-1.0
TunnelFlag,32,veryfast,instructions,994752428362.0,3379280.0,-994749049082.0,-0.99999660289344
Vertical_Carnaby,32,veryfast,instructions,666066670922.0,1942000.0,-666064728922.0,-0.999997084375957
Vertical_bees,32,veryfast,instructions,746786960903.0,676849.0,-746786284054.0,-0.9999990936518238
WalkingInStreet,32,veryfast,instructions,1123040232075.0,19.0,-1123040232056.0,-0.9999999999830816
WorldCup_1920x1080_30p,32,veryfast,instructions,810382095795.0,1179167.0,-810380916628.0,-0.9999985449246644
WorldCup_far_1920x1080_30p,32,veryfast,instructions,1034397209201.0,991598.0,-1034396217603.0,-0.9999990413759906
Aerial3200,37,veryfast,instructions,906707078029.0,675896.0,-906706402133.0,-0.9999992545596958
Boat,37,veryfast,instructions,896738091517.0,1041609.0,-896737049908.0,-0.9999988384467997
BoxingPractice,37,veryfast,instructions,2646225175642.0,2851962.0,-2646222323680.0,-0.9999989222527145
Crosswalk,37,veryfast,instructions,2638721023160.0,1438445.0,-2638719584715.0,-0.9999994548703757
CrowdRun,37,veryfast,instructions,940290901759.0,0.0,-940290901759.0,-1.0
DinnerSceneCropped,37,veryfast,instructions,659011487082.0,856949.0,-659010630133.0,-0.9999986996448214
FoodMarket,37,veryfast,instructions,737113848261.0,1321465.0,-737112526796.0,-0.9999982072443719
FoodMarket2,37,veryfast,instructions,2893720139713.0,540827.0,-2893719598886.0,-0.9999998131032118
MeridianTalk_sdr,37,veryfast,instructions,649904632471.0,1062082.0,-649903570389.0,-0.9999983657879219
Motorcycle,37,veryfast,instructions,843667547514.0,1651027.0,-843665896487.0,-0.9999980430360219
MountainBike,37,veryfast,instructions,860006739035.0,0.0,-860006739035.0,-1.0
Neon1224,37,veryfast,instructions,2552272765913.0,555606.0,-2552272210307.0,-0.9999997823093176
NocturneDance_3840x2160p_8bit,37,veryfast,instructions,2603705954013.0,1584541.0,-2603704369472.0,-0.9999993914285914
OldTownCross,37,veryfast,instructions,776984883516.0,0.0,-776984883516.0,-1.0
PedestrianArea,37,veryfast,instructions,677197065802.0,328.0,-677197065474.0,-0.9999999995156506
PierSeaSide,37,veryfast,instructions,2594361569915.0,1185254.0,-2594360384661.0,-0.9999995431423231
RitualDance,37,veryfast,instructions,626646706515.0,513051.0,-626646193464.0,-0.9999991812755183
Riverbed,37,veryfast,instructions,772773176732.0,642709.0,-772772534023.0,-0.999999168308348
RushFieldCuts,37,veryfast,instructions,813860073707.0,976805.0,-813859096902.0,-0.9999987997875415
Skater227,37,veryfast,instructions,691294.0,481971.0,-209323.0,-0.30279880918972246
Tango,37,veryfast,instructions,2727283820832.0,2802590.0,-2727281018242.0,-0.9999989723878466
TimeLapse,37,veryfast,instructions,2709866723733.0,3537001.0,-2709863186732.0,-0.9999986947693889
ToddlerFountain,37,veryfast,instructions,817370183696.0,1867536.0,-817368316160.0,-0.9999977151894732
TreesAndGrass_1920_1080,37,veryfast,instructions,1033679373230.0,0.0,-1033679373230.0,-1.0
TunnelFlag,37,veryfast,instructions,883914078533.0,2139861.0,-883911938672.0,-0.9999975791074586
Vertical_Carnaby,37,veryfast,instructions,626180674315.0,582529.0,-626180091786.0,-0.9999990697109894
Vertical_bees,37,veryfast,instructions,690551852877.0,475903.0,-690551376974.0,-0.9999993108366909
WalkingInStreet,37,veryfast,instructions,972484773383.0,177885.0,-972484595498.0,-0.999999817081969
WorldCup_1920x1080_30p,37,veryfast,instructions,624492196912.0,1239726.0,-624490957186.0,-0.9999980148254756
WorldCup_far_1920x1080_30p,37,veryfast,instructions,762621692770.0,557540.0,-762621135230.0,-0.9999992689166788
Aerial3200,22,fast,l1-dcache-load-misses,4919576869.0,37771.0,-4919539098.0,-0.9999923223071809
Boat,22,fast,l1-dcache-load-misses,4973816864.0,38037.0,-4973778827.0,-0.999992352553172
BoxingPractice,22,fast,l1-dcache-load-misses,20112070837.0,36699.0,-20112034138.0,-0.9999981752749233
Crosswalk,22,fast,l1-dcache-load-misses,20547668072.0,38145.0,-20547629927.0,-0.9999981435849622
CrowdRun,22,fast,l1-dcache-load-misses,4936160700.0,38258.0,-4936122442.0,-0.99999224944196
DinnerSceneCropped,22,fast,l1-dcache-load-misses,4864152087.0,38077.0,-4864114010.0,-0.9999921719141756
FoodMarket,22,fast,l1-dcache-load-misses,5035721763.0,36281.0,-5035685482.0,-0.9999927952731092
FoodMarket2,22,fast,l1-dcache-load-misses,20557906783.0,38015.0,-20557868768.0,-0.9999981508331368
MeridianTalk_sdr,22,fast,l1-dcache-load-misses,4595974734.0,38656.0,-4595936078.0,-0.9999915891617693
Motorcycle,22,fast,l1-dcache-load-misses,4677937318.0,36731.0,-4677900587.0,-0.9999921480350199
MountainBike,22,fast,l1-dcache-load-misses,4967808979.0,38247.0,-4967770732.0,-0.9999923010324749
Neon1224,22,fast,l1-dcache-load-misses,18029458147.0,37039.0,-18029421108.0,-0.999997945639869
NocturneDance_3840x2160p_8bit,22,fast,l1-dcache-load-misses,19538397129.0,36459.0,-19538360670.0,-0.9999981339820375
OldTownCross,22,fast,l1-dcache-load-misses,5387104540.0,36815.0,-5387067725.0,-0.9999931660876958
PedestrianArea,22,fast,l1-dcache-load-misses,4895017892.0,38109.0,-4894979783.0,-0.999992214737343
PierSeaSide,22,fast,l1-dcache-load-misses,19412905099.0,38064.0,-19412867035.0,-0.9999980392424623
RitualDance,22,fast,l1-dcache-load-misses,4221664038.0,36367.0,-4221627671.0,-0.9999913856243243
Riverbed,22,fast,l1-dcache-load-misses,5037338907.0,38261.0,-5037300646.0,-0.9999924045213741
RushFieldCuts,22,fast,l1-dcache-load-misses,4709453036.0,36454.0,-4709416582.0,-0.9999922593983375
Skater227,22,fast,l1-dcache-load-misses,43038.0,38631.0,-4407.0,-0.10239788094242297
Tango,22,fast,l1-dcache-load-misses,20905353003.0,38724.0,-20905314279.0,-0.9999981476514654
TimeLapse,22,fast,l1-dcache-load-misses,19528101958.0,37751.0,-19528064207.0,-0.9999980668372133
ToddlerFountain,22,fast,l1-dcache-load-misses,5004797921.0,38308.0,-5004759613.0,-0.9999923457449023
TreesAndGrass_1920_1080,22,fast,l1-dcache-load-misses,5028662509.0,38102.0,-5028624407.0,-0.9999924230349657
TunnelFlag,22,fast,l1-dcache-load-misses,4889710014.0,37976.0,-4889672038.0,-0.9999922334862618
Vertical_Carnaby,22,fast,l1-dcache-load-misses,4258290359.0,37915.0,-4258252444.0,-0.9999910961919448
Vertical_bees,22,fast,l1-dcache-load-misses,4582834984.0,38031.0,-4582796953.0,-0.9999917014249623
WalkingInStreet,22,fast,l1-dcache-load-misses,4783230759.0,38227.0,-4783192532.0,-0.9999920081213042
WorldCup_1920x1080_30p,22,fast,l1-dcache-load-misses,4252256961.0,36937.0,-4252220024.0,-0.9999913135541105
WorldCup_far_1920x1080_30p,22,fast,l1-dcache-load-misses,4584005273.0,36448.0,-4583968825.0,-0.9999920488747658
Aerial3200,27,fast,l1-dcache-load-misses,4892844944.0,38085.0,-4892806859.0,-0.999992216184973
Boat,27,fast,l1-dcache-load-misses,4891116413.0,37972.0,-4891078441.0,-0.999992236537266
BoxingPractice,27,fast,l1-dcache-load-misses,18496623170.0,38161.0,-18496585009.0,-0.9999979368666567
Crosswalk,27,fast,l1-dcache-load-misses,18494280655.0,38099.0,-18494242556.0,-0.9999979399577247
CrowdRun,27,fast,l1-dcache-load-misses,4763888709.0,38230.0,-4763850479.0,-0.9999919750434287
DinnerSceneCropped,27,fast,l1-dcache-load-misses,4906062426.0,38236.0,-4906024190.0,-0.9999922063771962
FoodMarket,27,fast,l1-dcache-load-misses,4825371521.0,36030.0,-4825335491.0,-0.9999925332174231
FoodMarket2,27,fast,l1-dcache-load-misses,19728538788.0,38091.0,-19728500697.0,-0.9999980692437281
MeridianTalk_sdr,27,fast,l1-dcache-load-misses,4154519884.0,38005.0,-4154481879.0,-0.9999908521318802
Motorcycle,27,fast,l1-dcache-load-misses,4720950422.0,38049.0,-4720912373.0,-0.9999919403940735
MountainBike,27,fast,l1-dcache-load-misses,4816597215.0,38007.0,-4816559208.0,-0.9999921091595781
Neon1224,27,fast,l1-dcache-load-misses,17501170097.0,38082.0,-17501132015.0,-0.9999978240312054
NocturneDance_3840x2160p_8bit,27,fast,l1-dcache-load-misses,19051909044.0,38205.0,-19051870839.0,-0.9999979946891457
OldTownCross,27,fast,l1-dcache-load-misses,4895988412.0,36532.0,-4895951880.0,-0.9999925383810324
PedestrianArea,27,fast,l1-dcache-load-misses,4527727624.0,38091.0,-4527689533.0,-0.9999915871706155
PierSeaSide,27,fast,l1-dcache-load-misses,17892984776.0,38195.0,-17892946581.0,-0.9999978653645282
RitualDance,27,fast,l1-dcache-load-misses,3925836074.0,38170.0,-3925797904.0,-0.999990277230307
Riverbed,27,fast,l1-dcache-load-misses,4883046448.0,36641.0,-4883009807.0,-0.9999924962827222
RushFieldCuts,27,fast,l1-dcache-load-misses,4825599549.0,37841.0,-4825561708.0,-0.9999921582801027
Skater227,27,fast,l1-dcache-load-misses,42970.0,37942.0,-5028.0,-0.11701186874563649
Tango,27,fast,l1-dcache-load-misses,18591791373.0,36709.0,-18591754664.0,-0.9999980255264669
TimeLapse,27,fast,l1-dcache-load-misses,18671045715.0,38077.0,-18671007638.0,-0.9999979606391318
ToddlerFountain,27,fast,l1-dcache-load-misses,4846124991.0,38075.0,-4846086916.0,-0.999992143207187
TreesAndGrass_1920_1080,27,fast,l1-dcache-load-misses,4826309787.0,38001.0,-4826271786.0,-0.9999921262824648
TunnelFlag,27,fast,l1-dcache-load-misses,4399675140.0,38492.0,-4399636648.0,-0.99999125117224
Vertical_Carnaby,27,fast,l1-dcache-load-misses,4225878693.0,36388.0,-4225842305.0,-0.9999913892464399
Vertical_bees,27,fast,l1-dcache-load-misses,4328777541.0,38092.0,-4328739449.0,-0.9999912002870004
WalkingInStreet,27,fast,l1-dcache-load-misses,4686228160.0,38086.0,-4686190074.0,-0.9999918727815421
WorldCup_1920x1080_30p,27,fast,l1-dcache-load-misses,4271393963.0,36617.0,-4271357346.0,-0.999991427388736
WorldCup_far_1920x1080_30p,27,fast,l1-dcache-load-misses,4410552186.0,38111.0,-4410514075.0,-0.9999913591318291
Aerial3200,32,fast,l1-dcache-load-misses,4789452296.0,37885.0,-4789414411.0,-0.9999920899097311
Boat,32,fast,l1-dcache-load-misses,4670257868.0,38109.0,-4670219759.0,-0.9999918400651362
BoxingPractice,32,fast,l1-dcache-load-misses,16925201197.0,38340.0,-16925162857.0,-0.999997734738893
Crosswalk,32,fast,l1-dcache-load-misses,16791157748.0,37870.0,-16791119878.0,-0.9999977446462853
CrowdRun,32,fast,l1-dcache-load-misses,4767671671.0,38044.0,-4767633627.0,-0.9999920204236732
DinnerSceneCropped,32,fast,l1-dcache-load-misses,4236270864.0,38077.0,-4236232787.0,-0.9999910116701168
FoodMarket,32,fast,l1-dcache-load-misses,4267392147.0,36817.0,-4267355330.0,-0.9999913724826002
FoodMarket2,32,fast,l1-dcache-load-misses,18460598740.0,38419.0,-18460560321.0,-0.9999979188649003
MeridianTalk_sdr,32,fast,l1-dcache-load-misses,3992459942.0,36307.0,-3992423635.0,-0.9999909061078815
Motorcycle,32,fast,l1-dcache-load-misses,4515373262.0,37634.0,-4515335628.0,-0.9999916653623485
MountainBike,32,fast,l1-dcache-load-misses,4592985037.0,38043.0,-4592946994.0,-0.9999917171513311
Neon1224,32,fast,l1-dcache-load-misses,16613395246.0,37958.0,-16613357288.0,-0.9999977152171824
NocturneDance_3840x2160p_8bit,32,fast,l1-dcache-load-misses,17492250613.0,36195.0,-17492214418.0,-0.9999979307979973
OldTownCross,32,fast,l1-dcache-load-misses,4364075836.0,36771.0,-4364039065.0,-0.9999915741610866
PedestrianArea,32,fast,l1-dcache-load-misses,4189236726.0,37530.0,-4189199196.0,-0.999991041327465
PierSeaSide,32,fast,l1-dcache-load-misses,16818092274.0,38709.0,-16818053565.0,-0.9999976983715293
RitualDance,32,fast,l1-dcache-load-misses,3922054287.0,38067.0,-3922016220.0,-0.9999902941170075
Riverbed,32,fast,l1-dcache-load-misses,4458629229.0,38090.0,-4458591139.0,-0.9999914570155884
RushFieldCuts,32,fast,l1-dcache-load-misses,4702730127.0,36412.0,-4702693715.0,-0.9999922572635433
Skater227,32,fast,l1-dcache-load-misses,41886.0,38720.0,-3166.0,-0.07558611469225994
Tango,32,fast,l1-dcache-load-misses,17252021667.0,38410.0,-17251983257.0,-0.9999977735942638
TimeLapse,32,fast,l1-dcache-load-misses,17774405452.0,38013.0,-17774367439.0,-0.9999978613630649
ToddlerFountain,32,fast,l1-dcache-load-misses,4594264100.0,37998.0,-4594226102.0,-0.9999917292521342
TreesAndGrass_1920_1080,32,fast,l1-dcache-load-misses,4795690282.0,38654.0,-4795651628.0,-0.9999919398464606
TunnelFlag,32,fast,l1-dcache-load-misses,4348016322.0,38662.0,-4347977660.0,-0.9999911081290555
Vertical_Carnaby,32,fast,l1-dcache-load-misses,3984346120.0,38122.0,-3984307998.0,-0.9999904320561387
Vertical_bees,32,fast,l1-dcache-load-misses,4205522719.0,38192.0,-4205484527.0,-0.9999909186080894
WalkingInStreet,32,fast,l1-dcache-load-misses,4381289087.0,37930.0,-4381251157.0,-0.9999913427305875
WorldCup_1920x1080_30p,32,fast,l1-dcache-load-misses,3976724584.0,37693.0,-3976686891.0,-0.9999905215965542
WorldCup_far_1920x1080_30p,32,fast,l1-dcache-load-misses,4323526463.0,37864.0,-4323488599.0,-0.999991242334163
Aerial3200,37,fast,l1-dcache-load-misses,4748880199.0,37945.0,-4748842254.0,-0.9999920096952524
Boat,37,fast,l1-dcache-load-misses,4575679062.0,38311.0,-4575640751.0,-0.9999916272536861
BoxingPractice,37,fast,l1-dcache-load-misses,16405708738.0,38221.0,-16405670517.0,-0.9999976702621868
Crosswalk,37,fast,l1-dcache-load-misses,15662962265.0,38053.0,-15662924212.0,-0.9999975705106507
CrowdRun,37,fast,l1-dcache-load-misses,4632107467.0,38004.0,-4632069463.0,-0.9999917955271395
DinnerSceneCropped,37,fast,l1-dcache-load-misses,3765816323.0,37991.0,-3765778332.0,-0.9999899116163027
FoodMarket,37,fast,l1-dcache-load-misses,4090064669.0,36321.0,-4090028348.0,-0.999991119700313
FoodMarket2,37,fast,l1-dcache-load-misses,17716943455.0,37922.0,-17716905533.0,-0.9999978595630733
MeridianTalk_sdr,37,fast,l1-dcache-load-misses,3840054425.0,37774.0,-3840016651.0,-0.9999901631602526
Motorcycle,37,fast,l1-dcache-load-misses,4499648629.0,38056.0,-4499610573.0,-0.999991542450725
MountainBike,37,fast,l1-dcache-load-misses,4537872395.0,38399.0,-4537833996.0,-0.9999915381049405
Neon1224,37,fast,l1-dcache-load-misses,15986557880.0,38009.0,-15986519871.0,-0.9999976224400347
NocturneDance_3840x2160p_8bit,37,fast,l1-dcache-load-misses,16748915458.0,38754.0,-16748876704.0,-0.9999976861785411
OldTownCross,37,fast,l1-dcache-load-misses,4083390331.0,38227.0,-4083352104.0,-0.999990638416389
PedestrianArea,37,fast,l1-dcache-load-misses,4007201965.0,38077.0,-4007163888.0,-0.9999904978585226
PierSeaSide,37,fast,l1-dcache-load-misses,15715305089.0,37881.0,-15715267208.0,-0.9999975895472735
RitualDance,37,fast,l1-dcache-load-misses,3799039607.0,37810.0,-3799001797.0,-0.999990047484651
Riverbed,37,fast,l1-dcache-load-misses,4437221454.0,38146.0,-4437183308.0,-0.9999914031786794
RushFieldCuts,37,fast,l1-dcache-load-misses,4445790397.0,36715.0,-4445753682.0,-0.9999917416259604
Skater227,37,fast,l1-dcache-load-misses,43161.0,38009.0,-5152.0,-0.11936702115335604
Tango,37,fast,l1-dcache-load-misses,15972860222.0,37830.0,-15972822392.0,-0.9999976316076473
TimeLapse,37,fast,l1-dcache-load-misses,16976043335.0,38203.0,-16976005132.0,-0.9999977495933978
ToddlerFountain,37,fast,l1-dcache-load-misses,4312455623.0,38348.0,-4312417275.0,-0.9999911076186395
TreesAndGrass_1920_1080,37,fast,l1-dcache-load-misses,4587611438.0,38695.0,-4587572743.0,-0.999991565327508
TunnelFlag,37,fast,l1-dcache-load-misses,3989770934.0,38680.0,-3989732254.0,-0.9999903052078327
Vertical_Carnaby,37,fast,l1-dcache-load-misses,3887081796.0,36640.0,-3887045156.0,-0.999990573905587
Vertical_bees,37,fast,l1-dcache-load-misses,4114848639.0,38075.0,-4114810564.0,-0.9999907469257462
WalkingInStreet,37,fast,l1-dcache-load-misses,4275858386.0,38193.0,-4275820193.0,-0.9999910677584354
WorldCup_1920x1080_30p,37,fast,l1-dcache-load-misses,3764104377.0,38086.0,-3764066291.0,-0.9999898817896143
WorldCup_far_1920x1080_30p,37,fast,l1-dcache-load-misses,4322326117.0,36774.0,-4322289343.0,-0.9999914920811145
Aerial3200,22,faster,l1-dcache-load-misses,4921109271.0,37740.0,-4921071531.0,-0.9999923309973582
Boat,22,faster,l1-dcache-load-misses,4989226574.0,37772.0,-4989188802.0,-0.9999924292874978
BoxingPractice,22,faster,l1-dcache-load-misses,20158650677.0,39450.0,-20158611227.0,-0.9999980430237801
Crosswalk,22,faster,l1-dcache-load-misses,20785566334.0,38214.0,-20785528120.0,-0.999998161512687
CrowdRun,22,faster,l1-dcache-load-misses,5168465910.0,37633.0,-5168428277.0,-0.9999927187291828
DinnerSceneCropped,22,faster,l1-dcache-load-misses,4944537176.0,36330.0,-4944500846.0,-0.9999926524973507
FoodMarket,22,faster,l1-dcache-load-misses,5068352760.0,38634.0,-5068314126.0,-0.9999923774050802
FoodMarket2,22,faster,l1-dcache-load-misses,19639427704.0,38100.0,-19639389604.0,-0.9999980600249369
MeridianTalk_sdr,22,faster,l1-dcache-load-misses,4572461591.0,37992.0,-4572423599.0,-0.9999916911275811
Motorcycle,22,faster,l1-dcache-load-misses,4825358456.0,36504.0,-4825321952.0,-0.999992434966162
MountainBike,22,faster,l1-dcache-load-misses,4939581705.0,40055.0,-4939541650.0,-0.9999918910137756
Neon1224,22,faster,l1-dcache-load-misses,19170724884.0,38232.0,-19170686652.0,-0.9999980057092138
NocturneDance_3840x2160p_8bit,22,faster,l1-dcache-load-misses,19780805413.0,38190.0,-19780767223.0,-0.9999980693404944
OldTownCross,22,faster,l1-dcache-load-misses,5282104974.0,38028.0,-5282066946.0,-0.9999928005974537
PedestrianArea,22,faster,l1-dcache-load-misses,4795865500.0,38160.0,-4795827340.0,-0.9999920431463309
PierSeaSide,22,faster,l1-dcache-load-misses,19288239413.0,38623.0,-19288200790.0,-0.9999979975881068
RitualDance,22,faster,l1-dcache-load-misses,4306730519.0,36696.0,-4306693823.0,-0.9999914793832959
Riverbed,22,faster,l1-dcache-load-misses,5034950428.0,38222.0,-5034912206.0,-0.9999924086640879
RushFieldCuts,22,faster,l1-dcache-load-misses,4937778380.0,38204.0,-4937740176.0,-0.9999922629172353
Skater227,22,faster,l1-dcache-load-misses,43491.0,37842.0,-5649.0,-0.12988894253983582
Tango,22,faster,l1-dcache-load-misses,20902762671.0,38071.0,-20902724600.0,-0.9999981786618066
TimeLapse,22,faster,l1-dcache-load-misses,18970807654.0,38371.0,-18970769283.0,-0.9999979773660299
ToddlerFountain,22,faster,l1-dcache-load-misses,4838427966.0,36580.0,-4838391386.0,-0.9999924396931695
TreesAndGrass_1920_1080,22,faster,l1-dcache-load-misses,5037283654.0,38780.0,-5037244874.0,-0.9999923014063404
TunnelFlag,22,faster,l1-dcache-load-misses,4662319529.0,38419.0,-4662281110.0,-0.9999917596810427
Vertical_Carnaby,22,faster,l1-dcache-load-misses,4266538602.0,36806.0,-4266501796.0,-0.9999913733348192
Vertical_bees,22,faster,l1-dcache-load-misses,4439217094.0,36540.0,-4439180554.0,-0.9999917688188646
WalkingInStreet,22,faster,l1-dcache-load-misses,4553713982.0,37980.0,-4553676002.0,-0.9999916595552224
WorldCup_1920x1080_30p,22,faster,l1-dcache-load-misses,4380964969.0,36626.0,-4380928343.0,-0.9999916397414134
WorldCup_far_1920x1080_30p,22,faster,l1-dcache-load-misses,4781486409.0,38057.0,-4781448352.0,-0.9999920407595578
Aerial3200,27,faster,l1-dcache-load-misses,4905062119.0,37554.0,-4905024565.0,-0.9999923438278479
Boat,27,faster,l1-dcache-load-misses,4910587876.0,37650.0,-4910550226.0,-0.9999923328935454
BoxingPractice,27,faster,l1-dcache-load-misses,18564981690.0,37893.0,-18564943797.0,-0.999997958899145
Crosswalk,27,faster,l1-dcache-load-misses,18860431853.0,38186.0,-18860393667.0,-0.9999979753379828
CrowdRun,27,faster,l1-dcache-load-misses,5246049326.0,38381.0,-5246010945.0,-0.9999926838278455
DinnerSceneCropped,27,faster,l1-dcache-load-misses,4756847501.0,36230.0,-4756811271.0,-0.9999923836112062
FoodMarket,27,faster,l1-dcache-load-misses,4528410872.0,38487.0,-4528372385.0,-0.9999915009920505
FoodMarket2,27,faster,l1-dcache-load-misses,19712215629.0,38119.0,-19712177510.0,-0.9999980662244814
MeridianTalk_sdr,27,faster,l1-dcache-load-misses,4384946847.0,37881.0,-4384908966.0,-0.9999913611267544
Motorcycle,27,faster,l1-dcache-load-misses,4466258862.0,38461.0,-4466220401.0,-0.999991388542136
MountainBike,27,faster,l1-dcache-load-misses,4824017817.0,37974.0,-4823979843.0,-0.9999921281385268
Neon1224,27,faster,l1-dcache-load-misses,17727418529.0,37972.0,-17727380557.0,-0.9999978580073609
NocturneDance_3840x2160p_8bit,27,faster,l1-dcache-load-misses,18475852255.0,36935.0,-18475815320.0,-0.9999980009041266
OldTownCross,27,faster,l1-dcache-load-misses,5102274040.0,37853.0,-5102236187.0,-0.9999925811511292
PedestrianArea,27,faster,l1-dcache-load-misses,4606268210.0,38054.0,-4606230156.0,-0.9999917386486706
PierSeaSide,27,faster,l1-dcache-load-misses,17892300295.0,37951.0,-17892262344.0,-0.9999978789200173
RitualDance,27,faster,l1-dcache-load-misses,4209838567.0,43605.0,-4209794962.0,-0.9999896421206405
Riverbed,27,faster,l1-dcache-load-misses,4872021918.0,38170.0,-4871983748.0,-0.9999921654703853
RushFieldCuts,27,faster,l1-dcache-load-misses,4943839742.0,37790.0,-4943801952.0,-0.9999923561438129
Skater227,27,faster,l1-dcache-load-misses,43100.0,38244.0,-4856.0,-0.11266821345707656
Tango,27,faster,l1-dcache-load-misses,19659505177.0,38197.0,-19659466980.0,-0.9999980570721564
TimeLapse,27,faster,l1-dcache-load-misses,17919886841.0,38198.0,-17919848643.0,-0.9999978684017182
ToddlerFountain,27,faster,l1-dcache-load-misses,4703594060.0,38129.0,-4703555931.0,-0.9999918936456859
TreesAndGrass_1920_1080,27,faster,l1-dcache-load-misses,4688717716.0,38032.0,-4688679684.0,-0.9999918886138378
TunnelFlag,27,faster,l1-dcache-load-misses,4665987485.0,38022.0,-4665949463.0,-0.99999185124261
Vertical_Carnaby,27,faster,l1-dcache-load-misses,4223632544.0,36689.0,-4223595855.0,-0.9999913134015287
Vertical_bees,27,faster,l1-dcache-load-misses,4313771998.0,36935.0,-4313735063.0,-0.9999914378877657
WalkingInStreet,27,faster,l1-dcache-load-misses,4814843135.0,38004.0,-4814805131.0,-0.9999921069079647
WorldCup_1920x1080_30p,27,faster,l1-dcache-load-misses,4181451739.0,36532.0,-4181415207.0,-0.9999912633213821
WorldCup_far_1920x1080_30p,27,faster,l1-dcache-load-misses,4370484610.0,38039.0,-4370446571.0,-0.9999912963885257
Aerial3200,32,faster,l1-dcache-load-misses,4779886503.0,37586.0,-4779848917.0,-0.9999921366333748
Boat,32,faster,l1-dcache-load-misses,4680871607.0,38169.0,-4680833438.0,-0.9999918457494235
BoxingPractice,32,faster,l1-dcache-load-misses,17071673228.0,36564.0,-17071636664.0,-0.9999978582064271
Crosswalk,32,faster,l1-dcache-load-misses,17031174349.0,38541.0,-17031135808.0,-0.99999773703215
CrowdRun,32,faster,l1-dcache-load-misses,4641545352.0,38339.0,-4641507013.0,-0.999991740035464
DinnerSceneCropped,32,faster,l1-dcache-load-misses,4121825712.0,37974.0,-4121787738.0,-0.9999907870922612
FoodMarket,32,faster,l1-dcache-load-misses,4484892836.0,38320.0,-4484854516.0,-0.9999914557601706
FoodMarket2,32,faster,l1-dcache-load-misses,18415942501.0,42387.0,-18415900114.0,-0.9999976983529354
MeridianTalk_sdr,32,faster,l1-dcache-load-misses,3997441593.0,37900.0,-3997403693.0,-0.9999905189358949
Motorcycle,32,faster,l1-dcache-load-misses,4487526365.0,37831.0,-4487488534.0,-0.9999915697431229
MountainBike,32,faster,l1-dcache-load-misses,4647195273.0,37894.0,-4647157379.0,-0.9999918458343637
Neon1224,32,faster,l1-dcache-load-misses,16712161455.0,36526.0,-16712124929.0,-0.9999978144059882
NocturneDance_3840x2160p_8bit,32,faster,l1-dcache-load-misses,17569880179.0,38242.0,-17569841937.0,-0.9999978234342175
OldTownCross,32,faster,l1-dcache-load-misses,4512284938.0,38223.0,-4512246715.0,-0.999991529125371
PedestrianArea,32,faster,l1-dcache-load-misses,4181291698.0,38736.0,-4181252962.0,-0.9999907358771409
PierSeaSide,32,faster,l1-dcache-load-misses,16783009572.0,38507.0,-16782971065.0,-0.9999977055962559
RitualDance,32,faster,l1-dcache-load-misses,3976878521.0,38027.0,-3976840494.0,-0.9999904379779772
Riverbed,32,faster,l1-dcache-load-misses,4536868180.0,36674.0,-4536831506.0,-0.9999919164501712
RushFieldCuts,32,faster,l1-dcache-load-misses,4480232603.0,36947.0,-4480195656.0,-0.9999917533299554
Skater227,32,faster,l1-dcache-load-misses,43830.0,36559.0,-7271.0,-0.16589094227697923
Tango,32,faster,l1-dcache-load-misses,17310251010.0,38133.0,-17310212877.0,-0.9999977970856704
TimeLapse,32,faster,l1-dcache-load-misses,17491876016.0,37887.0,-17491838129.0,-0.9999978340230651
ToddlerFountain,32,faster,l1-dcache-load-misses,4624640466.0,37998.0,-4624602468.0,-0.9999917835774955
TreesAndGrass_1920_1080,32,faster,l1-dcache-load-misses,4789283651.0,37914.0,-4789245737.0,-0.9999920835760079
TunnelFlag,32,faster,l1-dcache-load-misses,4251279160.0,38129.0,-4251241031.0,-0.9999910311700161
Vertical_Carnaby,32,faster,l1-dcache-load-misses,4004008158.0,38622.0,-4003969536.0,-0.9999903541655072
Vertical_bees,32,faster,l1-dcache-load-misses,4212090880.0,36821.0,-4212054059.0,-0.9999912582607904
WalkingInStreet,32,faster,l1-dcache-load-misses,4546395088.0,38009.0,-4546357079.0,-0.9999916397498976
WorldCup_1920x1080_30p,32,faster,l1-dcache-load-misses,3975006706.0,36682.0,-3974970024.0,-0.9999907718394677
WorldCup_far_1920x1080_30p,32,faster,l1-dcache-load-misses,4431492503.0,36578.0,-4431455925.0,-0.9999917458959988
Aerial3200,37,faster,l1-dcache-load-misses,4773713244.0,37644.0,-4773675600.0,-0.9999921143147743
Boat,37,faster,l1-dcache-load-misses,4598869301.0,38156.0,-4598831145.0,-0.9999917031779982
BoxingPractice,37,faster,l1-dcache-load-misses,16494939069.0,36670.0,-16494902399.0,-0.9999977768938796
Crosswalk,37,faster,l1-dcache-load-misses,16103849917.0,36774.0,-16103813143.0,-0.9999977164466765
CrowdRun,37,faster,l1-dcache-load-misses,4373014749.0,38410.0,-4372976339.0,-0.9999912165857642
DinnerSceneCropped,37,faster,l1-dcache-load-misses,3802239703.0,38590.0,-3802201113.0,-0.9999898507187831
FoodMarket,37,faster,l1-dcache-load-misses,4244453743.0,36549.0,-4244417194.0,-0.9999913889979222
FoodMarket2,37,faster,l1-dcache-load-misses,17842874307.0,38002.0,-17842836305.0,-0.9999978701861961
MeridianTalk_sdr,37,faster,l1-dcache-load-misses,3851495733.0,36766.0,-3851458967.0,-0.9999904540982131
Motorcycle,37,faster,l1-dcache-load-misses,4404043887.0,37862.0,-4404006025.0,-0.9999914029012945
MountainBike,37,faster,l1-dcache-load-misses,4496881156.0,37900.0,-4496843256.0,-0.9999915719364855
Neon1224,37,faster,l1-dcache-load-misses,16234959035.0,36722.0,-16234922313.0,-0.9999977380909972
NocturneDance_3840x2160p_8bit,37,faster,l1-dcache-load-misses,16813461011.0,36487.0,-16813424524.0,-0.9999978298935611
OldTownCross,37,faster,l1-dcache-load-misses,4087001629.0,36610.0,-4086965019.0,-0.9999910423329073
PedestrianArea,37,faster,l1-dcache-load-misses,4014920091.0,38067.0,-4014882024.0,-0.9999905186157788
PierSeaSide,37,faster,l1-dcache-load-misses,15728392538.0,38096.0,-15728354442.0,-0.9999975778834418
RitualDance,37,faster,l1-dcache-load-misses,3741291235.0,35948.0,-3741255287.0,-0.9999903915526106
Riverbed,37,faster,l1-dcache-load-misses,4406940044.0,38189.0,-4406901855.0,-0.9999913343499982
RushFieldCuts,37,faster,l1-dcache-load-misses,4295732510.0,37966.0,-4295694544.0,-0.9999911619264208
Skater227,37,faster,l1-dcache-load-misses,43114.0,38058.0,-5056.0,-0.11727049218351347
Tango,37,faster,l1-dcache-load-misses,16616904164.0,38037.0,-16616866127.0,-0.999997710945455
TimeLapse,37,faster,l1-dcache-load-misses,17056527729.0,38156.0,-17056489573.0,-0.9999977629679025
ToddlerFountain,37,faster,l1-dcache-load-misses,4429570883.0,38324.0,-4429532559.0,-0.999991348146127
TreesAndGrass_1920_1080,37,faster,l1-dcache-load-misses,4583722708.0,38478.0,-4583684230.0,-0.9999916055131493
TunnelFlag,37,faster,l1-dcache-load-misses,4143852675.0,38621.0,-4143814054.0,-0.9999906799292761
Vertical_Carnaby,37,faster,l1-dcache-load-misses,3777631476.0,38612.0,-3777592864.0,-0.999989778780634
Vertical_bees,37,faster,l1-dcache-load-misses,4118623085.0,36576.0,-4118586509.0,-0.9999911193621642
WalkingInStreet,37,faster,l1-dcache-load-misses,4536297355.0,38136.0,-4536259219.0,-0.9999915931436995
WorldCup_1920x1080_30p,37,faster,l1-dcache-load-misses,3884940859.0,37042.0,-3884903817.0,-0.9999904652345185
WorldCup_far_1920x1080_30p,37,faster,l1-dcache-load-misses,4365434832.0,38368.0,-4365396464.0,-0.9999912109557292
Aerial3200,22,superfast,l1-dcache-load-misses,4594379148.0,37500.0,-4594341648.0,-0.9999918378525603
Boat,22,superfast,l1-dcache-load-misses,5101458048.0,38275.0,-5101419773.0,-0.9999924972430156
BoxingPractice,22,superfast,l1-dcache-load-misses,21758876681.0,37821.0,-21758838860.0,-0.9999982618128429
Crosswalk,22,superfast,l1-dcache-load-misses,22113929650.0,38147.0,-22113891503.0,-0.9999982749786852
CrowdRun,22,superfast,l1-dcache-load-misses,5559309990.0,38599.0,-5559271391.0,-0.9999930568721533
DinnerSceneCropped,22,superfast,l1-dcache-load-misses,5363863255.0,36477.0,-5363826778.0,-0.9999931994910635
FoodMarket,22,superfast,l1-dcache-load-misses,5429505566.0,37836.0,-5429467730.0,-0.999993031409667
FoodMarket2,22,superfast,l1-dcache-load-misses,22380854049.0,38164.0,-22380815885.0,-0.9999982947925081
MeridianTalk_sdr,22,superfast,l1-dcache-load-misses,4883518135.0,37941.0,-4883480194.0,-0.9999922308059577
Motorcycle,22,superfast,l1-dcache-load-misses,5184749745.0,38085.0,-5184711660.0,-0.9999926544188489
MountainBike,22,superfast,l1-dcache-load-misses,5085389515.0,38069.0,-5085351446.0,-0.9999925140444232
Neon1224,22,superfast,l1-dcache-load-misses,20485317181.0,38130.0,-20485279051.0,-0.999998138666848
NocturneDance_3840x2160p_8bit,22,superfast,l1-dcache-load-misses,21005847703.0,36581.0,-21005811122.0,-0.9999982585325516
OldTownCross,22,superfast,l1-dcache-load-misses,5603999355.0,37872.0,-5603961483.0,-0.9999932419692436
PedestrianArea,22,superfast,l1-dcache-load-misses,5263370973.0,38264.0,-5263332709.0,-0.9999927301343196
PierSeaSide,22,superfast,l1-dcache-load-misses,21849988316.0,37945.0,-21849950371.0,-0.999998263385799
RitualDance,22,superfast,l1-dcache-load-misses,4601526340.0,36627.0,-4601489713.0,-0.9999920402498446
Riverbed,22,superfast,l1-dcache-load-misses,5403591411.0,37975.0,-5403553436.0,-0.9999929722665702
RushFieldCuts,22,superfast,l1-dcache-load-misses,5259444233.0,37944.0,-5259406289.0,-0.9999927855495145
Skater227,22,superfast,l1-dcache-load-misses,43420.0,37832.0,-5588.0,-0.12869645324735146
Tango,22,superfast,l1-dcache-load-misses,21594826459.0,36718.0,-21594789741.0,-0.9999982996853404
TimeLapse,22,superfast,l1-dcache-load-misses,21187382830.0,38239.0,-21187344591.0,-0.9999981951994588
ToddlerFountain,22,superfast,l1-dcache-load-misses,5360084262.0,38085.0,-5360046177.0,-0.9999928947012513
TreesAndGrass_1920_1080,22,superfast,l1-dcache-load-misses,5173384087.0,38494.0,-5173345593.0,-0.9999925592224833
TunnelFlag,22,superfast,l1-dcache-load-misses,4921564310.0,38179.0,-4921526131.0,-0.9999922425071389
Vertical_Carnaby,22,superfast,l1-dcache-load-misses,3824216541.0,38586.0,-3824177955.0,-0.9999899100901881
Vertical_bees,22,superfast,l1-dcache-load-misses,4151840921.0,36561.0,-4151804360.0,-0.9999911940267714
WalkingInStreet,22,superfast,l1-dcache-load-misses,4909046353.0,36484.0,-4909009869.0,-0.9999925680066195
WorldCup_1920x1080_30p,22,superfast,l1-dcache-load-misses,4579633851.0,36643.0,-4579597208.0,-0.9999919987053131
WorldCup_far_1920x1080_30p,22,superfast,l1-dcache-load-misses,5000353607.0,37943.0,-5000315664.0,-0.9999924119366385
Aerial3200,27,superfast,l1-dcache-load-misses,4582868327.0,37683.0,-4582830644.0,-0.999991777420316
Boat,27,superfast,l1-dcache-load-misses,4971455388.0,38687.0,-4971416701.0,-0.9999922181741602
BoxingPractice,27,superfast,l1-dcache-load-misses,21171413712.0,38098.0,-21171375614.0,-0.9999982004980622
Crosswalk,27,superfast,l1-dcache-load-misses,20590036201.0,37868.0,-20589998333.0,-0.9999981608580174
CrowdRun,27,superfast,l1-dcache-load-misses,5144915703.0,38583.0,-5144877120.0,-0.9999925007517659
DinnerSceneCropped,27,superfast,l1-dcache-load-misses,5112770655.0,36525.0,-5112734130.0,-0.999992856123917
FoodMarket,27,superfast,l1-dcache-load-misses,4988023822.0,36779.0,-4987987043.0,-0.9999926265388233
FoodMarket2,27,superfast,l1-dcache-load-misses,21108125885.0,37865.0,-21108088020.0,-0.9999982061410754
MeridianTalk_sdr,27,superfast,l1-dcache-load-misses,4653906398.0,37826.0,-4653868572.0,-0.9999918722043881
Motorcycle,27,superfast,l1-dcache-load-misses,5228734989.0,37938.0,-5228697051.0,-0.999992744325333
MountainBike,27,superfast,l1-dcache-load-misses,5268932439.0,37967.0,-5268894472.0,-0.9999927941759664
Neon1224,27,superfast,l1-dcache-load-misses,20319771749.0,38404.0,-20319733345.0,-0.9999981100181402
NocturneDance_3840x2160p_8bit,27,superfast,l1-dcache-load-misses,19680951626.0,36721.0,-19680914905.0,-0.9999981341857499
OldTownCross,27,superfast,l1-dcache-load-misses,5406295200.0,38013.0,-5406257187.0,-0.9999929687524277
PedestrianArea,27,superfast,l1-dcache-load-misses,4772077435.0,38054.0,-4772039381.0,-0.9999920256951992
PierSeaSide,27,superfast,l1-dcache-load-misses,18902055901.0,36760.0,-18902019141.0,-0.999998055238002
RitualDance,27,superfast,l1-dcache-load-misses,4349105995.0,36545.0,-4349069450.0,-0.9999915971236291
Riverbed,27,superfast,l1-dcache-load-misses,5203604070.0,36588.0,-5203567482.0,-0.9999929687194667
RushFieldCuts,27,superfast,l1-dcache-load-misses,5109260248.0,38017.0,-5109222231.0,-0.9999925591968005
Skater227,27,superfast,l1-dcache-load-misses,43503.0,38000.0,-5503.0,-0.12649702319380274
Tango,27,superfast,l1-dcache-load-misses,20839770716.0,36731.0,-20839733985.0,-0.999998237456616
TimeLapse,27,superfast,l1-dcache-load-misses,20293797006.0,38022.0,-20293758984.0,-0.9999981264225719
ToddlerFountain,27,superfast,l1-dcache-load-misses,5164282010.0,38107.0,-5164243903.0,-0.9999926210458828
TreesAndGrass_1920_1080,27,superfast,l1-dcache-load-misses,5310832917.0,38632.0,-5310794285.0,-0.9999927258114492
TunnelFlag,27,superfast,l1-dcache-load-misses,4930762220.0,36712.0,-4930725508.0,-0.9999925544979941
Vertical_Carnaby,27,superfast,l1-dcache-load-misses,3652450296.0,36668.0,-3652413628.0,-0.999989960712117
Vertical_bees,27,superfast,l1-dcache-load-misses,3989450897.0,37982.0,-3989412915.0,-0.9999904793915302
WalkingInStreet,27,superfast,l1-dcache-load-misses,4746303138.0,36734.0,-4746266404.0,-0.9999922605027678
WorldCup_1920x1080_30p,27,superfast,l1-dcache-load-misses,4503267041.0,38037.0,-4503229004.0,-0.9999915534655943
WorldCup_far_1920x1080_30p,27,superfast,l1-dcache-load-misses,5252698576.0,37816.0,-5252660760.0,-0.9999928006529496
Aerial3200,32,superfast,l1-dcache-load-misses,4464112259.0,38020.0,-4464074239.0,-0.9999914831890879
Boat,32,superfast,l1-dcache-load-misses,4843026355.0,38205.0,-4842988150.0,-0.9999921113375811
BoxingPractice,32,superfast,l1-dcache-load-misses,18839262985.0,38271.0,-18839224714.0,-0.9999979685511036
Crosswalk,32,superfast,l1-dcache-load-misses,18467746104.0,37853.0,-18467708251.0,-0.9999979503183666
CrowdRun,32,superfast,l1-dcache-load-misses,4942328964.0,38421.0,-4942290543.0,-0.999992226134626
DinnerSceneCropped,32,superfast,l1-dcache-load-misses,4394053925.0,36703.0,-4394017222.0,-0.9999916471211718
FoodMarket,32,superfast,l1-dcache-load-misses,4680072581.0,36590.0,-4680035991.0,-0.9999921817451831
FoodMarket2,32,superfast,l1-dcache-load-misses,20250809830.0,37941.0,-20250771889.0,-0.9999981264452968
MeridianTalk_sdr,32,superfast,l1-dcache-load-misses,4254969026.0,37905.0,-4254931121.0,-0.999991091592026
Motorcycle,32,superfast,l1-dcache-load-misses,4775409687.0,37874.0,-4775371813.0,-0.9999920689527219
MountainBike,32,superfast,l1-dcache-load-misses,5029893761.0,38075.0,-5029855686.0,-0.999992430257614
Neon1224,32,superfast,l1-dcache-load-misses,18495566894.0,38080.0,-18495528814.0,-0.9999979411282597
NocturneDance_3840x2160p_8bit,32,superfast,l1-dcache-load-misses,19284774720.0,36335.0,-19284738385.0,-0.9999981158711716
OldTownCross,32,superfast,l1-dcache-load-misses,4838603038.0,38015.0,-4838565023.0,-0.9999921433935164
PedestrianArea,32,superfast,l1-dcache-load-misses,4451187805.0,36307.0,-4451151498.0,-0.9999918433008018
PierSeaSide,32,superfast,l1-dcache-load-misses,18364699978.0,37766.0,-18364662212.0,-0.999997943554752
RitualDance,32,superfast,l1-dcache-load-misses,4087394180.0,36948.0,-4087357232.0,-0.9999909604999242
Riverbed,32,superfast,l1-dcache-load-misses,4738939021.0,36759.0,-4738902262.0,-0.9999922432004639
RushFieldCuts,32,superfast,l1-dcache-load-misses,4881463944.0,36741.0,-4881427203.0,-0.9999924733644616
Skater227,32,superfast,l1-dcache-load-misses,43804.0,37844.0,-5960.0,-0.13606063373207927
Tango,32,superfast,l1-dcache-load-misses,18965112228.0,37984.0,-18965074244.0,-0.9999979971645017
TimeLapse,32,superfast,l1-dcache-load-misses,18878828086.0,37883.0,-18878790203.0,-0.9999979933606139
ToddlerFountain,32,superfast,l1-dcache-load-misses,4893028981.0,38316.0,-4892990665.0,-0.9999921692677176
TreesAndGrass_1920_1080,32,superfast,l1-dcache-load-misses,5143318853.0,38097.0,-5143280756.0,-0.9999925929149857
TunnelFlag,32,superfast,l1-dcache-load-misses,4577936044.0,36647.0,-4577899397.0,-0.9999919948641379
Vertical_Carnaby,32,superfast,l1-dcache-load-misses,3622615462.0,38082.0,-3622577380.0,-0.9999894877056648
Vertical_bees,32,superfast,l1-dcache-load-misses,3704257431.0,38327.0,-3704219104.0,-0.999989653256904
WalkingInStreet,32,superfast,l1-dcache-load-misses,4781286006.0,38092.0,-4781247914.0,-0.9999920331057477
WorldCup_1920x1080_30p,32,superfast,l1-dcache-load-misses,4107685307.0,38106.0,-4107647201.0,-0.9999907232426167
WorldCup_far_1920x1080_30p,32,superfast,l1-dcache-load-misses,4666081145.0,36677.0,-4666044468.0,-0.9999921396566283
Aerial3200,37,superfast,l1-dcache-load-misses,4413433219.0,38049.0,-4413395170.0,-0.9999913788204983
Boat,37,superfast,l1-dcache-load-misses,4852961371.0,37562.0,-4852923809.0,-0.9999922599837237
BoxingPractice,37,superfast,l1-dcache-load-misses,18225655264.0,37865.0,-18225617399.0,-0.9999979224340935
Crosswalk,37,superfast,l1-dcache-load-misses,17899428815.0,37872.0,-17899390943.0,-0.9999978841782946
CrowdRun,37,superfast,l1-dcache-load-misses,4659386584.0,38621.0,-4659347963.0,-0.9999917111406612
DinnerSceneCropped,37,superfast,l1-dcache-load-misses,4038044965.0,37998.0,-4038006967.0,-0.9999905900007728
FoodMarket,37,superfast,l1-dcache-load-misses,4436211309.0,38343.0,-4436172966.0,-0.9999913568138825
FoodMarket2,37,superfast,l1-dcache-load-misses,19636159317.0,38326.0,-19636120991.0,-0.9999980481926541
MeridianTalk_sdr,37,superfast,l1-dcache-load-misses,3953510557.0,36607.0,-3953473950.0,-0.9999907406343117
Motorcycle,37,superfast,l1-dcache-load-misses,4654399156.0,37932.0,-4654361224.0,-0.9999918502907188
MountainBike,37,superfast,l1-dcache-load-misses,4926499749.0,37726.0,-4926462023.0,-0.9999923422304025
Neon1224,37,superfast,l1-dcache-load-misses,18608856711.0,38061.0,-18608818650.0,-0.9999979546835901
NocturneDance_3840x2160p_8bit,37,superfast,l1-dcache-load-misses,18407143973.0,38227.0,-18407105746.0,-0.9999979232519691
OldTownCross,37,superfast,l1-dcache-load-misses,4498141993.0,38046.0,-4498103947.0,-0.9999915418410403
PedestrianArea,37,superfast,l1-dcache-load-misses,4177835888.0,36344.0,-4177799544.0,-0.9999913007592988
PierSeaSide,37,superfast,l1-dcache-load-misses,18128325843.0,37918.0,-18128287925.0,-0.9999979083562195
RitualDance,37,superfast,l1-dcache-load-misses,3912934982.0,37960.0,-3912897022.0,-0.9999902988421289
Riverbed,37,superfast,l1-dcache-load-misses,4587749587.0,38062.0,-4587711525.0,-0.9999917035576423
RushFieldCuts,37,superfast,l1-dcache-load-misses,4584710271.0,37929.0,-4584672342.0,-0.9999917270671955
Skater227,37,superfast,l1-dcache-load-misses,42701.0,38482.0,-4219.0,-0.09880330671412847
Tango,37,superfast,l1-dcache-load-misses,18205242076.0,38595.0,-18205203481.0,-0.999997880006218
TimeLapse,37,superfast,l1-dcache-load-misses,19248216632.0,37867.0,-19248178765.0,-0.9999980327008614
ToddlerFountain,37,superfast,l1-dcache-load-misses,4666936147.0,36663.0,-4666899484.0,-0.9999921440965025
TreesAndGrass_1920_1080,37,superfast,l1-dcache-load-misses,5032973913.0,38718.0,-5032935195.0,-0.9999923071327869
TunnelFlag,37,superfast,l1-dcache-load-misses,4164779446.0,36891.0,-4164742555.0,-0.9999911421479869
Vertical_Carnaby,37,superfast,l1-dcache-load-misses,3386985208.0,38640.0,-3386946568.0,-0.9999885916242242
Vertical_bees,37,superfast,l1-dcache-load-misses,3792855148.0,38337.0,-3792816811.0,-0.999989892311068
WalkingInStreet,37,superfast,l1-dcache-load-misses,4740665345.0,36792.0,-4740628553.0,-0.9999922390640718
WorldCup_1920x1080_30p,37,superfast,l1-dcache-load-misses,4056422649.0,38038.0,-4056384611.0,-0.9999906227720109
WorldCup_far_1920x1080_30p,37,superfast,l1-dcache-load-misses,4666634729.0,36769.0,-4666597960.0,-0.9999921208746484
Aerial3200,22,veryfast,l1-dcache-load-misses,4955771027.0,38346.0,-4955732681.0,-0.9999922623543761
Boat,22,veryfast,l1-dcache-load-misses,4961153507.0,37908.0,-4961115599.0,-0.9999923590350618
BoxingPractice,22,veryfast,l1-dcache-load-misses,20037103360.0,37946.0,-20037065414.0,-0.9999981062132925
Crosswalk,22,veryfast,l1-dcache-load-misses,20577286208.0,38097.0,-20577248111.0,-0.9999981485896821
CrowdRun,22,veryfast,l1-dcache-load-misses,5176236019.0,37983.0,-5176198036.0,-0.999992662042484
DinnerSceneCropped,22,veryfast,l1-dcache-load-misses,5110991071.0,38126.0,-5110952945.0,-0.9999925403900202
FoodMarket,22,veryfast,l1-dcache-load-misses,5052172733.0,38021.0,-5052134712.0,-0.9999924743269858
FoodMarket2,22,veryfast,l1-dcache-load-misses,19898021085.0,37558.0,-19897983527.0,-0.9999981124756155
MeridianTalk_sdr,22,veryfast,l1-dcache-load-misses,4897465009.0,38325.0,-4897426684.0,-0.9999921745229563
Motorcycle,22,veryfast,l1-dcache-load-misses,4635480273.0,37740.0,-4635442533.0,-0.9999918584487956
MountainBike,22,veryfast,l1-dcache-load-misses,4742840671.0,38176.0,-4742802495.0,-0.9999919508154188
Neon1224,22,veryfast,l1-dcache-load-misses,18537404892.0,37958.0,-18537366934.0,-0.9999979523563184
NocturneDance_3840x2160p_8bit,22,veryfast,l1-dcache-load-misses,19597763006.0,38446.0,-19597724560.0,-0.9999980382454882
OldTownCross,22,veryfast,l1-dcache-load-misses,5195093806.0,38610.0,-5195055196.0,-0.9999925679879051
PedestrianArea,22,veryfast,l1-dcache-load-misses,4808322685.0,37760.0,-4808284925.0,-0.99999214694968
PierSeaSide,22,veryfast,l1-dcache-load-misses,19187702313.0,36729.0,-19187665584.0,-0.9999980858051996
RitualDance,22,veryfast,l1-dcache-load-misses,4352927492.0,38028.0,-4352889464.0,-0.9999912638103736
Riverbed,22,veryfast,l1-dcache-load-misses,5039501475.0,36381.0,-5039465094.0,-0.9999927808335447
RushFieldCuts,22,veryfast,l1-dcache-load-misses,4791882002.0,37876.0,-4791844126.0,-0.9999920957986895
Skater227,22,veryfast,l1-dcache-load-misses,43507.0,38818.0,-4689.0,-0.10777576022249294
Tango,22,veryfast,l1-dcache-load-misses,20912537525.0,38399.0,-20912499126.0,-0.9999981638287581
TimeLapse,22,veryfast,l1-dcache-load-misses,19611802939.0,36948.0,-19611765991.0,-0.999998116032467
ToddlerFountain,22,veryfast,l1-dcache-load-misses,5016847854.0,37916.0,-5016809938.0,-0.9999924422663188
TreesAndGrass_1920_1080,22,veryfast,l1-dcache-load-misses,5029994922.0,37968.0,-5029956954.0,-0.9999924516822405
TunnelFlag,22,veryfast,l1-dcache-load-misses,4797234400.0,38366.0,-4797196034.0,-0.9999920024754263
Vertical_Carnaby,22,veryfast,l1-dcache-load-misses,4282697908.0,37989.0,-4282659919.0,-0.9999911296568621
Vertical_bees,22,veryfast,l1-dcache-load-misses,4523816613.0,38117.0,-4523778496.0,-0.9999915741500461
WalkingInStreet,22,veryfast,l1-dcache-load-misses,4758941393.0,38196.0,-4758903197.0,-0.999991973845264
WorldCup_1920x1080_30p,22,veryfast,l1-dcache-load-misses,4352575731.0,38429.0,-4352537302.0,-0.999991170974987
WorldCup_far_1920x1080_30p,22,veryfast,l1-dcache-load-misses,4738590250.0,36855.0,-4738553395.0,-0.9999922223703558
Aerial3200,27,veryfast,l1-dcache-load-misses,4921300664.0,37843.0,-4921262821.0,-0.999992310366185
Boat,27,veryfast,l1-dcache-load-misses,4894467410.0,37706.0,-4894429704.0,-0.9999922961995982
BoxingPractice,27,veryfast,l1-dcache-load-misses,18978479571.0,38260.0,-18978441311.0,-0.9999979840323954
Crosswalk,27,veryfast,l1-dcache-load-misses,18541554796.0,38154.0,-18541516642.0,-0.9999979422437644
CrowdRun,27,veryfast,l1-dcache-load-misses,5091847133.0,38097.0,-5091809036.0,-0.9999925180393274
DinnerSceneCropped,27,veryfast,l1-dcache-load-misses,4886260457.0,38179.0,-4886222278.0,-0.9999921864582668
FoodMarket,27,veryfast,l1-dcache-load-misses,4823589589.0,37895.0,-4823551694.0,-0.9999921438175241
FoodMarket2,27,veryfast,l1-dcache-load-misses,19778533041.0,38009.0,-19778495032.0,-0.9999980782700152
MeridianTalk_sdr,27,veryfast,l1-dcache-load-misses,4154012403.0,38192.0,-4153974211.0,-0.9999908059976007
Motorcycle,27,veryfast,l1-dcache-load-misses,4725259255.0,38294.0,-4725220961.0,-0.9999918958943979
MountainBike,27,veryfast,l1-dcache-load-misses,4648646927.0,36123.0,-4648610804.0,-0.9999922293517732
Neon1224,27,veryfast,l1-dcache-load-misses,17859179129.0,37998.0,-17859141131.0,-0.999997872354618
NocturneDance_3840x2160p_8bit,27,veryfast,l1-dcache-load-misses,18007468632.0,36690.0,-18007431942.0,-0.9999979625120693
OldTownCross,27,veryfast,l1-dcache-load-misses,5064807764.0,38044.0,-5064769720.0,-0.9999924885599271
PedestrianArea,27,veryfast,l1-dcache-load-misses,4721262841.0,37918.0,-4721224923.0,-0.9999919686742135
PierSeaSide,27,veryfast,l1-dcache-load-misses,17436144246.0,38176.0,-17436106070.0,-0.9999978105251103
RitualDance,27,veryfast,l1-dcache-load-misses,4016156578.0,36368.0,-4016120210.0,-0.9999909445761653
Riverbed,27,veryfast,l1-dcache-load-misses,4723521226.0,37846.0,-4723483380.0,-0.9999919877569743
RushFieldCuts,27,veryfast,l1-dcache-load-misses,4842328139.0,36471.0,-4842291668.0,-0.9999924682923269
Skater227,27,veryfast,l1-dcache-load-misses,41687.0,38204.0,-3483.0,-0.0835512270012234
Tango,27,veryfast,l1-dcache-load-misses,19859775300.0,38085.0,-19859737215.0,-0.9999980823045868
TimeLapse,27,veryfast,l1-dcache-load-misses,18320737326.0,38047.0,-18320699279.0,-0.9999979232822718
ToddlerFountain,27,veryfast,l1-dcache-load-misses,4890063457.0,38122.0,-4890025335.0,-0.9999922041911449
TreesAndGrass_1920_1080,27,veryfast,l1-dcache-load-misses,4661612046.0,38519.0,-4661573527.0,-0.9999917369786203
TunnelFlag,27,veryfast,l1-dcache-load-misses,4678235122.0,38703.0,-4678196419.0,-0.9999917270083716
Vertical_Carnaby,27,veryfast,l1-dcache-load-misses,4127578974.0,38561.0,-4127540413.0,-0.9999906577196359
Vertical_bees,27,veryfast,l1-dcache-load-misses,4397183058.0,37917.0,-4397145141.0,-0.9999913769794208
WalkingInStreet,27,veryfast,l1-dcache-load-misses,4718130159.0,38063.0,-4718092096.0,-0.9999919326091656
WorldCup_1920x1080_30p,27,veryfast,l1-dcache-load-misses,4260931166.0,38151.0,-4260893015.0,-0.9999910463233238
WorldCup_far_1920x1080_30p,27,veryfast,l1-dcache-load-misses,4638857315.0,36582.0,-4638820733.0,-0.9999921140062055
Aerial3200,32,veryfast,l1-dcache-load-misses,4780912587.0,37885.0,-4780874702.0,-0.9999920757806569
Boat,32,veryfast,l1-dcache-load-misses,4669872197.0,38316.0,-4669833881.0,-0.9999917950645363
BoxingPractice,32,veryfast,l1-dcache-load-misses,17062310929.0,38349.0,-17062272580.0,-0.9999977524146547
Crosswalk,32,veryfast,l1-dcache-load-misses,16732880506.0,38059.0,-16732842447.0,-0.9999977254962177
CrowdRun,32,veryfast,l1-dcache-load-misses,4753871305.0,38046.0,-4753833259.0,-0.9999919968384589
DinnerSceneCropped,32,veryfast,l1-dcache-load-misses,4125559817.0,36441.0,-4125523376.0,-0.9999911670169344
FoodMarket,32,veryfast,l1-dcache-load-misses,4416667318.0,38083.0,-4416629235.0,-0.9999913774352338
FoodMarket2,32,veryfast,l1-dcache-load-misses,18187758415.0,37993.0,-18187720422.0,-0.999997911067481
MeridianTalk_sdr,32,veryfast,l1-dcache-load-misses,3960199230.0,38317.0,-3960160913.0,-0.9999903244766805
Motorcycle,32,veryfast,l1-dcache-load-misses,4478328451.0,38072.0,-4478290379.0,-0.9999914986137313
MountainBike,32,veryfast,l1-dcache-load-misses,4468318896.0,36656.0,-4468282240.0,-0.9999917964673397
Neon1224,32,veryfast,l1-dcache-load-misses,16668542162.0,37917.0,-16668504245.0,-0.9999977252359785
NocturneDance_3840x2160p_8bit,32,veryfast,l1-dcache-load-misses,17456117656.0,36585.0,-17456081071.0,-0.9999979041731546
OldTownCross,32,veryfast,l1-dcache-load-misses,4498379551.0,36335.0,-4498343216.0,-0.9999919226469025
PedestrianArea,32,veryfast,l1-dcache-load-misses,4181981340.0,38783.0,-4181942557.0,-0.9999907261661766
PierSeaSide,32,veryfast,l1-dcache-load-misses,16726391757.0,38252.0,-16726353505.0,-0.9999977130752074
RitualDance,32,veryfast,l1-dcache-load-misses,3855097236.0,36688.0,-3855060548.0,-0.9999904832491234
Riverbed,32,veryfast,l1-dcache-load-misses,4549212760.0,36473.0,-4549176287.0,-0.9999919825688698
RushFieldCuts,32,veryfast,l1-dcache-load-misses,4630358410.0,38211.0,-4630320199.0,-0.999991747723045
Skater227,32,veryfast,l1-dcache-load-misses,43020.0,36628.0,-6392.0,-0.1485820548582055
Tango,32,veryfast,l1-dcache-load-misses,17549973989.0,38468.0,-17549935521.0,-0.9999978080879195
TimeLapse,32,veryfast,l1-dcache-load-misses,17552621098.0,38003.0,-17552583095.0,-0.9999978349102514
ToddlerFountain,32,veryfast,l1-dcache-load-misses,4591813002.0,38076.0,-4591774926.0,-0.9999917078504758
TreesAndGrass_1920_1080,32,veryfast,l1-dcache-load-misses,4616789314.0,37890.0,-4616751424.0,-0.9999917929978124
TunnelFlag,32,veryfast,l1-dcache-load-misses,4268115065.0,38177.0,-4268076888.0,-0.9999910553020669
Vertical_Carnaby,32,veryfast,l1-dcache-load-misses,4068529545.0,38548.0,-4068490997.0,-0.999990525323812
Vertical_bees,32,veryfast,l1-dcache-load-misses,4206009375.0,38000.0,-4205971375.0,-0.9999909653078222
WalkingInStreet,32,veryfast,l1-dcache-load-misses,4548629114.0,38147.0,-4548590967.0,-0.9999916135171623
WorldCup_1920x1080_30p,32,veryfast,l1-dcache-load-misses,3924799303.0,38095.0,-3924761208.0,-0.9999902937712074
WorldCup_far_1920x1080_30p,32,veryfast,l1-dcache-load-misses,4331477831.0,37185.0,-4331440646.0,-0.9999914151701912
Aerial3200,37,veryfast,l1-dcache-load-misses,4768823517.0,37920.0,-4768785597.0,-0.9999920483532543
Boat,37,veryfast,l1-dcache-load-misses,4570850934.0,38246.0,-4570812688.0,-0.9999916326302143
BoxingPractice,37,veryfast,l1-dcache-load-misses,16472458456.0,38251.0,-16472420205.0,-0.9999976778815316
Crosswalk,37,veryfast,l1-dcache-load-misses,16072128795.0,38340.0,-16072090455.0,-0.9999976145039348
CrowdRun,37,veryfast,l1-dcache-load-misses,4614824564.0,38004.0,-4614786560.0,-0.9999917648007042
DinnerSceneCropped,37,veryfast,l1-dcache-load-misses,3778862697.0,36241.0,-3778826456.0,-0.9999904095483467
FoodMarket,37,veryfast,l1-dcache-load-misses,4172914471.0,38114.0,-4172876357.0,-0.9999908663356833
FoodMarket2,37,veryfast,l1-dcache-load-misses,17842726876.0,36745.0,-17842690131.0,-0.9999979406174709
MeridianTalk_sdr,37,veryfast,l1-dcache-load-misses,3869827181.0,38088.0,-3869789093.0,-0.9999901577000164
Motorcycle,37,veryfast,l1-dcache-load-misses,4387694975.0,37988.0,-4387656987.0,-0.9999913421511257
MountainBike,37,veryfast,l1-dcache-load-misses,4373214565.0,36409.0,-4373178156.0,-0.9999916745452438
Neon1224,37,veryfast,l1-dcache-load-misses,16203117504.0,37982.0,-16203079522.0,-0.9999976558831971
NocturneDance_3840x2160p_8bit,37,veryfast,l1-dcache-load-misses,16418256091.0,36746.0,-16418219345.0,-0.9999977618816641
OldTownCross,37,veryfast,l1-dcache-load-misses,4095158585.0,37927.0,-4095120658.0,-0.9999907385760007
PedestrianArea,37,veryfast,l1-dcache-load-misses,4035307342.0,37934.0,-4035269408.0,-0.9999905994768713
PierSeaSide,37,veryfast,l1-dcache-load-misses,16268103568.0,38053.0,-16268065515.0,-0.9999976608828534
RitualDance,37,veryfast,l1-dcache-load-misses,3726219353.0,38158.0,-3726181195.0,-0.9999897595937369
Riverbed,37,veryfast,l1-dcache-load-misses,4374479186.0,38011.0,-4374441175.0,-0.9999913107370308
RushFieldCuts,37,veryfast,l1-dcache-load-misses,4296505249.0,36362.0,-4296468887.0,-0.9999915368426447
Skater227,37,veryfast,l1-dcache-load-misses,43198.0,38243.0,-4955.0,-0.11470438446224362
Tango,37,veryfast,l1-dcache-load-misses,16573186396.0,38433.0,-16573147963.0,-0.9999976810132294
TimeLapse,37,veryfast,l1-dcache-load-misses,16994223988.0,38027.0,-16994185961.0,-0.9999977623573735
ToddlerFountain,37,veryfast,l1-dcache-load-misses,4422620881.0,38683.0,-4422582198.0,-0.9999912533764388
TreesAndGrass_1920_1080,37,veryfast,l1-dcache-load-misses,4733352642.0,38107.0,-4733314535.0,-0.9999919492581935
TunnelFlag,37,veryfast,l1-dcache-load-misses,3980645915.0,38055.0,-3980607860.0,-0.9999904399937064
Vertical_Carnaby,37,veryfast,l1-dcache-load-misses,3891691260.0,38601.0,-3891652659.0,-0.9999900811761723
Vertical_bees,37,veryfast,l1-dcache-load-misses,4095703352.0,37797.0,-4095665555.0,-0.9999907715484371
WalkingInStreet,37,veryfast,l1-dcache-load-misses,4350344618.0,38269.0,-4350306349.0,-0.9999912032256384
WorldCup_1920x1080_30p,37,veryfast,l1-dcache-load-misses,3851365144.0,38021.0,-3851327123.0,-0.9999901279160561
WorldCup_far_1920x1080_30p,37,veryfast,l1-dcache-load-misses,4217256343.0,38078.0,-4217218265.0,-0.999990970906935
Aerial3200,22,fast,l1-dcache-loads,335316199407.0,781667.0,-335315417740.0,-0.9999976688659797
Boat,22,fast,l1-dcache-loads,344425902436.0,781658.0,-344425120778.0,-0.9999977305481542
BoxingPractice,22,fast,l1-dcache-loads,1122568445277.0,781088.0,-1122567664189.0,-0.9999993041956566
Crosswalk,22,fast,l1-dcache-loads,1125522545135.0,781688.0,-1125521763447.0,-0.999999305488812
CrowdRun,22,fast,l1-dcache-loads,476926433027.0,795432.0,-476925637595.0,-0.9999983321704462
DinnerSceneCropped,22,fast,l1-dcache-loads,436687748337.0,781668.0,-436686966669.0,-0.9999982100070292
FoodMarket,22,fast,l1-dcache-loads,344172663286.0,781085.0,-344171882201.0,-0.9999977305431741
FoodMarket2,22,fast,l1-dcache-loads,1156014340240.0,781667.0,-1156013558573.0,-0.999999323825862
MeridianTalk_sdr,22,fast,l1-dcache-loads,343803174542.0,796594.0,-343802377948.0,-0.999997682994053
Motorcycle,22,fast,l1-dcache-loads,310889748300.0,781087.0,-310888967213.0,-0.9999974875755657
MountainBike,22,fast,l1-dcache-loads,320398480136.0,781659.0,-320397698477.0,-0.9999975603535958
Neon1224,22,fast,l1-dcache-loads,1150588854765.0,781086.0,-1150588073679.0,-0.99999932114239
NocturneDance_3840x2160p_8bit,22,fast,l1-dcache-loads,1008034067920.0,781085.0,-1008033286835.0,-0.9999992251402756
OldTownCross,22,fast,l1-dcache-loads,407544505500.0,781086.0,-407543724414.0,-0.9999980834338594
PedestrianArea,22,fast,l1-dcache-loads,289381074660.0,781635.0,-289380293025.0,-0.9999972989422307
PierSeaSide,22,fast,l1-dcache-loads,1054882375559.0,781676.0,-1054881593883.0,-0.9999992589922648
RitualDance,22,fast,l1-dcache-loads,226608123402.0,781085.0,-226607342317.0,-0.9999965531465145
Riverbed,22,fast,l1-dcache-loads,326101302149.0,781663.0,-326100520486.0,-0.9999976030055849
RushFieldCuts,22,fast,l1-dcache-loads,388575186248.0,781087.0,-388574405161.0,-0.9999979898690713
Skater227,22,fast,l1-dcache-loads,806518.0,797393.0,-9125.0,-0.011314068625870718
Tango,22,fast,l1-dcache-loads,1268874154736.0,796435.0,-1268873358301.0,-0.9999993723294016
TimeLapse,22,fast,l1-dcache-loads,1072327219552.0,781672.0,-1072326437880.0,-0.9999992710508642
ToddlerFountain,22,fast,l1-dcache-loads,346079383400.0,781674.0,-346078601726.0,-0.9999977413447969
TreesAndGrass_1920_1080,22,fast,l1-dcache-loads,371724219421.0,781659.0,-371723437762.0,-0.9999978972072328
TunnelFlag,22,fast,l1-dcache-loads,297466157708.0,781696.0,-297465376012.0,-0.9999973721514877
Vertical_Carnaby,22,fast,l1-dcache-loads,269255271725.0,781664.0,-269254490061.0,-0.9999970969407768
Vertical_bees,22,fast,l1-dcache-loads,247704076569.0,781656.0,-247703294913.0,-0.9999968443958984
WalkingInStreet,22,fast,l1-dcache-loads,352258382357.0,781687.0,-352257600670.0,-0.9999977809271854
WorldCup_1920x1080_30p,22,fast,l1-dcache-loads,220171801685.0,781116.0,-220171020569.0,-0.99999645224323
WorldCup_far_1920x1080_30p,22,fast,l1-dcache-loads,286079232310.0,781085.0,-286078451225.0,-0.9999972696899607
Aerial3200,27,fast,l1-dcache-loads,301898809687.0,781666.0,-301898028021.0,-0.9999974108344422
Boat,27,fast,l1-dcache-loads,309034364723.0,781677.0,-309033583046.0,-0.9999974705822743
BoxingPractice,27,fast,l1-dcache-loads,924092228238.0,781646.0,-924091446592.0,-0.9999991541471986
Crosswalk,27,fast,l1-dcache-loads,902463925420.0,781648.0,-902463143772.0,-0.9999991338734125
CrowdRun,27,fast,l1-dcache-loads,415392670505.0,781663.0,-415391888842.0,-0.9999981182551945
DinnerSceneCropped,27,fast,l1-dcache-loads,281962269048.0,781674.0,-281961487374.0,-0.9999972277354604
FoodMarket,27,fast,l1-dcache-loads,272837725990.0,781085.0,-272836944905.0,-0.9999971371810948
FoodMarket2,27,fast,l1-dcache-loads,986260341569.0,781673.0,-986259559896.0,-0.9999992074374614
MeridianTalk_sdr,27,fast,l1-dcache-loads,272762227283.0,781655.0,-272761445628.0,-0.9999971342989541
Motorcycle,27,fast,l1-dcache-loads,281485204017.0,781673.0,-281484422344.0,-0.9999972230405405
MountainBike,27,fast,l1-dcache-loads,290290754017.0,787895.0,-290289966122.0,-0.9999972858419047
Neon1224,27,fast,l1-dcache-loads,850420841276.0,781661.0,-850420059615.0,-0.9999990808538995
NocturneDance_3840x2160p_8bit,27,fast,l1-dcache-loads,891043040117.0,781094.0,-891042259023.0,-0.9999991233936355
OldTownCross,27,fast,l1-dcache-loads,330385897983.0,781085.0,-330385116898.0,-0.999997635840377
PedestrianArea,27,fast,l1-dcache-loads,233079217921.0,781657.0,-233078436264.0,-0.9999966463891248
PierSeaSide,27,fast,l1-dcache-loads,891976994144.0,781677.0,-891976212467.0,-0.9999991236578912
RitualDance,27,fast,l1-dcache-loads,246769657594.0,781661.0,-246768875933.0,-0.9999968324266134
Riverbed,27,fast,l1-dcache-loads,273251351600.0,781083.0,-273250570517.0,-0.9999971415219159
RushFieldCuts,27,fast,l1-dcache-loads,288856703930.0,781661.0,-288855922269.0,-0.9999972939489049
Skater227,27,fast,l1-dcache-loads,806533.0,781667.0,-24866.0,-0.030830728562873434
Tango,27,fast,l1-dcache-loads,1205675169925.0,781086.0,-1205674388839.0,-0.9999993521588405
TimeLapse,27,fast,l1-dcache-loads,925240230610.0,781644.0,-925239448966.0,-0.9999991551988617
ToddlerFountain,27,fast,l1-dcache-loads,298967935051.0,781678.0,-298967153373.0,-0.9999973854119176
TreesAndGrass_1920_1080,27,fast,l1-dcache-loads,340013801021.0,781667.0,-340013019354.0,-0.9999977010727281
TunnelFlag,27,fast,l1-dcache-loads,310048855450.0,796373.0,-310048059077.0,-0.9999974314596362
Vertical_Carnaby,27,fast,l1-dcache-loads,200432766394.0,781086.0,-200431985308.0,-0.9999961030024479
Vertical_bees,27,fast,l1-dcache-loads,224608087511.0,781642.0,-224607305869.0,-0.9999965199739304
WalkingInStreet,27,fast,l1-dcache-loads,328594129217.0,781650.0,-328593347567.0,-0.999997621229564
WorldCup_1920x1080_30p,27,fast,l1-dcache-loads,199755684946.0,781117.0,-199754903829.0,-0.9999960896381987
WorldCup_far_1920x1080_30p,27,fast,l1-dcache-loads,311399883472.0,781669.0,-311399101803.0,-0.999997489822439
Aerial3200,32,fast,l1-dcache-loads,271058140365.0,781667.0,-271057358698.0,-0.9999971162386087
Boat,32,fast,l1-dcache-loads,273858087369.0,781696.0,-273857305673.0,-0.9999971456165216
BoxingPractice,32,fast,l1-dcache-loads,798243158022.0,781680.0,-798242376342.0,-0.9999990207495145
Crosswalk,32,fast,l1-dcache-loads,792690298908.0,781656.0,-792689517252.0,-0.999999013920063
CrowdRun,32,fast,l1-dcache-loads,294112164542.0,781662.0,-294111382880.0,-0.999997342299659
DinnerSceneCropped,32,fast,l1-dcache-loads,215239243508.0,781652.0,-215238461856.0,-0.9999963684503473
FoodMarket,32,fast,l1-dcache-loads,227740051778.0,781086.0,-227739270692.0,-0.9999965702738982
FoodMarket2,32,fast,l1-dcache-loads,874422069383.0,781668.0,-874421287715.0,-0.9999991060747122
MeridianTalk_sdr,32,fast,l1-dcache-loads,195738476455.0,781086.0,-195737695369.0,-0.9999960095428648
Motorcycle,32,fast,l1-dcache-loads,252759581355.0,781657.0,-252758799698.0,-0.9999969075079338
MountainBike,32,fast,l1-dcache-loads,260011876945.0,781680.0,-260011095265.0,-0.9999969936757921
Neon1224,32,fast,l1-dcache-loads,768643661842.0,781679.0,-768642880163.0,-0.9999989830411167
NocturneDance_3840x2160p_8bit,32,fast,l1-dcache-loads,976215592583.0,781086.0,-976214811497.0,-0.9999991998837081
OldTownCross,32,fast,l1-dcache-loads,252457372416.0,781085.0,-252456591331.0,-0.9999969060717359
PedestrianArea,32,fast,l1-dcache-loads,203766491352.0,781638.0,-203765709714.0,-0.9999961640503559
PierSeaSide,32,fast,l1-dcache-loads,788251440979.0,798941.0,-788250642038.0,-0.999998986438897
RitualDance,32,fast,l1-dcache-loads,187206111355.0,781647.0,-187205329708.0,-0.9999958246715647
Riverbed,32,fast,l1-dcache-loads,237137113233.0,781649.0,-237136331584.0,-0.999996703809921
RushFieldCuts,32,fast,l1-dcache-loads,251930838268.0,781085.0,-251930057183.0,-0.9999968996054418
Skater227,32,fast,l1-dcache-loads,805019.0,796978.0,-8041.0,-0.009988584120374799
Tango,32,fast,l1-dcache-loads,831181867601.0,797088.0,-831181070513.0,-0.9999990410185411
TimeLapse,32,fast,l1-dcache-loads,819896668341.0,781646.0,-819895886695.0,-0.9999990466530354
ToddlerFountain,32,fast,l1-dcache-loads,258274794699.0,781681.0,-258274013018.0,-0.9999969734522453
TreesAndGrass_1920_1080,32,fast,l1-dcache-loads,307496178163.0,796315.0,-307495381848.0,-0.9999974103255372
TunnelFlag,32,fast,l1-dcache-loads,222641870057.0,796086.0,-222641073971.0,-0.9999964243652831
Vertical_Carnaby,32,fast,l1-dcache-loads,184750967855.0,781666.0,-184750186189.0,-0.9999957690830578
Vertical_bees,32,fast,l1-dcache-loads,205339633749.0,781642.0,-205338852107.0,-0.9999961934187486
WalkingInStreet,32,fast,l1-dcache-loads,293662148362.0,781652.0,-293661366710.0,-0.9999973382609766
WorldCup_1920x1080_30p,32,fast,l1-dcache-loads,184145175597.0,781655.0,-184144393942.0,-0.9999957552241189
WorldCup_far_1920x1080_30p,32,fast,l1-dcache-loads,230630801046.0,781644.0,-230630019402.0,-0.9999966108429731
Aerial3200,37,fast,l1-dcache-loads,244783304170.0,781671.0,-244782522499.0,-0.9999968066817194
Boat,37,fast,l1-dcache-loads,243880804077.0,781671.0,-243880022406.0,-0.9999967948645939
BoxingPractice,37,fast,l1-dcache-loads,735390822717.0,781674.0,-735390041043.0,-0.9999989370631562
Crosswalk,37,fast,l1-dcache-loads,897947340638.0,781678.0,-897946558960.0,-0.9999991294834735
CrowdRun,37,fast,l1-dcache-loads,254683027429.0,781655.0,-254682245774.0,-0.9999969308712564
DinnerSceneCropped,37,fast,l1-dcache-loads,184644681766.0,781648.0,-184643900118.0,-0.9999957667451208
FoodMarket,37,fast,l1-dcache-loads,203832055432.0,781086.0,-203831274346.0,-0.999996167992329
FoodMarket2,37,fast,l1-dcache-loads,801364013243.0,781692.0,-801363231551.0,-0.9999990245481616
MeridianTalk_sdr,37,fast,l1-dcache-loads,180732776247.0,781673.0,-180731994574.0,-0.9999956749792913
Motorcycle,37,fast,l1-dcache-loads,228307027591.0,781663.0,-228306245928.0,-0.9999965762639537
MountainBike,37,fast,l1-dcache-loads,233891814664.0,781670.0,-233891032994.0,-0.999996657984799
Neon1224,37,fast,l1-dcache-loads,707727107675.0,781674.0,-707726326001.0,-0.999998895514964
NocturneDance_3840x2160p_8bit,37,fast,l1-dcache-loads,722021613261.0,794995.0,-722020818266.0,-0.9999988989318528
OldTownCross,37,fast,l1-dcache-loads,214351139712.0,781656.0,-214350358056.0,-0.9999963533853795
PedestrianArea,37,fast,l1-dcache-loads,188001328840.0,781662.0,-188000547178.0,-0.9999958422527925
PierSeaSide,37,fast,l1-dcache-loads,878100760837.0,781671.0,-878099979166.0,-0.999999109816282
RitualDance,37,fast,l1-dcache-loads,174823714497.0,781660.0,-174822932837.0,-0.9999955288674522
Riverbed,37,fast,l1-dcache-loads,214617552110.0,781663.0,-214616770447.0,-0.9999963578794357
RushFieldCuts,37,fast,l1-dcache-loads,223173043787.0,781087.0,-223172262700.0,-0.999996500083582
Skater227,37,fast,l1-dcache-loads,806512.0,781667.0,-24845.0,-0.030805493284662845
Tango,37,fast,l1-dcache-loads,926031203660.0,781660.0,-926030422000.0,-0.9999991559031738
TimeLapse,37,fast,l1-dcache-loads,750232846209.0,781659.0,-750232064550.0,-0.9999989581114664
ToddlerFountain,37,fast,l1-dcache-loads,223465347161.0,781669.0,-223464565492.0,-0.9999965020572096
TreesAndGrass_1920_1080,37,fast,l1-dcache-loads,275908923315.0,796491.0,-275908126824.0,-0.9999971132104376
TunnelFlag,37,fast,l1-dcache-loads,244053740693.0,795750.0,-244052944943.0,-0.9999967394476408
Vertical_Carnaby,37,fast,l1-dcache-loads,173968944825.0,781086.0,-173968163739.0,-0.9999955101986692
Vertical_bees,37,fast,l1-dcache-loads,190945717077.0,781680.0,-190944935397.0,-0.9999959062711017
WalkingInStreet,37,fast,l1-dcache-loads,313098600763.0,781660.0,-313097819103.0,-0.9999975034701589
WorldCup_1920x1080_30p,37,fast,l1-dcache-loads,173274849555.0,781652.0,-173274067903.0,-0.9999954889471726
WorldCup_far_1920x1080_30p,37,fast,l1-dcache-loads,210511324309.0,781086.0,-210510543223.0,-0.9999962895772825
Aerial3200,22,faster,l1-dcache-loads,335232236915.0,781655.0,-335231455260.0,-0.9999976683179184
Boat,22,faster,l1-dcache-loads,344378387897.0,781671.0,-344377606226.0,-0.9999977301972846
BoxingPractice,22,faster,l1-dcache-loads,1122449151048.0,781091.0,-1122448369957.0,-0.9999993041190336
Crosswalk,22,faster,l1-dcache-loads,1125355502251.0,781669.0,-1125354720582.0,-0.9999993054026053
CrowdRun,22,faster,l1-dcache-loads,399485003912.0,781664.0,-399484222248.0,-0.9999980433207947
DinnerSceneCropped,22,faster,l1-dcache-loads,363044026176.0,781080.0,-363043245096.0,-0.9999978485254027
FoodMarket,22,faster,l1-dcache-loads,344133171278.0,795083.0,-344132376195.0,-0.9999976896066222
FoodMarket2,22,faster,l1-dcache-loads,1406354201769.0,781659.0,-1406353420110.0,-0.9999994441947846
MeridianTalk_sdr,22,faster,l1-dcache-loads,343725524506.0,781678.0,-343724742828.0,-0.9999977258657148
Motorcycle,22,faster,l1-dcache-loads,311067027509.0,781079.0,-311066246430.0,-0.9999974890331313
MountainBike,22,faster,l1-dcache-loads,320500864033.0,781765.0,-320500082268.0,-0.9999975608022076
Neon1224,22,faster,l1-dcache-loads,948510769014.0,781673.0,-948509987341.0,-0.9999991758944384
NocturneDance_3840x2160p_8bit,22,faster,l1-dcache-loads,1008258038296.0,781664.0,-1008257256632.0,-0.9999992247381421
OldTownCross,22,faster,l1-dcache-loads,407644164797.0,781653.0,-407643383144.0,-0.9999980825114954
PedestrianArea,22,faster,l1-dcache-loads,289382019603.0,781653.0,-289381237950.0,-0.9999972988888491
PierSeaSide,22,faster,l1-dcache-loads,1055211982632.0,796910.0,-1055211185722.0,-0.9999992447868171
RitualDance,22,faster,l1-dcache-loads,226744673851.0,781079.0,-226743892772.0,-0.9999965552487442
Riverbed,22,faster,l1-dcache-loads,326130562091.0,781653.0,-326129780438.0,-0.9999976032513022
RushFieldCuts,22,faster,l1-dcache-loads,322985754940.0,781681.0,-322984973259.0,-0.9999975798282492
Skater227,22,faster,l1-dcache-loads,806513.0,781656.0,-24857.0,-0.030820333956179256
Tango,22,faster,l1-dcache-loads,1269047203805.0,781646.0,-1269046422159.0,-0.9999993840686164
TimeLapse,22,faster,l1-dcache-loads,1304302073568.0,797428.0,-1304301276140.0,-0.9999993886170879
ToddlerFountain,22,faster,l1-dcache-loads,416075887478.0,781078.0,-416075106400.0,-0.999998122751105
TreesAndGrass_1920_1080,22,faster,l1-dcache-loads,371910431246.0,796687.0,-371909634559.0,-0.9999978578525014
TunnelFlag,22,faster,l1-dcache-loads,358272450906.0,794797.0,-358271656109.0,-0.9999977815849419
Vertical_Carnaby,22,faster,l1-dcache-loads,269058619962.0,781078.0,-269057838884.0,-0.9999970969969291
Vertical_bees,22,faster,l1-dcache-loads,247662728568.0,781080.0,-247661947488.0,-0.9999968461948049
WalkingInStreet,22,faster,l1-dcache-loads,414669149845.0,781643.0,-414668368202.0,-0.9999981150201304
WorldCup_1920x1080_30p,22,faster,l1-dcache-loads,220312180267.0,781112.0,-220311399155.0,-0.9999964545219467
WorldCup_far_1920x1080_30p,22,faster,l1-dcache-loads,286301040361.0,781658.0,-286300258703.0,-0.9999972698038435
Aerial3200,27,faster,l1-dcache-loads,301939404958.0,781665.0,-301938623293.0,-0.9999974111858633
Boat,27,faster,l1-dcache-loads,309016600694.0,781657.0,-309015819037.0,-0.9999974705015904
BoxingPractice,27,faster,l1-dcache-loads,924018638964.0,781670.0,-924017857294.0,-0.999999154053861
Crosswalk,27,faster,l1-dcache-loads,902679947901.0,781656.0,-902679166245.0,-0.9999991340718248
CrowdRun,27,faster,l1-dcache-loads,344859611107.0,796184.0,-344858814923.0,-0.9999976912808158
DinnerSceneCropped,27,faster,l1-dcache-loads,281931008422.0,781081.0,-281930227341.0,-0.999997229531422
FoodMarket,27,faster,l1-dcache-loads,332240168347.0,794803.0,-332239373544.0,-0.9999976077456137
FoodMarket2,27,faster,l1-dcache-loads,986250611076.0,781651.0,-986249829425.0,-0.9999992074519486
MeridianTalk_sdr,27,faster,l1-dcache-loads,223798279234.0,781648.0,-223797497586.0,-0.9999965073547362
Motorcycle,27,faster,l1-dcache-loads,340446569531.0,795881.0,-340445773650.0,-0.9999976622440311
MountainBike,27,faster,l1-dcache-loads,290275109589.0,781654.0,-290274327935.0,-0.9999973071959181
Neon1224,27,faster,l1-dcache-loads,851036726773.0,781646.0,-851035945127.0,-0.9999990815367006
NocturneDance_3840x2160p_8bit,27,faster,l1-dcache-loads,891159710862.0,781080.0,-891158929782.0,-0.9999991235241108
OldTownCross,27,faster,l1-dcache-loads,330431699237.0,781653.0,-330430917584.0,-0.9999976344491106
PedestrianArea,27,faster,l1-dcache-loads,233081577085.0,781664.0,-233080795421.0,-0.9999966463930364
PierSeaSide,27,faster,l1-dcache-loads,892094146730.0,781663.0,-892093365067.0,-0.9999991237886686
RitualDance,27,faster,l1-dcache-loads,203601138799.0,781813.0,-203600356986.0,-0.9999961600755054
Riverbed,27,faster,l1-dcache-loads,273198392833.0,781666.0,-273197611167.0,-0.9999971388338273
RushFieldCuts,27,faster,l1-dcache-loads,288916219761.0,781652.0,-288915438109.0,-0.9999972945374938
Skater227,27,faster,l1-dcache-loads,805286.0,781653.0,-23633.0,-0.02934733746768229
Tango,27,faster,l1-dcache-loads,987648766992.0,781664.0,-987647985328.0,-0.9999992085607494
TimeLapse,27,faster,l1-dcache-loads,1128912384328.0,781641.0,-1128911602687.0,-0.9999993076158868
ToddlerFountain,27,faster,l1-dcache-loads,299014365555.0,781666.0,-299013583889.0,-0.9999973858580388
TreesAndGrass_1920_1080,27,faster,l1-dcache-loads,407767086008.0,781670.0,-407766304338.0,-0.9999980830478309
TunnelFlag,27,faster,l1-dcache-loads,256087906661.0,781652.0,-256087125009.0,-0.9999969477199834
Vertical_Carnaby,27,faster,l1-dcache-loads,200553147770.0,781078.0,-200552366692.0,-0.9999961053814977
Vertical_bees,27,faster,l1-dcache-loads,224549050944.0,781088.0,-224548269856.0,-0.9999965215261578
WalkingInStreet,27,faster,l1-dcache-loads,328658553614.0,781639.0,-328657771975.0,-0.9999976217293255
WorldCup_1920x1080_30p,27,faster,l1-dcache-loads,199811152834.0,781103.0,-199810371731.0,-0.9999960907937874
WorldCup_far_1920x1080_30p,27,faster,l1-dcache-loads,311362850485.0,781642.0,-311362068843.0,-0.9999974896105981
Aerial3200,32,faster,l1-dcache-loads,271046690357.0,781661.0,-271045908696.0,-0.9999971161389244
Boat,32,faster,l1-dcache-loads,273717663804.0,781665.0,-273716882139.0,-0.9999971442654115
BoxingPractice,32,faster,l1-dcache-loads,798432681033.0,781080.0,-798431899953.0,-0.9999990217334304
Crosswalk,32,faster,l1-dcache-loads,792080284113.0,781660.0,-792079502453.0,-0.9999990131555908
CrowdRun,32,faster,l1-dcache-loads,356082257206.0,794910.0,-356081462296.0,-0.9999977676225538
DinnerSceneCropped,32,faster,l1-dcache-loads,215191191569.0,781691.0,-215190409878.0,-0.9999963674581924
FoodMarket,32,faster,l1-dcache-loads,227882526149.0,794746.0,-227881731403.0,-0.9999965124750307
FoodMarket2,32,faster,l1-dcache-loads,874452424631.0,781797.0,-874451642834.0,-0.9999991059582226
MeridianTalk_sdr,32,faster,l1-dcache-loads,195721227514.0,781668.0,-195720445846.0,-0.9999960062175681
Motorcycle,32,faster,l1-dcache-loads,252707736701.0,781660.0,-252706955041.0,-0.9999969068616172
MountainBike,32,faster,l1-dcache-loads,260152063047.0,781650.0,-260151281397.0,-0.9999969954111037
Neon1224,32,faster,l1-dcache-loads,768824531723.0,781078.0,-768823750645.0,-0.9999989840620743
NocturneDance_3840x2160p_8bit,32,faster,l1-dcache-loads,790386759243.0,781656.0,-790385977587.0,-0.9999990110461862
OldTownCross,32,faster,l1-dcache-loads,252625007001.0,781650.0,-252624225351.0,-0.99999690588826
PedestrianArea,32,faster,l1-dcache-loads,203728731281.0,797019.0,-203727934262.0,-0.9999960878419308
PierSeaSide,32,faster,l1-dcache-loads,787692598630.0,796179.0,-787691802451.0,-0.9999989892262522
RitualDance,32,faster,l1-dcache-loads,187342564012.0,781667.0,-187341782345.0,-0.9999958276059467
Riverbed,32,faster,l1-dcache-loads,237245219734.0,781080.0,-237244438654.0,-0.9999967077102718
RushFieldCuts,32,faster,l1-dcache-loads,251757761899.0,781080.0,-251756980819.0,-0.9999968974938683
Skater227,32,faster,l1-dcache-loads,829904.0,781072.0,-48832.0,-0.05884054059264686
Tango,32,faster,l1-dcache-loads,831507844725.0,781656.0,-831507063069.0,-0.9999990599535471
TimeLapse,32,faster,l1-dcache-loads,819867009345.0,781692.0,-819866227653.0,-0.9999990465624411
ToddlerFountain,32,faster,l1-dcache-loads,258239545759.0,781663.0,-258238764096.0,-0.9999969731088331
TreesAndGrass_1920_1080,32,faster,l1-dcache-loads,307619975590.0,781665.0,-307619193925.0,-0.9999974589914113
TunnelFlag,32,faster,l1-dcache-loads,270947140996.0,781675.0,-270946359321.0,-0.9999971150276872
Vertical_Carnaby,32,faster,l1-dcache-loads,184735064296.0,796381.0,-184734267915.0,-0.9999956890642119
Vertical_bees,32,faster,l1-dcache-loads,205363264520.0,781079.0,-205362483441.0,-0.9999961965982483
WalkingInStreet,32,faster,l1-dcache-loads,293709740500.0,781650.0,-293708958850.0,-0.9999973386990889
WorldCup_1920x1080_30p,32,faster,l1-dcache-loads,184118632134.0,781102.0,-184117851032.0,-0.9999957576156691
WorldCup_far_1920x1080_30p,32,faster,l1-dcache-loads,230745282634.0,781078.0,-230744501556.0,-0.9999966149773851
Aerial3200,37,faster,l1-dcache-loads,244689653020.0,781667.0,-244688871353.0,-0.9999968054758738
Boat,37,faster,l1-dcache-loads,243950582314.0,781676.0,-243949800638.0,-0.9999967957608767
BoxingPractice,37,faster,l1-dcache-loads,735615389434.0,781080.0,-735614608354.0,-0.999998938195134
Crosswalk,37,faster,l1-dcache-loads,734967866281.0,781080.0,-734967085201.0,-0.9999989372596602
CrowdRun,37,faster,l1-dcache-loads,310009544078.0,795522.0,-310008748556.0,-0.9999974338790041
DinnerSceneCropped,37,faster,l1-dcache-loads,184572368036.0,796339.0,-184571571697.0,-0.999995685491775
FoodMarket,37,faster,l1-dcache-loads,203772052995.0,781080.0,-203771271915.0,-0.9999961668934061
FoodMarket2,37,faster,l1-dcache-loads,801276006613.0,781658.0,-801275224955.0,-0.9999990244834569
MeridianTalk_sdr,37,faster,l1-dcache-loads,180656221766.0,781080.0,-180655440686.0,-0.9999956764290078
Motorcycle,37,faster,l1-dcache-loads,228452720982.0,781641.0,-228451939341.0,-0.9999965785437064
MountainBike,37,faster,l1-dcache-loads,233963055129.0,781637.0,-233962273492.0,-0.9999966591434721
Neon1224,37,faster,l1-dcache-loads,707510285886.0,781078.0,-707509504808.0,-0.9999988960188769
NocturneDance_3840x2160p_8bit,37,faster,l1-dcache-loads,722287295161.0,781079.0,-722286514082.0,-0.9999989186034349
OldTownCross,37,faster,l1-dcache-loads,214692226324.0,781080.0,-214691445244.0,-0.9999963618617527
PedestrianArea,37,faster,l1-dcache-loads,187995951637.0,781662.0,-187995169975.0,-0.9999958421338694
PierSeaSide,37,faster,l1-dcache-loads,878024629970.0,781658.0,-878023848312.0,-0.9999991097539029
RitualDance,37,faster,l1-dcache-loads,174719237172.0,781079.0,-174718456093.0,-0.9999955295191724
Riverbed,37,faster,l1-dcache-loads,214614425064.0,781665.0,-214613643399.0,-0.999996357817049
RushFieldCuts,37,faster,l1-dcache-loads,223041014045.0,781672.0,-223040232373.0,-0.9999964953889608
Skater227,37,faster,l1-dcache-loads,806514.0,781630.0,-24884.0,-0.03085377315210895
Tango,37,faster,l1-dcache-loads,758440243710.0,781672.0,-758439462038.0,-0.9999989693690353
TimeLapse,37,faster,l1-dcache-loads,750389588533.0,781659.0,-750388806874.0,-0.9999989583290974
ToddlerFountain,37,faster,l1-dcache-loads,223611715584.0,781641.0,-223610933943.0,-0.9999965044720579
TreesAndGrass_1920_1080,37,faster,l1-dcache-loads,275737984341.0,796578.0,-275737187763.0,-0.9999971111053056
TunnelFlag,37,faster,l1-dcache-loads,200620973697.0,794934.0,-200620178763.0,-0.9999960376326296
Vertical_Carnaby,37,faster,l1-dcache-loads,173814682581.0,795933.0,-173813886648.0,-0.9999954207953656
Vertical_bees,37,faster,l1-dcache-loads,190870528906.0,781080.0,-190869747826.0,-0.9999959078019824
WalkingInStreet,37,faster,l1-dcache-loads,260623579765.0,781661.0,-260622798104.0,-0.9999970008047595
WorldCup_1920x1080_30p,37,faster,l1-dcache-loads,173357284225.0,781101.0,-173356503124.0,-0.9999954942706706
WorldCup_far_1920x1080_30p,37,faster,l1-dcache-loads,210363033777.0,796529.0,-210362237248.0,-0.9999962135505193
Aerial3200,22,superfast,l1-dcache-loads,330336466607.0,781644.0,-330335684963.0,-0.9999976337943914
Boat,22,superfast,l1-dcache-loads,399536282363.0,798028.0,-399535484335.0,-0.9999980026144427
BoxingPractice,22,superfast,l1-dcache-loads,1084607119417.0,781641.0,-1084606337776.0,-0.9999992793325934
Crosswalk,22,superfast,l1-dcache-loads,1077181942236.0,781662.0,-1077181160574.0,-0.9999992743454291
CrowdRun,22,superfast,l1-dcache-loads,383492349536.0,798643.0,-383491550893.0,-0.9999979174473729
DinnerSceneCropped,22,superfast,l1-dcache-loads,345438470373.0,781069.0,-345437689304.0,-0.9999977389055736
FoodMarket,22,superfast,l1-dcache-loads,329456106144.0,781644.0,-329455324500.0,-0.999997627471504
FoodMarket2,22,superfast,l1-dcache-loads,1120795132718.0,781638.0,-1120794351080.0,-0.9999993026040378
MeridianTalk_sdr,22,superfast,l1-dcache-loads,329715012489.0,781655.0,-329714230834.0,-0.9999976293011529
Motorcycle,22,superfast,l1-dcache-loads,302474928852.0,781635.0,-302474147217.0,-0.9999974158684722
MountainBike,22,superfast,l1-dcache-loads,310982257554.0,781642.0,-310981475912.0,-0.9999974865382799
Neon1224,22,superfast,l1-dcache-loads,924763402162.0,781642.0,-924762620520.0,-0.9999991547654263
NocturneDance_3840x2160p_8bit,22,superfast,l1-dcache-loads,982110807886.0,781066.0,-982110026820.0,-0.999999204706848
OldTownCross,22,superfast,l1-dcache-loads,390611411001.0,781640.0,-390610629361.0,-0.9999979989319872
PedestrianArea,22,superfast,l1-dcache-loads,280190216917.0,781633.0,-280189435284.0,-0.9999972103487103
PierSeaSide,22,superfast,l1-dcache-loads,1022974427524.0,781641.0,-1022973645883.0,-0.9999992359134511
RitualDance,22,superfast,l1-dcache-loads,220977610793.0,781070.0,-220976829723.0,-0.9999964653885197
Riverbed,22,superfast,l1-dcache-loads,314745882996.0,781642.0,-314745101354.0,-0.9999975165934101
RushFieldCuts,22,superfast,l1-dcache-loads,311566828807.0,781643.0,-311566047164.0,-0.9999974912509043
Skater227,22,superfast,l1-dcache-loads,806508.0,781656.0,-24852.0,-0.03081432546236367
Tango,22,superfast,l1-dcache-loads,1469210160056.0,781068.0,-1469209378988.0,-0.9999994683755794
TimeLapse,22,superfast,l1-dcache-loads,1038745696102.0,781640.0,-1038744914462.0,-0.9999992475155344
ToddlerFountain,22,superfast,l1-dcache-loads,333074057355.0,781649.0,-333073275706.0,-0.9999976532276149
TreesAndGrass_1920_1080,22,superfast,l1-dcache-loads,425009860445.0,795929.0,-425009064516.0,-0.9999981272693317
TunnelFlag,22,superfast,l1-dcache-loads,348228583213.0,781658.0,-348227801555.0,-0.9999977553307291
Vertical_Carnaby,22,superfast,l1-dcache-loads,263643821119.0,796155.0,-263643024964.0,-0.9999969801871456
Vertical_bees,22,superfast,l1-dcache-loads,242570349689.0,781066.0,-242569568623.0,-0.9999967800433935
WalkingInStreet,22,superfast,l1-dcache-loads,348742587179.0,781069.0,-348741806110.0,-0.9999977603280221
WorldCup_1920x1080_30p,22,superfast,l1-dcache-loads,216504086778.0,781067.0,-216503305711.0,-0.9999963923683307
WorldCup_far_1920x1080_30p,22,superfast,l1-dcache-loads,280446484822.0,781659.0,-280445703163.0,-0.9999972128051435
Aerial3200,27,superfast,l1-dcache-loads,297956603212.0,781635.0,-297955821577.0,-0.9999973766817329
Boat,27,superfast,l1-dcache-loads,359972530572.0,798214.0,-359971732358.0,-0.9999977825696902
BoxingPractice,27,superfast,l1-dcache-loads,897329063528.0,781646.0,-897328281882.0,-0.9999991289193321
Crosswalk,27,superfast,l1-dcache-loads,868493693985.0,781652.0,-868492912333.0,-0.9999990999911624
CrowdRun,27,superfast,l1-dcache-loads,397953000429.0,800006.0,-397952200423.0,-0.9999979896972779
DinnerSceneCropped,27,superfast,l1-dcache-loads,269599304137.0,781070.0,-269598523067.0,-0.9999971028486052
FoodMarket,27,superfast,l1-dcache-loads,261967825966.0,781068.0,-261967044898.0,-0.9999970184582893
FoodMarket2,27,superfast,l1-dcache-loads,958802796422.0,781647.0,-958802014775.0,-0.9999991847677093
MeridianTalk_sdr,27,superfast,l1-dcache-loads,217247265920.0,781639.0,-217246484281.0,-0.9999964020766996
Motorcycle,27,superfast,l1-dcache-loads,274111044731.0,781640.0,-274110263091.0,-0.9999971484549236
MountainBike,27,superfast,l1-dcache-loads,281738423024.0,781639.0,-281737641385.0,-0.9999972256570772
Neon1224,27,superfast,l1-dcache-loads,834796949269.0,781654.0,-834796167615.0,-0.999999063659731
NocturneDance_3840x2160p_8bit,27,superfast,l1-dcache-loads,1065590964122.0,781070.0,-1065590183052.0,-0.9999992670076734
OldTownCross,27,superfast,l1-dcache-loads,316293821557.0,781619.0,-316293039938.0,-0.9999975288198923
PedestrianArea,27,superfast,l1-dcache-loads,227351200418.0,781628.0,-227350418790.0,-0.9999965620238708
PierSeaSide,27,superfast,l1-dcache-loads,1057182399209.0,781068.0,-1057181618141.0,-0.9999992611795272
RitualDance,27,superfast,l1-dcache-loads,199912329300.0,781069.0,-199911548231.0,-0.9999960929423276
Riverbed,27,superfast,l1-dcache-loads,263575101158.0,781069.0,-263574320089.0,-0.9999970366358713
RushFieldCuts,27,superfast,l1-dcache-loads,279431146550.0,781665.0,-279430364885.0,-0.9999972026561474
Skater227,27,superfast,l1-dcache-loads,806471.0,781636.0,-24835.0,-0.0307946596963809
Tango,27,superfast,l1-dcache-loads,946381556800.0,781068.0,-946380775732.0,-0.9999991746796053
TimeLapse,27,superfast,l1-dcache-loads,901126759902.0,781639.0,-901125978263.0,-0.9999991325981706
ToddlerFountain,27,superfast,l1-dcache-loads,287743140302.0,781652.0,-287742358650.0,-0.9999972835077869
TreesAndGrass_1920_1080,27,superfast,l1-dcache-loads,325900778906.0,796969.0,-325899981937.0,-0.9999975545655255
TunnelFlag,27,superfast,l1-dcache-loads,250736724044.0,781069.0,-250735942975.0,-0.9999968849038648
Vertical_Carnaby,27,superfast,l1-dcache-loads,241076448101.0,781069.0,-241075667032.0,-0.9999967600775349
Vertical_bees,27,superfast,l1-dcache-loads,220437466510.0,781635.0,-220436684875.0,-0.999996454164474
WalkingInStreet,27,superfast,l1-dcache-loads,325284467626.0,781100.0,-325283686526.0,-0.9999975987171914
WorldCup_1920x1080_30p,27,superfast,l1-dcache-loads,196811041881.0,781651.0,-196810260230.0,-0.9999960284189722
WorldCup_far_1920x1080_30p,27,superfast,l1-dcache-loads,251905702031.0,781651.0,-251904920380.0,-0.9999968970491986
Aerial3200,32,superfast,l1-dcache-loads,267869881055.0,781697.0,-267869099358.0,-0.9999970818033109
Boat,32,superfast,l1-dcache-loads,320056894118.0,781662.0,-320056112456.0,-0.9999975577404694
BoxingPractice,32,superfast,l1-dcache-loads,786281161505.0,781657.0,-786280379848.0,-0.9999990058810534
Crosswalk,32,superfast,l1-dcache-loads,777843943678.0,781662.0,-777843162016.0,-0.999998995091488
CrowdRun,32,superfast,l1-dcache-loads,342055338985.0,799268.0,-342054539717.0,-0.9999976633371594
DinnerSceneCropped,32,superfast,l1-dcache-loads,252026465248.0,781078.0,-252025684170.0,-0.9999969008096066
FoodMarket,32,superfast,l1-dcache-loads,220724428461.0,781069.0,-220723647392.0,-0.9999964613386682
FoodMarket2,32,superfast,l1-dcache-loads,855664415186.0,781644.0,-855663633542.0,-0.9999990865063615
MeridianTalk_sdr,32,superfast,l1-dcache-loads,192617028307.0,781628.0,-192616246679.0,-0.9999959420617851
Motorcycle,32,superfast,l1-dcache-loads,246522219291.0,781644.0,-246521437647.0,-0.9999968293162286
MountainBike,32,superfast,l1-dcache-loads,252821951716.0,781647.0,-252821170069.0,-0.9999969083103951
Neon1224,32,superfast,l1-dcache-loads,759078739450.0,781659.0,-759077957791.0,-0.999998970253072
NocturneDance_3840x2160p_8bit,32,superfast,l1-dcache-loads,776750434891.0,781070.0,-776749653821.0,-0.999998994438928
OldTownCross,32,superfast,l1-dcache-loads,243005968902.0,781649.0,-243005187253.0,-0.9999967834164587
PedestrianArea,32,superfast,l1-dcache-loads,200446510060.0,781068.0,-200445728992.0,-0.999996103359446
PierSeaSide,32,superfast,l1-dcache-loads,775716580247.0,781654.0,-775715798593.0,-0.9999989923458904
RitualDance,32,superfast,l1-dcache-loads,184838869278.0,781069.0,-184838088209.0,-0.9999957743249401
Riverbed,32,superfast,l1-dcache-loads,279261376737.0,781068.0,-279260595669.0,-0.999997203093356
RushFieldCuts,32,superfast,l1-dcache-loads,244828051608.0,781068.0,-244827270540.0,-0.9999968097283181
Skater227,32,superfast,l1-dcache-loads,829749.0,781653.0,-48096.0,-0.057964516980436254
Tango,32,superfast,l1-dcache-loads,811800284469.0,781672.0,-811799502797.0,-0.9999990371129267
TimeLapse,32,superfast,l1-dcache-loads,978534537651.0,781654.0,-978533755997.0,-0.9999992011993752
ToddlerFountain,32,superfast,l1-dcache-loads,249601719351.0,781658.0,-249600937693.0,-0.9999968683789437
TreesAndGrass_1920_1080,32,superfast,l1-dcache-loads,294727434095.0,781651.0,-294726652444.0,-0.9999973478851658
TunnelFlag,32,superfast,l1-dcache-loads,219252814075.0,781068.0,-219252033007.0,-0.9999964375919037
Vertical_Carnaby,32,superfast,l1-dcache-loads,182729979079.0,781640.0,-182729197439.0,-0.9999957224315138
Vertical_bees,32,superfast,l1-dcache-loads,202146222812.0,794779.0,-202145428033.0,-0.9999960682965581
WalkingInStreet,32,superfast,l1-dcache-loads,290753695298.0,781637.0,-290752913661.0,-0.9999973116867897
WorldCup_1920x1080_30p,32,superfast,l1-dcache-loads,182001047423.0,781631.0,-182000265792.0,-0.9999957053488918
WorldCup_far_1920x1080_30p,32,superfast,l1-dcache-loads,226768803607.0,781068.0,-226768022539.0,-0.9999965556637969
Aerial3200,37,superfast,l1-dcache-loads,242430668737.0,781659.0,-242429887078.0,-0.9999967757420953
Boat,37,superfast,l1-dcache-loads,236457512765.0,781625.0,-236456731140.0,-0.9999966944378681
BoxingPractice,37,superfast,l1-dcache-loads,728119046006.0,781653.0,-728118264353.0,-0.9999989264763718
Crosswalk,37,superfast,l1-dcache-loads,728971056147.0,781651.0,-728970274496.0,-0.9999989277338334
CrowdRun,37,superfast,l1-dcache-loads,299341034648.0,796592.0,-299340238056.0,-0.9999973388479767
DinnerSceneCropped,37,superfast,l1-dcache-loads,182606178290.0,781634.0,-182605396656.0,-0.9999957195643252
FoodMarket,37,superfast,l1-dcache-loads,199672009696.0,796445.0,-199671213251.0,-0.9999960112336165
FoodMarket2,37,superfast,l1-dcache-loads,787817857473.0,781682.0,-787817075791.0,-0.9999990077884214
MeridianTalk_sdr,37,superfast,l1-dcache-loads,217426335096.0,781078.0,-217425554018.0,-0.9999964076200812
Motorcycle,37,superfast,l1-dcache-loads,223180980150.0,781659.0,-223180198491.0,-0.9999964976450973
MountainBike,37,superfast,l1-dcache-loads,227998727598.0,781626.0,-227997945972.0,-0.9999965717966577
Neon1224,37,superfast,l1-dcache-loads,701506807321.0,781621.0,-701506025700.0,-0.9999988857969847
NocturneDance_3840x2160p_8bit,37,superfast,l1-dcache-loads,711987355759.0,781659.0,-711986574100.0,-0.9999989021448293
OldTownCross,37,superfast,l1-dcache-loads,209925091926.0,781645.0,-209924310281.0,-0.9999962765527797
PedestrianArea,37,superfast,l1-dcache-loads,185650501558.0,781068.0,-185649720490.0,-0.9999957928042561
PierSeaSide,37,superfast,l1-dcache-loads,711085459158.0,781653.0,-711084677505.0,-0.9999989007608159
RitualDance,37,superfast,l1-dcache-loads,172870002015.0,781648.0,-172869220367.0,-0.9999954784057912
Riverbed,37,superfast,l1-dcache-loads,208060357158.0,781644.0,-208059575514.0,-0.999996243186301
RushFieldCuts,37,superfast,l1-dcache-loads,217981922340.0,781666.0,-217981140674.0,-0.9999964140787841
Skater227,37,superfast,l1-dcache-loads,806472.0,781667.0,-24805.0,-0.030757422452360406
Tango,37,superfast,l1-dcache-loads,750132742678.0,796231.0,-750131946447.0,-0.9999989385465335
TimeLapse,37,superfast,l1-dcache-loads,737926480062.0,781633.0,-737925698429.0,-0.9999989407711728
ToddlerFountain,37,superfast,l1-dcache-loads,217958413067.0,781070.0,-217957631997.0,-0.9999964164264686
TreesAndGrass_1920_1080,37,superfast,l1-dcache-loads,265133121567.0,795969.0,-265132325598.0,-0.9999969978515121
TunnelFlag,37,superfast,l1-dcache-loads,240232037632.0,781068.0,-240231256564.0,-0.9999967486934395
Vertical_Carnaby,37,superfast,l1-dcache-loads,172373261384.0,794257.0,-172372467127.0,-0.9999953922261863
Vertical_bees,37,superfast,l1-dcache-loads,188572977852.0,794908.0,-188572182944.0,-0.999995784613421
WalkingInStreet,37,superfast,l1-dcache-loads,257590338413.0,781100.0,-257589557313.0,-0.9999969676657718
WorldCup_1920x1080_30p,37,superfast,l1-dcache-loads,172042409054.0,781646.0,-172041627408.0,-0.9999954566667353
WorldCup_far_1920x1080_30p,37,superfast,l1-dcache-loads,207097133759.0,781069.0,-207096352690.0,-0.9999962284895699
Aerial3200,22,veryfast,l1-dcache-loads,335232726077.0,781662.0,-335231944415.0,-0.9999976683004397
Boat,22,veryfast,l1-dcache-loads,344458695171.0,781664.0,-344457913507.0,-0.9999977307467892
BoxingPractice,22,veryfast,l1-dcache-loads,1122614156511.0,781648.0,-1122613374863.0,-0.9999993037251531
Crosswalk,22,veryfast,l1-dcache-loads,1125357182031.0,781647.0,-1125356400384.0,-0.9999993054231914
CrowdRun,22,veryfast,l1-dcache-loads,399385281017.0,781645.0,-399384499372.0,-0.9999980428798027
DinnerSceneCropped,22,veryfast,l1-dcache-loads,363049178659.0,781665.0,-363048396994.0,-0.999997846944585
FoodMarket,22,veryfast,l1-dcache-loads,344218307547.0,781667.0,-344217525880.0,-0.9999977291533226
FoodMarket2,22,veryfast,l1-dcache-loads,1406275710515.0,781664.0,-1406274928851.0,-0.9999994441602069
MeridianTalk_sdr,22,veryfast,l1-dcache-loads,283066004322.0,781667.0,-283065222655.0,-0.9999972385698457
Motorcycle,22,veryfast,l1-dcache-loads,373896171541.0,781627.0,-373895389914.0,-0.9999979095078808
MountainBike,22,veryfast,l1-dcache-loads,320385172378.0,781647.0,-320384390731.0,-0.9999975602897156
Neon1224,22,veryfast,l1-dcache-loads,948378417304.0,781639.0,-948377635665.0,-0.9999991758152803
NocturneDance_3840x2160p_8bit,22,veryfast,l1-dcache-loads,1008285796736.0,796622.0,-1008285000114.0,-0.9999992099244058
OldTownCross,22,veryfast,l1-dcache-loads,407506865044.0,796268.0,-407506068776.0,-0.9999980460010166
PedestrianArea,22,veryfast,l1-dcache-loads,289205588084.0,781647.0,-289204806437.0,-0.9999972972617673
PierSeaSide,22,veryfast,l1-dcache-loads,1054836487116.0,781075.0,-1054835706041.0,-0.9999992595297854
RitualDance,22,veryfast,l1-dcache-loads,226669060258.0,781617.0,-226668278641.0,-0.9999965517261196
Riverbed,22,veryfast,l1-dcache-loads,326112470927.0,781073.0,-326111689854.0,-0.9999976048968695
RushFieldCuts,22,veryfast,l1-dcache-loads,322894129645.0,781653.0,-322893347992.0,-0.9999975792282106
Skater227,22,veryfast,l1-dcache-loads,873314.0,796958.0,-76356.0,-0.08743246987910419
Tango,22,veryfast,l1-dcache-loads,1268962032749.0,781648.0,-1268961251101.0,-0.9999993840256999
TimeLapse,22,veryfast,l1-dcache-loads,1072331751111.0,781074.0,-1072330970037.0,-0.9999992716116078
ToddlerFountain,22,veryfast,l1-dcache-loads,346134374687.0,781652.0,-346133593035.0,-0.9999977417671946
TreesAndGrass_1920_1080,22,veryfast,l1-dcache-loads,371659800223.0,781677.0,-371659018546.0,-0.9999978967943277
TunnelFlag,22,veryfast,l1-dcache-loads,297486751189.0,798941.0,-297485952248.0,-0.999997314364432
Vertical_Carnaby,22,veryfast,l1-dcache-loads,220053641216.0,781635.0,-220052859581.0,-0.9999964479797031
Vertical_bees,22,veryfast,l1-dcache-loads,247663265452.0,781652.0,-247662483800.0,-0.9999968438920541
WalkingInStreet,22,veryfast,l1-dcache-loads,352066824536.0,781645.0,-352066042891.0,-0.9999977798390944
WorldCup_1920x1080_30p,22,veryfast,l1-dcache-loads,220311230917.0,781643.0,-220310449274.0,-0.9999964520964422
WorldCup_far_1920x1080_30p,22,veryfast,l1-dcache-loads,286302536703.0,781074.0,-286301755629.0,-0.999997271857913
Aerial3200,27,veryfast,l1-dcache-loads,301956748756.0,781662.0,-301955967094.0,-0.9999974113444948
Boat,27,veryfast,l1-dcache-loads,308985361057.0,781626.0,-308984579431.0,-0.9999974703461765
BoxingPractice,27,veryfast,l1-dcache-loads,924409239092.0,781671.0,-924408457421.0,-0.9999991544102256
Crosswalk,27,veryfast,l1-dcache-loads,902415335958.0,781655.0,-902414554303.0,-0.9999991338190201
CrowdRun,27,veryfast,l1-dcache-loads,344835794943.0,781663.0,-344835013280.0,-0.9999977332312612
DinnerSceneCropped,27,veryfast,l1-dcache-loads,281983855390.0,781658.0,-281983073732.0,-0.9999972280044227
FoodMarket,27,veryfast,l1-dcache-loads,272831584447.0,781641.0,-272830802806.0,-0.9999971350787645
FoodMarket2,27,veryfast,l1-dcache-loads,986081296489.0,781649.0,-986080514840.0,-0.9999992073178928
MeridianTalk_sdr,27,veryfast,l1-dcache-loads,272884665807.0,781639.0,-272883884168.0,-0.9999971356433763
Motorcycle,27,veryfast,l1-dcache-loads,281484942219.0,781628.0,-281484160591.0,-0.9999972231978242
MountainBike,27,veryfast,l1-dcache-loads,290108772555.0,781073.0,-290107991482.0,-0.9999973076546664
Neon1224,27,veryfast,l1-dcache-loads,850757946087.0,781650.0,-850757164437.0,-0.9999990812310322
NocturneDance_3840x2160p_8bit,27,veryfast,l1-dcache-loads,1094431948892.0,781073.0,-1094431167819.0,-0.9999992863210904
OldTownCross,27,veryfast,l1-dcache-loads,330541228694.0,781627.0,-330540447067.0,-0.9999976353116279
PedestrianArea,27,veryfast,l1-dcache-loads,232919966238.0,781632.0,-232919184606.0,-0.9999966442035321
PierSeaSide,27,veryfast,l1-dcache-loads,891570013906.0,781642.0,-891569232264.0,-0.9999991232971188
RitualDance,27,veryfast,l1-dcache-loads,203686815714.0,781072.0,-203686034642.0,-0.9999961653286332
Riverbed,27,veryfast,l1-dcache-loads,273153733205.0,781647.0,-273152951558.0,-0.9999971384355951
RushFieldCuts,27,veryfast,l1-dcache-loads,288992120092.0,781073.0,-288991339019.0,-0.999997297251566
Skater227,27,veryfast,l1-dcache-loads,805005.0,781638.0,-23367.0,-0.029027148899696275
Tango,27,veryfast,l1-dcache-loads,987739440843.0,781655.0,-987738659188.0,-0.9999992086425148
TimeLapse,27,veryfast,l1-dcache-loads,925049881576.0,781645.0,-925049099931.0,-0.9999991550239445
ToddlerFountain,27,veryfast,l1-dcache-loads,299070632079.0,781657.0,-299069850422.0,-0.9999973863799513
TreesAndGrass_1920_1080,27,veryfast,l1-dcache-loads,407629988306.0,797498.0,-407629190808.0,-0.9999980435737731
TunnelFlag,27,veryfast,l1-dcache-loads,256070933829.0,797710.0,-256070136119.0,-0.9999968848084861
Vertical_Carnaby,27,veryfast,l1-dcache-loads,200363000979.0,796514.0,-200362204465.0,-0.9999960246452883
Vertical_bees,27,veryfast,l1-dcache-loads,224714462717.0,781645.0,-224713681072.0,-0.9999965216079528
WalkingInStreet,27,veryfast,l1-dcache-loads,328545978302.0,781658.0,-328545196644.0,-0.9999976208565874
WorldCup_1920x1080_30p,27,veryfast,l1-dcache-loads,199800815289.0,781661.0,-199800033628.0,-0.9999960877987466
WorldCup_far_1920x1080_30p,27,veryfast,l1-dcache-loads,257127578134.0,781074.0,-257126797060.0,-0.9999969623095054
Aerial3200,32,veryfast,l1-dcache-loads,271155350757.0,781637.0,-271154569120.0,-0.9999971173830875
Boat,32,veryfast,l1-dcache-loads,273822150973.0,781673.0,-273821369300.0,-0.9999971453259088
BoxingPractice,32,veryfast,l1-dcache-loads,798057595899.0,781638.0,-798056814261.0,-0.9999990205744498
Crosswalk,32,veryfast,l1-dcache-loads,792504519862.0,781662.0,-792503738200.0,-0.999999013681335
CrowdRun,32,veryfast,l1-dcache-loads,294042599418.0,781665.0,-294041817753.0,-0.9999973416606929
DinnerSceneCropped,32,veryfast,l1-dcache-loads,215122150413.0,781074.0,-215121369339.0,-0.9999963691605048
FoodMarket,32,veryfast,l1-dcache-loads,227704085808.0,781647.0,-227703304161.0,-0.9999965672684474
FoodMarket2,32,veryfast,l1-dcache-loads,1071442939345.0,781660.0,-1071442157685.0,-0.9999992704604498
MeridianTalk_sdr,32,veryfast,l1-dcache-loads,238714845261.0,781646.0,-238714063615.0,-0.9999967256079145
Motorcycle,32,veryfast,l1-dcache-loads,252775535241.0,781648.0,-252774753593.0,-0.9999969077387206
MountainBike,32,veryfast,l1-dcache-loads,259972232108.0,781073.0,-259971451035.0,-0.9999969955522031
Neon1224,32,veryfast,l1-dcache-loads,768767379437.0,781655.0,-768766597782.0,-0.9999989832359946
NocturneDance_3840x2160p_8bit,32,veryfast,l1-dcache-loads,790114783565.0,781074.0,-790114002491.0,-0.9999990114423674
OldTownCross,32,veryfast,l1-dcache-loads,252610420156.0,781074.0,-252609639082.0,-0.9999969079897831
PedestrianArea,32,veryfast,l1-dcache-loads,203794218660.0,796426.0,-203793422234.0,-0.9999960920088644
PierSeaSide,32,veryfast,l1-dcache-loads,788140179558.0,781655.0,-788139397903.0,-0.9999990082284596
RitualDance,32,veryfast,l1-dcache-loads,187484618621.0,781074.0,-187483837547.0,-0.9999958339302405
Riverbed,32,veryfast,l1-dcache-loads,237267727298.0,781072.0,-237266946226.0,-0.9999967080563004
RushFieldCuts,32,veryfast,l1-dcache-loads,251744203359.0,781656.0,-251743421703.0,-0.9999968950387355
Skater227,32,veryfast,l1-dcache-loads,806506.0,781065.0,-25441.0,-0.0315447126245806
Tango,32,veryfast,l1-dcache-loads,831694869208.0,795192.0,-831694074016.0,-0.9999990438897371
TimeLapse,32,veryfast,l1-dcache-loads,820108275590.0,781645.0,-820107493945.0,-0.9999990469002408
ToddlerFountain,32,veryfast,l1-dcache-loads,258162220152.0,781666.0,-258161438486.0,-0.999996972190588
TreesAndGrass_1920_1080,32,veryfast,l1-dcache-loads,307339656855.0,781655.0,-307338875200.0,-0.9999974567063424
TunnelFlag,32,veryfast,l1-dcache-loads,271127483534.0,781657.0,-271126701877.0,-0.9999971170130383
Vertical_Carnaby,32,veryfast,l1-dcache-loads,184878930048.0,796740.0,-184878133308.0,-0.9999956904770068
Vertical_bees,32,veryfast,l1-dcache-loads,205549173322.0,781651.0,-205548391671.0,-0.9999961972554432
WalkingInStreet,32,veryfast,l1-dcache-loads,293837964963.0,781654.0,-293837183309.0,-0.9999973398468095
WorldCup_1920x1080_30p,32,veryfast,l1-dcache-loads,225508907171.0,781644.0,-225508125527.0,-0.9999965338664011
WorldCup_far_1920x1080_30p,32,veryfast,l1-dcache-loads,280842097634.0,781074.0,-280841316560.0,-0.9999972188143922
Aerial3200,37,veryfast,l1-dcache-loads,244608349383.0,781660.0,-244607567723.0,-0.9999968044426858
Boat,37,veryfast,l1-dcache-loads,243933736163.0,781668.0,-243932954495.0,-0.9999967955723866
BoxingPractice,37,veryfast,l1-dcache-loads,735722011307.0,781651.0,-735721229656.0,-0.9999989375729039
Crosswalk,37,veryfast,l1-dcache-loads,734831646619.0,781656.0,-734830864963.0,-0.9999989362788013
CrowdRun,37,veryfast,l1-dcache-loads,254868873214.0,781656.0,-254868091558.0,-0.9999969331052861
DinnerSceneCropped,37,veryfast,l1-dcache-loads,184257493736.0,781074.0,-184256712662.0,-0.9999957609648098
FoodMarket,37,veryfast,l1-dcache-loads,203900046806.0,781657.0,-203899265149.0,-0.9999961664697373
FoodMarket2,37,veryfast,l1-dcache-loads,801432206409.0,781074.0,-801431425335.0,-0.9999990254022814
MeridianTalk_sdr,37,veryfast,l1-dcache-loads,180656075878.0,781651.0,-180655294227.0,-0.9999956732648143
Motorcycle,37,veryfast,l1-dcache-loads,228243510998.0,781655.0,-228242729343.0,-0.9999965753462319
MountainBike,37,veryfast,l1-dcache-loads,233694384439.0,781073.0,-233693603366.0,-0.9999966577160085
Neon1224,37,veryfast,l1-dcache-loads,707739672956.0,781668.0,-707738891288.0,-0.9999988955430509
NocturneDance_3840x2160p_8bit,37,veryfast,l1-dcache-loads,721789887083.0,781074.0,-721789106009.0,-0.9999989178651378
OldTownCross,37,veryfast,l1-dcache-loads,214492748767.0,781654.0,-214491967113.0,-0.9999963558022148
PedestrianArea,37,veryfast,l1-dcache-loads,188079615353.0,781662.0,-188078833691.0,-0.9999958439834188
PierSeaSide,37,veryfast,l1-dcache-loads,718751664770.0,781650.0,-718750883120.0,-0.9999989124894754
RitualDance,37,veryfast,l1-dcache-loads,174708498035.0,781624.0,-174707716411.0,-0.999995526124895
Riverbed,37,veryfast,l1-dcache-loads,214427789841.0,781638.0,-214427008203.0,-0.9999963547728558
RushFieldCuts,37,veryfast,l1-dcache-loads,223035279462.0,781073.0,-223034498389.0,-0.9999964979845256
Skater227,37,veryfast,l1-dcache-loads,806471.0,781641.0,-24830.0,-0.030788459845425317
Tango,37,veryfast,l1-dcache-loads,758672712293.0,794958.0,-758671917335.0,-0.9999989521726732
TimeLapse,37,veryfast,l1-dcache-loads,750514614653.0,781623.0,-750513833030.0,-0.9999989585505935
ToddlerFountain,37,veryfast,l1-dcache-loads,223583041949.0,796395.0,-223582245554.0,-0.9999964380348659
TreesAndGrass_1920_1080,37,veryfast,l1-dcache-loads,275974699154.0,781643.0,-275973917511.0,-0.9999971677005088
TunnelFlag,37,veryfast,l1-dcache-loads,244029228455.0,781625.0,-244028446830.0,-0.9999967970025355
Vertical_Carnaby,37,veryfast,l1-dcache-loads,173966435988.0,796897.0,-173965639091.0,-0.9999954192485725
Vertical_bees,37,veryfast,l1-dcache-loads,190926808794.0,781649.0,-190926027145.0,-0.9999959060280484
WalkingInStreet,37,veryfast,l1-dcache-loads,260559934274.0,781667.0,-260559152607.0,-0.9999970000491358
WorldCup_1920x1080_30p,37,veryfast,l1-dcache-loads,173356285069.0,781643.0,-173355503426.0,-0.9999954911181923
WorldCup_far_1920x1080_30p,37,veryfast,l1-dcache-loads,210287483082.0,781641.0,-210286701441.0,-0.9999962829884663
Aerial3200,22,fast,l1-dcache-stores,146822095821.0,282584.0,-146821813237.0,-0.9999980753305664
Boat,22,fast,l1-dcache-stores,151763181663.0,282585.0,-151762899078.0,-0.9999981379871132
BoxingPractice,22,fast,l1-dcache-stores,509772938027.0,281386.0,-509772656641.0,-0.9999994480169915
Crosswalk,22,fast,l1-dcache-stores,513074417761.0,282585.0,-513074135176.0,-0.9999994492319433
CrowdRun,22,fast,l1-dcache-stores,196270302571.0,282933.0,-196270019638.0,-0.9999985584523166
DinnerSceneCropped,22,fast,l1-dcache-stores,182484168237.0,282584.0,-182483885653.0,-0.9999984514601856
FoodMarket,22,fast,l1-dcache-stores,153890574628.0,281385.0,-153890293243.0,-0.9999981715254448
FoodMarket2,22,fast,l1-dcache-stores,527453352927.0,282585.0,-527453070342.0,-0.9999994642464619
MeridianTalk_sdr,22,fast,l1-dcache-stores,145384383025.0,282933.0,-145384100092.0,-0.9999980538968897
Motorcycle,22,fast,l1-dcache-stores,137349364489.0,281385.0,-137349083104.0,-0.9999979513192431
MountainBike,22,fast,l1-dcache-stores,142874338813.0,282584.0,-142874056229.0,-0.9999980221500772
Neon1224,22,fast,l1-dcache-stores,494088282600.0,281386.0,-494088001214.0,-0.9999994304944887
NocturneDance_3840x2160p_8bit,22,fast,l1-dcache-stores,462428041745.0,281385.0,-462427760360.0,-0.9999993915053271
OldTownCross,22,fast,l1-dcache-stores,177429010694.0,281385.0,-177428729309.0,-0.9999984140981292
PedestrianArea,22,fast,l1-dcache-stores,130849953808.0,282585.0,-130849671223.0,-0.9999978403889969
PierSeaSide,22,fast,l1-dcache-stores,480853982785.0,282585.0,-480853700200.0,-0.9999994123267975
RitualDance,22,fast,l1-dcache-stores,101963774853.0,281385.0,-101963493468.0,-0.9999972403434415
Riverbed,22,fast,l1-dcache-stores,147096975022.0,282584.0,-147096692438.0,-0.9999980789271842
RushFieldCuts,22,fast,l1-dcache-stores,163764671307.0,281386.0,-163764389921.0,-0.9999982817661602
Skater227,22,fast,l1-dcache-stores,302263.0,282930.0,-19333.0,-0.0639608552816587
Tango,22,fast,l1-dcache-stores,570763331958.0,282934.0,-570763049024.0,-0.9999995042884079
TimeLapse,22,fast,l1-dcache-stores,486250219346.0,282585.0,-486249936761.0,-0.9999994188485912
ToddlerFountain,22,fast,l1-dcache-stores,153545946897.0,282585.0,-153545664312.0,-0.9999981596062566
TreesAndGrass_1920_1080,22,fast,l1-dcache-stores,162175403220.0,282584.0,-162175120636.0,-0.999998257540944
TunnelFlag,22,fast,l1-dcache-stores,133721417419.0,282584.0,-133721134835.0,-0.9999978867708296
Vertical_Carnaby,22,fast,l1-dcache-stores,115511576516.0,282584.0,-115511293932.0,-0.9999975536304799
Vertical_bees,22,fast,l1-dcache-stores,113038718707.0,282585.0,-113038436122.0,-0.9999975001043604
WalkingInStreet,22,fast,l1-dcache-stores,151829648624.0,282584.0,-151829366040.0,-0.999998138808839
WorldCup_1920x1080_30p,22,fast,l1-dcache-stores,99154701193.0,281385.0,-99154419808.0,-0.9999971621617875
WorldCup_far_1920x1080_30p,22,fast,l1-dcache-stores,127790423910.0,281386.0,-127790142524.0,-0.9999977980666204
Aerial3200,27,fast,l1-dcache-stores,134607426713.0,282584.0,-134607144129.0,-0.9999979006804683
Boat,27,fast,l1-dcache-stores,138521197545.0,282585.0,-138520914960.0,-0.999997959987316
BoxingPractice,27,fast,l1-dcache-stores,419482768629.0,282585.0,-419482486044.0,-0.9999993263489679
Crosswalk,27,fast,l1-dcache-stores,411790095045.0,282585.0,-411789812460.0,-0.9999993137644557
CrowdRun,27,fast,l1-dcache-stores,173328172805.0,282584.0,-173327890221.0,-0.9999983696591533
DinnerSceneCropped,27,fast,l1-dcache-stores,128672574668.0,282584.0,-128672292084.0,-0.9999978038521361
FoodMarket,27,fast,l1-dcache-stores,124798740579.0,281385.0,-124798459194.0,-0.9999977452897466
FoodMarket2,27,fast,l1-dcache-stores,454421392585.0,282585.0,-454421110000.0,-0.9999993781432727
MeridianTalk_sdr,27,fast,l1-dcache-stores,117199440894.0,282585.0,-117199158309.0,-0.9999975888536853
Motorcycle,27,fast,l1-dcache-stores,126158871834.0,282584.0,-126158589250.0,-0.9999977600941108
MountainBike,27,fast,l1-dcache-stores,130499751387.0,282584.0,-130499468803.0,-0.9999978346012387
Neon1224,27,fast,l1-dcache-stores,384398666934.0,282585.0,-384398384349.0,-0.9999992648647763
NocturneDance_3840x2160p_8bit,27,fast,l1-dcache-stores,409035382052.0,281385.0,-409035100667.0,-0.9999993120766263
OldTownCross,27,fast,l1-dcache-stores,147101644282.0,281385.0,-147101362897.0,-0.999998087138989
PedestrianArea,27,fast,l1-dcache-stores,106775088533.0,282585.0,-106774805948.0,-0.9999973534557182
PierSeaSide,27,fast,l1-dcache-stores,408260412498.0,282585.0,-408260129913.0,-0.9999993078314935
RitualDance,27,fast,l1-dcache-stores,105961971506.0,282584.0,-105961688922.0,-0.9999973331564525
Riverbed,27,fast,l1-dcache-stores,125821005443.0,281385.0,-125820724058.0,-0.9999977636087153
RushFieldCuts,27,fast,l1-dcache-stores,131201813772.0,282585.0,-131201531187.0,-0.9999978461806901
Skater227,27,fast,l1-dcache-stores,302263.0,282581.0,-19682.0,-0.06511547890413316
Tango,27,fast,l1-dcache-stores,518000463249.0,281385.0,-518000181864.0,-0.9999994567862001
TimeLapse,27,fast,l1-dcache-stores,423023053353.0,282585.0,-423022770768.0,-0.999999331986761
ToddlerFountain,27,fast,l1-dcache-stores,134418369841.0,282585.0,-134418087256.0,-0.9999978977203761
TreesAndGrass_1920_1080,27,fast,l1-dcache-stores,148885108399.0,282584.0,-148884825815.0,-0.9999981019995684
TunnelFlag,27,fast,l1-dcache-stores,131923746629.0,282933.0,-131923463696.0,-0.9999978553292548
Vertical_Carnaby,27,fast,l1-dcache-stores,91709353552.0,281385.0,-91709072167.0,-0.9999969317742509
Vertical_bees,27,fast,l1-dcache-stores,101589385290.0,282585.0,-101589102705.0,-0.9999972183609617
WalkingInStreet,27,fast,l1-dcache-stores,144038774020.0,282584.0,-144038491436.0,-0.9999980381393696
WorldCup_1920x1080_30p,27,fast,l1-dcache-stores,90870691980.0,281385.0,-90870410595.0,-0.9999969034570567
WorldCup_far_1920x1080_30p,27,fast,l1-dcache-stores,132543174991.0,282585.0,-132542892406.0,-0.9999978679777362
Aerial3200,32,fast,l1-dcache-stores,122168855932.0,282584.0,-122168573348.0,-0.9999976869391315
Boat,32,fast,l1-dcache-stores,124245808365.0,282585.0,-124245525780.0,-0.9999977255973161
BoxingPractice,32,fast,l1-dcache-stores,360528980556.0,282585.0,-360528697971.0,-0.9999992161933846
Crosswalk,32,fast,l1-dcache-stores,363582334148.0,282585.0,-363582051563.0,-0.9999992227757691
CrowdRun,32,fast,l1-dcache-stores,133057223934.0,282584.0,-133056941350.0,-0.9999978762220371
DinnerSceneCropped,32,fast,l1-dcache-stores,99128635227.0,282584.0,-99128352643.0,-0.9999971493201802
FoodMarket,32,fast,l1-dcache-stores,103515612869.0,281385.0,-103515331484.0,-0.9999972817143984
FoodMarket2,32,fast,l1-dcache-stores,402362974940.0,282585.0,-402362692355.0,-0.9999992976863737
MeridianTalk_sdr,32,fast,l1-dcache-stores,89494981165.0,281386.0,-89494699779.0,-0.9999968558460336
Motorcycle,32,fast,l1-dcache-stores,113857553270.0,282584.0,-113857270686.0,-0.9999975180917569
MountainBike,32,fast,l1-dcache-stores,117701672348.0,282584.0,-117701389764.0,-0.9999975991505102
Neon1224,32,fast,l1-dcache-stores,345552560644.0,282585.0,-345552278059.0,-0.9999991822228159
NocturneDance_3840x2160p_8bit,32,fast,l1-dcache-stores,416917581157.0,281385.0,-416917299772.0,-0.9999993250824318
OldTownCross,32,fast,l1-dcache-stores,114151294612.0,281385.0,-114151013227.0,-0.9999975349819644
PedestrianArea,32,fast,l1-dcache-stores,93135224714.0,282585.0,-93134942129.0,-0.9999969658633362
PierSeaSide,32,fast,l1-dcache-stores,359417909669.0,282934.0,-359417626735.0,-0.9999992127993838
RitualDance,32,fast,l1-dcache-stores,84954942134.0,282584.0,-84954659550.0,-0.9999966737191163
Riverbed,32,fast,l1-dcache-stores,108322798596.0,282584.0,-108322516012.0,-0.9999973912786259
RushFieldCuts,32,fast,l1-dcache-stores,115041359247.0,281386.0,-115041077861.0,-0.9999975540448944
Skater227,32,fast,l1-dcache-stores,297451.0,282930.0,-14521.0,-0.04881812466591136
Tango,32,fast,l1-dcache-stores,377928369700.0,282934.0,-377928086766.0,-0.9999992513554877
TimeLapse,32,fast,l1-dcache-stores,374474706890.0,282585.0,-374474424305.0,-0.9999992453829463
ToddlerFountain,32,fast,l1-dcache-stores,117282482088.0,282585.0,-117282199503.0,-0.9999975905608837
TreesAndGrass_1920_1080,32,fast,l1-dcache-stores,137178926391.0,282933.0,-137178643458.0,-0.9999979374893255
TunnelFlag,32,fast,l1-dcache-stores,101311189361.0,282933.0,-101310906428.0,-0.999997207287746
Vertical_Carnaby,32,fast,l1-dcache-stores,84091778455.0,282584.0,-84091495871.0,-0.999996639576363
Vertical_bees,32,fast,l1-dcache-stores,93808279385.0,282585.0,-93807996800.0,-0.9999969876326285
WalkingInStreet,32,fast,l1-dcache-stores,129814672656.0,282584.0,-129814390072.0,-0.9999978231736504
WorldCup_1920x1080_30p,32,fast,l1-dcache-stores,83395134964.0,282584.0,-83394852380.0,-0.9999966115049742
WorldCup_far_1920x1080_30p,32,fast,l1-dcache-stores,104121311621.0,282585.0,-104121029036.0,-0.9999972860023025
Aerial3200,37,fast,l1-dcache-stores,110994733653.0,282584.0,-110994451069.0,-0.999997454077408
Boat,37,fast,l1-dcache-stores,111496607829.0,282585.0,-111496325244.0,-0.9999974655282747
BoxingPractice,37,fast,l1-dcache-stores,334442858462.0,282585.0,-334442575877.0,-0.999999155057455
Crosswalk,37,fast,l1-dcache-stores,385058467915.0,282585.0,-385058185330.0,-0.9999992661244368
CrowdRun,37,fast,l1-dcache-stores,116248912420.0,282584.0,-116248629836.0,-0.9999975691471505
DinnerSceneCropped,37,fast,l1-dcache-stores,84190752925.0,282584.0,-84190470341.0,-0.9999966435268699
FoodMarket,37,fast,l1-dcache-stores,92268898778.0,281385.0,-92268617393.0,-0.9999969503808572
FoodMarket2,37,fast,l1-dcache-stores,367113116336.0,282585.0,-367112833751.0,-0.9999992302508752
MeridianTalk_sdr,37,fast,l1-dcache-stores,82180645183.0,282585.0,-82180362598.0,-0.9999965614166283
Motorcycle,37,fast,l1-dcache-stores,103303710563.0,282584.0,-103303427979.0,-0.999997264531947
MountainBike,37,fast,l1-dcache-stores,106348848388.0,282584.0,-106348565804.0,-0.999997342857922
Neon1224,37,fast,l1-dcache-stores,320466164551.0,282585.0,-320465881966.0,-0.9999991182064403
NocturneDance_3840x2160p_8bit,37,fast,l1-dcache-stores,327776722139.0,282933.0,-327776439206.0,-0.9999991368117963
OldTownCross,37,fast,l1-dcache-stores,96936851244.0,282584.0,-96936568660.0,-0.999997084865081
PedestrianArea,37,fast,l1-dcache-stores,85624013657.0,282585.0,-85623731072.0,-0.999996699699209
PierSeaSide,37,fast,l1-dcache-stores,374268604597.0,282585.0,-374268322012.0,-0.9999992449673937
RitualDance,37,fast,l1-dcache-stores,79016830428.0,282584.0,-79016547844.0,-0.9999964237492384
Riverbed,37,fast,l1-dcache-stores,98879361230.0,282584.0,-98879078646.0,-0.9999971421336415
RushFieldCuts,37,fast,l1-dcache-stores,102086509136.0,281386.0,-102086227750.0,-0.999997243651464
Skater227,37,fast,l1-dcache-stores,302263.0,282581.0,-19682.0,-0.06511547890413316
Tango,37,fast,l1-dcache-stores,398364658225.0,282584.0,-398364375641.0,-0.9999992906398845
TimeLapse,37,fast,l1-dcache-stores,341354265212.0,282585.0,-341353982627.0,-0.9999991721650239
ToddlerFountain,37,fast,l1-dcache-stores,100871214503.0,282585.0,-100870931918.0,-0.9999971985565813
TreesAndGrass_1920_1080,37,fast,l1-dcache-stores,123401638013.0,282933.0,-123401355080.0,-0.999997707218441
TunnelFlag,37,fast,l1-dcache-stores,104483071417.0,282933.0,-104482788484.0,-0.999997292068503
Vertical_Carnaby,37,fast,l1-dcache-stores,78779115564.0,281385.0,-78778834179.0,-0.9999964281777222
Vertical_bees,37,fast,l1-dcache-stores,86883540984.0,282585.0,-86883258399.0,-0.999996747542782
WalkingInStreet,37,fast,l1-dcache-stores,132548796290.0,282584.0,-132548513706.0,-0.9999978680756981
WorldCup_1920x1080_30p,37,fast,l1-dcache-stores,77126589609.0,282584.0,-77126307025.0,-0.9999963361014479
WorldCup_far_1920x1080_30p,37,fast,l1-dcache-stores,96079483905.0,281386.0,-96079202519.0,-0.9999970713206549
Aerial3200,22,faster,l1-dcache-stores,146829175838.0,282584.0,-146828893254.0,-0.9999980754233728
Boat,22,faster,l1-dcache-stores,151701419002.0,282583.0,-151701136419.0,-0.99999813724221
BoxingPractice,22,faster,l1-dcache-stores,509784053386.0,281385.0,-509783772001.0,-0.9999994480309885
Crosswalk,22,faster,l1-dcache-stores,513048852230.0,282584.0,-513048569646.0,-0.9999994492064473
CrowdRun,22,faster,l1-dcache-stores,174086665173.0,282583.0,-174086382590.0,-0.9999983767682624
DinnerSceneCropped,22,faster,l1-dcache-stores,160307026850.0,281385.0,-160306745465.0,-0.9999982447120034
FoodMarket,22,faster,l1-dcache-stores,153927173352.0,282932.0,-153926890420.0,-0.9999981619099875
FoodMarket2,22,faster,l1-dcache-stores,596353556329.0,282584.0,-596353273745.0,-0.9999995261468687
MeridianTalk_sdr,22,faster,l1-dcache-stores,145389847623.0,282584.0,-145389565039.0,-0.9999980563704782
Motorcycle,22,faster,l1-dcache-stores,138551558598.0,281384.0,-138551277214.0,-0.9999979691026009
MountainBike,22,faster,l1-dcache-stores,142912496575.0,282583.0,-142912213992.0,-0.9999980226851621
Neon1224,22,faster,l1-dcache-stores,434346276544.0,282583.0,-434345993961.0,-0.9999993494061875
NocturneDance_3840x2160p_8bit,22,faster,l1-dcache-stores,462501699787.0,282584.0,-462501417203.0,-0.9999993890098131
OldTownCross,22,faster,l1-dcache-stores,177498435596.0,282584.0,-177498153012.0,-0.9999984079634333
PedestrianArea,22,faster,l1-dcache-stores,130880542539.0,282583.0,-130880259956.0,-0.9999978409090112
PierSeaSide,22,faster,l1-dcache-stores,480969947178.0,282932.0,-480969664246.0,-0.9999994117470298
RitualDance,22,faster,l1-dcache-stores,103160016236.0,281385.0,-103159734851.0,-0.9999972723443611
Riverbed,22,faster,l1-dcache-stores,147119832850.0,282583.0,-147119550267.0,-0.9999980792324561
RushFieldCuts,22,faster,l1-dcache-stores,145394355608.0,282583.0,-145394073025.0,-0.9999980564376187
Skater227,22,faster,l1-dcache-stores,302263.0,282581.0,-19682.0,-0.06511547890413316
Tango,22,faster,l1-dcache-stores,570801247633.0,282583.0,-570800965050.0,-0.9999995049362608
TimeLapse,22,faster,l1-dcache-stores,551948732496.0,282932.0,-551948449564.0,-0.9999994873944202
ToddlerFountain,22,faster,l1-dcache-stores,173424559789.0,281384.0,-173424278405.0,-0.9999983774847095
TreesAndGrass_1920_1080,22,faster,l1-dcache-stores,162231720014.0,282932.0,-162231437082.0,-0.9999982560007379
TunnelFlag,22,faster,l1-dcache-stores,150921404532.0,282932.0,-150921121600.0,-0.999998125302366
Vertical_Carnaby,22,faster,l1-dcache-stores,115445310962.0,281384.0,-115445029578.0,-0.9999975626207972
Vertical_bees,22,faster,l1-dcache-stores,111898338363.0,281384.0,-111898056979.0,-0.9999974853603358
WalkingInStreet,22,faster,l1-dcache-stores,170927224218.0,282583.0,-170926941635.0,-0.9999983467642367
WorldCup_1920x1080_30p,22,faster,l1-dcache-stores,100359268925.0,281384.0,-100358987541.0,-0.9999971962330634
WorldCup_far_1920x1080_30p,22,faster,l1-dcache-stores,128974013815.0,282583.0,-128973731232.0,-0.9999978089927448
Aerial3200,27,faster,l1-dcache-stores,134631614500.0,282584.0,-134631331916.0,-0.9999979010576301
Boat,27,faster,l1-dcache-stores,138534081759.0,282583.0,-138533799176.0,-0.999997960191482
BoxingPractice,27,faster,l1-dcache-stores,419454855345.0,282584.0,-419454572761.0,-0.9999993263065229
Crosswalk,27,faster,l1-dcache-stores,416607967822.0,282584.0,-416607685238.0,-0.9999993217028433
CrowdRun,27,faster,l1-dcache-stores,153728125946.0,282932.0,-153727843014.0,-0.9999981595300258
DinnerSceneCropped,27,faster,l1-dcache-stores,127448836518.0,281385.0,-127448555133.0,-0.9999977921728618
FoodMarket,27,faster,l1-dcache-stores,141538623837.0,282932.0,-141538340905.0,-0.9999980010262052
FoodMarket2,27,faster,l1-dcache-stores,454445511037.0,282584.0,-454445228453.0,-0.9999993781784765
MeridianTalk_sdr,27,faster,l1-dcache-stores,102634614158.0,282584.0,-102634331574.0,-0.9999972466988616
Motorcycle,27,faster,l1-dcache-stores,143317798076.0,282933.0,-143317515143.0,-0.9999980258348663
MountainBike,27,faster,l1-dcache-stores,130487919489.0,282583.0,-130487636906.0,-0.9999978344125563
Neon1224,27,faster,l1-dcache-stores,389126498179.0,282583.0,-389126215596.0,-0.9999992738017037
NocturneDance_3840x2160p_8bit,27,faster,l1-dcache-stores,404440801848.0,281385.0,-404440520463.0,-0.999999304261591
OldTownCross,27,faster,l1-dcache-stores,148329093894.0,282584.0,-148328811310.0,-0.9999980948848767
PedestrianArea,27,faster,l1-dcache-stores,106753240995.0,282583.0,-106752958412.0,-0.9999973529328255
PierSeaSide,27,faster,l1-dcache-stores,408268704421.0,282584.0,-408268421837.0,-0.9999993078480007
RitualDance,27,faster,l1-dcache-stores,92631103704.0,282584.0,-92630821120.0,-0.9999969493616215
Riverbed,27,faster,l1-dcache-stores,125786616650.0,282583.0,-125786334067.0,-0.9999977534732428
RushFieldCuts,27,faster,l1-dcache-stores,131259787518.0,282583.0,-131259504935.0,-0.9999978471472083
Skater227,27,faster,l1-dcache-stores,302263.0,282581.0,-19682.0,-0.06511547890413316
Tango,27,faster,l1-dcache-stores,455090177404.0,282583.0,-455089894821.0,-0.9999993790615266
TimeLapse,27,faster,l1-dcache-stores,482501276478.0,282584.0,-482500993894.0,-0.9999994143352282
ToddlerFountain,27,faster,l1-dcache-stores,133268266887.0,282583.0,-133267984304.0,-0.9999978795927448
TreesAndGrass_1920_1080,27,faster,l1-dcache-stores,169587126197.0,282584.0,-169586843613.0,-0.9999983336942707
TunnelFlag,27,faster,l1-dcache-stores,116231224220.0,282584.0,-116230941636.0,-0.9999975687772206
Vertical_Carnaby,27,faster,l1-dcache-stores,91771322001.0,281384.0,-91771040617.0,-0.9999969338569624
Vertical_bees,27,faster,l1-dcache-stores,101608094237.0,281384.0,-101607812853.0,-0.9999972306930652
WalkingInStreet,27,faster,l1-dcache-stores,144092092510.0,282583.0,-144091809927.0,-0.9999980388722581
WorldCup_1920x1080_30p,27,faster,l1-dcache-stores,90855772346.0,281384.0,-90855490962.0,-0.9999969029595728
WorldCup_far_1920x1080_30p,27,faster,l1-dcache-stores,132455524905.0,282583.0,-132455242322.0,-0.9999978665820078
Aerial3200,32,faster,l1-dcache-stores,122181743122.0,282584.0,-122181460538.0,-0.999997687183103
Boat,32,faster,l1-dcache-stores,124182411881.0,282583.0,-124182129298.0,-0.9999977244523139
BoxingPractice,32,faster,l1-dcache-stores,365141052804.0,281385.0,-365140771419.0,-0.9999992293799949
Crosswalk,32,faster,l1-dcache-stores,363499644580.0,282584.0,-363499361996.0,-0.9999992226017158
CrowdRun,32,faster,l1-dcache-stores,150522155850.0,282932.0,-150521872918.0,-0.9999981203298717
DinnerSceneCropped,32,faster,l1-dcache-stores,97877945007.0,282584.0,-97877662423.0,-0.9999971128940235
FoodMarket,32,faster,l1-dcache-stores,104821540337.0,282932.0,-104821257405.0,-0.999997300821958
FoodMarket2,32,faster,l1-dcache-stores,402370421995.0,282584.0,-402370139411.0,-0.9999992977018574
MeridianTalk_sdr,32,faster,l1-dcache-stores,89433979297.0,282584.0,-89433696713.0,-0.999996840306087
Motorcycle,32,faster,l1-dcache-stores,113817230696.0,282583.0,-113816948113.0,-0.9999975172212654
MountainBike,32,faster,l1-dcache-stores,117705314253.0,282583.0,-117705031670.0,-0.9999975992332905
Neon1224,32,faster,l1-dcache-stores,350038094477.0,281384.0,-350037813093.0,-0.9999991961332082
NocturneDance_3840x2160p_8bit,32,faster,l1-dcache-stores,360931086845.0,282584.0,-360930804261.0,-0.9999992170693789
OldTownCross,32,faster,l1-dcache-stores,115373118418.0,282584.0,-115372835834.0,-0.9999975506946169
PedestrianArea,32,faster,l1-dcache-stores,93148976148.0,282933.0,-93148693215.0,-0.99999696257531
PierSeaSide,32,faster,l1-dcache-stores,359189954124.0,282932.0,-359189671192.0,-0.9999992123053645
RitualDance,32,faster,l1-dcache-stores,85003781684.0,282584.0,-85003499100.0,-0.9999966756302555
Riverbed,32,faster,l1-dcache-stores,109541311866.0,281384.0,-109541030482.0,-0.9999974312522353
RushFieldCuts,32,faster,l1-dcache-stores,113778275845.0,281384.0,-113777994461.0,-0.9999975269092636
Skater227,32,faster,l1-dcache-stores,304426.0,281382.0,-23044.0,-0.07569655679869657
Tango,32,faster,l1-dcache-stores,382705264853.0,282583.0,-382704982270.0,-0.9999992616171609
TimeLapse,32,faster,l1-dcache-stores,374449045124.0,282584.0,-374448762540.0,-0.9999992453339014
ToddlerFountain,32,faster,l1-dcache-stores,117248644193.0,282583.0,-117248361610.0,-0.9999975898825787
TreesAndGrass_1920_1080,32,faster,l1-dcache-stores,137278583263.0,282584.0,-137278300679.0,-0.999997941528873
TunnelFlag,32,faster,l1-dcache-stores,115727772860.0,282584.0,-115727490276.0,-0.9999975582006547
Vertical_Carnaby,32,faster,l1-dcache-stores,84121664579.0,282933.0,-84121381646.0,-0.9999966366214765
Vertical_bees,32,faster,l1-dcache-stores,93742379512.0,281384.0,-93742098128.0,-0.999996998326675
WalkingInStreet,32,faster,l1-dcache-stores,130927438576.0,282583.0,-130927155993.0,-0.9999978416823618
WorldCup_1920x1080_30p,32,faster,l1-dcache-stores,83455381635.0,281384.0,-83455100251.0,-0.9999966283300791
WorldCup_far_1920x1080_30p,32,faster,l1-dcache-stores,105285119225.0,281384.0,-105284837841.0,-0.9999973274095896
Aerial3200,37,faster,l1-dcache-stores,110932633103.0,282584.0,-110932350519.0,-0.99999745265219
Boat,37,faster,l1-dcache-stores,111486357035.0,282583.0,-111486074452.0,-0.9999974653131781
BoxingPractice,37,faster,l1-dcache-stores,334597424431.0,281385.0,-334597143046.0,-0.9999991590341722
Crosswalk,37,faster,l1-dcache-stores,334863631190.0,281385.0,-334863349805.0,-0.9999991597027154
CrowdRun,37,faster,l1-dcache-stores,132189998930.0,282932.0,-132189715998.0,-0.9999978596565376
DinnerSceneCropped,37,faster,l1-dcache-stores,84259012626.0,282932.0,-84258729694.0,-0.9999966421158855
FoodMarket,37,faster,l1-dcache-stores,93452225035.0,281385.0,-93451943650.0,-0.9999969889962503
FoodMarket2,37,faster,l1-dcache-stores,367194388701.0,282584.0,-367194106117.0,-0.9999992304239698
MeridianTalk_sdr,37,faster,l1-dcache-stores,82110992644.0,281385.0,-82110711259.0,-0.9999965731141356
Motorcycle,37,faster,l1-dcache-stores,103356473030.0,282583.0,-103356190447.0,-0.9999972659380519
MountainBike,37,faster,l1-dcache-stores,106373116141.0,282583.0,-106372833558.0,-0.999997343473518
Neon1224,37,faster,l1-dcache-stores,320390361595.0,281384.0,-320390080211.0,-0.9999991217463641
NocturneDance_3840x2160p_8bit,37,faster,l1-dcache-stores,327874818538.0,281385.0,-327874537153.0,-0.9999991417913664
OldTownCross,37,faster,l1-dcache-stores,97028225609.0,281385.0,-97027944224.0,-0.9999970999675792
PedestrianArea,37,faster,l1-dcache-stores,85653923857.0,282583.0,-85653641274.0,-0.999996700875018
PierSeaSide,37,faster,l1-dcache-stores,374262262844.0,282584.0,-374261980260.0,-0.9999992449572718
RitualDance,37,faster,l1-dcache-stores,77909543711.0,281385.0,-77909262326.0,-0.9999963883115393
Riverbed,37,faster,l1-dcache-stores,98826921838.0,282583.0,-98826639255.0,-0.9999971406273236
RushFieldCuts,37,faster,l1-dcache-stores,100928398060.0,282583.0,-100928115477.0,-0.9999972001636266
Skater227,37,faster,l1-dcache-stores,302263.0,282581.0,-19682.0,-0.06511547890413316
Tango,37,faster,l1-dcache-stores,346577380468.0,282583.0,-346577097885.0,-0.9999991846467313
TimeLapse,37,faster,l1-dcache-stores,341421726771.0,282584.0,-341421444187.0,-0.9999991723315248
ToddlerFountain,37,faster,l1-dcache-stores,102077792318.0,282583.0,-102077509735.0,-0.999997231689738
TreesAndGrass_1920_1080,37,faster,l1-dcache-stores,123337655720.0,282932.0,-123337372788.0,-0.9999977060371519
TunnelFlag,37,faster,l1-dcache-stores,91241162568.0,282932.0,-91240879636.0,-0.9999968990750223
Vertical_Carnaby,37,faster,l1-dcache-stores,77675335615.0,282933.0,-77675052682.0,-0.999996357492404
Vertical_bees,37,faster,l1-dcache-stores,86879748247.0,281384.0,-86879466863.0,-0.9999967612245008
WalkingInStreet,37,faster,l1-dcache-stores,117546151116.0,282583.0,-117545868533.0,-0.9999975959825369
WorldCup_1920x1080_30p,37,faster,l1-dcache-stores,78282792881.0,281384.0,-78282511497.0,-0.999996405544697
WorldCup_far_1920x1080_30p,37,faster,l1-dcache-stores,96032201197.0,282933.0,-96031918264.0,-0.9999970537695015
Aerial3200,22,superfast,l1-dcache-stores,145158650800.0,282589.0,-145158368211.0,-0.9999980532403792
Boat,22,superfast,l1-dcache-stores,165797192293.0,282938.0,-165796909355.0,-0.9999982934692917
BoxingPractice,22,superfast,l1-dcache-stores,493812652361.0,282588.0,-493812369773.0,-0.9999994277424876
Crosswalk,22,superfast,l1-dcache-stores,491945750323.0,282589.0,-491945467734.0,-0.999999425568775
CrowdRun,22,superfast,l1-dcache-stores,167433192855.0,282937.0,-167432909918.0,-0.9999983101498862
DinnerSceneCropped,22,superfast,l1-dcache-stores,152664152614.0,281390.0,-152663871224.0,-0.9999981568037082
FoodMarket,22,superfast,l1-dcache-stores,147534159134.0,282589.0,-147533876545.0,-0.9999980845859585
FoodMarket2,22,superfast,l1-dcache-stores,512630358745.0,282588.0,-512630076157.0,-0.9999994487489959
MeridianTalk_sdr,22,superfast,l1-dcache-stores,139552372158.0,282589.0,-139552089569.0,-0.9999979750326302
Motorcycle,22,superfast,l1-dcache-stores,135191425134.0,282589.0,-135191142545.0,-0.999997909712101
MountainBike,22,superfast,l1-dcache-stores,138071577784.0,282589.0,-138071295195.0,-0.9999979533151968
Neon1224,22,superfast,l1-dcache-stores,424874929601.0,282588.0,-424874647013.0,-0.9999993348913284
NocturneDance_3840x2160p_8bit,22,superfast,l1-dcache-stores,447435885203.0,281390.0,-447435603813.0,-0.9999993711054269
OldTownCross,22,superfast,l1-dcache-stores,170376313955.0,282588.0,-170376031367.0,-0.9999983413891671
PedestrianArea,22,superfast,l1-dcache-stores,127030082895.0,282588.0,-127029800307.0,-0.99999777542458
PierSeaSide,22,superfast,l1-dcache-stores,467641502429.0,282588.0,-467641219841.0,-0.9999993957165937
RitualDance,22,superfast,l1-dcache-stores,100865523827.0,281390.0,-100865242437.0,-0.9999972102459858
Riverbed,22,superfast,l1-dcache-stores,142301963305.0,282589.0,-142301680716.0,-0.9999980141595137
RushFieldCuts,22,superfast,l1-dcache-stores,140653098635.0,282588.0,-140652816047.0,-0.9999979908867793
Skater227,22,superfast,l1-dcache-stores,302279.0,282585.0,-19694.0,-0.06515173068588953
Tango,22,superfast,l1-dcache-stores,617765387531.0,281390.0,-617765106141.0,-0.9999995445034544
TimeLapse,22,superfast,l1-dcache-stores,467875413429.0,282589.0,-467875130840.0,-0.9999993960165636
ToddlerFountain,22,superfast,l1-dcache-stores,148166045991.0,282589.0,-148165763402.0,-0.9999980927546651
TreesAndGrass_1920_1080,22,superfast,l1-dcache-stores,175587651640.0,282937.0,-175587368703.0,-0.9999983886281446
TunnelFlag,22,superfast,l1-dcache-stores,146876012145.0,282589.0,-146875729556.0,-0.9999980760030459
Vertical_Carnaby,22,superfast,l1-dcache-stores,113498446440.0,282938.0,-113498163502.0,-0.9999975071200631
Vertical_bees,22,superfast,l1-dcache-stores,111121317520.0,281389.0,-111121036131.0,-0.9999974677316082
WalkingInStreet,22,superfast,l1-dcache-stores,150952126216.0,281390.0,-150951844826.0,-0.9999981358990625
WorldCup_1920x1080_30p,22,superfast,l1-dcache-stores,99024832217.0,281389.0,-99024550828.0,-0.9999971583996287
WorldCup_far_1920x1080_30p,22,superfast,l1-dcache-stores,126767646914.0,282588.0,-126767364326.0,-0.999997770819236
Aerial3200,27,superfast,l1-dcache-stores,133290954236.0,282589.0,-133290671647.0,-0.9999978799086433
Boat,27,superfast,l1-dcache-stores,151158793055.0,282938.0,-151158510117.0,-0.9999981282068063
BoxingPractice,27,superfast,l1-dcache-stores,413106578831.0,282588.0,-413106296243.0,-0.999999315944082
Crosswalk,27,superfast,l1-dcache-stores,401940000605.0,282589.0,-401939718016.0,-0.9999992969373549
CrowdRun,27,superfast,l1-dcache-stores,166211736180.0,282937.0,-166211453243.0,-0.999998297731517
DinnerSceneCropped,27,superfast,l1-dcache-stores,122065009916.0,281390.0,-122064728526.0,-0.999997694752983
FoodMarket,27,superfast,l1-dcache-stores,118856349834.0,281390.0,-118856068444.0,-0.9999976325202617
FoodMarket2,27,superfast,l1-dcache-stores,438678895040.0,282588.0,-438678612452.0,-0.9999993558203889
MeridianTalk_sdr,27,superfast,l1-dcache-stores,100028651371.0,282589.0,-100028368782.0,-0.9999971749194243
Motorcycle,27,superfast,l1-dcache-stores,123300349810.0,282589.0,-123300067221.0,-0.9999977081249126
MountainBike,27,superfast,l1-dcache-stores,127149840503.0,282589.0,-127149557914.0,-0.9999977775119585
Neon1224,27,superfast,l1-dcache-stores,383343917853.0,282588.0,-383343635265.0,-0.9999992628342675
NocturneDance_3840x2160p_8bit,27,superfast,l1-dcache-stores,458056187905.0,281390.0,-458055906515.0,-0.9999993856867183
OldTownCross,27,superfast,l1-dcache-stores,142178249882.0,282588.0,-142177967294.0,-0.9999980124386098
PedestrianArea,27,superfast,l1-dcache-stores,104549008660.0,282588.0,-104548726072.0,-0.9999972970762361
PierSeaSide,27,superfast,l1-dcache-stores,454768723083.0,281389.0,-454768441694.0,-0.9999993812481253
RitualDance,27,superfast,l1-dcache-stores,91314032963.0,281390.0,-91313751573.0,-0.9999969184364016
Riverbed,27,superfast,l1-dcache-stores,121719552786.0,281390.0,-121719271396.0,-0.9999976882103692
RushFieldCuts,27,superfast,l1-dcache-stores,127264266664.0,282588.0,-127263984076.0,-0.9999977795181051
Skater227,27,superfast,l1-dcache-stores,302267.0,282585.0,-19682.0,-0.06511461720928848
Tango,27,superfast,l1-dcache-stores,432346467089.0,281390.0,-432346185699.0,-0.9999993491562406
TimeLapse,27,superfast,l1-dcache-stores,413512770511.0,282589.0,-413512487922.0,-0.9999993166136086
ToddlerFountain,27,superfast,l1-dcache-stores,129810314738.0,282589.0,-129810032149.0,-0.9999978230620535
TreesAndGrass_1920_1080,27,superfast,l1-dcache-stores,144233885313.0,282937.0,-144233602376.0,-0.9999980383458479
TunnelFlag,27,superfast,l1-dcache-stores,114242937749.0,281390.0,-114242656359.0,-0.9999975369155806
Vertical_Carnaby,27,superfast,l1-dcache-stores,103961816275.0,281390.0,-103961534885.0,-0.9999972933331671
Vertical_bees,27,superfast,l1-dcache-stores,101274939113.0,282588.0,-101274656525.0,-0.9999972096946937
WalkingInStreet,27,superfast,l1-dcache-stores,142030620462.0,281390.0,-142030339072.0,-0.9999980188075002
WorldCup_1920x1080_30p,27,superfast,l1-dcache-stores,89986182888.0,282588.0,-89985900300.0,-0.9999968596512161
WorldCup_far_1920x1080_30p,27,superfast,l1-dcache-stores,115077174003.0,282588.0,-115076891415.0,-0.9999975443609695
Aerial3200,32,superfast,l1-dcache-stores,121237780206.0,282589.0,-121237497617.0,-0.9999976691341633
Boat,32,superfast,l1-dcache-stores,135922574790.0,282588.0,-135922292202.0,-0.9999979209634571
BoxingPractice,32,superfast,l1-dcache-stores,361326926147.0,282588.0,-361326643559.0,-0.9999992179160213
Crosswalk,32,superfast,l1-dcache-stores,358624507372.0,282589.0,-358624224783.0,-0.9999992120198308
CrowdRun,32,superfast,l1-dcache-stores,144826701320.0,282937.0,-144826418383.0,-0.9999980463754444
DinnerSceneCropped,32,superfast,l1-dcache-stores,109326437045.0,281390.0,-109326155655.0,-0.9999974261486279
FoodMarket,32,superfast,l1-dcache-stores,101828612678.0,281390.0,-101828331288.0,-0.9999972366313102
FoodMarket2,32,superfast,l1-dcache-stores,395361390757.0,282588.0,-395361108169.0,-0.999999285241284
MeridianTalk_sdr,32,superfast,l1-dcache-stores,88494207901.0,282589.0,-88493925312.0,-0.9999968066949612
Motorcycle,32,superfast,l1-dcache-stores,111528438193.0,282589.0,-111528155604.0,-0.999997466215751
MountainBike,32,superfast,l1-dcache-stores,114848968724.0,282589.0,-114848686135.0,-0.9999975394728996
Neon1224,32,superfast,l1-dcache-stores,347389404537.0,282588.0,-347389121949.0,-0.9999991865382297
NocturneDance_3840x2160p_8bit,32,superfast,l1-dcache-stores,356406565538.0,281390.0,-356406284148.0,-0.9999992104803131
OldTownCross,32,superfast,l1-dcache-stores,111273451598.0,282588.0,-111273169010.0,-0.9999974604184921
PedestrianArea,32,superfast,l1-dcache-stores,92104684525.0,281389.0,-92104403136.0,-0.9999969449002355
PierSeaSide,32,superfast,l1-dcache-stores,351026435497.0,282588.0,-351026152909.0,-0.9999991949666138
RitualDance,32,superfast,l1-dcache-stores,83182519713.0,281390.0,-83182238323.0,-0.9999966171979284
Riverbed,32,superfast,l1-dcache-stores,120754269364.0,281390.0,-120753987974.0,-0.9999976697304246
RushFieldCuts,32,superfast,l1-dcache-stores,112154718213.0,281389.0,-112154436824.0,-0.99999749106409
Skater227,32,superfast,l1-dcache-stores,304431.0,282585.0,-21846.0,-0.07176010327463365
Tango,32,superfast,l1-dcache-stores,370550532600.0,282589.0,-370550250011.0,-0.999999237380667
TimeLapse,32,superfast,l1-dcache-stores,420758286297.0,282589.0,-420758003708.0,-0.9999993283816168
ToddlerFountain,32,superfast,l1-dcache-stores,113774433795.0,282589.0,-113774151206.0,-0.9999975162346182
TreesAndGrass_1920_1080,32,superfast,l1-dcache-stores,131910607673.0,282589.0,-131910325084.0,-0.9999978577234615
TunnelFlag,32,superfast,l1-dcache-stores,100253820740.0,281390.0,-100253539350.0,-0.9999971932241791
Vertical_Carnaby,32,superfast,l1-dcache-stores,83659941252.0,282589.0,-83659658663.0,-0.9999966221707095
Vertical_bees,32,superfast,l1-dcache-stores,91682043589.0,282938.0,-91681760651.0,-0.9999969139213206
WalkingInStreet,32,superfast,l1-dcache-stores,130105907447.0,282589.0,-130105624858.0,-0.9999978280079241
WorldCup_1920x1080_30p,32,superfast,l1-dcache-stores,81795183513.0,282588.0,-81794900925.0,-0.9999965451755487
WorldCup_far_1920x1080_30p,32,superfast,l1-dcache-stores,103871586191.0,281389.0,-103871304802.0,-0.9999972909915953
Aerial3200,37,superfast,l1-dcache-stores,110448475269.0,282589.0,-110448192680.0,-0.9999974414404607
Boat,37,superfast,l1-dcache-stores,108359799875.0,282588.0,-108359517287.0,-0.9999973921325037
BoxingPractice,37,superfast,l1-dcache-stores,333182751026.0,282588.0,-333182468438.0,-0.9999991518528522
Crosswalk,37,superfast,l1-dcache-stores,334192733946.0,282589.0,-334192451357.0,-0.9999991544130937
CrowdRun,37,superfast,l1-dcache-stores,128067757392.0,282937.0,-128067474455.0,-0.9999977907241778
DinnerSceneCropped,37,superfast,l1-dcache-stores,83845091079.0,282589.0,-83844808490.0,-0.9999966296297569
FoodMarket,37,superfast,l1-dcache-stores,91911711714.0,282937.0,-91911428777.0,-0.9999969216436652
FoodMarket2,37,superfast,l1-dcache-stores,362860737808.0,282588.0,-362860455220.0,-0.9999992212218889
MeridianTalk_sdr,37,superfast,l1-dcache-stores,93588673770.0,281390.0,-93588392380.0,-0.9999969933327543
Motorcycle,37,superfast,l1-dcache-stores,101473948812.0,282589.0,-101473666223.0,-0.999997215157158
MountainBike,37,superfast,l1-dcache-stores,104108080404.0,282589.0,-104107797815.0,-0.9999972856189557
Neon1224,37,superfast,l1-dcache-stores,319441466418.0,282588.0,-319441183830.0,-0.9999991153684487
NocturneDance_3840x2160p_8bit,37,superfast,l1-dcache-stores,320699798701.0,282589.0,-320699516112.0,-0.9999991188363662
OldTownCross,37,superfast,l1-dcache-stores,96439898436.0,282588.0,-96439615848.0,-0.9999970698019742
PedestrianArea,37,superfast,l1-dcache-stores,83941128319.0,281389.0,-83940846930.0,-0.9999966477815388
PierSeaSide,37,superfast,l1-dcache-stores,324154510752.0,282588.0,-324154228164.0,-0.9999991282305486
RitualDance,37,superfast,l1-dcache-stores,77508889046.0,282589.0,-77508606457.0,-0.9999963541084967
Riverbed,37,superfast,l1-dcache-stores,95002090353.0,282589.0,-95001807764.0,-0.9999970254443986
RushFieldCuts,37,superfast,l1-dcache-stores,99001129048.0,282588.0,-99000846460.0,-0.9999971456083105
Skater227,37,superfast,l1-dcache-stores,302267.0,282585.0,-19682.0,-0.06511461720928848
Tango,37,superfast,l1-dcache-stores,344813995300.0,282937.0,-344813712363.0,-0.9999991794503592
TimeLapse,37,superfast,l1-dcache-stores,337521770434.0,282589.0,-337521487845.0,-0.9999991627532658
ToddlerFountain,37,superfast,l1-dcache-stores,99878757794.0,281390.0,-99878476404.0,-0.9999971826842242
TreesAndGrass_1920_1080,37,superfast,l1-dcache-stores,120041959594.0,282937.0,-120041676657.0,-0.9999976430158175
TunnelFlag,37,superfast,l1-dcache-stores,103275083614.0,281390.0,-103274802224.0,-0.9999972753350551
Vertical_Carnaby,37,superfast,l1-dcache-stores,77439169604.0,282938.0,-77438886666.0,-0.9999963463192924
Vertical_bees,37,superfast,l1-dcache-stores,86334993587.0,282938.0,-86334710649.0,-0.999996722788892
WalkingInStreet,37,superfast,l1-dcache-stores,115666896240.0,281390.0,-115666614850.0,-0.999997567238258
WorldCup_1920x1080_30p,37,superfast,l1-dcache-stores,78086591392.0,282588.0,-78086308804.0,-0.9999963810944368
WorldCup_far_1920x1080_30p,37,superfast,l1-dcache-stores,94966523936.0,281389.0,-94966242547.0,-0.9999970369664136
Aerial3200,22,veryfast,l1-dcache-stores,146817528797.0,282585.0,-146817246212.0,-0.999998075263885
Boat,22,veryfast,l1-dcache-stores,151778915360.0,282584.0,-151778632776.0,-0.9999981381867216
BoxingPractice,22,veryfast,l1-dcache-stores,509729580049.0,282584.0,-509729297465.0,-0.9999994456197736
Crosswalk,22,veryfast,l1-dcache-stores,513007680161.0,282585.0,-513007397576.0,-0.9999994491602935
CrowdRun,22,veryfast,l1-dcache-stores,174035243110.0,282584.0,-174034960526.0,-0.9999983762829013
DinnerSceneCropped,22,veryfast,l1-dcache-stores,161546406123.0,282585.0,-161546123538.0,-0.9999982507503151
FoodMarket,22,veryfast,l1-dcache-stores,153922262089.0,282585.0,-153921979504.0,-0.9999981641057235
FoodMarket2,22,veryfast,l1-dcache-stores,596329066172.0,282585.0,-596328783587.0,-0.9999995261257315
MeridianTalk_sdr,22,veryfast,l1-dcache-stores,128136227564.0,282585.0,-128135944979.0,-0.9999977946517907
Motorcycle,22,veryfast,l1-dcache-stores,156625239040.0,282584.0,-156624956456.0,-0.9999981957952516
MountainBike,22,veryfast,l1-dcache-stores,141727301469.0,282585.0,-141727018884.0,-0.9999980061357475
Neon1224,22,veryfast,l1-dcache-stores,434340822210.0,282584.0,-434340539626.0,-0.9999993493957152
NocturneDance_3840x2160p_8bit,22,veryfast,l1-dcache-stores,462508673514.0,282933.0,-462508390581.0,-0.9999993882644452
OldTownCross,22,veryfast,l1-dcache-stores,177407221284.0,282933.0,-177406938351.0,-0.9999984051776588
PedestrianArea,22,veryfast,l1-dcache-stores,130842115632.0,282584.0,-130841833048.0,-0.9999978402672669
PierSeaSide,22,veryfast,l1-dcache-stores,480859167729.0,281386.0,-480858886343.0,-0.9999994148265877
RitualDance,22,veryfast,l1-dcache-stores,103099064568.0,282585.0,-103098781983.0,-0.9999972590924934
Riverbed,22,veryfast,l1-dcache-stores,147085775729.0,281385.0,-147085494344.0,-0.9999980869326174
RushFieldCuts,22,veryfast,l1-dcache-stores,144145535455.0,282584.0,-144145252871.0,-0.9999980395924223
Skater227,22,veryfast,l1-dcache-stores,302263.0,282931.0,-19332.0,-0.06395754690451692
Tango,22,veryfast,l1-dcache-stores,570809919455.0,282585.0,-570809636870.0,-0.9999995049402781
TimeLapse,22,veryfast,l1-dcache-stores,486182398377.0,281386.0,-486182116991.0,-0.999999421233675
ToddlerFountain,22,veryfast,l1-dcache-stores,153575422572.0,282584.0,-153575139988.0,-0.9999981599659942
TreesAndGrass_1920_1080,22,veryfast,l1-dcache-stores,162132017038.0,282585.0,-162131734453.0,-0.9999982570684979
TunnelFlag,22,veryfast,l1-dcache-stores,133747095254.0,282933.0,-133746812321.0,-0.9999978845671417
Vertical_Carnaby,22,veryfast,l1-dcache-stores,99756375507.0,282584.0,-99756092923.0,-0.9999971672587485
Vertical_bees,22,veryfast,l1-dcache-stores,113080821363.0,282584.0,-113080538779.0,-0.9999975010439738
WalkingInStreet,22,veryfast,l1-dcache-stores,151808478704.0,282584.0,-151808196120.0,-0.9999981385492931
WorldCup_1920x1080_30p,22,veryfast,l1-dcache-stores,100376980832.0,282585.0,-100376698247.0,-0.9999971847629042
WorldCup_far_1920x1080_30p,22,veryfast,l1-dcache-stores,128957209643.0,281385.0,-128956928258.0,-0.999997817997142
Aerial3200,27,veryfast,l1-dcache-stores,134606258561.0,282585.0,-134605975976.0,-0.9999979006548207
Boat,27,veryfast,l1-dcache-stores,138457642820.0,282584.0,-138457360236.0,-0.9999979590581333
BoxingPractice,27,veryfast,l1-dcache-stores,424177173047.0,282584.0,-424176890463.0,-0.999999333806678
Crosswalk,27,veryfast,l1-dcache-stores,411745157868.0,282585.0,-411744875283.0,-0.9999993136895611
CrowdRun,27,veryfast,l1-dcache-stores,153610134044.0,282584.0,-153609851460.0,-0.9999981603817889
DinnerSceneCropped,27,veryfast,l1-dcache-stores,128711511514.0,282585.0,-128711228929.0,-0.999997804508729
FoodMarket,27,veryfast,l1-dcache-stores,124846830362.0,282585.0,-124846547777.0,-0.9999977365464612
FoodMarket2,27,veryfast,l1-dcache-stores,454369511074.0,282585.0,-454369228489.0,-0.9999993780722669
MeridianTalk_sdr,27,veryfast,l1-dcache-stores,117246046866.0,282585.0,-117245764281.0,-0.9999975898121297
Motorcycle,27,veryfast,l1-dcache-stores,126143245617.0,282584.0,-126142963033.0,-0.9999977598166385
MountainBike,27,veryfast,l1-dcache-stores,129344679438.0,281386.0,-129344398052.0,-0.9999978245259007
Neon1224,27,veryfast,l1-dcache-stores,389008474672.0,282584.0,-389008192088.0,-0.9999992735788077
NocturneDance_3840x2160p_8bit,27,veryfast,l1-dcache-stores,469155881161.0,281386.0,-469155599775.0,-0.9999994002291961
OldTownCross,27,veryfast,l1-dcache-stores,148335332853.0,282584.0,-148335050269.0,-0.9999980949650056
PedestrianArea,27,veryfast,l1-dcache-stores,106780132042.0,282584.0,-106779849458.0,-0.9999973535900865
PierSeaSide,27,veryfast,l1-dcache-stores,403571803517.0,282585.0,-403571520932.0,-0.9999992997900311
RitualDance,27,veryfast,l1-dcache-stores,91548924395.0,281386.0,-91548643009.0,-0.9999969263866085
Riverbed,27,veryfast,l1-dcache-stores,124603772902.0,282584.0,-124603490318.0,-0.9999977321392971
RushFieldCuts,27,veryfast,l1-dcache-stores,131242702994.0,281385.0,-131242421609.0,-0.9999978559950871
Skater227,27,veryfast,l1-dcache-stores,297451.0,282581.0,-14870.0,-0.0499914271594313
Tango,27,veryfast,l1-dcache-stores,455172456934.0,282585.0,-455172174349.0,-0.999999379169377
TimeLapse,27,veryfast,l1-dcache-stores,418413195544.0,282585.0,-418412912959.0,-0.9999993246269405
ToddlerFountain,27,veryfast,l1-dcache-stores,134487238608.0,282584.0,-134486956024.0,-0.9999978988043555
TreesAndGrass_1920_1080,27,veryfast,l1-dcache-stores,169564359290.0,282933.0,-169564076357.0,-0.9999983314123252
TunnelFlag,27,veryfast,l1-dcache-stores,116354410692.0,282933.0,-116354127759.0,-0.9999975683517426
Vertical_Carnaby,27,veryfast,l1-dcache-stores,90587289370.0,282934.0,-90587006436.0,-0.9999968766699835
Vertical_bees,27,veryfast,l1-dcache-stores,102762294499.0,282584.0,-102762011915.0,-0.9999972501197898
WalkingInStreet,27,veryfast,l1-dcache-stores,144007205238.0,282596.0,-144006922642.0,-0.9999980376259678
WorldCup_1920x1080_30p,27,veryfast,l1-dcache-stores,90892737666.0,282585.0,-90892455081.0,-0.9999968910057365
WorldCup_far_1920x1080_30p,27,veryfast,l1-dcache-stores,116812265372.0,281385.0,-116811983987.0,-0.9999975911348085
Aerial3200,32,veryfast,l1-dcache-stores,122196995300.0,282585.0,-122196712715.0,-0.9999976874635967
Boat,32,veryfast,l1-dcache-stores,124238153385.0,282584.0,-124237870801.0,-0.999997725465227
BoxingPractice,32,veryfast,l1-dcache-stores,364960580703.0,282584.0,-364960298119.0,-0.9999992257136389
Crosswalk,32,veryfast,l1-dcache-stores,363536485244.0,282585.0,-363536202659.0,-0.9999992226777463
CrowdRun,32,veryfast,l1-dcache-stores,133024644366.0,282584.0,-133024361782.0,-0.9999978757018946
DinnerSceneCropped,32,veryfast,l1-dcache-stores,97870207274.0,281386.0,-97869925888.0,-0.9999971249064671
FoodMarket,32,veryfast,l1-dcache-stores,104736476220.0,282585.0,-104736193635.0,-0.999997301942836
FoodMarket2,32,veryfast,l1-dcache-stores,461485096476.0,282585.0,-461484813891.0,-0.9999993876616988
MeridianTalk_sdr,32,veryfast,l1-dcache-stores,102751605090.0,282585.0,-102751322505.0,-0.9999972498239833
Motorcycle,32,veryfast,l1-dcache-stores,113838716266.0,282584.0,-113838433682.0,-0.9999975176810731
MountainBike,32,veryfast,l1-dcache-stores,116507005844.0,281386.0,-116506724458.0,-0.9999975848147675
Neon1224,32,veryfast,l1-dcache-stores,349986226666.0,282584.0,-349985944082.0,-0.9999991925853692
NocturneDance_3840x2160p_8bit,32,veryfast,l1-dcache-stores,356363202292.0,281386.0,-356362920906.0,-0.9999992103954668
OldTownCross,32,veryfast,l1-dcache-stores,115383976144.0,281385.0,-115383694759.0,-0.9999975613164895
PedestrianArea,32,veryfast,l1-dcache-stores,93192508841.0,282933.0,-93192225908.0,-0.9999969639941716
PierSeaSide,32,veryfast,l1-dcache-stores,359301861189.0,282585.0,-359301578604.0,-0.9999992135164593
RitualDance,32,veryfast,l1-dcache-stores,83951765963.0,281386.0,-83951484577.0,-0.9999966482420379
Riverbed,32,veryfast,l1-dcache-stores,109563449268.0,281385.0,-109563167883.0,-0.9999974317621262
RushFieldCuts,32,veryfast,l1-dcache-stores,114939989672.0,282584.0,-114939707088.0,-0.9999975414648913
Skater227,32,veryfast,l1-dcache-stores,302263.0,281382.0,-20881.0,-0.06908222309710418
Tango,32,veryfast,l1-dcache-stores,382800071158.0,282934.0,-382799788224.0,-0.999999260883105
TimeLapse,32,veryfast,l1-dcache-stores,374528084311.0,282585.0,-374527801726.0,-0.9999992454904937
ToddlerFountain,32,veryfast,l1-dcache-stores,117279740956.0,282584.0,-117279458372.0,-0.9999975905130954
TreesAndGrass_1920_1080,32,veryfast,l1-dcache-stores,135975179027.0,282585.0,-135974896442.0,-0.9999979217898294
TunnelFlag,32,veryfast,l1-dcache-stores,115787655738.0,282585.0,-115787373153.0,-0.9999975594548641
Vertical_Carnaby,32,veryfast,l1-dcache-stores,84179068368.0,282934.0,-84178785434.0,-0.9999966389031681
Vertical_bees,32,veryfast,l1-dcache-stores,93791628447.0,282584.0,-93791345863.0,-0.9999969871085013
WalkingInStreet,32,veryfast,l1-dcache-stores,130935386004.0,282584.0,-130935103420.0,-0.9999978418057286
WorldCup_1920x1080_30p,32,veryfast,l1-dcache-stores,96220631216.0,282585.0,-96220348631.0,-0.9999970631558281
WorldCup_far_1920x1080_30p,32,veryfast,l1-dcache-stores,120016761674.0,281385.0,-120016480289.0,-0.9999976554524879
Aerial3200,37,veryfast,l1-dcache-stores,110900922347.0,282585.0,-110900639762.0,-0.9999974519147901
Boat,37,veryfast,l1-dcache-stores,111497647755.0,282584.0,-111497365171.0,-0.9999974655608823
BoxingPractice,37,veryfast,l1-dcache-stores,334647853176.0,282584.0,-334647570592.0,-0.9999991555780283
Crosswalk,37,veryfast,l1-dcache-stores,334794645780.0,282585.0,-334794363195.0,-0.999999155945283
CrowdRun,37,veryfast,l1-dcache-stores,116318182358.0,282584.0,-116317899774.0,-0.9999975705947749
DinnerSceneCropped,37,veryfast,l1-dcache-stores,83056039078.0,281386.0,-83055757692.0,-0.9999966120946396
FoodMarket,37,veryfast,l1-dcache-stores,93448505487.0,282585.0,-93448222902.0,-0.9999969760351058
FoodMarket2,37,veryfast,l1-dcache-stores,367218751959.0,281386.0,-367218470573.0,-0.9999992337373882
MeridianTalk_sdr,37,veryfast,l1-dcache-stores,82116716293.0,282585.0,-82116433708.0,-0.9999965587396482
Motorcycle,37,veryfast,l1-dcache-stores,103289810742.0,282584.0,-103289528158.0,-0.9999972641638322
MountainBike,37,veryfast,l1-dcache-stores,105193244607.0,281386.0,-105192963221.0,-0.999997325056366
Neon1224,37,veryfast,l1-dcache-stores,320395033304.0,282584.0,-320394750720.0,-0.9999991180137935
NocturneDance_3840x2160p_8bit,37,veryfast,l1-dcache-stores,323362437327.0,281386.0,-323362155941.0,-0.9999991298123483
OldTownCross,37,veryfast,l1-dcache-stores,97030087851.0,282584.0,-97029805267.0,-0.9999970876662461
PedestrianArea,37,veryfast,l1-dcache-stores,85627255399.0,282584.0,-85626972815.0,-0.9999966998358328
PierSeaSide,37,veryfast,l1-dcache-stores,325798871334.0,282585.0,-325798588749.0,-0.9999991326397208
RitualDance,37,veryfast,l1-dcache-stores,77890741719.0,282585.0,-77890459134.0,-0.9999963720335208
Riverbed,37,veryfast,l1-dcache-stores,97632241090.0,282584.0,-97631958506.0,-0.9999971056282552
RushFieldCuts,37,veryfast,l1-dcache-stores,100898683044.0,281385.0,-100898401659.0,-0.9999972112123616
Skater227,37,veryfast,l1-dcache-stores,302263.0,282581.0,-19682.0,-0.06511547890413316
Tango,37,veryfast,l1-dcache-stores,346594101466.0,282934.0,-346593818532.0,-0.999999183673355
TimeLapse,37,veryfast,l1-dcache-stores,341376099458.0,282585.0,-341375816873.0,-0.9999991722179717
ToddlerFountain,37,veryfast,l1-dcache-stores,101994020170.0,282933.0,-101993737237.0,-0.99999722598443
TreesAndGrass_1920_1080,37,veryfast,l1-dcache-stores,124549208153.0,282585.0,-124548925568.0,-0.9999977311377231
TunnelFlag,37,veryfast,l1-dcache-stores,104528156992.0,282585.0,-104527874407.0,-0.9999972965657471
Vertical_Carnaby,37,veryfast,l1-dcache-stores,78805276934.0,282934.0,-78804994000.0,-0.9999964097074332
Vertical_bees,37,veryfast,l1-dcache-stores,86845716177.0,282584.0,-86845433593.0,-0.9999967461377206
WalkingInStreet,37,veryfast,l1-dcache-stores,116448176614.0,282584.0,-116447894030.0,-0.9999975733067857
WorldCup_1920x1080_30p,37,veryfast,l1-dcache-stores,78284304820.0,282585.0,-78284022235.0,-0.9999963902726012
WorldCup_far_1920x1080_30p,37,veryfast,l1-dcache-stores,94890997379.0,282584.0,-94890714795.0,-0.9999970220146505
Aerial3200,22,fast,l1-icache-load-misses,2921990154.0,3764.0,-2921986390.0,-0.9999987118368641
Boat,22,fast,l1-icache-load-misses,2959219881.0,4977.0,-2959214904.0,-0.99999831813782
BoxingPractice,22,fast,l1-icache-load-misses,10794904338.0,13676.0,-10794890662.0,-0.9999987331059571
Crosswalk,22,fast,l1-icache-load-misses,10918212985.0,4657.0,-10918208328.0,-0.9999995734649978
CrowdRun,22,fast,l1-icache-load-misses,13526972082.0,8285.0,-13526963797.0,-0.9999993875199897
DinnerSceneCropped,22,fast,l1-icache-load-misses,13531560777.0,4616.0,-13531556161.0,-0.9999996588715762
FoodMarket,22,fast,l1-icache-load-misses,3047820418.0,13179.0,-3047807239.0,-0.9999956759263366
FoodMarket2,22,fast,l1-icache-load-misses,11438425614.0,5046.0,-11438420568.0,-0.9999995588553731
MeridianTalk_sdr,22,fast,l1-icache-load-misses,12085454725.0,8537.0,-12085446188.0,-0.9999992936136708
Motorcycle,22,fast,l1-icache-load-misses,8962680996.0,14166.0,-8962666830.0,-0.999998419446145
MountainBike,22,fast,l1-icache-load-misses,2845447291.0,5255.0,-2845442036.0,-0.9999981531901797
Neon1224,22,fast,l1-icache-load-misses,44807762407.0,13312.0,-44807749095.0,-0.9999997029086193
NocturneDance_3840x2160p_8bit,22,fast,l1-icache-load-misses,10870586087.0,13726.0,-10870572361.0,-0.9999987373265903
OldTownCross,22,fast,l1-icache-load-misses,3118537819.0,14285.0,-3118523534.0,-0.9999954193276371
PedestrianArea,22,fast,l1-icache-load-misses,2698446705.0,5980.0,-2698440725.0,-0.999997783910281
PierSeaSide,22,fast,l1-icache-load-misses,11045372290.0,4579.0,-11045367711.0,-0.999999585437242
RitualDance,22,fast,l1-icache-load-misses,7451764793.0,13609.0,-7451751184.0,-0.9999981737212086
Riverbed,22,fast,l1-icache-load-misses,2949995056.0,4612.0,-2949990444.0,-0.9999984366075494
RushFieldCuts,22,fast,l1-icache-load-misses,13042213439.0,13461.0,-13042199978.0,-0.9999989678899166
Skater227,22,fast,l1-icache-load-misses,8070.0,8376.0,306.0,0.0379182156133829
Tango,22,fast,l1-icache-load-misses,11304371275.0,8604.0,-11304362671.0,-0.9999992388785018
TimeLapse,22,fast,l1-icache-load-misses,10694156723.0,4418.0,-10694152305.0,-0.9999995868771971
ToddlerFountain,22,fast,l1-icache-load-misses,2967926505.0,5657.0,-2967920848.0,-0.9999980939554971
TreesAndGrass_1920_1080,22,fast,l1-icache-load-misses,2999460109.0,4512.0,-2999455597.0,-0.9999984957292859
TunnelFlag,22,fast,l1-icache-load-misses,2954207232.0,4462.0,-2954202770.0,-0.9999984896117132
Vertical_Carnaby,22,fast,l1-icache-load-misses,11245362824.0,5468.0,-11245357356.0,-0.9999995137551286
Vertical_bees,22,fast,l1-icache-load-misses,2652322928.0,5144.0,-2652317784.0,-0.9999980605679852
WalkingInStreet,22,fast,l1-icache-load-misses,2885116167.0,6191.0,-2885109976.0,-0.9999978541591944
WorldCup_1920x1080_30p,22,fast,l1-icache-load-misses,7698542095.0,13095.0,-7698529000.0,-0.9999982990285903
WorldCup_far_1920x1080_30p,22,fast,l1-icache-load-misses,8811305586.0,12842.0,-8811292744.0,-0.9999985425542361
Aerial3200,27,fast,l1-icache-load-misses,2800512264.0,5130.0,-2800507134.0,-0.9999981681922747
Boat,27,fast,l1-icache-load-misses,2891035269.0,4714.0,-2891030555.0,-0.9999983694422373
BoxingPractice,27,fast,l1-icache-load-misses,31086706931.0,6452.0,-31086700479.0,-0.9999997924514805
Crosswalk,27,fast,l1-icache-load-misses,30170294123.0,4707.0,-30170289416.0,-0.9999998439856111
CrowdRun,27,fast,l1-icache-load-misses,13293294674.0,5602.0,-13293289072.0,-0.9999995785845317
DinnerSceneCropped,27,fast,l1-icache-load-misses,2954885221.0,4504.0,-2954880717.0,-0.999998475744517
FoodMarket,27,fast,l1-icache-load-misses,2662519518.0,13396.0,-2662506122.0,-0.9999949686753808
FoodMarket2,27,fast,l1-icache-load-misses,10676895920.0,4553.0,-10676891367.0,-0.9999995735651978
MeridianTalk_sdr,27,fast,l1-icache-load-misses,10392308183.0,4325.0,-10392303858.0,-0.9999995838268146
Motorcycle,27,fast,l1-icache-load-misses,2835788761.0,4609.0,-2835784152.0,-0.9999983747026353
MountainBike,27,fast,l1-icache-load-misses,2749578360.0,4790.0,-2749573570.0,-0.9999982579147153
Neon1224,27,fast,l1-icache-load-misses,29328515453.0,6205.0,-29328509248.0,-0.9999997884311598
NocturneDance_3840x2160p_8bit,27,fast,l1-icache-load-misses,10569736939.0,14912.0,-10569722027.0,-0.9999985891796469
OldTownCross,27,fast,l1-icache-load-misses,9150734842.0,14110.0,-9150720732.0,-0.9999984580473325
PedestrianArea,27,fast,l1-icache-load-misses,2583175906.0,6519.0,-2583169387.0,-0.9999974763623395
PierSeaSide,27,fast,l1-icache-load-misses,9686556580.0,4421.0,-9686552159.0,-0.9999995435942625
RitualDance,27,fast,l1-icache-load-misses,9531159576.0,5841.0,-9531153735.0,-0.9999993871679564
Riverbed,27,fast,l1-icache-load-misses,2871027743.0,13244.0,-2871014499.0,-0.9999953870177561
RushFieldCuts,27,fast,l1-icache-load-misses,2848899650.0,4399.0,-2848895251.0,-0.9999984558950681
Skater227,27,fast,l1-icache-load-misses,7968.0,4444.0,-3524.0,-0.4422690763052209
Tango,27,fast,l1-icache-load-misses,46709231380.0,13744.0,-46709217636.0,-0.9999997057540962
TimeLapse,27,fast,l1-icache-load-misses,10128704557.0,6478.0,-10128698079.0,-0.9999993604315376
ToddlerFountain,27,fast,l1-icache-load-misses,2774830589.0,4585.0,-2774826004.0,-0.9999983476468732
TreesAndGrass_1920_1080,27,fast,l1-icache-load-misses,8962786046.0,4632.0,-8962781414.0,-0.9999994831964105
TunnelFlag,27,fast,l1-icache-load-misses,11777585289.0,8550.0,-11777576739.0,-0.9999992740447392
Vertical_Carnaby,27,fast,l1-icache-load-misses,2440706392.0,13282.0,-2440693110.0,-0.9999945581328243
Vertical_bees,27,fast,l1-icache-load-misses,7839312894.0,6260.0,-7839306634.0,-0.9999992014606274
WalkingInStreet,27,fast,l1-icache-load-misses,2861735746.0,5936.0,-2861729810.0,-0.9999979257344049
WorldCup_1920x1080_30p,27,fast,l1-icache-load-misses,2254011504.0,13078.0,-2253998426.0,-0.9999941979000654
WorldCup_far_1920x1080_30p,27,fast,l1-icache-load-misses,11975049730.0,4752.0,-11975044978.0,-0.9999996031749256
Aerial3200,32,fast,l1-icache-load-misses,2806335572.0,4646.0,-2806330926.0,-0.9999983444602826
Boat,32,fast,l1-icache-load-misses,2681758788.0,5155.0,-2681753633.0,-0.9999980777540385
BoxingPractice,32,fast,l1-icache-load-misses,27222831138.0,6176.0,-27222824962.0,-0.9999997731316053
Crosswalk,32,fast,l1-icache-load-misses,8594073394.0,5843.0,-8594067551.0,-0.9999993201128577
CrowdRun,32,fast,l1-icache-load-misses,2671251007.0,4143.0,-2671246864.0,-0.999998449041296
DinnerSceneCropped,32,fast,l1-icache-load-misses,2437273333.0,4784.0,-2437268549.0,-0.9999980371508048
FoodMarket,32,fast,l1-icache-load-misses,7623467285.0,13526.0,-7623453759.0,-0.9999982257417138
FoodMarket2,32,fast,l1-icache-load-misses,10063304452.0,6150.0,-10063298302.0,-0.999999388868733
MeridianTalk_sdr,32,fast,l1-icache-load-misses,2141377700.0,13695.0,-2141364005.0,-0.9999936045845625
Motorcycle,32,fast,l1-icache-load-misses,2534498119.0,4878.0,-2534493241.0,-0.9999980753586032
MountainBike,32,fast,l1-icache-load-misses,2678046380.0,6124.0,-2678040256.0,-0.9999977132584239
Neon1224,32,fast,l1-icache-load-misses,26716263331.0,4671.0,-26716258660.0,-0.9999998251626756
NocturneDance_3840x2160p_8bit,32,fast,l1-icache-load-misses,40960072542.0,13504.0,-40960059038.0,-0.9999996703130839
OldTownCross,32,fast,l1-icache-load-misses,7709585975.0,13591.0,-7709572384.0,-0.9999982371297182
PedestrianArea,32,fast,l1-icache-load-misses,2275191536.0,4890.0,-2275186646.0,-0.9999978507304011
PierSeaSide,32,fast,l1-icache-load-misses,8401154352.0,8674.0,-8401145678.0,-0.9999989675228383
RitualDance,32,fast,l1-icache-load-misses,2103582592.0,6471.0,-2103576121.0,-0.999996923819381
Riverbed,32,fast,l1-icache-load-misses,8186205544.0,5811.0,-8186199733.0,-0.9999992901473133
RushFieldCuts,32,fast,l1-icache-load-misses,2715124381.0,13303.0,-2715111078.0,-0.9999951004086247
Skater227,32,fast,l1-icache-load-misses,23897.0,8679.0,-15218.0,-0.6368163367786751
Tango,32,fast,l1-icache-load-misses,27827124021.0,8336.0,-27827115685.0,-0.9999997004361646
TimeLapse,32,fast,l1-icache-load-misses,9137881046.0,6411.0,-9137874635.0,-0.99999929841503
ToddlerFountain,32,fast,l1-icache-load-misses,2508154810.0,4670.0,-2508150140.0,-0.9999981380734628
TreesAndGrass_1920_1080,32,fast,l1-icache-load-misses,2816095986.0,8558.0,-2816087428.0,-0.9999969610410858
TunnelFlag,32,fast,l1-icache-load-misses,2536592610.0,8536.0,-2536584074.0,-0.9999966348557643
Vertical_Carnaby,32,fast,l1-icache-load-misses,2247296401.0,4438.0,-2247291963.0,-0.9999980251826158
Vertical_bees,32,fast,l1-icache-load-misses,2298003455.0,6013.0,-2297997442.0,-0.9999973833807835
WalkingInStreet,32,fast,l1-icache-load-misses,8803942541.0,5760.0,-8803936781.0,-0.999999345747661
WorldCup_1920x1080_30p,32,fast,l1-icache-load-misses,2096802078.0,6036.0,-2096796042.0,-0.9999971213305904
WorldCup_far_1920x1080_30p,32,fast,l1-icache-load-misses,8073441812.0,5419.0,-8073436393.0,-0.9999993287868884
Aerial3200,37,fast,l1-icache-load-misses,2707689407.0,4687.0,-2707684720.0,-0.9999982690038275
Boat,37,fast,l1-icache-load-misses,2462775864.0,5107.0,-2462770757.0,-0.9999979263236762
BoxingPractice,37,fast,l1-icache-load-misses,8199107310.0,6125.0,-8199101185.0,-0.9999992529674551
Crosswalk,37,fast,l1-icache-load-misses,30846128828.0,4099.0,-30846124729.0,-0.9999998671146054
CrowdRun,37,fast,l1-icache-load-misses,2575890983.0,3927.0,-2575887056.0,-0.9999984754789601
DinnerSceneCropped,37,fast,l1-icache-load-misses,1875694106.0,5382.0,-1875688724.0,-0.9999971306621998
FoodMarket,37,fast,l1-icache-load-misses,6972222390.0,13642.0,-6972208748.0,-0.9999980433785332
FoodMarket2,37,fast,l1-icache-load-misses,8972610273.0,4540.0,-8972605733.0,-0.999999494015692
MeridianTalk_sdr,37,fast,l1-icache-load-misses,1944878610.0,3765.0,-1944874845.0,-0.999998064146533
Motorcycle,37,fast,l1-icache-load-misses,2376985379.0,5544.0,-2376979835.0,-0.9999976676339497
MountainBike,37,fast,l1-icache-load-misses,2518822071.0,4763.0,-2518817308.0,-0.9999981090367379
Neon1224,37,fast,l1-icache-load-misses,7754170517.0,4495.0,-7754166022.0,-0.9999994203119482
NocturneDance_3840x2160p_8bit,37,fast,l1-icache-load-misses,8253682148.0,8369.0,-8253673779.0,-0.9999989860283144
OldTownCross,37,fast,l1-icache-load-misses,6879559065.0,5875.0,-6879553190.0,-0.9999991460208504
PedestrianArea,37,fast,l1-icache-load-misses,2086230427.0,5282.0,-2086225145.0,-0.9999974681607882
PierSeaSide,37,fast,l1-icache-load-misses,32402081852.0,4619.0,-32402077233.0,-0.9999998574474313
RitualDance,37,fast,l1-icache-load-misses,1963456510.0,5737.0,-1963450773.0,-0.9999970781120077
Riverbed,37,fast,l1-icache-load-misses,2456499274.0,4751.0,-2456494523.0,-0.9999980659469146
RushFieldCuts,37,fast,l1-icache-load-misses,2572866137.0,13814.0,-2572852323.0,-0.9999946308905071
Skater227,37,fast,l1-icache-load-misses,9743.0,4467.0,-5276.0,-0.5415169865544494
Tango,37,fast,l1-icache-load-misses,33351093611.0,4350.0,-33351089261.0,-0.9999998695694945
TimeLapse,37,fast,l1-icache-load-misses,8321408825.0,6330.0,-8321402495.0,-0.9999992393114996
ToddlerFountain,37,fast,l1-icache-load-misses,7495407730.0,4688.0,-7495403042.0,-0.9999993745503688
TreesAndGrass_1920_1080,37,fast,l1-icache-load-misses,8224668569.0,8428.0,-8224660141.0,-0.9999989752778572
TunnelFlag,37,fast,l1-icache-load-misses,9584093495.0,8225.0,-9584085270.0,-0.9999991418072033
Vertical_Carnaby,37,fast,l1-icache-load-misses,2039740387.0,13910.0,-2039726477.0,-0.9999931805046913
Vertical_bees,37,fast,l1-icache-load-misses,2211433517.0,4803.0,-2211428714.0,-0.9999978281056323
WalkingInStreet,37,fast,l1-icache-load-misses,11520285349.0,5917.0,-11520279432.0,-0.99999948638425
WorldCup_1920x1080_30p,37,fast,l1-icache-load-misses,6122869140.0,6629.0,-6122862511.0,-0.9999989173376324
WorldCup_far_1920x1080_30p,37,fast,l1-icache-load-misses,2427050351.0,13974.0,-2427036377.0,-0.9999942423938613
Aerial3200,22,faster,l1-icache-load-misses,2830848133.0,3711.0,-2830844422.0,-0.9999986890854523
Boat,22,faster,l1-icache-load-misses,2980335077.0,4525.0,-2980330552.0,-0.9999984817143431
BoxingPractice,22,faster,l1-icache-load-misses,11072043182.0,16301.0,-11072026881.0,-0.9999985277333432
Crosswalk,22,faster,l1-icache-load-misses,10922398300.0,4599.0,-10922393701.0,-0.9999995789386292
CrowdRun,22,faster,l1-icache-load-misses,3042838246.0,4690.0,-3042833556.0,-0.999998458675874
DinnerSceneCropped,22,faster,l1-icache-load-misses,9427739373.0,13457.0,-9427725916.0,-0.9999985726164601
FoodMarket,22,faster,l1-icache-load-misses,2956470062.0,8331.0,-2956461731.0,-0.9999971821125108
FoodMarket2,22,faster,l1-icache-load-misses,51442858211.0,5955.0,-51442852256.0,-0.9999998842404911
MeridianTalk_sdr,22,faster,l1-icache-load-misses,12106573700.0,4682.0,-12106569018.0,-0.9999996132679554
Motorcycle,22,faster,l1-icache-load-misses,2837641988.0,13709.0,-2837628279.0,-0.9999951688761098
MountainBike,22,faster,l1-icache-load-misses,2833517779.0,7099.0,-2833510680.0,-0.9999974946336837
Neon1224,22,faster,l1-icache-load-misses,10100521175.0,4653.0,-10100516522.0,-0.999999539330702
NocturneDance_3840x2160p_8bit,22,faster,l1-icache-load-misses,11120441430.0,6452.0,-11120434978.0,-0.9999994198072045
OldTownCross,22,faster,l1-icache-load-misses,3101800572.0,5327.0,-3101795245.0,-0.999998282610414
PedestrianArea,22,faster,l1-icache-load-misses,2732107356.0,6086.0,-2732101270.0,-0.9999977724154995
PierSeaSide,22,faster,l1-icache-load-misses,10499999455.0,8661.0,-10499990794.0,-0.9999991751428143
RitualDance,22,faster,l1-icache-load-misses,2436060838.0,13466.0,-2436047372.0,-0.9999944722234396
Riverbed,22,faster,l1-icache-load-misses,3011945734.0,4622.0,-3011941112.0,-0.9999984654438001
RushFieldCuts,22,faster,l1-icache-load-misses,2903394095.0,4603.0,-2903389492.0,-0.9999984146141208
Skater227,22,faster,l1-icache-load-misses,8357.0,4292.0,-4065.0,-0.48641857125762833
Tango,22,faster,l1-icache-load-misses,11366313604.0,6033.0,-11366307571.0,-0.99999946922105
TimeLapse,22,faster,l1-icache-load-misses,47446919752.0,8418.0,-47446911334.0,-0.999999822580685
ToddlerFountain,22,faster,l1-icache-load-misses,13189680209.0,13881.0,-13189666328.0,-0.9999989475863115
TreesAndGrass_1920_1080,22,faster,l1-icache-load-misses,2977393829.0,8494.0,-2977385335.0,-0.9999971471694751
TunnelFlag,22,faster,l1-icache-load-misses,12384308901.0,8584.0,-12384300317.0,-0.9999993068648345
Vertical_Carnaby,22,faster,l1-icache-load-misses,11248043600.0,13509.0,-11248030091.0,-0.9999987989911419
Vertical_bees,22,faster,l1-icache-load-misses,8257730644.0,13621.0,-8257717023.0,-0.9999983505153429
WalkingInStreet,22,faster,l1-icache-load-misses,11942277056.0,6360.0,-11942270696.0,-0.9999994674382473
WorldCup_1920x1080_30p,22,faster,l1-icache-load-misses,2485745534.0,12940.0,-2485732594.0,-0.999994794318315
WorldCup_far_1920x1080_30p,22,faster,l1-icache-load-misses,2824250295.0,5361.0,-2824244934.0,-0.9999981017971356
Aerial3200,27,faster,l1-icache-load-misses,2855508100.0,3918.0,-2855504182.0,-0.999998627914941
Boat,27,faster,l1-icache-load-misses,2836298323.0,4152.0,-2836294171.0,-0.9999985361201372
BoxingPractice,27,faster,l1-icache-load-misses,31153933763.0,4612.0,-31153929151.0,-0.9999998519609101
Crosswalk,27,faster,l1-icache-load-misses,9343590067.0,4590.0,-9343585477.0,-0.9999995087541333
CrowdRun,27,faster,l1-icache-load-misses,3104371162.0,8633.0,-3104362529.0,-0.9999972190825293
DinnerSceneCropped,27,faster,l1-icache-load-misses,8668858057.0,13490.0,-8668844567.0,-0.999998443855014
FoodMarket,27,faster,l1-icache-load-misses,12371876427.0,8463.0,-12371867964.0,-0.9999993159485507
FoodMarket2,27,faster,l1-icache-load-misses,10656420147.0,5080.0,-10656415067.0,-0.999999523292069
MeridianTalk_sdr,27,faster,l1-icache-load-misses,2380114339.0,5089.0,-2380109250.0,-0.9999978618674252
Motorcycle,27,faster,l1-icache-load-misses,12160675570.0,8444.0,-12160667126.0,-0.9999993056306822
MountainBike,27,faster,l1-icache-load-misses,2689296868.0,6470.0,-2689290398.0,-0.9999975941666847
Neon1224,27,faster,l1-icache-load-misses,9676687408.0,4460.0,-9676682948.0,-0.9999995390984733
NocturneDance_3840x2160p_8bit,27,faster,l1-icache-load-misses,31710448733.0,13682.0,-31710435051.0,-0.9999995685333842
OldTownCross,27,faster,l1-icache-load-misses,2876156327.0,5202.0,-2876151125.0,-0.9999981913361415
PedestrianArea,27,faster,l1-icache-load-misses,2525932037.0,4556.0,-2525927481.0,-0.999998196309349
PierSeaSide,27,faster,l1-icache-load-misses,9679306932.0,4692.0,-9679302240.0,-0.9999995152545494
RitualDance,27,faster,l1-icache-load-misses,2212356553.0,8238.0,-2212348315.0,-0.9999962763687485
Riverbed,27,faster,l1-icache-load-misses,2807098142.0,4300.0,-2807093842.0,-0.9999984681689836
RushFieldCuts,27,faster,l1-icache-load-misses,2949619892.0,4532.0,-2949615360.0,-0.9999984635308392
Skater227,27,faster,l1-icache-load-misses,9477.0,4237.0,-5240.0,-0.552917589954627
Tango,27,faster,l1-icache-load-misses,10222605249.0,4446.0,-10222600803.0,-0.9999995650815138
TimeLapse,27,faster,l1-icache-load-misses,43903417892.0,5942.0,-43903411950.0,-0.999999864657462
ToddlerFountain,27,faster,l1-icache-load-misses,8570031304.0,4572.0,-8570026732.0,-0.9999994665130338
TreesAndGrass_1920_1080,27,faster,l1-icache-load-misses,12849697029.0,4487.0,-12849692542.0,-0.9999996508088875
TunnelFlag,27,faster,l1-icache-load-misses,2604853908.0,4507.0,-2604849401.0,-0.9999982697686092
Vertical_Carnaby,27,faster,l1-icache-load-misses,2461279741.0,14112.0,-2461265629.0,-0.9999942663973684
Vertical_bees,27,faster,l1-icache-load-misses,7839164511.0,13378.0,-7839151133.0,-0.9999982934405852
WalkingInStreet,27,faster,l1-icache-load-misses,2777285217.0,5839.0,-2777279378.0,-0.9999978975871963
WorldCup_1920x1080_30p,27,faster,l1-icache-load-misses,2276545990.0,12752.0,-2276533238.0,-0.9999943985317863
WorldCup_far_1920x1080_30p,27,faster,l1-icache-load-misses,11910410667.0,5563.0,-11910405104.0,-0.9999995329296231
Aerial3200,32,faster,l1-icache-load-misses,2819500975.0,3784.0,-2819497191.0,-0.9999986579185347
Boat,32,faster,l1-icache-load-misses,2760998066.0,4852.0,-2760993214.0,-0.9999982426644699
BoxingPractice,32,faster,l1-icache-load-misses,8870073569.0,13900.0,-8870059669.0,-0.9999984329329523
Crosswalk,32,faster,l1-icache-load-misses,9125449057.0,4660.0,-9125444397.0,-0.9999994893401989
CrowdRun,32,faster,l1-icache-load-misses,12293921677.0,8251.0,-12293913426.0,-0.9999993288553306
DinnerSceneCropped,32,faster,l1-icache-load-misses,7025203313.0,4104.0,-7025199209.0,-0.9999994158176188
FoodMarket,32,faster,l1-icache-load-misses,2506437379.0,8293.0,-2506429086.0,-0.9999966913196916
FoodMarket2,32,faster,l1-icache-load-misses,10051154412.0,7683.0,-10051146729.0,-0.9999992356101911
MeridianTalk_sdr,32,faster,l1-icache-load-misses,2142820055.0,4223.0,-2142815832.0,-0.9999980292325573
Motorcycle,32,faster,l1-icache-load-misses,2505158951.0,5297.0,-2505153654.0,-0.9999978855633102
MountainBike,32,faster,l1-icache-load-misses,2582404684.0,4342.0,-2582400342.0,-0.9999983186213892
Neon1224,32,faster,l1-icache-load-misses,8619213513.0,13881.0,-8619199632.0,-0.9999983895282349
NocturneDance_3840x2160p_8bit,32,faster,l1-icache-load-misses,9608525854.0,6575.0,-9608519279.0,-0.9999993157118896
OldTownCross,32,faster,l1-icache-load-misses,2511438000.0,5557.0,-2511432443.0,-0.9999977873234378
PedestrianArea,32,faster,l1-icache-load-misses,2328613685.0,8656.0,-2328605029.0,-0.9999962827668429
PierSeaSide,32,faster,l1-icache-load-misses,8948465145.0,8354.0,-8948456791.0,-0.9999990664320791
RitualDance,32,faster,l1-icache-load-misses,2149501486.0,4544.0,-2149496942.0,-0.9999978860214661
Riverbed,32,faster,l1-icache-load-misses,2549022093.0,13423.0,-2549008670.0,-0.9999947340589802
RushFieldCuts,32,faster,l1-icache-load-misses,8272406314.0,13691.0,-8272392623.0,-0.9999983449797458
Skater227,32,faster,l1-icache-load-misses,15352.0,13019.0,-2333.0,-0.15196717040125066
Tango,32,faster,l1-icache-load-misses,9009895576.0,4733.0,-9009890843.0,-0.9999994746886953
TimeLapse,32,faster,l1-icache-load-misses,9138716485.0,5094.0,-9138711391.0,-0.9999994425913082
ToddlerFountain,32,faster,l1-icache-load-misses,2519073276.0,4081.0,-2519069195.0,-0.9999983799597896
TreesAndGrass_1920_1080,32,faster,l1-icache-load-misses,2756949761.0,3735.0,-2756946026.0,-0.9999986452419073
TunnelFlag,32,faster,l1-icache-load-misses,10777326282.0,4438.0,-10777321844.0,-0.9999995882095537
Vertical_Carnaby,32,faster,l1-icache-load-misses,2236006650.0,8397.0,-2235998253.0,-0.9999962446444424
Vertical_bees,32,faster,l1-icache-load-misses,2451564843.0,13792.0,-2451551051.0,-0.9999943742055042
WalkingInStreet,32,faster,l1-icache-load-misses,2827157484.0,6526.0,-2827150958.0,-0.9999976916743984
WorldCup_1920x1080_30p,32,faster,l1-icache-load-misses,2222760439.0,13241.0,-2222747198.0,-0.9999940429927725
WorldCup_far_1920x1080_30p,32,faster,l1-icache-load-misses,2649009827.0,13809.0,-2648996018.0,-0.999994787108806
Aerial3200,37,faster,l1-icache-load-misses,2785419036.0,3876.0,-2785415160.0,-0.9999986084679002
Boat,37,faster,l1-icache-load-misses,2575967841.0,5088.0,-2575962753.0,-0.9999980248200622
BoxingPractice,37,faster,l1-icache-load-misses,7995861382.0,13695.0,-7995847687.0,-0.999998287238942
Crosswalk,37,faster,l1-icache-load-misses,7643110646.0,13967.0,-7643096679.0,-0.9999981726026683
CrowdRun,37,faster,l1-icache-load-misses,11524004762.0,8468.0,-11523996294.0,-0.999999265186003
DinnerSceneCropped,37,faster,l1-icache-load-misses,1892057502.0,8441.0,-1892049061.0,-0.9999955387190975
FoodMarket,37,faster,l1-icache-load-misses,2393462438.0,13388.0,-2393449050.0,-0.9999944064298703
FoodMarket2,37,faster,l1-icache-load-misses,9331862763.0,5901.0,-9331856862.0,-0.9999993676503663
MeridianTalk_sdr,37,faster,l1-icache-load-misses,2000027357.0,14080.0,-2000013277.0,-0.9999929600962953
Motorcycle,37,faster,l1-icache-load-misses,2436440823.0,5395.0,-2436435428.0,-0.9999977857044796
MountainBike,37,faster,l1-icache-load-misses,2493847749.0,6023.0,-2493841726.0,-0.9999975848565725
Neon1224,37,faster,l1-icache-load-misses,8280477763.0,13655.0,-8280464108.0,-0.9999983509405628
NocturneDance_3840x2160p_8bit,37,faster,l1-icache-load-misses,8642908035.0,13664.0,-8642894371.0,-0.9999984190506315
OldTownCross,37,faster,l1-icache-load-misses,6855323605.0,13677.0,-6855309928.0,-0.999998004908187
PedestrianArea,37,faster,l1-icache-load-misses,2118434451.0,4607.0,-2118429844.0,-0.9999978252808351
PierSeaSide,37,faster,l1-icache-load-misses,32364395242.0,4719.0,-32364390523.0,-0.9999998541916212
RitualDance,37,faster,l1-icache-load-misses,6033454197.0,13242.0,-6033440955.0,-0.9999978052373371
Riverbed,37,faster,l1-icache-load-misses,2470358836.0,4558.0,-2470354278.0,-0.999998154923919
RushFieldCuts,37,faster,l1-icache-load-misses,7681576768.0,4366.0,-7681572402.0,-0.9999994316271084
Skater227,37,faster,l1-icache-load-misses,8250.0,4596.0,-3654.0,-0.4429090909090909
Tango,37,faster,l1-icache-load-misses,8069641708.0,4477.0,-8069637231.0,-0.9999994452046123
TimeLapse,37,faster,l1-icache-load-misses,8444017417.0,4779.0,-8444012638.0,-0.9999994340371693
ToddlerFountain,37,faster,l1-icache-load-misses,2405856776.0,5139.0,-2405851637.0,-0.9999978639626218
TreesAndGrass_1920_1080,37,faster,l1-icache-load-misses,8236298011.0,8533.0,-8236289478.0,-0.9999989639762926
TunnelFlag,37,faster,l1-icache-load-misses,2298744750.0,8356.0,-2298736394.0,-0.9999963649726661
Vertical_Carnaby,37,faster,l1-icache-load-misses,6224799839.0,8569.0,-6224791270.0,-0.9999986234095518
Vertical_bees,37,faster,l1-icache-load-misses,2209566418.0,13585.0,-2209552833.0,-0.9999938517349425
WalkingInStreet,37,faster,l1-icache-load-misses,2567662086.0,5971.0,-2567656115.0,-0.9999976745382375
WorldCup_1920x1080_30p,37,faster,l1-icache-load-misses,1998531748.0,12841.0,-1998518907.0,-0.9999935747830812
WorldCup_far_1920x1080_30p,37,faster,l1-icache-load-misses,2558445819.0,8413.0,-2558437406.0,-0.9999967116755268
Aerial3200,22,superfast,l1-icache-load-misses,2797230654.0,4414.0,-2797226240.0,-0.9999984220107149
Boat,22,superfast,l1-icache-load-misses,12536516700.0,8639.0,-12536508061.0,-0.9999993108931128
BoxingPractice,22,superfast,l1-icache-load-misses,10879027137.0,5736.0,-10879021401.0,-0.999999472746972
Crosswalk,22,superfast,l1-icache-load-misses,11078995355.0,4809.0,-11078990546.0,-0.9999995659353718
CrowdRun,22,superfast,l1-icache-load-misses,3079556598.0,8867.0,-3079547731.0,-0.9999971206893857
DinnerSceneCropped,22,superfast,l1-icache-load-misses,9353373355.0,12983.0,-9353360372.0,-0.9999986119446421
FoodMarket,22,superfast,l1-icache-load-misses,3011360390.0,4091.0,-3011356299.0,-0.9999986414777807
FoodMarket2,22,superfast,l1-icache-load-misses,11879574940.0,4392.0,-11879570548.0,-0.9999996302898023
MeridianTalk_sdr,22,superfast,l1-icache-load-misses,11827337722.0,5243.0,-11827332479.0,-0.9999995567049725
Motorcycle,22,superfast,l1-icache-load-misses,2914068298.0,5428.0,-2914062870.0,-0.9999981373120171
MountainBike,22,superfast,l1-icache-load-misses,9018208449.0,5102.0,-9018203347.0,-0.9999994342557029
Neon1224,22,superfast,l1-icache-load-misses,10774900720.0,4631.0,-10774896089.0,-0.9999995702048566
NocturneDance_3840x2160p_8bit,22,superfast,l1-icache-load-misses,34291624587.0,13731.0,-34291610856.0,-0.9999995995815256
OldTownCross,22,superfast,l1-icache-load-misses,3133302177.0,6296.0,-3133295881.0,-0.9999979906183175
PedestrianArea,22,superfast,l1-icache-load-misses,2973442963.0,6392.0,-2973436571.0,-0.9999978503034767
PierSeaSide,22,superfast,l1-icache-load-misses,10897571384.0,4631.0,-10897566753.0,-0.9999995750429305
RitualDance,22,superfast,l1-icache-load-misses,2418677506.0,13579.0,-2418663927.0,-0.9999943857748848
Riverbed,22,superfast,l1-icache-load-misses,3023868973.0,4535.0,-3023864438.0,-0.9999985002657058
RushFieldCuts,22,superfast,l1-icache-load-misses,2888953792.0,4072.0,-2888949720.0,-0.999998590493205
Skater227,22,superfast,l1-icache-load-misses,8688.0,4348.0,-4340.0,-0.4995395948434622
Tango,22,superfast,l1-icache-load-misses,50755047357.0,13717.0,-50755033640.0,-0.9999997297411644
TimeLapse,22,superfast,l1-icache-load-misses,34236672660.0,6016.0,-34236666644.0,-0.9999998242819896
ToddlerFountain,22,superfast,l1-icache-load-misses,3046941355.0,4671.0,-3046936684.0,-0.9999984669872322
TreesAndGrass_1920_1080,22,superfast,l1-icache-load-misses,12861376130.0,8305.0,-12861367825.0,-0.9999993542681657
TunnelFlag,22,superfast,l1-icache-load-misses,12216808673.0,4540.0,-12216804133.0,-0.9999996283808544
Vertical_Carnaby,22,superfast,l1-icache-load-misses,11070659879.0,8308.0,-11070651571.0,-0.9999992495478959
Vertical_bees,22,superfast,l1-icache-load-misses,2770957528.0,13594.0,-2770943934.0,-0.9999950941146291
WalkingInStreet,22,superfast,l1-icache-load-misses,2904282659.0,13887.0,-2904268772.0,-0.9999952184406167
WorldCup_1920x1080_30p,22,superfast,l1-icache-load-misses,2621945003.0,13538.0,-2621931465.0,-0.9999948366575254
WorldCup_far_1920x1080_30p,22,superfast,l1-icache-load-misses,2979080132.0,5621.0,-2979074511.0,-0.9999981131759634
Aerial3200,27,superfast,l1-icache-load-misses,2836575255.0,3751.0,-2836571504.0,-0.9999986776307122
Boat,27,superfast,l1-icache-load-misses,12130585291.0,8731.0,-12130576560.0,-0.9999992802490737
BoxingPractice,27,superfast,l1-icache-load-misses,10149864643.0,4791.0,-10149859852.0,-0.9999995279740008
Crosswalk,27,superfast,l1-icache-load-misses,10789938042.0,4851.0,-10789933191.0,-0.9999995504144712
CrowdRun,27,superfast,l1-icache-load-misses,12824716588.0,8654.0,-12824707934.0,-0.9999993252092597
DinnerSceneCropped,27,superfast,l1-icache-load-misses,8639966109.0,13495.0,-8639952614.0,-0.9999984380725769
FoodMarket,27,superfast,l1-icache-load-misses,8475394014.0,13833.0,-8475380181.0,-0.9999983678634908
FoodMarket2,27,superfast,l1-icache-load-misses,33648435933.0,4391.0,-33648431542.0,-0.9999998695035928
MeridianTalk_sdr,27,superfast,l1-icache-load-misses,2406993474.0,4516.0,-2406988958.0,-0.9999981238004803
Motorcycle,27,superfast,l1-icache-load-misses,2773184263.0,5201.0,-2773179062.0,-0.9999981245386146
MountainBike,27,superfast,l1-icache-load-misses,2764989964.0,5848.0,-2764984116.0,-0.9999978849832816
Neon1224,27,superfast,l1-icache-load-misses,9327787043.0,6034.0,-9327781009.0,-0.999999353115592
NocturneDance_3840x2160p_8bit,27,superfast,l1-icache-load-misses,44627875244.0,14033.0,-44627861211.0,-0.9999996855552741
OldTownCross,27,superfast,l1-icache-load-misses,2926033417.0,5738.0,-2926027679.0,-0.9999980389834352
PedestrianArea,27,superfast,l1-icache-load-misses,2628108579.0,5558.0,-2628103021.0,-0.9999978851710906
PierSeaSide,27,superfast,l1-icache-load-misses,38526780330.0,13736.0,-38526766594.0,-0.9999996434687798
RitualDance,27,superfast,l1-icache-load-misses,2249867303.0,13583.0,-2249853720.0,-0.9999939627550559
Riverbed,27,superfast,l1-icache-load-misses,2801063377.0,13407.0,-2801049970.0,-0.99999521360348
RushFieldCuts,27,superfast,l1-icache-load-misses,2871146654.0,4149.0,-2871142505.0,-0.9999985549327499
Skater227,27,superfast,l1-icache-load-misses,7936.0,4503.0,-3433.0,-0.43258568548387094
Tango,27,superfast,l1-icache-load-misses,32131026843.0,13536.0,-32131013307.0,-0.9999995787249482
TimeLapse,27,superfast,l1-icache-load-misses,10057440672.0,5636.0,-10057435036.0,-0.9999994396188668
ToddlerFountain,27,superfast,l1-icache-load-misses,2862381950.0,4571.0,-2862377379.0,-0.9999984030782475
TreesAndGrass_1920_1080,27,superfast,l1-icache-load-misses,3018775198.0,8303.0,-3018766895.0,-0.999997249546768
TunnelFlag,27,superfast,l1-icache-load-misses,2674232713.0,13364.0,-2674219349.0,-0.9999950026787365
Vertical_Carnaby,27,superfast,l1-icache-load-misses,10219168009.0,13406.0,-10219154603.0,-0.9999986881515219
Vertical_bees,27,superfast,l1-icache-load-misses,2609004580.0,5827.0,-2608998753.0,-0.9999977665811534
WalkingInStreet,27,superfast,l1-icache-load-misses,8998173031.0,12856.0,-8998160175.0,-0.9999985712655274
WorldCup_1920x1080_30p,27,superfast,l1-icache-load-misses,2318174712.0,5733.0,-2318168979.0,-0.9999975269335954
WorldCup_far_1920x1080_30p,27,superfast,l1-icache-load-misses,2970335297.0,4555.0,-2970330742.0,-0.9999984665030899
Aerial3200,32,superfast,l1-icache-load-misses,2726763343.0,4657.0,-2726758686.0,-0.9999982921143443
Boat,32,superfast,l1-icache-load-misses,11697525994.0,5052.0,-11697520942.0,-0.9999995681138043
BoxingPractice,32,superfast,l1-icache-load-misses,9087951073.0,4738.0,-9087946335.0,-0.9999994786503622
Crosswalk,32,superfast,l1-icache-load-misses,8992536034.0,4568.0,-8992531466.0,-0.9999994920231643
CrowdRun,32,superfast,l1-icache-load-misses,11937369287.0,8465.0,-11937360822.0,-0.9999992908822877
DinnerSceneCropped,32,superfast,l1-icache-load-misses,9624972282.0,13912.0,-9624958370.0,-0.9999985545932402
FoodMarket,32,superfast,l1-icache-load-misses,2421362996.0,13996.0,-2421349000.0,-0.9999942197844672
FoodMarket2,32,superfast,l1-icache-load-misses,10117056960.0,6711.0,-10117050249.0,-0.9999993366648002
MeridianTalk_sdr,32,superfast,l1-icache-load-misses,2143984690.0,4386.0,-2143980304.0,-0.9999979542764366
Motorcycle,32,superfast,l1-icache-load-misses,2591004977.0,6009.0,-2590998968.0,-0.9999976808226718
MountainBike,32,superfast,l1-icache-load-misses,2667416618.0,5900.0,-2667410718.0,-0.9999977881220503
Neon1224,32,superfast,l1-icache-load-misses,8887404781.0,4486.0,-8887400295.0,-0.9999994952407243
NocturneDance_3840x2160p_8bit,32,superfast,l1-icache-load-misses,9447814931.0,14251.0,-9447800680.0,-0.9999984916088954
OldTownCross,32,superfast,l1-icache-load-misses,2589028185.0,5454.0,-2589022731.0,-0.9999978934180664
PedestrianArea,32,superfast,l1-icache-load-misses,2310223161.0,13554.0,-2310209607.0,-0.9999941330343195
PierSeaSide,32,superfast,l1-icache-load-misses,26352140137.0,4608.0,-26352135529.0,-0.9999998251375419
RitualDance,32,superfast,l1-icache-load-misses,6567116279.0,13411.0,-6567102868.0,-0.9999979578555593
Riverbed,32,superfast,l1-icache-load-misses,11739058901.0,13574.0,-11739045327.0,-0.9999988436892502
RushFieldCuts,32,superfast,l1-icache-load-misses,2655473971.0,13622.0,-2655460349.0,-0.9999948702189708
Skater227,32,superfast,l1-icache-load-misses,14586.0,3707.0,-10879.0,-0.7458521870286576
Tango,32,superfast,l1-icache-load-misses,27860479177.0,4882.0,-27860474295.0,-0.9999998247697045
TimeLapse,32,superfast,l1-icache-load-misses,39486094808.0,5966.0,-39486088842.0,-0.9999998489088366
ToddlerFountain,32,superfast,l1-icache-load-misses,2615854365.0,4670.0,-2615849695.0,-0.9999982147324169
TreesAndGrass_1920_1080,32,superfast,l1-icache-load-misses,2700398310.0,4456.0,-2700393854.0,-0.99999834987306
TunnelFlag,32,superfast,l1-icache-load-misses,2477683153.0,14217.0,-2477668936.0,-0.999994261978178
Vertical_Carnaby,32,superfast,l1-icache-load-misses,2172191978.0,5948.0,-2172186030.0,-0.9999972617521562
Vertical_bees,32,superfast,l1-icache-load-misses,7381909047.0,8364.0,-7381900683.0,-0.9999988669597598
WalkingInStreet,32,superfast,l1-icache-load-misses,2793606048.0,4168.0,-2793601880.0,-0.9999985080215577
WorldCup_1920x1080_30p,32,superfast,l1-icache-load-misses,6670487693.0,5606.0,-6670482087.0,-0.9999991595816891
WorldCup_far_1920x1080_30p,32,superfast,l1-icache-load-misses,2662327621.0,14086.0,-2662313535.0,-0.9999947091410205
Aerial3200,37,superfast,l1-icache-load-misses,2712556230.0,4331.0,-2712551899.0,-0.9999984033510708
Boat,37,superfast,l1-icache-load-misses,2517435943.0,4523.0,-2517431420.0,-0.9999982033306497
BoxingPractice,37,superfast,l1-icache-load-misses,7957935131.0,4531.0,-7957930600.0,-0.999999430631197
Crosswalk,37,superfast,l1-icache-load-misses,7990151407.0,4295.0,-7990147112.0,-0.9999994624632524
CrowdRun,37,superfast,l1-icache-load-misses,11218386108.0,8375.0,-11218377733.0,-0.9999992534576793
DinnerSceneCropped,37,superfast,l1-icache-load-misses,1880581437.0,4860.0,-1880576577.0,-0.9999974156928786
FoodMarket,37,superfast,l1-icache-load-misses,2277900152.0,8295.0,-2277891857.0,-0.9999963584883241
FoodMarket2,37,superfast,l1-icache-load-misses,9482386148.0,4679.0,-9482381469.0,-0.9999995065588
MeridianTalk_sdr,37,superfast,l1-icache-load-misses,7768882774.0,13562.0,-7768869212.0,-0.999998254317848
Motorcycle,37,superfast,l1-icache-load-misses,2476152406.0,4782.0,-2476147624.0,-0.9999980687780007
MountainBike,37,superfast,l1-icache-load-misses,2499039330.0,4959.0,-2499034371.0,-0.9999980156374729
Neon1224,37,superfast,l1-icache-load-misses,8529182521.0,6302.0,-8529176219.0,-0.999999261124969
NocturneDance_3840x2160p_8bit,37,superfast,l1-icache-load-misses,26303546964.0,4626.0,-26303542338.0,-0.9999998241301826
OldTownCross,37,superfast,l1-icache-load-misses,2286712391.0,6276.0,-2286706115.0,-0.9999972554484662
PedestrianArea,37,superfast,l1-icache-load-misses,6560734405.0,13807.0,-6560720598.0,-0.9999978955099921
PierSeaSide,37,superfast,l1-icache-load-misses,7930928358.0,4697.0,-7930923661.0,-0.9999994077616405
RitualDance,37,superfast,l1-icache-load-misses,6069079415.0,4340.0,-6069075075.0,-0.9999992848997841
Riverbed,37,superfast,l1-icache-load-misses,7616771141.0,4536.0,-7616766605.0,-0.9999994044720636
RushFieldCuts,37,superfast,l1-icache-load-misses,7679278927.0,4549.0,-7679274378.0,-0.9999994076266739
Skater227,37,superfast,l1-icache-load-misses,8061.0,4523.0,-3538.0,-0.4389033618657735
Tango,37,superfast,l1-icache-load-misses,8160907715.0,8506.0,-8160899209.0,-0.9999989577139827
TimeLapse,37,superfast,l1-icache-load-misses,8364085254.0,4438.0,-8364080816.0,-0.9999994693980435
ToddlerFountain,37,superfast,l1-icache-load-misses,2387376239.0,13816.0,-2387362423.0,-0.9999942128937307
TreesAndGrass_1920_1080,37,superfast,l1-icache-load-misses,2581347664.0,8558.0,-2581339106.0,-0.9999966846774965
TunnelFlag,37,superfast,l1-icache-load-misses,9486873086.0,13525.0,-9486859561.0,-0.9999985743458485
Vertical_Carnaby,37,superfast,l1-icache-load-misses,6413281743.0,8309.0,-6413273434.0,-0.9999987044074574
Vertical_bees,37,superfast,l1-icache-load-misses,2212552463.0,8395.0,-2212544068.0,-0.9999962057396874
WalkingInStreet,37,superfast,l1-icache-load-misses,8797488036.0,13320.0,-8797474716.0,-0.9999984859314448
WorldCup_1920x1080_30p,37,superfast,l1-icache-load-misses,1981404935.0,5583.0,-1981399352.0,-0.9999971823023647
WorldCup_far_1920x1080_30p,37,superfast,l1-icache-load-misses,2617588451.0,13691.0,-2617574760.0,-0.9999947696132313
Aerial3200,22,veryfast,l1-icache-load-misses,2896720235.0,4978.0,-2896715257.0,-0.9999982815047377
Boat,22,veryfast,l1-icache-load-misses,2933129451.0,4674.0,-2933124777.0,-0.9999984064801509
BoxingPractice,22,veryfast,l1-icache-load-misses,10937738753.0,5866.0,-10937732887.0,-0.999999463691707
Crosswalk,22,veryfast,l1-icache-load-misses,11036074832.0,3850.0,-11036070982.0,-0.9999996511440835
CrowdRun,22,veryfast,l1-icache-load-misses,3029262952.0,4017.0,-3029258935.0,-0.9999986739348602
DinnerSceneCropped,22,veryfast,l1-icache-load-misses,3079243265.0,4562.0,-3079238703.0,-0.9999985184671664
FoodMarket,22,veryfast,l1-icache-load-misses,3017295740.0,4255.0,-3017291485.0,-0.9999985897968358
FoodMarket2,22,veryfast,l1-icache-load-misses,51291842805.0,4514.0,-51291838291.0,-0.9999999119938034
MeridianTalk_sdr,22,veryfast,l1-icache-load-misses,2895089092.0,4605.0,-2895084487.0,-0.9999984093753754
Motorcycle,22,veryfast,l1-icache-load-misses,12666203009.0,4974.0,-12666198035.0,-0.9999996073014149
MountainBike,22,veryfast,l1-icache-load-misses,9012018323.0,4998.0,-9012013325.0,-0.9999994454072527
Neon1224,22,veryfast,l1-icache-load-misses,10079239427.0,5826.0,-10079233601.0,-0.9999994219801958
NocturneDance_3840x2160p_8bit,22,veryfast,l1-icache-load-misses,11029917519.0,8451.0,-11029909068.0,-0.9999992338111336
OldTownCross,22,veryfast,l1-icache-load-misses,3136691410.0,8491.0,-3136682919.0,-0.9999972930075388
PedestrianArea,22,veryfast,l1-icache-load-misses,2718016125.0,5784.0,-2718010341.0,-0.9999978719773047
PierSeaSide,22,veryfast,l1-icache-load-misses,10466089501.0,13704.0,-10466075797.0,-0.9999986906284339
RitualDance,22,veryfast,l1-icache-load-misses,2335770261.0,6247.0,-2335764014.0,-0.9999973255075192
Riverbed,22,veryfast,l1-icache-load-misses,2991638326.0,13667.0,-2991624659.0,-0.9999954316001767
RushFieldCuts,22,veryfast,l1-icache-load-misses,9081347044.0,4682.0,-9081342362.0,-0.9999994844377186
Skater227,22,veryfast,l1-icache-load-misses,8470.0,8681.0,211.0,0.024911452184179457
Tango,22,veryfast,l1-icache-load-misses,11337412935.0,6586.0,-11337406349.0,-0.9999994190914596
TimeLapse,22,veryfast,l1-icache-load-misses,10513018707.0,13670.0,-10513005037.0,-0.9999986997074407
ToddlerFountain,22,veryfast,l1-icache-load-misses,2884487041.0,4326.0,-2884482715.0,-0.9999985002532726
TreesAndGrass_1920_1080,22,veryfast,l1-icache-load-misses,3053793717.0,4671.0,-3053789046.0,-0.9999984704271366
TunnelFlag,22,veryfast,l1-icache-load-misses,2853548378.0,8496.0,-2853539882.0,-0.9999970226542976
Vertical_Carnaby,22,veryfast,l1-icache-load-misses,7873427654.0,5410.0,-7873422244.0,-0.9999993128786803
Vertical_bees,22,veryfast,l1-icache-load-misses,2626905800.0,4575.0,-2626901225.0,-0.9999982584072866
WalkingInStreet,22,veryfast,l1-icache-load-misses,2969620612.0,5809.0,-2969614803.0,-0.9999980438578664
WorldCup_1920x1080_30p,22,veryfast,l1-icache-load-misses,2476847735.0,6903.0,-2476840832.0,-0.9999972129897602
WorldCup_far_1920x1080_30p,22,veryfast,l1-icache-load-misses,2793172311.0,14065.0,-2793158246.0,-0.9999949645068639
Aerial3200,27,veryfast,l1-icache-load-misses,2819538998.0,4816.0,-2819534182.0,-0.9999982919193515
Boat,27,veryfast,l1-icache-load-misses,2806263479.0,4908.0,-2806258571.0,-0.9999982510551712
BoxingPractice,27,veryfast,l1-icache-load-misses,9771699870.0,5740.0,-9771694130.0,-0.9999994125894086
Crosswalk,27,veryfast,l1-icache-load-misses,29965431440.0,4603.0,-29965426837.0,-0.9999998463896638
CrowdRun,27,veryfast,l1-icache-load-misses,2917459217.0,4312.0,-2917454905.0,-0.9999985220016188
DinnerSceneCropped,27,veryfast,l1-icache-load-misses,2819424912.0,4848.0,-2819420064.0,-0.999998280500403
FoodMarket,27,veryfast,l1-icache-load-misses,2779559409.0,5069.0,-2779554340.0,-0.9999981763296789
FoodMarket2,27,veryfast,l1-icache-load-misses,10842716889.0,4377.0,-10842712512.0,-0.999999596318889
MeridianTalk_sdr,27,veryfast,l1-icache-load-misses,10415624551.0,5845.0,-10415618706.0,-0.9999994388238582
Motorcycle,27,veryfast,l1-icache-load-misses,2672257689.0,5503.0,-2672252186.0,-0.9999979406926126
MountainBike,27,veryfast,l1-icache-load-misses,8659096768.0,12965.0,-8659083803.0,-0.9999985027306719
Neon1224,27,veryfast,l1-icache-load-misses,9484774663.0,4435.0,-9484770228.0,-0.9999995324085013
NocturneDance_3840x2160p_8bit,27,veryfast,l1-icache-load-misses,45761796850.0,13615.0,-45761783235.0,-0.9999997024810883
OldTownCross,27,veryfast,l1-icache-load-misses,2960326880.0,5644.0,-2960321236.0,-0.9999980934537878
PedestrianArea,27,veryfast,l1-icache-load-misses,2687560849.0,5846.0,-2687555003.0,-0.9999978247934359
PierSeaSide,27,veryfast,l1-icache-load-misses,28704349678.0,6416.0,-28704343262.0,-0.999999776479869
RitualDance,27,veryfast,l1-icache-load-misses,6914455449.0,13465.0,-6914441984.0,-0.9999980526304495
Riverbed,27,veryfast,l1-icache-load-misses,8785603851.0,4390.0,-8785599461.0,-0.9999995003189224
RushFieldCuts,27,veryfast,l1-icache-load-misses,2766401025.0,13712.0,-2766387313.0,-0.9999950433795115
Skater227,27,veryfast,l1-icache-load-misses,23622.0,4633.0,-18989.0,-0.8038692744052155
Tango,27,veryfast,l1-icache-load-misses,10116031918.0,5590.0,-10116026328.0,-0.999999447411787
TimeLapse,27,veryfast,l1-icache-load-misses,30763664391.0,5832.0,-30763658559.0,-0.9999998104257046
ToddlerFountain,27,veryfast,l1-icache-load-misses,2770103983.0,4616.0,-2770099367.0,-0.9999983336365608
TreesAndGrass_1920_1080,27,veryfast,l1-icache-load-misses,12880982916.0,8542.0,-12880974374.0,-0.9999993368518493
TunnelFlag,27,veryfast,l1-icache-load-misses,2781190818.0,8658.0,-2781182160.0,-0.9999968869449936
Vertical_Carnaby,27,veryfast,l1-icache-load-misses,7269643932.0,8537.0,-7269635395.0,-0.9999988256646295
Vertical_bees,27,veryfast,l1-icache-load-misses,2518266489.0,4807.0,-2518261682.0,-0.9999980911472154
WalkingInStreet,27,veryfast,l1-icache-load-misses,2822728143.0,4510.0,-2822723633.0,-0.999998402254921
WorldCup_1920x1080_30p,27,veryfast,l1-icache-load-misses,2269031163.0,5830.0,-2269025333.0,-0.9999974306214497
WorldCup_far_1920x1080_30p,27,veryfast,l1-icache-load-misses,2765491758.0,14343.0,-2765477415.0,-0.9999948135806377
Aerial3200,32,veryfast,l1-icache-load-misses,2786779161.0,4218.0,-2786774943.0,-0.9999984864247375
Boat,32,veryfast,l1-icache-load-misses,2632623164.0,5058.0,-2632618106.0,-0.9999980787223675
BoxingPractice,32,veryfast,l1-icache-load-misses,8890853094.0,5643.0,-8890847451.0,-0.999999365302751
Crosswalk,32,veryfast,l1-icache-load-misses,8656834327.0,4519.0,-8656829808.0,-0.9999994779846963
CrowdRun,32,veryfast,l1-icache-load-misses,2716432248.0,4690.0,-2716427558.0,-0.9999982734706513
DinnerSceneCropped,32,veryfast,l1-icache-load-misses,7081512896.0,13184.0,-7081499712.0,-0.9999981382509369
FoodMarket,32,veryfast,l1-icache-load-misses,2503146025.0,4316.0,-2503141709.0,-0.9999982757697885
FoodMarket2,32,veryfast,l1-icache-load-misses,45623376037.0,5475.0,-45623370562.0,-0.9999998799957286
MeridianTalk_sdr,32,veryfast,l1-icache-load-misses,8939336827.0,5918.0,-8939330909.0,-0.9999993379822112
Motorcycle,32,veryfast,l1-icache-load-misses,2541842849.0,6233.0,-2541836616.0,-0.9999975478421089
MountainBike,32,veryfast,l1-icache-load-misses,8249255869.0,13442.0,-8249242427.0,-0.9999983705196913
Neon1224,32,veryfast,l1-icache-load-misses,8544555220.0,4776.0,-8544550444.0,-0.9999994410475587
NocturneDance_3840x2160p_8bit,32,veryfast,l1-icache-load-misses,28868310955.0,12502.0,-28868298453.0,-0.99999956692998
OldTownCross,32,veryfast,l1-icache-load-misses,2587962780.0,12757.0,-2587950023.0,-0.9999950706400809
PedestrianArea,32,veryfast,l1-icache-load-misses,2232593660.0,8635.0,-2232585025.0,-0.9999961323011193
PierSeaSide,32,veryfast,l1-icache-load-misses,8499828021.0,6225.0,-8499821796.0,-0.999999267632241
RitualDance,32,veryfast,l1-icache-load-misses,6463481553.0,13440.0,-6463468113.0,-0.9999979206253024
Riverbed,32,veryfast,l1-icache-load-misses,2650852323.0,13534.0,-2650838789.0,-0.9999948944722863
RushFieldCuts,32,veryfast,l1-icache-load-misses,2685060643.0,4623.0,-2685056020.0,-0.9999982782511777
Skater227,32,veryfast,l1-icache-load-misses,7945.0,13315.0,5370.0,0.6758967904342353
Tango,32,veryfast,l1-icache-load-misses,8958658101.0,8487.0,-8958649614.0,-0.9999990526482979
TimeLapse,32,veryfast,l1-icache-load-misses,9172402155.0,4555.0,-9172397600.0,-0.9999995034016256
ToddlerFountain,32,veryfast,l1-icache-load-misses,2581189331.0,4688.0,-2581184643.0,-0.999998183782978
TreesAndGrass_1920_1080,32,veryfast,l1-icache-load-misses,8635896445.0,4647.0,-8635891798.0,-0.9999994618972067
TunnelFlag,32,veryfast,l1-icache-load-misses,10769491575.0,5796.0,-10769485779.0,-0.9999994618130337
Vertical_Carnaby,32,veryfast,l1-icache-load-misses,2247160154.0,8504.0,-2247151650.0,-0.9999962156680355
Vertical_bees,32,veryfast,l1-icache-load-misses,2460445298.0,4495.0,-2460440803.0,-0.9999981730949257
WalkingInStreet,32,veryfast,l1-icache-load-misses,2774994798.0,6208.0,-2774988590.0,-0.9999977628786891
WorldCup_1920x1080_30p,32,veryfast,l1-icache-load-misses,9043161695.0,6399.0,-9043155296.0,-0.9999992923934995
WorldCup_far_1920x1080_30p,32,veryfast,l1-icache-load-misses,11326444188.0,14324.0,-11326429864.0,-0.9999987353489089
Aerial3200,37,veryfast,l1-icache-load-misses,2769411092.0,4860.0,-2769406232.0,-0.9999982451142722
Boat,37,veryfast,l1-icache-load-misses,2497530535.0,5258.0,-2497525277.0,-0.9999978947204343
BoxingPractice,37,veryfast,l1-icache-load-misses,8233694810.0,5668.0,-8233689142.0,-0.9999993116091705
Crosswalk,37,veryfast,l1-icache-load-misses,7777092017.0,5267.0,-7777086750.0,-0.9999993227545735
CrowdRun,37,veryfast,l1-icache-load-misses,2607116451.0,4331.0,-2607112120.0,-0.9999983387776951
DinnerSceneCropped,37,veryfast,l1-icache-load-misses,5832236528.0,12995.0,-5832223533.0,-0.9999977718667723
FoodMarket,37,veryfast,l1-icache-load-misses,2240008016.0,5225.0,-2240002791.0,-0.9999976674190616
FoodMarket2,37,veryfast,l1-icache-load-misses,9207721192.0,13063.0,-9207708129.0,-0.9999985812993544
MeridianTalk_sdr,37,veryfast,l1-icache-load-misses,2029629525.0,5204.0,-2029624321.0,-0.9999974359852692
Motorcycle,37,veryfast,l1-icache-load-misses,2540122572.0,5371.0,-2540117201.0,-0.9999978855351079
MountainBike,37,veryfast,l1-icache-load-misses,7834477397.0,13387.0,-7834464010.0,-0.9999982912708376
Neon1224,37,veryfast,l1-icache-load-misses,8145845395.0,5893.0,-8145839502.0,-0.999999276563731
NocturneDance_3840x2160p_8bit,37,veryfast,l1-icache-load-misses,26111034850.0,13604.0,-26111021246.0,-0.999999478994223
OldTownCross,37,veryfast,l1-icache-load-misses,6929605856.0,5989.0,-6929599867.0,-0.9999991357372808
PedestrianArea,37,veryfast,l1-icache-load-misses,2109688411.0,5737.0,-2109682674.0,-0.9999972806410795
PierSeaSide,37,veryfast,l1-icache-load-misses,7894864321.0,5845.0,-7894858476.0,-0.9999992596452881
RitualDance,37,veryfast,l1-icache-load-misses,6022862304.0,5902.0,-6022856402.0,-0.9999990200672534
Riverbed,37,veryfast,l1-icache-load-misses,7760076959.0,4486.0,-7760072473.0,-0.9999994219129497
RushFieldCuts,37,veryfast,l1-icache-load-misses,7676406115.0,13750.0,-7676392365.0,-0.9999982087972166
Skater227,37,veryfast,l1-icache-load-misses,7537.0,4487.0,-3050.0,-0.4046702932201141
Tango,37,veryfast,l1-icache-load-misses,8309837848.0,8270.0,-8309829578.0,-0.9999990047940585
TimeLapse,37,veryfast,l1-icache-load-misses,8407849739.0,6040.0,-8407843699.0,-0.9999992816236984
ToddlerFountain,37,veryfast,l1-icache-load-misses,2396489349.0,8688.0,-2396480661.0,-0.999996374697011
TreesAndGrass_1920_1080,37,veryfast,l1-icache-load-misses,2675802484.0,6278.0,-2675796206.0,-0.9999976537879617
TunnelFlag,37,veryfast,l1-icache-load-misses,9586512535.0,5960.0,-9586506575.0,-0.9999993782932033
Vertical_Carnaby,37,veryfast,l1-icache-load-misses,2016061736.0,8499.0,-2016053237.0,-0.9999957843552862
Vertical_bees,37,veryfast,l1-icache-load-misses,2276337790.0,4415.0,-2276333375.0,-0.9999980604811731
WalkingInStreet,37,veryfast,l1-icache-load-misses,8389591025.0,5658.0,-8389585367.0,-0.9999993255928706
WorldCup_1920x1080_30p,37,veryfast,l1-icache-load-misses,2010215424.0,5810.0,-2010209614.0,-0.9999971097625008
WorldCup_far_1920x1080_30p,37,veryfast,l1-icache-load-misses,7548510565.0,5372.0,-7548505193.0,-0.9999992883364269
Aerial3200,22,fast,llc-load-misses,113954117.0,65.0,-113954052.0,-0.9999994295949834
Boat,22,fast,llc-load-misses,111583158.0,7001.0,-111576157.0,-0.9999372575563779
BoxingPractice,22,fast,llc-load-misses,387121105.0,1432.0,-387119673.0,-0.9999963008991721
Crosswalk,22,fast,llc-load-misses,401601705.0,7933.0,-401593772.0,-0.9999802465978076
CrowdRun,22,fast,llc-load-misses,109018840.0,,,
DinnerSceneCropped,22,fast,llc-load-misses,128316052.0,5811.0,-128310241.0,-0.9999547133822353
FoodMarket,22,fast,llc-load-misses,108382927.0,22.0,-108382905.0,-0.9999997970160005
FoodMarket2,22,fast,llc-load-misses,373714278.0,6008.0,-373708270.0,-0.9999839235470688
MeridianTalk_sdr,22,fast,llc-load-misses,108604810.0,,,
Motorcycle,22,fast,llc-load-misses,74978668.0,108.0,-74978560.0,-0.999998559590309
MountainBike,22,fast,llc-load-misses,110830941.0,,,
Neon1224,22,fast,llc-load-misses,409177589.0,1637.0,-409175952.0,-0.9999959992921313
NocturneDance_3840x2160p_8bit,22,fast,llc-load-misses,436392005.0,116.0,-436391889.0,-0.9999997341839477
OldTownCross,22,fast,llc-load-misses,132911243.0,381.0,-132910862.0,-0.9999971334253491
PedestrianArea,22,fast,llc-load-misses,105386505.0,,,
PierSeaSide,22,fast,llc-load-misses,352738616.0,8386.0,-352730230.0,-0.9999762260222737
RitualDance,22,fast,llc-load-misses,64443927.0,,,
Riverbed,22,fast,llc-load-misses,112671783.0,8330.0,-112663453.0,-0.9999260684460811
RushFieldCuts,22,fast,llc-load-misses,109859960.0,67.0,-109859893.0,-0.9999993901326744
Skater227,22,fast,llc-load-misses,5609.0,,,
Tango,22,fast,llc-load-misses,351157195.0,2138.0,-351155057.0,-0.9999939115586113
TimeLapse,22,fast,llc-load-misses,336447981.0,7005.0,-336440976.0,-0.9999791795451434
ToddlerFountain,22,fast,llc-load-misses,108114562.0,1345.0,-108113217.0,-0.9999875594926796
TreesAndGrass_1920_1080,22,fast,llc-load-misses,116418770.0,6394.0,-116412376.0,-0.9999450775849977
TunnelFlag,22,fast,llc-load-misses,106649737.0,7744.0,-106641993.0,-0.9999273884754165
Vertical_Carnaby,22,fast,llc-load-misses,100470154.0,919.0,-100469235.0,-0.999990853004963
Vertical_bees,22,fast,llc-load-misses,96132420.0,6199.0,-96126221.0,-0.9999355160309082
WalkingInStreet,22,fast,llc-load-misses,118058537.0,0.0,-118058537.0,-1.0
WorldCup_1920x1080_30p,22,fast,llc-load-misses,62254440.0,1800.0,-62252640.0,-0.9999710863996206
WorldCup_far_1920x1080_30p,22,fast,llc-load-misses,69705448.0,174.0,-69705274.0,-0.9999975037819139
Aerial3200,27,fast,llc-load-misses,112250771.0,8203.0,-112242568.0,-0.9999269225509373
Boat,27,fast,llc-load-misses,103663995.0,56.0,-103663939.0,-0.9999994597931519
BoxingPractice,27,fast,llc-load-misses,252313886.0,229.0,-252313657.0,-0.9999990924003287
Crosswalk,27,fast,llc-load-misses,267864987.0,6446.0,-267858541.0,-0.9999759356380533
CrowdRun,27,fast,llc-load-misses,101229233.0,226.0,-101229007.0,-0.9999977674433234
DinnerSceneCropped,27,fast,llc-load-misses,96971757.0,5534.0,-96966223.0,-0.9999429318373596
FoodMarket,27,fast,llc-load-misses,94990557.0,,,
FoodMarket2,27,fast,llc-load-misses,386024765.0,5336.0,-386019429.0,-0.9999861770526562
MeridianTalk_sdr,27,fast,llc-load-misses,99346129.0,6054.0,-99340075.0,-0.9999390615410894
Motorcycle,27,fast,llc-load-misses,102974993.0,7971.0,-102967022.0,-0.9999225928570833
MountainBike,27,fast,llc-load-misses,104868701.0,8610.0,-104860091.0,-0.9999178973333521
Neon1224,27,fast,llc-load-misses,244443720.0,0.0,-244443720.0,-1.0
NocturneDance_3840x2160p_8bit,27,fast,llc-load-misses,363876712.0,1665.0,-363875047.0,-0.9999954242743625
OldTownCross,27,fast,llc-load-misses,82754302.0,1703.0,-82752599.0,-0.9999794210094358
PedestrianArea,27,fast,llc-load-misses,87931359.0,,,
PierSeaSide,27,fast,llc-load-misses,350524006.0,4517.0,-350519489.0,-0.9999871135787487
RitualDance,27,fast,llc-load-misses,94821360.0,2780.0,-94818580.0,-0.9999706817113782
Riverbed,27,fast,llc-load-misses,100654240.0,0.0,-100654240.0,-1.0
RushFieldCuts,27,fast,llc-load-misses,95550858.0,7890.0,-95542968.0,-0.9999174261731905
Skater227,27,fast,llc-load-misses,3097.0,5220.0,2123.0,0.6855020988052954
Tango,27,fast,llc-load-misses,432741191.0,1518.0,-432739673.0,-0.9999964921296342
TimeLapse,27,fast,llc-load-misses,354353636.0,0.0,-354353636.0,-1.0
ToddlerFountain,27,fast,llc-load-misses,100218184.0,5139.0,-100213045.0,-0.9999487218806519
TreesAndGrass_1920_1080,27,fast,llc-load-misses,80993260.0,8571.0,-80984689.0,-0.9998941763796148
TunnelFlag,27,fast,llc-load-misses,89340984.0,,,
Vertical_Carnaby,27,fast,llc-load-misses,82516991.0,318.0,-82516673.0,-0.9999961462482315
Vertical_bees,27,fast,llc-load-misses,67514340.0,,,
WalkingInStreet,27,fast,llc-load-misses,105766972.0,,,
WorldCup_1920x1080_30p,27,fast,llc-load-misses,83275147.0,1985.0,-83273162.0,-0.9999761633563973
WorldCup_far_1920x1080_30p,27,fast,llc-load-misses,103749298.0,6605.0,-103742693.0,-0.9999363369186363
Aerial3200,32,fast,llc-load-misses,103837562.0,29.0,-103837533.0,-0.999999720717634
Boat,32,fast,llc-load-misses,93890111.0,8384.0,-93881727.0,-0.9999107041209058
BoxingPractice,32,fast,llc-load-misses,240086660.0,4759.0,-240081901.0,-0.9999801779907305
Crosswalk,32,fast,llc-load-misses,336356142.0,958.0,-336355184.0,-0.9999971518284331
CrowdRun,32,fast,llc-load-misses,104134588.0,4384.0,-104130204.0,-0.9999579006352817
DinnerSceneCropped,32,fast,llc-load-misses,84140660.0,6016.0,-84134644.0,-0.9999285006796952
FoodMarket,32,fast,llc-load-misses,64038275.0,0.0,-64038275.0,-1.0
FoodMarket2,32,fast,llc-load-misses,349525396.0,2490.0,-349522906.0,-0.9999928760541337
MeridianTalk_sdr,32,fast,llc-load-misses,75972565.0,,,
Motorcycle,32,fast,llc-load-misses,97382711.0,955.0,-97381756.0,-0.9999901933311345
MountainBike,32,fast,llc-load-misses,91290025.0,1279.0,-91288746.0,-0.9999859897069806
Neon1224,32,fast,llc-load-misses,234239365.0,8428.0,-234230937.0,-0.9999640197112044
NocturneDance_3840x2160p_8bit,32,fast,llc-load-misses,382631213.0,345.0,-382630868.0,-0.9999990983485186
OldTownCross,32,fast,llc-load-misses,70285876.0,223.0,-70285653.0,-0.9999968272430723
PedestrianArea,32,fast,llc-load-misses,88574405.0,186.0,-88574219.0,-0.9999979000705678
PierSeaSide,32,fast,llc-load-misses,322481395.0,2373.0,-322479022.0,-0.9999926414359501
RitualDance,32,fast,llc-load-misses,81075489.0,0.0,-81075489.0,-1.0
Riverbed,32,fast,llc-load-misses,66645803.0,774.0,-66645029.0,-0.999988386365455
RushFieldCuts,32,fast,llc-load-misses,95367776.0,,,
Skater227,32,fast,llc-load-misses,1463.0,,,
Tango,32,fast,llc-load-misses,249016577.0,0.0,-249016577.0,-1.0
TimeLapse,32,fast,llc-load-misses,339939784.0,870.0,-339938914.0,-0.9999974407232076
ToddlerFountain,32,fast,llc-load-misses,92490526.0,8658.0,-92481868.0,-0.9999063904123542
TreesAndGrass_1920_1080,32,fast,llc-load-misses,101432020.0,,,
TunnelFlag,32,fast,llc-load-misses,84218412.0,3600.0,-84214812.0,-0.9999572540028421
Vertical_Carnaby,32,fast,llc-load-misses,74135030.0,5298.0,-74129732.0,-0.9999285358082407
Vertical_bees,32,fast,llc-load-misses,82491090.0,0.0,-82491090.0,-1.0
WalkingInStreet,32,fast,llc-load-misses,69043322.0,,,
WorldCup_1920x1080_30p,32,fast,llc-load-misses,80131115.0,,,
WorldCup_far_1920x1080_30p,32,fast,llc-load-misses,62417053.0,942.0,-62416111.0,-0.9999849079705829
Aerial3200,37,fast,llc-load-misses,99305823.0,1551.0,-99304272.0,-0.9999843815805243
Boat,37,fast,llc-load-misses,88597592.0,6519.0,-88591073.0,-0.999926420122118
BoxingPractice,37,fast,llc-load-misses,308055553.0,4729.0,-308050824.0,-0.9999846488727311
Crosswalk,37,fast,llc-load-misses,351999591.0,4710.0,-351994881.0,-0.9999866193026343
CrowdRun,37,fast,llc-load-misses,91476858.0,3428.0,-91473430.0,-0.9999625260412858
DinnerSceneCropped,37,fast,llc-load-misses,71824932.0,,,
FoodMarket,37,fast,llc-load-misses,62188413.0,458.0,-62187955.0,-0.9999926352840038
FoodMarket2,37,fast,llc-load-misses,352198918.0,7396.0,-352191522.0,-0.9999790005033462
MeridianTalk_sdr,37,fast,llc-load-misses,73005962.0,71.0,-73005891.0,-0.9999990274766875
Motorcycle,37,fast,llc-load-misses,89727600.0,864.0,-89726736.0,-0.9999903708557902
MountainBike,37,fast,llc-load-misses,93469176.0,7591.0,-93461585.0,-0.9999187860605512
Neon1224,37,fast,llc-load-misses,322998157.0,8036.0,-322990121.0,-0.9999751206010752
NocturneDance_3840x2160p_8bit,37,fast,llc-load-misses,333753641.0,,,
OldTownCross,37,fast,llc-load-misses,63942923.0,3273.0,-63939650.0,-0.9999488137256409
PedestrianArea,37,fast,llc-load-misses,82075620.0,0.0,-82075620.0,-1.0
PierSeaSide,37,fast,llc-load-misses,348780313.0,6597.0,-348773716.0,-0.9999810855149958
RitualDance,37,fast,llc-load-misses,73006765.0,225.0,-73006540.0,-0.9999969180938232
Riverbed,37,fast,llc-load-misses,87052086.0,8911.0,-87043175.0,-0.9998976359969134
RushFieldCuts,37,fast,llc-load-misses,88111363.0,,,
Skater227,37,fast,llc-load-misses,3869.0,6265.0,2396.0,0.6192814680796072
Tango,37,fast,llc-load-misses,368417699.0,5498.0,-368412201.0,-0.9999850767213005
TimeLapse,37,fast,llc-load-misses,317833135.0,,,
ToddlerFountain,37,fast,llc-load-misses,61912435.0,5914.0,-61906521.0,-0.9999044779937988
TreesAndGrass_1920_1080,37,fast,llc-load-misses,71431841.0,,,
TunnelFlag,37,fast,llc-load-misses,87226613.0,,,
Vertical_Carnaby,37,fast,llc-load-misses,73769163.0,151.0,-73769012.0,-0.9999979530742406
Vertical_bees,37,fast,llc-load-misses,80705780.0,7850.0,-80697930.0,-0.9999027331127956
WalkingInStreet,37,fast,llc-load-misses,101483334.0,,,
WorldCup_1920x1080_30p,37,fast,llc-load-misses,58052137.0,402.0,-58051735.0,-0.9999930751903242
WorldCup_far_1920x1080_30p,37,fast,llc-load-misses,84582515.0,2042.0,-84580473.0,-0.9999758578945069
Aerial3200,22,faster,llc-load-misses,126655107.0,24.0,-126655083.0,-0.9999998105090228
Boat,22,faster,llc-load-misses,118440287.0,2366.0,-118437921.0,-0.9999800236890679
BoxingPractice,22,faster,llc-load-misses,402451998.0,303.0,-402451695.0,-0.9999992471151802
Crosswalk,22,faster,llc-load-misses,452954806.0,8167.0,-452946639.0,-0.9999819695035976
CrowdRun,22,faster,llc-load-misses,122170616.0,,,
DinnerSceneCropped,22,faster,llc-load-misses,84643611.0,31.0,-84643580.0,-0.9999996337585362
FoodMarket,22,faster,llc-load-misses,116103811.0,1663.0,-116102148.0,-0.9999856766114249
FoodMarket2,22,faster,llc-load-misses,326626208.0,0.0,-326626208.0,-1.0
MeridianTalk_sdr,22,faster,llc-load-misses,91126717.0,696.0,-91126021.0,-0.9999923622838295
Motorcycle,22,faster,llc-load-misses,106732269.0,,,
MountainBike,22,faster,llc-load-misses,111423334.0,1168.0,-111422166.0,-0.9999895174560115
Neon1224,22,faster,llc-load-misses,388566213.0,7754.0,-388558459.0,-0.999980044585091
NocturneDance_3840x2160p_8bit,22,faster,llc-load-misses,369770949.0,710.0,-369770239.0,-0.9999980798924255
OldTownCross,22,faster,llc-load-misses,135309554.0,18.0,-135309536.0,-0.9999998669716996
PedestrianArea,22,faster,llc-load-misses,98768856.0,221.0,-98768635.0,-0.9999977624525691
PierSeaSide,22,faster,llc-load-misses,397444388.0,176.0,-397444212.0,-0.9999995571707506
RitualDance,22,faster,llc-load-misses,89574975.0,54.0,-89574921.0,-0.9999993971530553
Riverbed,22,faster,llc-load-misses,108368943.0,4254.0,-108364689.0,-0.9999607452109227
RushFieldCuts,22,faster,llc-load-misses,103419601.0,8436.0,-103411165.0,-0.9999184293894152
Skater227,22,faster,llc-load-misses,7353.0,3893.0,-3460.0,-0.4705562355501156
Tango,22,faster,llc-load-misses,343707524.0,953.0,-343706571.0,-0.99999722729375
TimeLapse,22,faster,llc-load-misses,445338056.0,,,
ToddlerFountain,22,faster,llc-load-misses,121750702.0,813.0,-121749889.0,-0.9999933224204325
TreesAndGrass_1920_1080,22,faster,llc-load-misses,116298342.0,36.0,-116298306.0,-0.999999690451305
TunnelFlag,22,faster,llc-load-misses,94165867.0,0.0,-94165867.0,-1.0
Vertical_Carnaby,22,faster,llc-load-misses,77999329.0,263.0,-77999066.0,-0.9999966281761219
Vertical_bees,22,faster,llc-load-misses,66965523.0,414.0,-66965109.0,-0.9999938177142289
WalkingInStreet,22,faster,llc-load-misses,99093305.0,388.0,-99092917.0,-0.9999960844983422
WorldCup_1920x1080_30p,22,faster,llc-load-misses,89261623.0,305.0,-89261318.0,-0.999996583078038
WorldCup_far_1920x1080_30p,22,faster,llc-load-misses,103785648.0,,,
Aerial3200,27,faster,llc-load-misses,108996486.0,2841.0,-108993645.0,-0.9999739349395173
Boat,27,faster,llc-load-misses,108036616.0,987.0,-108035629.0,-0.9999908642084828
BoxingPractice,27,faster,llc-load-misses,250449694.0,8766.0,-250440928.0,-0.9999649989590325
Crosswalk,27,faster,llc-load-misses,353294557.0,5068.0,-353289489.0,-0.9999856550294943
CrowdRun,27,faster,llc-load-misses,120861223.0,,,
DinnerSceneCropped,27,faster,llc-load-misses,72232455.0,35.0,-72232420.0,-0.9999995154532682
FoodMarket,27,faster,llc-load-misses,92097519.0,,,
FoodMarket2,27,faster,llc-load-misses,375129284.0,845.0,-375128439.0,-0.9999977474432521
MeridianTalk_sdr,27,faster,llc-load-misses,87716242.0,,,
Motorcycle,27,faster,llc-load-misses,110407129.0,919.0,-110406210.0,-0.999991676262137
MountainBike,27,faster,llc-load-misses,104824017.0,0.0,-104824017.0,-1.0
Neon1224,27,faster,llc-load-misses,343212350.0,6861.0,-343205489.0,-0.9999800094606153
NocturneDance_3840x2160p_8bit,27,faster,llc-load-misses,250535637.0,783.0,-250534854.0,-0.9999968746961135
OldTownCross,27,faster,llc-load-misses,110891892.0,,,
PedestrianArea,27,faster,llc-load-misses,92761559.0,8647.0,-92752912.0,-0.9999067825067494
PierSeaSide,27,faster,llc-load-misses,352607536.0,7662.0,-352599874.0,-0.999978270458746
RitualDance,27,faster,llc-load-misses,86890668.0,6125.0,-86884543.0,-0.9999295091159847
Riverbed,27,faster,llc-load-misses,97062315.0,5300.0,-97057015.0,-0.9999453959036522
RushFieldCuts,27,faster,llc-load-misses,99825755.0,7661.0,-99818094.0,-0.9999232562779015
Skater227,27,faster,llc-load-misses,6281.0,6321.0,40.0,0.006368412673141219
Tango,27,faster,llc-load-misses,372414535.0,7763.0,-372406772.0,-0.9999791549489334
TimeLapse,27,faster,llc-load-misses,419260965.0,1131.0,-419259834.0,-0.9999973023961342
ToddlerFountain,27,faster,llc-load-misses,70315806.0,5524.0,-70310282.0,-0.9999214401382244
TreesAndGrass_1920_1080,27,faster,llc-load-misses,100836551.0,7970.0,-100828581.0,-0.9999209611998728
TunnelFlag,27,faster,llc-load-misses,95848841.0,5906.0,-95842935.0,-0.9999383821448607
Vertical_Carnaby,27,faster,llc-load-misses,77782228.0,1705.0,-77780523.0,-0.9999780798256384
Vertical_bees,27,faster,llc-load-misses,68316309.0,2122.0,-68314187.0,-0.999968938602933
WalkingInStreet,27,faster,llc-load-misses,110185990.0,139.0,-110185851.0,-0.9999987384966093
WorldCup_1920x1080_30p,27,faster,llc-load-misses,76768700.0,365.0,-76768335.0,-0.9999952454581099
WorldCup_far_1920x1080_30p,27,faster,llc-load-misses,87776757.0,1405.0,-87775352.0,-0.9999839934847445
Aerial3200,32,faster,llc-load-misses,103465176.0,12.0,-103465164.0,-0.9999998840189476
Boat,32,faster,llc-load-misses,99657839.0,30.0,-99657809.0,-0.9999996989699927
BoxingPractice,32,faster,llc-load-misses,332111804.0,316.0,-332111488.0,-0.9999990485131929
Crosswalk,32,faster,llc-load-misses,348362720.0,5240.0,-348357480.0,-0.9999849582067795
CrowdRun,32,faster,llc-load-misses,92193267.0,0.0,-92193267.0,-1.0
DinnerSceneCropped,32,faster,llc-load-misses,63407029.0,6314.0,-63400715.0,-0.9999004211346979
FoodMarket,32,faster,llc-load-misses,91252785.0,,,
FoodMarket2,32,faster,llc-load-misses,350024598.0,8124.0,-350016474.0,-0.9999767902026131
MeridianTalk_sdr,32,faster,llc-load-misses,81355871.0,5804.0,-81350067.0,-0.9999286591129976
Motorcycle,32,faster,llc-load-misses,97828007.0,181.0,-97827826.0,-0.9999981498140916
MountainBike,32,faster,llc-load-misses,98482455.0,3638.0,-98478817.0,-0.9999630594099223
Neon1224,32,faster,llc-load-misses,325060008.0,324.0,-325059684.0,-0.999999003260961
NocturneDance_3840x2160p_8bit,32,faster,llc-load-misses,294583616.0,1083.0,-294582533.0,-0.9999963236244612
OldTownCross,32,faster,llc-load-misses,95544314.0,,,
PedestrianArea,32,faster,llc-load-misses,84998869.0,913.0,-84997956.0,-0.9999892586806067
PierSeaSide,32,faster,llc-load-misses,330197293.0,687.0,-330196606.0,-0.9999979194257053
RitualDance,32,faster,llc-load-misses,79621086.0,8205.0,-79612881.0,-0.9998969494086026
Riverbed,32,faster,llc-load-misses,86338633.0,,,
RushFieldCuts,32,faster,llc-load-misses,65210522.0,1553.0,-65208969.0,-0.9999761848248968
Skater227,32,faster,llc-load-misses,3189.0,1538.0,-1651.0,-0.517717152712449
Tango,32,faster,llc-load-misses,330400886.0,7526.0,-330393360.0,-0.9999772216107193
TimeLapse,32,faster,llc-load-misses,331920913.0,3645.0,-331917268.0,-0.9999890184683844
ToddlerFountain,32,faster,llc-load-misses,92872448.0,7016.0,-92865432.0,-0.9999244555285115
TreesAndGrass_1920_1080,32,faster,llc-load-misses,107199630.0,846.0,-107198784.0,-0.9999921081817167
TunnelFlag,32,faster,llc-load-misses,80441070.0,6792.0,-80434278.0,-0.9999155655189569
Vertical_Carnaby,32,faster,llc-load-misses,75276810.0,0.0,-75276810.0,-1.0
Vertical_bees,32,faster,llc-load-misses,81912811.0,1789.0,-81911022.0,-0.9999781597044691
WalkingInStreet,32,faster,llc-load-misses,98825286.0,1256.0,-98824030.0,-0.9999872907020982
WorldCup_1920x1080_30p,32,faster,llc-load-misses,75319086.0,302.0,-75318784.0,-0.9999959903921298
WorldCup_far_1920x1080_30p,32,faster,llc-load-misses,89440498.0,323.0,-89440175.0,-0.9999963886605372
Aerial3200,37,faster,llc-load-misses,98937469.0,400.0,-98937069.0,-0.9999959570423214
Boat,37,faster,llc-load-misses,94393448.0,3412.0,-94390036.0,-0.9999638534233859
BoxingPractice,37,faster,llc-load-misses,311433446.0,283.0,-311433163.0,-0.999999091298627
Crosswalk,37,faster,llc-load-misses,322203452.0,1795.0,-322201657.0,-0.9999944289858198
CrowdRun,37,faster,llc-load-misses,84128940.0,494.0,-84128446.0,-0.9999941280610454
DinnerSceneCropped,37,faster,llc-load-misses,76047362.0,5220.0,-76042142.0,-0.9999313585657317
FoodMarket,37,faster,llc-load-misses,82386545.0,294.0,-82386251.0,-0.9999964314561316
FoodMarket2,37,faster,llc-load-misses,331982985.0,1019.0,-331981966.0,-0.999996930565583
MeridianTalk_sdr,37,faster,llc-load-misses,72744679.0,,,
Motorcycle,37,faster,llc-load-misses,92173168.0,,,
MountainBike,37,faster,llc-load-misses,84916194.0,,,
Neon1224,37,faster,llc-load-misses,323869355.0,300.0,-323869055.0,-0.9999990737005667
NocturneDance_3840x2160p_8bit,37,faster,llc-load-misses,318898296.0,1610.0,-318896686.0,-0.9999949513684451
OldTownCross,37,faster,llc-load-misses,64184870.0,327.0,-64184543.0,-0.999994905341399
PedestrianArea,37,faster,llc-load-misses,80699478.0,7209.0,-80692269.0,-0.9999106685671498
PierSeaSide,37,faster,llc-load-misses,299657110.0,5144.0,-299651966.0,-0.9999828337128394
RitualDance,37,faster,llc-load-misses,57740295.0,8.0,-57740287.0,-0.9999998614485777
Riverbed,37,faster,llc-load-misses,82914129.0,5984.0,-82908145.0,-0.999927828946982
RushFieldCuts,37,faster,llc-load-misses,63696035.0,5412.0,-63690623.0,-0.9999150339577652
Skater227,37,faster,llc-load-misses,5371.0,5188.0,-183.0,-0.03407186743623161
Tango,37,faster,llc-load-misses,322265996.0,6519.0,-322259477.0,-0.9999797713687423
TimeLapse,37,faster,llc-load-misses,335606444.0,6318.0,-335600126.0,-0.9999811743781654
ToddlerFountain,37,faster,llc-load-misses,84056677.0,5640.0,-84051037.0,-0.9999329024153548
TreesAndGrass_1920_1080,37,faster,llc-load-misses,70613074.0,990.0,-70612084.0,-0.9999859799334044
TunnelFlag,37,faster,llc-load-misses,77795902.0,163.0,-77795739.0,-0.9999979047739558
Vertical_Carnaby,37,faster,llc-load-misses,55766987.0,0.0,-55766987.0,-1.0
Vertical_bees,37,faster,llc-load-misses,77628004.0,2064.0,-77625940.0,-0.9999734116569582
WalkingInStreet,37,faster,llc-load-misses,102597130.0,4965.0,-102592165.0,-0.9999516068334465
WorldCup_1920x1080_30p,37,faster,llc-load-misses,78486850.0,1629.0,-78485221.0,-0.9999792449308388
WorldCup_far_1920x1080_30p,37,faster,llc-load-misses,84647253.0,0.0,-84647253.0,-1.0
Aerial3200,22,superfast,llc-load-misses,101156157.0,2685.0,-101153472.0,-0.9999734568801383
Boat,22,superfast,llc-load-misses,74258636.0,0.0,-74258636.0,-1.0
BoxingPractice,22,superfast,llc-load-misses,357114135.0,341.0,-357113794.0,-0.9999990451232069
Crosswalk,22,superfast,llc-load-misses,318406052.0,7872.0,-318398180.0,-0.9999752768518357
CrowdRun,22,superfast,llc-load-misses,91173633.0,204.0,-91173429.0,-0.9999977625110101
DinnerSceneCropped,22,superfast,llc-load-misses,64433462.0,37.0,-64433425.0,-0.9999994257642093
FoodMarket,22,superfast,llc-load-misses,82378185.0,189.0,-82377996.0,-0.9999977057032757
FoodMarket2,22,superfast,llc-load-misses,320311532.0,4493.0,-320307039.0,-0.9999859730307805
MeridianTalk_sdr,22,superfast,llc-load-misses,70839240.0,,,
Motorcycle,22,superfast,llc-load-misses,84438334.0,,,
MountainBike,22,superfast,llc-load-misses,59105250.0,,,
Neon1224,22,superfast,llc-load-misses,304006944.0,7166.0,-303999778.0,-0.9999764281700092
NocturneDance_3840x2160p_8bit,22,superfast,llc-load-misses,214729059.0,0.0,-214729059.0,-1.0
OldTownCross,22,superfast,llc-load-misses,97852912.0,2143.0,-97850769.0,-0.9999780997830703
PedestrianArea,22,superfast,llc-load-misses,83824968.0,4477.0,-83820491.0,-0.9999465910920479
PierSeaSide,22,superfast,llc-load-misses,346890020.0,6457.0,-346883563.0,-0.9999813860312269
RitualDance,22,superfast,llc-load-misses,69528238.0,325.0,-69527913.0,-0.9999953256402097
Riverbed,22,superfast,llc-load-misses,78990839.0,6704.0,-78984135.0,-0.9999151293987395
RushFieldCuts,22,superfast,llc-load-misses,75235455.0,7945.0,-75227510.0,-0.9998943981929796
Skater227,22,superfast,llc-load-misses,5999.0,4708.0,-1291.0,-0.21520253375562592
Tango,22,superfast,llc-load-misses,261353903.0,275.0,-261353628.0,-0.9999989477869018
TimeLapse,22,superfast,llc-load-misses,206728781.0,231.0,-206728550.0,-0.9999988825939046
ToddlerFountain,22,superfast,llc-load-misses,80041732.0,8799.0,-80032933.0,-0.9998900698450653
TreesAndGrass_1920_1080,22,superfast,llc-load-misses,94742076.0,,,
TunnelFlag,22,superfast,llc-load-misses,87518464.0,5343.0,-87513121.0,-0.9999389500254483
Vertical_Carnaby,22,superfast,llc-load-misses,76845882.0,,,
Vertical_bees,22,superfast,llc-load-misses,73620271.0,438.0,-73619833.0,-0.9999940505516477
WalkingInStreet,22,superfast,llc-load-misses,87104726.0,119.0,-87104607.0,-0.9999986338284331
WorldCup_1920x1080_30p,22,superfast,llc-load-misses,69524899.0,,,
WorldCup_far_1920x1080_30p,22,superfast,llc-load-misses,73462551.0,,,
Aerial3200,27,superfast,llc-load-misses,93339571.0,101.0,-93339470.0,-0.9999989179294599
Boat,27,superfast,llc-load-misses,89579130.0,0.0,-89579130.0,-1.0
BoxingPractice,27,superfast,llc-load-misses,317782699.0,8743.0,-317773956.0,-0.9999724874890058
Crosswalk,27,superfast,llc-load-misses,297004183.0,5631.0,-296998552.0,-0.999981040671067
CrowdRun,27,superfast,llc-load-misses,90211089.0,132.0,-90210957.0,-0.9999985367652529
DinnerSceneCropped,27,superfast,llc-load-misses,55760333.0,,,
FoodMarket,27,superfast,llc-load-misses,55927964.0,163.0,-55927801.0,-0.9999970855366735
FoodMarket2,27,superfast,llc-load-misses,217298760.0,6100.0,-217292660.0,-0.9999719280496584
MeridianTalk_sdr,27,superfast,llc-load-misses,67715235.0,,,
Motorcycle,27,superfast,llc-load-misses,78546311.0,,,
MountainBike,27,superfast,llc-load-misses,80927192.0,,,
Neon1224,27,superfast,llc-load-misses,305663330.0,156.0,-305663174.0,-0.9999994896345596
NocturneDance_3840x2160p_8bit,27,superfast,llc-load-misses,288181344.0,1252.0,-288180092.0,-0.9999956555133562
OldTownCross,27,superfast,llc-load-misses,85709791.0,954.0,-85708837.0,-0.9999888694163307
PedestrianArea,27,superfast,llc-load-misses,69409514.0,,,
PierSeaSide,27,superfast,llc-load-misses,268679367.0,9.0,-268679358.0,-0.9999999665028242
RitualDance,27,superfast,llc-load-misses,65378540.0,321.0,-65378219.0,-0.9999950901320219
Riverbed,27,superfast,llc-load-misses,73783756.0,306.0,-73783450.0,-0.999995852745691
RushFieldCuts,27,superfast,llc-load-misses,70054918.0,4872.0,-70050046.0,-0.9999304545613771
Skater227,27,superfast,llc-load-misses,7382.0,6416.0,-966.0,-0.13085884584123544
Tango,27,superfast,llc-load-misses,227508356.0,1337.0,-227507019.0,-0.9999941232927726
TimeLapse,27,superfast,llc-load-misses,294450540.0,,,
ToddlerFountain,27,superfast,llc-load-misses,73053880.0,7546.0,-73046334.0,-0.9998967063761706
TreesAndGrass_1920_1080,27,superfast,llc-load-misses,80597084.0,,,
TunnelFlag,27,superfast,llc-load-misses,77740707.0,245.0,-77740462.0,-0.9999968484979176
Vertical_Carnaby,27,superfast,llc-load-misses,63622087.0,,,
Vertical_bees,27,superfast,llc-load-misses,71967613.0,48.0,-71967565.0,-0.9999993330333188
WalkingInStreet,27,superfast,llc-load-misses,63581742.0,1832.0,-63579910.0,-0.999971186696961
WorldCup_1920x1080_30p,27,superfast,llc-load-misses,66328135.0,,,
WorldCup_far_1920x1080_30p,27,superfast,llc-load-misses,86076353.0,5625.0,-86070728.0,-0.9999346510417327
Aerial3200,32,superfast,llc-load-misses,87692329.0,4973.0,-87687356.0,-0.9999432903646567
Boat,32,superfast,llc-load-misses,84558893.0,4461.0,-84554432.0,-0.9999472438694296
BoxingPractice,32,superfast,llc-load-misses,277096938.0,5095.0,-277091843.0,-0.9999816129328719
Crosswalk,32,superfast,llc-load-misses,273422096.0,2722.0,-273419374.0,-0.9999900446963145
CrowdRun,32,superfast,llc-load-misses,86298992.0,497.0,-86298495.0,-0.999994240952432
DinnerSceneCropped,32,superfast,llc-load-misses,77197686.0,0.0,-77197686.0,-1.0
FoodMarket,32,superfast,llc-load-misses,66358616.0,,,
FoodMarket2,32,superfast,llc-load-misses,304052680.0,532.0,-304052148.0,-0.999998250303204
MeridianTalk_sdr,32,superfast,llc-load-misses,59690088.0,4742.0,-59685346.0,-0.9999205563241924
Motorcycle,32,superfast,llc-load-misses,70979247.0,0.0,-70979247.0,-1.0
MountainBike,32,superfast,llc-load-misses,75230460.0,988.0,-75229472.0,-0.9999868670216825
Neon1224,32,superfast,llc-load-misses,298958992.0,8682.0,-298950310.0,-0.9999709592277458
NocturneDance_3840x2160p_8bit,32,superfast,llc-load-misses,290229668.0,0.0,-290229668.0,-1.0
OldTownCross,32,superfast,llc-load-misses,72656531.0,,,
PedestrianArea,32,superfast,llc-load-misses,66777042.0,,,
PierSeaSide,32,superfast,llc-load-misses,204745301.0,8595.0,-204736706.0,-0.9999580210146068
RitualDance,32,superfast,llc-load-misses,50395421.0,279.0,-50395142.0,-0.9999944637827314
Riverbed,32,superfast,llc-load-misses,81774794.0,633.0,-81774161.0,-0.9999922592284366
RushFieldCuts,32,superfast,llc-load-misses,66305284.0,0.0,-66305284.0,-1.0
Skater227,32,superfast,llc-load-misses,4283.0,137.0,-4146.0,-0.9680130749474667
Tango,32,superfast,llc-load-misses,215134760.0,6247.0,-215128513.0,-0.9999709623865525
TimeLapse,32,superfast,llc-load-misses,334424764.0,,,
ToddlerFountain,32,superfast,llc-load-misses,67359043.0,6907.0,-67352136.0,-0.9998974599446135
TreesAndGrass_1920_1080,32,superfast,llc-load-misses,78855136.0,5220.0,-78849916.0,-0.9999338026631518
TunnelFlag,32,superfast,llc-load-misses,66612698.0,464.0,-66612234.0,-0.9999930343611063
Vertical_Carnaby,32,superfast,llc-load-misses,71890073.0,0.0,-71890073.0,-1.0
Vertical_bees,32,superfast,llc-load-misses,51373822.0,975.0,-51372847.0,-0.999981021462643
WalkingInStreet,32,superfast,llc-load-misses,77513948.0,8816.0,-77505132.0,-0.9998862656305417
WorldCup_1920x1080_30p,32,superfast,llc-load-misses,48720667.0,,,
WorldCup_far_1920x1080_30p,32,superfast,llc-load-misses,65567237.0,641.0,-65566596.0,-0.9999902237759386
Aerial3200,37,superfast,llc-load-misses,84770305.0,291.0,-84770014.0,-0.9999965671941371
Boat,37,superfast,llc-load-misses,64781039.0,27.0,-64781012.0,-0.9999995832113776
BoxingPractice,37,superfast,llc-load-misses,265437086.0,6719.0,-265430367.0,-0.9999746870337478
Crosswalk,37,superfast,llc-load-misses,268382998.0,8001.0,-268374997.0,-0.9999701881264476
CrowdRun,37,superfast,llc-load-misses,81237845.0,,,
DinnerSceneCropped,37,superfast,llc-load-misses,52804041.0,,,
FoodMarket,37,superfast,llc-load-misses,62342167.0,,,
FoodMarket2,37,superfast,llc-load-misses,294050687.0,7925.0,-294042762.0,-0.9999730488641912
MeridianTalk_sdr,37,superfast,llc-load-misses,74489345.0,0.0,-74489345.0,-1.0
Motorcycle,37,superfast,llc-load-misses,70653817.0,,,
MountainBike,37,superfast,llc-load-misses,70714714.0,,,
Neon1224,37,superfast,llc-load-misses,273185590.0,1141.0,-273184449.0,-0.9999958233521761
NocturneDance_3840x2160p_8bit,37,superfast,llc-load-misses,199633363.0,8258.0,-199625105.0,-0.9999586341687787
OldTownCross,37,superfast,llc-load-misses,66092327.0,5027.0,-66087300.0,-0.9999239397335791
PedestrianArea,37,superfast,llc-load-misses,49691341.0,309.0,-49691032.0,-0.9999937816127764
PierSeaSide,37,superfast,llc-load-misses,275811197.0,8212.0,-275802985.0,-0.9999702260093524
RitualDance,37,superfast,llc-load-misses,47828429.0,8281.0,-47820148.0,-0.9998268602968331
Riverbed,37,superfast,llc-load-misses,50679130.0,7563.0,-50671567.0,-0.9998507669725191
RushFieldCuts,37,superfast,llc-load-misses,49907163.0,4767.0,-49902396.0,-0.9999044826491139
Skater227,37,superfast,llc-load-misses,4899.0,5220.0,321.0,0.065523576240049
Tango,37,superfast,llc-load-misses,264471592.0,584.0,-264471008.0,-0.9999977918233275
TimeLapse,37,superfast,llc-load-misses,268210110.0,6618.0,-268203492.0,-0.9999753253149182
ToddlerFountain,37,superfast,llc-load-misses,62059052.0,861.0,-62058191.0,-0.9999861261174277
TreesAndGrass_1920_1080,37,superfast,llc-load-misses,75111425.0,149.0,-75111276.0,-0.9999980162804794
TunnelFlag,37,superfast,llc-load-misses,70814840.0,1929.0,-70812911.0,-0.9999727599469264
Vertical_Carnaby,37,superfast,llc-load-misses,49110098.0,,,
Vertical_bees,37,superfast,llc-load-misses,68854829.0,1130.0,-68853699.0,-0.9999835886601359
WalkingInStreet,37,superfast,llc-load-misses,57674829.0,2022.0,-57672807.0,-0.9999649413784998
WorldCup_1920x1080_30p,37,superfast,llc-load-misses,60558341.0,3358.0,-60554983.0,-0.9999445493396194
WorldCup_far_1920x1080_30p,37,superfast,llc-load-misses,68171771.0,44.0,-68171727.0,-0.9999993545715572
Aerial3200,22,veryfast,llc-load-misses,115862647.0,8418.0,-115854229.0,-0.9999273450053321
Boat,22,veryfast,llc-load-misses,110970331.0,45.0,-110970286.0,-0.9999995944862055
BoxingPractice,22,veryfast,llc-load-misses,366386812.0,,,
Crosswalk,22,veryfast,llc-load-misses,383968926.0,97.0,-383968829.0,-0.9999997473753904
CrowdRun,22,veryfast,llc-load-misses,121663643.0,7083.0,-121656560.0,-0.9999417821148098
DinnerSceneCropped,22,veryfast,llc-load-misses,112732741.0,4811.0,-112727930.0,-0.9999573238443656
FoodMarket,22,veryfast,llc-load-misses,114262512.0,272.0,-114262240.0,-0.9999976195167143
FoodMarket2,22,veryfast,llc-load-misses,471614475.0,5109.0,-471609366.0,-0.9999891669991682
MeridianTalk_sdr,22,veryfast,llc-load-misses,107263053.0,7311.0,-107255742.0,-0.9999318404632768
Motorcycle,22,veryfast,llc-load-misses,93945250.0,,,
MountainBike,22,veryfast,llc-load-misses,74958146.0,1006.0,-74957140.0,-0.9999865791771317
Neon1224,22,veryfast,llc-load-misses,395850168.0,5377.0,-395844791.0,-0.9999864165776987
NocturneDance_3840x2160p_8bit,22,veryfast,llc-load-misses,419331374.0,725.0,-419330649.0,-0.9999982710571044
OldTownCross,22,veryfast,llc-load-misses,127545885.0,1510.0,-127544375.0,-0.9999881611233479
PedestrianArea,22,veryfast,llc-load-misses,105086446.0,1091.0,-105085355.0,-0.999989618071202
PierSeaSide,22,veryfast,llc-load-misses,385387996.0,,,
RitualDance,22,veryfast,llc-load-misses,88933396.0,0.0,-88933396.0,-1.0
Riverbed,22,veryfast,llc-load-misses,108280831.0,901.0,-108279930.0,-0.9999916790442807
RushFieldCuts,22,veryfast,llc-load-misses,76901481.0,8902.0,-76892579.0,-0.9998842415011487
Skater227,22,veryfast,llc-load-misses,9749.0,,,
Tango,22,veryfast,llc-load-misses,452668972.0,1554.0,-452667418.0,-0.9999965670277927
TimeLapse,22,veryfast,llc-load-misses,435024897.0,1497.0,-435023400.0,-0.9999965588176439
ToddlerFountain,22,veryfast,llc-load-misses,110530244.0,6177.0,-110524067.0,-0.9999441148433545
TreesAndGrass_1920_1080,22,veryfast,llc-load-misses,115441502.0,8380.0,-115433122.0,-0.9999274091218945
TunnelFlag,22,veryfast,llc-load-misses,101528485.0,,,
Vertical_Carnaby,22,veryfast,llc-load-misses,65442761.0,,,
Vertical_bees,22,veryfast,llc-load-misses,95411308.0,8640.0,-95402668.0,-0.9999094446960103
WalkingInStreet,22,veryfast,llc-load-misses,114393851.0,3957.0,-114389894.0,-0.9999654089798935
WorldCup_1920x1080_30p,22,veryfast,llc-load-misses,89905366.0,812.0,-89904554.0,-0.9999909682810256
WorldCup_far_1920x1080_30p,22,veryfast,llc-load-misses,98368118.0,1925.0,-98366193.0,-0.9999804306513214
Aerial3200,27,veryfast,llc-load-misses,110819356.0,30.0,-110819326.0,-0.9999997292891686
Boat,27,veryfast,llc-load-misses,102393834.0,16.0,-102393818.0,-0.9999998437405908
BoxingPractice,27,veryfast,llc-load-misses,359862812.0,5585.0,-359857227.0,-0.999984480196859
Crosswalk,27,veryfast,llc-load-misses,256629440.0,5156.0,-256624284.0,-0.9999799087743012
CrowdRun,27,veryfast,llc-load-misses,110789482.0,6141.0,-110783341.0,-0.9999445705504788
DinnerSceneCropped,27,veryfast,llc-load-misses,98276680.0,4991.0,-98271689.0,-0.9999492148086403
FoodMarket,27,veryfast,llc-load-misses,101308395.0,1110.0,-101307285.0,-0.9999890433561799
FoodMarket2,27,veryfast,llc-load-misses,364034994.0,8662.0,-364026332.0,-0.9999762055842357
MeridianTalk_sdr,27,veryfast,llc-load-misses,92559759.0,3081.0,-92556678.0,-0.9999667133964771
Motorcycle,27,veryfast,llc-load-misses,108890944.0,595.0,-108890349.0,-0.9999945358174138
MountainBike,27,veryfast,llc-load-misses,70369955.0,0.0,-70369955.0,-1.0
Neon1224,27,veryfast,llc-load-misses,343794204.0,5111.0,-343789093.0,-0.999985133548092
NocturneDance_3840x2160p_8bit,27,veryfast,llc-load-misses,284697825.0,237.0,-284697588.0,-0.9999991675384243
OldTownCross,27,veryfast,llc-load-misses,113000221.0,2668.0,-112997553.0,-0.9999763894267074
PedestrianArea,27,veryfast,llc-load-misses,102939629.0,,,
PierSeaSide,27,veryfast,llc-load-misses,245203761.0,758.0,-245203003.0,-0.9999969086934193
RitualDance,27,veryfast,llc-load-misses,58106906.0,7.0,-58106899.0,-0.9999998795323916
Riverbed,27,veryfast,llc-load-misses,69705450.0,8475.0,-69696975.0,-0.9998784169673964
RushFieldCuts,27,veryfast,llc-load-misses,91559362.0,0.0,-91559362.0,-1.0
Skater227,27,veryfast,llc-load-misses,,5051.0,,
Tango,27,veryfast,llc-load-misses,406364885.0,1739.0,-406363146.0,-0.9999957205948048
TimeLapse,27,veryfast,llc-load-misses,239195308.0,3823.0,-239191485.0,-0.9999840172450205
ToddlerFountain,27,veryfast,llc-load-misses,102382870.0,4833.0,-102378037.0,-0.9999527948376521
TreesAndGrass_1920_1080,27,veryfast,llc-load-misses,120664096.0,,,
TunnelFlag,27,veryfast,llc-load-misses,95109176.0,2712.0,-95106464.0,-0.9999714854011562
Vertical_Carnaby,27,veryfast,llc-load-misses,60341290.0,1226.0,-60340064.0,-0.9999796822374861
Vertical_bees,27,veryfast,llc-load-misses,90730426.0,8365.0,-90722061.0,-0.9999078038055282
WalkingInStreet,27,veryfast,llc-load-misses,112902088.0,7577.0,-112894511.0,-0.9999328887522434
WorldCup_1920x1080_30p,27,veryfast,llc-load-misses,84012743.0,0.0,-84012743.0,-1.0
WorldCup_far_1920x1080_30p,27,veryfast,llc-load-misses,92370260.0,2043.0,-92368217.0,-0.9999778824916158
Aerial3200,32,veryfast,llc-load-misses,105383944.0,4981.0,-105378963.0,-0.9999527347353787
Boat,32,veryfast,llc-load-misses,95203395.0,4360.0,-95199035.0,-0.9999542033138629
BoxingPractice,32,veryfast,llc-load-misses,332606885.0,0.0,-332606885.0,-1.0
Crosswalk,32,veryfast,llc-load-misses,326278223.0,8068.0,-326270155.0,-0.9999752726371812
CrowdRun,32,veryfast,llc-load-misses,102968667.0,8261.0,-102960406.0,-0.9999197717107478
DinnerSceneCropped,32,veryfast,llc-load-misses,64927243.0,0.0,-64927243.0,-1.0
FoodMarket,32,veryfast,llc-load-misses,87733085.0,6525.0,-87726560.0,-0.9999256266891788
FoodMarket2,32,veryfast,llc-load-misses,290027008.0,0.0,-290027008.0,-1.0
MeridianTalk_sdr,32,veryfast,llc-load-misses,90777152.0,3594.0,-90773558.0,-0.9999604085398053
Motorcycle,32,veryfast,llc-load-misses,91245158.0,3990.0,-91241168.0,-0.9999562716522449
MountainBike,32,veryfast,llc-load-misses,66500983.0,,,
Neon1224,32,veryfast,llc-load-misses,327056938.0,6143.0,-327050795.0,-0.9999812173377591
NocturneDance_3840x2160p_8bit,32,veryfast,llc-load-misses,245788649.0,,,
OldTownCross,32,veryfast,llc-load-misses,93175769.0,,,
PedestrianArea,32,veryfast,llc-load-misses,86984908.0,2330.0,-86982578.0,-0.9999732137441589
PierSeaSide,32,veryfast,llc-load-misses,323394755.0,266.0,-323394489.0,-0.9999991774758376
RitualDance,32,veryfast,llc-load-misses,57750087.0,878.0,-57749209.0,-0.9999847965597004
Riverbed,32,veryfast,llc-load-misses,88571751.0,225.0,-88571526.0,-0.9999974596866669
RushFieldCuts,32,veryfast,llc-load-misses,97930347.0,6624.0,-97923723.0,-0.9999323600885434
Skater227,32,veryfast,llc-load-misses,4097.0,,,
Tango,32,veryfast,llc-load-misses,361968069.0,,,
TimeLapse,32,veryfast,llc-load-misses,349631182.0,7793.0,-349623389.0,-0.9999777107981176
ToddlerFountain,32,veryfast,llc-load-misses,90657238.0,5764.0,-90651474.0,-0.9999364198587211
TreesAndGrass_1920_1080,32,veryfast,llc-load-misses,74796929.0,8846.0,-74788083.0,-0.9998817331123314
TunnelFlag,32,veryfast,llc-load-misses,99472748.0,,,
Vertical_Carnaby,32,veryfast,llc-load-misses,80535805.0,0.0,-80535805.0,-1.0
Vertical_bees,32,veryfast,llc-load-misses,79631133.0,7032.0,-79624101.0,-0.999911692829989
WalkingInStreet,32,veryfast,llc-load-misses,102998101.0,4758.0,-102993343.0,-0.9999538049735499
WorldCup_1920x1080_30p,32,veryfast,llc-load-misses,91511637.0,0.0,-91511637.0,-1.0
WorldCup_far_1920x1080_30p,32,veryfast,llc-load-misses,92125078.0,2004.0,-92123074.0,-0.9999782469655005
Aerial3200,37,veryfast,llc-load-misses,99272485.0,36.0,-99272449.0,-0.9999996373617523
Boat,37,veryfast,llc-load-misses,88111136.0,7408.0,-88103728.0,-0.9999159243617061
BoxingPractice,37,veryfast,llc-load-misses,320586904.0,,,
Crosswalk,37,veryfast,llc-load-misses,316238645.0,934.0,-316237711.0,-0.9999970465342716
CrowdRun,37,veryfast,llc-load-misses,93662725.0,8493.0,-93654232.0,-0.9999093235863039
DinnerSceneCropped,37,veryfast,llc-load-misses,59701486.0,24.0,-59701462.0,-0.999999597999956
FoodMarket,37,veryfast,llc-load-misses,77918697.0,201.0,-77918496.0,-0.9999974203880745
FoodMarket2,37,veryfast,llc-load-misses,334740620.0,377.0,-334740243.0,-0.9999988737548493
MeridianTalk_sdr,37,veryfast,llc-load-misses,79395713.0,0.0,-79395713.0,-1.0
Motorcycle,37,veryfast,llc-load-misses,89529716.0,,,
MountainBike,37,veryfast,llc-load-misses,64044913.0,160.0,-64044753.0,-0.9999975017531837
Neon1224,37,veryfast,llc-load-misses,322216360.0,1209.0,-322215151.0,-0.9999962478627714
NocturneDance_3840x2160p_8bit,37,veryfast,llc-load-misses,229393750.0,0.0,-229393750.0,-1.0
OldTownCross,37,veryfast,llc-load-misses,61260728.0,5491.0,-61255237.0,-0.9999103667197686
PedestrianArea,37,veryfast,llc-load-misses,80668744.0,3794.0,-80664950.0,-0.999952968153316
PierSeaSide,37,veryfast,llc-load-misses,313895842.0,275.0,-313895567.0,-0.999999123913212
RitualDance,37,veryfast,llc-load-misses,57745080.0,1040.0,-57744040.0,-0.9999819898076165
Riverbed,37,veryfast,llc-load-misses,65923757.0,7064.0,-65916693.0,-0.999892845912893
RushFieldCuts,37,veryfast,llc-load-misses,61015696.0,56.0,-61015640.0,-0.9999990822033727
Skater227,37,veryfast,llc-load-misses,2671.0,6208.0,3537.0,1.3242231374017222
Tango,37,veryfast,llc-load-misses,321688846.0,,,
TimeLapse,37,veryfast,llc-load-misses,314462082.0,,,
ToddlerFountain,37,veryfast,llc-load-misses,83168594.0,,,
TreesAndGrass_1920_1080,37,veryfast,llc-load-misses,95118078.0,5858.0,-95112220.0,-0.9999384133897239
TunnelFlag,37,veryfast,llc-load-misses,76305085.0,,,
Vertical_Carnaby,37,veryfast,llc-load-misses,76664702.0,401.0,-76664301.0,-0.9999947694311784
Vertical_bees,37,veryfast,llc-load-misses,74809997.0,6370.0,-74803627.0,-0.99991485095234
WalkingInStreet,37,veryfast,llc-load-misses,64780051.0,3513.0,-64776538.0,-0.999945770342169
WorldCup_1920x1080_30p,37,veryfast,llc-load-misses,78081596.0,,,
WorldCup_far_1920x1080_30p,37,veryfast,llc-load-misses,63302257.0,5732.0,-63296525.0,-0.9999094503060135
Aerial3200,22,fast,llc-loads,544684671.0,14320.0,-544670351.0,-0.9999737095593791
Boat,22,fast,llc-loads,599828960.0,15396.0,-599813564.0,-0.9999743326831035
BoxingPractice,22,fast,llc-loads,2182106188.0,4017.0,-2182102171.0,-0.9999981591180016
Crosswalk,22,fast,llc-loads,2545432553.0,14954.0,-2545417599.0,-0.9999941251635277
CrowdRun,22,fast,llc-loads,696472259.0,14869.0,-696457390.0,-0.9999786509802683
DinnerSceneCropped,22,fast,llc-loads,673587380.0,15016.0,-673572364.0,-0.9999777074208249
FoodMarket,22,fast,llc-loads,568122451.0,3874.0,-568118577.0,-0.9999931810475133
FoodMarket2,22,fast,llc-loads,2399641851.0,15109.0,-2399626742.0,-0.999993703643736
MeridianTalk_sdr,22,fast,llc-loads,672636289.0,15737.0,-672620552.0,-0.9999766039979445
Motorcycle,22,fast,llc-loads,92830665.0,4035.0,-92826630.0,-0.9999565337596149
MountainBike,22,fast,llc-loads,547569090.0,16167.0,-547552923.0,-0.9999704749586943
Neon1224,22,fast,llc-loads,2485766055.0,4111.0,-2485761944.0,-0.9999983461838688
NocturneDance_3840x2160p_8bit,22,fast,llc-loads,2201514789.0,3927.0,-2201510862.0,-0.9999982162281991
OldTownCross,22,fast,llc-loads,622000910.0,4073.0,-621996837.0,-0.999993451778069
PedestrianArea,22,fast,llc-loads,542227159.0,15463.0,-542211696.0,-0.9999714824317755
PierSeaSide,22,fast,llc-loads,2439126035.0,15170.0,-2439110865.0,-0.9999937805591912
RitualDance,22,fast,llc-loads,78499731.0,3818.0,-78495913.0,-0.9999513628906576
Riverbed,22,fast,llc-loads,570902404.0,15203.0,-570887201.0,-0.9999733702294937
RushFieldCuts,22,fast,llc-loads,653208636.0,3912.0,-653204724.0,-0.9999940111018373
Skater227,22,fast,llc-loads,17379.0,16297.0,-1082.0,-0.06225904827665574
Tango,22,fast,llc-loads,2509393038.0,16672.0,-2509376366.0,-0.9999933561623279
TimeLapse,22,fast,llc-loads,2218092654.0,15081.0,-2218077573.0,-0.999993200915222
ToddlerFountain,22,fast,llc-loads,579506513.0,14865.0,-579491648.0,-0.999974348864652
TreesAndGrass_1920_1080,22,fast,llc-loads,589829482.0,14845.0,-589814637.0,-0.9999748317090735
TunnelFlag,22,fast,llc-loads,584745851.0,15418.0,-584730433.0,-0.9999736329894883
Vertical_Carnaby,22,fast,llc-loads,613693551.0,15416.0,-613678135.0,-0.9999748799706712
Vertical_bees,22,fast,llc-loads,536092479.0,15278.0,-536077201.0,-0.9999715011857124
WalkingInStreet,22,fast,llc-loads,525976663.0,14702.0,-525961961.0,-0.999972048189522
WorldCup_1920x1080_30p,22,fast,llc-loads,76520910.0,3883.0,-76517027.0,-0.999949255700174
WorldCup_far_1920x1080_30p,22,fast,llc-loads,84102412.0,3824.0,-84098588.0,-0.9999545316250859
Aerial3200,27,fast,llc-loads,525188056.0,15469.0,-525172587.0,-0.9999705457886499
Boat,27,fast,llc-loads,564169916.0,14876.0,-564155040.0,-0.9999736320573321
BoxingPractice,27,fast,llc-loads,294130083.0,14794.0,-294115289.0,-0.9999497025266878
Crosswalk,27,fast,llc-loads,323092987.0,15403.0,-323077584.0,-0.999952326418029
CrowdRun,27,fast,llc-loads,694418851.0,15332.0,-694403519.0,-0.9999779211062921
DinnerSceneCropped,27,fast,llc-loads,553996719.0,15182.0,-553981537.0,-0.9999725955055702
FoodMarket,27,fast,llc-loads,561945979.0,4053.0,-561941926.0,-0.9999927875629483
FoodMarket2,27,fast,llc-loads,2260363435.0,15088.0,-2260348347.0,-0.9999933249672304
MeridianTalk_sdr,27,fast,llc-loads,610059312.0,14944.0,-610044368.0,-0.9999755040211565
Motorcycle,27,fast,llc-loads,533109911.0,15190.0,-533094721.0,-0.9999715068137235
MountainBike,27,fast,llc-loads,559028053.0,15226.0,-559012827.0,-0.9999727634419806
Neon1224,27,fast,llc-loads,287694291.0,15213.0,-287679078.0,-0.9999471209527755
NocturneDance_3840x2160p_8bit,27,fast,llc-loads,2336361236.0,4620.0,-2336356616.0,-0.9999980225660617
OldTownCross,27,fast,llc-loads,99208440.0,3906.0,-99204534.0,-0.9999606283497654
PedestrianArea,27,fast,llc-loads,530562905.0,15607.0,-530547298.0,-0.9999705840724014
PierSeaSide,27,fast,llc-loads,1996092195.0,15632.0,-1996076563.0,-0.9999921686984002
RitualDance,27,fast,llc-loads,567061320.0,15050.0,-567046270.0,-0.9999734596604121
Riverbed,27,fast,llc-loads,596400940.0,3879.0,-596397061.0,-0.9999934959861062
RushFieldCuts,27,fast,llc-loads,556475616.0,15441.0,-556460175.0,-0.9999722521534529
Skater227,27,fast,llc-loads,16974.0,14792.0,-2182.0,-0.12854954636502886
Tango,27,fast,llc-loads,2668696620.0,4273.0,-2668692347.0,-0.9999983988438521
TimeLapse,27,fast,llc-loads,2153643769.0,15657.0,-2153628112.0,-0.9999927299954499
ToddlerFountain,27,fast,llc-loads,553789517.0,15271.0,-553774246.0,-0.9999724245412179
TreesAndGrass_1920_1080,27,fast,llc-loads,96836341.0,15620.0,-96820721.0,-0.9998386969206117
TunnelFlag,27,fast,llc-loads,642210677.0,15863.0,-642194814.0,-0.9999752993829469
Vertical_Carnaby,27,fast,llc-loads,501091696.0,3935.0,-501087761.0,-0.9999921471458589
Vertical_bees,27,fast,llc-loads,82605895.0,15727.0,-82590168.0,-0.9998096140717319
WalkingInStreet,27,fast,llc-loads,534147487.0,15842.0,-534131645.0,-0.9999703415247931
WorldCup_1920x1080_30p,27,fast,llc-loads,458623551.0,3973.0,-458619578.0,-0.9999913371217171
WorldCup_far_1920x1080_30p,27,fast,llc-loads,658906152.0,15618.0,-658890534.0,-0.9999762970797091
Aerial3200,32,fast,llc-loads,532615737.0,14871.0,-532600866.0,-0.9999720793079008
Boat,32,fast,llc-loads,548912607.0,15263.0,-548897344.0,-0.9999721941165035
BoxingPractice,32,fast,llc-loads,280679319.0,15963.0,-280663356.0,-0.9999431272668864
Crosswalk,32,fast,llc-loads,2029846301.0,15265.0,-2029831036.0,-0.999992479726178
CrowdRun,32,fast,llc-loads,529931198.0,15494.0,-529915704.0,-0.9999707622422336
DinnerSceneCropped,32,fast,llc-loads,541462147.0,15413.0,-541446734.0,-0.9999715344829082
FoodMarket,32,fast,llc-loads,78018600.0,3800.0,-78014800.0,-0.9999512936658694
FoodMarket2,32,fast,llc-loads,2173215589.0,15506.0,-2173200083.0,-0.9999928649508689
MeridianTalk_sdr,32,fast,llc-loads,473841957.0,4199.0,-473837758.0,-0.9999911383955389
Motorcycle,32,fast,llc-loads,494427165.0,14197.0,-494412968.0,-0.9999712859628171
MountainBike,32,fast,llc-loads,499443148.0,15158.0,-499427990.0,-0.9999696501993056
Neon1224,32,fast,llc-loads,279796933.0,15319.0,-279781614.0,-0.9999452495785578
NocturneDance_3840x2160p_8bit,32,fast,llc-loads,2404285535.0,3872.0,-2404281663.0,-0.9999983895423635
OldTownCross,32,fast,llc-loads,85046497.0,4061.0,-85042436.0,-0.9999522496499768
PedestrianArea,32,fast,llc-loads,496702936.0,14576.0,-496688360.0,-0.9999706544919638
PierSeaSide,32,fast,llc-loads,1956588353.0,17173.0,-1956571180.0,-0.9999912229877206
RitualDance,32,fast,llc-loads,488409917.0,16100.0,-488393817.0,-0.9999670358863741
Riverbed,32,fast,llc-loads,84089951.0,14731.0,-84075220.0,-0.9998248185446083
RushFieldCuts,32,fast,llc-loads,594405986.0,3791.0,-594402195.0,-0.9999936222042017
Skater227,32,fast,llc-loads,5037.0,15577.0,10540.0,2.092515386142545
Tango,32,fast,llc-loads,300133798.0,15476.0,-300118322.0,-0.9999484363303862
TimeLapse,32,fast,llc-loads,2119719264.0,15323.0,-2119703941.0,-0.9999927712125561
ToddlerFountain,32,fast,llc-loads,516008635.0,15350.0,-515993285.0,-0.999970252435795
TreesAndGrass_1920_1080,32,fast,llc-loads,566380660.0,15837.0,-566364823.0,-0.9999720382401476
TunnelFlag,32,fast,llc-loads,512451432.0,16151.0,-512435281.0,-0.9999684828668798
Vertical_Carnaby,32,fast,llc-loads,448292745.0,15466.0,-448277279.0,-0.9999655002224049
Vertical_bees,32,fast,llc-loads,470296649.0,15406.0,-470281243.0,-0.9999672419524299
WalkingInStreet,32,fast,llc-loads,82227371.0,15911.0,-82211460.0,-0.9998064999548629
WorldCup_1920x1080_30p,32,fast,llc-loads,478595384.0,15707.0,-478579677.0,-0.9999671810457745
WorldCup_far_1920x1080_30p,32,fast,llc-loads,82620502.0,14923.0,-82605579.0,-0.999819378972062
Aerial3200,37,fast,llc-loads,541790632.0,15109.0,-541775523.0,-0.9999721128437673
Boat,37,fast,llc-loads,528774092.0,15208.0,-528758884.0,-0.999971239135521
BoxingPractice,37,fast,llc-loads,1815028851.0,15677.0,-1815013174.0,-0.999991362671733
Crosswalk,37,fast,llc-loads,2191362338.0,14882.0,-2191347456.0,-0.9999932087908321
CrowdRun,37,fast,llc-loads,546838897.0,15837.0,-546823060.0,-0.99997103900237
DinnerSceneCropped,37,fast,llc-loads,421404441.0,15306.0,-421389135.0,-0.9999636785982519
FoodMarket,37,fast,llc-loads,80682453.0,3981.0,-80678472.0,-0.999950658416397
FoodMarket2,37,fast,llc-loads,1971747042.0,15282.0,-1971731760.0,-0.9999922495129069
MeridianTalk_sdr,37,fast,llc-loads,451101356.0,14569.0,-451086787.0,-0.999967703488792
Motorcycle,37,fast,llc-loads,472314496.0,14676.0,-472299820.0,-0.9999689274834368
MountainBike,37,fast,llc-loads,501054152.0,17282.0,-501036870.0,-0.9999655087181076
Neon1224,37,fast,llc-loads,1794206521.0,16041.0,-1794190480.0,-0.9999910595576305
NocturneDance_3840x2160p_8bit,37,fast,llc-loads,1868667191.0,15179.0,-1868652012.0,-0.9999918770982479
OldTownCross,37,fast,llc-loads,77511173.0,15701.0,-77495472.0,-0.9997974356548571
PedestrianArea,37,fast,llc-loads,452367884.0,15083.0,-452352801.0,-0.9999666576683857
PierSeaSide,37,fast,llc-loads,2208535379.0,14914.0,-2208520465.0,-0.9999932471084041
RitualDance,37,fast,llc-loads,452126981.0,15080.0,-452111901.0,-0.9999666465381768
Riverbed,37,fast,llc-loads,549173020.0,15237.0,-549157783.0,-0.9999722546457217
RushFieldCuts,37,fast,llc-loads,563814474.0,3867.0,-563810607.0,-0.9999931413608938
Skater227,37,fast,llc-loads,17622.0,15456.0,-2166.0,-0.12291453864487573
Tango,37,fast,llc-loads,2257103861.0,15013.0,-2257088848.0,-0.9999933485559706
TimeLapse,37,fast,llc-loads,1990565564.0,15790.0,-1990549774.0,-0.9999920675810505
ToddlerFountain,37,fast,llc-loads,78516924.0,15788.0,-78501136.0,-0.9997989223317001
TreesAndGrass_1920_1080,37,fast,llc-loads,86104257.0,16098.0,-86088159.0,-0.9998130406026267
TunnelFlag,37,fast,llc-loads,594437861.0,15978.0,-594421883.0,-0.9999731208238097
Vertical_Carnaby,37,fast,llc-loads,475085922.0,3889.0,-475082033.0,-0.9999918141123112
Vertical_bees,37,fast,llc-loads,453954406.0,15242.0,-453939164.0,-0.9999664239408219
WalkingInStreet,37,fast,llc-loads,626177121.0,15687.0,-626161434.0,-0.9999749479828088
WorldCup_1920x1080_30p,37,fast,llc-loads,70658986.0,15368.0,-70643618.0,-0.9997825046626059
WorldCup_far_1920x1080_30p,37,fast,llc-loads,483656161.0,4074.0,-483652087.0,-0.9999915766605938
Aerial3200,22,faster,llc-loads,579673227.0,14615.0,-579658612.0,-0.9999747875193828
Boat,22,faster,llc-loads,597100221.0,15082.0,-597085139.0,-0.9999747412587208
BoxingPractice,22,faster,llc-loads,2360392415.0,4803.0,-2360387612.0,-0.9999979651688552
Crosswalk,22,faster,llc-loads,2261184559.0,15502.0,-2261169057.0,-0.9999931443013184
CrowdRun,22,faster,llc-loads,645348500.0,15523.0,-645332977.0,-0.9999759463297737
DinnerSceneCropped,22,faster,llc-loads,102160882.0,3914.0,-102156968.0,-0.9999616878797112
FoodMarket,22,faster,llc-loads,625641419.0,15650.0,-625625769.0,-0.9999749856714649
FoodMarket2,22,faster,llc-loads,2679611167.0,15560.0,-2679595607.0,-0.999994193187358
MeridianTalk_sdr,22,faster,llc-loads,628424535.0,15489.0,-628409046.0,-0.999975352649145
Motorcycle,22,faster,llc-loads,548861031.0,4120.0,-548856911.0,-0.9999924935461486
MountainBike,22,faster,llc-loads,535574959.0,19239.0,-535555720.0,-0.9999640778574937
Neon1224,22,faster,llc-loads,2124250369.0,15402.0,-2124234967.0,-0.9999927494422387
NocturneDance_3840x2160p_8bit,22,faster,llc-loads,2316823267.0,15069.0,-2316808198.0,-0.9999934958353472
OldTownCross,22,faster,llc-loads,598128953.0,14976.0,-598113977.0,-0.9999749619209622
PedestrianArea,22,faster,llc-loads,529912936.0,15346.0,-529897590.0,-0.9999710405257969
PierSeaSide,22,faster,llc-loads,2233590575.0,15077.0,-2233575498.0,-0.9999932498819754
RitualDance,22,faster,llc-loads,488746872.0,3937.0,-488742935.0,-0.9999919447054794
Riverbed,22,faster,llc-loads,561887696.0,15402.0,-561872294.0,-0.9999725888284978
RushFieldCuts,22,faster,llc-loads,568519378.0,15198.0,-568504180.0,-0.9999732674019777
Skater227,22,faster,llc-loads,17597.0,15051.0,-2546.0,-0.14468375291242824
Tango,22,faster,llc-loads,2235027028.0,15386.0,-2235011642.0,-0.999993115966918
TimeLapse,22,faster,llc-loads,2617468598.0,15647.0,-2617452951.0,-0.9999940220868315
ToddlerFountain,22,faster,llc-loads,731607030.0,4080.0,-731602950.0,-0.9999944232356542
TreesAndGrass_1920_1080,22,faster,llc-loads,551819894.0,16237.0,-551803657.0,-0.999970575544346
TunnelFlag,22,faster,llc-loads,664235641.0,16087.0,-664219554.0,-0.9999757811851593
Vertical_Carnaby,22,faster,llc-loads,602337364.0,4292.0,-602333072.0,-0.9999928744251038
Vertical_bees,22,faster,llc-loads,82977528.0,3929.0,-82973599.0,-0.9999526498306867
WalkingInStreet,22,faster,llc-loads,644614407.0,15266.0,-644599141.0,-0.9999763176251815
WorldCup_1920x1080_30p,22,faster,llc-loads,538925253.0,3921.0,-538921332.0,-0.9999927244084812
WorldCup_far_1920x1080_30p,22,faster,llc-loads,523663522.0,15531.0,-523647991.0,-0.9999703416423953
Aerial3200,27,faster,llc-loads,543650869.0,14702.0,-543636167.0,-0.9999729569088576
Boat,27,faster,llc-loads,598358139.0,14768.0,-598343371.0,-0.9999753191290676
BoxingPractice,27,faster,llc-loads,293918813.0,15244.0,-293903569.0,-0.9999481353376315
Crosswalk,27,faster,llc-loads,2114341247.0,15363.0,-2114325884.0,-0.9999927339070636
CrowdRun,27,faster,llc-loads,739420189.0,15672.0,-739404517.0,-0.9999788050147492
DinnerSceneCropped,27,faster,llc-loads,86798198.0,4193.0,-86794005.0,-0.9999516925455065
FoodMarket,27,faster,llc-loads,670919095.0,15221.0,-670903874.0,-0.999977313210917
FoodMarket2,27,faster,llc-loads,2289961635.0,15248.0,-2289946387.0,-0.9999933413731623
MeridianTalk_sdr,27,faster,llc-loads,505460577.0,15482.0,-505445095.0,-0.999969370509384
Motorcycle,27,faster,llc-loads,650007412.0,15830.0,-649991582.0,-0.9999756464315518
MountainBike,27,faster,llc-loads,517984894.0,15678.0,-517969216.0,-0.9999697327080739
Neon1224,27,faster,llc-loads,2084853592.0,15479.0,-2084838113.0,-0.9999925754978386
NocturneDance_3840x2160p_8bit,27,faster,llc-loads,293864394.0,4015.0,-293860379.0,-0.9999863372355345
OldTownCross,27,faster,llc-loads,622345582.0,15083.0,-622330499.0,-0.9999757642691838
PedestrianArea,27,faster,llc-loads,542963727.0,14906.0,-542948821.0,-0.9999725469690538
PierSeaSide,27,faster,llc-loads,2029655674.0,15452.0,-2029640222.0,-0.9999923868860132
RitualDance,27,faster,llc-loads,470108463.0,31700.0,-470076763.0,-0.9999325687527562
Riverbed,27,faster,llc-loads,574938864.0,15404.0,-574923460.0,-0.99997320758612
RushFieldCuts,27,faster,llc-loads,604419460.0,15161.0,-604404299.0,-0.9999749164264169
Skater227,27,faster,llc-loads,17620.0,15618.0,-2002.0,-0.11362088535754825
Tango,27,faster,llc-loads,2352899147.0,15377.0,-2352883770.0,-0.9999934646582623
TimeLapse,27,faster,llc-loads,2585551480.0,15368.0,-2585536112.0,-0.999994056200343
ToddlerFountain,27,faster,llc-loads,83724662.0,15655.0,-83709007.0,-0.9998130180567346
TreesAndGrass_1920_1080,27,faster,llc-loads,682244461.0,15201.0,-682229260.0,-0.9999777191302107
TunnelFlag,27,faster,llc-loads,526213934.0,14866.0,-526199068.0,-0.9999717491327396
Vertical_Carnaby,27,faster,llc-loads,484829373.0,4245.0,-484825128.0,-0.9999912443423679
Vertical_bees,27,faster,llc-loads,83491634.0,4147.0,-83487487.0,-0.9999503303528591
WalkingInStreet,27,faster,llc-loads,505353936.0,15110.0,-505338826.0,-0.9999701001636208
WorldCup_1920x1080_30p,27,faster,llc-loads,502368545.0,3913.0,-502364632.0,-0.9999922108976788
WorldCup_far_1920x1080_30p,27,faster,llc-loads,614366036.0,14943.0,-614351093.0,-0.9999756773663836
Aerial3200,32,faster,llc-loads,536172211.0,14860.0,-536157351.0,-0.9999722850239249
Boat,32,faster,llc-loads,556420308.0,15496.0,-556404812.0,-0.9999721505491852
BoxingPractice,32,faster,llc-loads,1968198260.0,3942.0,-1968194318.0,-0.9999979971529901
Crosswalk,32,faster,llc-loads,2286255396.0,16902.0,-2286238494.0,-0.9999926071251578
CrowdRun,32,faster,llc-loads,650394820.0,14357.0,-650380463.0,-0.999977925715952
DinnerSceneCropped,32,faster,llc-loads,78260019.0,15085.0,-78244934.0,-0.999807245127298
FoodMarket,32,faster,llc-loads,575186303.0,15226.0,-575171077.0,-0.9999735285768792
FoodMarket2,32,faster,llc-loads,2272721928.0,26591.0,-2272695337.0,-0.9999882999324852
MeridianTalk_sdr,32,faster,llc-loads,482748288.0,15003.0,-482733285.0,-0.9999689216919605
Motorcycle,32,faster,llc-loads,534102245.0,15052.0,-534087193.0,-0.9999718181300661
MountainBike,32,faster,llc-loads,495010147.0,15195.0,-494994952.0,-0.999969303659547
Neon1224,32,faster,llc-loads,1912938234.0,3841.0,-1912934393.0,-0.9999979920940825
NocturneDance_3840x2160p_8bit,32,faster,llc-loads,2076440482.0,15064.0,-2076425418.0,-0.9999927452772518
OldTownCross,32,faster,llc-loads,519453765.0,15207.0,-519438558.0,-0.9999707250172689
PedestrianArea,32,faster,llc-loads,497498015.0,16294.0,-497481721.0,-0.9999672481105276
PierSeaSide,32,faster,llc-loads,1951087151.0,15122.0,-1951072029.0,-0.9999922494492405
RitualDance,32,faster,llc-loads,449423837.0,15197.0,-449408640.0,-0.9999661855942011
Riverbed,32,faster,llc-loads,535295876.0,4158.0,-535291718.0,-0.9999922323332078
RushFieldCuts,32,faster,llc-loads,77613479.0,4020.0,-77609459.0,-0.9999482048730222
Skater227,32,faster,llc-loads,18329.0,4060.0,-14269.0,-0.7784930983687053
Tango,32,faster,llc-loads,1941258329.0,15912.0,-1941242417.0,-0.9999918032547435
TimeLapse,32,faster,llc-loads,2072815112.0,15536.0,-2072799576.0,-0.9999925048790362
ToddlerFountain,32,faster,llc-loads,538317201.0,15379.0,-538301822.0,-0.9999714313420203
TreesAndGrass_1920_1080,32,faster,llc-loads,568281902.0,14910.0,-568266992.0,-0.9999737630215787
TunnelFlag,32,faster,llc-loads,599936805.0,14863.0,-599921942.0,-0.9999752257239827
Vertical_Carnaby,32,faster,llc-loads,477268248.0,16044.0,-477252204.0,-0.9999663836845061
Vertical_bees,32,faster,llc-loads,524613102.0,3745.0,-524609357.0,-0.9999928614058899
WalkingInStreet,32,faster,llc-loads,491692541.0,15100.0,-491677441.0,-0.9999692897517435
WorldCup_1920x1080_30p,32,faster,llc-loads,475756211.0,3800.0,-475752411.0,-0.9999920127159412
WorldCup_far_1920x1080_30p,32,faster,llc-loads,520162236.0,4083.0,-520158153.0,-0.9999921505258986
Aerial3200,37,faster,llc-loads,542522997.0,14607.0,-542508390.0,-0.999973075795716
Boat,37,faster,llc-loads,544228400.0,15105.0,-544213295.0,-0.9999722451088551
BoxingPractice,37,faster,llc-loads,1832349223.0,3897.0,-1832345326.0,-0.9999978732220086
Crosswalk,37,faster,llc-loads,1933367323.0,3988.0,-1933363335.0,-0.9999979372776437
CrowdRun,37,faster,llc-loads,638893015.0,14973.0,-638878042.0,-0.9999765641513548
DinnerSceneCropped,37,faster,llc-loads,460941101.0,16295.0,-460924806.0,-0.9999646484117718
FoodMarket,37,faster,llc-loads,547401364.0,3901.0,-547397463.0,-0.9999928736019738
FoodMarket2,37,faster,llc-loads,2082327490.0,14954.0,-2082312536.0,-0.9999928186127918
MeridianTalk_sdr,37,faster,llc-loads,432975461.0,4022.0,-432971439.0,-0.9999907107899586
Motorcycle,37,faster,llc-loads,506016122.0,15265.0,-506000857.0,-0.9999698329769817
MountainBike,37,faster,llc-loads,513446774.0,15616.0,-513431158.0,-0.9999695859419305
Neon1224,37,faster,llc-loads,1999918098.0,3911.0,-1999914187.0,-0.999998044419917
NocturneDance_3840x2160p_8bit,37,faster,llc-loads,2002361933.0,3961.0,-2002357972.0,-0.9999980218361453
OldTownCross,37,faster,llc-loads,77326521.0,3966.0,-77322555.0,-0.9999487109991667
PedestrianArea,37,faster,llc-loads,483772520.0,15166.0,-483757354.0,-0.999968650555017
PierSeaSide,37,faster,llc-loads,2124481859.0,15368.0,-2124466491.0,-0.9999927662361837
RitualDance,37,faster,llc-loads,70248111.0,3924.0,-70244187.0,-0.9999441408467197
Riverbed,37,faster,llc-loads,484724879.0,15423.0,-484709456.0,-0.9999681819509
RushFieldCuts,37,faster,llc-loads,79990332.0,15241.0,-79975091.0,-0.9998094644737816
Skater227,37,faster,llc-loads,17235.0,15186.0,-2049.0,-0.11888598781549173
Tango,37,faster,llc-loads,1971304808.0,15151.0,-1971289657.0,-0.9999923142276432
TimeLapse,37,faster,llc-loads,1882363965.0,15269.0,-1882348696.0,-0.9999918883912549
ToddlerFountain,37,faster,llc-loads,488219000.0,16344.0,-488202656.0,-0.9999665232201123
TreesAndGrass_1920_1080,37,faster,llc-loads,87676979.0,15847.0,-87661132.0,-0.9998192570024567
TunnelFlag,37,faster,llc-loads,457262675.0,15015.0,-457247660.0,-0.9999671632940519
Vertical_Carnaby,37,faster,llc-loads,70716618.0,15860.0,-70700758.0,-0.9997757245687287
Vertical_bees,37,faster,llc-loads,505197517.0,4078.0,-505193439.0,-0.9999919279096536
WalkingInStreet,37,faster,llc-loads,485409373.0,15603.0,-485393770.0,-0.9999678559977044
WorldCup_1920x1080_30p,37,faster,llc-loads,447874737.0,3834.0,-447870903.0,-0.9999914395707477
WorldCup_far_1920x1080_30p,37,faster,llc-loads,555395702.0,15533.0,-555380169.0,-0.9999720325527474
Aerial3200,22,superfast,llc-loads,501923284.0,14459.0,-501908825.0,-0.9999711928088197
Boat,22,superfast,llc-loads,651988624.0,14775.0,-651973849.0,-0.9999773385616618
BoxingPractice,22,superfast,llc-loads,2304375210.0,15308.0,-2304359902.0,-0.9999933569846032
Crosswalk,22,superfast,llc-loads,2408773435.0,15124.0,-2408758311.0,-0.9999937212857879
CrowdRun,22,superfast,llc-loads,578474252.0,15680.0,-578458572.0,-0.9999728942127575
DinnerSceneCropped,22,superfast,llc-loads,78474719.0,3819.0,-78470900.0,-0.9999513346457475
FoodMarket,22,superfast,llc-loads,555849348.0,15443.0,-555833905.0,-0.9999722172922293
FoodMarket2,22,superfast,llc-loads,2190096355.0,15438.0,-2190080917.0,-0.9999929509950717
MeridianTalk_sdr,22,superfast,llc-loads,611496929.0,15941.0,-611480988.0,-0.9999739311855154
Motorcycle,22,superfast,llc-loads,509452491.0,15212.0,-509437279.0,-0.9999701404934341
MountainBike,22,superfast,llc-loads,70496749.0,15696.0,-70481053.0,-0.9997773514350285
Neon1224,22,superfast,llc-loads,2025580381.0,15461.0,-2025564920.0,-0.9999923671259137
NocturneDance_3840x2160p_8bit,22,superfast,llc-loads,253968169.0,3697.0,-253964472.0,-0.9999854430576298
OldTownCross,22,superfast,llc-loads,560312273.0,14968.0,-560297305.0,-0.9999732863249275
PedestrianArea,22,superfast,llc-loads,609044870.0,15666.0,-609029204.0,-0.9999742777572365
PierSeaSide,22,superfast,llc-loads,2116758936.0,15241.0,-2116743695.0,-0.999992799841427
RitualDance,22,superfast,llc-loads,457202115.0,4029.0,-457198086.0,-0.9999911877048075
Riverbed,22,superfast,llc-loads,552905408.0,15460.0,-552889948.0,-0.9999720386167755
RushFieldCuts,22,superfast,llc-loads,499771375.0,15033.0,-499756342.0,-0.9999699202460325
Skater227,22,superfast,llc-loads,17202.0,15382.0,-1820.0,-0.10580165097081734
Tango,22,superfast,llc-loads,2621770005.0,3936.0,-2621766069.0,-0.9999984987241473
TimeLapse,22,superfast,llc-loads,267621774.0,15272.0,-267606502.0,-0.9999429343891876
ToddlerFountain,22,superfast,llc-loads,551333242.0,15653.0,-551317589.0,-0.9999716088223826
TreesAndGrass_1920_1080,22,superfast,llc-loads,646970649.0,15270.0,-646955379.0,-0.999976397692811
TunnelFlag,22,superfast,llc-loads,638616345.0,15636.0,-638600709.0,-0.999975515816151
Vertical_Carnaby,22,superfast,llc-loads,545977208.0,15420.0,-545961788.0,-0.9999717570627966
Vertical_bees,22,superfast,llc-loads,478123778.0,3855.0,-478119923.0,-0.999991937234295
WalkingInStreet,22,superfast,llc-loads,525865866.0,3751.0,-525862115.0,-0.9999928670023241
WorldCup_1920x1080_30p,22,superfast,llc-loads,460431710.0,3893.0,-460427817.0,-0.9999915448916409
WorldCup_far_1920x1080_30p,22,superfast,llc-loads,506385833.0,15272.0,-506370561.0,-0.9999698411783965
Aerial3200,27,superfast,llc-loads,502001003.0,14534.0,-501986469.0,-0.9999710478666115
Boat,27,superfast,llc-loads,614823328.0,15457.0,-614807871.0,-0.9999748594445005
BoxingPractice,27,superfast,llc-loads,2046861375.0,15556.0,-2046845819.0,-0.9999924000715485
Crosswalk,27,superfast,llc-loads,2002860151.0,14983.0,-2002845168.0,-0.9999925191981115
CrowdRun,27,superfast,llc-loads,665932972.0,15998.0,-665916974.0,-0.9999759765611966
DinnerSceneCropped,27,superfast,llc-loads,70169692.0,3850.0,-70165842.0,-0.9999451330069968
FoodMarket,27,superfast,llc-loads,68700678.0,4105.0,-68696573.0,-0.9999402480423847
FoodMarket2,27,superfast,llc-loads,261434970.0,15425.0,-261419545.0,-0.9999409987118403
MeridianTalk_sdr,27,superfast,llc-loads,479267614.0,15439.0,-479252175.0,-0.9999677862648153
Motorcycle,27,superfast,llc-loads,501325378.0,15284.0,-501310094.0,-0.999969512814091
MountainBike,27,superfast,llc-loads,497689119.0,14980.0,-497674139.0,-0.9999699008890729
Neon1224,27,superfast,llc-loads,1859808848.0,15302.0,-1859793546.0,-0.999991772272717
NocturneDance_3840x2160p_8bit,27,superfast,llc-loads,2394744980.0,3848.0,-2394741132.0,-0.9999983931483176
OldTownCross,27,superfast,llc-loads,529103249.0,15024.0,-529088225.0,-0.9999716047859687
PedestrianArea,27,superfast,llc-loads,503564485.0,15250.0,-503549235.0,-0.9999697158944797
PierSeaSide,27,superfast,llc-loads,2259485123.0,4062.0,-2259481061.0,-0.9999982022452998
RitualDance,27,superfast,llc-loads,423369182.0,3893.0,-423365289.0,-0.9999908047156819
Riverbed,27,superfast,llc-loads,529577770.0,3915.0,-529573855.0,-0.9999926073180904
RushFieldCuts,27,superfast,llc-loads,526746712.0,15026.0,-526731686.0,-0.9999714739557786
Skater227,27,superfast,llc-loads,18048.0,15667.0,-2381.0,-0.13192597517730498
Tango,27,superfast,llc-loads,269570040.0,4006.0,-269566034.0,-0.9999851392981208
TimeLapse,27,superfast,llc-loads,1973844079.0,15303.0,-1973828776.0,-0.9999922471079845
ToddlerFountain,27,superfast,llc-loads,506270053.0,15365.0,-506254688.0,-0.9999696505848826
TreesAndGrass_1920_1080,27,superfast,llc-loads,543517826.0,15237.0,-543502589.0,-0.9999719659608736
TunnelFlag,27,superfast,llc-loads,553635640.0,3891.0,-553631749.0,-0.9999929719119961
Vertical_Carnaby,27,superfast,llc-loads,564478133.0,3892.0,-564474241.0,-0.9999931051359257
Vertical_bees,27,superfast,llc-loads,469596559.0,15244.0,-469581315.0,-0.999967538092629
WalkingInStreet,27,superfast,llc-loads,76952982.0,3918.0,-76949064.0,-0.9999490857937123
WorldCup_1920x1080_30p,27,superfast,llc-loads,445283009.0,15307.0,-445267702.0,-0.9999656241094077
WorldCup_far_1920x1080_30p,27,superfast,llc-loads,612075831.0,14820.0,-612061011.0,-0.9999757873138435
Aerial3200,32,superfast,llc-loads,490399776.0,15920.0,-490383856.0,-0.9999675366899026
Boat,32,superfast,llc-loads,609760259.0,15477.0,-609744782.0,-0.9999746178932268
BoxingPractice,32,superfast,llc-loads,1832394677.0,15123.0,-1832379554.0,-0.9999917468653506
Crosswalk,32,superfast,llc-loads,1847863320.0,15024.0,-1847848296.0,-0.999991869528532
CrowdRun,32,superfast,llc-loads,655766789.0,15712.0,-655751077.0,-0.9999760402626916
DinnerSceneCropped,32,superfast,llc-loads,550142012.0,3874.0,-550138138.0,-0.9999929581818594
FoodMarket,32,superfast,llc-loads,490430856.0,3908.0,-490426948.0,-0.9999920314964847
FoodMarket2,32,superfast,llc-loads,2089914170.0,15357.0,-2089898813.0,-0.9999926518513438
MeridianTalk_sdr,32,superfast,llc-loads,445341697.0,14960.0,-445326737.0,-0.999966407816513
Motorcycle,32,superfast,llc-loads,490215702.0,15210.0,-490200492.0,-0.9999689728420816
MountainBike,32,superfast,llc-loads,481077314.0,15358.0,-481061956.0,-0.9999680758174351
Neon1224,32,superfast,llc-loads,1881078997.0,15085.0,-1881063912.0,-0.9999919806664026
NocturneDance_3840x2160p_8bit,32,superfast,llc-loads,2031172353.0,3946.0,-2031168407.0,-0.9999980572795834
OldTownCross,32,superfast,llc-loads,508421214.0,15116.0,-508406098.0,-0.9999702687464965
PedestrianArea,32,superfast,llc-loads,436051971.0,4005.0,-436047966.0,-0.9999908153149937
PierSeaSide,32,superfast,llc-loads,240262710.0,14996.0,-240247714.0,-0.9999375849876995
RitualDance,32,superfast,llc-loads,62157939.0,4012.0,-62153927.0,-0.9999354547453705
Riverbed,32,superfast,llc-loads,639106687.0,3832.0,-639102855.0,-0.9999940041309566
RushFieldCuts,32,superfast,llc-loads,487519960.0,4046.0,-487515914.0,-0.9999917008526173
Skater227,32,superfast,llc-loads,18300.0,14893.0,-3407.0,-0.18617486338797815
Tango,32,superfast,llc-loads,252494148.0,15294.0,-252478854.0,-0.9999394282991462
TimeLapse,32,superfast,llc-loads,2319182445.0,15317.0,-2319167128.0,-0.9999933955174449
ToddlerFountain,32,superfast,llc-loads,512771812.0,16307.0,-512755505.0,-0.9999681983299035
TreesAndGrass_1920_1080,32,superfast,llc-loads,523397226.0,15044.0,-523382182.0,-0.9999712570123557
TunnelFlag,32,superfast,llc-loads,478076043.0,3947.0,-478072096.0,-0.9999917439912378
Vertical_Carnaby,32,superfast,llc-loads,440295440.0,15476.0,-440279964.0,-0.9999648508737679
Vertical_bees,32,superfast,llc-loads,66713090.0,15218.0,-66697872.0,-0.9997718888452026
WalkingInStreet,32,superfast,llc-loads,526054642.0,15432.0,-526039210.0,-0.9999706646443773
WorldCup_1920x1080_30p,32,superfast,llc-loads,63595109.0,15423.0,-63579686.0,-0.9997574813497057
WorldCup_far_1920x1080_30p,32,superfast,llc-loads,490261666.0,4248.0,-490257418.0,-0.9999913352393331
Aerial3200,37,superfast,llc-loads,488037239.0,15089.0,-488022150.0,-0.9999690822773465
Boat,37,superfast,llc-loads,541312886.0,14814.0,-541298072.0,-0.99997263320275
BoxingPractice,37,superfast,llc-loads,1745695448.0,14906.0,-1745680542.0,-0.9999914612826555
Crosswalk,37,superfast,llc-loads,1791836380.0,15852.0,-1791820528.0,-0.9999911532100939
CrowdRun,37,superfast,llc-loads,614432733.0,15729.0,-614417004.0,-0.999974400777896
DinnerSceneCropped,37,superfast,llc-loads,419608882.0,15887.0,-419592995.0,-0.999962138551681
FoodMarket,37,superfast,llc-loads,462052926.0,15408.0,-462037518.0,-0.9999666531708101
FoodMarket2,37,superfast,llc-loads,2048950610.0,15735.0,-2048934875.0,-0.9999923204591057
MeridianTalk_sdr,37,superfast,llc-loads,482642499.0,3853.0,-482638646.0,-0.9999920168654688
Motorcycle,37,superfast,llc-loads,476063254.0,15130.0,-476048124.0,-0.9999682185090472
MountainBike,37,superfast,llc-loads,474595186.0,15005.0,-474580181.0,-0.9999683835815393
Neon1224,37,superfast,llc-loads,1690945491.0,14918.0,-1690930573.0,-0.9999911777167985
NocturneDance_3840x2160p_8bit,37,superfast,llc-loads,231733523.0,15522.0,-231718001.0,-0.9999330178914166
OldTownCross,37,superfast,llc-loads,465219100.0,15262.0,-465203838.0,-0.999967193952269
PedestrianArea,37,superfast,llc-loads,66926434.0,4274.0,-66922160.0,-0.9999361388356655
PierSeaSide,37,superfast,llc-loads,1691368855.0,15132.0,-1691353723.0,-0.9999910534003537
RitualDance,37,superfast,llc-loads,60699474.0,15232.0,-60684242.0,-0.9997490587809706
Riverbed,37,superfast,llc-loads,63928861.0,15533.0,-63913328.0,-0.9997570267988976
RushFieldCuts,37,superfast,llc-loads,62376691.0,14905.0,-62361786.0,-0.9997610485621945
Skater227,37,superfast,llc-loads,16938.0,16010.0,-928.0,-0.05478805053725351
Tango,37,superfast,llc-loads,1785283193.0,15369.0,-1785267824.0,-0.9999913912817529
TimeLapse,37,superfast,llc-loads,1762825783.0,15731.0,-1762810052.0,-0.999991076259406
ToddlerFountain,37,superfast,llc-loads,447015378.0,4018.0,-447011360.0,-0.999991011494911
TreesAndGrass_1920_1080,37,superfast,llc-loads,486434491.0,14919.0,-486419572.0,-0.999969329888657
TunnelFlag,37,superfast,llc-loads,516852642.0,3920.0,-516848722.0,-0.9999924156332357
Vertical_Carnaby,37,superfast,llc-loads,61844327.0,15580.0,-61828747.0,-0.9997480771356765
Vertical_bees,37,superfast,llc-loads,410478908.0,15259.0,-410463649.0,-0.9999628263481932
WalkingInStreet,37,superfast,llc-loads,87084764.0,4070.0,-87080694.0,-0.999953263925708
WorldCup_1920x1080_30p,37,superfast,llc-loads,397706835.0,15597.0,-397691238.0,-0.9999607826704814
WorldCup_far_1920x1080_30p,37,superfast,llc-loads,559331881.0,4057.0,-559327824.0,-0.999992746703455
Aerial3200,22,veryfast,llc-loads,546341546.0,15517.0,-546326029.0,-0.9999715983525075
Boat,22,veryfast,llc-loads,575071950.0,14759.0,-575057191.0,-0.9999743353853374
BoxingPractice,22,veryfast,llc-loads,2324481854.0,16035.0,-2324465819.0,-0.9999931016884591
Crosswalk,22,veryfast,llc-loads,2382558067.0,16148.0,-2382541919.0,-0.9999932224107259
CrowdRun,22,veryfast,llc-loads,596450434.0,15553.0,-596434881.0,-0.9999739240696067
DinnerSceneCropped,22,veryfast,llc-loads,575982870.0,15098.0,-575967772.0,-0.9999737874148931
FoodMarket,22,veryfast,llc-loads,630360407.0,14860.0,-630345547.0,-0.9999764261843939
FoodMarket2,22,veryfast,llc-loads,2767634519.0,14980.0,-2767619539.0,-0.9999945874356252
MeridianTalk_sdr,22,veryfast,llc-loads,671017778.0,15232.0,-671002546.0,-0.9999773001543336
Motorcycle,22,veryfast,llc-loads,661451411.0,14854.0,-661436557.0,-0.9999775433240402
MountainBike,22,veryfast,llc-loads,88932051.0,14625.0,-88917426.0,-0.9998355486032814
Neon1224,22,veryfast,llc-loads,2174292357.0,15315.0,-2174277042.0,-0.9999929563290094
NocturneDance_3840x2160p_8bit,22,veryfast,llc-loads,2319880447.0,15066.0,-2319865381.0,-0.9999935056998219
OldTownCross,22,veryfast,llc-loads,629615365.0,15804.0,-629599561.0,-0.999974898960733
PedestrianArea,22,veryfast,llc-loads,571092083.0,14912.0,-571077171.0,-0.9999738886241923
PierSeaSide,22,veryfast,llc-loads,2182686491.0,4108.0,-2182682383.0,-0.9999981179156893
RitualDance,22,veryfast,llc-loads,475619841.0,15578.0,-475604263.0,-0.999967246950911
Riverbed,22,veryfast,llc-loads,577576336.0,4161.0,-577572175.0,-0.9999927957574771
RushFieldCuts,22,veryfast,llc-loads,91950648.0,15143.0,-91935505.0,-0.9998353138305235
Skater227,22,veryfast,llc-loads,18110.0,16267.0,-1843.0,-0.10176697956929873
Tango,22,veryfast,llc-loads,2369450996.0,16136.0,-2369434860.0,-0.9999931899836598
TimeLapse,22,veryfast,llc-loads,2137969252.0,4188.0,-2137965064.0,-0.9999980411317908
ToddlerFountain,22,veryfast,llc-loads,585556705.0,15002.0,-585541703.0,-0.9999743799364401
TreesAndGrass_1920_1080,22,veryfast,llc-loads,581942362.0,15219.0,-581927143.0,-0.9999738479255098
TunnelFlag,22,veryfast,llc-loads,562740417.0,15910.0,-562724507.0,-0.9999717276393887
Vertical_Carnaby,22,veryfast,llc-loads,80078961.0,16004.0,-80062957.0,-0.9998001472571554
Vertical_bees,22,veryfast,llc-loads,491465761.0,15378.0,-491450383.0,-0.9999687099260613
WalkingInStreet,22,veryfast,llc-loads,621403958.0,15767.0,-621388191.0,-0.9999746268111154
WorldCup_1920x1080_30p,22,veryfast,llc-loads,484576822.0,15064.0,-484561758.0,-0.999968913081856
WorldCup_far_1920x1080_30p,22,veryfast,llc-loads,536357472.0,3950.0,-536353522.0,-0.9999926355085811
Aerial3200,27,veryfast,llc-loads,556117802.0,15386.0,-556102416.0,-0.9999723332000079
Boat,27,veryfast,llc-loads,583432970.0,14949.0,-583418021.0,-0.9999743775193233
BoxingPractice,27,veryfast,llc-loads,2094150436.0,15428.0,-2094135008.0,-0.999992632811982
Crosswalk,27,veryfast,llc-loads,306849934.0,15233.0,-306834701.0,-0.9999503568412044
CrowdRun,27,veryfast,llc-loads,600929569.0,15707.0,-600913862.0,-0.9999738621615406
DinnerSceneCropped,27,veryfast,llc-loads,566939940.0,15244.0,-566924696.0,-0.9999731117902895
FoodMarket,27,veryfast,llc-loads,569350905.0,14993.0,-569335912.0,-0.9999736665036125
FoodMarket2,27,veryfast,llc-loads,2182692811.0,15581.0,-2182677230.0,-0.999992861569928
MeridianTalk_sdr,27,veryfast,llc-loads,621012041.0,16142.0,-620995899.0,-0.9999740069452212
Motorcycle,27,veryfast,llc-loads,516862437.0,15781.0,-516846656.0,-0.9999694676980366
MountainBike,27,veryfast,llc-loads,83389464.0,3871.0,-83385593.0,-0.9999535792675199
Neon1224,27,veryfast,llc-loads,2001923091.0,15867.0,-2001907224.0,-0.9999920741210931
NocturneDance_3840x2160p_8bit,27,veryfast,llc-loads,2534440201.0,4088.0,-2534436113.0,-0.9999983870205348
OldTownCross,27,veryfast,llc-loads,596493696.0,15442.0,-596478254.0,-0.9999741120482856
PedestrianArea,27,veryfast,llc-loads,622236576.0,15356.0,-622221220.0,-0.9999753212835885
PierSeaSide,27,veryfast,llc-loads,289724242.0,15133.0,-289709109.0,-0.9999477675741059
RitualDance,27,veryfast,llc-loads,69837827.0,3985.0,-69833842.0,-0.999942939232631
Riverbed,27,veryfast,llc-loads,85266346.0,14947.0,-85251399.0,-0.9998247022336338
RushFieldCuts,27,veryfast,llc-loads,568734065.0,4045.0,-568730020.0,-0.9999928877128188
Skater227,27,veryfast,llc-loads,5150.0,14933.0,9783.0,1.8996116504854368
Tango,27,veryfast,llc-loads,2192371818.0,15681.0,-2192356137.0,-0.9999928474723716
TimeLapse,27,veryfast,llc-loads,295722691.0,15154.0,-295707537.0,-0.9999487560459133
ToddlerFountain,27,veryfast,llc-loads,613724325.0,15556.0,-613708769.0,-0.9999746531148167
TreesAndGrass_1920_1080,27,veryfast,llc-loads,690857566.0,15954.0,-690841612.0,-0.9999769069620351
TunnelFlag,27,veryfast,llc-loads,579329383.0,16248.0,-579313135.0,-0.9999719537788402
Vertical_Carnaby,27,veryfast,llc-loads,75206949.0,15825.0,-75191124.0,-0.999789580614419
Vertical_bees,27,veryfast,llc-loads,517205726.0,15586.0,-517190140.0,-0.9999698649894684
WalkingInStreet,27,veryfast,llc-loads,530397105.0,15942.0,-530381163.0,-0.9999699432748601
WorldCup_1920x1080_30p,27,veryfast,llc-loads,466335061.0,15045.0,-466320016.0,-0.9999677377892888
WorldCup_far_1920x1080_30p,27,veryfast,llc-loads,525045461.0,4084.0,-525041377.0,-0.9999922216259289
Aerial3200,32,veryfast,llc-loads,540386227.0,15089.0,-540371138.0,-0.9999720773786487
Boat,32,veryfast,llc-loads,544105904.0,14868.0,-544091036.0,-0.9999726744372912
BoxingPractice,32,veryfast,llc-loads,2098270616.0,15543.0,-2098255073.0,-0.9999925924712086
Crosswalk,32,veryfast,llc-loads,2005935479.0,15464.0,-2005920015.0,-0.9999922908786639
CrowdRun,32,veryfast,llc-loads,542086494.0,15993.0,-542070501.0,-0.9999704973280519
DinnerSceneCropped,32,veryfast,llc-loads,79447138.0,3991.0,-79443147.0,-0.9999497653395645
FoodMarket,32,veryfast,llc-loads,582669192.0,15413.0,-582653779.0,-0.9999735475974848
FoodMarket2,32,veryfast,llc-loads,2505393554.0,15459.0,-2505378095.0,-0.9999938297119128
MeridianTalk_sdr,32,veryfast,llc-loads,580642114.0,16253.0,-580625861.0,-0.9999720085753201
Motorcycle,32,veryfast,llc-loads,516192224.0,15256.0,-516176968.0,-0.9999704451185224
MountainBike,32,veryfast,llc-loads,79369574.0,3984.0,-79365590.0,-0.9999498044426949
Neon1224,32,veryfast,llc-loads,1956926400.0,15428.0,-1956910972.0,-0.9999921162083562
NocturneDance_3840x2160p_8bit,32,veryfast,llc-loads,285294523.0,3951.0,-285290572.0,-0.9999861511536974
OldTownCross,32,veryfast,llc-loads,559192607.0,3906.0,-559188701.0,-0.9999930149291119
PedestrianArea,32,veryfast,llc-loads,473520819.0,16424.0,-473504395.0,-0.9999653151469988
PierSeaSide,32,veryfast,llc-loads,1928453879.0,15143.0,-1928438736.0,-0.9999921475954572
RitualDance,32,veryfast,llc-loads,73175662.0,4047.0,-73171615.0,-0.9999446947265062
Riverbed,32,veryfast,llc-loads,522554203.0,4270.0,-522549933.0,-0.9999918285988794
RushFieldCuts,32,veryfast,llc-loads,575217544.0,15599.0,-575201945.0,-0.999972881564266
Skater227,32,veryfast,llc-loads,17320.0,4114.0,-13206.0,-0.7624711316397229
Tango,32,veryfast,llc-loads,1990698629.0,15365.0,-1990683264.0,-0.9999922816041684
TimeLapse,32,veryfast,llc-loads,2073927242.0,15475.0,-2073911767.0,-0.9999925383110426
ToddlerFountain,32,veryfast,llc-loads,538334563.0,15292.0,-538319271.0,-0.9999715938729351
TreesAndGrass_1920_1080,32,veryfast,llc-loads,88791604.0,15592.0,-88776012.0,-0.9998243978113066
TunnelFlag,32,veryfast,llc-loads,615849932.0,16142.0,-615833790.0,-0.9999737890691202
Vertical_Carnaby,32,veryfast,llc-loads,546549224.0,15935.0,-546533289.0,-0.999970844346126
Vertical_bees,32,veryfast,llc-loads,481295771.0,15382.0,-481280389.0,-0.9999680404422253
WalkingInStreet,32,veryfast,llc-loads,518765345.0,16000.0,-518749345.0,-0.9999691575388483
WorldCup_1920x1080_30p,32,veryfast,llc-loads,569428487.0,15437.0,-569413050.0,-0.9999728903622624
WorldCup_far_1920x1080_30p,32,veryfast,llc-loads,624667389.0,4122.0,-624663267.0,-0.9999934012883135
Aerial3200,37,veryfast,llc-loads,531515856.0,15535.0,-531500321.0,-0.999970772273631
Boat,37,veryfast,llc-loads,521105239.0,15437.0,-521089802.0,-0.9999703764252502
BoxingPractice,37,veryfast,llc-loads,1932335598.0,16051.0,-1932319547.0,-0.9999916934718707
Crosswalk,37,veryfast,llc-loads,1903024571.0,15736.0,-1903008835.0,-0.9999917310578961
CrowdRun,37,veryfast,llc-loads,551758355.0,15798.0,-551742557.0,-0.9999713679007181
DinnerSceneCropped,37,veryfast,llc-loads,82482122.0,3925.0,-82478197.0,-0.9999524139303787
FoodMarket,37,veryfast,llc-loads,480196838.0,15967.0,-480180871.0,-0.9999667490521876
FoodMarket2,37,veryfast,llc-loads,2097043293.0,4359.0,-2097038934.0,-0.9999979213590799
MeridianTalk_sdr,37,veryfast,llc-loads,461119101.0,15068.0,-461104033.0,-0.9999673229758487
Motorcycle,37,veryfast,llc-loads,504499077.0,15148.0,-504483929.0,-0.9999699741769795
MountainBike,37,veryfast,llc-loads,80067786.0,3970.0,-80063816.0,-0.9999504170129045
Neon1224,37,veryfast,llc-loads,1958926696.0,15393.0,-1958911303.0,-0.9999921421255673
NocturneDance_3840x2160p_8bit,37,veryfast,llc-loads,274885426.0,3972.0,-274881454.0,-0.9999855503434365
OldTownCross,37,veryfast,llc-loads,77691897.0,15576.0,-77676321.0,-0.9997995157718957
PedestrianArea,37,veryfast,llc-loads,456731471.0,15774.0,-456715697.0,-0.9999654632951711
PierSeaSide,37,veryfast,llc-loads,1876270533.0,15264.0,-1876255269.0,-0.9999918647126139
RitualDance,37,veryfast,llc-loads,69859238.0,15582.0,-69843656.0,-0.9997769514749073
Riverbed,37,veryfast,llc-loads,90169783.0,15000.0,-90154783.0,-0.99983364715428
RushFieldCuts,37,veryfast,llc-loads,74267178.0,4188.0,-74262990.0,-0.9999436090058518
Skater227,37,veryfast,llc-loads,17195.0,15276.0,-1919.0,-0.11160220994475138
Tango,37,veryfast,llc-loads,2017127316.0,15577.0,-2017111739.0,-0.9999922776317209
TimeLapse,37,veryfast,llc-loads,1947509064.0,15075.0,-1947493989.0,-0.99999225934283
ToddlerFountain,37,veryfast,llc-loads,497678527.0,15866.0,-497662661.0,-0.9999681199828017
TreesAndGrass_1920_1080,37,veryfast,llc-loads,539889455.0,15288.0,-539874167.0,-0.9999716830920508
TunnelFlag,37,veryfast,llc-loads,566374074.0,15955.0,-566358119.0,-0.9999718295721284
Vertical_Carnaby,37,veryfast,llc-loads,426300570.0,15205.0,-426285365.0,-0.9999643326772939
Vertical_bees,37,veryfast,llc-loads,439045479.0,15743.0,-439029736.0,-0.9999641426668694
WalkingInStreet,37,veryfast,llc-loads,77669527.0,15666.0,-77653861.0,-0.9997982992737937
WorldCup_1920x1080_30p,37,veryfast,llc-loads,438904106.0,15085.0,-438889021.0,-0.9999656303055866
WorldCup_far_1920x1080_30p,37,veryfast,llc-loads,76846263.0,15183.0,-76831080.0,-0.9998024237040648
Aerial3200,22,fast,llc-store-misses,90412248.0,,,
Boat,22,fast,llc-store-misses,97183967.0,,,
BoxingPractice,22,fast,llc-store-misses,291730286.0,,,
Crosswalk,22,fast,llc-store-misses,301431730.0,,,
CrowdRun,22,fast,llc-store-misses,126453735.0,,,
DinnerSceneCropped,22,fast,llc-store-misses,137565139.0,,,
FoodMarket,22,fast,llc-store-misses,94487580.0,,,
FoodMarket2,22,fast,llc-store-misses,281716954.0,,,
MeridianTalk_sdr,22,fast,llc-store-misses,103089332.0,,,
Motorcycle,22,fast,llc-store-misses,92131874.0,,,
MountainBike,22,fast,llc-store-misses,93467766.0,,,
Neon1224,22,fast,llc-store-misses,369393425.0,,,
NocturneDance_3840x2160p_8bit,22,fast,llc-store-misses,314383888.0,,,
OldTownCross,22,fast,llc-store-misses,114506172.0,,,
PedestrianArea,22,fast,llc-store-misses,83559856.0,,,
PierSeaSide,22,fast,llc-store-misses,266990296.0,,,
RitualDance,22,fast,llc-store-misses,66010752.0,,,
Riverbed,22,fast,llc-store-misses,94222456.0,,,
RushFieldCuts,22,fast,llc-store-misses,128060301.0,,,
Skater227,22,fast,llc-store-misses,,,,
Tango,22,fast,llc-store-misses,271232134.0,,,
TimeLapse,22,fast,llc-store-misses,251638088.0,,,
ToddlerFountain,22,fast,llc-store-misses,99993840.0,,,
TreesAndGrass_1920_1080,22,fast,llc-store-misses,105239133.0,,,
TunnelFlag,22,fast,llc-store-misses,92709518.0,,,
Vertical_Carnaby,22,fast,llc-store-misses,101256998.0,,,
Vertical_bees,22,fast,llc-store-misses,77300364.0,,,
WalkingInStreet,22,fast,llc-store-misses,102765484.0,,,
WorldCup_1920x1080_30p,22,fast,llc-store-misses,65779860.0,,,
WorldCup_far_1920x1080_30p,22,fast,llc-store-misses,83570014.0,,,
Aerial3200,27,fast,llc-store-misses,83130325.0,,,
Boat,27,fast,llc-store-misses,90163165.0,,,
BoxingPractice,27,fast,llc-store-misses,250863658.0,,,
Crosswalk,27,fast,llc-store-misses,244404886.0,,,
CrowdRun,27,fast,llc-store-misses,110211504.0,,,
DinnerSceneCropped,27,fast,llc-store-misses,79478128.0,,,
FoodMarket,27,fast,llc-store-misses,77008217.0,,,
FoodMarket2,27,fast,llc-store-misses,286252227.0,,,
MeridianTalk_sdr,27,fast,llc-store-misses,94848952.0,,,
Motorcycle,27,fast,llc-store-misses,84402545.0,,,
MountainBike,27,fast,llc-store-misses,87641035.0,,,
Neon1224,27,fast,llc-store-misses,231976135.0,,,
NocturneDance_3840x2160p_8bit,27,fast,llc-store-misses,271622912.0,,,
OldTownCross,27,fast,llc-store-misses,94064537.0,,,
PedestrianArea,27,fast,llc-store-misses,71561868.0,,,
PierSeaSide,27,fast,llc-store-misses,256711555.0,,,
RitualDance,27,fast,llc-store-misses,90864072.0,,,
Riverbed,27,fast,llc-store-misses,79305842.0,,,
RushFieldCuts,27,fast,llc-store-misses,83805709.0,,,
Skater227,27,fast,llc-store-misses,,,,
Tango,27,fast,llc-store-misses,368145456.0,,,
TimeLapse,27,fast,llc-store-misses,262864992.0,,,
ToddlerFountain,27,fast,llc-store-misses,85975231.0,,,
TreesAndGrass_1920_1080,27,fast,llc-store-misses,97237445.0,,,
TunnelFlag,27,fast,llc-store-misses,92114323.0,,,
Vertical_Carnaby,27,fast,llc-store-misses,67051691.0,,,
Vertical_bees,27,fast,llc-store-misses,68966680.0,,,
WalkingInStreet,27,fast,llc-store-misses,95816004.0,,,
WorldCup_1920x1080_30p,27,fast,llc-store-misses,63642881.0,,,
WorldCup_far_1920x1080_30p,27,fast,llc-store-misses,111708527.0,,,
Aerial3200,32,fast,llc-store-misses,76478715.0,,,
Boat,32,fast,llc-store-misses,80261513.0,,,
BoxingPractice,32,fast,llc-store-misses,219323006.0,,,
Crosswalk,32,fast,llc-store-misses,234763327.0,,,
CrowdRun,32,fast,llc-store-misses,86737951.0,,,
DinnerSceneCropped,32,fast,llc-store-misses,66463679.0,,,
FoodMarket,32,fast,llc-store-misses,64580942.0,,,
FoodMarket2,32,fast,llc-store-misses,259150966.0,,,
MeridianTalk_sdr,32,fast,llc-store-misses,60542257.0,,,
Motorcycle,32,fast,llc-store-misses,79511300.0,,,
MountainBike,32,fast,llc-store-misses,75312577.0,,,
Neon1224,32,fast,llc-store-misses,207543951.0,,,
NocturneDance_3840x2160p_8bit,32,fast,llc-store-misses,321914679.0,,,
OldTownCross,32,fast,llc-store-misses,73900050.0,,,
PedestrianArea,32,fast,llc-store-misses,66994685.0,,,
PierSeaSide,32,fast,llc-store-misses,228103388.0,,,
RitualDance,32,fast,llc-store-misses,62384324.0,,,
Riverbed,32,fast,llc-store-misses,66990808.0,,,
RushFieldCuts,32,fast,llc-store-misses,82094582.0,,,
Skater227,32,fast,llc-store-misses,,,,
Tango,32,fast,llc-store-misses,223743628.0,,,
TimeLapse,32,fast,llc-store-misses,249261815.0,,,
ToddlerFountain,32,fast,llc-store-misses,76541920.0,,,
TreesAndGrass_1920_1080,32,fast,llc-store-misses,86829064.0,,,
TunnelFlag,32,fast,llc-store-misses,68486129.0,,,
Vertical_Carnaby,32,fast,llc-store-misses,59884057.0,,,
Vertical_bees,32,fast,llc-store-misses,67502361.0,,,
WalkingInStreet,32,fast,llc-store-misses,82379744.0,,,
WorldCup_1920x1080_30p,32,fast,llc-store-misses,60773672.0,,,
WorldCup_far_1920x1080_30p,32,fast,llc-store-misses,71294160.0,,,
Aerial3200,37,fast,llc-store-misses,71262350.0,,,
Boat,37,fast,llc-store-misses,73041983.0,,,
BoxingPractice,37,fast,llc-store-misses,216771086.0,,,
Crosswalk,37,fast,llc-store-misses,281480219.0,,,
CrowdRun,37,fast,llc-store-misses,75135864.0,,,
DinnerSceneCropped,37,fast,llc-store-misses,54841258.0,,,
FoodMarket,37,fast,llc-store-misses,59349653.0,,,
FoodMarket2,37,fast,llc-store-misses,245705811.0,,,
MeridianTalk_sdr,37,fast,llc-store-misses,55579863.0,,,
Motorcycle,37,fast,llc-store-misses,70735370.0,,,
MountainBike,37,fast,llc-store-misses,73885603.0,,,
Neon1224,37,fast,llc-store-misses,223857044.0,,,
NocturneDance_3840x2160p_8bit,37,fast,llc-store-misses,230546502.0,,,
OldTownCross,37,fast,llc-store-misses,62552803.0,,,
PedestrianArea,37,fast,llc-store-misses,59112399.0,,,
PierSeaSide,37,fast,llc-store-misses,284150470.0,,,
RitualDance,37,fast,llc-store-misses,57129302.0,,,
Riverbed,37,fast,llc-store-misses,69023752.0,,,
RushFieldCuts,37,fast,llc-store-misses,72873087.0,,,
Skater227,37,fast,llc-store-misses,,,,
Tango,37,fast,llc-store-misses,298606859.0,,,
TimeLapse,37,fast,llc-store-misses,228802564.0,,,
ToddlerFountain,37,fast,llc-store-misses,65258654.0,,,
TreesAndGrass_1920_1080,37,fast,llc-store-misses,77787200.0,,,
TunnelFlag,37,fast,llc-store-misses,88070746.0,,,
Vertical_Carnaby,37,fast,llc-store-misses,57546540.0,,,
Vertical_bees,37,fast,llc-store-misses,64288066.0,,,
WalkingInStreet,37,fast,llc-store-misses,106486029.0,,,
WorldCup_1920x1080_30p,37,fast,llc-store-misses,51991521.0,,,
WorldCup_far_1920x1080_30p,37,fast,llc-store-misses,67664489.0,,,
Aerial3200,22,faster,llc-store-misses,97419191.0,,,
Boat,22,faster,llc-store-misses,103869761.0,,,
BoxingPractice,22,faster,llc-store-misses,299994834.0,,,
Crosswalk,22,faster,llc-store-misses,324573364.0,,,
CrowdRun,22,faster,llc-store-misses,110162177.0,,,
DinnerSceneCropped,22,faster,llc-store-misses,99582724.0,,,
FoodMarket,22,faster,llc-store-misses,99632267.0,,,
FoodMarket2,22,faster,llc-store-misses,279181813.0,,,
MeridianTalk_sdr,22,faster,llc-store-misses,96644265.0,,,
Motorcycle,22,faster,llc-store-misses,90561287.0,,,
MountainBike,22,faster,llc-store-misses,93345618.0,,,
Neon1224,22,faster,llc-store-misses,286673388.0,,,
NocturneDance_3840x2160p_8bit,22,faster,llc-store-misses,282824274.0,,,
OldTownCross,22,faster,llc-store-misses,114844147.0,,,
PedestrianArea,22,faster,llc-store-misses,83965753.0,,,
PierSeaSide,22,faster,llc-store-misses,300468615.0,,,
RitualDance,22,faster,llc-store-misses,69960602.0,,,
Riverbed,22,faster,llc-store-misses,89135571.0,,,
RushFieldCuts,22,faster,llc-store-misses,93165695.0,,,
Skater227,22,faster,llc-store-misses,,,,
Tango,22,faster,llc-store-misses,257615035.0,,,
TimeLapse,22,faster,llc-store-misses,393330490.0,,,
ToddlerFountain,22,faster,llc-store-misses,136163913.0,,,
TreesAndGrass_1920_1080,22,faster,llc-store-misses,103574521.0,,,
TunnelFlag,22,faster,llc-store-misses,99765386.0,,,
Vertical_Carnaby,22,faster,llc-store-misses,86141067.0,,,
Vertical_bees,22,faster,llc-store-misses,74606061.0,,,
WalkingInStreet,22,faster,llc-store-misses,114364658.0,,,
WorldCup_1920x1080_30p,22,faster,llc-store-misses,72092070.0,,,
WorldCup_far_1920x1080_30p,22,faster,llc-store-misses,86074885.0,,,
Aerial3200,27,faster,llc-store-misses,83237109.0,,,
Boat,27,faster,llc-store-misses,91994351.0,,,
BoxingPractice,27,faster,llc-store-misses,248493599.0,,,
Crosswalk,27,faster,llc-store-misses,259056988.0,,,
CrowdRun,27,faster,llc-store-misses,105626962.0,,,
DinnerSceneCropped,27,faster,llc-store-misses,74785067.0,,,
FoodMarket,27,faster,llc-store-misses,92177877.0,,,
FoodMarket2,27,faster,llc-store-misses,278807430.0,,,
MeridianTalk_sdr,27,faster,llc-store-misses,68182952.0,,,
Motorcycle,27,faster,llc-store-misses,116395399.0,,,
MountainBike,27,faster,llc-store-misses,86906466.0,,,
Neon1224,27,faster,llc-store-misses,251335355.0,,,
NocturneDance_3840x2160p_8bit,27,faster,llc-store-misses,242441407.0,,,
OldTownCross,27,faster,llc-store-misses,95313969.0,,,
PedestrianArea,27,faster,llc-store-misses,71006970.0,,,
PierSeaSide,27,faster,llc-store-misses,255826209.0,,,
RitualDance,27,faster,llc-store-misses,66257239.0,,,
Riverbed,27,faster,llc-store-misses,80232737.0,,,
RushFieldCuts,27,faster,llc-store-misses,86057894.0,,,
Skater227,27,faster,llc-store-misses,,,,
Tango,27,faster,llc-store-misses,276346653.0,,,
TimeLapse,27,faster,llc-store-misses,357490412.0,,,
ToddlerFountain,27,faster,llc-store-misses,85033627.0,,,
TreesAndGrass_1920_1080,27,faster,llc-store-misses,114944988.0,,,
TunnelFlag,27,faster,llc-store-misses,77160491.0,,,
Vertical_Carnaby,27,faster,llc-store-misses,63923055.0,,,
Vertical_bees,27,faster,llc-store-misses,68915555.0,,,
WalkingInStreet,27,faster,llc-store-misses,94753595.0,,,
WorldCup_1920x1080_30p,27,faster,llc-store-misses,61301998.0,,,
WorldCup_far_1920x1080_30p,27,faster,llc-store-misses,95332628.0,,,
Aerial3200,32,faster,llc-store-misses,77616824.0,,,
Boat,32,faster,llc-store-misses,80970555.0,,,
BoxingPractice,32,faster,llc-store-misses,241332422.0,,,
Crosswalk,32,faster,llc-store-misses,258885593.0,,,
CrowdRun,32,faster,llc-store-misses,97448602.0,,,
DinnerSceneCropped,32,faster,llc-store-misses,59410444.0,,,
FoodMarket,32,faster,llc-store-misses,76318092.0,,,
FoodMarket2,32,faster,llc-store-misses,258039508.0,,,
MeridianTalk_sdr,32,faster,llc-store-misses,62201591.0,,,
Motorcycle,32,faster,llc-store-misses,79706864.0,,,
MountainBike,32,faster,llc-store-misses,79370503.0,,,
Neon1224,32,faster,llc-store-misses,233495446.0,,,
NocturneDance_3840x2160p_8bit,32,faster,llc-store-misses,208645200.0,,,
OldTownCross,32,faster,llc-store-misses,76239757.0,,,
PedestrianArea,32,faster,llc-store-misses,67143899.0,,,
PierSeaSide,32,faster,llc-store-misses,236011300.0,,,
RitualDance,32,faster,llc-store-misses,61202830.0,,,
Riverbed,32,faster,llc-store-misses,66999278.0,,,
RushFieldCuts,32,faster,llc-store-misses,73205060.0,,,
Skater227,32,faster,llc-store-misses,,,,
Tango,32,faster,llc-store-misses,239682420.0,,,
TimeLapse,32,faster,llc-store-misses,238438832.0,,,
ToddlerFountain,32,faster,llc-store-misses,76423848.0,,,
TreesAndGrass_1920_1080,32,faster,llc-store-misses,90318424.0,,,
TunnelFlag,32,faster,llc-store-misses,82260676.0,,,
Vertical_Carnaby,32,faster,llc-store-misses,63165910.0,,,
Vertical_bees,32,faster,llc-store-misses,68582860.0,,,
WalkingInStreet,32,faster,llc-store-misses,83760491.0,,,
WorldCup_1920x1080_30p,32,faster,llc-store-misses,61837926.0,,,
WorldCup_far_1920x1080_30p,32,faster,llc-store-misses,74970942.0,,,
Aerial3200,37,faster,llc-store-misses,69064542.0,,,
Boat,37,faster,llc-store-misses,76853642.0,,,
BoxingPractice,37,faster,llc-store-misses,219276199.0,,,
Crosswalk,37,faster,llc-store-misses,224797822.0,,,
CrowdRun,37,faster,llc-store-misses,89171294.0,,,
DinnerSceneCropped,37,faster,llc-store-misses,59510387.0,,,
FoodMarket,37,faster,llc-store-misses,66757863.0,,,
FoodMarket2,37,faster,llc-store-misses,238062663.0,,,
MeridianTalk_sdr,37,faster,llc-store-misses,56127525.0,,,
Motorcycle,37,faster,llc-store-misses,72751151.0,,,
MountainBike,37,faster,llc-store-misses,69581916.0,,,
Neon1224,37,faster,llc-store-misses,230546021.0,,,
NocturneDance_3840x2160p_8bit,37,faster,llc-store-misses,228206935.0,,,
OldTownCross,37,faster,llc-store-misses,63683674.0,,,
PedestrianArea,37,faster,llc-store-misses,60268927.0,,,
PierSeaSide,37,faster,llc-store-misses,231904922.0,,,
RitualDance,37,faster,llc-store-misses,53379706.0,,,
Riverbed,37,faster,llc-store-misses,63734419.0,,,
RushFieldCuts,37,faster,llc-store-misses,66436106.0,,,
Skater227,37,faster,llc-store-misses,,,,
Tango,37,faster,llc-store-misses,224794381.0,,,
TimeLapse,37,faster,llc-store-misses,231358203.0,,,
ToddlerFountain,37,faster,llc-store-misses,66609560.0,,,
TreesAndGrass_1920_1080,37,faster,llc-store-misses,81545984.0,,,
TunnelFlag,37,faster,llc-store-misses,63001254.0,,,
Vertical_Carnaby,37,faster,llc-store-misses,52361851.0,,,
Vertical_bees,37,faster,llc-store-misses,64412271.0,,,
WalkingInStreet,37,faster,llc-store-misses,81073368.0,,,
WorldCup_1920x1080_30p,37,faster,llc-store-misses,58271748.0,,,
WorldCup_far_1920x1080_30p,37,faster,llc-store-misses,71817573.0,,,
Aerial3200,22,superfast,llc-store-misses,67139054.0,,,
Boat,22,superfast,llc-store-misses,69539174.0,,,
BoxingPractice,22,superfast,llc-store-misses,221492704.0,,,
Crosswalk,22,superfast,llc-store-misses,203891604.0,,,
CrowdRun,22,superfast,llc-store-misses,72933474.0,,,
DinnerSceneCropped,22,superfast,llc-store-misses,74427396.0,,,
FoodMarket,22,superfast,llc-store-misses,62878715.0,,,
FoodMarket2,22,superfast,llc-store-misses,206571373.0,,,
MeridianTalk_sdr,22,superfast,llc-store-misses,62061058.0,,,
Motorcycle,22,superfast,llc-store-misses,64972428.0,,,
MountainBike,22,superfast,llc-store-misses,70189814.0,,,
Neon1224,22,superfast,llc-store-misses,195059990.0,,,
NocturneDance_3840x2160p_8bit,22,superfast,llc-store-misses,206044147.0,,,
OldTownCross,22,superfast,llc-store-misses,76846137.0,,,
PedestrianArea,22,superfast,llc-store-misses,62712718.0,,,
PierSeaSide,22,superfast,llc-store-misses,212392842.0,,,
RitualDance,22,superfast,llc-store-misses,50408845.0,,,
Riverbed,22,superfast,llc-store-misses,61222419.0,,,
RushFieldCuts,22,superfast,llc-store-misses,62603329.0,,,
Skater227,22,superfast,llc-store-misses,,,,
Tango,22,superfast,llc-store-misses,167332132.0,,,
TimeLapse,22,superfast,llc-store-misses,190455296.0,,,
ToddlerFountain,22,superfast,llc-store-misses,65800971.0,,,
TreesAndGrass_1920_1080,22,superfast,llc-store-misses,94347922.0,,,
TunnelFlag,22,superfast,llc-store-misses,84330678.0,,,
Vertical_Carnaby,22,superfast,llc-store-misses,65685801.0,,,
Vertical_bees,22,superfast,llc-store-misses,54150638.0,,,
WalkingInStreet,22,superfast,llc-store-misses,71680071.0,,,
WorldCup_1920x1080_30p,22,superfast,llc-store-misses,50547644.0,,,
WorldCup_far_1920x1080_30p,22,superfast,llc-store-misses,58060979.0,,,
Aerial3200,27,superfast,llc-store-misses,58377065.0,,,
Boat,27,superfast,llc-store-misses,80630532.0,,,
BoxingPractice,27,superfast,llc-store-misses,196358319.0,,,
Crosswalk,27,superfast,llc-store-misses,184737596.0,,,
CrowdRun,27,superfast,llc-store-misses,85176442.0,,,
DinnerSceneCropped,27,superfast,llc-store-misses,57889873.0,,,
FoodMarket,27,superfast,llc-store-misses,57224587.0,,,
FoodMarket2,27,superfast,llc-store-misses,207530332.0,,,
MeridianTalk_sdr,27,superfast,llc-store-misses,50342273.0,,,
Motorcycle,27,superfast,llc-store-misses,58799077.0,,,
MountainBike,27,superfast,llc-store-misses,61328891.0,,,
Neon1224,27,superfast,llc-store-misses,187464511.0,,,
NocturneDance_3840x2160p_8bit,27,superfast,llc-store-misses,194339491.0,,,
OldTownCross,27,superfast,llc-store-misses,64040798.0,,,
PedestrianArea,27,superfast,llc-store-misses,50843581.0,,,
PierSeaSide,27,superfast,llc-store-misses,168309419.0,,,
RitualDance,27,superfast,llc-store-misses,46963549.0,,,
Riverbed,27,superfast,llc-store-misses,53884561.0,,,
RushFieldCuts,27,superfast,llc-store-misses,58404405.0,,,
Skater227,27,superfast,llc-store-misses,,,,
Tango,27,superfast,llc-store-misses,201194562.0,,,
TimeLapse,27,superfast,llc-store-misses,188173504.0,,,
ToddlerFountain,27,superfast,llc-store-misses,58300569.0,,,
TreesAndGrass_1920_1080,27,superfast,llc-store-misses,65604258.0,,,
TunnelFlag,27,superfast,llc-store-misses,55524322.0,,,
Vertical_Carnaby,27,superfast,llc-store-misses,50327236.0,,,
Vertical_bees,27,superfast,llc-store-misses,52750485.0,,,
WalkingInStreet,27,superfast,llc-store-misses,76635609.0,,,
WorldCup_1920x1080_30p,27,superfast,llc-store-misses,44945307.0,,,
WorldCup_far_1920x1080_30p,27,superfast,llc-store-misses,64993208.0,,,
Aerial3200,32,superfast,llc-store-misses,54858024.0,,,
Boat,32,superfast,llc-store-misses,71607648.0,,,
BoxingPractice,32,superfast,llc-store-misses,173624621.0,,,
Crosswalk,32,superfast,llc-store-misses,169906568.0,,,
CrowdRun,32,superfast,llc-store-misses,75028249.0,,,
DinnerSceneCropped,32,superfast,llc-store-misses,62941306.0,,,
FoodMarket,32,superfast,llc-store-misses,47337174.0,,,
FoodMarket2,32,superfast,llc-store-misses,187719064.0,,,
MeridianTalk_sdr,32,superfast,llc-store-misses,43799635.0,,,
Motorcycle,32,superfast,llc-store-misses,56072550.0,,,
MountainBike,32,superfast,llc-store-misses,56894657.0,,,
Neon1224,32,superfast,llc-store-misses,179237009.0,,,
NocturneDance_3840x2160p_8bit,32,superfast,llc-store-misses,180579122.0,,,
OldTownCross,32,superfast,llc-store-misses,55011265.0,,,
PedestrianArea,32,superfast,llc-store-misses,46854141.0,,,
PierSeaSide,32,superfast,llc-store-misses,173752673.0,,,
RitualDance,32,superfast,llc-store-misses,45666234.0,,,
Riverbed,32,superfast,llc-store-misses,65746116.0,,,
RushFieldCuts,32,superfast,llc-store-misses,51006468.0,,,
Skater227,32,superfast,llc-store-misses,,,,
Tango,32,superfast,llc-store-misses,181746088.0,,,
TimeLapse,32,superfast,llc-store-misses,222822252.0,,,
ToddlerFountain,32,superfast,llc-store-misses,52015781.0,,,
TreesAndGrass_1920_1080,32,superfast,llc-store-misses,59999640.0,,,
TunnelFlag,32,superfast,llc-store-misses,49992497.0,,,
Vertical_Carnaby,32,superfast,llc-store-misses,52306807.0,,,
Vertical_bees,32,superfast,llc-store-misses,52193416.0,,,
WalkingInStreet,32,superfast,llc-store-misses,61320195.0,,,
WorldCup_1920x1080_30p,32,superfast,llc-store-misses,43360233.0,,,
WorldCup_far_1920x1080_30p,32,superfast,llc-store-misses,50272999.0,,,
Aerial3200,37,superfast,llc-store-misses,51364158.0,,,
Boat,37,superfast,llc-store-misses,48227827.0,,,
BoxingPractice,37,superfast,llc-store-misses,165688596.0,,,
Crosswalk,37,superfast,llc-store-misses,162477704.0,,,
CrowdRun,37,superfast,llc-store-misses,71848381.0,,,
DinnerSceneCropped,37,superfast,llc-store-misses,40745359.0,,,
FoodMarket,37,superfast,llc-store-misses,43663410.0,,,
FoodMarket2,37,superfast,llc-store-misses,183825603.0,,,
MeridianTalk_sdr,37,superfast,llc-store-misses,55833259.0,,,
Motorcycle,37,superfast,llc-store-misses,51868683.0,,,
MountainBike,37,superfast,llc-store-misses,52091814.0,,,
Neon1224,37,superfast,llc-store-misses,168447261.0,,,
NocturneDance_3840x2160p_8bit,37,superfast,llc-store-misses,169340382.0,,,
OldTownCross,37,superfast,llc-store-misses,47142938.0,,,
PedestrianArea,37,superfast,llc-store-misses,45286093.0,,,
PierSeaSide,37,superfast,llc-store-misses,170605529.0,,,
RitualDance,37,superfast,llc-store-misses,43836114.0,,,
Riverbed,37,superfast,llc-store-misses,45880378.0,,,
RushFieldCuts,37,superfast,llc-store-misses,50164229.0,,,
Skater227,37,superfast,llc-store-misses,,,,
Tango,37,superfast,llc-store-misses,166380825.0,,,
TimeLapse,37,superfast,llc-store-misses,166501169.0,,,
ToddlerFountain,37,superfast,llc-store-misses,45685927.0,,,
TreesAndGrass_1920_1080,37,superfast,llc-store-misses,55692087.0,,,
TunnelFlag,37,superfast,llc-store-misses,57801814.0,,,
Vertical_Carnaby,37,superfast,llc-store-misses,45463668.0,,,
Vertical_bees,37,superfast,llc-store-misses,48553082.0,,,
WalkingInStreet,37,superfast,llc-store-misses,64870105.0,,,
WorldCup_1920x1080_30p,37,superfast,llc-store-misses,43205722.0,,,
WorldCup_far_1920x1080_30p,37,superfast,llc-store-misses,52809245.0,,,
Aerial3200,22,veryfast,llc-store-misses,90790387.0,,,
Boat,22,veryfast,llc-store-misses,97847294.0,,,
BoxingPractice,22,veryfast,llc-store-misses,272394363.0,,,
Crosswalk,22,veryfast,llc-store-misses,288791841.0,,,
CrowdRun,22,veryfast,llc-store-misses,108560540.0,,,
DinnerSceneCropped,22,veryfast,llc-store-misses,99063717.0,,,
FoodMarket,22,veryfast,llc-store-misses,98529765.0,,,
FoodMarket2,22,veryfast,llc-store-misses,419869525.0,,,
MeridianTalk_sdr,22,veryfast,llc-store-misses,88049735.0,,,
Motorcycle,22,veryfast,llc-store-misses,106079340.0,,,
MountainBike,22,veryfast,llc-store-misses,92044987.0,,,
Neon1224,22,veryfast,llc-store-misses,299416248.0,,,
NocturneDance_3840x2160p_8bit,22,veryfast,llc-store-misses,303440244.0,,,
OldTownCross,22,veryfast,llc-store-misses,112656579.0,,,
PedestrianArea,22,veryfast,llc-store-misses,84200214.0,,,
PierSeaSide,22,veryfast,llc-store-misses,287787329.0,,,
RitualDance,22,veryfast,llc-store-misses,69604127.0,,,
Riverbed,22,veryfast,llc-store-misses,92355763.0,,,
RushFieldCuts,22,veryfast,llc-store-misses,92877493.0,,,
Skater227,22,veryfast,llc-store-misses,,,,
Tango,22,veryfast,llc-store-misses,351912271.0,,,
TimeLapse,22,veryfast,llc-store-misses,318681150.0,,,
ToddlerFountain,22,veryfast,llc-store-misses,97584769.0,,,
TreesAndGrass_1920_1080,22,veryfast,llc-store-misses,101712494.0,,,
TunnelFlag,22,veryfast,llc-store-misses,87780714.0,,,
Vertical_Carnaby,22,veryfast,llc-store-misses,68719635.0,,,
Vertical_bees,22,veryfast,llc-store-misses,78025250.0,,,
WalkingInStreet,22,veryfast,llc-store-misses,107798683.0,,,
WorldCup_1920x1080_30p,22,veryfast,llc-store-misses,68759381.0,,,
WorldCup_far_1920x1080_30p,22,veryfast,llc-store-misses,85695928.0,,,
Aerial3200,27,veryfast,llc-store-misses,84239169.0,,,
Boat,27,veryfast,llc-store-misses,87752088.0,,,
BoxingPractice,27,veryfast,llc-store-misses,254509103.0,,,
Crosswalk,27,veryfast,llc-store-misses,240182343.0,,,
CrowdRun,27,veryfast,llc-store-misses,95357922.0,,,
DinnerSceneCropped,27,veryfast,llc-store-misses,80626011.0,,,
FoodMarket,27,veryfast,llc-store-misses,81798232.0,,,
FoodMarket2,27,veryfast,llc-store-misses,274552752.0,,,
MeridianTalk_sdr,27,veryfast,llc-store-misses,89270806.0,,,
Motorcycle,27,veryfast,llc-store-misses,88905570.0,,,
MountainBike,27,veryfast,llc-store-misses,85949279.0,,,
Neon1224,27,veryfast,llc-store-misses,248961704.0,,,
NocturneDance_3840x2160p_8bit,27,veryfast,llc-store-misses,217816649.0,,,
OldTownCross,27,veryfast,llc-store-misses,94790923.0,,,
PedestrianArea,27,veryfast,llc-store-misses,82150224.0,,,
PierSeaSide,27,veryfast,llc-store-misses,232332163.0,,,
RitualDance,27,veryfast,llc-store-misses,57799385.0,,,
Riverbed,27,veryfast,llc-store-misses,75156162.0,,,
RushFieldCuts,27,veryfast,llc-store-misses,79149498.0,,,
Skater227,27,veryfast,llc-store-misses,,,,
Tango,27,veryfast,llc-store-misses,290923990.0,,,
TimeLapse,27,veryfast,llc-store-misses,231625954.0,,,
ToddlerFountain,27,veryfast,llc-store-misses,89613748.0,,,
TreesAndGrass_1920_1080,27,veryfast,llc-store-misses,131161887.0,,,
TunnelFlag,27,veryfast,llc-store-misses,80469973.0,,,
Vertical_Carnaby,27,veryfast,llc-store-misses,57560405.0,,,
Vertical_bees,27,veryfast,llc-store-misses,75799115.0,,,
WalkingInStreet,27,veryfast,llc-store-misses,94579005.0,,,
WorldCup_1920x1080_30p,27,veryfast,llc-store-misses,63799348.0,,,
WorldCup_far_1920x1080_30p,27,veryfast,llc-store-misses,78213757.0,,,
Aerial3200,32,veryfast,llc-store-misses,75721688.0,,,
Boat,32,veryfast,llc-store-misses,79575968.0,,,
BoxingPractice,32,veryfast,llc-store-misses,244525645.0,,,
Crosswalk,32,veryfast,llc-store-misses,235638282.0,,,
CrowdRun,32,veryfast,llc-store-misses,84537755.0,,,
DinnerSceneCropped,32,veryfast,llc-store-misses,62423130.0,,,
FoodMarket,32,veryfast,llc-store-misses,71509060.0,,,
FoodMarket2,32,veryfast,llc-store-misses,230809938.0,,,
MeridianTalk_sdr,32,veryfast,llc-store-misses,87780300.0,,,
Motorcycle,32,veryfast,llc-store-misses,76122802.0,,,
MountainBike,32,veryfast,llc-store-misses,74425919.0,,,
Neon1224,32,veryfast,llc-store-misses,232734277.0,,,
NocturneDance_3840x2160p_8bit,32,veryfast,llc-store-misses,217641344.0,,,
OldTownCross,32,veryfast,llc-store-misses,74681428.0,,,
PedestrianArea,32,veryfast,llc-store-misses,66234792.0,,,
PierSeaSide,32,veryfast,llc-store-misses,234775476.0,,,
RitualDance,32,veryfast,llc-store-misses,56698844.0,,,
Riverbed,32,veryfast,llc-store-misses,70827801.0,,,
RushFieldCuts,32,veryfast,llc-store-misses,83067588.0,,,
Skater227,32,veryfast,llc-store-misses,,,,
Tango,32,veryfast,llc-store-misses,250841167.0,,,
TimeLapse,32,veryfast,llc-store-misses,248489637.0,,,
ToddlerFountain,32,veryfast,llc-store-misses,77767110.0,,,
TreesAndGrass_1920_1080,32,veryfast,llc-store-misses,86288267.0,,,
TunnelFlag,32,veryfast,llc-store-misses,100683993.0,,,
Vertical_Carnaby,32,veryfast,llc-store-misses,67059796.0,,,
Vertical_bees,32,veryfast,llc-store-misses,66824261.0,,,
WalkingInStreet,32,veryfast,llc-store-misses,87632887.0,,,
WorldCup_1920x1080_30p,32,veryfast,llc-store-misses,84619334.0,,,
WorldCup_far_1920x1080_30p,32,veryfast,llc-store-misses,93711270.0,,,
Aerial3200,37,veryfast,llc-store-misses,69544550.0,,,
Boat,37,veryfast,llc-store-misses,71885707.0,,,
BoxingPractice,37,veryfast,llc-store-misses,222163332.0,,,
Crosswalk,37,veryfast,llc-store-misses,217011230.0,,,
CrowdRun,37,veryfast,llc-store-misses,77725569.0,,,
DinnerSceneCropped,37,veryfast,llc-store-misses,57340683.0,,,
FoodMarket,37,veryfast,llc-store-misses,62786259.0,,,
FoodMarket2,37,veryfast,llc-store-misses,241102149.0,,,
MeridianTalk_sdr,37,veryfast,llc-store-misses,58404953.0,,,
Motorcycle,37,veryfast,llc-store-misses,71585477.0,,,
MountainBike,37,veryfast,llc-store-misses,69860095.0,,,
Neon1224,37,veryfast,llc-store-misses,224041137.0,,,
NocturneDance_3840x2160p_8bit,37,veryfast,llc-store-misses,200010897.0,,,
OldTownCross,37,veryfast,llc-store-misses,63135327.0,,,
PedestrianArea,37,veryfast,llc-store-misses,60651966.0,,,
PierSeaSide,37,veryfast,llc-store-misses,220949702.0,,,
RitualDance,37,veryfast,llc-store-misses,51357305.0,,,
Riverbed,37,veryfast,llc-store-misses,66213321.0,,,
RushFieldCuts,37,veryfast,llc-store-misses,64642101.0,,,
Skater227,37,veryfast,llc-store-misses,,,,
Tango,37,veryfast,llc-store-misses,228505159.0,,,
TimeLapse,37,veryfast,llc-store-misses,223873732.0,,,
ToddlerFountain,37,veryfast,llc-store-misses,66087494.0,,,
TreesAndGrass_1920_1080,37,veryfast,llc-store-misses,79876011.0,,,
TunnelFlag,37,veryfast,llc-store-misses,74203274.0,,,
Vertical_Carnaby,37,veryfast,llc-store-misses,57799811.0,,,
Vertical_bees,37,veryfast,llc-store-misses,59361224.0,,,
WalkingInStreet,37,veryfast,llc-store-misses,72114787.0,,,
WorldCup_1920x1080_30p,37,veryfast,llc-store-misses,56906405.0,,,
WorldCup_far_1920x1080_30p,37,veryfast,llc-store-misses,62915670.0,,,
Aerial3200,22,fast,llc-stores,404561355.0,,,
Boat,22,fast,llc-stores,411024537.0,,,
BoxingPractice,22,fast,llc-stores,1576054031.0,,,
Crosswalk,22,fast,llc-stores,1576357990.0,,,
CrowdRun,22,fast,llc-stores,549632188.0,,,
DinnerSceneCropped,22,fast,llc-stores,537838942.0,,,
FoodMarket,22,fast,llc-stores,405294304.0,,,
FoodMarket2,22,fast,llc-stores,1626883984.0,,,
MeridianTalk_sdr,22,fast,llc-stores,532972804.0,,,
Motorcycle,22,fast,llc-stores,110680331.0,,,
MountainBike,22,fast,llc-stores,396585859.0,,,
Neon1224,22,fast,llc-stores,2029572745.0,,,
NocturneDance_3840x2160p_8bit,22,fast,llc-stores,1566081498.0,,,
OldTownCross,22,fast,llc-stores,423940240.0,,,
PedestrianArea,22,fast,llc-stores,390713873.0,,,
PierSeaSide,22,fast,llc-stores,1616281112.0,,,
RitualDance,22,fast,llc-stores,81694403.0,,,
Riverbed,22,fast,llc-stores,408131888.0,,,
RushFieldCuts,22,fast,llc-stores,543666965.0,,,
Skater227,22,fast,llc-stores,,,,
Tango,22,fast,llc-stores,1644933230.0,,,
TimeLapse,22,fast,llc-stores,1548233191.0,,,
ToddlerFountain,22,fast,llc-stores,420518645.0,,,
TreesAndGrass_1920_1080,22,fast,llc-stores,420990420.0,,,
TunnelFlag,22,fast,llc-stores,408119971.0,,,
Vertical_Carnaby,22,fast,llc-stores,498561959.0,,,
Vertical_bees,22,fast,llc-stores,375873768.0,,,
WalkingInStreet,22,fast,llc-stores,404077738.0,,,
WorldCup_1920x1080_30p,22,fast,llc-stores,82858554.0,,,
WorldCup_far_1920x1080_30p,22,fast,llc-stores,97843780.0,,,
Aerial3200,27,fast,llc-stores,388374996.0,,,
Boat,27,fast,llc-stores,405525000.0,,,
BoxingPractice,27,fast,llc-stores,295486475.0,,,
Crosswalk,27,fast,llc-stores,304524209.0,,,
CrowdRun,27,fast,llc-stores,541228415.0,,,
DinnerSceneCropped,27,fast,llc-stores,397098334.0,,,
FoodMarket,27,fast,llc-stores,387682049.0,,,
FoodMarket2,27,fast,llc-stores,1571297870.0,,,
MeridianTalk_sdr,27,fast,llc-stores,498409252.0,,,
Motorcycle,27,fast,llc-stores,397070936.0,,,
MountainBike,27,fast,llc-stores,390211309.0,,,
Neon1224,27,fast,llc-stores,277755744.0,,,
NocturneDance_3840x2160p_8bit,27,fast,llc-stores,1598816692.0,,,
OldTownCross,27,fast,llc-stores,114376759.0,,,
PedestrianArea,27,fast,llc-stores,386346085.0,,,
PierSeaSide,27,fast,llc-stores,1484196959.0,,,
RitualDance,27,fast,llc-stores,479143408.0,,,
Riverbed,27,fast,llc-stores,392906793.0,,,
RushFieldCuts,27,fast,llc-stores,406169034.0,,,
Skater227,27,fast,llc-stores,,,,
Tango,27,fast,llc-stores,2018071310.0,,,
TimeLapse,27,fast,llc-stores,1527248014.0,,,
ToddlerFountain,27,fast,llc-stores,411931393.0,,,
TreesAndGrass_1920_1080,27,fast,llc-stores,115996129.0,,,
TunnelFlag,27,fast,llc-stores,513906362.0,,,
Vertical_Carnaby,27,fast,llc-stores,374468315.0,,,
Vertical_bees,27,fast,llc-stores,85209832.0,,,
WalkingInStreet,27,fast,llc-stores,401521372.0,,,
WorldCup_1920x1080_30p,27,fast,llc-stores,365851421.0,,,
WorldCup_far_1920x1080_30p,27,fast,llc-stores,540079965.0,,,
Aerial3200,32,fast,llc-stores,382400234.0,,,
Boat,32,fast,llc-stores,397212952.0,,,
BoxingPractice,32,fast,llc-stores,274322403.0,,,
Crosswalk,32,fast,llc-stores,1429612921.0,,,
CrowdRun,32,fast,llc-stores,393257571.0,,,
DinnerSceneCropped,32,fast,llc-stores,377611018.0,,,
FoodMarket,32,fast,llc-stores,79229937.0,,,
FoodMarket2,32,fast,llc-stores,1544087156.0,,,
MeridianTalk_sdr,32,fast,llc-stores,361200771.0,,,
Motorcycle,32,fast,llc-stores,381385813.0,,,
MountainBike,32,fast,llc-stores,386859627.0,,,
Neon1224,32,fast,llc-stores,259665729.0,,,
NocturneDance_3840x2160p_8bit,32,fast,llc-stores,1904940819.0,,,
OldTownCross,32,fast,llc-stores,90118613.0,,,
PedestrianArea,32,fast,llc-stores,368986982.0,,,
PierSeaSide,32,fast,llc-stores,1410836170.0,,,
RitualDance,32,fast,llc-stores,364468877.0,,,
Riverbed,32,fast,llc-stores,81558710.0,,,
RushFieldCuts,32,fast,llc-stores,417955612.0,,,
Skater227,32,fast,llc-stores,,,,
Tango,32,fast,llc-stores,278207744.0,,,
TimeLapse,32,fast,llc-stores,1533755276.0,,,
ToddlerFountain,32,fast,llc-stores,387681372.0,,,
TreesAndGrass_1920_1080,32,fast,llc-stores,399526321.0,,,
TunnelFlag,32,fast,llc-stores,377035479.0,,,
Vertical_Carnaby,32,fast,llc-stores,364850272.0,,,
Vertical_bees,32,fast,llc-stores,363792541.0,,,
WalkingInStreet,32,fast,llc-stores,101175956.0,,,
WorldCup_1920x1080_30p,32,fast,llc-stores,352659873.0,,,
WorldCup_far_1920x1080_30p,32,fast,llc-stores,94992552.0,,,
Aerial3200,37,fast,llc-stores,384411680.0,,,
Boat,37,fast,llc-stores,387708325.0,,,
BoxingPractice,37,fast,llc-stores,1402844392.0,,,
Crosswalk,37,fast,llc-stores,1817044031.0,,,
CrowdRun,37,fast,llc-stores,395985992.0,,,
DinnerSceneCropped,37,fast,llc-stores,342671630.0,,,
FoodMarket,37,fast,llc-stores,79845379.0,,,
FoodMarket2,37,fast,llc-stores,1480813074.0,,,
MeridianTalk_sdr,37,fast,llc-stores,355464286.0,,,
Motorcycle,37,fast,llc-stores,374007313.0,,,
MountainBike,37,fast,llc-stores,379404870.0,,,
Neon1224,37,fast,llc-stores,1393419575.0,,,
NocturneDance_3840x2160p_8bit,37,fast,llc-stores,1421636873.0,,,
OldTownCross,37,fast,llc-stores,76985207.0,,,
PedestrianArea,37,fast,llc-stores,351706599.0,,,
PierSeaSide,37,fast,llc-stores,1785070754.0,,,
RitualDance,37,fast,llc-stores,354694537.0,,,
Riverbed,37,fast,llc-stores,391375234.0,,,
RushFieldCuts,37,fast,llc-stores,394269751.0,,,
Skater227,37,fast,llc-stores,,,,
Tango,37,fast,llc-stores,1820613021.0,,,
TimeLapse,37,fast,llc-stores,1450713973.0,,,
ToddlerFountain,37,fast,llc-stores,82960700.0,,,
TreesAndGrass_1920_1080,37,fast,llc-stores,94666690.0,,,
TunnelFlag,37,fast,llc-stores,485641333.0,,,
Vertical_Carnaby,37,fast,llc-stores,351626127.0,,,
Vertical_bees,37,fast,llc-stores,355313973.0,,,
WalkingInStreet,37,fast,llc-stores,514009779.0,,,
WorldCup_1920x1080_30p,37,fast,llc-stores,64509034.0,,,
WorldCup_far_1920x1080_30p,37,fast,llc-stores,369085185.0,,,
Aerial3200,22,faster,llc-stores,400507446.0,,,
Boat,22,faster,llc-stores,420954744.0,,,
BoxingPractice,22,faster,llc-stores,1594436478.0,,,
Crosswalk,22,faster,llc-stores,1569955530.0,,,
CrowdRun,22,faster,llc-stores,414818429.0,,,
DinnerSceneCropped,22,faster,llc-stores,119661271.0,,,
FoodMarket,22,faster,llc-stores,417948566.0,,,
FoodMarket2,22,faster,llc-stores,2083139064.0,,,
MeridianTalk_sdr,22,faster,llc-stores,517867474.0,,,
Motorcycle,22,faster,llc-stores,405372542.0,,,
MountainBike,22,faster,llc-stores,395404997.0,,,
Neon1224,22,faster,llc-stores,1524073739.0,,,
NocturneDance_3840x2160p_8bit,22,faster,llc-stores,1609009779.0,,,
OldTownCross,22,faster,llc-stores,422851604.0,,,
PedestrianArea,22,faster,llc-stores,390968300.0,,,
PierSeaSide,22,faster,llc-stores,1557571557.0,,,
RitualDance,22,faster,llc-stores,371210364.0,,,
Riverbed,22,faster,llc-stores,405716573.0,,,
RushFieldCuts,22,faster,llc-stores,407607713.0,,,
Skater227,22,faster,llc-stores,,,,
Tango,22,faster,llc-stores,1612106068.0,,,
TimeLapse,22,faster,llc-stores,2021928692.0,,,
ToddlerFountain,22,faster,llc-stores,558975760.0,,,
TreesAndGrass_1920_1080,22,faster,llc-stores,416873159.0,,,
TunnelFlag,22,faster,llc-stores,526948346.0,,,
Vertical_Carnaby,22,faster,llc-stores,515966940.0,,,
Vertical_bees,22,faster,llc-stores,88697037.0,,,
WalkingInStreet,22,faster,llc-stores,541020817.0,,,
WorldCup_1920x1080_30p,22,faster,llc-stores,394431101.0,,,
WorldCup_far_1920x1080_30p,22,faster,llc-stores,398220174.0,,,
Aerial3200,27,faster,llc-stores,397180457.0,,,
Boat,27,faster,llc-stores,410083355.0,,,
BoxingPractice,27,faster,llc-stores,297049029.0,,,
Crosswalk,27,faster,llc-stores,1514197655.0,,,
CrowdRun,27,faster,llc-stores,455037577.0,,,
DinnerSceneCropped,27,faster,llc-stores,91170961.0,,,
FoodMarket,27,faster,llc-stores,534676464.0,,,
FoodMarket2,27,faster,llc-stores,1557964583.0,,,
MeridianTalk_sdr,27,faster,llc-stores,379844064.0,,,
Motorcycle,27,faster,llc-stores,533508072.0,,,
MountainBike,27,faster,llc-stores,387737668.0,,,
Neon1224,27,faster,llc-stores,1496766180.0,,,
NocturneDance_3840x2160p_8bit,27,faster,llc-stores,297290984.0,,,
OldTownCross,27,faster,llc-stores,418522731.0,,,
PedestrianArea,27,faster,llc-stores,375095091.0,,,
PierSeaSide,27,faster,llc-stores,1498439502.0,,,
RitualDance,27,faster,llc-stores,362291449.0,,,
Riverbed,27,faster,llc-stores,399635416.0,,,
RushFieldCuts,27,faster,llc-stores,430443920.0,,,
Skater227,27,faster,llc-stores,,,,
Tango,27,faster,llc-stores,1569383008.0,,,
TimeLapse,27,faster,llc-stores,1967504137.0,,,
ToddlerFountain,27,faster,llc-stores,100109871.0,,,
TreesAndGrass_1920_1080,27,faster,llc-stores,545915190.0,,,
TunnelFlag,27,faster,llc-stores,387790387.0,,,
Vertical_Carnaby,27,faster,llc-stores,373626641.0,,,
Vertical_bees,27,faster,llc-stores,85690117.0,,,
WalkingInStreet,27,faster,llc-stores,396211100.0,,,
WorldCup_1920x1080_30p,27,faster,llc-stores,364979479.0,,,
WorldCup_far_1920x1080_30p,27,faster,llc-stores,518611980.0,,,
Aerial3200,32,faster,llc-stores,386416650.0,,,
Boat,32,faster,llc-stores,400099638.0,,,
BoxingPractice,32,faster,llc-stores,1470058997.0,,,
Crosswalk,32,faster,llc-stores,1561950883.0,,,
CrowdRun,32,faster,llc-stores,525364419.0,,,
DinnerSceneCropped,32,faster,llc-stores,76474855.0,,,
FoodMarket,32,faster,llc-stores,403100821.0,,,
FoodMarket2,32,faster,llc-stores,1543799252.0,,,
MeridianTalk_sdr,32,faster,llc-stores,362109693.0,,,
Motorcycle,32,faster,llc-stores,381154458.0,,,
MountainBike,32,faster,llc-stores,379966308.0,,,
Neon1224,32,faster,llc-stores,1442277866.0,,,
NocturneDance_3840x2160p_8bit,32,faster,llc-stores,1475364964.0,,,
OldTownCross,32,faster,llc-stores,381432337.0,,,
PedestrianArea,32,faster,llc-stores,373855095.0,,,
PierSeaSide,32,faster,llc-stores,1453353340.0,,,
RitualDance,32,faster,llc-stores,353905914.0,,,
Riverbed,32,faster,llc-stores,381869466.0,,,
RushFieldCuts,32,faster,llc-stores,87251401.0,,,
Skater227,32,faster,llc-stores,,,,
Tango,32,faster,llc-stores,1452758182.0,,,
TimeLapse,32,faster,llc-stores,1489239176.0,,,
ToddlerFountain,32,faster,llc-stores,392990319.0,,,
TreesAndGrass_1920_1080,32,faster,llc-stores,399744487.0,,,
TunnelFlag,32,faster,llc-stores,499112584.0,,,
Vertical_Carnaby,32,faster,llc-stores,369070837.0,,,
Vertical_bees,32,faster,llc-stores,375118012.0,,,
WalkingInStreet,32,faster,llc-stores,391839599.0,,,
WorldCup_1920x1080_30p,32,faster,llc-stores,368587091.0,,,
WorldCup_far_1920x1080_30p,32,faster,llc-stores,389477401.0,,,
Aerial3200,37,faster,llc-stores,387523724.0,,,
Boat,37,faster,llc-stores,390004899.0,,,
BoxingPractice,37,faster,llc-stores,1417960893.0,,,
Crosswalk,37,faster,llc-stores,1409679234.0,,,
CrowdRun,37,faster,llc-stores,520082158.0,,,
DinnerSceneCropped,37,faster,llc-stores,355139918.0,,,
FoodMarket,37,faster,llc-stores,394551174.0,,,
FoodMarket2,37,faster,llc-stores,1503880034.0,,,
MeridianTalk_sdr,37,faster,llc-stores,350700938.0,,,
Motorcycle,37,faster,llc-stores,374214367.0,,,
MountainBike,37,faster,llc-stores,379555600.0,,,
Neon1224,37,faster,llc-stores,1454006368.0,,,
NocturneDance_3840x2160p_8bit,37,faster,llc-stores,1487108912.0,,,
OldTownCross,37,faster,llc-stores,79591189.0,,,
PedestrianArea,37,faster,llc-stores,350967900.0,,,
PierSeaSide,37,faster,llc-stores,1785462233.0,,,
RitualDance,37,faster,llc-stores,64422340.0,,,
Riverbed,37,faster,llc-stores,368547149.0,,,
RushFieldCuts,37,faster,llc-stores,84925714.0,,,
Skater227,37,faster,llc-stores,,,,
Tango,37,faster,llc-stores,1452989293.0,,,
TimeLapse,37,faster,llc-stores,1431494309.0,,,
ToddlerFountain,37,faster,llc-stores,380733674.0,,,
TreesAndGrass_1920_1080,37,faster,llc-stores,98890642.0,,,
TunnelFlag,37,faster,llc-stores,364362686.0,,,
Vertical_Carnaby,37,faster,llc-stores,65646926.0,,,
Vertical_bees,37,faster,llc-stores,367209647.0,,,
WalkingInStreet,37,faster,llc-stores,377988766.0,,,
WorldCup_1920x1080_30p,37,faster,llc-stores,348605729.0,,,
WorldCup_far_1920x1080_30p,37,faster,llc-stores,401764723.0,,,
Aerial3200,22,superfast,llc-stores,312203482.0,,,
Boat,22,superfast,llc-stores,428888306.0,,,
BoxingPractice,22,superfast,llc-stores,1264261025.0,,,
Crosswalk,22,superfast,llc-stores,1284992230.0,,,
CrowdRun,22,superfast,llc-stores,338691259.0,,,
DinnerSceneCropped,22,superfast,llc-stores,86660220.0,,,
FoodMarket,22,superfast,llc-stores,332284423.0,,,
FoodMarket2,22,superfast,llc-stores,1269213589.0,,,
MeridianTalk_sdr,22,superfast,llc-stores,417413249.0,,,
Motorcycle,22,superfast,llc-stores,322542883.0,,,
MountainBike,22,superfast,llc-stores,82456335.0,,,
Neon1224,22,superfast,llc-stores,1213467001.0,,,
NocturneDance_3840x2160p_8bit,22,superfast,llc-stores,250021215.0,,,
OldTownCross,22,superfast,llc-stores,334597853.0,,,
PedestrianArea,22,superfast,llc-stores,351656474.0,,,
PierSeaSide,22,superfast,llc-stores,1233750832.0,,,
RitualDance,22,superfast,llc-stores,286797011.0,,,
Riverbed,22,superfast,llc-stores,327656017.0,,,
RushFieldCuts,22,superfast,llc-stores,317248341.0,,,
Skater227,22,superfast,llc-stores,,,,
Tango,22,superfast,llc-stores,1657625793.0,,,
TimeLapse,22,superfast,llc-stores,264495130.0,,,
ToddlerFountain,22,superfast,llc-stores,339483733.0,,,
TreesAndGrass_1920_1080,22,superfast,llc-stores,448885191.0,,,
TunnelFlag,22,superfast,llc-stores,441894713.0,,,
Vertical_Carnaby,22,superfast,llc-stores,399705164.0,,,
Vertical_bees,22,superfast,llc-stores,307404837.0,,,
WalkingInStreet,22,superfast,llc-stores,326620406.0,,,
WorldCup_1920x1080_30p,22,superfast,llc-stores,299624213.0,,,
WorldCup_far_1920x1080_30p,22,superfast,llc-stores,322272468.0,,,
Aerial3200,27,superfast,llc-stores,304679338.0,,,
Boat,27,superfast,llc-stores,409794279.0,,,
BoxingPractice,27,superfast,llc-stores,1219732885.0,,,
Crosswalk,27,superfast,llc-stores,1210854844.0,,,
CrowdRun,27,superfast,llc-stores,452345467.0,,,
DinnerSceneCropped,27,superfast,llc-stores,68369590.0,,,
FoodMarket,27,superfast,llc-stores,68109737.0,,,
FoodMarket2,27,superfast,llc-stores,246370972.0,,,
MeridianTalk_sdr,27,superfast,llc-stores,290373932.0,,,
Motorcycle,27,superfast,llc-stores,309550669.0,,,
MountainBike,27,superfast,llc-stores,315906152.0,,,
Neon1224,27,superfast,llc-stores,1170795953.0,,,
NocturneDance_3840x2160p_8bit,27,superfast,llc-stores,1578928522.0,,,
OldTownCross,27,superfast,llc-stores,317893159.0,,,
PedestrianArea,27,superfast,llc-stores,304677740.0,,,
PierSeaSide,27,superfast,llc-stores,1461640233.0,,,
RitualDance,27,superfast,llc-stores,281467380.0,,,
Riverbed,27,superfast,llc-stores,316698684.0,,,
RushFieldCuts,27,superfast,llc-stores,330118900.0,,,
Skater227,27,superfast,llc-stores,,,,
Tango,27,superfast,llc-stores,247377821.0,,,
TimeLapse,27,superfast,llc-stores,1189080719.0,,,
ToddlerFountain,27,superfast,llc-stores,321864698.0,,,
TreesAndGrass_1920_1080,27,superfast,llc-stores,326808403.0,,,
TunnelFlag,27,superfast,llc-stores,306233142.0,,,
Vertical_Carnaby,27,superfast,llc-stores,385746693.0,,,
Vertical_bees,27,superfast,llc-stores,301433798.0,,,
WalkingInStreet,27,superfast,llc-stores,88152247.0,,,
WorldCup_1920x1080_30p,27,superfast,llc-stores,283072941.0,,,
WorldCup_far_1920x1080_30p,27,superfast,llc-stores,356196542.0,,,
Aerial3200,32,superfast,llc-stores,295479621.0,,,
Boat,32,superfast,llc-stores,410746907.0,,,
BoxingPractice,32,superfast,llc-stores,1126219001.0,,,
Crosswalk,32,superfast,llc-stores,1141884830.0,,,
CrowdRun,32,superfast,llc-stores,433569718.0,,,
DinnerSceneCropped,32,superfast,llc-stores,386546862.0,,,
FoodMarket,32,superfast,llc-stores,300622028.0,,,
FoodMarket2,32,superfast,llc-stores,1211484502.0,,,
MeridianTalk_sdr,32,superfast,llc-stores,284212705.0,,,
Motorcycle,32,superfast,llc-stores,311080367.0,,,
MountainBike,32,superfast,llc-stores,306896346.0,,,
Neon1224,32,superfast,llc-stores,1119427386.0,,,
NocturneDance_3840x2160p_8bit,32,superfast,llc-stores,1171407001.0,,,
OldTownCross,32,superfast,llc-stores,312442476.0,,,
PedestrianArea,32,superfast,llc-stores,283101009.0,,,
PierSeaSide,32,superfast,llc-stores,219626217.0,,,
RitualDance,32,superfast,llc-stores,53353502.0,,,
Riverbed,32,superfast,llc-stores,420434225.0,,,
RushFieldCuts,32,superfast,llc-stores,310561295.0,,,
Skater227,32,superfast,llc-stores,,,,
Tango,32,superfast,llc-stores,226575392.0,,,
TimeLapse,32,superfast,llc-stores,1530478848.0,,,
ToddlerFountain,32,superfast,llc-stores,310227042.0,,,
TreesAndGrass_1920_1080,32,superfast,llc-stores,319233858.0,,,
TunnelFlag,32,superfast,llc-stores,301367798.0,,,
Vertical_Carnaby,32,superfast,llc-stores,290826731.0,,,
Vertical_bees,32,superfast,llc-stores,66871892.0,,,
WalkingInStreet,32,superfast,llc-stores,321471140.0,,,
WorldCup_1920x1080_30p,32,superfast,llc-stores,55697148.0,,,
WorldCup_far_1920x1080_30p,32,superfast,llc-stores,304826813.0,,,
Aerial3200,37,superfast,llc-stores,296480577.0,,,
Boat,37,superfast,llc-stores,314123061.0,,,
BoxingPractice,37,superfast,llc-stores,1100107973.0,,,
Crosswalk,37,superfast,llc-stores,1105865455.0,,,
CrowdRun,37,superfast,llc-stores,434477816.0,,,
DinnerSceneCropped,37,superfast,llc-stores,268284436.0,,,
FoodMarket,37,superfast,llc-stores,290213053.0,,,
FoodMarket2,37,superfast,llc-stores,1218502114.0,,,
MeridianTalk_sdr,37,superfast,llc-stores,354979987.0,,,
Motorcycle,37,superfast,llc-stores,297856574.0,,,
MountainBike,37,superfast,llc-stores,302084775.0,,,
Neon1224,37,superfast,llc-stores,1105368032.0,,,
NocturneDance_3840x2160p_8bit,37,superfast,llc-stores,205320507.0,,,
OldTownCross,37,superfast,llc-stores,293921001.0,,,
PedestrianArea,37,superfast,llc-stores,62396051.0,,,
PierSeaSide,37,superfast,llc-stores,1081345211.0,,,
RitualDance,37,superfast,llc-stores,54101409.0,,,
Riverbed,37,superfast,llc-stores,57029133.0,,,
RushFieldCuts,37,superfast,llc-stores,61201576.0,,,
Skater227,37,superfast,llc-stores,,,,
Tango,37,superfast,llc-stores,1102216285.0,,,
TimeLapse,37,superfast,llc-stores,1108372955.0,,,
ToddlerFountain,37,superfast,llc-stores,296622647.0,,,
TreesAndGrass_1920_1080,37,superfast,llc-stores,308295990.0,,,
TunnelFlag,37,superfast,llc-stores,379820109.0,,,
Vertical_Carnaby,37,superfast,llc-stores,60687218.0,,,
Vertical_bees,37,superfast,llc-stores,280454366.0,,,
WalkingInStreet,37,superfast,llc-stores,93363562.0,,,
WorldCup_1920x1080_30p,37,superfast,llc-stores,273447426.0,,,
WorldCup_far_1920x1080_30p,37,superfast,llc-stores,335147243.0,,,
Aerial3200,22,veryfast,llc-stores,404503112.0,,,
Boat,22,veryfast,llc-stores,413587746.0,,,
BoxingPractice,22,veryfast,llc-stores,1604385294.0,,,
Crosswalk,22,veryfast,llc-stores,1617986512.0,,,
CrowdRun,22,veryfast,llc-stores,418774131.0,,,
DinnerSceneCropped,22,veryfast,llc-stores,428505457.0,,,
FoodMarket,22,veryfast,llc-stores,417636380.0,,,
FoodMarket2,22,veryfast,llc-stores,2054880687.0,,,
MeridianTalk_sdr,22,veryfast,llc-stores,430879914.0,,,
Motorcycle,22,veryfast,llc-stores,535541188.0,,,
MountainBike,22,veryfast,llc-stores,111078712.0,,,
Neon1224,22,veryfast,llc-stores,1541724073.0,,,
NocturneDance_3840x2160p_8bit,22,veryfast,llc-stores,1570672099.0,,,
OldTownCross,22,veryfast,llc-stores,428875166.0,,,
PedestrianArea,22,veryfast,llc-stores,386352938.0,,,
PierSeaSide,22,veryfast,llc-stores,1540993046.0,,,
RitualDance,22,veryfast,llc-stores,367223526.0,,,
Riverbed,22,veryfast,llc-stores,409767045.0,,,
RushFieldCuts,22,veryfast,llc-stores,109299797.0,,,
Skater227,22,veryfast,llc-stores,,,,
Tango,22,veryfast,llc-stores,1610689368.0,,,
TimeLapse,22,veryfast,llc-stores,1533963779.0,,,
ToddlerFountain,22,veryfast,llc-stores,414980606.0,,,
TreesAndGrass_1920_1080,22,veryfast,llc-stores,417213671.0,,,
TunnelFlag,22,veryfast,llc-stores,403432420.0,,,
Vertical_Carnaby,22,veryfast,llc-stores,84516426.0,,,
Vertical_bees,22,veryfast,llc-stores,376171646.0,,,
WalkingInStreet,22,veryfast,llc-stores,441151971.0,,,
WorldCup_1920x1080_30p,22,veryfast,llc-stores,376009655.0,,,
WorldCup_far_1920x1080_30p,22,veryfast,llc-stores,397398300.0,,,
Aerial3200,27,veryfast,llc-stores,395326938.0,,,
Boat,27,veryfast,llc-stores,414372145.0,,,
BoxingPractice,27,veryfast,llc-stores,1504743127.0,,,
Crosswalk,27,veryfast,llc-stores,289562181.0,,,
CrowdRun,27,veryfast,llc-stores,412632839.0,,,
DinnerSceneCropped,27,veryfast,llc-stores,398766273.0,,,
FoodMarket,27,veryfast,llc-stores,406241640.0,,,
FoodMarket2,27,veryfast,llc-stores,1588449358.0,,,
MeridianTalk_sdr,27,veryfast,llc-stores,498741919.0,,,
Motorcycle,27,veryfast,llc-stores,390093738.0,,,
MountainBike,27,veryfast,llc-stores,101330955.0,,,
Neon1224,27,veryfast,llc-stores,1475538166.0,,,
NocturneDance_3840x2160p_8bit,27,veryfast,llc-stores,1961745023.0,,,
OldTownCross,27,veryfast,llc-stores,412643995.0,,,
PedestrianArea,27,veryfast,llc-stores,423691752.0,,,
PierSeaSide,27,veryfast,llc-stores,284735648.0,,,
RitualDance,27,veryfast,llc-stores,73334651.0,,,
Riverbed,27,veryfast,llc-stores,90529057.0,,,
RushFieldCuts,27,veryfast,llc-stores,402827757.0,,,
Skater227,27,veryfast,llc-stores,,,,
Tango,27,veryfast,llc-stores,1531069074.0,,,
TimeLapse,27,veryfast,llc-stores,299833042.0,,,
ToddlerFountain,27,veryfast,llc-stores,402080153.0,,,
TreesAndGrass_1920_1080,27,veryfast,llc-stores,529480003.0,,,
TunnelFlag,27,veryfast,llc-stores,414522667.0,,,
Vertical_Carnaby,27,veryfast,llc-stores,72882548.0,,,
Vertical_bees,27,veryfast,llc-stores,382732794.0,,,
WalkingInStreet,27,veryfast,llc-stores,393810477.0,,,
WorldCup_1920x1080_30p,27,veryfast,llc-stores,364383889.0,,,
WorldCup_far_1920x1080_30p,27,veryfast,llc-stores,394591285.0,,,
Aerial3200,32,veryfast,llc-stores,396205490.0,,,
Boat,32,veryfast,llc-stores,397605166.0,,,
BoxingPractice,32,veryfast,llc-stores,1463405574.0,,,
Crosswalk,32,veryfast,llc-stores,1469183554.0,,,
CrowdRun,32,veryfast,llc-stores,393247083.0,,,
DinnerSceneCropped,32,veryfast,llc-stores,75469143.0,,,
FoodMarket,32,veryfast,llc-stores,401218490.0,,,
FoodMarket2,32,veryfast,llc-stores,1998133868.0,,,
MeridianTalk_sdr,32,veryfast,llc-stores,489592035.0,,,
Motorcycle,32,veryfast,llc-stores,393171336.0,,,
MountainBike,32,veryfast,llc-stores,88875138.0,,,
Neon1224,32,veryfast,llc-stores,1429832361.0,,,
NocturneDance_3840x2160p_8bit,32,veryfast,llc-stores,264894840.0,,,
OldTownCross,32,veryfast,llc-stores,386558837.0,,,
PedestrianArea,32,veryfast,llc-stores,360318171.0,,,
PierSeaSide,32,veryfast,llc-stores,1446279207.0,,,
RitualDance,32,veryfast,llc-stores,74933877.0,,,
Riverbed,32,veryfast,llc-stores,386718438.0,,,
RushFieldCuts,32,veryfast,llc-stores,418301528.0,,,
Skater227,32,veryfast,llc-stores,,,,
Tango,32,veryfast,llc-stores,1453628904.0,,,
TimeLapse,32,veryfast,llc-stores,1485262664.0,,,
ToddlerFountain,32,veryfast,llc-stores,396548707.0,,,
TreesAndGrass_1920_1080,32,veryfast,llc-stores,104374097.0,,,
TunnelFlag,32,veryfast,llc-stores,516779428.0,,,
Vertical_Carnaby,32,veryfast,llc-stores,380953673.0,,,
Vertical_bees,32,veryfast,llc-stores,373156277.0,,,
WalkingInStreet,32,veryfast,llc-stores,395113204.0,,,
WorldCup_1920x1080_30p,32,veryfast,llc-stores,483053074.0,,,
WorldCup_far_1920x1080_30p,32,veryfast,llc-stores,513075734.0,,,
Aerial3200,37,veryfast,llc-stores,379110677.0,,,
Boat,37,veryfast,llc-stores,389095530.0,,,
BoxingPractice,37,veryfast,llc-stores,1440938164.0,,,
Crosswalk,37,veryfast,llc-stores,1393237958.0,,,
CrowdRun,37,veryfast,llc-stores,396784184.0,,,
DinnerSceneCropped,37,veryfast,llc-stores,76933777.0,,,
FoodMarket,37,veryfast,llc-stores,365161982.0,,,
FoodMarket2,37,veryfast,llc-stores,1506494633.0,,,
MeridianTalk_sdr,37,veryfast,llc-stores,344009286.0,,,
Motorcycle,37,veryfast,llc-stores,377295148.0,,,
MountainBike,37,veryfast,llc-stores,88706028.0,,,
Neon1224,37,veryfast,llc-stores,1413224221.0,,,
NocturneDance_3840x2160p_8bit,37,veryfast,llc-stores,252145797.0,,,
OldTownCross,37,veryfast,llc-stores,80884857.0,,,
PedestrianArea,37,veryfast,llc-stores,350660077.0,,,
PierSeaSide,37,veryfast,llc-stores,1414108354.0,,,
RitualDance,37,veryfast,llc-stores,67030966.0,,,
Riverbed,37,veryfast,llc-stores,87246175.0,,,
RushFieldCuts,37,veryfast,llc-stores,79357493.0,,,
Skater227,37,veryfast,llc-stores,,,,
Tango,37,veryfast,llc-stores,1459091111.0,,,
TimeLapse,37,veryfast,llc-stores,1441523239.0,,,
ToddlerFountain,37,veryfast,llc-stores,382948115.0,,,
TreesAndGrass_1920_1080,37,veryfast,llc-stores,392548514.0,,,
TunnelFlag,37,veryfast,llc-stores,494074921.0,,,
Vertical_Carnaby,37,veryfast,llc-stores,344824543.0,,,
Vertical_bees,37,veryfast,llc-stores,364011549.0,,,
WalkingInStreet,37,veryfast,llc-stores,88075775.0,,,
WorldCup_1920x1080_30p,37,veryfast,llc-stores,347993715.0,,,
WorldCup_far_1920x1080_30p,37,veryfast,llc-stores,77394431.0,,,
Aerial3200,22,fast,ipc,1.7611675202243884,0.48427459056437855,-1.2768929296600098,-0.7250263901626588
Boat,22,fast,ipc,1.7373725960482267,0.5345621788699881,-1.2028104171782386,-0.692315753059599
BoxingPractice,22,fast,ipc,1.7819715435186274,0.3872757014799903,-1.394695842038637,-0.7826700976855739
Crosswalk,22,fast,ipc,1.7939197146510983,0.6653619315183333,-1.1285577831327651,-0.6291016113573732
CrowdRun,22,fast,ipc,1.782330460419554,2.0190063312002002,0.23667587078064622,0.1327901172294018
DinnerSceneCropped,22,fast,ipc,1.7683546884126824,0.28824334480608765,-1.4801113436065947,-0.83699913445259
FoodMarket,22,fast,ipc,1.7497677925699764,0.0,-1.7497677925699764,-1.0
FoodMarket2,22,fast,ipc,1.762814251790553,0.24699330606497352,-1.5158209457255793,-0.8598869360092286
MeridianTalk_sdr,22,fast,ipc,1.768242670473587,1.5629298456104386,-0.2053128248631484,-0.11611122629913666
Motorcycle,22,fast,ipc,1.9965375756685737,0.4446173320136714,-1.5519202436549024,-0.7773058030902404
MountainBike,22,fast,ipc,1.7457780323204408,1.0807850646167791,-0.6649929677036617,-0.3809149590568344
Neon1224,22,fast,ipc,1.7540007931677803,0.0,-1.7540007931677803,-1.0
NocturneDance_3840x2160p_8bit,22,fast,ipc,1.7201078553202844,0.33172888134876555,-1.3883789739715189,-0.8071464644948106
OldTownCross,22,fast,ipc,1.7508528990067505,0.325457473393571,-1.4253954256131793,-0.8141148959011911
PedestrianArea,22,fast,ipc,1.772509214327196,0.6520074369722699,-1.1205017773549262,-0.6321556854530898
PierSeaSide,22,fast,ipc,1.7695510353967079,0.0,-1.7695510353967079,-1.0
RitualDance,22,fast,ipc,2.12160410126469,2.0779406845204136,-0.04366341674427643,-0.02058037911891697
Riverbed,22,fast,ipc,1.7482048211005676,1.8043050719015572e-05,-1.7481867780498486,-0.9999896790979517
RushFieldCuts,22,fast,ipc,1.7469003376620766,0.3534123530116286,-1.393487984650448,-0.7976917484115837
Skater227,22,fast,ipc,0.24703015522504898,0.7017533406234024,0.45472318539835344,1.8407598253909216
Tango,22,fast,ipc,1.7882568070459,0.2380889143788966,-1.5501678926670033,-0.8668597745912087
TimeLapse,22,fast,ipc,1.7808924146884553,0.3316620464142505,-1.4492303682742047,-0.8137663770822053
ToddlerFountain,22,fast,ipc,1.7343113626624387,0.16705872187102336,-1.5672526407914154,-0.9036743196939204
TreesAndGrass_1920_1080,22,fast,ipc,1.7499902248592862,0.28926180176323296,-1.4607284230960533,-0.8347066185546882
TunnelFlag,22,fast,ipc,1.7245774531754452,0.6603580138770272,-1.0642194392984181,-0.6170899644657204
Vertical_Carnaby,22,fast,ipc,1.74255007219664,0.1911551176497782,-1.551394954546862,-0.8903015065680092
Vertical_bees,22,fast,ipc,1.7631057222144408,0.25481487849208073,-1.50829084372236,-0.8554738520319496
WalkingInStreet,22,fast,ipc,1.7725439947364623,0.3664279624552471,-1.4061160322812152,-0.7932756740913915
WorldCup_1920x1080_30p,22,fast,ipc,2.1260907515763536,0.34361649360206703,-1.7824742579742865,-0.8383810788192844
WorldCup_far_1920x1080_30p,22,fast,ipc,2.0105423468039088,0.014397232049727428,-1.9961451147541813,-0.9928391301617625
Aerial3200,27,fast,ipc,1.7726405638746625,0.7827377607834266,-0.9899028030912359,-0.5584340239441957
Boat,27,fast,ipc,1.7394778263181088,0.30981406548573254,-1.4296637608323763,-0.82189248934463
BoxingPractice,27,fast,ipc,2.14678133905807,0.301078228516107,-1.845703110541963,-0.8597536586338089
Crosswalk,27,fast,ipc,2.1748966865276915,0.26626438866017155,-1.9086322978675199,-0.8775737761202472
CrowdRun,27,fast,ipc,1.75779372287958,0.3615972723606091,-1.3961964505189708,-0.794289132078451
DinnerSceneCropped,27,fast,ipc,1.7716385264557883,0.3977609058189762,-1.3738776206368122,-0.7754841634570299
FoodMarket,27,fast,ipc,1.789698059664452,0.31914600286706174,-1.4705520567973904,-0.8216760636557332
FoodMarket2,27,fast,ipc,1.7876851260753175,0.3988855231598655,-1.388799602915452,-0.7768703686450764
MeridianTalk_sdr,27,fast,ipc,1.7767407750232278,0.25999068003359177,-1.516750094989636,-0.8536698860697938
Motorcycle,27,fast,ipc,1.7501742251206274,0.7367089654208931,-1.0134652596997342,-0.5790653554104781
MountainBike,27,fast,ipc,1.7525833642593864,0.7311847017564884,-1.021398662502898,-0.5827960502948883
Neon1224,27,fast,ipc,2.1777382813691055,0.6148855040282611,-1.5628527773408445,-0.7176494947585284
NocturneDance_3840x2160p_8bit,27,fast,ipc,1.7738855834554579,0.1952437800218104,-1.5786418034336476,-0.8899344005933667
OldTownCross,27,fast,ipc,2.0198085686053235,0.3263524491447943,-1.6934561194605293,-0.8384240693809214
PedestrianArea,27,fast,ipc,1.8006786936509416,0.7775072424267897,-1.0231714512241519,-0.568214337644899
PierSeaSide,27,fast,ipc,1.8287579252800017,0.46114224461357056,-1.367615680666431,-0.7478385530206437
RitualDance,27,fast,ipc,1.7683353240546713,0.002142896563679647,-1.7661924274909917,-0.9987881842688263
Riverbed,27,fast,ipc,1.7588260629597516,0.4425392223629389,-1.3162868405968127,-0.7483894333370099
RushFieldCuts,27,fast,ipc,1.748094063431336,0.7524812330200502,-0.9956128304112858,-0.5695419092362777
Skater227,27,fast,ipc,0.7515208880501696,0.2961168686329914,-0.4554040194171782,-0.6059765292734972
Tango,27,fast,ipc,1.7673080437037827,0.32878913985592517,-1.4385189038478576,-0.8139604801623179
TimeLapse,27,fast,ipc,1.8110558828079057,0.45438687670077804,-1.3566690061071278,-0.7491038896070478
ToddlerFountain,27,fast,ipc,1.7627189857662513,0.4283298972131568,-1.3343890885530945,-0.7570061361613107
TreesAndGrass_1920_1080,27,fast,ipc,1.976327342199223,0.0,-1.976327342199223,-1.0
TunnelFlag,27,fast,ipc,1.7578416086835997,0.7116708144040098,-1.04617079427959,-0.5951450853771968
Vertical_Carnaby,27,fast,ipc,1.8099574585401141,0.27925441638749093,-1.530703042152623,-0.8457121657363518
Vertical_bees,27,fast,ipc,2.127978809809004,0.9015101432843938,-1.2264686665246103,-0.5763537967911868
WalkingInStreet,27,fast,ipc,1.7733505221341774,1.2209482356947847,-0.5524022864393927,-0.31150202937577853
WorldCup_1920x1080_30p,27,fast,ipc,1.8339538389233412,0.2983769481564927,-1.5355768907668486,-0.8373040030649513
WorldCup_far_1920x1080_30p,27,fast,ipc,1.7290443421025146,0.2618719669532876,-1.467172375149227,-0.8485452567197601
Aerial3200,32,fast,ipc,1.7683118580701762,0.6358426660447667,-1.1324691920254095,-0.6404239087449851
Boat,32,fast,ipc,1.769131253935565,0.48840244617850154,-1.2807288077570635,-0.7239309151924066
BoxingPractice,32,fast,ipc,2.2434964395833834,0.0202584959661101,-2.2232379436172733,-0.9909701234159872
Crosswalk,32,fast,ipc,1.9005987072622943,0.24167119696938089,-1.6589275102929135,-0.8728447009639955
CrowdRun,32,fast,ipc,1.7451491572415552,0.45400906917885264,-1.2911400880627024,-0.7398451202323155
DinnerSceneCropped,32,fast,ipc,1.846870735587394,0.23042335165193717,-1.6164473839354567,-0.8752357990129442
FoodMarket,32,fast,ipc,2.154004397223301,0.9134199151560165,-1.2405844820672844,-0.5759433377510769
FoodMarket2,32,fast,ipc,1.8117793741459456,0.15844852301864298,-1.6533308511273026,-0.9125453544290767
MeridianTalk_sdr,32,fast,ipc,1.8920448654316055,1.0635466416439372,-0.8284982237876684,-0.4378850834484174
Motorcycle,32,fast,ipc,1.7768587265482825,0.00012303392493026903,-1.7767356926233522,-0.9999307576212492
MountainBike,32,fast,ipc,1.7733708438689841,0.153962706851951,-1.6194081370170332,-0.9131807611565054
Neon1224,32,fast,ipc,2.2399015370166016,0.8186559238850784,-1.4212456131315232,-0.634512539789819
NocturneDance_3840x2160p_8bit,32,fast,ipc,1.758880006255489,0.1886811088124131,-1.5701988974430758,-0.8927265600033173
OldTownCross,32,fast,ipc,2.1100112067777577,0.27974747938643285,-1.830263727391325,-0.867418960388537
PedestrianArea,32,fast,ipc,1.8433669583504395,0.33483668614758005,-1.5085302722028595,-0.818355924938997
PierSeaSide,32,fast,ipc,1.889799642079446,0.12326229354900832,-1.7665373485304376,-0.9347749407903494
RitualDance,32,fast,ipc,1.8725863890967032,0.5600794955341717,-1.3125068935625315,-0.7009059241297046
Riverbed,32,fast,ipc,2.1310487620967953,0.17277725364101496,-1.9582715084557802,-0.9189238384808168
RushFieldCuts,32,fast,ipc,1.7695799654725437,1.279782969958566,-0.4897969955139776,-0.276787150098178
Skater227,32,fast,ipc,0.2835757507074744,0.5526117510119081,0.26903600030443364,0.9487271024875487
Tango,32,fast,ipc,2.2337903823905103,0.6875202125863238,-1.5462701698041865,-0.6922181158956517
TimeLapse,32,fast,ipc,1.8524132565945197,0.15578765008693357,-1.6966256065075862,-0.9159001645381583
ToddlerFountain,32,fast,ipc,1.8041341896960381,0.0,-1.8041341896960381,-1.0
TreesAndGrass_1920_1080,32,fast,ipc,1.759853933454042,1.336360489044238,-0.42349344440980397,-0.24064124661676836
TunnelFlag,32,fast,ipc,1.806405418383408,0.0017766657283510017,-1.8046287526550568,-0.9990164634636995
Vertical_Carnaby,32,fast,ipc,1.8543654851956348,0.35545458405877106,-1.4989109011368638,-0.8083147109366788
Vertical_bees,32,fast,ipc,1.8072129281798686,0.4147459131060394,-1.3924670150738292,-0.7705052312104972
WalkingInStreet,32,fast,ipc,2.068025238265052,1.2762175570662646,-0.7918076811987875,-0.38288105316503107
WorldCup_1920x1080_30p,32,fast,ipc,1.8661959190090038,0.8878620741635022,-0.9783338448455017,-0.5242396229035916
WorldCup_far_1920x1080_30p,32,fast,ipc,2.09990983345302,0.20332046864619577,-1.8965893648068244,-0.9031765719617292
Aerial3200,37,fast,ipc,1.7816155946636674,0.3542206935741613,-1.4273949010895062,-0.8011800667690996
Boat,37,fast,ipc,1.8033864808148097,0.0,-1.8033864808148097,-1.0
BoxingPractice,37,fast,ipc,1.916102396106425,0.0022039148487444805,-1.9138984812576805,-0.9988497927599157
Crosswalk,37,fast,ipc,1.8457652281885992,0.34020994756853223,-1.505555280620067,-0.815680812287049
CrowdRun,37,fast,ipc,1.789389042338705,0.4721726888784608,-1.3172163534602443,-0.7361263103179966
DinnerSceneCropped,37,fast,ipc,1.970736006663144,0.8816676196068736,-1.0890683870562705,-0.5526201294207256
FoodMarket,37,fast,ipc,2.2264501618329975,0.30296419150558046,-1.923485970327417,-0.8639250064074394
FoodMarket2,37,fast,ipc,1.8345535455361692,0.5732520816139445,-1.2613014639222246,-0.6875250204559142
MeridianTalk_sdr,37,fast,ipc,1.9359999827966774,0.3166511862218794,-1.6193487965747981,-0.8364405015311746
Motorcycle,37,fast,ipc,1.8059956785195943,0.26516202983283954,-1.5408336486867547,-0.8531768193098903
MountainBike,37,fast,ipc,1.7969574244242987,0.5295310930593302,-1.2674263313649685,-0.7053179525224539
Neon1224,37,fast,ipc,1.8734490308444036,0.75560944113638,-1.1178395897080238,-0.5966746739857607
NocturneDance_3840x2160p_8bit,37,fast,ipc,1.8948889857020332,0.7444331499839937,-1.1504558357180397,-0.6071362725726172
OldTownCross,37,fast,ipc,2.205068488112845,0.34488538320635004,-1.860183104906495,-0.8435942533914165
PedestrianArea,37,fast,ipc,1.8930067162362971,0.37279693472769265,-1.5202097815086044,-0.8030662376788114
PierSeaSide,37,fast,ipc,1.804954226461113,0.3442474587042957,-1.4607067677568173,-0.8092763496948923
RitualDance,37,fast,ipc,1.906364853210671,0.23859422663589813,-1.667770626574773,-0.8748433563312599
Riverbed,37,fast,ipc,1.8300292238753264,0.38003689685612246,-1.4499923270192039,-0.7923328808644133
RushFieldCuts,37,fast,ipc,1.7869577172969582,1.228224141339073,-0.5587335759578851,-0.31267308148905365
Skater227,37,fast,ipc,0.33967782453898815,0.2610618146590815,-0.07861600987990663,-0.23144286791934252
Tango,37,fast,ipc,1.8262081253639626,0.2778356654112367,-1.5483724599527258,-0.8478619925339209
TimeLapse,37,fast,ipc,1.8887413221360936,0.8157770822830198,-1.0729642398530737,-0.5680842724611925
ToddlerFountain,37,fast,ipc,2.1579110756580433,0.32868051687426175,-1.8292305587837816,-0.8476857917910114
TreesAndGrass_1920_1080,37,fast,ipc,2.055071027227647,0.5634102957696432,-1.491660731458004,-0.7258438816444701
TunnelFlag,37,fast,ipc,1.7775181356264769,1.345298690389552,-0.4322194452369248,-0.2431589509969142
Vertical_Carnaby,37,fast,ipc,1.9026255906622962,0.3552884067695565,-1.5473371838927397,-0.813264150070702
Vertical_bees,37,fast,ipc,1.8451771817959939,0.37954243512497227,-1.4656347466710216,-0.7943056965643014
WalkingInStreet,37,fast,ipc,1.7810188664708153,1.0855502172021385,-0.6954686492686768,-0.3904892094976991
WorldCup_1920x1080_30p,37,fast,ipc,2.290769319919155,0.29707907943878326,-1.9936902404803716,-0.8703147118063954
WorldCup_far_1920x1080_30p,37,fast,ipc,1.8017719419271485,0.3261421734639173,-1.4756297684632314,-0.818988093956508
Aerial3200,22,faster,ipc,1.7626151359007998,0.28964049705016426,-1.4729746388506355,-0.8356757007523704
Boat,22,faster,ipc,1.72850972407186,0.5223152396599009,-1.2061944844119592,-0.697823372130369
BoxingPractice,22,faster,ipc,1.77339494280042,0.0,-1.77339494280042,-1.0
Crosswalk,22,faster,ipc,1.777077509214237,0.8193969236979439,-0.9576805855162931,-0.5389076056337839
CrowdRun,22,faster,ipc,1.749395081830121,2.1113258549417897,0.36193077311166877,0.20688909947833894
DinnerSceneCropped,22,faster,ipc,1.9878926496081075,0.287285768833251,-1.7006068807748564,-0.8554822520774014
FoodMarket,22,faster,ipc,1.7520371066729308,0.3216696152054116,-1.430367491467519,-0.8164025099809369
FoodMarket2,22,faster,ipc,1.770776163226502,0.9614166515495791,-0.8093595116769229,-0.4570648331984559
MeridianTalk_sdr,22,faster,ipc,1.7830440842209474,0.4598525320729237,-1.3231915521480238,-0.7420969362774652
Motorcycle,22,faster,ipc,1.7478197065772658,1.3691625504178293,-0.3786571561594365,-0.2166454324404868
MountainBike,22,faster,ipc,1.7437405341743186,0.2838885422096704,-1.4598519919646482,-0.8371956511614299
Neon1224,22,faster,ipc,1.791781841999292,0.3994267484203919,-1.3923550935789,-0.7770784706832911
NocturneDance_3840x2160p_8bit,22,faster,ipc,1.7612390044298876,0.2992564024090565,-1.461982602020831,-0.830087568094754
OldTownCross,22,faster,ipc,1.7496437167619727,0.3158401497552395,-1.4338035670067333,-0.8194831629265883
PedestrianArea,22,faster,ipc,1.7778314887217488,0.2685683935689815,-1.5092630951527672,-0.8489348426593114
PierSeaSide,22,faster,ipc,1.7855458332983796,0.309045452114237,-1.4765003811841426,-0.826918219431339
RitualDance,22,faster,ipc,1.8028684905154624,0.3276598500038022,-1.4752086405116602,-0.8182563776961235
Riverbed,22,faster,ipc,1.74685779955152,0.44149052388536736,-1.3053672756661525,-0.7472659056743407
RushFieldCuts,22,faster,ipc,1.7399730602578702,0.7111503166943732,-1.028822743563497,-0.5912865934895691
Skater227,22,faster,ipc,0.530866056181739,0.4428828035782261,-0.08798325260351286,-0.16573531417008192
Tango,22,faster,ipc,1.7900903704218605,0.19650898756952742,-1.593581382852333,-0.8902239848800386
TimeLapse,22,faster,ipc,1.7650560809917102,1.1327932727287413,-0.6322628082629689,-0.3582111724788525
ToddlerFountain,22,faster,ipc,1.7450252560080006,0.30604964855708056,-1.4389756074509201,-0.8246159203121142
TreesAndGrass_1920_1080,22,faster,ipc,1.7528695571366297,0.3120407831652476,-1.440828773971382,-0.8219828840686945
TunnelFlag,22,faster,ipc,1.7638727942317562,0.745537681422376,-1.0183351128093803,-0.5773291113392958
Vertical_Carnaby,22,faster,ipc,1.751953015788231,0.18020332080450505,-1.571749694983726,-0.8971414648791658
Vertical_bees,22,faster,ipc,2.0855247298076156,0.29585298392513665,-1.789671745882479,-0.8581397862626025
WalkingInStreet,22,faster,ipc,1.8011077589269253,0.2986494697430007,-1.5024582891839247,-0.8341856736429075
WorldCup_1920x1080_30p,22,faster,ipc,1.7870064165571014,0.19009439865251082,-1.5969120179045906,-0.893624109633164
WorldCup_far_1920x1080_30p,22,faster,ipc,1.7358813941563467,1.0773013146432613,-0.6585800795130854,-0.379392325840995
Aerial3200,27,faster,ipc,1.7621795244873129,0.3321769801830502,-1.4300025443042625,-0.8114965157822421
Boat,27,faster,ipc,1.7442526427657454,0.24286691792203843,-1.501385724843707,-0.860761616770756
BoxingPractice,27,faster,ipc,2.1454030040905963,0.8936093527290119,-1.2517936513615844,-0.5834771597573113
Crosswalk,27,faster,ipc,1.8579747103627022,0.3905956725113715,-1.4673790378513307,-0.7897734181564173
CrowdRun,27,faster,ipc,1.7348612419150837,0.8583364846633194,-0.8765247572517644,-0.5052419963478945
DinnerSceneCropped,27,faster,ipc,2.0815039723813444,0.25345464984053023,-1.828049322540814,-0.878234846916691
FoodMarket,27,faster,ipc,1.76072801308933,1.4497441573755807,-0.3109838557137492,-0.17662231383943544
FoodMarket2,27,faster,ipc,1.7897281356468238,0.5130942514296256,-1.276633884217198,-0.7133116247042801
MeridianTalk_sdr,27,faster,ipc,1.8423993157849672,0.9952727292278907,-0.8471265865570765,-0.4597953219474315
Motorcycle,27,faster,ipc,1.7458239996851488,0.17158780568955892,-1.5742361939955898,-0.9017152899029317
MountainBike,27,faster,ipc,1.7593521287655263,0.568364577586345,-1.1909875511791812,-0.6769466621868665
Neon1224,27,faster,ipc,1.815918496475135,0.29370420814580667,-1.5222142883293284,-0.8382613488898795
NocturneDance_3840x2160p_8bit,27,faster,ipc,2.141362801323308,0.3031345615562239,-1.8382282397670842,-0.8584384853566642
OldTownCross,27,faster,ipc,1.7691094687023285,0.6728524160631522,-1.0962570526391764,-0.6196660365190965
PedestrianArea,27,faster,ipc,1.8039372759839944,0.0,-1.8039372759839944,-1.0
PierSeaSide,27,faster,ipc,1.8249006838446822,0.5777944167986376,-1.2471062670460444,-0.6833830893299101
RitualDance,27,faster,ipc,1.842823291848311,0.1655869977147197,-1.6772362941335912,-0.9101449398609242
Riverbed,27,faster,ipc,1.7626550989558474,0.3908130138153983,-1.3718420851404491,-0.778281630906179
RushFieldCuts,27,faster,ipc,1.746051482146491,0.650682726030616,-1.095368756115875,-0.6273404692336415
Skater227,27,faster,ipc,0.2548285981632174,0.3981781817962097,0.14334958363299227,0.5625333446333878
Tango,27,faster,ipc,1.822454085754302,0.5543257239987927,-1.2681283617555092,-0.6958355613280864
TimeLapse,27,faster,ipc,1.750081375970988,0.15742433915104037,-1.5926570368199475,-0.9100474176158252
ToddlerFountain,27,faster,ipc,2.0200944090178736,0.3731772004248692,-1.6469172085930044,-0.8152674455416665
TreesAndGrass_1920_1080,27,faster,ipc,1.758639355067917,0.0,-1.758639355067917,-1.0
TunnelFlag,27,faster,ipc,1.7781451449009142,0.2385859830613566,-1.5395591618395577,-0.8658231113778669
Vertical_Carnaby,27,faster,ipc,1.810031232385999,0.4088132318469848,-1.4012180005390142,-0.7741402333107349
Vertical_bees,27,faster,ipc,2.1252123164999115,0.3319103210718658,-1.7933019954280458,-0.8438225119932955
WalkingInStreet,27,faster,ipc,1.7817705124819614,0.2755642537036029,-1.5062062587783585,-0.8453424547251325
WorldCup_1920x1080_30p,27,faster,ipc,1.8326670289578388,0.24383897791880277,-1.588828051039036,-0.8669485650879725
WorldCup_far_1920x1080_30p,27,faster,ipc,1.749315982325215,0.18429882971894762,-1.5650171526062673,-0.894645203278841
Aerial3200,32,faster,ipc,1.7681530467344042,0.4433920528809455,-1.3247609938534586,-0.7492343472756248
Boat,32,faster,ipc,1.7597091730630359,0.2667035565640181,-1.4930056164990178,-0.8484388439597772
BoxingPractice,32,faster,ipc,1.8751928099610025,0.22215721999020366,-1.653035589970799,-0.8815283320146563
Crosswalk,32,faster,ipc,1.891645325681817,0.3710273103885924,-1.5206180152932247,-0.8038600020038847
CrowdRun,32,faster,ipc,1.762071064277605,0.21617781045632314,-1.5458932538212817,-0.8773160658279412
DinnerSceneCropped,32,faster,ipc,2.213883773625342,0.5544955943828987,-1.6593881792424434,-0.749537170384114
FoodMarket,32,faster,ipc,1.8155422216753148,1.1743276055566756,-0.6412146161186392,-0.3531807789779464
FoodMarket2,32,faster,ipc,1.8128151384094011,0.0,-1.8128151384094011,-1.0
MeridianTalk_sdr,32,faster,ipc,1.8886564261716572,0.36215625838817467,-1.5265001677834826,-0.8082466173467706
Motorcycle,32,faster,ipc,1.7792216053673664,0.24127113558976515,-1.5379504697776012,-0.8643951181449663
MountainBike,32,faster,ipc,1.7746856342112995,0.38369770253534213,-1.3909879316759575,-0.7837939885585067
Neon1224,32,faster,ipc,1.8650446220124304,0.2811957943973195,-1.5838488276151108,-0.8492283824856146
NocturneDance_3840x2160p_8bit,32,faster,ipc,1.8388908573502492,0.16580816938370793,-1.6730826879665412,-0.9098325119617869
OldTownCross,32,faster,ipc,1.811359536515203,0.5402760801782756,-1.2710834563369275,-0.7017289669517022
PedestrianArea,32,faster,ipc,1.8436462888757077,0.17654276186567125,-1.6671035270100365,-0.9042426072013355
PierSeaSide,32,faster,ipc,1.8673238830761372,0.18605287080632138,-1.6812710122698158,-0.9003638991111563
RitualDance,32,faster,ipc,1.8392056060584399,0.0,-1.8392056060584399,-1.0
Riverbed,32,faster,ipc,1.8103998364269465,1.5182470436035052,-0.2921527928234413,-0.1613747344343788
RushFieldCuts,32,faster,ipc,2.081447324793036,0.0,-2.081447324793036,-1.0
Skater227,32,faster,ipc,0.13957810783879074,0.0,-0.13957810783879074,-1.0
Tango,32,faster,ipc,1.8838290592830647,0.49196134000110175,-1.3918677192819628,-0.738850328496191
TimeLapse,32,faster,ipc,1.8528505370063904,0.39315959718208376,-1.4596909398243065,-0.7878082504068012
ToddlerFountain,32,faster,ipc,1.8002461972274413,0.5949084570865517,-1.2053377401408896,-0.6695405006255422
TreesAndGrass_1920_1080,32,faster,ipc,1.7573845091000497,0.2674150836969705,-1.4899694254030793,-0.8478334807708572
TunnelFlag,32,faster,ipc,1.7671730740391207,0.3845791458185338,-1.382593928220587,-0.782376072005486
Vertical_Carnaby,32,faster,ipc,1.854118559000605,0.8200909015123622,-1.034027657488243,-0.5576923074679744
Vertical_bees,32,faster,ipc,1.8112224684152631,0.32720801645255504,-1.484014451962708,-0.819344104791916
WalkingInStreet,32,faster,ipc,1.7749163466305438,0.17992510470825787,-1.5949912419222858,-0.8986289663454713
WorldCup_1920x1080_30p,32,faster,ipc,1.8552424603339819,0.28763813234250807,-1.5676043279914738,-0.8449592770258572
WorldCup_far_1920x1080_30p,32,faster,ipc,1.7628426697798316,0.16184924100995937,-1.6009934287698722,-0.9081884936276398
Aerial3200,37,faster,ipc,1.771691738695268,0.2649595303076232,-1.5067322083876449,-0.8504482893267042
Boat,37,faster,ipc,1.7857061702822297,0.6727398602119652,-1.1129663100702645,-0.6232639661509155
BoxingPractice,37,faster,ipc,1.9268470333146197,0.20755297490628186,-1.7192940584083378,-0.892283626402225
Crosswalk,37,faster,ipc,1.9431298332217533,0.3305546532585693,-1.612575179963184,-0.829885452013002
CrowdRun,37,faster,ipc,1.7688306993333194,0.37926725162472247,-1.389563447708597,-0.7855830680869175
DinnerSceneCropped,37,faster,ipc,1.9638259766233799,0.0,-1.9638259766233799,-1.0
FoodMarket,37,faster,ipc,1.8555449967725919,0.2327545416109809,-1.622790455161611,-0.8745627069050774
FoodMarket2,37,faster,ipc,1.8485957202942884,0.2475196277841841,-1.6010760925101044,-0.8661039701288609
MeridianTalk_sdr,37,faster,ipc,1.93348369073293,0.9728279864169351,-0.9606557043159949,-0.4968522408129737
Motorcycle,37,faster,ipc,1.8024259718764042,0.7535305760311396,-1.0488953958452645,-0.5819353539126595
MountainBike,37,faster,ipc,1.7998195966438222,0.886402269282304,-0.9134173273615181,-0.5075049349750358
Neon1224,37,faster,ipc,1.87533396434547,0.1783140405074826,-1.6970199238379875,-0.9049161141974422
NocturneDance_3840x2160p_8bit,37,faster,ipc,1.880634863477428,0.0,-1.880634863477428,-1.0
OldTownCross,37,faster,ipc,2.201643086389851,0.32053044890325627,-1.8811126374865947,-0.854413074087841
PedestrianArea,37,faster,ipc,1.8914646891687275,0.4541862913068606,-1.4372783978618668,-0.7598758814226295
PierSeaSide,37,faster,ipc,1.8268301343405526,0.43834053308623605,-1.3884896012543166,-0.760054027549492
RitualDance,37,faster,ipc,2.302998714988122,0.37801246763606605,-1.924986247352056,-0.8358607561628554
Riverbed,37,faster,ipc,1.831261389007708,0.2818199699811219,-1.5494414190265862,-0.8461060929516842
RushFieldCuts,37,faster,ipc,2.1393074361581617,0.3248230370986588,-1.814484399059503,-0.848164395818683
Skater227,37,faster,ipc,0.42054917754561033,0.36405096611640164,-0.05649821142920869,-0.13434388757800203
Tango,37,faster,ipc,1.9227851507914069,0.31655013902952567,-1.606235011761881,-0.8353689496201717
TimeLapse,37,faster,ipc,1.8886152977095674,0.25600953543340843,-1.632605762276159,-0.8644459060858577
ToddlerFountain,37,faster,ipc,1.8313899170812886,0.0,-1.8313899170812886,-1.0
TreesAndGrass_1920_1080,37,faster,ipc,2.0562761452834537,0.14538421030730797,-1.9108919349761457,-0.9292973316639497
TunnelFlag,37,faster,ipc,1.8450287338208788,0.15867609517698933,-1.6863526386438896,-0.9139980357658788
Vertical_Carnaby,37,faster,ipc,2.3070438804687536,0.5034699322439591,-1.8035739482247946,-0.7817683761863853
Vertical_bees,37,faster,ipc,1.8581800533538728,0.32028281723601343,-1.5378972361178593,-0.8276362849456232
WalkingInStreet,37,faster,ipc,1.7730537111801468,0.0,-1.7730537111801468,-1.0
WorldCup_1920x1080_30p,37,faster,ipc,1.8999845573099452,0.3182264812480958,-1.5817580760618495,-0.8325110169849748
WorldCup_far_1920x1080_30p,37,faster,ipc,1.7813044493638233,0.2812792164185216,-1.5000252329453017,-0.8420936878482631
Aerial3200,22,superfast,ipc,1.7549313332791883,0.7163021277887559,-1.0386292054904325,-0.5918346694224754
Boat,22,superfast,ipc,1.7554189697528326,0.43842143794581034,-1.3169975318070222,-0.7502468382191738
BoxingPractice,22,superfast,ipc,1.77488861156215,0.25127745384664,-1.52361115771551,-0.8584263529498447
Crosswalk,22,superfast,ipc,1.7853734728809199,0.7519203348346325,-1.0334531380462875,-0.5788442327300202
CrowdRun,22,superfast,ipc,1.743663509075323,0.2998724590742781,-1.443791050001045,-0.8280216007770315
DinnerSceneCropped,22,superfast,ipc,1.9903075382585835,0.2487504231422189,-1.7415571151163647,-0.8750191021434494
FoodMarket,22,superfast,ipc,1.7483932649699438,0.5542403083860644,-1.1941529565838795,-0.6830002039640709
FoodMarket2,22,superfast,ipc,1.7514141996631811,0.43758869892710833,-1.3138255007360728,-0.7501512212181093
MeridianTalk_sdr,22,superfast,ipc,1.783439071260882,1.4358904777925945,-0.3475485934682876,-0.19487550714170043
Motorcycle,22,superfast,ipc,1.7419610620516566,0.8070302414743542,-0.9349308205773024,-0.5367116641953835
MountainBike,22,superfast,ipc,1.9861539893538254,1.433088779647075,-0.5530652097067503,-0.27846038759899194
Neon1224,22,superfast,ipc,1.7818081290693557,0.28159169840180615,-1.5002164306675496,-0.8419629511125407
NocturneDance_3840x2160p_8bit,22,superfast,ipc,2.076477164343317,0.7230806802808268,-1.3533964840624901,-0.6517752794505207
OldTownCross,22,superfast,ipc,1.74653462025531,0.31638962378115554,-1.4301449964741546,-0.8188472074290143
PedestrianArea,22,superfast,ipc,1.7444485114035635,0.3060286882427303,-1.4384198231608332,-0.8245699507654123
PierSeaSide,22,superfast,ipc,1.7782305156040692,0.24705827024836102,-1.5311722453557082,-0.8610651048441632
RitualDance,22,superfast,ipc,1.7940515953979914,0.21125962508524074,-1.5827919703127507,-0.8822443983065186
Riverbed,22,superfast,ipc,1.7425992118900129,0.2544178965033997,-1.4881813153866132,-0.8540009115306213
RushFieldCuts,22,superfast,ipc,1.741290764752002,0.0,-1.741290764752002,-1.0
Skater227,22,superfast,ipc,0.29169057057144787,0.44402884932833225,0.15233827875688438,0.5222598675659624
Tango,22,superfast,ipc,1.7944372109547198,0.20992605848344892,-1.5845111524712707,-0.8830128704410007
TimeLapse,22,superfast,ipc,2.0576913514593342,0.2889126809226324,-1.768778670536702,-0.8595937720602593
ToddlerFountain,22,superfast,ipc,1.7305969680638609,0.0,-1.7305969680638609,-1.0
TreesAndGrass_1920_1080,22,superfast,ipc,1.765301814891872,1.1966656826589943,-0.5686361322328777,-0.3221183638038166
TunnelFlag,22,superfast,ipc,1.7520990853371616,0.4222187032313157,-1.3298803821058458,-0.7590212181692527
Vertical_Carnaby,22,superfast,ipc,1.7426434806638733,0.6520290372486017,-1.0906144434152716,-0.6258391090986629
Vertical_bees,22,superfast,ipc,1.7560673052020925,0.2326486657901865,-1.523418639411906,-0.8675172272150397
WalkingInStreet,22,superfast,ipc,1.7740383368537067,0.3139135216138162,-1.4601248152398905,-0.8230514442148142
WorldCup_1920x1080_30p,22,superfast,ipc,1.7728394017512579,1.2360331841280225,-0.5368062176232353,-0.3027946113409731
WorldCup_far_1920x1080_30p,22,superfast,ipc,1.7263151353154824,1.2128129046020568,-0.5135022307134256,-0.2974556731900422
Aerial3200,27,superfast,ipc,1.765335946668364,0.518753000173627,-1.2465829464947369,-0.7061448835545181
Boat,27,superfast,ipc,1.7584988956366894,0.4810890718937249,-1.2774098237429645,-0.7264206004977104
BoxingPractice,27,superfast,ipc,1.8057732379521323,0.3682350606795044,-1.437538177272628,-0.7960790131671751
Crosswalk,27,superfast,ipc,1.7541527587956005,0.3562392534370971,-1.3979135053585034,-0.7969166301789529
CrowdRun,27,superfast,ipc,1.75072744900905,0.17092261348676469,-1.5798048355222853,-0.9023705182759826
DinnerSceneCropped,27,superfast,ipc,2.083428887616308,1.8717602463072454,-0.2116686413090627,-0.10159628800733245
FoodMarket,27,superfast,ipc,2.071171626908116,0.1944570622071172,-1.876714564700999,-0.9061125308589678
FoodMarket2,27,superfast,ipc,2.1045544934803417,0.230868192253736,-1.8736863012266056,-0.8903006821781341
MeridianTalk_sdr,27,superfast,ipc,1.8368977352022802,1.9337589780722753,0.09686124286999509,0.05273088480308278
Motorcycle,27,superfast,ipc,1.7570376762469138,1.1985504482166698,-0.558487228030244,-0.3178572864886937
MountainBike,27,superfast,ipc,1.748693614198637,1.411382754186856,-0.3373108600117809,-0.19289305872278734
Neon1224,27,superfast,ipc,1.824428682988511,0.3043311196723961,-1.520097563316115,-0.8331910024710389
NocturneDance_3840x2160p_8bit,27,superfast,ipc,1.7574134462617843,0.37877429308041954,-1.3786391531813647,-0.7844705843772192
OldTownCross,27,superfast,ipc,1.7704240435412124,0.1848995764007485,-1.585524467140464,-0.8955619829750441
PedestrianArea,27,superfast,ipc,1.7848477357230474,1.372848225684341,-0.4119995100387064,-0.23083174087777525
PierSeaSide,27,superfast,ipc,1.802064885252744,0.5683877749384288,-1.2336771103143152,-0.6845908382157332
RitualDance,27,superfast,ipc,1.832084595530608,0.14638531591846798,-1.68569927961214,-0.9200990411274803
Riverbed,27,superfast,ipc,1.7646555840257472,0.3712207634273569,-1.3934348205983902,-0.7896355715031468
RushFieldCuts,27,superfast,ipc,1.7458152686481467,0.2778591610865848,-1.467956107561562,-0.8408427477543245
Skater227,27,superfast,ipc,0.4813898117053849,0.23014682670586714,-0.2512429849995178,-0.5219117207932952
Tango,27,superfast,ipc,2.1268784180225424,0.18088816358811666,-1.9459902544344256,-0.9149513380476647
TimeLapse,27,superfast,ipc,1.811909431254002,0.6941731603703661,-1.1177362708836358,-0.6168830801383175
ToddlerFountain,27,superfast,ipc,1.7553677474847627,0.4746155710121133,-1.2807521764726493,-0.7296204332726393
TreesAndGrass_1920_1080,27,superfast,ipc,1.7436371232446755,0.9855713954633867,-0.7580657277812888,-0.43476117689592997
TunnelFlag,27,superfast,ipc,1.771595210186214,0.16428517426476147,-1.6073100359214525,-0.9072670927759545
Vertical_Carnaby,27,superfast,ipc,1.7735970222300244,1.2216633450897438,-0.5519336771402805,-0.3111945217670185
Vertical_bees,27,superfast,ipc,1.7819702843005878,0.28189011688954185,-1.500080167411046,-0.8418098666554465
WalkingInStreet,27,superfast,ipc,2.0203687518362012,0.313784812962947,-1.7065839388732542,-0.8446893357077685
WorldCup_1920x1080_30p,27,superfast,ipc,1.828463887158192,0.5096878811709873,-1.3187760059872047,-0.7212480461054406
WorldCup_far_1920x1080_30p,27,superfast,ipc,1.7154644903923084,0.280361447669861,-1.4351030427224474,-0.8365682010673707
Aerial3200,32,superfast,ipc,1.773676445573475,0.3811667057378191,-1.3925097398356558,-0.785097949127594
Boat,32,superfast,ipc,1.755484492944614,0.00022940608726034045,-1.7552550868573538,-0.9998693203567549
BoxingPractice,32,superfast,ipc,1.8639824614911056,0.393529685390943,-1.4704527761001627,-0.7888769376745444
Crosswalk,32,superfast,ipc,1.8964296483360248,0.321007536359399,-1.5754221119766258,-0.8307305854234778
CrowdRun,32,superfast,ipc,1.7522880871538982,0.17334933957933393,-1.5789387475745642,-0.9010725799883217
DinnerSceneCropped,32,superfast,ipc,1.7917365084941697,1.4081535518606554,-0.38358295663351427,-0.21408446767426154
FoodMarket,32,superfast,ipc,1.826118128731051,1.3947167580955286,-0.4314013706355224,-0.2362395750023567
FoodMarket2,32,superfast,ipc,1.810670881134729,0.24127138906423298,-1.569399492070496,-0.8667502793699147
MeridianTalk_sdr,32,superfast,ipc,1.8911063608954048,0.38900888854033605,-1.5020974723550689,-0.7942956056918199
Motorcycle,32,superfast,ipc,1.7712458416957717,0.4287893882168336,-1.342456453478938,-0.7579165025413326
MountainBike,32,superfast,ipc,1.7647095068372494,0.14571363923703687,-1.6189958676002125,-0.9174291073559251
Neon1224,32,superfast,ipc,1.8393648052267764,0.0,-1.8393648052267764,-1.0
NocturneDance_3840x2160p_8bit,32,superfast,ipc,1.828553226897885,1.200334191949164,-0.6282190349487211,-0.3435607045546527
OldTownCross,32,superfast,ipc,1.7968344831364065,0.6686531519806311,-1.1281813311557753,-0.627871594041603
PedestrianArea,32,superfast,ipc,1.8449729695499852,1.2933230672398568,-0.5516499023101284,-0.2990016175926326
PierSeaSide,32,superfast,ipc,2.242412885498851,5.3675016202644814e-05,-2.242359210482648,-0.9999760637228987
RitualDance,32,superfast,ipc,2.2205145738238343,0.2642990148477579,-1.9562155589760764,-0.8809739787509603
Riverbed,32,superfast,ipc,1.743563301798054,0.35508837640414037,-1.3884749253939137,-0.796343283872771
RushFieldCuts,32,superfast,ipc,1.7807699139009954,0.8010811462279479,-0.9796887676730475,-0.5501489889431694
Skater227,32,superfast,ipc,0.0,0.0,0.0,
Tango,32,superfast,ipc,2.2174813505161053,0.2664233439915783,-1.9510580065245269,-0.879853174896118
TimeLapse,32,superfast,ipc,1.7678088186993597,1.2608594374396658,-0.5069493812596939,-0.28676708470810475
ToddlerFountain,32,superfast,ipc,1.7877364366401505,0.312011094613042,-1.4757253420271086,-0.8254714239648034
TreesAndGrass_1920_1080,32,superfast,ipc,1.7615965646954221,0.38675100438263676,-1.3748455603127854,-0.7804542696474289
TunnelFlag,32,superfast,ipc,1.802219035024604,0.23045308182593371,-1.5717659531986703,-0.8721281501597349
Vertical_Carnaby,32,superfast,ipc,1.8561383416362247,0.6186131368678651,-1.2375252047683596,-0.6667203499915072
Vertical_bees,32,superfast,ipc,2.175993126149448,0.18302762796529812,-1.9929654981841498,-0.9158877729135217
WalkingInStreet,32,superfast,ipc,1.781767809054106,0.0,-1.781767809054106,-1.0
WorldCup_1920x1080_30p,32,superfast,ipc,2.2273026277707175,0.45518933974030346,-1.772113288030414,-0.7956320196165272
WorldCup_far_1920x1080_30p,32,superfast,ipc,1.771460691775948,0.22112355819710697,-1.550337133578841,-0.8751744482823249
Aerial3200,37,superfast,ipc,1.7706594998827625,0.4558206772509897,-1.3148388226317729,-0.7425701117119525
Boat,37,superfast,ipc,1.7967574729993763,0.2849898396992051,-1.5117676333001713,-0.841386584454571
BoxingPractice,37,superfast,ipc,1.921705027386428,0.3436307017895567,-1.5780743255968712,-0.8211844706172705
Crosswalk,37,superfast,ipc,1.9434521988522093,0.005756650675970344,-1.937695548176239,-0.9970379252551875
CrowdRun,37,superfast,ipc,1.7559045279088505,1.4666366211599948,-0.2892679067488557,-0.16474011095201851
DinnerSceneCropped,37,superfast,ipc,1.9686114637314647,1.3925057773049996,-0.5761056864264651,-0.292645703349948
FoodMarket,37,superfast,ipc,1.8603430668818914,0.9019437278005553,-0.9583993390813361,-0.5151734409329688
FoodMarket2,37,superfast,ipc,1.848061911252615,0.19426527443757802,-1.653796636815037,-0.8948816198988132
MeridianTalk_sdr,37,superfast,ipc,1.8154674199288994,1.2852096345244675,-0.5302577854044319,-0.2920778305265312
Motorcycle,37,superfast,ipc,1.795477821714176,1.4236668350874788,-0.3718109866266972,-0.2070819155380724
MountainBike,37,superfast,ipc,1.7925710880920598,0.9628732705663117,-0.8296978175257481,-0.46285350859298136
Neon1224,37,superfast,ipc,1.8536687782017454,0.24668486328241399,-1.6069839149193315,-0.8669207432399415
NocturneDance_3840x2160p_8bit,37,superfast,ipc,2.2754759963557047,0.0,-2.2754759963557047,-1.0
OldTownCross,37,superfast,ipc,1.8534495717450619,0.0,-1.8534495717450619,-1.0
PedestrianArea,37,superfast,ipc,2.2549066494719083,0.20845529069955826,-2.04645135877235,-0.9075548024356671
PierSeaSide,37,superfast,ipc,1.930158749637487,0.7116343414114878,-1.2185244082259992,-0.631307869601325
RitualDance,37,superfast,ipc,2.29653053456916,0.0,-2.29653053456916,-1.0
Riverbed,37,superfast,ipc,2.180648621381969,0.6467607770883572,-1.533887844293612,-0.7034089899919421
RushFieldCuts,37,superfast,ipc,2.1359359864782808,0.12252100426316262,-2.013414982215118,-0.9426382602106094
Skater227,37,superfast,ipc,0.23991526120937887,0.43668756910481976,0.1967723078954409,0.8201742019392162
Tango,37,superfast,ipc,1.9276492137859706,0.25076195900363896,-1.6768872547823317,-0.8699130748425261
TimeLapse,37,superfast,ipc,1.891569860473471,0.2763779997845584,-1.6151918606889126,-0.853889615414268
ToddlerFountain,37,superfast,ipc,1.8388283848142706,0.1486434834435838,-1.6901849013706869,-0.9191640260335674
TreesAndGrass_1920_1080,37,superfast,ipc,1.764397372057097,0.15894119108449187,-1.6054561809726051,-0.9099175766175714
TunnelFlag,37,superfast,ipc,1.7660205413815666,0.3408257675875893,-1.4251947737939772,-0.8070091714103395
Vertical_Carnaby,37,superfast,ipc,2.288959883434003,1.387084341082473,-0.9018755423515301,-0.394011074147134
Vertical_bees,37,superfast,ipc,1.8486202762331867,0.15422150258346343,-1.6943987736497232,-0.9165748074030051
WalkingInStreet,37,superfast,ipc,2.0996993586417045,0.30998991831248063,-1.789709440329224,-0.8523646173264476
WorldCup_1920x1080_30p,37,superfast,ipc,1.9044866298267358,0.22364831426563364,-1.6808383155611022,-0.8825676637667021
WorldCup_far_1920x1080_30p,37,superfast,ipc,1.7843567656339614,0.548437984879664,-1.2359187807542975,-0.6926410707531292
Aerial3200,22,veryfast,ipc,1.7641865963266354,0.13203313672431924,-1.6321534596023162,-0.9251591997132067
Boat,22,veryfast,ipc,1.7387583712884982,0.4723307869111995,-1.2664275843772987,-0.7283516820332079
BoxingPractice,22,veryfast,ipc,1.7781703073298962,1.0833946552951963,-0.6947756520346999,-0.3907250330132755
Crosswalk,22,veryfast,ipc,1.7872649253877948,0.3284648620809721,-1.4588000633068228,-0.8162192647462699
CrowdRun,22,veryfast,ipc,1.7504053409394116,0.6147972229950845,-1.1356081179443271,-0.6487686545419624
DinnerSceneCropped,22,veryfast,ipc,1.7490635927410574,0.5473071287636586,-1.2017564639773988,-0.6870856319718243
FoodMarket,22,veryfast,ipc,1.7381121415027405,0.544698308028957,-1.1934138334737834,-0.6866149801139869
FoodMarket2,22,veryfast,ipc,1.7630352591359173,0.4212076820706419,-1.3418275770652754,-0.7610894734589254
MeridianTalk_sdr,22,veryfast,ipc,1.7649078373283285,0.5383744415202889,-1.2265333958080396,-0.6949560593853636
Motorcycle,22,veryfast,ipc,1.757194697547581,1.2511136705928327,-0.5060810269547482,-0.28800509565676324
MountainBike,22,veryfast,ipc,1.9844783794281062,0.3357523572931362,-1.64872602213497,-0.8308107758826304
Neon1224,22,veryfast,ipc,1.789309282518014,0.0,-1.789309282518014,-1.0
NocturneDance_3840x2160p_8bit,22,veryfast,ipc,1.74182038893461,0.26006568904601973,-1.4817546998885902,-0.8506931652091352
OldTownCross,22,veryfast,ipc,1.7413407792280213,0.21084308901240573,-1.5304976902156155,-0.8789191113379441
PedestrianArea,22,veryfast,ipc,1.7681891378113732,0.17116053173009899,-1.5970286060812742,-0.9032000999949825
PierSeaSide,22,veryfast,ipc,1.7899967069773817,1.2947647900275066,-0.4952319169498751,-0.27666638436789753
RitualDance,22,veryfast,ipc,1.8076086730163896,0.5126967009417541,-1.2949119720746354,-0.7163674258730968
Riverbed,22,veryfast,ipc,1.7453779572101042,0.3432508223823415,-1.4021271348277629,-0.803337253708068
RushFieldCuts,22,veryfast,ipc,1.9907470566975087,0.0,-1.9907470566975087,-1.0
Skater227,22,veryfast,ipc,0.0,0.9568293364383592,0.9568293364383592,
Tango,22,veryfast,ipc,1.7778799483002177,0.5574107349732579,-1.2204692133269597,-0.6864744801772565
TimeLapse,22,veryfast,ipc,1.7702337661717138,0.0,-1.7702337661717138,-1.0
ToddlerFountain,22,veryfast,ipc,1.7467534815489298,0.30014397808604726,-1.4466095034628825,-0.8281703850849661
TreesAndGrass_1920_1080,22,veryfast,ipc,1.7509251009157936,0.4132006500182861,-1.3377244508975075,-0.7640100939770821
TunnelFlag,22,veryfast,ipc,1.7461245760274657,0.5812306672445186,-1.1648939087829473,-0.6671310425245536
Vertical_Carnaby,22,veryfast,ipc,2.1328200296932014,1.103697044960081,-1.0291229847331205,-0.4825174981506321
Vertical_bees,22,veryfast,ipc,1.7651312762839246,0.0,-1.7651312762839246,-1.0
WalkingInStreet,22,veryfast,ipc,1.765613300386127,0.1649249099655947,-1.6006883904205322,-0.9065905824737915
WorldCup_1920x1080_30p,22,veryfast,ipc,1.7851697046682322,0.1982466120513657,-1.5869230926168665,-0.8889480302444359
WorldCup_far_1920x1080_30p,22,veryfast,ipc,1.7351950583532834,0.32331175234181975,-1.4118833060114637,-0.8136741164715824
Aerial3200,27,veryfast,ipc,1.7687387404666137,0.5935390368629335,-1.1751997036036803,-0.6644280903202522
Boat,27,veryfast,ipc,1.7477630817308931,0.0,-1.7477630817308931,-1.0
BoxingPractice,27,veryfast,ipc,1.8198094050062512,0.5460147488803789,-1.2737946561258724,-0.6999604753232368
Crosswalk,27,veryfast,ipc,2.189474928073338,0.4026191413534028,-1.786855786719935,-0.8161115543315703
CrowdRun,27,veryfast,ipc,1.751952290116089,0.28587555480778,-1.466076735308309,-0.8368245776893632
DinnerSceneCropped,27,veryfast,ipc,1.7875610584646506,0.421025020551063,-1.3665360379135876,-0.7644695723497777
FoodMarket,27,veryfast,ipc,1.7674080752556507,0.22249606978041483,-1.5449120054752359,-0.8741116593867371
FoodMarket2,27,veryfast,ipc,1.7852367322908653,0.0,-1.7852367322908653,-1.0
MeridianTalk_sdr,27,veryfast,ipc,1.785480847784186,0.11086334761641226,-1.6746175001677737,-0.9379084083965417
Motorcycle,27,veryfast,ipc,1.7317037913016764,0.3413316071010568,-1.3903721842006196,-0.8028926143053098
MountainBike,27,veryfast,ipc,2.0172694423951434,0.4564642470779655,-1.5608051953171778,-0.7737217262677629
Neon1224,27,veryfast,ipc,1.8237926894010505,0.4526890830079653,-1.3711036063930853,-0.7517869845411913
NocturneDance_3840x2160p_8bit,27,veryfast,ipc,1.7585335661130403,0.33205142453038866,-1.4264821415826516,-0.8111770904297632
OldTownCross,27,veryfast,ipc,1.7617679513589926,0.20642349599846221,-1.5553444553605305,-0.8828316204530618
PedestrianArea,27,veryfast,ipc,1.771691072605334,0.8941921876899849,-0.8774988849153492,-0.4952888787913551
PierSeaSide,27,veryfast,ipc,2.178765172790595,0.23298010769695976,-1.9457850650936352,-0.893067820889318
RitualDance,27,veryfast,ipc,2.1945125274240564,0.36526517072946263,-1.829247356694594,-0.8335552127568783
Riverbed,27,veryfast,ipc,2.0757857865563896,0.0,-2.0757857865563896,-1.0
RushFieldCuts,27,veryfast,ipc,1.7601230779372976,0.847343759142975,-0.9127793187943226,-0.5185883477330552
Skater227,27,veryfast,ipc,1.4623765213840159,0.38455653635631015,-1.0778199850277057,-0.7370331575124306
Tango,27,veryfast,ipc,1.8124294578808706,0.18118027463033246,-1.6312491832505382,-0.9000345785362747
TimeLapse,27,veryfast,ipc,2.1382352308378962,0.0,-2.1382352308378962,-1.0
ToddlerFountain,27,veryfast,ipc,1.759989214305616,0.3859370266185492,-1.3740521876870668,-0.7807162546897674
TreesAndGrass_1920_1080,27,veryfast,ipc,1.7633519589199127,0.907002867916743,-0.8563490910031697,-0.48563707697225694
TunnelFlag,27,veryfast,ipc,1.759083786835763,0.01737501457912138,-1.7417087722566416,-0.9901226907386967
Vertical_Carnaby,27,veryfast,ipc,2.1968747170342056,0.13164144673250736,-2.065233270301698,-0.9400778543665775
Vertical_bees,27,veryfast,ipc,1.7909546855842524,0.767184198358821,-1.0237704872254314,-0.571633942201867
WalkingInStreet,27,veryfast,ipc,1.7734064227482689,0.5159088452317203,-1.2574975775165487,-0.7090859497214349
WorldCup_1920x1080_30p,27,veryfast,ipc,1.8288136999195208,0.3337841059133007,-1.4950295940062202,-0.8174859987499059
WorldCup_far_1920x1080_30p,27,veryfast,ipc,1.7388311317693232,0.3241346980232831,-1.4146964337460401,-0.8135904676991467
Aerial3200,32,veryfast,ipc,1.7733332713871854,0.25667703963620225,-1.516656231750983,-0.8552573034196683
Boat,32,veryfast,ipc,1.7745565764727693,0.46810866416929775,-1.3064479123034716,-0.736210910164531
BoxingPractice,32,veryfast,ipc,1.8663173593846984,1.2941004648554857,-0.5722168945292128,-0.3066021390477049
Crosswalk,32,veryfast,ipc,1.9029962750950984,0.7753986375945973,-1.127597637500501,-0.5925380161052347
CrowdRun,32,veryfast,ipc,1.7630574861893926,0.4061614314533596,-1.356896054736033,-0.769626665814952
DinnerSceneCropped,32,veryfast,ipc,2.209932236241301,0.7691409142504747,-1.4407913219908264,-0.6519617653260511
FoodMarket,32,veryfast,ipc,1.811404988340808,0.4521337208106464,-1.3592712675301617,-0.7503961158764462
FoodMarket2,32,veryfast,ipc,1.7630584401893714,0.6518817256198092,-1.1111767145695621,-0.6302551799985767
MeridianTalk_sdr,32,veryfast,ipc,1.798580142854933,0.0,-1.798580142854933,-1.0
Motorcycle,32,veryfast,ipc,1.7812824879644038,0.3402375588405163,-1.4410449291238874,-0.8089929244017159
MountainBike,32,veryfast,ipc,2.060663331174455,1.2804491302389438,-0.7802142009355111,-0.3786228391276491
Neon1224,32,veryfast,ipc,1.8699421494837793,0.22583457012462632,-1.644107579359153,-0.8792291140199333
NocturneDance_3840x2160p_8bit,32,veryfast,ipc,2.2160582078664866,1.6029828375939699,-0.6130753702725167,-0.2766512937684773
OldTownCross,32,veryfast,ipc,1.7949272362434234,1.402852163059105,-0.39207507318431833,-0.21843507929874997
PedestrianArea,32,veryfast,ipc,1.8229424574798088,0.2285986509557609,-1.5943438065240478,-0.8745990856607755
PierSeaSide,32,veryfast,ipc,1.87944091766529,0.2958961218336697,-1.5835447958316202,-0.8425616261450545
RitualDance,32,veryfast,ipc,2.2556320303322415,0.31536757040857843,-1.9402644599236631,-0.8601866057194947
Riverbed,32,veryfast,ipc,1.800310170469945,3.684955151351692e-05,-1.8002733209184314,-0.9999795315539967
RushFieldCuts,32,veryfast,ipc,1.76958741115136,0.3155721777908647,-1.4540152333604954,-0.8216690648892323
Skater227,32,veryfast,ipc,0.368998240808558,1.3782864275553943,1.0092881867468364,2.7352113780685228
Tango,32,veryfast,ipc,1.8765965674673808,1.1814620784863714,-0.6951344889810094,-0.37042297797610796
TimeLapse,32,veryfast,ipc,1.8437135697089753,0.5361423284329823,-1.307571241275993,-0.709205194753971
ToddlerFountain,32,veryfast,ipc,1.7961690496536955,0.23294136506359503,-1.5632276845901005,-0.8703121150492452
TreesAndGrass_1920_1080,32,veryfast,ipc,2.0057490947376126,0.0,-2.0057490947376126,-1.0
TunnelFlag,32,veryfast,ipc,1.750970670259771,1.2745314721712007,-0.47643919808857027,-0.2721000449527156
Vertical_Carnaby,32,veryfast,ipc,1.8483013899358833,0.5519551205348338,-1.2963462694010497,-0.701371689952589
Vertical_bees,32,veryfast,ipc,1.81681301501661,0.391211894570016,-1.425601120446594,-0.7846713495904588
WalkingInStreet,32,veryfast,ipc,1.7745852734534981,6.2489023309721255e-06,-1.7745790245511672,-0.99999647866889
WorldCup_1920x1080_30p,32,veryfast,ipc,1.76851873997579,0.37449482911448484,-1.3940239108613053,-0.7882437880643485
WorldCup_far_1920x1080_30p,32,veryfast,ipc,1.7509396208923427,0.3204659757911318,-1.4304736451012108,-0.8169748562615707
Aerial3200,37,veryfast,ipc,1.7753189541143444,0.4308786048604975,-1.3444403492538468,-0.7572951024592364
Boat,37,veryfast,ipc,1.8001078893003033,0.7805483574604821,-1.0195595318398212,-0.5663880136851803
BoxingPractice,37,veryfast,ipc,1.9096170306474123,1.0715832402448744,-0.8380337904025379,-0.4388491393577599
Crosswalk,37,veryfast,ipc,1.9276033309129248,0.5046314909106728,-1.422971840002252,-0.7382078133929784
CrowdRun,37,veryfast,ipc,1.7832184072167143,0.0,-1.7832184072167143,-1.0
DinnerSceneCropped,37,veryfast,ipc,2.34980089637084,0.3453727971098194,-2.0044280992610206,-0.8530203994545956
FoodMarket,37,veryfast,ipc,1.8667442852240872,0.4977873022641541,-1.368956982959933,-0.7333393190463691
FoodMarket2,37,veryfast,ipc,1.8548846058166846,0.1753786845763639,-1.6795059212403207,-0.9054503530697282
MeridianTalk_sdr,37,veryfast,ipc,1.8997138980112025,0.3858820229556644,-1.513831875055538,-0.7968736116740306
Motorcycle,37,veryfast,ipc,1.7951096708525507,0.608288728678926,-1.1868209421736247,-0.6611411890004293
MountainBike,37,veryfast,ipc,2.1120542234486575,0.0,-2.1120542234486575,-1.0
Neon1224,37,veryfast,ipc,1.8991260024443186,0.18510179822656003,-1.7140242042177585,-0.9025331663152839
NocturneDance_3840x2160p_8bit,37,veryfast,ipc,2.2837900826169526,0.5541349039652581,-1.7296551786516945,-0.7573617171809919
OldTownCross,37,veryfast,ipc,2.204794097461259,0.0,-2.204794097461259,-1.0
PedestrianArea,37,veryfast,ipc,1.8838416484976477,0.00011019357786452909,-1.8837314549197832,-0.9999415059233071
PierSeaSide,37,veryfast,ipc,1.9283398045588294,0.37799344122600537,-1.550346363332824,-0.8039798585641478
RitualDance,37,veryfast,ipc,2.306395053124291,0.16978093817642953,-2.1366141149478612,-0.9263868789752905
Riverbed,37,veryfast,ipc,2.181500569797928,0.36768102187233803,-1.81381954792559,-0.8314549961788934
RushFieldCuts,37,veryfast,ipc,2.1414308419422325,0.36536398564883943,-1.7760668562933932,-0.8293832429734401
Skater227,37,veryfast,ipc,0.3123714726863502,0.2394282586060264,-0.07294321408032378,-0.23351432655812815
Tango,37,veryfast,ipc,1.9170357650843715,0.9205005391447322,-0.9965352259396393,-0.5198313167077404
TimeLapse,37,veryfast,ipc,1.8916089335475794,1.3121474323541262,-0.5794615011934532,-0.3063326097253696
ToddlerFountain,37,veryfast,ipc,1.8410906088379306,0.6473100151400034,-1.193780593697927,-0.6484094742362647
TreesAndGrass_1920_1080,37,veryfast,ipc,1.7802819584359053,0.0,-1.7802819584359053,-1.0
TunnelFlag,37,veryfast,ipc,1.785225917250343,0.7941349694071175,-0.9910909478432256,-0.5551627602234975
Vertical_Carnaby,37,veryfast,ipc,1.9003382878531516,0.18254093100327648,-1.7177973568498752,-0.9039429283880311
Vertical_bees,37,veryfast,ipc,1.8458370337423438,0.23879779940107743,-1.6070392343412663,-0.8706289910562003
WalkingInStreet,37,veryfast,ipc,2.1190269712128345,0.05752938482674401,-2.0614975863860905,-0.9728510370050567
WorldCup_1920x1080_30p,37,veryfast,ipc,1.9053003622169284,0.47284236108806765,-1.4324580011288608,-0.751827916235796
WorldCup_far_1920x1080_30p,37,veryfast,ipc,2.151567461436059,0.22215873387771268,-1.9294087275583465,-0.8967456341204225
Aerial3200,22,fast,cache_miss_rate,0.09342042999368842,0.01146052993490419,-0.08195990005878423,-0.8773230872981587
Boat,22,fast,cache_miss_rate,0.09016024791073958,0.40454302034987505,0.3143827724391355,3.4869333184440734
BoxingPractice,22,fast,cache_miss_rate,0.07599092173896028,0.7213308164228409,0.6453398946838806,8.492328819233379
Crosswalk,22,fast,cache_miss_rate,0.07636132726202165,0.6193935084065627,0.5430321811445411,7.111350740162141
CrowdRun,22,fast,cache_miss_rate,0.10212004220396544,0.0019002619279954805,-0.10021978027596995,-0.981391880702516
DinnerSceneCropped,22,fast,cache_miss_rate,0.11617707644958451,0.3256218184828043,0.20944474203321978,1.8028060993952548
FoodMarket,22,fast,cache_miss_rate,0.0887482166756981,0.004114071996259934,-0.08463414467943817,-0.9536433277156037
FoodMarket2,22,fast,cache_miss_rate,0.07097800598445157,0.48712951684937067,0.4161515108649191,5.863105128031931
MeridianTalk_sdr,22,fast,cache_miss_rate,0.09179217136403647,0.3336609819629429,0.24186881059890644,2.634961206437578
Motorcycle,22,fast,cache_miss_rate,0.766798021005587,0.7102023880872251,-0.05659563291836189,-0.07380774515320447
MountainBike,22,fast,cache_miss_rate,0.09291660112120133,0.38593292915589095,0.29301632803468963,3.1535411810046328
Neon1224,22,fast,cache_miss_rate,0.08699172577851216,0.6387343052936577,0.5517425795151456,6.342471937157862
NocturneDance_3840x2160p_8bit,22,fast,cache_miss_rate,0.09873823995673012,0.7112631098951209,0.6125248699383907,6.2035222645939045
OldTownCross,22,fast,cache_miss_rate,0.10309131029142404,0.6253277519665118,0.5222364416750878,5.065765874920028
PedestrianArea,22,fast,cache_miss_rate,0.08848255609474587,0.45950557864799824,0.37102302255325237,4.193177038827474
PierSeaSide,22,fast,cache_miss_rate,0.06666968607403424,0.6245901639344262,0.557920477860392,8.3684281525016
RitualDance,22,fast,cache_miss_rate,0.7275907728272837,0.037010334054313865,-0.6905804387729698,-0.9491330354417518
Riverbed,22,fast,cache_miss_rate,0.09042925012054716,0.5776977717232655,0.4872685216027184,5.3883950265335905
RushFieldCuts,22,fast,cache_miss_rate,0.10606415010811268,0.63202416918429,0.5259600190761774,4.95888590574722
Skater227,22,fast,cache_miss_rate,0.5164697905142571,0.4537157131190854,-0.06275407739517175,-0.12150580449765808
Tango,22,fast,cache_miss_rate,0.06517901214716065,0.44992035978637684,0.3847413476392162,5.9028410367826725
TimeLapse,22,fast,cache_miss_rate,0.06614804769463767,0.49197814959783215,0.4258301019031945,6.4375309135195335
ToddlerFountain,22,fast,cache_miss_rate,0.08945613839490862,0.4893313097044907,0.39987517130958206,4.470069673076128
TreesAndGrass_1920_1080,22,fast,cache_miss_rate,0.09408240836356972,0.4738648707364762,0.37978246237290647,4.036700048167183
TunnelFlag,22,fast,cache_miss_rate,0.08664971398593375,0.5445307830245069,0.4578810690385731,5.2842767503295285
Vertical_Carnaby,22,fast,cache_miss_rate,0.0949691192505589,0.4932065807179754,0.3982374614674165,4.193336366706095
Vertical_bees,22,fast,cache_miss_rate,0.0810679011398975,0.47094941731757234,0.38988151617767486,4.809320467108961
WalkingInStreet,22,fast,cache_miss_rate,0.1004663040209498,0.5176401233448213,0.41717381932387154,4.15237549932045
WorldCup_1920x1080_30p,22,fast,cache_miss_rate,0.7636331214469638,0.7530675556790295,-0.010565565767934326,-0.013835918677694667
WorldCup_far_1920x1080_30p,22,fast,cache_miss_rate,0.7907492473881493,0.20753056234718825,-0.5832186850409611,-0.737551995107598
Aerial3200,27,fast,cache_miss_rate,0.09021225852763645,0.5955311322040057,0.5053188736763692,5.601443550175225
Boat,27,fast,cache_miss_rate,0.08526835896176964,0.0033135610554305586,-0.08195479790633908,-0.9611396173706568
BoxingPractice,27,fast,cache_miss_rate,0.7989838998633395,0.5048622003136903,-0.2941216995496492,-0.3681196825116959
Crosswalk,27,fast,cache_miss_rate,0.7365628369664261,0.4960196221868411,-0.240543214779585,-0.3265752800810251
CrowdRun,27,fast,cache_miss_rate,0.0923042581119764,0.4932045623388542,0.4009003042268778,4.343248214405629
DinnerSceneCropped,27,fast,cache_miss_rate,0.07893870273074265,0.41042665683019797,0.3314879540994553,4.199308357399158
FoodMarket,27,fast,cache_miss_rate,0.0776582746294892,0.3132906755238607,0.23563240089437149,3.0342214273827652
FoodMarket2,27,fast,cache_miss_rate,0.07603233422282962,0.46935142009325986,0.39331908587043024,5.173050254089548
MeridianTalk_sdr,27,fast,cache_miss_rate,0.09045563392579078,0.4762407157326131,0.38578508180682236,4.264909382242768
Motorcycle,27,fast,cache_miss_rate,0.08513589203638537,0.5781603773584906,0.4930244853221052,5.791029770515547
MountainBike,27,fast,cache_miss_rate,0.08679140556386396,0.6032699694671526,0.5164785639032886,5.950803084105451
Neon1224,27,fast,cache_miss_rate,0.7974159970451405,0.4969579402169121,-0.30045805682822846,-0.3767896028441727
NocturneDance_3840x2160p_8bit,27,fast,cache_miss_rate,0.06942612152754706,0.6451528384279476,0.5757267169004006,8.29265273981872
OldTownCross,27,fast,cache_miss_rate,0.728828564644172,0.702028645009714,-0.026799919634458047,-0.03677122568260244
PedestrianArea,27,fast,cache_miss_rate,0.0742537830715972,0.4919379111665305,0.4176841280949333,5.625088861697359
PierSeaSide,27,fast,cache_miss_rate,0.07440479111757681,0.3704420116882048,0.296037220570628,3.9787386823359343
RitualDance,27,fast,cache_miss_rate,0.09227209846375836,0.5058162855996791,0.41354418713592067,4.481790205501266
Riverbed,27,fast,cache_miss_rate,0.07817113776427838,0.048105917828872975,-0.030065219935405403,-0.38460767996067485
RushFieldCuts,27,fast,cache_miss_rate,0.08061823243184477,0.5429385429385429,0.4623203105066982,5.734686764529935
Skater227,27,fast,cache_miss_rate,0.24691576231043869,0.43760762736780207,0.19069186505736338,0.772295228433465
Tango,27,fast,cache_miss_rate,0.08640788198913059,0.7146153846153847,0.628207502626254,7.270256927548316
TimeLapse,27,fast,cache_miss_rate,0.0714356943874098,0.5354152128401954,0.4639795184527856,6.495065561153973
ToddlerFountain,27,fast,cache_miss_rate,0.08193479020672603,0.45978878960194963,0.37785399939522357,4.611642971708073
TreesAndGrass_1920_1080,27,fast,cache_miss_rate,0.7788683154772942,0.6108251213413737,-0.1680431941359205,-0.21575302370971766
TunnelFlag,27,fast,cache_miss_rate,0.08583981229239998,0.37370905871938626,0.2878692464269863,3.3535633261452675
Vertical_Carnaby,27,fast,cache_miss_rate,0.07141317770035008,0.586708155303734,0.5152949776033839,7.2156847545079605
Vertical_bees,27,fast,cache_miss_rate,0.7079029711125722,0.5023780698720166,-0.20552490124055556,-0.290329197117994
WalkingInStreet,27,fast,cache_miss_rate,0.09381994759897629,0.49418280170008155,0.4003628541011053,4.2673532052311
WorldCup_1920x1080_30p,27,fast,cache_miss_rate,0.07567361421050925,0.7484010534236268,0.6727274392131176,8.889854756265784
WorldCup_far_1920x1080_30p,27,fast,cache_miss_rate,0.0898999733500067,0.5042490534286916,0.41434908007868493,4.609001144700051
Aerial3200,32,fast,cache_miss_rate,0.0849697119221087,0.0016096238563198916,-0.0833600880657888,-0.9810564986051097
Boat,32,fast,cache_miss_rate,0.07905852178897395,0.5769341111217366,0.4978755893327627,6.297557531643602
BoxingPractice,32,fast,cache_miss_rate,0.7783511698910516,0.4910340705319785,-0.28731709935907307,-0.3691355656332987
Crosswalk,32,fast,cache_miss_rate,0.07046333576624755,0.48914426071318917,0.41868092494694165,5.94182663074394
CrowdRun,32,fast,cache_miss_rate,0.09011376953165035,0.3414566711430603,0.25134290161140993,2.789173096605748
DinnerSceneCropped,32,fast,cache_miss_rate,0.06890805831793767,0.49775370533652435,0.4288456470185867,6.223446973936175
FoodMarket,32,fast,cache_miss_rate,0.7664274249660031,0.5534542272351597,-0.21297319773084344,-0.27787784047562025
FoodMarket2,32,fast,cache_miss_rate,0.07073721050216394,0.4838152783772119,0.41307806787504797,5.839614892114121
MeridianTalk_sdr,32,fast,cache_miss_rate,0.07073821329734603,0.5336934755274065,0.4629552622300605,6.544627587412216
Motorcycle,32,fast,cache_miss_rate,0.08543785561814,0.334259130676295,0.248821275058155,2.9123071179390148
MountainBike,32,fast,cache_miss_rate,0.07856918204556367,0.5524969982656646,0.4739278162201009,6.0319810373647735
Neon1224,32,fast,cache_miss_rate,0.7535049874079339,0.6068376068376068,-0.14666738057032713,-0.1946468610312251
NocturneDance_3840x2160p_8bit,32,fast,cache_miss_rate,0.08660747052467375,0.723573497632075,0.6369660271074012,7.354631456716368
OldTownCross,32,fast,cache_miss_rate,0.7251063002610868,0.05627009646302251,-0.6688362037980643,-0.9223974520111582
PedestrianArea,32,fast,cache_miss_rate,0.0774131857219664,0.06711042217561776,-0.01030276354634864,-0.13308796751178237
PierSeaSide,32,fast,cache_miss_rate,0.07198861028479464,0.4370903423935463,0.3651017321087517,5.071659678723762
RitualDance,32,fast,cache_miss_rate,0.07234655947056964,0.52926963672587,0.45692307725530035,6.315754067630199
Riverbed,32,fast,cache_miss_rate,0.756864659568011,0.49851938262742285,-0.2583452769405881,-0.3413361605336965
RushFieldCuts,32,fast,cache_miss_rate,0.07400688270234305,0.5444890929965557,0.4704822102942126,6.357276419633834
Skater227,32,fast,cache_miss_rate,0.6476830318690784,0.386572473075783,-0.26111055879329537,-0.403145591200351
Tango,32,fast,cache_miss_rate,0.7696443779647737,0.36428146089718144,-0.40536291706759225,-0.5266885962832896
TimeLapse,32,fast,cache_miss_rate,0.07004209277412686,0.4826419024474918,0.4125998096733649,5.8907407436257655
ToddlerFountain,32,fast,cache_miss_rate,0.07873396973960328,0.6563358383000777,0.5776018685604745,7.3361202346430145
TreesAndGrass_1920_1080,32,fast,cache_miss_rate,0.08488213406433667,0.4447893569844789,0.3599072229201422,4.240082166729567
TunnelFlag,32,fast,cache_miss_rate,0.07382308185415276,0.36067141695758215,0.2868483351034294,3.8856185341887532
Vertical_Carnaby,32,fast,cache_miss_rate,0.06894448631849925,0.4559487642663601,0.38700427794786085,5.613273789002319
Vertical_bees,32,fast,cache_miss_rate,0.07862655656441904,0.48288840262582056,0.40426184606140153,5.141543312152915
WalkingInStreet,32,fast,cache_miss_rate,0.7839173317564725,0.49490756590208834,-0.28900976585438415,-0.36867377993393613
WorldCup_1920x1080_30p,32,fast,cache_miss_rate,0.07289000715035175,0.4930703393144198,0.420180332164068,5.7645807510671965
WorldCup_far_1920x1080_30p,32,fast,cache_miss_rate,0.7291772421035051,0.5006279716515655,-0.22854927045193962,-0.31343445359406535
Aerial3200,37,fast,cache_miss_rate,0.07883010286255172,0.09051927447365035,0.011689171611098628,0.14828309473958043
Boat,37,fast,cache_miss_rate,0.07486838158683187,0.3495673799285011,0.2746989983416692,3.6690922458778554
BoxingPractice,37,fast,cache_miss_rate,0.06933893692383943,0.4928026361429067,0.4234636992190673,6.10715592141529
Crosswalk,37,fast,cache_miss_rate,0.08426738148740438,0.34151543029187925,0.2572480488044749,3.052759493220117
CrowdRun,37,fast,cache_miss_rate,0.07607901914936686,0.3151527016444792,0.23907368249511235,3.1424390741123527
DinnerSceneCropped,37,fast,cache_miss_rate,0.07030093403119689,0.36265425321681083,0.2923533191856139,4.158597936350015
FoodMarket,37,fast,cache_miss_rate,0.7389810102427771,0.5257243684992571,-0.21325664174352,-0.28858203226827017
FoodMarket2,37,fast,cache_miss_rate,0.07599284274607317,0.5645511193168705,0.48855827657079737,6.429003823469191
MeridianTalk_sdr,37,fast,cache_miss_rate,0.06865613718904284,0.01125703564727955,-0.057399101541763295,-0.8360374453301443
Motorcycle,37,fast,cache_miss_rate,0.08065711365850863,0.27893309222423146,0.19827597856572282,2.4582577973865596
MountainBike,37,fast,cache_miss_rate,0.07878934704388668,0.6161366728821247,0.537347325838238,6.820050501737609
Neon1224,37,fast,cache_miss_rate,0.07615941723367399,0.5449201220606713,0.46876070482699733,6.154993326547332
NocturneDance_3840x2160p_8bit,37,fast,cache_miss_rate,0.07604961160166673,0.34493414387031407,0.26888453226864734,3.535646357761995
OldTownCross,37,fast,cache_miss_rate,0.7251674035590832,0.4910161492834567,-0.23415125427562644,-0.32289269088271827
PedestrianArea,37,fast,cache_miss_rate,0.07491779639158767,0.37378985700328626,0.2988720606116986,3.9893333093985417
PierSeaSide,37,fast,cache_miss_rate,0.08299619328295323,0.4786045712321705,0.39560837794921727,4.76658461431474
RitualDance,37,fast,cache_miss_rate,0.06830092831606432,0.4955716765321109,0.4272707482160466,6.255709237784296
Riverbed,37,fast,cache_miss_rate,0.07074054057203416,0.355387940540779,0.28464739996874483,4.023822799019921
RushFieldCuts,37,fast,cache_miss_rate,0.07283664117157666,0.6191281473130402,0.5462915061414636,7.500229243885633
Skater227,37,fast,cache_miss_rate,0.4394368951021605,0.47953364592573816,0.040096750823577665,0.09124575398762536
Tango,37,fast,cache_miss_rate,0.0833130486440603,0.4764609365139467,0.3931478878698864,4.718923317156938
TimeLapse,37,fast,cache_miss_rate,0.06922005388761829,0.5038359845693728,0.4346159306817545,6.2787574737715754
ToddlerFountain,37,fast,cache_miss_rate,0.7443051408382528,0.4816617613764999,-0.2626433794617529,-0.3528705702152724
TreesAndGrass_1920_1080,37,fast,cache_miss_rate,0.7852121339047697,0.45256148536988433,-0.3326506485348854,-0.42364430473157866
TunnelFlag,37,fast,cache_miss_rate,0.08308973515987353,0.3691102024922118,0.2860204673323383,3.442308087539386
Vertical_Carnaby,37,fast,cache_miss_rate,0.06760141724267645,0.7084090909090909,0.6408076736664144,9.479204723860075
Vertical_bees,37,fast,cache_miss_rate,0.07494335965810442,0.5501982696467196,0.4752549099886152,6.341521278959914
WalkingInStreet,37,fast,cache_miss_rate,0.09758225967785067,0.49558594426172753,0.39800368458387686,4.078647962219881
WorldCup_1920x1080_30p,37,fast,cache_miss_rate,0.7263250065225417,0.5251970904656126,-0.20112791605692915,-0.2769117326964662
WorldCup_far_1920x1080_30p,37,fast,cache_miss_rate,0.07470656981151036,0.7626500461680517,0.6879434763565413,9.20860746373804
Aerial3200,22,faster,cache_miss_rate,0.10066270748054275,0.002412946707159795,-0.09824976077338296,-0.9760293879674735
Boat,22,faster,cache_miss_rate,0.09437513256598365,0.11935205361180776,0.024976921045824108,0.2646557452871513
BoxingPractice,22,faster,cache_miss_rate,0.07933882434636523,0.6990454304401627,0.6197066060937975,7.810887181644862
Crosswalk,22,faster,cache_miss_rate,0.08995005567543225,0.5901394901394902,0.500189434464058,5.560746246438099
CrowdRun,22,faster,cache_miss_rate,0.09462451456542384,0.026521264994547437,-0.0681032495708764,-0.7197209928489461
DinnerSceneCropped,22,faster,cache_miss_rate,0.7614907340375457,0.023018270752409725,-0.738472463285136,-0.9697720934431294
FoodMarket,22,faster,cache_miss_rate,0.08977395524930191,0.31081014285008157,0.22103618760077964,2.462141575326196
FoodMarket2,22,faster,cache_miss_rate,0.06597196431575207,0.48333045430989807,0.417358489994146,6.326300790387314
MeridianTalk_sdr,22,faster,cache_miss_rate,0.0868886929826132,0.32856527358897025,0.24167658060635705,2.781450293592488
Motorcycle,22,faster,cache_miss_rate,0.08852303586719733,0.136676217765043,0.04815318189784566,0.5439621611044304
MountainBike,22,faster,cache_miss_rate,0.09458192869769357,0.42447200085766357,0.32989007215997,3.4878763491319518
Neon1224,22,faster,cache_miss_rate,0.08305238033360061,0.5254282895326935,0.44237590919909286,5.326468758898657
NocturneDance_3840x2160p_8bit,22,faster,cache_miss_rate,0.07239261667667325,0.4959804574727959,0.42358784079612266,5.8512574933986805
OldTownCross,22,faster,cache_miss_rate,0.10235282330567612,0.3695144934039307,0.2671616700982546,2.610203231037192
PedestrianArea,22,faster,cache_miss_rate,0.08393593645313747,0.5115665405928401,0.42763060413970266,5.094726075742949
PierSeaSide,22,faster,cache_miss_rate,0.08000628988228106,0.3322538204635158,0.2522475305812347,3.152846244368842
RitualDance,22,faster,cache_miss_rate,0.07922874511147078,0.051465767537697854,-0.027762977573772926,-0.35041546517885447
Riverbed,22,faster,cache_miss_rate,0.08618349925894864,0.45419344537144224,0.3680099461124936,4.270074309778995
RushFieldCuts,22,faster,cache_miss_rate,0.08575462511371283,0.5974815032583664,0.5117268781446536,5.967338525077692
Skater227,22,faster,cache_miss_rate,0.4975931733644519,0.3367207032825228,-0.16087247008192912,-0.3233012000429945
Tango,22,faster,cache_miss_rate,0.0657343510510715,0.4853806304328738,0.4196462793818023,6.383972347361629
TimeLapse,22,faster,cache_miss_rate,0.09647623915553721,0.38437917884205836,0.28790293968652114,2.984184937208936
ToddlerFountain,22,faster,cache_miss_rate,0.10064430797129899,0.6844608879492601,0.5838165799779611,5.800790841986312
TreesAndGrass_1920_1080,22,faster,cache_miss_rate,0.09544817317964467,0.42732739956699545,0.3318792263873508,3.47706210953577
TunnelFlag,22,faster,cache_miss_rate,0.0885536884214855,0.3347435219460603,0.24618983352457477,2.780119472300179
Vertical_Carnaby,22,faster,cache_miss_rate,0.07824077463945187,0.6311050477489768,0.5528642731095249,7.066191198351843
Vertical_bees,22,faster,cache_miss_rate,0.7346188300093572,0.7404520654715511,0.005833235462193831,0.007940492707108433
WalkingInStreet,22,faster,cache_miss_rate,0.10004158561264363,0.5051906171312454,0.4051490315186017,4.049806178475818
WorldCup_1920x1080_30p,22,faster,cache_miss_rate,0.07239761543351247,0.7444367015098723,0.6720390860763599,9.282613550905387
WorldCup_far_1920x1080_30p,22,faster,cache_miss_rate,0.08657074096277337,0.504345194344762,0.4177744533819886,4.825815844196568
Aerial3200,27,faster,cache_miss_rate,0.08934556285469822,0.1951334044823906,0.10578784162769239,1.184030166106112
Boat,27,faster,cache_miss_rate,0.0861407931994987,0.15516135926480018,0.06902056606530148,0.8012529662392655
BoxingPractice,27,faster,cache_miss_rate,0.8016730552569762,0.5912040017829726,-0.21046905347400358,-0.26253726764776664
Crosswalk,27,faster,cache_miss_rate,0.07371249225604172,0.4636599744403677,0.389947482184326,5.290113931161575
CrowdRun,27,faster,cache_miss_rate,0.08234084817216838,0.3652783997611584,0.28293755158899003,3.4361748496613655
DinnerSceneCropped,27,faster,cache_miss_rate,0.7686887746170827,0.013330181990073268,-0.7553585926270094,-0.9826585447449605
FoodMarket,27,faster,cache_miss_rate,0.08282157028659169,0.25612043185158906,0.17329886156499735,2.0924363178012984
FoodMarket2,27,faster,cache_miss_rate,0.07332923946658215,0.4806828791179478,0.4073536396513657,5.555132476684232
MeridianTalk_sdr,27,faster,cache_miss_rate,0.07429191879503604,0.35588158919761104,0.281589670402575,3.7903136030104796
Motorcycle,27,faster,cache_miss_rate,0.09853392379849121,0.4461046940280167,0.34757077022952554,3.5274224026674523
MountainBike,27,faster,cache_miss_rate,0.09020434940156848,0.5353600970074921,0.44515574760592364,4.934969882928764
Neon1224,27,faster,cache_miss_rate,0.07191171511943716,0.486248207204927,0.41433649208548984,5.761738423250289
NocturneDance_3840x2160p_8bit,27,faster,cache_miss_rate,0.7882438769368112,0.6510045215121428,-0.13723935542466836,-0.17410773421798495
OldTownCross,27,faster,cache_miss_rate,0.08666845965410332,0.3665021564181228,0.2798336967640195,3.2287835491809247
PedestrianArea,27,faster,cache_miss_rate,0.07569832112269924,0.6734471880778854,0.5977488669551861,7.896461349338202
PierSeaSide,27,faster,cache_miss_rate,0.07449844962622015,0.5276603320129957,0.4531618823867755,6.082836416870649
RitualDance,27,faster,cache_miss_rate,0.07735167900634282,0.32614653363593543,0.2487948546295926,3.216411819699369
Riverbed,27,faster,cache_miss_rate,0.07949028618860383,0.4712286802450737,0.3917383940564699,4.928129119160621
RushFieldCuts,27,faster,cache_miss_rate,0.07468582853170462,0.539046856227473,0.4643610276957683,6.217525289936953
Skater227,27,faster,cache_miss_rate,0.4933893051904743,0.38103636516334927,-0.11235294002712504,-0.22771661007883193
Tango,27,faster,cache_miss_rate,0.07061702266696036,0.56760318132618,0.4969861586592197,7.037767097645494
TimeLapse,27,faster,cache_miss_rate,0.09100792085756006,0.5033048807178814,0.41229695986032133,4.530341490886523
ToddlerFountain,27,faster,cache_miss_rate,0.7829645404338603,0.4710821275728551,-0.3118824128610052,-0.39833529713642374
TreesAndGrass_1920_1080,27,faster,cache_miss_rate,0.09432995073828807,0.5386688483565137,0.44433889761822565,4.710475242916359
TunnelFlag,27,faster,cache_miss_rate,0.08019854859941772,0.48938029892491913,0.4091817503255014,5.102109171193558
Vertical_Carnaby,27,faster,cache_miss_rate,0.07054616008844501,0.6590435648944842,0.5884974048060392,8.342018957066255
Vertical_bees,27,faster,cache_miss_rate,0.7012375963960948,0.7615344981029556,0.06029690170686075,0.08598640748406476
WalkingInStreet,27,faster,cache_miss_rate,0.0968994894765825,0.4969867416633186,0.4000872521867361,4.12888916492614
WorldCup_1920x1080_30p,27,faster,cache_miss_rate,0.06985409292135762,0.7569581107675007,0.6871040178461432,9.83627428416673
WorldCup_far_1920x1080_30p,27,faster,cache_miss_rate,0.08808922292324288,0.4469917896720355,0.3589025667487926,4.074307331119548
Aerial3200,32,faster,cache_miss_rate,0.08541405380981983,0.0014688094003801624,-0.08394524440943966,-0.9828036566014
Boat,32,faster,cache_miss_rate,0.0805178270966292,0.0014599132162699216,-0.07905791388035928,-0.9818684474120509
BoxingPractice,32,faster,cache_miss_rate,0.07134882426929881,0.6516250459052516,0.5802762216359528,8.132947215020108
Crosswalk,32,faster,cache_miss_rate,0.06648808558219517,0.4351039987417922,0.368615913159597,5.544089740768662
CrowdRun,32,faster,cache_miss_rate,0.08673086029649314,0.0033696625072395093,-0.08336119778925363,-0.9611480562314247
DinnerSceneCropped,32,faster,cache_miss_rate,0.7611018337708211,0.3402567810350116,-0.42084505273580947,-0.5529418457064604
FoodMarket,32,faster,cache_miss_rate,0.07183181752055871,0.32101839617847344,0.24918657865791471,3.469027894033114
FoodMarket2,32,faster,cache_miss_rate,0.07058765151151729,0.29621682943671696,0.22562917792519965,3.1964397893077
MeridianTalk_sdr,32,faster,cache_miss_rate,0.07181739834938038,0.32442356959863367,0.2526061712492533,3.5173394895254195
Motorcycle,32,faster,cache_miss_rate,0.08372356654991404,0.3696333230375502,0.28590975648763617,3.4149256687145955
MountainBike,32,faster,cache_miss_rate,0.08608443504284469,0.3286415982168655,0.24255716317402082,2.817665737752694
Neon1224,32,faster,cache_miss_rate,0.07244956892089956,0.6438952821970565,0.5714457132761569,7.887496389385855
NocturneDance_3840x2160p_8bit,32,faster,cache_miss_rate,0.061029788859092056,0.5387419426539231,0.477712153794831,7.827524275035448
OldTownCross,32,faster,cache_miss_rate,0.08043641220902092,0.4458649620455453,0.3654285498365244,4.543073712523713
PedestrianArea,32,faster,cache_miss_rate,0.07337368383025518,0.4548222867202741,0.3814486028900189,5.198711349596039
PierSeaSide,32,faster,cache_miss_rate,0.07180254097302345,0.35262353540499236,0.2808209944319689,3.9110175019777453
RitualDance,32,faster,cache_miss_rate,0.07619235312295175,0.5928223305272485,0.5166299774042968,6.780601415087023
Riverbed,32,faster,cache_miss_rate,0.07193619477205765,0.013211430759657269,-0.05872476401240038,-0.8163451541811464
RushFieldCuts,32,faster,cache_miss_rate,0.768014717247128,0.7249063581622494,-0.043108359084878645,-0.056129600275625254
Skater227,32,faster,cache_miss_rate,0.44565258145551345,0.6440470588235294,0.19839447736801596,0.44517744454672337
Tango,32,faster,cache_miss_rate,0.07122418475255968,0.5253234914847259,0.45409930673216625,6.375633618127819
TimeLapse,32,faster,cache_miss_rate,0.06983714404674178,0.48698495748855464,0.41714781344181284,5.973151095105165
ToddlerFountain,32,faster,cache_miss_rate,0.07861371738521374,0.3619379913435209,0.28332427395830717,3.604005552491491
TreesAndGrass_1920_1080,32,faster,cache_miss_rate,0.0879116766379358,0.038919013468602416,-0.04899266316933338,-0.5572941507088943
TunnelFlag,32,faster,cache_miss_rate,0.08167741985965422,0.48464163822525597,0.40296421836560176,4.93360611853328
Vertical_Carnaby,32,faster,cache_miss_rate,0.06914301117935082,0.4702731655061596,0.40113015432680876,5.801456249660762
Vertical_bees,32,faster,cache_miss_rate,0.06935676661287521,0.7594130414268189,0.6900562748139436,9.94937204419566
WalkingInStreet,32,faster,cache_miss_rate,0.08667463179556867,0.5339861497066737,0.447311517911105,5.160812438939883
WorldCup_1920x1080_30p,32,faster,cache_miss_rate,0.06859886122417679,0.729098552078468,0.6604996908542912,9.628435211130101
WorldCup_far_1920x1080_30p,32,faster,cache_miss_rate,0.07704042092872354,0.6670383793327758,0.5899979584040522,7.658290950278012
Aerial3200,37,faster,cache_miss_rate,0.07892979987863577,0.04956750339213026,-0.029362296486505512,-0.3720052062928531
Boat,37,faster,cache_miss_rate,0.07845096364316469,0.18735953767830116,0.10890857403513647,1.3882375560166305
BoxingPractice,37,faster,cache_miss_rate,0.06912643335854447,0.7066199520560575,0.637493518697513,9.222138156484457
Crosswalk,37,faster,cache_miss_rate,0.07007646828728338,0.7350957155879672,0.6650192473006837,9.489908146831699
CrowdRun,37,faster,cache_miss_rate,0.08105958294275538,0.11552548580730491,0.034465902864549536,0.42519220569996646
DinnerSceneCropped,37,faster,cache_miss_rate,0.07238343624308392,0.4338723650014438,0.3614889287583599,4.994083557243379
FoodMarket,37,faster,cache_miss_rate,0.06597506494575671,0.5135248187395427,0.447549753793786,6.783619753337899
FoodMarket2,37,faster,cache_miss_rate,0.06864470905712435,0.4975402807239247,0.42889557166680037,6.248049959828435
MeridianTalk_sdr,37,faster,cache_miss_rate,0.06830836481266746,0.6413278242088459,0.5730194593961785,8.388715803220556
Motorcycle,37,faster,cache_miss_rate,0.07704344596179942,0.283184674194824,0.2061412282330246,2.675649117969567
MountainBike,37,faster,cache_miss_rate,0.07433875925024178,0.44192215699065013,0.3675833977404084,4.944707195112526
Neon1224,37,faster,cache_miss_rate,0.06899421300116153,0.6373988201399369,0.5684046071387754,8.23843888369603
NocturneDance_3840x2160p_8bit,37,faster,cache_miss_rate,0.06686242870515059,0.740213191826095,0.6733507631209444,10.07068956603837
OldTownCross,37,faster,cache_miss_rate,0.7230585030747773,0.6102974828375286,-0.11276102023724865,-0.1559500645628769
PedestrianArea,37,faster,cache_miss_rate,0.07166711925458367,0.49124659815589583,0.41957947890131214,5.854560407414126
PierSeaSide,37,faster,cache_miss_rate,0.07407254728873652,0.4608756308727586,0.3868030835840221,5.22194926112443
RitualDance,37,faster,cache_miss_rate,0.7197222057883234,0.03346021899525354,-0.6862619867930698,-0.9535095364209251
Riverbed,37,faster,cache_miss_rate,0.07048500089349492,0.5267610026117803,0.45627600171828536,6.47337725664121
RushFieldCuts,37,faster,cache_miss_rate,0.7519494637685281,0.47158403869407495,-0.28036542507445317,-0.3728514196543902
Skater227,37,faster,cache_miss_rate,0.5224562120902337,0.45820684072050194,-0.0642493713697318,-0.12297560998018194
Tango,37,faster,cache_miss_rate,0.06828324791816864,0.4773680342397648,0.40908478632159617,5.990997774620324
TimeLapse,37,faster,cache_miss_rate,0.07332813297314515,0.4815982721382289,0.40827013916508376,5.567714908473176
ToddlerFountain,37,faster,cache_miss_rate,0.0731864411137029,0.40270806091027966,0.3295216197965768,4.502495472961036
TreesAndGrass_1920_1080,37,faster,cache_miss_rate,0.7617515295189667,0.46205021123682805,-0.2997013182821387,-0.3934371073352423
TunnelFlag,37,faster,cache_miss_rate,0.07095880586592938,0.3366579714592604,0.265699165593331,3.744414274605282
Vertical_Carnaby,37,faster,cache_miss_rate,0.7157726762099923,0.4815507232116501,-0.2342219529983422,-0.3272295252153863
Vertical_bees,37,faster,cache_miss_rate,0.06924091709128907,0.7616142656030033,0.6923733485117142,9.999482641150905
WalkingInStreet,37,faster,cache_miss_rate,0.09263570464153528,0.49706048861211516,0.4044247839705799,4.36575492716927
WorldCup_1920x1080_30p,37,faster,cache_miss_rate,0.07102976964688242,0.7388758242264951,0.6678460545796127,9.402340144135962
WorldCup_far_1920x1080_30p,37,faster,cache_miss_rate,0.0709866519705598,0.36811637227252486,0.29712972030196505,4.18571255375156
Aerial3200,22,superfast,cache_miss_rate,0.08464848237046645,0.16159129195283142,0.07694280958236498,0.9089685653857634
Boat,22,superfast,cache_miss_rate,0.06494830888536934,0.07292203110516016,0.007973722219790813,0.12277028234659737
BoxingPractice,22,superfast,cache_miss_rate,0.06856101218140152,0.5104535790219702,0.44189256684056866,6.445245669235327
Crosswalk,22,superfast,cache_miss_rate,0.05906019813822697,0.6172164747218427,0.5581562765836158,9.450633322923897
CrowdRun,22,superfast,cache_miss_rate,0.07250139021006752,0.1669017852799533,0.09440039506988579,1.3020494475535918
DinnerSceneCropped,22,superfast,cache_miss_rate,0.7871740412240572,0.006476440773418434,-0.7806976004506387,-0.9917725427488087
FoodMarket,22,superfast,cache_miss_rate,0.06523841584055821,0.025630391506303914,-0.039608024334254296,-0.6071273163814364
FoodMarket2,22,superfast,cache_miss_rate,0.06117136408404887,0.46536376143076796,0.4041923973467191,6.607542653313446
MeridianTalk_sdr,22,superfast,cache_miss_rate,0.06513015468358878,0.30312754032430583,0.23799738564071704,3.6541811822333443
Motorcycle,22,superfast,cache_miss_rate,0.0708719550269668,0.3508849362228009,0.2800129811958341,3.950970184035266
MountainBike,22,superfast,cache_miss_rate,0.7850266848238743,0.38099359529167387,-0.4040330895322004,-0.5146743382651353
Neon1224,22,superfast,cache_miss_rate,0.06115679386840967,0.47164315732534434,0.4104863634569347,6.712032098022882
NocturneDance_3840x2160p_8bit,22,superfast,cache_miss_rate,0.7694950013942358,0.5351978691019786,-0.23429713229225713,-0.30448168197030245
OldTownCross,22,superfast,cache_miss_rate,0.07649147672885614,0.4972596585804133,0.4207681818515572,5.500850550226387
PedestrianArea,22,superfast,cache_miss_rate,0.06074408865653335,0.49483462106085596,0.4340905324043226,7.146218537556969
PierSeaSide,22,superfast,cache_miss_rate,0.06995001134170452,0.49251182343667893,0.4225618120949744,6.04091127349169
RitualDance,22,superfast,cache_miss_rate,0.06493425748611048,0.7403939296092993,0.6754596721231888,10.402208299181222
Riverbed,22,superfast,cache_miss_rate,0.06316460288091337,0.4765797036539395,0.4134151007730261,6.545043931526861
RushFieldCuts,22,superfast,cache_miss_rate,0.06620771624551496,0.4372376769155686,0.3710299606700536,5.604028981972142
Skater227,22,superfast,cache_miss_rate,0.48532973496643833,0.3450386731190801,-0.14029106184735823,-0.2890633969852675
Tango,22,superfast,cache_miss_rate,0.049506384439664305,0.7193413729128015,0.6698349884731373,13.53027485352916
TimeLapse,22,superfast,cache_miss_rate,0.6867565135084294,0.5114577399991237,-0.17529877350930567,-0.2552560770246761
ToddlerFountain,22,superfast,cache_miss_rate,0.0639539168553498,0.6066064567636346,0.5426525399082848,8.485055593008473
TreesAndGrass_1920_1080,22,superfast,cache_miss_rate,0.08247866502655685,0.34334460653172477,0.26086594150516795,3.162829338001205
TunnelFlag,22,superfast,cache_miss_rate,0.07325458328639772,0.4660218151883104,0.39276723190191265,5.361674509379724
Vertical_Carnaby,22,superfast,cache_miss_rate,0.07034271302330289,0.3429424943988051,0.2725997813755022,3.87530946219257
Vertical_bees,22,superfast,cache_miss_rate,0.06336068868913951,0.6418689150789584,0.5785082263898189,9.130396754809572
WalkingInStreet,22,superfast,cache_miss_rate,0.07483708240882224,0.685588887817112,0.6107518054082898,8.161085196665693
WorldCup_1920x1080_30p,22,superfast,cache_miss_rate,0.0597467381354441,0.629644752960392,0.569898014824948,9.538562817153396
WorldCup_far_1920x1080_30p,22,superfast,cache_miss_rate,0.06196765485243829,0.5003085875506965,0.43834093269825825,7.073705366808963
Aerial3200,27,superfast,cache_miss_rate,0.07703714367833699,0.011413211122372537,-0.06562393255596445,-0.8518479453232641
Boat,27,superfast,cache_miss_rate,0.08160296298738363,0.2254619511225909,0.14385898813520726,1.7629137824008771
BoxingPractice,27,superfast,cache_miss_rate,0.0634775725515578,0.6062355088550145,0.5427579363034567,8.550388971831232
Crosswalk,27,superfast,cache_miss_rate,0.05854884617767351,0.4883491395957602,0.4298002934180867,7.340884090419238
CrowdRun,27,superfast,cache_miss_rate,0.07460742459917709,0.059773061767079715,-0.014834362832097374,-0.1988322598158816
DinnerSceneCropped,27,superfast,cache_miss_rate,0.7747559328381647,0.0829249543576439,-0.6918309784805208,-0.8929663512819259
FoodMarket,27,superfast,cache_miss_rate,0.7630675909550052,0.35415122312824315,-0.40891636782676205,-0.5358848582666041
FoodMarket2,27,superfast,cache_miss_rate,0.7663656397289675,0.47772038133635714,-0.2886452583926104,-0.3766417013355303
MeridianTalk_sdr,27,superfast,cache_miss_rate,0.059164861991647576,0.07472885988889869,0.01556399789725111,0.26306150937102346
Motorcycle,27,superfast,cache_miss_rate,0.06619238841729319,0.3593039524309199,0.2931115640136267,4.42817627558291
MountainBike,27,superfast,cache_miss_rate,0.06653431380715809,0.5030677594160061,0.43653344560884805,6.561027244890345
Neon1224,27,superfast,cache_miss_rate,0.06458263888641382,0.5096771355678719,0.44509449668145806,6.8918598613518745
NocturneDance_3840x2160p_8bit,27,superfast,cache_miss_rate,0.0593453926965665,0.7288269822044163,0.6694815895078499,11.281104717444789
OldTownCross,27,superfast,cache_miss_rate,0.07069987555767414,0.45418238295984026,0.3834825074021661,5.424090274237278
PedestrianArea,27,superfast,cache_miss_rate,0.058397157562358325,0.4608849557522124,0.4024877981898541,6.892249811304
PierSeaSide,27,superfast,cache_miss_rate,0.05980200143160301,0.7387669313404951,0.6789649299088921,11.3535486046473
RitualDance,27,superfast,cache_miss_rate,0.061646111709897616,0.74452416918429,0.6828780574743923,11.077390585280865
Riverbed,27,superfast,cache_miss_rate,0.060693518612347376,0.3386387534652519,0.2779452348529045,4.579487912509324
RushFieldCuts,27,superfast,cache_miss_rate,0.05887761702005423,0.34678137051320085,0.2879037534931466,4.889867628220824
Skater227,27,superfast,cache_miss_rate,0.4717689240357873,0.4662029902961143,-0.005565933739673012,-0.011798008423400931
Tango,27,superfast,cache_miss_rate,0.7502304402569521,0.7477309750989062,-0.002499465158045888,-0.0033315965654363844
TimeLapse,27,superfast,cache_miss_rate,0.06079041818293526,0.4940907692983612,0.433300351115426,7.127773818095885
ToddlerFountain,27,superfast,cache_miss_rate,0.06174846586544855,0.5187442451878809,0.4569957793224323,7.400925236235626
TreesAndGrass_1920_1080,27,superfast,cache_miss_rate,0.06438882731627839,0.3470262096774194,0.282637382361141,4.389540765711171
TunnelFlag,27,superfast,cache_miss_rate,0.0610496475823791,0.6338684380477904,0.5728187904654113,9.382835334019934
Vertical_Carnaby,27,superfast,cache_miss_rate,0.06071112655036095,0.6482622287605737,0.5875511022102128,9.677815840278122
Vertical_bees,27,superfast,cache_miss_rate,0.0617325022491431,0.5225157676531558,0.46078326540401265,7.464192258793604
WalkingInStreet,27,superfast,cache_miss_rate,0.7278540591000975,0.7615996145507107,0.033745555450613196,0.046363079285887954
WorldCup_1920x1080_30p,27,superfast,cache_miss_rate,0.05926270536942439,0.5050862450243255,0.4458235396549011,7.522834755446659
WorldCup_far_1920x1080_30p,27,superfast,cache_miss_rate,0.05983443926934346,0.48534072900158476,0.4255062897322413,7.11139428944648
Aerial3200,32,superfast,cache_miss_rate,0.07348556392834991,0.4330881202066051,0.35960255627825516,4.893512916752953
Boat,32,superfast,cache_miss_rate,0.07667525515324156,0.2162523823040428,0.13957712715080126,1.8203672993568178
BoxingPractice,32,superfast,cache_miss_rate,0.058883127341667674,0.46530034158127137,0.4064172142396037,6.902099677576215
Crosswalk,32,superfast,cache_miss_rate,0.05668785651757843,0.31754140232347366,0.26085354580589526,4.6015771600925985
CrowdRun,32,superfast,cache_miss_rate,0.07285413181322492,0.1687481705532247,0.09589403873999977,1.3162470865186058
DinnerSceneCropped,32,superfast,cache_miss_rate,0.07331263953796104,0.07313072841292813,-0.00018191112503290752,-0.002481306445646587
FoodMarket,32,superfast,cache_miss_rate,0.05622973574387452,0.5216760978347286,0.46544636209085405,8.277584020863165
FoodMarket2,32,superfast,cache_miss_rate,0.05886900536115567,0.5266148974014142,0.4677458920402585,7.9455375400124835
MeridianTalk_sdr,32,superfast,cache_miss_rate,0.055435301975167085,0.3986235662148071,0.34318826423964,6.190789118337902
Motorcycle,32,superfast,cache_miss_rate,0.062267120388456505,0.43034562008309024,0.36807849969463374,5.911281867514634
MountainBike,32,superfast,cache_miss_rate,0.06391895591088724,0.49182950025938094,0.4279105443484937,6.6945796947163245
Neon1224,32,superfast,cache_miss_rate,0.06381452687903293,0.6438046272493573,0.5799901003703244,9.088684485113491
NocturneDance_3840x2160p_8bit,32,superfast,cache_miss_rate,0.058454838258910784,0.667094382663245,0.6086395444043342,10.412132896656402
OldTownCross,32,superfast,cache_miss_rate,0.06072381680097111,0.3746013465627215,0.3138775297617504,5.168936115964482
PedestrianArea,32,superfast,cache_miss_rate,0.06030512042427593,0.3749642618888783,0.3146591414646024,5.217784812480629
PierSeaSide,32,superfast,cache_miss_rate,0.7518825481310266,0.6039213729794453,-0.14796117515158136,-0.19678761732051392
RitualDance,32,superfast,cache_miss_rate,0.7197833895220547,0.6537079385821627,-0.06607545093989198,-0.09179907719705357
Riverbed,32,superfast,cache_miss_rate,0.0660523430253352,0.5540177744862063,0.48796543146087107,7.387556733206357
RushFieldCuts,32,superfast,cache_miss_rate,0.05711292964271997,0.6708510333635626,0.6137381037208426,10.746044854644822
Skater227,32,superfast,cache_miss_rate,0.43954104148278905,0.010749786353618495,-0.42879125512917055,-0.9755431567496993
Tango,32,superfast,cache_miss_rate,0.7469423637875447,0.5020606481280638,-0.24488171565948091,-0.3278455307016612
TimeLapse,32,superfast,cache_miss_rate,0.06765876466357759,0.5208015017243637,0.4531427370607861,6.697472815443292
ToddlerFountain,32,superfast,cache_miss_rate,0.059456425933295656,0.4679369579719813,0.4084805320386857,6.870250366158255
TreesAndGrass_1920_1080,32,superfast,cache_miss_rate,0.06525421108124255,0.4528681788297173,0.3876139677484748,5.940060592654919
TunnelFlag,32,superfast,cache_miss_rate,0.05915071832558868,0.648893774907242,0.5897430565816533,9.970175735406574
Vertical_Carnaby,32,superfast,cache_miss_rate,0.06598735218758763,0.46682485279901575,0.40083750061142814,6.074459533880594
Vertical_bees,32,superfast,cache_miss_rate,0.7273267085488297,0.3261090244645214,-0.40121768408430836,-0.5516333710401234
WalkingInStreet,32,superfast,cache_miss_rate,0.06604350049284036,0.6033740831295844,0.537330582636744,8.136010033190093
WorldCup_1920x1080_30p,32,superfast,cache_miss_rate,0.7346605221418093,0.5077495621716287,-0.22691095997018063,-0.30886505145077153
WorldCup_far_1920x1080_30p,32,superfast,cache_miss_rate,0.057264723248797514,0.6621509154799334,0.6048861922311359,10.562981149897338
Aerial3200,37,superfast,cache_miss_rate,0.07009486767115404,0.191918762746431,0.12182389507527695,1.7379859485120452
Boat,37,superfast,cache_miss_rate,0.054512441242565976,0.01318292413182924,-0.041329517110736735,-0.7581666894504191
BoxingPractice,37,superfast,cache_miss_rate,0.06067545363248233,0.47840545909993953,0.4177300054674572,6.884662255641174
Crosswalk,37,superfast,cache_miss_rate,0.05748247843413616,0.5496285979572888,0.4921461195231526,8.561671885582616
CrowdRun,37,superfast,cache_miss_rate,0.0700301077821484,0.33882756929114544,0.268797461508997,3.8383128346050763
DinnerSceneCropped,37,superfast,cache_miss_rate,0.05501178456521608,0.35517344882294927,0.30016166425773316,5.456315708171467
FoodMarket,37,superfast,cache_miss_rate,0.055963756765864216,0.3292993949092364,0.27333563814337214,4.884154566086896
FoodMarket2,37,superfast,cache_miss_rate,0.057947314594498825,0.49303786721005266,0.43509055261555385,7.5083816335616484
MeridianTalk_sdr,37,superfast,cache_miss_rate,0.07898653735375707,0.4483841360320757,0.3693975986783187,4.676715944945116
Motorcycle,37,superfast,cache_miss_rate,0.06059124438152368,0.025845195729537366,-0.034746048651986314,-0.5734499927613561
MountainBike,37,superfast,cache_miss_rate,0.06153429887791177,0.24077117853493848,0.17923687965702673,2.912796325389924
Neon1224,37,superfast,cache_miss_rate,0.06191670029753463,0.5081663959574084,0.4462496956598738,7.207259003071299
NocturneDance_3840x2160p_8bit,37,superfast,cache_miss_rate,0.7867914495219743,0.6255118755118755,-0.16127957401009885,-0.2049838926288363
OldTownCross,37,superfast,cache_miss_rate,0.05732190092554096,0.47768427545490594,0.420362374529365,7.333364172193107
PedestrianArea,37,superfast,cache_miss_rate,0.7057349641082956,0.5478335071584337,-0.1579014569498619,-0.22374044787390157
PierSeaSide,37,superfast,cache_miss_rate,0.06470669217341223,0.589379754242247,0.5246730620688348,8.108482205561131
RitualDance,37,superfast,cache_miss_rate,0.7376724757281256,0.47641030844155846,-0.2612621672865671,-0.35417095782065905
Riverbed,37,superfast,cache_miss_rate,0.7504925137484761,0.527877859845073,-0.22261465390340318,-0.2966247495148384
RushFieldCuts,37,superfast,cache_miss_rate,0.7765689164915792,0.33713702157890063,-0.4394318949126786,-0.5658633581395008
Skater227,37,superfast,cache_miss_rate,0.5156403475632791,0.45009951663349446,-0.06554083092978469,-0.12710570699035834
Tango,37,superfast,cache_miss_rate,0.057781221973920965,0.46235198866511484,0.40457076669119385,7.001768963518861
TimeLapse,37,superfast,cache_miss_rate,0.06063755063600994,0.46433176656545067,0.4036942159294407,6.65749542478559
ToddlerFountain,37,superfast,cache_miss_rate,0.05574014996173209,0.7375234521575985,0.6817833021958665,12.231457982512405
TreesAndGrass_1920_1080,37,superfast,cache_miss_rate,0.06629515393295807,0.3468394631697572,0.2805443092367992,4.231746856195608
TunnelFlag,37,superfast,cache_miss_rate,0.07245757729108564,0.7710195929237208,0.6985620156326352,9.640979477222714
Vertical_Carnaby,37,superfast,cache_miss_rate,0.7385851277041194,0.32006567490919946,-0.41851945279492,-0.5666502574941921
Vertical_bees,37,superfast,cache_miss_rate,0.06536565657768033,0.33882329093396846,0.2734576343562881,4.183506273379385
WalkingInStreet,37,superfast,cache_miss_rate,0.6723056303427422,0.7594309018444713,0.0871252715017291,0.1295917623913287
WorldCup_1920x1080_30p,37,superfast,cache_miss_rate,0.05958334004283451,0.4817244206619773,0.4221410806191428,7.0848844713247905
WorldCup_far_1920x1080_30p,37,superfast,cache_miss_rate,0.05430481339922459,0.7283864029550662,0.6740815895558416,12.412925252137349
Aerial3200,22,veryfast,cache_miss_rate,0.09350681149023586,0.5556151035322777,0.46210829204204185,4.941974650587845
Boat,22,veryfast,cache_miss_rate,0.09050683100365772,0.003443187407771766,-0.08706364359588596,-0.9619566018433171
BoxingPractice,22,veryfast,cache_miss_rate,0.07055691217352057,0.5042063458171414,0.43364943364362085,6.146094270355072
Crosswalk,22,veryfast,cache_miss_rate,0.0737817879707638,0.017826648340205756,-0.05595513963055805,-0.7583868752642644
CrowdRun,22,veryfast,cache_miss_rate,0.09652084653664664,0.36968379783516575,0.2731629512985191,2.830092784099295
DinnerSceneCropped,22,veryfast,cache_miss_rate,0.08899734161040379,0.2670906888196608,0.178093347209257,2.0011086172537755
FoodMarket,22,veryfast,cache_miss_rate,0.08843568271482995,0.015460923186916305,-0.07297475952791364,-0.8251732478079956
FoodMarket2,22,veryfast,cache_miss_rate,0.09853007868064809,0.47373780229104795,0.3752077236103999,3.808052613319317
MeridianTalk_sdr,22,veryfast,cache_miss_rate,0.07652358707080098,0.5267307779955335,0.4502071909247325,5.8832473510186185
Motorcycle,22,veryfast,cache_miss_rate,0.08930248347609161,0.10581248875292423,0.01651000527683262,0.18487733637612375
MountainBike,22,veryfast,cache_miss_rate,0.7728810563851078,0.3648691264585304,-0.4080119299265774,-0.5279103770959487
Neon1224,22,veryfast,cache_miss_rate,0.08234296082550191,0.4838116905845292,0.4014687297590273,4.875568302794026
NocturneDance_3840x2160p_8bit,22,veryfast,cache_miss_rate,0.08270567272147822,0.33707579760211337,0.25437012488063515,3.0756067451051226
OldTownCross,22,veryfast,cache_miss_rate,0.09895872960203692,0.4781410003938559,0.379182270791819,3.831721287416508
PedestrianArea,22,veryfast,cache_miss_rate,0.0856923836618369,0.5071849339521599,0.421492550290323,4.9186699246649
PierSeaSide,22,veryfast,cache_miss_rate,0.07918971427728838,0.6776711813393529,0.5984814670620645,7.557565682917346
RitualDance,22,veryfast,cache_miss_rate,0.08077124086708413,0.49844618549481334,0.4176749446277292,5.1710849077464145
Riverbed,22,veryfast,cache_miss_rate,0.08601416576846947,0.5969626699404356,0.5109485041719661,5.9402832034356186
RushFieldCuts,22,veryfast,cache_miss_rate,0.7886910887203203,0.6342547372533698,-0.15443635146695056,-0.19581348600949594
Skater227,22,veryfast,cache_miss_rate,0.6461557108803685,0.44978749820925457,-0.19636821267111393,-0.30390230924921785
Tango,22,veryfast,cache_miss_rate,0.08867616084717378,0.524977942103273,0.4363017812560992,4.920169942945885
TimeLapse,22,veryfast,cache_miss_rate,0.09290848618296621,0.6403911209972658,0.5474826348142996,5.892708592153068
ToddlerFountain,22,veryfast,cache_miss_rate,0.08905894422291126,0.4140997277059224,0.32504078348301113,3.649726440383641
TreesAndGrass_1920_1080,22,veryfast,cache_miss_rate,0.09321676174860423,0.5973638398408356,0.5041470780922314,5.408330740472007
TunnelFlag,22,veryfast,cache_miss_rate,0.08613175745218093,0.4442820962400156,0.35815033878783464,4.1581682457446005
Vertical_Carnaby,22,veryfast,cache_miss_rate,0.7028300273373388,0.4882272649718478,-0.21460276236549097,-0.3053409131913592
Vertical_bees,22,veryfast,cache_miss_rate,0.08487840702415997,0.6227281906300485,0.5378497836058885,6.33670921101045
WalkingInStreet,22,veryfast,cache_miss_rate,0.09189259789372786,0.4877086104079969,0.395816012514269,4.307376454543413
WorldCup_1920x1080_30p,22,veryfast,cache_miss_rate,0.07908017284813526,0.531576395927901,0.45249622307976567,5.721993349062789
WorldCup_far_1920x1080_30p,22,veryfast,cache_miss_rate,0.08526424225375037,0.7596410492406811,0.6743768069869307,7.909257024532673
Aerial3200,27,veryfast,cache_miss_rate,0.08686835793084954,0.0023681377825618944,-0.08450022014828765,-0.9727387757870706
Boat,27,veryfast,cache_miss_rate,0.08448569584710494,0.0012851564430823982,-0.08320053940402254,-0.9847884730048485
BoxingPractice,27,veryfast,cache_miss_rate,0.0741654828103816,0.35458236912194907,0.28041688631156747,3.780962190032626
Crosswalk,27,veryfast,cache_miss_rate,0.794649940236934,0.4558108887241578,-0.3388390515127762,-0.4264003989124412
CrowdRun,27,veryfast,cache_miss_rate,0.08742733607618527,0.36801761396069477,0.2805902778845095,3.2094112720076433
DinnerSceneCropped,27,veryfast,cache_miss_rate,0.07867979865960766,0.41117942080569486,0.3324996221460872,4.225984659475046
FoodMarket,27,veryfast,cache_miss_rate,0.0800924317826369,0.3817485353762956,0.3016561035936587,3.7663496647513974
FoodMarket2,27,veryfast,cache_miss_rate,0.07126024159297228,0.6040064652005681,0.5327462236075958,7.476065358444357
MeridianTalk_sdr,27,veryfast,cache_miss_rate,0.08957022245375144,0.4941096703110433,0.40453944785729185,4.516450185955172
Motorcycle,27,veryfast,cache_miss_rate,0.09570275357081752,0.48014023686348284,0.3844374832926653,4.016995007444501
MountainBike,27,veryfast,cache_miss_rate,0.7817689625118731,0.05263933942789738,-0.7291296230839758,-0.9326663733761394
Neon1224,27,veryfast,cache_miss_rate,0.07195057400531153,0.4549594139774302,0.3830088399721187,5.323221465110817
NocturneDance_3840x2160p_8bit,27,veryfast,cache_miss_rate,0.05973804642178252,0.5396454582932527,0.4799074118714702,8.033530398417575
OldTownCross,27,veryfast,cache_miss_rate,0.08764116563729471,0.4978129647449917,0.41017179910769697,4.680127154004362
PedestrianArea,27,veryfast,cache_miss_rate,0.07577186993343497,0.487479277549952,0.41170740761651703,5.433512568426765
PierSeaSide,27,veryfast,cache_miss_rate,0.7873258532940928,0.5446544252334361,-0.24267142806065667,-0.30822235424550537
RitualDance,27,veryfast,cache_miss_rate,0.7704596551093117,0.5702805712448914,-0.2001790838644203,-0.25981773677171865
Riverbed,27,veryfast,cache_miss_rate,0.7845828661378549,0.5763170613823103,-0.20826580475554457,-0.26544781149853874
RushFieldCuts,27,veryfast,cache_miss_rate,0.0772916276647098,0.6182254422280767,0.540933814563367,6.99860814045645
Skater227,27,veryfast,cache_miss_rate,0.23895391753664452,0.4598164223117498,0.22086250477510527,0.9242891142022609
Tango,27,veryfast,cache_miss_rate,0.08331746832578323,0.480249210401073,0.39693174207528975,4.764087892388062
TimeLapse,27,veryfast,cache_miss_rate,0.7562819147512045,0.5071302816901408,-0.2491516330610637,-0.32944280195173986
ToddlerFountain,27,veryfast,cache_miss_rate,0.08067656860838537,0.3734105906969258,0.2927340220885404,3.6284887562522603
TreesAndGrass_1920_1080,27,veryfast,cache_miss_rate,0.11045424705940575,0.4459696261682243,0.3355153791088185,3.0375960005265155
TunnelFlag,27,veryfast,cache_miss_rate,0.0765147501130781,0.44252074241043593,0.36600599229735786,4.783469746113687
Vertical_Carnaby,27,veryfast,cache_miss_rate,0.7291360685834604,0.44542426023907505,-0.2837118083443853,-0.3891068081374311
Vertical_bees,27,veryfast,cache_miss_rate,0.07684036325609163,0.6016851227732306,0.5248447595171389,6.830326371154045
WalkingInStreet,27,veryfast,cache_miss_rate,0.09622913731113544,0.5505270810614322,0.45429794375029675,4.721001938128425
WorldCup_1920x1080_30p,27,veryfast,cache_miss_rate,0.07542953323832786,0.5166326621130134,0.44120312887468555,5.84920932071336
WorldCup_far_1920x1080_30p,27,veryfast,cache_miss_rate,0.07943838689066013,0.752305909617613,0.6728675227269529,8.470306977067589
Aerial3200,32,veryfast,cache_miss_rate,0.08292080211990543,0.31187545567611613,0.2289546535562107,2.7611244428766724
Boat,32,veryfast,cache_miss_rate,0.07967135766401405,0.2301901176919045,0.15051876002789044,1.889245576341882
BoxingPractice,32,veryfast,cache_miss_rate,0.07144948713759239,0.4891907236755907,0.41774123653799833,5.846665291432277
Crosswalk,32,veryfast,cache_miss_rate,0.0688086546134855,0.5650285606382477,0.4962199060247622,7.211591460582203
CrowdRun,32,veryfast,cache_miss_rate,0.08472816452705006,0.33420318545847205,0.249475020931422,2.944416680379938
DinnerSceneCropped,32,veryfast,cache_miss_rate,0.767206468059669,0.5074605987130467,-0.25974586934662225,-0.3385605833114805
FoodMarket,32,veryfast,cache_miss_rate,0.07104817974607605,0.401413982717989,0.330365802971913,4.649884123036367
FoodMarket2,32,veryfast,cache_miss_rate,0.05983559092748739,0.41745252270653166,0.35761693177904424,5.976659146099641
MeridianTalk_sdr,32,veryfast,cache_miss_rate,0.08736095728089158,0.49367675575415226,0.4063157984732607,4.650999841574928
Motorcycle,32,veryfast,cache_miss_rate,0.07664043240735484,0.4626451953537487,0.38600476294639385,5.036568177156457
MountainBike,32,veryfast,cache_miss_rate,0.7802014503326657,0.5322689237279985,-0.24793252660466725,-0.3177801406277221
Neon1224,32,veryfast,cache_miss_rate,0.07065853731096058,0.47581648856272263,0.405157951251762,5.734026865978072
NocturneDance_3840x2160p_8bit,32,veryfast,cache_miss_rate,0.7980308741502684,0.5144893775624301,-0.28354149658783834,-0.35530141222888045
OldTownCross,32,veryfast,cache_miss_rate,0.07725154993657636,0.08026992591194375,0.0030183759753673878,0.039072044222355135
PedestrianArea,32,veryfast,cache_miss_rate,0.08066508634727237,0.4561312526519259,0.3754661663046535,4.654630439348058
PierSeaSide,32,veryfast,cache_miss_rate,0.07145168205462496,0.5111668083963657,0.4397151263417408,6.154020643007084
RitualDance,32,veryfast,cache_miss_rate,0.7488223468109269,0.439146970931812,-0.30967537587911487,-0.41354985891908225
Riverbed,32,veryfast,cache_miss_rate,0.07332697607526524,0.14134162513146464,0.0680146490561994,0.9275528965818379
RushFieldCuts,32,veryfast,cache_miss_rate,0.07765411015420678,0.46051544688584173,0.3828613367316349,4.9303422056004855
Skater227,32,veryfast,cache_miss_rate,0.4729893620707578,0.6943936195167723,0.22140425744601444,0.4680956385080242
Tango,32,veryfast,cache_miss_rate,0.07754218987033197,0.32502627233148174,0.24748408246114978,3.191605535966923
TimeLapse,32,veryfast,cache_miss_rate,0.07176417903195724,0.5201083096590909,0.4483441306271337,6.247464078527004
ToddlerFountain,32,veryfast,cache_miss_rate,0.07727526732333158,0.46924548352816153,0.39197021620482997,5.072389003389227
TreesAndGrass_1920_1080,32,veryfast,cache_miss_rate,0.7724427200167195,0.6464882249195975,-0.1259544950971221,-0.1630599808027135
TunnelFlag,32,veryfast,cache_miss_rate,0.08982907878370788,0.4824327187963552,0.3926036400126473,4.3705629104576
Vertical_Carnaby,32,veryfast,cache_miss_rate,0.06717220034155696,0.4250012274758187,0.35782902713426173,5.327040432124807
Vertical_bees,32,veryfast,cache_miss_rate,0.07065536134557243,0.4907076171363755,0.4200522557908031,5.945086795839101
WalkingInStreet,32,veryfast,cache_miss_rate,0.08881230074887334,0.4924125514403292,0.4036002506914559,4.544418366467957
WorldCup_1920x1080_30p,32,veryfast,cache_miss_rate,0.08692740851658731,0.4962719298245614,0.4093445213079741,4.709038590858991
WorldCup_far_1920x1080_30p,32,veryfast,cache_miss_rate,0.08940538219029785,0.7392949427833149,0.6498895605930171,7.2690205519141795
Aerial3200,37,veryfast,cache_miss_rate,0.07992234560392387,0.0018629683295383979,-0.07805937727438547,-0.9766902695928016
Boat,37,veryfast,cache_miss_rate,0.07568572513238403,0.41918066082132066,0.34349493568893663,4.538437533473056
BoxingPractice,37,veryfast,cache_miss_rate,0.0685362909166959,0.5029167553757717,0.43438046445907585,6.337962831794533
Crosswalk,37,veryfast,cache_miss_rate,0.07049253519107643,0.44809688581314877,0.3776043506220723,5.3566572630497875
CrowdRun,37,veryfast,cache_miss_rate,0.07733333751624967,0.4914426711465771,0.4141093336303274,5.354861783164508
DinnerSceneCropped,37,veryfast,cache_miss_rate,0.6870327394803026,0.003926450871480559,-0.683106288608822,-0.9942849144649923
FoodMarket,37,veryfast,cache_miss_rate,0.07095501786322177,0.34870887568979314,0.27775385782657136,3.9145062067631438
FoodMarket2,37,veryfast,cache_miss_rate,0.06894074894146952,0.687847175179515,0.6189064262380455,8.977367315279604
MeridianTalk_sdr,37,veryfast,cache_miss_rate,0.07325720030479749,0.3743403255133265,0.30108312520852903,4.109945834072663
Motorcycle,37,veryfast,cache_miss_rate,0.07603283839278635,0.3698939992016676,0.29386116080888125,3.864924248793551
MountainBike,37,veryfast,cache_miss_rate,0.7567665678717681,0.13252783700544896,-0.6242387308663191,-0.8248762000967444
Neon1224,37,veryfast,cache_miss_rate,0.06941038633391716,0.519871625780357,0.4504612394464398,6.489824696831047
NocturneDance_3840x2160p_8bit,37,veryfast,cache_miss_rate,0.7732350968544046,0.7324990764684152,-0.040736020385989447,-0.05268258069467815
OldTownCross,37,veryfast,cache_miss_rate,0.7371191965566889,0.5045236136963768,-0.23259558286031212,-0.3155467717390048
PedestrianArea,37,veryfast,cache_miss_rate,0.07528658871622149,0.4933962672671372,0.41810967855091574,5.553574490230934
PierSeaSide,37,veryfast,cache_miss_rate,0.06955698674940188,0.5045478865703584,0.43499089982095657,6.253734098461318
RitualDance,37,veryfast,cache_miss_rate,0.7252139285132668,0.5149578224193408,-0.21025610609392598,-0.28992287355120705
Riverbed,37,veryfast,cache_miss_rate,0.7045609175513162,0.48953196643308244,-0.21502895111823378,-0.3051956839524416
RushFieldCuts,37,veryfast,cache_miss_rate,0.7718261880211593,0.060984224158229336,-0.71084196386293,-0.9209871016237694
Skater227,37,veryfast,cache_miss_rate,0.17197965982816063,0.4785336292249915,0.3065539693968309,1.7825013126734568
Tango,37,veryfast,cache_miss_rate,0.06752778822302093,0.3314545634332048,0.2639267752101839,3.908417292426712
TimeLapse,37,veryfast,cache_miss_rate,0.06783695701621965,0.5116598687710587,0.44382291175483907,6.542494405353738
ToddlerFountain,37,veryfast,cache_miss_rate,0.07122561177945093,0.4452447449654564,0.3740191331860055,5.251188776646107
TreesAndGrass_1920_1080,37,veryfast,cache_miss_rate,0.07966436806302078,0.5061516829246858,0.426487314861665,5.3535517224498665
TunnelFlag,37,veryfast,cache_miss_rate,0.0766418938122334,0.5370315098281669,0.46038961601593353,6.007022962452518
Vertical_Carnaby,37,veryfast,cache_miss_rate,0.07290578459656799,0.4541965458034542,0.3812907612068862,5.229910950369709
Vertical_bees,37,veryfast,cache_miss_rate,0.06917919230756797,0.47838760722911633,0.40920841492154836,5.915195035845805
WalkingInStreet,37,veryfast,cache_miss_rate,0.7692147912774346,0.4949529957111294,-0.27426179556630526,-0.35654774021029784
WorldCup_1920x1080_30p,37,veryfast,cache_miss_rate,0.07271073347078462,0.49633153986393347,0.42362080639314886,5.826111031645155
WorldCup_far_1920x1080_30p,37,veryfast,cache_miss_rate,0.7255050858888258,0.4621989614425318,-0.263306124446294,-0.36292802017192505
Aerial3200,22,fast,l1d_miss_rate,0.014671456009880146,0.04832108813599653,0.03364963212611639,2.2935441515454116
Boat,22,fast,l1d_miss_rate,0.01444089085292944,0.04866194678491105,0.03422105593198161,2.369733022740742
BoxingPractice,22,fast,l1d_miss_rate,0.017916119878140024,0.0469844626981851,0.029068342820045074,1.6224686493369695
Crosswalk,22,fast,l1d_miss_rate,0.018256114158544397,0.04879824175374318,0.03054212759519878,1.6729807520897961
CrowdRun,22,fast,l1d_miss_rate,0.010349941538510933,0.048097134638787474,0.03774719310027654,3.6470923975583447
DinnerSceneCropped,22,fast,l1d_miss_rate,0.011138741825305902,0.04871249686567699,0.03757375504037109,3.373249477333963
FoodMarket,22,fast,l1d_miss_rate,0.014631382152554703,0.046449490132315946,0.03181810797976124,2.1746481397320117
FoodMarket2,22,fast,l1d_miss_rate,0.017783435782234305,0.048633241521005746,0.03084980573877144,1.7347494666688914
MeridianTalk_sdr,22,fast,l1d_miss_rate,0.013368040420576576,0.04852660200804927,0.03515856158747269,2.6300460262938277
Motorcycle,22,fast,l1d_miss_rate,0.015046933337557081,0.04702549139852539,0.031978558060968304,2.125254185924381
MountainBike,22,fast,l1d_miss_rate,0.015505095332822138,0.04893054388166707,0.03342544854884494,2.155771882168818
Neon1224,22,fast,l1d_miss_rate,0.01566976602661634,0.047419874380029856,0.03175010835341352,2.0262018143400127
NocturneDance_3840x2160p_8bit,22,fast,l1d_miss_rate,0.019382675398378117,0.046677378262288995,0.027294702863910877,1.408200999238465
OldTownCross,22,fast,l1d_miss_rate,0.013218444776701817,0.047133094179130086,0.03391464940242827,2.5657064787382984
PedestrianArea,22,fast,l1d_miss_rate,0.016915473473001857,0.04875549329290526,0.031840019819903406,1.8823014248298784
PierSeaSide,22,fast,l1d_miss_rate,0.01840290969759806,0.04869536739006954,0.03029245769247148,1.6460689200917635
RitualDance,22,fast,l1d_miss_rate,0.018629800091106267,0.04655959338612315,0.027929793295016884,1.4991998388834225
Riverbed,22,fast,l1d_miss_rate,0.015447159743932496,0.04894820402142611,0.03350104427749362,2.1687510735203297
RushFieldCuts,22,fast,l1d_miss_rate,0.012119798697064227,0.04667085740768954,0.03455105871062531,2.8507947676552248
Skater227,22,fast,l1d_miss_rate,0.05336272718029852,0.048446625440654735,-0.004916101739643783,-0.09212613371564721
Tango,22,fast,l1d_miss_rate,0.01647551329260823,0.048621670318356174,0.03214615702574794,1.9511475275353256
TimeLapse,22,fast,l1d_miss_rate,0.01821095427024459,0.048295192868620086,0.030084238598375498,1.651985840606443
ToddlerFountain,22,fast,l1d_miss_rate,0.014461415967143681,0.0490076425722232,0.03454622660507952,2.388855052891674
TreesAndGrass_1920_1080,22,fast,l1d_miss_rate,0.013527938848947417,0.048745040996137703,0.03521710214719029,2.6032866159747954
TunnelFlag,22,fast,l1d_miss_rate,0.016437869946872605,0.04858154576715245,0.03214367582027984,1.9554647849246034
Vertical_Carnaby,22,fast,l1d_miss_rate,0.015815067730035548,0.04850549596757686,0.032690428237541314,2.067043201810419
Vertical_bees,22,fast,l1d_miss_rate,0.01850124974718942,0.048654395283858884,0.030153145536669465,1.6297896600876987
WalkingInStreet,22,fast,l1d_miss_rate,0.013578756386135857,0.04890320550296986,0.035324449116834,2.601449507769421
WorldCup_1920x1080_30p,22,fast,l1d_miss_rate,0.019313358606583543,0.04728747074698252,0.02797411214039898,1.4484333206997542
WorldCup_far_1920x1080_30p,22,fast,l1d_miss_rate,0.016023551363675007,0.04666329528796482,0.030639743924289812,1.9121693580206789
Aerial3200,27,fast,l1d_miss_rate,0.016206903727354078,0.04872285605360858,0.032515952326254496,2.0063025531134575
Boat,27,fast,l1d_miss_rate,0.015827095531540984,0.04857760942179443,0.03275051389025344,2.0692687312707925
BoxingPractice,27,fast,l1d_miss_rate,0.02001599256523148,0.048821333442504666,0.028805340877273187,1.4391162858098345
Crosswalk,27,fast,l1d_miss_rate,0.020493096880734484,0.04874188893210243,0.028248792051367943,1.3784540333640138
CrowdRun,27,fast,l1d_miss_rate,0.011468398571425101,0.04890854498677819,0.03744014641535309,3.264635963092505
DinnerSceneCropped,27,fast,l1d_miss_rate,0.01739971253091602,0.04891553256216786,0.031515820031251834,1.8112839493902064
FoodMarket,27,fast,l1d_miss_rate,0.01768586621769769,0.04612814226364608,0.02844227604594839,1.6081924230257434
FoodMarket2,27,fast,l1d_miss_rate,0.020003378374329337,0.04873009557705076,0.028726717202721425,1.4360932771029764
MeridianTalk_sdr,27,fast,l1d_miss_rate,0.015231287430753913,0.04862119477262987,0.033389907341875955,2.1921920582010337
Motorcycle,27,fast,l1d_miss_rate,0.016771575751153452,0.048676364669113556,0.0319047889179601,1.9023131392866215
MountainBike,27,fast,l1d_miss_rate,0.016592320452334938,0.048238661242932114,0.03164634079059718,1.9072884278909754
Neon1224,27,fast,l1d_miss_rate,0.020579422854619434,0.04871932973501301,0.028139906880393573,1.3673807608300856
NocturneDance_3840x2160p_8bit,27,fast,l1d_miss_rate,0.02138158112036693,0.04891216678146292,0.027530585661095994,1.2875841831393777
OldTownCross,27,fast,l1d_miss_rate,0.014818999363743797,0.04677083800098581,0.03195183863724201,2.156140091038499
PedestrianArea,27,fast,l1d_miss_rate,0.019425702833508866,0.04873109304976479,0.029305390216255927,1.508588413372866
PierSeaSide,27,fast,l1d_miss_rate,0.0200599173448092,0.04886289349693032,0.028802976152121122,1.4358472000172184
RitualDance,27,fast,l1d_miss_rate,0.01590890919198428,0.04883191050851968,0.032923001316535395,2.069469434970669
Riverbed,27,fast,l1d_miss_rate,0.017870163932978696,0.04691050759010246,0.02904034365712376,1.6250742727396548
RushFieldCuts,27,fast,l1d_miss_rate,0.016705859629864813,0.04841101193484132,0.0317051523049765,1.8978462053097633
Skater227,27,fast,l1d_miss_rate,0.05327742324244637,0.048539851368933316,-0.0047375718735130565,-0.08892269154899013
Tango,27,fast,l1d_miss_rate,0.015420232444661291,0.0469973856912043,0.031577153246543005,2.047774140880443
TimeLapse,27,fast,l1d_miss_rate,0.020179673448365295,0.04871399255927251,0.028534319110907213,1.4140129266174377
ToddlerFountain,27,fast,l1d_miss_rate,0.01620951420818194,0.04870931508882174,0.03249980088063979,2.004983028068487
TreesAndGrass_1920_1080,27,fast,l1d_miss_rate,0.014194452614886407,0.04861533108088227,0.03442087846599586,2.424952860098108
TunnelFlag,27,fast,l1d_miss_rate,0.01419026409116841,0.048334134884030475,0.03414387079286206,2.4061476638840125
Vertical_Carnaby,27,fast,l1d_miss_rate,0.021083771725691765,0.04658641942116489,0.025502647695473127,1.2095865970886372
Vertical_bees,27,fast,l1d_miss_rate,0.019272580916250406,0.04873330757559087,0.029460726659340464,1.5286342180823087
WalkingInStreet,27,fast,l1d_miss_rate,0.014261448222360862,0.048725132732041196,0.034463684509680334,2.4165627482098144
WorldCup_1920x1080_30p,27,fast,l1d_miss_rate,0.02138309087000296,0.046877740466537025,0.025494649596534066,1.192280842443548
WorldCup_far_1920x1080_30p,27,fast,l1d_miss_rate,0.014163628248102994,0.048755931218968644,0.03459230297086565,2.442333444857166
Aerial3200,32,fast,l1d_miss_rate,0.017669464896168198,0.04846693029128772,0.030797465395119523,1.7429766875282264
Boat,32,fast,l1d_miss_rate,0.0170535692879036,0.04875168863599148,0.03169811934808788,1.8587381217943577
BoxingPractice,32,fast,l1d_miss_rate,0.02120306453855447,0.049048203868590726,0.027845139330036257,1.3132601317797346
Crosswalk,32,fast,l1d_miss_rate,0.021182494312256987,0.04844842232388672,0.027265928011629734,1.287191565341417
CrowdRun,32,fast,l1d_miss_rate,0.01621038585202471,0.0486706530444105,0.03246026719238579,2.0024364311063847
DinnerSceneCropped,32,fast,l1d_miss_rate,0.019681684412919554,0.04871349398453532,0.029031809571615764,1.4750673246522819
FoodMarket,32,fast,l1d_miss_rate,0.018737995858365022,0.047135654716638116,0.028397658858273094,1.5155120682554641
FoodMarket2,32,fast,l1d_miss_rate,0.021111771290294585,0.04915002277181617,0.028038251481521583,1.3280861703163303
MeridianTalk_sdr,32,fast,l1d_miss_rate,0.02039690925518091,0.04648271765208953,0.02608580839690862,1.2789098618106909
Motorcycle,32,fast,l1d_miss_rate,0.017864301079285983,0.04814643763185131,0.030282136552565325,1.6951201403383238
MountainBike,32,fast,l1d_miss_rate,0.017664520140253243,0.04866825299355235,0.031003732853299104,1.7551415270346895
Neon1224,32,fast,l1d_miss_rate,0.0216139104122542,0.04855957496619456,0.026945664553940363,1.2466816064280195
NocturneDance_3840x2160p_8bit,32,fast,l1d_miss_rate,0.017918429848796713,0.04633932755163964,0.02842089770284293,1.5861265715060127
OldTownCross,32,fast,l1d_miss_rate,0.017286386981834156,0.04707682262493839,0.029790435643104234,1.7233465659660563
PedestrianArea,32,fast,l1d_miss_rate,0.020559007019280855,0.04801455405187568,0.027455547032594823,1.3354510267371467
PierSeaSide,32,fast,l1d_miss_rate,0.021335948657590916,0.04845038619873057,0.027114437541139656,1.2708334640415844
RitualDance,32,fast,l1d_miss_rate,0.020950460744107793,0.04870101209369447,0.027750551349586677,1.3245795254116963
Riverbed,32,fast,l1d_miss_rate,0.01880190396270514,0.04873031245482307,0.029928408492117933,1.5917754154836115
RushFieldCuts,32,fast,l1d_miss_rate,0.01866675060239077,0.04661720555381296,0.027950454951422194,1.4973390680991048
Skater227,32,fast,l1d_miss_rate,0.05203107007412247,0.04858352426290312,-0.003447545811219352,-0.06625936784133103
Tango,32,fast,l1d_miss_rate,0.020756013021306245,0.048187903970452445,0.0274318909491462,1.3216358517884481
TimeLapse,32,fast,l1d_miss_rate,0.021678836051334603,0.04863198941720421,0.026953153365869606,1.2432933807906308
ToddlerFountain,32,fast,l1d_miss_rate,0.01778827897377393,0.04861062249178373,0.0308223435180098,1.7327333107071563
TreesAndGrass_1920_1080,32,fast,l1d_miss_rate,0.015595934592259754,0.04854109240689928,0.032945157814639525,2.112419593692716
TunnelFlag,32,fast,l1d_miss_rate,0.019529194220686504,0.048565104775112236,0.029035910554425733,1.486795114345739
Vertical_Carnaby,32,fast,l1d_miss_rate,0.021566036520723808,0.048770190848776845,0.027204154328053037,1.2614350486660495
Vertical_bees,32,fast,l1d_miss_rate,0.0204808133832589,0.04886124338252039,0.028380429999261488,1.3857081488013443
WalkingInStreet,32,fast,l1d_miss_rate,0.014919488641754214,0.04852543075435104,0.03360594211259683,2.25248618900691
WorldCup_1920x1080_30p,32,fast,l1d_miss_rate,0.021595594731751346,0.04822204169358604,0.026626446961834697,1.2329573365574713
WorldCup_far_1920x1080_30p,32,fast,l1d_miss_rate,0.018746526671160717,0.04844148998776937,0.029694963316608654,1.5840248083017316
Aerial3200,37,fast,l1d_miss_rate,0.019400343561429913,0.04854344091056212,0.029143097349132206,1.5021949099433471
Boat,37,fast,l1d_miss_rate,0.018761948400643005,0.04901166859202913,0.030249720191386123,1.6122909809489407
BoxingPractice,37,fast,l1d_miss_rate,0.022308829851026574,0.048896342976739664,0.02658751312571309,1.1917932631724126
Crosswalk,37,fast,l1d_miss_rate,0.01744307439439747,0.048681170507549144,0.031238096113151675,1.790859535815832
CrowdRun,37,fast,l1d_miss_rate,0.018187735216440088,0.04861991543583806,0.03043218021939797,1.6732253827782801
DinnerSceneCropped,37,fast,l1d_miss_rate,0.020394935218185244,0.04860371932122899,0.028208784103043748,1.3831269283901058
FoodMarket,37,fast,l1d_miss_rate,0.02006585598291471,0.046500641414645764,0.026434785431731056,1.3174013336006818
FoodMarket2,37,fast,l1d_miss_rate,0.022108483987572872,0.04851271344724009,0.02640422945966722,1.1943030320174362
MeridianTalk_sdr,37,fast,l1d_miss_rate,0.021247139034438096,0.04832455515285804,0.02707741611841994,1.2744029242963926
Motorcycle,37,fast,l1d_miss_rate,0.019708760945637133,0.04868594266327049,0.028977181717633357,1.470269074629369
MountainBike,37,fast,l1d_miss_rate,0.019401587017993483,0.04912431077052976,0.02972272375253628,1.5319738393034927
Neon1224,37,fast,l1d_miss_rate,0.02258859058333723,0.04862513016935449,0.02603653958601726,1.1526411747541014
NocturneDance_3840x2160p_8bit,37,fast,l1d_miss_rate,0.02319724943184702,0.04874747639922264,0.02555022696737562,1.1014334713450227
OldTownCross,37,fast,l1d_miss_rate,0.019050005222675286,0.048905144974259775,0.02985513975158449,1.5671985074338886
PedestrianArea,37,fast,l1d_miss_rate,0.021314753410122757,0.04871287078046521,0.027398117370342454,1.2854062556187302
PierSeaSide,37,fast,l1d_miss_rate,0.01789692685611646,0.04846156503183564,0.030564638175719184,1.7078148903130486
RitualDance,37,fast,l1d_miss_rate,0.02173068807015419,0.04837141468157511,0.02664072661142092,1.2259495201171462
Riverbed,37,fast,l1d_miss_rate,0.020675016606869826,0.0488010817961193,0.028126065189249472,1.3603890010856792
RushFieldCuts,37,fast,l1d_miss_rate,0.019920821625944822,0.04700500712468649,0.02708418549874167,1.3595917882958855
Skater227,37,fast,l1d_miss_rate,0.05351563274941972,0.04862556561809569,-0.004890067131324033,-0.09137642367457678
Tango,37,fast,l1d_miss_rate,0.017248727860216435,0.048397001253742036,0.0311482733935256,1.8058301833011097
TimeLapse,37,fast,l1d_miss_rate,0.02262769941463055,0.048874253350885744,0.026246553936255194,1.1599302896557295
ToddlerFountain,37,fast,l1d_miss_rate,0.01929809555614458,0.04905912860814488,0.029761033052000303,1.5421746133143324
TreesAndGrass_1920_1080,37,fast,l1d_miss_rate,0.016627267370988255,0.048581842104932764,0.03195457473394451,1.9218175795801413
TunnelFlag,37,fast,l1d_miss_rate,0.016347919612585703,0.048608231228400876,0.032260311615815176,1.9733588358838678
Vertical_Carnaby,37,fast,l1d_miss_rate,0.02234353838215274,0.046909047147177134,0.024565508765024394,1.0994457701760654
Vertical_bees,37,fast,l1d_miss_rate,0.021549834696426642,0.048709190461569955,0.027159355765143313,1.2603045985149404
WalkingInStreet,37,fast,l1d_miss_rate,0.01365658733568283,0.04886139753857176,0.03520481020288893,2.5778629270654965
WorldCup_1920x1080_30p,37,fast,l1d_miss_rate,0.02172331637665175,0.04872500805985272,0.02700169168320097,1.24298202056397
WorldCup_far_1920x1080_30p,37,fast,l1d_miss_rate,0.020532511166266067,0.047080603160215395,0.02654809199394933,1.2929783297800697
Aerial3200,22,faster,l1d_miss_rate,0.014679701798033745,0.04828217052280098,0.033602468724767236,2.2890430055784976
Boat,22,faster,l1d_miss_rate,0.014487629739100312,0.04832212017587962,0.03383449043677931,2.335405518092737
BoxingPractice,22,faster,l1d_miss_rate,0.017959522405249645,0.050506279037909795,0.03254675663266015,1.8122284044227475
Crosswalk,22,faster,l1d_miss_rate,0.01847022233634041,0.04888770054844186,0.030417478212101452,1.646838768814096
CrowdRun,22,faster,l1d_miss_rate,0.012937822094414658,0.04814472714619069,0.03520690505177603,2.721238922196579
DinnerSceneCropped,22,faster,l1d_miss_rate,0.013619662684114624,0.04651252112459671,0.032892858440482085,2.415100814416415
FoodMarket,22,faster,l1d_miss_rate,0.014727882061405958,0.04859115337643995,0.033863271315033985,2.2992627978582085
FoodMarket2,22,faster,l1d_miss_rate,0.013964780479410025,0.04874248233564764,0.03477770185623762,2.490386576968726
MeridianTalk_sdr,22,faster,l1d_miss_rate,0.013302653614599936,0.04860313325947513,0.03530047964487519,2.6536419475082917
Motorcycle,22,faster,l1d_miss_rate,0.015512278799334943,0.04673534943328396,0.031223070633949017,2.0127971549407455
MountainBike,22,faster,l1d_miss_rate,0.015412069854798899,0.051236624816920685,0.035824554962121787,2.3244480007964015
Neon1224,22,faster,l1d_miss_rate,0.020211394019203847,0.04891047791083995,0.028699083891636105,1.419945792178792
NocturneDance_3840x2160p_8bit,22,faster,l1d_miss_rate,0.019618792671795032,0.04885730953453146,0.02923851686273643,1.4903321194056554
OldTownCross,22,faster,l1d_miss_rate,0.012957636659978686,0.04865074400021493,0.035693107340236244,2.7546001077865503
PedestrianArea,22,faster,l1d_miss_rate,0.016572783293790663,0.048819616888824066,0.0322468335950334,1.94577054580297
PierSeaSide,22,faster,l1d_miss_rate,0.01827901855785377,0.04846594973083535,0.03018693117298158,1.651452515212391
RitualDance,22,faster,l1d_miss_rate,0.018993745016608717,0.046981163237009314,0.027987418220400597,1.4735071043613324
Riverbed,22,faster,l1d_miss_rate,0.015438450158483157,0.048898935972867756,0.0334604858143846,2.1673474649914035
RushFieldCuts,22,faster,l1d_miss_rate,0.015287913799533589,0.04887415710500831,0.03358624330547472,2.19691474885863
Skater227,22,faster,l1d_miss_rate,0.05392473524915283,0.048412600939543735,-0.005512134309609097,-0.10221903332748757
Tango,22,faster,l1d_miss_rate,0.016471225505502857,0.04870619180549763,0.03223496629999477,1.9570472330201185
TimeLapse,22,faster,l1d_miss_rate,0.014544796054877202,0.04811845081938432,0.03357365476450712,2.30829326432866
ToddlerFountain,22,faster,l1d_miss_rate,0.011628715125328745,0.046832710689585416,0.03520399556425667,3.0273332165114373
TreesAndGrass_1920_1080,22,faster,l1d_miss_rate,0.013544346247895614,0.048676581894771725,0.03513223564687611,2.593867212478757
TunnelFlag,22,faster,l1d_miss_rate,0.013013335290530764,0.04833812910718083,0.03532479381665006,2.7145073133060955
Vertical_Carnaby,22,faster,l1d_miss_rate,0.015857282708885433,0.04712205439149483,0.031264771682609396,1.9716348794797336
Vertical_bees,22,faster,l1d_miss_rate,0.017924445554112264,0.046781379628207095,0.02885693407409483,1.609920596259359
WalkingInStreet,22,faster,l1d_miss_rate,0.010981559596854847,0.048589957307875846,0.037608397711021,3.4246863917027017
WorldCup_1920x1080_30p,22,faster,l1d_miss_rate,0.01988525992385276,0.046889562572332774,0.027004302648480014,1.3580060181203777
WorldCup_far_1920x1080_30p,22,faster,l1d_miss_rate,0.01670090476433817,0.048687533422545407,0.031986628658207235,1.9152632213381051
Aerial3200,27,faster,l1d_miss_rate,0.01624518707547396,0.04804359924008367,0.031798412164609706,1.9574051081638264
Boat,27,faster,l1d_miss_rate,0.01589101642103251,0.04816690696814587,0.03227589054711336,2.0310777921288095
BoxingPractice,27,faster,l1d_miss_rate,0.020091566238117083,0.04847697877620991,0.02838541253809283,1.4128023769615792
Crosswalk,27,faster,l1d_miss_rate,0.0208938194504665,0.0488526922329004,0.027958872782433905,1.3381408243101127
CrowdRun,27,faster,l1d_miss_rate,0.015212130261239267,0.04820619354320107,0.032994063281961805,2.1689311566067224
DinnerSceneCropped,27,faster,l1d_miss_rate,0.016872381394386585,0.04638443388073708,0.0295120524863505,1.7491337942472729
FoodMarket,27,faster,l1d_miss_rate,0.013629931908987036,0.04842331999250129,0.03479338808351425,2.552719141654176
FoodMarket2,27,faster,l1d_miss_rate,0.019987025009286393,0.0487672887260427,0.028780263716756304,1.439947351013189
MeridianTalk_sdr,27,faster,l1d_miss_rate,0.019593300100467562,0.0484629910138579,0.028869690913390336,1.4734470847359402
Motorcycle,27,faster,l1d_miss_rate,0.013118824690032062,0.048325063671579044,0.03520623898154698,2.683642766283581
MountainBike,27,faster,l1d_miss_rate,0.016618778729703413,0.04858159748430892,0.03196281875460551,1.923295283875287
Neon1224,27,faster,l1d_miss_rate,0.02083038013672998,0.04857953600478989,0.02774915586805991,1.3321483182695322
NocturneDance_3840x2160p_8bit,27,faster,l1d_miss_rate,0.0207323693270746,0.047287089670712344,0.026554720343637744,1.2808338460843296
OldTownCross,27,faster,l1d_miss_rate,0.015441236575612036,0.048426859488801294,0.03298562291318926,2.1362034544103103
PedestrianArea,27,faster,l1d_miss_rate,0.01976247229664226,0.04868332173414664,0.028920849437504382,1.463422642845054
PierSeaSide,27,faster,l1d_miss_rate,0.0200565157394932,0.04855161367494688,0.028495097935453677,1.4207401876560295
RitualDance,27,faster,l1d_miss_rate,0.020676891061773752,0.055774206875557196,0.03509731581378345,1.6974174555027446
Riverbed,27,faster,l1d_miss_rate,0.017833274447475088,0.04883159815061676,0.03099832370314167,1.7382294987071512
RushFieldCuts,27,faster,l1d_miss_rate,0.01711167253292214,0.0483463229160803,0.03123465038315816,1.8253417556386733
Skater227,27,faster,l1d_miss_rate,0.05352135762946332,0.048927081454302614,-0.004594276175160707,-0.08584005299281822
Tango,27,faster,l1d_miss_rate,0.019905360927929192,0.04886626478896303,0.02896090386103384,1.454929853615406
TimeLapse,27,faster,l1d_miss_rate,0.0158735851335948,0.048868982051862686,0.03299539691826789,2.078635458881721
ToddlerFountain,27,faster,l1d_miss_rate,0.015730328043837186,0.04877914608029516,0.033048818036457976,2.1009617818749695
TreesAndGrass_1920_1080,27,faster,l1d_miss_rate,0.011498519318717185,0.04865480317781161,0.037156283859094426,3.2313972633512704
TunnelFlag,27,faster,l1d_miss_rate,0.018220257043128036,0.04864313019092895,0.030422873147800917,1.6697279887868117
Vertical_Carnaby,27,faster,l1d_miss_rate,0.021059916490783682,0.0469722614130727,0.02591234492228902,1.2304106207462349
Vertical_bees,27,faster,l1d_miss_rate,0.019210822668209834,0.047286605350485476,0.028075782682275643,1.4614565532758568
WalkingInStreet,27,faster,l1d_miss_rate,0.014649985774156648,0.04862091067615613,0.03397092490199948,2.3188367160005026
WorldCup_1920x1080_30p,27,faster,l1d_miss_rate,0.020927018735905523,0.04676976019807887,0.02584274146217335,1.2348983765104429
WorldCup_far_1920x1080_30p,27,faster,l1d_miss_rate,0.014036628336335679,0.04866550159791823,0.03462887326158255,2.4670364158564424
Aerial3200,32,faster,l1d_miss_rate,0.017634919270566755,0.0480847835570663,0.030449864286499546,1.7266801066292004
Boat,32,faster,l1d_miss_rate,0.017101094397589972,0.04883038130145267,0.031729286903862695,1.8553951090015766
BoxingPractice,32,faster,l1d_miss_rate,0.02138148103596277,0.046812106314334,0.025430625278371234,1.1893762286905183
Crosswalk,32,faster,l1d_miss_rate,0.02150182840123602,0.04930660389427628,0.02780477549304026,1.293135401054634
CrowdRun,32,faster,l1d_miss_rate,0.013035036871592236,0.048230617302587715,0.03519558043099548,2.700075249322737
DinnerSceneCropped,32,faster,l1d_miss_rate,0.01915424921413829,0.048579297957888734,0.029425048743750445,1.5362151977239071
FoodMarket,32,faster,l1d_miss_rate,0.01968072283465724,0.04821666293381785,0.02853594009916061,1.4499437006911942
FoodMarket2,32,faster,l1d_miss_rate,0.02105997076830238,0.05421739914581407,0.03315742837751169,1.5744289838909626
MeridianTalk_sdr,32,faster,l1d_miss_rate,0.02042415962629328,0.04848605801951724,0.028061898393223962,1.3739560846899255
Motorcycle,32,faster,l1d_miss_rate,0.017757771976366413,0.048398280582350385,0.03064050860598397,1.725470326275336
MountainBike,32,faster,l1d_miss_rate,0.017863380434390102,0.048479498496769656,0.030616118062379554,1.7139039374338254
Neon1224,32,faster,l1d_miss_rate,0.021737289544529297,0.04676357546877521,0.02502628592424591,1.1513066462577608
NocturneDance_3840x2160p_8bit,32,faster,l1d_miss_rate,0.022229471804193317,0.048924335001586376,0.02669486319739306,1.2008770803252915
OldTownCross,32,faster,l1d_miss_rate,0.01786159253023648,0.04890040299366724,0.031038810463430763,1.737740372863596
PedestrianArea,32,faster,l1d_miss_rate,0.020523819452018314,0.048601099848309764,0.02807728039629145,1.368033881896692
PierSeaSide,32,faster,l1d_miss_rate,0.021306547251034185,0.04836475214744423,0.027058204896410042,1.2699478980620231
RitualDance,32,faster,l1d_miss_rate,0.021227842919590158,0.048648593326825876,0.027420750407235718,1.2917351287695098
Riverbed,32,faster,l1d_miss_rate,0.01912311735969538,0.04695293695908229,0.027829819599386914,1.4552972235605328
RushFieldCuts,32,faster,l1d_miss_rate,0.017795807244256393,0.047302453013775794,0.0295066457695194,1.6580672831822612
Skater227,32,faster,l1d_miss_rate,0.052813337446258844,0.046806184321035706,-0.006007153125223139,-0.11374310762571717
Tango,32,faster,l1d_miss_rate,0.02081790462930019,0.04878488746967976,0.02796698284037957,1.3434100760081973
TimeLapse,32,faster,l1d_miss_rate,0.02133501630950419,0.048467938778956415,0.027132922469452224,1.2717554125967654
ToddlerFountain,32,faster,l1d_miss_rate,0.01790833565946522,0.04861174188876792,0.0307034062293027,1.714475695181356
TreesAndGrass_1920_1080,32,faster,l1d_miss_rate,0.015568831776331785,0.048504154593080155,0.032935322816748366,2.115465263541331
TunnelFlag,32,faster,l1d_miss_rate,0.01569043742027439,0.04877858445005917,0.033088147029784784,2.1088097255357554
Vertical_Carnaby,32,faster,l1d_miss_rate,0.021674326816399074,0.04849688779616791,0.026822560979768838,1.2375268310282441
Vertical_bees,32,faster,l1d_miss_rate,0.02051043982888084,0.047141198265476345,0.026630758436595504,1.2984001639543885
WalkingInStreet,32,faster,l1d_miss_rate,0.015479211143152401,0.048626623168937504,0.033147412025785104,2.1414148123723122
WorldCup_1920x1080_30p,32,faster,l1d_miss_rate,0.021589377782836358,0.04696185645408666,0.025372478671250302,1.1752297322538645
WorldCup_far_1920x1080_30p,32,faster,l1d_miss_rate,0.01920512719659399,0.046830150125851705,0.027625022929257715,1.4384191599708325
Aerial3200,37,faster,l1d_miss_rate,0.0195092566648489,0.04815861485773354,0.02864935819288464,1.468500757617488
Boat,37,faster,l1d_miss_rate,0.018851643055643883,0.04881306321289128,0.029961420157247395,1.589326727055625
BoxingPractice,37,faster,l1d_miss_rate,0.02242331972104553,0.04694781584472781,0.024524496123682283,1.0937049655794133
Crosswalk,37,faster,l1d_miss_rate,0.021910957819811703,0.04708096481794438,0.02517000699813268,1.1487406075591169
CrowdRun,37,faster,l1d_miss_rate,0.014106064901988073,0.04828276276457471,0.03417669786258663,2.4228371342435735
DinnerSceneCropped,37,faster,l1d_miss_rate,0.02060026505299206,0.048459261696337866,0.027858996643345804,1.3523610774755277
FoodMarket,37,faster,l1d_miss_rate,0.020829420328332005,0.04679290213550469,0.025963481807172683,1.2464812461370982
FoodMarket2,37,faster,l1d_miss_rate,0.022268075119860346,0.04861717016905091,0.026349095049190568,1.1832677457464862
MeridianTalk_sdr,37,faster,l1d_miss_rate,0.021319474609563998,0.04707072258923542,0.025751247979671422,1.2078744176987979
Motorcycle,37,faster,l1d_miss_rate,0.019277703798270797,0.04843911719062843,0.029161413392357637,1.5127016006425726
MountainBike,37,faster,l1d_miss_rate,0.019220475444383982,0.04848798099373494,0.02926750554935096,1.5227253682687965
Neon1224,37,faster,l1d_miss_rate,0.02294660495948735,0.04701451071467894,0.024067905755191594,1.0488656512666654
NocturneDance_3840x2160p_8bit,37,faster,l1d_miss_rate,0.023278079406411585,0.04671358466941244,0.023435505263000853,1.0067628369953023
OldTownCross,37,faster,l1d_miss_rate,0.019036560843298325,0.04687099912941056,0.027834438286112238,1.4621568735673776
PedestrianArea,37,faster,l1d_miss_rate,0.021356417816657987,0.0487000775271153,0.02734365971045731,1.280348602710389
PierSeaSide,37,faster,l1d_miss_rate,0.017913384204879767,0.048737427365932416,0.03082404316105265,1.7207269608305449
RitualDance,37,faster,l1d_miss_rate,0.02141316145581002,0.046023513626662606,0.024610352170852584,1.149309606694021
Riverbed,37,faster,l1d_miss_rate,0.020534221046352358,0.04885596770995247,0.028321746663600114,1.3792462153625793
RushFieldCuts,37,faster,l1d_miss_rate,0.019259832225894148,0.04857024429684062,0.029310412070946472,1.5218415055318957
Skater227,37,faster,l1d_miss_rate,0.05345722454910888,0.04869055691311746,-0.0047666676359914215,-0.08916788471897726
Tango,37,faster,l1d_miss_rate,0.021909312304838217,0.048661075233601817,0.0267517629287636,1.2210224837981805
TimeLapse,37,faster,l1d_miss_rate,0.022730229722863357,0.04881412482936933,0.026083895106505973,1.1475420805038898
ToddlerFountain,37,faster,l1d_miss_rate,0.019809207542777544,0.049030181374825524,0.02922097383204798,1.4751207875906158
TreesAndGrass_1920_1080,37,faster,l1d_miss_rate,0.01662347216671968,0.04830412087705159,0.03168064871033191,1.9057780704657366
TunnelFlag,37,faster,l1d_miss_rate,0.020655131906888783,0.04858390759484435,0.027928775687955567,1.3521470506146185
Vertical_Carnaby,37,faster,l1d_miss_rate,0.021733673012575176,0.04851162095301992,0.026777947940444743,1.232094912118671
Vertical_bees,37,faster,l1d_miss_rate,0.02157809856035104,0.04682746965739745,0.025249371097046412,1.170138834356851
WalkingInStreet,37,faster,l1d_miss_rate,0.01740555232604166,0.04878841339148301,0.031382861065441345,1.8030373571361626
WorldCup_1920x1080_30p,37,faster,l1d_miss_rate,0.022410023763165005,0.0474228044772699,0.0250127807141049,1.1161425341823155
WorldCup_far_1920x1080_30p,37,faster,l1d_miss_rate,0.02075191041705396,0.04816899321933037,0.027417082802276407,1.3211835561773144
Aerial3200,22,superfast,l1d_miss_rate,0.013908180332587727,0.04797580484210203,0.034067624509514303,2.449466694768959
Boat,22,superfast,l1d_miss_rate,0.012768447505763829,0.04796197627150927,0.03519352876574544,2.756288793125293
BoxingPractice,22,superfast,l1d_miss_rate,0.02006152854011863,0.04838666344268021,0.02832513490256158,1.411913097544764
Crosswalk,22,superfast,l1d_miss_rate,0.02052942848642282,0.048802423553914606,0.028272995067491785,1.3771934803830603
CrowdRun,22,superfast,l1d_miss_rate,0.014496534276958567,0.04833073100246293,0.03383419672550436,2.3339507277461435
DinnerSceneCropped,22,superfast,l1d_miss_rate,0.015527695132531619,0.04670137977566643,0.03117368464313481,2.007618283142598
FoodMarket,22,superfast,l1d_miss_rate,0.016480209244101398,0.04840566805348726,0.03192545880938587,1.9371998459796642
FoodMarket2,22,superfast,l1d_miss_rate,0.01996872880302843,0.04882567121864597,0.02885694241561754,1.4451066314867842
MeridianTalk_sdr,22,superfast,l1d_miss_rate,0.014811330846401556,0.048539317217954216,0.03372798637155266,2.2771745983749287
Motorcycle,22,superfast,l1d_miss_rate,0.01714108922904113,0.048724788424264524,0.03158369919522339,1.8425724744325467
MountainBike,22,superfast,l1d_miss_rate,0.016352667689142862,0.04870388233999708,0.03235121465085422,1.9783447732099015
Neon1224,22,superfast,l1d_miss_rate,0.02215195490339202,0.04878192318222409,0.02662996827883207,1.2021498055123954
NocturneDance_3840x2160p_8bit,22,superfast,l1d_miss_rate,0.021388470154620563,0.046834710511019555,0.025446240356398992,1.1897176456494636
OldTownCross,22,superfast,l1d_miss_rate,0.014346737440769884,0.04845197277519062,0.03410523533442074,2.3772119253749
PedestrianArea,22,superfast,l1d_miss_rate,0.018784991963367352,0.04895392082985237,0.03016892886648502,1.606012338217525
PierSeaSide,22,superfast,l1d_miss_rate,0.02135927128587716,0.04854530404623094,0.02718603276035378,1.2727977652650209
RitualDance,22,superfast,l1d_miss_rate,0.020823495753651094,0.04689336423111885,0.02606986847746776,1.2519448600697503
Riverbed,22,superfast,l1d_miss_rate,0.017168108315077382,0.04858362268148334,0.03141551436640596,1.8298762909607353
RushFieldCuts,22,superfast,l1d_miss_rate,0.01688062960084227,0.0485439004763044,0.03166327087546213,1.8757162276626382
Skater227,22,superfast,l1d_miss_rate,0.05383703571446284,0.04839980758799267,-0.00543722812647017,-0.10099419580431147
Tango,22,superfast,l1d_miss_rate,0.014698255597536092,0.04700999144760763,0.03231173585007154,2.1983381385399263
TimeLapse,22,superfast,l1d_miss_rate,0.02039708362644277,0.048921498388004706,0.028524414761561936,1.3984555480560417
ToddlerFountain,22,superfast,l1d_miss_rate,0.016092770192207034,0.04872391572176258,0.032631145529555546,2.0276897724766654
TreesAndGrass_1920_1080,22,superfast,l1d_miss_rate,0.012172386027898949,0.04836361032202621,0.036191224294127265,2.973223508618397
TunnelFlag,22,superfast,l1d_miss_rate,0.014133142847121314,0.04884361191211502,0.034710469064993706,2.455962515942705
Vertical_Carnaby,22,superfast,l1d_miss_rate,0.014505238638890295,0.04846543700661304,0.03396019836772274,2.3412367912838987
Vertical_bees,22,superfast,l1d_miss_rate,0.017116028097923282,0.046809104480287196,0.029693076382363914,1.734811149671262
WalkingInStreet,22,superfast,l1d_miss_rate,0.014076417774810855,0.04671034185200027,0.032633924077189416,2.318340120281626
WorldCup_1920x1080_30p,22,superfast,l1d_miss_rate,0.021152643902264474,0.046914029142186266,0.025761385239921792,1.2178801552634249
WorldCup_far_1920x1080_30p,22,superfast,l1d_miss_rate,0.017829974264693443,0.04854162748717791,0.03071165322248447,1.722473222145871
Aerial3200,27,superfast,l1d_miss_rate,0.015380992659992265,0.04821048187453223,0.032829489214539966,2.1344194058380412
Boat,27,superfast,l1d_miss_rate,0.013810652107538058,0.048466952471392384,0.03465630036385432,2.5093891362985246
BoxingPractice,27,superfast,l1d_miss_rate,0.02359381254047543,0.04874073429659974,0.025146921756124308,1.0658269710749164
Crosswalk,27,superfast,l1d_miss_rate,0.023707755558390522,0.04844611156883114,0.02473835601044062,1.0434710257372024
CrowdRun,27,superfast,l1d_miss_rate,0.012928450589526137,0.048228388287087844,0.035299937697561706,2.730407441566093
DinnerSceneCropped,27,superfast,l1d_miss_rate,0.018964331793682548,0.046762774143162586,0.027798442349480038,1.4658276733346511
FoodMarket,27,superfast,l1d_miss_rate,0.019040597079457308,0.04708808964136285,0.028047492561905543,1.4730363992716213
FoodMarket2,27,superfast,l1d_miss_rate,0.02201508585891695,0.048442583416810917,0.026427497557893965,1.2004267313447619
MeridianTalk_sdr,27,superfast,l1d_miss_rate,0.021422163258495382,0.04839318406578996,0.02697102080729458,1.2590241462471672
Motorcycle,27,superfast,l1d_miss_rate,0.019075243736096956,0.04853641062381659,0.029461166887719634,1.5444713208025185
MountainBike,27,superfast,l1d_miss_rate,0.01870150468809561,0.04857357424591147,0.029872069557815864,1.5973083479657575
Neon1224,27,superfast,l1d_miss_rate,0.024340975091958893,0.04913171300856901,0.024790737916610114,1.0184776009569068
NocturneDance_3840x2160p_8bit,27,superfast,l1d_miss_rate,0.018469518125293263,0.047013711959235406,0.028544193833942143,1.5454758288930135
OldTownCross,27,superfast,l1d_miss_rate,0.017092636123547295,0.04863366934529483,0.03154103322174753,1.8452995192646569
PedestrianArea,27,superfast,l1d_miss_rate,0.02098989328504193,0.0486855639767255,0.02769567069168357,1.3194764887833133
PierSeaSide,27,superfast,l1d_miss_rate,0.01787965436725281,0.04706376397445549,0.02918410960720268,1.6322524478244032
RitualDance,27,superfast,l1d_miss_rate,0.021755066384492375,0.04678843994576663,0.025033373561274257,1.1506916650513535
Riverbed,27,superfast,l1d_miss_rate,0.019742396179071184,0.046843492700388824,0.02710109652131764,1.3727359270627635
RushFieldCuts,27,superfast,l1d_miss_rate,0.018284505185200514,0.04863592459685415,0.03035141941165364,1.6599530096236943
Skater227,27,superfast,l1d_miss_rate,0.05394242322414569,0.04861597981669217,-0.0053264434074535225,-0.09874312441101647
Tango,27,superfast,l1d_miss_rate,0.02202047426459315,0.0470266353249653,0.02500616106037215,1.1355868524857207
TimeLapse,27,superfast,l1d_miss_rate,0.022520468716528855,0.04864393920978866,0.026123470493259807,1.1599878680183302
ToddlerFountain,27,superfast,l1d_miss_rate,0.017947541701879816,0.04875187423559333,0.030804332533713515,1.7163538631302964
TreesAndGrass_1920_1080,27,superfast,l1d_miss_rate,0.016295858312544292,0.04847365455870931,0.03217779624616502,1.974599657717634
TunnelFlag,27,superfast,l1d_miss_rate,0.019665097878261883,0.047002249481159795,0.027337151602897913,1.3901355473606283
Vertical_Carnaby,27,superfast,l1d_miss_rate,0.015150589469734474,0.04694591642991849,0.031795326960184014,2.098619794543298
Vertical_bees,27,superfast,l1d_miss_rate,0.018097880365627508,0.048593013363014706,0.0304951329973872,1.6850113041583166
WalkingInStreet,27,superfast,l1d_miss_rate,0.014591238163443829,0.047028549481500447,0.03243731131805662,2.223067772228094
WorldCup_1920x1080_30p,27,superfast,l1d_miss_rate,0.022881170680062044,0.0486623825722733,0.025781211892211258,1.1267435680061695
WorldCup_far_1920x1080_30p,27,superfast,l1d_miss_rate,0.02085184469287477,0.0483796476944314,0.02752780300155663,1.320161520815618
Aerial3200,32,superfast,l1d_miss_rate,0.01666522656977405,0.0486377714127085,0.03197254484293445,1.9185184617245765
Boat,32,superfast,l1d_miss_rate,0.015131767020192515,0.0488766244233441,0.033744857403151585,2.2300672061710256
BoxingPractice,32,superfast,l1d_miss_rate,0.02395995721039566,0.04896137308307864,0.025001415872682977,1.043466632813328
Crosswalk,32,superfast,l1d_miss_rate,0.023742225229235695,0.048426301905427155,0.02468407667619146,1.03966988931585
CrowdRun,32,superfast,l1d_miss_rate,0.014448916303033452,0.048070234264351884,0.03362131796131843,2.326909316670335
DinnerSceneCropped,32,superfast,l1d_miss_rate,0.017434890897970366,0.04699018535920868,0.029555294461238314,1.6951809239413658
FoodMarket,32,superfast,l1d_miss_rate,0.02120323796342699,0.046846053293627066,0.025642815330200075,1.209382046951075
FoodMarket2,32,superfast,l1d_miss_rate,0.0236667663988317,0.04854000030704515,0.024873233908213454,1.0509772855763393
MeridianTalk_sdr,32,superfast,l1d_miss_rate,0.02209030563600159,0.04849493621006412,0.026404630574062532,1.1953039948451274
Motorcycle,32,superfast,l1d_miss_rate,0.019371112675904505,0.04845428353572726,0.029083170859822757,1.5013681117037208
MountainBike,32,superfast,l1d_miss_rate,0.019895004080382153,0.04871124689277897,0.028816242812396815,1.448416029268957
Neon1224,32,superfast,l1d_miss_rate,0.0243658080944293,0.04871689573074704,0.024351087636317742,0.9993958559447522
NocturneDance_3840x2160p_8bit,32,superfast,l1d_miss_rate,0.024827504245564017,0.04651951809696954,0.021692013851405522,0.8737089977653022
OldTownCross,32,superfast,l1d_miss_rate,0.019911457565683594,0.048634361458915705,0.02872290389323211,1.4425314570006469
PedestrianArea,32,superfast,l1d_miss_rate,0.02220636220439866,0.04648378886345363,0.02427742665905497,1.0932644633818533
PierSeaSide,32,superfast,l1d_miss_rate,0.023674497162549237,0.04831549509117845,0.02464099792862921,1.0408245530810631
RitualDance,32,superfast,l1d_miss_rate,0.022113282752517314,0.04730439948327229,0.025191116730754973,1.1391848515972731
Riverbed,32,superfast,l1d_miss_rate,0.016969546868140634,0.047062483676197205,0.03009293680805657,1.7733494619443468
RushFieldCuts,32,superfast,l1d_miss_rate,0.019938335954312245,0.04703943830754813,0.027101102353235883,1.3592459478733219
Skater227,32,superfast,l1d_miss_rate,0.052791868384294525,0.04841534542821431,-0.004376522956080216,-0.0829014598275181
Tango,32,superfast,l1d_miss_rate,0.023361795494325446,0.048593271858273036,0.02523147636394759,1.080031557081145
TimeLapse,32,superfast,l1d_miss_rate,0.019292960401090353,0.048465177687314336,0.029172217286223982,1.5120653689091332
ToddlerFountain,32,superfast,l1d_miss_rate,0.019603346458199774,0.049018880379910396,0.02941553392171062,1.500536348956204
TreesAndGrass_1920_1080,32,superfast,l1d_miss_rate,0.01745110314821302,0.04873914317259237,0.03128804002437935,1.7928975468569859
TunnelFlag,32,superfast,l1d_miss_rate,0.02087971396542268,0.046919090271269594,0.026039376305846913,1.2471136505494644
Vertical_Carnaby,32,superfast,l1d_miss_rate,0.01982496512208228,0.04872063865718233,0.02889567353510005,1.4575396908473877
Vertical_bees,32,superfast,l1d_miss_rate,0.01832464331745161,0.04822346841071543,0.02989882509326382,1.6316183936191244
WalkingInStreet,32,superfast,l1d_miss_rate,0.016444454819738583,0.04873361931433645,0.03228916449459787,1.9635290344706708
WorldCup_1920x1080_30p,32,superfast,l1d_miss_rate,0.022569569599525833,0.048751904671129984,0.02618233507160415,1.1600724132618914
WorldCup_far_1920x1080_30p,32,superfast,l1d_miss_rate,0.02057638030796563,0.04695749921901806,0.02638111891105243,1.2821068874217707
Aerial3200,37,superfast,l1d_miss_rate,0.018204929442272408,0.04867723649315111,0.0304723070508787,1.6738492257004338
Boat,37,superfast,l1d_miss_rate,0.020523608297542434,0.048056292979369905,0.02753268468182747,1.3415128705766777
BoxingPractice,37,superfast,l1d_miss_rate,0.02503114753552239,0.04844221156958395,0.023411064034061558,0.9352772980478931
Crosswalk,37,superfast,l1d_miss_rate,0.024554375189610417,0.04845129092139586,0.023896915731785446,0.9732243458549432
CrowdRun,37,superfast,l1d_miss_rate,0.015565478984460144,0.04848278667121939,0.032917307686759247,2.1147635559189903
DinnerSceneCropped,37,superfast,l1d_miss_rate,0.022113408225361966,0.04861354547013052,0.026500137244768553,1.198374170761042
FoodMarket,37,superfast,l1d_miss_rate,0.02221749215503023,0.04814268405225722,0.025925191897226987,1.166882009739218
FoodMarket2,37,superfast,l1d_miss_rate,0.024924745143483838,0.04903016827814891,0.024105423134665075,0.967128169050388
MeridianTalk_sdr,37,superfast,l1d_miss_rate,0.018183218492159245,0.046867278299990524,0.02868405980783128,1.5775017948665184
Motorcycle,37,superfast,l1d_miss_rate,0.020854819944207507,0.04852755485448258,0.027672734910275075,1.3269227442052918
MountainBike,37,superfast,l1d_miss_rate,0.021607575625098425,0.04826605051520804,0.026658474890109616,1.2337559452595082
Neon1224,37,superfast,l1d_miss_rate,0.026526979520078754,0.04869495573941846,0.02216797621933971,0.8356766062476266
NocturneDance_3840x2160p_8bit,37,superfast,l1d_miss_rate,0.02585318941988433,0.04890495727676647,0.02305176785688214,0.8916411620437226
OldTownCross,37,superfast,l1d_miss_rate,0.021427367027594898,0.04867427028894191,0.027246903261347013,1.2715936225975648
PedestrianArea,37,superfast,l1d_miss_rate,0.022503768387045167,0.04653115989901007,0.024027391511964903,1.0677052437936059
PierSeaSide,37,superfast,l1d_miss_rate,0.025493877858880486,0.04851001659304065,0.02301613873416016,0.9028104261565985
RitualDance,37,superfast,l1d_miss_rate,0.02263513007687981,0.04856405952551532,0.025928929448635507,1.1455171390916847
Riverbed,37,superfast,l1d_miss_rate,0.022050089933836295,0.04869480223733567,0.026644712303499372,1.2083720467104553
RushFieldCuts,37,superfast,l1d_miss_rate,0.0210325251827486,0.04852328232262885,0.027490757139880247,1.3070592760981856
Skater227,37,superfast,l1d_miss_rate,0.05294790147705066,0.04923068263083896,-0.0037172188462116992,-0.07020521574066278
Tango,37,superfast,l1d_miss_rate,0.02426936066142994,0.048472114248252075,0.024202753586822136,0.9972555076527558
TimeLapse,37,superfast,l1d_miss_rate,0.026084192872957723,0.04844600982814185,0.02236181695518413,0.8572938048762593
ToddlerFountain,37,superfast,l1d_miss_rate,0.021412048662537254,0.04693945485039753,0.025527406187860275,1.1921982146679544
TreesAndGrass_1920_1080,37,superfast,l1d_miss_rate,0.018982818454570758,0.048642597890118836,0.029659779435548077,1.5624539373080544
TunnelFlag,37,superfast,l1d_miss_rate,0.017336486369814785,0.04723148304629046,0.029894996676475678,1.7243976685222095
Vertical_Carnaby,37,superfast,l1d_miss_rate,0.019649133402742394,0.04864924073694031,0.029000107334197917,1.4758975238139727
Vertical_bees,37,superfast,l1d_miss_rate,0.020113460535033774,0.048228222637085046,0.02811476210205127,1.3978083012160325
WalkingInStreet,37,superfast,l1d_miss_rate,0.01840389423845234,0.04710280373831776,0.028698909499865418,1.559393307091664
WorldCup_1920x1080_30p,37,superfast,l1d_miss_rate,0.023578039108524608,0.04866397320526172,0.02508593409673711,1.0639533669985017
WorldCup_far_1920x1080_30p,37,superfast,l1d_miss_rate,0.022533555362627987,0.04707522638844967,0.024541671025821686,1.0891166809177468
Aerial3200,22,veryfast,l1d_miss_rate,0.014783076476434771,0.04905700929557789,0.034273932819143114,2.318457384278441
Boat,22,veryfast,l1d_miss_rate,0.014402753005079838,0.04849654071314529,0.034093787708065454,2.367171588379014
BoxingPractice,22,veryfast,l1d_miss_rate,0.01784861097981679,0.04854614865003173,0.030697537670214936,1.7198838444586926
Crosswalk,22,veryfast,l1d_miss_rate,0.01828511563845261,0.04873939259026133,0.03045427695180872,1.6655227975569933
CrowdRun,22,veryfast,l1d_miss_rate,0.012960507722816332,0.048593671039922216,0.035633163317105886,2.7493647686637663
DinnerSceneCropped,22,veryfast,l1d_miss_rate,0.014077957950155793,0.04877537052317809,0.03469741257302229,2.464662325024086
FoodMarket,22,veryfast,l1d_miss_rate,0.014677234249982971,0.04864091742391581,0.03396368317393284,2.314038366865491
FoodMarket2,22,veryfast,l1d_miss_rate,0.014149445187894938,0.04804877799156671,0.03389933280367177,2.395806503612817
MeridianTalk_sdr,22,veryfast,l1d_miss_rate,0.017301494825316142,0.04902982983802565,0.03172833501270951,1.8338493484553438
Motorcycle,22,veryfast,l1d_miss_rate,0.012397774103690418,0.04828390012115753,0.035886126017467115,2.8945620171273303
MountainBike,22,veryfast,l1d_miss_rate,0.014803558591045702,0.048840461231220746,0.034036902640175046,2.2992378778953264
Neon1224,22,veryfast,l1d_miss_rate,0.019546422138851657,0.04856205997909521,0.029015637840243556,1.484447518534367
NocturneDance_3840x2160p_8bit,22,veryfast,l1d_miss_rate,0.019436714341748575,0.04826128326860167,0.028824568926853096,1.4829959642376453
OldTownCross,22,veryfast,l1d_miss_rate,0.012748481686165132,0.04848869978449467,0.035740218098329536,2.8034882096677776
PedestrianArea,22,veryfast,l1d_miss_rate,0.016625967419424202,0.04830825167882689,0.031682284259402685,1.9055904213061376
PierSeaSide,22,veryfast,l1d_miss_rate,0.01819021483174191,0.047023653298338824,0.028833438466596913,1.5851070882506888
RitualDance,22,veryfast,l1d_miss_rate,0.019203889084136127,0.04865298477387263,0.029449095689736502,1.5334964475536206
Riverbed,22,veryfast,l1d_miss_rate,0.015453262062241367,0.046578232764415105,0.031124970702173738,2.0141359524488203
RushFieldCuts,22,veryfast,l1d_miss_rate,0.01484041226537115,0.04845628431030138,0.03361587204493023,2.2651575605733023
Skater227,22,veryfast,l1d_miss_rate,0.04981827841990395,0.0487077110713488,-0.0011105673485551498,-0.022292367054407156
Tango,22,veryfast,l1d_miss_rate,0.016480034063506524,0.04912569340675087,0.03264565934324434,1.980921836535221
TimeLapse,22,veryfast,l1d_miss_rate,0.018288932430361216,0.04730409666689712,0.0290151642365359,1.5864875846098163
ToddlerFountain,22,veryfast,l1d_miss_rate,0.014493931319409119,0.048507519970523966,0.03401358865111485,2.3467469178335736
TreesAndGrass_1920_1080,22,veryfast,l1d_miss_rate,0.013533868658870147,0.04857249221865297,0.03503862355978282,2.5889584451389203
TunnelFlag,22,veryfast,l1d_miss_rate,0.01612587579388438,0.048021067888617555,0.031895192094733175,1.977888984288791
Vertical_Carnaby,22,veryfast,l1d_miss_rate,0.019462063360252215,0.048601968949701584,0.02913990558944937,1.4972670189206359
Vertical_bees,22,veryfast,l1d_miss_rate,0.018265997602606786,0.04876466765261267,0.030498670050005883,1.6696963786775785
WalkingInStreet,22,veryfast,l1d_miss_rate,0.013517153737140554,0.04886617326279833,0.03534901952565778,2.615122992093421
WorldCup_1920x1080_30p,22,veryfast,l1d_miss_rate,0.019756485917142318,0.049164388346086385,0.029407902428944067,1.488518887026736
WorldCup_far_1920x1080_30p,22,veryfast,l1d_miss_rate,0.016550989399425557,0.04718502984352315,0.030634040444097593,1.850888771952257
Aerial3200,27,veryfast,l1d_miss_rate,0.016298031702469813,0.04841350865207724,0.032115476949607424,1.9705126076506911
Boat,27,veryfast,l1d_miss_rate,0.01584045080082967,0.04824046283004915,0.03240001202921948,2.0453970935929724
BoxingPractice,27,veryfast,l1d_miss_rate,0.020530387158009793,0.04894642375116897,0.028416036593159177,1.3840964797428503
Crosswalk,27,veryfast,l1d_miss_rate,0.020546586540793183,0.04881181595460913,0.028265229413815946,1.3756654594522635
CrowdRun,27,veryfast,l1d_miss_rate,0.014766005176004604,0.04873839493490161,0.033972389758897006,2.300716365324293
DinnerSceneCropped,27,veryfast,l1d_miss_rate,0.017328156784869896,0.04884361191211502,0.03151545512724512,1.8187424963030625
FoodMarket,27,veryfast,l1d_miss_rate,0.017679733080672798,0.04848133606092823,0.03080160298025543,1.7421984166676843
FoodMarket2,27,veryfast,l1d_miss_rate,0.020057710364675428,0.04862668537924311,0.028568975014567684,1.4243387951638709
MeridianTalk_sdr,27,veryfast,l1d_miss_rate,0.015222593731001216,0.048861430916318144,0.033638837185316926,2.2097966864090015
Motorcycle,27,veryfast,l1d_miss_rate,0.01678689885771463,0.048992615412958594,0.032205716555243964,1.9185030438450175
MountainBike,27,veryfast,l1d_miss_rate,0.016023806815833846,0.04624791792828583,0.030224111112451983,1.8862004179048248
Neon1224,27,veryfast,l1d_miss_rate,0.020992080310436135,0.048612550374208405,0.02762047006377227,1.3157566880134721
NocturneDance_3840x2160p_8bit,27,veryfast,l1d_miss_rate,0.016453712494624004,0.04697384239373272,0.030520129899108718,1.8549084231951116
OldTownCross,27,veryfast,l1d_miss_rate,0.015322771637328087,0.04867283243797873,0.033350060800650644,2.176503154260026
PedestrianArea,27,veryfast,l1d_miss_rate,0.020269893205186906,0.048511319905019244,0.028241426699832338,1.3932696346227211
PierSeaSide,27,veryfast,l1d_miss_rate,0.01955667415238836,0.04884077365341166,0.029284099501023304,1.4973967082969977
RitualDance,27,veryfast,l1d_miss_rate,0.019717312403956234,0.04656164860601839,0.02684433620206216,1.361460205736554
Riverbed,27,veryfast,l1d_miss_rate,0.017292537687760724,0.04841827576898523,0.03112573808122451,1.7999520164848113
RushFieldCuts,27,veryfast,l1d_miss_rate,0.016755917557400718,0.046693458870041595,0.029937541312640877,1.7866846867731292
Skater227,27,veryfast,l1d_miss_rate,0.05178477152315824,0.04887684580330025,-0.0029079257198579914,-0.05615407067225472
Tango,27,veryfast,l1d_miss_rate,0.0201062896537273,0.04872354171597444,0.02861725206224714,1.423298507834939
TimeLapse,27,veryfast,l1d_miss_rate,0.019805134502354736,0.048675549642100954,0.028870415139746218,1.4577237602861854
ToddlerFountain,27,veryfast,l1d_miss_rate,0.01635086475394308,0.04877075238883551,0.03241988763489243,1.9827628766285426
TreesAndGrass_1920_1080,27,veryfast,l1d_miss_rate,0.011435890831713336,0.048299807648420436,0.0368639168167071,3.2235282199859996
TunnelFlag,27,veryfast,l1d_miss_rate,0.01826929379311769,0.04851763172080079,0.030248337927683104,1.655692785403566
Vertical_Carnaby,27,veryfast,l1d_miss_rate,0.0206005048528526,0.04841220618846624,0.027811701335613642,1.3500495028772312
Vertical_bees,27,veryfast,l1d_miss_rate,0.01956786850670002,0.04850923373142539,0.02894136522472537,1.4790249236811803
WalkingInStreet,27,veryfast,l1d_miss_rate,0.014360638907785038,0.04869520941383572,0.03433457050605068,2.3908804285467817
WorldCup_1920x1080_30p,27,veryfast,l1d_miss_rate,0.021325894790953762,0.04880760329605801,0.027481708505104247,1.2886544163559186
WorldCup_far_1920x1080_30p,27,veryfast,l1d_miss_rate,0.018041072640533704,0.0468355111039415,0.028794438463407793,1.5960491394904097
Aerial3200,32,veryfast,l1d_miss_rate,0.017631636527373887,0.04846879049993795,0.030837153972564063,1.7489672002192214
Boat,32,veryfast,l1d_miss_rate,0.017054398924287426,0.049017939726714366,0.03196354080242694,1.874210926126935
BoxingPractice,32,veryfast,l1d_miss_rate,0.021379798922632344,0.049062353672672004,0.02768255475003966,1.294799583953772
Crosswalk,32,veryfast,l1d_miss_rate,0.02111392438356531,0.04868984292443537,0.027575918540870062,1.3060536752861844
CrowdRun,32,veryfast,l1d_miss_rate,0.016167287714124966,0.048673024889178865,0.032505737175053895,2.0105869178448788
DinnerSceneCropped,32,veryfast,l1d_miss_rate,0.019177754634190795,0.04665499043624548,0.027477235802054682,1.4327660524484587
FoodMarket,32,veryfast,l1d_miss_rate,0.019396522035727247,0.04872148169186346,0.029324959656136212,1.5118669007836234
FoodMarket2,32,veryfast,l1d_miss_rate,0.016975013551462324,0.04860553181690249,0.031630518265440166,1.8633574677008333
MeridianTalk_sdr,32,veryfast,l1d_miss_rate,0.016589664650600584,0.04902091227998352,0.03243124762938294,1.9549067634835435
Motorcycle,32,veryfast,l1d_miss_rate,0.017716621376076977,0.04870734652938407,0.030990725153307093,1.749245778608462
MountainBike,32,veryfast,l1d_miss_rate,0.017187677544514564,0.04693031253160716,0.0297426349870926,1.7304627056251087
Neon1224,32,veryfast,l1d_miss_rate,0.021682166293537402,0.04850861313495084,0.02682644684141344,1.2372586059082733
NocturneDance_3840x2160p_8bit,32,veryfast,l1d_miss_rate,0.022093141425905172,0.04683935196921162,0.02474621054330645,1.1200856440583156
OldTownCross,32,veryfast,l1d_miss_rate,0.017807577170498422,0.04651927986336762,0.028711702692869195,1.6123306622776001
PedestrianArea,32,veryfast,l1d_miss_rate,0.020520608324895648,0.048696300723482154,0.028175692398586506,1.3730437203659158
PierSeaSide,32,veryfast,l1d_miss_rate,0.021222610128036352,0.04893719096020623,0.02771458083216988,1.30589878742376
RitualDance,32,veryfast,l1d_miss_rate,0.02056220539239582,0.04697122167681935,0.02640901628442353,1.2843474608122503
Riverbed,32,veryfast,l1d_miss_rate,0.019173331374672576,0.04669607923469283,0.027522747860020253,1.4354703062388532
RushFieldCuts,32,veryfast,l1d_miss_rate,0.018393108354502502,0.04888467561177807,0.030491567257275566,1.6577713059473957
Skater227,32,veryfast,l1d_miss_rate,0.05334120266929198,0.046894944722910385,-0.006446257946381595,-0.1208495051442221
Tango,32,veryfast,l1d_miss_rate,0.021101457564253526,0.04837573818650087,0.027274280622247345,1.2925306481411387
TimeLapse,32,veryfast,l1d_miss_rate,0.021402809385592827,0.04861925810310307,0.027216448717510246,1.271629729872324
ToddlerFountain,32,veryfast,l1d_miss_rate,0.017786541343254816,0.04871134218451359,0.030924800841258773,1.7386629724382237
TreesAndGrass_1920_1080,32,veryfast,l1d_miss_rate,0.015021781963458618,0.04847407104157205,0.033452289078113435,2.2269188275723963
TunnelFlag,32,veryfast,l1d_miss_rate,0.01574209670435262,0.048841115732348075,0.03309901902799546,2.1025800850812795
Vertical_Carnaby,32,veryfast,l1d_miss_rate,0.022006453325663936,0.04838215729096067,0.026375703965296732,1.198544062279103
Vertical_bees,32,veryfast,l1d_miss_rate,0.02046230255770058,0.04861504686874321,0.028152744311042633,1.375834622308813
WalkingInStreet,32,veryfast,l1d_miss_rate,0.015480059272030292,0.048802923032441464,0.03332286376041117,2.1526315355019117
WorldCup_1920x1080_30p,32,veryfast,l1d_miss_rate,0.017404187498562457,0.04873702094559672,0.03133283344703426,1.8003042916897027
WorldCup_far_1920x1080_30p,32,veryfast,l1d_miss_rate,0.015423178602820733,0.047607525023237236,0.0321843464204165,2.086751845986555
Aerial3200,37,veryfast,l1d_miss_rate,0.01949575118359156,0.04851214082849321,0.029016389644901646,1.4883442741782145
Boat,37,veryfast,l1d_miss_rate,0.018738084390859704,0.04892870118771652,0.030190616796856817,1.6111901391362913
BoxingPractice,37,veryfast,l1d_miss_rate,0.02238951424973259,0.04893616204674465,0.026546647797012057,1.185673235288216
Crosswalk,37,veryfast,l1d_miss_rate,0.021871851694124405,0.049049709846786825,0.02717785815266242,1.242595210169764
CrowdRun,37,veryfast,l1d_miss_rate,0.018106662087861842,0.04861985323467101,0.030513191146809168,1.6851913952303936
DinnerSceneCropped,37,veryfast,l1d_miss_rate,0.02050859707456061,0.046398932751570275,0.025890335677009664,1.2624137859300333
FoodMarket,37,veryfast,l1d_miss_rate,0.020465490500697653,0.04876051772068823,0.028295027219990575,1.3825726394891937
FoodMarket2,37,veryfast,l1d_miss_rate,0.022263551094294565,0.047044198116951784,0.02478064702265722,1.1130590496413533
MeridianTalk_sdr,37,veryfast,l1d_miss_rate,0.021420963353667426,0.048727629082544514,0.027306665728877088,1.2747636638947886
Motorcycle,37,veryfast,l1d_miss_rate,0.019223744656812817,0.04859944604716915,0.02937570139035633,1.528094651420877
MountainBike,37,veryfast,l1d_miss_rate,0.018713391746653273,0.04661408088616557,0.027900689139512293,1.4909477403796716
Neon1224,37,veryfast,l1d_miss_rate,0.022894177228082766,0.04859096189174944,0.025696784663666674,1.122415730762586
NocturneDance_3840x2160p_8bit,37,veryfast,l1d_miss_rate,0.022746586485648604,0.047045478405375166,0.024298891919726562,1.0682434454531164
OldTownCross,37,veryfast,l1d_miss_rate,0.019092293835296523,0.04852146857816886,0.029429174742872335,1.5414163953660558
PedestrianArea,37,veryfast,l1d_miss_rate,0.021455314731616576,0.04852992725756145,0.027074612525944876,1.261907031643199
PierSeaSide,37,veryfast,l1d_miss_rate,0.022633830800525216,0.0486829143478539,0.026049083547328683,1.1508915029409965
RitualDance,37,veryfast,l1d_miss_rate,0.021328208958979848,0.04881886943082608,0.02749066047184623,1.288934318147319
Riverbed,37,veryfast,l1d_miss_rate,0.020400710137635204,0.04862992843234336,0.028229218294708154,1.3837370417136081
RushFieldCuts,37,veryfast,l1d_miss_rate,0.01926379207524442,0.04655390725322729,0.02729011517798287,1.4166533292815668
Skater227,37,veryfast,l1d_miss_rate,0.05356423231585513,0.04892655323863513,-0.00463767907722,-0.08658163996214385
Tango,37,veryfast,l1d_miss_rate,0.021844974950936975,0.048345950352094075,0.0265009754011571,1.2131382828626416
TimeLapse,37,veryfast,l1d_miss_rate,0.0226434284638911,0.0486513319080938,0.0260079034442027,1.1485850513175089
ToddlerFountain,37,veryfast,l1d_miss_rate,0.019780663338540738,0.04857263041581125,0.028791967077270515,1.4555612511321656
TreesAndGrass_1920_1080,37,veryfast,l1d_miss_rate,0.017151400677345007,0.04875243557480845,0.03160103489746344,1.8424754626136572
TunnelFlag,37,veryfast,l1d_miss_rate,0.01631216858817405,0.04868703022549176,0.03237486163731772,1.9847061696498622
Vertical_Carnaby,37,veryfast,l1d_miss_rate,0.022370356890385707,0.048439133288241766,0.02606877639785606,1.16532679946022
Vertical_bees,37,veryfast,l1d_miss_rate,0.02145169333668091,0.04835546389747828,0.02690377056079737,1.254156030414335
WalkingInStreet,37,veryfast,l1d_miss_rate,0.01669613799267104,0.04895818807753174,0.0322620500848607,1.9323061476266248
WorldCup_1920x1080_30p,37,veryfast,l1d_miss_rate,0.022216472523433825,0.048642410921609994,0.02642593839817617,1.1894749884484235
WorldCup_far_1920x1080_30p,37,veryfast,l1d_miss_rate,0.020054718812510173,0.048715458887136166,0.028660740074625993,1.4291269971208655
Aerial3200,22,fast,llc_miss_rate,0.20921116944743245,0.004539106145251397,-0.20467206330218105,-0.9783037102787577
Boat,22,fast,llc_miss_rate,0.18602495951512577,0.4547285009093271,0.26870354139420133,1.4444488637147261
BoxingPractice,22,fast,llc_miss_rate,0.17740708822003487,0.35648493900921085,0.17907785078917599,1.009417676519604
Crosswalk,22,fast,llc_miss_rate,0.15777346153866054,0.5304935134412198,0.3727200519025592,2.3623748142917464
CrowdRun,22,fast,llc_miss_rate,0.1565300535537913,,,
DinnerSceneCropped,22,fast,llc_miss_rate,0.19049652028813246,0.3869872136387853,0.19649069335065283,1.0314660501591
FoodMarket,22,fast,llc_miss_rate,0.1907738847659094,0.005678884873515746,-0.18509499989239364,-0.9702323780821255
FoodMarket2,22,fast,llc_miss_rate,0.15573752301588775,0.39764378847044807,0.24190626545456032,1.553294676645666
MeridianTalk_sdr,22,fast,llc_miss_rate,0.16146141945665973,,,
Motorcycle,22,fast,llc_miss_rate,0.8076928889823206,0.026765799256505577,-0.780927089725815,-0.9668614152462949
MountainBike,22,fast,llc_miss_rate,0.20240540056780779,,,
Neon1224,22,fast,llc_miss_rate,0.16460824548511263,0.3981999513500365,0.23359170586492387,1.4190765789193116
NocturneDance_3840x2160p_8bit,22,fast,llc_miss_rate,0.19822351736198127,0.029539088362617774,-0.16868442899936348,-0.850980909047862
OldTownCross,22,fast,llc_miss_rate,0.2136833577944444,0.09354284311318438,-0.12014051468126001,-0.5622361793698076
PedestrianArea,22,fast,llc_miss_rate,0.19435858800278205,,,
PierSeaSide,22,fast,llc_miss_rate,0.14461680574862135,0.5528015820698747,0.4081847763212534,2.8225265674224356
RitualDance,22,fast,llc_miss_rate,0.8209445583960027,,,
Riverbed,22,fast,llc_miss_rate,0.19735734551224626,0.5479181740445964,0.35056082853235015,1.7762745421127355
RushFieldCuts,22,fast,llc_miss_rate,0.16818510035743006,0.01712678936605317,-0.1510583109913769,-0.8981670235374299
Skater227,22,fast,llc_miss_rate,0.3227458426836987,,,
Tango,22,fast,llc_miss_rate,0.1399371041851117,0.12823896353166986,-0.011698140653441852,-0.08359570338090824
TimeLapse,22,fast,llc_miss_rate,0.15168346569890404,0.46449174457927195,0.3128082788803679,2.062243748447185
ToddlerFountain,22,fast,llc_miss_rate,0.18656315256977965,0.09048099562731247,-0.09608215694246718,-0.5150114351038845
TreesAndGrass_1920_1080,22,fast,llc_miss_rate,0.19737699378004303,0.4307174132704614,0.2333404194904184,1.1822067760868473
TunnelFlag,22,fast,llc_miss_rate,0.18238647921590811,0.5022700739395511,0.319883594723643,1.7538777879744396
Vertical_Carnaby,22,fast,llc_miss_rate,0.16371388266389,0.05961338868707836,-0.10410049397681165,-0.6358684571090003
Vertical_bees,22,fast,llc_miss_rate,0.17932059069233836,0.40574682550072,0.22642623480838164,1.2626895435386045
WalkingInStreet,22,fast,llc_miss_rate,0.22445584624730774,0.0,-0.22445584624730774,-1.0
WorldCup_1920x1080_30p,22,fast,llc_miss_rate,0.8135611560291167,0.4635591037857327,-0.35000205224338404,-0.4302098860664603
WorldCup_far_1920x1080_30p,22,fast,llc_miss_rate,0.8288162769933399,0.045502092050209206,-0.7833141849431308,-0.9450999053550504
Aerial3200,27,fast,llc_miss_rate,0.21373443230018924,0.530286379210033,0.31655194690984373,1.4810526479198618
Boat,27,fast,llc_miss_rate,0.18374605249245513,0.003764452809895133,-0.17998159968256,-0.9795127418584968
BoxingPractice,27,fast,llc_miss_rate,0.8578309414205687,0.015479248343923212,-0.8423516930766455,-0.9819553625353155
Crosswalk,27,fast,llc_miss_rate,0.8290646896647126,0.41848990456404594,-0.41057478510066664,-0.49522647655722724
CrowdRun,27,fast,llc_miss_rate,0.14577546801073232,0.01474041220975737,-0.13103505580097496,-0.898882765317741
DinnerSceneCropped,27,fast,llc_miss_rate,0.17504030921887104,0.3645106046634172,0.1894702954445462,1.0824380754928389
FoodMarket,27,fast,llc_miss_rate,0.16903859187503859,,,
FoodMarket2,27,fast,llc_miss_rate,0.17077995468458815,0.35365853658536583,0.1828785819007777,1.0708433682309753
MeridianTalk_sdr,27,fast,llc_miss_rate,0.16284667252157278,0.4051124197002141,0.24226574717864133,1.4876923392250931
Motorcycle,27,fast,llc_miss_rate,0.19315902945199606,0.5247531270572745,0.33159409760527847,1.7166896031007772
MountainBike,27,fast,llc_miss_rate,0.18759112434023056,0.5654800998292394,0.37788897548900885,2.0144288639351537
Neon1224,27,fast,llc_miss_rate,0.8496648270298836,0.0,-0.8496648270298836,-1.0
NocturneDance_3840x2160p_8bit,27,fast,llc_miss_rate,0.15574505619815035,0.36038961038961037,0.20464455419146002,1.3139714298930691
OldTownCross,27,fast,llc_miss_rate,0.8341457843707653,0.4359959037378392,-0.39814988063292606,-0.47731450316357943
PedestrianArea,27,fast,llc_miss_rate,0.16573220285726534,,,
PierSeaSide,27,fast,llc_miss_rate,0.17560511827961933,0.2889585465711361,0.11335342829151679,0.6455018475658665
RitualDance,27,fast,llc_miss_rate,0.16721535512244073,0.18471760797342193,0.017502252850981198,0.1046689332936288
Riverbed,27,fast,llc_miss_rate,0.16876941877388724,0.0,-0.16876941877388724,-1.0
RushFieldCuts,27,fast,llc_miss_rate,0.17170717863044693,0.5109772683116378,0.3392700896811909,1.9758643312833042
Skater227,27,fast,llc_miss_rate,0.182455520207376,0.35289345592212007,0.17043793571474408,0.9341341688156494
Tango,27,fast,llc_miss_rate,0.16215450934246697,0.35525391996255556,0.1930994106200886,1.1908358972137285
TimeLapse,27,fast,llc_miss_rate,0.16453679159972534,0.0,-0.16453679159972534,-1.0
ToddlerFountain,27,fast,llc_miss_rate,0.18096800485300626,0.3365202016894768,0.1555521968364705,0.8595563451275263
TreesAndGrass_1920_1080,27,fast,llc_miss_rate,0.8363932296863633,0.5487195902688861,-0.28767363941747726,-0.343945442415108
TunnelFlag,27,fast,llc_miss_rate,0.13911475968812023,,,
Vertical_Carnaby,27,fast,llc_miss_rate,0.16467443316003386,0.08081321473951715,-0.0838612184205167,-0.50925463541155
Vertical_bees,27,fast,llc_miss_rate,0.8173065614748197,,,
WalkingInStreet,27,fast,llc_miss_rate,0.19801080146240582,,,
WorldCup_1920x1080_30p,27,fast,llc_miss_rate,0.18157625533713598,0.49962245154794865,0.31804619621081265,1.7515847301746057
WorldCup_far_1920x1080_30p,27,fast,llc_miss_rate,0.1574568664825579,0.42290946343962094,0.265452596957063,1.685875013818265
Aerial3200,32,fast,llc_miss_rate,0.19495774305294325,0.0019501042297088292,-0.19300763882323443,-0.9899972978801912
Boat,32,fast,llc_miss_rate,0.17104746694221945,0.5493022341610431,0.3782547672188236,2.2114023316498437
BoxingPractice,32,fast,llc_miss_rate,0.85537709317301,0.298126918499029,-0.5572501746739811,-0.651467264112567
Crosswalk,32,fast,llc_miss_rate,0.1657052269594475,0.06275794300687848,-0.10294728395256902,-0.6212675715882093
CrowdRun,32,fast,llc_miss_rate,0.19650586414427332,0.2829482380276236,0.08644237388335027,0.43989717182121774
DinnerSceneCropped,32,fast,llc_miss_rate,0.1553952764125541,0.39031985985856094,0.23492458344600683,1.5117871589758807
FoodMarket,32,fast,llc_miss_rate,0.8208077945515556,0.0,-0.8208077945515556,-1.0
FoodMarket2,32,fast,llc_miss_rate,0.16083328215072915,0.16058300012898233,-0.00025028202174681713,-0.001556158143388871
MeridianTalk_sdr,32,fast,llc_miss_rate,0.16033313191807538,,,
Motorcycle,32,fast,llc_miss_rate,0.19696068075062179,0.06726773261956752,-0.12969294813105425,-0.6584712625727702
MountainBike,32,fast,llc_miss_rate,0.182783616845215,0.08437788626467872,-0.09840573058053627,-0.5383728163332511
Neon1224,32,fast,llc_miss_rate,0.837176313866171,0.550166459951694,-0.287009853914477,-0.34283083403188314
NocturneDance_3840x2160p_8bit,32,fast,llc_miss_rate,0.15914549558690416,0.08910123966942149,-0.07004425591748267,-0.44012716576846994
OldTownCross,32,fast,llc_miss_rate,0.8264405763825875,0.054912583107608964,-0.7715279932749786,-0.9335553158002396
PedestrianArea,32,fast,llc_miss_rate,0.1783247059365077,0.012760702524698134,-0.16556400341180957,-0.9284411968735192
PierSeaSide,32,fast,llc_miss_rate,0.16481821253077858,0.13818202993070516,-0.026636182600073416,-0.1616094616673464
RitualDance,32,fast,llc_miss_rate,0.16599885910997994,0.0,-0.16599885910997994,-1.0
Riverbed,32,fast,llc_miss_rate,0.7925537142957784,0.05254225782363723,-0.7400114564721412,-0.9337051143967908
RushFieldCuts,32,fast,llc_miss_rate,0.1604421527477686,,,
Skater227,32,fast,llc_miss_rate,0.2904506650784197,,,
Tango,32,fast,llc_miss_rate,0.829685222588627,0.0,-0.829685222588627,-1.0
TimeLapse,32,fast,llc_miss_rate,0.16037019136134056,0.056777393460810545,-0.10359279790053003,-0.6459604308079817
ToddlerFountain,32,fast,llc_miss_rate,0.1792422058983567,0.5640390879478827,0.384796882049526,2.146798406775543
TreesAndGrass_1920_1080,32,fast,llc_miss_rate,0.17908807126288528,,,
TunnelFlag,32,fast,llc_miss_rate,0.16434418315763435,0.22289641508265742,0.05855223192502307,0.3562780915030099
Vertical_Carnaby,32,fast,llc_miss_rate,0.16537191562178863,0.34255786887365836,0.17718595325186973,1.0714392016665044
Vertical_bees,32,fast,llc_miss_rate,0.17540224914509225,0.0,-0.17540224914509225,-1.0
WalkingInStreet,32,fast,llc_miss_rate,0.839663498423171,,,
WorldCup_1920x1080_30p,32,fast,llc_miss_rate,0.16742976986171684,,,
WorldCup_far_1920x1080_30p,32,fast,llc_miss_rate,0.755466881573777,0.06312403672183878,-0.6923428448519382,-0.9164436744197976
Aerial3200,37,fast,llc_miss_rate,0.18329187906667238,0.10265404725660203,-0.08063783181007035,-0.4399421961337325
Boat,37,fast,llc_miss_rate,0.16755282329528354,0.4286559705418201,0.26110314724653655,1.5583333190774493
BoxingPractice,37,fast,llc_miss_rate,0.16972487948622697,0.3016521018051923,0.13192722231896534,0.7773004330203169
Crosswalk,37,fast,llc_miss_rate,0.160630483099961,0.31648971912377366,0.15585923602381266,0.9702967519983167
CrowdRun,37,fast,llc_miss_rate,0.16728301242257826,0.21645513670518407,0.04917212428260581,0.29394571254127555
DinnerSceneCropped,37,fast,llc_miss_rate,0.17044180130033323,,,
FoodMarket,37,fast,llc_miss_rate,0.7707798993171415,0.11504647073599598,-0.6557334285811456,-0.8507401777888612
FoodMarket2,37,fast,llc_miss_rate,0.1786227698065947,0.4839680670069363,0.3053452972003416,1.7094421810330047
MeridianTalk_sdr,37,fast,llc_miss_rate,0.16183937607139448,0.004873361246482257,-0.15696601482491224,-0.9698876666187073
Motorcycle,37,fast,llc_miss_rate,0.1899742666377955,0.058871627146361405,-0.1311026394914341,-0.6901073593372206
MountainBike,37,fast,llc_miss_rate,0.1865450583073903,0.43924314315472746,0.25269808484733713,1.35462224054705
Neon1224,37,fast,llc_miss_rate,0.1800228419747227,0.5009662739230721,0.3209434319483494,1.7827928302199205
NocturneDance_3840x2160p_8bit,37,fast,llc_miss_rate,0.17860518053051214,,,
OldTownCross,37,fast,llc_miss_rate,0.8249510428644913,0.20845805999617859,-0.6164929828683127,-0.747308568430502
PedestrianArea,37,fast,llc_miss_rate,0.18143555920517115,0.0,-0.18143555920517115,-1.0
PierSeaSide,37,fast,llc_miss_rate,0.1579238061189329,0.44233606007777926,0.2844122539588464,1.8009460444782763
RitualDance,37,fast,llc_miss_rate,0.16147402846546777,0.014920424403183023,-0.14655360406228474,-0.9075986117087934
Riverbed,37,fast,llc_miss_rate,0.1585148629479285,0.5848264093981755,0.42631154645024705,2.68941056076419
RushFieldCuts,37,fast,llc_miss_rate,0.1562772278173192,,,
Skater227,37,fast,llc_miss_rate,0.2195551015775735,0.4053442028985507,0.18578910132097723,0.8462071707103285
Tango,37,fast,llc_miss_rate,0.16322585121837244,0.3662159461799773,0.2029900949616049,1.2436148652092718
TimeLapse,37,fast,llc_miss_rate,0.15966976458756824,,,
ToddlerFountain,37,fast,llc_miss_rate,0.788523439863742,0.3745882949075247,-0.41393514495621725,-0.5249497022279336
TreesAndGrass_1920_1080,37,fast,llc_miss_rate,0.8295970894911735,,,
TunnelFlag,37,fast,llc_miss_rate,0.14673798343406663,,,
Vertical_Carnaby,37,fast,llc_miss_rate,0.15527541352825017,0.03882746207251221,-0.11644795145573796,-0.7499445585733501
Vertical_bees,37,fast,llc_miss_rate,0.1777838896005781,0.5150242750295236,0.3372403854289455,1.8969119540955803
WalkingInStreet,37,fast,llc_miss_rate,0.16206809638450523,,,
WorldCup_1920x1080_30p,37,fast,llc_miss_rate,0.8215818013578626,0.026158250910983862,-0.7954235504468787,-0.9681611120551221
WorldCup_far_1920x1080_30p,37,fast,llc_miss_rate,0.17488150016556908,0.501227295041728,0.32634579487615895,1.8660967258811882
Aerial3200,22,faster,llc_miss_rate,0.21849397401960743,0.0016421484775915156,-0.21685182554201593,-0.9924842390507111
Boat,22,faster,llc_miss_rate,0.19835914111979536,0.15687574592229148,-0.04148339519750388,-0.20913276274195372
BoxingPractice,22,faster,llc_miss_rate,0.17050215694749213,0.06308557151780138,-0.10741658542969075,-0.6300013287384439
Crosswalk,22,faster,llc_miss_rate,0.20031748589346351,0.5268352470648948,0.3265177611714313,1.6300012937716575
CrowdRun,22,faster,llc_miss_rate,0.18930952190947992,,,
DinnerSceneCropped,22,faster,llc_miss_rate,0.8285325003360875,0.007920286152273888,-0.8206122141838136,-0.9904405848303343
FoodMarket,22,faster,llc_miss_rate,0.1855756468067214,0.10626198083067093,-0.07931366597605047,-0.42739264198096166
FoodMarket2,22,faster,llc_miss_rate,0.12189313584839229,0.0,-0.12189313584839229,-1.0
MeridianTalk_sdr,22,faster,llc_miss_rate,0.14500821009478887,0.04493511524307573,-0.10007309485171315,-0.6901201993066285
Motorcycle,22,faster,llc_miss_rate,0.19446137177117243,,,
MountainBike,22,faster,llc_miss_rate,0.2080443309150307,0.060710016113103595,-0.1473343148019271,-0.7081871164377042
Neon1224,22,faster,llc_miss_rate,0.1829192164306504,0.5034411115439553,0.3205218951133049,1.752259283457096
NocturneDance_3840x2160p_8bit,22,faster,llc_miss_rate,0.15960257058312768,0.04711659698719225,-0.11248597359593543,-0.7047879817032648
OldTownCross,22,faster,llc_miss_rate,0.22622137470747047,0.001201923076923077,-0.2250194516305474,-0.9946869606000879
PedestrianArea,22,faster,llc_miss_rate,0.1863869501762833,0.01440114687866545,-0.17198580329761784,-0.9227352190427229
PierSeaSide,22,faster,llc_miss_rate,0.17793967813461067,0.011673409829541686,-0.166266268305069,-0.9343968138420999
RitualDance,22,faster,llc_miss_rate,0.18327477909669362,0.013716027432054865,-0.16955875166463877,-0.9251614024599727
Riverbed,22,faster,llc_miss_rate,0.19286584093487608,0.2761978963770939,0.08333205544221783,0.4320726523591915
RushFieldCuts,22,faster,llc_miss_rate,0.18191042381672345,0.5550730359257797,0.37316261210905627,2.051353651316987
Skater227,22,faster,llc_miss_rate,0.41785531624708755,0.2586539100392001,-0.15920140620788747,-0.3809964837535966
Tango,22,faster,llc_miss_rate,0.153782267370415,0.06193942545170934,-0.09184284191870566,-0.5972264779884147
TimeLapse,22,faster,llc_miss_rate,0.17014074451180866,,,
ToddlerFountain,22,faster,llc_miss_rate,0.16641543479974488,0.19926470588235295,0.03284927108260807,0.1973931752312342
TreesAndGrass_1920_1080,22,faster,llc_miss_rate,0.21075416682965764,0.002217158342058262,-0.20853700848759937,-0.9894798837175528
TunnelFlag,22,faster,llc_miss_rate,0.14176575478279702,0.0,-0.14176575478279702,-1.0
Vertical_Carnaby,22,faster,llc_miss_rate,0.129494422331735,0.06127679403541472,-0.06821762829632028,-0.5267997421662098
Vertical_bees,22,faster,llc_miss_rate,0.8070320316122216,0.10537032323746501,-0.7016617083747566,-0.8694347694886845
WalkingInStreet,22,faster,llc_miss_rate,0.15372493063128204,0.02541595702869121,-0.12830897360259083,-0.8346660042433012
WorldCup_1920x1080_30p,22,faster,llc_miss_rate,0.1656289485473415,0.07778627901045651,-0.08784266953688499,-0.5303581910488132
WorldCup_far_1920x1080_30p,22,faster,llc_miss_rate,0.19819147914603072,,,
Aerial3200,27,faster,llc_miss_rate,0.20048985886933254,0.1932390150999864,-0.007250843769346149,-0.03616563855268022
Boat,27,faster,llc_miss_rate,0.18055510397260593,0.06683369447453955,-0.11372140949806639,-0.6298432278896993
BoxingPractice,27,faster,llc_miss_rate,0.8521050130942112,0.5750459197061139,-0.2770590933880973,-0.3251466534412524
Crosswalk,27,faster,llc_miss_rate,0.16709438814632366,0.32988348629824904,0.16278909815192538,0.9742343830803691
CrowdRun,27,faster,llc_miss_rate,0.163454047912127,,,
DinnerSceneCropped,27,faster,llc_miss_rate,0.8321884170913317,0.008347245409015025,-0.8238411716823167,-0.9899695246442022
FoodMarket,27,faster,llc_miss_rate,0.13727067791981684,,,
FoodMarket2,27,faster,llc_miss_rate,0.16381465884252686,0.05541710388247639,-0.10839755496005046,-0.6617085169664321
MeridianTalk_sdr,27,faster,llc_miss_rate,0.17353725689273686,,,
Motorcycle,27,faster,llc_miss_rate,0.169855184666725,0.05805432722678459,-0.11180085743994042,-0.6582128043916133
MountainBike,27,faster,llc_miss_rate,0.20236886869523266,0.0,-0.20236886869523266,-1.0
Neon1224,27,faster,llc_miss_rate,0.16462179949564534,0.44324568770592415,0.27862388821027884,1.6925090666236409
NocturneDance_3840x2160p_8bit,27,faster,llc_miss_rate,0.8525552673795519,0.1950186799501868,-0.657536587429365,-0.7712539146586894
OldTownCross,27,faster,llc_miss_rate,0.17818378599817875,,,
PedestrianArea,27,faster,llc_miss_rate,0.1708430128703607,0.5801019723601234,0.4092589594897627,2.395526469673753
PierSeaSide,27,faster,llc_miss_rate,0.17372776107638443,0.49585814134092676,0.3221303802645423,1.854225129413303
RitualDance,27,faster,llc_miss_rate,0.18483110779479842,0.19321766561514195,0.008386557820343532,0.04537416845250088
Riverbed,27,faster,llc_miss_rate,0.16882197582663327,0.3440664762399377,0.17524450041330442,1.0380431786514959
RushFieldCuts,27,faster,llc_miss_rate,0.1651597302972343,0.5053096761427347,0.3401499458455004,2.0595210783726765
Skater227,27,faster,llc_miss_rate,0.3564699205448354,0.40472531694199,0.04825539639715459,0.13537017744274224
Tango,27,faster,llc_miss_rate,0.15827900463767733,0.5048448982246212,0.3465658935869439,2.189588533111397
TimeLapse,27,faster,llc_miss_rate,0.16215533445885982,0.07359448204060386,-0.08856085241825597,-0.5461482516982789
ToddlerFountain,27,faster,llc_miss_rate,0.8398458031398204,0.3528585116576174,-0.486987291482203,-0.5798532178901985
TreesAndGrass_1920_1080,27,faster,llc_miss_rate,0.14780120142301895,0.5243076113413592,0.3765064099183402,2.547383960978426
TunnelFlag,27,faster,llc_miss_rate,0.18214804817388208,0.3972823893448137,0.2151343411709316,1.1810960552569862
Vertical_Carnaby,27,faster,llc_miss_rate,0.16043216919532638,0.4016489988221437,0.24121682962681734,1.5035440263425943
Vertical_bees,27,faster,llc_miss_rate,0.8182413701473371,0.5116952013503737,-0.3065461687969634,-0.3746402711729975
WalkingInStreet,27,faster,llc_miss_rate,0.21803726487647263,0.009199205823957644,-0.20883805905251498,-0.9578090202646351
WorldCup_1920x1080_30p,27,faster,llc_miss_rate,0.15281350865627943,0.09327881420904677,-0.05953469444723267,-0.3895905209607021
WorldCup_far_1920x1080_30p,27,faster,llc_miss_rate,0.1428737134811274,0.09402395770594928,-0.048849755775178125,-0.341908630950723
Aerial3200,32,faster,llc_miss_rate,0.1929700455885805,0.0008075370121130552,-0.19216250857646744,-0.9958152209082504
Boat,32,faster,llc_miss_rate,0.17910532302138762,0.0019359834796076408,-0.17716933954178,-0.9891908099270927
BoxingPractice,32,faster,llc_miss_rate,0.16873899888520377,0.08016235413495687,-0.0885766447502469,-0.5249328568703149
Crosswalk,32,faster,llc_miss_rate,0.1523726179540092,0.3100224825464442,0.15764986459243502,1.0346338253505538
CrowdRun,32,faster,llc_miss_rate,0.14174969443944832,0.0,-0.14174969443944832,-1.0
DinnerSceneCropped,32,faster,llc_miss_rate,0.8102097317405456,0.4185614849187935,-0.39164824682175203,-0.4833911905506092
FoodMarket,32,faster,llc_miss_rate,0.15864909251846354,,,
FoodMarket2,32,faster,llc_miss_rate,0.15401118530502425,0.3055169042157121,0.15150571891068784,0.983731919279926
MeridianTalk_sdr,32,faster,llc_miss_rate,0.16852648268739173,0.3868559621409052,0.21832947945351344,1.2955203002634534
Motorcycle,32,faster,llc_miss_rate,0.18316344466966245,0.012024980069093808,-0.17113846460056864,-0.9343483625197102
MountainBike,32,faster,llc_miss_rate,0.19895037626370113,0.23942086212569924,0.04047048586199811,0.2034200016206857
Neon1224,32,faster,llc_miss_rate,0.1699270798306392,0.08435303306430617,-0.08557404676633304,-0.5035927578560281
NocturneDance_3840x2160p_8bit,32,faster,llc_miss_rate,0.14186952072725,0.07189325544344131,-0.0699762652838087,-0.4932438266168597
OldTownCross,32,faster,llc_miss_rate,0.1839322773991252,,,
PedestrianArea,32,faster,llc_miss_rate,0.17085267968355614,0.056032895544372165,-0.11481978413918398,-0.6720397031632563
PierSeaSide,32,faster,llc_miss_rate,0.16923759291365453,0.0454304986112948,-0.12380709430235973,-0.7315578777200313
RitualDance,32,faster,llc_miss_rate,0.1771625789399328,0.5399091926038034,0.3627466136638706,2.047535183978442
Riverbed,32,faster,llc_miss_rate,0.16129142194250717,,,
RushFieldCuts,32,faster,llc_miss_rate,0.8401958376327906,0.386318407960199,-0.4538774296725916,-0.5402043301611305
Skater227,32,faster,llc_miss_rate,0.17398657864586176,0.3788177339901478,0.20483115534428603,1.1772813566338722
Tango,32,faster,llc_miss_rate,0.17019933981182161,0.47297637003519355,0.30277703022337193,1.7789553740815498
TimeLapse,32,faster,llc_miss_rate,0.16013049648202296,0.23461637487126674,0.07448587838924378,0.4651573561917104
ToddlerFountain,32,faster,llc_miss_rate,0.17252364930467826,0.456206515378113,0.28368286607343474,1.6443129229920725
TreesAndGrass_1920_1080,32,faster,llc_miss_rate,0.18863812066286778,0.05674044265593561,-0.13189767800693217,-0.6992100936091196
TunnelFlag,32,faster,llc_miss_rate,0.1340825722469219,0.4569736930633116,0.3228911208163897,2.40815130113826
Vertical_Carnaby,32,faster,llc_miss_rate,0.15772432026527775,0.0,-0.15772432026527775,-1.0
Vertical_bees,32,faster,llc_miss_rate,0.15613946866313683,0.47770360480640855,0.32156413614327173,2.059467339657921
WalkingInStreet,32,faster,llc_miss_rate,0.200990004442634,0.08317880794701987,-0.11781119649561414,-0.5861545046596557
WorldCup_1920x1080_30p,32,faster,llc_miss_rate,0.15831445656103058,0.07947368421052632,-0.07884077235050425,-0.49800109265518
WorldCup_far_1920x1080_30p,32,faster,llc_miss_rate,0.17194731145380573,0.07910849865295126,-0.09283881280085447,-0.5399259343801718
Aerial3200,37,faster,llc_miss_rate,0.1823654841308045,0.027384130896145685,-0.1549813532346588,-0.849839288247638
Boat,37,faster,llc_miss_rate,0.17344454644410326,0.225885468387951,0.05244092194384775,0.3023497885576248
BoxingPractice,37,faster,llc_miss_rate,0.16996402328269494,0.07261996407492943,-0.09734405920776551,-0.5727333192499021
Crosswalk,37,faster,llc_miss_rate,0.1666540280095548,0.45010030090270814,0.28344627289315333,1.7008066128284787
CrowdRun,37,faster,llc_miss_rate,0.13167922958118425,0.03299272022974688,-0.09868650935143737,-0.7494462844695954
DinnerSceneCropped,37,faster,llc_miss_rate,0.1649828184881261,0.32034366370052164,0.15536084521239554,0.9416789374560052
FoodMarket,37,faster,llc_miss_rate,0.15050482227150608,0.0753652909510382,-0.07513953132046788,-0.4992499920362583
FoodMarket2,37,faster,llc_miss_rate,0.15942880579269497,0.06814230306272569,-0.09128650272996928,-0.5725847488857753
MeridianTalk_sdr,37,faster,llc_miss_rate,0.16801108966311604,,,
Motorcycle,37,faster,llc_miss_rate,0.18215460731901345,,,
MountainBike,37,faster,llc_miss_rate,0.16538460907731792,,,
Neon1224,37,faster,llc_miss_rate,0.16194130915855134,0.0767067246228586,-0.08523458453569274,-0.5263300943939041
NocturneDance_3840x2160p_8bit,37,faster,llc_miss_rate,0.15926106601628048,0.40646301439030547,0.24720194837402498,1.5521806713811317
OldTownCross,37,faster,llc_miss_rate,0.8300498867652406,0.08245083207261725,-0.7475990546926233,-0.9006676184320275
PedestrianArea,37,faster,llc_miss_rate,0.1668128607222254,0.4753395753659502,0.3085267146437248,1.849537939148945
PierSeaSide,37,faster,llc_miss_rate,0.14104950283785878,0.33472149921915667,0.1936719963812979,1.3730781922991282
RitualDance,37,faster,llc_miss_rate,0.8219480093920248,0.0020387359836901123,-0.8199092734083347,-0.9975196290271472
Riverbed,37,faster,llc_miss_rate,0.17105399906655092,0.3879919600596512,0.21693796099310028,1.268242556017048
RushFieldCuts,37,faster,llc_miss_rate,0.7962966699525638,0.35509481005183385,-0.4412018599007299,-0.5540671919763431
Skater227,37,faster,llc_miss_rate,0.31163330432259934,0.3416304490978533,0.029997144775253948,0.09625782725777357
Tango,37,faster,llc_miss_rate,0.163478521785252,0.43026862913339053,0.26679010734813857,1.631958158384857
TimeLapse,37,faster,llc_miss_rate,0.17828987923703693,0.41377955334337546,0.23548967410633853,1.320824687941228
ToddlerFountain,37,faster,llc_miss_rate,0.17217002410803348,0.34508076358296624,0.17291073947493277,1.0043022318823311
TreesAndGrass_1920_1080,37,faster,llc_miss_rate,0.8053775894810427,0.06247239225089923,-0.7429051972301435,-0.9224309279686387
TunnelFlag,37,faster,llc_miss_rate,0.1701339432526392,0.010855810855810857,-0.15927813239682834,-0.9361925630578573
Vertical_Carnaby,37,faster,llc_miss_rate,0.7885980491883817,0.0,-0.7885980491883817,-1.0
Vertical_bees,37,faster,llc_miss_rate,0.15365872037728168,0.5061304561059343,0.35247173572865265,2.2938609332631494
WalkingInStreet,37,faster,llc_miss_rate,0.2113620702581695,0.3182080369159777,0.10684596665780821,0.5055115448448274
WorldCup_1920x1080_30p,37,faster,llc_miss_rate,0.17524286037147033,0.42488262910798125,0.24963976873651092,1.4245360307822987
WorldCup_far_1920x1080_30p,37,faster,llc_miss_rate,0.15240890899080095,0.0,-0.15240890899080095,-1.0
Aerial3200,22,superfast,llc_miss_rate,0.20153708788692098,0.18569748945293588,-0.015839598433985108,-0.07859396302715477
Boat,22,superfast,llc_miss_rate,0.11389560073060416,0.0,-0.11389560073060416,-1.0
BoxingPractice,22,superfast,llc_miss_rate,0.1549722169594074,0.022275934152077344,-0.13269628280733006,-0.8562585307925731
Crosswalk,22,superfast,llc_miss_rate,0.13218596957833023,0.5204972229568897,0.3883112533785595,2.9376132324577426
CrowdRun,22,superfast,llc_miss_rate,0.1576105292236931,0.013010204081632653,-0.14460032514206045,-0.9174534585619749
DinnerSceneCropped,22,superfast,llc_miss_rate,0.8210728604201819,0.00968840010473946,-0.8113844603154424,-0.9882003162304238
FoodMarket,22,superfast,llc_miss_rate,0.1482023596796591,0.012238554684970537,-0.13596380499468858,-0.9174199742067245
FoodMarket2,22,superfast,llc_miss_rate,0.1462545386501956,0.291035108174634,0.1447805695244384,0.9899218913863413
MeridianTalk_sdr,22,superfast,llc_miss_rate,0.11584561858036739,,,
Motorcycle,22,superfast,llc_miss_rate,0.165743294010118,,,
MountainBike,22,superfast,llc_miss_rate,0.8384110024704827,,,
Neon1224,22,superfast,llc_miss_rate,0.15008387070273466,0.4634887782161568,0.31340490751342215,2.0881984589414753
NocturneDance_3840x2160p_8bit,22,superfast,llc_miss_rate,0.8454959526837397,0.0,-0.8454959526837397,-1.0
OldTownCross,22,superfast,llc_miss_rate,0.17463995831481635,0.1431721004810262,-0.031467857833790164,-0.18018704388983153
PedestrianArea,22,superfast,llc_miss_rate,0.13763348503370532,0.28577811821779653,0.1481446331840912,1.0763705732497568
PierSeaSide,22,superfast,llc_miss_rate,0.16387790508422825,0.42365986483826523,0.25978195975403695,1.5852165038387385
RitualDance,22,superfast,llc_miss_rate,0.15207330788485088,0.08066517746339041,-0.07140813042146046,-0.4695638663658867
Riverbed,22,superfast,llc_miss_rate,0.1428650142629822,0.43363518758085384,0.29077017331787164,2.0352790696722254
RushFieldCuts,22,superfast,llc_miss_rate,0.15053974429808029,0.5285039579591565,0.37796421366107624,2.510727086879316
Skater227,22,superfast,llc_miss_rate,0.3487385187768864,0.30607203224548174,-0.042666486531404646,-0.12234520775349604
Tango,22,superfast,llc_miss_rate,0.09968605274359296,0.06986788617886179,-0.02981816656473117,-0.2991207470259439
TimeLapse,22,superfast,llc_miss_rate,0.7724662231706154,0.015125720272393924,-0.7573405028982215,-0.9804189234186709
ToddlerFountain,22,superfast,llc_miss_rate,0.14517849805254443,0.5621286654315467,0.41695016737900226,2.8719829242764003
TreesAndGrass_1920_1080,22,superfast,llc_miss_rate,0.14643952727444365,,,
TunnelFlag,22,superfast,llc_miss_rate,0.1370438835228998,0.34171143514965463,0.20466755162675482,1.4934453575416606
Vertical_Carnaby,22,superfast,llc_miss_rate,0.14074924900528082,,,
Vertical_bees,22,superfast,llc_miss_rate,0.1539774309237555,0.11361867704280156,-0.04035875388095393,-0.26210824299918506
WalkingInStreet,22,superfast,llc_miss_rate,0.16564057801005855,0.031724873367102106,-0.13391570464295643,-0.8084716091417188
WorldCup_1920x1080_30p,22,superfast,llc_miss_rate,0.1509993718721067,,,
WorldCup_far_1920x1080_30p,22,superfast,llc_miss_rate,0.145072287202,,,
Aerial3200,27,superfast,llc_miss_rate,0.1859350288987371,0.006949222512728774,-0.1789858063860083,-0.962625533478614
Boat,27,superfast,llc_miss_rate,0.14569897712144064,0.0,-0.14569897712144064,-1.0
BoxingPractice,27,superfast,llc_miss_rate,0.15525364974948536,0.5620339418873747,0.4067802921378893,2.6201013167436837
Crosswalk,27,superfast,llc_miss_rate,0.14829002556754148,0.375825936060869,0.22753591049332753,1.534397944989847
CrowdRun,27,superfast,llc_miss_rate,0.13546571921355471,0.008251031378922365,-0.12721468783463236,-0.93909136992869
DinnerSceneCropped,27,superfast,llc_miss_rate,0.7946498183289732,,,
FoodMarket,27,superfast,llc_miss_rate,0.8140816892665892,0.03970767356881851,-0.7743740156977706,-0.9512239691761261
FoodMarket2,27,superfast,llc_miss_rate,0.831177099222801,0.39546191247974066,-0.43571518674306037,-0.5242146194240427
MeridianTalk_sdr,27,superfast,llc_miss_rate,0.1412889855728912,,,
Motorcycle,27,superfast,llc_miss_rate,0.1566773086839422,,,
MountainBike,27,superfast,llc_miss_rate,0.1626059098149582,,,
Neon1224,27,superfast,llc_miss_rate,0.16435201409473024,0.010194745784864723,-0.1541572683098655,-0.9379700587119753
NocturneDance_3840x2160p_8bit,27,superfast,llc_miss_rate,0.12033905338847396,0.32536382536382535,0.2050247719753514,1.7037259825660938
OldTownCross,27,superfast,llc_miss_rate,0.16199067225913028,0.06349840255591055,-0.09849226970321973,-0.6080119819841565
PedestrianArea,27,superfast,llc_miss_rate,0.1378363964646951,,,
PierSeaSide,27,superfast,llc_miss_rate,0.11891176634226505,0.0022156573116691287,-0.11669610903059592,-0.9813672155428944
RitualDance,27,superfast,llc_miss_rate,0.1544244191113561,0.08245568969946057,-0.07196872941189553,-0.46604500652191916
Riverbed,27,superfast,llc_miss_rate,0.1393256291705749,0.07816091954022988,-0.06116470963034501,-0.43900544353875987
RushFieldCuts,27,superfast,llc_miss_rate,0.13299545379981415,0.32423798748835353,0.19124253368853938,1.4379629395182125
Skater227,27,superfast,llc_miss_rate,0.409020390070922,0.4095232016340078,0.0005028115630857921,0.0012293068396873985
Tango,27,superfast,llc_miss_rate,0.8439675121167026,0.3337493759360959,-0.5102181361806067,-0.6045471287170288
TimeLapse,27,superfast,llc_miss_rate,0.14917619032460566,,,
ToddlerFountain,27,superfast,llc_miss_rate,0.14429824471565178,0.4911161731207289,0.34681792840507714,2.4034798835460705
TreesAndGrass_1920_1080,27,superfast,llc_miss_rate,0.1482878392290302,,,
TunnelFlag,27,superfast,llc_miss_rate,0.1404185377227521,0.06296581855564122,-0.07745271916711087,-0.5515847154030088
Vertical_Carnaby,27,superfast,llc_miss_rate,0.11270956885764785,,,
Vertical_bees,27,superfast,llc_miss_rate,0.15325413191539167,0.003148779847808974,-0.1501053520675827,-0.9794538665388327
WalkingInStreet,27,superfast,llc_miss_rate,0.8262414314236711,0.4675855028075549,-0.3586559286161162,-0.4340812684715256
WorldCup_1920x1080_30p,27,superfast,llc_miss_rate,0.14895725563155274,,,
WorldCup_far_1920x1080_30p,27,superfast,llc_miss_rate,0.1406302105727158,0.37955465587044535,0.23892444529772955,1.6989553263463875
Aerial3200,32,superfast,llc_miss_rate,0.17881804456615413,0.3123743718592965,0.13355632729314237,0.7468839490845283
Boat,32,superfast,llc_miss_rate,0.13867563809205216,0.2882341539057957,0.14955851581374355,1.0784772139607346
BoxingPractice,32,superfast,llc_miss_rate,0.151221208770189,0.33690405342855256,0.18568284465836357,1.227888906380493
Crosswalk,32,superfast,llc_miss_rate,0.14796662341887928,0.18117678381256655,0.033210160393687266,0.22444359157722005
CrowdRun,32,superfast,llc_miss_rate,0.13160012591000547,0.031631873727087575,-0.0999682521829179,-0.7596364478502172
DinnerSceneCropped,32,superfast,llc_miss_rate,0.14032319713114366,0.0,-0.14032319713114366,-1.0
FoodMarket,32,superfast,llc_miss_rate,0.1353067719703183,,,
FoodMarket2,32,superfast,llc_miss_rate,0.1454857258563877,0.034642182717978774,-0.11084354313840891,-0.7618860371760809
MeridianTalk_sdr,32,superfast,llc_miss_rate,0.13403211152716293,0.31697860962566843,0.1829464980985055,1.3649452807540794
Motorcycle,32,superfast,llc_miss_rate,0.14479186756037446,0.0,-0.14479186756037446,-1.0
MountainBike,32,superfast,llc_miss_rate,0.15637914699091382,0.06433129313712722,-0.0920478538537866,-0.5886197464623266
Neon1224,32,superfast,llc_miss_rate,0.15892952527607218,0.5755386145177328,0.4166090892416606,2.6213448288980934
NocturneDance_3840x2160p_8bit,32,superfast,llc_miss_rate,0.14288776015060303,0.0,-0.14288776015060303,-1.0
OldTownCross,32,superfast,llc_miss_rate,0.14290617503619746,,,
PedestrianArea,32,superfast,llc_miss_rate,0.15314009898145833,,,
PierSeaSide,32,superfast,llc_miss_rate,0.8521726113885921,0.5731528407575354,-0.27901977063105676,-0.32742165953491703
RitualDance,32,superfast,llc_miss_rate,0.8107640280672755,0.06954137587238285,-0.7412226521948927,-0.9142273541191045
Riverbed,32,superfast,llc_miss_rate,0.12795171082289114,0.16518789144050106,0.037236180617609915,0.2910174500843657
RushFieldCuts,32,superfast,llc_miss_rate,0.1360052704303635,0.0,-0.1360052704303635,-1.0
Skater227,32,superfast,llc_miss_rate,0.23404371584699454,0.009198952528033304,-0.22484476331896125,-0.9606955799059049
Tango,32,superfast,llc_miss_rate,0.8520385985341727,0.4084608343141101,-0.4435777642200626,-0.5206075933451647
TimeLapse,32,superfast,llc_miss_rate,0.1441994202400924,,,
ToddlerFountain,32,superfast,llc_miss_rate,0.13136260891033535,0.4235604341693751,0.29219782525903976,2.2243607041824687
TreesAndGrass_1920_1080,32,superfast,llc_miss_rate,0.15066021003328742,0.3469821855889391,0.1963219755556517,1.3030778034377863
TunnelFlag,32,superfast,llc_miss_rate,0.13933494257941723,0.11755763871294654,-0.021777303866470685,-0.15629463409049885
Vertical_Carnaby,32,superfast,llc_miss_rate,0.16327689653111102,0.0,-0.16327689653111102,-1.0
Vertical_bees,32,superfast,llc_miss_rate,0.7700710909957851,0.0640688658167959,-0.7060022251789891,-0.9168013621522294
WalkingInStreet,32,superfast,llc_miss_rate,0.14734961316052791,0.5712804561949196,0.4239308430343917,2.8770407600089616
WorldCup_1920x1080_30p,32,superfast,llc_miss_rate,0.7661071388367303,,,
WorldCup_far_1920x1080_30p,32,superfast,llc_miss_rate,0.13373926934764668,0.150894538606403,0.017155269258756323,0.12827398670888726
Aerial3200,37,superfast,llc_miss_rate,0.17369638672183374,0.019285572271190935,-0.1544108144506428,-0.8889696404446464
Boat,37,superfast,llc_miss_rate,0.11967392736333271,0.0018226002430133657,-0.11785132712031934,-0.9847702813539334
BoxingPractice,37,superfast,llc_miss_rate,0.15205234469970388,0.4507580839930229,0.298705739293319,1.9644928191225763
Crosswalk,37,superfast,llc_miss_rate,0.14978097386324973,0.5047312641937926,0.3549502903305428,2.369795583347008
CrowdRun,37,superfast,llc_miss_rate,0.13221601102426944,,,
DinnerSceneCropped,37,superfast,llc_miss_rate,0.12584109456481907,,,
FoodMarket,37,superfast,llc_miss_rate,0.13492429869386868,,,
FoodMarket2,37,superfast,llc_miss_rate,0.14351282337645024,0.503654273911662,0.36014145053521174,2.5094722691819693
MeridianTalk_sdr,37,superfast,llc_miss_rate,0.15433648125545613,0.0,-0.15433648125545613,-1.0
Motorcycle,37,superfast,llc_miss_rate,0.14841266660753447,,,
MountainBike,37,superfast,llc_miss_rate,0.14900006592144405,,,
Neon1224,37,superfast,llc_miss_rate,0.16155789258377695,0.07648478348304062,-0.08507310910073633,-0.5265797154207188
NocturneDance_3840x2160p_8bit,37,superfast,llc_miss_rate,0.8614781340893868,0.5320190697075119,-0.3294590643818749,-0.38243462177960547
OldTownCross,37,superfast,llc_miss_rate,0.14206709698720452,0.32938015987419733,0.18731306288699281,1.3184830749646659
PedestrianArea,37,superfast,llc_miss_rate,0.7424770457664007,0.07229761347683669,-0.670179432289564,-0.9026264665162684
PierSeaSide,37,superfast,llc_miss_rate,0.16306980951236683,0.542690985989955,0.3796211764775882,2.3279672528764355
RitualDance,37,superfast,llc_miss_rate,0.7879545875471672,0.5436580882352942,-0.24429649931187303,-0.3100388057544615
Riverbed,37,superfast,llc_miss_rate,0.7927425767839036,0.48689886049056846,-0.3058437162933351,-0.38580457925461736
RushFieldCuts,37,superfast,llc_miss_rate,0.800093146973763,0.3198255618919826,-0.4802675850817804,-0.6002645903146694
Skater227,37,superfast,llc_miss_rate,0.28923131420474674,0.32604622111180515,0.03681490690705841,0.12728534255802312
Tango,37,superfast,llc_miss_rate,0.1481398542466422,0.037998568547075284,-0.11014128569956691,-0.7434953021905205
TimeLapse,37,superfast,llc_miss_rate,0.1521478257162523,0.4206979848706376,0.2685501591543853,1.7650607748757268
ToddlerFountain,37,superfast,llc_miss_rate,0.138829792115116,0.21428571428571427,0.07545592217059827,0.5435139030391338
TreesAndGrass_1920_1080,37,superfast,llc_miss_rate,0.15441221046144937,0.009987264561967961,-0.1444249458994814,-0.935320759076489
TunnelFlag,37,superfast,llc_miss_rate,0.1370116629876877,0.49209183673469387,0.3550801737470062,2.5916054590105575
Vertical_Carnaby,37,superfast,llc_miss_rate,0.7940922050942523,,,
Vertical_bees,37,superfast,llc_miss_rate,0.16774267242008936,0.07405465626843175,-0.09368801615165762,-0.5585222579322473
WalkingInStreet,37,superfast,llc_miss_rate,0.662283806613979,0.4968058968058968,-0.1654779098080822,-0.24985951363375733
WorldCup_1920x1080_30p,37,superfast,llc_miss_rate,0.152268796185009,0.21529781368211837,0.06302901749710937,0.4139325920757141
WorldCup_far_1920x1080_30p,37,superfast,llc_miss_rate,0.12188071754129101,0.010845452304658615,-0.1110352652366324,-0.9110158479253754
Aerial3200,22,veryfast,llc_miss_rate,0.21206999147013433,0.5425017722497906,0.33043178077965624,1.5581260624806066
Boat,22,veryfast,llc_miss_rate,0.19296773386356264,0.0030489870587438175,-0.18991874680481882,-0.9841994980316264
BoxingPractice,22,veryfast,llc_miss_rate,0.1576208527373602,,,
Crosswalk,22,veryfast,llc_miss_rate,0.16115826569695102,0.006006935843448105,-0.1551513298535029,-0.9627264799762502
CrowdRun,22,veryfast,llc_miss_rate,0.20397946931496408,0.45541053173021284,0.25143106241524876,1.2326292604821656
DinnerSceneCropped,22,veryfast,llc_miss_rate,0.19572238493828817,0.31865147701682345,0.12292909207853528,0.6280788583140103
FoodMarket,22,veryfast,llc_miss_rate,0.18126536935242507,0.018304172274562585,-0.1629611970778625,-0.8990200260537649
FoodMarket2,22,veryfast,llc_miss_rate,0.1704034516704913,0.3410547396528705,0.17065128798237916,1.001454408989127
MeridianTalk_sdr,22,veryfast,llc_miss_rate,0.15985128340370142,0.4799763655462185,0.32012508214251706,2.0026431776218345
Motorcycle,22,veryfast,llc_miss_rate,0.14202895093680584,,,
MountainBike,22,veryfast,llc_miss_rate,0.8428698670179101,0.06878632478632479,-0.7740835422315853,-0.9183903382028685
Neon1224,22,veryfast,llc_miss_rate,0.18205931080316076,0.35109369898792037,0.1690343881847596,0.928457805530839
NocturneDance_3840x2160p_8bit,22,veryfast,llc_miss_rate,0.1807555964973397,0.04812159830080977,-0.13263399819652993,-0.7337753340239288
OldTownCross,22,veryfast,llc_miss_rate,0.20257746568811896,0.09554543153631992,-0.10703203415179904,-0.5283511361356537
PedestrianArea,22,veryfast,llc_miss_rate,0.18400963544787924,0.07316255364806867,-0.11084708179981057,-0.6023982468635889
PierSeaSide,22,veryfast,llc_miss_rate,0.17656589601351044,,,
RitualDance,22,veryfast,llc_miss_rate,0.18698420110695088,0.0,-0.18698420110695088,-1.0
Riverbed,22,veryfast,llc_miss_rate,0.18747449341484101,0.21653448690218696,0.029059993487345948,0.1550077184262202
RushFieldCuts,22,veryfast,llc_miss_rate,0.8363343018528809,0.5878623786568051,-0.2484719231960758,-0.2970964154472578
Skater227,22,veryfast,llc_miss_rate,0.5383213694091662,,,
Tango,22,veryfast,llc_miss_rate,0.19104382102190562,0.09630639563708478,-0.09473742538482084,-0.49589369013907014
TimeLapse,22,veryfast,llc_miss_rate,0.20347574998707232,0.35744985673352436,0.15397410674645204,0.7567196914434996
ToddlerFountain,22,veryfast,llc_miss_rate,0.18876095697683112,0.4117451006532462,0.2229841436764151,1.1813043716650822
TreesAndGrass_1920_1080,22,veryfast,llc_miss_rate,0.1983727419383159,0.5506275050923188,0.35225476315400295,1.7757216022327138
TunnelFlag,22,veryfast,llc_miss_rate,0.18041797235971413,,,
Vertical_Carnaby,22,veryfast,llc_miss_rate,0.8172278983489808,,,
Vertical_bees,22,veryfast,llc_miss_rate,0.1941362259007907,0.5618415918845103,0.3677053659837196,1.8940584853628908
WalkingInStreet,22,veryfast,llc_miss_rate,0.1840893504575972,0.2509672099955603,0.06687785953796313,0.3632902140820343
WorldCup_1920x1080_30p,22,veryfast,llc_miss_rate,0.1855337728059969,0.05390334572490706,-0.13163042708108982,-0.7094688211764495
WorldCup_far_1920x1080_30p,22,veryfast,llc_miss_rate,0.18340029389951334,0.4873417721518987,0.3039414782523854,1.65725731289677
Aerial3200,27,veryfast,llc_miss_rate,0.19927316766601189,0.0019498245157935786,-0.1973233431502183,-0.9902153183058666
Boat,27,veryfast,llc_miss_rate,0.1755023100597143,0.0010703057060672955,-0.17443200435364703,-0.9939014722615155
BoxingPractice,27,veryfast,llc_miss_rate,0.17184191059710477,0.36200414830178895,0.19016223770468418,1.1066115189473928
Crosswalk,27,veryfast,llc_miss_rate,0.8363353273525553,0.33847567780476595,-0.4978596495477894,-0.5952871214035393
CrowdRun,27,veryfast,llc_miss_rate,0.18436350566733387,0.39097217800980455,0.20660867234247068,1.1206592736160923
DinnerSceneCropped,27,veryfast,llc_miss_rate,0.17334583977272797,0.3274075045919706,0.15406166481924263,0.8887531712398253
FoodMarket,27,veryfast,llc_miss_rate,0.1779366540218286,0.074034549456413,-0.1039021045654156,-0.5839274945153756
FoodMarket2,27,veryfast,llc_miss_rate,0.16678251385874932,0.55593350876067,0.38915099490192073,2.3332841429137994
MeridianTalk_sdr,27,veryfast,llc_miss_rate,0.14904664143219085,0.19086854169247924,0.0418219002602884,0.2805960594510637
Motorcycle,27,veryfast,llc_miss_rate,0.2106768381777374,0.03770356758126862,-0.1729732705964688,-0.8210360099031864
MountainBike,27,veryfast,llc_miss_rate,0.8438710554609153,0.0,-0.8438710554609153,-1.0
Neon1224,27,veryfast,llc_miss_rate,0.17173197389329678,0.32211508161593244,0.15038310772263566,0.8756849660161367
NocturneDance_3840x2160p_8bit,27,veryfast,llc_miss_rate,0.11233164029187524,0.05797455968688845,-0.05435708060498679,-0.4838982183804036
OldTownCross,27,veryfast,llc_miss_rate,0.18944076317614594,0.17277554720891075,-0.016665215967235192,-0.08797059137551895
PedestrianArea,27,veryfast,llc_miss_rate,0.1654348731180984,,,
PierSeaSide,27,veryfast,llc_miss_rate,0.8463349815235689,0.05008920901341439,-0.7962457725101545,-0.9408163314681334
RitualDance,27,veryfast,llc_miss_rate,0.8320262599235798,0.0017565872020075283,-0.8302696727215723,-0.9978887839403423
Riverbed,27,veryfast,llc_miss_rate,0.8175024880273396,0.567003412055931,-0.25049907597140864,-0.3064199554619964
RushFieldCuts,27,veryfast,llc_miss_rate,0.16098800412104733,0.0,-0.16098800412104733,-1.0
Skater227,27,veryfast,llc_miss_rate,,0.3382441572356526,,
Tango,27,veryfast,llc_miss_rate,0.18535399956505005,0.11089853963395192,-0.07445545993109813,-0.40169330095824535
TimeLapse,27,veryfast,llc_miss_rate,0.8088500317346294,0.25227662663323214,-0.5565734051013973,-0.6881045722502982
ToddlerFountain,27,veryfast,llc_miss_rate,0.16682224547641972,0.3106839804577012,0.14386173498128146,0.8623654151784947
TreesAndGrass_1920_1080,27,veryfast,llc_miss_rate,0.17465842734940823,,,
TunnelFlag,27,veryfast,llc_miss_rate,0.16417115856869977,0.16691285081240767,0.002741692243707905,0.016700206465075317
Vertical_Carnaby,27,veryfast,llc_miss_rate,0.8023366298239276,0.07747235387045813,-0.7248642759534695,-0.9034415842544052
Vertical_bees,27,veryfast,llc_miss_rate,0.17542424888002883,0.536699602207109,0.36127535332708016,2.0594379376488217
WalkingInStreet,27,veryfast,llc_miss_rate,0.21286331870156042,0.4752854096098357,0.2624220909082753,1.2328196915702394
WorldCup_1920x1080_30p,27,veryfast,llc_miss_rate,0.18015532184057678,0.0,-0.18015532184057678,-1.0
WorldCup_far_1920x1080_30p,27,veryfast,llc_miss_rate,0.1759281183463083,0.5002448579823702,0.3243167396360619,1.8434616517506075
Aerial3200,32,veryfast,llc_miss_rate,0.19501596956874329,0.33010802571409636,0.13509205614535308,0.6927230443952592
Boat,32,veryfast,llc_miss_rate,0.17497217784278996,0.2932472423997848,0.11827506455699482,0.6759649792052271
BoxingPractice,32,veryfast,llc_miss_rate,0.15851477043226153,0.0,-0.15851477043226153,-1.0
Crosswalk,32,veryfast,llc_miss_rate,0.16265638970733814,0.5217278841179513,0.3590714944106132,2.2075461963509566
CrowdRun,32,veryfast,llc_miss_rate,0.18994877780518915,0.5165384855874445,0.3265897077822554,1.719356721090381
DinnerSceneCropped,32,veryfast,llc_miss_rate,0.817238287425785,0.0,-0.817238287425785,-1.0
FoodMarket,32,veryfast,llc_miss_rate,0.1505710035892888,0.42334393044832286,0.2727729268590341,1.8115900163824
FoodMarket2,32,veryfast,llc_miss_rate,0.1157610577934775,0.0,-0.1157610577934775,-1.0
MeridianTalk_sdr,32,veryfast,llc_miss_rate,0.15633924893019385,0.22112840706331138,0.06478915813311753,0.4144139016687113
Motorcycle,32,veryfast,llc_miss_rate,0.17676585147474055,0.2615364446775039,0.08477059320276337,0.47956430778643294
MountainBike,32,veryfast,llc_miss_rate,0.8378649354978269,,,
Neon1224,32,veryfast,llc_miss_rate,0.1671278684778334,0.39817215452424165,0.23104428604640825,1.3824402126988908
NocturneDance_3840x2160p_8bit,32,veryfast,llc_miss_rate,0.8615259992215133,,,
OldTownCross,32,veryfast,llc_miss_rate,0.16662553802325217,,,
PedestrianArea,32,veryfast,llc_miss_rate,0.18369817019597612,0.14186556259132976,-0.041832607604646355,-0.22772468315834477
PierSeaSide,32,veryfast,llc_miss_rate,0.167696390627551,0.01756587202007528,-0.15013051860747573,-0.895251937418924
RitualDance,32,veryfast,llc_miss_rate,0.7891980123117984,0.2169508277736595,-0.5722471845381389,-0.7250996272302496
Riverbed,32,veryfast,llc_miss_rate,0.16949772959724907,0.05269320843091335,-0.11680452116633572,-0.6891214498499775
RushFieldCuts,32,veryfast,llc_miss_rate,0.17024923530496489,0.42464260529521125,0.25439336999024637,1.494240896498333
Skater227,32,veryfast,llc_miss_rate,0.2365473441108545,,,
Tango,32,veryfast,llc_miss_rate,0.18182966709623427,,,
TimeLapse,32,veryfast,llc_miss_rate,0.16858411178534488,0.5035864297253635,0.3350023179400186,1.987152373923416
ToddlerFountain,32,veryfast,llc_miss_rate,0.16840315341223966,0.37692911326183626,0.2085259598495966,1.2382544841018446
TreesAndGrass_1920_1080,32,veryfast,llc_miss_rate,0.8423874063588265,0.5673422267829656,-0.27504517957586083,-0.3265067562734925
TunnelFlag,32,veryfast,llc_miss_rate,0.16152108302903898,,,
Vertical_Carnaby,32,veryfast,llc_miss_rate,0.1473532510220891,0.0,-0.1473532510220891,-1.0
Vertical_bees,32,veryfast,llc_miss_rate,0.1654515534897563,0.457157716811858,0.29170616332210175,1.7630911113818122
WalkingInStreet,32,veryfast,llc_miss_rate,0.19854468304932743,0.297375,0.09883031695067257,0.4977736771027944
WorldCup_1920x1080_30p,32,veryfast,llc_miss_rate,0.16070786602567708,0.0,-0.16070786602567708,-1.0
WorldCup_far_1920x1080_30p,32,veryfast,llc_miss_rate,0.14747860961251494,0.4861717612809316,0.3386931516684166,2.2965578029132394
Aerial3200,37,veryfast,llc_miss_rate,0.18677238671126303,0.002317347924042485,-0.18445503878722055,-0.9875926631080378
Boat,37,veryfast,llc_miss_rate,0.16908510873750782,0.47988598821014444,0.3108008794726366,1.8381327710835382
BoxingPractice,37,veryfast,llc_miss_rate,0.16590643174602426,,,
Crosswalk,37,veryfast,llc_miss_rate,0.16617685857509615,0.05935434672089476,-0.10682251185420139,-0.6428242341934016
CrowdRun,37,veryfast,llc_miss_rate,0.1697531612366794,0.5375996961640714,0.36784653492739205,2.1669495416024667
DinnerSceneCropped,37,veryfast,llc_miss_rate,0.7238112278440169,0.006114649681528662,-0.7176965781624882,-0.9915521486178902
FoodMarket,37,veryfast,llc_miss_rate,0.16226407763226464,0.012588463706394439,-0.1496756139258702,-0.9224198979214402
FoodMarket2,37,veryfast,llc_miss_rate,0.159625040225624,0.08648772654278504,-0.07313731368283895,-0.4581819592932419
MeridianTalk_sdr,37,veryfast,llc_miss_rate,0.17218049052364023,0.0,-0.17218049052364023,-1.0
Motorcycle,37,veryfast,llc_miss_rate,0.1774625962298837,,,
MountainBike,37,veryfast,llc_miss_rate,0.7998836510853441,0.04030226700251889,-0.7595813840828252,-0.9496148384232711
Neon1224,37,veryfast,llc_miss_rate,0.16448617534180565,0.07854219450399533,-0.08594398083781032,-0.5224997216891752
NocturneDance_3840x2160p_8bit,37,veryfast,llc_miss_rate,0.8345067737421626,0.0,-0.8345067737421626,-1.0
OldTownCross,37,veryfast,llc_miss_rate,0.7885085879676744,0.3525295326142784,-0.43597905535339604,-0.5529160519064243
PedestrianArea,37,veryfast,llc_miss_rate,0.1766218207459586,0.2405223785976924,0.06390055785173379,0.3617931101709353
PierSeaSide,37,veryfast,llc_miss_rate,0.16729775183225137,0.018016247379454925,-0.14928150445279645,-0.8923102840167288
RitualDance,37,veryfast,llc_miss_rate,0.8265918961211687,0.06674367860351688,-0.7598482175176517,-0.9192543758090109
Riverbed,37,veryfast,llc_miss_rate,0.7311069718333468,0.4709333333333333,-0.2601736385000135,-0.355862614533129
RushFieldCuts,37,veryfast,llc_miss_rate,0.8215701423312463,0.013371537726838587,-0.8081986046044076,-0.9837244112974989
Skater227,37,veryfast,llc_miss_rate,0.1553358534457691,0.40638910709609843,0.2510532536503293,1.616196441975819
Tango,37,veryfast,llc_miss_rate,0.15947870193831631,,,
TimeLapse,37,veryfast,llc_miss_rate,0.16146886698135543,,,
ToddlerFountain,37,veryfast,llc_miss_rate,0.16711308502968625,,,
TreesAndGrass_1920_1080,37,veryfast,llc_miss_rate,0.17618065535286292,0.38317634746206175,0.20699569210919883,1.174905903798678
TunnelFlag,37,veryfast,llc_miss_rate,0.13472559656747282,,,
Vertical_Carnaby,37,veryfast,llc_miss_rate,0.17983720265727066,0.026372903650115093,-0.15346429900715555,-0.8533512351147057
Vertical_bees,37,veryfast,llc_miss_rate,0.170392363839829,0.4046242774566474,0.23423191361681842,1.3746620349548024
WalkingInStreet,37,veryfast,llc_miss_rate,0.8340471933091597,0.22424358483339715,-0.6098036084757625,-0.7311380139729385
WorldCup_1920x1080_30p,37,veryfast,llc_miss_rate,0.1779012657493799,,,
WorldCup_far_1920x1080_30p,37,veryfast,llc_miss_rate,0.8237519240200398,0.37752749785944806,-0.44622442616059177,-0.5416975829117896
