vendor,config,config_id,preset,qp,sequence,branch-instructions,branch-misses,cache-misses,cache-references,cycles,dtlb-load-misses,dtlb-loads,dtlb-store-misses,dtlb-stores,instructions,l1-dcache-load-misses,l1-dcache-loads,l1-dcache-stores,l1-icache-load-misses,llc-load-misses,llc-loads,llc-store-misses,llc-stores,ipc,cache_miss_rate,l1d_miss_rate,llc_miss_rate
amd,A,dis_deblock_en_sao,fast,22,Aerial3200,130468296943.0,5241223743.0,2203347494.0,22921917392.0,610551073915.0,44380696.0,621034208.0,,,1322002459544.0,5596515456.0,443412451662.0,,685781050.0,,,,,2.165261050262352,0.09612404827743566,0.012621466616517247,
amd,A,dis_deblock_en_sao,fast,22,Boat,133588555391.0,5557787657.0,1179775980.0,21874477512.0,615381740365.0,24999367.0,670479098.0,,,1348771118429.0,5650125006.0,460277687318.0,,710126165.0,,,,,2.191763307161188,0.05393390444881681,0.012275470138304576,
amd,A,dis_deblock_en_sao,fast,22,BoxingPractice,410460699074.0,13394423118.0,4030778690.0,81496981670.0,1751450458505.0,68484347.0,2138538319.0,,,4175680694704.0,21508066412.0,1519167870540.0,,2354185788.0,,,,,2.3841272097803268,0.04945923894852387,0.014157794427520897,
amd,A,dis_deblock_en_sao,fast,22,Crosswalk,409258927917.0,12405599034.0,4694654485.0,85294057806.0,1712028138214.0,66810718.0,1823478242.0,,,4155205091073.0,22631365352.0,1523350847117.0,,3024447088.0,,,,,2.4270658865500536,0.05504081533649059,0.014856305357909327,
amd,A,dis_deblock_en_sao,fast,22,CrowdRun,158437979092.0,6958772574.0,1223960530.0,23258705657.0,736022027234.0,24347964.0,514324599.0,,,1585790331412.0,5722576703.0,530677910630.0,,794026631.0,,,,,2.1545419467559457,0.052623759380678765,0.010783521583188533,
amd,A,dis_deblock_en_sao,fast,22,DinnerSceneCropped,138650603821.0,5543812055.0,1168775578.0,22990073047.0,606739361797.0,23746743.0,531441680.0,,,1385896339358.0,5704123596.0,485168361888.0,,699404674.0,,,,,2.284170809774637,0.0508382716144747,0.011756998279530815,
amd,A,dis_deblock_en_sao,fast,22,FoodMarket,129829919350.0,5064671993.0,1123171889.0,22284293625.0,576273647170.0,22434051.0,552143472.0,,,1310766864442.0,5640209043.0,461065098874.0,,668908163.0,,,,,2.274556316914706,0.0504019516122311,0.0122329993243348,
amd,A,dis_deblock_en_sao,fast,22,FoodMarket2,421409083018.0,14182155022.0,4552594147.0,85204888617.0,1828413872471.0,81028032.0,1950936924.0,,,4304730512006.0,22102094839.0,1571931614222.0,,2472816374.0,,,,,2.354352357974836,0.05343113782431107,0.01406046843198013,
amd,A,dis_deblock_en_sao,fast,22,MeridianTalk_sdr,104632602663.0,3311243450.0,1125094175.0,20284618945.0,434448472201.0,16691061.0,533874860.0,,,1052178191382.0,5373883163.0,381245209198.0,,585405785.0,,,,,2.4218710818603224,0.055465383798956054,0.014095608373164027,
amd,A,dis_deblock_en_sao,fast,22,Motorcycle,119066956826.0,4526150797.0,1169639019.0,21331954072.0,542884909120.0,21273773.0,443821579.0,,,1206357966491.0,5464809546.0,420170386708.0,,621101573.0,,,,,2.2221247012492387,0.05483037395693864,0.013006174920646664,
amd,A,dis_deblock_en_sao,fast,22,MountainBike,122721123936.0,4773016156.0,1284982369.0,22570236176.0,564389995490.0,22528626.0,548170333.0,,,1243081274129.0,5696160104.0,432619239263.0,,813618606.0,,,,,2.2025218094976404,0.05693260624212619,0.013166682354912937,
amd,A,dis_deblock_en_sao,fast,22,Neon1224,343940674547.0,9547288945.0,3800343324.0,74476762827.0,1413855255540.0,52139626.0,1870141795.0,,,3488173015424.0,20470348006.0,1284601805754.0,,2141589186.0,,,,,2.4671358696415826,0.051027235606731614,0.015935169882456208,
amd,A,dis_deblock_en_sao,fast,22,NocturneDance_3840x2160p_8bit,360868721345.0,10694849277.0,942749205.0,60618489289.0,1340211297722.0,56521922.0,1973412616.0,,,3718814553598.0,20437720892.0,1367605950816.0,,1375229875.0,,,,,2.7747971979634762,0.015552172547643378,0.014944159083108382,
amd,A,dis_deblock_en_sao,fast,22,OldTownCross,161034833421.0,7008389229.0,1336573252.0,23927825278.0,727555886978.0,28456362.0,710995720.0,,,1600253599586.0,5784041455.0,538566674632.0,,933591351.0,,,,,2.1994923389773753,0.05585853442472634,0.010739694317239751,
amd,A,dis_deblock_en_sao,fast,22,PedestrianArea,106369639822.0,3614901538.0,1177651186.0,21056312889.0,458808469802.0,19854566.0,484902289.0,,,1080774705731.0,5486768444.0,390485988236.0,,515600817.0,,,,,2.3556119314828936,0.05592865152641302,0.01405112759304422,
amd,A,dis_deblock_en_sao,fast,22,PierSeaSide,388675951992.0,11831398156.0,4291316238.0,77642058395.0,1613277828780.0,78697593.0,2351098544.0,,,3912321319380.0,20658409390.0,1425050089992.0,,1894680011.0,,,,,2.425075984797109,0.055270510940966404,0.014496619827669336,
amd,A,dis_deblock_en_sao,fast,22,RitualDance,82446116916.0,2267657225.0,1059475080.0,18082597648.0,338470156657.0,17063505.0,432026615.0,,,832790222310.0,5039570528.0,305514014404.0,,422103347.0,,,,,2.460453915746361,0.05859086734240209,0.01649538250424043,
amd,A,dis_deblock_en_sao,fast,22,Riverbed,121041170338.0,4496834167.0,1112606724.0,22450343376.0,539247849097.0,21832220.0,619280205.0,,,1234271912185.0,5631168293.0,438615026538.0,,671625561.0,,,,,2.2888768388262575,0.04955856154919241,0.012838521145631877,
amd,A,dis_deblock_en_sao,fast,22,RushFieldCuts,122108566190.0,4746305316.0,1214938990.0,22481153812.0,554213073096.0,21837184.0,590924455.0,,,1236248161058.0,5647428434.0,435727763117.0,,995167531.0,,,,,2.2306369536755026,0.05404255494001777,0.012960910256442791,
amd,A,dis_deblock_en_sao,fast,22,Skater227,,,28266.0,91155.0,2077173.0,,,,,2358877.0,13605.0,1235499.0,,568.0,,,,,1.1356189397801724,0.3100872140858976,0.011011745051999233,
amd,A,dis_deblock_en_sao,fast,22,Tango,471172766431.0,16265059250.0,4600544801.0,85307973583.0,1999335727515.0,69370581.0,2563106954.0,,,4765097880043.0,22556172500.0,1699148836325.0,,3701203654.0,,,,,2.3833405337909914,0.05392866115292167,0.01327498334329885,
amd,A,dis_deblock_en_sao,fast,22,TimeLapse,393525750026.0,12663254617.0,4298771070.0,77958693214.0,1672303363034.0,59835340.0,2363675726.0,,,3995465868070.0,21010840140.0,1446722692230.0,,3273196478.0,,,,,2.389199206548966,0.05514165121007976,0.014523059777000923,
amd,A,dis_deblock_en_sao,fast,22,ToddlerFountain,133644891436.0,5559570696.0,1303877738.0,22379160572.0,613218714440.0,23204248.0,539661287.0,,,1342822144566.0,5784246229.0,465806814821.0,,670303635.0,,,,,2.1897931569037064,0.05826303152904515,0.012417693440622518,
amd,A,dis_deblock_en_sao,fast,22,TreesAndGrass_1920_1080,147780649926.0,6136175815.0,1162717290.0,22049272931.0,689923878580.0,23433432.0,589858477.0,,,1486645499370.0,5568234139.0,495170602940.0,,729941304.0,,,,,2.1547964138156965,0.05273268164617287,0.011245082211947676,
amd,A,dis_deblock_en_sao,fast,22,TunnelFlag,111157966018.0,4055207003.0,1074559488.0,21176293625.0,489426169163.0,20499073.0,537323122.0,,,1125620714463.0,5414505596.0,400627570066.0,,635469155.0,,,,,2.2998784809320645,0.0507435109764162,0.013515059872459616,
amd,A,dis_deblock_en_sao,fast,22,Vertical_Carnaby,77492997039.0,1895223732.0,238901059.0,14059906292.0,277360720630.0,11072361.0,342679930.0,,,803984264328.0,4964806787.0,296327662634.0,,334849386.0,,,,,2.898695469574141,0.016991653716492635,0.016754449256842174,
amd,A,dis_deblock_en_sao,fast,22,Vertical_bees,89921947527.0,2747727229.0,1052507650.0,19716054733.0,383726969578.0,15016752.0,465280322.0,,,918192571181.0,5225377639.0,335742656919.0,,584941959.0,,,,,2.39282782805382,0.05338327897002395,0.015563639386640866,
amd,A,dis_deblock_en_sao,fast,22,WalkingInStreet,140571762839.0,5538968519.0,305353890.0,15130427037.0,548771809224.0,20229536.0,455537466.0,,,1421233322655.0,4831092698.0,455561747817.0,,344679605.0,,,,,2.589843900080653,0.02018144558995503,0.010604693482607013,
amd,A,dis_deblock_en_sao,fast,22,WorldCup_1920x1080_30p,79220420162.0,2192020293.0,1024672097.0,18219675631.0,334309762469.0,14326918.0,486928249.0,,,809168037750.0,5030783724.0,298175393322.0,,570252404.0,,,,,2.420414024927055,0.056239864954377355,0.016871894316803165,
amd,A,dis_deblock_en_sao,fast,22,WorldCup_far_1920x1080_30p,106749165977.0,3919511218.0,1224524355.0,21262351865.0,480575108865.0,20922137.0,515108038.0,,,1085872104129.0,5491291115.0,387941192725.0,,773859455.0,,,,,2.259526313573673,0.057591199824685996,0.014154957550209455,
amd,A,dis_deblock_en_sao,fast,27,Aerial3200,113930607161.0,4088513611.0,1174686446.0,20939549978.0,509499854584.0,20167871.0,630008648.0,,,1160367350914.0,5324813366.0,401509337610.0,,652436584.0,,,,,2.2774635566116594,0.05609893465877617,0.013261991359145367,
amd,A,dis_deblock_en_sao,fast,27,Boat,116747139558.0,4465512917.0,1109402311.0,20849249975.0,522565723596.0,21044686.0,646746630.0,,,1181112406787.0,5346147211.0,416339728944.0,,698687196.0,,,,,2.2602179083986917,0.05321065804910328,0.012840828869634698,
amd,A,dis_deblock_en_sao,fast,27,BoxingPractice,333816977954.0,8471712722.0,3674816972.0,72949219544.0,1338899727434.0,54125364.0,1871836358.0,,,3369347287758.0,19930645838.0,1254270382300.0,,2005001570.0,,,,,2.5165045736586644,0.05037500051365868,0.015890230782179892,
amd,A,dis_deblock_en_sao,fast,27,Crosswalk,328536497910.0,7045185480.0,4538480172.0,71674101937.0,1246211969405.0,44739589.0,1832551796.0,,,3261742442691.0,20148649666.0,1217920845471.0,,2297221675.0,,,,,2.617325561596322,0.06332106087620361,0.016543480424795604,
amd,A,dis_deblock_en_sao,fast,27,CrowdRun,132595215760.0,5318497788.0,1167104558.0,22377938321.0,597210503492.0,24826287.0,662242990.0,,,1330041790582.0,5717965293.0,463635271532.0,,729348881.0,,,,,2.2270904192156706,0.05215424858440872,0.01233289536860732,
amd,A,dis_deblock_en_sao,fast,27,DinnerSceneCropped,103009415614.0,3092883856.0,1076835727.0,20753703772.0,427067862690.0,18496763.0,553521866.0,,,1040452816897.0,5386026689.0,382453683139.0,,608727543.0,,,,,2.4362704567452873,0.0518864362154393,0.014082820813213315,
amd,A,dis_deblock_en_sao,fast,27,FoodMarket,99863302183.0,3107295569.0,1073395768.0,20432120624.0,420253390550.0,17055204.0,495353902.0,,,1008301181682.0,5349170416.0,370910324154.0,,582013430.0,,,,,2.399269593904767,0.05253472156674558,0.014421735033126371,
amd,A,dis_deblock_en_sao,fast,27,FoodMarket2,353937508561.0,9989913270.0,3929846121.0,77760543788.0,1466367268096.0,63025031.0,2271091745.0,,,3606485823096.0,20982757340.0,1342683402912.0,,2434866095.0,,,,,2.4594696714547033,0.05053779114140472,0.015627479489574967,
amd,A,dis_deblock_en_sao,fast,27,MeridianTalk_sdr,81334901150.0,1879732005.0,1073154715.0,17763165155.0,314903311657.0,12747395.0,608314941.0,,,812538201447.0,4964645600.0,302013699975.0,,486383969.0,,,,,2.5802783628139023,0.06041461111438954,0.01643847812337971,
amd,A,dis_deblock_en_sao,fast,27,Motorcycle,106054865507.0,3782135376.0,1150918095.0,20188749335.0,470999640741.0,18991117.0,698576526.0,,,1073540490104.0,5221802386.0,381311847819.0,,593522788.0,,,,,2.279280910734991,0.05700789463984892,0.013694309305801245,
amd,A,dis_deblock_en_sao,fast,27,MountainBike,109203843760.0,3947242432.0,1228425607.0,20912155614.0,488033694290.0,19505083.0,494753367.0,,,1105048258540.0,5370527053.0,392823290790.0,,772245046.0,,,,,2.2642868135316836,0.05874217989166117,0.013671610566164312,
amd,A,dis_deblock_en_sao,fast,27,Neon1224,305270253495.0,7172881627.0,3588911318.0,68716063935.0,1210503893105.0,47083856.0,1633244374.0,,,3101383939742.0,19489811529.0,1145222419712.0,,1968451860.0,,,,,2.5620602770527263,0.05222812705621248,0.01701836358905835,
amd,A,dis_deblock_en_sao,fast,27,NocturneDance_3840x2160p_8bit,314680542741.0,7523186440.0,902325113.0,55995168123.0,1121078782648.0,47443396.0,1682781847.0,,,3253313633593.0,19402591048.0,1203100656162.0,,1334295696.0,,,,,2.901949161778478,0.016114338848272344,0.01612715523728166,
amd,A,dis_deblock_en_sao,fast,27,OldTownCross,123821288504.0,4468577910.0,1233523364.0,22285161247.0,541082616144.0,21908851.0,541988682.0,,,1251424037893.0,5554989482.0,443931024507.0,,827859427.0,,,,,2.312815086929266,0.05535178095990018,0.012513181497438703,
amd,A,dis_deblock_en_sao,fast,27,PedestrianArea,83994631903.0,2244886757.0,1081674043.0,18905042279.0,341447065945.0,18662537.0,574578555.0,,,851446188817.0,5035327556.0,315816648711.0,,450665982.0,,,,,2.4936403728071577,0.057216166302973014,0.015943831892813756,
amd,A,dis_deblock_en_sao,fast,27,PierSeaSide,321980349537.0,7671869049.0,3971788677.0,68397788610.0,1271218402025.0,58563415.0,1766671962.0,,,3254865702789.0,19423135645.0,1198184270009.0,,1583194555.0,,,,,2.560429976158408,0.05806896330591762,0.01621047457487829,
amd,A,dis_deblock_en_sao,fast,27,RitualDance,73315582970.0,1687113201.0,975916343.0,16590826920.0,289504823746.0,15351237.0,509132012.0,,,741200263163.0,4716868606.0,273116077847.0,,387894160.0,,,,,2.5602345880540476,0.05882264625541642,0.01727056364891999,
amd,A,dis_deblock_en_sao,fast,27,Riverbed,98834847495.0,3066384136.0,1149089074.0,21086643290.0,419199178023.0,15464402.0,487554992.0,,,1007687175508.0,5468145629.0,371888846131.0,,916092542.0,,,,,2.4038386245421304,0.05449369338670119,0.014703709686075967,
amd,A,dis_deblock_en_sao,fast,27,RushFieldCuts,107080544544.0,3758389157.0,1163855567.0,21388933564.0,469134137312.0,19121429.0,694369081.0,,,1086295916869.0,5454112307.0,391938733131.0,,933330393.0,,,,,2.315533725797817,0.05441391285439779,0.013915726734711469,
amd,A,dis_deblock_en_sao,fast,27,Skater227,0.0,,27375.0,87650.0,5719395.0,,,,,719794.0,14729.0,1252862.0,,1529.0,,,,,0.125851423096324,0.3123217341699943,0.01175628281486708,
amd,A,dis_deblock_en_sao,fast,27,Tango,359374454173.0,9075137771.0,4262838181.0,76417804854.0,1412142274192.0,56107431.0,2221221274.0,,,3594907638124.0,20985459735.0,1338020246740.0,,3195856087.0,,,,,2.545712074359459,0.05578331109018852,0.015683962769718708,
amd,A,dis_deblock_en_sao,fast,27,TimeLapse,333431089915.0,8824113179.0,4137876626.0,73283656783.0,1358395949832.0,54065805.0,2341609397.0,,,3389613224861.0,20348380667.0,1247859192549.0,,3032316741.0,,,,,2.495305750344891,0.056463839383079,0.01630663202106513,
amd,A,dis_deblock_en_sao,fast,27,ToddlerFountain,112508909981.0,4126816045.0,1242150320.0,20710988881.0,494040354294.0,21623907.0,589003602.0,,,1132195554500.0,5379878227.0,402976593847.0,,625187484.0,,,,,2.2917066281315113,0.059975423053774755,0.013350349149664518,
amd,A,dis_deblock_en_sao,fast,27,TreesAndGrass_1920_1080,132419623561.0,5345242183.0,1113708635.0,21728402778.0,611733281504.0,21820363.0,621641686.0,,,1331244550071.0,5617569550.0,455922123902.0,,645277647.0,,,,,2.1761846058105885,0.05125589056769647,0.012321335718306776,
amd,A,dis_deblock_en_sao,fast,27,TunnelFlag,93640991087.0,2943182409.0,1038777391.0,19752996995.0,397457642966.0,18016326.0,694480344.0,,,950353343550.0,5089347091.0,346174017053.0,,595244489.0,,,,,2.391080811676068,0.052588343493543875,0.014701701572884975,
amd,A,dis_deblock_en_sao,fast,27,Vertical_Carnaby,70017401143.0,1397263029.0,238927373.0,12848725220.0,240848726561.0,9303852.0,334436839.0,,,726773823636.0,4551442388.0,267779129124.0,,326676801.0,,,,,3.017553109013135,0.018595414635227136,0.016997001980286416,
amd,A,dis_deblock_en_sao,fast,27,Vertical_bees,80701893895.0,2172134982.0,1028802035.0,18478330315.0,333967180055.0,13667822.0,451872176.0,,,823133308165.0,5073701483.0,304294146297.0,,544528943.0,,,,,2.464713173400574,0.05567613618016439,0.01667367428766743,
amd,A,dis_deblock_en_sao,fast,27,WalkingInStreet,127282945851.0,4768373439.0,274937886.0,14983958137.0,489958272790.0,19195604.0,497018731.0,,,1290372358969.0,4785334066.0,427500069042.0,,346614698.0,,,,,2.6336372516401285,0.01834881567915582,0.011193762089263808,
amd,A,dis_deblock_en_sao,fast,27,WorldCup_1920x1080_30p,71237445572.0,1681769773.0,1144876666.0,16794559785.0,286502663787.0,14172601.0,542193349.0,,,727620245515.0,4801831416.0,268357265587.0,,514871922.0,,,,,2.5396631078304677,0.06816949539948897,0.017893428022142638,
amd,A,dis_deblock_en_sao,fast,27,WorldCup_far_1920x1080_30p,94114913916.0,3117017684.0,1141035912.0,20443706230.0,410929363816.0,17242028.0,548188582.0,,,958247552647.0,5222458905.0,349383019419.0,,731675775.0,,,,,2.3319033318730424,0.055813554507332594,0.014947660918623323,
amd,A,dis_deblock_en_sao,fast,32,Aerial3200,99584552186.0,3183842680.0,1192428195.0,20186167066.0,431929734132.0,17363547.0,507870018.0,,,1020503414412.0,5277855363.0,362233141009.0,,618036936.0,,,,,2.3626607148562937,0.05907155088438918,0.014570327133233972,
amd,A,dis_deblock_en_sao,fast,32,Boat,101159723768.0,3417672524.0,1037983201.0,20010262612.0,436773709353.0,16726820.0,498191130.0,,,1024940066303.0,5325289996.0,370475289653.0,,665101647.0,,,,,2.3466157517155977,0.051872542661060804,0.014374211033043125,
amd,A,dis_deblock_en_sao,fast,32,BoxingPractice,285950642834.0,5572200845.0,3512004261.0,63455998195.0,1100636301287.0,87888856.0,6754242029.0,,,2886580526859.0,18657889329.0,1072100975599.0,,1657528302.0,,,,,2.6226470301621463,0.0553455049309543,0.017403108246007833,
amd,A,dis_deblock_en_sao,fast,32,Crosswalk,285751173400.0,4795687877.0,3949194427.0,61651725431.0,1036669387209.0,40580198.0,1682602680.0,,,2852643380062.0,18887185779.0,1056293946733.0,,1528081390.0,,,,,2.7517388043473563,0.06405651097988975,0.017880615369818192,
amd,A,dis_deblock_en_sao,fast,32,CrowdRun,110145673471.0,3893079135.0,1091897085.0,20596482620.0,476669003903.0,18677209.0,577051568.0,,,1107050231440.0,5401985603.0,397829472063.0,,674248363.0,,,,,2.322471615262149,0.05301376478427072,0.013578646084180876,
amd,A,dis_deblock_en_sao,fast,32,DinnerSceneCropped,78814891699.0,1571811427.0,1004512939.0,17063402404.0,295279851910.0,15608392.0,599734829.0,,,777588008142.0,4937207995.0,290335076912.0,,458369578.0,,,,,2.6333933829627,0.05886943970591248,0.017005206699486946,
amd,A,dis_deblock_en_sao,fast,32,FoodMarket,82553338393.0,2043092376.0,976305694.0,18252996105.0,328533178528.0,15345276.0,556411870.0,,,829106092785.0,5136332983.0,308665892749.0,,521020251.0,,,,,2.5236601566387535,0.053487421373664946,0.016640429356335616,
amd,A,dis_deblock_en_sao,fast,32,FoodMarket2,311483604668.0,7349098572.0,3916510241.0,72213095545.0,1238774786833.0,51958211.0,2215354311.0,,,3174289318941.0,20057823480.0,1183866835308.0,,2265065241.0,,,,,2.562442626925154,0.05423545703783609,0.01694263483171371,
amd,A,dis_deblock_en_sao,fast,32,MeridianTalk_sdr,70276886626.0,1244376282.0,1018042394.0,15767691103.0,261697384684.0,10171882.0,464399641.0,,,706510342110.0,4680053436.0,260452222733.0,,415078696.0,,,,,2.699722593571626,0.0645650899265971,0.017968951798110436,
amd,A,dis_deblock_en_sao,fast,32,Motorcycle,93610269149.0,3029318042.0,1139065872.0,19424128748.0,403779438583.0,17102968.0,610745872.0,,,949564322598.0,5261492683.0,341694781668.0,,552688758.0,,,,,2.3516906307323264,0.0586417999374764,0.015398223693425351,
amd,A,dis_deblock_en_sao,fast,32,MountainBike,96085985201.0,3124601758.0,1171098998.0,19945034962.0,415269615500.0,17130320.0,493675824.0,,,973448359261.0,5246188686.0,351805884273.0,,698139233.0,,,,,2.3441357684908684,0.05871631713011384,0.01491216867176951,
amd,A,dis_deblock_en_sao,fast,32,Neon1224,273557862735.0,5335569629.0,3436691169.0,62922099705.0,1047700745754.0,45168414.0,1790449778.0,,,2786891548545.0,18610339095.0,1026124338195.0,,1761078001.0,,,,,2.660007220419944,0.054618189556807,0.01813653414335386,
amd,A,dis_deblock_en_sao,fast,32,NocturneDance_3840x2160p_8bit,276268895001.0,5077639613.0,804352230.0,51223648390.0,939760342610.0,41374116.0,1602623349.0,,,2867634010552.0,18470912111.0,1053096102235.0,,1270798050.0,,,,,3.051452461366596,0.015702751664151818,0.017539626318812628,
amd,A,dis_deblock_en_sao,fast,32,OldTownCross,93341917828.0,2585255041.0,1142692266.0,18741919435.0,377250098105.0,16172942.0,510144883.0,,,930164892453.0,5179956762.0,341037326712.0,,637822299.0,,,,,2.4656451969804585,0.060969863303651534,0.015188826431232209,
amd,A,dis_deblock_en_sao,fast,32,PedestrianArea,72721853451.0,1552395137.0,1026603107.0,16847595526.0,282708372460.0,16978464.0,599042127.0,,,738339599643.0,4802173745.0,273595531781.0,,408854773.0,,,,,2.6116651347050808,0.06093469572056724,0.017552091270422895,
amd,A,dis_deblock_en_sao,fast,32,PierSeaSide,281426765406.0,5406845598.0,3671264681.0,62790956544.0,1069940868900.0,51860813.0,1840920036.0,,,2857208270833.0,18672720858.0,1048825880221.0,,1433818108.0,,,,,2.6704356790954993,0.05846804831564249,0.017803451659741117,
amd,A,dis_deblock_en_sao,fast,32,RitualDance,66758511912.0,1272474189.0,933693772.0,15592015143.0,255178118886.0,13440129.0,449888742.0,,,677233293250.0,4571779127.0,249317585946.0,,360902923.0,,,,,2.6539630286739113,0.05988281587958691,0.018337170679930324,
amd,A,dis_deblock_en_sao,fast,32,Riverbed,85062206450.0,2204458561.0,1121722528.0,19385511937.0,344882881844.0,15441253.0,678716781.0,,,863706204466.0,5206852256.0,321659513453.0,,850442144.0,,,,,2.504346402604807,0.05786396209939823,0.016187465435437247,
amd,A,dis_deblock_en_sao,fast,32,RushFieldCuts,91728587224.0,2822607297.0,1058524643.0,19640578103.0,387950245282.0,16502255.0,530349143.0,,,932821465443.0,5263983589.0,342207684482.0,,631996972.0,,,,,2.404487371221881,0.053894780359765256,0.015382423679258095,
amd,A,dis_deblock_en_sao,fast,32,Skater227,,,29260.0,91228.0,1936380.0,,,,,445366.0,15300.0,1236411.0,,821.0,,,,,0.229999277001415,0.3207348621037401,0.012374525946469256,
amd,A,dis_deblock_en_sao,fast,32,Tango,301366815005.0,5674800995.0,4091621242.0,64981471642.0,1114713660490.0,50302295.0,2329529781.0,,,2997320374230.0,19223254098.0,1113053889265.0,,2641959349.0,,,,,2.688870227814786,0.06296596766139456,0.01727073080953339,
amd,A,dis_deblock_en_sao,fast,32,TimeLapse,292362766394.0,6471814015.0,3530746778.0,66233246404.0,1167722601576.0,93386367.0,6605686240.0,,,2978550271256.0,18870493789.0,1103541325307.0,,1824274224.0,,,,,2.5507344528880767,0.05330777169616087,0.017099943025468772,
amd,A,dis_deblock_en_sao,fast,32,ToddlerFountain,94858808570.0,2942359129.0,1171078173.0,19347404026.0,397254140906.0,17468348.0,483801473.0,,,957934336916.0,5282861651.0,348570909086.0,,608425014.0,,,,,2.411389179559668,0.060528956309913576,0.015155773225173542,
amd,A,dis_deblock_en_sao,fast,32,TreesAndGrass_1920_1080,117165676943.0,4428726940.0,1045216785.0,20610642157.0,524205069439.0,18741686.0,457684774.0,,,1178647242429.0,5336127702.0,413136482724.0,,599591886.0,,,,,2.2484468601007213,0.050712480331187186,0.01291613770542955,
amd,A,dis_deblock_en_sao,fast,32,TunnelFlag,80311548980.0,2110424806.0,996648732.0,18214872395.0,326785020449.0,13763627.0,517260134.0,,,815534217068.0,5077746532.0,300391634968.0,,536916887.0,,,,,2.495629132410851,0.05471620719525771,0.016903754768473896,
amd,A,dis_deblock_en_sao,fast,32,Vertical_Carnaby,64149778714.0,1035299747.0,218268071.0,11985212556.0,213159393494.0,9317570.0,308387354.0,,,666954272683.0,4483130847.0,244294595672.0,,298277819.0,,,,,3.128899279316881,0.018211447646853063,0.018351330428198406,
amd,A,dis_deblock_en_sao,fast,32,Vertical_bees,73118537299.0,1710686972.0,980781658.0,17503052654.0,293435459991.0,11264767.0,405936902.0,,,748055849455.0,5053855172.0,276743114927.0,,502228648.0,,,,,2.5493028329907492,0.056034891592230934,0.01826190029454976,
amd,A,dis_deblock_en_sao,fast,32,WalkingInStreet,109939550802.0,3733055749.0,264689789.0,14932689567.0,415371181107.0,16868385.0,428647460.0,,,1123253568370.0,4880960570.0,385313393742.0,,344756680.0,,,,,2.704216420061768,0.0177255267922359,0.012667508187551397,
amd,A,dis_deblock_en_sao,fast,32,WorldCup_1920x1080_30p,65255080806.0,1298875250.0,1205103752.0,15705311196.0,254215077552.0,12817708.0,535716402.0,,,667121170171.0,4702903190.0,245198599156.0,,475301635.0,,,,,2.624239193816266,0.07673224280375475,0.019179975767348995,
amd,A,dis_deblock_en_sao,fast,32,WorldCup_far_1920x1080_30p,83202978883.0,2392701286.0,1129924365.0,18864353439.0,350357921534.0,14861100.0,583850228.0,,,849358132346.0,5015747667.0,313345667910.0,,651411742.0,,,,,2.424258394464688,0.05989732797647886,0.01600707519096973,
amd,A,dis_deblock_en_sao,fast,37,Aerial3200,88372588167.0,2463186877.0,1152214891.0,20005551903.0,371284122800.0,15834238.0,436524357.0,,,907711063868.0,5404436216.0,327284409298.0,,590740921.0,,,,,2.4447882581743405,0.05759475652492325,0.016512965672859585,
amd,A,dis_deblock_en_sao,fast,37,Boat,88639319769.0,2575614200.0,1007051778.0,19016504651.0,367372265348.0,15165818.0,447885199.0,,,898777525432.0,5259088346.0,330404449118.0,,609724592.0,,,,,2.4465034794627645,0.052956723461114255,0.01591712327130855,
amd,A,dis_deblock_en_sao,fast,37,BoxingPractice,261153952407.0,4236063598.0,3247350621.0,58759786465.0,963181749416.0,41044347.0,1663830427.0,,,2650927109127.0,18250279684.0,974168180317.0,,1721020037.0,,,,,2.752260526878048,0.05526484720863085,0.018734218641858383,
amd,A,dis_deblock_en_sao,fast,37,Crosswalk,262462363801.0,3656465799.0,3737885619.0,57141994632.0,937901663302.0,37976541.0,2025819015.0,,,2642449638936.0,18233276453.0,969774315887.0,,1387107684.0,,,,,2.8174058564230773,0.06541398568727512,0.018801566667934498,
amd,A,dis_deblock_en_sao,fast,37,CrowdRun,93381746241.0,2822094156.0,1033966279.0,19187262014.0,387782798156.0,14355983.0,422082865.0,,,942369627409.0,5185863301.0,345339966620.0,,604098601.0,,,,,2.4301480929277757,0.05388816175260262,0.015016690224871489,
amd,A,dis_deblock_en_sao,fast,37,DinnerSceneCropped,66712901122.0,862911430.0,867042061.0,13938918712.0,236234172656.0,11756609.0,460687650.0,,,663724700176.0,4479955780.0,243732252936.0,,331814269.0,,,,,2.8096049471322853,0.06220296415485689,0.018380644030629632,
amd,A,dis_deblock_en_sao,fast,37,FoodMarket,73258217320.0,1471324548.0,949927124.0,16459999016.0,280752947776.0,12625348.0,518800681.0,,,738243486039.0,4798576454.0,273926760454.0,,454176666.0,,,,,2.6295128577884457,0.057711250351632465,0.017517735200631542,
amd,A,dis_deblock_en_sao,fast,37,FoodMarket2,284094194585.0,5738431895.0,3645881816.0,66878872463.0,1094797785734.0,46278325.0,2053731589.0,,,2898682180277.0,19268055344.0,1076204542926.0,,2053024958.0,,,,,2.6476872880534716,0.05451470220310673,0.017903711214239757,
amd,A,dis_deblock_en_sao,fast,37,MeridianTalk_sdr,64278855762.0,925788576.0,981521017.0,14425770277.0,233856942761.0,9354599.0,550102695.0,,,651196449086.0,4462690362.0,238188523690.0,,359947263.0,,,,,2.7845931850375627,0.06803941821844388,0.018735958781154995,
amd,A,dis_deblock_en_sao,fast,37,Motorcycle,83151223884.0,2347485684.0,1088840172.0,18366201599.0,344650413529.0,12791785.0,469829022.0,,,844573016035.0,5202739863.0,307408527164.0,,519626667.0,,,,,2.450520825978742,0.05928499511076286,0.01692451380902775,
amd,A,dis_deblock_en_sao,fast,37,MountainBike,85009850693.0,2422429860.0,1133380691.0,19004021233.0,354327977498.0,15132590.0,522629060.0,,,863606874546.0,5066668767.0,316163113176.0,,665265096.0,,,,,2.43730929926603,0.05963899309015258,0.016025489868514528,
amd,A,dis_deblock_en_sao,fast,37,Neon1224,250316358375.0,3994366199.0,3289248455.0,58761797042.0,934910317539.0,39350401.0,1631438127.0,,,2556877838110.0,18174286294.0,934865176414.0,,1606563682.0,,,,,2.7348910265966118,0.05597596773034374,0.019440542607131635,
amd,A,dis_deblock_en_sao,fast,37,NocturneDance_3840x2160p_8bit,251175394945.0,3539265773.0,740575420.0,46829602458.0,818064022929.0,39648349.0,1762228254.0,,,2610475745534.0,17731086830.0,948507400413.0,,1161801522.0,,,,,3.1910408872247444,0.01581425810018778,0.01869367262952246,
amd,A,dis_deblock_en_sao,fast,37,OldTownCross,77831043773.0,1680231262.0,1055140232.0,16867379967.0,300147314837.0,12389246.0,502132027.0,,,781433916778.0,4878137776.0,287146231821.0,,533811671.0,,,,,2.6035012747069577,0.06255507577728832,0.01698833986106742,
amd,A,dis_deblock_en_sao,fast,37,PedestrianArea,66832633137.0,1168731808.0,993464371.0,15564205701.0,250867183938.0,15012913.0,629838150.0,,,678603563629.0,4651528314.0,250007267954.0,,360161826.0,,,,,2.705031216026692,0.0638300720309916,0.018605572358223826,
amd,A,dis_deblock_en_sao,fast,37,PierSeaSide,254965946061.0,3994886123.0,3526059168.0,57894669469.0,941721554164.0,46480629.0,2088012254.0,,,2599034974957.0,18098553596.0,948131916153.0,,1285363942.0,,,,,2.759876274961399,0.06090472923224904,0.019088645037321408,
amd,A,dis_deblock_en_sao,fast,37,RitualDance,61947599545.0,982594769.0,874322368.0,14402548519.0,229284323865.0,12614503.0,479389291.0,,,629363137508.0,4390720016.0,230510173756.0,,329404131.0,,,,,2.744902603453003,0.06070608731826762,0.019047836129990826,
amd,A,dis_deblock_en_sao,fast,37,Riverbed,76584280680.0,1732572634.0,973572471.0,17831455787.0,300265625085.0,12982066.0,486476604.0,,,777148547737.0,5039763543.0,289692232709.0,,565782671.0,,,,,2.5882035198568025,0.05459859714369377,0.017396957784720845,
amd,A,dis_deblock_en_sao,fast,37,RushFieldCuts,80291527340.0,2096375292.0,1067675001.0,18407610506.0,327101965084.0,14955036.0,662273051.0,,,817100784358.0,5108640118.0,302170588158.0,,785258048.0,,,,,2.4980002310538487,0.05800182487846475,0.016906477063640544,
amd,A,dis_deblock_en_sao,fast,37,Skater227,,,28581.0,90459.0,2563110.0,,,,,918715.0,14826.0,1238394.0,,998.0,,,,,0.35843760119542273,0.3159552946638809,0.011971957228474944,
amd,A,dis_deblock_en_sao,fast,37,Tango,271990440580.0,4163559803.0,3926091535.0,59210639004.0,979915430503.0,45046763.0,2203619243.0,,,2731176575652.0,18489115355.0,1003709237401.0,,2197476658.0,,,,,2.787155391817905,0.06630719750777848,0.018420788278162736,
amd,A,dis_deblock_en_sao,fast,37,TimeLapse,266037669904.0,4879118290.0,3492480248.0,61630883305.0,1007619688250.0,41187446.0,1727989681.0,,,2713393174065.0,18736671072.0,998831346287.0,,1810151792.0,,,,,2.692874311316336,0.05666769743857722,0.018758593371794606,
amd,A,dis_deblock_en_sao,fast,37,ToddlerFountain,80654994839.0,2047369588.0,1174832017.0,17836189990.0,322847223852.0,14874934.0,503982668.0,,,818850514713.0,5016062916.0,301047553749.0,,555514532.0,,,,,2.5363405791228932,0.06586787972423924,0.016662028485314215,
amd,A,dis_deblock_en_sao,fast,37,TreesAndGrass_1920_1080,102891003432.0,3456224289.0,1022256923.0,19850890853.0,442256771772.0,15999376.0,456304394.0,,,1035075844022.0,5166071507.0,371576213650.0,,584991750.0,,,,,2.3404409159745336,0.051496778183408816,0.013903127587887245,
amd,A,dis_deblock_en_sao,fast,37,TunnelFlag,71679065246.0,1552540668.0,940563491.0,16544319905.0,279846298531.0,12539601.0,607926235.0,,,727713684193.0,4790154127.0,268570522261.0,,481208957.0,,,,,2.6004048937327195,0.05685114265203155,0.017835740447884565,
amd,A,dis_deblock_en_sao,fast,37,Vertical_Carnaby,60354948527.0,803142938.0,212963428.0,11221181930.0,193759328250.0,8679632.0,314641079.0,,,625847521586.0,4318215387.0,227508442980.0,,281787981.0,,,,,3.2300252444026523,0.01897869844090479,0.018980462133353044,
amd,A,dis_deblock_en_sao,fast,37,Vertical_bees,67612494827.0,1366072838.0,948262607.0,16456391649.0,264149922161.0,10982418.0,501451091.0,,,691768928087.0,4862696451.0,255315582674.0,,471599458.0,,,,,2.618849638219334,0.05762275395637067,0.0190458271292001,
amd,A,dis_deblock_en_sao,fast,37,WalkingInStreet,94912157176.0,2804950645.0,227449382.0,14368120459.0,348210408019.0,12754956.0,397120199.0,,,974939797116.0,4742696784.0,343359608730.0,,336976896.0,,,,,2.799858288735593,0.015830141642327943,0.013812622869480866,
amd,A,dis_deblock_en_sao,fast,37,WorldCup_1920x1080_30p,61312903590.0,1040346918.0,1087999146.0,14495056755.0,230026393059.0,11274868.0,517853885.0,,,625270628848.0,4553216809.0,228860513526.0,,437987663.0,,,,,2.7182560250276278,0.07506001282987043,0.01989516120037337,
amd,A,dis_deblock_en_sao,fast,37,WorldCup_far_1920x1080_30p,75077537366.0,1857614955.0,1081686465.0,17851060418.0,304679235247.0,11786450.0,459231462.0,,,766370874359.0,4924108810.0,284115049905.0,,612016863.0,,,,,2.5153367400890048,0.06059508173023091,0.017331390264776477,
amd,A,dis_deblock_en_sao,faster,22,Aerial3200,130509940277.0,5120831042.0,1243919760.0,20867638392.0,605394059543.0,20767815.0,455587987.0,,,1321944926047.0,5355456001.0,442679958664.0,,654517928.0,,,,,2.18361066681908,0.059609992114722475,0.012097805414915706,
amd,A,dis_deblock_en_sao,faster,22,Boat,133607896255.0,5574796632.0,1283302599.0,21582896681.0,618144854345.0,30740650.0,1009654495.0,,,1347702331309.0,5551537129.0,460516335416.0,,648261667.0,,,,,2.18023707847096,0.05945923839452586,0.012055027589814178,
amd,A,dis_deblock_en_sao,faster,22,BoxingPractice,410374451501.0,13424131600.0,4768321230.0,81454820912.0,1745692181826.0,76573313.0,1871091770.0,,,4175703017390.0,21396693178.0,1517561522138.0,,2459514096.0,,,,,2.3920041922982094,0.058539459992815804,0.01409939094123545,
amd,A,dis_deblock_en_sao,faster,22,Crosswalk,409213454156.0,12426108882.0,4651880832.0,83436651125.0,1708483899355.0,65327352.0,1878052841.0,,,4156167295003.0,22259029313.0,1522942384745.0,,3007101305.0,,,,,2.432664010806346,0.05575344610884273,0.01461580525695792,
amd,A,dis_deblock_en_sao,faster,22,CrowdRun,158466159002.0,6937988163.0,1219754959.0,23713474624.0,736093974928.0,24258919.0,445625824.0,,,1585795836144.0,5753284684.0,530680264578.0,,802960016.0,,,,,2.1543388346564205,0.05143720936473422,0.010841339066141917,
amd,A,dis_deblock_en_sao,faster,22,DinnerSceneCropped,138672981450.0,5550356746.0,1161227952.0,22865811839.0,607793621252.0,23068331.0,509033133.0,,,1386348710096.0,5657514527.0,485097111081.0,,704245886.0,,,,,2.2809530433048093,0.05078446198089525,0.011662643206414244,
amd,A,dis_deblock_en_sao,faster,22,FoodMarket,129923242149.0,5048702946.0,1139666141.0,22292715568.0,576708466316.0,22985594.0,628988111.0,,,1310562867879.0,5666598800.0,460865535203.0,,669619834.0,,,,,2.2724876509111174,0.051122804555759446,0.012295557743331798,
amd,A,dis_deblock_en_sao,faster,22,FoodMarket2,421332037040.0,14229394370.0,4678944061.0,86576647262.0,1828874716218.0,82928767.0,1938062522.0,,,4305052952926.0,22002729847.0,1571810982410.0,,2482496179.0,,,,,2.35393540888825,0.05404395075314576,0.013998330647406486,
amd,A,dis_deblock_en_sao,faster,22,MeridianTalk_sdr,104624040884.0,3323542587.0,1160502123.0,20346388727.0,434692667615.0,16945614.0,670496140.0,,,1052405527329.0,5369230872.0,381234946520.0,,572112907.0,,,,,2.4210335387140645,0.05703725307577527,0.014083784608445712,
amd,A,dis_deblock_en_sao,faster,22,Motorcycle,119141154553.0,4524321302.0,1197601270.0,21405647157.0,542407751037.0,24085913.0,677973721.0,,,1206079050450.0,5495414696.0,420218828840.0,,621323702.0,,,,,2.223565294087636,0.055947912306326356,0.013077507048339333,
amd,A,dis_deblock_en_sao,faster,22,MountainBike,122741760447.0,4779012158.0,1257565600.0,22370582238.0,565069111161.0,21382169.0,406500183.0,,,1242767486474.0,5566754848.0,432718472860.0,,836121848.0,,,,,2.1993194494751096,0.05621514838642976,0.012864611051169626,
amd,A,dis_deblock_en_sao,faster,22,Neon1224,343891903182.0,9548147710.0,3835570465.0,75236346813.0,1415762170756.0,57027320.0,2076840879.0,,,3487091472579.0,20539891973.0,1284503084562.0,,2195447796.0,,,,,2.463048910762275,0.05098028582559057,0.015990535343871015,
amd,A,dis_deblock_en_sao,faster,22,NocturneDance_3840x2160p_8bit,360875241818.0,10709026612.0,935913681.0,60135062489.0,1340967075092.0,55825388.0,1824730499.0,,,3718751195168.0,20223703340.0,1368151158203.0,,1347565257.0,,,,,2.7731860567216886,0.015563527204635379,0.014781775550709506,
amd,A,dis_deblock_en_sao,faster,22,OldTownCross,160988147879.0,7004803713.0,1315753852.0,23685144685.0,727542886114.0,26815377.0,625971563.0,,,1600285666592.0,5689901936.0,538468886451.0,,910237381.0,,,,,2.1995757186762575,0.0555518604382129,0.010566816540694917,
amd,A,dis_deblock_en_sao,faster,22,PedestrianArea,106358419610.0,3609673407.0,1190143351.0,21080619861.0,460283105204.0,20554438.0,571813564.0,,,1080797278526.0,5383245206.0,390354514636.0,,771101976.0,,,,,2.348114163449438,0.05645675311482721,0.013790656964784433,
amd,A,dis_deblock_en_sao,faster,22,PierSeaSide,388450072384.0,11846894630.0,4343891621.0,77634869414.0,1613897081621.0,77759185.0,2341071088.0,,,3913200635049.0,20580909835.0,1424863516291.0,,1833537993.0,,,,,2.424690322333675,0.05595284250219477,0.014444127174070166,
amd,A,dis_deblock_en_sao,faster,22,RitualDance,82481051857.0,2266017014.0,1055314103.0,18165837784.0,337772593361.0,18025277.0,607790485.0,,,832512279232.0,4979753948.0,305673074942.0,,433654053.0,,,,,2.4647123407737195,0.05809333516836165,0.016291110850849014,
amd,A,dis_deblock_en_sao,faster,22,Riverbed,121094530767.0,4491319949.0,1213953269.0,22595929065.0,538958322292.0,25305019.0,606569945.0,,,1234159604186.0,5595205646.0,438669557538.0,,564133439.0,,,,,2.289898036897461,0.0537244237892548,0.012754944011621578,
amd,A,dis_deblock_en_sao,faster,22,RushFieldCuts,122074264861.0,4720762677.0,1219333237.0,22045739974.0,552680845955.0,22010844.0,650263617.0,,,1236062941679.0,5536910653.0,436199605986.0,,962088637.0,,,,,2.2364859407116886,0.05530924516201499,0.012693525113311793,
amd,A,dis_deblock_en_sao,faster,22,Skater227,,,28634.0,90447.0,2293040.0,,,,,1932298.0,14494.0,1241568.0,,,,,,,0.8426795869239089,0.31658319236680044,0.011673947782159334,
amd,A,dis_deblock_en_sao,faster,22,Tango,471086186300.0,16259813497.0,4729286664.0,86943852426.0,2010696235489.0,85951620.0,2607527550.0,,,4765511927552.0,21975069390.0,1699855120629.0,,2138223567.0,,,,,2.370080494228921,0.054394721789274396,0.01292761313791762,
amd,A,dis_deblock_en_sao,faster,22,TimeLapse,393553049008.0,12687865839.0,4502479282.0,80025170787.0,1674731318331.0,65431169.0,2521025570.0,,,3995799025269.0,21659176038.0,1446304828464.0,,3359004233.0,,,,,2.3859343773729176,0.056263288634323325,0.014975526328707904,
amd,A,dis_deblock_en_sao,faster,22,ToddlerFountain,133689611204.0,5548084700.0,1255798933.0,22917686586.0,615559768078.0,22208202.0,502467839.0,,,1342625071331.0,5675211998.0,465810281142.0,,844554894.0,,,,,2.181144936621119,0.05479606016460426,0.012183526701227831,
amd,A,dis_deblock_en_sao,faster,22,TreesAndGrass_1920_1080,147677090700.0,6147027231.0,1169393406.0,22426718974.0,690565244940.0,20989110.0,493384739.0,,,1486785692298.0,5681176603.0,495409064011.0,,756486926.0,,,,,2.152998146362231,0.052142866165831685,0.011467647678876251,
amd,A,dis_deblock_en_sao,faster,22,TunnelFlag,111226406128.0,4059065640.0,1097721756.0,21225072880.0,491996408633.0,24839129.0,846878540.0,,,1125356228714.0,5422810144.0,400731138047.0,,620905058.0,,,,,2.287326104352621,0.051718161921336124,0.01353229042901074,
amd,A,dis_deblock_en_sao,faster,22,Vertical_Carnaby,78404274883.0,2061613622.0,990859642.0,18804715158.0,323816882190.0,12640750.0,443263707.0,,,805182083025.0,5075444676.0,298526526227.0,,557944409.0,,,,,2.4865352219423764,0.05269208460083818,0.01700165389035018,
amd,A,dis_deblock_en_sao,faster,22,Vertical_bees,89891437744.0,2744089698.0,1046142913.0,19692184399.0,382838603708.0,14860579.0,440503929.0,,,917958337931.0,5246501082.0,335831081038.0,,582261509.0,,,,,2.397768482697603,0.05312477741439008,0.015622440501289836,
amd,A,dis_deblock_en_sao,faster,22,WalkingInStreet,140600371908.0,5541902655.0,287622122.0,15274251514.0,549250238216.0,21148955.0,490715473.0,,,1420729897454.0,4933816745.0,455616106884.0,,346298971.0,,,,,2.5866714269776594,0.018830521530719374,0.010828890090701185,
amd,A,dis_deblock_en_sao,faster,22,WorldCup_1920x1080_30p,78230852219.0,2023430512.0,234897170.0,13828264916.0,281028937961.0,13073856.0,533824044.0,,,807453625054.0,4809033103.0,296468276886.0,,333485407.0,,,,,2.873204556486119,0.016986742113120217,0.016221071453284705,
amd,A,dis_deblock_en_sao,faster,22,WorldCup_far_1920x1080_30p,106769152610.0,3981504954.0,1245794089.0,20905660175.0,482967203784.0,27940818.0,917071047.0,,,1085798074234.0,5302597088.0,387618751352.0,,637161948.0,,,,,2.248181793146367,0.05959123407591695,0.01367992923331169,
amd,A,dis_deblock_en_sao,faster,27,Aerial3200,113944802928.0,4097802229.0,1223539998.0,20356340345.0,512738039961.0,28749698.0,1090974441.0,,,1160513520816.0,5234532178.0,401447683480.0,,642935052.0,,,,,2.263365364708012,0.060106088681138134,0.013039139079403314,
amd,A,dis_deblock_en_sao,faster,27,Boat,116730464474.0,4469779739.0,1070725452.0,21027920065.0,522789745450.0,18143042.0,495459023.0,,,1180906619687.0,5359103525.0,416378708180.0,,712487272.0,,,,,2.2588557445221404,0.05091922780238132,0.012870743435524724,
amd,A,dis_deblock_en_sao,faster,27,BoxingPractice,333800848315.0,8473873914.0,3686402859.0,73246157129.0,1340730785401.0,56684148.0,2294522138.0,,,3369429969158.0,20145287034.0,1255010847195.0,,1999744373.0,,,,,2.5131294110996603,0.0503289592723283,0.01605188280167102,
amd,A,dis_deblock_en_sao,faster,27,Crosswalk,328459378526.0,7035850287.0,4352713861.0,71413383521.0,1245525228665.0,49301778.0,2037841513.0,,,3261840880850.0,20271785866.0,1217640788246.0,,2320739086.0,,,,,2.6188477003762998,0.060950954098401317,0.016648412291773926,
amd,A,dis_deblock_en_sao,faster,27,CrowdRun,132647187253.0,5326609691.0,1155738373.0,21962698026.0,596548419646.0,22762358.0,650581989.0,,,1329977489045.0,5505286594.0,463883290663.0,,736690678.0,,,,,2.229454383324369,0.05262278667365037,0.011867826897001681,
amd,A,dis_deblock_en_sao,faster,27,DinnerSceneCropped,102971317229.0,3084640143.0,1042832020.0,20470530816.0,428366716529.0,19372228.0,619267964.0,,,1040780367918.0,5359930174.0,382330582521.0,,591178294.0,,,,,2.4296480743212463,0.05094308639934782,0.014019098704209986,
amd,A,dis_deblock_en_sao,faster,27,FoodMarket,99902449352.0,3103801285.0,1075571970.0,20156324729.0,421179400189.0,17795392.0,518141062.0,,,1008143138364.0,5342597246.0,370847425098.0,,585518606.0,,,,,2.39361929361124,0.053361512302513965,0.014406456360289322,
amd,A,dis_deblock_en_sao,faster,27,FoodMarket2,354016789916.0,9880332363.0,4364591653.0,80030026516.0,1468946536502.0,58038081.0,1396656794.0,,,3606135648869.0,21184929455.0,1343615541672.0,,2271716045.0,,,,,2.45491279584367,0.054536926238896215,0.015767106585145182,
amd,A,dis_deblock_en_sao,faster,27,MeridianTalk_sdr,81295019201.0,1884977266.0,1065160880.0,17460749863.0,313482552301.0,12283616.0,545589834.0,,,813338990393.0,4905187476.0,301632933884.0,,488588602.0,,,,,2.594527141695744,0.06100315784587905,0.016262108427080462,
amd,A,dis_deblock_en_sao,faster,27,Motorcycle,106016619697.0,3775512560.0,1184834476.0,20452795669.0,471685264566.0,18221485.0,617367095.0,,,1074249132977.0,5213268600.0,380886901071.0,,583621566.0,,,,,2.2774701981954473,0.05793019669168436,0.01368718269213519,
amd,A,dis_deblock_en_sao,faster,27,MountainBike,109181630888.0,3956484677.0,1206058002.0,21072790181.0,488450298229.0,18884596.0,470063961.0,,,1105530799766.0,5323811701.0,392837800552.0,,773012355.0,,,,,2.263343484023618,0.05723295261998224,0.013552187934865718,
amd,A,dis_deblock_en_sao,faster,27,Neon1224,305149908251.0,7205683258.0,3676704680.0,69063013096.0,1214187931554.0,49907292.0,1785266624.0,,,3102571494305.0,19336597883.0,1145363588505.0,,1981073113.0,,,,,2.5552646453454027,0.0532369573115678,0.016882497468109086,
amd,A,dis_deblock_en_sao,faster,27,NocturneDance_3840x2160p_8bit,314739840393.0,7524652233.0,850148635.0,55451632264.0,1120420459913.0,43002732.0,1422697788.0,,,3253055328360.0,19146379878.0,1202248684715.0,,1335922795.0,,,,,2.903423709892443,0.01533135455693211,0.01592547375715263,
amd,A,dis_deblock_en_sao,faster,27,OldTownCross,123962459487.0,4490662558.0,1146685888.0,21737113427.0,536926706845.0,21277918.0,578528692.0,,,1250587878679.0,5464999260.0,443924210675.0,,734845001.0,,,,,2.3291593856962303,0.05275244534426931,0.012310658280363455,
amd,A,dis_deblock_en_sao,faster,27,PedestrianArea,84029006149.0,2245260426.0,1060754209.0,18781663864.0,341765315280.0,18535747.0,583115767.0,,,851336190232.0,4992210808.0,315785326227.0,,456172363.0,,,,,2.490996459177026,0.05647818088328237,0.01580887518633904,
amd,A,dis_deblock_en_sao,faster,27,PierSeaSide,322045570328.0,7680000459.0,3966796785.0,68408535430.0,1273502033245.0,66061928.0,2218706458.0,,,3254621434207.0,19496908509.0,1198098007050.0,,1581496203.0,,,,,2.5556468299574884,0.057986869037111324,0.016273216710380806,
amd,A,dis_deblock_en_sao,faster,27,RitualDance,73319731438.0,1692866789.0,993346066.0,16377141158.0,288895414482.0,15593390.0,649325669.0,,,740865991762.0,4681538211.0,273115919068.0,,391004888.0,,,,,2.56447819737949,0.060654424140123175,0.017141213251045968,
amd,A,dis_deblock_en_sao,faster,27,Riverbed,98828712227.0,3064675086.0,1174817132.0,21056505013.0,422147646452.0,20888097.0,663702815.0,,,1007297047378.0,5361046758.0,372071129891.0,,524033011.0,,,,,2.3861249869422974,0.05579354842005755,0.014408660944939597,
amd,A,dis_deblock_en_sao,faster,27,RushFieldCuts,107099859003.0,3751419641.0,1154620907.0,21023790626.0,468161718716.0,18443104.0,574705464.0,,,1086314399182.0,5435618731.0,391707161583.0,,916089798.0,,,,,2.3203827988357775,0.05491973010671477,0.01387674074947499,
amd,A,dis_deblock_en_sao,faster,27,Skater227,,,27289.0,88532.0,2780630.0,,,,,3705927.0,15221.0,1250179.0,,812.0,,,,,1.3327652366550027,0.30823882889802556,0.012175056531904632,
amd,A,dis_deblock_en_sao,faster,27,Tango,359489273842.0,9075401235.0,4259407169.0,76688384885.0,1411112608685.0,58476077.0,2408748984.0,,,3595027759693.0,20908932440.0,1337576249353.0,,3207327598.0,,,,,2.5476547637421834,0.055541750884274085,0.015631955524116007,
amd,A,dis_deblock_en_sao,faster,27,TimeLapse,333288204667.0,8826675568.0,4108225672.0,72415565454.0,1358991725269.0,54703815.0,2520451064.0,,,3389347346757.0,20176266468.0,1249180062992.0,,3000247845.0,,,,,2.494016176651929,0.056731251717003266,0.016151607815189102,
amd,A,dis_deblock_en_sao,faster,27,ToddlerFountain,112496572121.0,4134098419.0,1269525606.0,20365816096.0,496395482741.0,24380227.0,829950377.0,,,1132525754477.0,5338483027.0,402987197737.0,,646035791.0,,,,,2.2814989133732877,0.06233610281148244,0.013247276977974953,
amd,A,dis_deblock_en_sao,faster,27,TreesAndGrass_1920_1080,132422602520.0,5346040360.0,1131382215.0,21709456479.0,610597418100.0,21159223.0,570655884.0,,,1331685046063.0,5545091656.0,455396186639.0,,705817148.0,,,,,2.180954269683637,0.052114718583323776,0.012176412141096132,
amd,A,dis_deblock_en_sao,faster,27,TunnelFlag,93611052463.0,2942667171.0,1002967411.0,19538474810.0,400419303138.0,21548238.0,950201774.0,,,950283329841.0,5111110819.0,346632107804.0,,576405683.0,,,,,2.3732205775142052,0.05133294286034397,0.01474505882152738,
amd,A,dis_deblock_en_sao,faster,27,Vertical_Carnaby,70901797700.0,1577764314.0,950921204.0,17666932329.0,283332977849.0,11806345.0,425154724.0,,,728515245292.0,5107320954.0,270105869811.0,,509053708.0,,,,,2.571233503500804,0.05382491913658815,0.018908589278617764,
amd,A,dis_deblock_en_sao,faster,27,Vertical_bees,80699335316.0,2165616577.0,1004803877.0,18297895969.0,332740781459.0,13307644.0,422633166.0,,,823262623631.0,4973762244.0,303987206647.0,,543625930.0,,,,,2.4741861217647036,0.05491362934308527,0.01636174857113542,
amd,A,dis_deblock_en_sao,faster,27,WalkingInStreet,127223825293.0,4761904517.0,280125484.0,14950676219.0,489944046724.0,18176528.0,398707440.0,,,1290978635637.0,4772688803.0,427291241467.0,,343885133.0,,,,,2.634951162829919,0.01873664307197047,0.011169638737770847,
amd,A,dis_deblock_en_sao,faster,27,WorldCup_1920x1080_30p,70369980645.0,1485907188.0,233423379.0,12644923448.0,241931002296.0,11349076.0,507154559.0,,,725636479909.0,4468923701.0,266412683563.0,,315226117.0,,,,,2.999353009835389,0.018459849121262945,0.016774440470448584,
amd,A,dis_deblock_en_sao,faster,27,WorldCup_far_1920x1080_30p,94142923617.0,3153390254.0,1243576799.0,19603621916.0,412643006675.0,25342032.0,923972598.0,,,958124297643.0,5040700824.0,349453316322.0,,604080810.0,,,,,2.321920599996074,0.06343607341177208,0.01442453280184441,
amd,A,dis_deblock_en_sao,faster,32,Aerial3200,99560113729.0,3182504329.0,1157509774.0,20437351467.0,432773546342.0,17760038.0,518702925.0,,,1020591177549.0,5236936584.0,361988516546.0,,634083599.0,,,,,2.3582568439672515,0.05663697548427545,0.014467134576448675,
amd,A,dis_deblock_en_sao,faster,32,Boat,101179248962.0,3407182559.0,1053775125.0,20026954250.0,436780017300.0,17397705.0,550060369.0,,,1024780406174.0,5334584692.0,370237311534.0,,653065638.0,,,,,2.3462163230561326,0.052617842525904804,0.01440855506944256,
amd,A,dis_deblock_en_sao,faster,32,BoxingPractice,286090683392.0,5543491190.0,3612431213.0,63312804723.0,1102552563220.0,89256811.0,6381964338.0,,,2886358126848.0,18794580952.0,1071535698974.0,,1672713968.0,,,,,2.617887095031917,0.05705688176040781,0.017539855153678865,
amd,A,dis_deblock_en_sao,faster,32,Crosswalk,285883650940.0,4825770111.0,3982208796.0,62679569328.0,1049906212447.0,39503043.0,1936853429.0,,,2851959141664.0,18983593704.0,1055002756931.0,,1812716984.0,,,,,2.7163941958367723,0.06353280404913506,0.017993880659822367,
amd,A,dis_deblock_en_sao,faster,32,CrowdRun,110212714028.0,3895249267.0,1085580194.0,20613508489.0,477263300081.0,18618779.0,589002347.0,,,1106596807894.0,5403805416.0,398048969107.0,,662222600.0,,,,,2.318629586029747,0.05266353345813493,0.013575730212599538,
amd,A,dis_deblock_en_sao,faster,32,DinnerSceneCropped,78890919946.0,1571344240.0,967198495.0,16870324731.0,296059947346.0,13793744.0,420507400.0,,,776763200509.0,4976060071.0,290561026987.0,,452853974.0,,,,,2.62366864370617,0.05733135019166099,0.017125696872012482,
amd,A,dis_deblock_en_sao,faster,32,FoodMarket,82553298789.0,2038998138.0,995020151.0,18695130205.0,329006467217.0,15199654.0,552398975.0,,,828953177364.0,5285247765.0,308889154529.0,,520753469.0,,,,,2.5195649932840207,0.053223494037708416,0.017110499632332656,
amd,A,dis_deblock_en_sao,faster,32,FoodMarket2,311481952468.0,7372063860.0,4337599801.0,72886703357.0,1246901463639.0,56164751.0,1997646378.0,,,3174137931908.0,20257912373.0,1184578698920.0,,2001112506.0,,,,,2.5456205036799675,0.059511537787000475,0.01710136472272334,
amd,A,dis_deblock_en_sao,faster,32,MeridianTalk_sdr,70260173802.0,1246621325.0,1028368341.0,15930160746.0,261684446439.0,10347437.0,568511399.0,,,706821270416.0,4867946399.0,260829542791.0,,413035370.0,,,,,2.701044254002936,0.06455480000465276,0.018663324510370494,
amd,A,dis_deblock_en_sao,faster,32,Motorcycle,93598486457.0,3026172809.0,1160482551.0,19434895858.0,403630140371.0,16752077.0,595067153.0,,,949431143656.0,5214445024.0,341669149289.0,,552677474.0,,,,,2.3522305415133826,0.0597112821946154,0.01526167941955267,
amd,A,dis_deblock_en_sao,faster,32,MountainBike,96107280909.0,3127134337.0,1178157043.0,20011588234.0,415658666084.0,17573657.0,529498313.0,,,973266111661.0,5311216669.0,352059084792.0,,725499547.0,,,,,2.3415032358890207,0.05887374001621185,0.015086151440000247,
amd,A,dis_deblock_en_sao,faster,32,Neon1224,273454327460.0,5337093978.0,3411635899.0,63286445470.0,1047424445966.0,42548310.0,1614313567.0,,,2788744943420.0,18705661481.0,1025933775187.0,,1800057139.0,,,,,2.6624783812908297,0.053907845094843185,0.018232815736659476,
amd,A,dis_deblock_en_sao,faster,32,NocturneDance_3840x2160p_8bit,276369900722.0,5072375585.0,837662238.0,51326779457.0,940165963520.0,42182153.0,1622633746.0,,,2867089470448.0,18495028536.0,1052808337507.0,,1280007559.0,,,,,3.049556760929273,0.016320179190314633,0.01756732719252143,
amd,A,dis_deblock_en_sao,faster,32,OldTownCross,93359389133.0,2582801548.0,1132034585.0,18659476392.0,377198391719.0,16886464.0,580853720.0,,,930603739892.0,5233132123.0,341052187220.0,,645753246.0,,,,,2.467146627139567,0.060668078847343467,0.01534408022905979,
amd,A,dis_deblock_en_sao,faster,32,PedestrianArea,72780467466.0,1552939742.0,1055977197.0,17518598023.0,284315849091.0,16516590.0,571890929.0,,,738312447660.0,4897381300.0,273635325653.0,,413132931.0,,,,,2.5968036956803306,0.060277494558275586,0.017897474634581443,
amd,A,dis_deblock_en_sao,faster,32,PierSeaSide,281500292670.0,5395543008.0,3601177799.0,63493548657.0,1068791241165.0,54253802.0,2030523022.0,,,2855962132639.0,18802976402.0,1049069019794.0,,1431967682.0,,,,,2.6721421570838797,0.056717223641948374,0.017923488395160347,
amd,A,dis_deblock_en_sao,faster,32,RitualDance,66772711169.0,1271996035.0,872847942.0,15186463725.0,257129734692.0,12113413.0,469131971.0,,,677907330356.0,4607422298.0,249550960759.0,,411898092.0,,,,,2.636440826915735,0.05747539109866079,0.018462851371065438,
amd,A,dis_deblock_en_sao,faster,32,Riverbed,84999618062.0,2210332269.0,1145412251.0,19430927747.0,347705271503.0,17056447.0,590201687.0,,,864166499120.0,5268963237.0,322288745323.0,,478053013.0,,,,,2.4853419546517976,0.05894789306582871,0.01634857969278266,
amd,A,dis_deblock_en_sao,faster,32,RushFieldCuts,91718103558.0,2810933157.0,1104738346.0,20102246945.0,388518108384.0,16664787.0,629046501.0,,,932564310918.0,5389794483.0,341927281826.0,,868920499.0,,,,,2.4003110557623755,0.05495596333198861,0.01576298461537433,
amd,A,dis_deblock_en_sao,faster,32,Skater227,,,27357.0,88786.0,1709007.0,,,,,4537131.0,14927.0,1233209.0,,,,,,,2.654834649594765,0.30812290225936523,0.012104193206504332,
amd,A,dis_deblock_en_sao,faster,32,Tango,301278713153.0,5685193589.0,3999295720.0,65453804513.0,1112368327300.0,46793346.0,2349535273.0,,,2999010596628.0,19146190803.0,1113044371350.0,,2542335294.0,,,,,2.6960589608905523,0.061101042937934745,0.01720164199723483,
amd,A,dis_deblock_en_sao,faster,32,TimeLapse,292505494973.0,6362003916.0,4036967215.0,67169375348.0,1144730961489.0,48061793.0,2363611745.0,,,2978626825396.0,19328993740.0,1098611154371.0,,2772740763.0,,,,,2.602032202851903,0.06010130649696748,0.01759402647888337,
amd,A,dis_deblock_en_sao,faster,32,ToddlerFountain,94845224711.0,2944306093.0,1229998812.0,19508098192.0,398023445232.0,17957685.0,530206926.0,,,958100594227.0,5203515034.0,348395219036.0,,602055396.0,,,,,2.407146125948792,0.06305067771826192,0.014935667166725144,
amd,A,dis_deblock_en_sao,faster,32,TreesAndGrass_1920_1080,117238354666.0,4433679687.0,1093126504.0,21025039383.0,524900695961.0,17115622.0,515292152.0,,,1178539337022.0,5553932223.0,413062923748.0,,689571133.0,,,,,2.2452615248762506,0.051991650721180484,0.013445729218699676,
amd,A,dis_deblock_en_sao,faster,32,TunnelFlag,80280311781.0,2111693578.0,968821406.0,18313374106.0,327915674807.0,14743387.0,594821526.0,,,815561828915.0,5059410090.0,300425198863.0,,530482052.0,,,,,2.487108398813237,0.05290239801755514,0.016840831292275166,
amd,A,dis_deblock_en_sao,faster,32,Vertical_Carnaby,64238116496.0,1038323889.0,244382544.0,12283416389.0,213542971732.0,9713951.0,329081332.0,,,666620988665.0,4644189559.0,244019667992.0,,298474187.0,,,,,3.1217182343122043,0.019895323602222632,0.0190320296606266,
amd,A,dis_deblock_en_sao,faster,32,Vertical_bees,73188444219.0,1712644263.0,971860681.0,17216333297.0,293148929428.0,11824269.0,474635008.0,,,747687321018.0,4925995089.0,276808214867.0,,503403562.0,,,,,2.5505374434657067,0.05644992253776533,0.017795696892040677,
amd,A,dis_deblock_en_sao,faster,32,WalkingInStreet,109951583905.0,3734589930.0,268572523.0,14844386618.0,414920329355.0,16645213.0,457291277.0,,,1123089927793.0,4793108341.0,385261224146.0,,341802078.0,,,,,2.7067604268483554,0.01809253086108216,0.012441190653496928,
amd,A,dis_deblock_en_sao,faster,32,WorldCup_1920x1080_30p,65194580580.0,1291398106.0,884435227.0,15395178427.0,259458903857.0,16646731.0,852816934.0,,,667085518738.0,4571133681.0,246141493995.0,,414873135.0,,,,,2.5710642757731765,0.05744884550664779,0.018571162491980552,
amd,A,dis_deblock_en_sao,faster,32,WorldCup_far_1920x1080_30p,83273437191.0,2445451135.0,1216654213.0,18803283942.0,351052235366.0,22213460.0,905835798.0,,,848345665821.0,5066013494.0,313376858137.0,,574306502.0,,,,,2.416579586614886,0.06470434721684,0.016165882586598894,
amd,A,dis_deblock_en_sao,faster,37,Aerial3200,88332011938.0,2465936992.0,1186461491.0,19573558164.0,372161498719.0,16876571.0,540242355.0,,,907570806188.0,5140559344.0,327647445487.0,,600102455.0,,,,,2.4386477626296856,0.06061552432414454,0.01568930084701045,
amd,A,dis_deblock_en_sao,faster,37,Boat,88693027341.0,2578046382.0,998548362.0,18968027722.0,367544660503.0,14803010.0,498383105.0,,,898476020779.0,5141096196.0,330362368479.0,,614531362.0,,,,,2.444535636973745,0.05264376331767152,0.015561990972730304,
amd,A,dis_deblock_en_sao,faster,37,BoxingPractice,261189967437.0,4159056102.0,3161898375.0,59245845121.0,978452566890.0,46543129.0,2055960767.0,,,2651142934656.0,17986752984.0,977592799194.0,,1462535624.0,,,,,2.709526270734438,0.05336911590242889,0.018399023600449607,
amd,A,dis_deblock_en_sao,faster,37,Crosswalk,262458254699.0,3705451687.0,4336860241.0,57383819730.0,942381916258.0,35907366.0,1813181976.0,,,2642732334898.0,18190760333.0,968088244335.0,,1587908961.0,,,,,2.8043113830024806,0.07557636039924873,0.01879039482138905,
amd,A,dis_deblock_en_sao,faster,37,CrowdRun,93418248282.0,2825568894.0,1018657131.0,19138459727.0,388478793956.0,15846372.0,552129289.0,,,942035453455.0,5202446799.0,345422114374.0,,607353223.0,,,,,2.4249340455934827,0.05322565898879037,0.015061128348508509,
amd,A,dis_deblock_en_sao,faster,37,DinnerSceneCropped,66726939350.0,860941507.0,824960243.0,13805843628.0,236286664511.0,11175821.0,444410353.0,,,663048077276.0,4385386601.0,243717820354.0,,327897300.0,,,,,2.806117216340547,0.05975442466455843,0.0179937051571782,
amd,A,dis_deblock_en_sao,faster,37,FoodMarket,73231854030.0,1476628745.0,950566672.0,16670796967.0,281725150178.0,13373473.0,595599807.0,,,738202762145.0,4792806671.0,274121344692.0,,449195556.0,,,,,2.6202941472516303,0.05701986976877325,0.017484252006662048,
amd,A,dis_deblock_en_sao,faster,37,FoodMarket2,284053165317.0,5744390817.0,4112237309.0,67651300921.0,1099287024940.0,47540562.0,1949066662.0,,,2898853611241.0,19580755827.0,1076602174766.0,,1789927737.0,,,,,2.637030680316837,0.06078578317070468,0.018187549947366478,
amd,A,dis_deblock_en_sao,faster,37,MeridianTalk_sdr,64373647979.0,928325771.0,986000001.0,14245822752.0,232975127045.0,9004396.0,598861423.0,,,650612469963.0,4483828902.0,238449069064.0,,362818558.0,,,,,2.7926263125819943,0.06921327171935882,0.018804136747527143,
amd,A,dis_deblock_en_sao,faster,37,Motorcycle,83086435077.0,2348874948.0,1065608509.0,18313113685.0,344327774097.0,12960040.0,565002492.0,,,845532568520.0,5037494709.0,307245819412.0,,523535436.0,,,,,2.4556037361128076,0.058188275753064546,0.01639564931637033,
amd,A,dis_deblock_en_sao,faster,37,MountainBike,84975580295.0,2419730139.0,1145380847.0,18726450616.0,353318332390.0,16067889.0,678230449.0,,,863560458421.0,5035701543.0,316108533224.0,,665589695.0,,,,,2.444142800571651,0.06116379822780614,0.01593029296501659,
amd,A,dis_deblock_en_sao,faster,37,Neon1224,250356772336.0,3987214697.0,3359700440.0,58550383511.0,930244443095.0,41137635.0,1860980677.0,,,2555991392770.0,18142087079.0,935228637419.0,,1543573992.0,,,,,2.7476556422804372,0.05738135668007717,0.01939855812057646,
amd,A,dis_deblock_en_sao,faster,37,NocturneDance_3840x2160p_8bit,251077069042.0,3534043235.0,796247118.0,46860242684.0,818193932848.0,38513920.0,1563487038.0,,,2609599568914.0,17818743636.0,948678636687.0,,1160181687.0,,,,,3.189463358436805,0.016991954637739663,0.018782697266407387,
amd,A,dis_deblock_en_sao,faster,37,OldTownCross,77745554310.0,1689816254.0,1065261552.0,16783128046.0,300749966820.0,12772023.0,596346506.0,,,781435110089.0,4796625642.0,287431831444.0,,533224555.0,,,,,2.5982882669998495,0.06347216973381126,0.016687872104849046,
amd,A,dis_deblock_en_sao,faster,37,PedestrianArea,66791101003.0,1175616784.0,958726265.0,15473820375.0,250724060683.0,13357603.0,433745867.0,,,678348621373.0,4642204405.0,250138467582.0,,357703678.0,,,,,2.7055585312598383,0.06195795490485006,0.018558538596140556,
amd,A,dis_deblock_en_sao,faster,37,PierSeaSide,255011386422.0,3976059392.0,3620869748.0,58477471035.0,943900880205.0,43546405.0,1801286157.0,,,2599112397112.0,18171886853.0,947486332469.0,,1297360382.0,,,,,2.753586156787474,0.06191905504656371,0.019179049058836477,
amd,A,dis_deblock_en_sao,faster,37,RitualDance,61952044580.0,987750734.0,874585968.0,14647538428.0,231410714851.0,11693203.0,451683269.0,,,629657705241.0,4454214939.0,230552963964.0,,329174385.0,,,,,2.7209531142342396,0.05970873347074861,0.01931970364820601,
amd,A,dis_deblock_en_sao,faster,37,Riverbed,76539588734.0,1695474654.0,1055160952.0,17959937596.0,298823771545.0,12881856.0,564841461.0,,,777061541154.0,4994426449.0,289050362606.0,,774867977.0,,,,,2.6004006881259176,0.058750813935734565,0.01727874133757038,
amd,A,dis_deblock_en_sao,faster,37,RushFieldCuts,80281799422.0,2097606520.0,1065595172.0,18472716886.0,327234246654.0,14734528.0,576364546.0,,,817248953474.0,5055728079.0,302062181969.0,,787433403.0,,,,,2.4974432286059454,0.05768481044645833,0.01673737521871857,
amd,A,dis_deblock_en_sao,faster,37,Skater227,,,27268.0,89813.0,2589221.0,,,,,1681853.0,14450.0,1243762.0,,1194.0,,,,,0.6495594620930388,0.3036086089986973,0.01161797835920377,
amd,A,dis_deblock_en_sao,faster,37,Tango,272004908062.0,4144063459.0,3932666034.0,59226007466.0,979149370156.0,40929476.0,1988361258.0,,,2731369089581.0,18618790323.0,1003433285352.0,,2238612978.0,,,,,2.7895326012882316,0.06640099851838964,0.01855508542002233,
amd,A,dis_deblock_en_sao,faster,37,TimeLapse,266207169582.0,4771830428.0,3746498926.0,62108893455.0,1004646797858.0,43720093.0,2150449998.0,,,2713065655837.0,18804170377.0,996738412173.0,,2478106370.0,,,,,2.700516899692018,0.06032145668018487,0.01886570252269583,
amd,A,dis_deblock_en_sao,faster,37,ToddlerFountain,80604779694.0,2099249987.0,1538010761.0,18215461473.0,326656799170.0,19645531.0,457708134.0,,,818456879934.0,5077444807.0,301927099811.0,,551186392.0,,,,,2.505555929077893,0.0844343561254118,0.016816790576859027,
amd,A,dis_deblock_en_sao,faster,37,TreesAndGrass_1920_1080,102830501775.0,3460246829.0,1055756169.0,19938925536.0,440575078907.0,15888869.0,545258278.0,,,1035728501031.0,5268391373.0,371443096648.0,,660144847.0,,,,,2.3508558486796063,0.05294950157137695,0.014183575951588135,
amd,A,dis_deblock_en_sao,faster,37,TunnelFlag,71700006838.0,1549918769.0,920031961.0,16409865011.0,279423578878.0,11821762.0,427584624.0,,,727580499404.0,4734902155.0,268374971915.0,,481627551.0,,,,,2.6038622163724816,0.056065784842427184,0.017642860365159697,
amd,A,dis_deblock_en_sao,faster,37,Vertical_Carnaby,60327061645.0,803733151.0,212600644.0,11400181154.0,194044663320.0,8505727.0,333183966.0,,,625453856942.0,4473243939.0,227606217445.0,,279125913.0,,,,,3.2232468867776127,0.018648882954408533,0.01965343473132907,
amd,A,dis_deblock_en_sao,faster,37,Vertical_bees,67654676203.0,1369697334.0,929890608.0,16015304697.0,262804718941.0,9233473.0,405276980.0,,,691524654827.0,4699654995.0,255173197793.0,,467303430.0,,,,,2.631325105628138,0.05806262357120111,0.018417510285748836,
amd,A,dis_deblock_en_sao,faster,37,WalkingInStreet,94907181593.0,2802070867.0,232414716.0,14428611042.0,348292945719.0,13804364.0,509688383.0,,,975141461734.0,4732689771.0,343507746402.0,,338361015.0,,,,,2.7997737930665307,0.01610790638984362,0.013777534336769894,
amd,A,dis_deblock_en_sao,faster,37,WorldCup_1920x1080_30p,61306735368.0,1026036758.0,891826163.0,14492202885.0,234109111409.0,12132821.0,537454870.0,,,625748663784.0,4508158637.0,229286745013.0,,414455724.0,,,,,2.6728932505783027,0.06153834376160129,0.01966166267807761,
amd,A,dis_deblock_en_sao,faster,37,WorldCup_far_1920x1080_30p,75058469790.0,1903245438.0,1172497400.0,17760420845.0,305910041011.0,19201066.0,940224920.0,,,766166271777.0,4844937975.0,284170771977.0,,548280001.0,,,,,2.5045476416691073,0.06601743338362881,0.01704938879284931,
amd,A,dis_deblock_en_sao,superfast,22,Aerial3200,128474003919.0,5012617192.0,1073209154.0,20393480390.0,588892737451.0,16747912.0,476998880.0,,,1301461613065.0,4974507706.0,436291252696.0,,642795683.0,,,,,2.210014711165105,0.052625110254660164,0.011401804815615106,
amd,A,dis_deblock_en_sao,superfast,22,Boat,128995345601.0,5356435246.0,1014992676.0,22118881170.0,595688019374.0,18361753.0,431241128.0,,,1304223461178.0,6029699496.0,446077490381.0,,705203188.0,,,,,2.189440476826426,0.045888065865494224,0.01351715705459597,
amd,A,dis_deblock_en_sao,superfast,22,BoxingPractice,396110926467.0,12934320999.0,3580521680.0,83564862843.0,1687116272820.0,56805726.0,1655914112.0,,,4036123435460.0,24142072865.0,1468327631409.0,,2609677662.0,,,,,2.3923208497738306,0.04284721542267128,0.016441884187545653,
amd,A,dis_deblock_en_sao,superfast,22,Crosswalk,391049610793.0,11883335986.0,3896993196.0,83978878141.0,1635442680814.0,61051450.0,1849006562.0,,,3980966883389.0,24171103476.0,1459925981470.0,,2341278918.0,,,,,2.434183068652443,0.04640444457303863,0.01655638969563519,
amd,A,dis_deblock_en_sao,superfast,22,CrowdRun,151928505949.0,6618993344.0,1109799244.0,23644339911.0,706467162701.0,21710770.0,467468294.0,,,1523488050572.0,6452271815.0,509547398101.0,,745212908.0,,,,,2.1564881299610947,0.046937205613580724,0.012662750980667478,
amd,A,dis_deblock_en_sao,superfast,22,DinnerSceneCropped,131626388263.0,5230832331.0,1010142367.0,22991326147.0,581744086214.0,25812135.0,866018903.0,,,1320367266264.0,6213345793.0,462749537848.0,,667676113.0,,,,,2.2696702855322033,0.04393580259535431,0.013427016744079184,
amd,A,dis_deblock_en_sao,superfast,22,FoodMarket,124054099673.0,4799272511.0,997698554.0,22544381129.0,553663228496.0,23384325.0,721714550.0,,,1254759060992.0,6187611881.0,441971211615.0,,651219660.0,,,,,2.266285706566596,0.04425486547140604,0.014000033754212058,
amd,A,dis_deblock_en_sao,superfast,22,FoodMarket2,408040313295.0,13787339123.0,3530912799.0,85324220423.0,1785226531336.0,119046561.0,6185062209.0,,,4174709385890.0,24188616043.0,1524131472102.0,,2425375651.0,,,,,2.338475993164742,0.04138230365885894,0.015870426197315095,
amd,A,dis_deblock_en_sao,superfast,22,MeridianTalk_sdr,100251634265.0,3185424959.0,1003925291.0,20657340397.0,420496944471.0,14281825.0,519367671.0,,,1010953870437.0,5832777152.0,366852854560.0,,589242011.0,,,,,2.404188386455021,0.04859896151712719,0.015899500520435584,
amd,A,dis_deblock_en_sao,superfast,22,Motorcycle,115595630851.0,4390483769.0,1059686379.0,21469495930.0,528473097995.0,20607185.0,527522328.0,,,1171845050850.0,5918425818.0,409489261139.0,,608517701.0,,,,,2.2174166580965435,0.04935776705960138,0.01445318932549737,
amd,A,dis_deblock_en_sao,superfast,22,MountainBike,118848072993.0,4602573850.0,1177810385.0,22017206159.0,547423233668.0,20725575.0,513382579.0,,,1204429492332.0,5915604330.0,420336731119.0,,801242749.0,,,,,2.200179711521816,0.05349499734409059,0.014073488924586167,
amd,A,dis_deblock_en_sao,superfast,22,Neon1224,334895889888.0,9310366658.0,3224454361.0,76289738512.0,1385755580621.0,45278356.0,1666900411.0,,,3401596006165.0,23120153900.0,1252852728758.0,,2118568932.0,,,,,2.454686853680675,0.042265898715759906,0.018454007697233397,
amd,A,dis_deblock_en_sao,superfast,22,NocturneDance_3840x2160p_8bit,351593714651.0,10465587345.0,747328136.0,62026255153.0,1314818838095.0,49807426.0,1484413484.0,,,3623989544985.0,23117768958.0,1334908941949.0,,1386049486.0,,,,,2.7562653043788794,0.012048577399305628,0.017317862088965772,
amd,A,dis_deblock_en_sao,superfast,22,OldTownCross,153980320103.0,6651752738.0,1260093509.0,23982952546.0,698011886501.0,22716478.0,480685489.0,,,1534389247476.0,6402950905.0,516701965834.0,,887746992.0,,,,,2.1982279630904276,0.05254121679068097,0.012391961572402969,
amd,A,dis_deblock_en_sao,superfast,22,PedestrianArea,102893458123.0,3496217073.0,1055047466.0,21104738589.0,445760958281.0,19395854.0,464451147.0,,,1047527480634.0,5895810695.0,378590619401.0,,513880635.0,,,,,2.3499758360929777,0.04999102270567337,0.015573050130846498,
amd,A,dis_deblock_en_sao,superfast,22,PierSeaSide,375729439555.0,11452469830.0,3830521500.0,78398983939.0,1571895662974.0,61574513.0,1884423562.0,,,3795639407291.0,23352550881.0,1382912176285.0,,1830797438.0,,,,,2.4146891531653663,0.04885932581703379,0.016886503193379466,
amd,A,dis_deblock_en_sao,superfast,22,RitualDance,80303104723.0,2223010377.0,837073487.0,17806576681.0,332608415469.0,13581186.0,404758274.0,,,811432934467.0,5291644087.0,298727434172.0,,496289075.0,,,,,2.439604341708629,0.047009231588752004,0.017713954199309326,
amd,A,dis_deblock_en_sao,superfast,22,Riverbed,116718502420.0,4353657615.0,1038579837.0,22595836004.0,519040162110.0,18331164.0,438594823.0,,,1191319848099.0,6181075036.0,423917467367.0,,720091707.0,,,,,2.295236351761396,0.04596332867773278,0.014580845357449803,
amd,A,dis_deblock_en_sao,superfast,22,RushFieldCuts,117600863981.0,4525513020.0,1085373465.0,21968910192.0,532926310224.0,17968503.0,516843657.0,,,1192733928194.0,5986601017.0,420890544498.0,,922833941.0,,,,,2.2380841503071394,0.04940497528162502,0.01422365290752795,
amd,A,dis_deblock_en_sao,superfast,22,Skater227,0.0,,27496.0,87978.0,5539986.0,,,,,1390473.0,13928.0,1254874.0,,2070.0,,,,,0.2509885404042537,0.31253267862420153,0.011099122302318798,
amd,A,dis_deblock_en_sao,superfast,22,Tango,448986967933.0,15423273191.0,4063337665.0,84638217545.0,1914638166755.0,43591090.0,1181690476.0,,,4552961496016.0,24272139346.0,1624605512062.0,,3603622128.0,,,,,2.3779748962868155,0.04800830857336553,0.014940328077056099,
amd,A,dis_deblock_en_sao,superfast,22,TimeLapse,380725828800.0,12243918525.0,3341930271.0,80502352509.0,1619629039341.0,55234847.0,1748971557.0,,,3872514591069.0,23498396483.0,1404375193977.0,,2580746571.0,,,,,2.3909886134448795,0.04151344857439264,0.016732278228623314,
amd,A,dis_deblock_en_sao,superfast,22,ToddlerFountain,128289442362.0,5298302478.0,1009219009.0,22277116056.0,588068510589.0,18733551.0,409377849.0,,,1291508675147.0,6048656645.0,448962090892.0,,731032244.0,,,,,2.196187437163479,0.04530294704498711,0.013472533132992365,
amd,A,dis_deblock_en_sao,superfast,22,TreesAndGrass_1920_1080,141365360139.0,5847761251.0,1026068642.0,22403456148.0,663549448775.0,18763604.0,463562201.0,,,1425609127502.0,6104530276.0,476185352726.0,,647069363.0,,,,,2.148459515916806,0.045799569281706524,0.012819651509761125,
amd,A,dis_deblock_en_sao,superfast,22,TunnelFlag,108085684643.0,3947012727.0,933444704.0,21406748688.0,477885510044.0,16869544.0,512546289.0,,,1096181784395.0,5874440735.0,390442896047.0,,627092494.0,,,,,2.293816743458223,0.04360516011117849,0.015045582323241598,
amd,A,dis_deblock_en_sao,superfast,22,Vertical_Carnaby,76236484232.0,1888512663.0,211295231.0,13329021477.0,273726012779.0,10069076.0,250356279.0,,,790215915402.0,4406718842.0,292099929435.0,,332181304.0,,,,,2.886886443050635,0.015852268777914583,0.015086339974555222,
amd,A,dis_deblock_en_sao,superfast,22,Vertical_bees,87966813097.0,2701609727.0,932157267.0,18836253303.0,375864854024.0,13170899.0,340839799.0,,,898699443212.0,4797713023.0,329455629100.0,,573881637.0,,,,,2.3910174989508746,0.04948740346635378,0.014562546817324967,
amd,A,dis_deblock_en_sao,superfast,22,WalkingInStreet,139220128347.0,5464529206.0,233628306.0,15359314971.0,543843937283.0,19318317.0,393811380.0,,,1406363930152.0,5230505993.0,451288261338.0,,338576808.0,,,,,2.5859696757457287,0.015210854549250067,0.011590166288598684,
amd,A,dis_deblock_en_sao,superfast,22,WorldCup_1920x1080_30p,77736818016.0,2205072482.0,1114329192.0,18545980680.0,326904040618.0,14549720.0,371782617.0,,,794325444471.0,5516899158.0,293690743516.0,,547439388.0,,,,,2.429842846143343,0.0600846733978157,0.018784722636991942,
amd,A,dis_deblock_en_sao,superfast,22,WorldCup_far_1920x1080_30p,104516405594.0,3842289430.0,1042547614.0,21426357160.0,470373617390.0,17740360.0,405177804.0,,,1063339548042.0,5778577685.0,380544920004.0,,769778030.0,,,,,2.2606275282662276,0.0486572498635601,0.015185008079832625,
amd,A,dis_deblock_en_sao,superfast,27,Aerial3200,112392202409.0,4043917818.0,1065782588.0,20566234841.0,503643780085.0,25897596.0,1184311434.0,,,1145139407909.0,4956541143.0,396602237871.0,,638640583.0,,,,,2.273709024492936,0.051821959451484025,0.012497511788151278,
amd,A,dis_deblock_en_sao,superfast,27,Boat,112643346994.0,4305800787.0,1008799157.0,21400799170.0,505819621350.0,17376828.0,462481599.0,,,1141116379859.0,5920065617.0,402860313164.0,,689336610.0,,,,,2.255974920097868,0.04713838716893113,0.014695082696294302,
amd,A,dis_deblock_en_sao,superfast,27,BoxingPractice,323538589027.0,8240249769.0,3915860211.0,76128615728.0,1300205467977.0,44575656.0,1389236946.0,,,3271141076770.0,23123051436.0,1216926731027.0,,2500611788.0,,,,,2.515864728564474,0.051437428272582554,0.019001186223007675,
amd,A,dis_deblock_en_sao,superfast,27,Crosswalk,315663152803.0,6852492937.0,3861908927.0,72672307861.0,1203957827545.0,42255057.0,1686898190.0,,,3141096094591.0,22708893824.0,1174495778852.0,,1888664601.0,,,,,2.6089751839531075,0.05314141026574601,0.01933501527455177,
amd,A,dis_deblock_en_sao,superfast,27,CrowdRun,127007865590.0,5085817430.0,1047068608.0,22180987828.0,573215995236.0,18181634.0,447395495.0,,,1276583361974.0,6037733335.0,445372330642.0,,689570731.0,,,,,2.227054674998061,0.047205679752379694,0.013556597299829257,
amd,A,dis_deblock_en_sao,superfast,27,DinnerSceneCropped,98392045178.0,2957122785.0,948082795.0,20721339683.0,412863628173.0,22152392.0,961471711.0,,,996724812610.0,5950020447.0,366361281154.0,,566390407.0,,,,,2.4141744261190956,0.04575393336068019,0.01624085500590579,
amd,A,dis_deblock_en_sao,superfast,27,FoodMarket,95763752225.0,2989708925.0,940321161.0,20497653126.0,406874849247.0,19951724.0,839133929.0,,,968701660862.0,5870591861.0,356673944684.0,,576866362.0,,,,,2.380834457216435,0.04587457672445735,0.01645926748644656,
amd,A,dis_deblock_en_sao,superfast,27,FoodMarket2,344131948034.0,9638071355.0,3984013665.0,80563674393.0,1432375816784.0,52367579.0,1711162141.0,,,3509050195042.0,23347843889.0,1308014425120.0,,2789434342.0,,,,,2.449811113762443,0.04945173733717093,0.01784983669951348,
amd,A,dis_deblock_en_sao,superfast,27,MeridianTalk_sdr,78818183537.0,1853568447.0,940483679.0,18139097292.0,309201849311.0,11253694.0,618355669.0,,,789154204803.0,5544487826.0,293823711517.0,,480358439.0,,,,,2.552229899534839,0.051848427948770495,0.018870117041861707,
amd,A,dis_deblock_en_sao,superfast,27,Motorcycle,103067769593.0,3666226249.0,1053308577.0,20534778116.0,460085645629.0,17439341.0,439039110.0,,,1044735428241.0,5661417708.0,371589044861.0,,587998023.0,,,,,2.270741193876422,0.05129388645204293,0.015235695955777603,
amd,A,dis_deblock_en_sao,superfast,27,MountainBike,105751703271.0,3808282744.0,1098934025.0,21197274886.0,473985749130.0,19028171.0,565787275.0,,,1071939623263.0,5838330365.0,381706971271.0,,752624283.0,,,,,2.26154399205154,0.05184317469628157,0.01529532024411199,
amd,A,dis_deblock_en_sao,superfast,27,Neon1224,299240867942.0,7101518318.0,3134966537.0,69362038038.0,1191707800953.0,42522857.0,1578932176.0,,,3041446473384.0,21816103342.0,1124980819384.0,,1909406534.0,,,,,2.5521746781818306,0.04519715143436974,0.019392422489430294,
amd,A,dis_deblock_en_sao,superfast,27,NocturneDance_3840x2160p_8bit,307752738243.0,7453204984.0,663507661.0,57518650600.0,1104464478555.0,43514909.0,1293360354.0,,,3179802682766.0,21966755364.0,1178630371382.0,,1343802359.0,,,,,2.8790447719298493,0.01153552202770209,0.01863752699520456,
amd,A,dis_deblock_en_sao,superfast,27,OldTownCross,118341592579.0,4247809103.0,1110862204.0,22458918199.0,518414182597.0,19943450.0,570519686.0,,,1197842685088.0,6077114172.0,425300663650.0,,818067159.0,,,,,2.3105901136566085,0.049461964025028685,0.014288983515438726,
amd,A,dis_deblock_en_sao,superfast,27,PedestrianArea,81909549575.0,2207773431.0,971359942.0,18927064778.0,335226721095.0,17008247.0,426381677.0,,,830644086489.0,5544427654.0,308809918207.0,,450628545.0,,,,,2.4778576235681506,0.051321214007206586,0.01795417610351325,
amd,A,dis_deblock_en_sao,superfast,27,PierSeaSide,315480784499.0,7519981013.0,3423094027.0,69772220952.0,1250970747507.0,55272218.0,1747469530.0,,,3188887727841.0,21954717851.0,1175845884143.0,,1553116002.0,,,,,2.5491305325851803,0.049060987027414925,0.01867142467144103,
amd,A,dis_deblock_en_sao,superfast,27,RitualDance,71842263916.0,1665968999.0,878680583.0,16778137784.0,285477039686.0,14412618.0,531843366.0,,,727412551642.0,5114160150.0,268560522374.0,,375518495.0,,,,,2.548059740433384,0.052370566645240514,0.019042858960774477,
amd,A,dis_deblock_en_sao,superfast,27,Riverbed,95389022744.0,2977516333.0,1033567681.0,21068593891.0,406282147800.0,14337051.0,521083052.0,,,972917234862.0,5966339365.0,359087721827.0,,879248034.0,,,,,2.3946836948911097,0.049057269144169864,0.016615269758163555,
amd,A,dis_deblock_en_sao,superfast,27,RushFieldCuts,103388048035.0,3616394621.0,1065535199.0,21290901358.0,454617577968.0,16228399.0,468708218.0,,,1050034002069.0,5950611238.0,379332999185.0,,891444914.0,,,,,2.309708319599799,0.05004650489349188,0.015687038171698576,
amd,A,dis_deblock_en_sao,superfast,27,Skater227,,,28159.0,89056.0,2796393.0,,,,,1154821.0,14542.0,1250301.0,,,,,,,0.41296806278659687,0.31619430470715054,0.01163079930352771,
amd,A,dis_deblock_en_sao,superfast,27,Tango,343917353066.0,8788696979.0,3798486839.0,76941069656.0,1366321806524.0,45217302.0,1997507475.0,,,3451108571549.0,23153129741.0,1284197655513.0,,3092678798.0,,,,,2.525838755606789,0.04936878127614889,0.01802925713312488,
amd,A,dis_deblock_en_sao,superfast,27,TimeLapse,324373789348.0,8624633477.0,3117635404.0,73512064217.0,1321746380393.0,47190132.0,1778983851.0,,,3300258110545.0,22597530667.0,1219188879704.0,,2243417046.0,,,,,2.4968921114531226,0.042409847107504194,0.018534889091578924,
amd,A,dis_deblock_en_sao,superfast,27,ToddlerFountain,108129276245.0,3958466191.0,993284125.0,21108408817.0,475966907152.0,15971396.0,435289891.0,,,1090319503989.0,5841661433.0,388794389491.0,,681411049.0,,,,,2.2907464523385586,0.04705632402760944,0.015025066181247519,
amd,A,dis_deblock_en_sao,superfast,27,TreesAndGrass_1920_1080,126546123844.0,5067413973.0,948782226.0,21994841543.0,585996863903.0,17058698.0,433801686.0,,,1275780645381.0,5966478297.0,437526370313.0,,634084176.0,,,,,2.17711172869379,0.04313657928133408,0.013636842718146722,
amd,A,dis_deblock_en_sao,superfast,27,TunnelFlag,91520163143.0,2900199382.0,899816323.0,19989163945.0,390314118176.0,14947820.0,519901896.0,,,930016731662.0,5579873369.0,339447722679.0,,584676982.0,,,,,2.3827391538080054,0.04501520551213829,0.016438093397599926,
amd,A,dis_deblock_en_sao,superfast,27,Vertical_Carnaby,69114919991.0,1411585476.0,202035490.0,12611352380.0,238786996408.0,9096680.0,241961367.0,,,716108530336.0,4270617371.0,265023621548.0,,321921159.0,,,,,2.998942744404856,0.016020128842042552,0.01611410087167088,
amd,A,dis_deblock_en_sao,superfast,27,Vertical_bees,79216815872.0,2155941919.0,1006589628.0,18052538708.0,328876127863.0,11118214.0,327447574.0,,,807649844868.0,4726873607.0,299082137008.0,,529642700.0,,,,,2.455787381455801,0.05575889598031599,0.015804600215470452,
amd,A,dis_deblock_en_sao,superfast,27,WalkingInStreet,125942498049.0,4708339806.0,230698032.0,15315585133.0,485882833319.0,17131231.0,347941089.0,,,1277690466383.0,5211151875.0,423435717421.0,,333683489.0,,,,,2.62962668933016,0.015062959070556329,0.01230683114485315,
amd,A,dis_deblock_en_sao,superfast,27,WorldCup_1920x1080_30p,70194575667.0,1692903591.0,1063540237.0,17058444819.0,283169296007.0,12913033.0,433013684.0,,,716321790062.0,5139463524.0,265476932519.0,,504297010.0,,,,,2.5296591126330745,0.06234684628550722,0.019359360059021974,
amd,A,dis_deblock_en_sao,superfast,27,WorldCup_far_1920x1080_30p,92178329891.0,3059969868.0,1022395441.0,20529235325.0,403760808258.0,15400135.0,439444387.0,,,939546569793.0,5580854089.0,343265714407.0,,738159073.0,,,,,2.326988034937351,0.04980192514793534,0.016258116831274757,
amd,A,dis_deblock_en_sao,superfast,32,Aerial3200,98401024317.0,3165012094.0,1049006612.0,20011344086.0,427738717525.0,24047860.0,1119535202.0,,,1008268839862.0,5024261820.0,358485599488.0,,618670279.0,,,,,2.3572073290350897,0.05242059741173949,0.014015240297450729,
amd,A,dis_deblock_en_sao,superfast,32,Boat,97595012789.0,3305488608.0,928436505.0,20262128559.0,422698922379.0,15012294.0,499044510.0,,,990659827279.0,5787952583.0,358595243200.0,,657852776.0,,,,,2.3436535435279753,0.045821272049308394,0.01614062844601615,
amd,A,dis_deblock_en_sao,superfast,32,BoxingPractice,281576590721.0,5541338584.0,3544187460.0,66446259394.0,1073334562551.0,33680509.0,1460303184.0,,,2841448107373.0,21526703148.0,1052293967453.0,,2009858275.0,,,,,2.6473088694914613,0.05333915697171713,0.020456929160302798,
amd,A,dis_deblock_en_sao,superfast,32,Crosswalk,280889861262.0,4806556071.0,3589379281.0,63344931415.0,1026842545202.0,35953492.0,1709786687.0,,,2798521226949.0,21535620678.0,1038474745634.0,,1516668128.0,,,,,2.725365480837645,0.05666403295134107,0.020737741354367047,
amd,A,dis_deblock_en_sao,superfast,32,CrowdRun,105761835968.0,3743753072.0,996523416.0,20824328430.0,460010739975.0,16010586.0,429626273.0,,,1065781907424.0,5870911074.0,383717625942.0,,650411851.0,,,,,2.316863096461447,0.04785380807596108,0.015300081823417215,
amd,A,dis_deblock_en_sao,superfast,32,DinnerSceneCropped,76004539699.0,1551387135.0,866798775.0,17030990695.0,287803161898.0,12564237.0,459369990.0,,,750838727307.0,5367939694.0,281444123270.0,,442623681.0,,,,,2.6088619817634386,0.050895381867273104,0.01907284341784011,
amd,A,dis_deblock_en_sao,superfast,32,FoodMarket,79838941062.0,1990742706.0,985821337.0,18566136198.0,317431022182.0,11375426.0,468317035.0,,,803680236343.0,5549041873.0,299514343554.0,,498766398.0,,,,,2.5318263817397395,0.053097818872307724,0.01852679844028756,
amd,A,dis_deblock_en_sao,superfast,32,FoodMarket2,304730516512.0,7295418917.0,3713658965.0,73975734362.0,1223722971258.0,45414006.0,1726602723.0,,,3105098623665.0,22669505001.0,1160494516903.0,,2453580849.0,,,,,2.537419576648893,0.05020104223402802,0.019534349082060188,
amd,A,dis_deblock_en_sao,superfast,32,MeridianTalk_sdr,69161793568.0,1248786691.0,885788930.0,15949755613.0,257962585951.0,8495248.0,322150201.0,,,694708364936.0,5143594138.0,257234840146.0,,405343504.0,,,,,2.693058616911058,0.05553620704244705,0.019995713392014183,
amd,A,dis_deblock_en_sao,superfast,32,Motorcycle,91178727938.0,2939791615.0,1036174220.0,19343378961.0,394657224704.0,15396042.0,470387998.0,,,925060563530.0,5610412575.0,333555829257.0,,669986886.0,,,,,2.343959531524634,0.05356738458617432,0.016820010573634008,
amd,A,dis_deblock_en_sao,superfast,32,MountainBike,93269671063.0,3037706596.0,1047048936.0,20252548608.0,404633305997.0,15099163.0,409131331.0,,,946405555202.0,5720505640.0,342387958169.0,,697237161.0,,,,,2.3389215400103933,0.05169961352846244,0.016707671819393845,
amd,A,dis_deblock_en_sao,superfast,32,Neon1224,270000432844.0,5303661705.0,2909806419.0,64364710667.0,1038546280530.0,39392454.0,1667701615.0,,,2747611222375.0,21373714409.0,1013752510596.0,,1746173357.0,,,,,2.645631951012154,0.045208102216978775,0.021083759779232585,
amd,A,dis_deblock_en_sao,superfast,32,NocturneDance_3840x2160p_8bit,271635609527.0,5077416709.0,660404092.0,53615203850.0,932132462799.0,42564922.0,1323516472.0,,,2816147815618.0,21681869836.0,1037756410155.0,,1241760407.0,,,,,3.021188434057638,0.012317477964788154,0.02089302424329191,
amd,A,dis_deblock_en_sao,superfast,32,OldTownCross,89550947973.0,2483622725.0,1003327988.0,18904928731.0,363908753700.0,14197598.0,447394794.0,,,894480545634.0,5617111343.0,328374389798.0,,637796021.0,,,,,2.4579802946191123,0.05307229676855427,0.017105814331182693,
amd,A,dis_deblock_en_sao,superfast,32,PedestrianArea,71527320398.0,1555854361.0,930164098.0,17094420518.0,279739101887.0,13982497.0,441331297.0,,,725938804645.0,5260417126.0,269819640823.0,,394825369.0,,,,,2.595056607203384,0.054413315562265495,0.01949604969436158,
amd,A,dis_deblock_en_sao,superfast,32,PierSeaSide,276958648506.0,5332544522.0,3146832621.0,63935918894.0,1058237390351.0,47285794.0,1816454664.0,,,2809622208870.0,21602117699.0,1034378041132.0,,1407048712.0,,,,,2.655001830863389,0.04921854061747615,0.020884161148045186,
amd,A,dis_deblock_en_sao,superfast,32,RitualDance,65819879143.0,1280603321.0,916139639.0,15705742911.0,253145330841.0,13151606.0,517732899.0,,,667998659215.0,4966934509.0,246371220297.0,,349177505.0,,,,,2.638795102385548,0.05833150613705471,0.020160368175359,
amd,A,dis_deblock_en_sao,superfast,32,Riverbed,82057201968.0,2154182459.0,1007001570.0,19959568073.0,336138070719.0,11962086.0,468228927.0,,,836593304370.0,5714782310.0,311714187083.0,,841352047.0,,,,,2.4888382996324254,0.05045207222506012,0.01833340459566034,
amd,A,dis_deblock_en_sao,superfast,32,RushFieldCuts,88980313889.0,2728281695.0,1033075266.0,20040900921.0,377554247287.0,14526434.0,548393060.0,,,906746086393.0,5744120114.0,332765410123.0,,829906212.0,,,,,2.401631269966172,0.05154834456157032,0.017261770422222676,
amd,A,dis_deblock_en_sao,superfast,32,Skater227,,,28858.0,91537.0,2603152.0,,,,,1438165.0,14302.0,1246610.0,,,,,,,0.5524706202327025,0.3152604957558146,0.011472714000369,
amd,A,dis_deblock_en_sao,superfast,32,Tango,294471935624.0,5691558490.0,3641332793.0,66519647842.0,1094747168548.0,40681469.0,1720002037.0,,,2928934547370.0,21760464790.0,1089342029212.0,,2516338439.0,,,,,2.6754438207451536,0.05474071061904946,0.019975787407873098,
amd,A,dis_deblock_en_sao,superfast,32,TimeLapse,286257733480.0,6297732911.0,2969099299.0,68889239060.0,1124686580725.0,41559717.0,1687200959.0,,,2916865456227.0,22050148368.0,1079510703325.0,,2057664876.0,,,,,2.5934918280493027,0.043099609452994875,0.020426058120668333,
amd,A,dis_deblock_en_sao,superfast,32,ToddlerFountain,91645665651.0,2841673685.0,917861231.0,19601424454.0,384602380781.0,12659731.0,413528920.0,,,926725902767.0,5751268760.0,338000630838.0,,627759228.0,,,,,2.4095688146420904,0.04682625148769201,0.017015556289764797,
amd,A,dis_deblock_en_sao,superfast,32,TreesAndGrass_1920_1080,112136997990.0,4199298270.0,936923678.0,21147902306.0,504149586550.0,16260943.0,470638116.0,,,1128708700813.0,5955648841.0,396891005045.0,,598001200.0,,,,,2.2388369065954956,0.04430338595493605,0.015005754137271872,
amd,A,dis_deblock_en_sao,superfast,32,TunnelFlag,78987078173.0,2101562274.0,865649384.0,18296993102.0,322441501982.0,12056204.0,451054405.0,,,803136823886.0,5360844532.0,296422791674.0,,514908597.0,,,,,2.49079854469489,0.04731101876544829,0.01808512935771738,
amd,A,dis_deblock_en_sao,superfast,32,Vertical_Carnaby,63617213768.0,1060277024.0,189450746.0,11583004930.0,211505081556.0,8349438.0,222174618.0,,,658432841599.0,4133644756.0,242496845007.0,,298040299.0,,,,,3.1130828477266035,0.016355923799127658,0.017046179532276707,
amd,A,dis_deblock_en_sao,superfast,32,Vertical_bees,72212280801.0,1717355742.0,874654670.0,16626036588.0,289107445054.0,10263664.0,355337971.0,,,736295189712.0,4458350089.0,272745563964.0,,503455090.0,,,,,2.546787370261162,0.05260752707781783,0.01634618735573079,
amd,A,dis_deblock_en_sao,superfast,32,WalkingInStreet,108863334905.0,3693364038.0,202700833.0,15083179819.0,411773169222.0,15509256.0,363881270.0,,,1111444218075.0,5192507999.0,381484414170.0,,335347211.0,,,,,2.69916619427864,0.01343886603703163,0.013611324096417934,
amd,A,dis_deblock_en_sao,superfast,32,WorldCup_1920x1080_30p,64633046137.0,1325902871.0,1069028252.0,15841926328.0,250678363303.0,11401191.0,427389392.0,,,659108670821.0,4966687473.0,243211083725.0,,470323626.0,,,,,2.6293002002104267,0.06748095085573863,0.020421303983891862,
amd,A,dis_deblock_en_sao,superfast,32,WorldCup_far_1920x1080_30p,81744355211.0,2372614139.0,979243741.0,19339050744.0,345942717714.0,13403749.0,459751508.0,,,833507077946.0,5556290984.0,308357998970.0,,670029858.0,,,,,2.409378880566818,0.05063556396654129,0.018018961734605654,
amd,A,dis_deblock_en_sao,superfast,37,Aerial3200,87611649229.0,2468521371.0,1048066392.0,19033667442.0,368614472342.0,22575770.0,1148793609.0,,,899182897473.0,4802930875.0,325099392653.0,,587951717.0,,,,,2.439358638742592,0.05506381758500832,0.014773730691421145,
amd,A,dis_deblock_en_sao,superfast,37,Boat,85797771827.0,2519872746.0,894680435.0,19361909401.0,358019996864.0,12661920.0,363673932.0,,,871038052095.0,5655971306.0,320694499600.0,,611108328.0,,,,,2.43293128798579,0.0462082750451147,0.017636633347483832,
amd,A,dis_deblock_en_sao,superfast,37,BoxingPractice,258781240231.0,4202609521.0,3334758963.0,61757176265.0,961653278081.0,31660906.0,1517958635.0,,,2621409338732.0,21027277850.0,964557423442.0,,1753253472.0,,,,,2.7259402099300063,0.0539979183745473,0.02179992330053784,
amd,A,dis_deblock_en_sao,superfast,37,Crosswalk,260664965983.0,3717645472.0,3481961633.0,59126077872.0,937555288679.0,31660274.0,1480685692.0,,,2617700792334.0,20845027297.0,963745943313.0,,1377813651.0,,,,,2.79204951851138,0.058890455080378885,0.021629172544522006,
amd,A,dis_deblock_en_sao,superfast,37,CrowdRun,90285476800.0,2733304068.0,921096122.0,19150419245.0,380778644637.0,14136647.0,418780849.0,,,912484454230.0,5627002495.0,335611323732.0,,531172276.0,,,,,2.396364573175789,0.048097961209934856,0.01676642621121271,
amd,A,dis_deblock_en_sao,superfast,37,DinnerSceneCropped,66060214215.0,870972486.0,753040504.0,14118647471.0,236126422513.0,10753862.0,422200085.0,,,655809275301.0,4875307708.0,241490373419.0,,331657657.0,,,,,2.7773650586049694,0.05333658946770653,0.020188414299815813,
amd,A,dis_deblock_en_sao,superfast,37,FoodMarket,71635347330.0,1457247581.0,917824451.0,16657265131.0,272823418124.0,8672752.0,437719486.0,,,722656628562.0,5238977089.0,268071525344.0,,436684472.0,,,,,2.648807179131331,0.055100548846514004,0.019543206173341748,
amd,A,dis_deblock_en_sao,superfast,37,FoodMarket2,279619381644.0,5756606947.0,3659395860.0,69957723847.0,1090913473581.0,37851353.0,1549524959.0,,,2849885001793.0,22245167539.0,1060392000550.0,,2173448344.0,,,,,2.6123840898564143,0.052308675279419146,0.020978249107369694,
amd,A,dis_deblock_en_sao,superfast,37,MeridianTalk_sdr,63777262470.0,942206417.0,819218910.0,14717643035.0,232265832002.0,8589538.0,582864006.0,,,644439004959.0,4914213882.0,236768839355.0,,360356549.0,,,,,2.7745751469525266,0.05566237121336732,0.02075532361178601,
amd,A,dis_deblock_en_sao,superfast,37,Motorcycle,81193087097.0,2296812444.0,982367108.0,18252234336.0,338198091920.0,12190576.0,446645656.0,,,825757346036.0,5307425113.0,300821302653.0,,621579430.0,,,,,2.441638098393917,0.053821745322566734,0.01764311591696736,
amd,A,dis_deblock_en_sao,superfast,37,MountainBike,82801500548.0,2359954469.0,990488162.0,19019493730.0,346192143335.0,12780118.0,382596060.0,,,841551008434.0,5512419048.0,308414842603.0,,658368133.0,,,,,2.430878414302013,0.0520775250940394,0.01787339092203074,
amd,A,dis_deblock_en_sao,superfast,37,Neon1224,248217735419.0,4026867889.0,2769820928.0,60178177005.0,928232771247.0,34977847.0,1354649640.0,,,2530906145466.0,20893374344.0,927979850597.0,,1587887658.0,,,,,2.726585640868882,0.04602699958441521,0.02251490086833093,
amd,A,dis_deblock_en_sao,superfast,37,NocturneDance_3840x2160p_8bit,248010066139.0,3559050442.0,644449976.0,49174410631.0,814673753211.0,39387378.0,1256179530.0,,,2573569456721.0,20732778230.0,938315556488.0,,1141809787.0,,,,,3.1590184986043695,0.013105392982457685,0.02209574176474303,
amd,A,dis_deblock_en_sao,superfast,37,OldTownCross,76014618567.0,1643186515.0,956360936.0,16765557206.0,294464463818.0,11553904.0,481129675.0,,,763664054703.0,5258085392.0,281431099332.0,,531119992.0,,,,,2.5933997087505904,0.05704319422546486,0.018683384332721226,
amd,A,dis_deblock_en_sao,superfast,37,PedestrianArea,66043375490.0,1186687297.0,872086052.0,15763128797.0,249624435313.0,13640086.0,472858152.0,,,669519403371.0,5043607054.0,247700503685.0,,355601740.0,,,,,2.6821068319353456,0.05532442595825096,0.02036171497016389,
amd,A,dis_deblock_en_sao,superfast,37,PierSeaSide,252298939906.0,3941587901.0,2967246539.0,59628190366.0,934185088999.0,38271282.0,1328468905.0,,,2568714706918.0,20959985800.0,937336660710.0,,1266738965.0,,,,,2.74968497909813,0.04976247846508393,0.022361214149165507,
amd,A,dis_deblock_en_sao,superfast,37,RitualDance,61333428021.0,994294861.0,847636395.0,14635653308.0,229148936568.0,11604527.0,447888248.0,,,623436008726.0,4768525133.0,228506145757.0,,330455051.0,,,,,2.7206585291788827,0.05791585637907077,0.020868257688224222,
amd,A,dis_deblock_en_sao,superfast,37,Riverbed,74142727739.0,1661154335.0,953299184.0,18098821036.0,291487939125.0,11016521.0,502283918.0,,,754259970034.0,5443301068.0,280721735084.0,,736059178.0,,,,,2.58761982501975,0.05267189404789471,0.01939037982353311,
amd,A,dis_deblock_en_sao,superfast,37,RushFieldCuts,78375609358.0,2055854504.0,970826133.0,18386067429.0,319726362081.0,13145617.0,534294299.0,,,798744742278.0,5494494891.0,295614383156.0,,745823025.0,,,,,2.498213588267222,0.05280227197844027,0.018586696737622796,
amd,A,dis_deblock_en_sao,superfast,37,Skater227,,,27927.0,89031.0,2715625.0,,,,,1131942.0,14233.0,1247641.0,,727.0,,,,,0.4168255926352129,0.3136772584830003,0.011407929043691254,
amd,A,dis_deblock_en_sao,superfast,37,Tango,269394743502.0,4236555474.0,3582746793.0,62462484081.0,981505324107.0,38777001.0,1807065594.0,,,2697720868043.0,21636732430.0,995315461932.0,,2245294147.0,,,,,2.7485544925570924,0.057358378324403034,0.021738567577359934,
amd,A,dis_deblock_en_sao,superfast,37,TimeLapse,261723725167.0,4789850933.0,2985529045.0,63566453164.0,991527727537.0,35593325.0,1420964288.0,,,2666257326332.0,21407319918.0,983463701667.0,,1790526584.0,,,,,2.689039602508247,0.04696705410473986,0.02176726998842353,
amd,A,dis_deblock_en_sao,superfast,37,ToddlerFountain,78594425649.0,2023057709.0,837057096.0,18247740755.0,316779239873.0,11346249.0,396460551.0,,,797493467943.0,5431171573.0,294696056815.0,,566701508.0,,,,,2.517505466149623,0.04587182091408444,0.01842973954826108,
amd,A,dis_deblock_en_sao,superfast,37,TreesAndGrass_1920_1080,98638852918.0,3294229515.0,878001709.0,19958361352.0,425568959973.0,14458197.0,413016328.0,,,994513447638.0,5739098386.0,357471612574.0,,570109937.0,,,,,2.336903160656022,0.04399167313963963,0.016054696888167456,
amd,A,dis_deblock_en_sao,superfast,37,TunnelFlag,70831243422.0,1574954488.0,815122982.0,16739743126.0,278268184665.0,11040343.0,489721925.0,,,719518795790.0,5115440037.0,266177482752.0,,480572067.0,,,,,2.585702697763348,0.04869387635548357,0.01921815468427922,
amd,A,dis_deblock_en_sao,superfast,37,Vertical_Carnaby,59944928102.0,825322868.0,168703983.0,10774873381.0,192749097926.0,7754182.0,237335009.0,,,619994125825.0,3984301833.0,226402299782.0,,278754929.0,,,,,3.2165863938985977,0.01565716617120403,0.0175983275648544,
amd,A,dis_deblock_en_sao,superfast,37,Vertical_bees,66925056188.0,1384633278.0,813258064.0,15734307779.0,260969923168.0,8528101.0,264778114.0,,,683062554636.0,4274842609.0,253257702579.0,,461782189.0,,,,,2.6173995315018614,0.05168692995095885,0.016879417942546195,
amd,A,dis_deblock_en_sao,superfast,37,WalkingInStreet,93905656256.0,2790346185.0,199960151.0,14658999696.0,346414867141.0,11946698.0,360396058.0,,,965184126544.0,5126090181.0,340204953098.0,,328190848.0,,,,,2.7862087285969297,0.013640777348168109,0.015067652996584592,
amd,A,dis_deblock_en_sao,superfast,37,WorldCup_1920x1080_30p,60776543686.0,1053769961.0,1003774790.0,14675765326.0,229006303159.0,10915521.0,342335824.0,,,619813746597.0,4819259410.0,227768918725.0,,431419411.0,,,,,2.706535750531988,0.0683967593990948,0.021158547166914378,
amd,A,dis_deblock_en_sao,superfast,37,WorldCup_far_1920x1080_30p,73915819999.0,1854824703.0,973138571.0,18287867782.0,301912034262.0,10737428.0,399782131.0,,,754821112619.0,5322910402.0,280618844448.0,,612272446.0,,,,,2.5001358904559745,0.05321224883076968,0.018968470960924223,
amd,A,dis_deblock_en_sao,veryfast,22,Aerial3200,130441255799.0,5114314335.0,1187978087.0,21054306567.0,600111877418.0,21408723.0,591490656.0,,,1322559518663.0,5321123310.0,442497624466.0,,643946114.0,,,,,2.2038549284399327,0.056424469892635054,0.01202520198028511,
amd,A,dis_deblock_en_sao,veryfast,22,Boat,133584753927.0,5560614132.0,1158025557.0,21844191266.0,615460364730.0,22100802.0,502843248.0,,,1348388064758.0,5619333210.0,460445216828.0,,735089427.0,,,,,2.1908609262751346,0.053012974611810926,0.012204129839183692,
amd,A,dis_deblock_en_sao,veryfast,22,BoxingPractice,410443487852.0,13383570456.0,4078567714.0,82177092713.0,1737848323382.0,63612751.0,2084172719.0,,,4175864708452.0,21438207836.0,1517460065658.0,,2660877427.0,,,,,2.4028936543353874,0.049631443256872375,0.014127691608611775,
amd,A,dis_deblock_en_sao,veryfast,22,Crosswalk,409177364453.0,12395452309.0,4493983429.0,83411663719.0,1700669483777.0,72341607.0,2220819108.0,,,4156827627464.0,21995365438.0,1523705713879.0,,2362256497.0,,,,,2.4442301500184165,0.05387715852472961,0.014435441987025776,
amd,A,dis_deblock_en_sao,veryfast,22,CrowdRun,158449270706.0,6947145851.0,1202152453.0,23259668400.0,735896080626.0,24747972.0,504750961.0,,,1585989920349.0,5692449336.0,530568366034.0,,778170594.0,,,,,2.1551819096520477,0.05168398931259054,0.010728964824177277,
amd,A,dis_deblock_en_sao,veryfast,22,DinnerSceneCropped,138654521038.0,5553191712.0,1154824858.0,22731433241.0,606969589523.0,24512254.0,629638609.0,,,1386030842244.0,5650026292.0,485114696394.0,,695504352.0,,,,,2.283526005533888,0.05080299362369625,0.011646784428503825,
amd,A,dis_deblock_en_sao,veryfast,22,FoodMarket,129951724930.0,5061708113.0,1118577173.0,22400070145.0,576294154012.0,22449381.0,584439151.0,,,1309912484647.0,5606524633.0,461215816684.0,,674847837.0,,,,,2.272992837993849,0.04993632456323721,0.012155967835858686,
amd,A,dis_deblock_en_sao,veryfast,22,FoodMarket2,421326267144.0,14182227946.0,4201819782.0,84864621820.0,1836675492612.0,73071130.0,2071389919.0,,,4304954514967.0,21523120510.0,1570158031735.0,,2496316308.0,,,,,2.3438841168642015,0.049512030948681604,0.013707614185953811,
amd,A,dis_deblock_en_sao,veryfast,22,MeridianTalk_sdr,104593094642.0,3317394623.0,1189778384.0,20387802679.0,435460869094.0,17359076.0,607316082.0,,,1052302833963.0,5472623543.0,381395851600.0,,583743574.0,,,,,2.4165267390210587,0.05835736213130533,0.014348933057456464,
amd,A,dis_deblock_en_sao,veryfast,22,Motorcycle,119192183953.0,4538307443.0,1364465351.0,21920486040.0,544649187261.0,23018710.0,695695039.0,,,1205839854607.0,5491710861.0,420475373733.0,,633091468.0,,,,,2.2139753125696897,0.06224612668305597,0.013060719376367597,
amd,A,dis_deblock_en_sao,veryfast,22,MountainBike,122714262414.0,4818342551.0,1464199024.0,22090759712.0,566916521376.0,23540756.0,630651417.0,,,1242038209468.0,5601881285.0,433419005406.0,,649676715.0,,,,,2.1908661374929914,0.06628106244823383,0.012924863042755834,
amd,A,dis_deblock_en_sao,veryfast,22,Neon1224,343878840676.0,9553124349.0,3834660528.0,74579240987.0,1417008438085.0,51614663.0,1858154909.0,,,3487685791629.0,20467434637.0,1284934588975.0,,2159616613.0,,,,,2.461302062775571,0.051417264070419064,0.015928775528820494,
amd,A,dis_deblock_en_sao,veryfast,22,NocturneDance_3840x2160p_8bit,360848417193.0,10692031975.0,976309865.0,60380833972.0,1339900314249.0,53900485.0,1728407180.0,,,3720106301312.0,20211811514.0,1367486201403.0,,1382834185.0,,,,,2.776405275639539,0.016169201396799813,0.01478026724749638,
amd,A,dis_deblock_en_sao,veryfast,22,OldTownCross,161014160481.0,7010168473.0,1341832220.0,24003904451.0,728589761963.0,24713819.0,452161968.0,,,1600406730728.0,5901390287.0,538569454744.0,,907947973.0,,,,,2.1965814156050048,0.055900581621591124,0.010957528755144733,
amd,A,dis_deblock_en_sao,veryfast,22,PedestrianArea,106401471777.0,3618533974.0,1084294303.0,20656401419.0,456709957750.0,17981172.0,505465734.0,,,1080673926881.0,5403413403.0,390368470051.0,,696741388.0,,,,,2.3662149435168516,0.05249192640121011,0.013841828471172548,
amd,A,dis_deblock_en_sao,veryfast,22,PierSeaSide,388389610611.0,11835121425.0,4264173575.0,77564427202.0,1615552442948.0,82158531.0,2569532117.0,,,3913414729504.0,21032073761.0,1425216256626.0,,1848487817.0,,,,,2.4223384060271953,0.05497589202708698,0.01475711048286138,
amd,A,dis_deblock_en_sao,veryfast,22,RitualDance,82440932159.0,2263005498.0,1047249098.0,17992433797.0,337393516865.0,17742472.0,602360064.0,,,832549307124.0,5009610045.0,305721378078.0,,429183917.0,,,,,2.46759130068621,0.05820497159059242,0.016386194764966278,
amd,A,dis_deblock_en_sao,veryfast,22,Riverbed,121083038282.0,4498214164.0,1141471039.0,22325195075.0,536215005633.0,21588609.0,568899573.0,,,1233957969803.0,5681839689.0,438581012988.0,,749930255.0,,,,,2.301237296308627,0.05112927502605484,0.012955051679712046,
amd,A,dis_deblock_en_sao,veryfast,22,RushFieldCuts,122173873589.0,4718693320.0,1160641092.0,22314258686.0,553358555507.0,21826741.0,533084285.0,,,1236100357540.0,5690369616.0,436286694630.0,,735380673.0,,,,,2.2338144865356893,0.05201342819997816,0.01304273012686259,
amd,A,dis_deblock_en_sao,veryfast,22,Skater227,,,27269.0,89405.0,2964143.0,,,,,832070.0,14538.0,1252072.0,,1002.0,,,,,0.2807118280055989,0.305005312901963,0.011611153352203387,
amd,A,dis_deblock_en_sao,veryfast,22,Tango,471106317596.0,16239755512.0,4629874916.0,85749973845.0,1999796459548.0,70500960.0,2709780486.0,,,4765209829284.0,22437446422.0,1698296962056.0,,3746677319.0,,,,,2.3828474175622087,0.05399272685923931,0.013211733238241607,
amd,A,dis_deblock_en_sao,veryfast,22,TimeLapse,393518913534.0,12974909864.0,3873927064.0,78489061237.0,1677170747224.0,64996432.0,2354952028.0,,,3997216943121.0,21049293509.0,1447917541953.0,,2425140086.0,,,,,2.3833094810036886,0.049356267012833355,0.014537632771965731,
amd,A,dis_deblock_en_sao,veryfast,22,ToddlerFountain,133638769000.0,5550284905.0,1282714086.0,22327508265.0,613207987807.0,31215421.0,1003425292.0,,,1342430803584.0,5704612967.0,465715284532.0,,672853671.0,,,,,2.189193275816417,0.05744994339609082,0.012249142676802199,
amd,A,dis_deblock_en_sao,veryfast,22,TreesAndGrass_1920_1080,147690817134.0,6151590802.0,1152631388.0,22359937062.0,691139419104.0,22292174.0,466293499.0,,,1486506883501.0,5623879540.0,495800235935.0,,673685961.0,,,,,2.1508061071500193,0.05154895493685715,0.011343035223438856,
amd,A,dis_deblock_en_sao,veryfast,22,TunnelFlag,111182837752.0,4064958539.0,1112855404.0,21638826330.0,490576730948.0,19762298.0,493925123.0,,,1125767083940.0,5411956188.0,400843315278.0,,660741106.0,,,,,2.2947828808850064,0.05142863975284744,0.013501425573846986,
amd,A,dis_deblock_en_sao,veryfast,22,Vertical_Carnaby,77515674208.0,1895125896.0,248621860.0,13866382039.0,277154724373.0,11492461.0,367808775.0,,,803556848503.0,4775763784.0,296553651819.0,,341381568.0,,,,,2.899307779511484,0.017929829085967533,0.01610421505419486,
amd,A,dis_deblock_en_sao,veryfast,22,Vertical_bees,89932473671.0,2738983260.0,1068599833.0,19693919130.0,383356537213.0,15608495.0,490375650.0,,,917620812143.0,5301138761.0,335926913860.0,,580687828.0,,,,,2.3936485309839726,0.05426039509688999,0.015780631269125666,
amd,A,dis_deblock_en_sao,veryfast,22,WalkingInStreet,140668771122.0,5543126419.0,291809903.0,15185131112.0,548789499061.0,20275194.0,422849580.0,,,1420825398098.0,4873540876.0,455584888387.0,,348352068.0,,,,,2.589017101327717,0.019216818139251902,0.010697327765314582,
amd,A,dis_deblock_en_sao,veryfast,22,WorldCup_1920x1080_30p,79259044224.0,2211385147.0,1190103727.0,17972533976.0,330650424127.0,22849090.0,969377595.0,,,808565371393.0,4993926827.0,298569301201.0,,553788841.0,,,,,2.445378298025219,0.0662179149912433,0.01672618988928817,
amd,A,dis_deblock_en_sao,veryfast,22,WorldCup_far_1920x1080_30p,106803340231.0,3931517073.0,1231227561.0,21415352960.0,481013457021.0,20208009.0,496315743.0,,,1085660160483.0,5323185403.0,387903835608.0,,782518218.0,,,,,2.2570265855069467,0.057492751265865664,0.013722951191385993,
amd,A,dis_deblock_en_sao,veryfast,27,Aerial3200,113920174473.0,4087994732.0,1167925389.0,20755855363.0,509303627032.0,18657843.0,481700238.0,,,1160567890978.0,5284752390.0,401377303267.0,,634816452.0,,,,,2.2787347848694597,0.056269682389576595,0.013166545160837189,
amd,A,dis_deblock_en_sao,veryfast,27,Boat,116747639979.0,4475037538.0,1117697377.0,21104211586.0,522823904216.0,19990612.0,648546947.0,,,1181292783211.0,5388586288.0,416428941837.0,,693982782.0,,,,,2.2594467729672885,0.05296086861361133,0.012939989867729266,
amd,A,dis_deblock_en_sao,veryfast,27,BoxingPractice,333949767096.0,8429296751.0,3725269574.0,72740172703.0,1323473931936.0,49150472.0,1888319101.0,,,3369339616463.0,20190317048.0,1251566055517.0,,2270354061.0,,,,,2.5458299821094874,0.051213372687611995,0.01613204269882482,
amd,A,dis_deblock_en_sao,veryfast,27,Crosswalk,328578478237.0,7040357100.0,4176303179.0,71578129748.0,1242603403609.0,49192296.0,1914378829.0,,,3260983358770.0,20384440060.0,1218637520461.0,,1847829319.0,,,,,2.6243154889958014,0.05834607852570627,0.016727238180134767,
amd,A,dis_deblock_en_sao,veryfast,27,CrowdRun,132575909946.0,5320511959.0,1162653069.0,22030256725.0,597070896272.0,22067077.0,535269518.0,,,1330247927485.0,5558259458.0,463623800522.0,,732824655.0,,,,,2.227956404827,0.05277528462392442,0.011988727610062047,
amd,A,dis_deblock_en_sao,veryfast,27,DinnerSceneCropped,103009337914.0,3096556029.0,1034113775.0,20580756791.0,426808826478.0,16710750.0,448966022.0,,,1040541988675.0,5368336269.0,382546698195.0,,603387526.0,,,,,2.4379579899073036,0.05024663502423875,0.014033152800245932,
amd,A,dis_deblock_en_sao,veryfast,27,FoodMarket,99958673020.0,3107526710.0,1044331874.0,19999715253.0,420000746546.0,16845596.0,438641393.0,,,1008031297692.0,5224262403.0,370800157250.0,,595065965.0,,,,,2.40007025221227,0.05221733713650488,0.014089159081660557,
amd,A,dis_deblock_en_sao,veryfast,27,FoodMarket2,353978848745.0,9858466487.0,3708589406.0,79101179407.0,1472194816014.0,59991020.0,2116186512.0,,,3605688169778.0,21096482593.0,1344345454144.0,,2234545799.0,,,,,2.449192274389663,0.0468841227627993,0.01569275406702141,
amd,A,dis_deblock_en_sao,veryfast,27,MeridianTalk_sdr,81349114568.0,1878694309.0,1065835729.0,17609689270.0,315029819123.0,13072463.0,650175294.0,,,812190743952.0,4981521714.0,302021697749.0,,483877157.0,,,,,2.578139257461494,0.06052552731954026,0.016493919977034147,
amd,A,dis_deblock_en_sao,veryfast,27,Motorcycle,106065824843.0,3807579108.0,1668141479.0,21165051451.0,475419713334.0,21623625.0,656273279.0,,,1073801940880.0,5377074127.0,381113547023.0,,608201259.0,,,,,2.258639914928421,0.07881584804374213,0.014108850679809333,
amd,A,dis_deblock_en_sao,veryfast,27,MountainBike,109187387705.0,3947209335.0,1205378953.0,20917597259.0,488091530958.0,22496206.0,706336642.0,,,1105178417633.0,5314979763.0,393024998469.0,,782400204.0,,,,,2.264285175085531,0.057625115259419865,0.013523261328679126,
amd,A,dis_deblock_en_sao,veryfast,27,Neon1224,305234751648.0,7171381691.0,3728676538.0,68051963933.0,1214016304075.0,50641624.0,1906931258.0,,,3102234927439.0,19713580857.0,1145349726655.0,,1963026460.0,,,,,2.555348653083121,0.05479160809629297,0.0172118440317558,
amd,A,dis_deblock_en_sao,veryfast,27,NocturneDance_3840x2160p_8bit,314628850028.0,7508946644.0,886885578.0,56167224818.0,1121453799009.0,47450427.0,1666403740.0,,,3253531089893.0,19560114535.0,1202600263282.0,,1357250201.0,,,,,2.901172649972796,0.015790090766880444,0.016264851366004824,
amd,A,dis_deblock_en_sao,veryfast,27,OldTownCross,123876293176.0,4470279992.0,1236207617.0,21941974369.0,539888936060.0,23635244.0,663535342.0,,,1250605174100.0,5538201934.0,443881959574.0,,821431955.0,,,,,2.3164119332147517,0.056339853297182566,0.01247674480691915,
amd,A,dis_deblock_en_sao,veryfast,27,PedestrianArea,83931584693.0,2249023436.0,1096430629.0,18901264113.0,342255765916.0,17640430.0,505732583.0,,,851422692546.0,5047604893.0,316109986922.0,,458296555.0,,,,,2.4876796166378248,0.058008322747360154,0.01596787542889461,
amd,A,dis_deblock_en_sao,veryfast,27,PierSeaSide,322156516897.0,7673574760.0,4044377353.0,69194211877.0,1276074084350.0,63867543.0,1950412944.0,,,3254202998054.0,19609167337.0,1198034996537.0,,1608458446.0,,,,,2.5501677668750786,0.058449648363497614,0.01636777505972831,
amd,A,dis_deblock_en_sao,veryfast,27,RitualDance,73270526745.0,1686130336.0,915898897.0,16305204494.0,291352184926.0,13690232.0,518153443.0,,,741571433160.0,4642084251.0,273236566225.0,,448742467.0,,,,,2.5452750023081183,0.05617218093382595,0.016989249700852332,
amd,A,dis_deblock_en_sao,veryfast,27,Riverbed,98868949473.0,3072070163.0,1026265780.0,20570408781.0,422137893871.0,16377476.0,508973659.0,,,1007136154346.0,5332835530.0,372323074527.0,,606498362.0,,,,,2.385798974620762,0.049890393084843186,0.014323140022344425,
amd,A,dis_deblock_en_sao,veryfast,27,RushFieldCuts,107093275190.0,3750312459.0,1142033467.0,20934327067.0,468739636707.0,19022577.0,703690678.0,,,1086400045940.0,5349209677.0,391721812987.0,,912072656.0,,,,,2.3177046719842203,0.05455314915759838,0.013655633920946658,
amd,A,dis_deblock_en_sao,veryfast,27,Skater227,0.0,,30200.0,91839.0,3556298.0,,,,,5631757.0,12745.0,1250678.0,,1050.0,,,,,1.5836009805702447,0.3288363331482268,0.010190472687614239,
amd,A,dis_deblock_en_sao,veryfast,27,Tango,359401826754.0,9081750237.0,4381556477.0,75950993928.0,1413499204482.0,56456762.0,2344200081.0,,,3595758900522.0,20859298337.0,1337794306641.0,,3125530648.0,,,,,2.5438704805212287,0.05768925790692912,0.01559230610673965,
amd,A,dis_deblock_en_sao,veryfast,27,TimeLapse,333263685776.0,8866523040.0,3695493450.0,73254515774.0,1357178260505.0,51281468.0,1787724701.0,,,3391253198183.0,20158255632.0,1249445533796.0,,2272523581.0,,,,,2.498752961840937,0.05044731250973104,0.016133761005776893,
amd,A,dis_deblock_en_sao,veryfast,27,ToddlerFountain,112513769438.0,4137425947.0,1229757240.0,20784410488.0,495312890229.0,27097299.0,1085504434.0,,,1132380355953.0,5273707857.0,403029622754.0,,639575781.0,,,,,2.2861919774174706,0.0591672898641993,0.013085161882055876,
amd,A,dis_deblock_en_sao,veryfast,27,TreesAndGrass_1920_1080,132474001993.0,5336343050.0,1116879217.0,21707693267.0,612980812571.0,27650062.0,974050793.0,,,1331198085194.0,5481892168.0,455716659173.0,,655397621.0,,,,,2.1716798599463676,0.051450847552645215,0.012029167812184268,
amd,A,dis_deblock_en_sao,veryfast,27,TunnelFlag,93607499362.0,2945895967.0,1053713325.0,19986301420.0,398292007540.0,17938838.0,646941028.0,,,950579778601.0,5264827536.0,346398280282.0,,588400517.0,,,,,2.3866403558337392,0.052721776923946743,0.015198769265580496,
amd,A,dis_deblock_en_sao,veryfast,27,Vertical_Carnaby,70039807282.0,1394675545.0,226751225.0,12788909290.0,240705662530.0,10259361.0,375411646.0,,,726086219581.0,4562144929.0,267979073987.0,,322102354.0,,,,,3.0164899817863873,0.01773030208114018,0.01702425813002591,
amd,A,dis_deblock_en_sao,veryfast,27,Vertical_bees,80666270874.0,2168983321.0,1004056830.0,18346860851.0,333119143743.0,12742493.0,362563968.0,,,823863443897.0,4951433263.0,303849573277.0,,541260833.0,,,,,2.4731795196153814,0.054726355541377184,0.01629567291998827,
amd,A,dis_deblock_en_sao,veryfast,27,WalkingInStreet,127240172211.0,4762728436.0,283548241.0,15182680019.0,490408327271.0,20153735.0,508295996.0,,,1290787584839.0,4884573409.0,427650936582.0,,348418616.0,,,,,2.632067020602833,0.018675770064650005,0.011421870013988398,
amd,A,dis_deblock_en_sao,veryfast,27,WorldCup_1920x1080_30p,71333660787.0,1691027358.0,1177241951.0,16468179985.0,286680311391.0,19421514.0,958128270.0,,,727099161087.0,4709732924.0,268693883779.0,,505198138.0,,,,,2.5362717012516347,0.07148585648640517,0.017528247601920642,
amd,A,dis_deblock_en_sao,veryfast,27,WorldCup_far_1920x1080_30p,94126458979.0,3118875103.0,1163565950.0,20324761593.0,411118333797.0,16778835.0,473986578.0,,,957932360181.0,5108122244.0,349590483344.0,,741334861.0,,,,,2.3300648047819807,0.05724868873250355,0.01461173140395119,
amd,A,dis_deblock_en_sao,veryfast,32,Aerial3200,99624870598.0,3192003305.0,1164553456.0,20438925323.0,431960888319.0,17856786.0,493286993.0,,,1020394847313.0,5287279501.0,362103628498.0,,636660637.0,,,,,2.362238977894327,0.05697723523112654,0.014601564538117307,
amd,A,dis_deblock_en_sao,veryfast,32,Boat,101181046476.0,3415934783.0,1039108413.0,20266064232.0,437253625298.0,16300282.0,449507562.0,,,1024677933434.0,5355411379.0,370509967007.0,,656165510.0,,,,,2.343440680990706,0.0512733208137796,0.014454162791520318,
amd,A,dis_deblock_en_sao,veryfast,32,BoxingPractice,286057871025.0,5548519541.0,3551687517.0,64242895474.0,1078823399026.0,43336267.0,2098837831.0,,,2887024443344.0,18943956095.0,1067936633263.0,,1910474936.0,,,,,2.67608623056425,0.055285296386390584,0.0177388390892802,
amd,A,dis_deblock_en_sao,veryfast,32,Crosswalk,285836824132.0,4808133430.0,4026254784.0,61921528377.0,1040671723939.0,40679452.0,1679063767.0,,,2851945199476.0,18715751755.0,1055809711888.0,,1584088157.0,,,,,2.7404849520473467,0.06502188963241907,0.017726444021368654,
amd,A,dis_deblock_en_sao,veryfast,32,CrowdRun,110107197577.0,3913581175.0,1320568597.0,20960506525.0,478925392388.0,18423139.0,490519753.0,,,1107003638143.0,5532245828.0,397975697682.0,,656848669.0,,,,,2.3114323352606125,0.06300270441579894,0.013900963953885714,
amd,A,dis_deblock_en_sao,veryfast,32,DinnerSceneCropped,78875573030.0,1574317644.0,998934418.0,16762924803.0,294397897164.0,15114321.0,627822837.0,,,777135420173.0,4833003303.0,290426483838.0,,441847034.0,,,,,2.639745146481402,0.05959189280746665,0.016641055729944558,
amd,A,dis_deblock_en_sao,veryfast,32,FoodMarket,82531706964.0,2042770018.0,995745880.0,18165728900.0,329926637556.0,20731820.0,1074272635.0,,,829085749093.0,5078135148.0,308793867896.0,,522764210.0,,,,,2.5129397105811906,0.054814529352576656,0.01644506473719966,
amd,A,dis_deblock_en_sao,veryfast,32,FoodMarket2,311378184457.0,7378015967.0,3760647305.0,71924478889.0,1250826980422.0,53885296.0,2312140579.0,,,3174496186447.0,20048520871.0,1186034420701.0,,2023958866.0,,,,,2.537917902423242,0.052286055639050956,0.016903827174889592,
amd,A,dis_deblock_en_sao,veryfast,32,MeridianTalk_sdr,70276243349.0,1244345209.0,1001071245.0,15727033320.0,261422703949.0,10989454.0,607457554.0,,,706207473912.0,4796148798.0,260674942381.0,,394579677.0,,,,,2.701400694140825,0.06365289782447031,0.018398963683244993,
amd,A,dis_deblock_en_sao,veryfast,32,Motorcycle,93627101754.0,3017334848.0,1122943135.0,19211228946.0,403301229379.0,15382917.0,412128527.0,,,949752985123.0,5119644201.0,341318174008.0,,549692570.0,,,,,2.354946912969797,0.05845243623697534,0.014999623784697744,
amd,A,dis_deblock_en_sao,veryfast,32,MountainBike,96040417966.0,3124606183.0,1181395184.0,19941014348.0,416000345921.0,16411546.0,458870218.0,,,974263935267.0,5361309717.0,351838607622.0,,724503916.0,,,,,2.3419786661716295,0.059244487937419744,0.015237980144464295,
amd,A,dis_deblock_en_sao,veryfast,32,Neon1224,273647380842.0,5328129440.0,3519444219.0,63546256610.0,1051345087390.0,44893394.0,1776571423.0,,,2786318990795.0,18830876898.0,1026355491203.0,,1755065499.0,,,,,2.650242079612634,0.055383973923117925,0.018347324157566663,
amd,A,dis_deblock_en_sao,veryfast,32,NocturneDance_3840x2160p_8bit,276265391144.0,5088761287.0,789623310.0,50944721169.0,940157014786.0,41259451.0,1466101698.0,,,2867554956867.0,18375044229.0,1053428604697.0,,1265804958.0,,,,,3.0500809032624376,0.015499610006315785,0.017443084559380515,
amd,A,dis_deblock_en_sao,veryfast,32,OldTownCross,93330115354.0,2585394838.0,1125976392.0,19107824895.0,377864126273.0,15437018.0,449201430.0,,,930828718877.0,5178239621.0,340898111807.0,,653105156.0,,,,,2.4633953163484303,0.058927502119544624,0.015189992087523408,
amd,A,dis_deblock_en_sao,veryfast,32,PedestrianArea,72805651917.0,1553933421.0,1029002905.0,17216752872.0,283293428568.0,14747640.0,396904519.0,,,737855846850.0,4861962385.0,273600098427.0,,406293069.0,,,,,2.6045639342209084,0.059767536459995954,0.017770323961697088,
amd,A,dis_deblock_en_sao,veryfast,32,PierSeaSide,281456710982.0,5390565973.0,3659952978.0,61695412826.0,1070626174130.0,53720706.0,2162176562.0,,,2856958342464.0,18491855372.0,1048818352525.0,,1396537026.0,,,,,2.668492898359774,0.05932293521273925,0.017631132528794325,
amd,A,dis_deblock_en_sao,veryfast,32,RitualDance,66823110334.0,1273427048.0,936547945.0,15549553976.0,254643524271.0,14535650.0,553628057.0,,,677587977527.0,4641115160.0,249016748996.0,,352739393.0,,,,,2.660927582850639,0.060229891252541225,0.01863776303687328,
amd,A,dis_deblock_en_sao,veryfast,32,Riverbed,84994950857.0,2203113407.0,1105744874.0,19458185839.0,345216108768.0,14254934.0,582017393.0,,,864126913568.0,5200479030.0,321736673364.0,,848979058.0,,,,,2.503147714201049,0.05682671977485989,0.016163774479374896,
amd,A,dis_deblock_en_sao,veryfast,32,RushFieldCuts,91734140807.0,2806929398.0,1120543002.0,19616525205.0,387930304188.0,16894757.0,610186260.0,,,932500850078.0,5278903328.0,341896548712.0,,846703423.0,,,,,2.4037844943046482,0.05712240013406594,0.015440060298610201,
amd,A,dis_deblock_en_sao,veryfast,32,Skater227,,,28445.0,89314.0,2045669.0,,,,,1484625.0,14270.0,1235288.0,,525.0,,,,,0.7257405767990813,0.3184831045524778,0.011551961971621193,
amd,A,dis_deblock_en_sao,veryfast,32,Tango,301342700850.0,5685543723.0,4019308436.0,64348810642.0,1114669311300.0,48618005.0,2182986211.0,,,2998278395608.0,19368048373.0,1113545092099.0,,2522358379.0,,,,,2.689836676414113,0.062461270004835596,0.017393142415536845,
amd,A,dis_deblock_en_sao,veryfast,32,TimeLapse,292462140421.0,6532458891.0,3487309027.0,67191066365.0,1148369463288.0,48007809.0,1869875210.0,,,2978107887028.0,19309149428.0,1101065888140.0,,2062742534.0,,,,,2.5933360144400837,0.05190137938957534,0.017536779257250817,
amd,A,dis_deblock_en_sao,veryfast,32,ToddlerFountain,94805225126.0,2949994712.0,997066429.0,19241313397.0,396881185419.0,14412921.0,366222408.0,,,958363147323.0,5216733492.0,348613379922.0,,630669780.0,,,,,2.4147356501952233,0.05181904210112066,0.01496423772709817,
amd,A,dis_deblock_en_sao,veryfast,32,TreesAndGrass_1920_1080,117280566233.0,4437467772.0,1126576633.0,20809173217.0,527504009720.0,18826917.0,459847057.0,,,1178022126536.0,5453261101.0,413488685727.0,,622564888.0,,,,,2.2332003261194093,0.0541384619778957,0.013188416731190651,
amd,A,dis_deblock_en_sao,veryfast,32,TunnelFlag,80286796059.0,2115929652.0,969968048.0,18047855836.0,326950518954.0,15244123.0,617131423.0,,,815684379076.0,4955648153.0,300531255903.0,,536830316.0,,,,,2.4948251548447975,0.05374422628449901,0.016489626471994957,
amd,A,dis_deblock_en_sao,veryfast,32,Vertical_Carnaby,64258754785.0,1041463035.0,223775367.0,12031764299.0,212846859247.0,8872454.0,288009640.0,,,666671484989.0,4501946140.0,243921744045.0,,300105985.0,,,,,3.1321650098456715,0.018598715985368722,0.018456518329786363,
amd,A,dis_deblock_en_sao,veryfast,32,Vertical_bees,73146331515.0,1712172720.0,956366464.0,17319086202.0,293113572942.0,11165656.0,392431294.0,,,748254643977.0,4921444415.0,276594016207.0,,494070792.0,,,,,2.552780604687526,0.05522037668994102,0.01779302561381821,
amd,A,dis_deblock_en_sao,veryfast,32,WalkingInStreet,109934006072.0,3736448844.0,257411678.0,14797093353.0,414895737821.0,17183242.0,493810294.0,,,1123450631512.0,4786268884.0,385066663034.0,,341543232.0,,,,,2.7077902448751945,0.017396097453680773,0.012429715016844731,
amd,A,dis_deblock_en_sao,veryfast,32,WorldCup_1920x1080_30p,65313854045.0,1311548017.0,1104718917.0,15527057390.0,252367135708.0,13313862.0,499505249.0,,,666159110051.0,4737678161.0,245524132972.0,,462973237.0,,,,,2.6396428686410887,0.07114798955476778,0.01929618120895795,
amd,A,dis_deblock_en_sao,veryfast,32,WorldCup_far_1920x1080_30p,83242725984.0,2396228020.0,1126104850.0,19287902024.0,350631234605.0,14542645.0,454861813.0,,,849215702550.0,5123041047.0,313220963296.0,,677489515.0,,,,,2.42196250287478,0.05838399887135387,0.016355996715834837,
amd,A,dis_deblock_en_sao,veryfast,37,Aerial3200,88312415759.0,2465294676.0,1139226066.0,19586262176.0,370471968735.0,16251738.0,532238149.0,,,908067094848.0,5096777830.0,327568325774.0,,604463553.0,,,,,2.4511087787522836,0.05816454695454598,0.015559434258355102,
amd,A,dis_deblock_en_sao,veryfast,37,Boat,88658209726.0,2588051628.0,1028573238.0,19214729406.0,368222655682.0,13978484.0,454897018.0,,,899095651003.0,5204383079.0,330600684905.0,,618139230.0,,,,,2.4417173607575795,0.053530456571447595,0.01574220295549451,
amd,A,dis_deblock_en_sao,veryfast,37,BoxingPractice,261252212676.0,4161331737.0,3294151765.0,58704095629.0,959182658207.0,38386538.0,1751794087.0,,,2650889014891.0,18108691459.0,974028614270.0,,1688915146.0,,,,,2.7636957280340186,0.05611451347140214,0.018591539502740197,
amd,A,dis_deblock_en_sao,veryfast,37,Crosswalk,262446310969.0,3652519303.0,3732919815.0,57116766614.0,938595563217.0,38005120.0,1852655516.0,,,2643079786545.0,18359594974.0,969670412402.0,,1362116834.0,,,,,2.8159943325173478,0.06535593725442114,0.01893385086229546,
amd,A,dis_deblock_en_sao,veryfast,37,CrowdRun,93332070730.0,2821711856.0,1013798252.0,19317875781.0,388151003677.0,15923555.0,510464774.0,,,942353374788.0,5237721689.0,345563552809.0,,611146764.0,,,,,2.4278009482417304,0.05247979971985927,0.01515704317316993,
amd,A,dis_deblock_en_sao,veryfast,37,DinnerSceneCropped,66745908032.0,862661094.0,846613206.0,14019813353.0,238289726958.0,15566621.0,856534309.0,,,663298833821.0,4457639438.0,243661230074.0,,332040446.0,,,,,2.7835813246699908,0.06038690991694545,0.018294414079113912,
amd,A,dis_deblock_en_sao,veryfast,37,FoodMarket,73223728858.0,1480983895.0,931969937.0,16563111373.0,282453359261.0,16893237.0,866597323.0,,,737699125664.0,4723570374.0,274283736538.0,,449340697.0,,,,,2.6117555393714817,0.056267805970273845,0.017221474497980612,
amd,A,dis_deblock_en_sao,veryfast,37,FoodMarket2,284163715859.0,5734685590.0,3648083888.0,66399296522.0,1108053022823.0,49439141.0,2120801354.0,,,2897150474489.0,19457265878.0,1079293941828.0,,1779126224.0,,,,,2.61463162395234,0.054941604491115126,0.018027772716897893,
amd,A,dis_deblock_en_sao,veryfast,37,MeridianTalk_sdr,64346344190.0,924485489.0,959133507.0,14703111547.0,233991088759.0,9102485.0,514886466.0,,,650701018777.0,4662691935.0,238140286962.0,,368168833.0,,,,,2.78087948659956,0.06523336940851136,0.01957960156377919,
amd,A,dis_deblock_en_sao,veryfast,37,Motorcycle,83143169777.0,2349736860.0,1090071071.0,18086653022.0,344215676801.0,14017516.0,592206644.0,,,844402963218.0,5097370216.0,307445669068.0,,512626455.0,,,,,2.453121749321636,0.06026936380512602,0.016579743118360784,
amd,A,dis_deblock_en_sao,veryfast,37,MountainBike,85030215706.0,2414845252.0,1128836636.0,18624862675.0,353251913002.0,14343686.0,524656316.0,,,863019016537.0,5041172776.0,316149076673.0,,657741107.0,,,,,2.4430696190797807,0.0606091253233898,0.015945555903723853,
amd,A,dis_deblock_en_sao,veryfast,37,Neon1224,250311012735.0,3993604912.0,3303285305.0,58169590041.0,932644887663.0,41076153.0,1726896506.0,,,2555287081286.0,17922363343.0,934959912372.0,,1616614262.0,,,,,2.7398285404093934,0.05678715120171428,0.01916912490668272,
amd,A,dis_deblock_en_sao,veryfast,37,NocturneDance_3840x2160p_8bit,251084927677.0,3516839130.0,740932692.0,46605608447.0,817116660026.0,38210465.0,1635803882.0,,,2609374054592.0,17663358081.0,948824890060.0,,1161984136.0,,,,,3.193392305217436,0.015897929813374078,0.01861603575753903,
amd,A,dis_deblock_en_sao,veryfast,37,OldTownCross,77781276690.0,1681198676.0,1046170386.0,16773091736.0,300933398020.0,11906738.0,557211468.0,,,781190235827.0,4810396391.0,287373113821.0,,539708119.0,,,,,2.5958907883500593,0.06237194683402404,0.016739201267089714,
amd,A,dis_deblock_en_sao,veryfast,37,PedestrianArea,66766686648.0,1177889739.0,1014894851.0,15364878361.0,250612730813.0,13960547.0,584422510.0,,,678233929396.0,4595158977.0,250287407528.0,,356192883.0,,,,,2.7063027771804564,0.06605290501850397,0.018359529240343158,
amd,A,dis_deblock_en_sao,veryfast,37,PierSeaSide,255123303433.0,3977770336.0,3486343198.0,58298545091.0,942437421533.0,47694709.0,2063196894.0,,,2598736977559.0,18180446840.0,947057253299.0,,1312239853.0,,,,,2.757463698047779,0.05980154723515071,0.019196776938954677,
amd,A,dis_deblock_en_sao,veryfast,37,RitualDance,61957918962.0,986834192.0,938186832.0,14422612161.0,229928912909.0,13223354.0,608778042.0,,,629887168957.0,4540115799.0,230277861260.0,,318370778.0,,,,,2.7394865699482227,0.06504971648179925,0.019715815381287947,
amd,A,dis_deblock_en_sao,veryfast,37,Riverbed,76537771537.0,1700344741.0,1080012916.0,18061859810.0,298604809229.0,11327003.0,531916959.0,,,776808746629.0,5008654191.0,289672987770.0,,504758216.0,,,,,2.6014609363952523,0.05979522194065795,0.017290718853553804,
amd,A,dis_deblock_en_sao,veryfast,37,RushFieldCuts,80296785215.0,2098368448.0,1072177941.0,18175499832.0,327009053559.0,13695467.0,561755630.0,,,817319655394.0,5001238981.0,302024100062.0,,761889704.0,,,,,2.499379287816986,0.05899028642460279,0.016559072537500608,
amd,A,dis_deblock_en_sao,veryfast,37,Skater227,,,29232.0,89921.0,2705231.0,,,,,675896.0,14930.0,1246209.0,,492.0,,,,,0.2498477948833205,0.32508535269847977,0.011980333956824256,
amd,A,dis_deblock_en_sao,veryfast,37,Tango,271883102030.0,4167045972.0,3857084148.0,58867530748.0,984022066147.0,44236204.0,2148123679.0,,,2731614621276.0,18256430052.0,1003601967728.0,,2254699966.0,,,,,2.775968868230575,0.0655214190061988,0.018190906992071508,
amd,A,dis_deblock_en_sao,veryfast,37,TimeLapse,266133975251.0,4869691681.0,3505640496.0,61725643294.0,1008886987726.0,42957816.0,1878455665.0,,,2713862237550.0,18809022996.0,998330758272.0,,1804202473.0,,,,,2.68995662603099,0.056793907830212334,0.018840472298535943,
amd,A,dis_deblock_en_sao,veryfast,37,ToddlerFountain,80643452819.0,2072301776.0,952381007.0,18085923362.0,323387727287.0,13323809.0,420953544.0,,,818522747615.0,5036415917.0,301434468737.0,,574716515.0,,,,,2.531087850741404,0.05265868863521948,0.016708161936829617,
amd,A,dis_deblock_en_sao,veryfast,37,TreesAndGrass_1920_1080,102919796399.0,3451014938.0,1051829141.0,19747275287.0,442972968999.0,16627855.0,467757694.0,,,1034848610905.0,5268130247.0,371604771296.0,,572708573.0,,,,,2.3361439259905183,0.05326452007748324,0.014176702383629235,
amd,A,dis_deblock_en_sao,veryfast,37,TunnelFlag,71631399934.0,1557603735.0,928280288.0,16535113871.0,279818471034.0,12361865.0,582557709.0,,,728109192953.0,4751200376.0,268518047613.0,,478189243.0,,,,,2.602076947466879,0.05613993923731352,0.017694156568751902,
amd,A,dis_deblock_en_sao,veryfast,37,Vertical_Carnaby,60344647317.0,804495459.0,207205273.0,11539255780.0,194520287537.0,8872914.0,319093537.0,,,626094847645.0,4542437788.0,227586267255.0,,281274249.0,,,,,3.2186609200128267,0.017956554300419536,0.019959191047807846,
amd,A,dis_deblock_en_sao,veryfast,37,Vertical_bees,67617909776.0,1366253904.0,965091520.0,16307414267.0,263951986507.0,10018142.0,433165915.0,,,691470163495.0,4760396422.0,255225896384.0,,457568167.0,,,,,2.619681604391571,0.05918114939613559,0.01865169831684222,
amd,A,dis_deblock_en_sao,veryfast,37,WalkingInStreet,94893612304.0,2806076320.0,233975487.0,14330554454.0,347867219801.0,13657501.0,425384343.0,,,974813491344.0,4729368374.0,343556324936.0,,337521450.0,,,,,2.8022574012626116,0.016327036595202488,0.01376591851388857,
amd,A,dis_deblock_en_sao,veryfast,37,WorldCup_1920x1080_30p,61297549120.0,1039598740.0,1104363149.0,14489051363.0,230764900052.0,12166992.0,444672562.0,,,625455530253.0,4463540642.0,228965040661.0,,434335728.0,,,,,2.710358161540431,0.07622052826868704,0.01949441988660884,
amd,A,dis_deblock_en_sao,veryfast,37,WorldCup_far_1920x1080_30p,75109301807.0,1849541902.0,1061069182.0,18013065191.0,304864331803.0,13211803.0,579973426.0,,,766044563224.0,4995092988.0,284067591180.0,,619114874.0,,,,,2.512739219749097,0.05890553166543525,0.017584170609715382,
amd,B,en_deblock_dis_sao,fast,22,Aerial3200,,,20567.0,69864.0,3896954.0,,,,,565410.0,9257.0,1201576.0,,953.0,,,,,0.14509024227640357,0.29438623611588227,0.007704048682730015,
amd,B,en_deblock_dis_sao,fast,22,Boat,,,20065.0,68341.0,2096471.0,,,,,438965.0,9390.0,1186719.0,,0.0,,,,,0.20938281521661878,0.29360120571838283,0.007912572394981457,
amd,B,en_deblock_dis_sao,fast,22,BoxingPractice,,,18676.0,67738.0,4773974.0,,,,,2107851.0,8256.0,1197108.0,,883.0,,,,,0.44152963547769636,0.2757093507337093,0.006896620856263596,
amd,B,en_deblock_dis_sao,fast,22,Crosswalk,,,19163.0,69497.0,3105160.0,,,,,475778.0,9349.0,1183391.0,,929.0,,,,,0.1532217341457445,0.2757385210872412,0.007900178385673036,
amd,B,en_deblock_dis_sao,fast,22,CrowdRun,,,19723.0,69526.0,2481291.0,,,,,3852651.0,8133.0,1200813.0,,,,,,,1.5526800363198028,0.2836780484998418,0.0067729113525586415,
amd,B,en_deblock_dis_sao,fast,22,DinnerSceneCropped,,,18758.0,68248.0,4562686.0,,,,,592470.0,9459.0,1199325.0,,1174.0,,,,,0.12985114469853942,0.27485054507091783,0.00788693640172597,
amd,B,en_deblock_dis_sao,fast,22,FoodMarket,,,18853.0,68000.0,5028258.0,,,,,1237241.0,8413.0,1197641.0,,1595.0,,,,,0.24605758097535965,0.27725,0.007024642609930689,
amd,B,en_deblock_dis_sao,fast,22,FoodMarket2,,,18696.0,68533.0,2562327.0,,,,,1672728.0,8090.0,1196682.0,,,,,,,0.6528159754785396,0.27280288328250624,0.0067603590594660905,
amd,B,en_deblock_dis_sao,fast,22,MeridianTalk_sdr,,,20134.0,70188.0,2306687.0,,,,,2701421.0,8468.0,1200213.0,,,,,,,1.1711259481672198,0.28685815239072204,0.007055414330622981,
amd,B,en_deblock_dis_sao,fast,22,Motorcycle,,,18981.0,69450.0,2410544.0,,,,,2124234.0,7997.0,1194885.0,,,,,,,0.8812259805255577,0.273304535637149,0.006692694276018194,
amd,B,en_deblock_dis_sao,fast,22,MountainBike,,,18777.0,68729.0,2458680.0,,,,,769154.0,9211.0,1195805.0,,0.0,,,,,0.3128320887630761,0.2732034512360139,0.007702760901652025,
amd,B,en_deblock_dis_sao,fast,22,Neon1224,,,20039.0,69366.0,2356595.0,,,,,3618100.0,7982.0,1197508.0,,,,,,,1.5353083580335187,0.28888792780324657,0.006665508706413652,
amd,B,en_deblock_dis_sao,fast,22,NocturneDance_3840x2160p_8bit,,,13326.0,62076.0,2363963.0,,,,,4411675.0,8238.0,1228710.0,,,,,,,1.8662199873686687,0.21467233713512468,0.0067045926215298975,
amd,B,en_deblock_dis_sao,fast,22,OldTownCross,,,20606.0,69833.0,2372362.0,,,,,3213324.0,7573.0,1194408.0,,,,,,,1.354483000486435,0.295075394154626,0.006340379501811776,
amd,B,en_deblock_dis_sao,fast,22,PedestrianArea,,,19325.0,68982.0,2425181.0,,,,,1712331.0,7945.0,1198628.0,,,,,,,0.7060631763154998,0.2801455452146937,0.0066284118175113545,
amd,B,en_deblock_dis_sao,fast,22,PierSeaSide,,,19478.0,68939.0,2245606.0,,,,,4416209.0,7791.0,1191568.0,,,,,,,1.966600107053508,0.2825396364902305,0.00653844346273146,
amd,B,en_deblock_dis_sao,fast,22,RitualDance,,,19018.0,69108.0,2901288.0,,,,,528891.0,9333.0,1197836.0,,1420.0,,,,,0.18229524266463723,0.2751924523933553,0.007791550763209655,
amd,B,en_deblock_dis_sao,fast,22,Riverbed,,,19619.0,69298.0,2387397.0,,,,,1578028.0,8023.0,1194867.0,,,,,,,0.6609826518170208,0.2831106236832232,0.006714554841668571,
amd,B,en_deblock_dis_sao,fast,22,RushFieldCuts,,,19169.0,69061.0,2537106.0,,,,,969886.0,9284.0,1192936.0,,896.0,,,,,0.3822804407856826,0.27756620958283257,0.0077824795294969724,
amd,B,en_deblock_dis_sao,fast,22,Skater227,,,18903.0,68670.0,4879741.0,,,,,1890072.0,8247.0,1197138.0,,1346.0,,,,,0.3873303931499643,0.27527304499781563,0.006888930098284408,
amd,B,en_deblock_dis_sao,fast,22,Tango,,,19528.0,69219.0,2691267.0,,,,,575482.0,9298.0,1194382.0,,492.0,,,,,0.21383311280523262,0.28211907135324116,0.007784779074031591,
amd,B,en_deblock_dis_sao,fast,22,TimeLapse,,,18939.0,68992.0,2794889.0,,,,,769217.0,9158.0,1193010.0,,1488.0,,,,,0.27522273693159194,0.27451008812615957,0.007676381589425067,
amd,B,en_deblock_dis_sao,fast,22,ToddlerFountain,,,19148.0,70014.0,2645936.0,,,,,3886597.0,7432.0,1200307.0,,,,,,,1.4688930495673365,0.27348815951095495,0.006191749277476512,
amd,B,en_deblock_dis_sao,fast,22,TreesAndGrass_1920_1080,,,19647.0,69205.0,2859085.0,,,,,623404.0,9777.0,1187181.0,,1403.0,,,,,0.21804318514489776,0.2838956722780146,0.00823547546667273,
amd,B,en_deblock_dis_sao,fast,22,TunnelFlag,,,19512.0,69672.0,2569813.0,,,,,3857547.0,8552.0,1195835.0,,,,,,,1.501100274611421,0.28005511539786426,0.0071514882906086544,
amd,B,en_deblock_dis_sao,fast,22,Vertical_Carnaby,,,13386.0,62396.0,2366478.0,,,,,2633626.0,7759.0,1226944.0,,,,,,,1.1128884358950306,0.2145329828835182,0.006323842000938918,
amd,B,en_deblock_dis_sao,fast,22,Vertical_bees,,,19602.0,68702.0,2773385.0,,,,,845833.0,8583.0,1199659.0,,0.0,,,,,0.3049821788175821,0.28531920468108646,0.007154533079816848,
amd,B,en_deblock_dis_sao,fast,22,WalkingInStreet,,,13209.0,60907.0,1512720.0,,,,,1928307.0,7635.0,1204258.0,,,,,,,1.2747283039822306,0.21687162395126997,0.006340003554055692,
amd,B,en_deblock_dis_sao,fast,22,WorldCup_1920x1080_30p,,,21438.0,71086.0,3119584.0,,,,,445733.0,9492.0,1201158.0,,6.0,,,,,0.1428821919845723,0.3015783698618575,0.007902374208888422,
amd,B,en_deblock_dis_sao,fast,22,WorldCup_far_1920x1080_30p,,,20267.0,71073.0,3464256.0,,,,,612239.0,9018.0,1197918.0,,1283.0,,,,,0.17673029937741322,0.2851575141052158,0.007528061186157984,
amd,B,en_deblock_dis_sao,fast,27,Aerial3200,,,19296.0,68906.0,2716136.0,,,,,1874871.0,7899.0,1198136.0,,,,,,,0.6902714002538901,0.28003366905639565,0.0065927407239244964,
amd,B,en_deblock_dis_sao,fast,27,Boat,,,18796.0,68374.0,1634730.0,,,,,3954730.0,7554.0,1184796.0,,,,,,,2.419194607060493,0.2748998157194255,0.00637578114713419,
amd,B,en_deblock_dis_sao,fast,27,BoxingPractice,,,18755.0,68030.0,5101634.0,,,,,956744.0,8296.0,1199889.0,,1474.0,,,,,0.18753677743248537,0.2756871968249302,0.006913972875824347,
amd,B,en_deblock_dis_sao,fast,27,Crosswalk,0.0,,19542.0,70413.0,2754681.0,,,,,513671.0,9580.0,1199115.0,,0.0,,,,,0.18647204522048105,0.27753397810063485,0.007989225387056287,
amd,B,en_deblock_dis_sao,fast,27,CrowdRun,,,19353.0,68862.0,2585753.0,,,,,708586.0,9167.0,1191881.0,,1425.0,,,,,0.27403468158018185,0.28104034155267055,0.007691204071547411,
amd,B,en_deblock_dis_sao,fast,27,DinnerSceneCropped,,,19890.0,69294.0,3875175.0,,,,,562595.0,9219.0,1199033.0,,1266.0,,,,,0.14517924996935622,0.2870378387739198,0.00768869580737144,
amd,B,en_deblock_dis_sao,fast,27,FoodMarket,,,18948.0,67957.0,1602649.0,,,,,2273562.0,8085.0,1183700.0,,,,,,,1.418627534787717,0.2788233736038966,0.006830277942046127,
amd,B,en_deblock_dis_sao,fast,27,FoodMarket2,,,19662.0,69787.0,2348407.0,,,,,1400689.0,7908.0,1200876.0,,,,,,,0.5964421839996219,0.2817430180406093,0.0065851928092492485,
amd,B,en_deblock_dis_sao,fast,27,MeridianTalk_sdr,,,20086.0,69807.0,2297987.0,,,,,2694309.0,8489.0,1198620.0,,,,,,,1.1724648572859637,0.28773618691535235,0.00708231132469006,
amd,B,en_deblock_dis_sao,fast,27,Motorcycle,0.0,,19751.0,70257.0,3036701.0,,,,,572307.0,9436.0,1195807.0,,548.0,,,,,0.18846340156637087,0.281125012454275,0.007890905472204127,
amd,B,en_deblock_dis_sao,fast,27,MountainBike,,,19412.0,68420.0,2448675.0,,,,,2471479.0,7931.0,1192760.0,,,,,,,1.00931279161179,0.28371821104940076,0.006649284013548409,
amd,B,en_deblock_dis_sao,fast,27,Neon1224,,,19034.0,68720.0,2793597.0,,,,,707510.0,9356.0,1191646.0,,894.0,,,,,0.2532612971735007,0.2769790454016298,0.007851324974027522,
amd,B,en_deblock_dis_sao,fast,27,NocturneDance_3840x2160p_8bit,,,13293.0,61775.0,2399577.0,,,,,499821.0,9108.0,1231312.0,,,,,,,0.20829546207519076,0.2151841359773371,0.00739698792832361,
amd,B,en_deblock_dis_sao,fast,27,OldTownCross,,,19657.0,69062.0,2421105.0,,,,,2285157.0,8086.0,1197225.0,,,,,,,0.943848779792698,0.28462830500130315,0.006753951846979474,
amd,B,en_deblock_dis_sao,fast,27,PedestrianArea,,,19729.0,69513.0,2269150.0,,,,,3824989.0,7664.0,1193924.0,,,,,,,1.6856483705352225,0.28381741544747024,0.0064191690593371105,
amd,B,en_deblock_dis_sao,fast,27,PierSeaSide,,,20131.0,59768.0,5530765.0,,,,,1096553.0,8504.0,1224149.0,,1164.0,,,,,0.19826425458322675,0.3368190335965734,0.006946866762134348,
amd,B,en_deblock_dis_sao,fast,27,RitualDance,,,18898.0,68591.0,2712877.0,,,,,505486.0,9345.0,1196086.0,,80.0,,,,,0.18632838864423268,0.27551719613360354,0.007812983347351277,
amd,B,en_deblock_dis_sao,fast,27,Riverbed,,,18493.0,68154.0,1577511.0,,,,,3743855.0,7993.0,1180999.0,,,,,,,2.3732671277728015,0.2713413739472371,0.006767998956815374,
amd,B,en_deblock_dis_sao,fast,27,RushFieldCuts,,,19749.0,68938.0,2481289.0,,,,,3345061.0,8385.0,1192915.0,,,,,,,1.3481142261139272,0.28647480344657517,0.007029000389801453,
amd,B,en_deblock_dis_sao,fast,27,Skater227,,,19748.0,69102.0,2296666.0,,,,,2383729.0,7751.0,1191558.0,,,,,,,1.0379084290009954,0.2857804405082342,0.006504928841063549,
amd,B,en_deblock_dis_sao,fast,27,Tango,,,19299.0,69028.0,2300342.0,,,,,3012337.0,8190.0,1196105.0,,,,,,,1.309517019643166,0.2795821985281335,0.006847224950986744,
amd,B,en_deblock_dis_sao,fast,27,TimeLapse,,,18988.0,68433.0,2356660.0,,,,,1554044.0,7955.0,1190578.0,,,,,,,0.6594264764539645,0.2774684728128242,0.00668162858712323,
amd,B,en_deblock_dis_sao,fast,27,ToddlerFountain,,,18970.0,69129.0,2392852.0,,,,,4722647.0,7289.0,1190716.0,,0.0,,,,,1.9736477642578814,0.27441450042673843,0.006121526879625369,
amd,B,en_deblock_dis_sao,fast,27,TreesAndGrass_1920_1080,,,18898.0,67656.0,2428467.0,,,,,952864.0,8374.0,1200689.0,,,,,,,0.3923726367292617,0.27932481967600803,0.00697432890615305,
amd,B,en_deblock_dis_sao,fast,27,TunnelFlag,,,18775.0,67836.0,1551755.0,,,,,3686564.0,7745.0,1181059.0,,,,,,,2.3757384380910644,0.2767704463706587,0.006557674087407996,
amd,B,en_deblock_dis_sao,fast,27,Vertical_Carnaby,,,13568.0,62172.0,2344816.0,,,,,3938417.0,8069.0,1227743.0,,,,,,,1.6796273140408458,0.21823328829698257,0.006572222362497689,
amd,B,en_deblock_dis_sao,fast,27,Vertical_bees,,,18837.0,69181.0,2450402.0,,,,,4031131.0,8636.0,1194418.0,,,,,,,1.6450896628389955,0.272285743195386,0.007230299610354164,
amd,B,en_deblock_dis_sao,fast,27,WalkingInStreet,,,13430.0,62482.0,2817629.0,,,,,1004422.0,9134.0,1231932.0,,368.0,,,,,0.35647773358380397,0.21494190326814122,0.0074143702736839375,
amd,B,en_deblock_dis_sao,fast,27,WorldCup_1920x1080_30p,,,19346.0,68977.0,3223411.0,,,,,477361.0,9709.0,1196089.0,,639.0,,,,,0.14809188155032046,0.28047030169476783,0.008117288930840431,
amd,B,en_deblock_dis_sao,fast,27,WorldCup_far_1920x1080_30p,,,22726.0,72897.0,2760585.0,,,,,524517.0,9471.0,1203739.0,,1393.0,,,,,0.1900021191160569,0.3117549419043308,0.007867984671095644,
amd,B,en_deblock_dis_sao,fast,32,Aerial3200,,,21542.0,79664.0,4239149.0,,,,,1759421.0,18087.0,1207981.0,,1114.0,,,,,0.4150410848969923,0.2704107250451898,0.014972917620393036,
amd,B,en_deblock_dis_sao,fast,32,Boat,,,19224.0,68615.0,2808222.0,,,,,6264.0,9078.0,1192604.0,,1536.0,,,,,0.002230592880477398,0.28017197405815053,0.007611914768020232,
amd,B,en_deblock_dis_sao,fast,32,BoxingPractice,,,20269.0,69411.0,2503277.0,,,,,3508392.0,8412.0,1188380.0,,,,,,,1.4015196879929788,0.29201423405512095,0.007078543900099295,
amd,B,en_deblock_dis_sao,fast,32,Crosswalk,,,17605.0,66090.0,3515077.0,,,,,571316.0,9057.0,1196033.0,,1361.0,,,,,0.16253299714344807,0.26637917990618853,0.007572533533773734,
amd,B,en_deblock_dis_sao,fast,32,CrowdRun,,,20268.0,70138.0,2890964.0,,,,,1003801.0,9380.0,1198311.0,,1732.0,,,,,0.3472201660069098,0.288973167184693,0.007827684132082574,
amd,B,en_deblock_dis_sao,fast,32,DinnerSceneCropped,,,19344.0,69350.0,3949796.0,,,,,3059025.0,8518.0,1202591.0,,,,,,,0.774476707151458,0.2789329488103821,0.007083039869747902,
amd,B,en_deblock_dis_sao,fast,32,FoodMarket,,,18454.0,67874.0,5911141.0,,,,,1164642.0,8034.0,1205186.0,,1492.0,,,,,0.19702490602068196,0.27188614196894245,0.006666190944800221,
amd,B,en_deblock_dis_sao,fast,32,FoodMarket2,,,19964.0,69110.0,2701854.0,,,,,657389.0,9320.0,1191955.0,,1138.0,,,,,0.2433103343111804,0.28887281145999133,0.007819087129967154,
amd,B,en_deblock_dis_sao,fast,32,MeridianTalk_sdr,,,19326.0,68832.0,2343457.0,,,,,4378026.0,8463.0,1195076.0,,,,,,,1.8681913088228204,0.28077057182705717,0.007081557992964465,
amd,B,en_deblock_dis_sao,fast,32,Motorcycle,,,19448.0,68825.0,2607951.0,,,,,1079654.0,8027.0,1195722.0,,0.0,,,,,0.4139855388387282,0.28257173992008716,0.006713098864117245,
amd,B,en_deblock_dis_sao,fast,32,MountainBike,,,19329.0,69191.0,2506214.0,,,,,619768.0,8698.0,1195143.0,,0.0,,,,,0.247292529688207,0.2793571418248038,0.007277790189123812,
amd,B,en_deblock_dis_sao,fast,32,Neon1224,,,20357.0,69795.0,2919359.0,,,,,371.0,9379.0,1194322.0,,1090.0,,,,,0.00012708269178268242,0.29166845762590443,0.007852991069410092,
amd,B,en_deblock_dis_sao,fast,32,NocturneDance_3840x2160p_8bit,,,13216.0,62108.0,2330512.0,,,,,4113195.0,7788.0,1220655.0,,,,,,,1.7649319119575442,0.21279062278611452,0.006380181132260959,
amd,B,en_deblock_dis_sao,fast,32,OldTownCross,,,19202.0,68964.0,2382434.0,,,,,1876625.0,7950.0,1196807.0,,,,,,,0.787692334813892,0.2784351255727626,0.006642675051198732,
amd,B,en_deblock_dis_sao,fast,32,PedestrianArea,,,18934.0,68647.0,2780851.0,,,,,0.0,9554.0,1192589.0,,1234.0,,,,,0.0,0.2758168601686891,0.00801114214536609,
amd,B,en_deblock_dis_sao,fast,32,PierSeaSide,,,19489.0,69277.0,2456063.0,,,,,3945081.0,8252.0,1195512.0,,,,,,,1.6062621357839761,0.28131991858769867,0.006902481949156512,
amd,B,en_deblock_dis_sao,fast,32,RitualDance,,,19260.0,69315.0,2462588.0,,,,,2113146.0,8012.0,1200822.0,,,,,,,0.858099690244572,0.2778619346461805,0.006672096280714378,
amd,B,en_deblock_dis_sao,fast,32,Riverbed,,,19123.0,68988.0,2449459.0,,,,,3983344.0,8117.0,1194722.0,,,,,,,1.6262137884324661,0.2771931350379776,0.0067940491595534355,
amd,B,en_deblock_dis_sao,fast,32,RushFieldCuts,,,19341.0,68834.0,2248718.0,,,,,1000993.0,9039.0,1194934.0,,,,,,,0.445139408320652,0.28098032948833424,0.007564434521069783,
amd,B,en_deblock_dis_sao,fast,32,Skater227,,,19499.0,69698.0,2333383.0,,,,,3143360.0,8264.0,1194499.0,,,,,,,1.3471256111834191,0.27976412522597494,0.0069183816813576235,
amd,B,en_deblock_dis_sao,fast,32,Tango,,,19880.0,69739.0,2307289.0,,,,,4286711.0,8176.0,1196418.0,,,,,,,1.857899465563265,0.2850628772996458,0.0068337320234232515,
amd,B,en_deblock_dis_sao,fast,32,TimeLapse,,,19245.0,68416.0,2885960.0,,,,,368.0,9197.0,1186974.0,,1601.0,,,,,0.00012751389485647757,0.2812938493919551,0.007748274182922288,
amd,B,en_deblock_dis_sao,fast,32,ToddlerFountain,,,19447.0,69037.0,2864336.0,,,,,421974.0,9728.0,1197362.0,,0.0,,,,,0.14732000714999915,0.28168952880339526,0.008124527085376018,
amd,B,en_deblock_dis_sao,fast,32,TreesAndGrass_1920_1080,,,18916.0,68205.0,2676839.0,,,,,2537968.0,8003.0,1196780.0,,,,,,,0.9481212728894043,0.27734037094054687,0.0066871104129413925,
amd,B,en_deblock_dis_sao,fast,32,TunnelFlag,,,18978.0,68918.0,1565328.0,,,,,478355.0,9371.0,1181995.0,,,,,,,0.30559409912810603,0.27537073043326854,0.007928121523356698,
amd,B,en_deblock_dis_sao,fast,32,Vertical_Carnaby,,,13730.0,62209.0,2366745.0,,,,,3441714.0,7950.0,1232194.0,,,,,,,1.4541972202328515,0.22070761465382824,0.00645190611218688,
amd,B,en_deblock_dis_sao,fast,32,Vertical_bees,,,18720.0,68424.0,2438133.0,,,,,1696591.0,7961.0,1195401.0,,,,,,,0.6958566247206367,0.2735882146615223,0.006659689928316941,
amd,B,en_deblock_dis_sao,fast,32,WalkingInStreet,,,13143.0,62013.0,2375419.0,,,,,4193672.0,8307.0,1231477.0,,,,,,,1.7654451698837133,0.2119394320545692,0.00674555838233276,
amd,B,en_deblock_dis_sao,fast,32,WorldCup_1920x1080_30p,,,19280.0,69862.0,4456122.0,,,,,668090.0,9432.0,1203408.0,,840.0,,,,,0.14992632607455542,0.27597263175975495,0.007837740816082326,
amd,B,en_deblock_dis_sao,fast,32,WorldCup_far_1920x1080_30p,,,20515.0,70358.0,2683836.0,,,,,518110.0,9154.0,1198697.0,,187.0,,,,,0.19304830846594204,0.29158020409903634,0.007636625435785691,
amd,B,en_deblock_dis_sao,fast,37,Aerial3200,,,20214.0,70557.0,3019996.0,,,,,3465101.0,8881.0,1197656.0,,,,,,,1.1473859568025917,0.28649177260937964,0.007415317921005698,
amd,B,en_deblock_dis_sao,fast,37,Boat,,,19465.0,68762.0,2631765.0,,,,,783356.0,9111.0,1194448.0,,1563.0,,,,,0.2976542358455257,0.28307786277304325,0.007627791247505124,
amd,B,en_deblock_dis_sao,fast,37,BoxingPractice,,,20852.0,70663.0,2921401.0,,,,,0.0,9050.0,1191324.0,,1491.0,,,,,0.0,0.2950907830123261,0.007596590012456729,
amd,B,en_deblock_dis_sao,fast,37,Crosswalk,,,19815.0,69257.0,2597129.0,,,,,534508.0,9534.0,1193459.0,,585.0,,,,,0.20580725870759597,0.2861082634246358,0.007988544223136279,
amd,B,en_deblock_dis_sao,fast,37,CrowdRun,,,19215.0,68847.0,2303353.0,,,,,1066728.0,8176.0,1194387.0,,,,,,,0.4631196347238135,0.2790971284151815,0.006845352469509464,
amd,B,en_deblock_dis_sao,fast,37,DinnerSceneCropped,,,18370.0,67645.0,3992868.0,,,,,2043012.0,8335.0,1198649.0,,0.0,,,,,0.5116652992285244,0.2715647867543795,0.006953661997799189,
amd,B,en_deblock_dis_sao,fast,37,FoodMarket,,,18540.0,67545.0,4718820.0,,,,,705209.0,9009.0,1196508.0,,1238.0,,,,,0.14944604795266614,0.2744836775483011,0.007529410584801773,
amd,B,en_deblock_dis_sao,fast,37,FoodMarket2,,,20460.0,69420.0,2269065.0,,,,,3448756.0,8168.0,1194553.0,,,,,,,1.5199018097762735,0.29472774416594644,0.006837704145399995,
amd,B,en_deblock_dis_sao,fast,37,MeridianTalk_sdr,,,20394.0,70543.0,2320644.0,,,,,4079083.0,7859.0,1193705.0,,,,,,,1.7577375073470984,0.28910026508654296,0.006583703678882136,
amd,B,en_deblock_dis_sao,fast,37,Motorcycle,,,19262.0,70025.0,2473733.0,,,,,3950212.0,8570.0,1195280.0,,,,,,,1.596862717197046,0.2750731881470903,0.007169868148048993,
amd,B,en_deblock_dis_sao,fast,37,MountainBike,,,19109.0,69700.0,3425772.0,,,,,720854.0,10025.0,1202634.0,,1349.0,,,,,0.21042089199164452,0.2741606886657102,0.00833586943326066,
amd,B,en_deblock_dis_sao,fast,37,Neon1224,,,18877.0,68435.0,2671060.0,,,,,569828.0,9263.0,1193639.0,,899.0,,,,,0.2133340321819802,0.275838386790385,0.007760302738097532,
amd,B,en_deblock_dis_sao,fast,37,NocturneDance_3840x2160p_8bit,,,13316.0,63637.0,2373472.0,,,,,2064853.0,8271.0,1230500.0,,,,,,,0.8699715016650712,0.20924933607806778,0.0067216578626574566,
amd,B,en_deblock_dis_sao,fast,37,OldTownCross,,,19784.0,69718.0,2663365.0,,,,,500315.0,9359.0,1190454.0,,88.0,,,,,0.18785070765741835,0.2837717662583551,0.007861706542209947,
amd,B,en_deblock_dis_sao,fast,37,PedestrianArea,,,19441.0,69071.0,1803323.0,,,,,2431811.0,7832.0,1192037.0,,,,,,,1.3485165996330108,0.28146400081075995,0.006570265855841723,
amd,B,en_deblock_dis_sao,fast,37,PierSeaSide,,,18624.0,68876.0,2585709.0,,,,,461867.0,9473.0,1193173.0,,0.0,,,,,0.17862296182594406,0.2703989778732795,0.007939334865941486,
amd,B,en_deblock_dis_sao,fast,37,RitualDance,,,16638.0,66741.0,1548363.0,,,,,4134906.0,6901.0,1182436.0,,,,,,,2.670501684682468,0.24929203937609565,0.00583625667689414,
amd,B,en_deblock_dis_sao,fast,37,Riverbed,,,20644.0,69859.0,2545887.0,,,,,3213555.0,8342.0,1191608.0,,,,,,,1.2622535878458079,0.2955095263316108,0.007000624366402374,
amd,B,en_deblock_dis_sao,fast,37,RushFieldCuts,,,19752.0,70053.0,2402525.0,,,,,1149040.0,9177.0,1198628.0,,,,,,,0.4782634936160914,0.2819579461265042,0.007656253650006508,
amd,B,en_deblock_dis_sao,fast,37,Skater227,,,17470.0,65485.0,2552412.0,,,,,2070381.0,8161.0,1196193.0,,,,,,,0.8111468681388427,0.26677865159960296,0.0068224776436578375,
amd,B,en_deblock_dis_sao,fast,37,Tango,,,19210.0,69953.0,2387811.0,,,,,2623944.0,8191.0,1190378.0,,,,,,,1.0988909926288135,0.2746129544122482,0.006881007545502353,
amd,B,en_deblock_dis_sao,fast,37,TimeLapse,,,20497.0,70628.0,2425804.0,,,,,3781913.0,7904.0,1201970.0,,,,,,,1.5590348601948054,0.2902106813161919,0.006575871277985307,
amd,B,en_deblock_dis_sao,fast,37,ToddlerFountain,,,19394.0,68593.0,2396352.0,,,,,4124798.0,7511.0,1194583.0,,,,,,,1.721282182250354,0.282740221305381,0.006287549714000618,
amd,B,en_deblock_dis_sao,fast,37,TreesAndGrass_1920_1080,0.0,,19511.0,74936.0,3986358.0,,,,,0.0,9288.0,1198439.0,,889.0,,,,,0.0,0.2603688480836981,0.00775008156443507,
amd,B,en_deblock_dis_sao,fast,37,TunnelFlag,,,19880.0,69465.0,2289823.0,,,,,3227603.0,8064.0,1196069.0,,,,,,,1.4095425716310823,0.28618728856258546,0.006742085949890851,
amd,B,en_deblock_dis_sao,fast,37,Vertical_Carnaby,,,13519.0,62328.0,2337869.0,,,,,4011667.0,8143.0,1222529.0,,,,,,,1.7159502949053176,0.2169009113079194,0.006660782688999606,
amd,B,en_deblock_dis_sao,fast,37,Vertical_bees,,,19297.0,69913.0,3092149.0,,,,,0.0,9492.0,1195748.0,,1045.0,,,,,0.0,0.27601447513338007,0.007938127431532396,
amd,B,en_deblock_dis_sao,fast,37,WalkingInStreet,,,13247.0,61783.0,2315122.0,,,,,498386.0,9016.0,1228387.0,,,,,,,0.21527418425465267,0.21441173138241912,0.007339706460586118,
amd,B,en_deblock_dis_sao,fast,37,WorldCup_1920x1080_30p,,,23625.0,57622.0,5197125.0,,,,,563585.0,9127.0,1209276.0,,964.0,,,,,0.10844168650936815,0.40999965291034673,0.007547491226155154,
amd,B,en_deblock_dis_sao,fast,37,WorldCup_far_1920x1080_30p,,,20289.0,70767.0,2961986.0,,,,,444458.0,9628.0,1202979.0,,1042.0,,,,,0.15005405157215462,0.2867014286319895,0.008003464732135807,
amd,B,en_deblock_dis_sao,faster,22,Aerial3200,,,18598.0,62973.0,3794350.0,,,,,6963.0,9183.0,1202674.0,,630.0,,,,,0.0018350969204211525,0.29533292045797405,0.007635485592937072,
amd,B,en_deblock_dis_sao,faster,22,Boat,,,19852.0,69989.0,2309179.0,,,,,3444788.0,9236.0,1195392.0,,,,,,,1.491780411999243,0.2836445727185701,0.007726335796123782,
amd,B,en_deblock_dis_sao,faster,22,BoxingPractice,,,19374.0,68657.0,3665173.0,,,,,1779492.0,8061.0,1197927.0,,0.0,,,,,0.485513780659194,0.28218535619092006,0.006729124562682033,
amd,B,en_deblock_dis_sao,faster,22,Crosswalk,,,20823.0,70095.0,2548085.0,,,,,0.0,8953.0,1184433.0,,1244.0,,,,,0.0,0.297068264498181,0.007558891047446331,
amd,B,en_deblock_dis_sao,faster,22,CrowdRun,,,18748.0,67255.0,1568592.0,,,,,815465.0,9178.0,1183627.0,,,,,,,0.5198706865775167,0.27875994349862465,0.00775413200273397,
amd,B,en_deblock_dis_sao,faster,22,DinnerSceneCropped,,,19167.0,68371.0,1609959.0,,,,,511797.0,10339.0,1184582.0,,,,,,,0.3178944308519658,0.2803381550657442,0.0087279732428823,
amd,B,en_deblock_dis_sao,faster,22,FoodMarket,,,19099.0,68790.0,4155320.0,,,,,1786632.0,8557.0,1200457.0,,0.0,,,,,0.4299625540271267,0.2776420991423172,0.007128118708125322,
amd,B,en_deblock_dis_sao,faster,22,FoodMarket2,,,19011.0,69385.0,2598353.0,,,,,2690239.0,8364.0,1198246.0,,,,,,,1.0353631704391204,0.2739929379548894,0.0069802027296565145,
amd,B,en_deblock_dis_sao,faster,22,MeridianTalk_sdr,,,19413.0,68657.0,1774753.0,,,,,971686.0,8711.0,1188231.0,,,,,,,0.5475049204030082,0.2827533973229241,0.007331066097417085,
amd,B,en_deblock_dis_sao,faster,22,Motorcycle,,,19992.0,69001.0,2726302.0,,,,,534146.0,9228.0,1193162.0,,826.0,,,,,0.19592326895553025,0.2897349313778061,0.007734071316384531,
amd,B,en_deblock_dis_sao,faster,22,MountainBike,,,19361.0,68666.0,2740201.0,,,,,532383.0,9300.0,1192688.0,,859.0,,,,,0.19428611258809117,0.2819590481460985,0.007797512844935138,
amd,B,en_deblock_dis_sao,faster,22,Neon1224,,,19745.0,69395.0,2400306.0,,,,,3837491.0,8184.0,1187672.0,,,,,,,1.59875074261365,0.2845305857770733,0.006890791396951347,
amd,B,en_deblock_dis_sao,faster,22,NocturneDance_3840x2160p_8bit,,,13407.0,61695.0,2347627.0,,,,,3513915.0,8219.0,1223755.0,,,,,,,1.4967944226233554,0.21731096523219062,0.006716213621190516,
amd,B,en_deblock_dis_sao,faster,22,OldTownCross,,,18894.0,67758.0,2315962.0,,,,,1018759.0,8239.0,1194100.0,,,,,,,0.4398858875922835,0.27884530239971667,0.006899757139268068,
amd,B,en_deblock_dis_sao,faster,22,PedestrianArea,,,19410.0,70003.0,2241153.0,,,,,6165.0,9063.0,1190689.0,,802.0,,,,,0.002750816209335106,0.2772738311215234,0.007611559357649227,
amd,B,en_deblock_dis_sao,faster,22,PierSeaSide,,,18995.0,77680.0,2529624.0,,,,,2033996.0,17308.0,1203344.0,,,,,,,0.804070486364772,0.24452883625128732,0.014383252004414366,
amd,B,en_deblock_dis_sao,faster,22,RitualDance,,,19167.0,68580.0,2487773.0,,,,,905828.0,8667.0,1198757.0,,0.0,,,,,0.3641119989645358,0.2794838145231846,0.007229989063671787,
amd,B,en_deblock_dis_sao,faster,22,Riverbed,,,17734.0,67800.0,2050092.0,,,,,4226567.0,7217.0,1194812.0,,,,,,,2.0616474772839464,0.26156342182890857,0.006040280814052754,
amd,B,en_deblock_dis_sao,faster,22,RushFieldCuts,,,18874.0,76812.0,2399637.0,,,,,4351796.0,9041.0,1205744.0,,,,,,,1.8135226286309138,0.24571681508097692,0.007498274924030308,
amd,B,en_deblock_dis_sao,faster,22,Skater227,,,18626.0,68407.0,1735063.0,,,,,4232532.0,7391.0,1185921.0,,,,,,,2.439411133774393,0.2722820763956905,0.006232286973584244,
amd,B,en_deblock_dis_sao,faster,22,Tango,,,19374.0,69378.0,2252032.0,,,,,2856443.0,8238.0,1192643.0,,,,,,,1.2683847298795043,0.2792527890685808,0.006907347798125675,
amd,B,en_deblock_dis_sao,faster,22,TimeLapse,,,18917.0,68418.0,1611383.0,,,,,793425.0,8881.0,1185228.0,,,,,,,0.49238759500379486,0.27649156654681517,0.007493073062735609,
amd,B,en_deblock_dis_sao,faster,22,ToddlerFountain,,,19974.0,69279.0,2423740.0,,,,,3594949.0,8143.0,1196300.0,,,,,,,1.4832238606451187,0.28831247564196943,0.006806821031513834,
amd,B,en_deblock_dis_sao,faster,22,TreesAndGrass_1920_1080,,,19822.0,69065.0,2727714.0,,,,,517901.0,9575.0,1192716.0,,378.0,,,,,0.18986631296389578,0.28700499529428797,0.008027895995358492,
amd,B,en_deblock_dis_sao,faster,22,TunnelFlag,,,19163.0,68376.0,5144767.0,,,,,1970576.0,7964.0,1199044.0,,1222.0,,,,,0.3830253148490495,0.28025915525915523,0.006641958093280981,
amd,B,en_deblock_dis_sao,faster,22,Vertical_Carnaby,,,18645.0,68830.0,2451546.0,,,,,1820408.0,8112.0,1191464.0,,,,,,,0.7425551060432886,0.2708847886096179,0.006808430636594979,
amd,B,en_deblock_dis_sao,faster,22,Vertical_bees,,,18967.0,68135.0,2459159.0,,,,,700977.0,8606.0,1197407.0,,0.0,,,,,0.28504744914826574,0.2783738166874587,0.007187197001520786,
amd,B,en_deblock_dis_sao,faster,22,WalkingInStreet,,,13176.0,62458.0,2454990.0,,,,,526028.0,9184.0,1230745.0,,0.0,,,,,0.21426889722565062,0.2109577636171507,0.00746214691101731,
amd,B,en_deblock_dis_sao,faster,22,WorldCup_1920x1080_30p,,,13440.0,61604.0,1534411.0,,,,,2491956.0,7421.0,1210777.0,,,,,,,1.6240472728623556,0.21816765145120448,0.006129122043117766,
amd,B,en_deblock_dis_sao,faster,22,WorldCup_far_1920x1080_30p,,,20152.0,69424.0,4720087.0,,,,,545021.0,9384.0,1204540.0,,788.0,,,,,0.11546842251000881,0.2902742567411846,0.007790525843890614,
amd,B,en_deblock_dis_sao,faster,27,Aerial3200,427163.0,0.0,25203.0,66114.0,4065727.0,,,,,1527239.0,17518.0,1224449.0,,466.0,,,,,0.37563737063506725,0.3812051910336691,0.01430684332299671,
amd,B,en_deblock_dis_sao,faster,27,Boat,,,20903.0,70161.0,2736129.0,,,,,476826.0,9321.0,1195428.0,,1440.0,,,,,0.1742702920805269,0.29792904890181154,0.007797207360041759,
amd,B,en_deblock_dis_sao,faster,27,BoxingPractice,0.0,,19582.0,69843.0,2918959.0,,,,,385141.0,9941.0,1186116.0,,0.0,,,,,0.13194464190829677,0.28037169079220536,0.00838113641498808,
amd,B,en_deblock_dis_sao,faster,27,Crosswalk,,,19306.0,70810.0,2763563.0,,,,,1045276.0,9958.0,1186727.0,,0.0,,,,,0.3782349090648558,0.2726451066233583,0.008391146405196814,
amd,B,en_deblock_dis_sao,faster,27,CrowdRun,,,19987.0,68894.0,1920895.0,,,,,3177837.0,7646.0,1186144.0,,,,,,,1.6543522680833673,0.29011234650332396,0.006446097607035908,
amd,B,en_deblock_dis_sao,faster,27,DinnerSceneCropped,,,18838.0,68567.0,2395204.0,,,,,1808602.0,8130.0,1194335.0,,,,,,,0.7550930943669099,0.2747385768664226,0.0068071353514717395,
amd,B,en_deblock_dis_sao,faster,27,FoodMarket,,,20533.0,69364.0,4209194.0,,,,,0.0,8537.0,1192326.0,,1167.0,,,,,0.0,0.29601810737558387,0.007159954576181346,
amd,B,en_deblock_dis_sao,faster,27,FoodMarket2,,,19592.0,69243.0,2658184.0,,,,,3880740.0,8009.0,1204034.0,,,,,,,1.4599215103243417,0.28294556850511965,0.006651805513797783,
amd,B,en_deblock_dis_sao,faster,27,MeridianTalk_sdr,,,19029.0,69155.0,2462688.0,,,,,1273308.0,7904.0,1198956.0,,,,,,,0.5170399173585936,0.27516448557588025,0.0065924020564557834,
amd,B,en_deblock_dis_sao,faster,27,Motorcycle,,,19520.0,69678.0,2331628.0,,,,,2073417.0,8171.0,1194775.0,,,,,,,0.8892572056949051,0.2801458135997015,0.006838944571153564,
amd,B,en_deblock_dis_sao,faster,27,MountainBike,,,18962.0,67926.0,2621726.0,,,,,492925.0,9469.0,1197787.0,,0.0,,,,,0.18801545241569867,0.2791567293819745,0.007905412231056105,
amd,B,en_deblock_dis_sao,faster,27,Neon1224,,,19092.0,68872.0,2311788.0,,,,,1639042.0,7980.0,1194104.0,,,,,,,0.7089932121803556,0.2772098966198165,0.006682834995946752,
amd,B,en_deblock_dis_sao,faster,27,NocturneDance_3840x2160p_8bit,,,13471.0,62465.0,2461519.0,,,,,4003768.0,7427.0,1237994.0,,0.0,,,,,1.6265436098604154,0.21565676778996237,0.005999221320943397,
amd,B,en_deblock_dis_sao,faster,27,OldTownCross,,,19406.0,69186.0,2217104.0,,,,,4304409.0,8656.0,1194671.0,,,,,,,1.941455610562247,0.28049027259850257,0.007245509433141007,
amd,B,en_deblock_dis_sao,faster,27,PedestrianArea,,,18524.0,69087.0,2181961.0,,,,,868349.0,8680.0,1192316.0,,,,,,,0.3979672413943237,0.2681256965854647,0.007279949275192147,
amd,B,en_deblock_dis_sao,faster,27,PierSeaSide,,,19496.0,69336.0,2518044.0,,,,,3050721.0,8019.0,1195181.0,,,,,,,1.2115439603120517,0.28118149301949924,0.006709444008899071,
amd,B,en_deblock_dis_sao,faster,27,RitualDance,,,17935.0,68048.0,2417968.0,,,,,1024511.0,8544.0,1189750.0,,0.0,,,,,0.42370742706272374,0.2635639548553962,0.007181340617776844,
amd,B,en_deblock_dis_sao,faster,27,Riverbed,,,19003.0,69071.0,2522880.0,,,,,2162299.0,8234.0,1196204.0,,,,,,,0.8570756437087773,0.2751226998306091,0.006883441285934506,
amd,B,en_deblock_dis_sao,faster,27,RushFieldCuts,,,20566.0,70207.0,3397635.0,,,,,1135215.0,8133.0,1197482.0,,995.0,,,,,0.3341191740725534,0.2929337530445682,0.006791751358266763,
amd,B,en_deblock_dis_sao,faster,27,Skater227,,,17229.0,66748.0,1885091.0,,,,,529853.0,9254.0,1185590.0,,0.0,,,,,0.28107555550368657,0.25812009348594717,0.007805396469268465,
amd,B,en_deblock_dis_sao,faster,27,Tango,,,18444.0,68404.0,2213838.0,,,,,1780739.0,7940.0,1189880.0,,,,,,,0.8043673475656303,0.26963335477457456,0.006672941809258076,
amd,B,en_deblock_dis_sao,faster,27,TimeLapse,,,22218.0,75805.0,2781085.0,,,,,836509.0,10246.0,1199224.0,,1154.0,,,,,0.3007851252299013,0.29309412307895255,0.008543858361740592,
amd,B,en_deblock_dis_sao,faster,27,ToddlerFountain,,,19360.0,68200.0,4002077.0,,,,,949775.0,9276.0,1198095.0,,612.0,,,,,0.23732052131930495,0.2838709677419355,0.007742290886782768,
amd,B,en_deblock_dis_sao,faster,27,TreesAndGrass_1920_1080,,,19809.0,68863.0,2423879.0,,,,,3996696.0,8191.0,1186300.0,,,,,,,1.6488842883658796,0.28765810377125595,0.006904661552726966,
amd,B,en_deblock_dis_sao,faster,27,TunnelFlag,,,19112.0,68192.0,1608953.0,,,,,3145186.0,7880.0,1184149.0,,,,,,,1.9548029059891743,0.2802674800563116,0.006654567963997774,
amd,B,en_deblock_dis_sao,faster,27,Vertical_Carnaby,,,13137.0,61815.0,2350515.0,,,,,496480.0,9055.0,1226922.0,,,,,,,0.2112217960744773,0.21252123271050716,0.007380257261667816,
amd,B,en_deblock_dis_sao,faster,27,Vertical_bees,,,19346.0,69029.0,2394387.0,,,,,4076894.0,8032.0,1197656.0,,,,,,,1.702687994881362,0.2802590215706442,0.00670643323291496,
amd,B,en_deblock_dis_sao,faster,27,WalkingInStreet,,,13596.0,62921.0,2347207.0,,,,,3454250.0,8284.0,1225238.0,,,,,,,1.4716426800022324,0.2160804818740961,0.0067611353875736795,
amd,B,en_deblock_dis_sao,faster,27,WorldCup_1920x1080_30p,,,19875.0,69657.0,3450245.0,,,,,0.0,9156.0,1189370.0,,1194.0,,,,,0.0,0.28532667212196905,0.00769819316108528,
amd,B,en_deblock_dis_sao,faster,27,WorldCup_far_1920x1080_30p,297723.0,,19799.0,74262.0,4507004.0,,,,,23.0,10547.0,1212513.0,,586.0,,,,,5.1031683131410575e-06,0.2666101101505481,0.00869846343915488,
amd,B,en_deblock_dis_sao,faster,32,Aerial3200,,,19160.0,69009.0,4832477.0,,,,,1284357.0,8016.0,1195878.0,,1349.0,,,,,0.2657761226799424,0.2776449448622643,0.006703024890498864,
amd,B,en_deblock_dis_sao,faster,32,Boat,,,19636.0,69161.0,2507900.0,,,,,630543.0,9374.0,1192939.0,,550.0,,,,,0.2514227042545556,0.2839172365928775,0.007857903882763494,
amd,B,en_deblock_dis_sao,faster,32,BoxingPractice,,,18600.0,68292.0,3547194.0,,,,,2114610.0,8112.0,1193732.0,,,,,,,0.5961359880514007,0.2723598664558074,0.00679549513626174,
amd,B,en_deblock_dis_sao,faster,32,Crosswalk,,,19543.0,68906.0,2494983.0,,,,,1500276.0,8064.0,1182913.0,,,,,,,0.6013171232028435,0.2836182625605898,0.00681706938718232,
amd,B,en_deblock_dis_sao,faster,32,CrowdRun,,,20352.0,69820.0,3190948.0,,,,,0.0,9211.0,1205826.0,,1347.0,,,,,0.0,0.2914924090518476,0.007638747215601587,
amd,B,en_deblock_dis_sao,faster,32,DinnerSceneCropped,,,19381.0,68594.0,2415226.0,,,,,3792643.0,7669.0,1194577.0,,,,,,,1.5703056359943128,0.28254657841793746,0.006419845685962479,
amd,B,en_deblock_dis_sao,faster,32,FoodMarket,,,18585.0,67781.0,7198764.0,,,,,1556757.0,8059.0,1210113.0,,1334.0,,,,,0.21625337349578344,0.2741918826809873,0.006659708638780014,
amd,B,en_deblock_dis_sao,faster,32,FoodMarket2,,,19656.0,68979.0,2824257.0,,,,,563353.0,9483.0,1196134.0,,943.0,,,,,0.1994694533818983,0.2849562910451007,0.00792804150705523,
amd,B,en_deblock_dis_sao,faster,32,MeridianTalk_sdr,,,20701.0,70992.0,2407343.0,,,,,3184903.0,8319.0,1195894.0,,,,,,,1.3229951028997529,0.2915962361956277,0.006956302147180268,
amd,B,en_deblock_dis_sao,faster,32,Motorcycle,,,19809.0,59378.0,3391116.0,,,,,608338.0,9565.0,1197554.0,,1397.0,,,,,0.1793916810866983,0.33360840715416484,0.007987113733493437,
amd,B,en_deblock_dis_sao,faster,32,MountainBike,,,19107.0,69833.0,2530248.0,,,,,2671081.0,8145.0,1195942.0,,,,,,,1.0556597614146914,0.273609897899274,0.006810530945480633,
amd,B,en_deblock_dis_sao,faster,32,Neon1224,0.0,,19675.0,70305.0,2763060.0,,,,,834201.0,8934.0,1193882.0,,1233.0,,,,,0.3019120105969469,0.27985207311002064,0.007483151601247025,
amd,B,en_deblock_dis_sao,faster,32,NocturneDance_3840x2160p_8bit,,,13536.0,63184.0,2363365.0,,,,,4064550.0,7768.0,1231149.0,,,,,,,1.7198147556556012,0.21423145100025323,0.006309553108518952,
amd,B,en_deblock_dis_sao,faster,32,OldTownCross,0.0,,19192.0,69420.0,3041121.0,,,,,956938.0,9012.0,1194574.0,,1502.0,,,,,0.31466620367949844,0.2764621146643619,0.0075441119595772215,
amd,B,en_deblock_dis_sao,faster,32,PedestrianArea,,,19565.0,68832.0,1708839.0,,,,,976395.0,8679.0,1189172.0,,,,,,,0.5713791644502496,0.2842427940492794,0.007298355494411237,
amd,B,en_deblock_dis_sao,faster,32,PierSeaSide,,,19824.0,70526.0,2863132.0,,,,,806078.0,9178.0,1197313.0,,0.0,,,,,0.28153714184326817,0.281087825766384,0.007665497660177414,
amd,B,en_deblock_dis_sao,faster,32,RitualDance,,,18610.0,68355.0,2986799.0,,,,,1068125.0,9163.0,1195465.0,,1434.0,,,,,0.3576152931616758,0.2722551386145856,0.007664799889582715,
amd,B,en_deblock_dis_sao,faster,32,Riverbed,,,19564.0,68996.0,2633936.0,,,,,1698580.0,7758.0,1195690.0,,,,,,,0.6448827913814155,0.2835526697199838,0.006488303824569914,
amd,B,en_deblock_dis_sao,faster,32,RushFieldCuts,,,19619.0,69451.0,2472185.0,,,,,3384253.0,8831.0,1197614.0,,,,,,,1.3689319367280361,0.28248693323350277,0.00737382829526041,
amd,B,en_deblock_dis_sao,faster,32,Skater227,,,21705.0,70378.0,2085753.0,,,,,628285.0,9270.0,1185365.0,,0.0,,,,,0.30122694297934605,0.30840603597715194,0.007820376002328397,
amd,B,en_deblock_dis_sao,faster,32,Tango,,,19538.0,69279.0,2763153.0,,,,,1108485.0,7937.0,1193624.0,,0.0,,,,,0.4011667106381731,0.28201908226158,0.006649497664256081,
amd,B,en_deblock_dis_sao,faster,32,TimeLapse,,,18957.0,76717.0,1616799.0,,,,,437018.0,19177.0,1187110.0,,,,,,,0.27029828692373015,0.2471029889072826,0.01615435806285854,
amd,B,en_deblock_dis_sao,faster,32,ToddlerFountain,9475.0,,19336.0,74490.0,5000109.0,,,,,905304.0,8991.0,1198524.0,,617.0,,,,,0.18105685296060545,0.2595784669083098,0.007501727124362967,
amd,B,en_deblock_dis_sao,faster,32,TreesAndGrass_1920_1080,,,20048.0,69728.0,2338247.0,,,,,2121626.0,7998.0,1192162.0,,,,,,,0.9073575203988287,0.2875172097292336,0.006708819774493735,
amd,B,en_deblock_dis_sao,faster,32,TunnelFlag,,,19076.0,68506.0,2219830.0,,,,,1111618.0,8271.0,1192643.0,,,,,,,0.5007671758648184,0.27845736139900157,0.0069350174360642705,
amd,B,en_deblock_dis_sao,faster,32,Vertical_Carnaby,,,13684.0,63089.0,2372642.0,,,,,2877655.0,8113.0,1229049.0,,,,,,,1.212848377462761,0.21689993501244273,0.006601038689262999,
amd,B,en_deblock_dis_sao,faster,32,Vertical_bees,,,19359.0,68610.0,2775092.0,,,,,497583.0,9458.0,1198141.0,,745.0,,,,,0.17930324472125608,0.28216003498032355,0.007893895626641606,
amd,B,en_deblock_dis_sao,faster,32,WalkingInStreet,,,13203.0,62432.0,2680145.0,,,,,581845.0,9228.0,1226683.0,,0.0,,,,,0.2170945974937923,0.211478088159918,0.007522725920225519,
amd,B,en_deblock_dis_sao,faster,32,WorldCup_1920x1080_30p,,,20898.0,70836.0,2508443.0,,,,,3336015.0,8294.0,1185999.0,,,,,,,1.3299146123711003,0.2950194816195155,0.006993260533946487,
amd,B,en_deblock_dis_sao,faster,32,WorldCup_far_1920x1080_30p,,,20434.0,70514.0,4958536.0,,,,,1395888.0,8321.0,1206981.0,,1038.0,,,,,0.281512123739749,0.28978642539070254,0.006894060469883122,
amd,B,en_deblock_dis_sao,faster,37,Aerial3200,,,19918.0,68743.0,3141169.0,,,,,1821062.0,8091.0,1197505.0,,,,,,,0.5797402177342257,0.28974586503353067,0.0067565479893612135,
amd,B,en_deblock_dis_sao,faster,37,Boat,,,19417.0,68646.0,2839252.0,,,,,817256.0,9420.0,1194267.0,,1791.0,,,,,0.28784200909253566,0.2828569763715293,0.007887683407479232,
amd,B,en_deblock_dis_sao,faster,37,BoxingPractice,0.0,,19091.0,70987.0,4378822.0,,,,,955528.0,9022.0,1195602.0,,1058.0,,,,,0.21821576670620546,0.26893656585008524,0.0075459893844272595,
amd,B,en_deblock_dis_sao,faster,37,Crosswalk,,,19900.0,61144.0,4316226.0,,,,,670756.0,8889.0,1204032.0,,1744.0,,,,,0.15540335468995367,0.3254612063325919,0.0073826941476638494,
amd,B,en_deblock_dis_sao,faster,37,CrowdRun,,,20008.0,70213.0,2372122.0,,,,,3509940.0,8598.0,1194937.0,,,,,,,1.4796625131422414,0.284961474370843,0.007195358416385132,
amd,B,en_deblock_dis_sao,faster,37,DinnerSceneCropped,,,18417.0,68028.0,4617501.0,,,,,678517.0,8963.0,1200473.0,,1192.0,,,,,0.1469446352041938,0.27072675956958897,0.007466223730146367,
amd,B,en_deblock_dis_sao,faster,37,FoodMarket,,,18915.0,67817.0,4405583.0,,,,,497985.0,9275.0,1197149.0,,1568.0,,,,,0.1130349831112023,0.278912367105593,0.007747573610302477,
amd,B,en_deblock_dis_sao,faster,37,FoodMarket2,,,19253.0,69255.0,2860091.0,,,,,980552.0,9086.0,1191886.0,,1012.0,,,,,0.34283944112267756,0.27800158833297234,0.007623212287081147,
amd,B,en_deblock_dis_sao,faster,37,MeridianTalk_sdr,,,19737.0,69000.0,3041178.0,,,,,546567.0,9474.0,1198250.0,,865.0,,,,,0.1797221339888688,0.28604347826086957,0.00790653035677029,
amd,B,en_deblock_dis_sao,faster,37,Motorcycle,,,19485.0,68850.0,2823592.0,,,,,661593.0,9379.0,1205899.0,,977.0,,,,,0.23430899365064076,0.2830065359477124,0.007777599948254373,
amd,B,en_deblock_dis_sao,faster,37,MountainBike,,,21141.0,69913.0,2924647.0,,,,,548765.0,9177.0,1199167.0,,1584.0,,,,,0.18763461026236672,0.3023901134266875,0.007652812327223814,
amd,B,en_deblock_dis_sao,faster,37,Neon1224,,,19100.0,69269.0,2251375.0,,,,,4302715.0,8069.0,1194179.0,,,,,,,1.911149852867692,0.27573662099929264,0.006756943473298391,
amd,B,en_deblock_dis_sao,faster,37,NocturneDance_3840x2160p_8bit,,,13466.0,62280.0,2343706.0,,,,,1694032.0,8002.0,1229422.0,,,,,,,0.7228005560424388,0.21621708413615928,0.006508749640074767,
amd,B,en_deblock_dis_sao,faster,37,OldTownCross,,,19161.0,68519.0,2816926.0,,,,,461698.0,9341.0,1198880.0,,0.0,,,,,0.1639013591411347,0.2796450619536187,0.007791438676097691,
amd,B,en_deblock_dis_sao,faster,37,PedestrianArea,,,19304.0,68802.0,2444288.0,,,,,848924.0,8621.0,1198953.0,,0.0,,,,,0.34730931870548803,0.2805732391500247,0.007190440325850971,
amd,B,en_deblock_dis_sao,faster,37,PierSeaSide,,,19057.0,68749.0,2554670.0,,,,,506756.0,9519.0,1194956.0,,0.0,,,,,0.19836456372055883,0.27719675922558873,0.00796598368475492,
amd,B,en_deblock_dis_sao,faster,37,RitualDance,,,19431.0,70264.0,2712438.0,,,,,595809.0,9529.0,1191794.0,,632.0,,,,,0.21965810831436516,0.2765427530456564,0.007995509291035196,
amd,B,en_deblock_dis_sao,faster,37,Riverbed,,,19790.0,68653.0,2308613.0,,,,,4253135.0,7852.0,1196753.0,,,,,,,1.842290154304771,0.28826125588102486,0.00656108653999614,
amd,B,en_deblock_dis_sao,faster,37,RushFieldCuts,,,18930.0,68843.0,2296673.0,,,,,1166961.0,8032.0,1195657.0,,,,,,,0.5081093390308503,0.27497349040570573,0.006717645612412255,
amd,B,en_deblock_dis_sao,faster,37,Skater227,,,20974.0,58145.0,2247125.0,,,,,3709559.0,7963.0,1194634.0,,,,,,,1.6508022473160149,0.36071889242411215,0.006665639852875441,
amd,B,en_deblock_dis_sao,faster,37,Tango,,,20209.0,69926.0,2551102.0,,,,,562073.0,9251.0,1192651.0,,0.0,,,,,0.2203255691069977,0.28900552012127106,0.0077566698053328255,
amd,B,en_deblock_dis_sao,faster,37,TimeLapse,,,18851.0,67908.0,3248012.0,,,,,570943.0,9463.0,1199895.0,,1396.0,,,,,0.17578229390778113,0.27759615950992517,0.007886523404131195,
amd,B,en_deblock_dis_sao,faster,37,ToddlerFountain,,,18943.0,70005.0,2700841.0,,,,,817664.0,9315.0,1198494.0,,0.0,,,,,0.3027442193005808,0.27059495750303547,0.007772254178994639,
amd,B,en_deblock_dis_sao,faster,37,TreesAndGrass_1920_1080,,,19133.0,68349.0,2755738.0,,,,,520210.0,9422.0,1189193.0,,170.0,,,,,0.18877338847161812,0.2799309426619263,0.007923020064867519,
amd,B,en_deblock_dis_sao,faster,37,TunnelFlag,,,19581.0,68530.0,2492959.0,,,,,3732059.0,8393.0,1196112.0,,,,,,,1.4970398630703514,0.2857288778637093,0.0070169014272910895,
amd,B,en_deblock_dis_sao,faster,37,Vertical_Carnaby,,,13555.0,63238.0,2365093.0,,,,,4267966.0,7965.0,1230050.0,,,,,,,1.8045658246842724,0.21434896739302317,0.006475346530628836,
amd,B,en_deblock_dis_sao,faster,37,Vertical_bees,,,18915.0,68457.0,1544825.0,,,,,4054608.0,1642.0,1183007.0,,,,,,,2.6246390367841017,0.2763048336912222,0.0013879884058167027,
amd,B,en_deblock_dis_sao,faster,37,WalkingInStreet,,,13405.0,61562.0,2371559.0,,,,,4250654.0,8057.0,1231068.0,,,,,,,1.792345878807991,0.21774796140476269,0.006544723768305244,
amd,B,en_deblock_dis_sao,faster,37,WorldCup_1920x1080_30p,,,21123.0,71076.0,2416374.0,,,,,3722224.0,8199.0,1196976.0,,,,,,,1.5404171705207885,0.29718892453148743,0.006849761398724786,
amd,B,en_deblock_dis_sao,faster,37,WorldCup_far_1920x1080_30p,,,22466.0,85553.0,3029143.0,,,,,465075.0,9809.0,1216101.0,,947.0,,,,,0.1535335241683869,0.2625974542096712,0.008065941891339617,
amd,B,en_deblock_dis_sao,superfast,22,Aerial3200,,,19392.0,69573.0,4108790.0,,,,,741272.0,9329.0,1208086.0,,1031.0,,,,,0.18041126463021961,0.27872881721357423,0.007722132364748867,
amd,B,en_deblock_dis_sao,superfast,22,Boat,,,19265.0,68644.0,2436074.0,,,,,3779317.0,7665.0,1192425.0,,,,,,,1.55139663245041,0.28065089447001923,0.0064280772375621105,
amd,B,en_deblock_dis_sao,superfast,22,BoxingPractice,,,19016.0,68057.0,2328744.0,,,,,3424473.0,7662.0,1187854.0,,,,,,,1.470523595551937,0.2794128451151241,0.00645028766161498,
amd,B,en_deblock_dis_sao,superfast,22,Crosswalk,,,18935.0,68255.0,2342428.0,,,,,1042932.0,8445.0,1199998.0,,,,,,,0.4452354565433815,0.2774155739506263,0.0070375117291862155,
amd,B,en_deblock_dis_sao,superfast,22,CrowdRun,,,20378.0,70012.0,1615023.0,,,,,821278.0,8692.0,1185103.0,,,,,,,0.5085240272119964,0.29106438896189224,0.007334383593662323,
amd,B,en_deblock_dis_sao,superfast,22,DinnerSceneCropped,,,18974.0,68276.0,3038493.0,,,,,1118331.0,7995.0,1195618.0,,0.0,,,,,0.3680544928028467,0.2779014587849317,0.006686918397013093,
amd,B,en_deblock_dis_sao,superfast,22,FoodMarket,,,18638.0,68659.0,4505564.0,,,,,401553.0,10175.0,1202691.0,,1681.0,,,,,0.08912380336845731,0.27145749282686904,0.008460194680096551,
amd,B,en_deblock_dis_sao,superfast,22,FoodMarket2,,,19530.0,68994.0,2829291.0,,,,,573529.0,9423.0,1187187.0,,759.0,,,,,0.20271120927469108,0.2830680928776415,0.007937249986733345,
amd,B,en_deblock_dis_sao,superfast,22,MeridianTalk_sdr,,,20180.0,69939.0,2283433.0,,,,,3866121.0,7758.0,1197268.0,,,,,,,1.6931177748591704,0.288537153805459,0.006479752235923787,
amd,B,en_deblock_dis_sao,superfast,22,Motorcycle,,,19103.0,68800.0,2478743.0,,,,,1675625.0,8250.0,1202525.0,,,,,,,0.6759978747292479,0.27765988372093026,0.006860564229433899,
amd,B,en_deblock_dis_sao,superfast,22,MountainBike,,,20041.0,69607.0,1878300.0,,,,,4178349.0,7324.0,1190897.0,,,,,,,2.2245376137997126,0.28791644518511067,0.006149986102912342,
amd,B,en_deblock_dis_sao,superfast,22,Neon1224,,,19108.0,64095.0,2910487.0,,,,,2206172.0,7993.0,1194977.0,,,,,,,0.7580078522941349,0.2981199781574226,0.0066888316678898425,
amd,B,en_deblock_dis_sao,superfast,22,NocturneDance_3840x2160p_8bit,,,13248.0,62397.0,2521974.0,,,,,621503.0,9155.0,1222301.0,,0.0,,,,,0.24643513374840503,0.2123178998990336,0.0074899717827278224,
amd,B,en_deblock_dis_sao,superfast,22,OldTownCross,,,20060.0,69452.0,2461767.0,,,,,3832965.0,7961.0,1199055.0,,,,,,,1.556997473765795,0.28883257501583826,0.00663939519037909,
amd,B,en_deblock_dis_sao,superfast,22,PedestrianArea,,,19931.0,69473.0,3009861.0,,,,,0.0,9077.0,1194833.0,,1277.0,,,,,0.0,0.2868884314769767,0.007596877555273415,
amd,B,en_deblock_dis_sao,superfast,22,PierSeaSide,,,18486.0,69008.0,2368741.0,,,,,1756245.0,7819.0,1190690.0,,,,,,,0.741425508318554,0.2678819846974264,0.006566780606203126,
amd,B,en_deblock_dis_sao,superfast,22,RitualDance,,,19556.0,69788.0,2760670.0,,,,,2087574.0,8244.0,1206059.0,,,,,,,0.756183824941047,0.28022009514529717,0.006835486489466933,
amd,B,en_deblock_dis_sao,superfast,22,Riverbed,,,19746.0,68699.0,2268504.0,,,,,4272888.0,7995.0,1196712.0,,,,,,,1.8835708466901535,0.28742776459628233,0.006680805406814672,
amd,B,en_deblock_dis_sao,superfast,22,RushFieldCuts,,,18905.0,68827.0,2283137.0,,,,,1254834.0,8095.0,1191806.0,,,,,,,0.5496095941680241,0.27467418309674985,0.006792212826584192,
amd,B,en_deblock_dis_sao,superfast,22,Skater227,,,20246.0,69687.0,4510639.0,,,,,410.0,9176.0,1200459.0,,970.0,,,,,9.089621226615564e-05,0.2905276450413994,0.007643742934994031,
amd,B,en_deblock_dis_sao,superfast,22,Tango,,,18865.0,68066.0,2555255.0,,,,,2919111.0,7976.0,1196767.0,,,,,,,1.1423951816941949,0.2771574648135633,0.006664622269831972,
amd,B,en_deblock_dis_sao,superfast,22,TimeLapse,,,20386.0,69902.0,1703114.0,,,,,4270962.0,7554.0,1185627.0,,,,,,,2.5077370040995492,0.29163686303682296,0.006371312394201549,
amd,B,en_deblock_dis_sao,superfast,22,ToddlerFountain,,,19113.0,68364.0,2408945.0,,,,,2458758.0,8153.0,1193603.0,,,,,,,1.020678346745152,0.2795769703352642,0.006830579346734216,
amd,B,en_deblock_dis_sao,superfast,22,TreesAndGrass_1920_1080,,,19027.0,74627.0,5933877.0,,,,,1192774.0,16659.0,1193931.0,,1840.0,,,,,0.20101090737135266,0.25496134106958607,0.013953067639587213,
amd,B,en_deblock_dis_sao,superfast,22,TunnelFlag,,,18892.0,67836.0,1753062.0,,,,,3992672.0,2667.0,1187342.0,,,,,,,2.2775418097021096,0.2784951942921163,0.0022461935988114627,
amd,B,en_deblock_dis_sao,superfast,22,Vertical_Carnaby,,,13269.0,62323.0,2318133.0,,,,,4061487.0,7480.0,1215123.0,,,,,,,1.7520508961306362,0.21290695248945013,0.006155755425582431,
amd,B,en_deblock_dis_sao,superfast,22,Vertical_bees,,,20536.0,69691.0,2728469.0,,,,,577878.0,9479.0,1195179.0,,1214.0,,,,,0.21179569934641002,0.2946721958359042,0.007931029577996266,
amd,B,en_deblock_dis_sao,superfast,22,WalkingInStreet,,,13661.0,62964.0,2482572.0,,,,,1600230.0,8186.0,1234464.0,,,,,,,0.6445855346793568,0.2169652499841179,0.006631218083313892,
amd,B,en_deblock_dis_sao,superfast,22,WorldCup_1920x1080_30p,,,20654.0,70388.0,4620571.0,,,,,673032.0,9233.0,1208757.0,,746.0,,,,,0.14565991952076918,0.2934306984145025,0.007638425258343902,
amd,B,en_deblock_dis_sao,superfast,22,WorldCup_far_1920x1080_30p,,,20132.0,71416.0,2895035.0,,,,,676083.0,9494.0,1201697.0,,1552.0,,,,,0.23353189166970348,0.28189761398006047,0.007900494051329079,
amd,B,en_deblock_dis_sao,superfast,27,Aerial3200,,,19664.0,70376.0,3141916.0,,,,,0.0,9079.0,1193778.0,,740.0,,,,,0.0,0.2794134363987723,0.007605266640866225,
amd,B,en_deblock_dis_sao,superfast,27,Boat,,,19516.0,68357.0,2073974.0,,,,,502792.0,9448.0,1183837.0,,0.0,,,,,0.24242926864078335,0.28550111912459586,0.007980828441753383,
amd,B,en_deblock_dis_sao,superfast,27,BoxingPractice,,,18901.0,68690.0,2395636.0,,,,,1082482.0,7835.0,1181626.0,,,,,,,0.45185579111350804,0.2751637792982967,0.0066306936374114995,
amd,B,en_deblock_dis_sao,superfast,27,Crosswalk,,,19444.0,68652.0,2636568.0,,,,,430503.0,9636.0,1196008.0,,0.0,,,,,0.1632815842413319,0.28322554331993244,0.008056802295636819,
amd,B,en_deblock_dis_sao,superfast,27,CrowdRun,,,19401.0,69072.0,2369863.0,,,,,1049946.0,8525.0,1197104.0,,,,,,,0.4430408002487908,0.2808808200138985,0.007121352864913992,
amd,B,en_deblock_dis_sao,superfast,27,DinnerSceneCropped,,,20520.0,69362.0,4076251.0,,,,,1261825.0,8854.0,1202064.0,,1059.0,,,,,0.3095552751780987,0.2958392203223667,0.007365664390581533,
amd,B,en_deblock_dis_sao,superfast,27,FoodMarket,,,18844.0,67789.0,3367543.0,,,,,550633.0,9236.0,1191022.0,,1213.0,,,,,0.16351179480113542,0.2779802032778179,0.007754684632189834,
amd,B,en_deblock_dis_sao,superfast,27,FoodMarket2,,,18871.0,68920.0,2935036.0,,,,,828950.0,9027.0,1185191.0,,1371.0,,,,,0.28243265159268915,0.27381021474172956,0.007616493881576893,
amd,B,en_deblock_dis_sao,superfast,27,MeridianTalk_sdr,,,19797.0,69332.0,2330376.0,,,,,2740838.0,7726.0,1194566.0,,,,,,,1.1761355249110015,0.28553914498355737,0.006467620876535914,
amd,B,en_deblock_dis_sao,superfast,27,Motorcycle,,,20303.0,70253.0,2578132.0,,,,,3260969.0,8401.0,1199754.0,,,,,,,1.2648572687511734,0.28899833459069363,0.0070022687984370125,
amd,B,en_deblock_dis_sao,superfast,27,MountainBike,,,19004.0,68195.0,2534369.0,,,,,989715.0,8615.0,1195188.0,,0.0,,,,,0.3905173240360816,0.2786714568516753,0.007208071031502994,
amd,B,en_deblock_dis_sao,superfast,27,Neon1224,,,21451.0,71958.0,2857536.0,,,,,474508.0,9995.0,1189888.0,,1291.0,,,,,0.1660549508387646,0.29810444981794937,0.008399950247418244,
amd,B,en_deblock_dis_sao,superfast,27,NocturneDance_3840x2160p_8bit,,,13183.0,69734.0,2386592.0,,,,,4280463.0,9437.0,1235864.0,,,,,,,1.793546194741288,0.18904694983795567,0.007635953470608417,
amd,B,en_deblock_dis_sao,superfast,27,OldTownCross,,,18739.0,68119.0,2368164.0,,,,,1195479.0,8039.0,1198605.0,,,,,,,0.5048125889929921,0.27509211820490614,0.006706963511749075,
amd,B,en_deblock_dis_sao,superfast,27,PedestrianArea,,,18828.0,69792.0,2710424.0,,,,,497351.0,9436.0,1198626.0,,65.0,,,,,0.18349564496182147,0.2697730398899587,0.00787234717084395,
amd,B,en_deblock_dis_sao,superfast,27,PierSeaSide,,,18727.0,68319.0,2996953.0,,,,,0.0,9252.0,1200506.0,,1317.0,,,,,0.0,0.2741111550227609,0.007706750320281615,
amd,B,en_deblock_dis_sao,superfast,27,RitualDance,,,18867.0,68755.0,2399970.0,,,,,3607721.0,8010.0,1195320.0,,,,,,,1.5032358737817557,0.2744091338811723,0.006701134424254593,
amd,B,en_deblock_dis_sao,superfast,27,Riverbed,,,19645.0,69169.0,2567507.0,,,,,3232252.0,8304.0,1195186.0,,0.0,,,,,1.2589067916854755,0.2840145151729821,0.0069478725487079,
amd,B,en_deblock_dis_sao,superfast,27,RushFieldCuts,,,17633.0,67537.0,1708952.0,,,,,1667478.0,8038.0,1184200.0,,,,,,,0.9757313253970855,0.26108651553963014,0.006787704779598041,
amd,B,en_deblock_dis_sao,superfast,27,Skater227,,,19974.0,69144.0,3040074.0,,,,,515175.0,9379.0,1189880.0,,1605.0,,,,,0.16946133548064948,0.2888753904894134,0.007882307459575756,
amd,B,en_deblock_dis_sao,superfast,27,Tango,,,18998.0,69534.0,2939248.0,,,,,1060337.0,9332.0,1192703.0,,1353.0,,,,,0.3607511172925864,0.2732188569620617,0.007824244594002027,
amd,B,en_deblock_dis_sao,superfast,27,TimeLapse,,,18782.0,69396.0,2313853.0,,,,,4001224.0,8258.0,1191791.0,,,,,,,1.7292472771606493,0.2706496051645628,0.006929067260954312,
amd,B,en_deblock_dis_sao,superfast,27,ToddlerFountain,,,19978.0,68575.0,3017894.0,,,,,897509.0,9286.0,1183183.0,,1479.0,,,,,0.2973957998524799,0.29133065986146556,0.0078483210120497,
amd,B,en_deblock_dis_sao,superfast,27,TreesAndGrass_1920_1080,,,19352.0,68241.0,5153010.0,,,,,1263709.0,7880.0,1195270.0,,1774.0,,,,,0.24523705562380047,0.28358318313037617,0.006592652706083144,
amd,B,en_deblock_dis_sao,superfast,27,TunnelFlag,,,19370.0,68629.0,2661588.0,,,,,534339.0,9667.0,1195345.0,,26.0,,,,,0.20075947141330663,0.2822422008188958,0.008087204949198767,
amd,B,en_deblock_dis_sao,superfast,27,Vertical_Carnaby,,,13238.0,68306.0,2416348.0,,,,,2839311.0,15233.0,1223778.0,,0.0,,,,,1.1750422538475418,0.19380435100869617,0.012447519076172312,
amd,B,en_deblock_dis_sao,superfast,27,Vertical_bees,,,18690.0,69042.0,2871192.0,,,,,556926.0,9319.0,1192254.0,,1050.0,,,,,0.19397030919562328,0.2707047883896759,0.007816287468945375,
amd,B,en_deblock_dis_sao,superfast,27,WalkingInStreet,,,13523.0,62318.0,2361763.0,,,,,3124134.0,7733.0,1224462.0,,,,,,,1.3227974187079736,0.21699990371963157,0.006315426693519277,
amd,B,en_deblock_dis_sao,superfast,27,WorldCup_1920x1080_30p,0.0,,20770.0,77979.0,4596572.0,,,,,961779.0,9244.0,1205192.0,,559.0,,,,,0.20923831933884643,0.2663537619102579,0.00767014716327357,
amd,B,en_deblock_dis_sao,superfast,27,WorldCup_far_1920x1080_30p,,,20455.0,70524.0,2385166.0,,,,,4075922.0,7960.0,1202338.0,,,,,,,1.7088630309169257,0.29004310589302934,0.0066204345200767175,
amd,B,en_deblock_dis_sao,superfast,32,Aerial3200,,,19207.0,68575.0,3871405.0,,,,,0.0,9059.0,1196332.0,,753.0,,,,,0.0,0.2800874954429457,0.0075723127024939565,
amd,B,en_deblock_dis_sao,superfast,32,Boat,,,20584.0,70350.0,2545262.0,,,,,4227138.0,7127.0,1196241.0,,,,,,,1.6607869838154186,0.2925941719971571,0.005957829567787762,
amd,B,en_deblock_dis_sao,superfast,32,BoxingPractice,,,19229.0,69296.0,3102651.0,,,,,54732.0,9090.0,1182687.0,,1387.0,,,,,0.017640398485037474,0.2774907642576772,0.0076858881513029225,
amd,B,en_deblock_dis_sao,superfast,32,Crosswalk,,,20215.0,69134.0,2350847.0,,,,,3953786.0,8047.0,1195449.0,,,,,,,1.681855943836413,0.2924031590823618,0.006731362023808627,
amd,B,en_deblock_dis_sao,superfast,32,CrowdRun,,,19669.0,68734.0,1897031.0,,,,,1036044.0,8665.0,1194429.0,,,,,,,0.5461397309796202,0.2861611429569063,0.007254512407183684,
amd,B,en_deblock_dis_sao,superfast,32,DinnerSceneCropped,,,18477.0,67901.0,5545028.0,,,,,1221609.0,8272.0,1198260.0,,1587.0,,,,,0.2203070931291961,0.2721167582215284,0.006903343180945705,
amd,B,en_deblock_dis_sao,superfast,32,FoodMarket,,,20301.0,70291.0,1869677.0,,,,,964688.0,8472.0,1196587.0,,,,,,,0.5159650570660066,0.28881364612823834,0.0070801370899065425,
amd,B,en_deblock_dis_sao,superfast,32,FoodMarket2,,,19606.0,68752.0,2623385.0,,,,,2630779.0,7833.0,1180653.0,,,,,,,1.0028184959508422,0.2851698859669537,0.006634464148229835,
amd,B,en_deblock_dis_sao,superfast,32,MeridianTalk_sdr,,,20273.0,69129.0,1751360.0,,,,,4367334.0,7575.0,1188573.0,,,,,,,2.4936814818198427,0.29326331930159555,0.0063731886892938,
amd,B,en_deblock_dis_sao,superfast,32,Motorcycle,,,19189.0,74040.0,2250841.0,,,,,453678.0,13684.0,1192812.0,,0.0,,,,,0.20155932826885595,0.25917071853052404,0.011472050918334155,
amd,B,en_deblock_dis_sao,superfast,32,MountainBike,,,19522.0,69300.0,2437525.0,,,,,1671633.0,8107.0,1196214.0,,,,,,,0.685791120091076,0.2817027417027417,0.006777215448072,
amd,B,en_deblock_dis_sao,superfast,32,Neon1224,,,19119.0,69277.0,2524352.0,,,,,1091541.0,8281.0,1189792.0,,0.0,,,,,0.43240443488071395,0.27597904066284623,0.006960040074231462,
amd,B,en_deblock_dis_sao,superfast,32,NocturneDance_3840x2160p_8bit,,,13170.0,61860.0,2324386.0,,,,,1762168.0,7746.0,1228304.0,,,,,,,0.7581219298343734,0.21290009699321047,0.00630625643163256,
amd,B,en_deblock_dis_sao,superfast,32,OldTownCross,,,18711.0,66801.0,2205801.0,,,,,2950281.0,7982.0,1193313.0,,,,,,,1.337510047370547,0.28010059729644765,0.006688940789214565,
amd,B,en_deblock_dis_sao,superfast,32,PedestrianArea,,,18921.0,68888.0,3038398.0,,,,,583927.0,9334.0,1195993.0,,1313.0,,,,,0.19218252513331038,0.2746632214609221,0.007804393503975358,
amd,B,en_deblock_dis_sao,superfast,32,PierSeaSide,,,19567.0,69039.0,2524662.0,,,,,1063570.0,8239.0,1198132.0,,0.0,,,,,0.4212722336692991,0.2834195165051637,0.006876537810525051,
amd,B,en_deblock_dis_sao,superfast,32,RitualDance,,,18514.0,69965.0,2701380.0,,,,,569471.0,10253.0,1195469.0,,1292.0,,,,,0.21080743916072525,0.26461802329736295,0.008576550291140966,
amd,B,en_deblock_dis_sao,superfast,32,Riverbed,,,19596.0,69387.0,2493362.0,,,,,1809634.0,8056.0,1195320.0,,,,,,,0.7257806928957768,0.28241601452721693,0.006739617842920724,
amd,B,en_deblock_dis_sao,superfast,32,RushFieldCuts,,,18282.0,67807.0,2725454.0,,,,,879438.0,8667.0,1191855.0,,0.0,,,,,0.3226757817229717,0.2696181810137596,0.007271857734372051,
amd,B,en_deblock_dis_sao,superfast,32,Skater227,,,18700.0,69177.0,2439794.0,,,,,2773652.0,8111.0,1194412.0,,,,,,,1.1368386019475414,0.27032106046807464,0.006790789107946002,
amd,B,en_deblock_dis_sao,superfast,32,Tango,,,19159.0,68937.0,2323833.0,,,,,1467562.0,8536.0,1191452.0,,,,,,,0.6315264478987948,0.27792042009370876,0.007164367511238388,
amd,B,en_deblock_dis_sao,superfast,32,TimeLapse,,,21311.0,72649.0,2362784.0,,,,,3805366.0,9569.0,1197231.0,,,,,,,1.6105433251621815,0.29334195928367907,0.007992609613349471,
amd,B,en_deblock_dis_sao,superfast,32,ToddlerFountain,,,19496.0,68435.0,2419033.0,,,,,863152.0,8812.0,1191089.0,,0.0,,,,,0.3568169595040663,0.2848834660626872,0.007398271665677376,
amd,B,en_deblock_dis_sao,superfast,32,TreesAndGrass_1920_1080,,,18287.0,67238.0,5373629.0,,,,,1142568.0,8238.0,1195698.0,,1734.0,,,,,0.21262502491333138,0.2719741812665457,0.006889699572969094,
amd,B,en_deblock_dis_sao,superfast,32,TunnelFlag,,,18763.0,68108.0,1619964.0,,,,,777502.0,9177.0,1180963.0,,0.0,,,,,0.47995017173221133,0.2754889293475069,0.007770776899869005,
amd,B,en_deblock_dis_sao,superfast,32,Vertical_Carnaby,,,13597.0,62390.0,2349836.0,,,,,3257250.0,7856.0,1227889.0,,,,,,,1.386160566099081,0.21793556659721108,0.006397972455164921,
amd,B,en_deblock_dis_sao,superfast,32,Vertical_bees,,,17610.0,65390.0,3138497.0,,,,,581621.0,9173.0,1191121.0,,1019.0,,,,,0.18531832275130422,0.26930723352194524,0.007701148749791163,
amd,B,en_deblock_dis_sao,superfast,32,WalkingInStreet,,,13176.0,61262.0,1522537.0,,,,,0.0,8804.0,1209645.0,,,,,,,0.0,0.21507622996310927,0.007278168388246138,
amd,B,en_deblock_dis_sao,superfast,32,WorldCup_1920x1080_30p,0.0,,19881.0,76010.0,3748724.0,,,,,0.0,8961.0,1200295.0,,654.0,,,,,0.0,0.2615576897776608,0.0074656646907635205,
amd,B,en_deblock_dis_sao,superfast,32,WorldCup_far_1920x1080_30p,,,19270.0,69031.0,2949513.0,,,,,693688.0,9442.0,1199315.0,,1514.0,,,,,0.2351873004119663,0.27914994712520463,0.007872827405644055,
amd,B,en_deblock_dis_sao,superfast,37,Aerial3200,,,19240.0,68900.0,2404388.0,,,,,1891081.0,8377.0,1196352.0,,,,,,,0.7865124098107293,0.2792452830188679,0.007002119777456802,
amd,B,en_deblock_dis_sao,superfast,37,Boat,,,18947.0,67232.0,1578002.0,,,,,385082.0,9702.0,1183564.0,,,,,,,0.24403137638608824,0.28181520704426466,0.008197275348016668,
amd,B,en_deblock_dis_sao,superfast,37,BoxingPractice,,,19630.0,68485.0,2044338.0,,,,,0.0,8947.0,1154747.0,,0.0,,,,,0.0,0.2866321092209973,0.007748017531112876,
amd,B,en_deblock_dis_sao,superfast,37,Crosswalk,,,19260.0,68929.0,3105852.0,,,,,989457.0,9083.0,1198366.0,,1361.0,,,,,0.3185782838332284,0.279417951805481,0.007579487402012407,
amd,B,en_deblock_dis_sao,superfast,37,CrowdRun,,,17018.0,67240.0,1921212.0,,,,,591203.0,9626.0,1185596.0,,0.0,,,,,0.3077239784052983,0.25309339678762643,0.008119123208917708,
amd,B,en_deblock_dis_sao,superfast,37,DinnerSceneCropped,,,18685.0,67318.0,5338494.0,,,,,1198490.0,7638.0,1198823.0,,2210.0,,,,,0.22449964353242693,0.27756320746308566,0.006371249133525133,
amd,B,en_deblock_dis_sao,superfast,37,FoodMarket,,,19987.0,70278.0,2005076.0,,,,,1231542.0,8512.0,1195672.0,,,,,,,0.614212129615037,0.284399100714306,0.0071190092266106425,
amd,B,en_deblock_dis_sao,superfast,37,FoodMarket2,,,19449.0,68242.0,2366108.0,,,,,873149.0,8523.0,1193433.0,,0.0,,,,,0.3690233074737079,0.2850004396119692,0.007141582309187026,
amd,B,en_deblock_dis_sao,superfast,37,MeridianTalk_sdr,,,18603.0,68390.0,1665240.0,,,,,1488238.0,7628.0,1182448.0,,,,,,,0.8937078138886887,0.27201345225910223,0.0064510236390944884,
amd,B,en_deblock_dis_sao,superfast,37,Motorcycle,,,20428.0,70169.0,2295926.0,,,,,4034477.0,7808.0,1195085.0,,,,,,,1.7572330292875293,0.29112571078396443,0.006533426492676253,
amd,B,en_deblock_dis_sao,superfast,37,MountainBike,,,21789.0,63854.0,2860635.0,,,,,2382363.0,13850.0,1203040.0,,,,,,,0.8328091490176133,0.3412315594950982,0.011512501662455113,
amd,B,en_deblock_dis_sao,superfast,37,Neon1224,,,13173.0,61520.0,2842976.0,,,,,630382.0,9080.0,1229387.0,,0.0,,,,,0.22173314160935584,0.21412548764629388,0.007385794709070455,
amd,B,en_deblock_dis_sao,superfast,37,NocturneDance_3840x2160p_8bit,,,19262.0,68459.0,2231279.0,,,,,3476767.0,8319.0,1194510.0,,,,,,,1.5581946497950279,0.281365488832732,0.006964361955948464,
amd,B,en_deblock_dis_sao,superfast,37,OldTownCross,,,19142.0,69018.0,2781078.0,,,,,761083.0,8478.0,1196444.0,,0.0,,,,,0.27366474439048455,0.2773479382190153,0.0070859981745907035,
amd,B,en_deblock_dis_sao,superfast,37,PedestrianArea,,,19417.0,69091.0,2310046.0,,,,,3448868.0,7974.0,1192596.0,,,,,,,1.4929867197449749,0.2810351565326888,0.00668625418834207,
amd,B,en_deblock_dis_sao,superfast,37,PierSeaSide,,,18237.0,68216.0,2926069.0,,,,,21.0,9099.0,1192875.0,,1193.0,,,,,7.176864250296216e-06,0.2673419725577577,0.007627790003143666,
amd,B,en_deblock_dis_sao,superfast,37,RitualDance,,,19614.0,69828.0,2454812.0,,,,,1869728.0,7752.0,1194261.0,,,,,,,0.7616583265846835,0.2808901873174085,0.006491043415132873,
amd,B,en_deblock_dis_sao,superfast,37,Riverbed,,,19838.0,69604.0,3006937.0,,,,,0.0,9087.0,1195929.0,,1479.0,,,,,0.0,0.2850123556117464,0.007598277155249183,
amd,B,en_deblock_dis_sao,superfast,37,RushFieldCuts,,,19564.0,70142.0,2427342.0,,,,,2661656.0,8511.0,1194916.0,,,,,,,1.0965311027453075,0.2789199053348921,0.007122676405705505,
amd,B,en_deblock_dis_sao,superfast,37,Skater227,,,21523.0,71563.0,2469105.0,,,,,3990269.0,7701.0,1205052.0,,,,,,,1.6160791055868422,0.300755977250814,0.006390595592555342,
amd,B,en_deblock_dis_sao,superfast,37,Tango,,,17642.0,67513.0,2445118.0,,,,,2221062.0,7625.0,1194965.0,,,,,,,0.9083659766113538,0.2613126360849022,0.006380940027532187,
amd,B,en_deblock_dis_sao,superfast,37,TimeLapse,,,19930.0,75761.0,2370162.0,,,,,3606898.0,8419.0,1204312.0,,,,,,,1.5217938689422916,0.2630641095022505,0.006990713369957287,
amd,B,en_deblock_dis_sao,superfast,37,ToddlerFountain,,,19415.0,68437.0,2562918.0,,,,,475035.0,9432.0,1187067.0,,0.0,,,,,0.18534927765929304,0.2836915703493724,0.007945634071202384,
amd,B,en_deblock_dis_sao,superfast,37,TreesAndGrass_1920_1080,0.0,,19071.0,75766.0,4398094.0,,,,,0.0,9220.0,1196002.0,,1121.0,,,,,0.0,0.25170920993585516,0.007709017209001323,
amd,B,en_deblock_dis_sao,superfast,37,TunnelFlag,,,19030.0,68375.0,2122434.0,,,,,1162015.0,7919.0,1191044.0,,,,,,,0.5474917005664252,0.2783180987202925,0.006648788793696958,
amd,B,en_deblock_dis_sao,superfast,37,Vertical_Carnaby,,,13331.0,61827.0,2335826.0,,,,,3903796.0,7854.0,1225111.0,,,,,,,1.6712700346686782,0.21561777217073447,0.006410847670129482,
amd,B,en_deblock_dis_sao,superfast,37,Vertical_bees,,,19221.0,68935.0,2825001.0,,,,,792426.0,8899.0,1196811.0,,1311.0,,,,,0.2805046794673701,0.27882788133749187,0.007435593422854569,
amd,B,en_deblock_dis_sao,superfast,37,WalkingInStreet,,,13598.0,61970.0,2505843.0,,,,,4216577.0,8247.0,1241274.0,,,,,,,1.6826979982385168,0.21942875584960464,0.006643980297661918,
amd,B,en_deblock_dis_sao,superfast,37,WorldCup_1920x1080_30p,,,20221.0,70259.0,4496888.0,,,,,2035951.0,8897.0,1199728.0,,903.0,,,,,0.45274665502009387,0.2878065443573065,0.007415847592120881,
amd,B,en_deblock_dis_sao,superfast,37,WorldCup_far_1920x1080_30p,,,21134.0,71340.0,2651556.0,,,,,3392138.0,8484.0,1208011.0,,0.0,,,,,1.2793009085985738,0.29624334174376227,0.007023114855742208,
amd,B,en_deblock_dis_sao,veryfast,22,Aerial3200,,,20164.0,69475.0,4339284.0,,,,,598229.0,9186.0,1197040.0,,915.0,,,,,0.13786352771563234,0.29023389708528247,0.007673929024928156,
amd,B,en_deblock_dis_sao,veryfast,22,Boat,,,19937.0,69052.0,1900612.0,,,,,1750660.0,8061.0,1188199.0,,,,,,,0.921103307776653,0.2887244395528008,0.006784217121879416,
amd,B,en_deblock_dis_sao,veryfast,22,BoxingPractice,,,19504.0,68911.0,2937004.0,,,,,0.0,9101.0,1186637.0,,1235.0,,,,,0.0,0.28303173658777264,0.007669573761815956,
amd,B,en_deblock_dis_sao,veryfast,22,Crosswalk,,,19645.0,68785.0,2231580.0,,,,,3626320.0,8096.0,1192849.0,,,,,,,1.6250011202824903,0.2856000581522134,0.006787112199448547,
amd,B,en_deblock_dis_sao,veryfast,22,CrowdRun,,,20643.0,69348.0,2176864.0,,,,,3874325.0,7633.0,1194229.0,,,,,,,1.779773564173049,0.2976726077175982,0.006391571465774152,
amd,B,en_deblock_dis_sao,veryfast,22,DinnerSceneCropped,,,18665.0,68021.0,4359463.0,,,,,485708.0,9370.0,1194007.0,,1615.0,,,,,0.11141463983063969,0.27440055277046793,0.007847525182013171,
amd,B,en_deblock_dis_sao,veryfast,22,FoodMarket,0.0,,19249.0,74996.0,4577975.0,,,,,1260895.0,9065.0,1196326.0,,1074.0,,,,,0.27542636209240984,0.2566670222411862,0.007577366035679238,
amd,B,en_deblock_dis_sao,veryfast,22,FoodMarket2,,,19477.0,68760.0,4892309.0,,,,,1146836.0,8363.0,1192834.0,,2341.0,,,,,0.23441610086362083,0.28326061663758,0.007011034226053248,
amd,B,en_deblock_dis_sao,veryfast,22,MeridianTalk_sdr,,,20513.0,69581.0,2389111.0,,,,,2868629.0,7270.0,1196280.0,,,,,,,1.2007098037721982,0.29480749055058136,0.006077172568295048,
amd,B,en_deblock_dis_sao,veryfast,22,Motorcycle,,,18926.0,69461.0,2406752.0,,,,,3826646.0,8037.0,1195071.0,,,,,,,1.5899627381633006,0.27246944328472095,0.006725123444548483,
amd,B,en_deblock_dis_sao,veryfast,22,MountainBike,,,20226.0,69527.0,2887113.0,,,,,522069.0,9238.0,1196978.0,,20.0,,,,,0.18082735244515888,0.29090856789448705,0.007717769248891793,
amd,B,en_deblock_dis_sao,veryfast,22,Neon1224,,,18827.0,69374.0,2795636.0,,,,,464537.0,10303.0,1197515.0,,0.0,,,,,0.16616505153031366,0.27138409202294805,0.008603650058663148,
amd,B,en_deblock_dis_sao,veryfast,22,NocturneDance_3840x2160p_8bit,0.0,,13362.0,62164.0,2877888.0,,,,,970701.0,8911.0,1237080.0,,258.0,,,,,0.3372963089599039,0.21494755807219612,0.007203252821159504,
amd,B,en_deblock_dis_sao,veryfast,22,OldTownCross,,,19215.0,69223.0,1818147.0,,,,,1508429.0,8342.0,1189961.0,,,,,,,0.8296518378326945,0.2775811507735868,0.007010313783392901,
amd,B,en_deblock_dis_sao,veryfast,22,PedestrianArea,,,18850.0,68502.0,1624323.0,,,,,584297.0,9309.0,1183202.0,,0.0,,,,,0.3597172483551609,0.27517444746138797,0.00786763375991589,
amd,B,en_deblock_dis_sao,veryfast,22,PierSeaSide,,,19550.0,69001.0,2443138.0,,,,,4158003.0,8033.0,1193579.0,,,,,,,1.701910821247101,0.2833292271126505,0.006730178731361728,
amd,B,en_deblock_dis_sao,veryfast,22,RitualDance,,,19664.0,69200.0,2349996.0,,,,,1025031.0,8138.0,1197158.0,,,,,,,0.4361841466964199,0.2841618497109827,0.006797766042577504,
amd,B,en_deblock_dis_sao,veryfast,22,Riverbed,,,19398.0,68834.0,2716766.0,,,,,817226.0,8622.0,1192192.0,,0.0,,,,,0.3008083876196919,0.28180840863526746,0.00723205658149023,
amd,B,en_deblock_dis_sao,veryfast,22,RushFieldCuts,,,19762.0,69420.0,2883232.0,,,,,0.0,8954.0,1193647.0,,1373.0,,,,,0.0,0.284673004897724,0.007501380223801509,
amd,B,en_deblock_dis_sao,veryfast,22,Skater227,,,18780.0,69232.0,1758160.0,,,,,2108798.0,7560.0,1183793.0,,,,,,,1.1994346362105839,0.2712618442338803,0.006386251650415233,
amd,B,en_deblock_dis_sao,veryfast,22,Tango,,,18840.0,68600.0,2994509.0,,,,,0.0,9036.0,1194676.0,,1342.0,,,,,0.0,0.27463556851311954,0.007563556981139656,
amd,B,en_deblock_dis_sao,veryfast,22,TimeLapse,,,21128.0,70526.0,2359772.0,,,,,3885210.0,8113.0,1195314.0,,,,,,,1.646434486043567,0.29957746079460057,0.0067873378877851345,
amd,B,en_deblock_dis_sao,veryfast,22,ToddlerFountain,,,19976.0,69440.0,2857171.0,,,,,524124.0,9474.0,1195581.0,,565.0,,,,,0.18344159310030797,0.28767281105990783,0.007924180795780462,
amd,B,en_deblock_dis_sao,veryfast,22,TreesAndGrass_1920_1080,,,19276.0,68344.0,3482976.0,,,,,2964325.0,8380.0,1199055.0,,,,,,,0.8510897003022703,0.2820437785321316,0.006988837042504305,
amd,B,en_deblock_dis_sao,veryfast,22,TunnelFlag,,,19426.0,69531.0,2252816.0,,,,,3938719.0,7741.0,1205010.0,,,,,,,1.7483536160964765,0.2793861730738807,0.0064240130787296375,
amd,B,en_deblock_dis_sao,veryfast,22,Vertical_Carnaby,,,13134.0,61773.0,1710760.0,,,,,437612.0,9060.0,1209121.0,,,,,,,0.25579976150950456,0.21261716283813317,0.00749304660162217,
amd,B,en_deblock_dis_sao,veryfast,22,Vertical_bees,,,18864.0,70591.0,1635114.0,,,,,4012002.0,2818.0,1183226.0,,,,,,,2.4536527728341877,0.2672295335099375,0.002381624474107229,
amd,B,en_deblock_dis_sao,veryfast,22,WalkingInStreet,,,13821.0,63252.0,2500350.0,,,,,1868522.0,7625.0,1236545.0,,,,,,,0.7473041774151619,0.2185069246822235,0.006166374858982083,
amd,B,en_deblock_dis_sao,veryfast,22,WorldCup_1920x1080_30p,,,18975.0,68725.0,4485674.0,,,,,747656.0,9266.0,1200593.0,,629.0,,,,,0.1666764013613116,0.27610040014550746,0.007717852761093893,
amd,B,en_deblock_dis_sao,veryfast,22,WorldCup_far_1920x1080_30p,,,20961.0,71340.0,2899865.0,,,,,640544.0,9447.0,1205357.0,,1635.0,,,,,0.22088752407439657,0.29381833473507146,0.007837512040001427,
amd,B,en_deblock_dis_sao,veryfast,27,Aerial3200,,,21707.0,56382.0,1610166.0,,,,,1477049.0,8367.0,1181851.0,,,,,,,0.9173271575725732,0.38499875846901493,0.007079572636482941,
amd,B,en_deblock_dis_sao,veryfast,27,Boat,,,19871.0,68690.0,2701618.0,,,,,505907.0,9302.0,1192721.0,,0.0,,,,,0.1872607452274896,0.28928519435143396,0.007798973942774547,
amd,B,en_deblock_dis_sao,veryfast,27,BoxingPractice,,,19652.0,69286.0,2391927.0,,,,,1259720.0,7990.0,1183105.0,,,,,,,0.5266548686477472,0.28363594376930407,0.006753415799950131,
amd,B,en_deblock_dis_sao,veryfast,27,Crosswalk,,,19138.0,68669.0,2249613.0,,,,,1090543.0,8529.0,1190569.0,,,,,,,0.48476915807296633,0.2786992675006189,0.007163801510034278,
amd,B,en_deblock_dis_sao,veryfast,27,CrowdRun,,,19961.0,70189.0,2069314.0,,,,,2594221.0,8911.0,1199354.0,,,,,,,1.2536623248090912,0.28438929176936556,0.007429833060130704,
amd,B,en_deblock_dis_sao,veryfast,27,DinnerSceneCropped,,,19016.0,68474.0,3848169.0,,,,,1119852.0,8507.0,1198209.0,,833.0,,,,,0.2910090487190142,0.27771124806495895,0.007099763063038251,
amd,B,en_deblock_dis_sao,veryfast,27,FoodMarket,,,18709.0,67565.0,4505186.0,,,,,2187567.0,7804.0,1195380.0,,175.0,,,,,0.48556641168644316,0.276903722341449,0.006528467934882632,
amd,B,en_deblock_dis_sao,veryfast,27,FoodMarket2,,,18792.0,68465.0,5226360.0,,,,,1010787.0,8435.0,1194392.0,,1709.0,,,,,0.1934017174477074,0.27447600963996205,0.0070621705436741036,
amd,B,en_deblock_dis_sao,veryfast,27,MeridianTalk_sdr,,,19400.0,70047.0,1727840.0,,,,,4273913.0,5846.0,1188327.0,,,,,,,2.4735583155847762,0.2769569003668965,0.004919521310211752,
amd,B,en_deblock_dis_sao,veryfast,27,Motorcycle,,,20201.0,69066.0,2426285.0,,,,,3793453.0,7662.0,1196587.0,,,,,,,1.5634820311711113,0.2924883444820896,0.006403211801565619,
amd,B,en_deblock_dis_sao,veryfast,27,MountainBike,,,18905.0,68583.0,2533351.0,,,,,3968901.0,7213.0,1195897.0,,,,,,,1.5666605219726757,0.2756514004928335,0.006031455886251073,
amd,B,en_deblock_dis_sao,veryfast,27,Neon1224,,,19119.0,68429.0,2801611.0,,,,,898401.0,9050.0,1192564.0,,1440.0,,,,,0.32067299849979175,0.27939908518318257,0.007588691256821437,
amd,B,en_deblock_dis_sao,veryfast,27,NocturneDance_3840x2160p_8bit,,,13266.0,62259.0,2350067.0,,,,,4335712.0,8641.0,1229659.0,,,,,,,1.8449312296202618,0.21307762733098828,0.007027151429786632,
amd,B,en_deblock_dis_sao,veryfast,27,OldTownCross,,,19853.0,68862.0,2946682.0,,,,,537192.0,9281.0,1199464.0,,973.0,,,,,0.1823040287346921,0.2883012401614824,0.007737622804852834,
amd,B,en_deblock_dis_sao,veryfast,27,PedestrianArea,,,18691.0,67964.0,2619800.0,,,,,2051571.0,7731.0,1194230.0,,,,,,,0.7831021452019238,0.27501324230474955,0.006473627358214079,
amd,B,en_deblock_dis_sao,veryfast,27,PierSeaSide,,,19226.0,68738.0,2443756.0,,,,,1159225.0,8039.0,1193234.0,,,,,,,0.4743620066815181,0.27969972940731475,0.006737152980890588,
amd,B,en_deblock_dis_sao,veryfast,27,RitualDance,,,18849.0,69834.0,2501302.0,,,,,2909827.0,8159.0,1197260.0,,,,,,,1.1633249403710548,0.26991150442477874,0.006814726959891753,
amd,B,en_deblock_dis_sao,veryfast,27,Riverbed,,,19774.0,69865.0,2478967.0,,,,,1735431.0,7874.0,1191663.0,,,,,,,0.7000621629896646,0.2830315608673871,0.0066075727785456125,
amd,B,en_deblock_dis_sao,veryfast,27,RushFieldCuts,,,19510.0,68615.0,2412823.0,,,,,3813319.0,7819.0,1194411.0,,,,,,,1.5804387640535589,0.2843401588573927,0.006546322831923015,
amd,B,en_deblock_dis_sao,veryfast,27,Skater227,,,19679.0,68856.0,2248226.0,,,,,539044.0,9190.0,1185682.0,,0.0,,,,,0.23976415182459415,0.28579934936679446,0.007750813455884462,
amd,B,en_deblock_dis_sao,veryfast,27,Tango,,,19145.0,70583.0,2340774.0,,,,,2955232.0,10011.0,1191588.0,,,,,,,1.2625020612840026,0.2712409503704858,0.008401393770330013,
amd,B,en_deblock_dis_sao,veryfast,27,TimeLapse,,,19654.0,69481.0,2387868.0,,,,,1718838.0,8116.0,1190298.0,,,,,,,0.7198211961465206,0.28286869791741626,0.00681846058718069,
amd,B,en_deblock_dis_sao,veryfast,27,ToddlerFountain,,,19334.0,68900.0,2790521.0,,,,,525902.0,9462.0,1180589.0,,1007.0,,,,,0.18846014776452139,0.2806095791001451,0.008014643538098356,
amd,B,en_deblock_dis_sao,veryfast,27,TreesAndGrass_1920_1080,,,18503.0,68301.0,2647282.0,,,,,2219020.0,8873.0,1185166.0,,,,,,,0.8382257726981863,0.2709037935022913,0.007486714941198111,
amd,B,en_deblock_dis_sao,veryfast,27,TunnelFlag,,,19233.0,68851.0,2897510.0,,,,,0.0,8755.0,1196408.0,,1031.0,,,,,0.0,0.2793423479688022,0.007317737761700022,
amd,B,en_deblock_dis_sao,veryfast,27,Vertical_Carnaby,,,13166.0,62029.0,1502128.0,,,,,405589.0,10650.0,1208759.0,,,,,,,0.2700096130289829,0.21225555788421543,0.008810689310276076,
amd,B,en_deblock_dis_sao,veryfast,27,Vertical_bees,,,18904.0,68194.0,2394178.0,,,,,2907286.0,7993.0,1197973.0,,,,,,,1.2143148922093512,0.2772091386338974,0.006672103628378937,
amd,B,en_deblock_dis_sao,veryfast,27,WalkingInStreet,,,13252.0,61517.0,1504601.0,,,,,2954791.0,7269.0,1203104.0,,,,,,,1.9638369242078133,0.21542012776955963,0.0060418716918903105,
amd,B,en_deblock_dis_sao,veryfast,27,WorldCup_1920x1080_30p,466671.0,,19929.0,65903.0,4203343.0,,,,,856585.0,9221.0,1200153.0,,495.0,,,,,0.2037866050902817,0.3023989803195606,0.007683187060316476,
amd,B,en_deblock_dis_sao,veryfast,27,WorldCup_far_1920x1080_30p,,,20175.0,70024.0,2653691.0,,,,,480964.0,9567.0,1201701.0,,0.0,,,,,0.18124340776676712,0.28811550325602653,0.007961214977769013,
amd,B,en_deblock_dis_sao,veryfast,32,Aerial3200,,,17619.0,64624.0,1671110.0,,,,,1990544.0,8175.0,1183633.0,,,,,,,1.1911507919885584,0.27263864818024264,0.006906701654989342,
amd,B,en_deblock_dis_sao,veryfast,32,Boat,,,19283.0,68180.0,1570666.0,,,,,4124086.0,7308.0,1182967.0,,,,,,,2.6256925406165283,0.2828248753300088,0.006177687120604378,
amd,B,en_deblock_dis_sao,veryfast,32,BoxingPractice,,,19375.0,69386.0,2330477.0,,,,,4364577.0,8114.0,1182167.0,,,,,,,1.8728256060883672,0.27923500417951747,0.00686366647013493,
amd,B,en_deblock_dis_sao,veryfast,32,Crosswalk,,,19256.0,68537.0,2295889.0,,,,,4153778.0,7948.0,1196237.0,,,,,,,1.8092242264325498,0.28095773086070297,0.006644168337879534,
amd,B,en_deblock_dis_sao,veryfast,32,CrowdRun,,,19444.0,69045.0,2276930.0,,,,,1477293.0,8261.0,1191746.0,,,,,,,0.6488091421343651,0.28161344050981246,0.006931846215552643,
amd,B,en_deblock_dis_sao,veryfast,32,DinnerSceneCropped,,,18523.0,68314.0,1962434.0,,,,,2698497.0,8416.0,1192298.0,,,,,,,1.3750765630844146,0.2711450068799953,0.007058638025057494,
amd,B,en_deblock_dis_sao,veryfast,32,FoodMarket,,,19476.0,68563.0,5016818.0,,,,,1203635.0,7964.0,1199128.0,,1941.0,,,,,0.23992000507094338,0.28405991569797123,0.006641492818114497,
amd,B,en_deblock_dis_sao,veryfast,32,FoodMarket2,,,18463.0,67870.0,2821067.0,,,,,964370.0,9061.0,1195805.0,,1034.0,,,,,0.34184583350909425,0.2720347723589215,0.007577322389520031,
amd,B,en_deblock_dis_sao,veryfast,32,MeridianTalk_sdr,,,19223.0,69426.0,2889961.0,,,,,0.0,9785.0,1190128.0,,1306.0,,,,,0.0,0.27688474058709994,0.008221804713442587,
amd,B,en_deblock_dis_sao,veryfast,32,Motorcycle,,,19895.0,69467.0,2383361.0,,,,,4084635.0,8610.0,1196457.0,,,,,,,1.7138129725207385,0.28639497891084975,0.007196246919028431,
amd,B,en_deblock_dis_sao,veryfast,32,MountainBike,,,19434.0,69240.0,2147483.0,,,,,517008.0,9290.0,1190522.0,,0.0,,,,,0.2407506834745607,0.28067590987868285,0.007803299729026427,
amd,B,en_deblock_dis_sao,veryfast,32,Neon1224,,,19037.0,68543.0,2351742.0,,,,,3359853.0,8366.0,1199951.0,,,,,,,1.4286656444456918,0.27773806223830294,0.006971951354680316,
amd,B,en_deblock_dis_sao,veryfast,32,NocturneDance_3840x2160p_8bit,,,13144.0,61191.0,2376140.0,,,,,4199066.0,8151.0,1233681.0,,,,,,,1.7671795432929036,0.21480283048160678,0.0066070564432782865,
amd,B,en_deblock_dis_sao,veryfast,32,OldTownCross,,,19297.0,69014.0,2827508.0,,,,,962259.0,9095.0,1202079.0,,0.0,,,,,0.3403205225237205,0.27960993421624597,0.0075660584703667565,
amd,B,en_deblock_dis_sao,veryfast,32,PedestrianArea,,,19453.0,69338.0,3043860.0,,,,,0.0,9085.0,1194609.0,,1118.0,,,,,0.0,0.2805532319940004,0.007604998790399202,
amd,B,en_deblock_dis_sao,veryfast,32,PierSeaSide,,,19304.0,69040.0,3221660.0,,,,,0.0,9181.0,1194079.0,,1040.0,,,,,0.0,0.27960602549246816,0.007688771010963261,
amd,B,en_deblock_dis_sao,veryfast,32,RitualDance,,,19732.0,69294.0,2382477.0,,,,,3897628.0,7954.0,1196864.0,,,,,,,1.635956191812135,0.2847576990792854,0.006645700764664991,
amd,B,en_deblock_dis_sao,veryfast,32,Riverbed,,,19133.0,69547.0,2528036.0,,,,,1971856.0,8360.0,1201097.0,,,,,,,0.7799952215870344,0.27510891914820196,0.006960303788952932,
amd,B,en_deblock_dis_sao,veryfast,32,RushFieldCuts,,,22096.0,54743.0,1580242.0,,,,,2173066.0,8128.0,1183247.0,,,,,,,1.3751476039745811,0.4036315145315383,0.006869233558166638,
amd,B,en_deblock_dis_sao,veryfast,32,Skater227,,,20594.0,70782.0,1625180.0,,,,,2020013.0,7990.0,1183015.0,,,,,,,1.242947242766955,0.2909496764714193,0.006753929578238653,
amd,B,en_deblock_dis_sao,veryfast,32,Tango,,,19227.0,68795.0,2502535.0,,,,,1895631.0,7848.0,1193260.0,,,,,,,0.7574843109087386,0.2794825205320154,0.006576940482376012,
amd,B,en_deblock_dis_sao,veryfast,32,TimeLapse,,,18937.0,68239.0,2670540.0,,,,,3023627.0,7849.0,1181880.0,,,,,,,1.1322155818673376,0.27750992834009874,0.006641114157105628,
amd,B,en_deblock_dis_sao,veryfast,32,ToddlerFountain,,,19739.0,69144.0,2389039.0,,,,,1472462.0,8205.0,1192925.0,,,,,,,0.6163407127300977,0.28547668633576306,0.006878051847350001,
amd,B,en_deblock_dis_sao,veryfast,32,TreesAndGrass_1920_1080,,,19190.0,68457.0,5208667.0,,,,,940849.0,8468.0,1188707.0,,1722.0,,,,,0.18063143602768233,0.2803219539272828,0.007123706682975704,
amd,B,en_deblock_dis_sao,veryfast,32,TunnelFlag,,,19793.0,69591.0,2288587.0,,,,,3980267.0,7604.0,1197484.0,,,,,,,1.7391809880944007,0.2844189622221264,0.006349980459029098,
amd,B,en_deblock_dis_sao,veryfast,32,Vertical_Carnaby,,,13439.0,62190.0,1625151.0,,,,,1329131.0,8602.0,1214424.0,,,,,,,0.8178507720205692,0.2160958353433028,0.007083193349275047,
amd,B,en_deblock_dis_sao,veryfast,32,Vertical_bees,,,19437.0,69029.0,2638311.0,,,,,717623.0,8566.0,1192364.0,,0.0,,,,,0.272000912705136,0.2815773080879051,0.007184047824322103,
amd,B,en_deblock_dis_sao,veryfast,32,WalkingInStreet,,,13417.0,62380.0,2328656.0,,,,,4469695.0,7562.0,1226839.0,,,,,,,1.9194312083880143,0.21508496312920808,0.0061638079650223054,
amd,B,en_deblock_dis_sao,veryfast,32,WorldCup_1920x1080_30p,,,19302.0,68260.0,4818087.0,,,,,596616.0,9416.0,1205883.0,,892.0,,,,,0.1238283991135901,0.2827717550542045,0.007808386054036751,
amd,B,en_deblock_dis_sao,veryfast,32,WorldCup_far_1920x1080_30p,0.0,,20974.0,72485.0,2768247.0,,,,,520129.0,9616.0,1204432.0,,750.0,,,,,0.18789110942773532,0.2893564185693592,0.007983846327563531,
amd,B,en_deblock_dis_sao,veryfast,37,Aerial3200,,,19342.0,69176.0,4660016.0,,,,,702228.0,8518.0,1198468.0,,993.0,,,,,0.15069218646459584,0.27960564357580664,0.007107407123093817,
amd,B,en_deblock_dis_sao,veryfast,37,Boat,,,19194.0,68579.0,2157143.0,,,,,1713140.0,7911.0,1188293.0,,,,,,,0.7941708083330591,0.2798815964070634,0.0066574489625033555,
amd,B,en_deblock_dis_sao,veryfast,37,BoxingPractice,,,18676.0,68636.0,2676185.0,,,,,478699.0,9250.0,1180790.0,,0.0,,,,,0.17887365783755607,0.27210210385220585,0.007833738429356618,
amd,B,en_deblock_dis_sao,veryfast,37,Crosswalk,,,19406.0,68923.0,2576362.0,,,,,732852.0,8833.0,1195965.0,,0.0,,,,,0.28445226253142997,0.281560582098864,0.007385667640775441,
amd,B,en_deblock_dis_sao,veryfast,37,CrowdRun,,,20174.0,69525.0,2038622.0,,,,,4597297.0,7641.0,1186038.0,,,,,,,2.255100258900375,0.29016900395541173,0.006442457998816227,
amd,B,en_deblock_dis_sao,veryfast,37,DinnerSceneCropped,,,19231.0,68612.0,4162684.0,,,,,493520.0,9306.0,1192071.0,,1301.0,,,,,0.11855812259590207,0.2802862473036787,0.0078065819905022435,
amd,B,en_deblock_dis_sao,veryfast,37,FoodMarket,,,18872.0,67892.0,5059322.0,,,,,554686.0,9263.0,1199816.0,,1344.0,,,,,0.10963642954530271,0.27797089495080424,0.0077203504537362395,
amd,B,en_deblock_dis_sao,veryfast,37,FoodMarket2,,,19961.0,69550.0,2908254.0,,,,,583810.0,9372.0,1195925.0,,921.0,,,,,0.20074243859030194,0.28700215672178286,0.007836611827664779,
amd,B,en_deblock_dis_sao,veryfast,37,MeridianTalk_sdr,,,19866.0,69588.0,2449441.0,,,,,2341599.0,7972.0,1197018.0,,,,,,,0.9559728117558252,0.2854802552164166,0.006659883142943548,
amd,B,en_deblock_dis_sao,veryfast,37,Motorcycle,,,19442.0,77282.0,2412450.0,,,,,3857302.0,11569.0,1201687.0,,,,,,,1.5989147961615784,0.2515721642814627,0.009627298955551653,
amd,B,en_deblock_dis_sao,veryfast,37,MountainBike,,,19936.0,70111.0,2843582.0,,,,,483817.0,9363.0,1190716.0,,528.0,,,,,0.1701435021040364,0.28434910356434795,0.007863336009594227,
amd,B,en_deblock_dis_sao,veryfast,37,Neon1224,,,20242.0,82670.0,2392294.0,,,,,1165841.0,26391.0,1193274.0,,,,,,,0.4873318246001537,0.24485303011975323,0.022116462773847413,
amd,B,en_deblock_dis_sao,veryfast,37,NocturneDance_3840x2160p_8bit,,,13468.0,62601.0,2911589.0,,,,,652689.0,9290.0,1234739.0,,68.0,,,,,0.22416934532998992,0.21514033322151405,0.007523857268621142,
amd,B,en_deblock_dis_sao,veryfast,37,OldTownCross,,,19212.0,68871.0,2748975.0,,,,,470673.0,9457.0,1196897.0,,0.0,,,,,0.17121763566420212,0.2789563096223374,0.007901264686936303,
amd,B,en_deblock_dis_sao,veryfast,37,PedestrianArea,,,18303.0,71360.0,2867796.0,,,,,606661.0,12306.0,1195221.0,,217.0,,,,,0.21154259229038608,0.25648822869955157,0.010296003835273978,
amd,B,en_deblock_dis_sao,veryfast,37,PierSeaSide,,,20003.0,69742.0,2339855.0,,,,,4191264.0,7082.0,1192744.0,,,,,,,1.7912494577655453,0.28681425826618107,0.005937569168237275,
amd,B,en_deblock_dis_sao,veryfast,37,RitualDance,,,19409.0,69354.0,2821660.0,,,,,964227.0,9448.0,1194971.0,,1579.0,,,,,0.34172331180936044,0.27985408195633993,0.007906468023073362,
amd,B,en_deblock_dis_sao,veryfast,37,Riverbed,,,19842.0,70143.0,2226034.0,,,,,986227.0,8573.0,1198029.0,,,,,,,0.44304219971482917,0.28287926093836874,0.007155920265703084,
amd,B,en_deblock_dis_sao,veryfast,37,RushFieldCuts,,,18827.0,69494.0,3012542.0,,,,,0.0,9166.0,1197241.0,,1286.0,,,,,0.0,0.27091547471724176,0.007655935605279138,
amd,B,en_deblock_dis_sao,veryfast,37,Skater227,,,20324.0,70226.0,2865101.0,,,,,1338937.0,7376.0,1193143.0,,0.0,,,,,0.4673262827383747,0.2894084811893031,0.006181991596983765,
amd,B,en_deblock_dis_sao,veryfast,37,Tango,,,19228.0,68537.0,2515734.0,,,,,3727681.0,7914.0,1191308.0,,,,,,,1.481746877849566,0.28054919240702103,0.006643118320367193,
amd,B,en_deblock_dis_sao,veryfast,37,TimeLapse,,,22748.0,72988.0,3043423.0,,,,,3974206.0,8195.0,1200639.0,,1775.0,,,,,1.3058342530762237,0.311667671398038,0.0068255320708389446,
amd,B,en_deblock_dis_sao,veryfast,37,ToddlerFountain,,,19160.0,68677.0,2412979.0,,,,,4102586.0,8201.0,1186947.0,,,,,,,1.7002162057771741,0.2789871427115337,0.006909322825703254,
amd,B,en_deblock_dis_sao,veryfast,37,TreesAndGrass_1920_1080,,,19207.0,69471.0,5171684.0,,,,,589843.0,10173.0,1190630.0,,1279.0,,,,,0.1140524053673813,0.276475075930964,0.008544216087281523,
amd,B,en_deblock_dis_sao,veryfast,37,TunnelFlag,,,18664.0,67642.0,1556910.0,,,,,853515.0,8884.0,1185448.0,,,,,,,0.5482108792415746,0.27592324295556014,0.007494213158232162,
amd,B,en_deblock_dis_sao,veryfast,37,Vertical_Carnaby,,,13377.0,62445.0,2354173.0,,,,,4129543.0,7850.0,1228767.0,,,,,,,1.754137440196621,0.21422051405236608,0.006388517920810048,
amd,B,en_deblock_dis_sao,veryfast,37,Vertical_bees,,,18193.0,67939.0,2378891.0,,,,,884563.0,8928.0,1184976.0,,0.0,,,,,0.3718383902415033,0.2677843359484243,0.007534329809211326,
amd,B,en_deblock_dis_sao,veryfast,37,WalkingInStreet,,,13448.0,62865.0,2377749.0,,,,,1971141.0,7709.0,1232041.0,,,,,,,0.8289945658688113,0.2139187147061163,0.00625709696349391,
amd,B,en_deblock_dis_sao,veryfast,37,WorldCup_1920x1080_30p,244062.0,,19754.0,72211.0,4223143.0,,,,,0.0,9022.0,1206790.0,,486.0,,,,,0.0,0.27355943000373906,0.0074760314553484865,
amd,B,en_deblock_dis_sao,veryfast,37,WorldCup_far_1920x1080_30p,,,20011.0,70496.0,2381788.0,,,,,576222.0,9284.0,1194444.0,,0.0,,,,,0.24192833283230916,0.2838600771674989,0.007772654054941043,
