sequence,qp,preset,metric,A_value,B_value,delta_B_minus_A,relative_change_B_over_A
Aerial3200,22,fast,qp,22.0,22.0,0.0,0.0
Boat,22,fast,qp,22.0,22.0,0.0,0.0
BoxingPractice,22,fast,qp,22.0,22.0,0.0,0.0
Crosswalk,22,fast,qp,22.0,22.0,0.0,0.0
CrowdRun,22,fast,qp,22.0,22.0,0.0,0.0
DinnerSceneCropped,22,fast,qp,22.0,22.0,0.0,0.0
FoodMarket,22,fast,qp,22.0,22.0,0.0,0.0
FoodMarket2,22,fast,qp,22.0,22.0,0.0,0.0
MeridianTalk_sdr,22,fast,qp,22.0,22.0,0.0,0.0
Motorcycle,22,fast,qp,22.0,22.0,0.0,0.0
MountainBike,22,fast,qp,22.0,22.0,0.0,0.0
Neon1224,22,fast,qp,22.0,22.0,0.0,0.0
NocturneDance_3840x2160p_8bit,22,fast,qp,22.0,22.0,0.0,0.0
OldTownCross,22,fast,qp,22.0,22.0,0.0,0.0
PedestrianArea,22,fast,qp,22.0,22.0,0.0,0.0
PierSeaSide,22,fast,qp,22.0,22.0,0.0,0.0
RitualDance,22,fast,qp,22.0,22.0,0.0,0.0
Riverbed,22,fast,qp,22.0,22.0,0.0,0.0
RushFieldCuts,22,fast,qp,22.0,22.0,0.0,0.0
Skater227,22,fast,qp,22.0,22.0,0.0,0.0
Tango,22,fast,qp,22.0,22.0,0.0,0.0
TimeLapse,22,fast,qp,22.0,22.0,0.0,0.0
ToddlerFountain,22,fast,qp,22.0,22.0,0.0,0.0
TreesAndGrass_1920_1080,22,fast,qp,22.0,22.0,0.0,0.0
TunnelFlag,22,fast,qp,22.0,22.0,0.0,0.0
Vertical_Carnaby,22,fast,qp,22.0,22.0,0.0,0.0
Vertical_bees,22,fast,qp,22.0,22.0,0.0,0.0
WalkingInStreet,22,fast,qp,22.0,22.0,0.0,0.0
WorldCup_1920x1080_30p,22,fast,qp,22.0,22.0,0.0,0.0
WorldCup_far_1920x1080_30p,22,fast,qp,22.0,22.0,0.0,0.0
Aerial3200,27,fast,qp,27.0,27.0,0.0,0.0
Boat,27,fast,qp,27.0,27.0,0.0,0.0
BoxingPractice,27,fast,qp,27.0,27.0,0.0,0.0
Crosswalk,27,fast,qp,27.0,27.0,0.0,0.0
CrowdRun,27,fast,qp,27.0,27.0,0.0,0.0
DinnerSceneCropped,27,fast,qp,27.0,27.0,0.0,0.0
FoodMarket,27,fast,qp,27.0,27.0,0.0,0.0
FoodMarket2,27,fast,qp,27.0,27.0,0.0,0.0
MeridianTalk_sdr,27,fast,qp,27.0,27.0,0.0,0.0
Motorcycle,27,fast,qp,27.0,27.0,0.0,0.0
MountainBike,27,fast,qp,27.0,27.0,0.0,0.0
Neon1224,27,fast,qp,27.0,27.0,0.0,0.0
NocturneDance_3840x2160p_8bit,27,fast,qp,27.0,27.0,0.0,0.0
OldTownCross,27,fast,qp,27.0,27.0,0.0,0.0
PedestrianArea,27,fast,qp,27.0,27.0,0.0,0.0
PierSeaSide,27,fast,qp,27.0,27.0,0.0,0.0
RitualDance,27,fast,qp,27.0,27.0,0.0,0.0
Riverbed,27,fast,qp,27.0,27.0,0.0,0.0
RushFieldCuts,27,fast,qp,27.0,27.0,0.0,0.0
Skater227,27,fast,qp,27.0,27.0,0.0,0.0
Tango,27,fast,qp,27.0,27.0,0.0,0.0
TimeLapse,27,fast,qp,27.0,27.0,0.0,0.0
ToddlerFountain,27,fast,qp,27.0,27.0,0.0,0.0
TreesAndGrass_1920_1080,27,fast,qp,27.0,27.0,0.0,0.0
TunnelFlag,27,fast,qp,27.0,27.0,0.0,0.0
Vertical_Carnaby,27,fast,qp,27.0,27.0,0.0,0.0
Vertical_bees,27,fast,qp,27.0,27.0,0.0,0.0
WalkingInStreet,27,fast,qp,27.0,27.0,0.0,0.0
WorldCup_1920x1080_30p,27,fast,qp,27.0,27.0,0.0,0.0
WorldCup_far_1920x1080_30p,27,fast,qp,27.0,27.0,0.0,0.0
Aerial3200,32,fast,qp,32.0,32.0,0.0,0.0
Boat,32,fast,qp,32.0,32.0,0.0,0.0
BoxingPractice,32,fast,qp,32.0,32.0,0.0,0.0
Crosswalk,32,fast,qp,32.0,32.0,0.0,0.0
CrowdRun,32,fast,qp,32.0,32.0,0.0,0.0
DinnerSceneCropped,32,fast,qp,32.0,32.0,0.0,0.0
FoodMarket,32,fast,qp,32.0,32.0,0.0,0.0
FoodMarket2,32,fast,qp,32.0,32.0,0.0,0.0
MeridianTalk_sdr,32,fast,qp,32.0,32.0,0.0,0.0
Motorcycle,32,fast,qp,32.0,32.0,0.0,0.0
MountainBike,32,fast,qp,32.0,32.0,0.0,0.0
Neon1224,32,fast,qp,32.0,32.0,0.0,0.0
NocturneDance_3840x2160p_8bit,32,fast,qp,32.0,32.0,0.0,0.0
OldTownCross,32,fast,qp,32.0,32.0,0.0,0.0
PedestrianArea,32,fast,qp,32.0,32.0,0.0,0.0
PierSeaSide,32,fast,qp,32.0,32.0,0.0,0.0
RitualDance,32,fast,qp,32.0,32.0,0.0,0.0
Riverbed,32,fast,qp,32.0,32.0,0.0,0.0
RushFieldCuts,32,fast,qp,32.0,32.0,0.0,0.0
Skater227,32,fast,qp,32.0,32.0,0.0,0.0
Tango,32,fast,qp,32.0,32.0,0.0,0.0
TimeLapse,32,fast,qp,32.0,32.0,0.0,0.0
ToddlerFountain,32,fast,qp,32.0,32.0,0.0,0.0
TreesAndGrass_1920_1080,32,fast,qp,32.0,32.0,0.0,0.0
TunnelFlag,32,fast,qp,32.0,32.0,0.0,0.0
Vertical_Carnaby,32,fast,qp,32.0,32.0,0.0,0.0
Vertical_bees,32,fast,qp,32.0,32.0,0.0,0.0
WalkingInStreet,32,fast,qp,32.0,32.0,0.0,0.0
WorldCup_1920x1080_30p,32,fast,qp,32.0,32.0,0.0,0.0
WorldCup_far_1920x1080_30p,32,fast,qp,32.0,32.0,0.0,0.0
Aerial3200,37,fast,qp,37.0,37.0,0.0,0.0
Boat,37,fast,qp,37.0,37.0,0.0,0.0
BoxingPractice,37,fast,qp,37.0,37.0,0.0,0.0
Crosswalk,37,fast,qp,37.0,37.0,0.0,0.0
CrowdRun,37,fast,qp,37.0,37.0,0.0,0.0
DinnerSceneCropped,37,fast,qp,37.0,37.0,0.0,0.0
FoodMarket,37,fast,qp,37.0,37.0,0.0,0.0
FoodMarket2,37,fast,qp,37.0,37.0,0.0,0.0
MeridianTalk_sdr,37,fast,qp,37.0,37.0,0.0,0.0
Motorcycle,37,fast,qp,37.0,37.0,0.0,0.0
MountainBike,37,fast,qp,37.0,37.0,0.0,0.0
Neon1224,37,fast,qp,37.0,37.0,0.0,0.0
NocturneDance_3840x2160p_8bit,37,fast,qp,37.0,37.0,0.0,0.0
OldTownCross,37,fast,qp,37.0,37.0,0.0,0.0
PedestrianArea,37,fast,qp,37.0,37.0,0.0,0.0
PierSeaSide,37,fast,qp,37.0,37.0,0.0,0.0
RitualDance,37,fast,qp,37.0,37.0,0.0,0.0
Riverbed,37,fast,qp,37.0,37.0,0.0,0.0
RushFieldCuts,37,fast,qp,37.0,37.0,0.0,0.0
Skater227,37,fast,qp,37.0,37.0,0.0,0.0
Tango,37,fast,qp,37.0,37.0,0.0,0.0
TimeLapse,37,fast,qp,37.0,37.0,0.0,0.0
ToddlerFountain,37,fast,qp,37.0,37.0,0.0,0.0
TreesAndGrass_1920_1080,37,fast,qp,37.0,37.0,0.0,0.0
TunnelFlag,37,fast,qp,37.0,37.0,0.0,0.0
Vertical_Carnaby,37,fast,qp,37.0,37.0,0.0,0.0
Vertical_bees,37,fast,qp,37.0,37.0,0.0,0.0
WalkingInStreet,37,fast,qp,37.0,37.0,0.0,0.0
WorldCup_1920x1080_30p,37,fast,qp,37.0,37.0,0.0,0.0
WorldCup_far_1920x1080_30p,37,fast,qp,37.0,37.0,0.0,0.0
Aerial3200,22,faster,qp,22.0,22.0,0.0,0.0
Boat,22,faster,qp,22.0,22.0,0.0,0.0
BoxingPractice,22,faster,qp,22.0,22.0,0.0,0.0
Crosswalk,22,faster,qp,22.0,22.0,0.0,0.0
CrowdRun,22,faster,qp,22.0,22.0,0.0,0.0
DinnerSceneCropped,22,faster,qp,22.0,22.0,0.0,0.0
FoodMarket,22,faster,qp,22.0,22.0,0.0,0.0
FoodMarket2,22,faster,qp,22.0,22.0,0.0,0.0
MeridianTalk_sdr,22,faster,qp,22.0,22.0,0.0,0.0
Motorcycle,22,faster,qp,22.0,22.0,0.0,0.0
MountainBike,22,faster,qp,22.0,22.0,0.0,0.0
Neon1224,22,faster,qp,22.0,22.0,0.0,0.0
NocturneDance_3840x2160p_8bit,22,faster,qp,22.0,22.0,0.0,0.0
OldTownCross,22,faster,qp,22.0,22.0,0.0,0.0
PedestrianArea,22,faster,qp,22.0,22.0,0.0,0.0
PierSeaSide,22,faster,qp,22.0,22.0,0.0,0.0
RitualDance,22,faster,qp,22.0,22.0,0.0,0.0
Riverbed,22,faster,qp,22.0,22.0,0.0,0.0
RushFieldCuts,22,faster,qp,22.0,22.0,0.0,0.0
Skater227,22,faster,qp,22.0,22.0,0.0,0.0
Tango,22,faster,qp,22.0,22.0,0.0,0.0
TimeLapse,22,faster,qp,22.0,22.0,0.0,0.0
ToddlerFountain,22,faster,qp,22.0,22.0,0.0,0.0
TreesAndGrass_1920_1080,22,faster,qp,22.0,22.0,0.0,0.0
TunnelFlag,22,faster,qp,22.0,22.0,0.0,0.0
Vertical_Carnaby,22,faster,qp,22.0,22.0,0.0,0.0
Vertical_bees,22,faster,qp,22.0,22.0,0.0,0.0
WalkingInStreet,22,faster,qp,22.0,22.0,0.0,0.0
WorldCup_1920x1080_30p,22,faster,qp,22.0,22.0,0.0,0.0
WorldCup_far_1920x1080_30p,22,faster,qp,22.0,22.0,0.0,0.0
Aerial3200,27,faster,qp,27.0,27.0,0.0,0.0
Boat,27,faster,qp,27.0,27.0,0.0,0.0
BoxingPractice,27,faster,qp,27.0,27.0,0.0,0.0
Crosswalk,27,faster,qp,27.0,27.0,0.0,0.0
CrowdRun,27,faster,qp,27.0,27.0,0.0,0.0
DinnerSceneCropped,27,faster,qp,27.0,27.0,0.0,0.0
FoodMarket,27,faster,qp,27.0,27.0,0.0,0.0
FoodMarket2,27,faster,qp,27.0,27.0,0.0,0.0
MeridianTalk_sdr,27,faster,qp,27.0,27.0,0.0,0.0
Motorcycle,27,faster,qp,27.0,27.0,0.0,0.0
MountainBike,27,faster,qp,27.0,27.0,0.0,0.0
Neon1224,27,faster,qp,27.0,27.0,0.0,0.0
NocturneDance_3840x2160p_8bit,27,faster,qp,27.0,27.0,0.0,0.0
OldTownCross,27,faster,qp,27.0,27.0,0.0,0.0
PedestrianArea,27,faster,qp,27.0,27.0,0.0,0.0
PierSeaSide,27,faster,qp,27.0,27.0,0.0,0.0
RitualDance,27,faster,qp,27.0,27.0,0.0,0.0
Riverbed,27,faster,qp,27.0,27.0,0.0,0.0
RushFieldCuts,27,faster,qp,27.0,27.0,0.0,0.0
Skater227,27,faster,qp,27.0,27.0,0.0,0.0
Tango,27,faster,qp,27.0,27.0,0.0,0.0
TimeLapse,27,faster,qp,27.0,27.0,0.0,0.0
ToddlerFountain,27,faster,qp,27.0,27.0,0.0,0.0
TreesAndGrass_1920_1080,27,faster,qp,27.0,27.0,0.0,0.0
TunnelFlag,27,faster,qp,27.0,27.0,0.0,0.0
Vertical_Carnaby,27,faster,qp,27.0,27.0,0.0,0.0
Vertical_bees,27,faster,qp,27.0,27.0,0.0,0.0
WalkingInStreet,27,faster,qp,27.0,27.0,0.0,0.0
WorldCup_1920x1080_30p,27,faster,qp,27.0,27.0,0.0,0.0
WorldCup_far_1920x1080_30p,27,faster,qp,27.0,27.0,0.0,0.0
Aerial3200,32,faster,qp,32.0,32.0,0.0,0.0
Boat,32,faster,qp,32.0,32.0,0.0,0.0
BoxingPractice,32,faster,qp,32.0,32.0,0.0,0.0
Crosswalk,32,faster,qp,32.0,32.0,0.0,0.0
CrowdRun,32,faster,qp,32.0,32.0,0.0,0.0
DinnerSceneCropped,32,faster,qp,32.0,32.0,0.0,0.0
FoodMarket,32,faster,qp,32.0,32.0,0.0,0.0
FoodMarket2,32,faster,qp,32.0,32.0,0.0,0.0
MeridianTalk_sdr,32,faster,qp,32.0,32.0,0.0,0.0
Motorcycle,32,faster,qp,32.0,32.0,0.0,0.0
MountainBike,32,faster,qp,32.0,32.0,0.0,0.0
Neon1224,32,faster,qp,32.0,32.0,0.0,0.0
NocturneDance_3840x2160p_8bit,32,faster,qp,32.0,32.0,0.0,0.0
OldTownCross,32,faster,qp,32.0,32.0,0.0,0.0
PedestrianArea,32,faster,qp,32.0,32.0,0.0,0.0
PierSeaSide,32,faster,qp,32.0,32.0,0.0,0.0
RitualDance,32,faster,qp,32.0,32.0,0.0,0.0
Riverbed,32,faster,qp,32.0,32.0,0.0,0.0
RushFieldCuts,32,faster,qp,32.0,32.0,0.0,0.0
Skater227,32,faster,qp,32.0,32.0,0.0,0.0
Tango,32,faster,qp,32.0,32.0,0.0,0.0
TimeLapse,32,faster,qp,32.0,32.0,0.0,0.0
ToddlerFountain,32,faster,qp,32.0,32.0,0.0,0.0
TreesAndGrass_1920_1080,32,faster,qp,32.0,32.0,0.0,0.0
TunnelFlag,32,faster,qp,32.0,32.0,0.0,0.0
Vertical_Carnaby,32,faster,qp,32.0,32.0,0.0,0.0
Vertical_bees,32,faster,qp,32.0,32.0,0.0,0.0
WalkingInStreet,32,faster,qp,32.0,32.0,0.0,0.0
WorldCup_1920x1080_30p,32,faster,qp,32.0,32.0,0.0,0.0
WorldCup_far_1920x1080_30p,32,faster,qp,32.0,32.0,0.0,0.0
Aerial3200,37,faster,qp,37.0,37.0,0.0,0.0
Boat,37,faster,qp,37.0,37.0,0.0,0.0
BoxingPractice,37,faster,qp,37.0,37.0,0.0,0.0
Crosswalk,37,faster,qp,37.0,37.0,0.0,0.0
CrowdRun,37,faster,qp,37.0,37.0,0.0,0.0
DinnerSceneCropped,37,faster,qp,37.0,37.0,0.0,0.0
FoodMarket,37,faster,qp,37.0,37.0,0.0,0.0
FoodMarket2,37,faster,qp,37.0,37.0,0.0,0.0
MeridianTalk_sdr,37,faster,qp,37.0,37.0,0.0,0.0
Motorcycle,37,faster,qp,37.0,37.0,0.0,0.0
MountainBike,37,faster,qp,37.0,37.0,0.0,0.0
Neon1224,37,faster,qp,37.0,37.0,0.0,0.0
NocturneDance_3840x2160p_8bit,37,faster,qp,37.0,37.0,0.0,0.0
OldTownCross,37,faster,qp,37.0,37.0,0.0,0.0
PedestrianArea,37,faster,qp,37.0,37.0,0.0,0.0
PierSeaSide,37,faster,qp,37.0,37.0,0.0,0.0
RitualDance,37,faster,qp,37.0,37.0,0.0,0.0
Riverbed,37,faster,qp,37.0,37.0,0.0,0.0
RushFieldCuts,37,faster,qp,37.0,37.0,0.0,0.0
Skater227,37,faster,qp,37.0,37.0,0.0,0.0
Tango,37,faster,qp,37.0,37.0,0.0,0.0
TimeLapse,37,faster,qp,37.0,37.0,0.0,0.0
ToddlerFountain,37,faster,qp,37.0,37.0,0.0,0.0
TreesAndGrass_1920_1080,37,faster,qp,37.0,37.0,0.0,0.0
TunnelFlag,37,faster,qp,37.0,37.0,0.0,0.0
Vertical_Carnaby,37,faster,qp,37.0,37.0,0.0,0.0
Vertical_bees,37,faster,qp,37.0,37.0,0.0,0.0
WalkingInStreet,37,faster,qp,37.0,37.0,0.0,0.0
WorldCup_1920x1080_30p,37,faster,qp,37.0,37.0,0.0,0.0
WorldCup_far_1920x1080_30p,37,faster,qp,37.0,37.0,0.0,0.0
Aerial3200,22,superfast,qp,22.0,22.0,0.0,0.0
Boat,22,superfast,qp,22.0,22.0,0.0,0.0
BoxingPractice,22,superfast,qp,22.0,22.0,0.0,0.0
Crosswalk,22,superfast,qp,22.0,22.0,0.0,0.0
CrowdRun,22,superfast,qp,22.0,22.0,0.0,0.0
DinnerSceneCropped,22,superfast,qp,22.0,22.0,0.0,0.0
FoodMarket,22,superfast,qp,22.0,22.0,0.0,0.0
FoodMarket2,22,superfast,qp,22.0,22.0,0.0,0.0
MeridianTalk_sdr,22,superfast,qp,22.0,22.0,0.0,0.0
Motorcycle,22,superfast,qp,22.0,22.0,0.0,0.0
MountainBike,22,superfast,qp,22.0,22.0,0.0,0.0
Neon1224,22,superfast,qp,22.0,22.0,0.0,0.0
NocturneDance_3840x2160p_8bit,22,superfast,qp,22.0,22.0,0.0,0.0
OldTownCross,22,superfast,qp,22.0,22.0,0.0,0.0
PedestrianArea,22,superfast,qp,22.0,22.0,0.0,0.0
PierSeaSide,22,superfast,qp,22.0,22.0,0.0,0.0
RitualDance,22,superfast,qp,22.0,22.0,0.0,0.0
Riverbed,22,superfast,qp,22.0,22.0,0.0,0.0
RushFieldCuts,22,superfast,qp,22.0,22.0,0.0,0.0
Skater227,22,superfast,qp,22.0,22.0,0.0,0.0
Tango,22,superfast,qp,22.0,22.0,0.0,0.0
TimeLapse,22,superfast,qp,22.0,22.0,0.0,0.0
ToddlerFountain,22,superfast,qp,22.0,22.0,0.0,0.0
TreesAndGrass_1920_1080,22,superfast,qp,22.0,22.0,0.0,0.0
TunnelFlag,22,superfast,qp,22.0,22.0,0.0,0.0
Vertical_Carnaby,22,superfast,qp,22.0,22.0,0.0,0.0
Vertical_bees,22,superfast,qp,22.0,22.0,0.0,0.0
WalkingInStreet,22,superfast,qp,22.0,22.0,0.0,0.0
WorldCup_1920x1080_30p,22,superfast,qp,22.0,22.0,0.0,0.0
WorldCup_far_1920x1080_30p,22,superfast,qp,22.0,22.0,0.0,0.0
Aerial3200,27,superfast,qp,27.0,27.0,0.0,0.0
Boat,27,superfast,qp,27.0,27.0,0.0,0.0
BoxingPractice,27,superfast,qp,27.0,27.0,0.0,0.0
Crosswalk,27,superfast,qp,27.0,27.0,0.0,0.0
CrowdRun,27,superfast,qp,27.0,27.0,0.0,0.0
DinnerSceneCropped,27,superfast,qp,27.0,27.0,0.0,0.0
FoodMarket,27,superfast,qp,27.0,27.0,0.0,0.0
FoodMarket2,27,superfast,qp,27.0,27.0,0.0,0.0
MeridianTalk_sdr,27,superfast,qp,27.0,27.0,0.0,0.0
Motorcycle,27,superfast,qp,27.0,27.0,0.0,0.0
MountainBike,27,superfast,qp,27.0,27.0,0.0,0.0
Neon1224,27,superfast,qp,27.0,27.0,0.0,0.0
NocturneDance_3840x2160p_8bit,27,superfast,qp,27.0,27.0,0.0,0.0
OldTownCross,27,superfast,qp,27.0,27.0,0.0,0.0
PedestrianArea,27,superfast,qp,27.0,27.0,0.0,0.0
PierSeaSide,27,superfast,qp,27.0,27.0,0.0,0.0
RitualDance,27,superfast,qp,27.0,27.0,0.0,0.0
Riverbed,27,superfast,qp,27.0,27.0,0.0,0.0
RushFieldCuts,27,superfast,qp,27.0,27.0,0.0,0.0
Skater227,27,superfast,qp,27.0,27.0,0.0,0.0
Tango,27,superfast,qp,27.0,27.0,0.0,0.0
TimeLapse,27,superfast,qp,27.0,27.0,0.0,0.0
ToddlerFountain,27,superfast,qp,27.0,27.0,0.0,0.0
TreesAndGrass_1920_1080,27,superfast,qp,27.0,27.0,0.0,0.0
TunnelFlag,27,superfast,qp,27.0,27.0,0.0,0.0
Vertical_Carnaby,27,superfast,qp,27.0,27.0,0.0,0.0
Vertical_bees,27,superfast,qp,27.0,27.0,0.0,0.0
WalkingInStreet,27,superfast,qp,27.0,27.0,0.0,0.0
WorldCup_1920x1080_30p,27,superfast,qp,27.0,27.0,0.0,0.0
WorldCup_far_1920x1080_30p,27,superfast,qp,27.0,27.0,0.0,0.0
Aerial3200,32,superfast,qp,32.0,32.0,0.0,0.0
Boat,32,superfast,qp,32.0,32.0,0.0,0.0
BoxingPractice,32,superfast,qp,32.0,32.0,0.0,0.0
Crosswalk,32,superfast,qp,32.0,32.0,0.0,0.0
CrowdRun,32,superfast,qp,32.0,32.0,0.0,0.0
DinnerSceneCropped,32,superfast,qp,32.0,32.0,0.0,0.0
FoodMarket,32,superfast,qp,32.0,32.0,0.0,0.0
FoodMarket2,32,superfast,qp,32.0,32.0,0.0,0.0
MeridianTalk_sdr,32,superfast,qp,32.0,32.0,0.0,0.0
Motorcycle,32,superfast,qp,32.0,32.0,0.0,0.0
MountainBike,32,superfast,qp,32.0,32.0,0.0,0.0
Neon1224,32,superfast,qp,32.0,32.0,0.0,0.0
NocturneDance_3840x2160p_8bit,32,superfast,qp,32.0,32.0,0.0,0.0
OldTownCross,32,superfast,qp,32.0,32.0,0.0,0.0
PedestrianArea,32,superfast,qp,32.0,32.0,0.0,0.0
PierSeaSide,32,superfast,qp,32.0,32.0,0.0,0.0
RitualDance,32,superfast,qp,32.0,32.0,0.0,0.0
Riverbed,32,superfast,qp,32.0,32.0,0.0,0.0
RushFieldCuts,32,superfast,qp,32.0,32.0,0.0,0.0
Skater227,32,superfast,qp,32.0,32.0,0.0,0.0
Tango,32,superfast,qp,32.0,32.0,0.0,0.0
TimeLapse,32,superfast,qp,32.0,32.0,0.0,0.0
ToddlerFountain,32,superfast,qp,32.0,32.0,0.0,0.0
TreesAndGrass_1920_1080,32,superfast,qp,32.0,32.0,0.0,0.0
TunnelFlag,32,superfast,qp,32.0,32.0,0.0,0.0
Vertical_Carnaby,32,superfast,qp,32.0,32.0,0.0,0.0
Vertical_bees,32,superfast,qp,32.0,32.0,0.0,0.0
WalkingInStreet,32,superfast,qp,32.0,32.0,0.0,0.0
WorldCup_1920x1080_30p,32,superfast,qp,32.0,32.0,0.0,0.0
WorldCup_far_1920x1080_30p,32,superfast,qp,32.0,32.0,0.0,0.0
Aerial3200,37,superfast,qp,37.0,37.0,0.0,0.0
Boat,37,superfast,qp,37.0,37.0,0.0,0.0
BoxingPractice,37,superfast,qp,37.0,37.0,0.0,0.0
Crosswalk,37,superfast,qp,37.0,37.0,0.0,0.0
CrowdRun,37,superfast,qp,37.0,37.0,0.0,0.0
DinnerSceneCropped,37,superfast,qp,37.0,37.0,0.0,0.0
FoodMarket,37,superfast,qp,37.0,37.0,0.0,0.0
FoodMarket2,37,superfast,qp,37.0,37.0,0.0,0.0
MeridianTalk_sdr,37,superfast,qp,37.0,37.0,0.0,0.0
Motorcycle,37,superfast,qp,37.0,37.0,0.0,0.0
MountainBike,37,superfast,qp,37.0,37.0,0.0,0.0
Neon1224,37,superfast,qp,37.0,37.0,0.0,0.0
NocturneDance_3840x2160p_8bit,37,superfast,qp,37.0,37.0,0.0,0.0
OldTownCross,37,superfast,qp,37.0,37.0,0.0,0.0
PedestrianArea,37,superfast,qp,37.0,37.0,0.0,0.0
PierSeaSide,37,superfast,qp,37.0,37.0,0.0,0.0
RitualDance,37,superfast,qp,37.0,37.0,0.0,0.0
Riverbed,37,superfast,qp,37.0,37.0,0.0,0.0
RushFieldCuts,37,superfast,qp,37.0,37.0,0.0,0.0
Skater227,37,superfast,qp,37.0,37.0,0.0,0.0
Tango,37,superfast,qp,37.0,37.0,0.0,0.0
TimeLapse,37,superfast,qp,37.0,37.0,0.0,0.0
ToddlerFountain,37,superfast,qp,37.0,37.0,0.0,0.0
TreesAndGrass_1920_1080,37,superfast,qp,37.0,37.0,0.0,0.0
TunnelFlag,37,superfast,qp,37.0,37.0,0.0,0.0
Vertical_Carnaby,37,superfast,qp,37.0,37.0,0.0,0.0
Vertical_bees,37,superfast,qp,37.0,37.0,0.0,0.0
WalkingInStreet,37,superfast,qp,37.0,37.0,0.0,0.0
WorldCup_1920x1080_30p,37,superfast,qp,37.0,37.0,0.0,0.0
WorldCup_far_1920x1080_30p,37,superfast,qp,37.0,37.0,0.0,0.0
Aerial3200,22,veryfast,qp,22.0,22.0,0.0,0.0
Boat,22,veryfast,qp,22.0,22.0,0.0,0.0
BoxingPractice,22,veryfast,qp,22.0,22.0,0.0,0.0
Crosswalk,22,veryfast,qp,22.0,22.0,0.0,0.0
CrowdRun,22,veryfast,qp,22.0,22.0,0.0,0.0
DinnerSceneCropped,22,veryfast,qp,22.0,22.0,0.0,0.0
FoodMarket,22,veryfast,qp,22.0,22.0,0.0,0.0
FoodMarket2,22,veryfast,qp,22.0,22.0,0.0,0.0
MeridianTalk_sdr,22,veryfast,qp,22.0,22.0,0.0,0.0
Motorcycle,22,veryfast,qp,22.0,22.0,0.0,0.0
MountainBike,22,veryfast,qp,22.0,22.0,0.0,0.0
Neon1224,22,veryfast,qp,22.0,22.0,0.0,0.0
NocturneDance_3840x2160p_8bit,22,veryfast,qp,22.0,22.0,0.0,0.0
OldTownCross,22,veryfast,qp,22.0,22.0,0.0,0.0
PedestrianArea,22,veryfast,qp,22.0,22.0,0.0,0.0
PierSeaSide,22,veryfast,qp,22.0,22.0,0.0,0.0
RitualDance,22,veryfast,qp,22.0,22.0,0.0,0.0
Riverbed,22,veryfast,qp,22.0,22.0,0.0,0.0
RushFieldCuts,22,veryfast,qp,22.0,22.0,0.0,0.0
Skater227,22,veryfast,qp,22.0,22.0,0.0,0.0
Tango,22,veryfast,qp,22.0,22.0,0.0,0.0
TimeLapse,22,veryfast,qp,22.0,22.0,0.0,0.0
ToddlerFountain,22,veryfast,qp,22.0,22.0,0.0,0.0
TreesAndGrass_1920_1080,22,veryfast,qp,22.0,22.0,0.0,0.0
TunnelFlag,22,veryfast,qp,22.0,22.0,0.0,0.0
Vertical_Carnaby,22,veryfast,qp,22.0,22.0,0.0,0.0
Vertical_bees,22,veryfast,qp,22.0,22.0,0.0,0.0
WalkingInStreet,22,veryfast,qp,22.0,22.0,0.0,0.0
WorldCup_1920x1080_30p,22,veryfast,qp,22.0,22.0,0.0,0.0
WorldCup_far_1920x1080_30p,22,veryfast,qp,22.0,22.0,0.0,0.0
Aerial3200,27,veryfast,qp,27.0,27.0,0.0,0.0
Boat,27,veryfast,qp,27.0,27.0,0.0,0.0
BoxingPractice,27,veryfast,qp,27.0,27.0,0.0,0.0
Crosswalk,27,veryfast,qp,27.0,27.0,0.0,0.0
CrowdRun,27,veryfast,qp,27.0,27.0,0.0,0.0
DinnerSceneCropped,27,veryfast,qp,27.0,27.0,0.0,0.0
FoodMarket,27,veryfast,qp,27.0,27.0,0.0,0.0
FoodMarket2,27,veryfast,qp,27.0,27.0,0.0,0.0
MeridianTalk_sdr,27,veryfast,qp,27.0,27.0,0.0,0.0
Motorcycle,27,veryfast,qp,27.0,27.0,0.0,0.0
MountainBike,27,veryfast,qp,27.0,27.0,0.0,0.0
Neon1224,27,veryfast,qp,27.0,27.0,0.0,0.0
NocturneDance_3840x2160p_8bit,27,veryfast,qp,27.0,27.0,0.0,0.0
OldTownCross,27,veryfast,qp,27.0,27.0,0.0,0.0
PedestrianArea,27,veryfast,qp,27.0,27.0,0.0,0.0
PierSeaSide,27,veryfast,qp,27.0,27.0,0.0,0.0
RitualDance,27,veryfast,qp,27.0,27.0,0.0,0.0
Riverbed,27,veryfast,qp,27.0,27.0,0.0,0.0
RushFieldCuts,27,veryfast,qp,27.0,27.0,0.0,0.0
Skater227,27,veryfast,qp,27.0,27.0,0.0,0.0
Tango,27,veryfast,qp,27.0,27.0,0.0,0.0
TimeLapse,27,veryfast,qp,27.0,27.0,0.0,0.0
ToddlerFountain,27,veryfast,qp,27.0,27.0,0.0,0.0
TreesAndGrass_1920_1080,27,veryfast,qp,27.0,27.0,0.0,0.0
TunnelFlag,27,veryfast,qp,27.0,27.0,0.0,0.0
Vertical_Carnaby,27,veryfast,qp,27.0,27.0,0.0,0.0
Vertical_bees,27,veryfast,qp,27.0,27.0,0.0,0.0
WalkingInStreet,27,veryfast,qp,27.0,27.0,0.0,0.0
WorldCup_1920x1080_30p,27,veryfast,qp,27.0,27.0,0.0,0.0
WorldCup_far_1920x1080_30p,27,veryfast,qp,27.0,27.0,0.0,0.0
Aerial3200,32,veryfast,qp,32.0,32.0,0.0,0.0
Boat,32,veryfast,qp,32.0,32.0,0.0,0.0
BoxingPractice,32,veryfast,qp,32.0,32.0,0.0,0.0
Crosswalk,32,veryfast,qp,32.0,32.0,0.0,0.0
CrowdRun,32,veryfast,qp,32.0,32.0,0.0,0.0
DinnerSceneCropped,32,veryfast,qp,32.0,32.0,0.0,0.0
FoodMarket,32,veryfast,qp,32.0,32.0,0.0,0.0
FoodMarket2,32,veryfast,qp,32.0,32.0,0.0,0.0
MeridianTalk_sdr,32,veryfast,qp,32.0,32.0,0.0,0.0
Motorcycle,32,veryfast,qp,32.0,32.0,0.0,0.0
MountainBike,32,veryfast,qp,32.0,32.0,0.0,0.0
Neon1224,32,veryfast,qp,32.0,32.0,0.0,0.0
NocturneDance_3840x2160p_8bit,32,veryfast,qp,32.0,32.0,0.0,0.0
OldTownCross,32,veryfast,qp,32.0,32.0,0.0,0.0
PedestrianArea,32,veryfast,qp,32.0,32.0,0.0,0.0
PierSeaSide,32,veryfast,qp,32.0,32.0,0.0,0.0
RitualDance,32,veryfast,qp,32.0,32.0,0.0,0.0
Riverbed,32,veryfast,qp,32.0,32.0,0.0,0.0
RushFieldCuts,32,veryfast,qp,32.0,32.0,0.0,0.0
Skater227,32,veryfast,qp,32.0,32.0,0.0,0.0
Tango,32,veryfast,qp,32.0,32.0,0.0,0.0
TimeLapse,32,veryfast,qp,32.0,32.0,0.0,0.0
ToddlerFountain,32,veryfast,qp,32.0,32.0,0.0,0.0
TreesAndGrass_1920_1080,32,veryfast,qp,32.0,32.0,0.0,0.0
TunnelFlag,32,veryfast,qp,32.0,32.0,0.0,0.0
Vertical_Carnaby,32,veryfast,qp,32.0,32.0,0.0,0.0
Vertical_bees,32,veryfast,qp,32.0,32.0,0.0,0.0
WalkingInStreet,32,veryfast,qp,32.0,32.0,0.0,0.0
WorldCup_1920x1080_30p,32,veryfast,qp,32.0,32.0,0.0,0.0
WorldCup_far_1920x1080_30p,32,veryfast,qp,32.0,32.0,0.0,0.0
Aerial3200,37,veryfast,qp,37.0,37.0,0.0,0.0
Boat,37,veryfast,qp,37.0,37.0,0.0,0.0
BoxingPractice,37,veryfast,qp,37.0,37.0,0.0,0.0
Crosswalk,37,veryfast,qp,37.0,37.0,0.0,0.0
CrowdRun,37,veryfast,qp,37.0,37.0,0.0,0.0
DinnerSceneCropped,37,veryfast,qp,37.0,37.0,0.0,0.0
FoodMarket,37,veryfast,qp,37.0,37.0,0.0,0.0
FoodMarket2,37,veryfast,qp,37.0,37.0,0.0,0.0
MeridianTalk_sdr,37,veryfast,qp,37.0,37.0,0.0,0.0
Motorcycle,37,veryfast,qp,37.0,37.0,0.0,0.0
MountainBike,37,veryfast,qp,37.0,37.0,0.0,0.0
Neon1224,37,veryfast,qp,37.0,37.0,0.0,0.0
NocturneDance_3840x2160p_8bit,37,veryfast,qp,37.0,37.0,0.0,0.0
OldTownCross,37,veryfast,qp,37.0,37.0,0.0,0.0
PedestrianArea,37,veryfast,qp,37.0,37.0,0.0,0.0
PierSeaSide,37,veryfast,qp,37.0,37.0,0.0,0.0
RitualDance,37,veryfast,qp,37.0,37.0,0.0,0.0
Riverbed,37,veryfast,qp,37.0,37.0,0.0,0.0
RushFieldCuts,37,veryfast,qp,37.0,37.0,0.0,0.0
Skater227,37,veryfast,qp,37.0,37.0,0.0,0.0
Tango,37,veryfast,qp,37.0,37.0,0.0,0.0
TimeLapse,37,veryfast,qp,37.0,37.0,0.0,0.0
ToddlerFountain,37,veryfast,qp,37.0,37.0,0.0,0.0
TreesAndGrass_1920_1080,37,veryfast,qp,37.0,37.0,0.0,0.0
TunnelFlag,37,veryfast,qp,37.0,37.0,0.0,0.0
Vertical_Carnaby,37,veryfast,qp,37.0,37.0,0.0,0.0
Vertical_bees,37,veryfast,qp,37.0,37.0,0.0,0.0
WalkingInStreet,37,veryfast,qp,37.0,37.0,0.0,0.0
WorldCup_1920x1080_30p,37,veryfast,qp,37.0,37.0,0.0,0.0
WorldCup_far_1920x1080_30p,37,veryfast,qp,37.0,37.0,0.0,0.0
Aerial3200,22,fast,branch-instructions,130468296943.0,,,
Boat,22,fast,branch-instructions,133588555391.0,,,
BoxingPractice,22,fast,branch-instructions,410460699074.0,,,
Crosswalk,22,fast,branch-instructions,409258927917.0,,,
CrowdRun,22,fast,branch-instructions,158437979092.0,,,
DinnerSceneCropped,22,fast,branch-instructions,138650603821.0,,,
FoodMarket,22,fast,branch-instructions,129829919350.0,,,
FoodMarket2,22,fast,branch-instructions,421409083018.0,,,
MeridianTalk_sdr,22,fast,branch-instructions,104632602663.0,,,
Motorcycle,22,fast,branch-instructions,119066956826.0,,,
MountainBike,22,fast,branch-instructions,122721123936.0,,,
Neon1224,22,fast,branch-instructions,343940674547.0,,,
NocturneDance_3840x2160p_8bit,22,fast,branch-instructions,360868721345.0,,,
OldTownCross,22,fast,branch-instructions,161034833421.0,,,
PedestrianArea,22,fast,branch-instructions,106369639822.0,,,
PierSeaSide,22,fast,branch-instructions,388675951992.0,,,
RitualDance,22,fast,branch-instructions,82446116916.0,,,
Riverbed,22,fast,branch-instructions,121041170338.0,,,
RushFieldCuts,22,fast,branch-instructions,122108566190.0,,,
Skater227,22,fast,branch-instructions,,,,
Tango,22,fast,branch-instructions,471172766431.0,,,
TimeLapse,22,fast,branch-instructions,393525750026.0,,,
ToddlerFountain,22,fast,branch-instructions,133644891436.0,,,
TreesAndGrass_1920_1080,22,fast,branch-instructions,147780649926.0,,,
TunnelFlag,22,fast,branch-instructions,111157966018.0,,,
Vertical_Carnaby,22,fast,branch-instructions,77492997039.0,,,
Vertical_bees,22,fast,branch-instructions,89921947527.0,,,
WalkingInStreet,22,fast,branch-instructions,140571762839.0,,,
WorldCup_1920x1080_30p,22,fast,branch-instructions,79220420162.0,,,
WorldCup_far_1920x1080_30p,22,fast,branch-instructions,106749165977.0,,,
Aerial3200,27,fast,branch-instructions,113930607161.0,,,
Boat,27,fast,branch-instructions,116747139558.0,,,
BoxingPractice,27,fast,branch-instructions,333816977954.0,,,
Crosswalk,27,fast,branch-instructions,328536497910.0,0.0,-328536497910.0,-1.0
CrowdRun,27,fast,branch-instructions,132595215760.0,,,
DinnerSceneCropped,27,fast,branch-instructions,103009415614.0,,,
FoodMarket,27,fast,branch-instructions,99863302183.0,,,
FoodMarket2,27,fast,branch-instructions,353937508561.0,,,
MeridianTalk_sdr,27,fast,branch-instructions,81334901150.0,,,
Motorcycle,27,fast,branch-instructions,106054865507.0,0.0,-106054865507.0,-1.0
MountainBike,27,fast,branch-instructions,109203843760.0,,,
Neon1224,27,fast,branch-instructions,305270253495.0,,,
NocturneDance_3840x2160p_8bit,27,fast,branch-instructions,314680542741.0,,,
OldTownCross,27,fast,branch-instructions,123821288504.0,,,
PedestrianArea,27,fast,branch-instructions,83994631903.0,,,
PierSeaSide,27,fast,branch-instructions,321980349537.0,,,
RitualDance,27,fast,branch-instructions,73315582970.0,,,
Riverbed,27,fast,branch-instructions,98834847495.0,,,
RushFieldCuts,27,fast,branch-instructions,107080544544.0,,,
Skater227,27,fast,branch-instructions,0.0,,,
Tango,27,fast,branch-instructions,359374454173.0,,,
TimeLapse,27,fast,branch-instructions,333431089915.0,,,
ToddlerFountain,27,fast,branch-instructions,112508909981.0,,,
TreesAndGrass_1920_1080,27,fast,branch-instructions,132419623561.0,,,
TunnelFlag,27,fast,branch-instructions,93640991087.0,,,
Vertical_Carnaby,27,fast,branch-instructions,70017401143.0,,,
Vertical_bees,27,fast,branch-instructions,80701893895.0,,,
WalkingInStreet,27,fast,branch-instructions,127282945851.0,,,
WorldCup_1920x1080_30p,27,fast,branch-instructions,71237445572.0,,,
WorldCup_far_1920x1080_30p,27,fast,branch-instructions,94114913916.0,,,
Aerial3200,32,fast,branch-instructions,99584552186.0,,,
Boat,32,fast,branch-instructions,101159723768.0,,,
BoxingPractice,32,fast,branch-instructions,285950642834.0,,,
Crosswalk,32,fast,branch-instructions,285751173400.0,,,
CrowdRun,32,fast,branch-instructions,110145673471.0,,,
DinnerSceneCropped,32,fast,branch-instructions,78814891699.0,,,
FoodMarket,32,fast,branch-instructions,82553338393.0,,,
FoodMarket2,32,fast,branch-instructions,311483604668.0,,,
MeridianTalk_sdr,32,fast,branch-instructions,70276886626.0,,,
Motorcycle,32,fast,branch-instructions,93610269149.0,,,
MountainBike,32,fast,branch-instructions,96085985201.0,,,
Neon1224,32,fast,branch-instructions,273557862735.0,,,
NocturneDance_3840x2160p_8bit,32,fast,branch-instructions,276268895001.0,,,
OldTownCross,32,fast,branch-instructions,93341917828.0,,,
PedestrianArea,32,fast,branch-instructions,72721853451.0,,,
PierSeaSide,32,fast,branch-instructions,281426765406.0,,,
RitualDance,32,fast,branch-instructions,66758511912.0,,,
Riverbed,32,fast,branch-instructions,85062206450.0,,,
RushFieldCuts,32,fast,branch-instructions,91728587224.0,,,
Skater227,32,fast,branch-instructions,,,,
Tango,32,fast,branch-instructions,301366815005.0,,,
TimeLapse,32,fast,branch-instructions,292362766394.0,,,
ToddlerFountain,32,fast,branch-instructions,94858808570.0,,,
TreesAndGrass_1920_1080,32,fast,branch-instructions,117165676943.0,,,
TunnelFlag,32,fast,branch-instructions,80311548980.0,,,
Vertical_Carnaby,32,fast,branch-instructions,64149778714.0,,,
Vertical_bees,32,fast,branch-instructions,73118537299.0,,,
WalkingInStreet,32,fast,branch-instructions,109939550802.0,,,
WorldCup_1920x1080_30p,32,fast,branch-instructions,65255080806.0,,,
WorldCup_far_1920x1080_30p,32,fast,branch-instructions,83202978883.0,,,
Aerial3200,37,fast,branch-instructions,88372588167.0,,,
Boat,37,fast,branch-instructions,88639319769.0,,,
BoxingPractice,37,fast,branch-instructions,261153952407.0,,,
Crosswalk,37,fast,branch-instructions,262462363801.0,,,
CrowdRun,37,fast,branch-instructions,93381746241.0,,,
DinnerSceneCropped,37,fast,branch-instructions,66712901122.0,,,
FoodMarket,37,fast,branch-instructions,73258217320.0,,,
FoodMarket2,37,fast,branch-instructions,284094194585.0,,,
MeridianTalk_sdr,37,fast,branch-instructions,64278855762.0,,,
Motorcycle,37,fast,branch-instructions,83151223884.0,,,
MountainBike,37,fast,branch-instructions,85009850693.0,,,
Neon1224,37,fast,branch-instructions,250316358375.0,,,
NocturneDance_3840x2160p_8bit,37,fast,branch-instructions,251175394945.0,,,
OldTownCross,37,fast,branch-instructions,77831043773.0,,,
PedestrianArea,37,fast,branch-instructions,66832633137.0,,,
PierSeaSide,37,fast,branch-instructions,254965946061.0,,,
RitualDance,37,fast,branch-instructions,61947599545.0,,,
Riverbed,37,fast,branch-instructions,76584280680.0,,,
RushFieldCuts,37,fast,branch-instructions,80291527340.0,,,
Skater227,37,fast,branch-instructions,,,,
Tango,37,fast,branch-instructions,271990440580.0,,,
TimeLapse,37,fast,branch-instructions,266037669904.0,,,
ToddlerFountain,37,fast,branch-instructions,80654994839.0,,,
TreesAndGrass_1920_1080,37,fast,branch-instructions,102891003432.0,0.0,-102891003432.0,-1.0
TunnelFlag,37,fast,branch-instructions,71679065246.0,,,
Vertical_Carnaby,37,fast,branch-instructions,60354948527.0,,,
Vertical_bees,37,fast,branch-instructions,67612494827.0,,,
WalkingInStreet,37,fast,branch-instructions,94912157176.0,,,
WorldCup_1920x1080_30p,37,fast,branch-instructions,61312903590.0,,,
WorldCup_far_1920x1080_30p,37,fast,branch-instructions,75077537366.0,,,
Aerial3200,22,faster,branch-instructions,130509940277.0,,,
Boat,22,faster,branch-instructions,133607896255.0,,,
BoxingPractice,22,faster,branch-instructions,410374451501.0,,,
Crosswalk,22,faster,branch-instructions,409213454156.0,,,
CrowdRun,22,faster,branch-instructions,158466159002.0,,,
DinnerSceneCropped,22,faster,branch-instructions,138672981450.0,,,
FoodMarket,22,faster,branch-instructions,129923242149.0,,,
FoodMarket2,22,faster,branch-instructions,421332037040.0,,,
MeridianTalk_sdr,22,faster,branch-instructions,104624040884.0,,,
Motorcycle,22,faster,branch-instructions,119141154553.0,,,
MountainBike,22,faster,branch-instructions,122741760447.0,,,
Neon1224,22,faster,branch-instructions,343891903182.0,,,
NocturneDance_3840x2160p_8bit,22,faster,branch-instructions,360875241818.0,,,
OldTownCross,22,faster,branch-instructions,160988147879.0,,,
PedestrianArea,22,faster,branch-instructions,106358419610.0,,,
PierSeaSide,22,faster,branch-instructions,388450072384.0,,,
RitualDance,22,faster,branch-instructions,82481051857.0,,,
Riverbed,22,faster,branch-instructions,121094530767.0,,,
RushFieldCuts,22,faster,branch-instructions,122074264861.0,,,
Skater227,22,faster,branch-instructions,,,,
Tango,22,faster,branch-instructions,471086186300.0,,,
TimeLapse,22,faster,branch-instructions,393553049008.0,,,
ToddlerFountain,22,faster,branch-instructions,133689611204.0,,,
TreesAndGrass_1920_1080,22,faster,branch-instructions,147677090700.0,,,
TunnelFlag,22,faster,branch-instructions,111226406128.0,,,
Vertical_Carnaby,22,faster,branch-instructions,78404274883.0,,,
Vertical_bees,22,faster,branch-instructions,89891437744.0,,,
WalkingInStreet,22,faster,branch-instructions,140600371908.0,,,
WorldCup_1920x1080_30p,22,faster,branch-instructions,78230852219.0,,,
WorldCup_far_1920x1080_30p,22,faster,branch-instructions,106769152610.0,,,
Aerial3200,27,faster,branch-instructions,113944802928.0,427163.0,-113944375765.0,-0.9999962511409997
Boat,27,faster,branch-instructions,116730464474.0,,,
BoxingPractice,27,faster,branch-instructions,333800848315.0,0.0,-333800848315.0,-1.0
Crosswalk,27,faster,branch-instructions,328459378526.0,,,
CrowdRun,27,faster,branch-instructions,132647187253.0,,,
DinnerSceneCropped,27,faster,branch-instructions,102971317229.0,,,
FoodMarket,27,faster,branch-instructions,99902449352.0,,,
FoodMarket2,27,faster,branch-instructions,354016789916.0,,,
MeridianTalk_sdr,27,faster,branch-instructions,81295019201.0,,,
Motorcycle,27,faster,branch-instructions,106016619697.0,,,
MountainBike,27,faster,branch-instructions,109181630888.0,,,
Neon1224,27,faster,branch-instructions,305149908251.0,,,
NocturneDance_3840x2160p_8bit,27,faster,branch-instructions,314739840393.0,,,
OldTownCross,27,faster,branch-instructions,123962459487.0,,,
PedestrianArea,27,faster,branch-instructions,84029006149.0,,,
PierSeaSide,27,faster,branch-instructions,322045570328.0,,,
RitualDance,27,faster,branch-instructions,73319731438.0,,,
Riverbed,27,faster,branch-instructions,98828712227.0,,,
RushFieldCuts,27,faster,branch-instructions,107099859003.0,,,
Skater227,27,faster,branch-instructions,,,,
Tango,27,faster,branch-instructions,359489273842.0,,,
TimeLapse,27,faster,branch-instructions,333288204667.0,,,
ToddlerFountain,27,faster,branch-instructions,112496572121.0,,,
TreesAndGrass_1920_1080,27,faster,branch-instructions,132422602520.0,,,
TunnelFlag,27,faster,branch-instructions,93611052463.0,,,
Vertical_Carnaby,27,faster,branch-instructions,70901797700.0,,,
Vertical_bees,27,faster,branch-instructions,80699335316.0,,,
WalkingInStreet,27,faster,branch-instructions,127223825293.0,,,
WorldCup_1920x1080_30p,27,faster,branch-instructions,70369980645.0,,,
WorldCup_far_1920x1080_30p,27,faster,branch-instructions,94142923617.0,297723.0,-94142625894.0,-0.9999968375424455
Aerial3200,32,faster,branch-instructions,99560113729.0,,,
Boat,32,faster,branch-instructions,101179248962.0,,,
BoxingPractice,32,faster,branch-instructions,286090683392.0,,,
Crosswalk,32,faster,branch-instructions,285883650940.0,,,
CrowdRun,32,faster,branch-instructions,110212714028.0,,,
DinnerSceneCropped,32,faster,branch-instructions,78890919946.0,,,
FoodMarket,32,faster,branch-instructions,82553298789.0,,,
FoodMarket2,32,faster,branch-instructions,311481952468.0,,,
MeridianTalk_sdr,32,faster,branch-instructions,70260173802.0,,,
Motorcycle,32,faster,branch-instructions,93598486457.0,,,
MountainBike,32,faster,branch-instructions,96107280909.0,,,
Neon1224,32,faster,branch-instructions,273454327460.0,0.0,-273454327460.0,-1.0
NocturneDance_3840x2160p_8bit,32,faster,branch-instructions,276369900722.0,,,
OldTownCross,32,faster,branch-instructions,93359389133.0,0.0,-93359389133.0,-1.0
PedestrianArea,32,faster,branch-instructions,72780467466.0,,,
PierSeaSide,32,faster,branch-instructions,281500292670.0,,,
RitualDance,32,faster,branch-instructions,66772711169.0,,,
Riverbed,32,faster,branch-instructions,84999618062.0,,,
RushFieldCuts,32,faster,branch-instructions,91718103558.0,,,
Skater227,32,faster,branch-instructions,,,,
Tango,32,faster,branch-instructions,301278713153.0,,,
TimeLapse,32,faster,branch-instructions,292505494973.0,,,
ToddlerFountain,32,faster,branch-instructions,94845224711.0,9475.0,-94845215236.0,-0.9999999001004001
TreesAndGrass_1920_1080,32,faster,branch-instructions,117238354666.0,,,
TunnelFlag,32,faster,branch-instructions,80280311781.0,,,
Vertical_Carnaby,32,faster,branch-instructions,64238116496.0,,,
Vertical_bees,32,faster,branch-instructions,73188444219.0,,,
WalkingInStreet,32,faster,branch-instructions,109951583905.0,,,
WorldCup_1920x1080_30p,32,faster,branch-instructions,65194580580.0,,,
WorldCup_far_1920x1080_30p,32,faster,branch-instructions,83273437191.0,,,
Aerial3200,37,faster,branch-instructions,88332011938.0,,,
Boat,37,faster,branch-instructions,88693027341.0,,,
BoxingPractice,37,faster,branch-instructions,261189967437.0,0.0,-261189967437.0,-1.0
Crosswalk,37,faster,branch-instructions,262458254699.0,,,
CrowdRun,37,faster,branch-instructions,93418248282.0,,,
DinnerSceneCropped,37,faster,branch-instructions,66726939350.0,,,
FoodMarket,37,faster,branch-instructions,73231854030.0,,,
FoodMarket2,37,faster,branch-instructions,284053165317.0,,,
MeridianTalk_sdr,37,faster,branch-instructions,64373647979.0,,,
Motorcycle,37,faster,branch-instructions,83086435077.0,,,
MountainBike,37,faster,branch-instructions,84975580295.0,,,
Neon1224,37,faster,branch-instructions,250356772336.0,,,
NocturneDance_3840x2160p_8bit,37,faster,branch-instructions,251077069042.0,,,
OldTownCross,37,faster,branch-instructions,77745554310.0,,,
PedestrianArea,37,faster,branch-instructions,66791101003.0,,,
PierSeaSide,37,faster,branch-instructions,255011386422.0,,,
RitualDance,37,faster,branch-instructions,61952044580.0,,,
Riverbed,37,faster,branch-instructions,76539588734.0,,,
RushFieldCuts,37,faster,branch-instructions,80281799422.0,,,
Skater227,37,faster,branch-instructions,,,,
Tango,37,faster,branch-instructions,272004908062.0,,,
TimeLapse,37,faster,branch-instructions,266207169582.0,,,
ToddlerFountain,37,faster,branch-instructions,80604779694.0,,,
TreesAndGrass_1920_1080,37,faster,branch-instructions,102830501775.0,,,
TunnelFlag,37,faster,branch-instructions,71700006838.0,,,
Vertical_Carnaby,37,faster,branch-instructions,60327061645.0,,,
Vertical_bees,37,faster,branch-instructions,67654676203.0,,,
WalkingInStreet,37,faster,branch-instructions,94907181593.0,,,
WorldCup_1920x1080_30p,37,faster,branch-instructions,61306735368.0,,,
WorldCup_far_1920x1080_30p,37,faster,branch-instructions,75058469790.0,,,
Aerial3200,22,superfast,branch-instructions,128474003919.0,,,
Boat,22,superfast,branch-instructions,128995345601.0,,,
BoxingPractice,22,superfast,branch-instructions,396110926467.0,,,
Crosswalk,22,superfast,branch-instructions,391049610793.0,,,
CrowdRun,22,superfast,branch-instructions,151928505949.0,,,
DinnerSceneCropped,22,superfast,branch-instructions,131626388263.0,,,
FoodMarket,22,superfast,branch-instructions,124054099673.0,,,
FoodMarket2,22,superfast,branch-instructions,408040313295.0,,,
MeridianTalk_sdr,22,superfast,branch-instructions,100251634265.0,,,
Motorcycle,22,superfast,branch-instructions,115595630851.0,,,
MountainBike,22,superfast,branch-instructions,118848072993.0,,,
Neon1224,22,superfast,branch-instructions,334895889888.0,,,
NocturneDance_3840x2160p_8bit,22,superfast,branch-instructions,351593714651.0,,,
OldTownCross,22,superfast,branch-instructions,153980320103.0,,,
PedestrianArea,22,superfast,branch-instructions,102893458123.0,,,
PierSeaSide,22,superfast,branch-instructions,375729439555.0,,,
RitualDance,22,superfast,branch-instructions,80303104723.0,,,
Riverbed,22,superfast,branch-instructions,116718502420.0,,,
RushFieldCuts,22,superfast,branch-instructions,117600863981.0,,,
Skater227,22,superfast,branch-instructions,0.0,,,
Tango,22,superfast,branch-instructions,448986967933.0,,,
TimeLapse,22,superfast,branch-instructions,380725828800.0,,,
ToddlerFountain,22,superfast,branch-instructions,128289442362.0,,,
TreesAndGrass_1920_1080,22,superfast,branch-instructions,141365360139.0,,,
TunnelFlag,22,superfast,branch-instructions,108085684643.0,,,
Vertical_Carnaby,22,superfast,branch-instructions,76236484232.0,,,
Vertical_bees,22,superfast,branch-instructions,87966813097.0,,,
WalkingInStreet,22,superfast,branch-instructions,139220128347.0,,,
WorldCup_1920x1080_30p,22,superfast,branch-instructions,77736818016.0,,,
WorldCup_far_1920x1080_30p,22,superfast,branch-instructions,104516405594.0,,,
Aerial3200,27,superfast,branch-instructions,112392202409.0,,,
Boat,27,superfast,branch-instructions,112643346994.0,,,
BoxingPractice,27,superfast,branch-instructions,323538589027.0,,,
Crosswalk,27,superfast,branch-instructions,315663152803.0,,,
CrowdRun,27,superfast,branch-instructions,127007865590.0,,,
DinnerSceneCropped,27,superfast,branch-instructions,98392045178.0,,,
FoodMarket,27,superfast,branch-instructions,95763752225.0,,,
FoodMarket2,27,superfast,branch-instructions,344131948034.0,,,
MeridianTalk_sdr,27,superfast,branch-instructions,78818183537.0,,,
Motorcycle,27,superfast,branch-instructions,103067769593.0,,,
MountainBike,27,superfast,branch-instructions,105751703271.0,,,
Neon1224,27,superfast,branch-instructions,299240867942.0,,,
NocturneDance_3840x2160p_8bit,27,superfast,branch-instructions,307752738243.0,,,
OldTownCross,27,superfast,branch-instructions,118341592579.0,,,
PedestrianArea,27,superfast,branch-instructions,81909549575.0,,,
PierSeaSide,27,superfast,branch-instructions,315480784499.0,,,
RitualDance,27,superfast,branch-instructions,71842263916.0,,,
Riverbed,27,superfast,branch-instructions,95389022744.0,,,
RushFieldCuts,27,superfast,branch-instructions,103388048035.0,,,
Skater227,27,superfast,branch-instructions,,,,
Tango,27,superfast,branch-instructions,343917353066.0,,,
TimeLapse,27,superfast,branch-instructions,324373789348.0,,,
ToddlerFountain,27,superfast,branch-instructions,108129276245.0,,,
TreesAndGrass_1920_1080,27,superfast,branch-instructions,126546123844.0,,,
TunnelFlag,27,superfast,branch-instructions,91520163143.0,,,
Vertical_Carnaby,27,superfast,branch-instructions,69114919991.0,,,
Vertical_bees,27,superfast,branch-instructions,79216815872.0,,,
WalkingInStreet,27,superfast,branch-instructions,125942498049.0,,,
WorldCup_1920x1080_30p,27,superfast,branch-instructions,70194575667.0,0.0,-70194575667.0,-1.0
WorldCup_far_1920x1080_30p,27,superfast,branch-instructions,92178329891.0,,,
Aerial3200,32,superfast,branch-instructions,98401024317.0,,,
Boat,32,superfast,branch-instructions,97595012789.0,,,
BoxingPractice,32,superfast,branch-instructions,281576590721.0,,,
Crosswalk,32,superfast,branch-instructions,280889861262.0,,,
CrowdRun,32,superfast,branch-instructions,105761835968.0,,,
DinnerSceneCropped,32,superfast,branch-instructions,76004539699.0,,,
FoodMarket,32,superfast,branch-instructions,79838941062.0,,,
FoodMarket2,32,superfast,branch-instructions,304730516512.0,,,
MeridianTalk_sdr,32,superfast,branch-instructions,69161793568.0,,,
Motorcycle,32,superfast,branch-instructions,91178727938.0,,,
MountainBike,32,superfast,branch-instructions,93269671063.0,,,
Neon1224,32,superfast,branch-instructions,270000432844.0,,,
NocturneDance_3840x2160p_8bit,32,superfast,branch-instructions,271635609527.0,,,
OldTownCross,32,superfast,branch-instructions,89550947973.0,,,
PedestrianArea,32,superfast,branch-instructions,71527320398.0,,,
PierSeaSide,32,superfast,branch-instructions,276958648506.0,,,
RitualDance,32,superfast,branch-instructions,65819879143.0,,,
Riverbed,32,superfast,branch-instructions,82057201968.0,,,
RushFieldCuts,32,superfast,branch-instructions,88980313889.0,,,
Skater227,32,superfast,branch-instructions,,,,
Tango,32,superfast,branch-instructions,294471935624.0,,,
TimeLapse,32,superfast,branch-instructions,286257733480.0,,,
ToddlerFountain,32,superfast,branch-instructions,91645665651.0,,,
TreesAndGrass_1920_1080,32,superfast,branch-instructions,112136997990.0,,,
TunnelFlag,32,superfast,branch-instructions,78987078173.0,,,
Vertical_Carnaby,32,superfast,branch-instructions,63617213768.0,,,
Vertical_bees,32,superfast,branch-instructions,72212280801.0,,,
WalkingInStreet,32,superfast,branch-instructions,108863334905.0,,,
WorldCup_1920x1080_30p,32,superfast,branch-instructions,64633046137.0,0.0,-64633046137.0,-1.0
WorldCup_far_1920x1080_30p,32,superfast,branch-instructions,81744355211.0,,,
Aerial3200,37,superfast,branch-instructions,87611649229.0,,,
Boat,37,superfast,branch-instructions,85797771827.0,,,
BoxingPractice,37,superfast,branch-instructions,258781240231.0,,,
Crosswalk,37,superfast,branch-instructions,260664965983.0,,,
CrowdRun,37,superfast,branch-instructions,90285476800.0,,,
DinnerSceneCropped,37,superfast,branch-instructions,66060214215.0,,,
FoodMarket,37,superfast,branch-instructions,71635347330.0,,,
FoodMarket2,37,superfast,branch-instructions,279619381644.0,,,
MeridianTalk_sdr,37,superfast,branch-instructions,63777262470.0,,,
Motorcycle,37,superfast,branch-instructions,81193087097.0,,,
MountainBike,37,superfast,branch-instructions,82801500548.0,,,
Neon1224,37,superfast,branch-instructions,248217735419.0,,,
NocturneDance_3840x2160p_8bit,37,superfast,branch-instructions,248010066139.0,,,
OldTownCross,37,superfast,branch-instructions,76014618567.0,,,
PedestrianArea,37,superfast,branch-instructions,66043375490.0,,,
PierSeaSide,37,superfast,branch-instructions,252298939906.0,,,
RitualDance,37,superfast,branch-instructions,61333428021.0,,,
Riverbed,37,superfast,branch-instructions,74142727739.0,,,
RushFieldCuts,37,superfast,branch-instructions,78375609358.0,,,
Skater227,37,superfast,branch-instructions,,,,
Tango,37,superfast,branch-instructions,269394743502.0,,,
TimeLapse,37,superfast,branch-instructions,261723725167.0,,,
ToddlerFountain,37,superfast,branch-instructions,78594425649.0,,,
TreesAndGrass_1920_1080,37,superfast,branch-instructions,98638852918.0,0.0,-98638852918.0,-1.0
TunnelFlag,37,superfast,branch-instructions,70831243422.0,,,
Vertical_Carnaby,37,superfast,branch-instructions,59944928102.0,,,
Vertical_bees,37,superfast,branch-instructions,66925056188.0,,,
WalkingInStreet,37,superfast,branch-instructions,93905656256.0,,,
WorldCup_1920x1080_30p,37,superfast,branch-instructions,60776543686.0,,,
WorldCup_far_1920x1080_30p,37,superfast,branch-instructions,73915819999.0,,,
Aerial3200,22,veryfast,branch-instructions,130441255799.0,,,
Boat,22,veryfast,branch-instructions,133584753927.0,,,
BoxingPractice,22,veryfast,branch-instructions,410443487852.0,,,
Crosswalk,22,veryfast,branch-instructions,409177364453.0,,,
CrowdRun,22,veryfast,branch-instructions,158449270706.0,,,
DinnerSceneCropped,22,veryfast,branch-instructions,138654521038.0,,,
FoodMarket,22,veryfast,branch-instructions,129951724930.0,0.0,-129951724930.0,-1.0
FoodMarket2,22,veryfast,branch-instructions,421326267144.0,,,
MeridianTalk_sdr,22,veryfast,branch-instructions,104593094642.0,,,
Motorcycle,22,veryfast,branch-instructions,119192183953.0,,,
MountainBike,22,veryfast,branch-instructions,122714262414.0,,,
Neon1224,22,veryfast,branch-instructions,343878840676.0,,,
NocturneDance_3840x2160p_8bit,22,veryfast,branch-instructions,360848417193.0,0.0,-360848417193.0,-1.0
OldTownCross,22,veryfast,branch-instructions,161014160481.0,,,
PedestrianArea,22,veryfast,branch-instructions,106401471777.0,,,
PierSeaSide,22,veryfast,branch-instructions,388389610611.0,,,
RitualDance,22,veryfast,branch-instructions,82440932159.0,,,
Riverbed,22,veryfast,branch-instructions,121083038282.0,,,
RushFieldCuts,22,veryfast,branch-instructions,122173873589.0,,,
Skater227,22,veryfast,branch-instructions,,,,
Tango,22,veryfast,branch-instructions,471106317596.0,,,
TimeLapse,22,veryfast,branch-instructions,393518913534.0,,,
ToddlerFountain,22,veryfast,branch-instructions,133638769000.0,,,
TreesAndGrass_1920_1080,22,veryfast,branch-instructions,147690817134.0,,,
TunnelFlag,22,veryfast,branch-instructions,111182837752.0,,,
Vertical_Carnaby,22,veryfast,branch-instructions,77515674208.0,,,
Vertical_bees,22,veryfast,branch-instructions,89932473671.0,,,
WalkingInStreet,22,veryfast,branch-instructions,140668771122.0,,,
WorldCup_1920x1080_30p,22,veryfast,branch-instructions,79259044224.0,,,
WorldCup_far_1920x1080_30p,22,veryfast,branch-instructions,106803340231.0,,,
Aerial3200,27,veryfast,branch-instructions,113920174473.0,,,
Boat,27,veryfast,branch-instructions,116747639979.0,,,
BoxingPractice,27,veryfast,branch-instructions,333949767096.0,,,
Crosswalk,27,veryfast,branch-instructions,328578478237.0,,,
CrowdRun,27,veryfast,branch-instructions,132575909946.0,,,
DinnerSceneCropped,27,veryfast,branch-instructions,103009337914.0,,,
FoodMarket,27,veryfast,branch-instructions,99958673020.0,,,
FoodMarket2,27,veryfast,branch-instructions,353978848745.0,,,
MeridianTalk_sdr,27,veryfast,branch-instructions,81349114568.0,,,
Motorcycle,27,veryfast,branch-instructions,106065824843.0,,,
MountainBike,27,veryfast,branch-instructions,109187387705.0,,,
Neon1224,27,veryfast,branch-instructions,305234751648.0,,,
NocturneDance_3840x2160p_8bit,27,veryfast,branch-instructions,314628850028.0,,,
OldTownCross,27,veryfast,branch-instructions,123876293176.0,,,
PedestrianArea,27,veryfast,branch-instructions,83931584693.0,,,
PierSeaSide,27,veryfast,branch-instructions,322156516897.0,,,
RitualDance,27,veryfast,branch-instructions,73270526745.0,,,
Riverbed,27,veryfast,branch-instructions,98868949473.0,,,
RushFieldCuts,27,veryfast,branch-instructions,107093275190.0,,,
Skater227,27,veryfast,branch-instructions,0.0,,,
Tango,27,veryfast,branch-instructions,359401826754.0,,,
TimeLapse,27,veryfast,branch-instructions,333263685776.0,,,
ToddlerFountain,27,veryfast,branch-instructions,112513769438.0,,,
TreesAndGrass_1920_1080,27,veryfast,branch-instructions,132474001993.0,,,
TunnelFlag,27,veryfast,branch-instructions,93607499362.0,,,
Vertical_Carnaby,27,veryfast,branch-instructions,70039807282.0,,,
Vertical_bees,27,veryfast,branch-instructions,80666270874.0,,,
WalkingInStreet,27,veryfast,branch-instructions,127240172211.0,,,
WorldCup_1920x1080_30p,27,veryfast,branch-instructions,71333660787.0,466671.0,-71333194116.0,-0.9999934579132088
WorldCup_far_1920x1080_30p,27,veryfast,branch-instructions,94126458979.0,,,
Aerial3200,32,veryfast,branch-instructions,99624870598.0,,,
Boat,32,veryfast,branch-instructions,101181046476.0,,,
BoxingPractice,32,veryfast,branch-instructions,286057871025.0,,,
Crosswalk,32,veryfast,branch-instructions,285836824132.0,,,
CrowdRun,32,veryfast,branch-instructions,110107197577.0,,,
DinnerSceneCropped,32,veryfast,branch-instructions,78875573030.0,,,
FoodMarket,32,veryfast,branch-instructions,82531706964.0,,,
FoodMarket2,32,veryfast,branch-instructions,311378184457.0,,,
MeridianTalk_sdr,32,veryfast,branch-instructions,70276243349.0,,,
Motorcycle,32,veryfast,branch-instructions,93627101754.0,,,
MountainBike,32,veryfast,branch-instructions,96040417966.0,,,
Neon1224,32,veryfast,branch-instructions,273647380842.0,,,
NocturneDance_3840x2160p_8bit,32,veryfast,branch-instructions,276265391144.0,,,
OldTownCross,32,veryfast,branch-instructions,93330115354.0,,,
PedestrianArea,32,veryfast,branch-instructions,72805651917.0,,,
PierSeaSide,32,veryfast,branch-instructions,281456710982.0,,,
RitualDance,32,veryfast,branch-instructions,66823110334.0,,,
Riverbed,32,veryfast,branch-instructions,84994950857.0,,,
RushFieldCuts,32,veryfast,branch-instructions,91734140807.0,,,
Skater227,32,veryfast,branch-instructions,,,,
Tango,32,veryfast,branch-instructions,301342700850.0,,,
TimeLapse,32,veryfast,branch-instructions,292462140421.0,,,
ToddlerFountain,32,veryfast,branch-instructions,94805225126.0,,,
TreesAndGrass_1920_1080,32,veryfast,branch-instructions,117280566233.0,,,
TunnelFlag,32,veryfast,branch-instructions,80286796059.0,,,
Vertical_Carnaby,32,veryfast,branch-instructions,64258754785.0,,,
Vertical_bees,32,veryfast,branch-instructions,73146331515.0,,,
WalkingInStreet,32,veryfast,branch-instructions,109934006072.0,,,
WorldCup_1920x1080_30p,32,veryfast,branch-instructions,65313854045.0,,,
WorldCup_far_1920x1080_30p,32,veryfast,branch-instructions,83242725984.0,0.0,-83242725984.0,-1.0
Aerial3200,37,veryfast,branch-instructions,88312415759.0,,,
Boat,37,veryfast,branch-instructions,88658209726.0,,,
BoxingPractice,37,veryfast,branch-instructions,261252212676.0,,,
Crosswalk,37,veryfast,branch-instructions,262446310969.0,,,
CrowdRun,37,veryfast,branch-instructions,93332070730.0,,,
DinnerSceneCropped,37,veryfast,branch-instructions,66745908032.0,,,
FoodMarket,37,veryfast,branch-instructions,73223728858.0,,,
FoodMarket2,37,veryfast,branch-instructions,284163715859.0,,,
MeridianTalk_sdr,37,veryfast,branch-instructions,64346344190.0,,,
Motorcycle,37,veryfast,branch-instructions,83143169777.0,,,
MountainBike,37,veryfast,branch-instructions,85030215706.0,,,
Neon1224,37,veryfast,branch-instructions,250311012735.0,,,
NocturneDance_3840x2160p_8bit,37,veryfast,branch-instructions,251084927677.0,,,
OldTownCross,37,veryfast,branch-instructions,77781276690.0,,,
PedestrianArea,37,veryfast,branch-instructions,66766686648.0,,,
PierSeaSide,37,veryfast,branch-instructions,255123303433.0,,,
RitualDance,37,veryfast,branch-instructions,61957918962.0,,,
Riverbed,37,veryfast,branch-instructions,76537771537.0,,,
RushFieldCuts,37,veryfast,branch-instructions,80296785215.0,,,
Skater227,37,veryfast,branch-instructions,,,,
Tango,37,veryfast,branch-instructions,271883102030.0,,,
TimeLapse,37,veryfast,branch-instructions,266133975251.0,,,
ToddlerFountain,37,veryfast,branch-instructions,80643452819.0,,,
TreesAndGrass_1920_1080,37,veryfast,branch-instructions,102919796399.0,,,
TunnelFlag,37,veryfast,branch-instructions,71631399934.0,,,
Vertical_Carnaby,37,veryfast,branch-instructions,60344647317.0,,,
Vertical_bees,37,veryfast,branch-instructions,67617909776.0,,,
WalkingInStreet,37,veryfast,branch-instructions,94893612304.0,,,
WorldCup_1920x1080_30p,37,veryfast,branch-instructions,61297549120.0,244062.0,-61297305058.0,-0.9999960184052461
WorldCup_far_1920x1080_30p,37,veryfast,branch-instructions,75109301807.0,,,
Aerial3200,22,fast,branch-misses,5241223743.0,,,
Boat,22,fast,branch-misses,5557787657.0,,,
BoxingPractice,22,fast,branch-misses,13394423118.0,,,
Crosswalk,22,fast,branch-misses,12405599034.0,,,
CrowdRun,22,fast,branch-misses,6958772574.0,,,
DinnerSceneCropped,22,fast,branch-misses,5543812055.0,,,
FoodMarket,22,fast,branch-misses,5064671993.0,,,
FoodMarket2,22,fast,branch-misses,14182155022.0,,,
MeridianTalk_sdr,22,fast,branch-misses,3311243450.0,,,
Motorcycle,22,fast,branch-misses,4526150797.0,,,
MountainBike,22,fast,branch-misses,4773016156.0,,,
Neon1224,22,fast,branch-misses,9547288945.0,,,
NocturneDance_3840x2160p_8bit,22,fast,branch-misses,10694849277.0,,,
OldTownCross,22,fast,branch-misses,7008389229.0,,,
PedestrianArea,22,fast,branch-misses,3614901538.0,,,
PierSeaSide,22,fast,branch-misses,11831398156.0,,,
RitualDance,22,fast,branch-misses,2267657225.0,,,
Riverbed,22,fast,branch-misses,4496834167.0,,,
RushFieldCuts,22,fast,branch-misses,4746305316.0,,,
Skater227,22,fast,branch-misses,,,,
Tango,22,fast,branch-misses,16265059250.0,,,
TimeLapse,22,fast,branch-misses,12663254617.0,,,
ToddlerFountain,22,fast,branch-misses,5559570696.0,,,
TreesAndGrass_1920_1080,22,fast,branch-misses,6136175815.0,,,
TunnelFlag,22,fast,branch-misses,4055207003.0,,,
Vertical_Carnaby,22,fast,branch-misses,1895223732.0,,,
Vertical_bees,22,fast,branch-misses,2747727229.0,,,
WalkingInStreet,22,fast,branch-misses,5538968519.0,,,
WorldCup_1920x1080_30p,22,fast,branch-misses,2192020293.0,,,
WorldCup_far_1920x1080_30p,22,fast,branch-misses,3919511218.0,,,
Aerial3200,27,fast,branch-misses,4088513611.0,,,
Boat,27,fast,branch-misses,4465512917.0,,,
BoxingPractice,27,fast,branch-misses,8471712722.0,,,
Crosswalk,27,fast,branch-misses,7045185480.0,,,
CrowdRun,27,fast,branch-misses,5318497788.0,,,
DinnerSceneCropped,27,fast,branch-misses,3092883856.0,,,
FoodMarket,27,fast,branch-misses,3107295569.0,,,
FoodMarket2,27,fast,branch-misses,9989913270.0,,,
MeridianTalk_sdr,27,fast,branch-misses,1879732005.0,,,
Motorcycle,27,fast,branch-misses,3782135376.0,,,
MountainBike,27,fast,branch-misses,3947242432.0,,,
Neon1224,27,fast,branch-misses,7172881627.0,,,
NocturneDance_3840x2160p_8bit,27,fast,branch-misses,7523186440.0,,,
OldTownCross,27,fast,branch-misses,4468577910.0,,,
PedestrianArea,27,fast,branch-misses,2244886757.0,,,
PierSeaSide,27,fast,branch-misses,7671869049.0,,,
RitualDance,27,fast,branch-misses,1687113201.0,,,
Riverbed,27,fast,branch-misses,3066384136.0,,,
RushFieldCuts,27,fast,branch-misses,3758389157.0,,,
Skater227,27,fast,branch-misses,,,,
Tango,27,fast,branch-misses,9075137771.0,,,
TimeLapse,27,fast,branch-misses,8824113179.0,,,
ToddlerFountain,27,fast,branch-misses,4126816045.0,,,
TreesAndGrass_1920_1080,27,fast,branch-misses,5345242183.0,,,
TunnelFlag,27,fast,branch-misses,2943182409.0,,,
Vertical_Carnaby,27,fast,branch-misses,1397263029.0,,,
Vertical_bees,27,fast,branch-misses,2172134982.0,,,
WalkingInStreet,27,fast,branch-misses,4768373439.0,,,
WorldCup_1920x1080_30p,27,fast,branch-misses,1681769773.0,,,
WorldCup_far_1920x1080_30p,27,fast,branch-misses,3117017684.0,,,
Aerial3200,32,fast,branch-misses,3183842680.0,,,
Boat,32,fast,branch-misses,3417672524.0,,,
BoxingPractice,32,fast,branch-misses,5572200845.0,,,
Crosswalk,32,fast,branch-misses,4795687877.0,,,
CrowdRun,32,fast,branch-misses,3893079135.0,,,
DinnerSceneCropped,32,fast,branch-misses,1571811427.0,,,
FoodMarket,32,fast,branch-misses,2043092376.0,,,
FoodMarket2,32,fast,branch-misses,7349098572.0,,,
MeridianTalk_sdr,32,fast,branch-misses,1244376282.0,,,
Motorcycle,32,fast,branch-misses,3029318042.0,,,
MountainBike,32,fast,branch-misses,3124601758.0,,,
Neon1224,32,fast,branch-misses,5335569629.0,,,
NocturneDance_3840x2160p_8bit,32,fast,branch-misses,5077639613.0,,,
OldTownCross,32,fast,branch-misses,2585255041.0,,,
PedestrianArea,32,fast,branch-misses,1552395137.0,,,
PierSeaSide,32,fast,branch-misses,5406845598.0,,,
RitualDance,32,fast,branch-misses,1272474189.0,,,
Riverbed,32,fast,branch-misses,2204458561.0,,,
RushFieldCuts,32,fast,branch-misses,2822607297.0,,,
Skater227,32,fast,branch-misses,,,,
Tango,32,fast,branch-misses,5674800995.0,,,
TimeLapse,32,fast,branch-misses,6471814015.0,,,
ToddlerFountain,32,fast,branch-misses,2942359129.0,,,
TreesAndGrass_1920_1080,32,fast,branch-misses,4428726940.0,,,
TunnelFlag,32,fast,branch-misses,2110424806.0,,,
Vertical_Carnaby,32,fast,branch-misses,1035299747.0,,,
Vertical_bees,32,fast,branch-misses,1710686972.0,,,
WalkingInStreet,32,fast,branch-misses,3733055749.0,,,
WorldCup_1920x1080_30p,32,fast,branch-misses,1298875250.0,,,
WorldCup_far_1920x1080_30p,32,fast,branch-misses,2392701286.0,,,
Aerial3200,37,fast,branch-misses,2463186877.0,,,
Boat,37,fast,branch-misses,2575614200.0,,,
BoxingPractice,37,fast,branch-misses,4236063598.0,,,
Crosswalk,37,fast,branch-misses,3656465799.0,,,
CrowdRun,37,fast,branch-misses,2822094156.0,,,
DinnerSceneCropped,37,fast,branch-misses,862911430.0,,,
FoodMarket,37,fast,branch-misses,1471324548.0,,,
FoodMarket2,37,fast,branch-misses,5738431895.0,,,
MeridianTalk_sdr,37,fast,branch-misses,925788576.0,,,
Motorcycle,37,fast,branch-misses,2347485684.0,,,
MountainBike,37,fast,branch-misses,2422429860.0,,,
Neon1224,37,fast,branch-misses,3994366199.0,,,
NocturneDance_3840x2160p_8bit,37,fast,branch-misses,3539265773.0,,,
OldTownCross,37,fast,branch-misses,1680231262.0,,,
PedestrianArea,37,fast,branch-misses,1168731808.0,,,
PierSeaSide,37,fast,branch-misses,3994886123.0,,,
RitualDance,37,fast,branch-misses,982594769.0,,,
Riverbed,37,fast,branch-misses,1732572634.0,,,
RushFieldCuts,37,fast,branch-misses,2096375292.0,,,
Skater227,37,fast,branch-misses,,,,
Tango,37,fast,branch-misses,4163559803.0,,,
TimeLapse,37,fast,branch-misses,4879118290.0,,,
ToddlerFountain,37,fast,branch-misses,2047369588.0,,,
TreesAndGrass_1920_1080,37,fast,branch-misses,3456224289.0,,,
TunnelFlag,37,fast,branch-misses,1552540668.0,,,
Vertical_Carnaby,37,fast,branch-misses,803142938.0,,,
Vertical_bees,37,fast,branch-misses,1366072838.0,,,
WalkingInStreet,37,fast,branch-misses,2804950645.0,,,
WorldCup_1920x1080_30p,37,fast,branch-misses,1040346918.0,,,
WorldCup_far_1920x1080_30p,37,fast,branch-misses,1857614955.0,,,
Aerial3200,22,faster,branch-misses,5120831042.0,,,
Boat,22,faster,branch-misses,5574796632.0,,,
BoxingPractice,22,faster,branch-misses,13424131600.0,,,
Crosswalk,22,faster,branch-misses,12426108882.0,,,
CrowdRun,22,faster,branch-misses,6937988163.0,,,
DinnerSceneCropped,22,faster,branch-misses,5550356746.0,,,
FoodMarket,22,faster,branch-misses,5048702946.0,,,
FoodMarket2,22,faster,branch-misses,14229394370.0,,,
MeridianTalk_sdr,22,faster,branch-misses,3323542587.0,,,
Motorcycle,22,faster,branch-misses,4524321302.0,,,
MountainBike,22,faster,branch-misses,4779012158.0,,,
Neon1224,22,faster,branch-misses,9548147710.0,,,
NocturneDance_3840x2160p_8bit,22,faster,branch-misses,10709026612.0,,,
OldTownCross,22,faster,branch-misses,7004803713.0,,,
PedestrianArea,22,faster,branch-misses,3609673407.0,,,
PierSeaSide,22,faster,branch-misses,11846894630.0,,,
RitualDance,22,faster,branch-misses,2266017014.0,,,
Riverbed,22,faster,branch-misses,4491319949.0,,,
RushFieldCuts,22,faster,branch-misses,4720762677.0,,,
Skater227,22,faster,branch-misses,,,,
Tango,22,faster,branch-misses,16259813497.0,,,
TimeLapse,22,faster,branch-misses,12687865839.0,,,
ToddlerFountain,22,faster,branch-misses,5548084700.0,,,
TreesAndGrass_1920_1080,22,faster,branch-misses,6147027231.0,,,
TunnelFlag,22,faster,branch-misses,4059065640.0,,,
Vertical_Carnaby,22,faster,branch-misses,2061613622.0,,,
Vertical_bees,22,faster,branch-misses,2744089698.0,,,
WalkingInStreet,22,faster,branch-misses,5541902655.0,,,
WorldCup_1920x1080_30p,22,faster,branch-misses,2023430512.0,,,
WorldCup_far_1920x1080_30p,22,faster,branch-misses,3981504954.0,,,
Aerial3200,27,faster,branch-misses,4097802229.0,0.0,-4097802229.0,-1.0
Boat,27,faster,branch-misses,4469779739.0,,,
BoxingPractice,27,faster,branch-misses,8473873914.0,,,
Crosswalk,27,faster,branch-misses,7035850287.0,,,
CrowdRun,27,faster,branch-misses,5326609691.0,,,
DinnerSceneCropped,27,faster,branch-misses,3084640143.0,,,
FoodMarket,27,faster,branch-misses,3103801285.0,,,
FoodMarket2,27,faster,branch-misses,9880332363.0,,,
MeridianTalk_sdr,27,faster,branch-misses,1884977266.0,,,
Motorcycle,27,faster,branch-misses,3775512560.0,,,
MountainBike,27,faster,branch-misses,3956484677.0,,,
Neon1224,27,faster,branch-misses,7205683258.0,,,
NocturneDance_3840x2160p_8bit,27,faster,branch-misses,7524652233.0,,,
OldTownCross,27,faster,branch-misses,4490662558.0,,,
PedestrianArea,27,faster,branch-misses,2245260426.0,,,
PierSeaSide,27,faster,branch-misses,7680000459.0,,,
RitualDance,27,faster,branch-misses,1692866789.0,,,
Riverbed,27,faster,branch-misses,3064675086.0,,,
RushFieldCuts,27,faster,branch-misses,3751419641.0,,,
Skater227,27,faster,branch-misses,,,,
Tango,27,faster,branch-misses,9075401235.0,,,
TimeLapse,27,faster,branch-misses,8826675568.0,,,
ToddlerFountain,27,faster,branch-misses,4134098419.0,,,
TreesAndGrass_1920_1080,27,faster,branch-misses,5346040360.0,,,
TunnelFlag,27,faster,branch-misses,2942667171.0,,,
Vertical_Carnaby,27,faster,branch-misses,1577764314.0,,,
Vertical_bees,27,faster,branch-misses,2165616577.0,,,
WalkingInStreet,27,faster,branch-misses,4761904517.0,,,
WorldCup_1920x1080_30p,27,faster,branch-misses,1485907188.0,,,
WorldCup_far_1920x1080_30p,27,faster,branch-misses,3153390254.0,,,
Aerial3200,32,faster,branch-misses,3182504329.0,,,
Boat,32,faster,branch-misses,3407182559.0,,,
BoxingPractice,32,faster,branch-misses,5543491190.0,,,
Crosswalk,32,faster,branch-misses,4825770111.0,,,
CrowdRun,32,faster,branch-misses,3895249267.0,,,
DinnerSceneCropped,32,faster,branch-misses,1571344240.0,,,
FoodMarket,32,faster,branch-misses,2038998138.0,,,
FoodMarket2,32,faster,branch-misses,7372063860.0,,,
MeridianTalk_sdr,32,faster,branch-misses,1246621325.0,,,
Motorcycle,32,faster,branch-misses,3026172809.0,,,
MountainBike,32,faster,branch-misses,3127134337.0,,,
Neon1224,32,faster,branch-misses,5337093978.0,,,
NocturneDance_3840x2160p_8bit,32,faster,branch-misses,5072375585.0,,,
OldTownCross,32,faster,branch-misses,2582801548.0,,,
PedestrianArea,32,faster,branch-misses,1552939742.0,,,
PierSeaSide,32,faster,branch-misses,5395543008.0,,,
RitualDance,32,faster,branch-misses,1271996035.0,,,
Riverbed,32,faster,branch-misses,2210332269.0,,,
RushFieldCuts,32,faster,branch-misses,2810933157.0,,,
Skater227,32,faster,branch-misses,,,,
Tango,32,faster,branch-misses,5685193589.0,,,
TimeLapse,32,faster,branch-misses,6362003916.0,,,
ToddlerFountain,32,faster,branch-misses,2944306093.0,,,
TreesAndGrass_1920_1080,32,faster,branch-misses,4433679687.0,,,
TunnelFlag,32,faster,branch-misses,2111693578.0,,,
Vertical_Carnaby,32,faster,branch-misses,1038323889.0,,,
Vertical_bees,32,faster,branch-misses,1712644263.0,,,
WalkingInStreet,32,faster,branch-misses,3734589930.0,,,
WorldCup_1920x1080_30p,32,faster,branch-misses,1291398106.0,,,
WorldCup_far_1920x1080_30p,32,faster,branch-misses,2445451135.0,,,
Aerial3200,37,faster,branch-misses,2465936992.0,,,
Boat,37,faster,branch-misses,2578046382.0,,,
BoxingPractice,37,faster,branch-misses,4159056102.0,,,
Crosswalk,37,faster,branch-misses,3705451687.0,,,
CrowdRun,37,faster,branch-misses,2825568894.0,,,
DinnerSceneCropped,37,faster,branch-misses,860941507.0,,,
FoodMarket,37,faster,branch-misses,1476628745.0,,,
FoodMarket2,37,faster,branch-misses,5744390817.0,,,
MeridianTalk_sdr,37,faster,branch-misses,928325771.0,,,
Motorcycle,37,faster,branch-misses,2348874948.0,,,
MountainBike,37,faster,branch-misses,2419730139.0,,,
Neon1224,37,faster,branch-misses,3987214697.0,,,
NocturneDance_3840x2160p_8bit,37,faster,branch-misses,3534043235.0,,,
OldTownCross,37,faster,branch-misses,1689816254.0,,,
PedestrianArea,37,faster,branch-misses,1175616784.0,,,
PierSeaSide,37,faster,branch-misses,3976059392.0,,,
RitualDance,37,faster,branch-misses,987750734.0,,,
Riverbed,37,faster,branch-misses,1695474654.0,,,
RushFieldCuts,37,faster,branch-misses,2097606520.0,,,
Skater227,37,faster,branch-misses,,,,
Tango,37,faster,branch-misses,4144063459.0,,,
TimeLapse,37,faster,branch-misses,4771830428.0,,,
ToddlerFountain,37,faster,branch-misses,2099249987.0,,,
TreesAndGrass_1920_1080,37,faster,branch-misses,3460246829.0,,,
TunnelFlag,37,faster,branch-misses,1549918769.0,,,
Vertical_Carnaby,37,faster,branch-misses,803733151.0,,,
Vertical_bees,37,faster,branch-misses,1369697334.0,,,
WalkingInStreet,37,faster,branch-misses,2802070867.0,,,
WorldCup_1920x1080_30p,37,faster,branch-misses,1026036758.0,,,
WorldCup_far_1920x1080_30p,37,faster,branch-misses,1903245438.0,,,
Aerial3200,22,superfast,branch-misses,5012617192.0,,,
Boat,22,superfast,branch-misses,5356435246.0,,,
BoxingPractice,22,superfast,branch-misses,12934320999.0,,,
Crosswalk,22,superfast,branch-misses,11883335986.0,,,
CrowdRun,22,superfast,branch-misses,6618993344.0,,,
DinnerSceneCropped,22,superfast,branch-misses,5230832331.0,,,
FoodMarket,22,superfast,branch-misses,4799272511.0,,,
FoodMarket2,22,superfast,branch-misses,13787339123.0,,,
MeridianTalk_sdr,22,superfast,branch-misses,3185424959.0,,,
Motorcycle,22,superfast,branch-misses,4390483769.0,,,
MountainBike,22,superfast,branch-misses,4602573850.0,,,
Neon1224,22,superfast,branch-misses,9310366658.0,,,
NocturneDance_3840x2160p_8bit,22,superfast,branch-misses,10465587345.0,,,
OldTownCross,22,superfast,branch-misses,6651752738.0,,,
PedestrianArea,22,superfast,branch-misses,3496217073.0,,,
PierSeaSide,22,superfast,branch-misses,11452469830.0,,,
RitualDance,22,superfast,branch-misses,2223010377.0,,,
Riverbed,22,superfast,branch-misses,4353657615.0,,,
RushFieldCuts,22,superfast,branch-misses,4525513020.0,,,
Skater227,22,superfast,branch-misses,,,,
Tango,22,superfast,branch-misses,15423273191.0,,,
TimeLapse,22,superfast,branch-misses,12243918525.0,,,
ToddlerFountain,22,superfast,branch-misses,5298302478.0,,,
TreesAndGrass_1920_1080,22,superfast,branch-misses,5847761251.0,,,
TunnelFlag,22,superfast,branch-misses,3947012727.0,,,
Vertical_Carnaby,22,superfast,branch-misses,1888512663.0,,,
Vertical_bees,22,superfast,branch-misses,2701609727.0,,,
WalkingInStreet,22,superfast,branch-misses,5464529206.0,,,
WorldCup_1920x1080_30p,22,superfast,branch-misses,2205072482.0,,,
WorldCup_far_1920x1080_30p,22,superfast,branch-misses,3842289430.0,,,
Aerial3200,27,superfast,branch-misses,4043917818.0,,,
Boat,27,superfast,branch-misses,4305800787.0,,,
BoxingPractice,27,superfast,branch-misses,8240249769.0,,,
Crosswalk,27,superfast,branch-misses,6852492937.0,,,
CrowdRun,27,superfast,branch-misses,5085817430.0,,,
DinnerSceneCropped,27,superfast,branch-misses,2957122785.0,,,
FoodMarket,27,superfast,branch-misses,2989708925.0,,,
FoodMarket2,27,superfast,branch-misses,9638071355.0,,,
MeridianTalk_sdr,27,superfast,branch-misses,1853568447.0,,,
Motorcycle,27,superfast,branch-misses,3666226249.0,,,
MountainBike,27,superfast,branch-misses,3808282744.0,,,
Neon1224,27,superfast,branch-misses,7101518318.0,,,
NocturneDance_3840x2160p_8bit,27,superfast,branch-misses,7453204984.0,,,
OldTownCross,27,superfast,branch-misses,4247809103.0,,,
PedestrianArea,27,superfast,branch-misses,2207773431.0,,,
PierSeaSide,27,superfast,branch-misses,7519981013.0,,,
RitualDance,27,superfast,branch-misses,1665968999.0,,,
Riverbed,27,superfast,branch-misses,2977516333.0,,,
RushFieldCuts,27,superfast,branch-misses,3616394621.0,,,
Skater227,27,superfast,branch-misses,,,,
Tango,27,superfast,branch-misses,8788696979.0,,,
TimeLapse,27,superfast,branch-misses,8624633477.0,,,
ToddlerFountain,27,superfast,branch-misses,3958466191.0,,,
TreesAndGrass_1920_1080,27,superfast,branch-misses,5067413973.0,,,
TunnelFlag,27,superfast,branch-misses,2900199382.0,,,
Vertical_Carnaby,27,superfast,branch-misses,1411585476.0,,,
Vertical_bees,27,superfast,branch-misses,2155941919.0,,,
WalkingInStreet,27,superfast,branch-misses,4708339806.0,,,
WorldCup_1920x1080_30p,27,superfast,branch-misses,1692903591.0,,,
WorldCup_far_1920x1080_30p,27,superfast,branch-misses,3059969868.0,,,
Aerial3200,32,superfast,branch-misses,3165012094.0,,,
Boat,32,superfast,branch-misses,3305488608.0,,,
BoxingPractice,32,superfast,branch-misses,5541338584.0,,,
Crosswalk,32,superfast,branch-misses,4806556071.0,,,
CrowdRun,32,superfast,branch-misses,3743753072.0,,,
DinnerSceneCropped,32,superfast,branch-misses,1551387135.0,,,
FoodMarket,32,superfast,branch-misses,1990742706.0,,,
FoodMarket2,32,superfast,branch-misses,7295418917.0,,,
MeridianTalk_sdr,32,superfast,branch-misses,1248786691.0,,,
Motorcycle,32,superfast,branch-misses,2939791615.0,,,
MountainBike,32,superfast,branch-misses,3037706596.0,,,
Neon1224,32,superfast,branch-misses,5303661705.0,,,
NocturneDance_3840x2160p_8bit,32,superfast,branch-misses,5077416709.0,,,
OldTownCross,32,superfast,branch-misses,2483622725.0,,,
PedestrianArea,32,superfast,branch-misses,1555854361.0,,,
PierSeaSide,32,superfast,branch-misses,5332544522.0,,,
RitualDance,32,superfast,branch-misses,1280603321.0,,,
Riverbed,32,superfast,branch-misses,2154182459.0,,,
RushFieldCuts,32,superfast,branch-misses,2728281695.0,,,
Skater227,32,superfast,branch-misses,,,,
Tango,32,superfast,branch-misses,5691558490.0,,,
TimeLapse,32,superfast,branch-misses,6297732911.0,,,
ToddlerFountain,32,superfast,branch-misses,2841673685.0,,,
TreesAndGrass_1920_1080,32,superfast,branch-misses,4199298270.0,,,
TunnelFlag,32,superfast,branch-misses,2101562274.0,,,
Vertical_Carnaby,32,superfast,branch-misses,1060277024.0,,,
Vertical_bees,32,superfast,branch-misses,1717355742.0,,,
WalkingInStreet,32,superfast,branch-misses,3693364038.0,,,
WorldCup_1920x1080_30p,32,superfast,branch-misses,1325902871.0,,,
WorldCup_far_1920x1080_30p,32,superfast,branch-misses,2372614139.0,,,
Aerial3200,37,superfast,branch-misses,2468521371.0,,,
Boat,37,superfast,branch-misses,2519872746.0,,,
BoxingPractice,37,superfast,branch-misses,4202609521.0,,,
Crosswalk,37,superfast,branch-misses,3717645472.0,,,
CrowdRun,37,superfast,branch-misses,2733304068.0,,,
DinnerSceneCropped,37,superfast,branch-misses,870972486.0,,,
FoodMarket,37,superfast,branch-misses,1457247581.0,,,
FoodMarket2,37,superfast,branch-misses,5756606947.0,,,
MeridianTalk_sdr,37,superfast,branch-misses,942206417.0,,,
Motorcycle,37,superfast,branch-misses,2296812444.0,,,
MountainBike,37,superfast,branch-misses,2359954469.0,,,
Neon1224,37,superfast,branch-misses,4026867889.0,,,
NocturneDance_3840x2160p_8bit,37,superfast,branch-misses,3559050442.0,,,
OldTownCross,37,superfast,branch-misses,1643186515.0,,,
PedestrianArea,37,superfast,branch-misses,1186687297.0,,,
PierSeaSide,37,superfast,branch-misses,3941587901.0,,,
RitualDance,37,superfast,branch-misses,994294861.0,,,
Riverbed,37,superfast,branch-misses,1661154335.0,,,
RushFieldCuts,37,superfast,branch-misses,2055854504.0,,,
Skater227,37,superfast,branch-misses,,,,
Tango,37,superfast,branch-misses,4236555474.0,,,
TimeLapse,37,superfast,branch-misses,4789850933.0,,,
ToddlerFountain,37,superfast,branch-misses,2023057709.0,,,
TreesAndGrass_1920_1080,37,superfast,branch-misses,3294229515.0,,,
TunnelFlag,37,superfast,branch-misses,1574954488.0,,,
Vertical_Carnaby,37,superfast,branch-misses,825322868.0,,,
Vertical_bees,37,superfast,branch-misses,1384633278.0,,,
WalkingInStreet,37,superfast,branch-misses,2790346185.0,,,
WorldCup_1920x1080_30p,37,superfast,branch-misses,1053769961.0,,,
WorldCup_far_1920x1080_30p,37,superfast,branch-misses,1854824703.0,,,
Aerial3200,22,veryfast,branch-misses,5114314335.0,,,
Boat,22,veryfast,branch-misses,5560614132.0,,,
BoxingPractice,22,veryfast,branch-misses,13383570456.0,,,
Crosswalk,22,veryfast,branch-misses,12395452309.0,,,
CrowdRun,22,veryfast,branch-misses,6947145851.0,,,
DinnerSceneCropped,22,veryfast,branch-misses,5553191712.0,,,
FoodMarket,22,veryfast,branch-misses,5061708113.0,,,
FoodMarket2,22,veryfast,branch-misses,14182227946.0,,,
MeridianTalk_sdr,22,veryfast,branch-misses,3317394623.0,,,
Motorcycle,22,veryfast,branch-misses,4538307443.0,,,
MountainBike,22,veryfast,branch-misses,4818342551.0,,,
Neon1224,22,veryfast,branch-misses,9553124349.0,,,
NocturneDance_3840x2160p_8bit,22,veryfast,branch-misses,10692031975.0,,,
OldTownCross,22,veryfast,branch-misses,7010168473.0,,,
PedestrianArea,22,veryfast,branch-misses,3618533974.0,,,
PierSeaSide,22,veryfast,branch-misses,11835121425.0,,,
RitualDance,22,veryfast,branch-misses,2263005498.0,,,
Riverbed,22,veryfast,branch-misses,4498214164.0,,,
RushFieldCuts,22,veryfast,branch-misses,4718693320.0,,,
Skater227,22,veryfast,branch-misses,,,,
Tango,22,veryfast,branch-misses,16239755512.0,,,
TimeLapse,22,veryfast,branch-misses,12974909864.0,,,
ToddlerFountain,22,veryfast,branch-misses,5550284905.0,,,
TreesAndGrass_1920_1080,22,veryfast,branch-misses,6151590802.0,,,
TunnelFlag,22,veryfast,branch-misses,4064958539.0,,,
Vertical_Carnaby,22,veryfast,branch-misses,1895125896.0,,,
Vertical_bees,22,veryfast,branch-misses,2738983260.0,,,
WalkingInStreet,22,veryfast,branch-misses,5543126419.0,,,
WorldCup_1920x1080_30p,22,veryfast,branch-misses,2211385147.0,,,
WorldCup_far_1920x1080_30p,22,veryfast,branch-misses,3931517073.0,,,
Aerial3200,27,veryfast,branch-misses,4087994732.0,,,
Boat,27,veryfast,branch-misses,4475037538.0,,,
BoxingPractice,27,veryfast,branch-misses,8429296751.0,,,
Crosswalk,27,veryfast,branch-misses,7040357100.0,,,
CrowdRun,27,veryfast,branch-misses,5320511959.0,,,
DinnerSceneCropped,27,veryfast,branch-misses,3096556029.0,,,
FoodMarket,27,veryfast,branch-misses,3107526710.0,,,
FoodMarket2,27,veryfast,branch-misses,9858466487.0,,,
MeridianTalk_sdr,27,veryfast,branch-misses,1878694309.0,,,
Motorcycle,27,veryfast,branch-misses,3807579108.0,,,
MountainBike,27,veryfast,branch-misses,3947209335.0,,,
Neon1224,27,veryfast,branch-misses,7171381691.0,,,
NocturneDance_3840x2160p_8bit,27,veryfast,branch-misses,7508946644.0,,,
OldTownCross,27,veryfast,branch-misses,4470279992.0,,,
PedestrianArea,27,veryfast,branch-misses,2249023436.0,,,
PierSeaSide,27,veryfast,branch-misses,7673574760.0,,,
RitualDance,27,veryfast,branch-misses,1686130336.0,,,
Riverbed,27,veryfast,branch-misses,3072070163.0,,,
RushFieldCuts,27,veryfast,branch-misses,3750312459.0,,,
Skater227,27,veryfast,branch-misses,,,,
Tango,27,veryfast,branch-misses,9081750237.0,,,
TimeLapse,27,veryfast,branch-misses,8866523040.0,,,
ToddlerFountain,27,veryfast,branch-misses,4137425947.0,,,
TreesAndGrass_1920_1080,27,veryfast,branch-misses,5336343050.0,,,
TunnelFlag,27,veryfast,branch-misses,2945895967.0,,,
Vertical_Carnaby,27,veryfast,branch-misses,1394675545.0,,,
Vertical_bees,27,veryfast,branch-misses,2168983321.0,,,
WalkingInStreet,27,veryfast,branch-misses,4762728436.0,,,
WorldCup_1920x1080_30p,27,veryfast,branch-misses,1691027358.0,,,
WorldCup_far_1920x1080_30p,27,veryfast,branch-misses,3118875103.0,,,
Aerial3200,32,veryfast,branch-misses,3192003305.0,,,
Boat,32,veryfast,branch-misses,3415934783.0,,,
BoxingPractice,32,veryfast,branch-misses,5548519541.0,,,
Crosswalk,32,veryfast,branch-misses,4808133430.0,,,
CrowdRun,32,veryfast,branch-misses,3913581175.0,,,
DinnerSceneCropped,32,veryfast,branch-misses,1574317644.0,,,
FoodMarket,32,veryfast,branch-misses,2042770018.0,,,
FoodMarket2,32,veryfast,branch-misses,7378015967.0,,,
MeridianTalk_sdr,32,veryfast,branch-misses,1244345209.0,,,
Motorcycle,32,veryfast,branch-misses,3017334848.0,,,
MountainBike,32,veryfast,branch-misses,3124606183.0,,,
Neon1224,32,veryfast,branch-misses,5328129440.0,,,
NocturneDance_3840x2160p_8bit,32,veryfast,branch-misses,5088761287.0,,,
OldTownCross,32,veryfast,branch-misses,2585394838.0,,,
PedestrianArea,32,veryfast,branch-misses,1553933421.0,,,
PierSeaSide,32,veryfast,branch-misses,5390565973.0,,,
RitualDance,32,veryfast,branch-misses,1273427048.0,,,
Riverbed,32,veryfast,branch-misses,2203113407.0,,,
RushFieldCuts,32,veryfast,branch-misses,2806929398.0,,,
Skater227,32,veryfast,branch-misses,,,,
Tango,32,veryfast,branch-misses,5685543723.0,,,
TimeLapse,32,veryfast,branch-misses,6532458891.0,,,
ToddlerFountain,32,veryfast,branch-misses,2949994712.0,,,
TreesAndGrass_1920_1080,32,veryfast,branch-misses,4437467772.0,,,
TunnelFlag,32,veryfast,branch-misses,2115929652.0,,,
Vertical_Carnaby,32,veryfast,branch-misses,1041463035.0,,,
Vertical_bees,32,veryfast,branch-misses,1712172720.0,,,
WalkingInStreet,32,veryfast,branch-misses,3736448844.0,,,
WorldCup_1920x1080_30p,32,veryfast,branch-misses,1311548017.0,,,
WorldCup_far_1920x1080_30p,32,veryfast,branch-misses,2396228020.0,,,
Aerial3200,37,veryfast,branch-misses,2465294676.0,,,
Boat,37,veryfast,branch-misses,2588051628.0,,,
BoxingPractice,37,veryfast,branch-misses,4161331737.0,,,
Crosswalk,37,veryfast,branch-misses,3652519303.0,,,
CrowdRun,37,veryfast,branch-misses,2821711856.0,,,
DinnerSceneCropped,37,veryfast,branch-misses,862661094.0,,,
FoodMarket,37,veryfast,branch-misses,1480983895.0,,,
FoodMarket2,37,veryfast,branch-misses,5734685590.0,,,
MeridianTalk_sdr,37,veryfast,branch-misses,924485489.0,,,
Motorcycle,37,veryfast,branch-misses,2349736860.0,,,
MountainBike,37,veryfast,branch-misses,2414845252.0,,,
Neon1224,37,veryfast,branch-misses,3993604912.0,,,
NocturneDance_3840x2160p_8bit,37,veryfast,branch-misses,3516839130.0,,,
OldTownCross,37,veryfast,branch-misses,1681198676.0,,,
PedestrianArea,37,veryfast,branch-misses,1177889739.0,,,
PierSeaSide,37,veryfast,branch-misses,3977770336.0,,,
RitualDance,37,veryfast,branch-misses,986834192.0,,,
Riverbed,37,veryfast,branch-misses,1700344741.0,,,
RushFieldCuts,37,veryfast,branch-misses,2098368448.0,,,
Skater227,37,veryfast,branch-misses,,,,
Tango,37,veryfast,branch-misses,4167045972.0,,,
TimeLapse,37,veryfast,branch-misses,4869691681.0,,,
ToddlerFountain,37,veryfast,branch-misses,2072301776.0,,,
TreesAndGrass_1920_1080,37,veryfast,branch-misses,3451014938.0,,,
TunnelFlag,37,veryfast,branch-misses,1557603735.0,,,
Vertical_Carnaby,37,veryfast,branch-misses,804495459.0,,,
Vertical_bees,37,veryfast,branch-misses,1366253904.0,,,
WalkingInStreet,37,veryfast,branch-misses,2806076320.0,,,
WorldCup_1920x1080_30p,37,veryfast,branch-misses,1039598740.0,,,
WorldCup_far_1920x1080_30p,37,veryfast,branch-misses,1849541902.0,,,
Aerial3200,22,fast,cache-misses,2203347494.0,20567.0,-2203326927.0,-0.9999906655667996
Boat,22,fast,cache-misses,1179775980.0,20065.0,-1179755915.0,-0.9999829925338877
BoxingPractice,22,fast,cache-misses,4030778690.0,18676.0,-4030760014.0,-0.9999953666520948
Crosswalk,22,fast,cache-misses,4694654485.0,19163.0,-4694635322.0,-0.9999959181234612
CrowdRun,22,fast,cache-misses,1223960530.0,19723.0,-1223940807.0,-0.999983885918282
DinnerSceneCropped,22,fast,cache-misses,1168775578.0,18758.0,-1168756820.0,-0.9999839507255687
FoodMarket,22,fast,cache-misses,1123171889.0,18853.0,-1123153036.0,-0.9999832145015517
FoodMarket2,22,fast,cache-misses,4552594147.0,18696.0,-4552575451.0,-0.9999958933303966
MeridianTalk_sdr,22,fast,cache-misses,1125094175.0,20134.0,-1125074041.0,-0.9999821046091542
Motorcycle,22,fast,cache-misses,1169639019.0,18981.0,-1169620038.0,-0.9999837719162138
MountainBike,22,fast,cache-misses,1284982369.0,18777.0,-1284963592.0,-0.9999853873481435
Neon1224,22,fast,cache-misses,3800343324.0,20039.0,-3800323285.0,-0.9999947270553496
NocturneDance_3840x2160p_8bit,22,fast,cache-misses,942749205.0,13326.0,-942735879.0,-0.9999858647454388
OldTownCross,22,fast,cache-misses,1336573252.0,20606.0,-1336552646.0,-0.9999845829624607
PedestrianArea,22,fast,cache-misses,1177651186.0,19325.0,-1177631861.0,-0.9999835902173498
PierSeaSide,22,fast,cache-misses,4291316238.0,19478.0,-4291296760.0,-0.9999954610662743
RitualDance,22,fast,cache-misses,1059475080.0,19018.0,-1059456062.0,-0.9999820496013931
Riverbed,22,fast,cache-misses,1112606724.0,19619.0,-1112587105.0,-0.9999823666354186
RushFieldCuts,22,fast,cache-misses,1214938990.0,19169.0,-1214919821.0,-0.9999842222530039
Skater227,22,fast,cache-misses,28266.0,18903.0,-9363.0,-0.3312460199533008
Tango,22,fast,cache-misses,4600544801.0,19528.0,-4600525273.0,-0.9999957552853315
TimeLapse,22,fast,cache-misses,4298771070.0,18939.0,-4298752131.0,-0.9999955943222629
ToddlerFountain,22,fast,cache-misses,1303877738.0,19148.0,-1303858590.0,-0.9999853145740264
TreesAndGrass_1920_1080,22,fast,cache-misses,1162717290.0,19647.0,-1162697643.0,-0.9999831025132515
TunnelFlag,22,fast,cache-misses,1074559488.0,19512.0,-1074539976.0,-0.999981841861509
Vertical_Carnaby,22,fast,cache-misses,238901059.0,13386.0,-238887673.0,-0.9999439684359038
Vertical_bees,22,fast,cache-misses,1052507650.0,19602.0,-1052488048.0,-0.999981375907339
WalkingInStreet,22,fast,cache-misses,305353890.0,13209.0,-305340681.0,-0.9999567419953288
WorldCup_1920x1080_30p,22,fast,cache-misses,1024672097.0,21438.0,-1024650659.0,-0.9999790781850479
WorldCup_far_1920x1080_30p,22,fast,cache-misses,1224524355.0,20267.0,-1224504088.0,-0.9999834490837873
Aerial3200,27,fast,cache-misses,1174686446.0,19296.0,-1174667150.0,-0.9999835734888526
Boat,27,fast,cache-misses,1109402311.0,18796.0,-1109383515.0,-0.9999830575438562
BoxingPractice,27,fast,cache-misses,3674816972.0,18755.0,-3674798217.0,-0.9999948963444594
Crosswalk,27,fast,cache-misses,4538480172.0,19542.0,-4538460630.0,-0.9999956941532717
CrowdRun,27,fast,cache-misses,1167104558.0,19353.0,-1167085205.0,-0.9999834179381211
DinnerSceneCropped,27,fast,cache-misses,1076835727.0,19890.0,-1076815837.0,-0.9999815292161086
FoodMarket,27,fast,cache-misses,1073395768.0,18948.0,-1073376820.0,-0.9999823476106717
FoodMarket2,27,fast,cache-misses,3929846121.0,19662.0,-3929826459.0,-0.9999949967506628
MeridianTalk_sdr,27,fast,cache-misses,1073154715.0,20086.0,-1073134629.0,-0.9999812832206585
Motorcycle,27,fast,cache-misses,1150918095.0,19751.0,-1150898344.0,-0.9999828389178294
MountainBike,27,fast,cache-misses,1228425607.0,19412.0,-1228406195.0,-0.9999841976592727
Neon1224,27,fast,cache-misses,3588911318.0,19034.0,-3588892284.0,-0.9999946964418138
NocturneDance_3840x2160p_8bit,27,fast,cache-misses,902325113.0,13293.0,-902311820.0,-0.9999852680593629
OldTownCross,27,fast,cache-misses,1233523364.0,19657.0,-1233503707.0,-0.9999840643472401
PedestrianArea,27,fast,cache-misses,1081674043.0,19729.0,-1081654314.0,-0.9999817606790811
PierSeaSide,27,fast,cache-misses,3971788677.0,20131.0,-3971768546.0,-0.9999949315027468
RitualDance,27,fast,cache-misses,975916343.0,18898.0,-975897445.0,-0.9999806356352822
Riverbed,27,fast,cache-misses,1149089074.0,18493.0,-1149070581.0,-0.9999839063825264
RushFieldCuts,27,fast,cache-misses,1163855567.0,19749.0,-1163835818.0,-0.9999830313996342
Skater227,27,fast,cache-misses,27375.0,19748.0,-7627.0,-0.2786118721461187
Tango,27,fast,cache-misses,4262838181.0,19299.0,-4262818882.0,-0.9999954727345537
TimeLapse,27,fast,cache-misses,4137876626.0,18988.0,-4137857638.0,-0.9999954111729962
ToddlerFountain,27,fast,cache-misses,1242150320.0,18970.0,-1242131350.0,-0.9999847280963547
TreesAndGrass_1920_1080,27,fast,cache-misses,1113708635.0,18898.0,-1113689737.0,-0.9999830314685493
TunnelFlag,27,fast,cache-misses,1038777391.0,18775.0,-1038758616.0,-0.9999819258676954
Vertical_Carnaby,27,fast,cache-misses,238927373.0,13568.0,-238913805.0,-0.9999432128691257
Vertical_bees,27,fast,cache-misses,1028802035.0,18837.0,-1028783198.0,-0.9999816903550351
WalkingInStreet,27,fast,cache-misses,274937886.0,13430.0,-274924456.0,-0.9999511526032465
WorldCup_1920x1080_30p,27,fast,cache-misses,1144876666.0,19346.0,-1144857320.0,-0.99998310210997
WorldCup_far_1920x1080_30p,27,fast,cache-misses,1141035912.0,22726.0,-1141013186.0,-0.999980083010744
Aerial3200,32,fast,cache-misses,1192428195.0,21542.0,-1192406653.0,-0.9999819343419668
Boat,32,fast,cache-misses,1037983201.0,19224.0,-1037963977.0,-0.9999814794690497
BoxingPractice,32,fast,cache-misses,3512004261.0,20269.0,-3511983992.0,-0.9999942286516491
Crosswalk,32,fast,cache-misses,3949194427.0,17605.0,-3949176822.0,-0.9999955421288251
CrowdRun,32,fast,cache-misses,1091897085.0,20268.0,-1091876817.0,-0.9999814378110552
DinnerSceneCropped,32,fast,cache-misses,1004512939.0,19344.0,-1004493595.0,-0.9999807429060902
FoodMarket,32,fast,cache-misses,976305694.0,18454.0,-976287240.0,-0.9999810981333885
FoodMarket2,32,fast,cache-misses,3916510241.0,19964.0,-3916490277.0,-0.9999949026049285
MeridianTalk_sdr,32,fast,cache-misses,1018042394.0,19326.0,-1018023068.0,-0.9999810165076485
Motorcycle,32,fast,cache-misses,1139065872.0,19448.0,-1139046424.0,-0.9999829263605573
MountainBike,32,fast,cache-misses,1171098998.0,19329.0,-1171079669.0,-0.9999834949905747
Neon1224,32,fast,cache-misses,3436691169.0,20357.0,-3436670812.0,-0.9999940765698753
NocturneDance_3840x2160p_8bit,32,fast,cache-misses,804352230.0,13216.0,-804339014.0,-0.9999835693872571
OldTownCross,32,fast,cache-misses,1142692266.0,19202.0,-1142673064.0,-0.9999831958257079
PedestrianArea,32,fast,cache-misses,1026603107.0,18934.0,-1026584173.0,-0.9999815566504028
PierSeaSide,32,fast,cache-misses,3671264681.0,19489.0,-3671245192.0,-0.9999946914750928
RitualDance,32,fast,cache-misses,933693772.0,19260.0,-933674512.0,-0.9999793722518264
Riverbed,32,fast,cache-misses,1121722528.0,19123.0,-1121703405.0,-0.9999829521120218
RushFieldCuts,32,fast,cache-misses,1058524643.0,19341.0,-1058505302.0,-0.999981728342247
Skater227,32,fast,cache-misses,29260.0,19499.0,-9761.0,-0.33359535201640467
Tango,32,fast,cache-misses,4091621242.0,19880.0,-4091601362.0,-0.9999951412902554
TimeLapse,32,fast,cache-misses,3530746778.0,19245.0,-3530727533.0,-0.9999945493117434
ToddlerFountain,32,fast,cache-misses,1171078173.0,19447.0,-1171058726.0,-0.9999833939352228
TreesAndGrass_1920_1080,32,fast,cache-misses,1045216785.0,18916.0,-1045197869.0,-0.9999819023189529
TunnelFlag,32,fast,cache-misses,996648732.0,18978.0,-996629754.0,-0.9999809581857774
Vertical_Carnaby,32,fast,cache-misses,218268071.0,13730.0,-218254341.0,-0.9999370957010015
Vertical_bees,32,fast,cache-misses,980781658.0,18720.0,-980762938.0,-0.9999809131830236
WalkingInStreet,32,fast,cache-misses,264689789.0,13143.0,-264676646.0,-0.9999503456478255
WorldCup_1920x1080_30p,32,fast,cache-misses,1205103752.0,19280.0,-1205084472.0,-0.9999840013775013
WorldCup_far_1920x1080_30p,32,fast,cache-misses,1129924365.0,20515.0,-1129903850.0,-0.9999818439174909
Aerial3200,37,fast,cache-misses,1152214891.0,20214.0,-1152194677.0,-0.9999824563975367
Boat,37,fast,cache-misses,1007051778.0,19465.0,-1007032313.0,-0.9999806713016895
BoxingPractice,37,fast,cache-misses,3247350621.0,20852.0,-3247329769.0,-0.9999935787654511
Crosswalk,37,fast,cache-misses,3737885619.0,19815.0,-3737865804.0,-0.9999946988747063
CrowdRun,37,fast,cache-misses,1033966279.0,19215.0,-1033947064.0,-0.9999814162217954
DinnerSceneCropped,37,fast,cache-misses,867042061.0,18370.0,-867023691.0,-0.9999788130232358
FoodMarket,37,fast,cache-misses,949927124.0,18540.0,-949908584.0,-0.9999804827133244
FoodMarket2,37,fast,cache-misses,3645881816.0,20460.0,-3645861356.0,-0.9999943881889122
MeridianTalk_sdr,37,fast,cache-misses,981521017.0,20394.0,-981500623.0,-0.9999792220445138
Motorcycle,37,fast,cache-misses,1088840172.0,19262.0,-1088820910.0,-0.9999823096166955
MountainBike,37,fast,cache-misses,1133380691.0,19109.0,-1133361582.0,-0.9999831398221695
Neon1224,37,fast,cache-misses,3289248455.0,18877.0,-3289229578.0,-0.9999942609990524
NocturneDance_3840x2160p_8bit,37,fast,cache-misses,740575420.0,13316.0,-740562104.0,-0.9999820193870329
OldTownCross,37,fast,cache-misses,1055140232.0,19784.0,-1055120448.0,-0.999981249885655
PedestrianArea,37,fast,cache-misses,993464371.0,19441.0,-993444930.0,-0.999980431104962
PierSeaSide,37,fast,cache-misses,3526059168.0,18624.0,-3526040544.0,-0.9999947181827892
RitualDance,37,fast,cache-misses,874322368.0,16638.0,-874305730.0,-0.9999809704056434
Riverbed,37,fast,cache-misses,973572471.0,20644.0,-973551827.0,-0.9999787956206498
RushFieldCuts,37,fast,cache-misses,1067675001.0,19752.0,-1067655249.0,-0.9999814999883097
Skater227,37,fast,cache-misses,28581.0,17470.0,-11111.0,-0.3887547671530037
Tango,37,fast,cache-misses,3926091535.0,19210.0,-3926072325.0,-0.9999951070931921
TimeLapse,37,fast,cache-misses,3492480248.0,20497.0,-3492459751.0,-0.9999941311049614
ToddlerFountain,37,fast,cache-misses,1174832017.0,19394.0,-1174812623.0,-0.9999834921080466
TreesAndGrass_1920_1080,37,fast,cache-misses,1022256923.0,19511.0,-1022237412.0,-0.9999809138000819
TunnelFlag,37,fast,cache-misses,940563491.0,19880.0,-940543611.0,-0.9999788637341442
Vertical_Carnaby,37,fast,cache-misses,212963428.0,13519.0,-212949909.0,-0.9999365196168799
Vertical_bees,37,fast,cache-misses,948262607.0,19297.0,-948243310.0,-0.9999796501519119
WalkingInStreet,37,fast,cache-misses,227449382.0,13247.0,-227436135.0,-0.999941758470023
WorldCup_1920x1080_30p,37,fast,cache-misses,1087999146.0,23625.0,-1087975521.0,-0.9999782858285442
WorldCup_far_1920x1080_30p,37,fast,cache-misses,1081686465.0,20289.0,-1081666176.0,-0.9999812431784473
Aerial3200,22,faster,cache-misses,1243919760.0,18598.0,-1243901162.0,-0.9999850488748567
Boat,22,faster,cache-misses,1283302599.0,19852.0,-1283282747.0,-0.9999845305386154
BoxingPractice,22,faster,cache-misses,4768321230.0,19374.0,-4768301856.0,-0.9999959369348109
Crosswalk,22,faster,cache-misses,4651880832.0,20823.0,-4651860009.0,-0.9999955237460391
CrowdRun,22,faster,cache-misses,1219754959.0,18748.0,-1219736211.0,-0.99998462969971
DinnerSceneCropped,22,faster,cache-misses,1161227952.0,19167.0,-1161208785.0,-0.9999834941968396
FoodMarket,22,faster,cache-misses,1139666141.0,19099.0,-1139647042.0,-0.9999832415833788
FoodMarket2,22,faster,cache-misses,4678944061.0,19011.0,-4678925050.0,-0.9999959369037645
MeridianTalk_sdr,22,faster,cache-misses,1160502123.0,19413.0,-1160482710.0,-0.9999832718961773
Motorcycle,22,faster,cache-misses,1197601270.0,19992.0,-1197581278.0,-0.999983306630929
MountainBike,22,faster,cache-misses,1257565600.0,19361.0,-1257546239.0,-0.999984604381672
Neon1224,22,faster,cache-misses,3835570465.0,19745.0,-3835550720.0,-0.9999948521347267
NocturneDance_3840x2160p_8bit,22,faster,cache-misses,935913681.0,13407.0,-935900274.0,-0.9999856749609797
OldTownCross,22,faster,cache-misses,1315753852.0,18894.0,-1315734958.0,-0.9999856401712438
PedestrianArea,22,faster,cache-misses,1190143351.0,19410.0,-1190123941.0,-0.9999836910402569
PierSeaSide,22,faster,cache-misses,4343891621.0,18995.0,-4343872626.0,-0.9999956271929281
RitualDance,22,faster,cache-misses,1055314103.0,19167.0,-1055294936.0,-0.9999818376349321
Riverbed,22,faster,cache-misses,1213953269.0,17734.0,-1213935535.0,-0.9999853915299272
RushFieldCuts,22,faster,cache-misses,1219333237.0,18874.0,-1219314363.0,-0.9999845210485311
Skater227,22,faster,cache-misses,28634.0,18626.0,-10008.0,-0.34951456310679613
Tango,22,faster,cache-misses,4729286664.0,19374.0,-4729267290.0,-0.9999959033991008
TimeLapse,22,faster,cache-misses,4502479282.0,18917.0,-4502460365.0,-0.9999957985370248
ToddlerFountain,22,faster,cache-misses,1255798933.0,19974.0,-1255778959.0,-0.999984094587537
TreesAndGrass_1920_1080,22,faster,cache-misses,1169393406.0,19822.0,-1169373584.0,-0.9999830493314754
TunnelFlag,22,faster,cache-misses,1097721756.0,19163.0,-1097702593.0,-0.9999825429350423
Vertical_Carnaby,22,faster,cache-misses,990859642.0,18645.0,-990840997.0,-0.9999811830059377
Vertical_bees,22,faster,cache-misses,1046142913.0,18967.0,-1046123946.0,-0.9999818695899343
WalkingInStreet,22,faster,cache-misses,287622122.0,13176.0,-287608946.0,-0.999954189893641
WorldCup_1920x1080_30p,22,faster,cache-misses,234897170.0,13440.0,-234883730.0,-0.9999427834741474
WorldCup_far_1920x1080_30p,22,faster,cache-misses,1245794089.0,20152.0,-1245773937.0,-0.9999838239720529
Aerial3200,27,faster,cache-misses,1223539998.0,25203.0,-1223514795.0,-0.9999794015724527
Boat,27,faster,cache-misses,1070725452.0,20903.0,-1070704549.0,-0.9999804777219399
BoxingPractice,27,faster,cache-misses,3686402859.0,19582.0,-3686383277.0,-0.9999946880466545
Crosswalk,27,faster,cache-misses,4352713861.0,19306.0,-4352694555.0,-0.9999955646062166
CrowdRun,27,faster,cache-misses,1155738373.0,19987.0,-1155718386.0,-0.9999827062936847
DinnerSceneCropped,27,faster,cache-misses,1042832020.0,18838.0,-1042813182.0,-0.9999819357292079
FoodMarket,27,faster,cache-misses,1075571970.0,20533.0,-1075551437.0,-0.9999809096921706
FoodMarket2,27,faster,cache-misses,4364591653.0,19592.0,-4364572061.0,-0.999995511149368
MeridianTalk_sdr,27,faster,cache-misses,1065160880.0,19029.0,-1065141851.0,-0.9999821350930574
Motorcycle,27,faster,cache-misses,1184834476.0,19520.0,-1184814956.0,-0.9999835251249053
MountainBike,27,faster,cache-misses,1206058002.0,18962.0,-1206039040.0,-0.9999842777047467
Neon1224,27,faster,cache-misses,3676704680.0,19092.0,-3676685588.0,-0.9999948073066341
NocturneDance_3840x2160p_8bit,27,faster,cache-misses,850148635.0,13471.0,-850135164.0,-0.9999841545355184
OldTownCross,27,faster,cache-misses,1146685888.0,19406.0,-1146666482.0,-0.9999830764464767
PedestrianArea,27,faster,cache-misses,1060754209.0,18524.0,-1060735685.0,-0.9999825369535724
PierSeaSide,27,faster,cache-misses,3966796785.0,19496.0,-3966777289.0,-0.9999950852032365
RitualDance,27,faster,cache-misses,993346066.0,17935.0,-993328131.0,-0.9999819448623054
Riverbed,27,faster,cache-misses,1174817132.0,19003.0,-1174798129.0,-0.9999838247166454
RushFieldCuts,27,faster,cache-misses,1154620907.0,20566.0,-1154600341.0,-0.9999821880931868
Skater227,27,faster,cache-misses,27289.0,17229.0,-10060.0,-0.36864670746454614
Tango,27,faster,cache-misses,4259407169.0,18444.0,-4259388725.0,-0.9999956698199378
TimeLapse,27,faster,cache-misses,4108225672.0,22218.0,-4108203454.0,-0.9999945918258212
ToddlerFountain,27,faster,cache-misses,1269525606.0,19360.0,-1269506246.0,-0.9999847502091266
TreesAndGrass_1920_1080,27,faster,cache-misses,1131382215.0,19809.0,-1131362406.0,-0.9999824913280964
TunnelFlag,27,faster,cache-misses,1002967411.0,19112.0,-1002948299.0,-0.9999809445453657
Vertical_Carnaby,27,faster,cache-misses,950921204.0,13137.0,-950908067.0,-0.999986184975217
Vertical_bees,27,faster,cache-misses,1004803877.0,19346.0,-1004784531.0,-0.9999807464914867
WalkingInStreet,27,faster,cache-misses,280125484.0,13596.0,-280111888.0,-0.9999514646086252
WorldCup_1920x1080_30p,27,faster,cache-misses,233423379.0,19875.0,-233403504.0,-0.9999148542871534
WorldCup_far_1920x1080_30p,27,faster,cache-misses,1243576799.0,19799.0,-1243557000.0,-0.9999840789889165
Aerial3200,32,faster,cache-misses,1157509774.0,19160.0,-1157490614.0,-0.9999834472240059
Boat,32,faster,cache-misses,1053775125.0,19636.0,-1053755489.0,-0.9999813660433482
BoxingPractice,32,faster,cache-misses,3612431213.0,18600.0,-3612412613.0,-0.9999948511130308
Crosswalk,32,faster,cache-misses,3982208796.0,19543.0,-3982189253.0,-0.99999509242207
CrowdRun,32,faster,cache-misses,1085580194.0,20352.0,-1085559842.0,-0.9999812524214126
DinnerSceneCropped,32,faster,cache-misses,967198495.0,19381.0,-967179114.0,-0.9999799617140637
FoodMarket,32,faster,cache-misses,995020151.0,18585.0,-995001566.0,-0.9999813219863122
FoodMarket2,32,faster,cache-misses,4337599801.0,19656.0,-4337580145.0,-0.9999954684616144
MeridianTalk_sdr,32,faster,cache-misses,1028368341.0,20701.0,-1028347640.0,-0.9999798700531952
Motorcycle,32,faster,cache-misses,1160482551.0,19809.0,-1160462742.0,-0.999982930376693
MountainBike,32,faster,cache-misses,1178157043.0,19107.0,-1178137936.0,-0.9999837822978579
Neon1224,32,faster,cache-misses,3411635899.0,19675.0,-3411616224.0,-0.9999942329719282
NocturneDance_3840x2160p_8bit,32,faster,cache-misses,837662238.0,13536.0,-837648702.0,-0.9999838407422634
OldTownCross,32,faster,cache-misses,1132034585.0,19192.0,-1132015393.0,-0.9999830464543625
PedestrianArea,32,faster,cache-misses,1055977197.0,19565.0,-1055957632.0,-0.9999814721377928
PierSeaSide,32,faster,cache-misses,3601177799.0,19824.0,-3601157975.0,-0.9999944951343404
RitualDance,32,faster,cache-misses,872847942.0,18610.0,-872829332.0,-0.9999786789896561
Riverbed,32,faster,cache-misses,1145412251.0,19564.0,-1145392687.0,-0.9999829196867914
RushFieldCuts,32,faster,cache-misses,1104738346.0,19619.0,-1104718727.0,-0.9999822410437087
Skater227,32,faster,cache-misses,27357.0,21705.0,-5652.0,-0.20660160105274702
Tango,32,faster,cache-misses,3999295720.0,19538.0,-3999276182.0,-0.9999951146398346
TimeLapse,32,faster,cache-misses,4036967215.0,18957.0,-4036948258.0,-0.9999953041481413
ToddlerFountain,32,faster,cache-misses,1229998812.0,19336.0,-1229979476.0,-0.9999842796596132
TreesAndGrass_1920_1080,32,faster,cache-misses,1093126504.0,20048.0,-1093106456.0,-0.9999816599451878
TunnelFlag,32,faster,cache-misses,968821406.0,19076.0,-968802330.0,-0.9999803100964927
Vertical_Carnaby,32,faster,cache-misses,244382544.0,13684.0,-244368860.0,-0.9999440058206449
Vertical_bees,32,faster,cache-misses,971860681.0,19359.0,-971841322.0,-0.9999800804782224
WalkingInStreet,32,faster,cache-misses,268572523.0,13203.0,-268559320.0,-0.9999508400939436
WorldCup_1920x1080_30p,32,faster,cache-misses,884435227.0,20898.0,-884414329.0,-0.9999763713617889
WorldCup_far_1920x1080_30p,32,faster,cache-misses,1216654213.0,20434.0,-1216633779.0,-0.9999832047595926
Aerial3200,37,faster,cache-misses,1186461491.0,19918.0,-1186441573.0,-0.9999832122659259
Boat,37,faster,cache-misses,998548362.0,19417.0,-998528945.0,-0.999980554772569
BoxingPractice,37,faster,cache-misses,3161898375.0,19091.0,-3161879284.0,-0.9999939621715388
Crosswalk,37,faster,cache-misses,4336860241.0,19900.0,-4336840341.0,-0.9999954114269554
CrowdRun,37,faster,cache-misses,1018657131.0,20008.0,-1018637123.0,-0.9999803584548803
DinnerSceneCropped,37,faster,cache-misses,824960243.0,18417.0,-824941826.0,-0.9999776752878017
FoodMarket,37,faster,cache-misses,950566672.0,18915.0,-950547757.0,-0.9999801013431702
FoodMarket2,37,faster,cache-misses,4112237309.0,19253.0,-4112218056.0,-0.9999953181203921
MeridianTalk_sdr,37,faster,cache-misses,986000001.0,19737.0,-985980264.0,-0.999979982758641
Motorcycle,37,faster,cache-misses,1065608509.0,19485.0,-1065589024.0,-0.9999817146730385
MountainBike,37,faster,cache-misses,1145380847.0,21141.0,-1145359706.0,-0.999981542383867
Neon1224,37,faster,cache-misses,3359700440.0,19100.0,-3359681340.0,-0.9999943149693429
NocturneDance_3840x2160p_8bit,37,faster,cache-misses,796247118.0,13466.0,-796233652.0,-0.9999830881648478
OldTownCross,37,faster,cache-misses,1065261552.0,19161.0,-1065242391.0,-0.9999820128681411
PedestrianArea,37,faster,cache-misses,958726265.0,19304.0,-958706961.0,-0.9999798649513373
PierSeaSide,37,faster,cache-misses,3620869748.0,19057.0,-3620850691.0,-0.9999947368998814
RitualDance,37,faster,cache-misses,874585968.0,19431.0,-874566537.0,-0.9999777826300548
Riverbed,37,faster,cache-misses,1055160952.0,19790.0,-1055141162.0,-0.9999812445675113
RushFieldCuts,37,faster,cache-misses,1065595172.0,18930.0,-1065576242.0,-0.9999822352798723
Skater227,37,faster,cache-misses,27268.0,20974.0,-6294.0,-0.2308200088015256
Tango,37,faster,cache-misses,3932666034.0,20209.0,-3932645825.0,-0.9999948612468424
TimeLapse,37,faster,cache-misses,3746498926.0,18851.0,-3746480075.0,-0.9999949683690367
ToddlerFountain,37,faster,cache-misses,1538010761.0,18943.0,-1537991818.0,-0.9999876834411824
TreesAndGrass_1920_1080,37,faster,cache-misses,1055756169.0,19133.0,-1055737036.0,-0.9999818774442795
TunnelFlag,37,faster,cache-misses,920031961.0,19581.0,-920012380.0,-0.9999787170437223
Vertical_Carnaby,37,faster,cache-misses,212600644.0,13555.0,-212587089.0,-0.9999362419617129
Vertical_bees,37,faster,cache-misses,929890608.0,18915.0,-929871693.0,-0.999979658897684
WalkingInStreet,37,faster,cache-misses,232414716.0,13405.0,-232401311.0,-0.9999423229293277
WorldCup_1920x1080_30p,37,faster,cache-misses,891826163.0,21123.0,-891805040.0,-0.9999763148908651
WorldCup_far_1920x1080_30p,37,faster,cache-misses,1172497400.0,22466.0,-1172474934.0,-0.9999808391899206
Aerial3200,22,superfast,cache-misses,1073209154.0,19392.0,-1073189762.0,-0.9999819308287413
Boat,22,superfast,cache-misses,1014992676.0,19265.0,-1014973411.0,-0.9999810195674752
BoxingPractice,22,superfast,cache-misses,3580521680.0,19016.0,-3580502664.0,-0.9999946890420728
Crosswalk,22,superfast,cache-misses,3896993196.0,18935.0,-3896974261.0,-0.9999951411257224
CrowdRun,22,superfast,cache-misses,1109799244.0,20378.0,-1109778866.0,-0.9999816381204888
DinnerSceneCropped,22,superfast,cache-misses,1010142367.0,18974.0,-1010123393.0,-0.9999812165090587
FoodMarket,22,superfast,cache-misses,997698554.0,18638.0,-997679916.0,-0.9999813190067027
FoodMarket2,22,superfast,cache-misses,3530912799.0,19530.0,-3530893269.0,-0.9999944688523587
MeridianTalk_sdr,22,superfast,cache-misses,1003925291.0,20180.0,-1003905111.0,-0.9999798989026565
Motorcycle,22,superfast,cache-misses,1059686379.0,19103.0,-1059667276.0,-0.9999819729682493
MountainBike,22,superfast,cache-misses,1177810385.0,20041.0,-1177790344.0,-0.9999829845276835
Neon1224,22,superfast,cache-misses,3224454361.0,19108.0,-3224435253.0,-0.9999940740361436
NocturneDance_3840x2160p_8bit,22,superfast,cache-misses,747328136.0,13248.0,-747314888.0,-0.9999822728472785
OldTownCross,22,superfast,cache-misses,1260093509.0,20060.0,-1260073449.0,-0.9999840805465176
PedestrianArea,22,superfast,cache-misses,1055047466.0,19931.0,-1055027535.0,-0.99998110890681
PierSeaSide,22,superfast,cache-misses,3830521500.0,18486.0,-3830503014.0,-0.9999951740252601
RitualDance,22,superfast,cache-misses,837073487.0,19556.0,-837053931.0,-0.9999766376545145
Riverbed,22,superfast,cache-misses,1038579837.0,19746.0,-1038560091.0,-0.9999809874991825
RushFieldCuts,22,superfast,cache-misses,1085373465.0,18905.0,-1085354560.0,-0.9999825820322593
Skater227,22,superfast,cache-misses,27496.0,20246.0,-7250.0,-0.26367471632237416
Tango,22,superfast,cache-misses,4063337665.0,18865.0,-4063318800.0,-0.9999953572649986
TimeLapse,22,superfast,cache-misses,3341930271.0,20386.0,-3341909885.0,-0.9999938999325698
ToddlerFountain,22,superfast,cache-misses,1009219009.0,19113.0,-1009199896.0,-0.9999810615933414
TreesAndGrass_1920_1080,22,superfast,cache-misses,1026068642.0,19027.0,-1026049615.0,-0.9999814564063054
TunnelFlag,22,superfast,cache-misses,933444704.0,18892.0,-933425812.0,-0.9999797609864634
Vertical_Carnaby,22,superfast,cache-misses,211295231.0,13269.0,-211281962.0,-0.9999372016115214
Vertical_bees,22,superfast,cache-misses,932157267.0,20536.0,-932136731.0,-0.9999779693827137
WalkingInStreet,22,superfast,cache-misses,233628306.0,13661.0,-233614645.0,-0.9999415267771534
WorldCup_1920x1080_30p,22,superfast,cache-misses,1114329192.0,20654.0,-1114308538.0,-0.9999814650821783
WorldCup_far_1920x1080_30p,22,superfast,cache-misses,1042547614.0,20132.0,-1042527482.0,-0.9999806896109783
Aerial3200,27,superfast,cache-misses,1065782588.0,19664.0,-1065762924.0,-0.9999815497079597
Boat,27,superfast,cache-misses,1008799157.0,19516.0,-1008779641.0,-0.9999806542264983
BoxingPractice,27,superfast,cache-misses,3915860211.0,18901.0,-3915841310.0,-0.9999951732189145
Crosswalk,27,superfast,cache-misses,3861908927.0,19444.0,-3861889483.0,-0.9999949651842217
CrowdRun,27,superfast,cache-misses,1047068608.0,19401.0,-1047049207.0,-0.9999814711282032
DinnerSceneCropped,27,superfast,cache-misses,948082795.0,20520.0,-948062275.0,-0.9999783563206629
FoodMarket,27,superfast,cache-misses,940321161.0,18844.0,-940302317.0,-0.9999799600383554
FoodMarket2,27,superfast,cache-misses,3984013665.0,18871.0,-3983994794.0,-0.9999952633194595
MeridianTalk_sdr,27,superfast,cache-misses,940483679.0,19797.0,-940463882.0,-0.9999789501929252
Motorcycle,27,superfast,cache-misses,1053308577.0,20303.0,-1053288274.0,-0.999980724546972
MountainBike,27,superfast,cache-misses,1098934025.0,19004.0,-1098915021.0,-0.9999827068781495
Neon1224,27,superfast,cache-misses,3134966537.0,21451.0,-3134945086.0,-0.9999931575027208
NocturneDance_3840x2160p_8bit,27,superfast,cache-misses,663507661.0,13183.0,-663494478.0,-0.9999801313522437
OldTownCross,27,superfast,cache-misses,1110862204.0,18739.0,-1110843465.0,-0.9999831311210945
PedestrianArea,27,superfast,cache-misses,971359942.0,18828.0,-971341114.0,-0.9999806168659156
PierSeaSide,27,superfast,cache-misses,3423094027.0,18727.0,-3423075300.0,-0.9999945292183469
RitualDance,27,superfast,cache-misses,878680583.0,18867.0,-878661716.0,-0.9999785280335483
Riverbed,27,superfast,cache-misses,1033567681.0,19645.0,-1033548036.0,-0.9999809930202336
RushFieldCuts,27,superfast,cache-misses,1065535199.0,17633.0,-1065517566.0,-0.9999834515086723
Skater227,27,superfast,cache-misses,28159.0,19974.0,-8185.0,-0.2906708334813026
Tango,27,superfast,cache-misses,3798486839.0,18998.0,-3798467841.0,-0.999994998534731
TimeLapse,27,superfast,cache-misses,3117635404.0,18782.0,-3117616622.0,-0.9999939755623842
ToddlerFountain,27,superfast,cache-misses,993284125.0,19978.0,-993264147.0,-0.9999798869230896
TreesAndGrass_1920_1080,27,superfast,cache-misses,948782226.0,19352.0,-948762874.0,-0.9999796033278557
TunnelFlag,27,superfast,cache-misses,899816323.0,19370.0,-899796953.0,-0.9999784733845065
Vertical_Carnaby,27,superfast,cache-misses,202035490.0,13238.0,-202022252.0,-0.9999344768584965
Vertical_bees,27,superfast,cache-misses,1006589628.0,18690.0,-1006570938.0,-0.9999814323538807
WalkingInStreet,27,superfast,cache-misses,230698032.0,13523.0,-230684509.0,-0.9999413822481156
WorldCup_1920x1080_30p,27,superfast,cache-misses,1063540237.0,20770.0,-1063519467.0,-0.9999804708846197
WorldCup_far_1920x1080_30p,27,superfast,cache-misses,1022395441.0,20455.0,-1022374986.0,-0.9999799930641514
Aerial3200,32,superfast,cache-misses,1049006612.0,19207.0,-1048987405.0,-0.9999816902965336
Boat,32,superfast,cache-misses,928436505.0,20584.0,-928415921.0,-0.9999778293939444
BoxingPractice,32,superfast,cache-misses,3544187460.0,19229.0,-3544168231.0,-0.9999945744969144
Crosswalk,32,superfast,cache-misses,3589379281.0,20215.0,-3589359066.0,-0.9999943681070131
CrowdRun,32,superfast,cache-misses,996523416.0,19669.0,-996503747.0,-0.9999802623805079
DinnerSceneCropped,32,superfast,cache-misses,866798775.0,18477.0,-866780298.0,-0.9999786836339265
FoodMarket,32,superfast,cache-misses,985821337.0,20301.0,-985801036.0,-0.9999794070190632
FoodMarket2,32,superfast,cache-misses,3713658965.0,19606.0,-3713639359.0,-0.9999947205706865
MeridianTalk_sdr,32,superfast,cache-misses,885788930.0,20273.0,-885768657.0,-0.9999771130578478
Motorcycle,32,superfast,cache-misses,1036174220.0,19189.0,-1036155031.0,-0.9999814809135089
MountainBike,32,superfast,cache-misses,1047048936.0,19522.0,-1047029414.0,-0.999981355217193
Neon1224,32,superfast,cache-misses,2909806419.0,19119.0,-2909787300.0,-0.9999934294598173
NocturneDance_3840x2160p_8bit,32,superfast,cache-misses,660404092.0,13170.0,-660390922.0,-0.9999800576644519
OldTownCross,32,superfast,cache-misses,1003327988.0,18711.0,-1003309277.0,-0.9999813510634371
PedestrianArea,32,superfast,cache-misses,930164098.0,18921.0,-930145177.0,-0.9999796584279691
PierSeaSide,32,superfast,cache-misses,3146832621.0,19567.0,-3146813054.0,-0.9999937820016643
RitualDance,32,superfast,cache-misses,916139639.0,18514.0,-916121125.0,-0.99997979129031
Riverbed,32,superfast,cache-misses,1007001570.0,19596.0,-1006981974.0,-0.9999805402488101
RushFieldCuts,32,superfast,cache-misses,1033075266.0,18282.0,-1033056984.0,-0.9999823033223215
Skater227,32,superfast,cache-misses,28858.0,18700.0,-10158.0,-0.3519994455610229
Tango,32,superfast,cache-misses,3641332793.0,19159.0,-3641313634.0,-0.9999947384649827
TimeLapse,32,superfast,cache-misses,2969099299.0,21311.0,-2969077988.0,-0.999992822402401
ToddlerFountain,32,superfast,cache-misses,917861231.0,19496.0,-917841735.0,-0.999978759316396
TreesAndGrass_1920_1080,32,superfast,cache-misses,936923678.0,18287.0,-936905391.0,-0.9999804818680226
TunnelFlag,32,superfast,cache-misses,865649384.0,18763.0,-865630621.0,-0.9999783249426999
Vertical_Carnaby,32,superfast,cache-misses,189450746.0,13597.0,-189437149.0,-0.9999282293668034
Vertical_bees,32,superfast,cache-misses,874654670.0,17610.0,-874637060.0,-0.9999798663397064
WalkingInStreet,32,superfast,cache-misses,202700833.0,13176.0,-202687657.0,-0.9999349978004284
WorldCup_1920x1080_30p,32,superfast,cache-misses,1069028252.0,19881.0,-1069008371.0,-0.9999814027365855
WorldCup_far_1920x1080_30p,32,superfast,cache-misses,979243741.0,19270.0,-979224471.0,-0.9999803215489738
Aerial3200,37,superfast,cache-misses,1048066392.0,19240.0,-1048047152.0,-0.9999816423843501
Boat,37,superfast,cache-misses,894680435.0,18947.0,-894661488.0,-0.9999788226060851
BoxingPractice,37,superfast,cache-misses,3334758963.0,19630.0,-3334739333.0,-0.9999941135175832
Crosswalk,37,superfast,cache-misses,3481961633.0,19260.0,-3481942373.0,-0.9999944686352034
CrowdRun,37,superfast,cache-misses,921096122.0,17018.0,-921079104.0,-0.9999815241866798
DinnerSceneCropped,37,superfast,cache-misses,753040504.0,18685.0,-753021819.0,-0.9999751872576564
FoodMarket,37,superfast,cache-misses,917824451.0,19987.0,-917804464.0,-0.9999782235045294
FoodMarket2,37,superfast,cache-misses,3659395860.0,19449.0,-3659376411.0,-0.9999946851882813
MeridianTalk_sdr,37,superfast,cache-misses,819218910.0,18603.0,-819200307.0,-0.9999772917839507
Motorcycle,37,superfast,cache-misses,982367108.0,20428.0,-982346680.0,-0.9999792053298266
MountainBike,37,superfast,cache-misses,990488162.0,21789.0,-990466373.0,-0.9999780017562694
Neon1224,37,superfast,cache-misses,2769820928.0,13173.0,-2769807755.0,-0.9999952440968776
NocturneDance_3840x2160p_8bit,37,superfast,cache-misses,644449976.0,19262.0,-644430714.0,-0.9999701109462064
OldTownCross,37,superfast,cache-misses,956360936.0,19142.0,-956341794.0,-0.9999799845442453
PedestrianArea,37,superfast,cache-misses,872086052.0,19417.0,-872066635.0,-0.9999777349953534
PierSeaSide,37,superfast,cache-misses,2967246539.0,18237.0,-2967228302.0,-0.9999938538979622
RitualDance,37,superfast,cache-misses,847636395.0,19614.0,-847616781.0,-0.9999768603612166
Riverbed,37,superfast,cache-misses,953299184.0,19838.0,-953279346.0,-0.9999791901636622
RushFieldCuts,37,superfast,cache-misses,970826133.0,19564.0,-970806569.0,-0.9999798480908837
Skater227,37,superfast,cache-misses,27927.0,21523.0,-6404.0,-0.22931213520965374
Tango,37,superfast,cache-misses,3582746793.0,17642.0,-3582729151.0,-0.9999950758451491
TimeLapse,37,superfast,cache-misses,2985529045.0,19930.0,-2985509115.0,-0.999993324466217
ToddlerFountain,37,superfast,cache-misses,837057096.0,19415.0,-837037681.0,-0.9999768056443309
TreesAndGrass_1920_1080,37,superfast,cache-misses,878001709.0,19071.0,-877982638.0,-0.9999782790855593
TunnelFlag,37,superfast,cache-misses,815122982.0,19030.0,-815103952.0,-0.9999766538296426
Vertical_Carnaby,37,superfast,cache-misses,168703983.0,13331.0,-168690652.0,-0.999920979933236
Vertical_bees,37,superfast,cache-misses,813258064.0,19221.0,-813238843.0,-0.9999763654357074
WalkingInStreet,37,superfast,cache-misses,199960151.0,13598.0,-199946553.0,-0.9999319964506328
WorldCup_1920x1080_30p,37,superfast,cache-misses,1003774790.0,20221.0,-1003754569.0,-0.9999798550429823
WorldCup_far_1920x1080_30p,37,superfast,cache-misses,973138571.0,21134.0,-973117437.0,-0.999978282640695
Aerial3200,22,veryfast,cache-misses,1187978087.0,20164.0,-1187957923.0,-0.9999830266229481
Boat,22,veryfast,cache-misses,1158025557.0,19937.0,-1158005620.0,-0.999982783626942
BoxingPractice,22,veryfast,cache-misses,4078567714.0,19504.0,-4078548210.0,-0.9999952179290948
Crosswalk,22,veryfast,cache-misses,4493983429.0,19645.0,-4493963784.0,-0.9999956285998134
CrowdRun,22,veryfast,cache-misses,1202152453.0,20643.0,-1202131810.0,-0.9999828283010624
DinnerSceneCropped,22,veryfast,cache-misses,1154824858.0,18665.0,-1154806193.0,-0.9999838373759703
FoodMarket,22,veryfast,cache-misses,1118577173.0,19249.0,-1118557924.0,-0.9999827915315415
FoodMarket2,22,veryfast,cache-misses,4201819782.0,19477.0,-4201800305.0,-0.9999953646274684
MeridianTalk_sdr,22,veryfast,cache-misses,1189778384.0,20513.0,-1189757871.0,-0.9999827589740443
Motorcycle,22,veryfast,cache-misses,1364465351.0,18926.0,-1364446425.0,-0.9999861293656258
MountainBike,22,veryfast,cache-misses,1464199024.0,20226.0,-1464178798.0,-0.9999861863041373
Neon1224,22,veryfast,cache-misses,3834660528.0,18827.0,-3834641701.0,-0.999995090308552
NocturneDance_3840x2160p_8bit,22,veryfast,cache-misses,976309865.0,13362.0,-976296503.0,-0.9999863137713968
OldTownCross,22,veryfast,cache-misses,1341832220.0,19215.0,-1341813005.0,-0.9999856800278651
PedestrianArea,22,veryfast,cache-misses,1084294303.0,18850.0,-1084275453.0,-0.9999826154209721
PierSeaSide,22,veryfast,cache-misses,4264173575.0,19550.0,-4264154025.0,-0.9999954152898197
RitualDance,22,veryfast,cache-misses,1047249098.0,19664.0,-1047229434.0,-0.999981223187456
Riverbed,22,veryfast,cache-misses,1141471039.0,19398.0,-1141451641.0,-0.9999830061391509
RushFieldCuts,22,veryfast,cache-misses,1160641092.0,19762.0,-1160621330.0,-0.9999829732032269
Skater227,22,veryfast,cache-misses,27269.0,18780.0,-8489.0,-0.3113058784700576
Tango,22,veryfast,cache-misses,4629874916.0,18840.0,-4629856076.0,-0.999995930775595
TimeLapse,22,veryfast,cache-misses,3873927064.0,21128.0,-3873905936.0,-0.9999945461027916
ToddlerFountain,22,veryfast,cache-misses,1282714086.0,19976.0,-1282694110.0,-0.9999844267711581
TreesAndGrass_1920_1080,22,veryfast,cache-misses,1152631388.0,19276.0,-1152612112.0,-0.9999832765269099
TunnelFlag,22,veryfast,cache-misses,1112855404.0,19426.0,-1112835978.0,-0.9999825440035335
Vertical_Carnaby,22,veryfast,cache-misses,248621860.0,13134.0,-248608726.0,-0.9999471727868177
Vertical_bees,22,veryfast,cache-misses,1068599833.0,18864.0,-1068580969.0,-0.9999823469933108
WalkingInStreet,22,veryfast,cache-misses,291809903.0,13821.0,-291796082.0,-0.9999526369740783
WorldCup_1920x1080_30p,22,veryfast,cache-misses,1190103727.0,18975.0,-1190084752.0,-0.9999840560116152
WorldCup_far_1920x1080_30p,22,veryfast,cache-misses,1231227561.0,20961.0,-1231206600.0,-0.9999829755272998
Aerial3200,27,veryfast,cache-misses,1167925389.0,21707.0,-1167903682.0,-0.9999814140524691
Boat,27,veryfast,cache-misses,1117697377.0,19871.0,-1117677506.0,-0.9999822214846265
BoxingPractice,27,veryfast,cache-misses,3725269574.0,19652.0,-3725249922.0,-0.9999947246770711
Crosswalk,27,veryfast,cache-misses,4176303179.0,19138.0,-4176284041.0,-0.9999954174782865
CrowdRun,27,veryfast,cache-misses,1162653069.0,19961.0,-1162633108.0,-0.999982831507926
DinnerSceneCropped,27,veryfast,cache-misses,1034113775.0,19016.0,-1034094759.0,-0.9999816113077112
FoodMarket,27,veryfast,cache-misses,1044331874.0,18709.0,-1044313165.0,-0.9999820851967983
FoodMarket2,27,veryfast,cache-misses,3708589406.0,18792.0,-3708570614.0,-0.9999949328442859
MeridianTalk_sdr,27,veryfast,cache-misses,1065835729.0,19400.0,-1065816329.0,-0.999981798320818
Motorcycle,27,veryfast,cache-misses,1668141479.0,20201.0,-1668121278.0,-0.9999878901158838
MountainBike,27,veryfast,cache-misses,1205378953.0,18905.0,-1205360048.0,-0.999984316135641
Neon1224,27,veryfast,cache-misses,3728676538.0,19119.0,-3728657419.0,-0.9999948724433978
NocturneDance_3840x2160p_8bit,27,veryfast,cache-misses,886885578.0,13266.0,-886872312.0,-0.9999850420388728
OldTownCross,27,veryfast,cache-misses,1236207617.0,19853.0,-1236187764.0,-0.9999839403998754
PedestrianArea,27,veryfast,cache-misses,1096430629.0,18691.0,-1096411938.0,-0.9999829528658671
PierSeaSide,27,veryfast,cache-misses,4044377353.0,19226.0,-4044358127.0,-0.9999952462398234
RitualDance,27,veryfast,cache-misses,915898897.0,18849.0,-915880048.0,-0.9999794202176007
Riverbed,27,veryfast,cache-misses,1026265780.0,19774.0,-1026246006.0,-0.99998073208677
RushFieldCuts,27,veryfast,cache-misses,1142033467.0,19510.0,-1142013957.0,-0.9999829164375968
Skater227,27,veryfast,cache-misses,30200.0,19679.0,-10521.0,-0.3483774834437086
Tango,27,veryfast,cache-misses,4381556477.0,19145.0,-4381537332.0,-0.9999956305481624
TimeLapse,27,veryfast,cache-misses,3695493450.0,19654.0,-3695473796.0,-0.9999946816304058
ToddlerFountain,27,veryfast,cache-misses,1229757240.0,19334.0,-1229737906.0,-0.9999842781978661
TreesAndGrass_1920_1080,27,veryfast,cache-misses,1116879217.0,18503.0,-1116860714.0,-0.9999834333026183
TunnelFlag,27,veryfast,cache-misses,1053713325.0,19233.0,-1053694092.0,-0.9999817474074365
Vertical_Carnaby,27,veryfast,cache-misses,226751225.0,13166.0,-226738059.0,-0.9999419363666062
Vertical_bees,27,veryfast,cache-misses,1004056830.0,18904.0,-1004037926.0,-0.9999811723804518
WalkingInStreet,27,veryfast,cache-misses,283548241.0,13252.0,-283534989.0,-0.9999532636846793
WorldCup_1920x1080_30p,27,veryfast,cache-misses,1177241951.0,19929.0,-1177222022.0,-0.9999830714493456
WorldCup_far_1920x1080_30p,27,veryfast,cache-misses,1163565950.0,20175.0,-1163545775.0,-0.999982661060166
Aerial3200,32,veryfast,cache-misses,1164553456.0,17619.0,-1164535837.0,-0.9999848705957556
Boat,32,veryfast,cache-misses,1039108413.0,19283.0,-1039089130.0,-0.9999814427448005
BoxingPractice,32,veryfast,cache-misses,3551687517.0,19375.0,-3551668142.0,-0.999994544846666
Crosswalk,32,veryfast,cache-misses,4026254784.0,19256.0,-4026235528.0,-0.9999952173915877
CrowdRun,32,veryfast,cache-misses,1320568597.0,19444.0,-1320549153.0,-0.9999852760393938
DinnerSceneCropped,32,veryfast,cache-misses,998934418.0,18523.0,-998915895.0,-0.9999814572411699
FoodMarket,32,veryfast,cache-misses,995745880.0,19476.0,-995726404.0,-0.9999804407927854
FoodMarket2,32,veryfast,cache-misses,3760647305.0,18463.0,-3760628842.0,-0.9999950904728621
MeridianTalk_sdr,32,veryfast,cache-misses,1001071245.0,19223.0,-1001052022.0,-0.9999807975705066
Motorcycle,32,veryfast,cache-misses,1122943135.0,19895.0,-1122923240.0,-0.9999822831634302
MountainBike,32,veryfast,cache-misses,1181395184.0,19434.0,-1181375750.0,-0.9999835499583347
Neon1224,32,veryfast,cache-misses,3519444219.0,19037.0,-3519425182.0,-0.9999945909073094
NocturneDance_3840x2160p_8bit,32,veryfast,cache-misses,789623310.0,13144.0,-789610166.0,-0.9999833540881664
OldTownCross,32,veryfast,cache-misses,1125976392.0,19297.0,-1125957095.0,-0.9999828619852626
PedestrianArea,32,veryfast,cache-misses,1029002905.0,19453.0,-1028983452.0,-0.9999810952914657
PierSeaSide,32,veryfast,cache-misses,3659952978.0,19304.0,-3659933674.0,-0.9999947256152972
RitualDance,32,veryfast,cache-misses,936547945.0,19732.0,-936528213.0,-0.9999789311373696
Riverbed,32,veryfast,cache-misses,1105744874.0,19133.0,-1105725741.0,-0.9999826967319045
RushFieldCuts,32,veryfast,cache-misses,1120543002.0,22096.0,-1120520906.0,-0.9999802809888059
Skater227,32,veryfast,cache-misses,28445.0,20594.0,-7851.0,-0.27600632800140623
Tango,32,veryfast,cache-misses,4019308436.0,19227.0,-4019289209.0,-0.9999952163412422
TimeLapse,32,veryfast,cache-misses,3487309027.0,18937.0,-3487290090.0,-0.9999945697384851
ToddlerFountain,32,veryfast,cache-misses,997066429.0,19739.0,-997046690.0,-0.9999802029238716
TreesAndGrass_1920_1080,32,veryfast,cache-misses,1126576633.0,19190.0,-1126557443.0,-0.9999829660944157
TunnelFlag,32,veryfast,cache-misses,969968048.0,19793.0,-969948255.0,-0.9999795941731887
Vertical_Carnaby,32,veryfast,cache-misses,223775367.0,13439.0,-223761928.0,-0.9999399442388134
Vertical_bees,32,veryfast,cache-misses,956366464.0,19437.0,-956347027.0,-0.9999796762007749
WalkingInStreet,32,veryfast,cache-misses,257411678.0,13417.0,-257398261.0,-0.9999478772676351
WorldCup_1920x1080_30p,32,veryfast,cache-misses,1104718917.0,19302.0,-1104699615.0,-0.9999825276821978
WorldCup_far_1920x1080_30p,32,veryfast,cache-misses,1126104850.0,20974.0,-1126083876.0,-0.9999813747361092
Aerial3200,37,veryfast,cache-misses,1139226066.0,19342.0,-1139206724.0,-0.9999830218070168
Boat,37,veryfast,cache-misses,1028573238.0,19194.0,-1028554044.0,-0.9999813391994942
BoxingPractice,37,veryfast,cache-misses,3294151765.0,18676.0,-3294133089.0,-0.9999943305587197
Crosswalk,37,veryfast,cache-misses,3732919815.0,19406.0,-3732900409.0,-0.9999948013884675
CrowdRun,37,veryfast,cache-misses,1013798252.0,20174.0,-1013778078.0,-0.9999801005772497
DinnerSceneCropped,37,veryfast,cache-misses,846613206.0,19231.0,-846593975.0,-0.9999772847861766
FoodMarket,37,veryfast,cache-misses,931969937.0,18872.0,-931951065.0,-0.999979750419782
FoodMarket2,37,veryfast,cache-misses,3648083888.0,19961.0,-3648063927.0,-0.9999945283604729
MeridianTalk_sdr,37,veryfast,cache-misses,959133507.0,19866.0,-959113641.0,-0.9999792875550119
Motorcycle,37,veryfast,cache-misses,1090071071.0,19442.0,-1090051629.0,-0.9999821644656782
MountainBike,37,veryfast,cache-misses,1128836636.0,19936.0,-1128816700.0,-0.9999823393400212
Neon1224,37,veryfast,cache-misses,3303285305.0,20242.0,-3303265063.0,-0.9999938721611574
NocturneDance_3840x2160p_8bit,37,veryfast,cache-misses,740932692.0,13468.0,-740919224.0,-0.9999818229103056
OldTownCross,37,veryfast,cache-misses,1046170386.0,19212.0,-1046151174.0,-0.9999816358785748
PedestrianArea,37,veryfast,cache-misses,1014894851.0,18303.0,-1014876548.0,-0.9999819656194118
PierSeaSide,37,veryfast,cache-misses,3486343198.0,20003.0,-3486323195.0,-0.9999942624696239
RitualDance,37,veryfast,cache-misses,938186832.0,19409.0,-938167423.0,-0.9999793122229624
Riverbed,37,veryfast,cache-misses,1080012916.0,19842.0,-1079993074.0,-0.9999816279974933
RushFieldCuts,37,veryfast,cache-misses,1072177941.0,18827.0,-1072159114.0,-0.999982440414711
Skater227,37,veryfast,cache-misses,29232.0,20324.0,-8908.0,-0.3047345374931582
Tango,37,veryfast,cache-misses,3857084148.0,19228.0,-3857064920.0,-0.9999950148870851
TimeLapse,37,veryfast,cache-misses,3505640496.0,22748.0,-3505617748.0,-0.9999935110288617
ToddlerFountain,37,veryfast,cache-misses,952381007.0,19160.0,-952361847.0,-0.9999798820011537
TreesAndGrass_1920_1080,37,veryfast,cache-misses,1051829141.0,19207.0,-1051809934.0,-0.9999817394296742
TunnelFlag,37,veryfast,cache-misses,928280288.0,18664.0,-928261624.0,-0.9999798940037387
Vertical_Carnaby,37,veryfast,cache-misses,207205273.0,13377.0,-207191896.0,-0.9999354408321453
Vertical_bees,37,veryfast,cache-misses,965091520.0,18193.0,-965073327.0,-0.9999811489380821
WalkingInStreet,37,veryfast,cache-misses,233975487.0,13448.0,-233962039.0,-0.9999425238935393
WorldCup_1920x1080_30p,37,veryfast,cache-misses,1104363149.0,19754.0,-1104343395.0,-0.9999821127678717
WorldCup_far_1920x1080_30p,37,veryfast,cache-misses,1061069182.0,20011.0,-1061049171.0,-0.9999811407207565
Aerial3200,22,fast,cache-references,22921917392.0,69864.0,-22921847528.0,-0.9999969520874364
Boat,22,fast,cache-references,21874477512.0,68341.0,-21874409171.0,-0.9999968757653771
BoxingPractice,22,fast,cache-references,81496981670.0,67738.0,-81496913932.0,-0.9999991688281135
Crosswalk,22,fast,cache-references,85294057806.0,69497.0,-85293988309.0,-0.9999991852070146
CrowdRun,22,fast,cache-references,23258705657.0,69526.0,-23258636131.0,-0.9999970107536926
DinnerSceneCropped,22,fast,cache-references,22990073047.0,68248.0,-22990004799.0,-0.9999970314143909
FoodMarket,22,fast,cache-references,22284293625.0,68000.0,-22284225625.0,-0.9999969485234245
FoodMarket2,22,fast,cache-references,85204888617.0,68533.0,-85204820084.0,-0.9999991956682168
MeridianTalk_sdr,22,fast,cache-references,20284618945.0,70188.0,-20284548757.0,-0.9999965398413354
Motorcycle,22,fast,cache-references,21331954072.0,69450.0,-21331884622.0,-0.999996744320761
MountainBike,22,fast,cache-references,22570236176.0,68729.0,-22570167447.0,-0.9999969548834374
Neon1224,22,fast,cache-references,74476762827.0,69366.0,-74476693461.0,-0.9999990686222472
NocturneDance_3840x2160p_8bit,22,fast,cache-references,60618489289.0,62076.0,-60618427213.0,-0.9999989759560041
OldTownCross,22,fast,cache-references,23927825278.0,69833.0,-23927755445.0,-0.9999970815149647
PedestrianArea,22,fast,cache-references,21056312889.0,68982.0,-21056243907.0,-0.9999967239278613
PierSeaSide,22,fast,cache-references,77642058395.0,68939.0,-77641989456.0,-0.9999991120920616
RitualDance,22,fast,cache-references,18082597648.0,69108.0,-18082528540.0,-0.9999961782039647
Riverbed,22,fast,cache-references,22450343376.0,69298.0,-22450274078.0,-0.9999969132766106
RushFieldCuts,22,fast,cache-references,22481153812.0,69061.0,-22481084751.0,-0.9999969280491305
Skater227,22,fast,cache-references,91155.0,68670.0,-22485.0,-0.2466677636991937
Tango,22,fast,cache-references,85307973583.0,69219.0,-85307904364.0,-0.9999991885987078
TimeLapse,22,fast,cache-references,77958693214.0,68992.0,-77958624222.0,-0.9999991150185161
ToddlerFountain,22,fast,cache-references,22379160572.0,70014.0,-22379090558.0,-0.9999968714644245
TreesAndGrass_1920_1080,22,fast,cache-references,22049272931.0,69205.0,-22049203726.0,-0.9999968613477543
TunnelFlag,22,fast,cache-references,21176293625.0,69672.0,-21176223953.0,-0.9999967099058393
Vertical_Carnaby,22,fast,cache-references,14059906292.0,62396.0,-14059843896.0,-0.9999955621325843
Vertical_bees,22,fast,cache-references,19716054733.0,68702.0,-19715986031.0,-0.9999965154286224
WalkingInStreet,22,fast,cache-references,15130427037.0,60907.0,-15130366130.0,-0.9999959745352957
WorldCup_1920x1080_30p,22,fast,cache-references,18219675631.0,71086.0,-18219604545.0,-0.9999960983937672
WorldCup_far_1920x1080_30p,22,fast,cache-references,21262351865.0,71073.0,-21262280792.0,-0.9999966573312091
Aerial3200,27,fast,cache-references,20939549978.0,68906.0,-20939481072.0,-0.9999967092893557
Boat,27,fast,cache-references,20849249975.0,68374.0,-20849181601.0,-0.9999967205534932
BoxingPractice,27,fast,cache-references,72949219544.0,68030.0,-72949151514.0,-0.9999990674334773
Crosswalk,27,fast,cache-references,71674101937.0,70413.0,-71674031524.0,-0.9999990175949458
CrowdRun,27,fast,cache-references,22377938321.0,68862.0,-22377869459.0,-0.9999969227728215
DinnerSceneCropped,27,fast,cache-references,20753703772.0,69294.0,-20753634478.0,-0.9999966611260929
FoodMarket,27,fast,cache-references,20432120624.0,67957.0,-20432052667.0,-0.9999966740114131
FoodMarket2,27,fast,cache-references,77760543788.0,69787.0,-77760474001.0,-0.9999991025397122
MeridianTalk_sdr,27,fast,cache-references,17763165155.0,69807.0,-17763095348.0,-0.9999960701260507
Motorcycle,27,fast,cache-references,20188749335.0,70257.0,-20188679078.0,-0.9999965199924555
MountainBike,27,fast,cache-references,20912155614.0,68420.0,-20912087194.0,-0.9999967282186847
Neon1224,27,fast,cache-references,68716063935.0,68720.0,-68715995215.0,-0.9999989999427199
NocturneDance_3840x2160p_8bit,27,fast,cache-references,55995168123.0,61775.0,-55995106348.0,-0.9999988967798102
OldTownCross,27,fast,cache-references,22285161247.0,69062.0,-22285092185.0,-0.999996900987198
PedestrianArea,27,fast,cache-references,18905042279.0,69513.0,-18904972766.0,-0.999996323044457
PierSeaSide,27,fast,cache-references,68397788610.0,59768.0,-68397728842.0,-0.9999991261705793
RitualDance,27,fast,cache-references,16590826920.0,68591.0,-16590758329.0,-0.9999958657274691
Riverbed,27,fast,cache-references,21086643290.0,68154.0,-21086575136.0,-0.9999967679066287
RushFieldCuts,27,fast,cache-references,21388933564.0,68938.0,-21388864626.0,-0.9999967769314073
Skater227,27,fast,cache-references,87650.0,69102.0,-18548.0,-0.21161437535653166
Tango,27,fast,cache-references,76417804854.0,69028.0,-76417735826.0,-0.9999990967026581
TimeLapse,27,fast,cache-references,73283656783.0,68433.0,-73283588350.0,-0.9999990661901574
ToddlerFountain,27,fast,cache-references,20710988881.0,69129.0,-20710919752.0,-0.9999966622066963
TreesAndGrass_1920_1080,27,fast,cache-references,21728402778.0,67656.0,-21728335122.0,-0.9999968862874694
TunnelFlag,27,fast,cache-references,19752996995.0,67836.0,-19752929159.0,-0.9999965657869528
Vertical_Carnaby,27,fast,cache-references,12848725220.0,62172.0,-12848663048.0,-0.9999951612320339
Vertical_bees,27,fast,cache-references,18478330315.0,69181.0,-18478261134.0,-0.9999962561011292
WalkingInStreet,27,fast,cache-references,14983958137.0,62482.0,-14983895655.0,-0.9999958300737743
WorldCup_1920x1080_30p,27,fast,cache-references,16794559785.0,68977.0,-16794490808.0,-0.9999958928962186
WorldCup_far_1920x1080_30p,27,fast,cache-references,20443706230.0,72897.0,-20443633333.0,-0.9999964342571166
Aerial3200,32,fast,cache-references,20186167066.0,79664.0,-20186087402.0,-0.9999960535350897
Boat,32,fast,cache-references,20010262612.0,68615.0,-20010193997.0,-0.99999657100952
BoxingPractice,32,fast,cache-references,63455998195.0,69411.0,-63455928784.0,-0.9999989061554152
Crosswalk,32,fast,cache-references,61651725431.0,66090.0,-61651659341.0,-0.9999989280105376
CrowdRun,32,fast,cache-references,20596482620.0,70138.0,-20596412482.0,-0.9999965946612684
DinnerSceneCropped,32,fast,cache-references,17063402404.0,69350.0,-17063333054.0,-0.9999959357460864
FoodMarket,32,fast,cache-references,18252996105.0,67874.0,-18252928231.0,-0.9999962814871811
FoodMarket2,32,fast,cache-references,72213095545.0,69110.0,-72213026435.0,-0.9999990429713685
MeridianTalk_sdr,32,fast,cache-references,15767691103.0,68832.0,-15767622271.0,-0.999995634617678
Motorcycle,32,fast,cache-references,19424128748.0,68825.0,-19424059923.0,-0.9999964567265336
MountainBike,32,fast,cache-references,19945034962.0,69191.0,-19944965771.0,-0.9999965309160835
Neon1224,32,fast,cache-references,62922099705.0,69795.0,-62922029910.0,-0.9999988907712818
NocturneDance_3840x2160p_8bit,32,fast,cache-references,51223648390.0,62108.0,-51223586282.0,-0.9999987875131516
OldTownCross,32,fast,cache-references,18741919435.0,68964.0,-18741850471.0,-0.9999963203341985
PedestrianArea,32,fast,cache-references,16847595526.0,68647.0,-16847526879.0,-0.9999959254126267
PierSeaSide,32,fast,cache-references,62790956544.0,69277.0,-62790887267.0,-0.9999988967041782
RitualDance,32,fast,cache-references,15592015143.0,69315.0,-15591945828.0,-0.9999955544553181
Riverbed,32,fast,cache-references,19385511937.0,68988.0,-19385442949.0,-0.9999964412598323
RushFieldCuts,32,fast,cache-references,19640578103.0,68834.0,-19640509269.0,-0.9999964953170095
Skater227,32,fast,cache-references,91228.0,69698.0,-21530.0,-0.23600210461700355
Tango,32,fast,cache-references,64981471642.0,69739.0,-64981401903.0,-0.9999989267863864
TimeLapse,32,fast,cache-references,66233246404.0,68416.0,-66233177988.0,-0.9999989670444419
ToddlerFountain,32,fast,cache-references,19347404026.0,69037.0,-19347334989.0,-0.9999964317176657
TreesAndGrass_1920_1080,32,fast,cache-references,20610642157.0,68205.0,-20610573952.0,-0.9999966907872408
TunnelFlag,32,fast,cache-references,18214872395.0,68918.0,-18214803477.0,-0.9999962163885365
Vertical_Carnaby,32,fast,cache-references,11985212556.0,62209.0,-11985150347.0,-0.9999948095205062
Vertical_bees,32,fast,cache-references,17503052654.0,68424.0,-17502984230.0,-0.999996090739064
WalkingInStreet,32,fast,cache-references,14932689567.0,62013.0,-14932627554.0,-0.999995847164724
WorldCup_1920x1080_30p,32,fast,cache-references,15705311196.0,69862.0,-15705241334.0,-0.9999955516959118
WorldCup_far_1920x1080_30p,32,fast,cache-references,18864353439.0,70358.0,-18864283081.0,-0.999996270320092
Aerial3200,37,fast,cache-references,20005551903.0,70557.0,-20005481346.0,-0.9999964731290423
Boat,37,fast,cache-references,19016504651.0,68762.0,-19016435889.0,-0.9999963840883873
BoxingPractice,37,fast,cache-references,58759786465.0,70663.0,-58759715802.0,-0.9999987974258545
Crosswalk,37,fast,cache-references,57141994632.0,69257.0,-57141925375.0,-0.9999987879842059
CrowdRun,37,fast,cache-references,19187262014.0,68847.0,-19187193167.0,-0.9999964118382315
DinnerSceneCropped,37,fast,cache-references,13938918712.0,67645.0,-13938851067.0,-0.9999951470410727
FoodMarket,37,fast,cache-references,16459999016.0,67545.0,-16459931471.0,-0.9999958964153075
FoodMarket2,37,fast,cache-references,66878872463.0,69420.0,-66878803043.0,-0.9999989620040314
MeridianTalk_sdr,37,fast,cache-references,14425770277.0,70543.0,-14425699734.0,-0.9999951099318342
Motorcycle,37,fast,cache-references,18366201599.0,70025.0,-18366131574.0,-0.9999961872900271
MountainBike,37,fast,cache-references,19004021233.0,69700.0,-19003951533.0,-0.9999963323551818
Neon1224,37,fast,cache-references,58761797042.0,68435.0,-58761728607.0,-0.9999988353827921
NocturneDance_3840x2160p_8bit,37,fast,cache-references,46829602458.0,63637.0,-46829538821.0,-0.9999986410945927
OldTownCross,37,fast,cache-references,16867379967.0,69718.0,-16867310249.0,-0.9999958666965387
PedestrianArea,37,fast,cache-references,15564205701.0,69071.0,-15564136630.0,-0.9999955621892098
PierSeaSide,37,fast,cache-references,57894669469.0,68876.0,-57894600593.0,-0.9999988103222519
RitualDance,37,fast,cache-references,14402548519.0,66741.0,-14402481778.0,-0.9999953660284558
Riverbed,37,fast,cache-references,17831455787.0,69859.0,-17831385928.0,-0.9999960822604259
RushFieldCuts,37,fast,cache-references,18407610506.0,70053.0,-18407540453.0,-0.9999961943458128
Skater227,37,fast,cache-references,90459.0,65485.0,-24974.0,-0.27608087641915124
Tango,37,fast,cache-references,59210639004.0,69953.0,-59210569051.0,-0.999998818573804
TimeLapse,37,fast,cache-references,61630883305.0,70628.0,-61630812677.0,-0.9999988540161001
ToddlerFountain,37,fast,cache-references,17836189990.0,68593.0,-17836121397.0,-0.9999961542795833
TreesAndGrass_1920_1080,37,fast,cache-references,19850890853.0,74936.0,-19850815917.0,-0.9999962250560666
TunnelFlag,37,fast,cache-references,16544319905.0,69465.0,-16544250440.0,-0.9999958012779976
Vertical_Carnaby,37,fast,cache-references,11221181930.0,62328.0,-11221119602.0,-0.9999944455049041
Vertical_bees,37,fast,cache-references,16456391649.0,69913.0,-16456321736.0,-0.9999957516203132
WalkingInStreet,37,fast,cache-references,14368120459.0,61783.0,-14368058676.0,-0.999995699994291
WorldCup_1920x1080_30p,37,fast,cache-references,14495056755.0,57622.0,-14494999133.0,-0.9999960247137369
WorldCup_far_1920x1080_30p,37,fast,cache-references,17851060418.0,70767.0,-17850989651.0,-0.9999960356976929
Aerial3200,22,faster,cache-references,20867638392.0,62973.0,-20867575419.0,-0.9999969822651315
Boat,22,faster,cache-references,21582896681.0,69989.0,-21582826692.0,-0.9999967572008042
BoxingPractice,22,faster,cache-references,81454820912.0,68657.0,-81454752255.0,-0.9999991571155736
Crosswalk,22,faster,cache-references,83436651125.0,70095.0,-83436581030.0,-0.9999991599015654
CrowdRun,22,faster,cache-references,23713474624.0,67255.0,-23713407369.0,-0.9999971638487793
DinnerSceneCropped,22,faster,cache-references,22865811839.0,68371.0,-22865743468.0,-0.999997009902798
FoodMarket,22,faster,cache-references,22292715568.0,68790.0,-22292646778.0,-0.9999969142386539
FoodMarket2,22,faster,cache-references,86576647262.0,69385.0,-86576577877.0,-0.999999198571414
MeridianTalk_sdr,22,faster,cache-references,20346388727.0,68657.0,-20346320070.0,-0.9999966255928302
Motorcycle,22,faster,cache-references,21405647157.0,69001.0,-21405578156.0,-0.9999967765048403
MountainBike,22,faster,cache-references,22370582238.0,68666.0,-22370513572.0,-0.9999969305224482
Neon1224,22,faster,cache-references,75236346813.0,69395.0,-75236277418.0,-0.9999990776399581
NocturneDance_3840x2160p_8bit,22,faster,cache-references,60135062489.0,61695.0,-60135000794.0,-0.9999989740594347
OldTownCross,22,faster,cache-references,23685144685.0,67758.0,-23685076927.0,-0.9999971392195023
PedestrianArea,22,faster,cache-references,21080619861.0,70003.0,-21080549858.0,-0.9999966792722196
PierSeaSide,22,faster,cache-references,77634869414.0,77680.0,-77634791734.0,-0.9999989994186815
RitualDance,22,faster,cache-references,18165837784.0,68580.0,-18165769204.0,-0.9999962247818782
Riverbed,22,faster,cache-references,22595929065.0,67800.0,-22595861265.0,-0.999996999459513
RushFieldCuts,22,faster,cache-references,22045739974.0,76812.0,-22045663162.0,-0.9999965157894409
Skater227,22,faster,cache-references,90447.0,68407.0,-22040.0,-0.24367861841741573
Tango,22,faster,cache-references,86943852426.0,69378.0,-86943783048.0,-0.9999992020367391
TimeLapse,22,faster,cache-references,80025170787.0,68418.0,-80025102369.0,-0.9999991450439989
ToddlerFountain,22,faster,cache-references,22917686586.0,69279.0,-22917617307.0,-0.9999969770509017
TreesAndGrass_1920_1080,22,faster,cache-references,22426718974.0,69065.0,-22426649909.0,-0.999996920414436
TunnelFlag,22,faster,cache-references,21225072880.0,68376.0,-21225004504.0,-0.9999967785269626
Vertical_Carnaby,22,faster,cache-references,18804715158.0,68830.0,-18804646328.0,-0.9999963397478014
Vertical_bees,22,faster,cache-references,19692184399.0,68135.0,-19692116264.0,-0.9999965399978682
WalkingInStreet,22,faster,cache-references,15274251514.0,62458.0,-15274189056.0,-0.999995910896194
WorldCup_1920x1080_30p,22,faster,cache-references,13828264916.0,61604.0,-13828203312.0,-0.9999955450665449
WorldCup_far_1920x1080_30p,22,faster,cache-references,20905660175.0,69424.0,-20905590751.0,-0.9999966791768632
Aerial3200,27,faster,cache-references,20356340345.0,66114.0,-20356274231.0,-0.9999967521667019
Boat,27,faster,cache-references,21027920065.0,70161.0,-21027849904.0,-0.9999966634360515
BoxingPractice,27,faster,cache-references,73246157129.0,69843.0,-73246087286.0,-0.9999990464619205
Crosswalk,27,faster,cache-references,71413383521.0,70810.0,-71413312711.0,-0.9999990084491659
CrowdRun,27,faster,cache-references,21962698026.0,68894.0,-21962629132.0,-0.9999968631358535
DinnerSceneCropped,27,faster,cache-references,20470530816.0,68567.0,-20470462249.0,-0.9999966504532484
FoodMarket,27,faster,cache-references,20156324729.0,69364.0,-20156255365.0,-0.99999655869803
FoodMarket2,27,faster,cache-references,80030026516.0,69243.0,-80029957273.0,-0.9999991347872416
MeridianTalk_sdr,27,faster,cache-references,17460749863.0,69155.0,-17460680708.0,-0.9999960394026292
Motorcycle,27,faster,cache-references,20452795669.0,69678.0,-20452725991.0,-0.9999965932285675
MountainBike,27,faster,cache-references,21072790181.0,67926.0,-21072722255.0,-0.9999967766015123
Neon1224,27,faster,cache-references,69063013096.0,68872.0,-69062944224.0,-0.9999990027657799
NocturneDance_3840x2160p_8bit,27,faster,cache-references,55451632264.0,62465.0,-55451569799.0,-0.99999887352279
OldTownCross,27,faster,cache-references,21737113427.0,69186.0,-21737044241.0,-0.9999968171486876
PedestrianArea,27,faster,cache-references,18781663864.0,69087.0,-18781594777.0,-0.9999963215719065
PierSeaSide,27,faster,cache-references,68408535430.0,69336.0,-68408466094.0,-0.9999989864422683
RitualDance,27,faster,cache-references,16377141158.0,68048.0,-16377073110.0,-0.9999958449402528
Riverbed,27,faster,cache-references,21056505013.0,69071.0,-21056435942.0,-0.9999967197310305
RushFieldCuts,27,faster,cache-references,21023790626.0,70207.0,-21023720419.0,-0.9999966605926948
Skater227,27,faster,cache-references,88532.0,66748.0,-21784.0,-0.2460579225590747
Tango,27,faster,cache-references,76688384885.0,68404.0,-76688316481.0,-0.9999991080265923
TimeLapse,27,faster,cache-references,72415565454.0,75805.0,-72415489649.0,-0.9999989531946685
ToddlerFountain,27,faster,cache-references,20365816096.0,68200.0,-20365747896.0,-0.9999966512513087
TreesAndGrass_1920_1080,27,faster,cache-references,21709456479.0,68863.0,-21709387616.0,-0.9999968279721758
TunnelFlag,27,faster,cache-references,19538474810.0,68192.0,-19538406618.0,-0.9999965098606384
Vertical_Carnaby,27,faster,cache-references,17666932329.0,61815.0,-17666870514.0,-0.9999965010903507
Vertical_bees,27,faster,cache-references,18297895969.0,69029.0,-18297826940.0,-0.9999962274897553
WalkingInStreet,27,faster,cache-references,14950676219.0,62921.0,-14950613298.0,-0.9999957914278205
WorldCup_1920x1080_30p,27,faster,cache-references,12644923448.0,69657.0,-12644853791.0,-0.9999944913071015
WorldCup_far_1920x1080_30p,27,faster,cache-references,19603621916.0,74262.0,-19603547654.0,-0.9999962118224724
Aerial3200,32,faster,cache-references,20437351467.0,69009.0,-20437282458.0,-0.999996623388304
Boat,32,faster,cache-references,20026954250.0,69161.0,-20026885089.0,-0.9999965466041847
BoxingPractice,32,faster,cache-references,63312804723.0,68292.0,-63312736431.0,-0.9999989213556357
Crosswalk,32,faster,cache-references,62679569328.0,68906.0,-62679500422.0,-0.9999989006625167
CrowdRun,32,faster,cache-references,20613508489.0,69820.0,-20613438669.0,-0.9999966129007084
DinnerSceneCropped,32,faster,cache-references,16870324731.0,68594.0,-16870256137.0,-0.9999959340438851
FoodMarket,32,faster,cache-references,18695130205.0,67781.0,-18695062424.0,-0.9999963744034271
FoodMarket2,32,faster,cache-references,72886703357.0,68979.0,-72886634378.0,-0.9999990536133915
MeridianTalk_sdr,32,faster,cache-references,15930160746.0,70992.0,-15930089754.0,-0.9999955435477939
Motorcycle,32,faster,cache-references,19434895858.0,59378.0,-19434836480.0,-0.9999969447739554
MountainBike,32,faster,cache-references,20011588234.0,69833.0,-20011518401.0,-0.9999965103719314
Neon1224,32,faster,cache-references,63286445470.0,70305.0,-63286375165.0,-0.9999988890986138
NocturneDance_3840x2160p_8bit,32,faster,cache-references,51326779457.0,63184.0,-51326716273.0,-0.99999876898569
OldTownCross,32,faster,cache-references,18659476392.0,69420.0,-18659406972.0,-0.9999962796383702
PedestrianArea,32,faster,cache-references,17518598023.0,68832.0,-17518529191.0,-0.9999960709184657
PierSeaSide,32,faster,cache-references,63493548657.0,70526.0,-63493478131.0,-0.9999988892414822
RitualDance,32,faster,cache-references,15186463725.0,68355.0,-15186395370.0,-0.9999954989521433
Riverbed,32,faster,cache-references,19430927747.0,68996.0,-19430858751.0,-0.9999964491659432
RushFieldCuts,32,faster,cache-references,20102246945.0,69451.0,-20102177494.0,-0.9999965451125842
Skater227,32,faster,cache-references,88786.0,70378.0,-18408.0,-0.20732998445700898
Tango,32,faster,cache-references,65453804513.0,69279.0,-65453735234.0,-0.9999989415588518
TimeLapse,32,faster,cache-references,67169375348.0,76717.0,-67169298631.0,-0.9999988578574744
ToddlerFountain,32,faster,cache-references,19508098192.0,74490.0,-19508023702.0,-0.9999961815857565
TreesAndGrass_1920_1080,32,faster,cache-references,21025039383.0,69728.0,-21024969655.0,-0.9999966835733941
TunnelFlag,32,faster,cache-references,18313374106.0,68506.0,-18313305600.0,-0.9999962592365774
Vertical_Carnaby,32,faster,cache-references,12283416389.0,63089.0,-12283353300.0,-0.9999948638881886
Vertical_bees,32,faster,cache-references,17216333297.0,68610.0,-17216264687.0,-0.9999960148308692
WalkingInStreet,32,faster,cache-references,14844386618.0,62432.0,-14844324186.0,-0.9999957942351134
WorldCup_1920x1080_30p,32,faster,cache-references,15395178427.0,70836.0,-15395107591.0,-0.9999953988191604
WorldCup_far_1920x1080_30p,32,faster,cache-references,18803283942.0,70514.0,-18803213428.0,-0.9999962499103764
Aerial3200,37,faster,cache-references,19573558164.0,68743.0,-19573489421.0,-0.9999964879660905
Boat,37,faster,cache-references,18968027722.0,68646.0,-18967959076.0,-0.9999963809626912
BoxingPractice,37,faster,cache-references,59245845121.0,70987.0,-59245774134.0,-0.9999988018231514
Crosswalk,37,faster,cache-references,57383819730.0,61144.0,-57383758586.0,-0.9999989344731618
CrowdRun,37,faster,cache-references,19138459727.0,70213.0,-19138389514.0,-0.9999963313139615
DinnerSceneCropped,37,faster,cache-references,13805843628.0,68028.0,-13805775600.0,-0.9999950725213299
FoodMarket,37,faster,cache-references,16670796967.0,67817.0,-16670729150.0,-0.9999959319881266
FoodMarket2,37,faster,cache-references,67651300921.0,69255.0,-67651231666.0,-0.9999989762946306
MeridianTalk_sdr,37,faster,cache-references,14245822752.0,69000.0,-14245753752.0,-0.9999951564749049
Motorcycle,37,faster,cache-references,18313113685.0,68850.0,-18313044835.0,-0.9999962403990286
MountainBike,37,faster,cache-references,18726450616.0,69913.0,-18726380703.0,-0.9999962666176611
Neon1224,37,faster,cache-references,58550383511.0,69269.0,-58550314242.0,-0.9999988169334538
NocturneDance_3840x2160p_8bit,37,faster,cache-references,46860242684.0,62280.0,-46860180404.0,-0.9999986709415822
OldTownCross,37,faster,cache-references,16783128046.0,68519.0,-16783059527.0,-0.9999959173879975
PedestrianArea,37,faster,cache-references,15473820375.0,68802.0,-15473751573.0,-0.9999955536513716
PierSeaSide,37,faster,cache-references,58477471035.0,68749.0,-58477402286.0,-0.9999988243506639
RitualDance,37,faster,cache-references,14647538428.0,70264.0,-14647468164.0,-0.9999952030165106
Riverbed,37,faster,cache-references,17959937596.0,68653.0,-17959868943.0,-0.9999961774366067
RushFieldCuts,37,faster,cache-references,18472716886.0,68843.0,-18472648043.0,-0.9999962732606998
Skater227,37,faster,cache-references,89813.0,58145.0,-31668.0,-0.35259928963513076
Tango,37,faster,cache-references,59226007466.0,69926.0,-59225937540.0,-0.9999988193362512
TimeLapse,37,faster,cache-references,62108893455.0,67908.0,-62108825547.0,-0.9999989066300135
ToddlerFountain,37,faster,cache-references,18215461473.0,70005.0,-18215391468.0,-0.9999961568363172
TreesAndGrass_1920_1080,37,faster,cache-references,19938925536.0,68349.0,-19938857187.0,-0.9999965720820876
TunnelFlag,37,faster,cache-references,16409865011.0,68530.0,-16409796481.0,-0.9999958238535201
Vertical_Carnaby,37,faster,cache-references,11400181154.0,63238.0,-11400117916.0,-0.999994452895165
Vertical_bees,37,faster,cache-references,16015304697.0,68457.0,-16015236240.0,-0.9999957255262204
WalkingInStreet,37,faster,cache-references,14428611042.0,61562.0,-14428549480.0,-0.9999957333384467
WorldCup_1920x1080_30p,37,faster,cache-references,14492202885.0,71076.0,-14492131809.0,-0.9999950955696271
WorldCup_far_1920x1080_30p,37,faster,cache-references,17760420845.0,85553.0,-17760335292.0,-0.9999951829407228
Aerial3200,22,superfast,cache-references,20393480390.0,69573.0,-20393410817.0,-0.9999965884685366
Boat,22,superfast,cache-references,22118881170.0,68644.0,-22118812526.0,-0.9999968965880565
BoxingPractice,22,superfast,cache-references,83564862843.0,68057.0,-83564794786.0,-0.9999991855787507
Crosswalk,22,superfast,cache-references,83978878141.0,68255.0,-83978809886.0,-0.9999991872361061
CrowdRun,22,superfast,cache-references,23644339911.0,70012.0,-23644269899.0,-0.9999970389530745
DinnerSceneCropped,22,superfast,cache-references,22991326147.0,68276.0,-22991257871.0,-0.9999970303583376
FoodMarket,22,superfast,cache-references,22544381129.0,68659.0,-22544312470.0,-0.9999969544961289
FoodMarket2,22,superfast,cache-references,85324220423.0,68994.0,-85324151429.0,-0.9999991913902095
MeridianTalk_sdr,22,superfast,cache-references,20657340397.0,69939.0,-20657270458.0,-0.9999966143269823
Motorcycle,22,superfast,cache-references,21469495930.0,68800.0,-21469427130.0,-0.9999967954534087
MountainBike,22,superfast,cache-references,22017206159.0,69607.0,-22017136552.0,-0.9999968385180437
Neon1224,22,superfast,cache-references,76289738512.0,64095.0,-76289674417.0,-0.9999991598476905
NocturneDance_3840x2160p_8bit,22,superfast,cache-references,62026255153.0,62397.0,-62026192756.0,-0.9999989940227756
OldTownCross,22,superfast,cache-references,23982952546.0,69452.0,-23982883094.0,-0.9999971041096851
PedestrianArea,22,superfast,cache-references,21104738589.0,69473.0,-21104669116.0,-0.9999967081800276
PierSeaSide,22,superfast,cache-references,78398983939.0,69008.0,-78398914931.0,-0.9999991197845108
RitualDance,22,superfast,cache-references,17806576681.0,69788.0,-17806506893.0,-0.9999960807739044
Riverbed,22,superfast,cache-references,22595836004.0,68699.0,-22595767305.0,-0.9999969596610637
RushFieldCuts,22,superfast,cache-references,21968910192.0,68827.0,-21968841365.0,-0.9999968670726314
Skater227,22,superfast,cache-references,87978.0,69687.0,-18291.0,-0.2079042487894701
Tango,22,superfast,cache-references,84638217545.0,68066.0,-84638149479.0,-0.9999991958006446
TimeLapse,22,superfast,cache-references,80502352509.0,69902.0,-80502282607.0,-0.9999991316775495
ToddlerFountain,22,superfast,cache-references,22277116056.0,68364.0,-22277047692.0,-0.9999969312006174
TreesAndGrass_1920_1080,22,superfast,cache-references,22403456148.0,74627.0,-22403381521.0,-0.9999966689514552
TunnelFlag,22,superfast,cache-references,21406748688.0,67836.0,-21406680852.0,-0.9999968310928021
Vertical_Carnaby,22,superfast,cache-references,13329021477.0,62323.0,-13328959154.0,-0.999995324262917
Vertical_bees,22,superfast,cache-references,18836253303.0,69691.0,-18836183612.0,-0.9999963001665523
WalkingInStreet,22,superfast,cache-references,15359314971.0,62964.0,-15359252007.0,-0.9999959005984239
WorldCup_1920x1080_30p,22,superfast,cache-references,18545980680.0,70388.0,-18545910292.0,-0.9999962046763008
WorldCup_far_1920x1080_30p,22,superfast,cache-references,21426357160.0,71416.0,-21426285744.0,-0.9999966669089166
Aerial3200,27,superfast,cache-references,20566234841.0,70376.0,-20566164465.0,-0.9999965780805021
Boat,27,superfast,cache-references,21400799170.0,68357.0,-21400730813.0,-0.9999968058669465
BoxingPractice,27,superfast,cache-references,76128615728.0,68690.0,-76128547038.0,-0.9999990977111649
Crosswalk,27,superfast,cache-references,72672307861.0,68652.0,-72672239209.0,-0.9999990553210429
CrowdRun,27,superfast,cache-references,22180987828.0,69072.0,-22180918756.0,-0.9999968859817906
DinnerSceneCropped,27,superfast,cache-references,20721339683.0,69362.0,-20721270321.0,-0.9999966526295567
FoodMarket,27,superfast,cache-references,20497653126.0,67789.0,-20497585337.0,-0.9999966928409031
FoodMarket2,27,superfast,cache-references,80563674393.0,68920.0,-80563605473.0,-0.9999991445275986
MeridianTalk_sdr,27,superfast,cache-references,18139097292.0,69332.0,-18139027960.0,-0.9999961777590757
Motorcycle,27,superfast,cache-references,20534778116.0,70253.0,-20534707863.0,-0.9999965788283856
MountainBike,27,superfast,cache-references,21197274886.0,68195.0,-21197206691.0,-0.9999967828411733
Neon1224,27,superfast,cache-references,69362038038.0,71958.0,-69361966080.0,-0.9999989625737358
NocturneDance_3840x2160p_8bit,27,superfast,cache-references,57518650600.0,69734.0,-57518580866.0,-0.9999987876280255
OldTownCross,27,superfast,cache-references,22458918199.0,68119.0,-22458850080.0,-0.9999969669509726
PedestrianArea,27,superfast,cache-references,18927064778.0,69792.0,-18926994986.0,-0.9999963125819656
PierSeaSide,27,superfast,cache-references,69772220952.0,68319.0,-69772152633.0,-0.9999990208280736
RitualDance,27,superfast,cache-references,16778137784.0,68755.0,-16778069029.0,-0.9999959021077973
Riverbed,27,superfast,cache-references,21068593891.0,69169.0,-21068524722.0,-0.9999967169617319
RushFieldCuts,27,superfast,cache-references,21290901358.0,67537.0,-21290833821.0,-0.9999968278938095
Skater227,27,superfast,cache-references,89056.0,69144.0,-19912.0,-0.2235896514552641
Tango,27,superfast,cache-references,76941069656.0,69534.0,-76941000122.0,-0.9999990962693875
TimeLapse,27,superfast,cache-references,73512064217.0,69396.0,-73511994821.0,-0.9999990559916833
ToddlerFountain,27,superfast,cache-references,21108408817.0,68575.0,-21108340242.0,-0.999996751294681
TreesAndGrass_1920_1080,27,superfast,cache-references,21994841543.0,68241.0,-21994773302.0,-0.9999968974088826
TunnelFlag,27,superfast,cache-references,19989163945.0,68629.0,-19989095316.0,-0.9999965666898231
Vertical_Carnaby,27,superfast,cache-references,12611352380.0,68306.0,-12611284074.0,-0.9999945837688187
Vertical_bees,27,superfast,cache-references,18052538708.0,69042.0,-18052469666.0,-0.99999617549636
WalkingInStreet,27,superfast,cache-references,15315585133.0,62318.0,-15315522815.0,-0.9999959310728608
WorldCup_1920x1080_30p,27,superfast,cache-references,17058444819.0,77979.0,-17058366840.0,-0.9999954287157576
WorldCup_far_1920x1080_30p,27,superfast,cache-references,20529235325.0,70524.0,-20529164801.0,-0.9999965647039998
Aerial3200,32,superfast,cache-references,20011344086.0,68575.0,-20011275511.0,-0.9999965731936993
Boat,32,superfast,cache-references,20262128559.0,70350.0,-20262058209.0,-0.9999965280054465
BoxingPractice,32,superfast,cache-references,66446259394.0,69296.0,-66446190098.0,-0.9999989571120989
Crosswalk,32,superfast,cache-references,63344931415.0,69134.0,-63344862281.0,-0.9999989086103899
CrowdRun,32,superfast,cache-references,20824328430.0,68734.0,-20824259696.0,-0.9999966993413386
DinnerSceneCropped,32,superfast,cache-references,17030990695.0,67901.0,-17030922794.0,-0.9999960130915919
FoodMarket,32,superfast,cache-references,18566136198.0,70291.0,-18566065907.0,-0.9999962140210946
FoodMarket2,32,superfast,cache-references,73975734362.0,68752.0,-73975665610.0,-0.9999990706141603
MeridianTalk_sdr,32,superfast,cache-references,15949755613.0,69129.0,-15949686484.0,-0.9999956658270084
Motorcycle,32,superfast,cache-references,19343378961.0,74040.0,-19343304921.0,-0.9999961723336884
MountainBike,32,superfast,cache-references,20252548608.0,69300.0,-20252479308.0,-0.9999965782084348
Neon1224,32,superfast,cache-references,64364710667.0,69277.0,-64364641390.0,-0.9999989236803944
NocturneDance_3840x2160p_8bit,32,superfast,cache-references,53615203850.0,61860.0,-53615141990.0,-0.9999988462227958
OldTownCross,32,superfast,cache-references,18904928731.0,66801.0,-18904861930.0,-0.9999964664770257
PedestrianArea,32,superfast,cache-references,17094420518.0,68888.0,-17094351630.0,-0.9999959701471057
PierSeaSide,32,superfast,cache-references,63935918894.0,69039.0,-63935849855.0,-0.999998920184441
RitualDance,32,superfast,cache-references,15705742911.0,69965.0,-15705672946.0,-0.9999955452600748
Riverbed,32,superfast,cache-references,19959568073.0,69387.0,-19959498686.0,-0.9999965236221673
RushFieldCuts,32,superfast,cache-references,20040900921.0,67807.0,-20040833114.0,-0.9999966165692716
Skater227,32,superfast,cache-references,91537.0,69177.0,-22360.0,-0.244272807717098
Tango,32,superfast,cache-references,66519647842.0,68937.0,-66519578905.0,-0.9999989636595767
TimeLapse,32,superfast,cache-references,68889239060.0,72649.0,-68889166411.0,-0.9999989454231025
ToddlerFountain,32,superfast,cache-references,19601424454.0,68435.0,-19601356019.0,-0.9999965086721039
TreesAndGrass_1920_1080,32,superfast,cache-references,21147902306.0,67238.0,-21147835068.0,-0.999996820583005
TunnelFlag,32,superfast,cache-references,18296993102.0,68108.0,-18296924994.0,-0.99999627763974
Vertical_Carnaby,32,superfast,cache-references,11583004930.0,62390.0,-11582942540.0,-0.9999946136602396
Vertical_bees,32,superfast,cache-references,16626036588.0,65390.0,-16625971198.0,-0.9999960670121436
WalkingInStreet,32,superfast,cache-references,15083179819.0,61262.0,-15083118557.0,-0.9999959383896012
WorldCup_1920x1080_30p,32,superfast,cache-references,15841926328.0,76010.0,-15841850318.0,-0.9999952019723848
WorldCup_far_1920x1080_30p,32,superfast,cache-references,19339050744.0,69031.0,-19338981713.0,-0.99999643048664
Aerial3200,37,superfast,cache-references,19033667442.0,68900.0,-19033598542.0,-0.9999963800985695
Boat,37,superfast,cache-references,19361909401.0,67232.0,-19361842169.0,-0.999996527615195
BoxingPractice,37,superfast,cache-references,61757176265.0,68485.0,-61757107780.0,-0.9999988910600494
Crosswalk,37,superfast,cache-references,59126077872.0,68929.0,-59126008943.0,-0.9999988342030711
CrowdRun,37,superfast,cache-references,19150419245.0,67240.0,-19150352005.0,-0.9999964888497145
DinnerSceneCropped,37,superfast,cache-references,14118647471.0,67318.0,-14118580153.0,-0.9999952319795407
FoodMarket,37,superfast,cache-references,16657265131.0,70278.0,-16657194853.0,-0.9999957809400615
FoodMarket2,37,superfast,cache-references,69957723847.0,68242.0,-69957655605.0,-0.9999990245251525
MeridianTalk_sdr,37,superfast,cache-references,14717643035.0,68390.0,-14717574645.0,-0.9999953531961716
Motorcycle,37,superfast,cache-references,18252234336.0,70169.0,-18252164167.0,-0.9999961555939558
MountainBike,37,superfast,cache-references,19019493730.0,63854.0,-19019429876.0,-0.9999966427076921
Neon1224,37,superfast,cache-references,60178177005.0,61520.0,-60178115485.0,-0.9999989777024985
NocturneDance_3840x2160p_8bit,37,superfast,cache-references,49174410631.0,68459.0,-49174342172.0,-0.9999986078328317
OldTownCross,37,superfast,cache-references,16765557206.0,69018.0,-16765488188.0,-0.9999958833458887
PedestrianArea,37,superfast,cache-references,15763128797.0,69091.0,-15763059706.0,-0.9999956169234617
PierSeaSide,37,superfast,cache-references,59628190366.0,68216.0,-59628122150.0,-0.9999988559773559
RitualDance,37,superfast,cache-references,14635653308.0,69828.0,-14635583480.0,-0.9999952289113079
Riverbed,37,superfast,cache-references,18098821036.0,69604.0,-18098751432.0,-0.9999961542246392
RushFieldCuts,37,superfast,cache-references,18386067429.0,70142.0,-18385997287.0,-0.9999961850460807
Skater227,37,superfast,cache-references,89031.0,71563.0,-17468.0,-0.1962013231346385
Tango,37,superfast,cache-references,62462484081.0,67513.0,-62462416568.0,-0.9999989191432106
TimeLapse,37,superfast,cache-references,63566453164.0,75761.0,-63566377403.0,-0.9999988081606535
ToddlerFountain,37,superfast,cache-references,18247740755.0,68437.0,-18247672318.0,-0.9999962495631147
TreesAndGrass_1920_1080,37,superfast,cache-references,19958361352.0,75766.0,-19958285586.0,-0.9999962037965611
TunnelFlag,37,superfast,cache-references,16739743126.0,68375.0,-16739674751.0,-0.9999959154092458
Vertical_Carnaby,37,superfast,cache-references,10774873381.0,61827.0,-10774811554.0,-0.9999942619279305
Vertical_bees,37,superfast,cache-references,15734307779.0,68935.0,-15734238844.0,-0.9999956188094851
WalkingInStreet,37,superfast,cache-references,14658999696.0,61970.0,-14658937726.0,-0.999995772562843
WorldCup_1920x1080_30p,37,superfast,cache-references,14675765326.0,70259.0,-14675695067.0,-0.999995212583573
WorldCup_far_1920x1080_30p,37,superfast,cache-references,18287867782.0,71340.0,-18287796442.0,-0.9999960990531619
Aerial3200,22,veryfast,cache-references,21054306567.0,69475.0,-21054237092.0,-0.9999967002000385
Boat,22,veryfast,cache-references,21844191266.0,69052.0,-21844122214.0,-0.9999968388850309
BoxingPractice,22,veryfast,cache-references,82177092713.0,68911.0,-82177023802.0,-0.999999161432977
Crosswalk,22,veryfast,cache-references,83411663719.0,68785.0,-83411594934.0,-0.999999175355137
CrowdRun,22,veryfast,cache-references,23259668400.0,69348.0,-23259599052.0,-0.9999970185301524
DinnerSceneCropped,22,veryfast,cache-references,22731433241.0,68021.0,-22731365220.0,-0.9999970076237922
FoodMarket,22,veryfast,cache-references,22400070145.0,74996.0,-22399995149.0,-0.99999665197477
FoodMarket2,22,veryfast,cache-references,84864621820.0,68760.0,-84864553060.0,-0.9999991897683802
MeridianTalk_sdr,22,veryfast,cache-references,20387802679.0,69581.0,-20387733098.0,-0.9999965871260824
Motorcycle,22,veryfast,cache-references,21920486040.0,69461.0,-21920416579.0,-0.9999968312290214
MountainBike,22,veryfast,cache-references,22090759712.0,69527.0,-22090690185.0,-0.9999968526659605
Neon1224,22,veryfast,cache-references,74579240987.0,69374.0,-74579171613.0,-0.9999990697947702
NocturneDance_3840x2160p_8bit,22,veryfast,cache-references,60380833972.0,62164.0,-60380771808.0,-0.9999989704680126
OldTownCross,22,veryfast,cache-references,24003904451.0,69223.0,-24003835228.0,-0.9999971161774893
PedestrianArea,22,veryfast,cache-references,20656401419.0,68502.0,-20656332917.0,-0.999996683739892
PierSeaSide,22,veryfast,cache-references,77564427202.0,69001.0,-77564358201.0,-0.9999991104040539
RitualDance,22,veryfast,cache-references,17992433797.0,69200.0,-17992364597.0,-0.9999961539388845
Riverbed,22,veryfast,cache-references,22325195075.0,68834.0,-22325126241.0,-0.9999969167570645
RushFieldCuts,22,veryfast,cache-references,22314258686.0,69420.0,-22314189266.0,-0.9999968889847081
Skater227,22,veryfast,cache-references,89405.0,69232.0,-20173.0,-0.22563615010346177
Tango,22,veryfast,cache-references,85749973845.0,68600.0,-85749905245.0,-0.999999199999756
TimeLapse,22,veryfast,cache-references,78489061237.0,70526.0,-78488990711.0,-0.999999101454408
ToddlerFountain,22,veryfast,cache-references,22327508265.0,69440.0,-22327438825.0,-0.9999968899350892
TreesAndGrass_1920_1080,22,veryfast,cache-references,22359937062.0,68344.0,-22359868718.0,-0.9999969434618796
TunnelFlag,22,veryfast,cache-references,21638826330.0,69531.0,-21638756799.0,-0.9999967867480917
Vertical_Carnaby,22,veryfast,cache-references,13866382039.0,61773.0,-13866320266.0,-0.9999955451249052
Vertical_bees,22,veryfast,cache-references,19693919130.0,70591.0,-19693848539.0,-0.9999964155940961
WalkingInStreet,22,veryfast,cache-references,15185131112.0,63252.0,-15185067860.0,-0.9999958346095577
WorldCup_1920x1080_30p,22,veryfast,cache-references,17972533976.0,68725.0,-17972465251.0,-0.9999961761096074
WorldCup_far_1920x1080_30p,22,veryfast,cache-references,21415352960.0,71340.0,-21415281620.0,-0.9999966687450759
Aerial3200,27,veryfast,cache-references,20755855363.0,56382.0,-20755798981.0,-0.999997283561722
Boat,27,veryfast,cache-references,21104211586.0,68690.0,-21104142896.0,-0.9999967451994253
BoxingPractice,27,veryfast,cache-references,72740172703.0,69286.0,-72740103417.0,-0.9999990474864517
Crosswalk,27,veryfast,cache-references,71578129748.0,68669.0,-71578061079.0,-0.999999040642718
CrowdRun,27,veryfast,cache-references,22030256725.0,70189.0,-22030186536.0,-0.9999968139726706
DinnerSceneCropped,27,veryfast,cache-references,20580756791.0,68474.0,-20580688317.0,-0.9999966729114631
FoodMarket,27,veryfast,cache-references,19999715253.0,67565.0,-19999647688.0,-0.999996621701902
FoodMarket2,27,veryfast,cache-references,79101179407.0,68465.0,-79101110942.0,-0.9999991344629686
MeridianTalk_sdr,27,veryfast,cache-references,17609689270.0,70047.0,-17609619223.0,-0.9999960222466776
Motorcycle,27,veryfast,cache-references,21165051451.0,69066.0,-21164982385.0,-0.9999967367903565
MountainBike,27,veryfast,cache-references,20917597259.0,68583.0,-20917528676.0,-0.9999967212773461
Neon1224,27,veryfast,cache-references,68051963933.0,68429.0,-68051895504.0,-0.9999989944595858
NocturneDance_3840x2160p_8bit,27,veryfast,cache-references,56167224818.0,62259.0,-56167162559.0,-0.9999988915421725
OldTownCross,27,veryfast,cache-references,21941974369.0,68862.0,-21941905507.0,-0.9999968616315541
PedestrianArea,27,veryfast,cache-references,18901264113.0,67964.0,-18901196149.0,-0.9999964042616624
PierSeaSide,27,veryfast,cache-references,69194211877.0,68738.0,-69194143139.0,-0.9999990065932086
RitualDance,27,veryfast,cache-references,16305204494.0,69834.0,-16305134660.0,-0.9999957170730348
Riverbed,27,veryfast,cache-references,20570408781.0,69865.0,-20570338916.0,-0.9999966036163528
RushFieldCuts,27,veryfast,cache-references,20934327067.0,68615.0,-20934258452.0,-0.9999967223689694
Skater227,27,veryfast,cache-references,91839.0,68856.0,-22983.0,-0.25025316042204293
Tango,27,veryfast,cache-references,75950993928.0,70583.0,-75950923345.0,-0.9999990706770728
TimeLapse,27,veryfast,cache-references,73254515774.0,69481.0,-73254446293.0,-0.999999051512398
ToddlerFountain,27,veryfast,cache-references,20784410488.0,68900.0,-20784341588.0,-0.999996685015433
TreesAndGrass_1920_1080,27,veryfast,cache-references,21707693267.0,68301.0,-21707624966.0,-0.9999968536039662
TunnelFlag,27,veryfast,cache-references,19986301420.0,68851.0,-19986232569.0,-0.9999965550904816
Vertical_Carnaby,27,veryfast,cache-references,12788909290.0,62029.0,-12788847261.0,-0.9999951497818467
Vertical_bees,27,veryfast,cache-references,18346860851.0,68194.0,-18346792657.0,-0.9999962830698639
WalkingInStreet,27,veryfast,cache-references,15182680019.0,61517.0,-15182618502.0,-0.9999959482120467
WorldCup_1920x1080_30p,27,veryfast,cache-references,16468179985.0,65903.0,-16468114082.0,-0.9999959981612989
WorldCup_far_1920x1080_30p,27,veryfast,cache-references,20324761593.0,70024.0,-20324691569.0,-0.9999965547443359
Aerial3200,32,veryfast,cache-references,20438925323.0,64624.0,-20438860699.0,-0.9999968381899255
Boat,32,veryfast,cache-references,20266064232.0,68180.0,-20265996052.0,-0.9999966357552597
BoxingPractice,32,veryfast,cache-references,64242895474.0,69386.0,-64242826088.0,-0.9999989199428281
Crosswalk,32,veryfast,cache-references,61921528377.0,68537.0,-61921459840.0,-0.999998893163625
CrowdRun,32,veryfast,cache-references,20960506525.0,69045.0,-20960437480.0,-0.9999967059479256
DinnerSceneCropped,32,veryfast,cache-references,16762924803.0,68314.0,-16762856489.0,-0.999995924696865
FoodMarket,32,veryfast,cache-references,18165728900.0,68563.0,-18165660337.0,-0.999996225695078
FoodMarket2,32,veryfast,cache-references,71924478889.0,67870.0,-71924411019.0,-0.9999990563713349
MeridianTalk_sdr,32,veryfast,cache-references,15727033320.0,69426.0,-15726963894.0,-0.9999955855628594
Motorcycle,32,veryfast,cache-references,19211228946.0,69467.0,-19211159479.0,-0.9999963840418437
MountainBike,32,veryfast,cache-references,19941014348.0,69240.0,-19940945108.0,-0.9999965277593812
Neon1224,32,veryfast,cache-references,63546256610.0,68543.0,-63546188067.0,-0.999998921368407
NocturneDance_3840x2160p_8bit,32,veryfast,cache-references,50944721169.0,61191.0,-50944659978.0,-0.9999987988745723
OldTownCross,32,veryfast,cache-references,19107824895.0,69014.0,-19107755881.0,-0.9999963881812619
PedestrianArea,32,veryfast,cache-references,17216752872.0,69338.0,-17216683534.0,-0.9999959726435922
PierSeaSide,32,veryfast,cache-references,61695412826.0,69040.0,-61695343786.0,-0.9999988809540801
RitualDance,32,veryfast,cache-references,15549553976.0,69294.0,-15549484682.0,-0.9999955436663902
Riverbed,32,veryfast,cache-references,19458185839.0,69547.0,-19458116292.0,-0.9999964258230147
RushFieldCuts,32,veryfast,cache-references,19616525205.0,54743.0,-19616470462.0,-0.9999972093426625
Skater227,32,veryfast,cache-references,89314.0,70782.0,-18532.0,-0.2074926663233088
Tango,32,veryfast,cache-references,64348810642.0,68795.0,-64348741847.0,-0.9999989309048712
TimeLapse,32,veryfast,cache-references,67191066365.0,68239.0,-67190998126.0,-0.9999989844036761
ToddlerFountain,32,veryfast,cache-references,19241313397.0,69144.0,-19241244253.0,-0.9999964064823137
TreesAndGrass_1920_1080,32,veryfast,cache-references,20809173217.0,68457.0,-20809104760.0,-0.9999967102489231
TunnelFlag,32,veryfast,cache-references,18047855836.0,69591.0,-18047786245.0,-0.9999961440848911
Vertical_Carnaby,32,veryfast,cache-references,12031764299.0,62190.0,-12031702109.0,-0.9999948311819901
Vertical_bees,32,veryfast,cache-references,17319086202.0,69029.0,-17319017173.0,-0.9999960142816315
WalkingInStreet,32,veryfast,cache-references,14797093353.0,62380.0,-14797030973.0,-0.9999957843071938
WorldCup_1920x1080_30p,32,veryfast,cache-references,15527057390.0,68260.0,-15526989130.0,-0.9999956038032007
WorldCup_far_1920x1080_30p,32,veryfast,cache-references,19287902024.0,72485.0,-19287829539.0,-0.9999962419448258
Aerial3200,37,veryfast,cache-references,19586262176.0,69176.0,-19586193000.0,-0.9999964681367288
Boat,37,veryfast,cache-references,19214729406.0,68579.0,-19214660827.0,-0.9999964309151302
BoxingPractice,37,veryfast,cache-references,58704095629.0,68636.0,-58704026993.0,-0.999998830814115
Crosswalk,37,veryfast,cache-references,57116766614.0,68923.0,-57116697691.0,-0.9999987932965382
CrowdRun,37,veryfast,cache-references,19317875781.0,69525.0,-19317806256.0,-0.9999964010018084
DinnerSceneCropped,37,veryfast,cache-references,14019813353.0,68612.0,-14019744741.0,-0.9999951060689417
FoodMarket,37,veryfast,cache-references,16563111373.0,67892.0,-16563043481.0,-0.9999959010116837
FoodMarket2,37,veryfast,cache-references,66399296522.0,69550.0,-66399226972.0,-0.9999989525491437
MeridianTalk_sdr,37,veryfast,cache-references,14703111547.0,69588.0,-14703041959.0,-0.9999952671242561
Motorcycle,37,veryfast,cache-references,18086653022.0,77282.0,-18086575740.0,-0.9999957271254164
MountainBike,37,veryfast,cache-references,18624862675.0,70111.0,-18624792564.0,-0.9999962356232514
Neon1224,37,veryfast,cache-references,58169590041.0,82670.0,-58169507371.0,-0.999998578810682
NocturneDance_3840x2160p_8bit,37,veryfast,cache-references,46605608447.0,62601.0,-46605545846.0,-0.9999986567925603
OldTownCross,37,veryfast,cache-references,16773091736.0,68871.0,-16773022865.0,-0.999995893959141
PedestrianArea,37,veryfast,cache-references,15364878361.0,71360.0,-15364807001.0,-0.9999953556417224
PierSeaSide,37,veryfast,cache-references,58298545091.0,69742.0,-58298475349.0,-0.9999988037094255
RitualDance,37,veryfast,cache-references,14422612161.0,69354.0,-14422542807.0,-0.9999951913010469
Riverbed,37,veryfast,cache-references,18061859810.0,70143.0,-18061789667.0,-0.9999961165128765
RushFieldCuts,37,veryfast,cache-references,18175499832.0,69494.0,-18175430338.0,-0.9999961765012989
Skater227,37,veryfast,cache-references,89921.0,70226.0,-19695.0,-0.21902558912823478
Tango,37,veryfast,cache-references,58867530748.0,68537.0,-58867462211.0,-0.9999988357418915
TimeLapse,37,veryfast,cache-references,61725643294.0,72988.0,-61725570306.0,-0.9999988175416876
ToddlerFountain,37,veryfast,cache-references,18085923362.0,68677.0,-18085854685.0,-0.9999962027374204
TreesAndGrass_1920_1080,37,veryfast,cache-references,19747275287.0,69471.0,-19747205816.0,-0.9999964819956683
TunnelFlag,37,veryfast,cache-references,16535113871.0,67642.0,-16535046229.0,-0.9999959091905548
Vertical_Carnaby,37,veryfast,cache-references,11539255780.0,62445.0,-11539193335.0,-0.9999945884724986
Vertical_bees,37,veryfast,cache-references,16307414267.0,67939.0,-16307346328.0,-0.999995833858214
WalkingInStreet,37,veryfast,cache-references,14330554454.0,62865.0,-14330491589.0,-0.999995613219279
WorldCup_1920x1080_30p,37,veryfast,cache-references,14489051363.0,72211.0,-14488979152.0,-0.9999950161678504
WorldCup_far_1920x1080_30p,37,veryfast,cache-references,18013065191.0,70496.0,-18012994695.0,-0.9999960863962212
Aerial3200,22,fast,cycles,610551073915.0,3896954.0,-610547176961.0,-0.9999936173169347
Boat,22,fast,cycles,615381740365.0,2096471.0,-615379643894.0,-0.9999965932187088
BoxingPractice,22,fast,cycles,1751450458505.0,4773974.0,-1751445684531.0,-0.99999727427403
Crosswalk,22,fast,cycles,1712028138214.0,3105160.0,-1712025033054.0,-0.999998186268128
CrowdRun,22,fast,cycles,736022027234.0,2481291.0,-736019545943.0,-0.9999966287816013
DinnerSceneCropped,22,fast,cycles,606739361797.0,4562686.0,-606734799111.0,-0.9999924799901122
FoodMarket,22,fast,cycles,576273647170.0,5028258.0,-576268618912.0,-0.9999912745307291
FoodMarket2,22,fast,cycles,1828413872471.0,2562327.0,-1828411310144.0,-0.999998598606673
MeridianTalk_sdr,22,fast,cycles,434448472201.0,2306687.0,-434446165514.0,-0.9999946905395056
Motorcycle,22,fast,cycles,542884909120.0,2410544.0,-542882498576.0,-0.999995559751322
MountainBike,22,fast,cycles,564389995490.0,2458680.0,-564387536810.0,-0.9999956436506323
Neon1224,22,fast,cycles,1413855255540.0,2356595.0,-1413852898945.0,-0.9999983332133959
NocturneDance_3840x2160p_8bit,22,fast,cycles,1340211297722.0,2363963.0,-1340208933759.0,-0.9999982361266436
OldTownCross,22,fast,cycles,727555886978.0,2372362.0,-727553514616.0,-0.9999967392717969
PedestrianArea,22,fast,cycles,458808469802.0,2425181.0,-458806044621.0,-0.99999471417561
PierSeaSide,22,fast,cycles,1613277828780.0,2245606.0,-1613275583174.0,-0.9999986080475664
RitualDance,22,fast,cycles,338470156657.0,2901288.0,-338467255369.0,-0.999991428230989
Riverbed,22,fast,cycles,539247849097.0,2387397.0,-539245461700.0,-0.9999955727278208
RushFieldCuts,22,fast,cycles,554213073096.0,2537106.0,-554210535990.0,-0.9999954221469627
Skater227,22,fast,cycles,2077173.0,4879741.0,2802568.0,1.3492222361835051
Tango,22,fast,cycles,1999335727515.0,2691267.0,-1999333036248.0,-0.9999986539194179
TimeLapse,22,fast,cycles,1672303363034.0,2794889.0,-1672300568145.0,-0.9999983287189025
ToddlerFountain,22,fast,cycles,613218714440.0,2645936.0,-613216068504.0,-0.9999956851675631
TreesAndGrass_1920_1080,22,fast,cycles,689923878580.0,2859085.0,-689921019495.0,-0.9999958559413744
TunnelFlag,22,fast,cycles,489426169163.0,2569813.0,-489423599350.0,-0.9999947493347068
Vertical_Carnaby,22,fast,cycles,277360720630.0,2366478.0,-277358354152.0,-0.9999914678690096
Vertical_bees,22,fast,cycles,383726969578.0,2773385.0,-383724196193.0,-0.9999927725043589
WalkingInStreet,22,fast,cycles,548771809224.0,1512720.0,-548770296504.0,-0.999997243444407
WorldCup_1920x1080_30p,22,fast,cycles,334309762469.0,3119584.0,-334306642885.0,-0.999990668582404
WorldCup_far_1920x1080_30p,22,fast,cycles,480575108865.0,3464256.0,-480571644609.0,-0.9999927914368928
Aerial3200,27,fast,cycles,509499854584.0,2716136.0,-509497138448.0,-0.9999946690151615
Boat,27,fast,cycles,522565723596.0,1634730.0,-522564088866.0,-0.9999968717236394
BoxingPractice,27,fast,cycles,1338899727434.0,5101634.0,-1338894625800.0,-0.9999961896817996
Crosswalk,27,fast,cycles,1246211969405.0,2754681.0,-1246209214724.0,-0.9999977895566182
CrowdRun,27,fast,cycles,597210503492.0,2585753.0,-597207917739.0,-0.9999956702821118
DinnerSceneCropped,27,fast,cycles,427067862690.0,3875175.0,-427063987515.0,-0.9999909260908194
FoodMarket,27,fast,cycles,420253390550.0,1602649.0,-420251787901.0,-0.9999961864697917
FoodMarket2,27,fast,cycles,1466367268096.0,2348407.0,-1466364919689.0,-0.9999983984864835
MeridianTalk_sdr,27,fast,cycles,314903311657.0,2297987.0,-314901013670.0,-0.9999927025632473
Motorcycle,27,fast,cycles,470999640741.0,3036701.0,-470996604040.0,-0.9999935526468869
MountainBike,27,fast,cycles,488033694290.0,2448675.0,-488031245615.0,-0.9999949825697925
Neon1224,27,fast,cycles,1210503893105.0,2793597.0,-1210501099508.0,-0.999997692203209
NocturneDance_3840x2160p_8bit,27,fast,cycles,1121078782648.0,2399577.0,-1121076383071.0,-0.9999978595821836
OldTownCross,27,fast,cycles,541082616144.0,2421105.0,-541080195039.0,-0.9999955254430142
PedestrianArea,27,fast,cycles,341447065945.0,2269150.0,-341444796795.0,-0.9999933543139586
PierSeaSide,27,fast,cycles,1271218402025.0,5530765.0,-1271212871260.0,-0.9999956492409241
RitualDance,27,fast,cycles,289504823746.0,2712877.0,-289502110869.0,-0.9999906292511299
Riverbed,27,fast,cycles,419199178023.0,1577511.0,-419197600512.0,-0.9999962368461517
RushFieldCuts,27,fast,cycles,469134137312.0,2481289.0,-469131656023.0,-0.9999947109178321
Skater227,27,fast,cycles,5719395.0,2296666.0,-3422729.0,-0.5984424926062984
Tango,27,fast,cycles,1412142274192.0,2300342.0,-1412139973850.0,-0.9999983710267428
TimeLapse,27,fast,cycles,1358395949832.0,2356660.0,-1358393593172.0,-0.9999982651155576
ToddlerFountain,27,fast,cycles,494040354294.0,2392852.0,-494037961442.0,-0.999995156565695
TreesAndGrass_1920_1080,27,fast,cycles,611733281504.0,2428467.0,-611730853037.0,-0.9999960301865642
TunnelFlag,27,fast,cycles,397457642966.0,1551755.0,-397456091211.0,-0.9999960957978102
Vertical_Carnaby,27,fast,cycles,240848726561.0,2344816.0,-240846381745.0,-0.9999902643620604
Vertical_bees,27,fast,cycles,333967180055.0,2450402.0,-333964729653.0,-0.999992662746083
WalkingInStreet,27,fast,cycles,489958272790.0,2817629.0,-489955455161.0,-0.9999942492470145
WorldCup_1920x1080_30p,27,fast,cycles,286502663787.0,3223411.0,-286499440376.0,-0.9999887491063525
WorldCup_far_1920x1080_30p,27,fast,cycles,410929363816.0,2760585.0,-410926603231.0,-0.9999932820936076
Aerial3200,32,fast,cycles,431929734132.0,4239149.0,-431925494983.0,-0.9999901855587494
Boat,32,fast,cycles,436773709353.0,2808222.0,-436770901131.0,-0.9999935705333451
BoxingPractice,32,fast,cycles,1100636301287.0,2503277.0,-1100633798010.0,-0.9999977256092707
Crosswalk,32,fast,cycles,1036669387209.0,3515077.0,-1036665872132.0,-0.9999966092593807
CrowdRun,32,fast,cycles,476669003903.0,2890964.0,-476666112939.0,-0.9999939350702975
DinnerSceneCropped,32,fast,cycles,295279851910.0,3949796.0,-295275902114.0,-0.999986623550593
FoodMarket,32,fast,cycles,328533178528.0,5911141.0,-328527267387.0,-0.9999820074763027
FoodMarket2,32,fast,cycles,1238774786833.0,2701854.0,-1238772084979.0,-0.9999978189304233
MeridianTalk_sdr,32,fast,cycles,261697384684.0,2343457.0,-261695041227.0,-0.999991045164617
Motorcycle,32,fast,cycles,403779438583.0,2607951.0,-403776830632.0,-0.9999935411495713
MountainBike,32,fast,cycles,415269615500.0,2506214.0,-415267109286.0,-0.9999939648510113
Neon1224,32,fast,cycles,1047700745754.0,2919359.0,-1047697826395.0,-0.999997213556436
NocturneDance_3840x2160p_8bit,32,fast,cycles,939760342610.0,2330512.0,-939758012098.0,-0.9999975200996527
OldTownCross,32,fast,cycles,377250098105.0,2382434.0,-377247715671.0,-0.9999936847359034
PedestrianArea,32,fast,cycles,282708372460.0,2780851.0,-282705591609.0,-0.9999901635350386
PierSeaSide,32,fast,cycles,1069940868900.0,2456063.0,-1069938412837.0,-0.9999977044871624
RitualDance,32,fast,cycles,255178118886.0,2462588.0,-255175656298.0,-0.9999903495330604
Riverbed,32,fast,cycles,344882881844.0,2449459.0,-344880432385.0,-0.9999928977078048
RushFieldCuts,32,fast,cycles,387950245282.0,2248718.0,-387947996564.0,-0.9999942035917561
Skater227,32,fast,cycles,1936380.0,2333383.0,397003.0,0.20502329088298785
Tango,32,fast,cycles,1114713660490.0,2307289.0,-1114711353201.0,-0.9999979301509601
TimeLapse,32,fast,cycles,1167722601576.0,2885960.0,-1167719715616.0,-0.9999975285568712
ToddlerFountain,32,fast,cycles,397254140906.0,2864336.0,-397251276570.0,-0.9999927896635804
TreesAndGrass_1920_1080,32,fast,cycles,524205069439.0,2676839.0,-524202392600.0,-0.999994893527064
TunnelFlag,32,fast,cycles,326785020449.0,1565328.0,-326783455121.0,-0.9999952099150755
Vertical_Carnaby,32,fast,cycles,213159393494.0,2366745.0,-213157026749.0,-0.9999888968299205
Vertical_bees,32,fast,cycles,293435459991.0,2438133.0,-293433021858.0,-0.9999916910757818
WalkingInStreet,32,fast,cycles,415371181107.0,2375419.0,-415368805688.0,-0.999994281213748
WorldCup_1920x1080_30p,32,fast,cycles,254215077552.0,4456122.0,-254210621430.0,-0.9999824710554428
WorldCup_far_1920x1080_30p,32,fast,cycles,350357921534.0,2683836.0,-350355237698.0,-0.9999923397307866
Aerial3200,37,fast,cycles,371284122800.0,3019996.0,-371281102804.0,-0.9999918660782551
Boat,37,fast,cycles,367372265348.0,2631765.0,-367369633583.0,-0.9999928362447352
BoxingPractice,37,fast,cycles,963181749416.0,2921401.0,-963178828015.0,-0.9999969669265414
Crosswalk,37,fast,cycles,937901663302.0,2597129.0,-937899066173.0,-0.9999972309154557
CrowdRun,37,fast,cycles,387782798156.0,2303353.0,-387780494803.0,-0.9999940601981033
DinnerSceneCropped,37,fast,cycles,236234172656.0,3992868.0,-236230179788.0,-0.9999830978390843
FoodMarket,37,fast,cycles,280752947776.0,4718820.0,-280748228956.0,-0.9999831922690843
FoodMarket2,37,fast,cycles,1094797785734.0,2269065.0,-1094795516669.0,-0.9999979274117745
MeridianTalk_sdr,37,fast,cycles,233856942761.0,2320644.0,-233854622117.0,-0.9999900766512527
Motorcycle,37,fast,cycles,344650413529.0,2473733.0,-344647939796.0,-0.999992822486488
MountainBike,37,fast,cycles,354327977498.0,3425772.0,-354324551726.0,-0.99999033163561
Neon1224,37,fast,cycles,934910317539.0,2671060.0,-934907646479.0,-0.9999971429772997
NocturneDance_3840x2160p_8bit,37,fast,cycles,818064022929.0,2373472.0,-818061649457.0,-0.9999970986720679
OldTownCross,37,fast,cycles,300147314837.0,2663365.0,-300144651472.0,-0.9999911264740068
PedestrianArea,37,fast,cycles,250867183938.0,1803323.0,-250865380615.0,-0.9999928116425126
PierSeaSide,37,fast,cycles,941721554164.0,2585709.0,-941718968455.0,-0.999997254274378
RitualDance,37,fast,cycles,229284323865.0,1548363.0,-229282775502.0,-0.9999932469740019
Riverbed,37,fast,cycles,300265625085.0,2545887.0,-300263079198.0,-0.999991521217258
RushFieldCuts,37,fast,cycles,327101965084.0,2402525.0,-327099562559.0,-0.9999926551190257
Skater227,37,fast,cycles,2563110.0,2552412.0,-10698.0,-0.004173835691796295
Tango,37,fast,cycles,979915430503.0,2387811.0,-979913042692.0,-0.9999975632478828
TimeLapse,37,fast,cycles,1007619688250.0,2425804.0,-1007617262446.0,-0.9999975925400939
ToddlerFountain,37,fast,cycles,322847223852.0,2396352.0,-322844827500.0,-0.9999925774427564
TreesAndGrass_1920_1080,37,fast,cycles,442256771772.0,3986358.0,-442252785414.0,-0.9999909863268254
TunnelFlag,37,fast,cycles,279846298531.0,2289823.0,-279844008708.0,-0.9999918175691013
Vertical_Carnaby,37,fast,cycles,193759328250.0,2337869.0,-193756990381.0,-0.9999879341602744
Vertical_bees,37,fast,cycles,264149922161.0,3092149.0,-264146830012.0,-0.9999882939621004
WalkingInStreet,37,fast,cycles,348210408019.0,2315122.0,-348208092897.0,-0.9999933513704741
WorldCup_1920x1080_30p,37,fast,cycles,230026393059.0,5197125.0,-230021195934.0,-0.9999774063970187
WorldCup_far_1920x1080_30p,37,fast,cycles,304679235247.0,2961986.0,-304676273261.0,-0.9999902783463481
Aerial3200,22,faster,cycles,605394059543.0,3794350.0,-605390265193.0,-0.9999937324294149
Boat,22,faster,cycles,618144854345.0,2309179.0,-618142545166.0,-0.9999962643400107
BoxingPractice,22,faster,cycles,1745692181826.0,3665173.0,-1745688516653.0,-0.9999979004471474
Crosswalk,22,faster,cycles,1708483899355.0,2548085.0,-1708481351270.0,-0.9999985085694978
CrowdRun,22,faster,cycles,736093974928.0,1568592.0,-736092406336.0,-0.9999978690329585
DinnerSceneCropped,22,faster,cycles,607793621252.0,1609959.0,-607792011293.0,-0.9999973511419934
FoodMarket,22,faster,cycles,576708466316.0,4155320.0,-576704310996.0,-0.9999927947650455
FoodMarket2,22,faster,cycles,1828874716218.0,2598353.0,-1828872117865.0,-0.9999985792613475
MeridianTalk_sdr,22,faster,cycles,434692667615.0,1774753.0,-434690892862.0,-0.9999959172235185
Motorcycle,22,faster,cycles,542407751037.0,2726302.0,-542405024735.0,-0.999994973703833
MountainBike,22,faster,cycles,565069111161.0,2740201.0,-565066370960.0,-0.9999951506798976
Neon1224,22,faster,cycles,1415762170756.0,2400306.0,-1415759770450.0,-0.9999983045838845
NocturneDance_3840x2160p_8bit,22,faster,cycles,1340967075092.0,2347627.0,-1340964727465.0,-0.9999982493030265
OldTownCross,22,faster,cycles,727542886114.0,2315962.0,-727540570152.0,-0.9999968167347325
PedestrianArea,22,faster,cycles,460283105204.0,2241153.0,-460280864051.0,-0.9999951309249141
PierSeaSide,22,faster,cycles,1613897081621.0,2529624.0,-1613894551997.0,-0.9999984325989378
RitualDance,22,faster,cycles,337772593361.0,2487773.0,-337770105588.0,-0.9999926347695198
Riverbed,22,faster,cycles,538958322292.0,2050092.0,-538956272200.0,-0.99999619619567
RushFieldCuts,22,faster,cycles,552680845955.0,2399637.0,-552678446318.0,-0.9999956581867862
Skater227,22,faster,cycles,2293040.0,1735063.0,-557977.0,-0.2433350486690158
Tango,22,faster,cycles,2010696235489.0,2252032.0,-2010693983457.0,-0.9999988799740308
TimeLapse,22,faster,cycles,1674731318331.0,1611383.0,-1674729706948.0,-0.9999990378259591
ToddlerFountain,22,faster,cycles,615559768078.0,2423740.0,-615557344338.0,-0.9999960625431913
TreesAndGrass_1920_1080,22,faster,cycles,690565244940.0,2727714.0,-690562517226.0,-0.9999960500271047
TunnelFlag,22,faster,cycles,491996408633.0,5144767.0,-491991263866.0,-0.9999895430801735
Vertical_Carnaby,22,faster,cycles,323816882190.0,2451546.0,-323814430644.0,-0.9999924292211592
Vertical_bees,22,faster,cycles,382838603708.0,2459159.0,-382836144549.0,-0.999993576512462
WalkingInStreet,22,faster,cycles,549250238216.0,2454990.0,-549247783226.0,-0.9999955302886933
WorldCup_1920x1080_30p,22,faster,cycles,281028937961.0,1534411.0,-281027403550.0,-0.999994540024913
WorldCup_far_1920x1080_30p,22,faster,cycles,482967203784.0,4720087.0,-482962483697.0,-0.9999902268995431
Aerial3200,27,faster,cycles,512738039961.0,4065727.0,-512733974234.0,-0.9999920705571206
Boat,27,faster,cycles,522789745450.0,2736129.0,-522787009321.0,-0.9999947662917572
BoxingPractice,27,faster,cycles,1340730785401.0,2918959.0,-1340727866442.0,-0.9999978228597182
Crosswalk,27,faster,cycles,1245525228665.0,2763563.0,-1245522465102.0,-0.999997781206726
CrowdRun,27,faster,cycles,596548419646.0,1920895.0,-596546498751.0,-0.9999967799847644
DinnerSceneCropped,27,faster,cycles,428366716529.0,2395204.0,-428364321325.0,-0.9999944085198322
FoodMarket,27,faster,cycles,421179400189.0,4209194.0,-421175190995.0,-0.9999900061731459
FoodMarket2,27,faster,cycles,1468946536502.0,2658184.0,-1468943878318.0,-0.9999981904147401
MeridianTalk_sdr,27,faster,cycles,313482552301.0,2462688.0,-313480089613.0,-0.9999921440986685
Motorcycle,27,faster,cycles,471685264566.0,2331628.0,-471682932938.0,-0.9999950568139919
MountainBike,27,faster,cycles,488450298229.0,2621726.0,-488447676503.0,-0.9999946325634164
Neon1224,27,faster,cycles,1214187931554.0,2311788.0,-1214185619766.0,-0.9999980960212667
NocturneDance_3840x2160p_8bit,27,faster,cycles,1120420459913.0,2461519.0,-1120417998394.0,-0.9999978030399408
OldTownCross,27,faster,cycles,536926706845.0,2217104.0,-536924489741.0,-0.9999958707511254
PedestrianArea,27,faster,cycles,341765315280.0,2181961.0,-341763133319.0,-0.9999936156160311
PierSeaSide,27,faster,cycles,1273502033245.0,2518044.0,-1273499515201.0,-0.9999980227404949
RitualDance,27,faster,cycles,288895414482.0,2417968.0,-288892996514.0,-0.999991630299829
Riverbed,27,faster,cycles,422147646452.0,2522880.0,-422145123572.0,-0.9999940237023203
RushFieldCuts,27,faster,cycles,468161718716.0,3397635.0,-468158321081.0,-0.9999927426039674
Skater227,27,faster,cycles,2780630.0,1885091.0,-895539.0,-0.32206334535698744
Tango,27,faster,cycles,1411112608685.0,2213838.0,-1411110394847.0,-0.9999984311400902
TimeLapse,27,faster,cycles,1358991725269.0,2781085.0,-1358988944184.0,-0.9999979535673778
ToddlerFountain,27,faster,cycles,496395482741.0,4002077.0,-496391480664.0,-0.9999919377247797
TreesAndGrass_1920_1080,27,faster,cycles,610597418100.0,2423879.0,-610594994221.0,-0.9999960303156742
TunnelFlag,27,faster,cycles,400419303138.0,1608953.0,-400417694185.0,-0.9999959818295787
Vertical_Carnaby,27,faster,cycles,283332977849.0,2350515.0,-283330627334.0,-0.9999917040542974
Vertical_bees,27,faster,cycles,332740781459.0,2394387.0,-332738387072.0,-0.9999928040470738
WalkingInStreet,27,faster,cycles,489944046724.0,2347207.0,-489941699517.0,-0.9999952092345734
WorldCup_1920x1080_30p,27,faster,cycles,241931002296.0,3450245.0,-241927552051.0,-0.9999857387231597
WorldCup_far_1920x1080_30p,27,faster,cycles,412643006675.0,4507004.0,-412638499671.0,-0.9999890777162654
Aerial3200,32,faster,cycles,432773546342.0,4832477.0,-432768713865.0,-0.9999888337052002
Boat,32,faster,cycles,436780017300.0,2507900.0,-436777509400.0,-0.9999942582080208
BoxingPractice,32,faster,cycles,1102552563220.0,3547194.0,-1102549016026.0,-0.9999967827438634
Crosswalk,32,faster,cycles,1049906212447.0,2494983.0,-1049903717464.0,-0.9999976236134519
CrowdRun,32,faster,cycles,477263300081.0,3190948.0,-477260109133.0,-0.9999933140721287
DinnerSceneCropped,32,faster,cycles,296059947346.0,2415226.0,-296057532120.0,-0.9999918421048789
FoodMarket,32,faster,cycles,329006467217.0,7198764.0,-328999268453.0,-0.9999781196884642
FoodMarket2,32,faster,cycles,1246901463639.0,2824257.0,-1246898639382.0,-0.999997734979802
MeridianTalk_sdr,32,faster,cycles,261684446439.0,2407343.0,-261682039096.0,-0.9999908005881406
Motorcycle,32,faster,cycles,403630140371.0,3391116.0,-403626749255.0,-0.9999915984569515
MountainBike,32,faster,cycles,415658666084.0,2530248.0,-415656135836.0,-0.9999939126783429
Neon1224,32,faster,cycles,1047424445966.0,2763060.0,-1047421682906.0,-0.9999973620436198
NocturneDance_3840x2160p_8bit,32,faster,cycles,940165963520.0,2363365.0,-940163600155.0,-0.9999974862257391
OldTownCross,32,faster,cycles,377198391719.0,3041121.0,-377195350598.0,-0.9999919376087842
PedestrianArea,32,faster,cycles,284315849091.0,1708839.0,-284314140252.0,-0.9999939896456512
PierSeaSide,32,faster,cycles,1068791241165.0,2863132.0,-1068788378033.0,-0.9999973211494539
RitualDance,32,faster,cycles,257129734692.0,2986799.0,-257126747893.0,-0.9999883840777747
Riverbed,32,faster,cycles,347705271503.0,2633936.0,-347702637567.0,-0.9999924248027975
RushFieldCuts,32,faster,cycles,388518108384.0,2472185.0,-388515636199.0,-0.9999936368860378
Skater227,32,faster,cycles,1709007.0,2085753.0,376746.0,0.22044731238666665
Tango,32,faster,cycles,1112368327300.0,2763153.0,-1112365564147.0,-0.9999975159729632
TimeLapse,32,faster,cycles,1144730961489.0,1616799.0,-1144729344690.0,-0.9999985876166065
ToddlerFountain,32,faster,cycles,398023445232.0,5000109.0,-398018445123.0,-0.9999874376520783
TreesAndGrass_1920_1080,32,faster,cycles,524900695961.0,2338247.0,-524898357714.0,-0.9999955453535917
TunnelFlag,32,faster,cycles,327915674807.0,2219830.0,-327913454977.0,-0.9999932304852419
Vertical_Carnaby,32,faster,cycles,213542971732.0,2372642.0,-213540599090.0,-0.9999888891590262
Vertical_bees,32,faster,cycles,293148929428.0,2775092.0,-293146154336.0,-0.9999905335079837
WalkingInStreet,32,faster,cycles,414920329355.0,2680145.0,-414917649210.0,-0.999993540579214
WorldCup_1920x1080_30p,32,faster,cycles,259458903857.0,2508443.0,-259456395414.0,-0.9999903320219014
WorldCup_far_1920x1080_30p,32,faster,cycles,351052235366.0,4958536.0,-351047276830.0,-0.9999858752188407
Aerial3200,37,faster,cycles,372161498719.0,3141169.0,-372158357550.0,-0.9999915596615695
Boat,37,faster,cycles,367544660503.0,2839252.0,-367541821251.0,-0.9999922750829896
BoxingPractice,37,faster,cycles,978452566890.0,4378822.0,-978448188068.0,-0.9999955247478026
Crosswalk,37,faster,cycles,942381916258.0,4316226.0,-942377600032.0,-0.9999954198760338
CrowdRun,37,faster,cycles,388478793956.0,2372122.0,-388476421834.0,-0.9999938938185639
DinnerSceneCropped,37,faster,cycles,236286664511.0,4617501.0,-236282047010.0,-0.9999804580550089
FoodMarket,37,faster,cycles,281725150178.0,4405583.0,-281720744595.0,-0.9999843621238742
FoodMarket2,37,faster,cycles,1099287024940.0,2860091.0,-1099284164849.0,-0.9999973982309123
MeridianTalk_sdr,37,faster,cycles,232975127045.0,3041178.0,-232972085867.0,-0.999986946340416
Motorcycle,37,faster,cycles,344327774097.0,2823592.0,-344324950505.0,-0.9999917996972292
MountainBike,37,faster,cycles,353318332390.0,2924647.0,-353315407743.0,-0.9999917223457379
Neon1224,37,faster,cycles,930244443095.0,2251375.0,-930242191720.0,-0.9999975798027962
NocturneDance_3840x2160p_8bit,37,faster,cycles,818193932848.0,2343706.0,-818191589142.0,-0.9999971355128584
OldTownCross,37,faster,cycles,300749966820.0,2816926.0,-300747149894.0,-0.999990633661477
PedestrianArea,37,faster,cycles,250724060683.0,2444288.0,-250721616395.0,-0.9999902510832294
PierSeaSide,37,faster,cycles,943900880205.0,2554670.0,-943898325535.0,-0.9999972934975975
RitualDance,37,faster,cycles,231410714851.0,2712438.0,-231408002413.0,-0.999988278684495
Riverbed,37,faster,cycles,298823771545.0,2308613.0,-298821462932.0,-0.9999922743328348
RushFieldCuts,37,faster,cycles,327234246654.0,2296673.0,-327231949981.0,-0.99999298156283
Skater227,37,faster,cycles,2589221.0,2247125.0,-342096.0,-0.13212313664998082
Tango,37,faster,cycles,979149370156.0,2551102.0,-979146819054.0,-0.9999973945732105
TimeLapse,37,faster,cycles,1004646797858.0,3248012.0,-1004643549846.0,-0.9999967670110461
ToddlerFountain,37,faster,cycles,326656799170.0,2700841.0,-326654098329.0,-0.9999917318696354
TreesAndGrass_1920_1080,37,faster,cycles,440575078907.0,2755738.0,-440572323169.0,-0.999993745134185
TunnelFlag,37,faster,cycles,279423578878.0,2492959.0,-279421085919.0,-0.9999910782081812
Vertical_Carnaby,37,faster,cycles,194044663320.0,2365093.0,-194042298227.0,-0.9999878116050216
Vertical_bees,37,faster,cycles,262804718941.0,1544825.0,-262803174116.0,-0.9999941217760235
WalkingInStreet,37,faster,cycles,348292945719.0,2371559.0,-348290574160.0,-0.9999931909071684
WorldCup_1920x1080_30p,37,faster,cycles,234109111409.0,2416374.0,-234106695035.0,-0.9999896784282104
WorldCup_far_1920x1080_30p,37,faster,cycles,305910041011.0,3029143.0,-305907011868.0,-0.9999900979288225
Aerial3200,22,superfast,cycles,588892737451.0,4108790.0,-588888628661.0,-0.9999930228550317
Boat,22,superfast,cycles,595688019374.0,2436074.0,-595685583300.0,-0.9999959104868308
BoxingPractice,22,superfast,cycles,1687116272820.0,2328744.0,-1687113944076.0,-0.9999986196896814
Crosswalk,22,superfast,cycles,1635442680814.0,2342428.0,-1635440338386.0,-0.9999985677101206
CrowdRun,22,superfast,cycles,706467162701.0,1615023.0,-706465547678.0,-0.9999977139447023
DinnerSceneCropped,22,superfast,cycles,581744086214.0,3038493.0,-581741047721.0,-0.9999947769249882
FoodMarket,22,superfast,cycles,553663228496.0,4505564.0,-553658722932.0,-0.9999918622661428
FoodMarket2,22,superfast,cycles,1785226531336.0,2829291.0,-1785223702045.0,-0.999998415164154
MeridianTalk_sdr,22,superfast,cycles,420496944471.0,2283433.0,-420494661038.0,-0.9999945696799227
Motorcycle,22,superfast,cycles,528473097995.0,2478743.0,-528470619252.0,-0.9999953096136598
MountainBike,22,superfast,cycles,547423233668.0,1878300.0,-547421355368.0,-0.9999965688339763
Neon1224,22,superfast,cycles,1385755580621.0,2910487.0,-1385752670134.0,-0.9999978997111463
NocturneDance_3840x2160p_8bit,22,superfast,cycles,1314818838095.0,2521974.0,-1314816316121.0,-0.9999980818847989
OldTownCross,22,superfast,cycles,698011886501.0,2461767.0,-698009424734.0,-0.9999964731732401
PedestrianArea,22,superfast,cycles,445760958281.0,3009861.0,-445757948420.0,-0.9999932478137799
PierSeaSide,22,superfast,cycles,1571895662974.0,2368741.0,-1571893294233.0,-0.9999984930672844
RitualDance,22,superfast,cycles,332608415469.0,2760670.0,-332605654799.0,-0.9999916999394134
Riverbed,22,superfast,cycles,519040162110.0,2268504.0,-519037893606.0,-0.9999956294249163
RushFieldCuts,22,superfast,cycles,532926310224.0,2283137.0,-532924027087.0,-0.9999957158485964
Skater227,22,superfast,cycles,5539986.0,4510639.0,-1029347.0,-0.18580317711994218
Tango,22,superfast,cycles,1914638166755.0,2555255.0,-1914635611500.0,-0.999998665411019
TimeLapse,22,superfast,cycles,1619629039341.0,1703114.0,-1619627336227.0,-0.9999989484542703
ToddlerFountain,22,superfast,cycles,588068510589.0,2408945.0,-588066101644.0,-0.9999959036320486
TreesAndGrass_1920_1080,22,superfast,cycles,663549448775.0,5933877.0,-663543514898.0,-0.9999910573703121
TunnelFlag,22,superfast,cycles,477885510044.0,1753062.0,-477883756982.0,-0.9999963316276322
Vertical_Carnaby,22,superfast,cycles,273726012779.0,2318133.0,-273723694646.0,-0.9999915311921711
Vertical_bees,22,superfast,cycles,375864854024.0,2728469.0,-375862125555.0,-0.9999927408243394
WalkingInStreet,22,superfast,cycles,543843937283.0,2482572.0,-543841454711.0,-0.999995435138962
WorldCup_1920x1080_30p,22,superfast,cycles,326904040618.0,4620571.0,-326899420047.0,-0.999985865665682
WorldCup_far_1920x1080_30p,22,superfast,cycles,470373617390.0,2895035.0,-470370722355.0,-0.9999938452436681
Aerial3200,27,superfast,cycles,503643780085.0,3141916.0,-503640638169.0,-0.9999937616304931
Boat,27,superfast,cycles,505819621350.0,2073974.0,-505817547376.0,-0.999995899775508
BoxingPractice,27,superfast,cycles,1300205467977.0,2395636.0,-1300203072341.0,-0.9999981574942892
Crosswalk,27,superfast,cycles,1203957827545.0,2636568.0,-1203955190977.0,-0.9999978100827623
CrowdRun,27,superfast,cycles,573215995236.0,2369863.0,-573213625373.0,-0.9999958656718938
DinnerSceneCropped,27,superfast,cycles,412863628173.0,4076251.0,-412859551922.0,-0.9999901268827723
FoodMarket,27,superfast,cycles,406874849247.0,3367543.0,-406871481704.0,-0.999991723393554
FoodMarket2,27,superfast,cycles,1432375816784.0,2935036.0,-1432372881748.0,-0.9999979509316161
MeridianTalk_sdr,27,superfast,cycles,309201849311.0,2330376.0,-309199518935.0,-0.9999924632533563
Motorcycle,27,superfast,cycles,460085645629.0,2578132.0,-460083067497.0,-0.9999943964085285
MountainBike,27,superfast,cycles,473985749130.0,2534369.0,-473983214761.0,-0.9999946530692017
Neon1224,27,superfast,cycles,1191707800953.0,2857536.0,-1191704943417.0,-0.999997602150462
NocturneDance_3840x2160p_8bit,27,superfast,cycles,1104464478555.0,2386592.0,-1104462091963.0,-0.9999978391410078
OldTownCross,27,superfast,cycles,518414182597.0,2368164.0,-518411814433.0,-0.9999954319073832
PedestrianArea,27,superfast,cycles,335226721095.0,2710424.0,-335224010671.0,-0.999991914654085
PierSeaSide,27,superfast,cycles,1250970747507.0,2996953.0,-1250967750554.0,-0.9999976042980974
RitualDance,27,superfast,cycles,285477039686.0,2399970.0,-285474639716.0,-0.9999915931242574
Riverbed,27,superfast,cycles,406282147800.0,2567507.0,-406279580293.0,-0.9999936804828519
RushFieldCuts,27,superfast,cycles,454617577968.0,1708952.0,-454615869016.0,-0.9999962409020619
Skater227,27,superfast,cycles,2796393.0,3040074.0,243681.0,0.0871411850909368
Tango,27,superfast,cycles,1366321806524.0,2939248.0,-1366318867276.0,-0.999997848787902
TimeLapse,27,superfast,cycles,1321746380393.0,2313853.0,-1321744066540.0,-0.9999982493971352
ToddlerFountain,27,superfast,cycles,475966907152.0,3017894.0,-475963889258.0,-0.9999936594457416
TreesAndGrass_1920_1080,27,superfast,cycles,585996863903.0,5153010.0,-585991710893.0,-0.9999912064205162
TunnelFlag,27,superfast,cycles,390314118176.0,2661588.0,-390311456588.0,-0.9999931809076944
Vertical_Carnaby,27,superfast,cycles,238786996408.0,2416348.0,-238784580060.0,-0.999989880738749
Vertical_bees,27,superfast,cycles,328876127863.0,2871192.0,-328873256671.0,-0.9999912696855845
WalkingInStreet,27,superfast,cycles,485882833319.0,2361763.0,-485880471556.0,-0.9999951392334981
WorldCup_1920x1080_30p,27,superfast,cycles,283169296007.0,4596572.0,-283164699435.0,-0.9999837674067605
WorldCup_far_1920x1080_30p,27,superfast,cycles,403760808258.0,2385166.0,-403758423092.0,-0.9999940926262499
Aerial3200,32,superfast,cycles,427738717525.0,3871405.0,-427734846120.0,-0.9999909491359061
Boat,32,superfast,cycles,422698922379.0,2545262.0,-422696377117.0,-0.9999939785462767
BoxingPractice,32,superfast,cycles,1073334562551.0,3102651.0,-1073331459900.0,-0.9999971093346769
Crosswalk,32,superfast,cycles,1026842545202.0,2350847.0,-1026840194355.0,-0.9999977106061577
CrowdRun,32,superfast,cycles,460010739975.0,1897031.0,-460008842944.0,-0.9999958761158487
DinnerSceneCropped,32,superfast,cycles,287803161898.0,5545028.0,-287797616870.0,-0.9999807332624026
FoodMarket,32,superfast,cycles,317431022182.0,1869677.0,-317429152505.0,-0.9999941099739177
FoodMarket2,32,superfast,cycles,1223722971258.0,2623385.0,-1223720347873.0,-0.9999978562263996
MeridianTalk_sdr,32,superfast,cycles,257962585951.0,1751360.0,-257960834591.0,-0.999993210798405
Motorcycle,32,superfast,cycles,394657224704.0,2250841.0,-394654973863.0,-0.9999942967191296
MountainBike,32,superfast,cycles,404633305997.0,2437525.0,-404630868472.0,-0.9999939759654881
Neon1224,32,superfast,cycles,1038546280530.0,2524352.0,-1038543756178.0,-0.9999975693408687
NocturneDance_3840x2160p_8bit,32,superfast,cycles,932132462799.0,2324386.0,-932130138413.0,-0.9999975063780173
OldTownCross,32,superfast,cycles,363908753700.0,2205801.0,-363906547899.0,-0.9999939385876884
PedestrianArea,32,superfast,cycles,279739101887.0,3038398.0,-279736063489.0,-0.999989138458015
PierSeaSide,32,superfast,cycles,1058237390351.0,2524662.0,-1058234865689.0,-0.9999976142763212
RitualDance,32,superfast,cycles,253145330841.0,2701380.0,-253142629461.0,-0.9999893287385905
Riverbed,32,superfast,cycles,336138070719.0,2493362.0,-336135577357.0,-0.999992582327867
RushFieldCuts,32,superfast,cycles,377554247287.0,2725454.0,-377551521833.0,-0.9999927812916433
Skater227,32,superfast,cycles,2603152.0,2439794.0,-163358.0,-0.06275392293650159
Tango,32,superfast,cycles,1094747168548.0,2323833.0,-1094744844715.0,-0.9999978772879559
TimeLapse,32,superfast,cycles,1124686580725.0,2362784.0,-1124684217941.0,-0.9999978991622729
ToddlerFountain,32,superfast,cycles,384602380781.0,2419033.0,-384599961748.0,-0.9999937103015455
TreesAndGrass_1920_1080,32,superfast,cycles,504149586550.0,5373629.0,-504144212921.0,-0.9999893412012162
TunnelFlag,32,superfast,cycles,322441501982.0,1619964.0,-322439882018.0,-0.9999949759445045
Vertical_Carnaby,32,superfast,cycles,211505081556.0,2349836.0,-211502731720.0,-0.9999888899312361
Vertical_bees,32,superfast,cycles,289107445054.0,3138497.0,-289104306557.0,-0.9999891441847877
WalkingInStreet,32,superfast,cycles,411773169222.0,1522537.0,-411771646685.0,-0.9999963024861409
WorldCup_1920x1080_30p,32,superfast,cycles,250678363303.0,3748724.0,-250674614579.0,-0.9999850456818427
WorldCup_far_1920x1080_30p,32,superfast,cycles,345942717714.0,2949513.0,-345939768201.0,-0.9999914739844229
Aerial3200,37,superfast,cycles,368614472342.0,2404388.0,-368612067954.0,-0.9999934772284313
Boat,37,superfast,cycles,358019996864.0,1578002.0,-358018418862.0,-0.9999955924193793
BoxingPractice,37,superfast,cycles,961653278081.0,2044338.0,-961651233743.0,-0.999997874142327
Crosswalk,37,superfast,cycles,937555288679.0,3105852.0,-937552182827.0,-0.9999966872865659
CrowdRun,37,superfast,cycles,380778644637.0,1921212.0,-380776723425.0,-0.9999949545174682
DinnerSceneCropped,37,superfast,cycles,236126422513.0,5338494.0,-236121084019.0,-0.9999773913738954
FoodMarket,37,superfast,cycles,272823418124.0,2005076.0,-272821413048.0,-0.9999926506455575
FoodMarket2,37,superfast,cycles,1090913473581.0,2366108.0,-1090911107473.0,-0.9999978310763802
MeridianTalk_sdr,37,superfast,cycles,232265832002.0,1665240.0,-232264166762.0,-0.9999928304564402
Motorcycle,37,superfast,cycles,338198091920.0,2295926.0,-338195795994.0,-0.9999932112981863
MountainBike,37,superfast,cycles,346192143335.0,2860635.0,-346189282700.0,-0.9999917368575368
Neon1224,37,superfast,cycles,928232771247.0,2842976.0,-928229928271.0,-0.9999969372165172
NocturneDance_3840x2160p_8bit,37,superfast,cycles,814673753211.0,2231279.0,-814671521932.0,-0.9999972611379817
OldTownCross,37,superfast,cycles,294464463818.0,2781078.0,-294461682740.0,-0.9999905554715706
PedestrianArea,37,superfast,cycles,249624435313.0,2310046.0,-249622125267.0,-0.9999907459139683
PierSeaSide,37,superfast,cycles,934185088999.0,2926069.0,-934182162930.0,-0.9999968677845167
RitualDance,37,superfast,cycles,229148936568.0,2454812.0,-229146481756.0,-0.9999892872642712
Riverbed,37,superfast,cycles,291487939125.0,3006937.0,-291484932188.0,-0.9999896841803849
RushFieldCuts,37,superfast,cycles,319726362081.0,2427342.0,-319723934739.0,-0.9999924080642453
Skater227,37,superfast,cycles,2715625.0,2469105.0,-246520.0,-0.09077836593785961
Tango,37,superfast,cycles,981505324107.0,2445118.0,-981502878989.0,-0.9999975088082154
TimeLapse,37,superfast,cycles,991527727537.0,2370162.0,-991525357375.0,-0.9999976095857592
ToddlerFountain,37,superfast,cycles,316779239873.0,2562918.0,-316776676955.0,-0.9999919094508812
TreesAndGrass_1920_1080,37,superfast,cycles,425568959973.0,4398094.0,-425564561879.0,-0.9999896653787901
TunnelFlag,37,superfast,cycles,278268184665.0,2122434.0,-278266062231.0,-0.9999923727033238
Vertical_Carnaby,37,superfast,cycles,192749097926.0,2335826.0,-192746762100.0,-0.9999878815204578
Vertical_bees,37,superfast,cycles,260969923168.0,2825001.0,-260967098167.0,-0.9999891749939391
WalkingInStreet,37,superfast,cycles,346414867141.0,2505843.0,-346412361298.0,-0.9999927663526087
WorldCup_1920x1080_30p,37,superfast,cycles,229006303159.0,4496888.0,-229001806271.0,-0.9999803634749875
WorldCup_far_1920x1080_30p,37,superfast,cycles,301912034262.0,2651556.0,-301909382706.0,-0.9999912174550892
Aerial3200,22,veryfast,cycles,600111877418.0,4339284.0,-600107538134.0,-0.9999927692082705
Boat,22,veryfast,cycles,615460364730.0,1900612.0,-615458464118.0,-0.9999969118856243
BoxingPractice,22,veryfast,cycles,1737848323382.0,2937004.0,-1737845386378.0,-0.9999983099767912
Crosswalk,22,veryfast,cycles,1700669483777.0,2231580.0,-1700667252197.0,-0.9999986878226361
CrowdRun,22,veryfast,cycles,735896080626.0,2176864.0,-735893903762.0,-0.9999970418866776
DinnerSceneCropped,22,veryfast,cycles,606969589523.0,4359463.0,-606965230060.0,-0.9999928176582892
FoodMarket,22,veryfast,cycles,576294154012.0,4577975.0,-576289576037.0,-0.9999920561835165
FoodMarket2,22,veryfast,cycles,1836675492612.0,4892309.0,-1836670600303.0,-0.9999973363236894
MeridianTalk_sdr,22,veryfast,cycles,435460869094.0,2389111.0,-435458479983.0,-0.9999945136034727
Motorcycle,22,veryfast,cycles,544649187261.0,2406752.0,-544646780509.0,-0.9999955810968669
MountainBike,22,veryfast,cycles,566916521376.0,2887113.0,-566913634263.0,-0.9999949073401618
Neon1224,22,veryfast,cycles,1417008438085.0,2795636.0,-1417005642449.0,-0.9999980270858487
NocturneDance_3840x2160p_8bit,22,veryfast,cycles,1339900314249.0,2877888.0,-1339897436361.0,-0.9999978521626054
OldTownCross,22,veryfast,cycles,728589761963.0,1818147.0,-728587943816.0,-0.9999975045669114
PedestrianArea,22,veryfast,cycles,456709957750.0,1624323.0,-456708333427.0,-0.9999964434254773
PierSeaSide,22,veryfast,cycles,1615552442948.0,2443138.0,-1615549999810.0,-0.9999984877383519
RitualDance,22,veryfast,cycles,337393516865.0,2349996.0,-337391166869.0,-0.9999930348513456
Riverbed,22,veryfast,cycles,536215005633.0,2716766.0,-536212288867.0,-0.9999949334390655
RushFieldCuts,22,veryfast,cycles,553358555507.0,2883232.0,-553355672275.0,-0.9999947895772617
Skater227,22,veryfast,cycles,2964143.0,1758160.0,-1205983.0,-0.40685722652382156
Tango,22,veryfast,cycles,1999796459548.0,2994509.0,-1999793465039.0,-0.9999985025931085
TimeLapse,22,veryfast,cycles,1677170747224.0,2359772.0,-1677168387452.0,-0.9999985930043176
ToddlerFountain,22,veryfast,cycles,613207987807.0,2857171.0,-613205130636.0,-0.9999953406167943
TreesAndGrass_1920_1080,22,veryfast,cycles,691139419104.0,3482976.0,-691135936128.0,-0.999994960530533
TunnelFlag,22,veryfast,cycles,490576730948.0,2252816.0,-490574478132.0,-0.9999954078213297
Vertical_Carnaby,22,veryfast,cycles,277154724373.0,1710760.0,-277153013613.0,-0.9999938274189485
Vertical_bees,22,veryfast,cycles,383356537213.0,1635114.0,-383354902099.0,-0.9999957347434013
WalkingInStreet,22,veryfast,cycles,548789499061.0,2500350.0,-548786998711.0,-0.9999954438814804
WorldCup_1920x1080_30p,22,veryfast,cycles,330650424127.0,4485674.0,-330645938453.0,-0.9999864337872487
WorldCup_far_1920x1080_30p,22,veryfast,cycles,481013457021.0,2899865.0,-481010557156.0,-0.9999939713433009
Aerial3200,27,veryfast,cycles,509303627032.0,1610166.0,-509302016866.0,-0.9999968384949282
Boat,27,veryfast,cycles,522823904216.0,2701618.0,-522821202598.0,-0.9999948326425433
BoxingPractice,27,veryfast,cycles,1323473931936.0,2391927.0,-1323471540009.0,-0.9999981926905077
Crosswalk,27,veryfast,cycles,1242603403609.0,2249613.0,-1242601153996.0,-0.9999981895969434
CrowdRun,27,veryfast,cycles,597070896272.0,2069314.0,-597068826958.0,-0.9999965342239708
DinnerSceneCropped,27,veryfast,cycles,426808826478.0,3848169.0,-426804978309.0,-0.9999909838579681
FoodMarket,27,veryfast,cycles,420000746546.0,4505186.0,-419996241360.0,-0.9999892733857331
FoodMarket2,27,veryfast,cycles,1472194816014.0,5226360.0,-1472189589654.0,-0.9999964499535366
MeridianTalk_sdr,27,veryfast,cycles,315029819123.0,1727840.0,-315028091283.0,-0.9999945153128525
Motorcycle,27,veryfast,cycles,475419713334.0,2426285.0,-475417287049.0,-0.9999948965410311
MountainBike,27,veryfast,cycles,488091530958.0,2533351.0,-488088997607.0,-0.9999948096804814
Neon1224,27,veryfast,cycles,1214016304075.0,2801611.0,-1214013502464.0,-0.9999976922789335
NocturneDance_3840x2160p_8bit,27,veryfast,cycles,1121453799009.0,2350067.0,-1121451448942.0,-0.9999979044459949
OldTownCross,27,veryfast,cycles,539888936060.0,2946682.0,-539885989378.0,-0.9999945420589251
PedestrianArea,27,veryfast,cycles,342255765916.0,2619800.0,-342253146116.0,-0.999992345490534
PierSeaSide,27,veryfast,cycles,1276074084350.0,2443756.0,-1276071640594.0,-0.999998084941909
RitualDance,27,veryfast,cycles,291352184926.0,2501302.0,-291349683624.0,-0.9999914148507222
Riverbed,27,veryfast,cycles,422137893871.0,2478967.0,-422135414904.0,-0.999994127589501
RushFieldCuts,27,veryfast,cycles,468739636707.0,2412823.0,-468737223884.0,-0.9999948525304646
Skater227,27,veryfast,cycles,3556298.0,2248226.0,-1308072.0,-0.36781844491097204
Tango,27,veryfast,cycles,1413499204482.0,2340774.0,-1413496863708.0,-0.9999983439863337
TimeLapse,27,veryfast,cycles,1357178260505.0,2387868.0,-1357175872637.0,-0.9999982405642136
ToddlerFountain,27,veryfast,cycles,495312890229.0,2790521.0,-495310099708.0,-0.9999943661450065
TreesAndGrass_1920_1080,27,veryfast,cycles,612980812571.0,2647282.0,-612978165289.0,-0.999995681297121
TunnelFlag,27,veryfast,cycles,398292007540.0,2897510.0,-398289110030.0,-0.9999927251615771
Vertical_Carnaby,27,veryfast,cycles,240705662530.0,1502128.0,-240704160402.0,-0.9999937594820819
Vertical_bees,27,veryfast,cycles,333119143743.0,2394178.0,-333116749565.0,-0.9999928128477604
WalkingInStreet,27,veryfast,cycles,490408327271.0,1504601.0,-490406822670.0,-0.999996931942391
WorldCup_1920x1080_30p,27,veryfast,cycles,286680311391.0,4203343.0,-286676108048.0,-0.9999853378734674
WorldCup_far_1920x1080_30p,27,veryfast,cycles,411118333797.0,2653691.0,-411115680106.0,-0.9999935451893486
Aerial3200,32,veryfast,cycles,431960888319.0,1671110.0,-431959217209.0,-0.9999961313395607
Boat,32,veryfast,cycles,437253625298.0,1570666.0,-437252054632.0,-0.9999964078834134
BoxingPractice,32,veryfast,cycles,1078823399026.0,2330477.0,-1078821068549.0,-0.9999978397975033
Crosswalk,32,veryfast,cycles,1040671723939.0,2295889.0,-1040669428050.0,-0.9999977938393566
CrowdRun,32,veryfast,cycles,478925392388.0,2276930.0,-478923115458.0,-0.9999952457521857
DinnerSceneCropped,32,veryfast,cycles,294397897164.0,1962434.0,-294395934730.0,-0.9999933340760281
FoodMarket,32,veryfast,cycles,329926637556.0,5016818.0,-329921620738.0,-0.9999847941407909
FoodMarket2,32,veryfast,cycles,1250826980422.0,2821067.0,-1250824159355.0,-0.9999977446385119
MeridianTalk_sdr,32,veryfast,cycles,261422703949.0,2889961.0,-261419813988.0,-0.9999889452562599
Motorcycle,32,veryfast,cycles,403301229379.0,2383361.0,-403298846018.0,-0.9999940903701096
MountainBike,32,veryfast,cycles,416000345921.0,2147483.0,-415998198438.0,-0.9999948377855425
Neon1224,32,veryfast,cycles,1051345087390.0,2351742.0,-1051342735648.0,-0.9999977631112484
NocturneDance_3840x2160p_8bit,32,veryfast,cycles,940157014786.0,2376140.0,-940154638646.0,-0.9999974726136565
OldTownCross,32,veryfast,cycles,377864126273.0,2827508.0,-377861298765.0,-0.9999925171303561
PedestrianArea,32,veryfast,cycles,283293428568.0,3043860.0,-283290384708.0,-0.9999892554514399
PierSeaSide,32,veryfast,cycles,1070626174130.0,3221660.0,-1070622952470.0,-0.9999969908637787
RitualDance,32,veryfast,cycles,254643524271.0,2382477.0,-254641141794.0,-0.9999906438736
Riverbed,32,veryfast,cycles,345216108768.0,2528036.0,-345213580732.0,-0.9999926769465972
RushFieldCuts,32,veryfast,cycles,387930304188.0,1580242.0,-387928723946.0,-0.9999959264796203
Skater227,32,veryfast,cycles,2045669.0,1625180.0,-420489.0,-0.20555084913541732
Tango,32,veryfast,cycles,1114669311300.0,2502535.0,-1114666808765.0,-0.9999977549081377
TimeLapse,32,veryfast,cycles,1148369463288.0,2670540.0,-1148366792748.0,-0.9999976744940672
ToddlerFountain,32,veryfast,cycles,396881185419.0,2389039.0,-396878796380.0,-0.9999939804679895
TreesAndGrass_1920_1080,32,veryfast,cycles,527504009720.0,5208667.0,-527498801053.0,-0.9999901258248203
TunnelFlag,32,veryfast,cycles,326950518954.0,2288587.0,-326948230367.0,-0.9999930002038004
Vertical_Carnaby,32,veryfast,cycles,212846859247.0,1625151.0,-212845234096.0,-0.9999923646935371
Vertical_bees,32,veryfast,cycles,293113572942.0,2638311.0,-293110934631.0,-0.9999909990145679
WalkingInStreet,32,veryfast,cycles,414895737821.0,2328656.0,-414893409165.0,-0.9999943873706386
WorldCup_1920x1080_30p,32,veryfast,cycles,252367135708.0,4818087.0,-252362317621.0,-0.9999809084214294
WorldCup_far_1920x1080_30p,32,veryfast,cycles,350631234605.0,2768247.0,-350628466358.0,-0.9999921049617753
Aerial3200,37,veryfast,cycles,370471968735.0,4660016.0,-370467308719.0,-0.999987421407304
Boat,37,veryfast,cycles,368222655682.0,2157143.0,-368220498539.0,-0.9999941417428648
BoxingPractice,37,veryfast,cycles,959182658207.0,2676185.0,-959179982022.0,-0.999997209931834
Crosswalk,37,veryfast,cycles,938595563217.0,2576362.0,-938592986855.0,-0.9999972550882393
CrowdRun,37,veryfast,cycles,388151003677.0,2038622.0,-388148965055.0,-0.999994747863639
DinnerSceneCropped,37,veryfast,cycles,238289726958.0,4162684.0,-238285564274.0,-0.9999825309968116
FoodMarket,37,veryfast,cycles,282453359261.0,5059322.0,-282448299939.0,-0.9999820879382946
FoodMarket2,37,veryfast,cycles,1108053022823.0,2908254.0,-1108050114569.0,-0.9999973753476232
MeridianTalk_sdr,37,veryfast,cycles,233991088759.0,2449441.0,-233988639318.0,-0.9999895319047705
Motorcycle,37,veryfast,cycles,344215676801.0,2412450.0,-344213264351.0,-0.9999929914580811
MountainBike,37,veryfast,cycles,353251913002.0,2843582.0,-353249069420.0,-0.9999919502714767
Neon1224,37,veryfast,cycles,932644887663.0,2392294.0,-932642495369.0,-0.9999974349358136
NocturneDance_3840x2160p_8bit,37,veryfast,cycles,817116660026.0,2911589.0,-817113748437.0,-0.9999964367523728
OldTownCross,37,veryfast,cycles,300933398020.0,2748975.0,-300930649045.0,-0.9999908651714363
PedestrianArea,37,veryfast,cycles,250612730813.0,2867796.0,-250609863017.0,-0.9999885568622524
PierSeaSide,37,veryfast,cycles,942437421533.0,2339855.0,-942435081678.0,-0.9999975172303789
RitualDance,37,veryfast,cycles,229928912909.0,2821660.0,-229926091249.0,-0.9999877281201207
Riverbed,37,veryfast,cycles,298604809229.0,2226034.0,-298602583195.0,-0.9999925452171861
RushFieldCuts,37,veryfast,cycles,327009053559.0,3012542.0,-327006041017.0,-0.9999907875883949
Skater227,37,veryfast,cycles,2705231.0,2865101.0,159870.0,0.05909661688779997
Tango,37,veryfast,cycles,984022066147.0,2515734.0,-984019550413.0,-0.9999974434170873
TimeLapse,37,veryfast,cycles,1008886987726.0,3043423.0,-1008883944303.0,-0.999996983385615
ToddlerFountain,37,veryfast,cycles,323387727287.0,2412979.0,-323385314308.0,-0.9999925384336003
TreesAndGrass_1920_1080,37,veryfast,cycles,442972968999.0,5171684.0,-442967797315.0,-0.9999883250573693
TunnelFlag,37,veryfast,cycles,279818471034.0,1556910.0,-279816914124.0,-0.9999944359999029
Vertical_Carnaby,37,veryfast,cycles,194520287537.0,2354173.0,-194517933364.0,-0.9999878975451363
Vertical_bees,37,veryfast,cycles,263951986507.0,2378891.0,-263949607616.0,-0.999990987410129
WalkingInStreet,37,veryfast,cycles,347867219801.0,2377749.0,-347864842052.0,-0.9999931647799372
WorldCup_1920x1080_30p,37,veryfast,cycles,230764900052.0,4223143.0,-230760676909.0,-0.999981699370229
WorldCup_far_1920x1080_30p,37,veryfast,cycles,304864331803.0,2381788.0,-304861950015.0,-0.9999921873838572
Aerial3200,22,fast,dtlb-load-misses,44380696.0,,,
Boat,22,fast,dtlb-load-misses,24999367.0,,,
BoxingPractice,22,fast,dtlb-load-misses,68484347.0,,,
Crosswalk,22,fast,dtlb-load-misses,66810718.0,,,
CrowdRun,22,fast,dtlb-load-misses,24347964.0,,,
DinnerSceneCropped,22,fast,dtlb-load-misses,23746743.0,,,
FoodMarket,22,fast,dtlb-load-misses,22434051.0,,,
FoodMarket2,22,fast,dtlb-load-misses,81028032.0,,,
MeridianTalk_sdr,22,fast,dtlb-load-misses,16691061.0,,,
Motorcycle,22,fast,dtlb-load-misses,21273773.0,,,
MountainBike,22,fast,dtlb-load-misses,22528626.0,,,
Neon1224,22,fast,dtlb-load-misses,52139626.0,,,
NocturneDance_3840x2160p_8bit,22,fast,dtlb-load-misses,56521922.0,,,
OldTownCross,22,fast,dtlb-load-misses,28456362.0,,,
PedestrianArea,22,fast,dtlb-load-misses,19854566.0,,,
PierSeaSide,22,fast,dtlb-load-misses,78697593.0,,,
RitualDance,22,fast,dtlb-load-misses,17063505.0,,,
Riverbed,22,fast,dtlb-load-misses,21832220.0,,,
RushFieldCuts,22,fast,dtlb-load-misses,21837184.0,,,
Skater227,22,fast,dtlb-load-misses,,,,
Tango,22,fast,dtlb-load-misses,69370581.0,,,
TimeLapse,22,fast,dtlb-load-misses,59835340.0,,,
ToddlerFountain,22,fast,dtlb-load-misses,23204248.0,,,
TreesAndGrass_1920_1080,22,fast,dtlb-load-misses,23433432.0,,,
TunnelFlag,22,fast,dtlb-load-misses,20499073.0,,,
Vertical_Carnaby,22,fast,dtlb-load-misses,11072361.0,,,
Vertical_bees,22,fast,dtlb-load-misses,15016752.0,,,
WalkingInStreet,22,fast,dtlb-load-misses,20229536.0,,,
WorldCup_1920x1080_30p,22,fast,dtlb-load-misses,14326918.0,,,
WorldCup_far_1920x1080_30p,22,fast,dtlb-load-misses,20922137.0,,,
Aerial3200,27,fast,dtlb-load-misses,20167871.0,,,
Boat,27,fast,dtlb-load-misses,21044686.0,,,
BoxingPractice,27,fast,dtlb-load-misses,54125364.0,,,
Crosswalk,27,fast,dtlb-load-misses,44739589.0,,,
CrowdRun,27,fast,dtlb-load-misses,24826287.0,,,
DinnerSceneCropped,27,fast,dtlb-load-misses,18496763.0,,,
FoodMarket,27,fast,dtlb-load-misses,17055204.0,,,
FoodMarket2,27,fast,dtlb-load-misses,63025031.0,,,
MeridianTalk_sdr,27,fast,dtlb-load-misses,12747395.0,,,
Motorcycle,27,fast,dtlb-load-misses,18991117.0,,,
MountainBike,27,fast,dtlb-load-misses,19505083.0,,,
Neon1224,27,fast,dtlb-load-misses,47083856.0,,,
NocturneDance_3840x2160p_8bit,27,fast,dtlb-load-misses,47443396.0,,,
OldTownCross,27,fast,dtlb-load-misses,21908851.0,,,
PedestrianArea,27,fast,dtlb-load-misses,18662537.0,,,
PierSeaSide,27,fast,dtlb-load-misses,58563415.0,,,
RitualDance,27,fast,dtlb-load-misses,15351237.0,,,
Riverbed,27,fast,dtlb-load-misses,15464402.0,,,
RushFieldCuts,27,fast,dtlb-load-misses,19121429.0,,,
Skater227,27,fast,dtlb-load-misses,,,,
Tango,27,fast,dtlb-load-misses,56107431.0,,,
TimeLapse,27,fast,dtlb-load-misses,54065805.0,,,
ToddlerFountain,27,fast,dtlb-load-misses,21623907.0,,,
TreesAndGrass_1920_1080,27,fast,dtlb-load-misses,21820363.0,,,
TunnelFlag,27,fast,dtlb-load-misses,18016326.0,,,
Vertical_Carnaby,27,fast,dtlb-load-misses,9303852.0,,,
Vertical_bees,27,fast,dtlb-load-misses,13667822.0,,,
WalkingInStreet,27,fast,dtlb-load-misses,19195604.0,,,
WorldCup_1920x1080_30p,27,fast,dtlb-load-misses,14172601.0,,,
WorldCup_far_1920x1080_30p,27,fast,dtlb-load-misses,17242028.0,,,
Aerial3200,32,fast,dtlb-load-misses,17363547.0,,,
Boat,32,fast,dtlb-load-misses,16726820.0,,,
BoxingPractice,32,fast,dtlb-load-misses,87888856.0,,,
Crosswalk,32,fast,dtlb-load-misses,40580198.0,,,
CrowdRun,32,fast,dtlb-load-misses,18677209.0,,,
DinnerSceneCropped,32,fast,dtlb-load-misses,15608392.0,,,
FoodMarket,32,fast,dtlb-load-misses,15345276.0,,,
FoodMarket2,32,fast,dtlb-load-misses,51958211.0,,,
MeridianTalk_sdr,32,fast,dtlb-load-misses,10171882.0,,,
Motorcycle,32,fast,dtlb-load-misses,17102968.0,,,
MountainBike,32,fast,dtlb-load-misses,17130320.0,,,
Neon1224,32,fast,dtlb-load-misses,45168414.0,,,
NocturneDance_3840x2160p_8bit,32,fast,dtlb-load-misses,41374116.0,,,
OldTownCross,32,fast,dtlb-load-misses,16172942.0,,,
PedestrianArea,32,fast,dtlb-load-misses,16978464.0,,,
PierSeaSide,32,fast,dtlb-load-misses,51860813.0,,,
RitualDance,32,fast,dtlb-load-misses,13440129.0,,,
Riverbed,32,fast,dtlb-load-misses,15441253.0,,,
RushFieldCuts,32,fast,dtlb-load-misses,16502255.0,,,
Skater227,32,fast,dtlb-load-misses,,,,
Tango,32,fast,dtlb-load-misses,50302295.0,,,
TimeLapse,32,fast,dtlb-load-misses,93386367.0,,,
ToddlerFountain,32,fast,dtlb-load-misses,17468348.0,,,
TreesAndGrass_1920_1080,32,fast,dtlb-load-misses,18741686.0,,,
TunnelFlag,32,fast,dtlb-load-misses,13763627.0,,,
Vertical_Carnaby,32,fast,dtlb-load-misses,9317570.0,,,
Vertical_bees,32,fast,dtlb-load-misses,11264767.0,,,
WalkingInStreet,32,fast,dtlb-load-misses,16868385.0,,,
WorldCup_1920x1080_30p,32,fast,dtlb-load-misses,12817708.0,,,
WorldCup_far_1920x1080_30p,32,fast,dtlb-load-misses,14861100.0,,,
Aerial3200,37,fast,dtlb-load-misses,15834238.0,,,
Boat,37,fast,dtlb-load-misses,15165818.0,,,
BoxingPractice,37,fast,dtlb-load-misses,41044347.0,,,
Crosswalk,37,fast,dtlb-load-misses,37976541.0,,,
CrowdRun,37,fast,dtlb-load-misses,14355983.0,,,
DinnerSceneCropped,37,fast,dtlb-load-misses,11756609.0,,,
FoodMarket,37,fast,dtlb-load-misses,12625348.0,,,
FoodMarket2,37,fast,dtlb-load-misses,46278325.0,,,
MeridianTalk_sdr,37,fast,dtlb-load-misses,9354599.0,,,
Motorcycle,37,fast,dtlb-load-misses,12791785.0,,,
MountainBike,37,fast,dtlb-load-misses,15132590.0,,,
Neon1224,37,fast,dtlb-load-misses,39350401.0,,,
NocturneDance_3840x2160p_8bit,37,fast,dtlb-load-misses,39648349.0,,,
OldTownCross,37,fast,dtlb-load-misses,12389246.0,,,
PedestrianArea,37,fast,dtlb-load-misses,15012913.0,,,
PierSeaSide,37,fast,dtlb-load-misses,46480629.0,,,
RitualDance,37,fast,dtlb-load-misses,12614503.0,,,
Riverbed,37,fast,dtlb-load-misses,12982066.0,,,
RushFieldCuts,37,fast,dtlb-load-misses,14955036.0,,,
Skater227,37,fast,dtlb-load-misses,,,,
Tango,37,fast,dtlb-load-misses,45046763.0,,,
TimeLapse,37,fast,dtlb-load-misses,41187446.0,,,
ToddlerFountain,37,fast,dtlb-load-misses,14874934.0,,,
TreesAndGrass_1920_1080,37,fast,dtlb-load-misses,15999376.0,,,
TunnelFlag,37,fast,dtlb-load-misses,12539601.0,,,
Vertical_Carnaby,37,fast,dtlb-load-misses,8679632.0,,,
Vertical_bees,37,fast,dtlb-load-misses,10982418.0,,,
WalkingInStreet,37,fast,dtlb-load-misses,12754956.0,,,
WorldCup_1920x1080_30p,37,fast,dtlb-load-misses,11274868.0,,,
WorldCup_far_1920x1080_30p,37,fast,dtlb-load-misses,11786450.0,,,
Aerial3200,22,faster,dtlb-load-misses,20767815.0,,,
Boat,22,faster,dtlb-load-misses,30740650.0,,,
BoxingPractice,22,faster,dtlb-load-misses,76573313.0,,,
Crosswalk,22,faster,dtlb-load-misses,65327352.0,,,
CrowdRun,22,faster,dtlb-load-misses,24258919.0,,,
DinnerSceneCropped,22,faster,dtlb-load-misses,23068331.0,,,
FoodMarket,22,faster,dtlb-load-misses,22985594.0,,,
FoodMarket2,22,faster,dtlb-load-misses,82928767.0,,,
MeridianTalk_sdr,22,faster,dtlb-load-misses,16945614.0,,,
Motorcycle,22,faster,dtlb-load-misses,24085913.0,,,
MountainBike,22,faster,dtlb-load-misses,21382169.0,,,
Neon1224,22,faster,dtlb-load-misses,57027320.0,,,
NocturneDance_3840x2160p_8bit,22,faster,dtlb-load-misses,55825388.0,,,
OldTownCross,22,faster,dtlb-load-misses,26815377.0,,,
PedestrianArea,22,faster,dtlb-load-misses,20554438.0,,,
PierSeaSide,22,faster,dtlb-load-misses,77759185.0,,,
RitualDance,22,faster,dtlb-load-misses,18025277.0,,,
Riverbed,22,faster,dtlb-load-misses,25305019.0,,,
RushFieldCuts,22,faster,dtlb-load-misses,22010844.0,,,
Skater227,22,faster,dtlb-load-misses,,,,
Tango,22,faster,dtlb-load-misses,85951620.0,,,
TimeLapse,22,faster,dtlb-load-misses,65431169.0,,,
ToddlerFountain,22,faster,dtlb-load-misses,22208202.0,,,
TreesAndGrass_1920_1080,22,faster,dtlb-load-misses,20989110.0,,,
TunnelFlag,22,faster,dtlb-load-misses,24839129.0,,,
Vertical_Carnaby,22,faster,dtlb-load-misses,12640750.0,,,
Vertical_bees,22,faster,dtlb-load-misses,14860579.0,,,
WalkingInStreet,22,faster,dtlb-load-misses,21148955.0,,,
WorldCup_1920x1080_30p,22,faster,dtlb-load-misses,13073856.0,,,
WorldCup_far_1920x1080_30p,22,faster,dtlb-load-misses,27940818.0,,,
Aerial3200,27,faster,dtlb-load-misses,28749698.0,,,
Boat,27,faster,dtlb-load-misses,18143042.0,,,
BoxingPractice,27,faster,dtlb-load-misses,56684148.0,,,
Crosswalk,27,faster,dtlb-load-misses,49301778.0,,,
CrowdRun,27,faster,dtlb-load-misses,22762358.0,,,
DinnerSceneCropped,27,faster,dtlb-load-misses,19372228.0,,,
FoodMarket,27,faster,dtlb-load-misses,17795392.0,,,
FoodMarket2,27,faster,dtlb-load-misses,58038081.0,,,
MeridianTalk_sdr,27,faster,dtlb-load-misses,12283616.0,,,
Motorcycle,27,faster,dtlb-load-misses,18221485.0,,,
MountainBike,27,faster,dtlb-load-misses,18884596.0,,,
Neon1224,27,faster,dtlb-load-misses,49907292.0,,,
NocturneDance_3840x2160p_8bit,27,faster,dtlb-load-misses,43002732.0,,,
OldTownCross,27,faster,dtlb-load-misses,21277918.0,,,
PedestrianArea,27,faster,dtlb-load-misses,18535747.0,,,
PierSeaSide,27,faster,dtlb-load-misses,66061928.0,,,
RitualDance,27,faster,dtlb-load-misses,15593390.0,,,
Riverbed,27,faster,dtlb-load-misses,20888097.0,,,
RushFieldCuts,27,faster,dtlb-load-misses,18443104.0,,,
Skater227,27,faster,dtlb-load-misses,,,,
Tango,27,faster,dtlb-load-misses,58476077.0,,,
TimeLapse,27,faster,dtlb-load-misses,54703815.0,,,
ToddlerFountain,27,faster,dtlb-load-misses,24380227.0,,,
TreesAndGrass_1920_1080,27,faster,dtlb-load-misses,21159223.0,,,
TunnelFlag,27,faster,dtlb-load-misses,21548238.0,,,
Vertical_Carnaby,27,faster,dtlb-load-misses,11806345.0,,,
Vertical_bees,27,faster,dtlb-load-misses,13307644.0,,,
WalkingInStreet,27,faster,dtlb-load-misses,18176528.0,,,
WorldCup_1920x1080_30p,27,faster,dtlb-load-misses,11349076.0,,,
WorldCup_far_1920x1080_30p,27,faster,dtlb-load-misses,25342032.0,,,
Aerial3200,32,faster,dtlb-load-misses,17760038.0,,,
Boat,32,faster,dtlb-load-misses,17397705.0,,,
BoxingPractice,32,faster,dtlb-load-misses,89256811.0,,,
Crosswalk,32,faster,dtlb-load-misses,39503043.0,,,
CrowdRun,32,faster,dtlb-load-misses,18618779.0,,,
DinnerSceneCropped,32,faster,dtlb-load-misses,13793744.0,,,
FoodMarket,32,faster,dtlb-load-misses,15199654.0,,,
FoodMarket2,32,faster,dtlb-load-misses,56164751.0,,,
MeridianTalk_sdr,32,faster,dtlb-load-misses,10347437.0,,,
Motorcycle,32,faster,dtlb-load-misses,16752077.0,,,
MountainBike,32,faster,dtlb-load-misses,17573657.0,,,
Neon1224,32,faster,dtlb-load-misses,42548310.0,,,
NocturneDance_3840x2160p_8bit,32,faster,dtlb-load-misses,42182153.0,,,
OldTownCross,32,faster,dtlb-load-misses,16886464.0,,,
PedestrianArea,32,faster,dtlb-load-misses,16516590.0,,,
PierSeaSide,32,faster,dtlb-load-misses,54253802.0,,,
RitualDance,32,faster,dtlb-load-misses,12113413.0,,,
Riverbed,32,faster,dtlb-load-misses,17056447.0,,,
RushFieldCuts,32,faster,dtlb-load-misses,16664787.0,,,
Skater227,32,faster,dtlb-load-misses,,,,
Tango,32,faster,dtlb-load-misses,46793346.0,,,
TimeLapse,32,faster,dtlb-load-misses,48061793.0,,,
ToddlerFountain,32,faster,dtlb-load-misses,17957685.0,,,
TreesAndGrass_1920_1080,32,faster,dtlb-load-misses,17115622.0,,,
TunnelFlag,32,faster,dtlb-load-misses,14743387.0,,,
Vertical_Carnaby,32,faster,dtlb-load-misses,9713951.0,,,
Vertical_bees,32,faster,dtlb-load-misses,11824269.0,,,
WalkingInStreet,32,faster,dtlb-load-misses,16645213.0,,,
WorldCup_1920x1080_30p,32,faster,dtlb-load-misses,16646731.0,,,
WorldCup_far_1920x1080_30p,32,faster,dtlb-load-misses,22213460.0,,,
Aerial3200,37,faster,dtlb-load-misses,16876571.0,,,
Boat,37,faster,dtlb-load-misses,14803010.0,,,
BoxingPractice,37,faster,dtlb-load-misses,46543129.0,,,
Crosswalk,37,faster,dtlb-load-misses,35907366.0,,,
CrowdRun,37,faster,dtlb-load-misses,15846372.0,,,
DinnerSceneCropped,37,faster,dtlb-load-misses,11175821.0,,,
FoodMarket,37,faster,dtlb-load-misses,13373473.0,,,
FoodMarket2,37,faster,dtlb-load-misses,47540562.0,,,
MeridianTalk_sdr,37,faster,dtlb-load-misses,9004396.0,,,
Motorcycle,37,faster,dtlb-load-misses,12960040.0,,,
MountainBike,37,faster,dtlb-load-misses,16067889.0,,,
Neon1224,37,faster,dtlb-load-misses,41137635.0,,,
NocturneDance_3840x2160p_8bit,37,faster,dtlb-load-misses,38513920.0,,,
OldTownCross,37,faster,dtlb-load-misses,12772023.0,,,
PedestrianArea,37,faster,dtlb-load-misses,13357603.0,,,
PierSeaSide,37,faster,dtlb-load-misses,43546405.0,,,
RitualDance,37,faster,dtlb-load-misses,11693203.0,,,
Riverbed,37,faster,dtlb-load-misses,12881856.0,,,
RushFieldCuts,37,faster,dtlb-load-misses,14734528.0,,,
Skater227,37,faster,dtlb-load-misses,,,,
Tango,37,faster,dtlb-load-misses,40929476.0,,,
TimeLapse,37,faster,dtlb-load-misses,43720093.0,,,
ToddlerFountain,37,faster,dtlb-load-misses,19645531.0,,,
TreesAndGrass_1920_1080,37,faster,dtlb-load-misses,15888869.0,,,
TunnelFlag,37,faster,dtlb-load-misses,11821762.0,,,
Vertical_Carnaby,37,faster,dtlb-load-misses,8505727.0,,,
Vertical_bees,37,faster,dtlb-load-misses,9233473.0,,,
WalkingInStreet,37,faster,dtlb-load-misses,13804364.0,,,
WorldCup_1920x1080_30p,37,faster,dtlb-load-misses,12132821.0,,,
WorldCup_far_1920x1080_30p,37,faster,dtlb-load-misses,19201066.0,,,
Aerial3200,22,superfast,dtlb-load-misses,16747912.0,,,
Boat,22,superfast,dtlb-load-misses,18361753.0,,,
BoxingPractice,22,superfast,dtlb-load-misses,56805726.0,,,
Crosswalk,22,superfast,dtlb-load-misses,61051450.0,,,
CrowdRun,22,superfast,dtlb-load-misses,21710770.0,,,
DinnerSceneCropped,22,superfast,dtlb-load-misses,25812135.0,,,
FoodMarket,22,superfast,dtlb-load-misses,23384325.0,,,
FoodMarket2,22,superfast,dtlb-load-misses,119046561.0,,,
MeridianTalk_sdr,22,superfast,dtlb-load-misses,14281825.0,,,
Motorcycle,22,superfast,dtlb-load-misses,20607185.0,,,
MountainBike,22,superfast,dtlb-load-misses,20725575.0,,,
Neon1224,22,superfast,dtlb-load-misses,45278356.0,,,
NocturneDance_3840x2160p_8bit,22,superfast,dtlb-load-misses,49807426.0,,,
OldTownCross,22,superfast,dtlb-load-misses,22716478.0,,,
PedestrianArea,22,superfast,dtlb-load-misses,19395854.0,,,
PierSeaSide,22,superfast,dtlb-load-misses,61574513.0,,,
RitualDance,22,superfast,dtlb-load-misses,13581186.0,,,
Riverbed,22,superfast,dtlb-load-misses,18331164.0,,,
RushFieldCuts,22,superfast,dtlb-load-misses,17968503.0,,,
Skater227,22,superfast,dtlb-load-misses,,,,
Tango,22,superfast,dtlb-load-misses,43591090.0,,,
TimeLapse,22,superfast,dtlb-load-misses,55234847.0,,,
ToddlerFountain,22,superfast,dtlb-load-misses,18733551.0,,,
TreesAndGrass_1920_1080,22,superfast,dtlb-load-misses,18763604.0,,,
TunnelFlag,22,superfast,dtlb-load-misses,16869544.0,,,
Vertical_Carnaby,22,superfast,dtlb-load-misses,10069076.0,,,
Vertical_bees,22,superfast,dtlb-load-misses,13170899.0,,,
WalkingInStreet,22,superfast,dtlb-load-misses,19318317.0,,,
WorldCup_1920x1080_30p,22,superfast,dtlb-load-misses,14549720.0,,,
WorldCup_far_1920x1080_30p,22,superfast,dtlb-load-misses,17740360.0,,,
Aerial3200,27,superfast,dtlb-load-misses,25897596.0,,,
Boat,27,superfast,dtlb-load-misses,17376828.0,,,
BoxingPractice,27,superfast,dtlb-load-misses,44575656.0,,,
Crosswalk,27,superfast,dtlb-load-misses,42255057.0,,,
CrowdRun,27,superfast,dtlb-load-misses,18181634.0,,,
DinnerSceneCropped,27,superfast,dtlb-load-misses,22152392.0,,,
FoodMarket,27,superfast,dtlb-load-misses,19951724.0,,,
FoodMarket2,27,superfast,dtlb-load-misses,52367579.0,,,
MeridianTalk_sdr,27,superfast,dtlb-load-misses,11253694.0,,,
Motorcycle,27,superfast,dtlb-load-misses,17439341.0,,,
MountainBike,27,superfast,dtlb-load-misses,19028171.0,,,
Neon1224,27,superfast,dtlb-load-misses,42522857.0,,,
NocturneDance_3840x2160p_8bit,27,superfast,dtlb-load-misses,43514909.0,,,
OldTownCross,27,superfast,dtlb-load-misses,19943450.0,,,
PedestrianArea,27,superfast,dtlb-load-misses,17008247.0,,,
PierSeaSide,27,superfast,dtlb-load-misses,55272218.0,,,
RitualDance,27,superfast,dtlb-load-misses,14412618.0,,,
Riverbed,27,superfast,dtlb-load-misses,14337051.0,,,
RushFieldCuts,27,superfast,dtlb-load-misses,16228399.0,,,
Skater227,27,superfast,dtlb-load-misses,,,,
Tango,27,superfast,dtlb-load-misses,45217302.0,,,
TimeLapse,27,superfast,dtlb-load-misses,47190132.0,,,
ToddlerFountain,27,superfast,dtlb-load-misses,15971396.0,,,
TreesAndGrass_1920_1080,27,superfast,dtlb-load-misses,17058698.0,,,
TunnelFlag,27,superfast,dtlb-load-misses,14947820.0,,,
Vertical_Carnaby,27,superfast,dtlb-load-misses,9096680.0,,,
Vertical_bees,27,superfast,dtlb-load-misses,11118214.0,,,
WalkingInStreet,27,superfast,dtlb-load-misses,17131231.0,,,
WorldCup_1920x1080_30p,27,superfast,dtlb-load-misses,12913033.0,,,
WorldCup_far_1920x1080_30p,27,superfast,dtlb-load-misses,15400135.0,,,
Aerial3200,32,superfast,dtlb-load-misses,24047860.0,,,
Boat,32,superfast,dtlb-load-misses,15012294.0,,,
BoxingPractice,32,superfast,dtlb-load-misses,33680509.0,,,
Crosswalk,32,superfast,dtlb-load-misses,35953492.0,,,
CrowdRun,32,superfast,dtlb-load-misses,16010586.0,,,
DinnerSceneCropped,32,superfast,dtlb-load-misses,12564237.0,,,
FoodMarket,32,superfast,dtlb-load-misses,11375426.0,,,
FoodMarket2,32,superfast,dtlb-load-misses,45414006.0,,,
MeridianTalk_sdr,32,superfast,dtlb-load-misses,8495248.0,,,
Motorcycle,32,superfast,dtlb-load-misses,15396042.0,,,
MountainBike,32,superfast,dtlb-load-misses,15099163.0,,,
Neon1224,32,superfast,dtlb-load-misses,39392454.0,,,
NocturneDance_3840x2160p_8bit,32,superfast,dtlb-load-misses,42564922.0,,,
OldTownCross,32,superfast,dtlb-load-misses,14197598.0,,,
PedestrianArea,32,superfast,dtlb-load-misses,13982497.0,,,
PierSeaSide,32,superfast,dtlb-load-misses,47285794.0,,,
RitualDance,32,superfast,dtlb-load-misses,13151606.0,,,
Riverbed,32,superfast,dtlb-load-misses,11962086.0,,,
RushFieldCuts,32,superfast,dtlb-load-misses,14526434.0,,,
Skater227,32,superfast,dtlb-load-misses,,,,
Tango,32,superfast,dtlb-load-misses,40681469.0,,,
TimeLapse,32,superfast,dtlb-load-misses,41559717.0,,,
ToddlerFountain,32,superfast,dtlb-load-misses,12659731.0,,,
TreesAndGrass_1920_1080,32,superfast,dtlb-load-misses,16260943.0,,,
TunnelFlag,32,superfast,dtlb-load-misses,12056204.0,,,
Vertical_Carnaby,32,superfast,dtlb-load-misses,8349438.0,,,
Vertical_bees,32,superfast,dtlb-load-misses,10263664.0,,,
WalkingInStreet,32,superfast,dtlb-load-misses,15509256.0,,,
WorldCup_1920x1080_30p,32,superfast,dtlb-load-misses,11401191.0,,,
WorldCup_far_1920x1080_30p,32,superfast,dtlb-load-misses,13403749.0,,,
Aerial3200,37,superfast,dtlb-load-misses,22575770.0,,,
Boat,37,superfast,dtlb-load-misses,12661920.0,,,
BoxingPractice,37,superfast,dtlb-load-misses,31660906.0,,,
Crosswalk,37,superfast,dtlb-load-misses,31660274.0,,,
CrowdRun,37,superfast,dtlb-load-misses,14136647.0,,,
DinnerSceneCropped,37,superfast,dtlb-load-misses,10753862.0,,,
FoodMarket,37,superfast,dtlb-load-misses,8672752.0,,,
FoodMarket2,37,superfast,dtlb-load-misses,37851353.0,,,
MeridianTalk_sdr,37,superfast,dtlb-load-misses,8589538.0,,,
Motorcycle,37,superfast,dtlb-load-misses,12190576.0,,,
MountainBike,37,superfast,dtlb-load-misses,12780118.0,,,
Neon1224,37,superfast,dtlb-load-misses,34977847.0,,,
NocturneDance_3840x2160p_8bit,37,superfast,dtlb-load-misses,39387378.0,,,
OldTownCross,37,superfast,dtlb-load-misses,11553904.0,,,
PedestrianArea,37,superfast,dtlb-load-misses,13640086.0,,,
PierSeaSide,37,superfast,dtlb-load-misses,38271282.0,,,
RitualDance,37,superfast,dtlb-load-misses,11604527.0,,,
Riverbed,37,superfast,dtlb-load-misses,11016521.0,,,
RushFieldCuts,37,superfast,dtlb-load-misses,13145617.0,,,
Skater227,37,superfast,dtlb-load-misses,,,,
Tango,37,superfast,dtlb-load-misses,38777001.0,,,
TimeLapse,37,superfast,dtlb-load-misses,35593325.0,,,
ToddlerFountain,37,superfast,dtlb-load-misses,11346249.0,,,
TreesAndGrass_1920_1080,37,superfast,dtlb-load-misses,14458197.0,,,
TunnelFlag,37,superfast,dtlb-load-misses,11040343.0,,,
Vertical_Carnaby,37,superfast,dtlb-load-misses,7754182.0,,,
Vertical_bees,37,superfast,dtlb-load-misses,8528101.0,,,
WalkingInStreet,37,superfast,dtlb-load-misses,11946698.0,,,
WorldCup_1920x1080_30p,37,superfast,dtlb-load-misses,10915521.0,,,
WorldCup_far_1920x1080_30p,37,superfast,dtlb-load-misses,10737428.0,,,
Aerial3200,22,veryfast,dtlb-load-misses,21408723.0,,,
Boat,22,veryfast,dtlb-load-misses,22100802.0,,,
BoxingPractice,22,veryfast,dtlb-load-misses,63612751.0,,,
Crosswalk,22,veryfast,dtlb-load-misses,72341607.0,,,
CrowdRun,22,veryfast,dtlb-load-misses,24747972.0,,,
DinnerSceneCropped,22,veryfast,dtlb-load-misses,24512254.0,,,
FoodMarket,22,veryfast,dtlb-load-misses,22449381.0,,,
FoodMarket2,22,veryfast,dtlb-load-misses,73071130.0,,,
MeridianTalk_sdr,22,veryfast,dtlb-load-misses,17359076.0,,,
Motorcycle,22,veryfast,dtlb-load-misses,23018710.0,,,
MountainBike,22,veryfast,dtlb-load-misses,23540756.0,,,
Neon1224,22,veryfast,dtlb-load-misses,51614663.0,,,
NocturneDance_3840x2160p_8bit,22,veryfast,dtlb-load-misses,53900485.0,,,
OldTownCross,22,veryfast,dtlb-load-misses,24713819.0,,,
PedestrianArea,22,veryfast,dtlb-load-misses,17981172.0,,,
PierSeaSide,22,veryfast,dtlb-load-misses,82158531.0,,,
RitualDance,22,veryfast,dtlb-load-misses,17742472.0,,,
Riverbed,22,veryfast,dtlb-load-misses,21588609.0,,,
RushFieldCuts,22,veryfast,dtlb-load-misses,21826741.0,,,
Skater227,22,veryfast,dtlb-load-misses,,,,
Tango,22,veryfast,dtlb-load-misses,70500960.0,,,
TimeLapse,22,veryfast,dtlb-load-misses,64996432.0,,,
ToddlerFountain,22,veryfast,dtlb-load-misses,31215421.0,,,
TreesAndGrass_1920_1080,22,veryfast,dtlb-load-misses,22292174.0,,,
TunnelFlag,22,veryfast,dtlb-load-misses,19762298.0,,,
Vertical_Carnaby,22,veryfast,dtlb-load-misses,11492461.0,,,
Vertical_bees,22,veryfast,dtlb-load-misses,15608495.0,,,
WalkingInStreet,22,veryfast,dtlb-load-misses,20275194.0,,,
WorldCup_1920x1080_30p,22,veryfast,dtlb-load-misses,22849090.0,,,
WorldCup_far_1920x1080_30p,22,veryfast,dtlb-load-misses,20208009.0,,,
Aerial3200,27,veryfast,dtlb-load-misses,18657843.0,,,
Boat,27,veryfast,dtlb-load-misses,19990612.0,,,
BoxingPractice,27,veryfast,dtlb-load-misses,49150472.0,,,
Crosswalk,27,veryfast,dtlb-load-misses,49192296.0,,,
CrowdRun,27,veryfast,dtlb-load-misses,22067077.0,,,
DinnerSceneCropped,27,veryfast,dtlb-load-misses,16710750.0,,,
FoodMarket,27,veryfast,dtlb-load-misses,16845596.0,,,
FoodMarket2,27,veryfast,dtlb-load-misses,59991020.0,,,
MeridianTalk_sdr,27,veryfast,dtlb-load-misses,13072463.0,,,
Motorcycle,27,veryfast,dtlb-load-misses,21623625.0,,,
MountainBike,27,veryfast,dtlb-load-misses,22496206.0,,,
Neon1224,27,veryfast,dtlb-load-misses,50641624.0,,,
NocturneDance_3840x2160p_8bit,27,veryfast,dtlb-load-misses,47450427.0,,,
OldTownCross,27,veryfast,dtlb-load-misses,23635244.0,,,
PedestrianArea,27,veryfast,dtlb-load-misses,17640430.0,,,
PierSeaSide,27,veryfast,dtlb-load-misses,63867543.0,,,
RitualDance,27,veryfast,dtlb-load-misses,13690232.0,,,
Riverbed,27,veryfast,dtlb-load-misses,16377476.0,,,
RushFieldCuts,27,veryfast,dtlb-load-misses,19022577.0,,,
Skater227,27,veryfast,dtlb-load-misses,,,,
Tango,27,veryfast,dtlb-load-misses,56456762.0,,,
TimeLapse,27,veryfast,dtlb-load-misses,51281468.0,,,
ToddlerFountain,27,veryfast,dtlb-load-misses,27097299.0,,,
TreesAndGrass_1920_1080,27,veryfast,dtlb-load-misses,27650062.0,,,
TunnelFlag,27,veryfast,dtlb-load-misses,17938838.0,,,
Vertical_Carnaby,27,veryfast,dtlb-load-misses,10259361.0,,,
Vertical_bees,27,veryfast,dtlb-load-misses,12742493.0,,,
WalkingInStreet,27,veryfast,dtlb-load-misses,20153735.0,,,
WorldCup_1920x1080_30p,27,veryfast,dtlb-load-misses,19421514.0,,,
WorldCup_far_1920x1080_30p,27,veryfast,dtlb-load-misses,16778835.0,,,
Aerial3200,32,veryfast,dtlb-load-misses,17856786.0,,,
Boat,32,veryfast,dtlb-load-misses,16300282.0,,,
BoxingPractice,32,veryfast,dtlb-load-misses,43336267.0,,,
Crosswalk,32,veryfast,dtlb-load-misses,40679452.0,,,
CrowdRun,32,veryfast,dtlb-load-misses,18423139.0,,,
DinnerSceneCropped,32,veryfast,dtlb-load-misses,15114321.0,,,
FoodMarket,32,veryfast,dtlb-load-misses,20731820.0,,,
FoodMarket2,32,veryfast,dtlb-load-misses,53885296.0,,,
MeridianTalk_sdr,32,veryfast,dtlb-load-misses,10989454.0,,,
Motorcycle,32,veryfast,dtlb-load-misses,15382917.0,,,
MountainBike,32,veryfast,dtlb-load-misses,16411546.0,,,
Neon1224,32,veryfast,dtlb-load-misses,44893394.0,,,
NocturneDance_3840x2160p_8bit,32,veryfast,dtlb-load-misses,41259451.0,,,
OldTownCross,32,veryfast,dtlb-load-misses,15437018.0,,,
PedestrianArea,32,veryfast,dtlb-load-misses,14747640.0,,,
PierSeaSide,32,veryfast,dtlb-load-misses,53720706.0,,,
RitualDance,32,veryfast,dtlb-load-misses,14535650.0,,,
Riverbed,32,veryfast,dtlb-load-misses,14254934.0,,,
RushFieldCuts,32,veryfast,dtlb-load-misses,16894757.0,,,
Skater227,32,veryfast,dtlb-load-misses,,,,
Tango,32,veryfast,dtlb-load-misses,48618005.0,,,
TimeLapse,32,veryfast,dtlb-load-misses,48007809.0,,,
ToddlerFountain,32,veryfast,dtlb-load-misses,14412921.0,,,
TreesAndGrass_1920_1080,32,veryfast,dtlb-load-misses,18826917.0,,,
TunnelFlag,32,veryfast,dtlb-load-misses,15244123.0,,,
Vertical_Carnaby,32,veryfast,dtlb-load-misses,8872454.0,,,
Vertical_bees,32,veryfast,dtlb-load-misses,11165656.0,,,
WalkingInStreet,32,veryfast,dtlb-load-misses,17183242.0,,,
WorldCup_1920x1080_30p,32,veryfast,dtlb-load-misses,13313862.0,,,
WorldCup_far_1920x1080_30p,32,veryfast,dtlb-load-misses,14542645.0,,,
Aerial3200,37,veryfast,dtlb-load-misses,16251738.0,,,
Boat,37,veryfast,dtlb-load-misses,13978484.0,,,
BoxingPractice,37,veryfast,dtlb-load-misses,38386538.0,,,
Crosswalk,37,veryfast,dtlb-load-misses,38005120.0,,,
CrowdRun,37,veryfast,dtlb-load-misses,15923555.0,,,
DinnerSceneCropped,37,veryfast,dtlb-load-misses,15566621.0,,,
FoodMarket,37,veryfast,dtlb-load-misses,16893237.0,,,
FoodMarket2,37,veryfast,dtlb-load-misses,49439141.0,,,
MeridianTalk_sdr,37,veryfast,dtlb-load-misses,9102485.0,,,
Motorcycle,37,veryfast,dtlb-load-misses,14017516.0,,,
MountainBike,37,veryfast,dtlb-load-misses,14343686.0,,,
Neon1224,37,veryfast,dtlb-load-misses,41076153.0,,,
NocturneDance_3840x2160p_8bit,37,veryfast,dtlb-load-misses,38210465.0,,,
OldTownCross,37,veryfast,dtlb-load-misses,11906738.0,,,
PedestrianArea,37,veryfast,dtlb-load-misses,13960547.0,,,
PierSeaSide,37,veryfast,dtlb-load-misses,47694709.0,,,
RitualDance,37,veryfast,dtlb-load-misses,13223354.0,,,
Riverbed,37,veryfast,dtlb-load-misses,11327003.0,,,
RushFieldCuts,37,veryfast,dtlb-load-misses,13695467.0,,,
Skater227,37,veryfast,dtlb-load-misses,,,,
Tango,37,veryfast,dtlb-load-misses,44236204.0,,,
TimeLapse,37,veryfast,dtlb-load-misses,42957816.0,,,
ToddlerFountain,37,veryfast,dtlb-load-misses,13323809.0,,,
TreesAndGrass_1920_1080,37,veryfast,dtlb-load-misses,16627855.0,,,
TunnelFlag,37,veryfast,dtlb-load-misses,12361865.0,,,
Vertical_Carnaby,37,veryfast,dtlb-load-misses,8872914.0,,,
Vertical_bees,37,veryfast,dtlb-load-misses,10018142.0,,,
WalkingInStreet,37,veryfast,dtlb-load-misses,13657501.0,,,
WorldCup_1920x1080_30p,37,veryfast,dtlb-load-misses,12166992.0,,,
WorldCup_far_1920x1080_30p,37,veryfast,dtlb-load-misses,13211803.0,,,
Aerial3200,22,fast,dtlb-loads,621034208.0,,,
Boat,22,fast,dtlb-loads,670479098.0,,,
BoxingPractice,22,fast,dtlb-loads,2138538319.0,,,
Crosswalk,22,fast,dtlb-loads,1823478242.0,,,
CrowdRun,22,fast,dtlb-loads,514324599.0,,,
DinnerSceneCropped,22,fast,dtlb-loads,531441680.0,,,
FoodMarket,22,fast,dtlb-loads,552143472.0,,,
FoodMarket2,22,fast,dtlb-loads,1950936924.0,,,
MeridianTalk_sdr,22,fast,dtlb-loads,533874860.0,,,
Motorcycle,22,fast,dtlb-loads,443821579.0,,,
MountainBike,22,fast,dtlb-loads,548170333.0,,,
Neon1224,22,fast,dtlb-loads,1870141795.0,,,
NocturneDance_3840x2160p_8bit,22,fast,dtlb-loads,1973412616.0,,,
OldTownCross,22,fast,dtlb-loads,710995720.0,,,
PedestrianArea,22,fast,dtlb-loads,484902289.0,,,
PierSeaSide,22,fast,dtlb-loads,2351098544.0,,,
RitualDance,22,fast,dtlb-loads,432026615.0,,,
Riverbed,22,fast,dtlb-loads,619280205.0,,,
RushFieldCuts,22,fast,dtlb-loads,590924455.0,,,
Skater227,22,fast,dtlb-loads,,,,
Tango,22,fast,dtlb-loads,2563106954.0,,,
TimeLapse,22,fast,dtlb-loads,2363675726.0,,,
ToddlerFountain,22,fast,dtlb-loads,539661287.0,,,
TreesAndGrass_1920_1080,22,fast,dtlb-loads,589858477.0,,,
TunnelFlag,22,fast,dtlb-loads,537323122.0,,,
Vertical_Carnaby,22,fast,dtlb-loads,342679930.0,,,
Vertical_bees,22,fast,dtlb-loads,465280322.0,,,
WalkingInStreet,22,fast,dtlb-loads,455537466.0,,,
WorldCup_1920x1080_30p,22,fast,dtlb-loads,486928249.0,,,
WorldCup_far_1920x1080_30p,22,fast,dtlb-loads,515108038.0,,,
Aerial3200,27,fast,dtlb-loads,630008648.0,,,
Boat,27,fast,dtlb-loads,646746630.0,,,
BoxingPractice,27,fast,dtlb-loads,1871836358.0,,,
Crosswalk,27,fast,dtlb-loads,1832551796.0,,,
CrowdRun,27,fast,dtlb-loads,662242990.0,,,
DinnerSceneCropped,27,fast,dtlb-loads,553521866.0,,,
FoodMarket,27,fast,dtlb-loads,495353902.0,,,
FoodMarket2,27,fast,dtlb-loads,2271091745.0,,,
MeridianTalk_sdr,27,fast,dtlb-loads,608314941.0,,,
Motorcycle,27,fast,dtlb-loads,698576526.0,,,
MountainBike,27,fast,dtlb-loads,494753367.0,,,
Neon1224,27,fast,dtlb-loads,1633244374.0,,,
NocturneDance_3840x2160p_8bit,27,fast,dtlb-loads,1682781847.0,,,
OldTownCross,27,fast,dtlb-loads,541988682.0,,,
PedestrianArea,27,fast,dtlb-loads,574578555.0,,,
PierSeaSide,27,fast,dtlb-loads,1766671962.0,,,
RitualDance,27,fast,dtlb-loads,509132012.0,,,
Riverbed,27,fast,dtlb-loads,487554992.0,,,
RushFieldCuts,27,fast,dtlb-loads,694369081.0,,,
Skater227,27,fast,dtlb-loads,,,,
Tango,27,fast,dtlb-loads,2221221274.0,,,
TimeLapse,27,fast,dtlb-loads,2341609397.0,,,
ToddlerFountain,27,fast,dtlb-loads,589003602.0,,,
TreesAndGrass_1920_1080,27,fast,dtlb-loads,621641686.0,,,
TunnelFlag,27,fast,dtlb-loads,694480344.0,,,
Vertical_Carnaby,27,fast,dtlb-loads,334436839.0,,,
Vertical_bees,27,fast,dtlb-loads,451872176.0,,,
WalkingInStreet,27,fast,dtlb-loads,497018731.0,,,
WorldCup_1920x1080_30p,27,fast,dtlb-loads,542193349.0,,,
WorldCup_far_1920x1080_30p,27,fast,dtlb-loads,548188582.0,,,
Aerial3200,32,fast,dtlb-loads,507870018.0,,,
Boat,32,fast,dtlb-loads,498191130.0,,,
BoxingPractice,32,fast,dtlb-loads,6754242029.0,,,
Crosswalk,32,fast,dtlb-loads,1682602680.0,,,
CrowdRun,32,fast,dtlb-loads,577051568.0,,,
DinnerSceneCropped,32,fast,dtlb-loads,599734829.0,,,
FoodMarket,32,fast,dtlb-loads,556411870.0,,,
FoodMarket2,32,fast,dtlb-loads,2215354311.0,,,
MeridianTalk_sdr,32,fast,dtlb-loads,464399641.0,,,
Motorcycle,32,fast,dtlb-loads,610745872.0,,,
MountainBike,32,fast,dtlb-loads,493675824.0,,,
Neon1224,32,fast,dtlb-loads,1790449778.0,,,
NocturneDance_3840x2160p_8bit,32,fast,dtlb-loads,1602623349.0,,,
OldTownCross,32,fast,dtlb-loads,510144883.0,,,
PedestrianArea,32,fast,dtlb-loads,599042127.0,,,
PierSeaSide,32,fast,dtlb-loads,1840920036.0,,,
RitualDance,32,fast,dtlb-loads,449888742.0,,,
Riverbed,32,fast,dtlb-loads,678716781.0,,,
RushFieldCuts,32,fast,dtlb-loads,530349143.0,,,
Skater227,32,fast,dtlb-loads,,,,
Tango,32,fast,dtlb-loads,2329529781.0,,,
TimeLapse,32,fast,dtlb-loads,6605686240.0,,,
ToddlerFountain,32,fast,dtlb-loads,483801473.0,,,
TreesAndGrass_1920_1080,32,fast,dtlb-loads,457684774.0,,,
TunnelFlag,32,fast,dtlb-loads,517260134.0,,,
Vertical_Carnaby,32,fast,dtlb-loads,308387354.0,,,
Vertical_bees,32,fast,dtlb-loads,405936902.0,,,
WalkingInStreet,32,fast,dtlb-loads,428647460.0,,,
WorldCup_1920x1080_30p,32,fast,dtlb-loads,535716402.0,,,
WorldCup_far_1920x1080_30p,32,fast,dtlb-loads,583850228.0,,,
Aerial3200,37,fast,dtlb-loads,436524357.0,,,
Boat,37,fast,dtlb-loads,447885199.0,,,
BoxingPractice,37,fast,dtlb-loads,1663830427.0,,,
Crosswalk,37,fast,dtlb-loads,2025819015.0,,,
CrowdRun,37,fast,dtlb-loads,422082865.0,,,
DinnerSceneCropped,37,fast,dtlb-loads,460687650.0,,,
FoodMarket,37,fast,dtlb-loads,518800681.0,,,
FoodMarket2,37,fast,dtlb-loads,2053731589.0,,,
MeridianTalk_sdr,37,fast,dtlb-loads,550102695.0,,,
Motorcycle,37,fast,dtlb-loads,469829022.0,,,
MountainBike,37,fast,dtlb-loads,522629060.0,,,
Neon1224,37,fast,dtlb-loads,1631438127.0,,,
NocturneDance_3840x2160p_8bit,37,fast,dtlb-loads,1762228254.0,,,
OldTownCross,37,fast,dtlb-loads,502132027.0,,,
PedestrianArea,37,fast,dtlb-loads,629838150.0,,,
PierSeaSide,37,fast,dtlb-loads,2088012254.0,,,
RitualDance,37,fast,dtlb-loads,479389291.0,,,
Riverbed,37,fast,dtlb-loads,486476604.0,,,
RushFieldCuts,37,fast,dtlb-loads,662273051.0,,,
Skater227,37,fast,dtlb-loads,,,,
Tango,37,fast,dtlb-loads,2203619243.0,,,
TimeLapse,37,fast,dtlb-loads,1727989681.0,,,
ToddlerFountain,37,fast,dtlb-loads,503982668.0,,,
TreesAndGrass_1920_1080,37,fast,dtlb-loads,456304394.0,,,
TunnelFlag,37,fast,dtlb-loads,607926235.0,,,
Vertical_Carnaby,37,fast,dtlb-loads,314641079.0,,,
Vertical_bees,37,fast,dtlb-loads,501451091.0,,,
WalkingInStreet,37,fast,dtlb-loads,397120199.0,,,
WorldCup_1920x1080_30p,37,fast,dtlb-loads,517853885.0,,,
WorldCup_far_1920x1080_30p,37,fast,dtlb-loads,459231462.0,,,
Aerial3200,22,faster,dtlb-loads,455587987.0,,,
Boat,22,faster,dtlb-loads,1009654495.0,,,
BoxingPractice,22,faster,dtlb-loads,1871091770.0,,,
Crosswalk,22,faster,dtlb-loads,1878052841.0,,,
CrowdRun,22,faster,dtlb-loads,445625824.0,,,
DinnerSceneCropped,22,faster,dtlb-loads,509033133.0,,,
FoodMarket,22,faster,dtlb-loads,628988111.0,,,
FoodMarket2,22,faster,dtlb-loads,1938062522.0,,,
MeridianTalk_sdr,22,faster,dtlb-loads,670496140.0,,,
Motorcycle,22,faster,dtlb-loads,677973721.0,,,
MountainBike,22,faster,dtlb-loads,406500183.0,,,
Neon1224,22,faster,dtlb-loads,2076840879.0,,,
NocturneDance_3840x2160p_8bit,22,faster,dtlb-loads,1824730499.0,,,
OldTownCross,22,faster,dtlb-loads,625971563.0,,,
PedestrianArea,22,faster,dtlb-loads,571813564.0,,,
PierSeaSide,22,faster,dtlb-loads,2341071088.0,,,
RitualDance,22,faster,dtlb-loads,607790485.0,,,
Riverbed,22,faster,dtlb-loads,606569945.0,,,
RushFieldCuts,22,faster,dtlb-loads,650263617.0,,,
Skater227,22,faster,dtlb-loads,,,,
Tango,22,faster,dtlb-loads,2607527550.0,,,
TimeLapse,22,faster,dtlb-loads,2521025570.0,,,
ToddlerFountain,22,faster,dtlb-loads,502467839.0,,,
TreesAndGrass_1920_1080,22,faster,dtlb-loads,493384739.0,,,
TunnelFlag,22,faster,dtlb-loads,846878540.0,,,
Vertical_Carnaby,22,faster,dtlb-loads,443263707.0,,,
Vertical_bees,22,faster,dtlb-loads,440503929.0,,,
WalkingInStreet,22,faster,dtlb-loads,490715473.0,,,
WorldCup_1920x1080_30p,22,faster,dtlb-loads,533824044.0,,,
WorldCup_far_1920x1080_30p,22,faster,dtlb-loads,917071047.0,,,
Aerial3200,27,faster,dtlb-loads,1090974441.0,,,
Boat,27,faster,dtlb-loads,495459023.0,,,
BoxingPractice,27,faster,dtlb-loads,2294522138.0,,,
Crosswalk,27,faster,dtlb-loads,2037841513.0,,,
CrowdRun,27,faster,dtlb-loads,650581989.0,,,
DinnerSceneCropped,27,faster,dtlb-loads,619267964.0,,,
FoodMarket,27,faster,dtlb-loads,518141062.0,,,
FoodMarket2,27,faster,dtlb-loads,1396656794.0,,,
MeridianTalk_sdr,27,faster,dtlb-loads,545589834.0,,,
Motorcycle,27,faster,dtlb-loads,617367095.0,,,
MountainBike,27,faster,dtlb-loads,470063961.0,,,
Neon1224,27,faster,dtlb-loads,1785266624.0,,,
NocturneDance_3840x2160p_8bit,27,faster,dtlb-loads,1422697788.0,,,
OldTownCross,27,faster,dtlb-loads,578528692.0,,,
PedestrianArea,27,faster,dtlb-loads,583115767.0,,,
PierSeaSide,27,faster,dtlb-loads,2218706458.0,,,
RitualDance,27,faster,dtlb-loads,649325669.0,,,
Riverbed,27,faster,dtlb-loads,663702815.0,,,
RushFieldCuts,27,faster,dtlb-loads,574705464.0,,,
Skater227,27,faster,dtlb-loads,,,,
Tango,27,faster,dtlb-loads,2408748984.0,,,
TimeLapse,27,faster,dtlb-loads,2520451064.0,,,
ToddlerFountain,27,faster,dtlb-loads,829950377.0,,,
TreesAndGrass_1920_1080,27,faster,dtlb-loads,570655884.0,,,
TunnelFlag,27,faster,dtlb-loads,950201774.0,,,
Vertical_Carnaby,27,faster,dtlb-loads,425154724.0,,,
Vertical_bees,27,faster,dtlb-loads,422633166.0,,,
WalkingInStreet,27,faster,dtlb-loads,398707440.0,,,
WorldCup_1920x1080_30p,27,faster,dtlb-loads,507154559.0,,,
WorldCup_far_1920x1080_30p,27,faster,dtlb-loads,923972598.0,,,
Aerial3200,32,faster,dtlb-loads,518702925.0,,,
Boat,32,faster,dtlb-loads,550060369.0,,,
BoxingPractice,32,faster,dtlb-loads,6381964338.0,,,
Crosswalk,32,faster,dtlb-loads,1936853429.0,,,
CrowdRun,32,faster,dtlb-loads,589002347.0,,,
DinnerSceneCropped,32,faster,dtlb-loads,420507400.0,,,
FoodMarket,32,faster,dtlb-loads,552398975.0,,,
FoodMarket2,32,faster,dtlb-loads,1997646378.0,,,
MeridianTalk_sdr,32,faster,dtlb-loads,568511399.0,,,
Motorcycle,32,faster,dtlb-loads,595067153.0,,,
MountainBike,32,faster,dtlb-loads,529498313.0,,,
Neon1224,32,faster,dtlb-loads,1614313567.0,,,
NocturneDance_3840x2160p_8bit,32,faster,dtlb-loads,1622633746.0,,,
OldTownCross,32,faster,dtlb-loads,580853720.0,,,
PedestrianArea,32,faster,dtlb-loads,571890929.0,,,
PierSeaSide,32,faster,dtlb-loads,2030523022.0,,,
RitualDance,32,faster,dtlb-loads,469131971.0,,,
Riverbed,32,faster,dtlb-loads,590201687.0,,,
RushFieldCuts,32,faster,dtlb-loads,629046501.0,,,
Skater227,32,faster,dtlb-loads,,,,
Tango,32,faster,dtlb-loads,2349535273.0,,,
TimeLapse,32,faster,dtlb-loads,2363611745.0,,,
ToddlerFountain,32,faster,dtlb-loads,530206926.0,,,
TreesAndGrass_1920_1080,32,faster,dtlb-loads,515292152.0,,,
TunnelFlag,32,faster,dtlb-loads,594821526.0,,,
Vertical_Carnaby,32,faster,dtlb-loads,329081332.0,,,
Vertical_bees,32,faster,dtlb-loads,474635008.0,,,
WalkingInStreet,32,faster,dtlb-loads,457291277.0,,,
WorldCup_1920x1080_30p,32,faster,dtlb-loads,852816934.0,,,
WorldCup_far_1920x1080_30p,32,faster,dtlb-loads,905835798.0,,,
Aerial3200,37,faster,dtlb-loads,540242355.0,,,
Boat,37,faster,dtlb-loads,498383105.0,,,
BoxingPractice,37,faster,dtlb-loads,2055960767.0,,,
Crosswalk,37,faster,dtlb-loads,1813181976.0,,,
CrowdRun,37,faster,dtlb-loads,552129289.0,,,
DinnerSceneCropped,37,faster,dtlb-loads,444410353.0,,,
FoodMarket,37,faster,dtlb-loads,595599807.0,,,
FoodMarket2,37,faster,dtlb-loads,1949066662.0,,,
MeridianTalk_sdr,37,faster,dtlb-loads,598861423.0,,,
Motorcycle,37,faster,dtlb-loads,565002492.0,,,
MountainBike,37,faster,dtlb-loads,678230449.0,,,
Neon1224,37,faster,dtlb-loads,1860980677.0,,,
NocturneDance_3840x2160p_8bit,37,faster,dtlb-loads,1563487038.0,,,
OldTownCross,37,faster,dtlb-loads,596346506.0,,,
PedestrianArea,37,faster,dtlb-loads,433745867.0,,,
PierSeaSide,37,faster,dtlb-loads,1801286157.0,,,
RitualDance,37,faster,dtlb-loads,451683269.0,,,
Riverbed,37,faster,dtlb-loads,564841461.0,,,
RushFieldCuts,37,faster,dtlb-loads,576364546.0,,,
Skater227,37,faster,dtlb-loads,,,,
Tango,37,faster,dtlb-loads,1988361258.0,,,
TimeLapse,37,faster,dtlb-loads,2150449998.0,,,
ToddlerFountain,37,faster,dtlb-loads,457708134.0,,,
TreesAndGrass_1920_1080,37,faster,dtlb-loads,545258278.0,,,
TunnelFlag,37,faster,dtlb-loads,427584624.0,,,
Vertical_Carnaby,37,faster,dtlb-loads,333183966.0,,,
Vertical_bees,37,faster,dtlb-loads,405276980.0,,,
WalkingInStreet,37,faster,dtlb-loads,509688383.0,,,
WorldCup_1920x1080_30p,37,faster,dtlb-loads,537454870.0,,,
WorldCup_far_1920x1080_30p,37,faster,dtlb-loads,940224920.0,,,
Aerial3200,22,superfast,dtlb-loads,476998880.0,,,
Boat,22,superfast,dtlb-loads,431241128.0,,,
BoxingPractice,22,superfast,dtlb-loads,1655914112.0,,,
Crosswalk,22,superfast,dtlb-loads,1849006562.0,,,
CrowdRun,22,superfast,dtlb-loads,467468294.0,,,
DinnerSceneCropped,22,superfast,dtlb-loads,866018903.0,,,
FoodMarket,22,superfast,dtlb-loads,721714550.0,,,
FoodMarket2,22,superfast,dtlb-loads,6185062209.0,,,
MeridianTalk_sdr,22,superfast,dtlb-loads,519367671.0,,,
Motorcycle,22,superfast,dtlb-loads,527522328.0,,,
MountainBike,22,superfast,dtlb-loads,513382579.0,,,
Neon1224,22,superfast,dtlb-loads,1666900411.0,,,
NocturneDance_3840x2160p_8bit,22,superfast,dtlb-loads,1484413484.0,,,
OldTownCross,22,superfast,dtlb-loads,480685489.0,,,
PedestrianArea,22,superfast,dtlb-loads,464451147.0,,,
PierSeaSide,22,superfast,dtlb-loads,1884423562.0,,,
RitualDance,22,superfast,dtlb-loads,404758274.0,,,
Riverbed,22,superfast,dtlb-loads,438594823.0,,,
RushFieldCuts,22,superfast,dtlb-loads,516843657.0,,,
Skater227,22,superfast,dtlb-loads,,,,
Tango,22,superfast,dtlb-loads,1181690476.0,,,
TimeLapse,22,superfast,dtlb-loads,1748971557.0,,,
ToddlerFountain,22,superfast,dtlb-loads,409377849.0,,,
TreesAndGrass_1920_1080,22,superfast,dtlb-loads,463562201.0,,,
TunnelFlag,22,superfast,dtlb-loads,512546289.0,,,
Vertical_Carnaby,22,superfast,dtlb-loads,250356279.0,,,
Vertical_bees,22,superfast,dtlb-loads,340839799.0,,,
WalkingInStreet,22,superfast,dtlb-loads,393811380.0,,,
WorldCup_1920x1080_30p,22,superfast,dtlb-loads,371782617.0,,,
WorldCup_far_1920x1080_30p,22,superfast,dtlb-loads,405177804.0,,,
Aerial3200,27,superfast,dtlb-loads,1184311434.0,,,
Boat,27,superfast,dtlb-loads,462481599.0,,,
BoxingPractice,27,superfast,dtlb-loads,1389236946.0,,,
Crosswalk,27,superfast,dtlb-loads,1686898190.0,,,
CrowdRun,27,superfast,dtlb-loads,447395495.0,,,
DinnerSceneCropped,27,superfast,dtlb-loads,961471711.0,,,
FoodMarket,27,superfast,dtlb-loads,839133929.0,,,
FoodMarket2,27,superfast,dtlb-loads,1711162141.0,,,
MeridianTalk_sdr,27,superfast,dtlb-loads,618355669.0,,,
Motorcycle,27,superfast,dtlb-loads,439039110.0,,,
MountainBike,27,superfast,dtlb-loads,565787275.0,,,
Neon1224,27,superfast,dtlb-loads,1578932176.0,,,
NocturneDance_3840x2160p_8bit,27,superfast,dtlb-loads,1293360354.0,,,
OldTownCross,27,superfast,dtlb-loads,570519686.0,,,
PedestrianArea,27,superfast,dtlb-loads,426381677.0,,,
PierSeaSide,27,superfast,dtlb-loads,1747469530.0,,,
RitualDance,27,superfast,dtlb-loads,531843366.0,,,
Riverbed,27,superfast,dtlb-loads,521083052.0,,,
RushFieldCuts,27,superfast,dtlb-loads,468708218.0,,,
Skater227,27,superfast,dtlb-loads,,,,
Tango,27,superfast,dtlb-loads,1997507475.0,,,
TimeLapse,27,superfast,dtlb-loads,1778983851.0,,,
ToddlerFountain,27,superfast,dtlb-loads,435289891.0,,,
TreesAndGrass_1920_1080,27,superfast,dtlb-loads,433801686.0,,,
TunnelFlag,27,superfast,dtlb-loads,519901896.0,,,
Vertical_Carnaby,27,superfast,dtlb-loads,241961367.0,,,
Vertical_bees,27,superfast,dtlb-loads,327447574.0,,,
WalkingInStreet,27,superfast,dtlb-loads,347941089.0,,,
WorldCup_1920x1080_30p,27,superfast,dtlb-loads,433013684.0,,,
WorldCup_far_1920x1080_30p,27,superfast,dtlb-loads,439444387.0,,,
Aerial3200,32,superfast,dtlb-loads,1119535202.0,,,
Boat,32,superfast,dtlb-loads,499044510.0,,,
BoxingPractice,32,superfast,dtlb-loads,1460303184.0,,,
Crosswalk,32,superfast,dtlb-loads,1709786687.0,,,
CrowdRun,32,superfast,dtlb-loads,429626273.0,,,
DinnerSceneCropped,32,superfast,dtlb-loads,459369990.0,,,
FoodMarket,32,superfast,dtlb-loads,468317035.0,,,
FoodMarket2,32,superfast,dtlb-loads,1726602723.0,,,
MeridianTalk_sdr,32,superfast,dtlb-loads,322150201.0,,,
Motorcycle,32,superfast,dtlb-loads,470387998.0,,,
MountainBike,32,superfast,dtlb-loads,409131331.0,,,
Neon1224,32,superfast,dtlb-loads,1667701615.0,,,
NocturneDance_3840x2160p_8bit,32,superfast,dtlb-loads,1323516472.0,,,
OldTownCross,32,superfast,dtlb-loads,447394794.0,,,
PedestrianArea,32,superfast,dtlb-loads,441331297.0,,,
PierSeaSide,32,superfast,dtlb-loads,1816454664.0,,,
RitualDance,32,superfast,dtlb-loads,517732899.0,,,
Riverbed,32,superfast,dtlb-loads,468228927.0,,,
RushFieldCuts,32,superfast,dtlb-loads,548393060.0,,,
Skater227,32,superfast,dtlb-loads,,,,
Tango,32,superfast,dtlb-loads,1720002037.0,,,
TimeLapse,32,superfast,dtlb-loads,1687200959.0,,,
ToddlerFountain,32,superfast,dtlb-loads,413528920.0,,,
TreesAndGrass_1920_1080,32,superfast,dtlb-loads,470638116.0,,,
TunnelFlag,32,superfast,dtlb-loads,451054405.0,,,
Vertical_Carnaby,32,superfast,dtlb-loads,222174618.0,,,
Vertical_bees,32,superfast,dtlb-loads,355337971.0,,,
WalkingInStreet,32,superfast,dtlb-loads,363881270.0,,,
WorldCup_1920x1080_30p,32,superfast,dtlb-loads,427389392.0,,,
WorldCup_far_1920x1080_30p,32,superfast,dtlb-loads,459751508.0,,,
Aerial3200,37,superfast,dtlb-loads,1148793609.0,,,
Boat,37,superfast,dtlb-loads,363673932.0,,,
BoxingPractice,37,superfast,dtlb-loads,1517958635.0,,,
Crosswalk,37,superfast,dtlb-loads,1480685692.0,,,
CrowdRun,37,superfast,dtlb-loads,418780849.0,,,
DinnerSceneCropped,37,superfast,dtlb-loads,422200085.0,,,
FoodMarket,37,superfast,dtlb-loads,437719486.0,,,
FoodMarket2,37,superfast,dtlb-loads,1549524959.0,,,
MeridianTalk_sdr,37,superfast,dtlb-loads,582864006.0,,,
Motorcycle,37,superfast,dtlb-loads,446645656.0,,,
MountainBike,37,superfast,dtlb-loads,382596060.0,,,
Neon1224,37,superfast,dtlb-loads,1354649640.0,,,
NocturneDance_3840x2160p_8bit,37,superfast,dtlb-loads,1256179530.0,,,
OldTownCross,37,superfast,dtlb-loads,481129675.0,,,
PedestrianArea,37,superfast,dtlb-loads,472858152.0,,,
PierSeaSide,37,superfast,dtlb-loads,1328468905.0,,,
RitualDance,37,superfast,dtlb-loads,447888248.0,,,
Riverbed,37,superfast,dtlb-loads,502283918.0,,,
RushFieldCuts,37,superfast,dtlb-loads,534294299.0,,,
Skater227,37,superfast,dtlb-loads,,,,
Tango,37,superfast,dtlb-loads,1807065594.0,,,
TimeLapse,37,superfast,dtlb-loads,1420964288.0,,,
ToddlerFountain,37,superfast,dtlb-loads,396460551.0,,,
TreesAndGrass_1920_1080,37,superfast,dtlb-loads,413016328.0,,,
TunnelFlag,37,superfast,dtlb-loads,489721925.0,,,
Vertical_Carnaby,37,superfast,dtlb-loads,237335009.0,,,
Vertical_bees,37,superfast,dtlb-loads,264778114.0,,,
WalkingInStreet,37,superfast,dtlb-loads,360396058.0,,,
WorldCup_1920x1080_30p,37,superfast,dtlb-loads,342335824.0,,,
WorldCup_far_1920x1080_30p,37,superfast,dtlb-loads,399782131.0,,,
Aerial3200,22,veryfast,dtlb-loads,591490656.0,,,
Boat,22,veryfast,dtlb-loads,502843248.0,,,
BoxingPractice,22,veryfast,dtlb-loads,2084172719.0,,,
Crosswalk,22,veryfast,dtlb-loads,2220819108.0,,,
CrowdRun,22,veryfast,dtlb-loads,504750961.0,,,
DinnerSceneCropped,22,veryfast,dtlb-loads,629638609.0,,,
FoodMarket,22,veryfast,dtlb-loads,584439151.0,,,
FoodMarket2,22,veryfast,dtlb-loads,2071389919.0,,,
MeridianTalk_sdr,22,veryfast,dtlb-loads,607316082.0,,,
Motorcycle,22,veryfast,dtlb-loads,695695039.0,,,
MountainBike,22,veryfast,dtlb-loads,630651417.0,,,
Neon1224,22,veryfast,dtlb-loads,1858154909.0,,,
NocturneDance_3840x2160p_8bit,22,veryfast,dtlb-loads,1728407180.0,,,
OldTownCross,22,veryfast,dtlb-loads,452161968.0,,,
PedestrianArea,22,veryfast,dtlb-loads,505465734.0,,,
PierSeaSide,22,veryfast,dtlb-loads,2569532117.0,,,
RitualDance,22,veryfast,dtlb-loads,602360064.0,,,
Riverbed,22,veryfast,dtlb-loads,568899573.0,,,
RushFieldCuts,22,veryfast,dtlb-loads,533084285.0,,,
Skater227,22,veryfast,dtlb-loads,,,,
Tango,22,veryfast,dtlb-loads,2709780486.0,,,
TimeLapse,22,veryfast,dtlb-loads,2354952028.0,,,
ToddlerFountain,22,veryfast,dtlb-loads,1003425292.0,,,
TreesAndGrass_1920_1080,22,veryfast,dtlb-loads,466293499.0,,,
TunnelFlag,22,veryfast,dtlb-loads,493925123.0,,,
Vertical_Carnaby,22,veryfast,dtlb-loads,367808775.0,,,
Vertical_bees,22,veryfast,dtlb-loads,490375650.0,,,
WalkingInStreet,22,veryfast,dtlb-loads,422849580.0,,,
WorldCup_1920x1080_30p,22,veryfast,dtlb-loads,969377595.0,,,
WorldCup_far_1920x1080_30p,22,veryfast,dtlb-loads,496315743.0,,,
Aerial3200,27,veryfast,dtlb-loads,481700238.0,,,
Boat,27,veryfast,dtlb-loads,648546947.0,,,
BoxingPractice,27,veryfast,dtlb-loads,1888319101.0,,,
Crosswalk,27,veryfast,dtlb-loads,1914378829.0,,,
CrowdRun,27,veryfast,dtlb-loads,535269518.0,,,
DinnerSceneCropped,27,veryfast,dtlb-loads,448966022.0,,,
FoodMarket,27,veryfast,dtlb-loads,438641393.0,,,
FoodMarket2,27,veryfast,dtlb-loads,2116186512.0,,,
MeridianTalk_sdr,27,veryfast,dtlb-loads,650175294.0,,,
Motorcycle,27,veryfast,dtlb-loads,656273279.0,,,
MountainBike,27,veryfast,dtlb-loads,706336642.0,,,
Neon1224,27,veryfast,dtlb-loads,1906931258.0,,,
NocturneDance_3840x2160p_8bit,27,veryfast,dtlb-loads,1666403740.0,,,
OldTownCross,27,veryfast,dtlb-loads,663535342.0,,,
PedestrianArea,27,veryfast,dtlb-loads,505732583.0,,,
PierSeaSide,27,veryfast,dtlb-loads,1950412944.0,,,
RitualDance,27,veryfast,dtlb-loads,518153443.0,,,
Riverbed,27,veryfast,dtlb-loads,508973659.0,,,
RushFieldCuts,27,veryfast,dtlb-loads,703690678.0,,,
Skater227,27,veryfast,dtlb-loads,,,,
Tango,27,veryfast,dtlb-loads,2344200081.0,,,
TimeLapse,27,veryfast,dtlb-loads,1787724701.0,,,
ToddlerFountain,27,veryfast,dtlb-loads,1085504434.0,,,
TreesAndGrass_1920_1080,27,veryfast,dtlb-loads,974050793.0,,,
TunnelFlag,27,veryfast,dtlb-loads,646941028.0,,,
Vertical_Carnaby,27,veryfast,dtlb-loads,375411646.0,,,
Vertical_bees,27,veryfast,dtlb-loads,362563968.0,,,
WalkingInStreet,27,veryfast,dtlb-loads,508295996.0,,,
WorldCup_1920x1080_30p,27,veryfast,dtlb-loads,958128270.0,,,
WorldCup_far_1920x1080_30p,27,veryfast,dtlb-loads,473986578.0,,,
Aerial3200,32,veryfast,dtlb-loads,493286993.0,,,
Boat,32,veryfast,dtlb-loads,449507562.0,,,
BoxingPractice,32,veryfast,dtlb-loads,2098837831.0,,,
Crosswalk,32,veryfast,dtlb-loads,1679063767.0,,,
CrowdRun,32,veryfast,dtlb-loads,490519753.0,,,
DinnerSceneCropped,32,veryfast,dtlb-loads,627822837.0,,,
FoodMarket,32,veryfast,dtlb-loads,1074272635.0,,,
FoodMarket2,32,veryfast,dtlb-loads,2312140579.0,,,
MeridianTalk_sdr,32,veryfast,dtlb-loads,607457554.0,,,
Motorcycle,32,veryfast,dtlb-loads,412128527.0,,,
MountainBike,32,veryfast,dtlb-loads,458870218.0,,,
Neon1224,32,veryfast,dtlb-loads,1776571423.0,,,
NocturneDance_3840x2160p_8bit,32,veryfast,dtlb-loads,1466101698.0,,,
OldTownCross,32,veryfast,dtlb-loads,449201430.0,,,
PedestrianArea,32,veryfast,dtlb-loads,396904519.0,,,
PierSeaSide,32,veryfast,dtlb-loads,2162176562.0,,,
RitualDance,32,veryfast,dtlb-loads,553628057.0,,,
Riverbed,32,veryfast,dtlb-loads,582017393.0,,,
RushFieldCuts,32,veryfast,dtlb-loads,610186260.0,,,
Skater227,32,veryfast,dtlb-loads,,,,
Tango,32,veryfast,dtlb-loads,2182986211.0,,,
TimeLapse,32,veryfast,dtlb-loads,1869875210.0,,,
ToddlerFountain,32,veryfast,dtlb-loads,366222408.0,,,
TreesAndGrass_1920_1080,32,veryfast,dtlb-loads,459847057.0,,,
TunnelFlag,32,veryfast,dtlb-loads,617131423.0,,,
Vertical_Carnaby,32,veryfast,dtlb-loads,288009640.0,,,
Vertical_bees,32,veryfast,dtlb-loads,392431294.0,,,
WalkingInStreet,32,veryfast,dtlb-loads,493810294.0,,,
WorldCup_1920x1080_30p,32,veryfast,dtlb-loads,499505249.0,,,
WorldCup_far_1920x1080_30p,32,veryfast,dtlb-loads,454861813.0,,,
Aerial3200,37,veryfast,dtlb-loads,532238149.0,,,
Boat,37,veryfast,dtlb-loads,454897018.0,,,
BoxingPractice,37,veryfast,dtlb-loads,1751794087.0,,,
Crosswalk,37,veryfast,dtlb-loads,1852655516.0,,,
CrowdRun,37,veryfast,dtlb-loads,510464774.0,,,
DinnerSceneCropped,37,veryfast,dtlb-loads,856534309.0,,,
FoodMarket,37,veryfast,dtlb-loads,866597323.0,,,
FoodMarket2,37,veryfast,dtlb-loads,2120801354.0,,,
MeridianTalk_sdr,37,veryfast,dtlb-loads,514886466.0,,,
Motorcycle,37,veryfast,dtlb-loads,592206644.0,,,
MountainBike,37,veryfast,dtlb-loads,524656316.0,,,
Neon1224,37,veryfast,dtlb-loads,1726896506.0,,,
NocturneDance_3840x2160p_8bit,37,veryfast,dtlb-loads,1635803882.0,,,
OldTownCross,37,veryfast,dtlb-loads,557211468.0,,,
PedestrianArea,37,veryfast,dtlb-loads,584422510.0,,,
PierSeaSide,37,veryfast,dtlb-loads,2063196894.0,,,
RitualDance,37,veryfast,dtlb-loads,608778042.0,,,
Riverbed,37,veryfast,dtlb-loads,531916959.0,,,
RushFieldCuts,37,veryfast,dtlb-loads,561755630.0,,,
Skater227,37,veryfast,dtlb-loads,,,,
Tango,37,veryfast,dtlb-loads,2148123679.0,,,
TimeLapse,37,veryfast,dtlb-loads,1878455665.0,,,
ToddlerFountain,37,veryfast,dtlb-loads,420953544.0,,,
TreesAndGrass_1920_1080,37,veryfast,dtlb-loads,467757694.0,,,
TunnelFlag,37,veryfast,dtlb-loads,582557709.0,,,
Vertical_Carnaby,37,veryfast,dtlb-loads,319093537.0,,,
Vertical_bees,37,veryfast,dtlb-loads,433165915.0,,,
WalkingInStreet,37,veryfast,dtlb-loads,425384343.0,,,
WorldCup_1920x1080_30p,37,veryfast,dtlb-loads,444672562.0,,,
WorldCup_far_1920x1080_30p,37,veryfast,dtlb-loads,579973426.0,,,
Aerial3200,22,fast,dtlb-store-misses,,,,
Boat,22,fast,dtlb-store-misses,,,,
BoxingPractice,22,fast,dtlb-store-misses,,,,
Crosswalk,22,fast,dtlb-store-misses,,,,
CrowdRun,22,fast,dtlb-store-misses,,,,
DinnerSceneCropped,22,fast,dtlb-store-misses,,,,
FoodMarket,22,fast,dtlb-store-misses,,,,
FoodMarket2,22,fast,dtlb-store-misses,,,,
MeridianTalk_sdr,22,fast,dtlb-store-misses,,,,
Motorcycle,22,fast,dtlb-store-misses,,,,
MountainBike,22,fast,dtlb-store-misses,,,,
Neon1224,22,fast,dtlb-store-misses,,,,
NocturneDance_3840x2160p_8bit,22,fast,dtlb-store-misses,,,,
OldTownCross,22,fast,dtlb-store-misses,,,,
PedestrianArea,22,fast,dtlb-store-misses,,,,
PierSeaSide,22,fast,dtlb-store-misses,,,,
RitualDance,22,fast,dtlb-store-misses,,,,
Riverbed,22,fast,dtlb-store-misses,,,,
RushFieldCuts,22,fast,dtlb-store-misses,,,,
Skater227,22,fast,dtlb-store-misses,,,,
Tango,22,fast,dtlb-store-misses,,,,
TimeLapse,22,fast,dtlb-store-misses,,,,
ToddlerFountain,22,fast,dtlb-store-misses,,,,
TreesAndGrass_1920_1080,22,fast,dtlb-store-misses,,,,
TunnelFlag,22,fast,dtlb-store-misses,,,,
Vertical_Carnaby,22,fast,dtlb-store-misses,,,,
Vertical_bees,22,fast,dtlb-store-misses,,,,
WalkingInStreet,22,fast,dtlb-store-misses,,,,
WorldCup_1920x1080_30p,22,fast,dtlb-store-misses,,,,
WorldCup_far_1920x1080_30p,22,fast,dtlb-store-misses,,,,
Aerial3200,27,fast,dtlb-store-misses,,,,
Boat,27,fast,dtlb-store-misses,,,,
BoxingPractice,27,fast,dtlb-store-misses,,,,
Crosswalk,27,fast,dtlb-store-misses,,,,
CrowdRun,27,fast,dtlb-store-misses,,,,
DinnerSceneCropped,27,fast,dtlb-store-misses,,,,
FoodMarket,27,fast,dtlb-store-misses,,,,
FoodMarket2,27,fast,dtlb-store-misses,,,,
MeridianTalk_sdr,27,fast,dtlb-store-misses,,,,
Motorcycle,27,fast,dtlb-store-misses,,,,
MountainBike,27,fast,dtlb-store-misses,,,,
Neon1224,27,fast,dtlb-store-misses,,,,
NocturneDance_3840x2160p_8bit,27,fast,dtlb-store-misses,,,,
OldTownCross,27,fast,dtlb-store-misses,,,,
PedestrianArea,27,fast,dtlb-store-misses,,,,
PierSeaSide,27,fast,dtlb-store-misses,,,,
RitualDance,27,fast,dtlb-store-misses,,,,
Riverbed,27,fast,dtlb-store-misses,,,,
RushFieldCuts,27,fast,dtlb-store-misses,,,,
Skater227,27,fast,dtlb-store-misses,,,,
Tango,27,fast,dtlb-store-misses,,,,
TimeLapse,27,fast,dtlb-store-misses,,,,
ToddlerFountain,27,fast,dtlb-store-misses,,,,
TreesAndGrass_1920_1080,27,fast,dtlb-store-misses,,,,
TunnelFlag,27,fast,dtlb-store-misses,,,,
Vertical_Carnaby,27,fast,dtlb-store-misses,,,,
Vertical_bees,27,fast,dtlb-store-misses,,,,
WalkingInStreet,27,fast,dtlb-store-misses,,,,
WorldCup_1920x1080_30p,27,fast,dtlb-store-misses,,,,
WorldCup_far_1920x1080_30p,27,fast,dtlb-store-misses,,,,
Aerial3200,32,fast,dtlb-store-misses,,,,
Boat,32,fast,dtlb-store-misses,,,,
BoxingPractice,32,fast,dtlb-store-misses,,,,
Crosswalk,32,fast,dtlb-store-misses,,,,
CrowdRun,32,fast,dtlb-store-misses,,,,
DinnerSceneCropped,32,fast,dtlb-store-misses,,,,
FoodMarket,32,fast,dtlb-store-misses,,,,
FoodMarket2,32,fast,dtlb-store-misses,,,,
MeridianTalk_sdr,32,fast,dtlb-store-misses,,,,
Motorcycle,32,fast,dtlb-store-misses,,,,
MountainBike,32,fast,dtlb-store-misses,,,,
Neon1224,32,fast,dtlb-store-misses,,,,
NocturneDance_3840x2160p_8bit,32,fast,dtlb-store-misses,,,,
OldTownCross,32,fast,dtlb-store-misses,,,,
PedestrianArea,32,fast,dtlb-store-misses,,,,
PierSeaSide,32,fast,dtlb-store-misses,,,,
RitualDance,32,fast,dtlb-store-misses,,,,
Riverbed,32,fast,dtlb-store-misses,,,,
RushFieldCuts,32,fast,dtlb-store-misses,,,,
Skater227,32,fast,dtlb-store-misses,,,,
Tango,32,fast,dtlb-store-misses,,,,
TimeLapse,32,fast,dtlb-store-misses,,,,
ToddlerFountain,32,fast,dtlb-store-misses,,,,
TreesAndGrass_1920_1080,32,fast,dtlb-store-misses,,,,
TunnelFlag,32,fast,dtlb-store-misses,,,,
Vertical_Carnaby,32,fast,dtlb-store-misses,,,,
Vertical_bees,32,fast,dtlb-store-misses,,,,
WalkingInStreet,32,fast,dtlb-store-misses,,,,
WorldCup_1920x1080_30p,32,fast,dtlb-store-misses,,,,
WorldCup_far_1920x1080_30p,32,fast,dtlb-store-misses,,,,
Aerial3200,37,fast,dtlb-store-misses,,,,
Boat,37,fast,dtlb-store-misses,,,,
BoxingPractice,37,fast,dtlb-store-misses,,,,
Crosswalk,37,fast,dtlb-store-misses,,,,
CrowdRun,37,fast,dtlb-store-misses,,,,
DinnerSceneCropped,37,fast,dtlb-store-misses,,,,
FoodMarket,37,fast,dtlb-store-misses,,,,
FoodMarket2,37,fast,dtlb-store-misses,,,,
MeridianTalk_sdr,37,fast,dtlb-store-misses,,,,
Motorcycle,37,fast,dtlb-store-misses,,,,
MountainBike,37,fast,dtlb-store-misses,,,,
Neon1224,37,fast,dtlb-store-misses,,,,
NocturneDance_3840x2160p_8bit,37,fast,dtlb-store-misses,,,,
OldTownCross,37,fast,dtlb-store-misses,,,,
PedestrianArea,37,fast,dtlb-store-misses,,,,
PierSeaSide,37,fast,dtlb-store-misses,,,,
RitualDance,37,fast,dtlb-store-misses,,,,
Riverbed,37,fast,dtlb-store-misses,,,,
RushFieldCuts,37,fast,dtlb-store-misses,,,,
Skater227,37,fast,dtlb-store-misses,,,,
Tango,37,fast,dtlb-store-misses,,,,
TimeLapse,37,fast,dtlb-store-misses,,,,
ToddlerFountain,37,fast,dtlb-store-misses,,,,
TreesAndGrass_1920_1080,37,fast,dtlb-store-misses,,,,
TunnelFlag,37,fast,dtlb-store-misses,,,,
Vertical_Carnaby,37,fast,dtlb-store-misses,,,,
Vertical_bees,37,fast,dtlb-store-misses,,,,
WalkingInStreet,37,fast,dtlb-store-misses,,,,
WorldCup_1920x1080_30p,37,fast,dtlb-store-misses,,,,
WorldCup_far_1920x1080_30p,37,fast,dtlb-store-misses,,,,
Aerial3200,22,faster,dtlb-store-misses,,,,
Boat,22,faster,dtlb-store-misses,,,,
BoxingPractice,22,faster,dtlb-store-misses,,,,
Crosswalk,22,faster,dtlb-store-misses,,,,
CrowdRun,22,faster,dtlb-store-misses,,,,
DinnerSceneCropped,22,faster,dtlb-store-misses,,,,
FoodMarket,22,faster,dtlb-store-misses,,,,
FoodMarket2,22,faster,dtlb-store-misses,,,,
MeridianTalk_sdr,22,faster,dtlb-store-misses,,,,
Motorcycle,22,faster,dtlb-store-misses,,,,
MountainBike,22,faster,dtlb-store-misses,,,,
Neon1224,22,faster,dtlb-store-misses,,,,
NocturneDance_3840x2160p_8bit,22,faster,dtlb-store-misses,,,,
OldTownCross,22,faster,dtlb-store-misses,,,,
PedestrianArea,22,faster,dtlb-store-misses,,,,
PierSeaSide,22,faster,dtlb-store-misses,,,,
RitualDance,22,faster,dtlb-store-misses,,,,
Riverbed,22,faster,dtlb-store-misses,,,,
RushFieldCuts,22,faster,dtlb-store-misses,,,,
Skater227,22,faster,dtlb-store-misses,,,,
Tango,22,faster,dtlb-store-misses,,,,
TimeLapse,22,faster,dtlb-store-misses,,,,
ToddlerFountain,22,faster,dtlb-store-misses,,,,
TreesAndGrass_1920_1080,22,faster,dtlb-store-misses,,,,
TunnelFlag,22,faster,dtlb-store-misses,,,,
Vertical_Carnaby,22,faster,dtlb-store-misses,,,,
Vertical_bees,22,faster,dtlb-store-misses,,,,
WalkingInStreet,22,faster,dtlb-store-misses,,,,
WorldCup_1920x1080_30p,22,faster,dtlb-store-misses,,,,
WorldCup_far_1920x1080_30p,22,faster,dtlb-store-misses,,,,
Aerial3200,27,faster,dtlb-store-misses,,,,
Boat,27,faster,dtlb-store-misses,,,,
BoxingPractice,27,faster,dtlb-store-misses,,,,
Crosswalk,27,faster,dtlb-store-misses,,,,
CrowdRun,27,faster,dtlb-store-misses,,,,
DinnerSceneCropped,27,faster,dtlb-store-misses,,,,
FoodMarket,27,faster,dtlb-store-misses,,,,
FoodMarket2,27,faster,dtlb-store-misses,,,,
MeridianTalk_sdr,27,faster,dtlb-store-misses,,,,
Motorcycle,27,faster,dtlb-store-misses,,,,
MountainBike,27,faster,dtlb-store-misses,,,,
Neon1224,27,faster,dtlb-store-misses,,,,
NocturneDance_3840x2160p_8bit,27,faster,dtlb-store-misses,,,,
OldTownCross,27,faster,dtlb-store-misses,,,,
PedestrianArea,27,faster,dtlb-store-misses,,,,
PierSeaSide,27,faster,dtlb-store-misses,,,,
RitualDance,27,faster,dtlb-store-misses,,,,
Riverbed,27,faster,dtlb-store-misses,,,,
RushFieldCuts,27,faster,dtlb-store-misses,,,,
Skater227,27,faster,dtlb-store-misses,,,,
Tango,27,faster,dtlb-store-misses,,,,
TimeLapse,27,faster,dtlb-store-misses,,,,
ToddlerFountain,27,faster,dtlb-store-misses,,,,
TreesAndGrass_1920_1080,27,faster,dtlb-store-misses,,,,
TunnelFlag,27,faster,dtlb-store-misses,,,,
Vertical_Carnaby,27,faster,dtlb-store-misses,,,,
Vertical_bees,27,faster,dtlb-store-misses,,,,
WalkingInStreet,27,faster,dtlb-store-misses,,,,
WorldCup_1920x1080_30p,27,faster,dtlb-store-misses,,,,
WorldCup_far_1920x1080_30p,27,faster,dtlb-store-misses,,,,
Aerial3200,32,faster,dtlb-store-misses,,,,
Boat,32,faster,dtlb-store-misses,,,,
BoxingPractice,32,faster,dtlb-store-misses,,,,
Crosswalk,32,faster,dtlb-store-misses,,,,
CrowdRun,32,faster,dtlb-store-misses,,,,
DinnerSceneCropped,32,faster,dtlb-store-misses,,,,
FoodMarket,32,faster,dtlb-store-misses,,,,
FoodMarket2,32,faster,dtlb-store-misses,,,,
MeridianTalk_sdr,32,faster,dtlb-store-misses,,,,
Motorcycle,32,faster,dtlb-store-misses,,,,
MountainBike,32,faster,dtlb-store-misses,,,,
Neon1224,32,faster,dtlb-store-misses,,,,
NocturneDance_3840x2160p_8bit,32,faster,dtlb-store-misses,,,,
OldTownCross,32,faster,dtlb-store-misses,,,,
PedestrianArea,32,faster,dtlb-store-misses,,,,
PierSeaSide,32,faster,dtlb-store-misses,,,,
RitualDance,32,faster,dtlb-store-misses,,,,
Riverbed,32,faster,dtlb-store-misses,,,,
RushFieldCuts,32,faster,dtlb-store-misses,,,,
Skater227,32,faster,dtlb-store-misses,,,,
Tango,32,faster,dtlb-store-misses,,,,
TimeLapse,32,faster,dtlb-store-misses,,,,
ToddlerFountain,32,faster,dtlb-store-misses,,,,
TreesAndGrass_1920_1080,32,faster,dtlb-store-misses,,,,
TunnelFlag,32,faster,dtlb-store-misses,,,,
Vertical_Carnaby,32,faster,dtlb-store-misses,,,,
Vertical_bees,32,faster,dtlb-store-misses,,,,
WalkingInStreet,32,faster,dtlb-store-misses,,,,
WorldCup_1920x1080_30p,32,faster,dtlb-store-misses,,,,
WorldCup_far_1920x1080_30p,32,faster,dtlb-store-misses,,,,
Aerial3200,37,faster,dtlb-store-misses,,,,
Boat,37,faster,dtlb-store-misses,,,,
BoxingPractice,37,faster,dtlb-store-misses,,,,
Crosswalk,37,faster,dtlb-store-misses,,,,
CrowdRun,37,faster,dtlb-store-misses,,,,
DinnerSceneCropped,37,faster,dtlb-store-misses,,,,
FoodMarket,37,faster,dtlb-store-misses,,,,
FoodMarket2,37,faster,dtlb-store-misses,,,,
MeridianTalk_sdr,37,faster,dtlb-store-misses,,,,
Motorcycle,37,faster,dtlb-store-misses,,,,
MountainBike,37,faster,dtlb-store-misses,,,,
Neon1224,37,faster,dtlb-store-misses,,,,
NocturneDance_3840x2160p_8bit,37,faster,dtlb-store-misses,,,,
OldTownCross,37,faster,dtlb-store-misses,,,,
PedestrianArea,37,faster,dtlb-store-misses,,,,
PierSeaSide,37,faster,dtlb-store-misses,,,,
RitualDance,37,faster,dtlb-store-misses,,,,
Riverbed,37,faster,dtlb-store-misses,,,,
RushFieldCuts,37,faster,dtlb-store-misses,,,,
Skater227,37,faster,dtlb-store-misses,,,,
Tango,37,faster,dtlb-store-misses,,,,
TimeLapse,37,faster,dtlb-store-misses,,,,
ToddlerFountain,37,faster,dtlb-store-misses,,,,
TreesAndGrass_1920_1080,37,faster,dtlb-store-misses,,,,
TunnelFlag,37,faster,dtlb-store-misses,,,,
Vertical_Carnaby,37,faster,dtlb-store-misses,,,,
Vertical_bees,37,faster,dtlb-store-misses,,,,
WalkingInStreet,37,faster,dtlb-store-misses,,,,
WorldCup_1920x1080_30p,37,faster,dtlb-store-misses,,,,
WorldCup_far_1920x1080_30p,37,faster,dtlb-store-misses,,,,
Aerial3200,22,superfast,dtlb-store-misses,,,,
Boat,22,superfast,dtlb-store-misses,,,,
BoxingPractice,22,superfast,dtlb-store-misses,,,,
Crosswalk,22,superfast,dtlb-store-misses,,,,
CrowdRun,22,superfast,dtlb-store-misses,,,,
DinnerSceneCropped,22,superfast,dtlb-store-misses,,,,
FoodMarket,22,superfast,dtlb-store-misses,,,,
FoodMarket2,22,superfast,dtlb-store-misses,,,,
MeridianTalk_sdr,22,superfast,dtlb-store-misses,,,,
Motorcycle,22,superfast,dtlb-store-misses,,,,
MountainBike,22,superfast,dtlb-store-misses,,,,
Neon1224,22,superfast,dtlb-store-misses,,,,
NocturneDance_3840x2160p_8bit,22,superfast,dtlb-store-misses,,,,
OldTownCross,22,superfast,dtlb-store-misses,,,,
PedestrianArea,22,superfast,dtlb-store-misses,,,,
PierSeaSide,22,superfast,dtlb-store-misses,,,,
RitualDance,22,superfast,dtlb-store-misses,,,,
Riverbed,22,superfast,dtlb-store-misses,,,,
RushFieldCuts,22,superfast,dtlb-store-misses,,,,
Skater227,22,superfast,dtlb-store-misses,,,,
Tango,22,superfast,dtlb-store-misses,,,,
TimeLapse,22,superfast,dtlb-store-misses,,,,
ToddlerFountain,22,superfast,dtlb-store-misses,,,,
TreesAndGrass_1920_1080,22,superfast,dtlb-store-misses,,,,
TunnelFlag,22,superfast,dtlb-store-misses,,,,
Vertical_Carnaby,22,superfast,dtlb-store-misses,,,,
Vertical_bees,22,superfast,dtlb-store-misses,,,,
WalkingInStreet,22,superfast,dtlb-store-misses,,,,
WorldCup_1920x1080_30p,22,superfast,dtlb-store-misses,,,,
WorldCup_far_1920x1080_30p,22,superfast,dtlb-store-misses,,,,
Aerial3200,27,superfast,dtlb-store-misses,,,,
Boat,27,superfast,dtlb-store-misses,,,,
BoxingPractice,27,superfast,dtlb-store-misses,,,,
Crosswalk,27,superfast,dtlb-store-misses,,,,
CrowdRun,27,superfast,dtlb-store-misses,,,,
DinnerSceneCropped,27,superfast,dtlb-store-misses,,,,
FoodMarket,27,superfast,dtlb-store-misses,,,,
FoodMarket2,27,superfast,dtlb-store-misses,,,,
MeridianTalk_sdr,27,superfast,dtlb-store-misses,,,,
Motorcycle,27,superfast,dtlb-store-misses,,,,
MountainBike,27,superfast,dtlb-store-misses,,,,
Neon1224,27,superfast,dtlb-store-misses,,,,
NocturneDance_3840x2160p_8bit,27,superfast,dtlb-store-misses,,,,
OldTownCross,27,superfast,dtlb-store-misses,,,,
PedestrianArea,27,superfast,dtlb-store-misses,,,,
PierSeaSide,27,superfast,dtlb-store-misses,,,,
RitualDance,27,superfast,dtlb-store-misses,,,,
Riverbed,27,superfast,dtlb-store-misses,,,,
RushFieldCuts,27,superfast,dtlb-store-misses,,,,
Skater227,27,superfast,dtlb-store-misses,,,,
Tango,27,superfast,dtlb-store-misses,,,,
TimeLapse,27,superfast,dtlb-store-misses,,,,
ToddlerFountain,27,superfast,dtlb-store-misses,,,,
TreesAndGrass_1920_1080,27,superfast,dtlb-store-misses,,,,
TunnelFlag,27,superfast,dtlb-store-misses,,,,
Vertical_Carnaby,27,superfast,dtlb-store-misses,,,,
Vertical_bees,27,superfast,dtlb-store-misses,,,,
WalkingInStreet,27,superfast,dtlb-store-misses,,,,
WorldCup_1920x1080_30p,27,superfast,dtlb-store-misses,,,,
WorldCup_far_1920x1080_30p,27,superfast,dtlb-store-misses,,,,
Aerial3200,32,superfast,dtlb-store-misses,,,,
Boat,32,superfast,dtlb-store-misses,,,,
BoxingPractice,32,superfast,dtlb-store-misses,,,,
Crosswalk,32,superfast,dtlb-store-misses,,,,
CrowdRun,32,superfast,dtlb-store-misses,,,,
DinnerSceneCropped,32,superfast,dtlb-store-misses,,,,
FoodMarket,32,superfast,dtlb-store-misses,,,,
FoodMarket2,32,superfast,dtlb-store-misses,,,,
MeridianTalk_sdr,32,superfast,dtlb-store-misses,,,,
Motorcycle,32,superfast,dtlb-store-misses,,,,
MountainBike,32,superfast,dtlb-store-misses,,,,
Neon1224,32,superfast,dtlb-store-misses,,,,
NocturneDance_3840x2160p_8bit,32,superfast,dtlb-store-misses,,,,
OldTownCross,32,superfast,dtlb-store-misses,,,,
PedestrianArea,32,superfast,dtlb-store-misses,,,,
PierSeaSide,32,superfast,dtlb-store-misses,,,,
RitualDance,32,superfast,dtlb-store-misses,,,,
Riverbed,32,superfast,dtlb-store-misses,,,,
RushFieldCuts,32,superfast,dtlb-store-misses,,,,
Skater227,32,superfast,dtlb-store-misses,,,,
Tango,32,superfast,dtlb-store-misses,,,,
TimeLapse,32,superfast,dtlb-store-misses,,,,
ToddlerFountain,32,superfast,dtlb-store-misses,,,,
TreesAndGrass_1920_1080,32,superfast,dtlb-store-misses,,,,
TunnelFlag,32,superfast,dtlb-store-misses,,,,
Vertical_Carnaby,32,superfast,dtlb-store-misses,,,,
Vertical_bees,32,superfast,dtlb-store-misses,,,,
WalkingInStreet,32,superfast,dtlb-store-misses,,,,
WorldCup_1920x1080_30p,32,superfast,dtlb-store-misses,,,,
WorldCup_far_1920x1080_30p,32,superfast,dtlb-store-misses,,,,
Aerial3200,37,superfast,dtlb-store-misses,,,,
Boat,37,superfast,dtlb-store-misses,,,,
BoxingPractice,37,superfast,dtlb-store-misses,,,,
Crosswalk,37,superfast,dtlb-store-misses,,,,
CrowdRun,37,superfast,dtlb-store-misses,,,,
DinnerSceneCropped,37,superfast,dtlb-store-misses,,,,
FoodMarket,37,superfast,dtlb-store-misses,,,,
FoodMarket2,37,superfast,dtlb-store-misses,,,,
MeridianTalk_sdr,37,superfast,dtlb-store-misses,,,,
Motorcycle,37,superfast,dtlb-store-misses,,,,
MountainBike,37,superfast,dtlb-store-misses,,,,
Neon1224,37,superfast,dtlb-store-misses,,,,
NocturneDance_3840x2160p_8bit,37,superfast,dtlb-store-misses,,,,
OldTownCross,37,superfast,dtlb-store-misses,,,,
PedestrianArea,37,superfast,dtlb-store-misses,,,,
PierSeaSide,37,superfast,dtlb-store-misses,,,,
RitualDance,37,superfast,dtlb-store-misses,,,,
Riverbed,37,superfast,dtlb-store-misses,,,,
RushFieldCuts,37,superfast,dtlb-store-misses,,,,
Skater227,37,superfast,dtlb-store-misses,,,,
Tango,37,superfast,dtlb-store-misses,,,,
TimeLapse,37,superfast,dtlb-store-misses,,,,
ToddlerFountain,37,superfast,dtlb-store-misses,,,,
TreesAndGrass_1920_1080,37,superfast,dtlb-store-misses,,,,
TunnelFlag,37,superfast,dtlb-store-misses,,,,
Vertical_Carnaby,37,superfast,dtlb-store-misses,,,,
Vertical_bees,37,superfast,dtlb-store-misses,,,,
WalkingInStreet,37,superfast,dtlb-store-misses,,,,
WorldCup_1920x1080_30p,37,superfast,dtlb-store-misses,,,,
WorldCup_far_1920x1080_30p,37,superfast,dtlb-store-misses,,,,
Aerial3200,22,veryfast,dtlb-store-misses,,,,
Boat,22,veryfast,dtlb-store-misses,,,,
BoxingPractice,22,veryfast,dtlb-store-misses,,,,
Crosswalk,22,veryfast,dtlb-store-misses,,,,
CrowdRun,22,veryfast,dtlb-store-misses,,,,
DinnerSceneCropped,22,veryfast,dtlb-store-misses,,,,
FoodMarket,22,veryfast,dtlb-store-misses,,,,
FoodMarket2,22,veryfast,dtlb-store-misses,,,,
MeridianTalk_sdr,22,veryfast,dtlb-store-misses,,,,
Motorcycle,22,veryfast,dtlb-store-misses,,,,
MountainBike,22,veryfast,dtlb-store-misses,,,,
Neon1224,22,veryfast,dtlb-store-misses,,,,
NocturneDance_3840x2160p_8bit,22,veryfast,dtlb-store-misses,,,,
OldTownCross,22,veryfast,dtlb-store-misses,,,,
PedestrianArea,22,veryfast,dtlb-store-misses,,,,
PierSeaSide,22,veryfast,dtlb-store-misses,,,,
RitualDance,22,veryfast,dtlb-store-misses,,,,
Riverbed,22,veryfast,dtlb-store-misses,,,,
RushFieldCuts,22,veryfast,dtlb-store-misses,,,,
Skater227,22,veryfast,dtlb-store-misses,,,,
Tango,22,veryfast,dtlb-store-misses,,,,
TimeLapse,22,veryfast,dtlb-store-misses,,,,
ToddlerFountain,22,veryfast,dtlb-store-misses,,,,
TreesAndGrass_1920_1080,22,veryfast,dtlb-store-misses,,,,
TunnelFlag,22,veryfast,dtlb-store-misses,,,,
Vertical_Carnaby,22,veryfast,dtlb-store-misses,,,,
Vertical_bees,22,veryfast,dtlb-store-misses,,,,
WalkingInStreet,22,veryfast,dtlb-store-misses,,,,
WorldCup_1920x1080_30p,22,veryfast,dtlb-store-misses,,,,
WorldCup_far_1920x1080_30p,22,veryfast,dtlb-store-misses,,,,
Aerial3200,27,veryfast,dtlb-store-misses,,,,
Boat,27,veryfast,dtlb-store-misses,,,,
BoxingPractice,27,veryfast,dtlb-store-misses,,,,
Crosswalk,27,veryfast,dtlb-store-misses,,,,
CrowdRun,27,veryfast,dtlb-store-misses,,,,
DinnerSceneCropped,27,veryfast,dtlb-store-misses,,,,
FoodMarket,27,veryfast,dtlb-store-misses,,,,
FoodMarket2,27,veryfast,dtlb-store-misses,,,,
MeridianTalk_sdr,27,veryfast,dtlb-store-misses,,,,
Motorcycle,27,veryfast,dtlb-store-misses,,,,
MountainBike,27,veryfast,dtlb-store-misses,,,,
Neon1224,27,veryfast,dtlb-store-misses,,,,
NocturneDance_3840x2160p_8bit,27,veryfast,dtlb-store-misses,,,,
OldTownCross,27,veryfast,dtlb-store-misses,,,,
PedestrianArea,27,veryfast,dtlb-store-misses,,,,
PierSeaSide,27,veryfast,dtlb-store-misses,,,,
RitualDance,27,veryfast,dtlb-store-misses,,,,
Riverbed,27,veryfast,dtlb-store-misses,,,,
RushFieldCuts,27,veryfast,dtlb-store-misses,,,,
Skater227,27,veryfast,dtlb-store-misses,,,,
Tango,27,veryfast,dtlb-store-misses,,,,
TimeLapse,27,veryfast,dtlb-store-misses,,,,
ToddlerFountain,27,veryfast,dtlb-store-misses,,,,
TreesAndGrass_1920_1080,27,veryfast,dtlb-store-misses,,,,
TunnelFlag,27,veryfast,dtlb-store-misses,,,,
Vertical_Carnaby,27,veryfast,dtlb-store-misses,,,,
Vertical_bees,27,veryfast,dtlb-store-misses,,,,
WalkingInStreet,27,veryfast,dtlb-store-misses,,,,
WorldCup_1920x1080_30p,27,veryfast,dtlb-store-misses,,,,
WorldCup_far_1920x1080_30p,27,veryfast,dtlb-store-misses,,,,
Aerial3200,32,veryfast,dtlb-store-misses,,,,
Boat,32,veryfast,dtlb-store-misses,,,,
BoxingPractice,32,veryfast,dtlb-store-misses,,,,
Crosswalk,32,veryfast,dtlb-store-misses,,,,
CrowdRun,32,veryfast,dtlb-store-misses,,,,
DinnerSceneCropped,32,veryfast,dtlb-store-misses,,,,
FoodMarket,32,veryfast,dtlb-store-misses,,,,
FoodMarket2,32,veryfast,dtlb-store-misses,,,,
MeridianTalk_sdr,32,veryfast,dtlb-store-misses,,,,
Motorcycle,32,veryfast,dtlb-store-misses,,,,
MountainBike,32,veryfast,dtlb-store-misses,,,,
Neon1224,32,veryfast,dtlb-store-misses,,,,
NocturneDance_3840x2160p_8bit,32,veryfast,dtlb-store-misses,,,,
OldTownCross,32,veryfast,dtlb-store-misses,,,,
PedestrianArea,32,veryfast,dtlb-store-misses,,,,
PierSeaSide,32,veryfast,dtlb-store-misses,,,,
RitualDance,32,veryfast,dtlb-store-misses,,,,
Riverbed,32,veryfast,dtlb-store-misses,,,,
RushFieldCuts,32,veryfast,dtlb-store-misses,,,,
Skater227,32,veryfast,dtlb-store-misses,,,,
Tango,32,veryfast,dtlb-store-misses,,,,
TimeLapse,32,veryfast,dtlb-store-misses,,,,
ToddlerFountain,32,veryfast,dtlb-store-misses,,,,
TreesAndGrass_1920_1080,32,veryfast,dtlb-store-misses,,,,
TunnelFlag,32,veryfast,dtlb-store-misses,,,,
Vertical_Carnaby,32,veryfast,dtlb-store-misses,,,,
Vertical_bees,32,veryfast,dtlb-store-misses,,,,
WalkingInStreet,32,veryfast,dtlb-store-misses,,,,
WorldCup_1920x1080_30p,32,veryfast,dtlb-store-misses,,,,
WorldCup_far_1920x1080_30p,32,veryfast,dtlb-store-misses,,,,
Aerial3200,37,veryfast,dtlb-store-misses,,,,
Boat,37,veryfast,dtlb-store-misses,,,,
BoxingPractice,37,veryfast,dtlb-store-misses,,,,
Crosswalk,37,veryfast,dtlb-store-misses,,,,
CrowdRun,37,veryfast,dtlb-store-misses,,,,
DinnerSceneCropped,37,veryfast,dtlb-store-misses,,,,
FoodMarket,37,veryfast,dtlb-store-misses,,,,
FoodMarket2,37,veryfast,dtlb-store-misses,,,,
MeridianTalk_sdr,37,veryfast,dtlb-store-misses,,,,
Motorcycle,37,veryfast,dtlb-store-misses,,,,
MountainBike,37,veryfast,dtlb-store-misses,,,,
Neon1224,37,veryfast,dtlb-store-misses,,,,
NocturneDance_3840x2160p_8bit,37,veryfast,dtlb-store-misses,,,,
OldTownCross,37,veryfast,dtlb-store-misses,,,,
PedestrianArea,37,veryfast,dtlb-store-misses,,,,
PierSeaSide,37,veryfast,dtlb-store-misses,,,,
RitualDance,37,veryfast,dtlb-store-misses,,,,
Riverbed,37,veryfast,dtlb-store-misses,,,,
RushFieldCuts,37,veryfast,dtlb-store-misses,,,,
Skater227,37,veryfast,dtlb-store-misses,,,,
Tango,37,veryfast,dtlb-store-misses,,,,
TimeLapse,37,veryfast,dtlb-store-misses,,,,
ToddlerFountain,37,veryfast,dtlb-store-misses,,,,
TreesAndGrass_1920_1080,37,veryfast,dtlb-store-misses,,,,
TunnelFlag,37,veryfast,dtlb-store-misses,,,,
Vertical_Carnaby,37,veryfast,dtlb-store-misses,,,,
Vertical_bees,37,veryfast,dtlb-store-misses,,,,
WalkingInStreet,37,veryfast,dtlb-store-misses,,,,
WorldCup_1920x1080_30p,37,veryfast,dtlb-store-misses,,,,
WorldCup_far_1920x1080_30p,37,veryfast,dtlb-store-misses,,,,
Aerial3200,22,fast,dtlb-stores,,,,
Boat,22,fast,dtlb-stores,,,,
BoxingPractice,22,fast,dtlb-stores,,,,
Crosswalk,22,fast,dtlb-stores,,,,
CrowdRun,22,fast,dtlb-stores,,,,
DinnerSceneCropped,22,fast,dtlb-stores,,,,
FoodMarket,22,fast,dtlb-stores,,,,
FoodMarket2,22,fast,dtlb-stores,,,,
MeridianTalk_sdr,22,fast,dtlb-stores,,,,
Motorcycle,22,fast,dtlb-stores,,,,
MountainBike,22,fast,dtlb-stores,,,,
Neon1224,22,fast,dtlb-stores,,,,
NocturneDance_3840x2160p_8bit,22,fast,dtlb-stores,,,,
OldTownCross,22,fast,dtlb-stores,,,,
PedestrianArea,22,fast,dtlb-stores,,,,
PierSeaSide,22,fast,dtlb-stores,,,,
RitualDance,22,fast,dtlb-stores,,,,
Riverbed,22,fast,dtlb-stores,,,,
RushFieldCuts,22,fast,dtlb-stores,,,,
Skater227,22,fast,dtlb-stores,,,,
Tango,22,fast,dtlb-stores,,,,
TimeLapse,22,fast,dtlb-stores,,,,
ToddlerFountain,22,fast,dtlb-stores,,,,
TreesAndGrass_1920_1080,22,fast,dtlb-stores,,,,
TunnelFlag,22,fast,dtlb-stores,,,,
Vertical_Carnaby,22,fast,dtlb-stores,,,,
Vertical_bees,22,fast,dtlb-stores,,,,
WalkingInStreet,22,fast,dtlb-stores,,,,
WorldCup_1920x1080_30p,22,fast,dtlb-stores,,,,
WorldCup_far_1920x1080_30p,22,fast,dtlb-stores,,,,
Aerial3200,27,fast,dtlb-stores,,,,
Boat,27,fast,dtlb-stores,,,,
BoxingPractice,27,fast,dtlb-stores,,,,
Crosswalk,27,fast,dtlb-stores,,,,
CrowdRun,27,fast,dtlb-stores,,,,
DinnerSceneCropped,27,fast,dtlb-stores,,,,
FoodMarket,27,fast,dtlb-stores,,,,
FoodMarket2,27,fast,dtlb-stores,,,,
MeridianTalk_sdr,27,fast,dtlb-stores,,,,
Motorcycle,27,fast,dtlb-stores,,,,
MountainBike,27,fast,dtlb-stores,,,,
Neon1224,27,fast,dtlb-stores,,,,
NocturneDance_3840x2160p_8bit,27,fast,dtlb-stores,,,,
OldTownCross,27,fast,dtlb-stores,,,,
PedestrianArea,27,fast,dtlb-stores,,,,
PierSeaSide,27,fast,dtlb-stores,,,,
RitualDance,27,fast,dtlb-stores,,,,
Riverbed,27,fast,dtlb-stores,,,,
RushFieldCuts,27,fast,dtlb-stores,,,,
Skater227,27,fast,dtlb-stores,,,,
Tango,27,fast,dtlb-stores,,,,
TimeLapse,27,fast,dtlb-stores,,,,
ToddlerFountain,27,fast,dtlb-stores,,,,
TreesAndGrass_1920_1080,27,fast,dtlb-stores,,,,
TunnelFlag,27,fast,dtlb-stores,,,,
Vertical_Carnaby,27,fast,dtlb-stores,,,,
Vertical_bees,27,fast,dtlb-stores,,,,
WalkingInStreet,27,fast,dtlb-stores,,,,
WorldCup_1920x1080_30p,27,fast,dtlb-stores,,,,
WorldCup_far_1920x1080_30p,27,fast,dtlb-stores,,,,
Aerial3200,32,fast,dtlb-stores,,,,
Boat,32,fast,dtlb-stores,,,,
BoxingPractice,32,fast,dtlb-stores,,,,
Crosswalk,32,fast,dtlb-stores,,,,
CrowdRun,32,fast,dtlb-stores,,,,
DinnerSceneCropped,32,fast,dtlb-stores,,,,
FoodMarket,32,fast,dtlb-stores,,,,
FoodMarket2,32,fast,dtlb-stores,,,,
MeridianTalk_sdr,32,fast,dtlb-stores,,,,
Motorcycle,32,fast,dtlb-stores,,,,
MountainBike,32,fast,dtlb-stores,,,,
Neon1224,32,fast,dtlb-stores,,,,
NocturneDance_3840x2160p_8bit,32,fast,dtlb-stores,,,,
OldTownCross,32,fast,dtlb-stores,,,,
PedestrianArea,32,fast,dtlb-stores,,,,
PierSeaSide,32,fast,dtlb-stores,,,,
RitualDance,32,fast,dtlb-stores,,,,
Riverbed,32,fast,dtlb-stores,,,,
RushFieldCuts,32,fast,dtlb-stores,,,,
Skater227,32,fast,dtlb-stores,,,,
Tango,32,fast,dtlb-stores,,,,
TimeLapse,32,fast,dtlb-stores,,,,
ToddlerFountain,32,fast,dtlb-stores,,,,
TreesAndGrass_1920_1080,32,fast,dtlb-stores,,,,
TunnelFlag,32,fast,dtlb-stores,,,,
Vertical_Carnaby,32,fast,dtlb-stores,,,,
Vertical_bees,32,fast,dtlb-stores,,,,
WalkingInStreet,32,fast,dtlb-stores,,,,
WorldCup_1920x1080_30p,32,fast,dtlb-stores,,,,
WorldCup_far_1920x1080_30p,32,fast,dtlb-stores,,,,
Aerial3200,37,fast,dtlb-stores,,,,
Boat,37,fast,dtlb-stores,,,,
BoxingPractice,37,fast,dtlb-stores,,,,
Crosswalk,37,fast,dtlb-stores,,,,
CrowdRun,37,fast,dtlb-stores,,,,
DinnerSceneCropped,37,fast,dtlb-stores,,,,
FoodMarket,37,fast,dtlb-stores,,,,
FoodMarket2,37,fast,dtlb-stores,,,,
MeridianTalk_sdr,37,fast,dtlb-stores,,,,
Motorcycle,37,fast,dtlb-stores,,,,
MountainBike,37,fast,dtlb-stores,,,,
Neon1224,37,fast,dtlb-stores,,,,
NocturneDance_3840x2160p_8bit,37,fast,dtlb-stores,,,,
OldTownCross,37,fast,dtlb-stores,,,,
PedestrianArea,37,fast,dtlb-stores,,,,
PierSeaSide,37,fast,dtlb-stores,,,,
RitualDance,37,fast,dtlb-stores,,,,
Riverbed,37,fast,dtlb-stores,,,,
RushFieldCuts,37,fast,dtlb-stores,,,,
Skater227,37,fast,dtlb-stores,,,,
Tango,37,fast,dtlb-stores,,,,
TimeLapse,37,fast,dtlb-stores,,,,
ToddlerFountain,37,fast,dtlb-stores,,,,
TreesAndGrass_1920_1080,37,fast,dtlb-stores,,,,
TunnelFlag,37,fast,dtlb-stores,,,,
Vertical_Carnaby,37,fast,dtlb-stores,,,,
Vertical_bees,37,fast,dtlb-stores,,,,
WalkingInStreet,37,fast,dtlb-stores,,,,
WorldCup_1920x1080_30p,37,fast,dtlb-stores,,,,
WorldCup_far_1920x1080_30p,37,fast,dtlb-stores,,,,
Aerial3200,22,faster,dtlb-stores,,,,
Boat,22,faster,dtlb-stores,,,,
BoxingPractice,22,faster,dtlb-stores,,,,
Crosswalk,22,faster,dtlb-stores,,,,
CrowdRun,22,faster,dtlb-stores,,,,
DinnerSceneCropped,22,faster,dtlb-stores,,,,
FoodMarket,22,faster,dtlb-stores,,,,
FoodMarket2,22,faster,dtlb-stores,,,,
MeridianTalk_sdr,22,faster,dtlb-stores,,,,
Motorcycle,22,faster,dtlb-stores,,,,
MountainBike,22,faster,dtlb-stores,,,,
Neon1224,22,faster,dtlb-stores,,,,
NocturneDance_3840x2160p_8bit,22,faster,dtlb-stores,,,,
OldTownCross,22,faster,dtlb-stores,,,,
PedestrianArea,22,faster,dtlb-stores,,,,
PierSeaSide,22,faster,dtlb-stores,,,,
RitualDance,22,faster,dtlb-stores,,,,
Riverbed,22,faster,dtlb-stores,,,,
RushFieldCuts,22,faster,dtlb-stores,,,,
Skater227,22,faster,dtlb-stores,,,,
Tango,22,faster,dtlb-stores,,,,
TimeLapse,22,faster,dtlb-stores,,,,
ToddlerFountain,22,faster,dtlb-stores,,,,
TreesAndGrass_1920_1080,22,faster,dtlb-stores,,,,
TunnelFlag,22,faster,dtlb-stores,,,,
Vertical_Carnaby,22,faster,dtlb-stores,,,,
Vertical_bees,22,faster,dtlb-stores,,,,
WalkingInStreet,22,faster,dtlb-stores,,,,
WorldCup_1920x1080_30p,22,faster,dtlb-stores,,,,
WorldCup_far_1920x1080_30p,22,faster,dtlb-stores,,,,
Aerial3200,27,faster,dtlb-stores,,,,
Boat,27,faster,dtlb-stores,,,,
BoxingPractice,27,faster,dtlb-stores,,,,
Crosswalk,27,faster,dtlb-stores,,,,
CrowdRun,27,faster,dtlb-stores,,,,
DinnerSceneCropped,27,faster,dtlb-stores,,,,
FoodMarket,27,faster,dtlb-stores,,,,
FoodMarket2,27,faster,dtlb-stores,,,,
MeridianTalk_sdr,27,faster,dtlb-stores,,,,
Motorcycle,27,faster,dtlb-stores,,,,
MountainBike,27,faster,dtlb-stores,,,,
Neon1224,27,faster,dtlb-stores,,,,
NocturneDance_3840x2160p_8bit,27,faster,dtlb-stores,,,,
OldTownCross,27,faster,dtlb-stores,,,,
PedestrianArea,27,faster,dtlb-stores,,,,
PierSeaSide,27,faster,dtlb-stores,,,,
RitualDance,27,faster,dtlb-stores,,,,
Riverbed,27,faster,dtlb-stores,,,,
RushFieldCuts,27,faster,dtlb-stores,,,,
Skater227,27,faster,dtlb-stores,,,,
Tango,27,faster,dtlb-stores,,,,
TimeLapse,27,faster,dtlb-stores,,,,
ToddlerFountain,27,faster,dtlb-stores,,,,
TreesAndGrass_1920_1080,27,faster,dtlb-stores,,,,
TunnelFlag,27,faster,dtlb-stores,,,,
Vertical_Carnaby,27,faster,dtlb-stores,,,,
Vertical_bees,27,faster,dtlb-stores,,,,
WalkingInStreet,27,faster,dtlb-stores,,,,
WorldCup_1920x1080_30p,27,faster,dtlb-stores,,,,
WorldCup_far_1920x1080_30p,27,faster,dtlb-stores,,,,
Aerial3200,32,faster,dtlb-stores,,,,
Boat,32,faster,dtlb-stores,,,,
BoxingPractice,32,faster,dtlb-stores,,,,
Crosswalk,32,faster,dtlb-stores,,,,
CrowdRun,32,faster,dtlb-stores,,,,
DinnerSceneCropped,32,faster,dtlb-stores,,,,
FoodMarket,32,faster,dtlb-stores,,,,
FoodMarket2,32,faster,dtlb-stores,,,,
MeridianTalk_sdr,32,faster,dtlb-stores,,,,
Motorcycle,32,faster,dtlb-stores,,,,
MountainBike,32,faster,dtlb-stores,,,,
Neon1224,32,faster,dtlb-stores,,,,
NocturneDance_3840x2160p_8bit,32,faster,dtlb-stores,,,,
OldTownCross,32,faster,dtlb-stores,,,,
PedestrianArea,32,faster,dtlb-stores,,,,
PierSeaSide,32,faster,dtlb-stores,,,,
RitualDance,32,faster,dtlb-stores,,,,
Riverbed,32,faster,dtlb-stores,,,,
RushFieldCuts,32,faster,dtlb-stores,,,,
Skater227,32,faster,dtlb-stores,,,,
Tango,32,faster,dtlb-stores,,,,
TimeLapse,32,faster,dtlb-stores,,,,
ToddlerFountain,32,faster,dtlb-stores,,,,
TreesAndGrass_1920_1080,32,faster,dtlb-stores,,,,
TunnelFlag,32,faster,dtlb-stores,,,,
Vertical_Carnaby,32,faster,dtlb-stores,,,,
Vertical_bees,32,faster,dtlb-stores,,,,
WalkingInStreet,32,faster,dtlb-stores,,,,
WorldCup_1920x1080_30p,32,faster,dtlb-stores,,,,
WorldCup_far_1920x1080_30p,32,faster,dtlb-stores,,,,
Aerial3200,37,faster,dtlb-stores,,,,
Boat,37,faster,dtlb-stores,,,,
BoxingPractice,37,faster,dtlb-stores,,,,
Crosswalk,37,faster,dtlb-stores,,,,
CrowdRun,37,faster,dtlb-stores,,,,
DinnerSceneCropped,37,faster,dtlb-stores,,,,
FoodMarket,37,faster,dtlb-stores,,,,
FoodMarket2,37,faster,dtlb-stores,,,,
MeridianTalk_sdr,37,faster,dtlb-stores,,,,
Motorcycle,37,faster,dtlb-stores,,,,
MountainBike,37,faster,dtlb-stores,,,,
Neon1224,37,faster,dtlb-stores,,,,
NocturneDance_3840x2160p_8bit,37,faster,dtlb-stores,,,,
OldTownCross,37,faster,dtlb-stores,,,,
PedestrianArea,37,faster,dtlb-stores,,,,
PierSeaSide,37,faster,dtlb-stores,,,,
RitualDance,37,faster,dtlb-stores,,,,
Riverbed,37,faster,dtlb-stores,,,,
RushFieldCuts,37,faster,dtlb-stores,,,,
Skater227,37,faster,dtlb-stores,,,,
Tango,37,faster,dtlb-stores,,,,
TimeLapse,37,faster,dtlb-stores,,,,
ToddlerFountain,37,faster,dtlb-stores,,,,
TreesAndGrass_1920_1080,37,faster,dtlb-stores,,,,
TunnelFlag,37,faster,dtlb-stores,,,,
Vertical_Carnaby,37,faster,dtlb-stores,,,,
Vertical_bees,37,faster,dtlb-stores,,,,
WalkingInStreet,37,faster,dtlb-stores,,,,
WorldCup_1920x1080_30p,37,faster,dtlb-stores,,,,
WorldCup_far_1920x1080_30p,37,faster,dtlb-stores,,,,
Aerial3200,22,superfast,dtlb-stores,,,,
Boat,22,superfast,dtlb-stores,,,,
BoxingPractice,22,superfast,dtlb-stores,,,,
Crosswalk,22,superfast,dtlb-stores,,,,
CrowdRun,22,superfast,dtlb-stores,,,,
DinnerSceneCropped,22,superfast,dtlb-stores,,,,
FoodMarket,22,superfast,dtlb-stores,,,,
FoodMarket2,22,superfast,dtlb-stores,,,,
MeridianTalk_sdr,22,superfast,dtlb-stores,,,,
Motorcycle,22,superfast,dtlb-stores,,,,
MountainBike,22,superfast,dtlb-stores,,,,
Neon1224,22,superfast,dtlb-stores,,,,
NocturneDance_3840x2160p_8bit,22,superfast,dtlb-stores,,,,
OldTownCross,22,superfast,dtlb-stores,,,,
PedestrianArea,22,superfast,dtlb-stores,,,,
PierSeaSide,22,superfast,dtlb-stores,,,,
RitualDance,22,superfast,dtlb-stores,,,,
Riverbed,22,superfast,dtlb-stores,,,,
RushFieldCuts,22,superfast,dtlb-stores,,,,
Skater227,22,superfast,dtlb-stores,,,,
Tango,22,superfast,dtlb-stores,,,,
TimeLapse,22,superfast,dtlb-stores,,,,
ToddlerFountain,22,superfast,dtlb-stores,,,,
TreesAndGrass_1920_1080,22,superfast,dtlb-stores,,,,
TunnelFlag,22,superfast,dtlb-stores,,,,
Vertical_Carnaby,22,superfast,dtlb-stores,,,,
Vertical_bees,22,superfast,dtlb-stores,,,,
WalkingInStreet,22,superfast,dtlb-stores,,,,
WorldCup_1920x1080_30p,22,superfast,dtlb-stores,,,,
WorldCup_far_1920x1080_30p,22,superfast,dtlb-stores,,,,
Aerial3200,27,superfast,dtlb-stores,,,,
Boat,27,superfast,dtlb-stores,,,,
BoxingPractice,27,superfast,dtlb-stores,,,,
Crosswalk,27,superfast,dtlb-stores,,,,
CrowdRun,27,superfast,dtlb-stores,,,,
DinnerSceneCropped,27,superfast,dtlb-stores,,,,
FoodMarket,27,superfast,dtlb-stores,,,,
FoodMarket2,27,superfast,dtlb-stores,,,,
MeridianTalk_sdr,27,superfast,dtlb-stores,,,,
Motorcycle,27,superfast,dtlb-stores,,,,
MountainBike,27,superfast,dtlb-stores,,,,
Neon1224,27,superfast,dtlb-stores,,,,
NocturneDance_3840x2160p_8bit,27,superfast,dtlb-stores,,,,
OldTownCross,27,superfast,dtlb-stores,,,,
PedestrianArea,27,superfast,dtlb-stores,,,,
PierSeaSide,27,superfast,dtlb-stores,,,,
RitualDance,27,superfast,dtlb-stores,,,,
Riverbed,27,superfast,dtlb-stores,,,,
RushFieldCuts,27,superfast,dtlb-stores,,,,
Skater227,27,superfast,dtlb-stores,,,,
Tango,27,superfast,dtlb-stores,,,,
TimeLapse,27,superfast,dtlb-stores,,,,
ToddlerFountain,27,superfast,dtlb-stores,,,,
TreesAndGrass_1920_1080,27,superfast,dtlb-stores,,,,
TunnelFlag,27,superfast,dtlb-stores,,,,
Vertical_Carnaby,27,superfast,dtlb-stores,,,,
Vertical_bees,27,superfast,dtlb-stores,,,,
WalkingInStreet,27,superfast,dtlb-stores,,,,
WorldCup_1920x1080_30p,27,superfast,dtlb-stores,,,,
WorldCup_far_1920x1080_30p,27,superfast,dtlb-stores,,,,
Aerial3200,32,superfast,dtlb-stores,,,,
Boat,32,superfast,dtlb-stores,,,,
BoxingPractice,32,superfast,dtlb-stores,,,,
Crosswalk,32,superfast,dtlb-stores,,,,
CrowdRun,32,superfast,dtlb-stores,,,,
DinnerSceneCropped,32,superfast,dtlb-stores,,,,
FoodMarket,32,superfast,dtlb-stores,,,,
FoodMarket2,32,superfast,dtlb-stores,,,,
MeridianTalk_sdr,32,superfast,dtlb-stores,,,,
Motorcycle,32,superfast,dtlb-stores,,,,
MountainBike,32,superfast,dtlb-stores,,,,
Neon1224,32,superfast,dtlb-stores,,,,
NocturneDance_3840x2160p_8bit,32,superfast,dtlb-stores,,,,
OldTownCross,32,superfast,dtlb-stores,,,,
PedestrianArea,32,superfast,dtlb-stores,,,,
PierSeaSide,32,superfast,dtlb-stores,,,,
RitualDance,32,superfast,dtlb-stores,,,,
Riverbed,32,superfast,dtlb-stores,,,,
RushFieldCuts,32,superfast,dtlb-stores,,,,
Skater227,32,superfast,dtlb-stores,,,,
Tango,32,superfast,dtlb-stores,,,,
TimeLapse,32,superfast,dtlb-stores,,,,
ToddlerFountain,32,superfast,dtlb-stores,,,,
TreesAndGrass_1920_1080,32,superfast,dtlb-stores,,,,
TunnelFlag,32,superfast,dtlb-stores,,,,
Vertical_Carnaby,32,superfast,dtlb-stores,,,,
Vertical_bees,32,superfast,dtlb-stores,,,,
WalkingInStreet,32,superfast,dtlb-stores,,,,
WorldCup_1920x1080_30p,32,superfast,dtlb-stores,,,,
WorldCup_far_1920x1080_30p,32,superfast,dtlb-stores,,,,
Aerial3200,37,superfast,dtlb-stores,,,,
Boat,37,superfast,dtlb-stores,,,,
BoxingPractice,37,superfast,dtlb-stores,,,,
Crosswalk,37,superfast,dtlb-stores,,,,
CrowdRun,37,superfast,dtlb-stores,,,,
DinnerSceneCropped,37,superfast,dtlb-stores,,,,
FoodMarket,37,superfast,dtlb-stores,,,,
FoodMarket2,37,superfast,dtlb-stores,,,,
MeridianTalk_sdr,37,superfast,dtlb-stores,,,,
Motorcycle,37,superfast,dtlb-stores,,,,
MountainBike,37,superfast,dtlb-stores,,,,
Neon1224,37,superfast,dtlb-stores,,,,
NocturneDance_3840x2160p_8bit,37,superfast,dtlb-stores,,,,
OldTownCross,37,superfast,dtlb-stores,,,,
PedestrianArea,37,superfast,dtlb-stores,,,,
PierSeaSide,37,superfast,dtlb-stores,,,,
RitualDance,37,superfast,dtlb-stores,,,,
Riverbed,37,superfast,dtlb-stores,,,,
RushFieldCuts,37,superfast,dtlb-stores,,,,
Skater227,37,superfast,dtlb-stores,,,,
Tango,37,superfast,dtlb-stores,,,,
TimeLapse,37,superfast,dtlb-stores,,,,
ToddlerFountain,37,superfast,dtlb-stores,,,,
TreesAndGrass_1920_1080,37,superfast,dtlb-stores,,,,
TunnelFlag,37,superfast,dtlb-stores,,,,
Vertical_Carnaby,37,superfast,dtlb-stores,,,,
Vertical_bees,37,superfast,dtlb-stores,,,,
WalkingInStreet,37,superfast,dtlb-stores,,,,
WorldCup_1920x1080_30p,37,superfast,dtlb-stores,,,,
WorldCup_far_1920x1080_30p,37,superfast,dtlb-stores,,,,
Aerial3200,22,veryfast,dtlb-stores,,,,
Boat,22,veryfast,dtlb-stores,,,,
BoxingPractice,22,veryfast,dtlb-stores,,,,
Crosswalk,22,veryfast,dtlb-stores,,,,
CrowdRun,22,veryfast,dtlb-stores,,,,
DinnerSceneCropped,22,veryfast,dtlb-stores,,,,
FoodMarket,22,veryfast,dtlb-stores,,,,
FoodMarket2,22,veryfast,dtlb-stores,,,,
MeridianTalk_sdr,22,veryfast,dtlb-stores,,,,
Motorcycle,22,veryfast,dtlb-stores,,,,
MountainBike,22,veryfast,dtlb-stores,,,,
Neon1224,22,veryfast,dtlb-stores,,,,
NocturneDance_3840x2160p_8bit,22,veryfast,dtlb-stores,,,,
OldTownCross,22,veryfast,dtlb-stores,,,,
PedestrianArea,22,veryfast,dtlb-stores,,,,
PierSeaSide,22,veryfast,dtlb-stores,,,,
RitualDance,22,veryfast,dtlb-stores,,,,
Riverbed,22,veryfast,dtlb-stores,,,,
RushFieldCuts,22,veryfast,dtlb-stores,,,,
Skater227,22,veryfast,dtlb-stores,,,,
Tango,22,veryfast,dtlb-stores,,,,
TimeLapse,22,veryfast,dtlb-stores,,,,
ToddlerFountain,22,veryfast,dtlb-stores,,,,
TreesAndGrass_1920_1080,22,veryfast,dtlb-stores,,,,
TunnelFlag,22,veryfast,dtlb-stores,,,,
Vertical_Carnaby,22,veryfast,dtlb-stores,,,,
Vertical_bees,22,veryfast,dtlb-stores,,,,
WalkingInStreet,22,veryfast,dtlb-stores,,,,
WorldCup_1920x1080_30p,22,veryfast,dtlb-stores,,,,
WorldCup_far_1920x1080_30p,22,veryfast,dtlb-stores,,,,
Aerial3200,27,veryfast,dtlb-stores,,,,
Boat,27,veryfast,dtlb-stores,,,,
BoxingPractice,27,veryfast,dtlb-stores,,,,
Crosswalk,27,veryfast,dtlb-stores,,,,
CrowdRun,27,veryfast,dtlb-stores,,,,
DinnerSceneCropped,27,veryfast,dtlb-stores,,,,
FoodMarket,27,veryfast,dtlb-stores,,,,
FoodMarket2,27,veryfast,dtlb-stores,,,,
MeridianTalk_sdr,27,veryfast,dtlb-stores,,,,
Motorcycle,27,veryfast,dtlb-stores,,,,
MountainBike,27,veryfast,dtlb-stores,,,,
Neon1224,27,veryfast,dtlb-stores,,,,
NocturneDance_3840x2160p_8bit,27,veryfast,dtlb-stores,,,,
OldTownCross,27,veryfast,dtlb-stores,,,,
PedestrianArea,27,veryfast,dtlb-stores,,,,
PierSeaSide,27,veryfast,dtlb-stores,,,,
RitualDance,27,veryfast,dtlb-stores,,,,
Riverbed,27,veryfast,dtlb-stores,,,,
RushFieldCuts,27,veryfast,dtlb-stores,,,,
Skater227,27,veryfast,dtlb-stores,,,,
Tango,27,veryfast,dtlb-stores,,,,
TimeLapse,27,veryfast,dtlb-stores,,,,
ToddlerFountain,27,veryfast,dtlb-stores,,,,
TreesAndGrass_1920_1080,27,veryfast,dtlb-stores,,,,
TunnelFlag,27,veryfast,dtlb-stores,,,,
Vertical_Carnaby,27,veryfast,dtlb-stores,,,,
Vertical_bees,27,veryfast,dtlb-stores,,,,
WalkingInStreet,27,veryfast,dtlb-stores,,,,
WorldCup_1920x1080_30p,27,veryfast,dtlb-stores,,,,
WorldCup_far_1920x1080_30p,27,veryfast,dtlb-stores,,,,
Aerial3200,32,veryfast,dtlb-stores,,,,
Boat,32,veryfast,dtlb-stores,,,,
BoxingPractice,32,veryfast,dtlb-stores,,,,
Crosswalk,32,veryfast,dtlb-stores,,,,
CrowdRun,32,veryfast,dtlb-stores,,,,
DinnerSceneCropped,32,veryfast,dtlb-stores,,,,
FoodMarket,32,veryfast,dtlb-stores,,,,
FoodMarket2,32,veryfast,dtlb-stores,,,,
MeridianTalk_sdr,32,veryfast,dtlb-stores,,,,
Motorcycle,32,veryfast,dtlb-stores,,,,
MountainBike,32,veryfast,dtlb-stores,,,,
Neon1224,32,veryfast,dtlb-stores,,,,
NocturneDance_3840x2160p_8bit,32,veryfast,dtlb-stores,,,,
OldTownCross,32,veryfast,dtlb-stores,,,,
PedestrianArea,32,veryfast,dtlb-stores,,,,
PierSeaSide,32,veryfast,dtlb-stores,,,,
RitualDance,32,veryfast,dtlb-stores,,,,
Riverbed,32,veryfast,dtlb-stores,,,,
RushFieldCuts,32,veryfast,dtlb-stores,,,,
Skater227,32,veryfast,dtlb-stores,,,,
Tango,32,veryfast,dtlb-stores,,,,
TimeLapse,32,veryfast,dtlb-stores,,,,
ToddlerFountain,32,veryfast,dtlb-stores,,,,
TreesAndGrass_1920_1080,32,veryfast,dtlb-stores,,,,
TunnelFlag,32,veryfast,dtlb-stores,,,,
Vertical_Carnaby,32,veryfast,dtlb-stores,,,,
Vertical_bees,32,veryfast,dtlb-stores,,,,
WalkingInStreet,32,veryfast,dtlb-stores,,,,
WorldCup_1920x1080_30p,32,veryfast,dtlb-stores,,,,
WorldCup_far_1920x1080_30p,32,veryfast,dtlb-stores,,,,
Aerial3200,37,veryfast,dtlb-stores,,,,
Boat,37,veryfast,dtlb-stores,,,,
BoxingPractice,37,veryfast,dtlb-stores,,,,
Crosswalk,37,veryfast,dtlb-stores,,,,
CrowdRun,37,veryfast,dtlb-stores,,,,
DinnerSceneCropped,37,veryfast,dtlb-stores,,,,
FoodMarket,37,veryfast,dtlb-stores,,,,
FoodMarket2,37,veryfast,dtlb-stores,,,,
MeridianTalk_sdr,37,veryfast,dtlb-stores,,,,
Motorcycle,37,veryfast,dtlb-stores,,,,
MountainBike,37,veryfast,dtlb-stores,,,,
Neon1224,37,veryfast,dtlb-stores,,,,
NocturneDance_3840x2160p_8bit,37,veryfast,dtlb-stores,,,,
OldTownCross,37,veryfast,dtlb-stores,,,,
PedestrianArea,37,veryfast,dtlb-stores,,,,
PierSeaSide,37,veryfast,dtlb-stores,,,,
RitualDance,37,veryfast,dtlb-stores,,,,
Riverbed,37,veryfast,dtlb-stores,,,,
RushFieldCuts,37,veryfast,dtlb-stores,,,,
Skater227,37,veryfast,dtlb-stores,,,,
Tango,37,veryfast,dtlb-stores,,,,
TimeLapse,37,veryfast,dtlb-stores,,,,
ToddlerFountain,37,veryfast,dtlb-stores,,,,
TreesAndGrass_1920_1080,37,veryfast,dtlb-stores,,,,
TunnelFlag,37,veryfast,dtlb-stores,,,,
Vertical_Carnaby,37,veryfast,dtlb-stores,,,,
Vertical_bees,37,veryfast,dtlb-stores,,,,
WalkingInStreet,37,veryfast,dtlb-stores,,,,
WorldCup_1920x1080_30p,37,veryfast,dtlb-stores,,,,
WorldCup_far_1920x1080_30p,37,veryfast,dtlb-stores,,,,
Aerial3200,22,fast,instructions,1322002459544.0,565410.0,-1322001894134.0,-0.9999995723079061
Boat,22,fast,instructions,1348771118429.0,438965.0,-1348770679464.0,-0.9999996745444842
BoxingPractice,22,fast,instructions,4175680694704.0,2107851.0,-4175678586853.0,-0.9999994952078106
Crosswalk,22,fast,instructions,4155205091073.0,475778.0,-4155204615295.0,-0.9999998854983112
CrowdRun,22,fast,instructions,1585790331412.0,3852651.0,-1585786478761.0,-0.9999975705167804
DinnerSceneCropped,22,fast,instructions,1385896339358.0,592470.0,-1385895746888.0,-0.9999995725004943
FoodMarket,22,fast,instructions,1310766864442.0,1237241.0,-1310765627201.0,-0.9999990560937771
FoodMarket2,22,fast,instructions,4304730512006.0,1672728.0,-4304728839278.0,-0.9999996114209716
MeridianTalk_sdr,22,fast,instructions,1052178191382.0,2701421.0,-1052175489961.0,-0.9999974325442
Motorcycle,22,fast,instructions,1206357966491.0,2124234.0,-1206355842257.0,-0.9999982391346026
MountainBike,22,fast,instructions,1243081274129.0,769154.0,-1243080504975.0,-0.999999381252042
Neon1224,22,fast,instructions,3488173015424.0,3618100.0,-3488169397324.0,-0.9999989627521387
NocturneDance_3840x2160p_8bit,22,fast,instructions,3718814553598.0,4411675.0,-3718810141923.0,-0.9999988136878201
OldTownCross,22,fast,instructions,1600253599586.0,3213324.0,-1600250386262.0,-0.999997991990769
PedestrianArea,22,fast,instructions,1080774705731.0,1712331.0,-1080772993400.0,-0.9999984156448232
PierSeaSide,22,fast,instructions,3912321319380.0,4416209.0,-3912316903171.0,-0.9999988712049345
RitualDance,22,fast,instructions,832790222310.0,528891.0,-832789693419.0,-0.9999993649168952
Riverbed,22,fast,instructions,1234271912185.0,1578028.0,-1234270334157.0,-0.9999987214907959
RushFieldCuts,22,fast,instructions,1236248161058.0,969886.0,-1236247191172.0,-0.999999215460107
Skater227,22,fast,instructions,2358877.0,1890072.0,-468805.0,-0.1987407567244922
Tango,22,fast,instructions,4765097880043.0,575482.0,-4765097304561.0,-0.9999998792297631
TimeLapse,22,fast,instructions,3995465868070.0,769217.0,-3995465098853.0,-0.9999998074775194
ToddlerFountain,22,fast,instructions,1342822144566.0,3886597.0,-1342818257969.0,-0.9999971056502042
TreesAndGrass_1920_1080,22,fast,instructions,1486645499370.0,623404.0,-1486644875966.0,-0.9999995806639846
TunnelFlag,22,fast,instructions,1125620714463.0,3857547.0,-1125616856916.0,-0.9999965729601895
Vertical_Carnaby,22,fast,instructions,803984264328.0,2633626.0,-803981630702.0,-0.9999967242816596
Vertical_bees,22,fast,instructions,918192571181.0,845833.0,-918191725348.0,-0.9999990788065308
WalkingInStreet,22,fast,instructions,1421233322655.0,1928307.0,-1421231394348.0,-0.9999986432157414
WorldCup_1920x1080_30p,22,fast,instructions,809168037750.0,445733.0,-809167592017.0,-0.9999994491465565
WorldCup_far_1920x1080_30p,22,fast,instructions,1085872104129.0,612239.0,-1085871491890.0,-0.9999994361776146
Aerial3200,27,fast,instructions,1160367350914.0,1874871.0,-1160365476043.0,-0.9999983842435772
Boat,27,fast,instructions,1181112406787.0,3954730.0,-1181108452057.0,-0.9999966516904087
BoxingPractice,27,fast,instructions,3369347287758.0,956744.0,-3369346331014.0,-0.9999997160447059
Crosswalk,27,fast,instructions,3261742442691.0,513671.0,-3261741929020.0,-0.9999998425163823
CrowdRun,27,fast,instructions,1330041790582.0,708586.0,-1330041081996.0,-0.9999994672453114
DinnerSceneCropped,27,fast,instructions,1040452816897.0,562595.0,-1040452254302.0,-0.9999994592786997
FoodMarket,27,fast,instructions,1008301181682.0,2273562.0,-1008298908120.0,-0.9999977451558708
FoodMarket2,27,fast,instructions,3606485823096.0,1400689.0,-3606484422407.0,-0.9999996116194354
MeridianTalk_sdr,27,fast,instructions,812538201447.0,2694309.0,-812535507138.0,-0.9999966840832896
Motorcycle,27,fast,instructions,1073540490104.0,572307.0,-1073539917797.0,-0.999999466897611
MountainBike,27,fast,instructions,1105048258540.0,2471479.0,-1105045787061.0,-0.9999977634650967
Neon1224,27,fast,instructions,3101383939742.0,707510.0,-3101383232232.0,-0.9999997718728111
NocturneDance_3840x2160p_8bit,27,fast,instructions,3253313633593.0,499821.0,-3253313133772.0,-0.9999998463655656
OldTownCross,27,fast,instructions,1251424037893.0,2285157.0,-1251421752736.0,-0.9999981739546862
PedestrianArea,27,fast,instructions,851446188817.0,3824989.0,-851442363828.0,-0.9999955076562087
PierSeaSide,27,fast,instructions,3254865702789.0,1096553.0,-3254864606236.0,-0.999999663103458
RitualDance,27,fast,instructions,741200263163.0,505486.0,-741199757677.0,-0.9999993180169717
Riverbed,27,fast,instructions,1007687175508.0,3743855.0,-1007683431653.0,-0.9999962847051238
RushFieldCuts,27,fast,instructions,1086295916869.0,3345061.0,-1086292571808.0,-0.9999969206723986
Skater227,27,fast,instructions,719794.0,2383729.0,1663935.0,2.311682231305068
Tango,27,fast,instructions,3594907638124.0,3012337.0,-3594904625787.0,-0.9999991620544105
TimeLapse,27,fast,instructions,3389613224861.0,1554044.0,-3389611670817.0,-0.9999995415276325
ToddlerFountain,27,fast,instructions,1132195554500.0,4722647.0,-1132190831853.0,-0.9999958287709387
TreesAndGrass_1920_1080,27,fast,instructions,1331244550071.0,952864.0,-1331243597207.0,-0.9999992842306847
TunnelFlag,27,fast,instructions,950353343550.0,3686564.0,-950349656986.0,-0.9999961208491294
Vertical_Carnaby,27,fast,instructions,726773823636.0,3938417.0,-726769885219.0,-0.9999945809592037
Vertical_bees,27,fast,instructions,823133308165.0,4031131.0,-823129277034.0,-0.9999951026996964
WalkingInStreet,27,fast,instructions,1290372358969.0,1004422.0,-1290371354547.0,-0.9999992216029792
WorldCup_1920x1080_30p,27,fast,instructions,727620245515.0,477361.0,-727619768154.0,-0.9999993439421141
WorldCup_far_1920x1080_30p,27,fast,instructions,958247552647.0,524517.0,-958247028130.0,-0.9999994526289177
Aerial3200,32,fast,instructions,1020503414412.0,1759421.0,-1020501654991.0,-0.9999982759283554
Boat,32,fast,instructions,1024940066303.0,6264.0,-1024940060039.0,-0.9999999938884231
BoxingPractice,32,fast,instructions,2886580526859.0,3508392.0,-2886577018467.0,-0.9999987845854403
Crosswalk,32,fast,instructions,2852643380062.0,571316.0,-2852642808746.0,-0.999999799724002
CrowdRun,32,fast,instructions,1107050231440.0,1003801.0,-1107049227639.0,-0.9999990932651731
DinnerSceneCropped,32,fast,instructions,777588008142.0,3059025.0,-777584949117.0,-0.9999960660080043
FoodMarket,32,fast,instructions,829106092785.0,1164642.0,-829104928143.0,-0.9999985953040146
FoodMarket2,32,fast,instructions,3174289318941.0,657389.0,-3174288661552.0,-0.9999997929019904
MeridianTalk_sdr,32,fast,instructions,706510342110.0,4378026.0,-706505964084.0,-0.999993803309394
Motorcycle,32,fast,instructions,949564322598.0,1079654.0,-949563242944.0,-0.9999988630006685
MountainBike,32,fast,instructions,973448359261.0,619768.0,-973447739493.0,-0.9999993633272951
Neon1224,32,fast,instructions,2786891548545.0,371.0,-2786891548174.0,-0.9999999998668768
NocturneDance_3840x2160p_8bit,32,fast,instructions,2867634010552.0,4113195.0,-2867629897357.0,-0.9999985656485504
OldTownCross,32,fast,instructions,930164892453.0,1876625.0,-930163015828.0,-0.9999979824813695
PedestrianArea,32,fast,instructions,738339599643.0,0.0,-738339599643.0,-1.0
PierSeaSide,32,fast,instructions,2857208270833.0,3945081.0,-2857204325752.0,-0.9999986192532619
RitualDance,32,fast,instructions,677233293250.0,2113146.0,-677231180104.0,-0.9999968797369813
Riverbed,32,fast,instructions,863706204466.0,3983344.0,-863702221122.0,-0.9999953880799056
RushFieldCuts,32,fast,instructions,932821465443.0,1000993.0,-932820464450.0,-0.9999989269189903
Skater227,32,fast,instructions,445366.0,3143360.0,2697994.0,6.0579253917003095
Tango,32,fast,instructions,2997320374230.0,4286711.0,-2997316087519.0,-0.9999985698188832
TimeLapse,32,fast,instructions,2978550271256.0,368.0,-2978550270888.0,-0.9999999998764499
ToddlerFountain,32,fast,instructions,957934336916.0,421974.0,-957933914942.0,-0.999999559495903
TreesAndGrass_1920_1080,32,fast,instructions,1178647242429.0,2537968.0,-1178644704461.0,-0.9999978467111205
TunnelFlag,32,fast,instructions,815534217068.0,478355.0,-815533738713.0,-0.9999994134458249
Vertical_Carnaby,32,fast,instructions,666954272683.0,3441714.0,-666950830969.0,-0.9999948396552193
Vertical_bees,32,fast,instructions,748055849455.0,1696591.0,-748054152864.0,-0.9999977319995542
WalkingInStreet,32,fast,instructions,1123253568370.0,4193672.0,-1123249374698.0,-0.9999962664957245
WorldCup_1920x1080_30p,32,fast,instructions,667121170171.0,668090.0,-667120502081.0,-0.9999989985477453
WorldCup_far_1920x1080_30p,32,fast,instructions,849358132346.0,518110.0,-849357614236.0,-0.9999993899981877
Aerial3200,37,fast,instructions,907711063868.0,3465101.0,-907707598767.0,-0.9999961825947288
Boat,37,fast,instructions,898777525432.0,783356.0,-898776742076.0,-0.9999991284205737
BoxingPractice,37,fast,instructions,2650927109127.0,0.0,-2650927109127.0,-1.0
Crosswalk,37,fast,instructions,2642449638936.0,534508.0,-2642449104428.0,-0.9999997977225404
CrowdRun,37,fast,instructions,942369627409.0,1066728.0,-942368560681.0,-0.999998868036523
DinnerSceneCropped,37,fast,instructions,663724700176.0,2043012.0,-663722657164.0,-0.9999969218984928
FoodMarket,37,fast,instructions,738243486039.0,705209.0,-738242780830.0,-0.9999990447474129
FoodMarket2,37,fast,instructions,2898682180277.0,3448756.0,-2898678731521.0,-0.9999988102331385
MeridianTalk_sdr,37,fast,instructions,651196449086.0,4079083.0,-651192370003.0,-0.9999937360177474
Motorcycle,37,fast,instructions,844573016035.0,3950212.0,-844569065823.0,-0.9999953228294949
MountainBike,37,fast,instructions,863606874546.0,720854.0,-863606153692.0,-0.9999991652984462
Neon1224,37,fast,instructions,2556877838110.0,569828.0,-2556877268282.0,-0.9999997771391376
NocturneDance_3840x2160p_8bit,37,fast,instructions,2610475745534.0,2064853.0,-2610473680681.0,-0.999999209012762
OldTownCross,37,fast,instructions,781433916778.0,500315.0,-781433416463.0,-0.9999993597475241
PedestrianArea,37,fast,instructions,678603563629.0,2431811.0,-678601131818.0,-0.9999964164482323
PierSeaSide,37,fast,instructions,2599034974957.0,461867.0,-2599034513090.0,-0.9999998222928878
RitualDance,37,fast,instructions,629363137508.0,4134906.0,-629359002602.0,-0.9999934300155926
Riverbed,37,fast,instructions,777148547737.0,3213555.0,-777145334182.0,-0.9999958649411244
RushFieldCuts,37,fast,instructions,817100784358.0,1149040.0,-817099635318.0,-0.9999985937597637
Skater227,37,fast,instructions,918715.0,2070381.0,1151666.0,1.2535617683394742
Tango,37,fast,instructions,2731176575652.0,2623944.0,-2731173951708.0,-0.9999990392624104
TimeLapse,37,fast,instructions,2713393174065.0,3781913.0,-2713389392152.0,-0.9999986062053092
ToddlerFountain,37,fast,instructions,818850514713.0,4124798.0,-818846389915.0,-0.9999949626971885
TreesAndGrass_1920_1080,37,fast,instructions,1035075844022.0,0.0,-1035075844022.0,-1.0
TunnelFlag,37,fast,instructions,727713684193.0,3227603.0,-727710456590.0,-0.999995564735046
Vertical_Carnaby,37,fast,instructions,625847521586.0,4011667.0,-625843509919.0,-0.9999935900249476
Vertical_bees,37,fast,instructions,691768928087.0,0.0,-691768928087.0,-1.0
WalkingInStreet,37,fast,instructions,974939797116.0,498386.0,-974939298730.0,-0.9999994888033071
WorldCup_1920x1080_30p,37,fast,instructions,625270628848.0,563585.0,-625270065263.0,-0.9999990986542883
WorldCup_far_1920x1080_30p,37,fast,instructions,766370874359.0,444458.0,-766370429901.0,-0.9999994200484192
Aerial3200,22,faster,instructions,1321944926047.0,6963.0,-1321944919084.0,-0.9999999947327609
Boat,22,faster,instructions,1347702331309.0,3444788.0,-1347698886521.0,-0.9999974439548557
BoxingPractice,22,faster,instructions,4175703017390.0,1779492.0,-4175701237898.0,-0.9999995738461303
Crosswalk,22,faster,instructions,4156167295003.0,0.0,-4156167295003.0,-1.0
CrowdRun,22,faster,instructions,1585795836144.0,815465.0,-1585795020679.0,-0.9999994857692388
DinnerSceneCropped,22,faster,instructions,1386348710096.0,511797.0,-1386348198299.0,-0.9999996308309762
FoodMarket,22,faster,instructions,1310562867879.0,1786632.0,-1310561081247.0,-0.9999986367445288
FoodMarket2,22,faster,instructions,4305052952926.0,2690239.0,-4305050262687.0,-0.9999993750973497
MeridianTalk_sdr,22,faster,instructions,1052405527329.0,971686.0,-1052404555643.0,-0.9999990767000222
Motorcycle,22,faster,instructions,1206079050450.0,534146.0,-1206078516304.0,-0.9999995571218986
MountainBike,22,faster,instructions,1242767486474.0,532383.0,-1242766954091.0,-0.9999995716149596
Neon1224,22,faster,instructions,3487091472579.0,3837491.0,-3487087635088.0,-0.9999988995152463
NocturneDance_3840x2160p_8bit,22,faster,instructions,3718751195168.0,3513915.0,-3718747681253.0,-0.9999990550819844
OldTownCross,22,faster,instructions,1600285666592.0,1018759.0,-1600284647833.0,-0.9999993633892865
PedestrianArea,22,faster,instructions,1080797278526.0,6165.0,-1080797272361.0,-0.9999999942958776
PierSeaSide,22,faster,instructions,3913200635049.0,2033996.0,-3913198601053.0,-0.9999994802218977
RitualDance,22,faster,instructions,832512279232.0,905828.0,-832511373404.0,-0.9999989119343671
Riverbed,22,faster,instructions,1234159604186.0,4226567.0,-1234155377619.0,-0.999996575348127
RushFieldCuts,22,faster,instructions,1236062941679.0,4351796.0,-1236058589883.0,-0.9999964793087365
Skater227,22,faster,instructions,1932298.0,4232532.0,2300234.0,1.1904136939540382
Tango,22,faster,instructions,4765511927552.0,2856443.0,-4765509071109.0,-0.9999994006010176
TimeLapse,22,faster,instructions,3995799025269.0,793425.0,-3995798231844.0,-0.9999998014352086
ToddlerFountain,22,faster,instructions,1342625071331.0,3594949.0,-1342621476382.0,-0.9999973224475867
TreesAndGrass_1920_1080,22,faster,instructions,1486785692298.0,517901.0,-1486785174397.0,-0.9999996516639872
TunnelFlag,22,faster,instructions,1125356228714.0,1970576.0,-1125354258138.0,-0.9999982489313608
Vertical_Carnaby,22,faster,instructions,805182083025.0,1820408.0,-805180262617.0,-0.9999977391349878
Vertical_bees,22,faster,instructions,917958337931.0,700977.0,-917957636954.0,-0.9999992363738407
WalkingInStreet,22,faster,instructions,1420729897454.0,526028.0,-1420729371426.0,-0.9999996297480606
WorldCup_1920x1080_30p,22,faster,instructions,807453625054.0,2491956.0,-807451133098.0,-0.9999969138091369
WorldCup_far_1920x1080_30p,22,faster,instructions,1085798074234.0,545021.0,-1085797529213.0,-0.9999994980457113
Aerial3200,27,faster,instructions,1160513520816.0,1527239.0,-1160511993577.0,-0.9999986839972369
Boat,27,faster,instructions,1180906619687.0,476826.0,-1180906142861.0,-0.9999995962204021
BoxingPractice,27,faster,instructions,3369429969158.0,385141.0,-3369429584017.0,-0.9999998856955024
Crosswalk,27,faster,instructions,3261840880850.0,1045276.0,-3261839835574.0,-0.9999996795441476
CrowdRun,27,faster,instructions,1329977489045.0,3177837.0,-1329974311208.0,-0.9999976106084305
DinnerSceneCropped,27,faster,instructions,1040780367918.0,1808602.0,-1040778559316.0,-0.9999982622635325
FoodMarket,27,faster,instructions,1008143138364.0,0.0,-1008143138364.0,-1.0
FoodMarket2,27,faster,instructions,3606135648869.0,3880740.0,-3606131768129.0,-0.9999989238507982
MeridianTalk_sdr,27,faster,instructions,813338990393.0,1273308.0,-813337717085.0,-0.999998434468266
Motorcycle,27,faster,instructions,1074249132977.0,2073417.0,-1074247059560.0,-0.9999980698918562
MountainBike,27,faster,instructions,1105530799766.0,492925.0,-1105530306841.0,-0.999999554128207
Neon1224,27,faster,instructions,3102571494305.0,1639042.0,-3102569855263.0,-0.9999994717149941
NocturneDance_3840x2160p_8bit,27,faster,instructions,3253055328360.0,4003768.0,-3253051324592.0,-0.9999987692284342
OldTownCross,27,faster,instructions,1250587878679.0,4304409.0,-1250583574270.0,-0.9999965580915396
PedestrianArea,27,faster,instructions,851336190232.0,868349.0,-851335321883.0,-0.9999989800163438
PierSeaSide,27,faster,instructions,3254621434207.0,3050721.0,-3254618383486.0,-0.9999990626495088
RitualDance,27,faster,instructions,740865991762.0,1024511.0,-740864967251.0,-0.9999986171439755
Riverbed,27,faster,instructions,1007297047378.0,2162299.0,-1007294885079.0,-0.9999978533650966
RushFieldCuts,27,faster,instructions,1086314399182.0,1135215.0,-1086313263967.0,-0.9999989549848545
Skater227,27,faster,instructions,3705927.0,529853.0,-3176074.0,-0.8570255161529086
Tango,27,faster,instructions,3595027759693.0,1780739.0,-3595025978954.0,-0.9999995046661336
TimeLapse,27,faster,instructions,3389347346757.0,836509.0,-3389346510248.0,-0.9999997531946672
ToddlerFountain,27,faster,instructions,1132525754477.0,949775.0,-1132524804702.0,-0.9999991613656499
TreesAndGrass_1920_1080,27,faster,instructions,1331685046063.0,3996696.0,-1331681049367.0,-0.9999969987678304
TunnelFlag,27,faster,instructions,950283329841.0,3145186.0,-950280184655.0,-0.9999966902649965
Vertical_Carnaby,27,faster,instructions,728515245292.0,496480.0,-728514748812.0,-0.9999993185043097
Vertical_bees,27,faster,instructions,823262623631.0,4076894.0,-823258546737.0,-0.9999950478815837
WalkingInStreet,27,faster,instructions,1290978635637.0,3454250.0,-1290975181387.0,-0.9999973243166814
WorldCup_1920x1080_30p,27,faster,instructions,725636479909.0,0.0,-725636479909.0,-1.0
WorldCup_far_1920x1080_30p,27,faster,instructions,958124297643.0,23.0,-958124297620.0,-0.9999999999759948
Aerial3200,32,faster,instructions,1020591177549.0,1284357.0,-1020589893192.0,-0.999998741555847
Boat,32,faster,instructions,1024780406174.0,630543.0,-1024779775631.0,-0.999999384704278
BoxingPractice,32,faster,instructions,2886358126848.0,2114610.0,-2886356012238.0,-0.9999992673778142
Crosswalk,32,faster,instructions,2851959141664.0,1500276.0,-2851957641388.0,-0.9999994739489855
CrowdRun,32,faster,instructions,1106596807894.0,0.0,-1106596807894.0,-1.0
DinnerSceneCropped,32,faster,instructions,776763200509.0,3792643.0,-776759407866.0,-0.9999951173755431
FoodMarket,32,faster,instructions,828953177364.0,1556757.0,-828951620607.0,-0.9999981220205887
FoodMarket2,32,faster,instructions,3174137931908.0,563353.0,-3174137368555.0,-0.9999998225177947
MeridianTalk_sdr,32,faster,instructions,706821270416.0,3184903.0,-706818085513.0,-0.9999954940475997
Motorcycle,32,faster,instructions,949431143656.0,608338.0,-949430535318.0,-0.9999993592605382
MountainBike,32,faster,instructions,973266111661.0,2671081.0,-973263440580.0,-0.9999972555491576
Neon1224,32,faster,instructions,2788744943420.0,834201.0,-2788744109219.0,-0.9999997008686643
NocturneDance_3840x2160p_8bit,32,faster,instructions,2867089470448.0,4064550.0,-2867085405898.0,-0.9999985823428108
OldTownCross,32,faster,instructions,930603739892.0,956938.0,-930602782954.0,-0.9999989717019618
PedestrianArea,32,faster,instructions,738312447660.0,976395.0,-738311471265.0,-0.9999986775314393
PierSeaSide,32,faster,instructions,2855962132639.0,806078.0,-2855961326561.0,-0.9999997177560617
RitualDance,32,faster,instructions,677907330356.0,1068125.0,-677906262231.0,-0.999998424379038
Riverbed,32,faster,instructions,864166499120.0,1698580.0,-864164800540.0,-0.9999980344297057
RushFieldCuts,32,faster,instructions,932564310918.0,3384253.0,-932560926665.0,-0.9999963710245391
Skater227,32,faster,instructions,4537131.0,628285.0,-3908846.0,-0.8615237250147726
Tango,32,faster,instructions,2999010596628.0,1108485.0,-2999009488143.0,-0.9999996303830999
TimeLapse,32,faster,instructions,2978626825396.0,437018.0,-2978626388378.0,-0.9999998532820573
ToddlerFountain,32,faster,instructions,958100594227.0,905304.0,-958099688923.0,-0.9999990551054811
TreesAndGrass_1920_1080,32,faster,instructions,1178539337022.0,2121626.0,-1178537215396.0,-0.9999981997834664
TunnelFlag,32,faster,instructions,815561828915.0,1111618.0,-815560717297.0,-0.9999986369911384
Vertical_Carnaby,32,faster,instructions,666620988665.0,2877655.0,-666618111010.0,-0.9999956832217273
Vertical_bees,32,faster,instructions,747687321018.0,497583.0,-747686823435.0,-0.9999993345038949
WalkingInStreet,32,faster,instructions,1123089927793.0,581845.0,-1123089345948.0,-0.9999994819248347
WorldCup_1920x1080_30p,32,faster,instructions,667085518738.0,3336015.0,-667082182723.0,-0.9999949991194438
WorldCup_far_1920x1080_30p,32,faster,instructions,848345665821.0,1395888.0,-848344269933.0,-0.9999983545763759
Aerial3200,37,faster,instructions,907570806188.0,1821062.0,-907568985126.0,-0.9999979934766658
Boat,37,faster,instructions,898476020779.0,817256.0,-898475203523.0,-0.9999990903975386
BoxingPractice,37,faster,instructions,2651142934656.0,955528.0,-2651141979128.0,-0.9999996395788444
Crosswalk,37,faster,instructions,2642732334898.0,670756.0,-2642731664142.0,-0.9999997461884462
CrowdRun,37,faster,instructions,942035453455.0,3509940.0,-942031943515.0,-0.9999962740892743
DinnerSceneCropped,37,faster,instructions,663048077276.0,678517.0,-663047398759.0,-0.9999989766699833
FoodMarket,37,faster,instructions,738202762145.0,497985.0,-738202264160.0,-0.9999993254089181
FoodMarket2,37,faster,instructions,2898853611241.0,980552.0,-2898852630689.0,-0.9999996617449063
MeridianTalk_sdr,37,faster,instructions,650612469963.0,546567.0,-650611923396.0,-0.999999159919268
Motorcycle,37,faster,instructions,845532568520.0,661593.0,-845531906927.0,-0.9999992175428545
MountainBike,37,faster,instructions,863560458421.0,548765.0,-863559909656.0,-0.9999993645320433
Neon1224,37,faster,instructions,2555991392770.0,4302715.0,-2555987090055.0,-0.9999983166160058
NocturneDance_3840x2160p_8bit,37,faster,instructions,2609599568914.0,1694032.0,-2609597874882.0,-0.9999993508459994
OldTownCross,37,faster,instructions,781435110089.0,461698.0,-781434648391.0,-0.9999994091665526
PedestrianArea,37,faster,instructions,678348621373.0,848924.0,-678347772449.0,-0.9999987485431926
PierSeaSide,37,faster,instructions,2599112397112.0,506756.0,-2599111890356.0,-0.9999998050272852
RitualDance,37,faster,instructions,629657705241.0,595809.0,-629657109432.0,-0.9999990537573112
Riverbed,37,faster,instructions,777061541154.0,4253135.0,-777057288019.0,-0.9999945266432905
RushFieldCuts,37,faster,instructions,817248953474.0,1166961.0,-817247786513.0,-0.9999985720862719
Skater227,37,faster,instructions,1681853.0,3709559.0,2027706.0,1.2056380670605575
Tango,37,faster,instructions,2731369089581.0,562073.0,-2731368527508.0,-0.9999997942156547
TimeLapse,37,faster,instructions,2713065655837.0,570943.0,-2713065084894.0,-0.9999997895579863
ToddlerFountain,37,faster,instructions,818456879934.0,817664.0,-818456062270.0,-0.9999990009687498
TreesAndGrass_1920_1080,37,faster,instructions,1035728501031.0,520210.0,-1035727980821.0,-0.9999994977351695
TunnelFlag,37,faster,instructions,727580499404.0,3732059.0,-727576767345.0,-0.9999948705895731
Vertical_Carnaby,37,faster,instructions,625453856942.0,4267966.0,-625449588976.0,-0.9999931762096395
Vertical_bees,37,faster,instructions,691524654827.0,4054608.0,-691520600219.0,-0.9999941367123042
WalkingInStreet,37,faster,instructions,975141461734.0,4250654.0,-975137211080.0,-0.9999956409873164
WorldCup_1920x1080_30p,37,faster,instructions,625748663784.0,3722224.0,-625744941560.0,-0.9999940515670022
WorldCup_far_1920x1080_30p,37,faster,instructions,766166271777.0,465075.0,-766165806702.0,-0.9999993929842422
Aerial3200,22,superfast,instructions,1301461613065.0,741272.0,-1301460871793.0,-0.9999994304311456
Boat,22,superfast,instructions,1304223461178.0,3779317.0,-1304219681861.0,-0.999997102247343
BoxingPractice,22,superfast,instructions,4036123435460.0,3424473.0,-4036120010987.0,-0.9999991515440361
Crosswalk,22,superfast,instructions,3980966883389.0,1042932.0,-3980965840457.0,-0.9999997380204281
CrowdRun,22,superfast,instructions,1523488050572.0,821278.0,-1523487229294.0,-0.9999994609225851
DinnerSceneCropped,22,superfast,instructions,1320367266264.0,1118331.0,-1320366147933.0,-0.9999991530152037
FoodMarket,22,superfast,instructions,1254759060992.0,401553.0,-1254758659439.0,-0.9999996799760109
FoodMarket2,22,superfast,instructions,4174709385890.0,573529.0,-4174708812361.0,-0.9999998626182215
MeridianTalk_sdr,22,superfast,instructions,1010953870437.0,3866121.0,-1010950004316.0,-0.9999961757691295
Motorcycle,22,superfast,instructions,1171845050850.0,1675625.0,-1171843375225.0,-0.9999985700967898
MountainBike,22,superfast,instructions,1204429492332.0,4178349.0,-1204425313983.0,-0.9999965308479852
Neon1224,22,superfast,instructions,3401596006165.0,2206172.0,-3401593799993.0,-0.9999993514303298
NocturneDance_3840x2160p_8bit,22,superfast,instructions,3623989544985.0,621503.0,-3623988923482.0,-0.9999998285030924
OldTownCross,22,superfast,instructions,1534389247476.0,3832965.0,-1534385414511.0,-0.9999975019604664
PedestrianArea,22,superfast,instructions,1047527480634.0,0.0,-1047527480634.0,-1.0
PierSeaSide,22,superfast,instructions,3795639407291.0,1756245.0,-3795637651046.0,-0.9999995372993028
RitualDance,22,superfast,instructions,811432934467.0,2087574.0,-811430846893.0,-0.9999974272993968
Riverbed,22,superfast,instructions,1191319848099.0,4272888.0,-1191315575211.0,-0.9999964133158641
RushFieldCuts,22,superfast,instructions,1192733928194.0,1254834.0,-1192732673360.0,-0.9999989479346816
Skater227,22,superfast,instructions,1390473.0,410.0,-1390063.0,-0.9997051363097306
Tango,22,superfast,instructions,4552961496016.0,2919111.0,-4552958576905.0,-0.9999993588544506
TimeLapse,22,superfast,instructions,3872514591069.0,4270962.0,-3872510320107.0,-0.9999988971088682
ToddlerFountain,22,superfast,instructions,1291508675147.0,2458758.0,-1291506216389.0,-0.9999980962125556
TreesAndGrass_1920_1080,22,superfast,instructions,1425609127502.0,1192774.0,-1425607934728.0,-0.9999991633232581
TunnelFlag,22,superfast,instructions,1096181784395.0,3992672.0,-1096177791723.0,-0.9999963576552203
Vertical_Carnaby,22,superfast,instructions,790215915402.0,4061487.0,-790211853915.0,-0.9999948602819548
Vertical_bees,22,superfast,instructions,898699443212.0,577878.0,-898698865334.0,-0.9999993569841349
WalkingInStreet,22,superfast,instructions,1406363930152.0,1600230.0,-1406362329922.0,-0.9999988621508518
WorldCup_1920x1080_30p,22,superfast,instructions,794325444471.0,673032.0,-794324771439.0,-0.9999991526999359
WorldCup_far_1920x1080_30p,22,superfast,instructions,1063339548042.0,676083.0,-1063338871959.0,-0.9999993641889825
Aerial3200,27,superfast,instructions,1145139407909.0,0.0,-1145139407909.0,-1.0
Boat,27,superfast,instructions,1141116379859.0,502792.0,-1141115877067.0,-0.9999995593858708
BoxingPractice,27,superfast,instructions,3271141076770.0,1082482.0,-3271139994288.0,-0.9999996690812244
Crosswalk,27,superfast,instructions,3141096094591.0,430503.0,-3141095664088.0,-0.9999998629449762
CrowdRun,27,superfast,instructions,1276583361974.0,1049946.0,-1276582312028.0,-0.9999991775343222
DinnerSceneCropped,27,superfast,instructions,996724812610.0,1261825.0,-996723550785.0,-0.9999987340287068
FoodMarket,27,superfast,instructions,968701660862.0,550633.0,-968701110229.0,-0.9999994315762817
FoodMarket2,27,superfast,instructions,3509050195042.0,828950.0,-3509049366092.0,-0.9999997637679845
MeridianTalk_sdr,27,superfast,instructions,789154204803.0,2740838.0,-789151463965.0,-0.9999965268663801
Motorcycle,27,superfast,instructions,1044735428241.0,3260969.0,-1044732167272.0,-0.9999968786652469
MountainBike,27,superfast,instructions,1071939623263.0,989715.0,-1071938633548.0,-0.9999990767063942
Neon1224,27,superfast,instructions,3041446473384.0,474508.0,-3041445998876.0,-0.9999998439860757
NocturneDance_3840x2160p_8bit,27,superfast,instructions,3179802682766.0,4280463.0,-3179798402303.0,-0.9999986538589255
OldTownCross,27,superfast,instructions,1197842685088.0,1195479.0,-1197841489609.0,-0.9999990019732851
PedestrianArea,27,superfast,instructions,830644086489.0,497351.0,-830643589138.0,-0.9999994012465651
PierSeaSide,27,superfast,instructions,3188887727841.0,0.0,-3188887727841.0,-1.0
RitualDance,27,superfast,instructions,727412551642.0,3607721.0,-727408943921.0,-0.9999950403371624
Riverbed,27,superfast,instructions,972917234862.0,3232252.0,-972914002610.0,-0.9999966777729038
RushFieldCuts,27,superfast,instructions,1050034002069.0,1667478.0,-1050032334591.0,-0.9999984119771391
Skater227,27,superfast,instructions,1154821.0,515175.0,-639646.0,-0.553891901861847
Tango,27,superfast,instructions,3451108571549.0,1060337.0,-3451107511212.0,-0.9999996927546677
TimeLapse,27,superfast,instructions,3300258110545.0,4001224.0,-3300254109321.0,-0.9999987876027068
ToddlerFountain,27,superfast,instructions,1090319503989.0,897509.0,-1090318606480.0,-0.9999991768385352
TreesAndGrass_1920_1080,27,superfast,instructions,1275780645381.0,1263709.0,-1275779381672.0,-0.9999990094621638
TunnelFlag,27,superfast,instructions,930016731662.0,534339.0,-930016197323.0,-0.9999994254522722
Vertical_Carnaby,27,superfast,instructions,716108530336.0,2839311.0,-716105691025.0,-0.9999960350828405
Vertical_bees,27,superfast,instructions,807649844868.0,556926.0,-807649287942.0,-0.999999310436319
WalkingInStreet,27,superfast,instructions,1277690466383.0,3124134.0,-1277687342249.0,-0.9999975548584871
WorldCup_1920x1080_30p,27,superfast,instructions,716321790062.0,961779.0,-716320828283.0,-0.99999865733667
WorldCup_far_1920x1080_30p,27,superfast,instructions,939546569793.0,4075922.0,-939542493871.0,-0.999995661820147
Aerial3200,32,superfast,instructions,1008268839862.0,0.0,-1008268839862.0,-1.0
Boat,32,superfast,instructions,990659827279.0,4227138.0,-990655600141.0,-0.9999957330075535
BoxingPractice,32,superfast,instructions,2841448107373.0,54732.0,-2841448052641.0,-0.9999999807379907
Crosswalk,32,superfast,instructions,2798521226949.0,3953786.0,-2798517273163.0,-0.9999985871874182
CrowdRun,32,superfast,instructions,1065781907424.0,1036044.0,-1065780871380.0,-0.9999990279024322
DinnerSceneCropped,32,superfast,instructions,750838727307.0,1221609.0,-750837505698.0,-0.9999983730074707
FoodMarket,32,superfast,instructions,803680236343.0,964688.0,-803679271655.0,-0.9999987996619099
FoodMarket2,32,superfast,instructions,3105098623665.0,2630779.0,-3105095992886.0,-0.9999991527550913
MeridianTalk_sdr,32,superfast,instructions,694708364936.0,4367334.0,-694703997602.0,-0.9999937134282234
Motorcycle,32,superfast,instructions,925060563530.0,453678.0,-925060109852.0,-0.9999995095694078
MountainBike,32,superfast,instructions,946405555202.0,1671633.0,-946403883569.0,-0.9999982337033095
Neon1224,32,superfast,instructions,2747611222375.0,1091541.0,-2747610130834.0,-0.9999996027309136
NocturneDance_3840x2160p_8bit,32,superfast,instructions,2816147815618.0,1762168.0,-2816146053450.0,-0.9999993742629594
OldTownCross,32,superfast,instructions,894480545634.0,2950281.0,-894477595353.0,-0.9999967016823178
PedestrianArea,32,superfast,instructions,725938804645.0,583927.0,-725938220718.0,-0.9999991956250358
PierSeaSide,32,superfast,instructions,2809622208870.0,1063570.0,-2809621145300.0,-0.9999996214544444
RitualDance,32,superfast,instructions,667998659215.0,569471.0,-667998089744.0,-0.9999991474967919
Riverbed,32,superfast,instructions,836593304370.0,1809634.0,-836591494736.0,-0.9999978369011675
RushFieldCuts,32,superfast,instructions,906746086393.0,879438.0,-906745206955.0,-0.9999990301165749
Skater227,32,superfast,instructions,1438165.0,2773652.0,1335487.0,0.9286048541022761
Tango,32,superfast,instructions,2928934547370.0,1467562.0,-2928933079808.0,-0.9999994989433952
TimeLapse,32,superfast,instructions,2916865456227.0,3805366.0,-2916861650861.0,-0.9999986953920031
ToddlerFountain,32,superfast,instructions,926725902767.0,863152.0,-926725039615.0,-0.9999990686005459
TreesAndGrass_1920_1080,32,superfast,instructions,1128708700813.0,1142568.0,-1128707558245.0,-0.9999989877211019
TunnelFlag,32,superfast,instructions,803136823886.0,777502.0,-803136046384.0,-0.9999990319183769
Vertical_Carnaby,32,superfast,instructions,658432841599.0,3257250.0,-658429584349.0,-0.9999950530262249
Vertical_bees,32,superfast,instructions,736295189712.0,581621.0,-736294608091.0,-0.9999992100708953
WalkingInStreet,32,superfast,instructions,1111444218075.0,0.0,-1111444218075.0,-1.0
WorldCup_1920x1080_30p,32,superfast,instructions,659108670821.0,0.0,-659108670821.0,-1.0
WorldCup_far_1920x1080_30p,32,superfast,instructions,833507077946.0,693688.0,-833506384258.0,-0.9999991677479192
Aerial3200,37,superfast,instructions,899182897473.0,1891081.0,-899181006392.0,-0.9999978968894924
Boat,37,superfast,instructions,871038052095.0,385082.0,-871037667013.0,-0.9999995579045037
BoxingPractice,37,superfast,instructions,2621409338732.0,0.0,-2621409338732.0,-1.0
Crosswalk,37,superfast,instructions,2617700792334.0,989457.0,-2617699802877.0,-0.9999996220129501
CrowdRun,37,superfast,instructions,912484454230.0,591203.0,-912483863027.0,-0.9999993520952634
DinnerSceneCropped,37,superfast,instructions,655809275301.0,1198490.0,-655808076811.0,-0.9999981725022119
FoodMarket,37,superfast,instructions,722656628562.0,1231542.0,-722655397020.0,-0.9999982958130441
FoodMarket2,37,superfast,instructions,2849885001793.0,873149.0,-2849884128644.0,-0.9999996936195673
MeridianTalk_sdr,37,superfast,instructions,644439004959.0,1488238.0,-644437516721.0,-0.9999976906456801
Motorcycle,37,superfast,instructions,825757346036.0,4034477.0,-825753311559.0,-0.9999951142099802
MountainBike,37,superfast,instructions,841551008434.0,2382363.0,-841548626071.0,-0.9999971690806901
Neon1224,37,superfast,instructions,2530906145466.0,630382.0,-2530905515084.0,-0.9999997509263624
NocturneDance_3840x2160p_8bit,37,superfast,instructions,2573569456721.0,3476767.0,-2573565979954.0,-0.9999986490487013
OldTownCross,37,superfast,instructions,763664054703.0,761083.0,-763663293620.0,-0.99999900337983
PedestrianArea,37,superfast,instructions,669519403371.0,3448868.0,-669515954503.0,-0.9999948487407794
PierSeaSide,37,superfast,instructions,2568714706918.0,21.0,-2568714706897.0,-0.9999999999918247
RitualDance,37,superfast,instructions,623436008726.0,1869728.0,-623434138998.0,-0.99999700093037
Riverbed,37,superfast,instructions,754259970034.0,0.0,-754259970034.0,-1.0
RushFieldCuts,37,superfast,instructions,798744742278.0,2661656.0,-798742080622.0,-0.9999966677013831
Skater227,37,superfast,instructions,1131942.0,3990269.0,2858327.0,2.525153232232747
Tango,37,superfast,instructions,2697720868043.0,2221062.0,-2697718646981.0,-0.9999991766894691
TimeLapse,37,superfast,instructions,2666257326332.0,3606898.0,-2666253719434.0,-0.9999986472055925
ToddlerFountain,37,superfast,instructions,797493467943.0,475035.0,-797492992908.0,-0.9999994043399487
TreesAndGrass_1920_1080,37,superfast,instructions,994513447638.0,0.0,-994513447638.0,-1.0
TunnelFlag,37,superfast,instructions,719518795790.0,1162015.0,-719517633775.0,-0.9999983850109173
Vertical_Carnaby,37,superfast,instructions,619994125825.0,3903796.0,-619990222029.0,-0.9999937034951826
Vertical_bees,37,superfast,instructions,683062554636.0,792426.0,-683061762210.0,-0.9999988398924892
WalkingInStreet,37,superfast,instructions,965184126544.0,4216577.0,-965179909967.0,-0.9999956313237195
WorldCup_1920x1080_30p,37,superfast,instructions,619813746597.0,2035951.0,-619811710646.0,-0.9999967152212884
WorldCup_far_1920x1080_30p,37,superfast,instructions,754821112619.0,3392138.0,-754817720481.0,-0.999995506037201
Aerial3200,22,veryfast,instructions,1322559518663.0,598229.0,-1322558920434.0,-0.9999995476732869
Boat,22,veryfast,instructions,1348388064758.0,1750660.0,-1348386314098.0,-0.9999987016645684
BoxingPractice,22,veryfast,instructions,4175864708452.0,0.0,-4175864708452.0,-1.0
Crosswalk,22,veryfast,instructions,4156827627464.0,3626320.0,-4156824001144.0,-0.9999991276231961
CrowdRun,22,veryfast,instructions,1585989920349.0,3874325.0,-1585986046024.0,-0.9999975571566059
DinnerSceneCropped,22,veryfast,instructions,1386030842244.0,485708.0,-1386030356536.0,-0.9999996495691256
FoodMarket,22,veryfast,instructions,1309912484647.0,1260895.0,-1309911223752.0,-0.9999990374204271
FoodMarket2,22,veryfast,instructions,4304954514967.0,1146836.0,-4304953368131.0,-0.9999997336009019
MeridianTalk_sdr,22,veryfast,instructions,1052302833963.0,2868629.0,-1052299965334.0,-0.9999972739510838
Motorcycle,22,veryfast,instructions,1205839854607.0,3826646.0,-1205836027961.0,-0.9999968265719653
MountainBike,22,veryfast,instructions,1242038209468.0,522069.0,-1242037687399.0,-0.9999995796675206
Neon1224,22,veryfast,instructions,3487685791629.0,464537.0,-3487685327092.0,-0.9999998668065222
NocturneDance_3840x2160p_8bit,22,veryfast,instructions,3720106301312.0,970701.0,-3720105330611.0,-0.9999997390663273
OldTownCross,22,veryfast,instructions,1600406730728.0,1508429.0,-1600405222299.0,-0.9999990574714721
PedestrianArea,22,veryfast,instructions,1080673926881.0,584297.0,-1080673342584.0,-0.999999459321646
PierSeaSide,22,veryfast,instructions,3913414729504.0,4158003.0,-3913410571501.0,-0.9999989375000383
RitualDance,22,veryfast,instructions,832549307124.0,1025031.0,-832548282093.0,-0.9999987688044525
Riverbed,22,veryfast,instructions,1233957969803.0,817226.0,-1233957152577.0,-0.9999993377197441
RushFieldCuts,22,veryfast,instructions,1236100357540.0,0.0,-1236100357540.0,-1.0
Skater227,22,veryfast,instructions,832070.0,2108798.0,1276728.0,1.5343997500210318
Tango,22,veryfast,instructions,4765209829284.0,0.0,-4765209829284.0,-1.0
TimeLapse,22,veryfast,instructions,3997216943121.0,3885210.0,-3997213057911.0,-0.999999028021232
ToddlerFountain,22,veryfast,instructions,1342430803584.0,524124.0,-1342430279460.0,-0.9999996095709376
TreesAndGrass_1920_1080,22,veryfast,instructions,1486506883501.0,2964325.0,-1486503919176.0,-0.9999980058450904
TunnelFlag,22,veryfast,instructions,1125767083940.0,3938719.0,-1125763145221.0,-0.99999650130204
Vertical_Carnaby,22,veryfast,instructions,803556848503.0,437612.0,-803556410891.0,-0.9999994554062966
Vertical_bees,22,veryfast,instructions,917620812143.0,4012002.0,-917616800141.0,-0.9999956278214848
WalkingInStreet,22,veryfast,instructions,1420825398098.0,1868522.0,-1420823529576.0,-0.9999986849038577
WorldCup_1920x1080_30p,22,veryfast,instructions,808565371393.0,747656.0,-808564623737.0,-0.9999990753301756
WorldCup_far_1920x1080_30p,22,veryfast,instructions,1085660160483.0,640544.0,-1085659519939.0,-0.9999994099958501
Aerial3200,27,veryfast,instructions,1160567890978.0,1477049.0,-1160566413929.0,-0.9999987273049586
Boat,27,veryfast,instructions,1181292783211.0,505907.0,-1181292277304.0,-0.999999571734453
BoxingPractice,27,veryfast,instructions,3369339616463.0,1259720.0,-3369338356743.0,-0.9999996261225809
Crosswalk,27,veryfast,instructions,3260983358770.0,1090543.0,-3260982268227.0,-0.9999996655784835
CrowdRun,27,veryfast,instructions,1330247927485.0,2594221.0,-1330245333264.0,-0.9999980498214307
DinnerSceneCropped,27,veryfast,instructions,1040541988675.0,1119852.0,-1040540868823.0,-0.9999989237800951
FoodMarket,27,veryfast,instructions,1008031297692.0,2187567.0,-1008029110125.0,-0.9999978298620241
FoodMarket2,27,veryfast,instructions,3605688169778.0,1010787.0,-3605687158991.0,-0.9999997196687699
MeridianTalk_sdr,27,veryfast,instructions,812190743952.0,4273913.0,-812186470039.0,-0.9999947377964699
Motorcycle,27,veryfast,instructions,1073801940880.0,3793453.0,-1073798147427.0,-0.9999964672693766
MountainBike,27,veryfast,instructions,1105178417633.0,3968901.0,-1105174448732.0,-0.9999964088142361
Neon1224,27,veryfast,instructions,3102234927439.0,898401.0,-3102234029038.0,-0.9999997104020099
NocturneDance_3840x2160p_8bit,27,veryfast,instructions,3253531089893.0,4335712.0,-3253526754181.0,-0.9999986673826436
OldTownCross,27,veryfast,instructions,1250605174100.0,537192.0,-1250604636908.0,-0.9999995704543599
PedestrianArea,27,veryfast,instructions,851422692546.0,2051571.0,-851420640975.0,-0.9999975904201075
PierSeaSide,27,veryfast,instructions,3254202998054.0,1159225.0,-3254201838829.0,-0.9999996437760642
RitualDance,27,veryfast,instructions,741571433160.0,2909827.0,-741568523333.0,-0.9999960761339098
Riverbed,27,veryfast,instructions,1007136154346.0,1735431.0,-1007134418915.0,-0.9999982768655533
RushFieldCuts,27,veryfast,instructions,1086400045940.0,3813319.0,-1086396232621.0,-0.9999964899495225
Skater227,27,veryfast,instructions,5631757.0,539044.0,-5092713.0,-0.9042849327483412
Tango,27,veryfast,instructions,3595758900522.0,2955232.0,-3595755945290.0,-0.9999991781339957
TimeLapse,27,veryfast,instructions,3391253198183.0,1718838.0,-3391251479345.0,-0.9999994931555093
ToddlerFountain,27,veryfast,instructions,1132380355953.0,525902.0,-1132379830051.0,-0.9999995355783088
TreesAndGrass_1920_1080,27,veryfast,instructions,1331198085194.0,2219020.0,-1331195866174.0,-0.9999983330655109
TunnelFlag,27,veryfast,instructions,950579778601.0,0.0,-950579778601.0,-1.0
Vertical_Carnaby,27,veryfast,instructions,726086219581.0,405589.0,-726085813992.0,-0.9999994414038043
Vertical_bees,27,veryfast,instructions,823863443897.0,2907286.0,-823860536611.0,-0.9999964711554791
WalkingInStreet,27,veryfast,instructions,1290787584839.0,2954791.0,-1290784630048.0,-0.9999977108619306
WorldCup_1920x1080_30p,27,veryfast,instructions,727099161087.0,856585.0,-727098304502.0,-0.9999988219144708
WorldCup_far_1920x1080_30p,27,veryfast,instructions,957932360181.0,480964.0,-957931879217.0,-0.9999994979144458
Aerial3200,32,veryfast,instructions,1020394847313.0,1990544.0,-1020392856769.0,-0.9999980492414233
Boat,32,veryfast,instructions,1024677933434.0,4124086.0,-1024673809348.0,-0.9999959752368374
BoxingPractice,32,veryfast,instructions,2887024443344.0,4364577.0,-2887020078767.0,-0.9999984882091976
Crosswalk,32,veryfast,instructions,2851945199476.0,4153778.0,-2851941045698.0,-0.9999985435281152
CrowdRun,32,veryfast,instructions,1107003638143.0,1477293.0,-1107002160850.0,-0.9999986655030308
DinnerSceneCropped,32,veryfast,instructions,777135420173.0,2698497.0,-777132721676.0,-0.9999965276360723
FoodMarket,32,veryfast,instructions,829085749093.0,1203635.0,-829084545458.0,-0.9999985482382234
FoodMarket2,32,veryfast,instructions,3174496186447.0,964370.0,-3174495222077.0,-0.999999696213212
MeridianTalk_sdr,32,veryfast,instructions,706207473912.0,0.0,-706207473912.0,-1.0
Motorcycle,32,veryfast,instructions,949752985123.0,4084635.0,-949748900488.0,-0.9999956992659523
MountainBike,32,veryfast,instructions,974263935267.0,517008.0,-974263418259.0,-0.9999994693347651
Neon1224,32,veryfast,instructions,2786318990795.0,3359853.0,-2786315630942.0,-0.9999987941606789
NocturneDance_3840x2160p_8bit,32,veryfast,instructions,2867554956867.0,4199066.0,-2867550757801.0,-0.999998535663287
OldTownCross,32,veryfast,instructions,930828718877.0,962259.0,-930827756618.0,-0.9999989662340875
PedestrianArea,32,veryfast,instructions,737855846850.0,0.0,-737855846850.0,-1.0
PierSeaSide,32,veryfast,instructions,2856958342464.0,0.0,-2856958342464.0,-1.0
RitualDance,32,veryfast,instructions,677587977527.0,3897628.0,-677584079899.0,-0.999994247790502
Riverbed,32,veryfast,instructions,864126913568.0,1971856.0,-864124941712.0,-0.9999977180944499
RushFieldCuts,32,veryfast,instructions,932500850078.0,2173066.0,-932498677012.0,-0.9999976696364408
Skater227,32,veryfast,instructions,1484625.0,2020013.0,535388.0,0.3606217058179675
Tango,32,veryfast,instructions,2998278395608.0,1895631.0,-2998276499977.0,-0.9999993677601777
TimeLapse,32,veryfast,instructions,2978107887028.0,3023627.0,-2978104863401.0,-0.9999989847154251
ToddlerFountain,32,veryfast,instructions,958363147323.0,1472462.0,-958361674861.0,-0.9999984635657119
TreesAndGrass_1920_1080,32,veryfast,instructions,1178022126536.0,940849.0,-1178021185687.0,-0.9999992013316399
TunnelFlag,32,veryfast,instructions,815684379076.0,3980267.0,-815680398809.0,-0.9999951203344062
Vertical_Carnaby,32,veryfast,instructions,666671484989.0,1329131.0,-666670155858.0,-0.9999980063179092
Vertical_bees,32,veryfast,instructions,748254643977.0,717623.0,-748253926354.0,-0.9999990409374592
WalkingInStreet,32,veryfast,instructions,1123450631512.0,4469695.0,-1123446161817.0,-0.999996021458465
WorldCup_1920x1080_30p,32,veryfast,instructions,666159110051.0,596616.0,-666158513435.0,-0.999999104394144
WorldCup_far_1920x1080_30p,32,veryfast,instructions,849215702550.0,520129.0,-849215182421.0,-0.9999993875183909
Aerial3200,37,veryfast,instructions,908067094848.0,702228.0,-908066392620.0,-0.9999992266782884
Boat,37,veryfast,instructions,899095651003.0,1713140.0,-899093937863.0,-0.9999980945965002
BoxingPractice,37,veryfast,instructions,2650889014891.0,478699.0,-2650888536192.0,-0.9999998194194486
Crosswalk,37,veryfast,instructions,2643079786545.0,732852.0,-2643079053693.0,-0.9999997227280071
CrowdRun,37,veryfast,instructions,942353374788.0,4597297.0,-942348777491.0,-0.9999951214723447
DinnerSceneCropped,37,veryfast,instructions,663298833821.0,493520.0,-663298340301.0,-0.999999255961303
FoodMarket,37,veryfast,instructions,737699125664.0,554686.0,-737698570978.0,-0.9999992480864072
FoodMarket2,37,veryfast,instructions,2897150474489.0,583810.0,-2897149890679.0,-0.9999997984882024
MeridianTalk_sdr,37,veryfast,instructions,650701018777.0,2341599.0,-650698677178.0,-0.999996401421033
Motorcycle,37,veryfast,instructions,844402963218.0,3857302.0,-844399105916.0,-0.9999954319179728
MountainBike,37,veryfast,instructions,863019016537.0,483817.0,-863018532720.0,-0.9999994393901053
Neon1224,37,veryfast,instructions,2555287081286.0,1165841.0,-2555285915445.0,-0.9999995437534168
NocturneDance_3840x2160p_8bit,37,veryfast,instructions,2609374054592.0,652689.0,-2609373401903.0,-0.999999749867598
OldTownCross,37,veryfast,instructions,781190235827.0,470673.0,-781189765154.0,-0.9999993974924692
PedestrianArea,37,veryfast,instructions,678233929396.0,606661.0,-678233322735.0,-0.9999991055283823
PierSeaSide,37,veryfast,instructions,2598736977559.0,4191264.0,-2598732786295.0,-0.9999983871919181
RitualDance,37,veryfast,instructions,629887168957.0,964227.0,-629886204730.0,-0.999998469206792
Riverbed,37,veryfast,instructions,776808746629.0,986227.0,-776807760402.0,-0.9999987304120811
RushFieldCuts,37,veryfast,instructions,817319655394.0,0.0,-817319655394.0,-1.0
Skater227,37,veryfast,instructions,675896.0,1338937.0,663041.0,0.9809808017801556
Tango,37,veryfast,instructions,2731614621276.0,3727681.0,-2731610893595.0,-0.9999986353561843
TimeLapse,37,veryfast,instructions,2713862237550.0,3974206.0,-2713858263344.0,-0.9999985355903682
ToddlerFountain,37,veryfast,instructions,818522747615.0,4102586.0,-818518645029.0,-0.9999949878167566
TreesAndGrass_1920_1080,37,veryfast,instructions,1034848610905.0,589843.0,-1034848021062.0,-0.9999994300200109
TunnelFlag,37,veryfast,instructions,728109192953.0,853515.0,-728108339438.0,-0.9999988277651096
Vertical_Carnaby,37,veryfast,instructions,626094847645.0,4129543.0,-626090718102.0,-0.9999934042852844
Vertical_bees,37,veryfast,instructions,691470163495.0,884563.0,-691469278932.0,-0.9999987207502988
WalkingInStreet,37,veryfast,instructions,974813491344.0,1971141.0,-974811520203.0,-0.9999979779301195
WorldCup_1920x1080_30p,37,veryfast,instructions,625455530253.0,0.0,-625455530253.0,-1.0
WorldCup_far_1920x1080_30p,37,veryfast,instructions,766044563224.0,576222.0,-766043987002.0,-0.9999992477957189
Aerial3200,22,fast,l1-dcache-load-misses,5596515456.0,9257.0,-5596506199.0,-0.9999983459350603
Boat,22,fast,l1-dcache-load-misses,5650125006.0,9390.0,-5650115616.0,-0.999998338089867
BoxingPractice,22,fast,l1-dcache-load-misses,21508066412.0,8256.0,-21508058156.0,-0.9999996161440159
Crosswalk,22,fast,l1-dcache-load-misses,22631365352.0,9349.0,-22631356003.0,-0.9999995869007524
CrowdRun,22,fast,l1-dcache-load-misses,5722576703.0,8133.0,-5722568570.0,-0.9999985787870705
DinnerSceneCropped,22,fast,l1-dcache-load-misses,5704123596.0,9459.0,-5704114137.0,-0.999998341725974
FoodMarket,22,fast,l1-dcache-load-misses,5640209043.0,8413.0,-5640200630.0,-0.9999985083886189
FoodMarket2,22,fast,l1-dcache-load-misses,22102094839.0,8090.0,-22102086749.0,-0.9999996339713471
MeridianTalk_sdr,22,fast,l1-dcache-load-misses,5373883163.0,8468.0,-5373874695.0,-0.9999984242307205
Motorcycle,22,fast,l1-dcache-load-misses,5464809546.0,7997.0,-5464801549.0,-0.9999985366370168
MountainBike,22,fast,l1-dcache-load-misses,5696160104.0,9211.0,-5696150893.0,-0.9999983829457333
Neon1224,22,fast,l1-dcache-load-misses,20470348006.0,7982.0,-20470340024.0,-0.9999996100701367
NocturneDance_3840x2160p_8bit,22,fast,l1-dcache-load-misses,20437720892.0,8238.0,-20437712654.0,-0.9999995969217877
OldTownCross,22,fast,l1-dcache-load-misses,5784041455.0,7573.0,-5784033882.0,-0.9999986907078625
PedestrianArea,22,fast,l1-dcache-load-misses,5486768444.0,7945.0,-5486760499.0,-0.9999985519709678
PierSeaSide,22,fast,l1-dcache-load-misses,20658409390.0,7791.0,-20658401599.0,-0.9999996228654465
RitualDance,22,fast,l1-dcache-load-misses,5039570528.0,9333.0,-5039561195.0,-0.9999981480564766
Riverbed,22,fast,l1-dcache-load-misses,5631168293.0,8023.0,-5631160270.0,-0.9999985752512476
RushFieldCuts,22,fast,l1-dcache-load-misses,5647428434.0,9284.0,-5647419150.0,-0.9999983560659319
Skater227,22,fast,l1-dcache-load-misses,13605.0,8247.0,-5358.0,-0.3938257993384785
Tango,22,fast,l1-dcache-load-misses,22556172500.0,9298.0,-22556163202.0,-0.999999587784674
TimeLapse,22,fast,l1-dcache-load-misses,21010840140.0,9158.0,-21010830982.0,-0.9999995641297569
ToddlerFountain,22,fast,l1-dcache-load-misses,5784246229.0,7432.0,-5784238797.0,-0.9999987151307698
TreesAndGrass_1920_1080,22,fast,l1-dcache-load-misses,5568234139.0,9777.0,-5568224362.0,-0.9999982441471109
TunnelFlag,22,fast,l1-dcache-load-misses,5414505596.0,8552.0,-5414497044.0,-0.9999984205390782
Vertical_Carnaby,22,fast,l1-dcache-load-misses,4964806787.0,7759.0,-4964799028.0,-0.9999984372000094
Vertical_bees,22,fast,l1-dcache-load-misses,5225377639.0,8583.0,-5225369056.0,-0.9999983574392909
WalkingInStreet,22,fast,l1-dcache-load-misses,4831092698.0,7635.0,-4831085063.0,-0.9999984196121918
WorldCup_1920x1080_30p,22,fast,l1-dcache-load-misses,5030783724.0,9492.0,-5030774232.0,-0.9999981132164448
WorldCup_far_1920x1080_30p,22,fast,l1-dcache-load-misses,5491291115.0,9018.0,-5491282097.0,-0.9999983577632635
Aerial3200,27,fast,l1-dcache-load-misses,5324813366.0,7899.0,-5324805467.0,-0.999998516567726
Boat,27,fast,l1-dcache-load-misses,5346147211.0,7554.0,-5346139657.0,-0.999998587019829
BoxingPractice,27,fast,l1-dcache-load-misses,19930645838.0,8296.0,-19930637542.0,-0.9999995837565894
Crosswalk,27,fast,l1-dcache-load-misses,20148649666.0,9580.0,-20148640086.0,-0.9999995245338938
CrowdRun,27,fast,l1-dcache-load-misses,5717965293.0,9167.0,-5717956126.0,-0.9999983968073379
DinnerSceneCropped,27,fast,l1-dcache-load-misses,5386026689.0,9219.0,-5386017470.0,-0.9999982883486228
FoodMarket,27,fast,l1-dcache-load-misses,5349170416.0,8085.0,-5349162331.0,-0.9999984885506777
FoodMarket2,27,fast,l1-dcache-load-misses,20982757340.0,7908.0,-20982749432.0,-0.9999996231191224
MeridianTalk_sdr,27,fast,l1-dcache-load-misses,4964645600.0,8489.0,-4964637111.0,-0.99999829010957
Motorcycle,27,fast,l1-dcache-load-misses,5221802386.0,9436.0,-5221792950.0,-0.9999981929611076
MountainBike,27,fast,l1-dcache-load-misses,5370527053.0,7931.0,-5370519122.0,-0.9999985232361887
Neon1224,27,fast,l1-dcache-load-misses,19489811529.0,9356.0,-19489802173.0,-0.9999995199543112
NocturneDance_3840x2160p_8bit,27,fast,l1-dcache-load-misses,19402591048.0,9108.0,-19402581940.0,-0.9999995305781595
OldTownCross,27,fast,l1-dcache-load-misses,5554989482.0,8086.0,-5554981396.0,-0.9999985443716813
PedestrianArea,27,fast,l1-dcache-load-misses,5035327556.0,7664.0,-5035319892.0,-0.9999984779540328
PierSeaSide,27,fast,l1-dcache-load-misses,19423135645.0,8504.0,-19423127141.0,-0.9999995621716207
RitualDance,27,fast,l1-dcache-load-misses,4716868606.0,9345.0,-4716859261.0,-0.9999980188127378
Riverbed,27,fast,l1-dcache-load-misses,5468145629.0,7993.0,-5468137636.0,-0.9999985382613152
RushFieldCuts,27,fast,l1-dcache-load-misses,5454112307.0,8385.0,-5454103922.0,-0.9999984626279167
Skater227,27,fast,l1-dcache-load-misses,14729.0,7751.0,-6978.0,-0.4737592504582796
Tango,27,fast,l1-dcache-load-misses,20985459735.0,8190.0,-20985451545.0,-0.9999996097297794
TimeLapse,27,fast,l1-dcache-load-misses,20348380667.0,7955.0,-20348372712.0,-0.9999996090598003
ToddlerFountain,27,fast,l1-dcache-load-misses,5379878227.0,7289.0,-5379870938.0,-0.9999986451366197
TreesAndGrass_1920_1080,27,fast,l1-dcache-load-misses,5617569550.0,8374.0,-5617561176.0,-0.9999985093197467
TunnelFlag,27,fast,l1-dcache-load-misses,5089347091.0,7745.0,-5089339346.0,-0.9999984781937915
Vertical_Carnaby,27,fast,l1-dcache-load-misses,4551442388.0,8069.0,-4551434319.0,-0.9999982271554131
Vertical_bees,27,fast,l1-dcache-load-misses,5073701483.0,8636.0,-5073692847.0,-0.9999982978896119
WalkingInStreet,27,fast,l1-dcache-load-misses,4785334066.0,9134.0,-4785324932.0,-0.9999980912513371
WorldCup_1920x1080_30p,27,fast,l1-dcache-load-misses,4801831416.0,9709.0,-4801821707.0,-0.9999979780631266
WorldCup_far_1920x1080_30p,27,fast,l1-dcache-load-misses,5222458905.0,9471.0,-5222449434.0,-0.9999981864864478
Aerial3200,32,fast,l1-dcache-load-misses,5277855363.0,18087.0,-5277837276.0,-0.9999965730398512
Boat,32,fast,l1-dcache-load-misses,5325289996.0,9078.0,-5325280918.0,-0.9999982953041042
BoxingPractice,32,fast,l1-dcache-load-misses,18657889329.0,8412.0,-18657880917.0,-0.9999995491451443
Crosswalk,32,fast,l1-dcache-load-misses,18887185779.0,9057.0,-18887176722.0,-0.9999995204685279
CrowdRun,32,fast,l1-dcache-load-misses,5401985603.0,9380.0,-5401976223.0,-0.9999982636014441
DinnerSceneCropped,32,fast,l1-dcache-load-misses,4937207995.0,8518.0,-4937199477.0,-0.9999982747334103
FoodMarket,32,fast,l1-dcache-load-misses,5136332983.0,8034.0,-5136324949.0,-0.9999984358490723
FoodMarket2,32,fast,l1-dcache-load-misses,20057823480.0,9320.0,-20057814160.0,-0.999999535343403
MeridianTalk_sdr,32,fast,l1-dcache-load-misses,4680053436.0,8463.0,-4680044973.0,-0.9999981916873139
Motorcycle,32,fast,l1-dcache-load-misses,5261492683.0,8027.0,-5261484656.0,-0.999998474387311
MountainBike,32,fast,l1-dcache-load-misses,5246188686.0,8698.0,-5246179988.0,-0.999998342034471
Neon1224,32,fast,l1-dcache-load-misses,18610339095.0,9379.0,-18610329716.0,-0.999999496032826
NocturneDance_3840x2160p_8bit,32,fast,l1-dcache-load-misses,18470912111.0,7788.0,-18470904323.0,-0.9999995783640812
OldTownCross,32,fast,l1-dcache-load-misses,5179956762.0,7950.0,-5179948812.0,-0.9999984652381544
PedestrianArea,32,fast,l1-dcache-load-misses,4802173745.0,9554.0,-4802164191.0,-0.9999980104843125
PierSeaSide,32,fast,l1-dcache-load-misses,18672720858.0,8252.0,-18672712606.0,-0.9999995580719027
RitualDance,32,fast,l1-dcache-load-misses,4571779127.0,8012.0,-4571771115.0,-0.999998247509388
Riverbed,32,fast,l1-dcache-load-misses,5206852256.0,8117.0,-5206844139.0,-0.9999984410926984
RushFieldCuts,32,fast,l1-dcache-load-misses,5263983589.0,9039.0,-5263974550.0,-0.9999982828593883
Skater227,32,fast,l1-dcache-load-misses,15300.0,8264.0,-7036.0,-0.45986928104575164
Tango,32,fast,l1-dcache-load-misses,19223254098.0,8176.0,-19223245922.0,-0.9999995746817912
TimeLapse,32,fast,l1-dcache-load-misses,18870493789.0,9197.0,-18870484592.0,-0.9999995126253662
ToddlerFountain,32,fast,l1-dcache-load-misses,5282861651.0,9728.0,-5282851923.0,-0.9999981585737726
TreesAndGrass_1920_1080,32,fast,l1-dcache-load-misses,5336127702.0,8003.0,-5336119699.0,-0.9999985002232992
TunnelFlag,32,fast,l1-dcache-load-misses,5077746532.0,9371.0,-5077737161.0,-0.9999981544963025
Vertical_Carnaby,32,fast,l1-dcache-load-misses,4483130847.0,7950.0,-4483122897.0,-0.9999982266857088
Vertical_bees,32,fast,l1-dcache-load-misses,5053855172.0,7961.0,-5053847211.0,-0.99999842476689
WalkingInStreet,32,fast,l1-dcache-load-misses,4880960570.0,8307.0,-4880952263.0,-0.9999982980809042
WorldCup_1920x1080_30p,32,fast,l1-dcache-load-misses,4702903190.0,9432.0,-4702893758.0,-0.9999979944303298
WorldCup_far_1920x1080_30p,32,fast,l1-dcache-load-misses,5015747667.0,9154.0,-5015738513.0,-0.9999981749480621
Aerial3200,37,fast,l1-dcache-load-misses,5404436216.0,8881.0,-5404427335.0,-0.9999983567203599
Boat,37,fast,l1-dcache-load-misses,5259088346.0,9111.0,-5259079235.0,-0.9999982675704607
BoxingPractice,37,fast,l1-dcache-load-misses,18250279684.0,9050.0,-18250270634.0,-0.9999995041171885
Crosswalk,37,fast,l1-dcache-load-misses,18233276453.0,9534.0,-18233266919.0,-0.9999994771098861
CrowdRun,37,fast,l1-dcache-load-misses,5185863301.0,8176.0,-5185855125.0,-0.9999984234061862
DinnerSceneCropped,37,fast,l1-dcache-load-misses,4479955780.0,8335.0,-4479947445.0,-0.9999981394905644
FoodMarket,37,fast,l1-dcache-load-misses,4798576454.0,9009.0,-4798567445.0,-0.9999981225682062
FoodMarket2,37,fast,l1-dcache-load-misses,19268055344.0,8168.0,-19268047176.0,-0.9999995760859176
MeridianTalk_sdr,37,fast,l1-dcache-load-misses,4462690362.0,7859.0,-4462682503.0,-0.9999982389546748
Motorcycle,37,fast,l1-dcache-load-misses,5202739863.0,8570.0,-5202731293.0,-0.9999983527909859
MountainBike,37,fast,l1-dcache-load-misses,5066668767.0,10025.0,-5066658742.0,-0.9999980213823991
Neon1224,37,fast,l1-dcache-load-misses,18174286294.0,9263.0,-18174277031.0,-0.9999994903238647
NocturneDance_3840x2160p_8bit,37,fast,l1-dcache-load-misses,17731086830.0,8271.0,-17731078559.0,-0.9999995335311321
OldTownCross,37,fast,l1-dcache-load-misses,4878137776.0,9359.0,-4878128417.0,-0.9999980814400024
PedestrianArea,37,fast,l1-dcache-load-misses,4651528314.0,7832.0,-4651520482.0,-0.9999983162523215
PierSeaSide,37,fast,l1-dcache-load-misses,18098553596.0,9473.0,-18098544123.0,-0.9999994765880075
RitualDance,37,fast,l1-dcache-load-misses,4390720016.0,6901.0,-4390713115.0,-0.999998428276006
Riverbed,37,fast,l1-dcache-load-misses,5039763543.0,8342.0,-5039755201.0,-0.9999983447636126
RushFieldCuts,37,fast,l1-dcache-load-misses,5108640118.0,9177.0,-5108630941.0,-0.9999982036315364
Skater227,37,fast,l1-dcache-load-misses,14826.0,8161.0,-6665.0,-0.4495480911911507
Tango,37,fast,l1-dcache-load-misses,18489115355.0,8191.0,-18489107164.0,-0.9999995569825899
TimeLapse,37,fast,l1-dcache-load-misses,18736671072.0,7904.0,-18736663168.0,-0.9999995781534526
ToddlerFountain,37,fast,l1-dcache-load-misses,5016062916.0,7511.0,-5016055405.0,-0.9999985026104884
TreesAndGrass_1920_1080,37,fast,l1-dcache-load-misses,5166071507.0,9288.0,-5166062219.0,-0.9999982021154784
TunnelFlag,37,fast,l1-dcache-load-misses,4790154127.0,8064.0,-4790146063.0,-0.9999983165468613
Vertical_Carnaby,37,fast,l1-dcache-load-misses,4318215387.0,8143.0,-4318207244.0,-0.9999981142672909
Vertical_bees,37,fast,l1-dcache-load-misses,4862696451.0,9492.0,-4862686959.0,-0.9999980479966011
WalkingInStreet,37,fast,l1-dcache-load-misses,4742696784.0,9016.0,-4742687768.0,-0.9999980989718696
WorldCup_1920x1080_30p,37,fast,l1-dcache-load-misses,4553216809.0,9127.0,-4553207682.0,-0.9999979954831094
WorldCup_far_1920x1080_30p,37,fast,l1-dcache-load-misses,4924108810.0,9628.0,-4924099182.0,-0.9999980447223302
Aerial3200,22,faster,l1-dcache-load-misses,5355456001.0,9183.0,-5355446818.0,-0.9999982853000756
Boat,22,faster,l1-dcache-load-misses,5551537129.0,9236.0,-5551527893.0,-0.9999983363166299
BoxingPractice,22,faster,l1-dcache-load-misses,21396693178.0,8061.0,-21396685117.0,-0.9999996232595414
Crosswalk,22,faster,l1-dcache-load-misses,22259029313.0,8953.0,-22259020360.0,-0.9999995977812026
CrowdRun,22,faster,l1-dcache-load-misses,5753284684.0,9178.0,-5753275506.0,-0.9999984047373798
DinnerSceneCropped,22,faster,l1-dcache-load-misses,5657514527.0,10339.0,-5657504188.0,-0.999998172519054
FoodMarket,22,faster,l1-dcache-load-misses,5666598800.0,8557.0,-5666590243.0,-0.999998489923091
FoodMarket2,22,faster,l1-dcache-load-misses,22002729847.0,8364.0,-22002721483.0,-0.9999996198653505
MeridianTalk_sdr,22,faster,l1-dcache-load-misses,5369230872.0,8711.0,-5369222161.0,-0.9999983776074809
Motorcycle,22,faster,l1-dcache-load-misses,5495414696.0,9228.0,-5495405468.0,-0.9999983207818681
MountainBike,22,faster,l1-dcache-load-misses,5566754848.0,9300.0,-5566745548.0,-0.9999983293677818
Neon1224,22,faster,l1-dcache-load-misses,20539891973.0,8184.0,-20539883789.0,-0.9999996015558402
NocturneDance_3840x2160p_8bit,22,faster,l1-dcache-load-misses,20223703340.0,8219.0,-20223695121.0,-0.9999995935957
OldTownCross,22,faster,l1-dcache-load-misses,5689901936.0,8239.0,-5689893697.0,-0.9999985519961341
PedestrianArea,22,faster,l1-dcache-load-misses,5383245206.0,9063.0,-5383236143.0,-0.9999983164430277
PierSeaSide,22,faster,l1-dcache-load-misses,20580909835.0,17308.0,-20580892527.0,-0.9999991590264892
RitualDance,22,faster,l1-dcache-load-misses,4979753948.0,8667.0,-4979745281.0,-0.9999982595525622
Riverbed,22,faster,l1-dcache-load-misses,5595205646.0,7217.0,-5595198429.0,-0.9999987101457111
RushFieldCuts,22,faster,l1-dcache-load-misses,5536910653.0,9041.0,-5536901612.0,-0.9999983671399871
Skater227,22,faster,l1-dcache-load-misses,14494.0,7391.0,-7103.0,-0.4900648544225197
Tango,22,faster,l1-dcache-load-misses,21975069390.0,8238.0,-21975061152.0,-0.9999996251206377
TimeLapse,22,faster,l1-dcache-load-misses,21659176038.0,8881.0,-21659167157.0,-0.9999995899659347
ToddlerFountain,22,faster,l1-dcache-load-misses,5675211998.0,8143.0,-5675203855.0,-0.9999985651637325
TreesAndGrass_1920_1080,22,faster,l1-dcache-load-misses,5681176603.0,9575.0,-5681167028.0,-0.9999983146096894
TunnelFlag,22,faster,l1-dcache-load-misses,5422810144.0,7964.0,-5422802180.0,-0.9999985313887471
Vertical_Carnaby,22,faster,l1-dcache-load-misses,5075444676.0,8112.0,-5075436564.0,-0.9999984017163978
Vertical_bees,22,faster,l1-dcache-load-misses,5246501082.0,8606.0,-5246492476.0,-0.9999983596686887
WalkingInStreet,22,faster,l1-dcache-load-misses,4933816745.0,9184.0,-4933807561.0,-0.9999981385607787
WorldCup_1920x1080_30p,22,faster,l1-dcache-load-misses,4809033103.0,7421.0,-4809025682.0,-0.9999984568623586
WorldCup_far_1920x1080_30p,22,faster,l1-dcache-load-misses,5302597088.0,9384.0,-5302587704.0,-0.9999982303011441
Aerial3200,27,faster,l1-dcache-load-misses,5234532178.0,17518.0,-5234514660.0,-0.9999966533781044
Boat,27,faster,l1-dcache-load-misses,5359103525.0,9321.0,-5359094204.0,-0.9999982607165626
BoxingPractice,27,faster,l1-dcache-load-misses,20145287034.0,9941.0,-20145277093.0,-0.9999995065347055
Crosswalk,27,faster,l1-dcache-load-misses,20271785866.0,9958.0,-20271775908.0,-0.9999995087753952
CrowdRun,27,faster,l1-dcache-load-misses,5505286594.0,7646.0,-5505278948.0,-0.9999986111531399
DinnerSceneCropped,27,faster,l1-dcache-load-misses,5359930174.0,8130.0,-5359922044.0,-0.9999984831891954
FoodMarket,27,faster,l1-dcache-load-misses,5342597246.0,8537.0,-5342588709.0,-0.9999984020880469
FoodMarket2,27,faster,l1-dcache-load-misses,21184929455.0,8009.0,-21184921446.0,-0.9999996219482337
MeridianTalk_sdr,27,faster,l1-dcache-load-misses,4905187476.0,7904.0,-4905179572.0,-0.9999983886446667
Motorcycle,27,faster,l1-dcache-load-misses,5213268600.0,8171.0,-5213260429.0,-0.9999984326531727
MountainBike,27,faster,l1-dcache-load-misses,5323811701.0,9469.0,-5323802232.0,-0.9999982213871317
Neon1224,27,faster,l1-dcache-load-misses,19336597883.0,7980.0,-19336589903.0,-0.9999995873110643
NocturneDance_3840x2160p_8bit,27,faster,l1-dcache-load-misses,19146379878.0,7427.0,-19146372451.0,-0.9999996120937719
OldTownCross,27,faster,l1-dcache-load-misses,5464999260.0,8656.0,-5464990604.0,-0.9999984161022558
PedestrianArea,27,faster,l1-dcache-load-misses,4992210808.0,8680.0,-4992202128.0,-0.9999982612913729
PierSeaSide,27,faster,l1-dcache-load-misses,19496908509.0,8019.0,-19496900490.0,-0.9999995887040247
RitualDance,27,faster,l1-dcache-load-misses,4681538211.0,8544.0,-4681529667.0,-0.9999981749588245
Riverbed,27,faster,l1-dcache-load-misses,5361046758.0,8234.0,-5361038524.0,-0.999998464105916
RushFieldCuts,27,faster,l1-dcache-load-misses,5435618731.0,8133.0,-5435610598.0,-0.9999985037581915
Skater227,27,faster,l1-dcache-load-misses,15221.0,9254.0,-5967.0,-0.3920241771237107
Tango,27,faster,l1-dcache-load-misses,20908932440.0,7940.0,-20908924500.0,-0.9999996202579915
TimeLapse,27,faster,l1-dcache-load-misses,20176266468.0,10246.0,-20176256222.0,-0.9999994921756205
ToddlerFountain,27,faster,l1-dcache-load-misses,5338483027.0,9276.0,-5338473751.0,-0.9999982624277434
TreesAndGrass_1920_1080,27,faster,l1-dcache-load-misses,5545091656.0,8191.0,-5545083465.0,-0.9999985228377621
TunnelFlag,27,faster,l1-dcache-load-misses,5111110819.0,7880.0,-5111102939.0,-0.9999984582607815
Vertical_Carnaby,27,faster,l1-dcache-load-misses,5107320954.0,9055.0,-5107311899.0,-0.9999982270548333
Vertical_bees,27,faster,l1-dcache-load-misses,4973762244.0,8032.0,-4973754212.0,-0.9999983851258653
WalkingInStreet,27,faster,l1-dcache-load-misses,4772688803.0,8284.0,-4772680519.0,-0.9999982642907715
WorldCup_1920x1080_30p,27,faster,l1-dcache-load-misses,4468923701.0,9156.0,-4468914545.0,-0.9999979511845328
WorldCup_far_1920x1080_30p,27,faster,l1-dcache-load-misses,5040700824.0,10547.0,-5040690277.0,-0.9999979076322185
Aerial3200,32,faster,l1-dcache-load-misses,5236936584.0,8016.0,-5236928568.0,-0.9999984693341477
Boat,32,faster,l1-dcache-load-misses,5334584692.0,9374.0,-5334575318.0,-0.9999982427872943
BoxingPractice,32,faster,l1-dcache-load-misses,18794580952.0,8112.0,-18794572840.0,-0.9999995683862268
Crosswalk,32,faster,l1-dcache-load-misses,18983593704.0,8064.0,-18983585640.0,-0.9999995752121477
CrowdRun,32,faster,l1-dcache-load-misses,5403805416.0,9211.0,-5403796205.0,-0.9999982954604596
DinnerSceneCropped,32,faster,l1-dcache-load-misses,4976060071.0,7669.0,-4976052402.0,-0.9999984588208561
FoodMarket,32,faster,l1-dcache-load-misses,5285247765.0,8059.0,-5285239706.0,-0.9999984751897435
FoodMarket2,32,faster,l1-dcache-load-misses,20257912373.0,9483.0,-20257902890.0,-0.9999995318866117
MeridianTalk_sdr,32,faster,l1-dcache-load-misses,4867946399.0,8319.0,-4867938080.0,-0.9999982910658175
Motorcycle,32,faster,l1-dcache-load-misses,5214445024.0,9565.0,-5214435459.0,-0.9999981656724818
MountainBike,32,faster,l1-dcache-load-misses,5311216669.0,8145.0,-5311208524.0,-0.9999984664530732
Neon1224,32,faster,l1-dcache-load-misses,18705661481.0,8934.0,-18705652547.0,-0.999999522390587
NocturneDance_3840x2160p_8bit,32,faster,l1-dcache-load-misses,18495028536.0,7768.0,-18495020768.0,-0.9999995799952411
OldTownCross,32,faster,l1-dcache-load-misses,5233132123.0,9012.0,-5233123111.0,-0.9999982778955723
PedestrianArea,32,faster,l1-dcache-load-misses,4897381300.0,8679.0,-4897372621.0,-0.9999982278284111
PierSeaSide,32,faster,l1-dcache-load-misses,18802976402.0,9178.0,-18802967224.0,-0.9999995118857885
RitualDance,32,faster,l1-dcache-load-misses,4607422298.0,9163.0,-4607413135.0,-0.9999980112524081
Riverbed,32,faster,l1-dcache-load-misses,5268963237.0,7758.0,-5268955479.0,-0.9999985276040748
RushFieldCuts,32,faster,l1-dcache-load-misses,5389794483.0,8831.0,-5389785652.0,-0.9999983615330736
Skater227,32,faster,l1-dcache-load-misses,14927.0,9270.0,-5657.0,-0.37897769143163396
Tango,32,faster,l1-dcache-load-misses,19146190803.0,7937.0,-19146182866.0,-0.9999995854527889
TimeLapse,32,faster,l1-dcache-load-misses,19328993740.0,19177.0,-19328974563.0,-0.9999990078635103
ToddlerFountain,32,faster,l1-dcache-load-misses,5203515034.0,8991.0,-5203506043.0,-0.9999982721295237
TreesAndGrass_1920_1080,32,faster,l1-dcache-load-misses,5553932223.0,7998.0,-5553924225.0,-0.9999985599392145
TunnelFlag,32,faster,l1-dcache-load-misses,5059410090.0,8271.0,-5059401819.0,-0.9999983652244328
Vertical_Carnaby,32,faster,l1-dcache-load-misses,4644189559.0,8113.0,-4644181446.0,-0.9999982530859481
Vertical_bees,32,faster,l1-dcache-load-misses,4925995089.0,9458.0,-4925985631.0,-0.9999980799818454
WalkingInStreet,32,faster,l1-dcache-load-misses,4793108341.0,9228.0,-4793099113.0,-0.9999980747357782
WorldCup_1920x1080_30p,32,faster,l1-dcache-load-misses,4571133681.0,8294.0,-4571125387.0,-0.999998185570456
WorldCup_far_1920x1080_30p,32,faster,l1-dcache-load-misses,5066013494.0,8321.0,-5066005173.0,-0.9999983574856226
Aerial3200,37,faster,l1-dcache-load-misses,5140559344.0,8091.0,-5140551253.0,-0.9999984260467668
Boat,37,faster,l1-dcache-load-misses,5141096196.0,9420.0,-5141086776.0,-0.9999981677059443
BoxingPractice,37,faster,l1-dcache-load-misses,17986752984.0,9022.0,-17986743962.0,-0.999999498408634
Crosswalk,37,faster,l1-dcache-load-misses,18190760333.0,8889.0,-18190751444.0,-0.9999995113453293
CrowdRun,37,faster,l1-dcache-load-misses,5202446799.0,8598.0,-5202438201.0,-0.9999983473161126
DinnerSceneCropped,37,faster,l1-dcache-load-misses,4385386601.0,8963.0,-4385377638.0,-0.9999979561665104
FoodMarket,37,faster,l1-dcache-load-misses,4792806671.0,9275.0,-4792797396.0,-0.9999980648082352
FoodMarket2,37,faster,l1-dcache-load-misses,19580755827.0,9086.0,-19580746741.0,-0.9999995359729685
MeridianTalk_sdr,37,faster,l1-dcache-load-misses,4483828902.0,9474.0,-4483819428.0,-0.9999978870737026
Motorcycle,37,faster,l1-dcache-load-misses,5037494709.0,9379.0,-5037485330.0,-0.9999981381618162
MountainBike,37,faster,l1-dcache-load-misses,5035701543.0,9177.0,-5035692366.0,-0.9999981776124098
Neon1224,37,faster,l1-dcache-load-misses,18142087079.0,8069.0,-18142079010.0,-0.9999995552330906
NocturneDance_3840x2160p_8bit,37,faster,l1-dcache-load-misses,17818743636.0,8002.0,-17818735634.0,-0.999999550922323
OldTownCross,37,faster,l1-dcache-load-misses,4796625642.0,9341.0,-4796616301.0,-0.9999980525893206
PedestrianArea,37,faster,l1-dcache-load-misses,4642204405.0,8621.0,-4642195784.0,-0.9999981429081428
PierSeaSide,37,faster,l1-dcache-load-misses,18171886853.0,9519.0,-18171877334.0,-0.9999994761688713
RitualDance,37,faster,l1-dcache-load-misses,4454214939.0,9529.0,-4454205410.0,-0.9999978606780027
Riverbed,37,faster,l1-dcache-load-misses,4994426449.0,7852.0,-4994418597.0,-0.9999984278475056
RushFieldCuts,37,faster,l1-dcache-load-misses,5055728079.0,8032.0,-5055720047.0,-0.9999984113069622
Skater227,37,faster,l1-dcache-load-misses,14450.0,7963.0,-6487.0,-0.4489273356401384
Tango,37,faster,l1-dcache-load-misses,18618790323.0,9251.0,-18618781072.0,-0.9999995031363563
TimeLapse,37,faster,l1-dcache-load-misses,18804170377.0,9463.0,-18804160914.0,-0.9999994967605691
ToddlerFountain,37,faster,l1-dcache-load-misses,5077444807.0,9315.0,-5077435492.0,-0.9999981654158038
TreesAndGrass_1920_1080,37,faster,l1-dcache-load-misses,5268391373.0,9422.0,-5268381951.0,-0.9999982115983167
TunnelFlag,37,faster,l1-dcache-load-misses,4734902155.0,8393.0,-4734893762.0,-0.9999982274184924
Vertical_Carnaby,37,faster,l1-dcache-load-misses,4473243939.0,7965.0,-4473235974.0,-0.9999982194130013
Vertical_bees,37,faster,l1-dcache-load-misses,4699654995.0,1642.0,-4699653353.0,-0.999999650612651
WalkingInStreet,37,faster,l1-dcache-load-misses,4732689771.0,8057.0,-4732681714.0,-0.9999982975854346
WorldCup_1920x1080_30p,37,faster,l1-dcache-load-misses,4508158637.0,8199.0,-4508150438.0,-0.9999981812973633
WorldCup_far_1920x1080_30p,37,faster,l1-dcache-load-misses,4844937975.0,9809.0,-4844928166.0,-0.999997975412678
Aerial3200,22,superfast,l1-dcache-load-misses,4974507706.0,9329.0,-4974498377.0,-0.9999981246385469
Boat,22,superfast,l1-dcache-load-misses,6029699496.0,7665.0,-6029691831.0,-0.999998728792371
BoxingPractice,22,superfast,l1-dcache-load-misses,24142072865.0,7662.0,-24142065203.0,-0.9999996826287435
Crosswalk,22,superfast,l1-dcache-load-misses,24171103476.0,8445.0,-24171095031.0,-0.9999996506158683
CrowdRun,22,superfast,l1-dcache-load-misses,6452271815.0,8692.0,-6452263123.0,-0.9999986528775834
DinnerSceneCropped,22,superfast,l1-dcache-load-misses,6213345793.0,7995.0,-6213337798.0,-0.9999987132536533
FoodMarket,22,superfast,l1-dcache-load-misses,6187611881.0,10175.0,-6187601706.0,-0.9999983555852895
FoodMarket2,22,superfast,l1-dcache-load-misses,24188616043.0,9423.0,-24188606620.0,-0.9999996104365796
MeridianTalk_sdr,22,superfast,l1-dcache-load-misses,5832777152.0,7758.0,-5832769394.0,-0.9999986699303268
Motorcycle,22,superfast,l1-dcache-load-misses,5918425818.0,8250.0,-5918417568.0,-0.9999986060482544
MountainBike,22,superfast,l1-dcache-load-misses,5915604330.0,7324.0,-5915597006.0,-0.9999987619185478
Neon1224,22,superfast,l1-dcache-load-misses,23120153900.0,7993.0,-23120145907.0,-0.9999996542843081
NocturneDance_3840x2160p_8bit,22,superfast,l1-dcache-load-misses,23117768958.0,9155.0,-23117759803.0,-0.9999996039842765
OldTownCross,22,superfast,l1-dcache-load-misses,6402950905.0,7961.0,-6402942944.0,-0.9999987566670246
PedestrianArea,22,superfast,l1-dcache-load-misses,5895810695.0,9077.0,-5895801618.0,-0.999998460432251
PierSeaSide,22,superfast,l1-dcache-load-misses,23352550881.0,7819.0,-23352543062.0,-0.9999996651757643
RitualDance,22,superfast,l1-dcache-load-misses,5291644087.0,8244.0,-5291635843.0,-0.9999984420720924
Riverbed,22,superfast,l1-dcache-load-misses,6181075036.0,7995.0,-6181067041.0,-0.999998706535683
RushFieldCuts,22,superfast,l1-dcache-load-misses,5986601017.0,8095.0,-5986592922.0,-0.9999986478136798
Skater227,22,superfast,l1-dcache-load-misses,13928.0,9176.0,-4752.0,-0.3411832280298679
Tango,22,superfast,l1-dcache-load-misses,24272139346.0,7976.0,-24272131370.0,-0.9999996713927897
TimeLapse,22,superfast,l1-dcache-load-misses,23498396483.0,7554.0,-23498388929.0,-0.9999996785312562
ToddlerFountain,22,superfast,l1-dcache-load-misses,6048656645.0,8153.0,-6048648492.0,-0.999998652097403
TreesAndGrass_1920_1080,22,superfast,l1-dcache-load-misses,6104530276.0,16659.0,-6104513617.0,-0.999997271043103
TunnelFlag,22,superfast,l1-dcache-load-misses,5874440735.0,2667.0,-5874438068.0,-0.999999545999335
Vertical_Carnaby,22,superfast,l1-dcache-load-misses,4406718842.0,7480.0,-4406711362.0,-0.9999983025919583
Vertical_bees,22,superfast,l1-dcache-load-misses,4797713023.0,9479.0,-4797703544.0,-0.9999980242669884
WalkingInStreet,22,superfast,l1-dcache-load-misses,5230505993.0,8186.0,-5230497807.0,-0.9999984349506509
WorldCup_1920x1080_30p,22,superfast,l1-dcache-load-misses,5516899158.0,9233.0,-5516889925.0,-0.9999983264149415
WorldCup_far_1920x1080_30p,22,superfast,l1-dcache-load-misses,5778577685.0,9494.0,-5778568191.0,-0.9999983570351534
Aerial3200,27,superfast,l1-dcache-load-misses,4956541143.0,9079.0,-4956532064.0,-0.9999981682791007
Boat,27,superfast,l1-dcache-load-misses,5920065617.0,9448.0,-5920056169.0,-0.9999984040717432
BoxingPractice,27,superfast,l1-dcache-load-misses,23123051436.0,7835.0,-23123043601.0,-0.9999996611606379
Crosswalk,27,superfast,l1-dcache-load-misses,22708893824.0,9636.0,-22708884188.0,-0.9999995756728586
CrowdRun,27,superfast,l1-dcache-load-misses,6037733335.0,8525.0,-6037724810.0,-0.999998588046287
DinnerSceneCropped,27,superfast,l1-dcache-load-misses,5950020447.0,8854.0,-5950011593.0,-0.9999985119378868
FoodMarket,27,superfast,l1-dcache-load-misses,5870591861.0,9236.0,-5870582625.0,-0.9999984267344386
FoodMarket2,27,superfast,l1-dcache-load-misses,23347843889.0,9027.0,-23347834862.0,-0.9999996133690099
MeridianTalk_sdr,27,superfast,l1-dcache-load-misses,5544487826.0,7726.0,-5544480100.0,-0.999998606543969
Motorcycle,27,superfast,l1-dcache-load-misses,5661417708.0,8401.0,-5661409307.0,-0.9999985160960676
MountainBike,27,superfast,l1-dcache-load-misses,5838330365.0,8615.0,-5838321750.0,-0.9999985244069004
Neon1224,27,superfast,l1-dcache-load-misses,21816103342.0,9995.0,-21816093347.0,-0.9999995418521885
NocturneDance_3840x2160p_8bit,27,superfast,l1-dcache-load-misses,21966755364.0,9437.0,-21966745927.0,-0.9999995703962719
OldTownCross,27,superfast,l1-dcache-load-misses,6077114172.0,8039.0,-6077106133.0,-0.99999867716818
PedestrianArea,27,superfast,l1-dcache-load-misses,5544427654.0,9436.0,-5544418218.0,-0.9999982981110785
PierSeaSide,27,superfast,l1-dcache-load-misses,21954717851.0,9252.0,-21954708599.0,-0.99999957858716
RitualDance,27,superfast,l1-dcache-load-misses,5114160150.0,8010.0,-5114152140.0,-0.9999984337604289
Riverbed,27,superfast,l1-dcache-load-misses,5966339365.0,8304.0,-5966331061.0,-0.9999986081918087
RushFieldCuts,27,superfast,l1-dcache-load-misses,5950611238.0,8038.0,-5950603200.0,-0.9999986492143952
Skater227,27,superfast,l1-dcache-load-misses,14542.0,9379.0,-5163.0,-0.35504057213588225
Tango,27,superfast,l1-dcache-load-misses,23153129741.0,9332.0,-23153120409.0,-0.9999995969443395
TimeLapse,27,superfast,l1-dcache-load-misses,22597530667.0,8258.0,-22597522409.0,-0.9999996345618413
ToddlerFountain,27,superfast,l1-dcache-load-misses,5841661433.0,9286.0,-5841652147.0,-0.9999984103837399
TreesAndGrass_1920_1080,27,superfast,l1-dcache-load-misses,5966478297.0,7880.0,-5966470417.0,-0.9999986792879136
TunnelFlag,27,superfast,l1-dcache-load-misses,5579873369.0,9667.0,-5579863702.0,-0.9999982675234077
Vertical_Carnaby,27,superfast,l1-dcache-load-misses,4270617371.0,15233.0,-4270602138.0,-0.9999964330684122
Vertical_bees,27,superfast,l1-dcache-load-misses,4726873607.0,9319.0,-4726864288.0,-0.9999980285066251
WalkingInStreet,27,superfast,l1-dcache-load-misses,5211151875.0,7733.0,-5211144142.0,-0.9999985160670452
WorldCup_1920x1080_30p,27,superfast,l1-dcache-load-misses,5139463524.0,9244.0,-5139454280.0,-0.9999982013686921
WorldCup_far_1920x1080_30p,27,superfast,l1-dcache-load-misses,5580854089.0,7960.0,-5580846129.0,-0.9999985736950163
Aerial3200,32,superfast,l1-dcache-load-misses,5024261820.0,9059.0,-5024252761.0,-0.9999981969490594
Boat,32,superfast,l1-dcache-load-misses,5787952583.0,7127.0,-5787945456.0,-0.9999987686492076
BoxingPractice,32,superfast,l1-dcache-load-misses,21526703148.0,9090.0,-21526694058.0,-0.9999995777337599
Crosswalk,32,superfast,l1-dcache-load-misses,21535620678.0,8047.0,-21535612631.0,-0.9999996263400011
CrowdRun,32,superfast,l1-dcache-load-misses,5870911074.0,8665.0,-5870902409.0,-0.9999985240791607
DinnerSceneCropped,32,superfast,l1-dcache-load-misses,5367939694.0,8272.0,-5367931422.0,-0.9999984589990812
FoodMarket,32,superfast,l1-dcache-load-misses,5549041873.0,8472.0,-5549033401.0,-0.9999984732499423
FoodMarket2,32,superfast,l1-dcache-load-misses,22669505001.0,7833.0,-22669497168.0,-0.9999996544697382
MeridianTalk_sdr,32,superfast,l1-dcache-load-misses,5143594138.0,7575.0,-5143586563.0,-0.9999985272943789
Motorcycle,32,superfast,l1-dcache-load-misses,5610412575.0,13684.0,-5610398891.0,-0.9999975609636872
MountainBike,32,superfast,l1-dcache-load-misses,5720505640.0,8107.0,-5720497533.0,-0.9999985828175846
Neon1224,32,superfast,l1-dcache-load-misses,21373714409.0,8281.0,-21373706128.0,-0.999999612561493
NocturneDance_3840x2160p_8bit,32,superfast,l1-dcache-load-misses,21681869836.0,7746.0,-21681862090.0,-0.9999996427429895
OldTownCross,32,superfast,l1-dcache-load-misses,5617111343.0,7982.0,-5617103361.0,-0.9999985789849065
PedestrianArea,32,superfast,l1-dcache-load-misses,5260417126.0,9334.0,-5260407792.0,-0.9999982256159965
PierSeaSide,32,superfast,l1-dcache-load-misses,21602117699.0,8239.0,-21602109460.0,-0.9999996186022077
RitualDance,32,superfast,l1-dcache-load-misses,4966934509.0,10253.0,-4966924256.0,-0.9999979357489048
Riverbed,32,superfast,l1-dcache-load-misses,5714782310.0,8056.0,-5714774254.0,-0.9999985903225069
RushFieldCuts,32,superfast,l1-dcache-load-misses,5744120114.0,8667.0,-5744111447.0,-0.9999984911527218
Skater227,32,superfast,l1-dcache-load-misses,14302.0,8111.0,-6191.0,-0.4328765207663264
Tango,32,superfast,l1-dcache-load-misses,21760464790.0,8536.0,-21760456254.0,-0.9999996077289671
TimeLapse,32,superfast,l1-dcache-load-misses,22050148368.0,9569.0,-22050138799.0,-0.9999995660346661
ToddlerFountain,32,superfast,l1-dcache-load-misses,5751268760.0,8812.0,-5751259948.0,-0.9999984678163432
TreesAndGrass_1920_1080,32,superfast,l1-dcache-load-misses,5955648841.0,8238.0,-5955640603.0,-0.9999986167753976
TunnelFlag,32,superfast,l1-dcache-load-misses,5360844532.0,9177.0,-5360835355.0,-0.9999982881428578
Vertical_Carnaby,32,superfast,l1-dcache-load-misses,4133644756.0,7856.0,-4133636900.0,-0.9999980994980305
Vertical_bees,32,superfast,l1-dcache-load-misses,4458350089.0,9173.0,-4458340916.0,-0.9999979425124055
WalkingInStreet,32,superfast,l1-dcache-load-misses,5192507999.0,8804.0,-5192499195.0,-0.9999983044802239
WorldCup_1920x1080_30p,32,superfast,l1-dcache-load-misses,4966687473.0,8961.0,-4966678512.0,-0.9999981957793703
WorldCup_far_1920x1080_30p,32,superfast,l1-dcache-load-misses,5556290984.0,9442.0,-5556281542.0,-0.9999983006649531
Aerial3200,37,superfast,l1-dcache-load-misses,4802930875.0,8377.0,-4802922498.0,-0.9999982558566388
Boat,37,superfast,l1-dcache-load-misses,5655971306.0,9702.0,-5655961604.0,-0.999998284644763
BoxingPractice,37,superfast,l1-dcache-load-misses,21027277850.0,8947.0,-21027268903.0,-0.9999995745050756
Crosswalk,37,superfast,l1-dcache-load-misses,20845027297.0,9083.0,-20845018214.0,-0.999999564260585
CrowdRun,37,superfast,l1-dcache-load-misses,5627002495.0,9626.0,-5626992869.0,-0.9999982893201116
DinnerSceneCropped,37,superfast,l1-dcache-load-misses,4875307708.0,7638.0,-4875300070.0,-0.9999984333296568
FoodMarket,37,superfast,l1-dcache-load-misses,5238977089.0,8512.0,-5238968577.0,-0.9999983752553494
FoodMarket2,37,superfast,l1-dcache-load-misses,22245167539.0,8523.0,-22245159016.0,-0.9999996168606065
MeridianTalk_sdr,37,superfast,l1-dcache-load-misses,4914213882.0,7628.0,-4914206254.0,-0.9999984477680086
Motorcycle,37,superfast,l1-dcache-load-misses,5307425113.0,7808.0,-5307417305.0,-0.9999985288534772
MountainBike,37,superfast,l1-dcache-load-misses,5512419048.0,13850.0,-5512405198.0,-0.999997487491448
Neon1224,37,superfast,l1-dcache-load-misses,20893374344.0,9080.0,-20893365264.0,-0.9999995654124676
NocturneDance_3840x2160p_8bit,37,superfast,l1-dcache-load-misses,20732778230.0,8319.0,-20732769911.0,-0.999999598751315
OldTownCross,37,superfast,l1-dcache-load-misses,5258085392.0,8478.0,-5258076914.0,-0.9999983876260334
PedestrianArea,37,superfast,l1-dcache-load-misses,5043607054.0,7974.0,-5043599080.0,-0.9999984189886495
PierSeaSide,37,superfast,l1-dcache-load-misses,20959985800.0,9099.0,-20959976701.0,-0.9999995658871105
RitualDance,37,superfast,l1-dcache-load-misses,4768525133.0,7752.0,-4768517381.0,-0.9999983743401191
Riverbed,37,superfast,l1-dcache-load-misses,5443301068.0,9087.0,-5443291981.0,-0.9999983306085982
RushFieldCuts,37,superfast,l1-dcache-load-misses,5494494891.0,8511.0,-5494486380.0,-0.9999984509950107
Skater227,37,superfast,l1-dcache-load-misses,14233.0,7701.0,-6532.0,-0.4589334644839458
Tango,37,superfast,l1-dcache-load-misses,21636732430.0,7625.0,-21636724805.0,-0.9999996475900405
TimeLapse,37,superfast,l1-dcache-load-misses,21407319918.0,8419.0,-21407311499.0,-0.9999996067233062
ToddlerFountain,37,superfast,l1-dcache-load-misses,5431171573.0,9432.0,-5431162141.0,-0.999998263358122
TreesAndGrass_1920_1080,37,superfast,l1-dcache-load-misses,5739098386.0,9220.0,-5739089166.0,-0.9999983934758773
TunnelFlag,37,superfast,l1-dcache-load-misses,5115440037.0,7919.0,-5115432118.0,-0.9999984519415842
Vertical_Carnaby,37,superfast,l1-dcache-load-misses,3984301833.0,7854.0,-3984293979.0,-0.9999980287638013
Vertical_bees,37,superfast,l1-dcache-load-misses,4274842609.0,8899.0,-4274833710.0,-0.9999979182859314
WalkingInStreet,37,superfast,l1-dcache-load-misses,5126090181.0,8247.0,-5126081934.0,-0.9999983911714955
WorldCup_1920x1080_30p,37,superfast,l1-dcache-load-misses,4819259410.0,8897.0,-4819250513.0,-0.9999981538657202
WorldCup_far_1920x1080_30p,37,superfast,l1-dcache-load-misses,5322910402.0,8484.0,-5322901918.0,-0.9999984061351105
Aerial3200,22,veryfast,l1-dcache-load-misses,5321123310.0,9186.0,-5321114124.0,-0.999998273672782
Boat,22,veryfast,l1-dcache-load-misses,5619333210.0,8061.0,-5619325149.0,-0.999998565488164
BoxingPractice,22,veryfast,l1-dcache-load-misses,21438207836.0,9101.0,-21438198735.0,-0.999999575477574
Crosswalk,22,veryfast,l1-dcache-load-misses,21995365438.0,8096.0,-21995357342.0,-0.9999996319224601
CrowdRun,22,veryfast,l1-dcache-load-misses,5692449336.0,7633.0,-5692441703.0,-0.9999986591009337
DinnerSceneCropped,22,veryfast,l1-dcache-load-misses,5650026292.0,9370.0,-5650016922.0,-0.9999983416006376
FoodMarket,22,veryfast,l1-dcache-load-misses,5606524633.0,9065.0,-5606515568.0,-0.9999983831338318
FoodMarket2,22,veryfast,l1-dcache-load-misses,21523120510.0,8363.0,-21523112147.0,-0.9999996114411014
MeridianTalk_sdr,22,veryfast,l1-dcache-load-misses,5472623543.0,7270.0,-5472616273.0,-0.9999986715695054
Motorcycle,22,veryfast,l1-dcache-load-misses,5491710861.0,8037.0,-5491702824.0,-0.9999985365216408
MountainBike,22,veryfast,l1-dcache-load-misses,5601881285.0,9238.0,-5601872047.0,-0.999998350911144
Neon1224,22,veryfast,l1-dcache-load-misses,20467434637.0,10303.0,-20467424334.0,-0.9999994966149797
NocturneDance_3840x2160p_8bit,22,veryfast,l1-dcache-load-misses,20211811514.0,8911.0,-20211802603.0,-0.9999995591191817
OldTownCross,22,veryfast,l1-dcache-load-misses,5901390287.0,8342.0,-5901381945.0,-0.99999858643479
PedestrianArea,22,veryfast,l1-dcache-load-misses,5403413403.0,9309.0,-5403404094.0,-0.999998277200113
PierSeaSide,22,veryfast,l1-dcache-load-misses,21032073761.0,8033.0,-21032065728.0,-0.9999996180595365
RitualDance,22,veryfast,l1-dcache-load-misses,5009610045.0,8138.0,-5009601907.0,-0.9999983755222608
Riverbed,22,veryfast,l1-dcache-load-misses,5681839689.0,8622.0,-5681831067.0,-0.999998482533744
RushFieldCuts,22,veryfast,l1-dcache-load-misses,5690369616.0,8954.0,-5690360662.0,-0.9999984264642537
Skater227,22,veryfast,l1-dcache-load-misses,14538.0,7560.0,-6978.0,-0.47998349153941394
Tango,22,veryfast,l1-dcache-load-misses,22437446422.0,9036.0,-22437437386.0,-0.9999995972803754
TimeLapse,22,veryfast,l1-dcache-load-misses,21049293509.0,8113.0,-21049285396.0,-0.9999996145713871
ToddlerFountain,22,veryfast,l1-dcache-load-misses,5704612967.0,9474.0,-5704603493.0,-0.9999983392387783
TreesAndGrass_1920_1080,22,veryfast,l1-dcache-load-misses,5623879540.0,8380.0,-5623871160.0,-0.99999850992541
TunnelFlag,22,veryfast,l1-dcache-load-misses,5411956188.0,7741.0,-5411948447.0,-0.9999985696484356
Vertical_Carnaby,22,veryfast,l1-dcache-load-misses,4775763784.0,9060.0,-4775754724.0,-0.9999981029212478
Vertical_bees,22,veryfast,l1-dcache-load-misses,5301138761.0,2818.0,-5301135943.0,-0.9999994684161032
WalkingInStreet,22,veryfast,l1-dcache-load-misses,4873540876.0,7625.0,-4873533251.0,-0.9999984354291481
WorldCup_1920x1080_30p,22,veryfast,l1-dcache-load-misses,4993926827.0,9266.0,-4993917561.0,-0.9999981445463018
WorldCup_far_1920x1080_30p,22,veryfast,l1-dcache-load-misses,5323185403.0,9447.0,-5323175956.0,-0.9999982253107331
Aerial3200,27,veryfast,l1-dcache-load-misses,5284752390.0,8367.0,-5284744023.0,-0.9999984167659367
Boat,27,veryfast,l1-dcache-load-misses,5388586288.0,9302.0,-5388576986.0,-0.999998273758737
BoxingPractice,27,veryfast,l1-dcache-load-misses,20190317048.0,7990.0,-20190309058.0,-0.9999996042657487
Crosswalk,27,veryfast,l1-dcache-load-misses,20384440060.0,8529.0,-20384431531.0,-0.9999995815926278
CrowdRun,27,veryfast,l1-dcache-load-misses,5558259458.0,8911.0,-5558250547.0,-0.9999983968002812
DinnerSceneCropped,27,veryfast,l1-dcache-load-misses,5368336269.0,8507.0,-5368327762.0,-0.9999984153377185
FoodMarket,27,veryfast,l1-dcache-load-misses,5224262403.0,7804.0,-5224254599.0,-0.9999985062006083
FoodMarket2,27,veryfast,l1-dcache-load-misses,21096482593.0,8435.0,-21096474158.0,-0.9999996001703145
MeridianTalk_sdr,27,veryfast,l1-dcache-load-misses,4981521714.0,5846.0,-4981515868.0,-0.9999988264630095
Motorcycle,27,veryfast,l1-dcache-load-misses,5377074127.0,7662.0,-5377066465.0,-0.999998575061489
MountainBike,27,veryfast,l1-dcache-load-misses,5314979763.0,7213.0,-5314972550.0,-0.9999986428922928
Neon1224,27,veryfast,l1-dcache-load-misses,19713580857.0,9050.0,-19713571807.0,-0.9999995409256154
NocturneDance_3840x2160p_8bit,27,veryfast,l1-dcache-load-misses,19560114535.0,8641.0,-19560105894.0,-0.9999995582336706
OldTownCross,27,veryfast,l1-dcache-load-misses,5538201934.0,9281.0,-5538192653.0,-0.9999983241853384
PedestrianArea,27,veryfast,l1-dcache-load-misses,5047604893.0,7731.0,-5047597162.0,-0.9999984683824975
PierSeaSide,27,veryfast,l1-dcache-load-misses,19609167337.0,8039.0,-19609159298.0,-0.9999995900386864
RitualDance,27,veryfast,l1-dcache-load-misses,4642084251.0,8159.0,-4642076092.0,-0.9999982423843345
Riverbed,27,veryfast,l1-dcache-load-misses,5332835530.0,7874.0,-5332827656.0,-0.9999985234871851
RushFieldCuts,27,veryfast,l1-dcache-load-misses,5349209677.0,7819.0,-5349201858.0,-0.9999985382887432
Skater227,27,veryfast,l1-dcache-load-misses,12745.0,9190.0,-3555.0,-0.2789329148685759
Tango,27,veryfast,l1-dcache-load-misses,20859298337.0,10011.0,-20859288326.0,-0.9999995200701463
TimeLapse,27,veryfast,l1-dcache-load-misses,20158255632.0,8116.0,-20158247516.0,-0.9999995973857982
ToddlerFountain,27,veryfast,l1-dcache-load-misses,5273707857.0,9462.0,-5273698395.0,-0.9999982058164281
TreesAndGrass_1920_1080,27,veryfast,l1-dcache-load-misses,5481892168.0,8873.0,-5481883295.0,-0.9999983813982968
TunnelFlag,27,veryfast,l1-dcache-load-misses,5264827536.0,8755.0,-5264818781.0,-0.9999983370775319
Vertical_Carnaby,27,veryfast,l1-dcache-load-misses,4562144929.0,10650.0,-4562134279.0,-0.9999976655717506
Vertical_bees,27,veryfast,l1-dcache-load-misses,4951433263.0,7993.0,-4951425270.0,-0.9999983857199369
WalkingInStreet,27,veryfast,l1-dcache-load-misses,4884573409.0,7269.0,-4884566140.0,-0.9999985118454794
WorldCup_1920x1080_30p,27,veryfast,l1-dcache-load-misses,4709732924.0,9221.0,-4709723703.0,-0.9999980421395122
WorldCup_far_1920x1080_30p,27,veryfast,l1-dcache-load-misses,5108122244.0,9567.0,-5108112677.0,-0.999998127100421
Aerial3200,32,veryfast,l1-dcache-load-misses,5287279501.0,8175.0,-5287271326.0,-0.9999984538362312
Boat,32,veryfast,l1-dcache-load-misses,5355411379.0,7308.0,-5355404071.0,-0.9999986353989483
BoxingPractice,32,veryfast,l1-dcache-load-misses,18943956095.0,8114.0,-18943947981.0,-0.9999995716839736
Crosswalk,32,veryfast,l1-dcache-load-misses,18715751755.0,7948.0,-18715743807.0,-0.9999995753309777
CrowdRun,32,veryfast,l1-dcache-load-misses,5532245828.0,8261.0,-5532237567.0,-0.9999985067547147
DinnerSceneCropped,32,veryfast,l1-dcache-load-misses,4833003303.0,8416.0,-4832994887.0,-0.9999982586397169
FoodMarket,32,veryfast,l1-dcache-load-misses,5078135148.0,7964.0,-5078127184.0,-0.9999984317077494
FoodMarket2,32,veryfast,l1-dcache-load-misses,20048520871.0,9061.0,-20048511810.0,-0.999999548046459
MeridianTalk_sdr,32,veryfast,l1-dcache-load-misses,4796148798.0,9785.0,-4796139013.0,-0.9999979598214292
Motorcycle,32,veryfast,l1-dcache-load-misses,5119644201.0,8610.0,-5119635591.0,-0.9999983182425063
MountainBike,32,veryfast,l1-dcache-load-misses,5361309717.0,9290.0,-5361300427.0,-0.9999982672144513
Neon1224,32,veryfast,l1-dcache-load-misses,18830876898.0,8366.0,-18830868532.0,-0.9999995557296644
NocturneDance_3840x2160p_8bit,32,veryfast,l1-dcache-load-misses,18375044229.0,8151.0,-18375036078.0,-0.999999556409231
OldTownCross,32,veryfast,l1-dcache-load-misses,5178239621.0,9095.0,-5178230526.0,-0.9999982436116005
PedestrianArea,32,veryfast,l1-dcache-load-misses,4861962385.0,9085.0,-4861953300.0,-0.9999981314129398
PierSeaSide,32,veryfast,l1-dcache-load-misses,18491855372.0,9181.0,-18491846191.0,-0.9999995035111504
RitualDance,32,veryfast,l1-dcache-load-misses,4641115160.0,7954.0,-4641107206.0,-0.9999982861877532
Riverbed,32,veryfast,l1-dcache-load-misses,5200479030.0,8360.0,-5200470670.0,-0.9999983924557811
RushFieldCuts,32,veryfast,l1-dcache-load-misses,5278903328.0,8128.0,-5278895200.0,-0.9999984602862574
Skater227,32,veryfast,l1-dcache-load-misses,14270.0,7990.0,-6280.0,-0.4400840925017519
Tango,32,veryfast,l1-dcache-load-misses,19368048373.0,7848.0,-19368040525.0,-0.9999995947965511
TimeLapse,32,veryfast,l1-dcache-load-misses,19309149428.0,7849.0,-19309141579.0,-0.9999995935087649
ToddlerFountain,32,veryfast,l1-dcache-load-misses,5216733492.0,8205.0,-5216725287.0,-0.9999984271766973
TreesAndGrass_1920_1080,32,veryfast,l1-dcache-load-misses,5453261101.0,8468.0,-5453252633.0,-0.9999984471676959
TunnelFlag,32,veryfast,l1-dcache-load-misses,4955648153.0,7604.0,-4955640549.0,-0.9999984655892095
Vertical_Carnaby,32,veryfast,l1-dcache-load-misses,4501946140.0,8602.0,-4501937538.0,-0.9999980892707881
Vertical_bees,32,veryfast,l1-dcache-load-misses,4921444415.0,8566.0,-4921435849.0,-0.9999982594540794
WalkingInStreet,32,veryfast,l1-dcache-load-misses,4786268884.0,7562.0,-4786261322.0,-0.9999984200636899
WorldCup_1920x1080_30p,32,veryfast,l1-dcache-load-misses,4737678161.0,9416.0,-4737668745.0,-0.9999980125285678
WorldCup_far_1920x1080_30p,32,veryfast,l1-dcache-load-misses,5123041047.0,9616.0,-5123031431.0,-0.9999981229898586
Aerial3200,37,veryfast,l1-dcache-load-misses,5096777830.0,8518.0,-5096769312.0,-0.9999983287480279
Boat,37,veryfast,l1-dcache-load-misses,5204383079.0,7911.0,-5204375168.0,-0.9999984799351086
BoxingPractice,37,veryfast,l1-dcache-load-misses,18108691459.0,9250.0,-18108682209.0,-0.99999948919556
Crosswalk,37,veryfast,l1-dcache-load-misses,18359594974.0,8833.0,-18359586141.0,-0.9999995188891687
CrowdRun,37,veryfast,l1-dcache-load-misses,5237721689.0,7641.0,-5237714048.0,-0.9999985411596007
DinnerSceneCropped,37,veryfast,l1-dcache-load-misses,4457639438.0,9306.0,-4457630132.0,-0.9999979123479749
FoodMarket,37,veryfast,l1-dcache-load-misses,4723570374.0,9263.0,-4723561111.0,-0.9999980389833819
FoodMarket2,37,veryfast,l1-dcache-load-misses,19457265878.0,9372.0,-19457256506.0,-0.9999995183290367
MeridianTalk_sdr,37,veryfast,l1-dcache-load-misses,4662691935.0,7972.0,-4662683963.0,-0.9999982902580502
Motorcycle,37,veryfast,l1-dcache-load-misses,5097370216.0,11569.0,-5097358647.0,-0.9999977303983212
MountainBike,37,veryfast,l1-dcache-load-misses,5041172776.0,9363.0,-5041163413.0,-0.999998142694088
Neon1224,37,veryfast,l1-dcache-load-misses,17922363343.0,26391.0,-17922336952.0,-0.9999985274821465
NocturneDance_3840x2160p_8bit,37,veryfast,l1-dcache-load-misses,17663358081.0,9290.0,-17663348791.0,-0.9999994740524447
OldTownCross,37,veryfast,l1-dcache-load-misses,4810396391.0,9457.0,-4810386934.0,-0.9999980340497474
PedestrianArea,37,veryfast,l1-dcache-load-misses,4595158977.0,12306.0,-4595146671.0,-0.9999973219642537
PierSeaSide,37,veryfast,l1-dcache-load-misses,18180446840.0,7082.0,-18180439758.0,-0.9999996104606195
RitualDance,37,veryfast,l1-dcache-load-misses,4540115799.0,9448.0,-4540106351.0,-0.9999979189958101
Riverbed,37,veryfast,l1-dcache-load-misses,5008654191.0,8573.0,-5008645618.0,-0.9999982883625674
RushFieldCuts,37,veryfast,l1-dcache-load-misses,5001238981.0,9166.0,-5001229815.0,-0.9999981672541475
Skater227,37,veryfast,l1-dcache-load-misses,14930.0,7376.0,-7554.0,-0.5059611520428667
Tango,37,veryfast,l1-dcache-load-misses,18256430052.0,7914.0,-18256422138.0,-0.999999566508897
TimeLapse,37,veryfast,l1-dcache-load-misses,18809022996.0,8195.0,-18809014801.0,-0.999999564304855
ToddlerFountain,37,veryfast,l1-dcache-load-misses,5036415917.0,8201.0,-5036407716.0,-0.9999983716595024
TreesAndGrass_1920_1080,37,veryfast,l1-dcache-load-misses,5268130247.0,10173.0,-5268120074.0,-0.9999980689543494
TunnelFlag,37,veryfast,l1-dcache-load-misses,4751200376.0,8884.0,-4751191492.0,-0.99999813015674
Vertical_Carnaby,37,veryfast,l1-dcache-load-misses,4542437788.0,7850.0,-4542429938.0,-0.999998271853052
Vertical_bees,37,veryfast,l1-dcache-load-misses,4760396422.0,8928.0,-4760387494.0,-0.9999981245259411
WalkingInStreet,37,veryfast,l1-dcache-load-misses,4729368374.0,7709.0,-4729360665.0,-0.9999983699726073
WorldCup_1920x1080_30p,37,veryfast,l1-dcache-load-misses,4463540642.0,9022.0,-4463531620.0,-0.9999979787346586
WorldCup_far_1920x1080_30p,37,veryfast,l1-dcache-load-misses,4995092988.0,9284.0,-4995083704.0,-0.9999981413759419
Aerial3200,22,fast,l1-dcache-loads,443412451662.0,1201576.0,-443411250086.0,-0.9999972901617997
Boat,22,fast,l1-dcache-loads,460277687318.0,1186719.0,-460276500599.0,-0.9999974217325047
BoxingPractice,22,fast,l1-dcache-loads,1519167870540.0,1197108.0,-1519166673432.0,-0.9999992119975526
Crosswalk,22,fast,l1-dcache-loads,1523350847117.0,1183391.0,-1523349663726.0,-0.999999223165824
CrowdRun,22,fast,l1-dcache-loads,530677910630.0,1200813.0,-530676709817.0,-0.999997737209377
DinnerSceneCropped,22,fast,l1-dcache-loads,485168361888.0,1199325.0,-485167162563.0,-0.9999975280230654
FoodMarket,22,fast,l1-dcache-loads,461065098874.0,1197641.0,-461063901233.0,-0.9999974024470667
FoodMarket2,22,fast,l1-dcache-loads,1571931614222.0,1196682.0,-1571930417540.0,-0.9999992387187908
MeridianTalk_sdr,22,fast,l1-dcache-loads,381245209198.0,1200213.0,-381244008985.0,-0.9999968518607683
Motorcycle,22,fast,l1-dcache-loads,420170386708.0,1194885.0,-420169191823.0,-0.9999971561893989
MountainBike,22,fast,l1-dcache-loads,432619239263.0,1195805.0,-432618043458.0,-0.9999972358950054
Neon1224,22,fast,l1-dcache-loads,1284601805754.0,1197508.0,-1284600608246.0,-0.99999906779829
NocturneDance_3840x2160p_8bit,22,fast,l1-dcache-loads,1367605950816.0,1228710.0,-1367604722106.0,-0.9999991015613823
OldTownCross,22,fast,l1-dcache-loads,538566674632.0,1194408.0,-538565480224.0,-0.999997782246737
PedestrianArea,22,fast,l1-dcache-loads,390485988236.0,1198628.0,-390484789608.0,-0.9999969304199482
PierSeaSide,22,fast,l1-dcache-loads,1425050089992.0,1191568.0,-1425048898424.0,-0.9999991638413215
RitualDance,22,fast,l1-dcache-loads,305514014404.0,1197836.0,-305512816568.0,-0.999996079276421
Riverbed,22,fast,l1-dcache-loads,438615026538.0,1194867.0,-438613831671.0,-0.9999972758183653
RushFieldCuts,22,fast,l1-dcache-loads,435727763117.0,1192936.0,-435726570181.0,-0.9999972621987834
Skater227,22,fast,l1-dcache-loads,1235499.0,1197138.0,-38361.0,-0.031048993159848774
Tango,22,fast,l1-dcache-loads,1699148836325.0,1194382.0,-1699147641943.0,-0.999999297070407
TimeLapse,22,fast,l1-dcache-loads,1446722692230.0,1193010.0,-1446721499220.0,-0.9999991753706454
ToddlerFountain,22,fast,l1-dcache-loads,465806814821.0,1200307.0,-465805614514.0,-0.9999974231656519
TreesAndGrass_1920_1080,22,fast,l1-dcache-loads,495170602940.0,1187181.0,-495169415759.0,-0.9999976024808562
TunnelFlag,22,fast,l1-dcache-loads,400627570066.0,1195835.0,-400626374231.0,-0.9999970150955917
Vertical_Carnaby,22,fast,l1-dcache-loads,296327662634.0,1226944.0,-296326435690.0,-0.9999958595023188
Vertical_bees,22,fast,l1-dcache-loads,335742656919.0,1199659.0,-335741457260.0,-0.9999964268496264
WalkingInStreet,22,fast,l1-dcache-loads,455561747817.0,1204258.0,-455560543559.0,-0.9999973565427611
WorldCup_1920x1080_30p,22,fast,l1-dcache-loads,298175393322.0,1201158.0,-298174192164.0,-0.9999959716394213
WorldCup_far_1920x1080_30p,22,fast,l1-dcache-loads,387941192725.0,1197918.0,-387939994807.0,-0.9999969121144584
Aerial3200,27,fast,l1-dcache-loads,401509337610.0,1198136.0,-401508139474.0,-0.9999970159199606
Boat,27,fast,l1-dcache-loads,416339728944.0,1184796.0,-416338544148.0,-0.999997154256686
BoxingPractice,27,fast,l1-dcache-loads,1254270382300.0,1199889.0,-1254269182411.0,-0.9999990433569851
Crosswalk,27,fast,l1-dcache-loads,1217920845471.0,1199115.0,-1217919646356.0,-0.9999990154409423
CrowdRun,27,fast,l1-dcache-loads,463635271532.0,1191881.0,-463634079651.0,-0.9999974292702191
DinnerSceneCropped,27,fast,l1-dcache-loads,382453683139.0,1199033.0,-382452484106.0,-0.9999968648935731
FoodMarket,27,fast,l1-dcache-loads,370910324154.0,1183700.0,-370909140454.0,-0.9999968086625718
FoodMarket2,27,fast,l1-dcache-loads,1342683402912.0,1200876.0,-1342682202036.0,-0.999999105614922
MeridianTalk_sdr,27,fast,l1-dcache-loads,302013699975.0,1198620.0,-302012501355.0,-0.9999960312396421
Motorcycle,27,fast,l1-dcache-loads,381311847819.0,1195807.0,-381310652012.0,-0.9999968639657886
MountainBike,27,fast,l1-dcache-loads,392823290790.0,1192760.0,-392822098030.0,-0.999996963621995
Neon1224,27,fast,l1-dcache-loads,1145222419712.0,1191646.0,-1145221228066.0,-0.9999989594632628
NocturneDance_3840x2160p_8bit,27,fast,l1-dcache-loads,1203100656162.0,1231312.0,-1203099424850.0,-0.9999989765511359
OldTownCross,27,fast,l1-dcache-loads,443931024507.0,1197225.0,-443929827282.0,-0.9999973031283377
PedestrianArea,27,fast,l1-dcache-loads,315816648711.0,1193924.0,-315815454787.0,-0.999996219565989
PierSeaSide,27,fast,l1-dcache-loads,1198184270009.0,1224149.0,-1198183045860.0,-0.9999989783299359
RitualDance,27,fast,l1-dcache-loads,273116077847.0,1196086.0,-273114881761.0,-0.9999956205946957
Riverbed,27,fast,l1-dcache-loads,371888846131.0,1180999.0,-371887665132.0,-0.9999968243226107
RushFieldCuts,27,fast,l1-dcache-loads,391938733131.0,1192915.0,-391937540216.0,-0.9999969563737923
Skater227,27,fast,l1-dcache-loads,1252862.0,1191558.0,-61304.0,-0.04893116719957984
Tango,27,fast,l1-dcache-loads,1338020246740.0,1196105.0,-1338019050635.0,-0.9999991060636019
TimeLapse,27,fast,l1-dcache-loads,1247859192549.0,1190578.0,-1247858001971.0,-0.9999990459035706
ToddlerFountain,27,fast,l1-dcache-loads,402976593847.0,1190716.0,-402975403131.0,-0.9999970451981128
TreesAndGrass_1920_1080,27,fast,l1-dcache-loads,455922123902.0,1200689.0,-455920923213.0,-0.9999973664603294
TunnelFlag,27,fast,l1-dcache-loads,346174017053.0,1181059.0,-346172835994.0,-0.9999965882505855
Vertical_Carnaby,27,fast,l1-dcache-loads,267779129124.0,1227743.0,-267777901381.0,-0.9999954150907727
Vertical_bees,27,fast,l1-dcache-loads,304294146297.0,1194418.0,-304292951879.0,-0.9999960747914
WalkingInStreet,27,fast,l1-dcache-loads,427500069042.0,1231932.0,-427498837110.0,-0.9999971182881847
WorldCup_1920x1080_30p,27,fast,l1-dcache-loads,268357265587.0,1196089.0,-268356069498.0,-0.999995542922986
WorldCup_far_1920x1080_30p,27,fast,l1-dcache-loads,349383019419.0,1203739.0,-349381815680.0,-0.9999965546722849
Aerial3200,32,fast,l1-dcache-loads,362233141009.0,1207981.0,-362231933028.0,-0.9999966651836532
Boat,32,fast,l1-dcache-loads,370475289653.0,1192604.0,-370474097049.0,-0.9999967808811187
BoxingPractice,32,fast,l1-dcache-loads,1072100975599.0,1188380.0,-1072099787219.0,-0.999998891540977
Crosswalk,32,fast,l1-dcache-loads,1056293946733.0,1196033.0,-1056292750700.0,-0.9999988677081757
CrowdRun,32,fast,l1-dcache-loads,397829472063.0,1198311.0,-397828273752.0,-0.9999969878777614
DinnerSceneCropped,32,fast,l1-dcache-loads,290335076912.0,1202591.0,-290333874321.0,-0.9999958579203974
FoodMarket,32,fast,l1-dcache-loads,308665892749.0,1205186.0,-308664687563.0,-0.9999960954999295
FoodMarket2,32,fast,l1-dcache-loads,1183866835308.0,1191955.0,-1183865643353.0,-0.9999989931680114
MeridianTalk_sdr,32,fast,l1-dcache-loads,260452222733.0,1195076.0,-260451027657.0,-0.9999954115346474
Motorcycle,32,fast,l1-dcache-loads,341694781668.0,1195722.0,-341693585946.0,-0.9999965006138105
MountainBike,32,fast,l1-dcache-loads,351805884273.0,1195143.0,-351804689130.0,-0.9999966028339677
Neon1224,32,fast,l1-dcache-loads,1026124338195.0,1194322.0,-1026123143873.0,-0.9999988360845216
NocturneDance_3840x2160p_8bit,32,fast,l1-dcache-loads,1053096102235.0,1220655.0,-1053094881580.0,-0.9999988408892623
OldTownCross,32,fast,l1-dcache-loads,341037326712.0,1196807.0,-341036129905.0,-0.999996490686191
PedestrianArea,32,fast,l1-dcache-loads,273595531781.0,1192589.0,-273594339192.0,-0.9999956410508891
PierSeaSide,32,fast,l1-dcache-loads,1048825880221.0,1195512.0,-1048824684709.0,-0.9999988601425437
RitualDance,32,fast,l1-dcache-loads,249317585946.0,1200822.0,-249316385124.0,-0.9999951835647877
Riverbed,32,fast,l1-dcache-loads,321659513453.0,1194722.0,-321658318731.0,-0.9999962857557447
RushFieldCuts,32,fast,l1-dcache-loads,342207684482.0,1194934.0,-342206489548.0,-0.9999965081614055
Skater227,32,fast,l1-dcache-loads,1236411.0,1194499.0,-41912.0,-0.03389811316787055
Tango,32,fast,l1-dcache-loads,1113053889265.0,1196418.0,-1113052692847.0,-0.9999989251032573
TimeLapse,32,fast,l1-dcache-loads,1103541325307.0,1186974.0,-1103540138333.0,-0.999998924395514
ToddlerFountain,32,fast,l1-dcache-loads,348570909086.0,1197362.0,-348569711724.0,-0.9999965649399626
TreesAndGrass_1920_1080,32,fast,l1-dcache-loads,413136482724.0,1196780.0,-413135285944.0,-0.9999971031849036
TunnelFlag,32,fast,l1-dcache-loads,300391634968.0,1181995.0,-300390452973.0,-0.9999960651534118
Vertical_Carnaby,32,fast,l1-dcache-loads,244294595672.0,1232194.0,-244293363478.0,-0.9999949561143724
Vertical_bees,32,fast,l1-dcache-loads,276743114927.0,1195401.0,-276741919526.0,-0.9999956804670631
WalkingInStreet,32,fast,l1-dcache-loads,385313393742.0,1231477.0,-385312162265.0,-0.9999968039600492
WorldCup_1920x1080_30p,32,fast,l1-dcache-loads,245198599156.0,1203408.0,-245197395748.0,-0.9999950921089918
WorldCup_far_1920x1080_30p,32,fast,l1-dcache-loads,313345667910.0,1198697.0,-313344469213.0,-0.9999961745218691
Aerial3200,37,fast,l1-dcache-loads,327284409298.0,1197656.0,-327283211642.0,-0.9999963406261771
Boat,37,fast,l1-dcache-loads,330404449118.0,1194448.0,-330403254670.0,-0.9999963848912955
BoxingPractice,37,fast,l1-dcache-loads,974168180317.0,1191324.0,-974166988993.0,-0.9999987770859036
Crosswalk,37,fast,l1-dcache-loads,969774315887.0,1193459.0,-969773122428.0,-0.9999987693435675
CrowdRun,37,fast,l1-dcache-loads,345339966620.0,1194387.0,-345338772233.0,-0.9999965414168198
DinnerSceneCropped,37,fast,l1-dcache-loads,243732252936.0,1198649.0,-243731054287.0,-0.9999950821075768
FoodMarket,37,fast,l1-dcache-loads,273926760454.0,1196508.0,-273925563946.0,-0.9999956320149298
FoodMarket2,37,fast,l1-dcache-loads,1076204542926.0,1194553.0,-1076203348373.0,-0.9999988900316321
MeridianTalk_sdr,37,fast,l1-dcache-loads,238188523690.0,1193705.0,-238187329985.0,-0.9999949884025414
Motorcycle,37,fast,l1-dcache-loads,307408527164.0,1195280.0,-307407331884.0,-0.9999961117539223
MountainBike,37,fast,l1-dcache-loads,316163113176.0,1202634.0,-316161910542.0,-0.9999961961596724
Neon1224,37,fast,l1-dcache-loads,934865176414.0,1193639.0,-934863982775.0,-0.9999987231966383
NocturneDance_3840x2160p_8bit,37,fast,l1-dcache-loads,948507400413.0,1230500.0,-948506169913.0,-0.9999987026985773
OldTownCross,37,fast,l1-dcache-loads,287146231821.0,1190454.0,-287145041367.0,-0.9999958541890226
PedestrianArea,37,fast,l1-dcache-loads,250007267954.0,1192037.0,-250006075917.0,-0.9999952319906147
PierSeaSide,37,fast,l1-dcache-loads,948131916153.0,1193173.0,-948130722980.0,-0.9999987415538074
RitualDance,37,fast,l1-dcache-loads,230510173756.0,1182436.0,-230508991320.0,-0.9999948703522247
Riverbed,37,fast,l1-dcache-loads,289692232709.0,1191608.0,-289691041101.0,-0.9999958866415269
RushFieldCuts,37,fast,l1-dcache-loads,302170588158.0,1198628.0,-302169389530.0,-0.9999960332737633
Skater227,37,fast,l1-dcache-loads,1238394.0,1196193.0,-42201.0,-0.03407719998643404
Tango,37,fast,l1-dcache-loads,1003709237401.0,1190378.0,-1003708047023.0,-0.9999988140210774
TimeLapse,37,fast,l1-dcache-loads,998831346287.0,1201970.0,-998830144317.0,-0.9999987966236698
ToddlerFountain,37,fast,l1-dcache-loads,301047553749.0,1194583.0,-301046359166.0,-0.9999960319126161
TreesAndGrass_1920_1080,37,fast,l1-dcache-loads,371576213650.0,1198439.0,-371575015211.0,-0.9999967747155066
TunnelFlag,37,fast,l1-dcache-loads,268570522261.0,1196069.0,-268569326192.0,-0.9999955465365673
Vertical_Carnaby,37,fast,l1-dcache-loads,227508442980.0,1222529.0,-227507220451.0,-0.9999946264455772
Vertical_bees,37,fast,l1-dcache-loads,255315582674.0,1195748.0,-255314386926.0,-0.9999953165882495
WalkingInStreet,37,fast,l1-dcache-loads,343359608730.0,1228387.0,-343358380343.0,-0.9999964224475775
WorldCup_1920x1080_30p,37,fast,l1-dcache-loads,228860513526.0,1209276.0,-228859304250.0,-0.9999947161002946
WorldCup_far_1920x1080_30p,37,fast,l1-dcache-loads,284115049905.0,1202979.0,-284113846926.0,-0.9999957658737177
Aerial3200,22,faster,l1-dcache-loads,442679958664.0,1202674.0,-442678755990.0,-0.9999972831975416
Boat,22,faster,l1-dcache-loads,460516335416.0,1195392.0,-460515140024.0,-0.9999974042354026
BoxingPractice,22,faster,l1-dcache-loads,1517561522138.0,1197927.0,-1517560324211.0,-0.9999992106237655
Crosswalk,22,faster,l1-dcache-loads,1522942384745.0,1184433.0,-1522941200312.0,-0.9999992222732705
CrowdRun,22,faster,l1-dcache-loads,530680264578.0,1183627.0,-530679080951.0,-0.9999977696042627
DinnerSceneCropped,22,faster,l1-dcache-loads,485097111081.0,1184582.0,-485095926499.0,-0.9999975580518355
FoodMarket,22,faster,l1-dcache-loads,460865535203.0,1200457.0,-460864334746.0,-0.9999973952120341
FoodMarket2,22,faster,l1-dcache-loads,1571810982410.0,1198246.0,-1571809784164.0,-0.9999992376653342
MeridianTalk_sdr,22,faster,l1-dcache-loads,381234946520.0,1188231.0,-381233758289.0,-0.9999968832054594
Motorcycle,22,faster,l1-dcache-loads,420218828840.0,1193162.0,-420217635678.0,-0.9999971606174733
MountainBike,22,faster,l1-dcache-loads,432718472860.0,1192688.0,-432717280172.0,-0.9999972437321843
Neon1224,22,faster,l1-dcache-loads,1284503084562.0,1187672.0,-1284501896890.0,-0.999999075384081
NocturneDance_3840x2160p_8bit,22,faster,l1-dcache-loads,1368151158203.0,1223755.0,-1368149934448.0,-0.9999991055410854
OldTownCross,22,faster,l1-dcache-loads,538468886451.0,1194100.0,-538467692351.0,-0.999997782415976
PedestrianArea,22,faster,l1-dcache-loads,390354514636.0,1190689.0,-390353323947.0,-0.9999969497240192
PierSeaSide,22,faster,l1-dcache-loads,1424863516291.0,1203344.0,-1424862312947.0,-0.9999991554671824
RitualDance,22,faster,l1-dcache-loads,305673074942.0,1198757.0,-305671876185.0,-0.999996078303592
Riverbed,22,faster,l1-dcache-loads,438669557538.0,1194812.0,-438668362726.0,-0.9999972762823873
RushFieldCuts,22,faster,l1-dcache-loads,436199605986.0,1205744.0,-436198400242.0,-0.9999972357975948
Skater227,22,faster,l1-dcache-loads,1241568.0,1185921.0,-55647.0,-0.044819937369519836
Tango,22,faster,l1-dcache-loads,1699855120629.0,1192643.0,-1699853927986.0,-0.9999992983855003
TimeLapse,22,faster,l1-dcache-loads,1446304828464.0,1185228.0,-1446303643236.0,-0.9999991805130034
ToddlerFountain,22,faster,l1-dcache-loads,465810281142.0,1196300.0,-465809084842.0,-0.999997431787042
TreesAndGrass_1920_1080,22,faster,l1-dcache-loads,495409064011.0,1192716.0,-495407871295.0,-0.999997592462297
TunnelFlag,22,faster,l1-dcache-loads,400731138047.0,1199044.0,-400729939003.0,-0.99999700785917
Vertical_Carnaby,22,faster,l1-dcache-loads,298526526227.0,1191464.0,-298525334763.0,-0.9999960088504862
Vertical_bees,22,faster,l1-dcache-loads,335831081038.0,1197407.0,-335829883631.0,-0.9999964344961869
WalkingInStreet,22,faster,l1-dcache-loads,455616106884.0,1230745.0,-455614876139.0,-0.9999972987236811
WorldCup_1920x1080_30p,22,faster,l1-dcache-loads,296468276886.0,1210777.0,-296467066109.0,-0.9999959159981205
WorldCup_far_1920x1080_30p,22,faster,l1-dcache-loads,387618751352.0,1204540.0,-387617546812.0,-0.9999968924619983
Aerial3200,27,faster,l1-dcache-loads,401447683480.0,1224449.0,-401446459031.0,-0.9999969499163891
Boat,27,faster,l1-dcache-loads,416378708180.0,1195428.0,-416377512752.0,-0.999997128988643
BoxingPractice,27,faster,l1-dcache-loads,1255010847195.0,1186116.0,-1255009661079.0,-0.9999990548958181
Crosswalk,27,faster,l1-dcache-loads,1217640788246.0,1186727.0,-1217639601519.0,-0.999999025388266
CrowdRun,27,faster,l1-dcache-loads,463883290663.0,1186144.0,-463882104519.0,-0.9999974430120164
DinnerSceneCropped,27,faster,l1-dcache-loads,382330582521.0,1194335.0,-382329388186.0,-0.9999968761719449
FoodMarket,27,faster,l1-dcache-loads,370847425098.0,1192326.0,-370846232772.0,-0.9999967848610525
FoodMarket2,27,faster,l1-dcache-loads,1343615541672.0,1204034.0,-1343614337638.0,-0.9999991038850307
MeridianTalk_sdr,27,faster,l1-dcache-loads,301632933884.0,1198956.0,-301631734928.0,-0.9999960251157439
Motorcycle,27,faster,l1-dcache-loads,380886901071.0,1194775.0,-380885706296.0,-0.9999968631764531
MountainBike,27,faster,l1-dcache-loads,392837800552.0,1197787.0,-392836602765.0,-0.999996950937516
Neon1224,27,faster,l1-dcache-loads,1145363588505.0,1194104.0,-1145362394401.0,-0.999998957445468
NocturneDance_3840x2160p_8bit,27,faster,l1-dcache-loads,1202248684715.0,1237994.0,-1202247446721.0,-0.9999989702679523
OldTownCross,27,faster,l1-dcache-loads,443924210675.0,1194671.0,-443923016004.0,-0.9999973088401775
PedestrianArea,27,faster,l1-dcache-loads,315785326227.0,1192316.0,-315784133911.0,-0.9999962242830779
PierSeaSide,27,faster,l1-dcache-loads,1198098007050.0,1195181.0,-1198096811869.0,-0.9999990024346982
RitualDance,27,faster,l1-dcache-loads,273115919068.0,1189750.0,-273114729318.0,-0.9999956437910904
Riverbed,27,faster,l1-dcache-loads,372071129891.0,1196204.0,-372069933687.0,-0.9999967850125853
RushFieldCuts,27,faster,l1-dcache-loads,391707161583.0,1197482.0,-391705964101.0,-0.9999969429152248
Skater227,27,faster,l1-dcache-loads,1250179.0,1185590.0,-64589.0,-0.05166380174359032
Tango,27,faster,l1-dcache-loads,1337576249353.0,1189880.0,-1337575059473.0,-0.9999991104208074
TimeLapse,27,faster,l1-dcache-loads,1249180062992.0,1199224.0,-1249178863768.0,-0.9999990399910825
ToddlerFountain,27,faster,l1-dcache-loads,402987197737.0,1198095.0,-402985999642.0,-0.9999970269651077
TreesAndGrass_1920_1080,27,faster,l1-dcache-loads,455396186639.0,1186300.0,-455395000339.0,-0.9999973950155165
TunnelFlag,27,faster,l1-dcache-loads,346632107804.0,1184149.0,-346630923655.0,-0.9999965838450238
Vertical_Carnaby,27,faster,l1-dcache-loads,270105869811.0,1226922.0,-270104642889.0,-0.9999954576255567
Vertical_bees,27,faster,l1-dcache-loads,303987206647.0,1197656.0,-303986008991.0,-0.999996060176304
WalkingInStreet,27,faster,l1-dcache-loads,427291241467.0,1225238.0,-427290016229.0,-0.999997132545952
WorldCup_1920x1080_30p,27,faster,l1-dcache-loads,266412683563.0,1189370.0,-266411494193.0,-0.9999955356104518
WorldCup_far_1920x1080_30p,27,faster,l1-dcache-loads,349453316322.0,1212513.0,-349452103809.0,-0.999996530257567
Aerial3200,32,faster,l1-dcache-loads,361988516546.0,1195878.0,-361987320668.0,-0.9999966963648145
Boat,32,faster,l1-dcache-loads,370237311534.0,1192939.0,-370236118595.0,-0.9999967779071346
BoxingPractice,32,faster,l1-dcache-loads,1071535698974.0,1193732.0,-1071534505242.0,-0.9999988859615213
Crosswalk,32,faster,l1-dcache-loads,1055002756931.0,1182913.0,-1055001574018.0,-0.9999988787583802
CrowdRun,32,faster,l1-dcache-loads,398048969107.0,1205826.0,-398047763281.0,-0.999996970659156
DinnerSceneCropped,32,faster,l1-dcache-loads,290561026987.0,1194577.0,-290559832410.0,-0.9999958887225434
FoodMarket,32,faster,l1-dcache-loads,308889154529.0,1210113.0,-308887944416.0,-0.9999960823713547
FoodMarket2,32,faster,l1-dcache-loads,1184578698920.0,1196134.0,-1184577502786.0,-0.999998990245223
MeridianTalk_sdr,32,faster,l1-dcache-loads,260829542791.0,1195894.0,-260828346897.0,-0.9999954150362448
Motorcycle,32,faster,l1-dcache-loads,341669149289.0,1197554.0,-341667951735.0,-0.9999964949893706
MountainBike,32,faster,l1-dcache-loads,352059084792.0,1195942.0,-352057888850.0,-0.9999966030077005
Neon1224,32,faster,l1-dcache-loads,1025933775187.0,1193882.0,-1025932581305.0,-0.9999988362972067
NocturneDance_3840x2160p_8bit,32,faster,l1-dcache-loads,1052808337507.0,1231149.0,-1052807106358.0,-0.9999988306048155
OldTownCross,32,faster,l1-dcache-loads,341052187220.0,1194574.0,-341050992646.0,-0.9999964973864858
PedestrianArea,32,faster,l1-dcache-loads,273635325653.0,1189172.0,-273634136481.0,-0.9999956541722194
PierSeaSide,32,faster,l1-dcache-loads,1049069019794.0,1197313.0,-1049067822481.0,-0.9999988586899647
RitualDance,32,faster,l1-dcache-loads,249550960759.0,1195465.0,-249549765294.0,-0.999995209535574
Riverbed,32,faster,l1-dcache-loads,322288745323.0,1195690.0,-322287549633.0,-0.9999962900038635
RushFieldCuts,32,faster,l1-dcache-loads,341927281826.0,1197614.0,-341926084212.0,-0.9999964974599465
Skater227,32,faster,l1-dcache-loads,1233209.0,1185365.0,-47844.0,-0.03879634352327951
Tango,32,faster,l1-dcache-loads,1113044371350.0,1193624.0,-1113043177726.0,-0.999998927604298
TimeLapse,32,faster,l1-dcache-loads,1098611154371.0,1187110.0,-1098609967261.0,-0.999998919444796
ToddlerFountain,32,faster,l1-dcache-loads,348395219036.0,1198524.0,-348394020512.0,-0.999996559872425
TreesAndGrass_1920_1080,32,faster,l1-dcache-loads,413062923748.0,1192162.0,-413061731586.0,-0.9999971138489284
TunnelFlag,32,faster,l1-dcache-loads,300425198863.0,1192643.0,-300424006220.0,-0.9999960301499191
Vertical_Carnaby,32,faster,l1-dcache-loads,244019667992.0,1229049.0,-244018438943.0,-0.9999949633199237
Vertical_bees,32,faster,l1-dcache-loads,276808214867.0,1198141.0,-276807016726.0,-0.9999956715843835
WalkingInStreet,32,faster,l1-dcache-loads,385261224146.0,1226683.0,-385259997463.0,-0.9999968159707671
WorldCup_1920x1080_30p,32,faster,l1-dcache-loads,246141493995.0,1185999.0,-246140307996.0,-0.999995181637274
WorldCup_far_1920x1080_30p,32,faster,l1-dcache-loads,313376858137.0,1206981.0,-313375651156.0,-0.999996148467991
Aerial3200,37,faster,l1-dcache-loads,327647445487.0,1197505.0,-327646247982.0,-0.9999963451416561
Boat,37,faster,l1-dcache-loads,330362368479.0,1194267.0,-330361174212.0,-0.9999963849786963
BoxingPractice,37,faster,l1-dcache-loads,977592799194.0,1195602.0,-977591603592.0,-0.9999987769938558
Crosswalk,37,faster,l1-dcache-loads,968088244335.0,1204032.0,-968087040303.0,-0.9999987562786687
CrowdRun,37,faster,l1-dcache-loads,345422114374.0,1194937.0,-345420919437.0,-0.99999654064708
DinnerSceneCropped,37,faster,l1-dcache-loads,243717820354.0,1200473.0,-243716619881.0,-0.9999950743322821
FoodMarket,37,faster,l1-dcache-loads,274121344692.0,1197149.0,-274120147543.0,-0.9999956327771508
FoodMarket2,37,faster,l1-dcache-loads,1076602174766.0,1191886.0,-1076600982880.0,-0.9999988929188256
MeridianTalk_sdr,37,faster,l1-dcache-loads,238449069064.0,1198250.0,-238447870814.0,-0.9999949748178733
Motorcycle,37,faster,l1-dcache-loads,307245819412.0,1205899.0,-307244613513.0,-0.9999960751329268
MountainBike,37,faster,l1-dcache-loads,316108533224.0,1199167.0,-316107334057.0,-0.9999962064706455
Neon1224,37,faster,l1-dcache-loads,935228637419.0,1194179.0,-935227443240.0,-0.9999987231154477
NocturneDance_3840x2160p_8bit,37,faster,l1-dcache-loads,948678636687.0,1229422.0,-948677407265.0,-0.9999987040690572
OldTownCross,37,faster,l1-dcache-loads,287431831444.0,1198880.0,-287430632564.0,-0.9999958289936296
PedestrianArea,37,faster,l1-dcache-loads,250138467582.0,1198953.0,-250137268629.0,-0.9999952068427875
PierSeaSide,37,faster,l1-dcache-loads,947486332469.0,1194956.0,-947485137513.0,-0.9999987388145253
RitualDance,37,faster,l1-dcache-loads,230552963964.0,1191794.0,-230551772170.0,-0.999994830714906
Riverbed,37,faster,l1-dcache-loads,289050362606.0,1196753.0,-289049165853.0,-0.9999958597076675
RushFieldCuts,37,faster,l1-dcache-loads,302062181969.0,1195657.0,-302060986312.0,-0.99999604168588
Skater227,37,faster,l1-dcache-loads,1243762.0,1194634.0,-49128.0,-0.039499518396606426
Tango,37,faster,l1-dcache-loads,1003433285352.0,1192651.0,-1003432092701.0,-0.999998811429701
TimeLapse,37,faster,l1-dcache-loads,996738412173.0,1199895.0,-996737212278.0,-0.9999987961786309
ToddlerFountain,37,faster,l1-dcache-loads,301927099811.0,1198494.0,-301925901317.0,-0.9999960305186227
TreesAndGrass_1920_1080,37,faster,l1-dcache-loads,371443096648.0,1189193.0,-371441907455.0,-0.9999967984517394
TunnelFlag,37,faster,l1-dcache-loads,268374971915.0,1196112.0,-268373775803.0,-0.9999955431313454
Vertical_Carnaby,37,faster,l1-dcache-loads,227606217445.0,1230050.0,-227604987395.0,-0.9999945957100215
Vertical_bees,37,faster,l1-dcache-loads,255173197793.0,1183007.0,-255172014786.0,-0.9999953639057305
WalkingInStreet,37,faster,l1-dcache-loads,343507746402.0,1231068.0,-343506515334.0,-0.9999964161856235
WorldCup_1920x1080_30p,37,faster,l1-dcache-loads,229286745013.0,1196976.0,-229285548037.0,-0.9999947795673931
WorldCup_far_1920x1080_30p,37,faster,l1-dcache-loads,284170771977.0,1216101.0,-284169555876.0,-0.999995720527514
Aerial3200,22,superfast,l1-dcache-loads,436291252696.0,1208086.0,-436290044610.0,-0.9999972310102654
Boat,22,superfast,l1-dcache-loads,446077490381.0,1192425.0,-446076297956.0,-0.9999973268657897
BoxingPractice,22,superfast,l1-dcache-loads,1468327631409.0,1187854.0,-1468326443555.0,-0.9999991910157007
Crosswalk,22,superfast,l1-dcache-loads,1459925981470.0,1199998.0,-1459924781472.0,-0.9999991780418903
CrowdRun,22,superfast,l1-dcache-loads,509547398101.0,1185103.0,-509546212998.0,-0.9999976742045894
DinnerSceneCropped,22,superfast,l1-dcache-loads,462749537848.0,1195618.0,-462748342230.0,-0.9999974162740268
FoodMarket,22,superfast,l1-dcache-loads,441971211615.0,1202691.0,-441970008924.0,-0.9999972788024007
FoodMarket2,22,superfast,l1-dcache-loads,1524131472102.0,1187187.0,-1524130284915.0,-0.9999992210731018
MeridianTalk_sdr,22,superfast,l1-dcache-loads,366852854560.0,1197268.0,-366851657292.0,-0.9999967363808537
Motorcycle,22,superfast,l1-dcache-loads,409489261139.0,1202525.0,-409488058614.0,-0.9999970633540018
MountainBike,22,superfast,l1-dcache-loads,420336731119.0,1190897.0,-420335540222.0,-0.9999971668024423
Neon1224,22,superfast,l1-dcache-loads,1252852728758.0,1194977.0,-1252851533781.0,-0.9999990461951572
NocturneDance_3840x2160p_8bit,22,superfast,l1-dcache-loads,1334908941949.0,1222301.0,-1334907719648.0,-0.9999990843562722
OldTownCross,22,superfast,l1-dcache-loads,516701965834.0,1199055.0,-516700766779.0,-0.9999976794069323
PedestrianArea,22,superfast,l1-dcache-loads,378590619401.0,1194833.0,-378589424568.0,-0.999996843997345
PierSeaSide,22,superfast,l1-dcache-loads,1382912176285.0,1190690.0,-1382910985595.0,-0.9999991389981082
RitualDance,22,superfast,l1-dcache-loads,298727434172.0,1206059.0,-298726228113.0,-0.999995962677471
Riverbed,22,superfast,l1-dcache-loads,423917467367.0,1196712.0,-423916270655.0,-0.9999971770165371
RushFieldCuts,22,superfast,l1-dcache-loads,420890544498.0,1191806.0,-420889352692.0,-0.999997168370695
Skater227,22,superfast,l1-dcache-loads,1254874.0,1200459.0,-54415.0,-0.043362919305045766
Tango,22,superfast,l1-dcache-loads,1624605512062.0,1196767.0,-1624604315295.0,-0.9999992633491693
TimeLapse,22,superfast,l1-dcache-loads,1404375193977.0,1185627.0,-1404374008350.0,-0.9999991557619323
ToddlerFountain,22,superfast,l1-dcache-loads,448962090892.0,1193603.0,-448960897289.0,-0.999997341416961
TreesAndGrass_1920_1080,22,superfast,l1-dcache-loads,476185352726.0,1193931.0,-476184158795.0,-0.9999974927179235
TunnelFlag,22,superfast,l1-dcache-loads,390442896047.0,1187342.0,-390441708705.0,-0.9999969589868019
Vertical_Carnaby,22,superfast,l1-dcache-loads,292099929435.0,1215123.0,-292098714312.0,-0.9999958400435004
Vertical_bees,22,superfast,l1-dcache-loads,329455629100.0,1195179.0,-329454433921.0,-0.9999963722611046
WalkingInStreet,22,superfast,l1-dcache-loads,451288261338.0,1234464.0,-451287026874.0,-0.9999972645776419
WorldCup_1920x1080_30p,22,superfast,l1-dcache-loads,293690743516.0,1208757.0,-293689534759.0,-0.9999958842523072
WorldCup_far_1920x1080_30p,22,superfast,l1-dcache-loads,380544920004.0,1201697.0,-380543718307.0,-0.999996842167805
Aerial3200,27,superfast,l1-dcache-loads,396602237871.0,1193778.0,-396601044093.0,-0.9999969899867273
Boat,27,superfast,l1-dcache-loads,402860313164.0,1183837.0,-402859129327.0,-0.999997061420643
BoxingPractice,27,superfast,l1-dcache-loads,1216926731027.0,1181626.0,-1216925549401.0,-0.9999990290080989
Crosswalk,27,superfast,l1-dcache-loads,1174495778852.0,1196008.0,-1174494582844.0,-0.9999989816838668
CrowdRun,27,superfast,l1-dcache-loads,445372330642.0,1197104.0,-445371133538.0,-0.9999973121275894
DinnerSceneCropped,27,superfast,l1-dcache-loads,366361281154.0,1202064.0,-366360079090.0,-0.9999967189109171
FoodMarket,27,superfast,l1-dcache-loads,356673944684.0,1191022.0,-356672753662.0,-0.9999966607541209
FoodMarket2,27,superfast,l1-dcache-loads,1308014425120.0,1185191.0,-1308013239929.0,-0.9999990939006655
MeridianTalk_sdr,27,superfast,l1-dcache-loads,293823711517.0,1194566.0,-293822516951.0,-0.9999959344125298
Motorcycle,27,superfast,l1-dcache-loads,371589044861.0,1199754.0,-371587845107.0,-0.9999967712880221
MountainBike,27,superfast,l1-dcache-loads,381706971271.0,1195188.0,-381705776083.0,-0.9999968688337129
Neon1224,27,superfast,l1-dcache-loads,1124980819384.0,1189888.0,-1124979629496.0,-0.9999989423037446
NocturneDance_3840x2160p_8bit,27,superfast,l1-dcache-loads,1178630371382.0,1235864.0,-1178629135518.0,-0.9999989514405618
OldTownCross,27,superfast,l1-dcache-loads,425300663650.0,1198605.0,-425299465045.0,-0.9999971817466973
PedestrianArea,27,superfast,l1-dcache-loads,308809918207.0,1198626.0,-308808719581.0,-0.9999961185637852
PierSeaSide,27,superfast,l1-dcache-loads,1175845884143.0,1200506.0,-1175844683637.0,-0.9999989790277652
RitualDance,27,superfast,l1-dcache-loads,268560522374.0,1195320.0,-268559327054.0,-0.999995549159685
Riverbed,27,superfast,l1-dcache-loads,359087721827.0,1195186.0,-359086526641.0,-0.9999966716043814
RushFieldCuts,27,superfast,l1-dcache-loads,379332999185.0,1184200.0,-379331814985.0,-0.9999968782046315
Skater227,27,superfast,l1-dcache-loads,1250301.0,1189880.0,-60421.0,-0.048325163300677196
Tango,27,superfast,l1-dcache-loads,1284197655513.0,1192703.0,-1284196462810.0,-0.9999990712465524
TimeLapse,27,superfast,l1-dcache-loads,1219188879704.0,1191791.0,-1219187687913.0,-0.9999990224722192
ToddlerFountain,27,superfast,l1-dcache-loads,388794389491.0,1183183.0,-388793206308.0,-0.9999969567899333
TreesAndGrass_1920_1080,27,superfast,l1-dcache-loads,437526370313.0,1195270.0,-437525175043.0,-0.9999972681189498
TunnelFlag,27,superfast,l1-dcache-loads,339447722679.0,1195345.0,-339446527334.0,-0.9999964785593771
Vertical_Carnaby,27,superfast,l1-dcache-loads,265023621548.0,1223778.0,-265022397770.0,-0.9999953823814163
Vertical_bees,27,superfast,l1-dcache-loads,299082137008.0,1192254.0,-299080944754.0,-0.9999960136235085
WalkingInStreet,27,superfast,l1-dcache-loads,423435717421.0,1224462.0,-423434492959.0,-0.9999971082694501
WorldCup_1920x1080_30p,27,superfast,l1-dcache-loads,265476932519.0,1205192.0,-265475727327.0,-0.9999954602760075
WorldCup_far_1920x1080_30p,27,superfast,l1-dcache-loads,343265714407.0,1202338.0,-343264512069.0,-0.9999964973548201
Aerial3200,32,superfast,l1-dcache-loads,358485599488.0,1196332.0,-358484403156.0,-0.9999966628171348
Boat,32,superfast,l1-dcache-loads,358595243200.0,1196241.0,-358594046959.0,-0.9999966640912765
BoxingPractice,32,superfast,l1-dcache-loads,1052293967453.0,1182687.0,-1052292784766.0,-0.9999988760868763
Crosswalk,32,superfast,l1-dcache-loads,1038474745634.0,1195449.0,-1038473550185.0,-0.9999988488415293
CrowdRun,32,superfast,l1-dcache-loads,383717625942.0,1194429.0,-383716431513.0,-0.9999968872188316
DinnerSceneCropped,32,superfast,l1-dcache-loads,281444123270.0,1198260.0,-281442925010.0,-0.9999957424586234
FoodMarket,32,superfast,l1-dcache-loads,299514343554.0,1196587.0,-299513146967.0,-0.9999960049091947
FoodMarket2,32,superfast,l1-dcache-loads,1160494516903.0,1180653.0,-1160493336250.0,-0.9999989826294026
MeridianTalk_sdr,32,superfast,l1-dcache-loads,257234840146.0,1188573.0,-257233651573.0,-0.9999953794245005
Motorcycle,32,superfast,l1-dcache-loads,333555829257.0,1192812.0,-333554636445.0,-0.999996423950969
MountainBike,32,superfast,l1-dcache-loads,342387958169.0,1196214.0,-342386761955.0,-0.9999965062614748
Neon1224,32,superfast,l1-dcache-loads,1013752510596.0,1189792.0,-1013751320804.0,-0.9999988263486526
NocturneDance_3840x2160p_8bit,32,superfast,l1-dcache-loads,1037756410155.0,1228304.0,-1037755181851.0,-0.9999988163850515
OldTownCross,32,superfast,l1-dcache-loads,328374389798.0,1193313.0,-328373196485.0,-0.9999963659985764
PedestrianArea,32,superfast,l1-dcache-loads,269819640823.0,1195993.0,-269818444830.0,-0.9999955674353567
PierSeaSide,32,superfast,l1-dcache-loads,1034378041132.0,1198132.0,-1034376843000.0,-0.9999988416884811
RitualDance,32,superfast,l1-dcache-loads,246371220297.0,1195469.0,-246370024828.0,-0.9999951476921755
Riverbed,32,superfast,l1-dcache-loads,311714187083.0,1195320.0,-311712991763.0,-0.9999961653333421
RushFieldCuts,32,superfast,l1-dcache-loads,332765410123.0,1191855.0,-332764218268.0,-0.999996418332664
Skater227,32,superfast,l1-dcache-loads,1246610.0,1194412.0,-52198.0,-0.04187195674669704
Tango,32,superfast,l1-dcache-loads,1089342029212.0,1191452.0,-1089340837760.0,-0.999998906264545
TimeLapse,32,superfast,l1-dcache-loads,1079510703325.0,1197231.0,-1079509506094.0,-0.99999889095032
ToddlerFountain,32,superfast,l1-dcache-loads,338000630838.0,1191089.0,-337999439749.0,-0.9999964760746244
TreesAndGrass_1920_1080,32,superfast,l1-dcache-loads,396891005045.0,1195698.0,-396889809347.0,-0.9999969873391314
TunnelFlag,32,superfast,l1-dcache-loads,296422791674.0,1180963.0,-296421610711.0,-0.9999960159507528
Vertical_Carnaby,32,superfast,l1-dcache-loads,242496845007.0,1227889.0,-242495617118.0,-0.9999949364743282
Vertical_bees,32,superfast,l1-dcache-loads,272745563964.0,1191121.0,-272744372843.0,-0.9999956328492289
WalkingInStreet,32,superfast,l1-dcache-loads,381484414170.0,1209645.0,-381483204525.0,-0.999996829110299
WorldCup_1920x1080_30p,32,superfast,l1-dcache-loads,243211083725.0,1200295.0,-243209883430.0,-0.9999950648013997
WorldCup_far_1920x1080_30p,32,superfast,l1-dcache-loads,308357998970.0,1199315.0,-308356799655.0,-0.9999961106408655
Aerial3200,37,superfast,l1-dcache-loads,325099392653.0,1196352.0,-325098196301.0,-0.9999963200423407
Boat,37,superfast,l1-dcache-loads,320694499600.0,1183564.0,-320693316036.0,-0.9999963093723108
BoxingPractice,37,superfast,l1-dcache-loads,964557423442.0,1154747.0,-964556268695.0,-0.9999988028219244
Crosswalk,37,superfast,l1-dcache-loads,963745943313.0,1198366.0,-963744744947.0,-0.9999987565540397
CrowdRun,37,superfast,l1-dcache-loads,335611323732.0,1185596.0,-335610138136.0,-0.999996467354001
DinnerSceneCropped,37,superfast,l1-dcache-loads,241490373419.0,1198823.0,-241489174596.0,-0.9999950357317229
FoodMarket,37,superfast,l1-dcache-loads,268071525344.0,1195672.0,-268070329672.0,-0.999995539727696
FoodMarket2,37,superfast,l1-dcache-loads,1060392000550.0,1193433.0,-1060390807117.0,-0.9999988745360212
MeridianTalk_sdr,37,superfast,l1-dcache-loads,236768839355.0,1182448.0,-236767656907.0,-0.9999950058968772
Motorcycle,37,superfast,l1-dcache-loads,300821302653.0,1195085.0,-300820107568.0,-0.999996027259408
MountainBike,37,superfast,l1-dcache-loads,308414842603.0,1203040.0,-308413639563.0,-0.9999960992798211
Neon1224,37,superfast,l1-dcache-loads,927979850597.0,1229387.0,-927978621210.0,-0.9999986752007609
NocturneDance_3840x2160p_8bit,37,superfast,l1-dcache-loads,938315556488.0,1194510.0,-938314361978.0,-0.9999987269634487
OldTownCross,37,superfast,l1-dcache-loads,281431099332.0,1196444.0,-281429902888.0,-0.9999957487143288
PedestrianArea,37,superfast,l1-dcache-loads,247700503685.0,1192596.0,-247699311089.0,-0.9999951853307432
PierSeaSide,37,superfast,l1-dcache-loads,937336660710.0,1192875.0,-937335467835.0,-0.9999987273782729
RitualDance,37,superfast,l1-dcache-loads,228506145757.0,1194261.0,-228504951496.0,-0.9999947736154052
Riverbed,37,superfast,l1-dcache-loads,280721735084.0,1195929.0,-280720539155.0,-0.9999957398061834
RushFieldCuts,37,superfast,l1-dcache-loads,295614383156.0,1194916.0,-295613188240.0,-0.9999959578556793
Skater227,37,superfast,l1-dcache-loads,1247641.0,1205052.0,-42589.0,-0.03413562074346707
Tango,37,superfast,l1-dcache-loads,995315461932.0,1194965.0,-995314266967.0,-0.9999987994107942
TimeLapse,37,superfast,l1-dcache-loads,983463701667.0,1204312.0,-983462497355.0,-0.9999987754382821
ToddlerFountain,37,superfast,l1-dcache-loads,294696056815.0,1187067.0,-294694869748.0,-0.999995971893846
TreesAndGrass_1920_1080,37,superfast,l1-dcache-loads,357471612574.0,1196002.0,-357470416572.0,-0.9999966542741915
TunnelFlag,37,superfast,l1-dcache-loads,266177482752.0,1191044.0,-266176291708.0,-0.9999955253765732
Vertical_Carnaby,37,superfast,l1-dcache-loads,226402299782.0,1225111.0,-226401074671.0,-0.9999945887872995
Vertical_bees,37,superfast,l1-dcache-loads,253257702579.0,1196811.0,-253256505768.0,-0.999995274335241
WalkingInStreet,37,superfast,l1-dcache-loads,340204953098.0,1241274.0,-340203711824.0,-0.9999963513935094
WorldCup_1920x1080_30p,37,superfast,l1-dcache-loads,227768918725.0,1199728.0,-227767718997.0,-0.9999947326966001
WorldCup_far_1920x1080_30p,37,superfast,l1-dcache-loads,280618844448.0,1208011.0,-280617636437.0,-0.999995695189315
Aerial3200,22,veryfast,l1-dcache-loads,442497624466.0,1197040.0,-442496427426.0,-0.9999972948103362
Boat,22,veryfast,l1-dcache-loads,460445216828.0,1188199.0,-460444028629.0,-0.9999974194563076
BoxingPractice,22,veryfast,l1-dcache-loads,1517460065658.0,1186637.0,-1517458879021.0,-0.9999992180110523
Crosswalk,22,veryfast,l1-dcache-loads,1523705713879.0,1192849.0,-1523704521030.0,-0.9999992171395111
CrowdRun,22,veryfast,l1-dcache-loads,530568366034.0,1194229.0,-530567171805.0,-0.9999977491515204
DinnerSceneCropped,22,veryfast,l1-dcache-loads,485114696394.0,1194007.0,-485113502387.0,-0.9999975387119605
FoodMarket,22,veryfast,l1-dcache-loads,461215816684.0,1196326.0,-461214620358.0,-0.9999974061470646
FoodMarket2,22,veryfast,l1-dcache-loads,1570158031735.0,1192834.0,-1570156838901.0,-0.9999992403095893
MeridianTalk_sdr,22,veryfast,l1-dcache-loads,381395851600.0,1196280.0,-381394655320.0,-0.9999968634163299
Motorcycle,22,veryfast,l1-dcache-loads,420475373733.0,1195071.0,-420474178662.0,-0.9999971578097681
MountainBike,22,veryfast,l1-dcache-loads,433419005406.0,1196978.0,-433417808428.0,-0.9999972382890804
Neon1224,22,veryfast,l1-dcache-loads,1284934588975.0,1197515.0,-1284933391460.0,-0.9999990680342717
NocturneDance_3840x2160p_8bit,22,veryfast,l1-dcache-loads,1367486201403.0,1237080.0,-1367484964323.0,-0.9999990953619871
OldTownCross,22,veryfast,l1-dcache-loads,538569454744.0,1189961.0,-538568264783.0,-0.9999977905152445
PedestrianArea,22,veryfast,l1-dcache-loads,390368470051.0,1183202.0,-390367286849.0,-0.9999969690123799
PierSeaSide,22,veryfast,l1-dcache-loads,1425216256626.0,1193579.0,-1425215063047.0,-0.9999991625277957
RitualDance,22,veryfast,l1-dcache-loads,305721378078.0,1197158.0,-305720180920.0,-0.9999960841534618
Riverbed,22,veryfast,l1-dcache-loads,438581012988.0,1192192.0,-438579820796.0,-0.9999972817063104
RushFieldCuts,22,veryfast,l1-dcache-loads,436286694630.0,1193647.0,-436285500983.0,-0.9999972640765472
Skater227,22,veryfast,l1-dcache-loads,1252072.0,1183793.0,-68279.0,-0.05453280642007808
Tango,22,veryfast,l1-dcache-loads,1698296962056.0,1194676.0,-1698295767380.0,-0.9999992965446993
TimeLapse,22,veryfast,l1-dcache-loads,1447917541953.0,1195314.0,-1447916346639.0,-0.9999991744598947
ToddlerFountain,22,veryfast,l1-dcache-loads,465715284532.0,1195581.0,-465714088951.0,-0.9999974328070396
TreesAndGrass_1920_1080,22,veryfast,l1-dcache-loads,495800235935.0,1199055.0,-495799036880.0,-0.9999975815763827
TunnelFlag,22,veryfast,l1-dcache-loads,400843315278.0,1205010.0,-400842110268.0,-0.9999969938129087
Vertical_Carnaby,22,veryfast,l1-dcache-loads,296553651819.0,1209121.0,-296552442698.0,-0.999995922758015
Vertical_bees,22,veryfast,l1-dcache-loads,335926913860.0,1183226.0,-335925730634.0,-0.999996477727889
WalkingInStreet,22,veryfast,l1-dcache-loads,455584888387.0,1236545.0,-455583651842.0,-0.9999972858076913
WorldCup_1920x1080_30p,22,veryfast,l1-dcache-loads,298569301201.0,1200593.0,-298568100608.0,-0.9999959788464683
WorldCup_far_1920x1080_30p,22,veryfast,l1-dcache-loads,387903835608.0,1205357.0,-387902630251.0,-0.9999968926396459
Aerial3200,27,veryfast,l1-dcache-loads,401377303267.0,1181851.0,-401376121416.0,-0.9999970555111354
Boat,27,veryfast,l1-dcache-loads,416428941837.0,1192721.0,-416427749116.0,-0.9999971358354808
BoxingPractice,27,veryfast,l1-dcache-loads,1251566055517.0,1183105.0,-1251564872412.0,-0.9999990547003135
Crosswalk,27,veryfast,l1-dcache-loads,1218637520461.0,1190569.0,-1218636329892.0,-0.9999990230327066
CrowdRun,27,veryfast,l1-dcache-loads,463623800522.0,1199354.0,-463622601168.0,-0.9999974130879419
DinnerSceneCropped,27,veryfast,l1-dcache-loads,382546698195.0,1198209.0,-382545499986.0,-0.99999686780985
FoodMarket,27,veryfast,l1-dcache-loads,370800157250.0,1195380.0,-370798961870.0,-0.9999967762149594
FoodMarket2,27,veryfast,l1-dcache-loads,1344345454144.0,1194392.0,-1344344259752.0,-0.9999991115438399
MeridianTalk_sdr,27,veryfast,l1-dcache-loads,302021697749.0,1188327.0,-302020509422.0,-0.9999960654250709
Motorcycle,27,veryfast,l1-dcache-loads,381113547023.0,1196587.0,-381112350436.0,-0.9999968602874147
MountainBike,27,veryfast,l1-dcache-loads,393024998469.0,1195897.0,-393023802572.0,-0.9999969571986397
Neon1224,27,veryfast,l1-dcache-loads,1145349726655.0,1192564.0,-1145348534091.0,-0.9999989587774177
NocturneDance_3840x2160p_8bit,27,veryfast,l1-dcache-loads,1202600263282.0,1229659.0,-1202599033623.0,-0.999998977499808
OldTownCross,27,veryfast,l1-dcache-loads,443881959574.0,1199464.0,-443880760110.0,-0.9999972977861025
PedestrianArea,27,veryfast,l1-dcache-loads,316109986922.0,1194230.0,-316108792692.0,-0.9999962221060725
PierSeaSide,27,veryfast,l1-dcache-loads,1198034996537.0,1193234.0,-1198033803303.0,-0.9999990040073926
RitualDance,27,veryfast,l1-dcache-loads,273236566225.0,1197260.0,-273235368965.0,-0.999995618229227
Riverbed,27,veryfast,l1-dcache-loads,372323074527.0,1191663.0,-372321882864.0,-0.9999967993845089
RushFieldCuts,27,veryfast,l1-dcache-loads,391721812987.0,1194411.0,-391720618576.0,-0.999996950869315
Skater227,27,veryfast,l1-dcache-loads,1250678.0,1185682.0,-64996.0,-0.05196861222472931
Tango,27,veryfast,l1-dcache-loads,1337794306641.0,1191588.0,-1337793115053.0,-0.9999991092890782
TimeLapse,27,veryfast,l1-dcache-loads,1249445533796.0,1190298.0,-1249444343498.0,-0.9999990473390253
ToddlerFountain,27,veryfast,l1-dcache-loads,403029622754.0,1180589.0,-403028442165.0,-0.9999970707140782
TreesAndGrass_1920_1080,27,veryfast,l1-dcache-loads,455716659173.0,1185166.0,-455715474007.0,-0.9999973993358019
TunnelFlag,27,veryfast,l1-dcache-loads,346398280282.0,1196408.0,-346397083874.0,-0.9999965461491349
Vertical_Carnaby,27,veryfast,l1-dcache-loads,267979073987.0,1208759.0,-267977865228.0,-0.999995489353023
Vertical_bees,27,veryfast,l1-dcache-loads,303849573277.0,1197973.0,-303848375304.0,-0.9999960573484206
WalkingInStreet,27,veryfast,l1-dcache-loads,427650936582.0,1203104.0,-427649733478.0,-0.9999971867149184
WorldCup_1920x1080_30p,27,veryfast,l1-dcache-loads,268693883779.0,1200153.0,-268692683626.0,-0.9999955333817684
WorldCup_far_1920x1080_30p,27,veryfast,l1-dcache-loads,349590483344.0,1201701.0,-349589281643.0,-0.9999965625465873
Aerial3200,32,veryfast,l1-dcache-loads,362103628498.0,1183633.0,-362102444865.0,-0.9999967312313193
Boat,32,veryfast,l1-dcache-loads,370509967007.0,1182967.0,-370508784040.0,-0.9999968071925041
BoxingPractice,32,veryfast,l1-dcache-loads,1067936633263.0,1182167.0,-1067935451096.0,-0.9999988930363813
Crosswalk,32,veryfast,l1-dcache-loads,1055809711888.0,1196237.0,-1055808515651.0,-0.9999988669956466
CrowdRun,32,veryfast,l1-dcache-loads,397975697682.0,1191746.0,-397974505936.0,-0.9999970054804679
DinnerSceneCropped,32,veryfast,l1-dcache-loads,290426483838.0,1192298.0,-290425291540.0,-0.9999958946650311
FoodMarket,32,veryfast,l1-dcache-loads,308793867896.0,1199128.0,-308792668768.0,-0.9999961167363582
FoodMarket2,32,veryfast,l1-dcache-loads,1186034420701.0,1195805.0,-1186033224896.0,-0.9999989917619766
MeridianTalk_sdr,32,veryfast,l1-dcache-loads,260674942381.0,1190128.0,-260673752253.0,-0.9999954344365088
Motorcycle,32,veryfast,l1-dcache-loads,341318174008.0,1196457.0,-341316977551.0,-0.9999964945992007
MountainBike,32,veryfast,l1-dcache-loads,351838607622.0,1190522.0,-351837417100.0,-0.9999966162837898
Neon1224,32,veryfast,l1-dcache-loads,1026355491203.0,1199951.0,-1026354291252.0,-0.999998830862201
NocturneDance_3840x2160p_8bit,32,veryfast,l1-dcache-loads,1053428604697.0,1233681.0,-1053427371016.0,-0.9999988288897848
OldTownCross,32,veryfast,l1-dcache-loads,340898111807.0,1202079.0,-340896909728.0,-0.999996473788037
PedestrianArea,32,veryfast,l1-dcache-loads,273600098427.0,1194609.0,-273598903818.0,-0.9999956337406058
PierSeaSide,32,veryfast,l1-dcache-loads,1048818352525.0,1194079.0,-1048817158446.0,-0.9999988615006621
RitualDance,32,veryfast,l1-dcache-loads,249016748996.0,1196864.0,-249015552132.0,-0.9999951936405691
Riverbed,32,veryfast,l1-dcache-loads,321736673364.0,1201097.0,-321735472267.0,-0.999996266832166
RushFieldCuts,32,veryfast,l1-dcache-loads,341896548712.0,1183247.0,-341895365465.0,-0.9999965391665857
Skater227,32,veryfast,l1-dcache-loads,1235288.0,1183015.0,-52273.0,-0.04231644766240747
Tango,32,veryfast,l1-dcache-loads,1113545092099.0,1193260.0,-1113543898839.0,-0.9999989284133993
TimeLapse,32,veryfast,l1-dcache-loads,1101065888140.0,1181880.0,-1101064706260.0,-0.9999989266037458
ToddlerFountain,32,veryfast,l1-dcache-loads,348613379922.0,1192925.0,-348612186997.0,-0.9999965780860153
TreesAndGrass_1920_1080,32,veryfast,l1-dcache-loads,413488685727.0,1188707.0,-413487497020.0,-0.9999971251764775
TunnelFlag,32,veryfast,l1-dcache-loads,300531255903.0,1197484.0,-300530058419.0,-0.9999960154427319
Vertical_Carnaby,32,veryfast,l1-dcache-loads,243921744045.0,1214424.0,-243920529621.0,-0.9999950212556705
Vertical_bees,32,veryfast,l1-dcache-loads,276594016207.0,1192364.0,-276592823843.0,-0.9999956891185994
WalkingInStreet,32,veryfast,l1-dcache-loads,385066663034.0,1226839.0,-385065436195.0,-0.9999968139568606
WorldCup_1920x1080_30p,32,veryfast,l1-dcache-loads,245524132972.0,1205883.0,-245522927089.0,-0.9999950885357566
WorldCup_far_1920x1080_30p,32,veryfast,l1-dcache-loads,313220963296.0,1204432.0,-313219758864.0,-0.9999961546890498
Aerial3200,37,veryfast,l1-dcache-loads,327568325774.0,1198468.0,-327567127306.0,-0.9999963413190296
Boat,37,veryfast,l1-dcache-loads,330600684905.0,1188293.0,-330599496612.0,-0.9999964056547543
BoxingPractice,37,veryfast,l1-dcache-loads,974028614270.0,1180790.0,-974027433480.0,-0.9999987877255527
Crosswalk,37,veryfast,l1-dcache-loads,969670412402.0,1195965.0,-969669216437.0,-0.9999987666273151
CrowdRun,37,veryfast,l1-dcache-loads,345563552809.0,1186038.0,-345562366771.0,-0.999996567815123
DinnerSceneCropped,37,veryfast,l1-dcache-loads,243661230074.0,1192071.0,-243660038003.0,-0.9999951076705981
FoodMarket,37,veryfast,l1-dcache-loads,274283736538.0,1199816.0,-274282536722.0,-0.9999956256392918
FoodMarket2,37,veryfast,l1-dcache-loads,1079293941828.0,1195925.0,-1079292745903.0,-0.9999988919376329
MeridianTalk_sdr,37,veryfast,l1-dcache-loads,238140286962.0,1197018.0,-238139089944.0,-0.9999949734754447
Motorcycle,37,veryfast,l1-dcache-loads,307445669068.0,1201687.0,-307444467381.0,-0.9999960913841992
MountainBike,37,veryfast,l1-dcache-loads,316149076673.0,1190716.0,-316147885957.0,-0.9999962336881938
Neon1224,37,veryfast,l1-dcache-loads,934959912372.0,1193274.0,-934958719098.0,-0.999998723716403
NocturneDance_3840x2160p_8bit,37,veryfast,l1-dcache-loads,948824890060.0,1234739.0,-948823655321.0,-0.9999986986650403
OldTownCross,37,veryfast,l1-dcache-loads,287373113821.0,1196897.0,-287371916924.0,-0.9999958350418239
PedestrianArea,37,veryfast,l1-dcache-loads,250287407528.0,1195221.0,-250286212307.0,-0.9999952246059368
PierSeaSide,37,veryfast,l1-dcache-loads,947057253299.0,1192744.0,-947056060555.0,-0.9999987405787815
RitualDance,37,veryfast,l1-dcache-loads,230277861260.0,1194971.0,-230276666289.0,-0.9999948107430151
Riverbed,37,veryfast,l1-dcache-loads,289672987770.0,1198029.0,-289671789741.0,-0.9999958642018739
RushFieldCuts,37,veryfast,l1-dcache-loads,302024100062.0,1197241.0,-302022902821.0,-0.9999960359421657
Skater227,37,veryfast,l1-dcache-loads,1246209.0,1193143.0,-53066.0,-0.04258194251526028
Tango,37,veryfast,l1-dcache-loads,1003601967728.0,1191308.0,-1003600776420.0,-0.9999988129676523
TimeLapse,37,veryfast,l1-dcache-loads,998330758272.0,1200639.0,-998329557633.0,-0.9999987973534923
ToddlerFountain,37,veryfast,l1-dcache-loads,301434468737.0,1186947.0,-301433281790.0,-0.999996062338176
TreesAndGrass_1920_1080,37,veryfast,l1-dcache-loads,371604771296.0,1190630.0,-371603580666.0,-0.9999967959776301
TunnelFlag,37,veryfast,l1-dcache-loads,268518047613.0,1185448.0,-268516862165.0,-0.9999955852203957
Vertical_Carnaby,37,veryfast,l1-dcache-loads,227586267255.0,1228767.0,-227585038488.0,-0.9999946008737046
Vertical_bees,37,veryfast,l1-dcache-loads,255225896384.0,1184976.0,-255224711408.0,-0.9999953571482487
WalkingInStreet,37,veryfast,l1-dcache-loads,343556324936.0,1232041.0,-343555092895.0,-0.9999964138602303
WorldCup_1920x1080_30p,37,veryfast,l1-dcache-loads,228965040661.0,1206790.0,-228963833871.0,-0.9999947293700535
WorldCup_far_1920x1080_30p,37,veryfast,l1-dcache-loads,284067591180.0,1194444.0,-284066396736.0,-0.999995795211995
Aerial3200,22,fast,l1-dcache-stores,,,,
Boat,22,fast,l1-dcache-stores,,,,
BoxingPractice,22,fast,l1-dcache-stores,,,,
Crosswalk,22,fast,l1-dcache-stores,,,,
CrowdRun,22,fast,l1-dcache-stores,,,,
DinnerSceneCropped,22,fast,l1-dcache-stores,,,,
FoodMarket,22,fast,l1-dcache-stores,,,,
FoodMarket2,22,fast,l1-dcache-stores,,,,
MeridianTalk_sdr,22,fast,l1-dcache-stores,,,,
Motorcycle,22,fast,l1-dcache-stores,,,,
MountainBike,22,fast,l1-dcache-stores,,,,
Neon1224,22,fast,l1-dcache-stores,,,,
NocturneDance_3840x2160p_8bit,22,fast,l1-dcache-stores,,,,
OldTownCross,22,fast,l1-dcache-stores,,,,
PedestrianArea,22,fast,l1-dcache-stores,,,,
PierSeaSide,22,fast,l1-dcache-stores,,,,
RitualDance,22,fast,l1-dcache-stores,,,,
Riverbed,22,fast,l1-dcache-stores,,,,
RushFieldCuts,22,fast,l1-dcache-stores,,,,
Skater227,22,fast,l1-dcache-stores,,,,
Tango,22,fast,l1-dcache-stores,,,,
TimeLapse,22,fast,l1-dcache-stores,,,,
ToddlerFountain,22,fast,l1-dcache-stores,,,,
TreesAndGrass_1920_1080,22,fast,l1-dcache-stores,,,,
TunnelFlag,22,fast,l1-dcache-stores,,,,
Vertical_Carnaby,22,fast,l1-dcache-stores,,,,
Vertical_bees,22,fast,l1-dcache-stores,,,,
WalkingInStreet,22,fast,l1-dcache-stores,,,,
WorldCup_1920x1080_30p,22,fast,l1-dcache-stores,,,,
WorldCup_far_1920x1080_30p,22,fast,l1-dcache-stores,,,,
Aerial3200,27,fast,l1-dcache-stores,,,,
Boat,27,fast,l1-dcache-stores,,,,
BoxingPractice,27,fast,l1-dcache-stores,,,,
Crosswalk,27,fast,l1-dcache-stores,,,,
CrowdRun,27,fast,l1-dcache-stores,,,,
DinnerSceneCropped,27,fast,l1-dcache-stores,,,,
FoodMarket,27,fast,l1-dcache-stores,,,,
FoodMarket2,27,fast,l1-dcache-stores,,,,
MeridianTalk_sdr,27,fast,l1-dcache-stores,,,,
Motorcycle,27,fast,l1-dcache-stores,,,,
MountainBike,27,fast,l1-dcache-stores,,,,
Neon1224,27,fast,l1-dcache-stores,,,,
NocturneDance_3840x2160p_8bit,27,fast,l1-dcache-stores,,,,
OldTownCross,27,fast,l1-dcache-stores,,,,
PedestrianArea,27,fast,l1-dcache-stores,,,,
PierSeaSide,27,fast,l1-dcache-stores,,,,
RitualDance,27,fast,l1-dcache-stores,,,,
Riverbed,27,fast,l1-dcache-stores,,,,
RushFieldCuts,27,fast,l1-dcache-stores,,,,
Skater227,27,fast,l1-dcache-stores,,,,
Tango,27,fast,l1-dcache-stores,,,,
TimeLapse,27,fast,l1-dcache-stores,,,,
ToddlerFountain,27,fast,l1-dcache-stores,,,,
TreesAndGrass_1920_1080,27,fast,l1-dcache-stores,,,,
TunnelFlag,27,fast,l1-dcache-stores,,,,
Vertical_Carnaby,27,fast,l1-dcache-stores,,,,
Vertical_bees,27,fast,l1-dcache-stores,,,,
WalkingInStreet,27,fast,l1-dcache-stores,,,,
WorldCup_1920x1080_30p,27,fast,l1-dcache-stores,,,,
WorldCup_far_1920x1080_30p,27,fast,l1-dcache-stores,,,,
Aerial3200,32,fast,l1-dcache-stores,,,,
Boat,32,fast,l1-dcache-stores,,,,
BoxingPractice,32,fast,l1-dcache-stores,,,,
Crosswalk,32,fast,l1-dcache-stores,,,,
CrowdRun,32,fast,l1-dcache-stores,,,,
DinnerSceneCropped,32,fast,l1-dcache-stores,,,,
FoodMarket,32,fast,l1-dcache-stores,,,,
FoodMarket2,32,fast,l1-dcache-stores,,,,
MeridianTalk_sdr,32,fast,l1-dcache-stores,,,,
Motorcycle,32,fast,l1-dcache-stores,,,,
MountainBike,32,fast,l1-dcache-stores,,,,
Neon1224,32,fast,l1-dcache-stores,,,,
NocturneDance_3840x2160p_8bit,32,fast,l1-dcache-stores,,,,
OldTownCross,32,fast,l1-dcache-stores,,,,
PedestrianArea,32,fast,l1-dcache-stores,,,,
PierSeaSide,32,fast,l1-dcache-stores,,,,
RitualDance,32,fast,l1-dcache-stores,,,,
Riverbed,32,fast,l1-dcache-stores,,,,
RushFieldCuts,32,fast,l1-dcache-stores,,,,
Skater227,32,fast,l1-dcache-stores,,,,
Tango,32,fast,l1-dcache-stores,,,,
TimeLapse,32,fast,l1-dcache-stores,,,,
ToddlerFountain,32,fast,l1-dcache-stores,,,,
TreesAndGrass_1920_1080,32,fast,l1-dcache-stores,,,,
TunnelFlag,32,fast,l1-dcache-stores,,,,
Vertical_Carnaby,32,fast,l1-dcache-stores,,,,
Vertical_bees,32,fast,l1-dcache-stores,,,,
WalkingInStreet,32,fast,l1-dcache-stores,,,,
WorldCup_1920x1080_30p,32,fast,l1-dcache-stores,,,,
WorldCup_far_1920x1080_30p,32,fast,l1-dcache-stores,,,,
Aerial3200,37,fast,l1-dcache-stores,,,,
Boat,37,fast,l1-dcache-stores,,,,
BoxingPractice,37,fast,l1-dcache-stores,,,,
Crosswalk,37,fast,l1-dcache-stores,,,,
CrowdRun,37,fast,l1-dcache-stores,,,,
DinnerSceneCropped,37,fast,l1-dcache-stores,,,,
FoodMarket,37,fast,l1-dcache-stores,,,,
FoodMarket2,37,fast,l1-dcache-stores,,,,
MeridianTalk_sdr,37,fast,l1-dcache-stores,,,,
Motorcycle,37,fast,l1-dcache-stores,,,,
MountainBike,37,fast,l1-dcache-stores,,,,
Neon1224,37,fast,l1-dcache-stores,,,,
NocturneDance_3840x2160p_8bit,37,fast,l1-dcache-stores,,,,
OldTownCross,37,fast,l1-dcache-stores,,,,
PedestrianArea,37,fast,l1-dcache-stores,,,,
PierSeaSide,37,fast,l1-dcache-stores,,,,
RitualDance,37,fast,l1-dcache-stores,,,,
Riverbed,37,fast,l1-dcache-stores,,,,
RushFieldCuts,37,fast,l1-dcache-stores,,,,
Skater227,37,fast,l1-dcache-stores,,,,
Tango,37,fast,l1-dcache-stores,,,,
TimeLapse,37,fast,l1-dcache-stores,,,,
ToddlerFountain,37,fast,l1-dcache-stores,,,,
TreesAndGrass_1920_1080,37,fast,l1-dcache-stores,,,,
TunnelFlag,37,fast,l1-dcache-stores,,,,
Vertical_Carnaby,37,fast,l1-dcache-stores,,,,
Vertical_bees,37,fast,l1-dcache-stores,,,,
WalkingInStreet,37,fast,l1-dcache-stores,,,,
WorldCup_1920x1080_30p,37,fast,l1-dcache-stores,,,,
WorldCup_far_1920x1080_30p,37,fast,l1-dcache-stores,,,,
Aerial3200,22,faster,l1-dcache-stores,,,,
Boat,22,faster,l1-dcache-stores,,,,
BoxingPractice,22,faster,l1-dcache-stores,,,,
Crosswalk,22,faster,l1-dcache-stores,,,,
CrowdRun,22,faster,l1-dcache-stores,,,,
DinnerSceneCropped,22,faster,l1-dcache-stores,,,,
FoodMarket,22,faster,l1-dcache-stores,,,,
FoodMarket2,22,faster,l1-dcache-stores,,,,
MeridianTalk_sdr,22,faster,l1-dcache-stores,,,,
Motorcycle,22,faster,l1-dcache-stores,,,,
MountainBike,22,faster,l1-dcache-stores,,,,
Neon1224,22,faster,l1-dcache-stores,,,,
NocturneDance_3840x2160p_8bit,22,faster,l1-dcache-stores,,,,
OldTownCross,22,faster,l1-dcache-stores,,,,
PedestrianArea,22,faster,l1-dcache-stores,,,,
PierSeaSide,22,faster,l1-dcache-stores,,,,
RitualDance,22,faster,l1-dcache-stores,,,,
Riverbed,22,faster,l1-dcache-stores,,,,
RushFieldCuts,22,faster,l1-dcache-stores,,,,
Skater227,22,faster,l1-dcache-stores,,,,
Tango,22,faster,l1-dcache-stores,,,,
TimeLapse,22,faster,l1-dcache-stores,,,,
ToddlerFountain,22,faster,l1-dcache-stores,,,,
TreesAndGrass_1920_1080,22,faster,l1-dcache-stores,,,,
TunnelFlag,22,faster,l1-dcache-stores,,,,
Vertical_Carnaby,22,faster,l1-dcache-stores,,,,
Vertical_bees,22,faster,l1-dcache-stores,,,,
WalkingInStreet,22,faster,l1-dcache-stores,,,,
WorldCup_1920x1080_30p,22,faster,l1-dcache-stores,,,,
WorldCup_far_1920x1080_30p,22,faster,l1-dcache-stores,,,,
Aerial3200,27,faster,l1-dcache-stores,,,,
Boat,27,faster,l1-dcache-stores,,,,
BoxingPractice,27,faster,l1-dcache-stores,,,,
Crosswalk,27,faster,l1-dcache-stores,,,,
CrowdRun,27,faster,l1-dcache-stores,,,,
DinnerSceneCropped,27,faster,l1-dcache-stores,,,,
FoodMarket,27,faster,l1-dcache-stores,,,,
FoodMarket2,27,faster,l1-dcache-stores,,,,
MeridianTalk_sdr,27,faster,l1-dcache-stores,,,,
Motorcycle,27,faster,l1-dcache-stores,,,,
MountainBike,27,faster,l1-dcache-stores,,,,
Neon1224,27,faster,l1-dcache-stores,,,,
NocturneDance_3840x2160p_8bit,27,faster,l1-dcache-stores,,,,
OldTownCross,27,faster,l1-dcache-stores,,,,
PedestrianArea,27,faster,l1-dcache-stores,,,,
PierSeaSide,27,faster,l1-dcache-stores,,,,
RitualDance,27,faster,l1-dcache-stores,,,,
Riverbed,27,faster,l1-dcache-stores,,,,
RushFieldCuts,27,faster,l1-dcache-stores,,,,
Skater227,27,faster,l1-dcache-stores,,,,
Tango,27,faster,l1-dcache-stores,,,,
TimeLapse,27,faster,l1-dcache-stores,,,,
ToddlerFountain,27,faster,l1-dcache-stores,,,,
TreesAndGrass_1920_1080,27,faster,l1-dcache-stores,,,,
TunnelFlag,27,faster,l1-dcache-stores,,,,
Vertical_Carnaby,27,faster,l1-dcache-stores,,,,
Vertical_bees,27,faster,l1-dcache-stores,,,,
WalkingInStreet,27,faster,l1-dcache-stores,,,,
WorldCup_1920x1080_30p,27,faster,l1-dcache-stores,,,,
WorldCup_far_1920x1080_30p,27,faster,l1-dcache-stores,,,,
Aerial3200,32,faster,l1-dcache-stores,,,,
Boat,32,faster,l1-dcache-stores,,,,
BoxingPractice,32,faster,l1-dcache-stores,,,,
Crosswalk,32,faster,l1-dcache-stores,,,,
CrowdRun,32,faster,l1-dcache-stores,,,,
DinnerSceneCropped,32,faster,l1-dcache-stores,,,,
FoodMarket,32,faster,l1-dcache-stores,,,,
FoodMarket2,32,faster,l1-dcache-stores,,,,
MeridianTalk_sdr,32,faster,l1-dcache-stores,,,,
Motorcycle,32,faster,l1-dcache-stores,,,,
MountainBike,32,faster,l1-dcache-stores,,,,
Neon1224,32,faster,l1-dcache-stores,,,,
NocturneDance_3840x2160p_8bit,32,faster,l1-dcache-stores,,,,
OldTownCross,32,faster,l1-dcache-stores,,,,
PedestrianArea,32,faster,l1-dcache-stores,,,,
PierSeaSide,32,faster,l1-dcache-stores,,,,
RitualDance,32,faster,l1-dcache-stores,,,,
Riverbed,32,faster,l1-dcache-stores,,,,
RushFieldCuts,32,faster,l1-dcache-stores,,,,
Skater227,32,faster,l1-dcache-stores,,,,
Tango,32,faster,l1-dcache-stores,,,,
TimeLapse,32,faster,l1-dcache-stores,,,,
ToddlerFountain,32,faster,l1-dcache-stores,,,,
TreesAndGrass_1920_1080,32,faster,l1-dcache-stores,,,,
TunnelFlag,32,faster,l1-dcache-stores,,,,
Vertical_Carnaby,32,faster,l1-dcache-stores,,,,
Vertical_bees,32,faster,l1-dcache-stores,,,,
WalkingInStreet,32,faster,l1-dcache-stores,,,,
WorldCup_1920x1080_30p,32,faster,l1-dcache-stores,,,,
WorldCup_far_1920x1080_30p,32,faster,l1-dcache-stores,,,,
Aerial3200,37,faster,l1-dcache-stores,,,,
Boat,37,faster,l1-dcache-stores,,,,
BoxingPractice,37,faster,l1-dcache-stores,,,,
Crosswalk,37,faster,l1-dcache-stores,,,,
CrowdRun,37,faster,l1-dcache-stores,,,,
DinnerSceneCropped,37,faster,l1-dcache-stores,,,,
FoodMarket,37,faster,l1-dcache-stores,,,,
FoodMarket2,37,faster,l1-dcache-stores,,,,
MeridianTalk_sdr,37,faster,l1-dcache-stores,,,,
Motorcycle,37,faster,l1-dcache-stores,,,,
MountainBike,37,faster,l1-dcache-stores,,,,
Neon1224,37,faster,l1-dcache-stores,,,,
NocturneDance_3840x2160p_8bit,37,faster,l1-dcache-stores,,,,
OldTownCross,37,faster,l1-dcache-stores,,,,
PedestrianArea,37,faster,l1-dcache-stores,,,,
PierSeaSide,37,faster,l1-dcache-stores,,,,
RitualDance,37,faster,l1-dcache-stores,,,,
Riverbed,37,faster,l1-dcache-stores,,,,
RushFieldCuts,37,faster,l1-dcache-stores,,,,
Skater227,37,faster,l1-dcache-stores,,,,
Tango,37,faster,l1-dcache-stores,,,,
TimeLapse,37,faster,l1-dcache-stores,,,,
ToddlerFountain,37,faster,l1-dcache-stores,,,,
TreesAndGrass_1920_1080,37,faster,l1-dcache-stores,,,,
TunnelFlag,37,faster,l1-dcache-stores,,,,
Vertical_Carnaby,37,faster,l1-dcache-stores,,,,
Vertical_bees,37,faster,l1-dcache-stores,,,,
WalkingInStreet,37,faster,l1-dcache-stores,,,,
WorldCup_1920x1080_30p,37,faster,l1-dcache-stores,,,,
WorldCup_far_1920x1080_30p,37,faster,l1-dcache-stores,,,,
Aerial3200,22,superfast,l1-dcache-stores,,,,
Boat,22,superfast,l1-dcache-stores,,,,
BoxingPractice,22,superfast,l1-dcache-stores,,,,
Crosswalk,22,superfast,l1-dcache-stores,,,,
CrowdRun,22,superfast,l1-dcache-stores,,,,
DinnerSceneCropped,22,superfast,l1-dcache-stores,,,,
FoodMarket,22,superfast,l1-dcache-stores,,,,
FoodMarket2,22,superfast,l1-dcache-stores,,,,
MeridianTalk_sdr,22,superfast,l1-dcache-stores,,,,
Motorcycle,22,superfast,l1-dcache-stores,,,,
MountainBike,22,superfast,l1-dcache-stores,,,,
Neon1224,22,superfast,l1-dcache-stores,,,,
NocturneDance_3840x2160p_8bit,22,superfast,l1-dcache-stores,,,,
OldTownCross,22,superfast,l1-dcache-stores,,,,
PedestrianArea,22,superfast,l1-dcache-stores,,,,
PierSeaSide,22,superfast,l1-dcache-stores,,,,
RitualDance,22,superfast,l1-dcache-stores,,,,
Riverbed,22,superfast,l1-dcache-stores,,,,
RushFieldCuts,22,superfast,l1-dcache-stores,,,,
Skater227,22,superfast,l1-dcache-stores,,,,
Tango,22,superfast,l1-dcache-stores,,,,
TimeLapse,22,superfast,l1-dcache-stores,,,,
ToddlerFountain,22,superfast,l1-dcache-stores,,,,
TreesAndGrass_1920_1080,22,superfast,l1-dcache-stores,,,,
TunnelFlag,22,superfast,l1-dcache-stores,,,,
Vertical_Carnaby,22,superfast,l1-dcache-stores,,,,
Vertical_bees,22,superfast,l1-dcache-stores,,,,
WalkingInStreet,22,superfast,l1-dcache-stores,,,,
WorldCup_1920x1080_30p,22,superfast,l1-dcache-stores,,,,
WorldCup_far_1920x1080_30p,22,superfast,l1-dcache-stores,,,,
Aerial3200,27,superfast,l1-dcache-stores,,,,
Boat,27,superfast,l1-dcache-stores,,,,
BoxingPractice,27,superfast,l1-dcache-stores,,,,
Crosswalk,27,superfast,l1-dcache-stores,,,,
CrowdRun,27,superfast,l1-dcache-stores,,,,
DinnerSceneCropped,27,superfast,l1-dcache-stores,,,,
FoodMarket,27,superfast,l1-dcache-stores,,,,
FoodMarket2,27,superfast,l1-dcache-stores,,,,
MeridianTalk_sdr,27,superfast,l1-dcache-stores,,,,
Motorcycle,27,superfast,l1-dcache-stores,,,,
MountainBike,27,superfast,l1-dcache-stores,,,,
Neon1224,27,superfast,l1-dcache-stores,,,,
NocturneDance_3840x2160p_8bit,27,superfast,l1-dcache-stores,,,,
OldTownCross,27,superfast,l1-dcache-stores,,,,
PedestrianArea,27,superfast,l1-dcache-stores,,,,
PierSeaSide,27,superfast,l1-dcache-stores,,,,
RitualDance,27,superfast,l1-dcache-stores,,,,
Riverbed,27,superfast,l1-dcache-stores,,,,
RushFieldCuts,27,superfast,l1-dcache-stores,,,,
Skater227,27,superfast,l1-dcache-stores,,,,
Tango,27,superfast,l1-dcache-stores,,,,
TimeLapse,27,superfast,l1-dcache-stores,,,,
ToddlerFountain,27,superfast,l1-dcache-stores,,,,
TreesAndGrass_1920_1080,27,superfast,l1-dcache-stores,,,,
TunnelFlag,27,superfast,l1-dcache-stores,,,,
Vertical_Carnaby,27,superfast,l1-dcache-stores,,,,
Vertical_bees,27,superfast,l1-dcache-stores,,,,
WalkingInStreet,27,superfast,l1-dcache-stores,,,,
WorldCup_1920x1080_30p,27,superfast,l1-dcache-stores,,,,
WorldCup_far_1920x1080_30p,27,superfast,l1-dcache-stores,,,,
Aerial3200,32,superfast,l1-dcache-stores,,,,
Boat,32,superfast,l1-dcache-stores,,,,
BoxingPractice,32,superfast,l1-dcache-stores,,,,
Crosswalk,32,superfast,l1-dcache-stores,,,,
CrowdRun,32,superfast,l1-dcache-stores,,,,
DinnerSceneCropped,32,superfast,l1-dcache-stores,,,,
FoodMarket,32,superfast,l1-dcache-stores,,,,
FoodMarket2,32,superfast,l1-dcache-stores,,,,
MeridianTalk_sdr,32,superfast,l1-dcache-stores,,,,
Motorcycle,32,superfast,l1-dcache-stores,,,,
MountainBike,32,superfast,l1-dcache-stores,,,,
Neon1224,32,superfast,l1-dcache-stores,,,,
NocturneDance_3840x2160p_8bit,32,superfast,l1-dcache-stores,,,,
OldTownCross,32,superfast,l1-dcache-stores,,,,
PedestrianArea,32,superfast,l1-dcache-stores,,,,
PierSeaSide,32,superfast,l1-dcache-stores,,,,
RitualDance,32,superfast,l1-dcache-stores,,,,
Riverbed,32,superfast,l1-dcache-stores,,,,
RushFieldCuts,32,superfast,l1-dcache-stores,,,,
Skater227,32,superfast,l1-dcache-stores,,,,
Tango,32,superfast,l1-dcache-stores,,,,
TimeLapse,32,superfast,l1-dcache-stores,,,,
ToddlerFountain,32,superfast,l1-dcache-stores,,,,
TreesAndGrass_1920_1080,32,superfast,l1-dcache-stores,,,,
TunnelFlag,32,superfast,l1-dcache-stores,,,,
Vertical_Carnaby,32,superfast,l1-dcache-stores,,,,
Vertical_bees,32,superfast,l1-dcache-stores,,,,
WalkingInStreet,32,superfast,l1-dcache-stores,,,,
WorldCup_1920x1080_30p,32,superfast,l1-dcache-stores,,,,
WorldCup_far_1920x1080_30p,32,superfast,l1-dcache-stores,,,,
Aerial3200,37,superfast,l1-dcache-stores,,,,
Boat,37,superfast,l1-dcache-stores,,,,
BoxingPractice,37,superfast,l1-dcache-stores,,,,
Crosswalk,37,superfast,l1-dcache-stores,,,,
CrowdRun,37,superfast,l1-dcache-stores,,,,
DinnerSceneCropped,37,superfast,l1-dcache-stores,,,,
FoodMarket,37,superfast,l1-dcache-stores,,,,
FoodMarket2,37,superfast,l1-dcache-stores,,,,
MeridianTalk_sdr,37,superfast,l1-dcache-stores,,,,
Motorcycle,37,superfast,l1-dcache-stores,,,,
MountainBike,37,superfast,l1-dcache-stores,,,,
Neon1224,37,superfast,l1-dcache-stores,,,,
NocturneDance_3840x2160p_8bit,37,superfast,l1-dcache-stores,,,,
OldTownCross,37,superfast,l1-dcache-stores,,,,
PedestrianArea,37,superfast,l1-dcache-stores,,,,
PierSeaSide,37,superfast,l1-dcache-stores,,,,
RitualDance,37,superfast,l1-dcache-stores,,,,
Riverbed,37,superfast,l1-dcache-stores,,,,
RushFieldCuts,37,superfast,l1-dcache-stores,,,,
Skater227,37,superfast,l1-dcache-stores,,,,
Tango,37,superfast,l1-dcache-stores,,,,
TimeLapse,37,superfast,l1-dcache-stores,,,,
ToddlerFountain,37,superfast,l1-dcache-stores,,,,
TreesAndGrass_1920_1080,37,superfast,l1-dcache-stores,,,,
TunnelFlag,37,superfast,l1-dcache-stores,,,,
Vertical_Carnaby,37,superfast,l1-dcache-stores,,,,
Vertical_bees,37,superfast,l1-dcache-stores,,,,
WalkingInStreet,37,superfast,l1-dcache-stores,,,,
WorldCup_1920x1080_30p,37,superfast,l1-dcache-stores,,,,
WorldCup_far_1920x1080_30p,37,superfast,l1-dcache-stores,,,,
Aerial3200,22,veryfast,l1-dcache-stores,,,,
Boat,22,veryfast,l1-dcache-stores,,,,
BoxingPractice,22,veryfast,l1-dcache-stores,,,,
Crosswalk,22,veryfast,l1-dcache-stores,,,,
CrowdRun,22,veryfast,l1-dcache-stores,,,,
DinnerSceneCropped,22,veryfast,l1-dcache-stores,,,,
FoodMarket,22,veryfast,l1-dcache-stores,,,,
FoodMarket2,22,veryfast,l1-dcache-stores,,,,
MeridianTalk_sdr,22,veryfast,l1-dcache-stores,,,,
Motorcycle,22,veryfast,l1-dcache-stores,,,,
MountainBike,22,veryfast,l1-dcache-stores,,,,
Neon1224,22,veryfast,l1-dcache-stores,,,,
NocturneDance_3840x2160p_8bit,22,veryfast,l1-dcache-stores,,,,
OldTownCross,22,veryfast,l1-dcache-stores,,,,
PedestrianArea,22,veryfast,l1-dcache-stores,,,,
PierSeaSide,22,veryfast,l1-dcache-stores,,,,
RitualDance,22,veryfast,l1-dcache-stores,,,,
Riverbed,22,veryfast,l1-dcache-stores,,,,
RushFieldCuts,22,veryfast,l1-dcache-stores,,,,
Skater227,22,veryfast,l1-dcache-stores,,,,
Tango,22,veryfast,l1-dcache-stores,,,,
TimeLapse,22,veryfast,l1-dcache-stores,,,,
ToddlerFountain,22,veryfast,l1-dcache-stores,,,,
TreesAndGrass_1920_1080,22,veryfast,l1-dcache-stores,,,,
TunnelFlag,22,veryfast,l1-dcache-stores,,,,
Vertical_Carnaby,22,veryfast,l1-dcache-stores,,,,
Vertical_bees,22,veryfast,l1-dcache-stores,,,,
WalkingInStreet,22,veryfast,l1-dcache-stores,,,,
WorldCup_1920x1080_30p,22,veryfast,l1-dcache-stores,,,,
WorldCup_far_1920x1080_30p,22,veryfast,l1-dcache-stores,,,,
Aerial3200,27,veryfast,l1-dcache-stores,,,,
Boat,27,veryfast,l1-dcache-stores,,,,
BoxingPractice,27,veryfast,l1-dcache-stores,,,,
Crosswalk,27,veryfast,l1-dcache-stores,,,,
CrowdRun,27,veryfast,l1-dcache-stores,,,,
DinnerSceneCropped,27,veryfast,l1-dcache-stores,,,,
FoodMarket,27,veryfast,l1-dcache-stores,,,,
FoodMarket2,27,veryfast,l1-dcache-stores,,,,
MeridianTalk_sdr,27,veryfast,l1-dcache-stores,,,,
Motorcycle,27,veryfast,l1-dcache-stores,,,,
MountainBike,27,veryfast,l1-dcache-stores,,,,
Neon1224,27,veryfast,l1-dcache-stores,,,,
NocturneDance_3840x2160p_8bit,27,veryfast,l1-dcache-stores,,,,
OldTownCross,27,veryfast,l1-dcache-stores,,,,
PedestrianArea,27,veryfast,l1-dcache-stores,,,,
PierSeaSide,27,veryfast,l1-dcache-stores,,,,
RitualDance,27,veryfast,l1-dcache-stores,,,,
Riverbed,27,veryfast,l1-dcache-stores,,,,
RushFieldCuts,27,veryfast,l1-dcache-stores,,,,
Skater227,27,veryfast,l1-dcache-stores,,,,
Tango,27,veryfast,l1-dcache-stores,,,,
TimeLapse,27,veryfast,l1-dcache-stores,,,,
ToddlerFountain,27,veryfast,l1-dcache-stores,,,,
TreesAndGrass_1920_1080,27,veryfast,l1-dcache-stores,,,,
TunnelFlag,27,veryfast,l1-dcache-stores,,,,
Vertical_Carnaby,27,veryfast,l1-dcache-stores,,,,
Vertical_bees,27,veryfast,l1-dcache-stores,,,,
WalkingInStreet,27,veryfast,l1-dcache-stores,,,,
WorldCup_1920x1080_30p,27,veryfast,l1-dcache-stores,,,,
WorldCup_far_1920x1080_30p,27,veryfast,l1-dcache-stores,,,,
Aerial3200,32,veryfast,l1-dcache-stores,,,,
Boat,32,veryfast,l1-dcache-stores,,,,
BoxingPractice,32,veryfast,l1-dcache-stores,,,,
Crosswalk,32,veryfast,l1-dcache-stores,,,,
CrowdRun,32,veryfast,l1-dcache-stores,,,,
DinnerSceneCropped,32,veryfast,l1-dcache-stores,,,,
FoodMarket,32,veryfast,l1-dcache-stores,,,,
FoodMarket2,32,veryfast,l1-dcache-stores,,,,
MeridianTalk_sdr,32,veryfast,l1-dcache-stores,,,,
Motorcycle,32,veryfast,l1-dcache-stores,,,,
MountainBike,32,veryfast,l1-dcache-stores,,,,
Neon1224,32,veryfast,l1-dcache-stores,,,,
NocturneDance_3840x2160p_8bit,32,veryfast,l1-dcache-stores,,,,
OldTownCross,32,veryfast,l1-dcache-stores,,,,
PedestrianArea,32,veryfast,l1-dcache-stores,,,,
PierSeaSide,32,veryfast,l1-dcache-stores,,,,
RitualDance,32,veryfast,l1-dcache-stores,,,,
Riverbed,32,veryfast,l1-dcache-stores,,,,
RushFieldCuts,32,veryfast,l1-dcache-stores,,,,
Skater227,32,veryfast,l1-dcache-stores,,,,
Tango,32,veryfast,l1-dcache-stores,,,,
TimeLapse,32,veryfast,l1-dcache-stores,,,,
ToddlerFountain,32,veryfast,l1-dcache-stores,,,,
TreesAndGrass_1920_1080,32,veryfast,l1-dcache-stores,,,,
TunnelFlag,32,veryfast,l1-dcache-stores,,,,
Vertical_Carnaby,32,veryfast,l1-dcache-stores,,,,
Vertical_bees,32,veryfast,l1-dcache-stores,,,,
WalkingInStreet,32,veryfast,l1-dcache-stores,,,,
WorldCup_1920x1080_30p,32,veryfast,l1-dcache-stores,,,,
WorldCup_far_1920x1080_30p,32,veryfast,l1-dcache-stores,,,,
Aerial3200,37,veryfast,l1-dcache-stores,,,,
Boat,37,veryfast,l1-dcache-stores,,,,
BoxingPractice,37,veryfast,l1-dcache-stores,,,,
Crosswalk,37,veryfast,l1-dcache-stores,,,,
CrowdRun,37,veryfast,l1-dcache-stores,,,,
DinnerSceneCropped,37,veryfast,l1-dcache-stores,,,,
FoodMarket,37,veryfast,l1-dcache-stores,,,,
FoodMarket2,37,veryfast,l1-dcache-stores,,,,
MeridianTalk_sdr,37,veryfast,l1-dcache-stores,,,,
Motorcycle,37,veryfast,l1-dcache-stores,,,,
MountainBike,37,veryfast,l1-dcache-stores,,,,
Neon1224,37,veryfast,l1-dcache-stores,,,,
NocturneDance_3840x2160p_8bit,37,veryfast,l1-dcache-stores,,,,
OldTownCross,37,veryfast,l1-dcache-stores,,,,
PedestrianArea,37,veryfast,l1-dcache-stores,,,,
PierSeaSide,37,veryfast,l1-dcache-stores,,,,
RitualDance,37,veryfast,l1-dcache-stores,,,,
Riverbed,37,veryfast,l1-dcache-stores,,,,
RushFieldCuts,37,veryfast,l1-dcache-stores,,,,
Skater227,37,veryfast,l1-dcache-stores,,,,
Tango,37,veryfast,l1-dcache-stores,,,,
TimeLapse,37,veryfast,l1-dcache-stores,,,,
ToddlerFountain,37,veryfast,l1-dcache-stores,,,,
TreesAndGrass_1920_1080,37,veryfast,l1-dcache-stores,,,,
TunnelFlag,37,veryfast,l1-dcache-stores,,,,
Vertical_Carnaby,37,veryfast,l1-dcache-stores,,,,
Vertical_bees,37,veryfast,l1-dcache-stores,,,,
WalkingInStreet,37,veryfast,l1-dcache-stores,,,,
WorldCup_1920x1080_30p,37,veryfast,l1-dcache-stores,,,,
WorldCup_far_1920x1080_30p,37,veryfast,l1-dcache-stores,,,,
Aerial3200,22,fast,l1-icache-load-misses,685781050.0,953.0,-685780097.0,-0.9999986103436367
Boat,22,fast,l1-icache-load-misses,710126165.0,0.0,-710126165.0,-1.0
BoxingPractice,22,fast,l1-icache-load-misses,2354185788.0,883.0,-2354184905.0,-0.9999996249234004
Crosswalk,22,fast,l1-icache-load-misses,3024447088.0,929.0,-3024446159.0,-0.9999996928364183
CrowdRun,22,fast,l1-icache-load-misses,794026631.0,,,
DinnerSceneCropped,22,fast,l1-icache-load-misses,699404674.0,1174.0,-699403500.0,-0.9999983214295762
FoodMarket,22,fast,l1-icache-load-misses,668908163.0,1595.0,-668906568.0,-0.9999976155172141
FoodMarket2,22,fast,l1-icache-load-misses,2472816374.0,,,
MeridianTalk_sdr,22,fast,l1-icache-load-misses,585405785.0,,,
Motorcycle,22,fast,l1-icache-load-misses,621101573.0,,,
MountainBike,22,fast,l1-icache-load-misses,813618606.0,0.0,-813618606.0,-1.0
Neon1224,22,fast,l1-icache-load-misses,2141589186.0,,,
NocturneDance_3840x2160p_8bit,22,fast,l1-icache-load-misses,1375229875.0,,,
OldTownCross,22,fast,l1-icache-load-misses,933591351.0,,,
PedestrianArea,22,fast,l1-icache-load-misses,515600817.0,,,
PierSeaSide,22,fast,l1-icache-load-misses,1894680011.0,,,
RitualDance,22,fast,l1-icache-load-misses,422103347.0,1420.0,-422101927.0,-0.999996635894953
Riverbed,22,fast,l1-icache-load-misses,671625561.0,,,
RushFieldCuts,22,fast,l1-icache-load-misses,995167531.0,896.0,-995166635.0,-0.9999990996490821
Skater227,22,fast,l1-icache-load-misses,568.0,1346.0,778.0,1.369718309859155
Tango,22,fast,l1-icache-load-misses,3701203654.0,492.0,-3701203162.0,-0.9999998670702707
TimeLapse,22,fast,l1-icache-load-misses,3273196478.0,1488.0,-3273194990.0,-0.9999995453985088
ToddlerFountain,22,fast,l1-icache-load-misses,670303635.0,,,
TreesAndGrass_1920_1080,22,fast,l1-icache-load-misses,729941304.0,1403.0,-729939901.0,-0.9999980779276466
TunnelFlag,22,fast,l1-icache-load-misses,635469155.0,,,
Vertical_Carnaby,22,fast,l1-icache-load-misses,334849386.0,,,
Vertical_bees,22,fast,l1-icache-load-misses,584941959.0,0.0,-584941959.0,-1.0
WalkingInStreet,22,fast,l1-icache-load-misses,344679605.0,,,
WorldCup_1920x1080_30p,22,fast,l1-icache-load-misses,570252404.0,6.0,-570252398.0,-0.9999999894783433
WorldCup_far_1920x1080_30p,22,fast,l1-icache-load-misses,773859455.0,1283.0,-773858172.0,-0.9999983420762107
Aerial3200,27,fast,l1-icache-load-misses,652436584.0,,,
Boat,27,fast,l1-icache-load-misses,698687196.0,,,
BoxingPractice,27,fast,l1-icache-load-misses,2005001570.0,1474.0,-2005000096.0,-0.9999992648384809
Crosswalk,27,fast,l1-icache-load-misses,2297221675.0,0.0,-2297221675.0,-1.0
CrowdRun,27,fast,l1-icache-load-misses,729348881.0,1425.0,-729347456.0,-0.9999980462025279
DinnerSceneCropped,27,fast,l1-icache-load-misses,608727543.0,1266.0,-608726277.0,-0.9999979202518194
FoodMarket,27,fast,l1-icache-load-misses,582013430.0,,,
FoodMarket2,27,fast,l1-icache-load-misses,2434866095.0,,,
MeridianTalk_sdr,27,fast,l1-icache-load-misses,486383969.0,,,
Motorcycle,27,fast,l1-icache-load-misses,593522788.0,548.0,-593522240.0,-0.9999990766993094
MountainBike,27,fast,l1-icache-load-misses,772245046.0,,,
Neon1224,27,fast,l1-icache-load-misses,1968451860.0,894.0,-1968450966.0,-0.999999545835985
NocturneDance_3840x2160p_8bit,27,fast,l1-icache-load-misses,1334295696.0,,,
OldTownCross,27,fast,l1-icache-load-misses,827859427.0,,,
PedestrianArea,27,fast,l1-icache-load-misses,450665982.0,,,
PierSeaSide,27,fast,l1-icache-load-misses,1583194555.0,1164.0,-1583193391.0,-0.9999992647776634
RitualDance,27,fast,l1-icache-load-misses,387894160.0,80.0,-387894080.0,-0.9999997937581736
Riverbed,27,fast,l1-icache-load-misses,916092542.0,,,
RushFieldCuts,27,fast,l1-icache-load-misses,933330393.0,,,
Skater227,27,fast,l1-icache-load-misses,1529.0,,,
Tango,27,fast,l1-icache-load-misses,3195856087.0,,,
TimeLapse,27,fast,l1-icache-load-misses,3032316741.0,,,
ToddlerFountain,27,fast,l1-icache-load-misses,625187484.0,0.0,-625187484.0,-1.0
TreesAndGrass_1920_1080,27,fast,l1-icache-load-misses,645277647.0,,,
TunnelFlag,27,fast,l1-icache-load-misses,595244489.0,,,
Vertical_Carnaby,27,fast,l1-icache-load-misses,326676801.0,,,
Vertical_bees,27,fast,l1-icache-load-misses,544528943.0,,,
WalkingInStreet,27,fast,l1-icache-load-misses,346614698.0,368.0,-346614330.0,-0.9999989383023797
WorldCup_1920x1080_30p,27,fast,l1-icache-load-misses,514871922.0,639.0,-514871283.0,-0.9999987589146491
WorldCup_far_1920x1080_30p,27,fast,l1-icache-load-misses,731675775.0,1393.0,-731674382.0,-0.9999980961512632
Aerial3200,32,fast,l1-icache-load-misses,618036936.0,1114.0,-618035822.0,-0.9999981975187321
Boat,32,fast,l1-icache-load-misses,665101647.0,1536.0,-665100111.0,-0.999997690578565
BoxingPractice,32,fast,l1-icache-load-misses,1657528302.0,,,
Crosswalk,32,fast,l1-icache-load-misses,1528081390.0,1361.0,-1528080029.0,-0.9999991093406353
CrowdRun,32,fast,l1-icache-load-misses,674248363.0,1732.0,-674246631.0,-0.9999974312136373
DinnerSceneCropped,32,fast,l1-icache-load-misses,458369578.0,,,
FoodMarket,32,fast,l1-icache-load-misses,521020251.0,1492.0,-521018759.0,-0.9999971363876987
FoodMarket2,32,fast,l1-icache-load-misses,2265065241.0,1138.0,-2265064103.0,-0.9999994975862154
MeridianTalk_sdr,32,fast,l1-icache-load-misses,415078696.0,,,
Motorcycle,32,fast,l1-icache-load-misses,552688758.0,0.0,-552688758.0,-1.0
MountainBike,32,fast,l1-icache-load-misses,698139233.0,0.0,-698139233.0,-1.0
Neon1224,32,fast,l1-icache-load-misses,1761078001.0,1090.0,-1761076911.0,-0.9999993810609187
NocturneDance_3840x2160p_8bit,32,fast,l1-icache-load-misses,1270798050.0,,,
OldTownCross,32,fast,l1-icache-load-misses,637822299.0,,,
PedestrianArea,32,fast,l1-icache-load-misses,408854773.0,1234.0,-408853539.0,-0.9999969818133931
PierSeaSide,32,fast,l1-icache-load-misses,1433818108.0,,,
RitualDance,32,fast,l1-icache-load-misses,360902923.0,,,
Riverbed,32,fast,l1-icache-load-misses,850442144.0,,,
RushFieldCuts,32,fast,l1-icache-load-misses,631996972.0,,,
Skater227,32,fast,l1-icache-load-misses,821.0,,,
Tango,32,fast,l1-icache-load-misses,2641959349.0,,,
TimeLapse,32,fast,l1-icache-load-misses,1824274224.0,1601.0,-1824272623.0,-0.9999991223907135
ToddlerFountain,32,fast,l1-icache-load-misses,608425014.0,0.0,-608425014.0,-1.0
TreesAndGrass_1920_1080,32,fast,l1-icache-load-misses,599591886.0,,,
TunnelFlag,32,fast,l1-icache-load-misses,536916887.0,,,
Vertical_Carnaby,32,fast,l1-icache-load-misses,298277819.0,,,
Vertical_bees,32,fast,l1-icache-load-misses,502228648.0,,,
WalkingInStreet,32,fast,l1-icache-load-misses,344756680.0,,,
WorldCup_1920x1080_30p,32,fast,l1-icache-load-misses,475301635.0,840.0,-475300795.0,-0.9999982327012193
WorldCup_far_1920x1080_30p,32,fast,l1-icache-load-misses,651411742.0,187.0,-651411555.0,-0.9999997129311802
Aerial3200,37,fast,l1-icache-load-misses,590740921.0,,,
Boat,37,fast,l1-icache-load-misses,609724592.0,1563.0,-609723029.0,-0.9999974365475487
BoxingPractice,37,fast,l1-icache-load-misses,1721020037.0,1491.0,-1721018546.0,-0.9999991336533173
Crosswalk,37,fast,l1-icache-load-misses,1387107684.0,585.0,-1387107099.0,-0.999999578259131
CrowdRun,37,fast,l1-icache-load-misses,604098601.0,,,
DinnerSceneCropped,37,fast,l1-icache-load-misses,331814269.0,0.0,-331814269.0,-1.0
FoodMarket,37,fast,l1-icache-load-misses,454176666.0,1238.0,-454175428.0,-0.9999972741884542
FoodMarket2,37,fast,l1-icache-load-misses,2053024958.0,,,
MeridianTalk_sdr,37,fast,l1-icache-load-misses,359947263.0,,,
Motorcycle,37,fast,l1-icache-load-misses,519626667.0,,,
MountainBike,37,fast,l1-icache-load-misses,665265096.0,1349.0,-665263747.0,-0.9999979722369201
Neon1224,37,fast,l1-icache-load-misses,1606563682.0,899.0,-1606562783.0,-0.9999994404205634
NocturneDance_3840x2160p_8bit,37,fast,l1-icache-load-misses,1161801522.0,,,
OldTownCross,37,fast,l1-icache-load-misses,533811671.0,88.0,-533811583.0,-0.9999998351478531
PedestrianArea,37,fast,l1-icache-load-misses,360161826.0,,,
PierSeaSide,37,fast,l1-icache-load-misses,1285363942.0,0.0,-1285363942.0,-1.0
RitualDance,37,fast,l1-icache-load-misses,329404131.0,,,
Riverbed,37,fast,l1-icache-load-misses,565782671.0,,,
RushFieldCuts,37,fast,l1-icache-load-misses,785258048.0,,,
Skater227,37,fast,l1-icache-load-misses,998.0,,,
Tango,37,fast,l1-icache-load-misses,2197476658.0,,,
TimeLapse,37,fast,l1-icache-load-misses,1810151792.0,,,
ToddlerFountain,37,fast,l1-icache-load-misses,555514532.0,,,
TreesAndGrass_1920_1080,37,fast,l1-icache-load-misses,584991750.0,889.0,-584990861.0,-0.9999984803204489
TunnelFlag,37,fast,l1-icache-load-misses,481208957.0,,,
Vertical_Carnaby,37,fast,l1-icache-load-misses,281787981.0,,,
Vertical_bees,37,fast,l1-icache-load-misses,471599458.0,1045.0,-471598413.0,-0.9999977841365543
WalkingInStreet,37,fast,l1-icache-load-misses,336976896.0,,,
WorldCup_1920x1080_30p,37,fast,l1-icache-load-misses,437987663.0,964.0,-437986699.0,-0.9999977990247638
WorldCup_far_1920x1080_30p,37,fast,l1-icache-load-misses,612016863.0,1042.0,-612015821.0,-0.9999982974325333
Aerial3200,22,faster,l1-icache-load-misses,654517928.0,630.0,-654517298.0,-0.9999990374595209
Boat,22,faster,l1-icache-load-misses,648261667.0,,,
BoxingPractice,22,faster,l1-icache-load-misses,2459514096.0,0.0,-2459514096.0,-1.0
Crosswalk,22,faster,l1-icache-load-misses,3007101305.0,1244.0,-3007100061.0,-0.9999995863125736
CrowdRun,22,faster,l1-icache-load-misses,802960016.0,,,
DinnerSceneCropped,22,faster,l1-icache-load-misses,704245886.0,,,
FoodMarket,22,faster,l1-icache-load-misses,669619834.0,0.0,-669619834.0,-1.0
FoodMarket2,22,faster,l1-icache-load-misses,2482496179.0,,,
MeridianTalk_sdr,22,faster,l1-icache-load-misses,572112907.0,,,
Motorcycle,22,faster,l1-icache-load-misses,621323702.0,826.0,-621322876.0,-0.9999986705802509
MountainBike,22,faster,l1-icache-load-misses,836121848.0,859.0,-836120989.0,-0.9999989726377776
Neon1224,22,faster,l1-icache-load-misses,2195447796.0,,,
NocturneDance_3840x2160p_8bit,22,faster,l1-icache-load-misses,1347565257.0,,,
OldTownCross,22,faster,l1-icache-load-misses,910237381.0,,,
PedestrianArea,22,faster,l1-icache-load-misses,771101976.0,802.0,-771101174.0,-0.9999989599300417
PierSeaSide,22,faster,l1-icache-load-misses,1833537993.0,,,
RitualDance,22,faster,l1-icache-load-misses,433654053.0,0.0,-433654053.0,-1.0
Riverbed,22,faster,l1-icache-load-misses,564133439.0,,,
RushFieldCuts,22,faster,l1-icache-load-misses,962088637.0,,,
Skater227,22,faster,l1-icache-load-misses,,,,
Tango,22,faster,l1-icache-load-misses,2138223567.0,,,
TimeLapse,22,faster,l1-icache-load-misses,3359004233.0,,,
ToddlerFountain,22,faster,l1-icache-load-misses,844554894.0,,,
TreesAndGrass_1920_1080,22,faster,l1-icache-load-misses,756486926.0,378.0,-756486548.0,-0.9999995003218337
TunnelFlag,22,faster,l1-icache-load-misses,620905058.0,1222.0,-620903836.0,-0.9999980319052256
Vertical_Carnaby,22,faster,l1-icache-load-misses,557944409.0,,,
Vertical_bees,22,faster,l1-icache-load-misses,582261509.0,0.0,-582261509.0,-1.0
WalkingInStreet,22,faster,l1-icache-load-misses,346298971.0,0.0,-346298971.0,-1.0
WorldCup_1920x1080_30p,22,faster,l1-icache-load-misses,333485407.0,,,
WorldCup_far_1920x1080_30p,22,faster,l1-icache-load-misses,637161948.0,788.0,-637161160.0,-0.9999987632657561
Aerial3200,27,faster,l1-icache-load-misses,642935052.0,466.0,-642934586.0,-0.9999992751989512
Boat,27,faster,l1-icache-load-misses,712487272.0,1440.0,-712485832.0,-0.999997978911264
BoxingPractice,27,faster,l1-icache-load-misses,1999744373.0,0.0,-1999744373.0,-1.0
Crosswalk,27,faster,l1-icache-load-misses,2320739086.0,0.0,-2320739086.0,-1.0
CrowdRun,27,faster,l1-icache-load-misses,736690678.0,,,
DinnerSceneCropped,27,faster,l1-icache-load-misses,591178294.0,,,
FoodMarket,27,faster,l1-icache-load-misses,585518606.0,1167.0,-585517439.0,-0.9999980068951045
FoodMarket2,27,faster,l1-icache-load-misses,2271716045.0,,,
MeridianTalk_sdr,27,faster,l1-icache-load-misses,488588602.0,,,
Motorcycle,27,faster,l1-icache-load-misses,583621566.0,,,
MountainBike,27,faster,l1-icache-load-misses,773012355.0,0.0,-773012355.0,-1.0
Neon1224,27,faster,l1-icache-load-misses,1981073113.0,,,
NocturneDance_3840x2160p_8bit,27,faster,l1-icache-load-misses,1335922795.0,0.0,-1335922795.0,-1.0
OldTownCross,27,faster,l1-icache-load-misses,734845001.0,,,
PedestrianArea,27,faster,l1-icache-load-misses,456172363.0,,,
PierSeaSide,27,faster,l1-icache-load-misses,1581496203.0,,,
RitualDance,27,faster,l1-icache-load-misses,391004888.0,0.0,-391004888.0,-1.0
Riverbed,27,faster,l1-icache-load-misses,524033011.0,,,
RushFieldCuts,27,faster,l1-icache-load-misses,916089798.0,995.0,-916088803.0,-0.9999989138619356
Skater227,27,faster,l1-icache-load-misses,812.0,0.0,-812.0,-1.0
Tango,27,faster,l1-icache-load-misses,3207327598.0,,,
TimeLapse,27,faster,l1-icache-load-misses,3000247845.0,1154.0,-3000246691.0,-0.99999961536511
ToddlerFountain,27,faster,l1-icache-load-misses,646035791.0,612.0,-646035179.0,-0.9999990526840641
TreesAndGrass_1920_1080,27,faster,l1-icache-load-misses,705817148.0,,,
TunnelFlag,27,faster,l1-icache-load-misses,576405683.0,,,
Vertical_Carnaby,27,faster,l1-icache-load-misses,509053708.0,,,
Vertical_bees,27,faster,l1-icache-load-misses,543625930.0,,,
WalkingInStreet,27,faster,l1-icache-load-misses,343885133.0,,,
WorldCup_1920x1080_30p,27,faster,l1-icache-load-misses,315226117.0,1194.0,-315224923.0,-0.9999962122427819
WorldCup_far_1920x1080_30p,27,faster,l1-icache-load-misses,604080810.0,586.0,-604080224.0,-0.9999990299311113
Aerial3200,32,faster,l1-icache-load-misses,634083599.0,1349.0,-634082250.0,-0.9999978725202763
Boat,32,faster,l1-icache-load-misses,653065638.0,550.0,-653065088.0,-0.9999991578181916
BoxingPractice,32,faster,l1-icache-load-misses,1672713968.0,,,
Crosswalk,32,faster,l1-icache-load-misses,1812716984.0,,,
CrowdRun,32,faster,l1-icache-load-misses,662222600.0,1347.0,-662221253.0,-0.9999979659407577
DinnerSceneCropped,32,faster,l1-icache-load-misses,452853974.0,,,
FoodMarket,32,faster,l1-icache-load-misses,520753469.0,1334.0,-520752135.0,-0.9999974383271943
FoodMarket2,32,faster,l1-icache-load-misses,2001112506.0,943.0,-2001111563.0,-0.9999995287621275
MeridianTalk_sdr,32,faster,l1-icache-load-misses,413035370.0,,,
Motorcycle,32,faster,l1-icache-load-misses,552677474.0,1397.0,-552676077.0,-0.9999974723051586
MountainBike,32,faster,l1-icache-load-misses,725499547.0,,,
Neon1224,32,faster,l1-icache-load-misses,1800057139.0,1233.0,-1800055906.0,-0.9999993150217439
NocturneDance_3840x2160p_8bit,32,faster,l1-icache-load-misses,1280007559.0,,,
OldTownCross,32,faster,l1-icache-load-misses,645753246.0,1502.0,-645751744.0,-0.9999976740341465
PedestrianArea,32,faster,l1-icache-load-misses,413132931.0,,,
PierSeaSide,32,faster,l1-icache-load-misses,1431967682.0,0.0,-1431967682.0,-1.0
RitualDance,32,faster,l1-icache-load-misses,411898092.0,1434.0,-411896658.0,-0.9999965185563423
Riverbed,32,faster,l1-icache-load-misses,478053013.0,,,
RushFieldCuts,32,faster,l1-icache-load-misses,868920499.0,,,
Skater227,32,faster,l1-icache-load-misses,,0.0,,
Tango,32,faster,l1-icache-load-misses,2542335294.0,0.0,-2542335294.0,-1.0
TimeLapse,32,faster,l1-icache-load-misses,2772740763.0,,,
ToddlerFountain,32,faster,l1-icache-load-misses,602055396.0,617.0,-602054779.0,-0.9999989751773606
TreesAndGrass_1920_1080,32,faster,l1-icache-load-misses,689571133.0,,,
TunnelFlag,32,faster,l1-icache-load-misses,530482052.0,,,
Vertical_Carnaby,32,faster,l1-icache-load-misses,298474187.0,,,
Vertical_bees,32,faster,l1-icache-load-misses,503403562.0,745.0,-503402817.0,-0.9999985200740396
WalkingInStreet,32,faster,l1-icache-load-misses,341802078.0,0.0,-341802078.0,-1.0
WorldCup_1920x1080_30p,32,faster,l1-icache-load-misses,414873135.0,,,
WorldCup_far_1920x1080_30p,32,faster,l1-icache-load-misses,574306502.0,1038.0,-574305464.0,-0.9999981926027367
Aerial3200,37,faster,l1-icache-load-misses,600102455.0,,,
Boat,37,faster,l1-icache-load-misses,614531362.0,1791.0,-614529571.0,-0.9999970855840552
BoxingPractice,37,faster,l1-icache-load-misses,1462535624.0,1058.0,-1462534566.0,-0.9999992765988174
Crosswalk,37,faster,l1-icache-load-misses,1587908961.0,1744.0,-1587907217.0,-0.9999989017002594
CrowdRun,37,faster,l1-icache-load-misses,607353223.0,,,
DinnerSceneCropped,37,faster,l1-icache-load-misses,327897300.0,1192.0,-327896108.0,-0.9999963647154154
FoodMarket,37,faster,l1-icache-load-misses,449195556.0,1568.0,-449193988.0,-0.9999965093154216
FoodMarket2,37,faster,l1-icache-load-misses,1789927737.0,1012.0,-1789926725.0,-0.9999994346140466
MeridianTalk_sdr,37,faster,l1-icache-load-misses,362818558.0,865.0,-362817693.0,-0.9999976158882149
Motorcycle,37,faster,l1-icache-load-misses,523535436.0,977.0,-523534459.0,-0.9999981338416986
MountainBike,37,faster,l1-icache-load-misses,665589695.0,1584.0,-665588111.0,-0.9999976201554623
Neon1224,37,faster,l1-icache-load-misses,1543573992.0,,,
NocturneDance_3840x2160p_8bit,37,faster,l1-icache-load-misses,1160181687.0,,,
OldTownCross,37,faster,l1-icache-load-misses,533224555.0,0.0,-533224555.0,-1.0
PedestrianArea,37,faster,l1-icache-load-misses,357703678.0,0.0,-357703678.0,-1.0
PierSeaSide,37,faster,l1-icache-load-misses,1297360382.0,0.0,-1297360382.0,-1.0
RitualDance,37,faster,l1-icache-load-misses,329174385.0,632.0,-329173753.0,-0.9999980800450193
Riverbed,37,faster,l1-icache-load-misses,774867977.0,,,
RushFieldCuts,37,faster,l1-icache-load-misses,787433403.0,,,
Skater227,37,faster,l1-icache-load-misses,1194.0,,,
Tango,37,faster,l1-icache-load-misses,2238612978.0,0.0,-2238612978.0,-1.0
TimeLapse,37,faster,l1-icache-load-misses,2478106370.0,1396.0,-2478104974.0,-0.999999436666635
ToddlerFountain,37,faster,l1-icache-load-misses,551186392.0,0.0,-551186392.0,-1.0
TreesAndGrass_1920_1080,37,faster,l1-icache-load-misses,660144847.0,170.0,-660144677.0,-0.999999742480759
TunnelFlag,37,faster,l1-icache-load-misses,481627551.0,,,
Vertical_Carnaby,37,faster,l1-icache-load-misses,279125913.0,,,
Vertical_bees,37,faster,l1-icache-load-misses,467303430.0,,,
WalkingInStreet,37,faster,l1-icache-load-misses,338361015.0,,,
WorldCup_1920x1080_30p,37,faster,l1-icache-load-misses,414455724.0,,,
WorldCup_far_1920x1080_30p,37,faster,l1-icache-load-misses,548280001.0,947.0,-548279054.0,-0.9999982727803344
Aerial3200,22,superfast,l1-icache-load-misses,642795683.0,1031.0,-642794652.0,-0.9999983960688796
Boat,22,superfast,l1-icache-load-misses,705203188.0,,,
BoxingPractice,22,superfast,l1-icache-load-misses,2609677662.0,,,
Crosswalk,22,superfast,l1-icache-load-misses,2341278918.0,,,
CrowdRun,22,superfast,l1-icache-load-misses,745212908.0,,,
DinnerSceneCropped,22,superfast,l1-icache-load-misses,667676113.0,0.0,-667676113.0,-1.0
FoodMarket,22,superfast,l1-icache-load-misses,651219660.0,1681.0,-651217979.0,-0.9999974186897245
FoodMarket2,22,superfast,l1-icache-load-misses,2425375651.0,759.0,-2425374892.0,-0.9999996870587863
MeridianTalk_sdr,22,superfast,l1-icache-load-misses,589242011.0,,,
Motorcycle,22,superfast,l1-icache-load-misses,608517701.0,,,
MountainBike,22,superfast,l1-icache-load-misses,801242749.0,,,
Neon1224,22,superfast,l1-icache-load-misses,2118568932.0,,,
NocturneDance_3840x2160p_8bit,22,superfast,l1-icache-load-misses,1386049486.0,0.0,-1386049486.0,-1.0
OldTownCross,22,superfast,l1-icache-load-misses,887746992.0,,,
PedestrianArea,22,superfast,l1-icache-load-misses,513880635.0,1277.0,-513879358.0,-0.9999975149871136
PierSeaSide,22,superfast,l1-icache-load-misses,1830797438.0,,,
RitualDance,22,superfast,l1-icache-load-misses,496289075.0,,,
Riverbed,22,superfast,l1-icache-load-misses,720091707.0,,,
RushFieldCuts,22,superfast,l1-icache-load-misses,922833941.0,,,
Skater227,22,superfast,l1-icache-load-misses,2070.0,970.0,-1100.0,-0.5314009661835749
Tango,22,superfast,l1-icache-load-misses,3603622128.0,,,
TimeLapse,22,superfast,l1-icache-load-misses,2580746571.0,,,
ToddlerFountain,22,superfast,l1-icache-load-misses,731032244.0,,,
TreesAndGrass_1920_1080,22,superfast,l1-icache-load-misses,647069363.0,1840.0,-647067523.0,-0.9999971564099536
TunnelFlag,22,superfast,l1-icache-load-misses,627092494.0,,,
Vertical_Carnaby,22,superfast,l1-icache-load-misses,332181304.0,,,
Vertical_bees,22,superfast,l1-icache-load-misses,573881637.0,1214.0,-573880423.0,-0.9999978845812068
WalkingInStreet,22,superfast,l1-icache-load-misses,338576808.0,,,
WorldCup_1920x1080_30p,22,superfast,l1-icache-load-misses,547439388.0,746.0,-547438642.0,-0.9999986372920613
WorldCup_far_1920x1080_30p,22,superfast,l1-icache-load-misses,769778030.0,1552.0,-769776478.0,-0.9999979838343789
Aerial3200,27,superfast,l1-icache-load-misses,638640583.0,740.0,-638639843.0,-0.9999988412887942
Boat,27,superfast,l1-icache-load-misses,689336610.0,0.0,-689336610.0,-1.0
BoxingPractice,27,superfast,l1-icache-load-misses,2500611788.0,,,
Crosswalk,27,superfast,l1-icache-load-misses,1888664601.0,0.0,-1888664601.0,-1.0
CrowdRun,27,superfast,l1-icache-load-misses,689570731.0,,,
DinnerSceneCropped,27,superfast,l1-icache-load-misses,566390407.0,1059.0,-566389348.0,-0.9999981302649429
FoodMarket,27,superfast,l1-icache-load-misses,576866362.0,1213.0,-576865149.0,-0.999997897259955
FoodMarket2,27,superfast,l1-icache-load-misses,2789434342.0,1371.0,-2789432971.0,-0.999999508502502
MeridianTalk_sdr,27,superfast,l1-icache-load-misses,480358439.0,,,
Motorcycle,27,superfast,l1-icache-load-misses,587998023.0,,,
MountainBike,27,superfast,l1-icache-load-misses,752624283.0,0.0,-752624283.0,-1.0
Neon1224,27,superfast,l1-icache-load-misses,1909406534.0,1291.0,-1909405243.0,-0.999999323873687
NocturneDance_3840x2160p_8bit,27,superfast,l1-icache-load-misses,1343802359.0,,,
OldTownCross,27,superfast,l1-icache-load-misses,818067159.0,,,
PedestrianArea,27,superfast,l1-icache-load-misses,450628545.0,65.0,-450628480.0,-0.9999998557570293
PierSeaSide,27,superfast,l1-icache-load-misses,1553116002.0,1317.0,-1553114685.0,-0.9999991520272804
RitualDance,27,superfast,l1-icache-load-misses,375518495.0,,,
Riverbed,27,superfast,l1-icache-load-misses,879248034.0,0.0,-879248034.0,-1.0
RushFieldCuts,27,superfast,l1-icache-load-misses,891444914.0,,,
Skater227,27,superfast,l1-icache-load-misses,,1605.0,,
Tango,27,superfast,l1-icache-load-misses,3092678798.0,1353.0,-3092677445.0,-0.9999995625151888
TimeLapse,27,superfast,l1-icache-load-misses,2243417046.0,,,
ToddlerFountain,27,superfast,l1-icache-load-misses,681411049.0,1479.0,-681409570.0,-0.9999978295039358
TreesAndGrass_1920_1080,27,superfast,l1-icache-load-misses,634084176.0,1774.0,-634082402.0,-0.9999972022641991
TunnelFlag,27,superfast,l1-icache-load-misses,584676982.0,26.0,-584676956.0,-0.9999999555310012
Vertical_Carnaby,27,superfast,l1-icache-load-misses,321921159.0,0.0,-321921159.0,-1.0
Vertical_bees,27,superfast,l1-icache-load-misses,529642700.0,1050.0,-529641650.0,-0.9999980175314415
WalkingInStreet,27,superfast,l1-icache-load-misses,333683489.0,,,
WorldCup_1920x1080_30p,27,superfast,l1-icache-load-misses,504297010.0,559.0,-504296451.0,-0.9999988915262457
WorldCup_far_1920x1080_30p,27,superfast,l1-icache-load-misses,738159073.0,,,
Aerial3200,32,superfast,l1-icache-load-misses,618670279.0,753.0,-618669526.0,-0.999998782873486
Boat,32,superfast,l1-icache-load-misses,657852776.0,,,
BoxingPractice,32,superfast,l1-icache-load-misses,2009858275.0,1387.0,-2009856888.0,-0.9999993099015899
Crosswalk,32,superfast,l1-icache-load-misses,1516668128.0,,,
CrowdRun,32,superfast,l1-icache-load-misses,650411851.0,,,
DinnerSceneCropped,32,superfast,l1-icache-load-misses,442623681.0,1587.0,-442622094.0,-0.9999964145614704
FoodMarket,32,superfast,l1-icache-load-misses,498766398.0,,,
FoodMarket2,32,superfast,l1-icache-load-misses,2453580849.0,,,
MeridianTalk_sdr,32,superfast,l1-icache-load-misses,405343504.0,,,
Motorcycle,32,superfast,l1-icache-load-misses,669986886.0,0.0,-669986886.0,-1.0
MountainBike,32,superfast,l1-icache-load-misses,697237161.0,,,
Neon1224,32,superfast,l1-icache-load-misses,1746173357.0,0.0,-1746173357.0,-1.0
NocturneDance_3840x2160p_8bit,32,superfast,l1-icache-load-misses,1241760407.0,,,
OldTownCross,32,superfast,l1-icache-load-misses,637796021.0,,,
PedestrianArea,32,superfast,l1-icache-load-misses,394825369.0,1313.0,-394824056.0,-0.9999966744791416
PierSeaSide,32,superfast,l1-icache-load-misses,1407048712.0,0.0,-1407048712.0,-1.0
RitualDance,32,superfast,l1-icache-load-misses,349177505.0,1292.0,-349176213.0,-0.9999962998761904
Riverbed,32,superfast,l1-icache-load-misses,841352047.0,,,
RushFieldCuts,32,superfast,l1-icache-load-misses,829906212.0,0.0,-829906212.0,-1.0
Skater227,32,superfast,l1-icache-load-misses,,,,
Tango,32,superfast,l1-icache-load-misses,2516338439.0,,,
TimeLapse,32,superfast,l1-icache-load-misses,2057664876.0,,,
ToddlerFountain,32,superfast,l1-icache-load-misses,627759228.0,0.0,-627759228.0,-1.0
TreesAndGrass_1920_1080,32,superfast,l1-icache-load-misses,598001200.0,1734.0,-597999466.0,-0.9999971003402669
TunnelFlag,32,superfast,l1-icache-load-misses,514908597.0,0.0,-514908597.0,-1.0
Vertical_Carnaby,32,superfast,l1-icache-load-misses,298040299.0,,,
Vertical_bees,32,superfast,l1-icache-load-misses,503455090.0,1019.0,-503454071.0,-0.999997975986299
WalkingInStreet,32,superfast,l1-icache-load-misses,335347211.0,,,
WorldCup_1920x1080_30p,32,superfast,l1-icache-load-misses,470323626.0,654.0,-470322972.0,-0.9999986094681113
WorldCup_far_1920x1080_30p,32,superfast,l1-icache-load-misses,670029858.0,1514.0,-670028344.0,-0.9999977403992047
Aerial3200,37,superfast,l1-icache-load-misses,587951717.0,,,
Boat,37,superfast,l1-icache-load-misses,611108328.0,,,
BoxingPractice,37,superfast,l1-icache-load-misses,1753253472.0,0.0,-1753253472.0,-1.0
Crosswalk,37,superfast,l1-icache-load-misses,1377813651.0,1361.0,-1377812290.0,-0.9999990122031387
CrowdRun,37,superfast,l1-icache-load-misses,531172276.0,0.0,-531172276.0,-1.0
DinnerSceneCropped,37,superfast,l1-icache-load-misses,331657657.0,2210.0,-331655447.0,-0.9999933365024043
FoodMarket,37,superfast,l1-icache-load-misses,436684472.0,,,
FoodMarket2,37,superfast,l1-icache-load-misses,2173448344.0,0.0,-2173448344.0,-1.0
MeridianTalk_sdr,37,superfast,l1-icache-load-misses,360356549.0,,,
Motorcycle,37,superfast,l1-icache-load-misses,621579430.0,,,
MountainBike,37,superfast,l1-icache-load-misses,658368133.0,,,
Neon1224,37,superfast,l1-icache-load-misses,1587887658.0,0.0,-1587887658.0,-1.0
NocturneDance_3840x2160p_8bit,37,superfast,l1-icache-load-misses,1141809787.0,,,
OldTownCross,37,superfast,l1-icache-load-misses,531119992.0,0.0,-531119992.0,-1.0
PedestrianArea,37,superfast,l1-icache-load-misses,355601740.0,,,
PierSeaSide,37,superfast,l1-icache-load-misses,1266738965.0,1193.0,-1266737772.0,-0.9999990582116498
RitualDance,37,superfast,l1-icache-load-misses,330455051.0,,,
Riverbed,37,superfast,l1-icache-load-misses,736059178.0,1479.0,-736057699.0,-0.999997990650692
RushFieldCuts,37,superfast,l1-icache-load-misses,745823025.0,,,
Skater227,37,superfast,l1-icache-load-misses,727.0,,,
Tango,37,superfast,l1-icache-load-misses,2245294147.0,,,
TimeLapse,37,superfast,l1-icache-load-misses,1790526584.0,,,
ToddlerFountain,37,superfast,l1-icache-load-misses,566701508.0,0.0,-566701508.0,-1.0
TreesAndGrass_1920_1080,37,superfast,l1-icache-load-misses,570109937.0,1121.0,-570108816.0,-0.999998033712575
TunnelFlag,37,superfast,l1-icache-load-misses,480572067.0,,,
Vertical_Carnaby,37,superfast,l1-icache-load-misses,278754929.0,,,
Vertical_bees,37,superfast,l1-icache-load-misses,461782189.0,1311.0,-461780878.0,-0.9999971609992087
WalkingInStreet,37,superfast,l1-icache-load-misses,328190848.0,,,
WorldCup_1920x1080_30p,37,superfast,l1-icache-load-misses,431419411.0,903.0,-431418508.0,-0.9999979069092002
WorldCup_far_1920x1080_30p,37,superfast,l1-icache-load-misses,612272446.0,0.0,-612272446.0,-1.0
Aerial3200,22,veryfast,l1-icache-load-misses,643946114.0,915.0,-643945199.0,-0.9999985790736521
Boat,22,veryfast,l1-icache-load-misses,735089427.0,,,
BoxingPractice,22,veryfast,l1-icache-load-misses,2660877427.0,1235.0,-2660876192.0,-0.9999995358673844
Crosswalk,22,veryfast,l1-icache-load-misses,2362256497.0,,,
CrowdRun,22,veryfast,l1-icache-load-misses,778170594.0,,,
DinnerSceneCropped,22,veryfast,l1-icache-load-misses,695504352.0,1615.0,-695502737.0,-0.999997677944077
FoodMarket,22,veryfast,l1-icache-load-misses,674847837.0,1074.0,-674846763.0,-0.9999984085301291
FoodMarket2,22,veryfast,l1-icache-load-misses,2496316308.0,2341.0,-2496313967.0,-0.9999990622182002
MeridianTalk_sdr,22,veryfast,l1-icache-load-misses,583743574.0,,,
Motorcycle,22,veryfast,l1-icache-load-misses,633091468.0,,,
MountainBike,22,veryfast,l1-icache-load-misses,649676715.0,20.0,-649676695.0,-0.9999999692154582
Neon1224,22,veryfast,l1-icache-load-misses,2159616613.0,0.0,-2159616613.0,-1.0
NocturneDance_3840x2160p_8bit,22,veryfast,l1-icache-load-misses,1382834185.0,258.0,-1382833927.0,-0.9999998134266547
OldTownCross,22,veryfast,l1-icache-load-misses,907947973.0,,,
PedestrianArea,22,veryfast,l1-icache-load-misses,696741388.0,0.0,-696741388.0,-1.0
PierSeaSide,22,veryfast,l1-icache-load-misses,1848487817.0,,,
RitualDance,22,veryfast,l1-icache-load-misses,429183917.0,,,
Riverbed,22,veryfast,l1-icache-load-misses,749930255.0,0.0,-749930255.0,-1.0
RushFieldCuts,22,veryfast,l1-icache-load-misses,735380673.0,1373.0,-735379300.0,-0.9999981329397816
Skater227,22,veryfast,l1-icache-load-misses,1002.0,,,
Tango,22,veryfast,l1-icache-load-misses,3746677319.0,1342.0,-3746675977.0,-0.999999641815965
TimeLapse,22,veryfast,l1-icache-load-misses,2425140086.0,,,
ToddlerFountain,22,veryfast,l1-icache-load-misses,672853671.0,565.0,-672853106.0,-0.9999991602929071
TreesAndGrass_1920_1080,22,veryfast,l1-icache-load-misses,673685961.0,,,
TunnelFlag,22,veryfast,l1-icache-load-misses,660741106.0,,,
Vertical_Carnaby,22,veryfast,l1-icache-load-misses,341381568.0,,,
Vertical_bees,22,veryfast,l1-icache-load-misses,580687828.0,,,
WalkingInStreet,22,veryfast,l1-icache-load-misses,348352068.0,,,
WorldCup_1920x1080_30p,22,veryfast,l1-icache-load-misses,553788841.0,629.0,-553788212.0,-0.99999886418802
WorldCup_far_1920x1080_30p,22,veryfast,l1-icache-load-misses,782518218.0,1635.0,-782516583.0,-0.9999979105917761
Aerial3200,27,veryfast,l1-icache-load-misses,634816452.0,,,
Boat,27,veryfast,l1-icache-load-misses,693982782.0,0.0,-693982782.0,-1.0
BoxingPractice,27,veryfast,l1-icache-load-misses,2270354061.0,,,
Crosswalk,27,veryfast,l1-icache-load-misses,1847829319.0,,,
CrowdRun,27,veryfast,l1-icache-load-misses,732824655.0,,,
DinnerSceneCropped,27,veryfast,l1-icache-load-misses,603387526.0,833.0,-603386693.0,-0.9999986194610195
FoodMarket,27,veryfast,l1-icache-load-misses,595065965.0,175.0,-595065790.0,-0.9999997059149568
FoodMarket2,27,veryfast,l1-icache-load-misses,2234545799.0,1709.0,-2234544090.0,-0.9999992351913303
MeridianTalk_sdr,27,veryfast,l1-icache-load-misses,483877157.0,,,
Motorcycle,27,veryfast,l1-icache-load-misses,608201259.0,,,
MountainBike,27,veryfast,l1-icache-load-misses,782400204.0,,,
Neon1224,27,veryfast,l1-icache-load-misses,1963026460.0,1440.0,-1963025020.0,-0.9999992664388232
NocturneDance_3840x2160p_8bit,27,veryfast,l1-icache-load-misses,1357250201.0,,,
OldTownCross,27,veryfast,l1-icache-load-misses,821431955.0,973.0,-821430982.0,-0.9999988154831401
PedestrianArea,27,veryfast,l1-icache-load-misses,458296555.0,,,
PierSeaSide,27,veryfast,l1-icache-load-misses,1608458446.0,,,
RitualDance,27,veryfast,l1-icache-load-misses,448742467.0,,,
Riverbed,27,veryfast,l1-icache-load-misses,606498362.0,,,
RushFieldCuts,27,veryfast,l1-icache-load-misses,912072656.0,,,
Skater227,27,veryfast,l1-icache-load-misses,1050.0,0.0,-1050.0,-1.0
Tango,27,veryfast,l1-icache-load-misses,3125530648.0,,,
TimeLapse,27,veryfast,l1-icache-load-misses,2272523581.0,,,
ToddlerFountain,27,veryfast,l1-icache-load-misses,639575781.0,1007.0,-639574774.0,-0.9999984255188675
TreesAndGrass_1920_1080,27,veryfast,l1-icache-load-misses,655397621.0,,,
TunnelFlag,27,veryfast,l1-icache-load-misses,588400517.0,1031.0,-588399486.0,-0.9999982477921582
Vertical_Carnaby,27,veryfast,l1-icache-load-misses,322102354.0,,,
Vertical_bees,27,veryfast,l1-icache-load-misses,541260833.0,,,
WalkingInStreet,27,veryfast,l1-icache-load-misses,348418616.0,,,
WorldCup_1920x1080_30p,27,veryfast,l1-icache-load-misses,505198138.0,495.0,-505197643.0,-0.9999990201864125
WorldCup_far_1920x1080_30p,27,veryfast,l1-icache-load-misses,741334861.0,0.0,-741334861.0,-1.0
Aerial3200,32,veryfast,l1-icache-load-misses,636660637.0,,,
Boat,32,veryfast,l1-icache-load-misses,656165510.0,,,
BoxingPractice,32,veryfast,l1-icache-load-misses,1910474936.0,,,
Crosswalk,32,veryfast,l1-icache-load-misses,1584088157.0,,,
CrowdRun,32,veryfast,l1-icache-load-misses,656848669.0,,,
DinnerSceneCropped,32,veryfast,l1-icache-load-misses,441847034.0,,,
FoodMarket,32,veryfast,l1-icache-load-misses,522764210.0,1941.0,-522762269.0,-0.9999962870449758
FoodMarket2,32,veryfast,l1-icache-load-misses,2023958866.0,1034.0,-2023957832.0,-0.9999994891200521
MeridianTalk_sdr,32,veryfast,l1-icache-load-misses,394579677.0,1306.0,-394578371.0,-0.9999966901488442
Motorcycle,32,veryfast,l1-icache-load-misses,549692570.0,,,
MountainBike,32,veryfast,l1-icache-load-misses,724503916.0,0.0,-724503916.0,-1.0
Neon1224,32,veryfast,l1-icache-load-misses,1755065499.0,,,
NocturneDance_3840x2160p_8bit,32,veryfast,l1-icache-load-misses,1265804958.0,,,
OldTownCross,32,veryfast,l1-icache-load-misses,653105156.0,0.0,-653105156.0,-1.0
PedestrianArea,32,veryfast,l1-icache-load-misses,406293069.0,1118.0,-406291951.0,-0.9999972482917251
PierSeaSide,32,veryfast,l1-icache-load-misses,1396537026.0,1040.0,-1396535986.0,-0.9999992553008044
RitualDance,32,veryfast,l1-icache-load-misses,352739393.0,,,
Riverbed,32,veryfast,l1-icache-load-misses,848979058.0,,,
RushFieldCuts,32,veryfast,l1-icache-load-misses,846703423.0,,,
Skater227,32,veryfast,l1-icache-load-misses,525.0,,,
Tango,32,veryfast,l1-icache-load-misses,2522358379.0,,,
TimeLapse,32,veryfast,l1-icache-load-misses,2062742534.0,,,
ToddlerFountain,32,veryfast,l1-icache-load-misses,630669780.0,,,
TreesAndGrass_1920_1080,32,veryfast,l1-icache-load-misses,622564888.0,1722.0,-622563166.0,-0.9999972340232589
TunnelFlag,32,veryfast,l1-icache-load-misses,536830316.0,,,
Vertical_Carnaby,32,veryfast,l1-icache-load-misses,300105985.0,,,
Vertical_bees,32,veryfast,l1-icache-load-misses,494070792.0,0.0,-494070792.0,-1.0
WalkingInStreet,32,veryfast,l1-icache-load-misses,341543232.0,,,
WorldCup_1920x1080_30p,32,veryfast,l1-icache-load-misses,462973237.0,892.0,-462972345.0,-0.9999980733227567
WorldCup_far_1920x1080_30p,32,veryfast,l1-icache-load-misses,677489515.0,750.0,-677488765.0,-0.9999988929717976
Aerial3200,37,veryfast,l1-icache-load-misses,604463553.0,993.0,-604462560.0,-0.9999983572210515
Boat,37,veryfast,l1-icache-load-misses,618139230.0,,,
BoxingPractice,37,veryfast,l1-icache-load-misses,1688915146.0,0.0,-1688915146.0,-1.0
Crosswalk,37,veryfast,l1-icache-load-misses,1362116834.0,0.0,-1362116834.0,-1.0
CrowdRun,37,veryfast,l1-icache-load-misses,611146764.0,,,
DinnerSceneCropped,37,veryfast,l1-icache-load-misses,332040446.0,1301.0,-332039145.0,-0.9999960818026368
FoodMarket,37,veryfast,l1-icache-load-misses,449340697.0,1344.0,-449339353.0,-0.9999970089510944
FoodMarket2,37,veryfast,l1-icache-load-misses,1779126224.0,921.0,-1779125303.0,-0.9999994823301531
MeridianTalk_sdr,37,veryfast,l1-icache-load-misses,368168833.0,,,
Motorcycle,37,veryfast,l1-icache-load-misses,512626455.0,,,
MountainBike,37,veryfast,l1-icache-load-misses,657741107.0,528.0,-657740579.0,-0.9999991972525445
Neon1224,37,veryfast,l1-icache-load-misses,1616614262.0,,,
NocturneDance_3840x2160p_8bit,37,veryfast,l1-icache-load-misses,1161984136.0,68.0,-1161984068.0,-0.9999999414794076
OldTownCross,37,veryfast,l1-icache-load-misses,539708119.0,0.0,-539708119.0,-1.0
PedestrianArea,37,veryfast,l1-icache-load-misses,356192883.0,217.0,-356192666.0,-0.9999993907795176
PierSeaSide,37,veryfast,l1-icache-load-misses,1312239853.0,,,
RitualDance,37,veryfast,l1-icache-load-misses,318370778.0,1579.0,-318369199.0,-0.9999950403739629
Riverbed,37,veryfast,l1-icache-load-misses,504758216.0,,,
RushFieldCuts,37,veryfast,l1-icache-load-misses,761889704.0,1286.0,-761888418.0,-0.999998312091641
Skater227,37,veryfast,l1-icache-load-misses,492.0,0.0,-492.0,-1.0
Tango,37,veryfast,l1-icache-load-misses,2254699966.0,,,
TimeLapse,37,veryfast,l1-icache-load-misses,1804202473.0,1775.0,-1804200698.0,-0.999999016185807
ToddlerFountain,37,veryfast,l1-icache-load-misses,574716515.0,,,
TreesAndGrass_1920_1080,37,veryfast,l1-icache-load-misses,572708573.0,1279.0,-572707294.0,-0.9999977667524805
TunnelFlag,37,veryfast,l1-icache-load-misses,478189243.0,,,
Vertical_Carnaby,37,veryfast,l1-icache-load-misses,281274249.0,,,
Vertical_bees,37,veryfast,l1-icache-load-misses,457568167.0,0.0,-457568167.0,-1.0
WalkingInStreet,37,veryfast,l1-icache-load-misses,337521450.0,,,
WorldCup_1920x1080_30p,37,veryfast,l1-icache-load-misses,434335728.0,486.0,-434335242.0,-0.9999988810499144
WorldCup_far_1920x1080_30p,37,veryfast,l1-icache-load-misses,619114874.0,0.0,-619114874.0,-1.0
Aerial3200,22,fast,llc-load-misses,,,,
Boat,22,fast,llc-load-misses,,,,
BoxingPractice,22,fast,llc-load-misses,,,,
Crosswalk,22,fast,llc-load-misses,,,,
CrowdRun,22,fast,llc-load-misses,,,,
DinnerSceneCropped,22,fast,llc-load-misses,,,,
FoodMarket,22,fast,llc-load-misses,,,,
FoodMarket2,22,fast,llc-load-misses,,,,
MeridianTalk_sdr,22,fast,llc-load-misses,,,,
Motorcycle,22,fast,llc-load-misses,,,,
MountainBike,22,fast,llc-load-misses,,,,
Neon1224,22,fast,llc-load-misses,,,,
NocturneDance_3840x2160p_8bit,22,fast,llc-load-misses,,,,
OldTownCross,22,fast,llc-load-misses,,,,
PedestrianArea,22,fast,llc-load-misses,,,,
PierSeaSide,22,fast,llc-load-misses,,,,
RitualDance,22,fast,llc-load-misses,,,,
Riverbed,22,fast,llc-load-misses,,,,
RushFieldCuts,22,fast,llc-load-misses,,,,
Skater227,22,fast,llc-load-misses,,,,
Tango,22,fast,llc-load-misses,,,,
TimeLapse,22,fast,llc-load-misses,,,,
ToddlerFountain,22,fast,llc-load-misses,,,,
TreesAndGrass_1920_1080,22,fast,llc-load-misses,,,,
TunnelFlag,22,fast,llc-load-misses,,,,
Vertical_Carnaby,22,fast,llc-load-misses,,,,
Vertical_bees,22,fast,llc-load-misses,,,,
WalkingInStreet,22,fast,llc-load-misses,,,,
WorldCup_1920x1080_30p,22,fast,llc-load-misses,,,,
WorldCup_far_1920x1080_30p,22,fast,llc-load-misses,,,,
Aerial3200,27,fast,llc-load-misses,,,,
Boat,27,fast,llc-load-misses,,,,
BoxingPractice,27,fast,llc-load-misses,,,,
Crosswalk,27,fast,llc-load-misses,,,,
CrowdRun,27,fast,llc-load-misses,,,,
DinnerSceneCropped,27,fast,llc-load-misses,,,,
FoodMarket,27,fast,llc-load-misses,,,,
FoodMarket2,27,fast,llc-load-misses,,,,
MeridianTalk_sdr,27,fast,llc-load-misses,,,,
Motorcycle,27,fast,llc-load-misses,,,,
MountainBike,27,fast,llc-load-misses,,,,
Neon1224,27,fast,llc-load-misses,,,,
NocturneDance_3840x2160p_8bit,27,fast,llc-load-misses,,,,
OldTownCross,27,fast,llc-load-misses,,,,
PedestrianArea,27,fast,llc-load-misses,,,,
PierSeaSide,27,fast,llc-load-misses,,,,
RitualDance,27,fast,llc-load-misses,,,,
Riverbed,27,fast,llc-load-misses,,,,
RushFieldCuts,27,fast,llc-load-misses,,,,
Skater227,27,fast,llc-load-misses,,,,
Tango,27,fast,llc-load-misses,,,,
TimeLapse,27,fast,llc-load-misses,,,,
ToddlerFountain,27,fast,llc-load-misses,,,,
TreesAndGrass_1920_1080,27,fast,llc-load-misses,,,,
TunnelFlag,27,fast,llc-load-misses,,,,
Vertical_Carnaby,27,fast,llc-load-misses,,,,
Vertical_bees,27,fast,llc-load-misses,,,,
WalkingInStreet,27,fast,llc-load-misses,,,,
WorldCup_1920x1080_30p,27,fast,llc-load-misses,,,,
WorldCup_far_1920x1080_30p,27,fast,llc-load-misses,,,,
Aerial3200,32,fast,llc-load-misses,,,,
Boat,32,fast,llc-load-misses,,,,
BoxingPractice,32,fast,llc-load-misses,,,,
Crosswalk,32,fast,llc-load-misses,,,,
CrowdRun,32,fast,llc-load-misses,,,,
DinnerSceneCropped,32,fast,llc-load-misses,,,,
FoodMarket,32,fast,llc-load-misses,,,,
FoodMarket2,32,fast,llc-load-misses,,,,
MeridianTalk_sdr,32,fast,llc-load-misses,,,,
Motorcycle,32,fast,llc-load-misses,,,,
MountainBike,32,fast,llc-load-misses,,,,
Neon1224,32,fast,llc-load-misses,,,,
NocturneDance_3840x2160p_8bit,32,fast,llc-load-misses,,,,
OldTownCross,32,fast,llc-load-misses,,,,
PedestrianArea,32,fast,llc-load-misses,,,,
PierSeaSide,32,fast,llc-load-misses,,,,
RitualDance,32,fast,llc-load-misses,,,,
Riverbed,32,fast,llc-load-misses,,,,
RushFieldCuts,32,fast,llc-load-misses,,,,
Skater227,32,fast,llc-load-misses,,,,
Tango,32,fast,llc-load-misses,,,,
TimeLapse,32,fast,llc-load-misses,,,,
ToddlerFountain,32,fast,llc-load-misses,,,,
TreesAndGrass_1920_1080,32,fast,llc-load-misses,,,,
TunnelFlag,32,fast,llc-load-misses,,,,
Vertical_Carnaby,32,fast,llc-load-misses,,,,
Vertical_bees,32,fast,llc-load-misses,,,,
WalkingInStreet,32,fast,llc-load-misses,,,,
WorldCup_1920x1080_30p,32,fast,llc-load-misses,,,,
WorldCup_far_1920x1080_30p,32,fast,llc-load-misses,,,,
Aerial3200,37,fast,llc-load-misses,,,,
Boat,37,fast,llc-load-misses,,,,
BoxingPractice,37,fast,llc-load-misses,,,,
Crosswalk,37,fast,llc-load-misses,,,,
CrowdRun,37,fast,llc-load-misses,,,,
DinnerSceneCropped,37,fast,llc-load-misses,,,,
FoodMarket,37,fast,llc-load-misses,,,,
FoodMarket2,37,fast,llc-load-misses,,,,
MeridianTalk_sdr,37,fast,llc-load-misses,,,,
Motorcycle,37,fast,llc-load-misses,,,,
MountainBike,37,fast,llc-load-misses,,,,
Neon1224,37,fast,llc-load-misses,,,,
NocturneDance_3840x2160p_8bit,37,fast,llc-load-misses,,,,
OldTownCross,37,fast,llc-load-misses,,,,
PedestrianArea,37,fast,llc-load-misses,,,,
PierSeaSide,37,fast,llc-load-misses,,,,
RitualDance,37,fast,llc-load-misses,,,,
Riverbed,37,fast,llc-load-misses,,,,
RushFieldCuts,37,fast,llc-load-misses,,,,
Skater227,37,fast,llc-load-misses,,,,
Tango,37,fast,llc-load-misses,,,,
TimeLapse,37,fast,llc-load-misses,,,,
ToddlerFountain,37,fast,llc-load-misses,,,,
TreesAndGrass_1920_1080,37,fast,llc-load-misses,,,,
TunnelFlag,37,fast,llc-load-misses,,,,
Vertical_Carnaby,37,fast,llc-load-misses,,,,
Vertical_bees,37,fast,llc-load-misses,,,,
WalkingInStreet,37,fast,llc-load-misses,,,,
WorldCup_1920x1080_30p,37,fast,llc-load-misses,,,,
WorldCup_far_1920x1080_30p,37,fast,llc-load-misses,,,,
Aerial3200,22,faster,llc-load-misses,,,,
Boat,22,faster,llc-load-misses,,,,
BoxingPractice,22,faster,llc-load-misses,,,,
Crosswalk,22,faster,llc-load-misses,,,,
CrowdRun,22,faster,llc-load-misses,,,,
DinnerSceneCropped,22,faster,llc-load-misses,,,,
FoodMarket,22,faster,llc-load-misses,,,,
FoodMarket2,22,faster,llc-load-misses,,,,
MeridianTalk_sdr,22,faster,llc-load-misses,,,,
Motorcycle,22,faster,llc-load-misses,,,,
MountainBike,22,faster,llc-load-misses,,,,
Neon1224,22,faster,llc-load-misses,,,,
NocturneDance_3840x2160p_8bit,22,faster,llc-load-misses,,,,
OldTownCross,22,faster,llc-load-misses,,,,
PedestrianArea,22,faster,llc-load-misses,,,,
PierSeaSide,22,faster,llc-load-misses,,,,
RitualDance,22,faster,llc-load-misses,,,,
Riverbed,22,faster,llc-load-misses,,,,
RushFieldCuts,22,faster,llc-load-misses,,,,
Skater227,22,faster,llc-load-misses,,,,
Tango,22,faster,llc-load-misses,,,,
TimeLapse,22,faster,llc-load-misses,,,,
ToddlerFountain,22,faster,llc-load-misses,,,,
TreesAndGrass_1920_1080,22,faster,llc-load-misses,,,,
TunnelFlag,22,faster,llc-load-misses,,,,
Vertical_Carnaby,22,faster,llc-load-misses,,,,
Vertical_bees,22,faster,llc-load-misses,,,,
WalkingInStreet,22,faster,llc-load-misses,,,,
WorldCup_1920x1080_30p,22,faster,llc-load-misses,,,,
WorldCup_far_1920x1080_30p,22,faster,llc-load-misses,,,,
Aerial3200,27,faster,llc-load-misses,,,,
Boat,27,faster,llc-load-misses,,,,
BoxingPractice,27,faster,llc-load-misses,,,,
Crosswalk,27,faster,llc-load-misses,,,,
CrowdRun,27,faster,llc-load-misses,,,,
DinnerSceneCropped,27,faster,llc-load-misses,,,,
FoodMarket,27,faster,llc-load-misses,,,,
FoodMarket2,27,faster,llc-load-misses,,,,
MeridianTalk_sdr,27,faster,llc-load-misses,,,,
Motorcycle,27,faster,llc-load-misses,,,,
MountainBike,27,faster,llc-load-misses,,,,
Neon1224,27,faster,llc-load-misses,,,,
NocturneDance_3840x2160p_8bit,27,faster,llc-load-misses,,,,
OldTownCross,27,faster,llc-load-misses,,,,
PedestrianArea,27,faster,llc-load-misses,,,,
PierSeaSide,27,faster,llc-load-misses,,,,
RitualDance,27,faster,llc-load-misses,,,,
Riverbed,27,faster,llc-load-misses,,,,
RushFieldCuts,27,faster,llc-load-misses,,,,
Skater227,27,faster,llc-load-misses,,,,
Tango,27,faster,llc-load-misses,,,,
TimeLapse,27,faster,llc-load-misses,,,,
ToddlerFountain,27,faster,llc-load-misses,,,,
TreesAndGrass_1920_1080,27,faster,llc-load-misses,,,,
TunnelFlag,27,faster,llc-load-misses,,,,
Vertical_Carnaby,27,faster,llc-load-misses,,,,
Vertical_bees,27,faster,llc-load-misses,,,,
WalkingInStreet,27,faster,llc-load-misses,,,,
WorldCup_1920x1080_30p,27,faster,llc-load-misses,,,,
WorldCup_far_1920x1080_30p,27,faster,llc-load-misses,,,,
Aerial3200,32,faster,llc-load-misses,,,,
Boat,32,faster,llc-load-misses,,,,
BoxingPractice,32,faster,llc-load-misses,,,,
Crosswalk,32,faster,llc-load-misses,,,,
CrowdRun,32,faster,llc-load-misses,,,,
DinnerSceneCropped,32,faster,llc-load-misses,,,,
FoodMarket,32,faster,llc-load-misses,,,,
FoodMarket2,32,faster,llc-load-misses,,,,
MeridianTalk_sdr,32,faster,llc-load-misses,,,,
Motorcycle,32,faster,llc-load-misses,,,,
MountainBike,32,faster,llc-load-misses,,,,
Neon1224,32,faster,llc-load-misses,,,,
NocturneDance_3840x2160p_8bit,32,faster,llc-load-misses,,,,
OldTownCross,32,faster,llc-load-misses,,,,
PedestrianArea,32,faster,llc-load-misses,,,,
PierSeaSide,32,faster,llc-load-misses,,,,
RitualDance,32,faster,llc-load-misses,,,,
Riverbed,32,faster,llc-load-misses,,,,
RushFieldCuts,32,faster,llc-load-misses,,,,
Skater227,32,faster,llc-load-misses,,,,
Tango,32,faster,llc-load-misses,,,,
TimeLapse,32,faster,llc-load-misses,,,,
ToddlerFountain,32,faster,llc-load-misses,,,,
TreesAndGrass_1920_1080,32,faster,llc-load-misses,,,,
TunnelFlag,32,faster,llc-load-misses,,,,
Vertical_Carnaby,32,faster,llc-load-misses,,,,
Vertical_bees,32,faster,llc-load-misses,,,,
WalkingInStreet,32,faster,llc-load-misses,,,,
WorldCup_1920x1080_30p,32,faster,llc-load-misses,,,,
WorldCup_far_1920x1080_30p,32,faster,llc-load-misses,,,,
Aerial3200,37,faster,llc-load-misses,,,,
Boat,37,faster,llc-load-misses,,,,
BoxingPractice,37,faster,llc-load-misses,,,,
Crosswalk,37,faster,llc-load-misses,,,,
CrowdRun,37,faster,llc-load-misses,,,,
DinnerSceneCropped,37,faster,llc-load-misses,,,,
FoodMarket,37,faster,llc-load-misses,,,,
FoodMarket2,37,faster,llc-load-misses,,,,
MeridianTalk_sdr,37,faster,llc-load-misses,,,,
Motorcycle,37,faster,llc-load-misses,,,,
MountainBike,37,faster,llc-load-misses,,,,
Neon1224,37,faster,llc-load-misses,,,,
NocturneDance_3840x2160p_8bit,37,faster,llc-load-misses,,,,
OldTownCross,37,faster,llc-load-misses,,,,
PedestrianArea,37,faster,llc-load-misses,,,,
PierSeaSide,37,faster,llc-load-misses,,,,
RitualDance,37,faster,llc-load-misses,,,,
Riverbed,37,faster,llc-load-misses,,,,
RushFieldCuts,37,faster,llc-load-misses,,,,
Skater227,37,faster,llc-load-misses,,,,
Tango,37,faster,llc-load-misses,,,,
TimeLapse,37,faster,llc-load-misses,,,,
ToddlerFountain,37,faster,llc-load-misses,,,,
TreesAndGrass_1920_1080,37,faster,llc-load-misses,,,,
TunnelFlag,37,faster,llc-load-misses,,,,
Vertical_Carnaby,37,faster,llc-load-misses,,,,
Vertical_bees,37,faster,llc-load-misses,,,,
WalkingInStreet,37,faster,llc-load-misses,,,,
WorldCup_1920x1080_30p,37,faster,llc-load-misses,,,,
WorldCup_far_1920x1080_30p,37,faster,llc-load-misses,,,,
Aerial3200,22,superfast,llc-load-misses,,,,
Boat,22,superfast,llc-load-misses,,,,
BoxingPractice,22,superfast,llc-load-misses,,,,
Crosswalk,22,superfast,llc-load-misses,,,,
CrowdRun,22,superfast,llc-load-misses,,,,
DinnerSceneCropped,22,superfast,llc-load-misses,,,,
FoodMarket,22,superfast,llc-load-misses,,,,
FoodMarket2,22,superfast,llc-load-misses,,,,
MeridianTalk_sdr,22,superfast,llc-load-misses,,,,
Motorcycle,22,superfast,llc-load-misses,,,,
MountainBike,22,superfast,llc-load-misses,,,,
Neon1224,22,superfast,llc-load-misses,,,,
NocturneDance_3840x2160p_8bit,22,superfast,llc-load-misses,,,,
OldTownCross,22,superfast,llc-load-misses,,,,
PedestrianArea,22,superfast,llc-load-misses,,,,
PierSeaSide,22,superfast,llc-load-misses,,,,
RitualDance,22,superfast,llc-load-misses,,,,
Riverbed,22,superfast,llc-load-misses,,,,
RushFieldCuts,22,superfast,llc-load-misses,,,,
Skater227,22,superfast,llc-load-misses,,,,
Tango,22,superfast,llc-load-misses,,,,
TimeLapse,22,superfast,llc-load-misses,,,,
ToddlerFountain,22,superfast,llc-load-misses,,,,
TreesAndGrass_1920_1080,22,superfast,llc-load-misses,,,,
TunnelFlag,22,superfast,llc-load-misses,,,,
Vertical_Carnaby,22,superfast,llc-load-misses,,,,
Vertical_bees,22,superfast,llc-load-misses,,,,
WalkingInStreet,22,superfast,llc-load-misses,,,,
WorldCup_1920x1080_30p,22,superfast,llc-load-misses,,,,
WorldCup_far_1920x1080_30p,22,superfast,llc-load-misses,,,,
Aerial3200,27,superfast,llc-load-misses,,,,
Boat,27,superfast,llc-load-misses,,,,
BoxingPractice,27,superfast,llc-load-misses,,,,
Crosswalk,27,superfast,llc-load-misses,,,,
CrowdRun,27,superfast,llc-load-misses,,,,
DinnerSceneCropped,27,superfast,llc-load-misses,,,,
FoodMarket,27,superfast,llc-load-misses,,,,
FoodMarket2,27,superfast,llc-load-misses,,,,
MeridianTalk_sdr,27,superfast,llc-load-misses,,,,
Motorcycle,27,superfast,llc-load-misses,,,,
MountainBike,27,superfast,llc-load-misses,,,,
Neon1224,27,superfast,llc-load-misses,,,,
NocturneDance_3840x2160p_8bit,27,superfast,llc-load-misses,,,,
OldTownCross,27,superfast,llc-load-misses,,,,
PedestrianArea,27,superfast,llc-load-misses,,,,
PierSeaSide,27,superfast,llc-load-misses,,,,
RitualDance,27,superfast,llc-load-misses,,,,
Riverbed,27,superfast,llc-load-misses,,,,
RushFieldCuts,27,superfast,llc-load-misses,,,,
Skater227,27,superfast,llc-load-misses,,,,
Tango,27,superfast,llc-load-misses,,,,
TimeLapse,27,superfast,llc-load-misses,,,,
ToddlerFountain,27,superfast,llc-load-misses,,,,
TreesAndGrass_1920_1080,27,superfast,llc-load-misses,,,,
TunnelFlag,27,superfast,llc-load-misses,,,,
Vertical_Carnaby,27,superfast,llc-load-misses,,,,
Vertical_bees,27,superfast,llc-load-misses,,,,
WalkingInStreet,27,superfast,llc-load-misses,,,,
WorldCup_1920x1080_30p,27,superfast,llc-load-misses,,,,
WorldCup_far_1920x1080_30p,27,superfast,llc-load-misses,,,,
Aerial3200,32,superfast,llc-load-misses,,,,
Boat,32,superfast,llc-load-misses,,,,
BoxingPractice,32,superfast,llc-load-misses,,,,
Crosswalk,32,superfast,llc-load-misses,,,,
CrowdRun,32,superfast,llc-load-misses,,,,
DinnerSceneCropped,32,superfast,llc-load-misses,,,,
FoodMarket,32,superfast,llc-load-misses,,,,
FoodMarket2,32,superfast,llc-load-misses,,,,
MeridianTalk_sdr,32,superfast,llc-load-misses,,,,
Motorcycle,32,superfast,llc-load-misses,,,,
MountainBike,32,superfast,llc-load-misses,,,,
Neon1224,32,superfast,llc-load-misses,,,,
NocturneDance_3840x2160p_8bit,32,superfast,llc-load-misses,,,,
OldTownCross,32,superfast,llc-load-misses,,,,
PedestrianArea,32,superfast,llc-load-misses,,,,
PierSeaSide,32,superfast,llc-load-misses,,,,
RitualDance,32,superfast,llc-load-misses,,,,
Riverbed,32,superfast,llc-load-misses,,,,
RushFieldCuts,32,superfast,llc-load-misses,,,,
Skater227,32,superfast,llc-load-misses,,,,
Tango,32,superfast,llc-load-misses,,,,
TimeLapse,32,superfast,llc-load-misses,,,,
ToddlerFountain,32,superfast,llc-load-misses,,,,
TreesAndGrass_1920_1080,32,superfast,llc-load-misses,,,,
TunnelFlag,32,superfast,llc-load-misses,,,,
Vertical_Carnaby,32,superfast,llc-load-misses,,,,
Vertical_bees,32,superfast,llc-load-misses,,,,
WalkingInStreet,32,superfast,llc-load-misses,,,,
WorldCup_1920x1080_30p,32,superfast,llc-load-misses,,,,
WorldCup_far_1920x1080_30p,32,superfast,llc-load-misses,,,,
Aerial3200,37,superfast,llc-load-misses,,,,
Boat,37,superfast,llc-load-misses,,,,
BoxingPractice,37,superfast,llc-load-misses,,,,
Crosswalk,37,superfast,llc-load-misses,,,,
CrowdRun,37,superfast,llc-load-misses,,,,
DinnerSceneCropped,37,superfast,llc-load-misses,,,,
FoodMarket,37,superfast,llc-load-misses,,,,
FoodMarket2,37,superfast,llc-load-misses,,,,
MeridianTalk_sdr,37,superfast,llc-load-misses,,,,
Motorcycle,37,superfast,llc-load-misses,,,,
MountainBike,37,superfast,llc-load-misses,,,,
Neon1224,37,superfast,llc-load-misses,,,,
NocturneDance_3840x2160p_8bit,37,superfast,llc-load-misses,,,,
OldTownCross,37,superfast,llc-load-misses,,,,
PedestrianArea,37,superfast,llc-load-misses,,,,
PierSeaSide,37,superfast,llc-load-misses,,,,
RitualDance,37,superfast,llc-load-misses,,,,
Riverbed,37,superfast,llc-load-misses,,,,
RushFieldCuts,37,superfast,llc-load-misses,,,,
Skater227,37,superfast,llc-load-misses,,,,
Tango,37,superfast,llc-load-misses,,,,
TimeLapse,37,superfast,llc-load-misses,,,,
ToddlerFountain,37,superfast,llc-load-misses,,,,
TreesAndGrass_1920_1080,37,superfast,llc-load-misses,,,,
TunnelFlag,37,superfast,llc-load-misses,,,,
Vertical_Carnaby,37,superfast,llc-load-misses,,,,
Vertical_bees,37,superfast,llc-load-misses,,,,
WalkingInStreet,37,superfast,llc-load-misses,,,,
WorldCup_1920x1080_30p,37,superfast,llc-load-misses,,,,
WorldCup_far_1920x1080_30p,37,superfast,llc-load-misses,,,,
Aerial3200,22,veryfast,llc-load-misses,,,,
Boat,22,veryfast,llc-load-misses,,,,
BoxingPractice,22,veryfast,llc-load-misses,,,,
Crosswalk,22,veryfast,llc-load-misses,,,,
CrowdRun,22,veryfast,llc-load-misses,,,,
DinnerSceneCropped,22,veryfast,llc-load-misses,,,,
FoodMarket,22,veryfast,llc-load-misses,,,,
FoodMarket2,22,veryfast,llc-load-misses,,,,
MeridianTalk_sdr,22,veryfast,llc-load-misses,,,,
Motorcycle,22,veryfast,llc-load-misses,,,,
MountainBike,22,veryfast,llc-load-misses,,,,
Neon1224,22,veryfast,llc-load-misses,,,,
NocturneDance_3840x2160p_8bit,22,veryfast,llc-load-misses,,,,
OldTownCross,22,veryfast,llc-load-misses,,,,
PedestrianArea,22,veryfast,llc-load-misses,,,,
PierSeaSide,22,veryfast,llc-load-misses,,,,
RitualDance,22,veryfast,llc-load-misses,,,,
Riverbed,22,veryfast,llc-load-misses,,,,
RushFieldCuts,22,veryfast,llc-load-misses,,,,
Skater227,22,veryfast,llc-load-misses,,,,
Tango,22,veryfast,llc-load-misses,,,,
TimeLapse,22,veryfast,llc-load-misses,,,,
ToddlerFountain,22,veryfast,llc-load-misses,,,,
TreesAndGrass_1920_1080,22,veryfast,llc-load-misses,,,,
TunnelFlag,22,veryfast,llc-load-misses,,,,
Vertical_Carnaby,22,veryfast,llc-load-misses,,,,
Vertical_bees,22,veryfast,llc-load-misses,,,,
WalkingInStreet,22,veryfast,llc-load-misses,,,,
WorldCup_1920x1080_30p,22,veryfast,llc-load-misses,,,,
WorldCup_far_1920x1080_30p,22,veryfast,llc-load-misses,,,,
Aerial3200,27,veryfast,llc-load-misses,,,,
Boat,27,veryfast,llc-load-misses,,,,
BoxingPractice,27,veryfast,llc-load-misses,,,,
Crosswalk,27,veryfast,llc-load-misses,,,,
CrowdRun,27,veryfast,llc-load-misses,,,,
DinnerSceneCropped,27,veryfast,llc-load-misses,,,,
FoodMarket,27,veryfast,llc-load-misses,,,,
FoodMarket2,27,veryfast,llc-load-misses,,,,
MeridianTalk_sdr,27,veryfast,llc-load-misses,,,,
Motorcycle,27,veryfast,llc-load-misses,,,,
MountainBike,27,veryfast,llc-load-misses,,,,
Neon1224,27,veryfast,llc-load-misses,,,,
NocturneDance_3840x2160p_8bit,27,veryfast,llc-load-misses,,,,
OldTownCross,27,veryfast,llc-load-misses,,,,
PedestrianArea,27,veryfast,llc-load-misses,,,,
PierSeaSide,27,veryfast,llc-load-misses,,,,
RitualDance,27,veryfast,llc-load-misses,,,,
Riverbed,27,veryfast,llc-load-misses,,,,
RushFieldCuts,27,veryfast,llc-load-misses,,,,
Skater227,27,veryfast,llc-load-misses,,,,
Tango,27,veryfast,llc-load-misses,,,,
TimeLapse,27,veryfast,llc-load-misses,,,,
ToddlerFountain,27,veryfast,llc-load-misses,,,,
TreesAndGrass_1920_1080,27,veryfast,llc-load-misses,,,,
TunnelFlag,27,veryfast,llc-load-misses,,,,
Vertical_Carnaby,27,veryfast,llc-load-misses,,,,
Vertical_bees,27,veryfast,llc-load-misses,,,,
WalkingInStreet,27,veryfast,llc-load-misses,,,,
WorldCup_1920x1080_30p,27,veryfast,llc-load-misses,,,,
WorldCup_far_1920x1080_30p,27,veryfast,llc-load-misses,,,,
Aerial3200,32,veryfast,llc-load-misses,,,,
Boat,32,veryfast,llc-load-misses,,,,
BoxingPractice,32,veryfast,llc-load-misses,,,,
Crosswalk,32,veryfast,llc-load-misses,,,,
CrowdRun,32,veryfast,llc-load-misses,,,,
DinnerSceneCropped,32,veryfast,llc-load-misses,,,,
FoodMarket,32,veryfast,llc-load-misses,,,,
FoodMarket2,32,veryfast,llc-load-misses,,,,
MeridianTalk_sdr,32,veryfast,llc-load-misses,,,,
Motorcycle,32,veryfast,llc-load-misses,,,,
MountainBike,32,veryfast,llc-load-misses,,,,
Neon1224,32,veryfast,llc-load-misses,,,,
NocturneDance_3840x2160p_8bit,32,veryfast,llc-load-misses,,,,
OldTownCross,32,veryfast,llc-load-misses,,,,
PedestrianArea,32,veryfast,llc-load-misses,,,,
PierSeaSide,32,veryfast,llc-load-misses,,,,
RitualDance,32,veryfast,llc-load-misses,,,,
Riverbed,32,veryfast,llc-load-misses,,,,
RushFieldCuts,32,veryfast,llc-load-misses,,,,
Skater227,32,veryfast,llc-load-misses,,,,
Tango,32,veryfast,llc-load-misses,,,,
TimeLapse,32,veryfast,llc-load-misses,,,,
ToddlerFountain,32,veryfast,llc-load-misses,,,,
TreesAndGrass_1920_1080,32,veryfast,llc-load-misses,,,,
TunnelFlag,32,veryfast,llc-load-misses,,,,
Vertical_Carnaby,32,veryfast,llc-load-misses,,,,
Vertical_bees,32,veryfast,llc-load-misses,,,,
WalkingInStreet,32,veryfast,llc-load-misses,,,,
WorldCup_1920x1080_30p,32,veryfast,llc-load-misses,,,,
WorldCup_far_1920x1080_30p,32,veryfast,llc-load-misses,,,,
Aerial3200,37,veryfast,llc-load-misses,,,,
Boat,37,veryfast,llc-load-misses,,,,
BoxingPractice,37,veryfast,llc-load-misses,,,,
Crosswalk,37,veryfast,llc-load-misses,,,,
CrowdRun,37,veryfast,llc-load-misses,,,,
DinnerSceneCropped,37,veryfast,llc-load-misses,,,,
FoodMarket,37,veryfast,llc-load-misses,,,,
FoodMarket2,37,veryfast,llc-load-misses,,,,
MeridianTalk_sdr,37,veryfast,llc-load-misses,,,,
Motorcycle,37,veryfast,llc-load-misses,,,,
MountainBike,37,veryfast,llc-load-misses,,,,
Neon1224,37,veryfast,llc-load-misses,,,,
NocturneDance_3840x2160p_8bit,37,veryfast,llc-load-misses,,,,
OldTownCross,37,veryfast,llc-load-misses,,,,
PedestrianArea,37,veryfast,llc-load-misses,,,,
PierSeaSide,37,veryfast,llc-load-misses,,,,
RitualDance,37,veryfast,llc-load-misses,,,,
Riverbed,37,veryfast,llc-load-misses,,,,
RushFieldCuts,37,veryfast,llc-load-misses,,,,
Skater227,37,veryfast,llc-load-misses,,,,
Tango,37,veryfast,llc-load-misses,,,,
TimeLapse,37,veryfast,llc-load-misses,,,,
ToddlerFountain,37,veryfast,llc-load-misses,,,,
TreesAndGrass_1920_1080,37,veryfast,llc-load-misses,,,,
TunnelFlag,37,veryfast,llc-load-misses,,,,
Vertical_Carnaby,37,veryfast,llc-load-misses,,,,
Vertical_bees,37,veryfast,llc-load-misses,,,,
WalkingInStreet,37,veryfast,llc-load-misses,,,,
WorldCup_1920x1080_30p,37,veryfast,llc-load-misses,,,,
WorldCup_far_1920x1080_30p,37,veryfast,llc-load-misses,,,,
Aerial3200,22,fast,llc-loads,,,,
Boat,22,fast,llc-loads,,,,
BoxingPractice,22,fast,llc-loads,,,,
Crosswalk,22,fast,llc-loads,,,,
CrowdRun,22,fast,llc-loads,,,,
DinnerSceneCropped,22,fast,llc-loads,,,,
FoodMarket,22,fast,llc-loads,,,,
FoodMarket2,22,fast,llc-loads,,,,
MeridianTalk_sdr,22,fast,llc-loads,,,,
Motorcycle,22,fast,llc-loads,,,,
MountainBike,22,fast,llc-loads,,,,
Neon1224,22,fast,llc-loads,,,,
NocturneDance_3840x2160p_8bit,22,fast,llc-loads,,,,
OldTownCross,22,fast,llc-loads,,,,
PedestrianArea,22,fast,llc-loads,,,,
PierSeaSide,22,fast,llc-loads,,,,
RitualDance,22,fast,llc-loads,,,,
Riverbed,22,fast,llc-loads,,,,
RushFieldCuts,22,fast,llc-loads,,,,
Skater227,22,fast,llc-loads,,,,
Tango,22,fast,llc-loads,,,,
TimeLapse,22,fast,llc-loads,,,,
ToddlerFountain,22,fast,llc-loads,,,,
TreesAndGrass_1920_1080,22,fast,llc-loads,,,,
TunnelFlag,22,fast,llc-loads,,,,
Vertical_Carnaby,22,fast,llc-loads,,,,
Vertical_bees,22,fast,llc-loads,,,,
WalkingInStreet,22,fast,llc-loads,,,,
WorldCup_1920x1080_30p,22,fast,llc-loads,,,,
WorldCup_far_1920x1080_30p,22,fast,llc-loads,,,,
Aerial3200,27,fast,llc-loads,,,,
Boat,27,fast,llc-loads,,,,
BoxingPractice,27,fast,llc-loads,,,,
Crosswalk,27,fast,llc-loads,,,,
CrowdRun,27,fast,llc-loads,,,,
DinnerSceneCropped,27,fast,llc-loads,,,,
FoodMarket,27,fast,llc-loads,,,,
FoodMarket2,27,fast,llc-loads,,,,
MeridianTalk_sdr,27,fast,llc-loads,,,,
Motorcycle,27,fast,llc-loads,,,,
MountainBike,27,fast,llc-loads,,,,
Neon1224,27,fast,llc-loads,,,,
NocturneDance_3840x2160p_8bit,27,fast,llc-loads,,,,
OldTownCross,27,fast,llc-loads,,,,
PedestrianArea,27,fast,llc-loads,,,,
PierSeaSide,27,fast,llc-loads,,,,
RitualDance,27,fast,llc-loads,,,,
Riverbed,27,fast,llc-loads,,,,
RushFieldCuts,27,fast,llc-loads,,,,
Skater227,27,fast,llc-loads,,,,
Tango,27,fast,llc-loads,,,,
TimeLapse,27,fast,llc-loads,,,,
ToddlerFountain,27,fast,llc-loads,,,,
TreesAndGrass_1920_1080,27,fast,llc-loads,,,,
TunnelFlag,27,fast,llc-loads,,,,
Vertical_Carnaby,27,fast,llc-loads,,,,
Vertical_bees,27,fast,llc-loads,,,,
WalkingInStreet,27,fast,llc-loads,,,,
WorldCup_1920x1080_30p,27,fast,llc-loads,,,,
WorldCup_far_1920x1080_30p,27,fast,llc-loads,,,,
Aerial3200,32,fast,llc-loads,,,,
Boat,32,fast,llc-loads,,,,
BoxingPractice,32,fast,llc-loads,,,,
Crosswalk,32,fast,llc-loads,,,,
CrowdRun,32,fast,llc-loads,,,,
DinnerSceneCropped,32,fast,llc-loads,,,,
FoodMarket,32,fast,llc-loads,,,,
FoodMarket2,32,fast,llc-loads,,,,
MeridianTalk_sdr,32,fast,llc-loads,,,,
Motorcycle,32,fast,llc-loads,,,,
MountainBike,32,fast,llc-loads,,,,
Neon1224,32,fast,llc-loads,,,,
NocturneDance_3840x2160p_8bit,32,fast,llc-loads,,,,
OldTownCross,32,fast,llc-loads,,,,
PedestrianArea,32,fast,llc-loads,,,,
PierSeaSide,32,fast,llc-loads,,,,
RitualDance,32,fast,llc-loads,,,,
Riverbed,32,fast,llc-loads,,,,
RushFieldCuts,32,fast,llc-loads,,,,
Skater227,32,fast,llc-loads,,,,
Tango,32,fast,llc-loads,,,,
TimeLapse,32,fast,llc-loads,,,,
ToddlerFountain,32,fast,llc-loads,,,,
TreesAndGrass_1920_1080,32,fast,llc-loads,,,,
TunnelFlag,32,fast,llc-loads,,,,
Vertical_Carnaby,32,fast,llc-loads,,,,
Vertical_bees,32,fast,llc-loads,,,,
WalkingInStreet,32,fast,llc-loads,,,,
WorldCup_1920x1080_30p,32,fast,llc-loads,,,,
WorldCup_far_1920x1080_30p,32,fast,llc-loads,,,,
Aerial3200,37,fast,llc-loads,,,,
Boat,37,fast,llc-loads,,,,
BoxingPractice,37,fast,llc-loads,,,,
Crosswalk,37,fast,llc-loads,,,,
CrowdRun,37,fast,llc-loads,,,,
DinnerSceneCropped,37,fast,llc-loads,,,,
FoodMarket,37,fast,llc-loads,,,,
FoodMarket2,37,fast,llc-loads,,,,
MeridianTalk_sdr,37,fast,llc-loads,,,,
Motorcycle,37,fast,llc-loads,,,,
MountainBike,37,fast,llc-loads,,,,
Neon1224,37,fast,llc-loads,,,,
NocturneDance_3840x2160p_8bit,37,fast,llc-loads,,,,
OldTownCross,37,fast,llc-loads,,,,
PedestrianArea,37,fast,llc-loads,,,,
PierSeaSide,37,fast,llc-loads,,,,
RitualDance,37,fast,llc-loads,,,,
Riverbed,37,fast,llc-loads,,,,
RushFieldCuts,37,fast,llc-loads,,,,
Skater227,37,fast,llc-loads,,,,
Tango,37,fast,llc-loads,,,,
TimeLapse,37,fast,llc-loads,,,,
ToddlerFountain,37,fast,llc-loads,,,,
TreesAndGrass_1920_1080,37,fast,llc-loads,,,,
TunnelFlag,37,fast,llc-loads,,,,
Vertical_Carnaby,37,fast,llc-loads,,,,
Vertical_bees,37,fast,llc-loads,,,,
WalkingInStreet,37,fast,llc-loads,,,,
WorldCup_1920x1080_30p,37,fast,llc-loads,,,,
WorldCup_far_1920x1080_30p,37,fast,llc-loads,,,,
Aerial3200,22,faster,llc-loads,,,,
Boat,22,faster,llc-loads,,,,
BoxingPractice,22,faster,llc-loads,,,,
Crosswalk,22,faster,llc-loads,,,,
CrowdRun,22,faster,llc-loads,,,,
DinnerSceneCropped,22,faster,llc-loads,,,,
FoodMarket,22,faster,llc-loads,,,,
FoodMarket2,22,faster,llc-loads,,,,
MeridianTalk_sdr,22,faster,llc-loads,,,,
Motorcycle,22,faster,llc-loads,,,,
MountainBike,22,faster,llc-loads,,,,
Neon1224,22,faster,llc-loads,,,,
NocturneDance_3840x2160p_8bit,22,faster,llc-loads,,,,
OldTownCross,22,faster,llc-loads,,,,
PedestrianArea,22,faster,llc-loads,,,,
PierSeaSide,22,faster,llc-loads,,,,
RitualDance,22,faster,llc-loads,,,,
Riverbed,22,faster,llc-loads,,,,
RushFieldCuts,22,faster,llc-loads,,,,
Skater227,22,faster,llc-loads,,,,
Tango,22,faster,llc-loads,,,,
TimeLapse,22,faster,llc-loads,,,,
ToddlerFountain,22,faster,llc-loads,,,,
TreesAndGrass_1920_1080,22,faster,llc-loads,,,,
TunnelFlag,22,faster,llc-loads,,,,
Vertical_Carnaby,22,faster,llc-loads,,,,
Vertical_bees,22,faster,llc-loads,,,,
WalkingInStreet,22,faster,llc-loads,,,,
WorldCup_1920x1080_30p,22,faster,llc-loads,,,,
WorldCup_far_1920x1080_30p,22,faster,llc-loads,,,,
Aerial3200,27,faster,llc-loads,,,,
Boat,27,faster,llc-loads,,,,
BoxingPractice,27,faster,llc-loads,,,,
Crosswalk,27,faster,llc-loads,,,,
CrowdRun,27,faster,llc-loads,,,,
DinnerSceneCropped,27,faster,llc-loads,,,,
FoodMarket,27,faster,llc-loads,,,,
FoodMarket2,27,faster,llc-loads,,,,
MeridianTalk_sdr,27,faster,llc-loads,,,,
Motorcycle,27,faster,llc-loads,,,,
MountainBike,27,faster,llc-loads,,,,
Neon1224,27,faster,llc-loads,,,,
NocturneDance_3840x2160p_8bit,27,faster,llc-loads,,,,
OldTownCross,27,faster,llc-loads,,,,
PedestrianArea,27,faster,llc-loads,,,,
PierSeaSide,27,faster,llc-loads,,,,
RitualDance,27,faster,llc-loads,,,,
Riverbed,27,faster,llc-loads,,,,
RushFieldCuts,27,faster,llc-loads,,,,
Skater227,27,faster,llc-loads,,,,
Tango,27,faster,llc-loads,,,,
TimeLapse,27,faster,llc-loads,,,,
ToddlerFountain,27,faster,llc-loads,,,,
TreesAndGrass_1920_1080,27,faster,llc-loads,,,,
TunnelFlag,27,faster,llc-loads,,,,
Vertical_Carnaby,27,faster,llc-loads,,,,
Vertical_bees,27,faster,llc-loads,,,,
WalkingInStreet,27,faster,llc-loads,,,,
WorldCup_1920x1080_30p,27,faster,llc-loads,,,,
WorldCup_far_1920x1080_30p,27,faster,llc-loads,,,,
Aerial3200,32,faster,llc-loads,,,,
Boat,32,faster,llc-loads,,,,
BoxingPractice,32,faster,llc-loads,,,,
Crosswalk,32,faster,llc-loads,,,,
CrowdRun,32,faster,llc-loads,,,,
DinnerSceneCropped,32,faster,llc-loads,,,,
FoodMarket,32,faster,llc-loads,,,,
FoodMarket2,32,faster,llc-loads,,,,
MeridianTalk_sdr,32,faster,llc-loads,,,,
Motorcycle,32,faster,llc-loads,,,,
MountainBike,32,faster,llc-loads,,,,
Neon1224,32,faster,llc-loads,,,,
NocturneDance_3840x2160p_8bit,32,faster,llc-loads,,,,
OldTownCross,32,faster,llc-loads,,,,
PedestrianArea,32,faster,llc-loads,,,,
PierSeaSide,32,faster,llc-loads,,,,
RitualDance,32,faster,llc-loads,,,,
Riverbed,32,faster,llc-loads,,,,
RushFieldCuts,32,faster,llc-loads,,,,
Skater227,32,faster,llc-loads,,,,
Tango,32,faster,llc-loads,,,,
TimeLapse,32,faster,llc-loads,,,,
ToddlerFountain,32,faster,llc-loads,,,,
TreesAndGrass_1920_1080,32,faster,llc-loads,,,,
TunnelFlag,32,faster,llc-loads,,,,
Vertical_Carnaby,32,faster,llc-loads,,,,
Vertical_bees,32,faster,llc-loads,,,,
WalkingInStreet,32,faster,llc-loads,,,,
WorldCup_1920x1080_30p,32,faster,llc-loads,,,,
WorldCup_far_1920x1080_30p,32,faster,llc-loads,,,,
Aerial3200,37,faster,llc-loads,,,,
Boat,37,faster,llc-loads,,,,
BoxingPractice,37,faster,llc-loads,,,,
Crosswalk,37,faster,llc-loads,,,,
CrowdRun,37,faster,llc-loads,,,,
DinnerSceneCropped,37,faster,llc-loads,,,,
FoodMarket,37,faster,llc-loads,,,,
FoodMarket2,37,faster,llc-loads,,,,
MeridianTalk_sdr,37,faster,llc-loads,,,,
Motorcycle,37,faster,llc-loads,,,,
MountainBike,37,faster,llc-loads,,,,
Neon1224,37,faster,llc-loads,,,,
NocturneDance_3840x2160p_8bit,37,faster,llc-loads,,,,
OldTownCross,37,faster,llc-loads,,,,
PedestrianArea,37,faster,llc-loads,,,,
PierSeaSide,37,faster,llc-loads,,,,
RitualDance,37,faster,llc-loads,,,,
Riverbed,37,faster,llc-loads,,,,
RushFieldCuts,37,faster,llc-loads,,,,
Skater227,37,faster,llc-loads,,,,
Tango,37,faster,llc-loads,,,,
TimeLapse,37,faster,llc-loads,,,,
ToddlerFountain,37,faster,llc-loads,,,,
TreesAndGrass_1920_1080,37,faster,llc-loads,,,,
TunnelFlag,37,faster,llc-loads,,,,
Vertical_Carnaby,37,faster,llc-loads,,,,
Vertical_bees,37,faster,llc-loads,,,,
WalkingInStreet,37,faster,llc-loads,,,,
WorldCup_1920x1080_30p,37,faster,llc-loads,,,,
WorldCup_far_1920x1080_30p,37,faster,llc-loads,,,,
Aerial3200,22,superfast,llc-loads,,,,
Boat,22,superfast,llc-loads,,,,
BoxingPractice,22,superfast,llc-loads,,,,
Crosswalk,22,superfast,llc-loads,,,,
CrowdRun,22,superfast,llc-loads,,,,
DinnerSceneCropped,22,superfast,llc-loads,,,,
FoodMarket,22,superfast,llc-loads,,,,
FoodMarket2,22,superfast,llc-loads,,,,
MeridianTalk_sdr,22,superfast,llc-loads,,,,
Motorcycle,22,superfast,llc-loads,,,,
MountainBike,22,superfast,llc-loads,,,,
Neon1224,22,superfast,llc-loads,,,,
NocturneDance_3840x2160p_8bit,22,superfast,llc-loads,,,,
OldTownCross,22,superfast,llc-loads,,,,
PedestrianArea,22,superfast,llc-loads,,,,
PierSeaSide,22,superfast,llc-loads,,,,
RitualDance,22,superfast,llc-loads,,,,
Riverbed,22,superfast,llc-loads,,,,
RushFieldCuts,22,superfast,llc-loads,,,,
Skater227,22,superfast,llc-loads,,,,
Tango,22,superfast,llc-loads,,,,
TimeLapse,22,superfast,llc-loads,,,,
ToddlerFountain,22,superfast,llc-loads,,,,
TreesAndGrass_1920_1080,22,superfast,llc-loads,,,,
TunnelFlag,22,superfast,llc-loads,,,,
Vertical_Carnaby,22,superfast,llc-loads,,,,
Vertical_bees,22,superfast,llc-loads,,,,
WalkingInStreet,22,superfast,llc-loads,,,,
WorldCup_1920x1080_30p,22,superfast,llc-loads,,,,
WorldCup_far_1920x1080_30p,22,superfast,llc-loads,,,,
Aerial3200,27,superfast,llc-loads,,,,
Boat,27,superfast,llc-loads,,,,
BoxingPractice,27,superfast,llc-loads,,,,
Crosswalk,27,superfast,llc-loads,,,,
CrowdRun,27,superfast,llc-loads,,,,
DinnerSceneCropped,27,superfast,llc-loads,,,,
FoodMarket,27,superfast,llc-loads,,,,
FoodMarket2,27,superfast,llc-loads,,,,
MeridianTalk_sdr,27,superfast,llc-loads,,,,
Motorcycle,27,superfast,llc-loads,,,,
MountainBike,27,superfast,llc-loads,,,,
Neon1224,27,superfast,llc-loads,,,,
NocturneDance_3840x2160p_8bit,27,superfast,llc-loads,,,,
OldTownCross,27,superfast,llc-loads,,,,
PedestrianArea,27,superfast,llc-loads,,,,
PierSeaSide,27,superfast,llc-loads,,,,
RitualDance,27,superfast,llc-loads,,,,
Riverbed,27,superfast,llc-loads,,,,
RushFieldCuts,27,superfast,llc-loads,,,,
Skater227,27,superfast,llc-loads,,,,
Tango,27,superfast,llc-loads,,,,
TimeLapse,27,superfast,llc-loads,,,,
ToddlerFountain,27,superfast,llc-loads,,,,
TreesAndGrass_1920_1080,27,superfast,llc-loads,,,,
TunnelFlag,27,superfast,llc-loads,,,,
Vertical_Carnaby,27,superfast,llc-loads,,,,
Vertical_bees,27,superfast,llc-loads,,,,
WalkingInStreet,27,superfast,llc-loads,,,,
WorldCup_1920x1080_30p,27,superfast,llc-loads,,,,
WorldCup_far_1920x1080_30p,27,superfast,llc-loads,,,,
Aerial3200,32,superfast,llc-loads,,,,
Boat,32,superfast,llc-loads,,,,
BoxingPractice,32,superfast,llc-loads,,,,
Crosswalk,32,superfast,llc-loads,,,,
CrowdRun,32,superfast,llc-loads,,,,
DinnerSceneCropped,32,superfast,llc-loads,,,,
FoodMarket,32,superfast,llc-loads,,,,
FoodMarket2,32,superfast,llc-loads,,,,
MeridianTalk_sdr,32,superfast,llc-loads,,,,
Motorcycle,32,superfast,llc-loads,,,,
MountainBike,32,superfast,llc-loads,,,,
Neon1224,32,superfast,llc-loads,,,,
NocturneDance_3840x2160p_8bit,32,superfast,llc-loads,,,,
OldTownCross,32,superfast,llc-loads,,,,
PedestrianArea,32,superfast,llc-loads,,,,
PierSeaSide,32,superfast,llc-loads,,,,
RitualDance,32,superfast,llc-loads,,,,
Riverbed,32,superfast,llc-loads,,,,
RushFieldCuts,32,superfast,llc-loads,,,,
Skater227,32,superfast,llc-loads,,,,
Tango,32,superfast,llc-loads,,,,
TimeLapse,32,superfast,llc-loads,,,,
ToddlerFountain,32,superfast,llc-loads,,,,
TreesAndGrass_1920_1080,32,superfast,llc-loads,,,,
TunnelFlag,32,superfast,llc-loads,,,,
Vertical_Carnaby,32,superfast,llc-loads,,,,
Vertical_bees,32,superfast,llc-loads,,,,
WalkingInStreet,32,superfast,llc-loads,,,,
WorldCup_1920x1080_30p,32,superfast,llc-loads,,,,
WorldCup_far_1920x1080_30p,32,superfast,llc-loads,,,,
Aerial3200,37,superfast,llc-loads,,,,
Boat,37,superfast,llc-loads,,,,
BoxingPractice,37,superfast,llc-loads,,,,
Crosswalk,37,superfast,llc-loads,,,,
CrowdRun,37,superfast,llc-loads,,,,
DinnerSceneCropped,37,superfast,llc-loads,,,,
FoodMarket,37,superfast,llc-loads,,,,
FoodMarket2,37,superfast,llc-loads,,,,
MeridianTalk_sdr,37,superfast,llc-loads,,,,
Motorcycle,37,superfast,llc-loads,,,,
MountainBike,37,superfast,llc-loads,,,,
Neon1224,37,superfast,llc-loads,,,,
NocturneDance_3840x2160p_8bit,37,superfast,llc-loads,,,,
OldTownCross,37,superfast,llc-loads,,,,
PedestrianArea,37,superfast,llc-loads,,,,
PierSeaSide,37,superfast,llc-loads,,,,
RitualDance,37,superfast,llc-loads,,,,
Riverbed,37,superfast,llc-loads,,,,
RushFieldCuts,37,superfast,llc-loads,,,,
Skater227,37,superfast,llc-loads,,,,
Tango,37,superfast,llc-loads,,,,
TimeLapse,37,superfast,llc-loads,,,,
ToddlerFountain,37,superfast,llc-loads,,,,
TreesAndGrass_1920_1080,37,superfast,llc-loads,,,,
TunnelFlag,37,superfast,llc-loads,,,,
Vertical_Carnaby,37,superfast,llc-loads,,,,
Vertical_bees,37,superfast,llc-loads,,,,
WalkingInStreet,37,superfast,llc-loads,,,,
WorldCup_1920x1080_30p,37,superfast,llc-loads,,,,
WorldCup_far_1920x1080_30p,37,superfast,llc-loads,,,,
Aerial3200,22,veryfast,llc-loads,,,,
Boat,22,veryfast,llc-loads,,,,
BoxingPractice,22,veryfast,llc-loads,,,,
Crosswalk,22,veryfast,llc-loads,,,,
CrowdRun,22,veryfast,llc-loads,,,,
DinnerSceneCropped,22,veryfast,llc-loads,,,,
FoodMarket,22,veryfast,llc-loads,,,,
FoodMarket2,22,veryfast,llc-loads,,,,
MeridianTalk_sdr,22,veryfast,llc-loads,,,,
Motorcycle,22,veryfast,llc-loads,,,,
MountainBike,22,veryfast,llc-loads,,,,
Neon1224,22,veryfast,llc-loads,,,,
NocturneDance_3840x2160p_8bit,22,veryfast,llc-loads,,,,
OldTownCross,22,veryfast,llc-loads,,,,
PedestrianArea,22,veryfast,llc-loads,,,,
PierSeaSide,22,veryfast,llc-loads,,,,
RitualDance,22,veryfast,llc-loads,,,,
Riverbed,22,veryfast,llc-loads,,,,
RushFieldCuts,22,veryfast,llc-loads,,,,
Skater227,22,veryfast,llc-loads,,,,
Tango,22,veryfast,llc-loads,,,,
TimeLapse,22,veryfast,llc-loads,,,,
ToddlerFountain,22,veryfast,llc-loads,,,,
TreesAndGrass_1920_1080,22,veryfast,llc-loads,,,,
TunnelFlag,22,veryfast,llc-loads,,,,
Vertical_Carnaby,22,veryfast,llc-loads,,,,
Vertical_bees,22,veryfast,llc-loads,,,,
WalkingInStreet,22,veryfast,llc-loads,,,,
WorldCup_1920x1080_30p,22,veryfast,llc-loads,,,,
WorldCup_far_1920x1080_30p,22,veryfast,llc-loads,,,,
Aerial3200,27,veryfast,llc-loads,,,,
Boat,27,veryfast,llc-loads,,,,
BoxingPractice,27,veryfast,llc-loads,,,,
Crosswalk,27,veryfast,llc-loads,,,,
CrowdRun,27,veryfast,llc-loads,,,,
DinnerSceneCropped,27,veryfast,llc-loads,,,,
FoodMarket,27,veryfast,llc-loads,,,,
FoodMarket2,27,veryfast,llc-loads,,,,
MeridianTalk_sdr,27,veryfast,llc-loads,,,,
Motorcycle,27,veryfast,llc-loads,,,,
MountainBike,27,veryfast,llc-loads,,,,
Neon1224,27,veryfast,llc-loads,,,,
NocturneDance_3840x2160p_8bit,27,veryfast,llc-loads,,,,
OldTownCross,27,veryfast,llc-loads,,,,
PedestrianArea,27,veryfast,llc-loads,,,,
PierSeaSide,27,veryfast,llc-loads,,,,
RitualDance,27,veryfast,llc-loads,,,,
Riverbed,27,veryfast,llc-loads,,,,
RushFieldCuts,27,veryfast,llc-loads,,,,
Skater227,27,veryfast,llc-loads,,,,
Tango,27,veryfast,llc-loads,,,,
TimeLapse,27,veryfast,llc-loads,,,,
ToddlerFountain,27,veryfast,llc-loads,,,,
TreesAndGrass_1920_1080,27,veryfast,llc-loads,,,,
TunnelFlag,27,veryfast,llc-loads,,,,
Vertical_Carnaby,27,veryfast,llc-loads,,,,
Vertical_bees,27,veryfast,llc-loads,,,,
WalkingInStreet,27,veryfast,llc-loads,,,,
WorldCup_1920x1080_30p,27,veryfast,llc-loads,,,,
WorldCup_far_1920x1080_30p,27,veryfast,llc-loads,,,,
Aerial3200,32,veryfast,llc-loads,,,,
Boat,32,veryfast,llc-loads,,,,
BoxingPractice,32,veryfast,llc-loads,,,,
Crosswalk,32,veryfast,llc-loads,,,,
CrowdRun,32,veryfast,llc-loads,,,,
DinnerSceneCropped,32,veryfast,llc-loads,,,,
FoodMarket,32,veryfast,llc-loads,,,,
FoodMarket2,32,veryfast,llc-loads,,,,
MeridianTalk_sdr,32,veryfast,llc-loads,,,,
Motorcycle,32,veryfast,llc-loads,,,,
MountainBike,32,veryfast,llc-loads,,,,
Neon1224,32,veryfast,llc-loads,,,,
NocturneDance_3840x2160p_8bit,32,veryfast,llc-loads,,,,
OldTownCross,32,veryfast,llc-loads,,,,
PedestrianArea,32,veryfast,llc-loads,,,,
PierSeaSide,32,veryfast,llc-loads,,,,
RitualDance,32,veryfast,llc-loads,,,,
Riverbed,32,veryfast,llc-loads,,,,
RushFieldCuts,32,veryfast,llc-loads,,,,
Skater227,32,veryfast,llc-loads,,,,
Tango,32,veryfast,llc-loads,,,,
TimeLapse,32,veryfast,llc-loads,,,,
ToddlerFountain,32,veryfast,llc-loads,,,,
TreesAndGrass_1920_1080,32,veryfast,llc-loads,,,,
TunnelFlag,32,veryfast,llc-loads,,,,
Vertical_Carnaby,32,veryfast,llc-loads,,,,
Vertical_bees,32,veryfast,llc-loads,,,,
WalkingInStreet,32,veryfast,llc-loads,,,,
WorldCup_1920x1080_30p,32,veryfast,llc-loads,,,,
WorldCup_far_1920x1080_30p,32,veryfast,llc-loads,,,,
Aerial3200,37,veryfast,llc-loads,,,,
Boat,37,veryfast,llc-loads,,,,
BoxingPractice,37,veryfast,llc-loads,,,,
Crosswalk,37,veryfast,llc-loads,,,,
CrowdRun,37,veryfast,llc-loads,,,,
DinnerSceneCropped,37,veryfast,llc-loads,,,,
FoodMarket,37,veryfast,llc-loads,,,,
FoodMarket2,37,veryfast,llc-loads,,,,
MeridianTalk_sdr,37,veryfast,llc-loads,,,,
Motorcycle,37,veryfast,llc-loads,,,,
MountainBike,37,veryfast,llc-loads,,,,
Neon1224,37,veryfast,llc-loads,,,,
NocturneDance_3840x2160p_8bit,37,veryfast,llc-loads,,,,
OldTownCross,37,veryfast,llc-loads,,,,
PedestrianArea,37,veryfast,llc-loads,,,,
PierSeaSide,37,veryfast,llc-loads,,,,
RitualDance,37,veryfast,llc-loads,,,,
Riverbed,37,veryfast,llc-loads,,,,
RushFieldCuts,37,veryfast,llc-loads,,,,
Skater227,37,veryfast,llc-loads,,,,
Tango,37,veryfast,llc-loads,,,,
TimeLapse,37,veryfast,llc-loads,,,,
ToddlerFountain,37,veryfast,llc-loads,,,,
TreesAndGrass_1920_1080,37,veryfast,llc-loads,,,,
TunnelFlag,37,veryfast,llc-loads,,,,
Vertical_Carnaby,37,veryfast,llc-loads,,,,
Vertical_bees,37,veryfast,llc-loads,,,,
WalkingInStreet,37,veryfast,llc-loads,,,,
WorldCup_1920x1080_30p,37,veryfast,llc-loads,,,,
WorldCup_far_1920x1080_30p,37,veryfast,llc-loads,,,,
Aerial3200,22,fast,llc-store-misses,,,,
Boat,22,fast,llc-store-misses,,,,
BoxingPractice,22,fast,llc-store-misses,,,,
Crosswalk,22,fast,llc-store-misses,,,,
CrowdRun,22,fast,llc-store-misses,,,,
DinnerSceneCropped,22,fast,llc-store-misses,,,,
FoodMarket,22,fast,llc-store-misses,,,,
FoodMarket2,22,fast,llc-store-misses,,,,
MeridianTalk_sdr,22,fast,llc-store-misses,,,,
Motorcycle,22,fast,llc-store-misses,,,,
MountainBike,22,fast,llc-store-misses,,,,
Neon1224,22,fast,llc-store-misses,,,,
NocturneDance_3840x2160p_8bit,22,fast,llc-store-misses,,,,
OldTownCross,22,fast,llc-store-misses,,,,
PedestrianArea,22,fast,llc-store-misses,,,,
PierSeaSide,22,fast,llc-store-misses,,,,
RitualDance,22,fast,llc-store-misses,,,,
Riverbed,22,fast,llc-store-misses,,,,
RushFieldCuts,22,fast,llc-store-misses,,,,
Skater227,22,fast,llc-store-misses,,,,
Tango,22,fast,llc-store-misses,,,,
TimeLapse,22,fast,llc-store-misses,,,,
ToddlerFountain,22,fast,llc-store-misses,,,,
TreesAndGrass_1920_1080,22,fast,llc-store-misses,,,,
TunnelFlag,22,fast,llc-store-misses,,,,
Vertical_Carnaby,22,fast,llc-store-misses,,,,
Vertical_bees,22,fast,llc-store-misses,,,,
WalkingInStreet,22,fast,llc-store-misses,,,,
WorldCup_1920x1080_30p,22,fast,llc-store-misses,,,,
WorldCup_far_1920x1080_30p,22,fast,llc-store-misses,,,,
Aerial3200,27,fast,llc-store-misses,,,,
Boat,27,fast,llc-store-misses,,,,
BoxingPractice,27,fast,llc-store-misses,,,,
Crosswalk,27,fast,llc-store-misses,,,,
CrowdRun,27,fast,llc-store-misses,,,,
DinnerSceneCropped,27,fast,llc-store-misses,,,,
FoodMarket,27,fast,llc-store-misses,,,,
FoodMarket2,27,fast,llc-store-misses,,,,
MeridianTalk_sdr,27,fast,llc-store-misses,,,,
Motorcycle,27,fast,llc-store-misses,,,,
MountainBike,27,fast,llc-store-misses,,,,
Neon1224,27,fast,llc-store-misses,,,,
NocturneDance_3840x2160p_8bit,27,fast,llc-store-misses,,,,
OldTownCross,27,fast,llc-store-misses,,,,
PedestrianArea,27,fast,llc-store-misses,,,,
PierSeaSide,27,fast,llc-store-misses,,,,
RitualDance,27,fast,llc-store-misses,,,,
Riverbed,27,fast,llc-store-misses,,,,
RushFieldCuts,27,fast,llc-store-misses,,,,
Skater227,27,fast,llc-store-misses,,,,
Tango,27,fast,llc-store-misses,,,,
TimeLapse,27,fast,llc-store-misses,,,,
ToddlerFountain,27,fast,llc-store-misses,,,,
TreesAndGrass_1920_1080,27,fast,llc-store-misses,,,,
TunnelFlag,27,fast,llc-store-misses,,,,
Vertical_Carnaby,27,fast,llc-store-misses,,,,
Vertical_bees,27,fast,llc-store-misses,,,,
WalkingInStreet,27,fast,llc-store-misses,,,,
WorldCup_1920x1080_30p,27,fast,llc-store-misses,,,,
WorldCup_far_1920x1080_30p,27,fast,llc-store-misses,,,,
Aerial3200,32,fast,llc-store-misses,,,,
Boat,32,fast,llc-store-misses,,,,
BoxingPractice,32,fast,llc-store-misses,,,,
Crosswalk,32,fast,llc-store-misses,,,,
CrowdRun,32,fast,llc-store-misses,,,,
DinnerSceneCropped,32,fast,llc-store-misses,,,,
FoodMarket,32,fast,llc-store-misses,,,,
FoodMarket2,32,fast,llc-store-misses,,,,
MeridianTalk_sdr,32,fast,llc-store-misses,,,,
Motorcycle,32,fast,llc-store-misses,,,,
MountainBike,32,fast,llc-store-misses,,,,
Neon1224,32,fast,llc-store-misses,,,,
NocturneDance_3840x2160p_8bit,32,fast,llc-store-misses,,,,
OldTownCross,32,fast,llc-store-misses,,,,
PedestrianArea,32,fast,llc-store-misses,,,,
PierSeaSide,32,fast,llc-store-misses,,,,
RitualDance,32,fast,llc-store-misses,,,,
Riverbed,32,fast,llc-store-misses,,,,
RushFieldCuts,32,fast,llc-store-misses,,,,
Skater227,32,fast,llc-store-misses,,,,
Tango,32,fast,llc-store-misses,,,,
TimeLapse,32,fast,llc-store-misses,,,,
ToddlerFountain,32,fast,llc-store-misses,,,,
TreesAndGrass_1920_1080,32,fast,llc-store-misses,,,,
TunnelFlag,32,fast,llc-store-misses,,,,
Vertical_Carnaby,32,fast,llc-store-misses,,,,
Vertical_bees,32,fast,llc-store-misses,,,,
WalkingInStreet,32,fast,llc-store-misses,,,,
WorldCup_1920x1080_30p,32,fast,llc-store-misses,,,,
WorldCup_far_1920x1080_30p,32,fast,llc-store-misses,,,,
Aerial3200,37,fast,llc-store-misses,,,,
Boat,37,fast,llc-store-misses,,,,
BoxingPractice,37,fast,llc-store-misses,,,,
Crosswalk,37,fast,llc-store-misses,,,,
CrowdRun,37,fast,llc-store-misses,,,,
DinnerSceneCropped,37,fast,llc-store-misses,,,,
FoodMarket,37,fast,llc-store-misses,,,,
FoodMarket2,37,fast,llc-store-misses,,,,
MeridianTalk_sdr,37,fast,llc-store-misses,,,,
Motorcycle,37,fast,llc-store-misses,,,,
MountainBike,37,fast,llc-store-misses,,,,
Neon1224,37,fast,llc-store-misses,,,,
NocturneDance_3840x2160p_8bit,37,fast,llc-store-misses,,,,
OldTownCross,37,fast,llc-store-misses,,,,
PedestrianArea,37,fast,llc-store-misses,,,,
PierSeaSide,37,fast,llc-store-misses,,,,
RitualDance,37,fast,llc-store-misses,,,,
Riverbed,37,fast,llc-store-misses,,,,
RushFieldCuts,37,fast,llc-store-misses,,,,
Skater227,37,fast,llc-store-misses,,,,
Tango,37,fast,llc-store-misses,,,,
TimeLapse,37,fast,llc-store-misses,,,,
ToddlerFountain,37,fast,llc-store-misses,,,,
TreesAndGrass_1920_1080,37,fast,llc-store-misses,,,,
TunnelFlag,37,fast,llc-store-misses,,,,
Vertical_Carnaby,37,fast,llc-store-misses,,,,
Vertical_bees,37,fast,llc-store-misses,,,,
WalkingInStreet,37,fast,llc-store-misses,,,,
WorldCup_1920x1080_30p,37,fast,llc-store-misses,,,,
WorldCup_far_1920x1080_30p,37,fast,llc-store-misses,,,,
Aerial3200,22,faster,llc-store-misses,,,,
Boat,22,faster,llc-store-misses,,,,
BoxingPractice,22,faster,llc-store-misses,,,,
Crosswalk,22,faster,llc-store-misses,,,,
CrowdRun,22,faster,llc-store-misses,,,,
DinnerSceneCropped,22,faster,llc-store-misses,,,,
FoodMarket,22,faster,llc-store-misses,,,,
FoodMarket2,22,faster,llc-store-misses,,,,
MeridianTalk_sdr,22,faster,llc-store-misses,,,,
Motorcycle,22,faster,llc-store-misses,,,,
MountainBike,22,faster,llc-store-misses,,,,
Neon1224,22,faster,llc-store-misses,,,,
NocturneDance_3840x2160p_8bit,22,faster,llc-store-misses,,,,
OldTownCross,22,faster,llc-store-misses,,,,
PedestrianArea,22,faster,llc-store-misses,,,,
PierSeaSide,22,faster,llc-store-misses,,,,
RitualDance,22,faster,llc-store-misses,,,,
Riverbed,22,faster,llc-store-misses,,,,
RushFieldCuts,22,faster,llc-store-misses,,,,
Skater227,22,faster,llc-store-misses,,,,
Tango,22,faster,llc-store-misses,,,,
TimeLapse,22,faster,llc-store-misses,,,,
ToddlerFountain,22,faster,llc-store-misses,,,,
TreesAndGrass_1920_1080,22,faster,llc-store-misses,,,,
TunnelFlag,22,faster,llc-store-misses,,,,
Vertical_Carnaby,22,faster,llc-store-misses,,,,
Vertical_bees,22,faster,llc-store-misses,,,,
WalkingInStreet,22,faster,llc-store-misses,,,,
WorldCup_1920x1080_30p,22,faster,llc-store-misses,,,,
WorldCup_far_1920x1080_30p,22,faster,llc-store-misses,,,,
Aerial3200,27,faster,llc-store-misses,,,,
Boat,27,faster,llc-store-misses,,,,
BoxingPractice,27,faster,llc-store-misses,,,,
Crosswalk,27,faster,llc-store-misses,,,,
CrowdRun,27,faster,llc-store-misses,,,,
DinnerSceneCropped,27,faster,llc-store-misses,,,,
FoodMarket,27,faster,llc-store-misses,,,,
FoodMarket2,27,faster,llc-store-misses,,,,
MeridianTalk_sdr,27,faster,llc-store-misses,,,,
Motorcycle,27,faster,llc-store-misses,,,,
MountainBike,27,faster,llc-store-misses,,,,
Neon1224,27,faster,llc-store-misses,,,,
NocturneDance_3840x2160p_8bit,27,faster,llc-store-misses,,,,
OldTownCross,27,faster,llc-store-misses,,,,
PedestrianArea,27,faster,llc-store-misses,,,,
PierSeaSide,27,faster,llc-store-misses,,,,
RitualDance,27,faster,llc-store-misses,,,,
Riverbed,27,faster,llc-store-misses,,,,
RushFieldCuts,27,faster,llc-store-misses,,,,
Skater227,27,faster,llc-store-misses,,,,
Tango,27,faster,llc-store-misses,,,,
TimeLapse,27,faster,llc-store-misses,,,,
ToddlerFountain,27,faster,llc-store-misses,,,,
TreesAndGrass_1920_1080,27,faster,llc-store-misses,,,,
TunnelFlag,27,faster,llc-store-misses,,,,
Vertical_Carnaby,27,faster,llc-store-misses,,,,
Vertical_bees,27,faster,llc-store-misses,,,,
WalkingInStreet,27,faster,llc-store-misses,,,,
WorldCup_1920x1080_30p,27,faster,llc-store-misses,,,,
WorldCup_far_1920x1080_30p,27,faster,llc-store-misses,,,,
Aerial3200,32,faster,llc-store-misses,,,,
Boat,32,faster,llc-store-misses,,,,
BoxingPractice,32,faster,llc-store-misses,,,,
Crosswalk,32,faster,llc-store-misses,,,,
CrowdRun,32,faster,llc-store-misses,,,,
DinnerSceneCropped,32,faster,llc-store-misses,,,,
FoodMarket,32,faster,llc-store-misses,,,,
FoodMarket2,32,faster,llc-store-misses,,,,
MeridianTalk_sdr,32,faster,llc-store-misses,,,,
Motorcycle,32,faster,llc-store-misses,,,,
MountainBike,32,faster,llc-store-misses,,,,
Neon1224,32,faster,llc-store-misses,,,,
NocturneDance_3840x2160p_8bit,32,faster,llc-store-misses,,,,
OldTownCross,32,faster,llc-store-misses,,,,
PedestrianArea,32,faster,llc-store-misses,,,,
PierSeaSide,32,faster,llc-store-misses,,,,
RitualDance,32,faster,llc-store-misses,,,,
Riverbed,32,faster,llc-store-misses,,,,
RushFieldCuts,32,faster,llc-store-misses,,,,
Skater227,32,faster,llc-store-misses,,,,
Tango,32,faster,llc-store-misses,,,,
TimeLapse,32,faster,llc-store-misses,,,,
ToddlerFountain,32,faster,llc-store-misses,,,,
TreesAndGrass_1920_1080,32,faster,llc-store-misses,,,,
TunnelFlag,32,faster,llc-store-misses,,,,
Vertical_Carnaby,32,faster,llc-store-misses,,,,
Vertical_bees,32,faster,llc-store-misses,,,,
WalkingInStreet,32,faster,llc-store-misses,,,,
WorldCup_1920x1080_30p,32,faster,llc-store-misses,,,,
WorldCup_far_1920x1080_30p,32,faster,llc-store-misses,,,,
Aerial3200,37,faster,llc-store-misses,,,,
Boat,37,faster,llc-store-misses,,,,
BoxingPractice,37,faster,llc-store-misses,,,,
Crosswalk,37,faster,llc-store-misses,,,,
CrowdRun,37,faster,llc-store-misses,,,,
DinnerSceneCropped,37,faster,llc-store-misses,,,,
FoodMarket,37,faster,llc-store-misses,,,,
FoodMarket2,37,faster,llc-store-misses,,,,
MeridianTalk_sdr,37,faster,llc-store-misses,,,,
Motorcycle,37,faster,llc-store-misses,,,,
MountainBike,37,faster,llc-store-misses,,,,
Neon1224,37,faster,llc-store-misses,,,,
NocturneDance_3840x2160p_8bit,37,faster,llc-store-misses,,,,
OldTownCross,37,faster,llc-store-misses,,,,
PedestrianArea,37,faster,llc-store-misses,,,,
PierSeaSide,37,faster,llc-store-misses,,,,
RitualDance,37,faster,llc-store-misses,,,,
Riverbed,37,faster,llc-store-misses,,,,
RushFieldCuts,37,faster,llc-store-misses,,,,
Skater227,37,faster,llc-store-misses,,,,
Tango,37,faster,llc-store-misses,,,,
TimeLapse,37,faster,llc-store-misses,,,,
ToddlerFountain,37,faster,llc-store-misses,,,,
TreesAndGrass_1920_1080,37,faster,llc-store-misses,,,,
TunnelFlag,37,faster,llc-store-misses,,,,
Vertical_Carnaby,37,faster,llc-store-misses,,,,
Vertical_bees,37,faster,llc-store-misses,,,,
WalkingInStreet,37,faster,llc-store-misses,,,,
WorldCup_1920x1080_30p,37,faster,llc-store-misses,,,,
WorldCup_far_1920x1080_30p,37,faster,llc-store-misses,,,,
Aerial3200,22,superfast,llc-store-misses,,,,
Boat,22,superfast,llc-store-misses,,,,
BoxingPractice,22,superfast,llc-store-misses,,,,
Crosswalk,22,superfast,llc-store-misses,,,,
CrowdRun,22,superfast,llc-store-misses,,,,
DinnerSceneCropped,22,superfast,llc-store-misses,,,,
FoodMarket,22,superfast,llc-store-misses,,,,
FoodMarket2,22,superfast,llc-store-misses,,,,
MeridianTalk_sdr,22,superfast,llc-store-misses,,,,
Motorcycle,22,superfast,llc-store-misses,,,,
MountainBike,22,superfast,llc-store-misses,,,,
Neon1224,22,superfast,llc-store-misses,,,,
NocturneDance_3840x2160p_8bit,22,superfast,llc-store-misses,,,,
OldTownCross,22,superfast,llc-store-misses,,,,
PedestrianArea,22,superfast,llc-store-misses,,,,
PierSeaSide,22,superfast,llc-store-misses,,,,
RitualDance,22,superfast,llc-store-misses,,,,
Riverbed,22,superfast,llc-store-misses,,,,
RushFieldCuts,22,superfast,llc-store-misses,,,,
Skater227,22,superfast,llc-store-misses,,,,
Tango,22,superfast,llc-store-misses,,,,
TimeLapse,22,superfast,llc-store-misses,,,,
ToddlerFountain,22,superfast,llc-store-misses,,,,
TreesAndGrass_1920_1080,22,superfast,llc-store-misses,,,,
TunnelFlag,22,superfast,llc-store-misses,,,,
Vertical_Carnaby,22,superfast,llc-store-misses,,,,
Vertical_bees,22,superfast,llc-store-misses,,,,
WalkingInStreet,22,superfast,llc-store-misses,,,,
WorldCup_1920x1080_30p,22,superfast,llc-store-misses,,,,
WorldCup_far_1920x1080_30p,22,superfast,llc-store-misses,,,,
Aerial3200,27,superfast,llc-store-misses,,,,
Boat,27,superfast,llc-store-misses,,,,
BoxingPractice,27,superfast,llc-store-misses,,,,
Crosswalk,27,superfast,llc-store-misses,,,,
CrowdRun,27,superfast,llc-store-misses,,,,
DinnerSceneCropped,27,superfast,llc-store-misses,,,,
FoodMarket,27,superfast,llc-store-misses,,,,
FoodMarket2,27,superfast,llc-store-misses,,,,
MeridianTalk_sdr,27,superfast,llc-store-misses,,,,
Motorcycle,27,superfast,llc-store-misses,,,,
MountainBike,27,superfast,llc-store-misses,,,,
Neon1224,27,superfast,llc-store-misses,,,,
NocturneDance_3840x2160p_8bit,27,superfast,llc-store-misses,,,,
OldTownCross,27,superfast,llc-store-misses,,,,
PedestrianArea,27,superfast,llc-store-misses,,,,
PierSeaSide,27,superfast,llc-store-misses,,,,
RitualDance,27,superfast,llc-store-misses,,,,
Riverbed,27,superfast,llc-store-misses,,,,
RushFieldCuts,27,superfast,llc-store-misses,,,,
Skater227,27,superfast,llc-store-misses,,,,
Tango,27,superfast,llc-store-misses,,,,
TimeLapse,27,superfast,llc-store-misses,,,,
ToddlerFountain,27,superfast,llc-store-misses,,,,
TreesAndGrass_1920_1080,27,superfast,llc-store-misses,,,,
TunnelFlag,27,superfast,llc-store-misses,,,,
Vertical_Carnaby,27,superfast,llc-store-misses,,,,
Vertical_bees,27,superfast,llc-store-misses,,,,
WalkingInStreet,27,superfast,llc-store-misses,,,,
WorldCup_1920x1080_30p,27,superfast,llc-store-misses,,,,
WorldCup_far_1920x1080_30p,27,superfast,llc-store-misses,,,,
Aerial3200,32,superfast,llc-store-misses,,,,
Boat,32,superfast,llc-store-misses,,,,
BoxingPractice,32,superfast,llc-store-misses,,,,
Crosswalk,32,superfast,llc-store-misses,,,,
CrowdRun,32,superfast,llc-store-misses,,,,
DinnerSceneCropped,32,superfast,llc-store-misses,,,,
FoodMarket,32,superfast,llc-store-misses,,,,
FoodMarket2,32,superfast,llc-store-misses,,,,
MeridianTalk_sdr,32,superfast,llc-store-misses,,,,
Motorcycle,32,superfast,llc-store-misses,,,,
MountainBike,32,superfast,llc-store-misses,,,,
Neon1224,32,superfast,llc-store-misses,,,,
NocturneDance_3840x2160p_8bit,32,superfast,llc-store-misses,,,,
OldTownCross,32,superfast,llc-store-misses,,,,
PedestrianArea,32,superfast,llc-store-misses,,,,
PierSeaSide,32,superfast,llc-store-misses,,,,
RitualDance,32,superfast,llc-store-misses,,,,
Riverbed,32,superfast,llc-store-misses,,,,
RushFieldCuts,32,superfast,llc-store-misses,,,,
Skater227,32,superfast,llc-store-misses,,,,
Tango,32,superfast,llc-store-misses,,,,
TimeLapse,32,superfast,llc-store-misses,,,,
ToddlerFountain,32,superfast,llc-store-misses,,,,
TreesAndGrass_1920_1080,32,superfast,llc-store-misses,,,,
TunnelFlag,32,superfast,llc-store-misses,,,,
Vertical_Carnaby,32,superfast,llc-store-misses,,,,
Vertical_bees,32,superfast,llc-store-misses,,,,
WalkingInStreet,32,superfast,llc-store-misses,,,,
WorldCup_1920x1080_30p,32,superfast,llc-store-misses,,,,
WorldCup_far_1920x1080_30p,32,superfast,llc-store-misses,,,,
Aerial3200,37,superfast,llc-store-misses,,,,
Boat,37,superfast,llc-store-misses,,,,
BoxingPractice,37,superfast,llc-store-misses,,,,
Crosswalk,37,superfast,llc-store-misses,,,,
CrowdRun,37,superfast,llc-store-misses,,,,
DinnerSceneCropped,37,superfast,llc-store-misses,,,,
FoodMarket,37,superfast,llc-store-misses,,,,
FoodMarket2,37,superfast,llc-store-misses,,,,
MeridianTalk_sdr,37,superfast,llc-store-misses,,,,
Motorcycle,37,superfast,llc-store-misses,,,,
MountainBike,37,superfast,llc-store-misses,,,,
Neon1224,37,superfast,llc-store-misses,,,,
NocturneDance_3840x2160p_8bit,37,superfast,llc-store-misses,,,,
OldTownCross,37,superfast,llc-store-misses,,,,
PedestrianArea,37,superfast,llc-store-misses,,,,
PierSeaSide,37,superfast,llc-store-misses,,,,
RitualDance,37,superfast,llc-store-misses,,,,
Riverbed,37,superfast,llc-store-misses,,,,
RushFieldCuts,37,superfast,llc-store-misses,,,,
Skater227,37,superfast,llc-store-misses,,,,
Tango,37,superfast,llc-store-misses,,,,
TimeLapse,37,superfast,llc-store-misses,,,,
ToddlerFountain,37,superfast,llc-store-misses,,,,
TreesAndGrass_1920_1080,37,superfast,llc-store-misses,,,,
TunnelFlag,37,superfast,llc-store-misses,,,,
Vertical_Carnaby,37,superfast,llc-store-misses,,,,
Vertical_bees,37,superfast,llc-store-misses,,,,
WalkingInStreet,37,superfast,llc-store-misses,,,,
WorldCup_1920x1080_30p,37,superfast,llc-store-misses,,,,
WorldCup_far_1920x1080_30p,37,superfast,llc-store-misses,,,,
Aerial3200,22,veryfast,llc-store-misses,,,,
Boat,22,veryfast,llc-store-misses,,,,
BoxingPractice,22,veryfast,llc-store-misses,,,,
Crosswalk,22,veryfast,llc-store-misses,,,,
CrowdRun,22,veryfast,llc-store-misses,,,,
DinnerSceneCropped,22,veryfast,llc-store-misses,,,,
FoodMarket,22,veryfast,llc-store-misses,,,,
FoodMarket2,22,veryfast,llc-store-misses,,,,
MeridianTalk_sdr,22,veryfast,llc-store-misses,,,,
Motorcycle,22,veryfast,llc-store-misses,,,,
MountainBike,22,veryfast,llc-store-misses,,,,
Neon1224,22,veryfast,llc-store-misses,,,,
NocturneDance_3840x2160p_8bit,22,veryfast,llc-store-misses,,,,
OldTownCross,22,veryfast,llc-store-misses,,,,
PedestrianArea,22,veryfast,llc-store-misses,,,,
PierSeaSide,22,veryfast,llc-store-misses,,,,
RitualDance,22,veryfast,llc-store-misses,,,,
Riverbed,22,veryfast,llc-store-misses,,,,
RushFieldCuts,22,veryfast,llc-store-misses,,,,
Skater227,22,veryfast,llc-store-misses,,,,
Tango,22,veryfast,llc-store-misses,,,,
TimeLapse,22,veryfast,llc-store-misses,,,,
ToddlerFountain,22,veryfast,llc-store-misses,,,,
TreesAndGrass_1920_1080,22,veryfast,llc-store-misses,,,,
TunnelFlag,22,veryfast,llc-store-misses,,,,
Vertical_Carnaby,22,veryfast,llc-store-misses,,,,
Vertical_bees,22,veryfast,llc-store-misses,,,,
WalkingInStreet,22,veryfast,llc-store-misses,,,,
WorldCup_1920x1080_30p,22,veryfast,llc-store-misses,,,,
WorldCup_far_1920x1080_30p,22,veryfast,llc-store-misses,,,,
Aerial3200,27,veryfast,llc-store-misses,,,,
Boat,27,veryfast,llc-store-misses,,,,
BoxingPractice,27,veryfast,llc-store-misses,,,,
Crosswalk,27,veryfast,llc-store-misses,,,,
CrowdRun,27,veryfast,llc-store-misses,,,,
DinnerSceneCropped,27,veryfast,llc-store-misses,,,,
FoodMarket,27,veryfast,llc-store-misses,,,,
FoodMarket2,27,veryfast,llc-store-misses,,,,
MeridianTalk_sdr,27,veryfast,llc-store-misses,,,,
Motorcycle,27,veryfast,llc-store-misses,,,,
MountainBike,27,veryfast,llc-store-misses,,,,
Neon1224,27,veryfast,llc-store-misses,,,,
NocturneDance_3840x2160p_8bit,27,veryfast,llc-store-misses,,,,
OldTownCross,27,veryfast,llc-store-misses,,,,
PedestrianArea,27,veryfast,llc-store-misses,,,,
PierSeaSide,27,veryfast,llc-store-misses,,,,
RitualDance,27,veryfast,llc-store-misses,,,,
Riverbed,27,veryfast,llc-store-misses,,,,
RushFieldCuts,27,veryfast,llc-store-misses,,,,
Skater227,27,veryfast,llc-store-misses,,,,
Tango,27,veryfast,llc-store-misses,,,,
TimeLapse,27,veryfast,llc-store-misses,,,,
ToddlerFountain,27,veryfast,llc-store-misses,,,,
TreesAndGrass_1920_1080,27,veryfast,llc-store-misses,,,,
TunnelFlag,27,veryfast,llc-store-misses,,,,
Vertical_Carnaby,27,veryfast,llc-store-misses,,,,
Vertical_bees,27,veryfast,llc-store-misses,,,,
WalkingInStreet,27,veryfast,llc-store-misses,,,,
WorldCup_1920x1080_30p,27,veryfast,llc-store-misses,,,,
WorldCup_far_1920x1080_30p,27,veryfast,llc-store-misses,,,,
Aerial3200,32,veryfast,llc-store-misses,,,,
Boat,32,veryfast,llc-store-misses,,,,
BoxingPractice,32,veryfast,llc-store-misses,,,,
Crosswalk,32,veryfast,llc-store-misses,,,,
CrowdRun,32,veryfast,llc-store-misses,,,,
DinnerSceneCropped,32,veryfast,llc-store-misses,,,,
FoodMarket,32,veryfast,llc-store-misses,,,,
FoodMarket2,32,veryfast,llc-store-misses,,,,
MeridianTalk_sdr,32,veryfast,llc-store-misses,,,,
Motorcycle,32,veryfast,llc-store-misses,,,,
MountainBike,32,veryfast,llc-store-misses,,,,
Neon1224,32,veryfast,llc-store-misses,,,,
NocturneDance_3840x2160p_8bit,32,veryfast,llc-store-misses,,,,
OldTownCross,32,veryfast,llc-store-misses,,,,
PedestrianArea,32,veryfast,llc-store-misses,,,,
PierSeaSide,32,veryfast,llc-store-misses,,,,
RitualDance,32,veryfast,llc-store-misses,,,,
Riverbed,32,veryfast,llc-store-misses,,,,
RushFieldCuts,32,veryfast,llc-store-misses,,,,
Skater227,32,veryfast,llc-store-misses,,,,
Tango,32,veryfast,llc-store-misses,,,,
TimeLapse,32,veryfast,llc-store-misses,,,,
ToddlerFountain,32,veryfast,llc-store-misses,,,,
TreesAndGrass_1920_1080,32,veryfast,llc-store-misses,,,,
TunnelFlag,32,veryfast,llc-store-misses,,,,
Vertical_Carnaby,32,veryfast,llc-store-misses,,,,
Vertical_bees,32,veryfast,llc-store-misses,,,,
WalkingInStreet,32,veryfast,llc-store-misses,,,,
WorldCup_1920x1080_30p,32,veryfast,llc-store-misses,,,,
WorldCup_far_1920x1080_30p,32,veryfast,llc-store-misses,,,,
Aerial3200,37,veryfast,llc-store-misses,,,,
Boat,37,veryfast,llc-store-misses,,,,
BoxingPractice,37,veryfast,llc-store-misses,,,,
Crosswalk,37,veryfast,llc-store-misses,,,,
CrowdRun,37,veryfast,llc-store-misses,,,,
DinnerSceneCropped,37,veryfast,llc-store-misses,,,,
FoodMarket,37,veryfast,llc-store-misses,,,,
FoodMarket2,37,veryfast,llc-store-misses,,,,
MeridianTalk_sdr,37,veryfast,llc-store-misses,,,,
Motorcycle,37,veryfast,llc-store-misses,,,,
MountainBike,37,veryfast,llc-store-misses,,,,
Neon1224,37,veryfast,llc-store-misses,,,,
NocturneDance_3840x2160p_8bit,37,veryfast,llc-store-misses,,,,
OldTownCross,37,veryfast,llc-store-misses,,,,
PedestrianArea,37,veryfast,llc-store-misses,,,,
PierSeaSide,37,veryfast,llc-store-misses,,,,
RitualDance,37,veryfast,llc-store-misses,,,,
Riverbed,37,veryfast,llc-store-misses,,,,
RushFieldCuts,37,veryfast,llc-store-misses,,,,
Skater227,37,veryfast,llc-store-misses,,,,
Tango,37,veryfast,llc-store-misses,,,,
TimeLapse,37,veryfast,llc-store-misses,,,,
ToddlerFountain,37,veryfast,llc-store-misses,,,,
TreesAndGrass_1920_1080,37,veryfast,llc-store-misses,,,,
TunnelFlag,37,veryfast,llc-store-misses,,,,
Vertical_Carnaby,37,veryfast,llc-store-misses,,,,
Vertical_bees,37,veryfast,llc-store-misses,,,,
WalkingInStreet,37,veryfast,llc-store-misses,,,,
WorldCup_1920x1080_30p,37,veryfast,llc-store-misses,,,,
WorldCup_far_1920x1080_30p,37,veryfast,llc-store-misses,,,,
Aerial3200,22,fast,llc-stores,,,,
Boat,22,fast,llc-stores,,,,
BoxingPractice,22,fast,llc-stores,,,,
Crosswalk,22,fast,llc-stores,,,,
CrowdRun,22,fast,llc-stores,,,,
DinnerSceneCropped,22,fast,llc-stores,,,,
FoodMarket,22,fast,llc-stores,,,,
FoodMarket2,22,fast,llc-stores,,,,
MeridianTalk_sdr,22,fast,llc-stores,,,,
Motorcycle,22,fast,llc-stores,,,,
MountainBike,22,fast,llc-stores,,,,
Neon1224,22,fast,llc-stores,,,,
NocturneDance_3840x2160p_8bit,22,fast,llc-stores,,,,
OldTownCross,22,fast,llc-stores,,,,
PedestrianArea,22,fast,llc-stores,,,,
PierSeaSide,22,fast,llc-stores,,,,
RitualDance,22,fast,llc-stores,,,,
Riverbed,22,fast,llc-stores,,,,
RushFieldCuts,22,fast,llc-stores,,,,
Skater227,22,fast,llc-stores,,,,
Tango,22,fast,llc-stores,,,,
TimeLapse,22,fast,llc-stores,,,,
ToddlerFountain,22,fast,llc-stores,,,,
TreesAndGrass_1920_1080,22,fast,llc-stores,,,,
TunnelFlag,22,fast,llc-stores,,,,
Vertical_Carnaby,22,fast,llc-stores,,,,
Vertical_bees,22,fast,llc-stores,,,,
WalkingInStreet,22,fast,llc-stores,,,,
WorldCup_1920x1080_30p,22,fast,llc-stores,,,,
WorldCup_far_1920x1080_30p,22,fast,llc-stores,,,,
Aerial3200,27,fast,llc-stores,,,,
Boat,27,fast,llc-stores,,,,
BoxingPractice,27,fast,llc-stores,,,,
Crosswalk,27,fast,llc-stores,,,,
CrowdRun,27,fast,llc-stores,,,,
DinnerSceneCropped,27,fast,llc-stores,,,,
FoodMarket,27,fast,llc-stores,,,,
FoodMarket2,27,fast,llc-stores,,,,
MeridianTalk_sdr,27,fast,llc-stores,,,,
Motorcycle,27,fast,llc-stores,,,,
MountainBike,27,fast,llc-stores,,,,
Neon1224,27,fast,llc-stores,,,,
NocturneDance_3840x2160p_8bit,27,fast,llc-stores,,,,
OldTownCross,27,fast,llc-stores,,,,
PedestrianArea,27,fast,llc-stores,,,,
PierSeaSide,27,fast,llc-stores,,,,
RitualDance,27,fast,llc-stores,,,,
Riverbed,27,fast,llc-stores,,,,
RushFieldCuts,27,fast,llc-stores,,,,
Skater227,27,fast,llc-stores,,,,
Tango,27,fast,llc-stores,,,,
TimeLapse,27,fast,llc-stores,,,,
ToddlerFountain,27,fast,llc-stores,,,,
TreesAndGrass_1920_1080,27,fast,llc-stores,,,,
TunnelFlag,27,fast,llc-stores,,,,
Vertical_Carnaby,27,fast,llc-stores,,,,
Vertical_bees,27,fast,llc-stores,,,,
WalkingInStreet,27,fast,llc-stores,,,,
WorldCup_1920x1080_30p,27,fast,llc-stores,,,,
WorldCup_far_1920x1080_30p,27,fast,llc-stores,,,,
Aerial3200,32,fast,llc-stores,,,,
Boat,32,fast,llc-stores,,,,
BoxingPractice,32,fast,llc-stores,,,,
Crosswalk,32,fast,llc-stores,,,,
CrowdRun,32,fast,llc-stores,,,,
DinnerSceneCropped,32,fast,llc-stores,,,,
FoodMarket,32,fast,llc-stores,,,,
FoodMarket2,32,fast,llc-stores,,,,
MeridianTalk_sdr,32,fast,llc-stores,,,,
Motorcycle,32,fast,llc-stores,,,,
MountainBike,32,fast,llc-stores,,,,
Neon1224,32,fast,llc-stores,,,,
NocturneDance_3840x2160p_8bit,32,fast,llc-stores,,,,
OldTownCross,32,fast,llc-stores,,,,
PedestrianArea,32,fast,llc-stores,,,,
PierSeaSide,32,fast,llc-stores,,,,
RitualDance,32,fast,llc-stores,,,,
Riverbed,32,fast,llc-stores,,,,
RushFieldCuts,32,fast,llc-stores,,,,
Skater227,32,fast,llc-stores,,,,
Tango,32,fast,llc-stores,,,,
TimeLapse,32,fast,llc-stores,,,,
ToddlerFountain,32,fast,llc-stores,,,,
TreesAndGrass_1920_1080,32,fast,llc-stores,,,,
TunnelFlag,32,fast,llc-stores,,,,
Vertical_Carnaby,32,fast,llc-stores,,,,
Vertical_bees,32,fast,llc-stores,,,,
WalkingInStreet,32,fast,llc-stores,,,,
WorldCup_1920x1080_30p,32,fast,llc-stores,,,,
WorldCup_far_1920x1080_30p,32,fast,llc-stores,,,,
Aerial3200,37,fast,llc-stores,,,,
Boat,37,fast,llc-stores,,,,
BoxingPractice,37,fast,llc-stores,,,,
Crosswalk,37,fast,llc-stores,,,,
CrowdRun,37,fast,llc-stores,,,,
DinnerSceneCropped,37,fast,llc-stores,,,,
FoodMarket,37,fast,llc-stores,,,,
FoodMarket2,37,fast,llc-stores,,,,
MeridianTalk_sdr,37,fast,llc-stores,,,,
Motorcycle,37,fast,llc-stores,,,,
MountainBike,37,fast,llc-stores,,,,
Neon1224,37,fast,llc-stores,,,,
NocturneDance_3840x2160p_8bit,37,fast,llc-stores,,,,
OldTownCross,37,fast,llc-stores,,,,
PedestrianArea,37,fast,llc-stores,,,,
PierSeaSide,37,fast,llc-stores,,,,
RitualDance,37,fast,llc-stores,,,,
Riverbed,37,fast,llc-stores,,,,
RushFieldCuts,37,fast,llc-stores,,,,
Skater227,37,fast,llc-stores,,,,
Tango,37,fast,llc-stores,,,,
TimeLapse,37,fast,llc-stores,,,,
ToddlerFountain,37,fast,llc-stores,,,,
TreesAndGrass_1920_1080,37,fast,llc-stores,,,,
TunnelFlag,37,fast,llc-stores,,,,
Vertical_Carnaby,37,fast,llc-stores,,,,
Vertical_bees,37,fast,llc-stores,,,,
WalkingInStreet,37,fast,llc-stores,,,,
WorldCup_1920x1080_30p,37,fast,llc-stores,,,,
WorldCup_far_1920x1080_30p,37,fast,llc-stores,,,,
Aerial3200,22,faster,llc-stores,,,,
Boat,22,faster,llc-stores,,,,
BoxingPractice,22,faster,llc-stores,,,,
Crosswalk,22,faster,llc-stores,,,,
CrowdRun,22,faster,llc-stores,,,,
DinnerSceneCropped,22,faster,llc-stores,,,,
FoodMarket,22,faster,llc-stores,,,,
FoodMarket2,22,faster,llc-stores,,,,
MeridianTalk_sdr,22,faster,llc-stores,,,,
Motorcycle,22,faster,llc-stores,,,,
MountainBike,22,faster,llc-stores,,,,
Neon1224,22,faster,llc-stores,,,,
NocturneDance_3840x2160p_8bit,22,faster,llc-stores,,,,
OldTownCross,22,faster,llc-stores,,,,
PedestrianArea,22,faster,llc-stores,,,,
PierSeaSide,22,faster,llc-stores,,,,
RitualDance,22,faster,llc-stores,,,,
Riverbed,22,faster,llc-stores,,,,
RushFieldCuts,22,faster,llc-stores,,,,
Skater227,22,faster,llc-stores,,,,
Tango,22,faster,llc-stores,,,,
TimeLapse,22,faster,llc-stores,,,,
ToddlerFountain,22,faster,llc-stores,,,,
TreesAndGrass_1920_1080,22,faster,llc-stores,,,,
TunnelFlag,22,faster,llc-stores,,,,
Vertical_Carnaby,22,faster,llc-stores,,,,
Vertical_bees,22,faster,llc-stores,,,,
WalkingInStreet,22,faster,llc-stores,,,,
WorldCup_1920x1080_30p,22,faster,llc-stores,,,,
WorldCup_far_1920x1080_30p,22,faster,llc-stores,,,,
Aerial3200,27,faster,llc-stores,,,,
Boat,27,faster,llc-stores,,,,
BoxingPractice,27,faster,llc-stores,,,,
Crosswalk,27,faster,llc-stores,,,,
CrowdRun,27,faster,llc-stores,,,,
DinnerSceneCropped,27,faster,llc-stores,,,,
FoodMarket,27,faster,llc-stores,,,,
FoodMarket2,27,faster,llc-stores,,,,
MeridianTalk_sdr,27,faster,llc-stores,,,,
Motorcycle,27,faster,llc-stores,,,,
MountainBike,27,faster,llc-stores,,,,
Neon1224,27,faster,llc-stores,,,,
NocturneDance_3840x2160p_8bit,27,faster,llc-stores,,,,
OldTownCross,27,faster,llc-stores,,,,
PedestrianArea,27,faster,llc-stores,,,,
PierSeaSide,27,faster,llc-stores,,,,
RitualDance,27,faster,llc-stores,,,,
Riverbed,27,faster,llc-stores,,,,
RushFieldCuts,27,faster,llc-stores,,,,
Skater227,27,faster,llc-stores,,,,
Tango,27,faster,llc-stores,,,,
TimeLapse,27,faster,llc-stores,,,,
ToddlerFountain,27,faster,llc-stores,,,,
TreesAndGrass_1920_1080,27,faster,llc-stores,,,,
TunnelFlag,27,faster,llc-stores,,,,
Vertical_Carnaby,27,faster,llc-stores,,,,
Vertical_bees,27,faster,llc-stores,,,,
WalkingInStreet,27,faster,llc-stores,,,,
WorldCup_1920x1080_30p,27,faster,llc-stores,,,,
WorldCup_far_1920x1080_30p,27,faster,llc-stores,,,,
Aerial3200,32,faster,llc-stores,,,,
Boat,32,faster,llc-stores,,,,
BoxingPractice,32,faster,llc-stores,,,,
Crosswalk,32,faster,llc-stores,,,,
CrowdRun,32,faster,llc-stores,,,,
DinnerSceneCropped,32,faster,llc-stores,,,,
FoodMarket,32,faster,llc-stores,,,,
FoodMarket2,32,faster,llc-stores,,,,
MeridianTalk_sdr,32,faster,llc-stores,,,,
Motorcycle,32,faster,llc-stores,,,,
MountainBike,32,faster,llc-stores,,,,
Neon1224,32,faster,llc-stores,,,,
NocturneDance_3840x2160p_8bit,32,faster,llc-stores,,,,
OldTownCross,32,faster,llc-stores,,,,
PedestrianArea,32,faster,llc-stores,,,,
PierSeaSide,32,faster,llc-stores,,,,
RitualDance,32,faster,llc-stores,,,,
Riverbed,32,faster,llc-stores,,,,
RushFieldCuts,32,faster,llc-stores,,,,
Skater227,32,faster,llc-stores,,,,
Tango,32,faster,llc-stores,,,,
TimeLapse,32,faster,llc-stores,,,,
ToddlerFountain,32,faster,llc-stores,,,,
TreesAndGrass_1920_1080,32,faster,llc-stores,,,,
TunnelFlag,32,faster,llc-stores,,,,
Vertical_Carnaby,32,faster,llc-stores,,,,
Vertical_bees,32,faster,llc-stores,,,,
WalkingInStreet,32,faster,llc-stores,,,,
WorldCup_1920x1080_30p,32,faster,llc-stores,,,,
WorldCup_far_1920x1080_30p,32,faster,llc-stores,,,,
Aerial3200,37,faster,llc-stores,,,,
Boat,37,faster,llc-stores,,,,
BoxingPractice,37,faster,llc-stores,,,,
Crosswalk,37,faster,llc-stores,,,,
CrowdRun,37,faster,llc-stores,,,,
DinnerSceneCropped,37,faster,llc-stores,,,,
FoodMarket,37,faster,llc-stores,,,,
FoodMarket2,37,faster,llc-stores,,,,
MeridianTalk_sdr,37,faster,llc-stores,,,,
Motorcycle,37,faster,llc-stores,,,,
MountainBike,37,faster,llc-stores,,,,
Neon1224,37,faster,llc-stores,,,,
NocturneDance_3840x2160p_8bit,37,faster,llc-stores,,,,
OldTownCross,37,faster,llc-stores,,,,
PedestrianArea,37,faster,llc-stores,,,,
PierSeaSide,37,faster,llc-stores,,,,
RitualDance,37,faster,llc-stores,,,,
Riverbed,37,faster,llc-stores,,,,
RushFieldCuts,37,faster,llc-stores,,,,
Skater227,37,faster,llc-stores,,,,
Tango,37,faster,llc-stores,,,,
TimeLapse,37,faster,llc-stores,,,,
ToddlerFountain,37,faster,llc-stores,,,,
TreesAndGrass_1920_1080,37,faster,llc-stores,,,,
TunnelFlag,37,faster,llc-stores,,,,
Vertical_Carnaby,37,faster,llc-stores,,,,
Vertical_bees,37,faster,llc-stores,,,,
WalkingInStreet,37,faster,llc-stores,,,,
WorldCup_1920x1080_30p,37,faster,llc-stores,,,,
WorldCup_far_1920x1080_30p,37,faster,llc-stores,,,,
Aerial3200,22,superfast,llc-stores,,,,
Boat,22,superfast,llc-stores,,,,
BoxingPractice,22,superfast,llc-stores,,,,
Crosswalk,22,superfast,llc-stores,,,,
CrowdRun,22,superfast,llc-stores,,,,
DinnerSceneCropped,22,superfast,llc-stores,,,,
FoodMarket,22,superfast,llc-stores,,,,
FoodMarket2,22,superfast,llc-stores,,,,
MeridianTalk_sdr,22,superfast,llc-stores,,,,
Motorcycle,22,superfast,llc-stores,,,,
MountainBike,22,superfast,llc-stores,,,,
Neon1224,22,superfast,llc-stores,,,,
NocturneDance_3840x2160p_8bit,22,superfast,llc-stores,,,,
OldTownCross,22,superfast,llc-stores,,,,
PedestrianArea,22,superfast,llc-stores,,,,
PierSeaSide,22,superfast,llc-stores,,,,
RitualDance,22,superfast,llc-stores,,,,
Riverbed,22,superfast,llc-stores,,,,
RushFieldCuts,22,superfast,llc-stores,,,,
Skater227,22,superfast,llc-stores,,,,
Tango,22,superfast,llc-stores,,,,
TimeLapse,22,superfast,llc-stores,,,,
ToddlerFountain,22,superfast,llc-stores,,,,
TreesAndGrass_1920_1080,22,superfast,llc-stores,,,,
TunnelFlag,22,superfast,llc-stores,,,,
Vertical_Carnaby,22,superfast,llc-stores,,,,
Vertical_bees,22,superfast,llc-stores,,,,
WalkingInStreet,22,superfast,llc-stores,,,,
WorldCup_1920x1080_30p,22,superfast,llc-stores,,,,
WorldCup_far_1920x1080_30p,22,superfast,llc-stores,,,,
Aerial3200,27,superfast,llc-stores,,,,
Boat,27,superfast,llc-stores,,,,
BoxingPractice,27,superfast,llc-stores,,,,
Crosswalk,27,superfast,llc-stores,,,,
CrowdRun,27,superfast,llc-stores,,,,
DinnerSceneCropped,27,superfast,llc-stores,,,,
FoodMarket,27,superfast,llc-stores,,,,
FoodMarket2,27,superfast,llc-stores,,,,
MeridianTalk_sdr,27,superfast,llc-stores,,,,
Motorcycle,27,superfast,llc-stores,,,,
MountainBike,27,superfast,llc-stores,,,,
Neon1224,27,superfast,llc-stores,,,,
NocturneDance_3840x2160p_8bit,27,superfast,llc-stores,,,,
OldTownCross,27,superfast,llc-stores,,,,
PedestrianArea,27,superfast,llc-stores,,,,
PierSeaSide,27,superfast,llc-stores,,,,
RitualDance,27,superfast,llc-stores,,,,
Riverbed,27,superfast,llc-stores,,,,
RushFieldCuts,27,superfast,llc-stores,,,,
Skater227,27,superfast,llc-stores,,,,
Tango,27,superfast,llc-stores,,,,
TimeLapse,27,superfast,llc-stores,,,,
ToddlerFountain,27,superfast,llc-stores,,,,
TreesAndGrass_1920_1080,27,superfast,llc-stores,,,,
TunnelFlag,27,superfast,llc-stores,,,,
Vertical_Carnaby,27,superfast,llc-stores,,,,
Vertical_bees,27,superfast,llc-stores,,,,
WalkingInStreet,27,superfast,llc-stores,,,,
WorldCup_1920x1080_30p,27,superfast,llc-stores,,,,
WorldCup_far_1920x1080_30p,27,superfast,llc-stores,,,,
Aerial3200,32,superfast,llc-stores,,,,
Boat,32,superfast,llc-stores,,,,
BoxingPractice,32,superfast,llc-stores,,,,
Crosswalk,32,superfast,llc-stores,,,,
CrowdRun,32,superfast,llc-stores,,,,
DinnerSceneCropped,32,superfast,llc-stores,,,,
FoodMarket,32,superfast,llc-stores,,,,
FoodMarket2,32,superfast,llc-stores,,,,
MeridianTalk_sdr,32,superfast,llc-stores,,,,
Motorcycle,32,superfast,llc-stores,,,,
MountainBike,32,superfast,llc-stores,,,,
Neon1224,32,superfast,llc-stores,,,,
NocturneDance_3840x2160p_8bit,32,superfast,llc-stores,,,,
OldTownCross,32,superfast,llc-stores,,,,
PedestrianArea,32,superfast,llc-stores,,,,
PierSeaSide,32,superfast,llc-stores,,,,
RitualDance,32,superfast,llc-stores,,,,
Riverbed,32,superfast,llc-stores,,,,
RushFieldCuts,32,superfast,llc-stores,,,,
Skater227,32,superfast,llc-stores,,,,
Tango,32,superfast,llc-stores,,,,
TimeLapse,32,superfast,llc-stores,,,,
ToddlerFountain,32,superfast,llc-stores,,,,
TreesAndGrass_1920_1080,32,superfast,llc-stores,,,,
TunnelFlag,32,superfast,llc-stores,,,,
Vertical_Carnaby,32,superfast,llc-stores,,,,
Vertical_bees,32,superfast,llc-stores,,,,
WalkingInStreet,32,superfast,llc-stores,,,,
WorldCup_1920x1080_30p,32,superfast,llc-stores,,,,
WorldCup_far_1920x1080_30p,32,superfast,llc-stores,,,,
Aerial3200,37,superfast,llc-stores,,,,
Boat,37,superfast,llc-stores,,,,
BoxingPractice,37,superfast,llc-stores,,,,
Crosswalk,37,superfast,llc-stores,,,,
CrowdRun,37,superfast,llc-stores,,,,
DinnerSceneCropped,37,superfast,llc-stores,,,,
FoodMarket,37,superfast,llc-stores,,,,
FoodMarket2,37,superfast,llc-stores,,,,
MeridianTalk_sdr,37,superfast,llc-stores,,,,
Motorcycle,37,superfast,llc-stores,,,,
MountainBike,37,superfast,llc-stores,,,,
Neon1224,37,superfast,llc-stores,,,,
NocturneDance_3840x2160p_8bit,37,superfast,llc-stores,,,,
OldTownCross,37,superfast,llc-stores,,,,
PedestrianArea,37,superfast,llc-stores,,,,
PierSeaSide,37,superfast,llc-stores,,,,
RitualDance,37,superfast,llc-stores,,,,
Riverbed,37,superfast,llc-stores,,,,
RushFieldCuts,37,superfast,llc-stores,,,,
Skater227,37,superfast,llc-stores,,,,
Tango,37,superfast,llc-stores,,,,
TimeLapse,37,superfast,llc-stores,,,,
ToddlerFountain,37,superfast,llc-stores,,,,
TreesAndGrass_1920_1080,37,superfast,llc-stores,,,,
TunnelFlag,37,superfast,llc-stores,,,,
Vertical_Carnaby,37,superfast,llc-stores,,,,
Vertical_bees,37,superfast,llc-stores,,,,
WalkingInStreet,37,superfast,llc-stores,,,,
WorldCup_1920x1080_30p,37,superfast,llc-stores,,,,
WorldCup_far_1920x1080_30p,37,superfast,llc-stores,,,,
Aerial3200,22,veryfast,llc-stores,,,,
Boat,22,veryfast,llc-stores,,,,
BoxingPractice,22,veryfast,llc-stores,,,,
Crosswalk,22,veryfast,llc-stores,,,,
CrowdRun,22,veryfast,llc-stores,,,,
DinnerSceneCropped,22,veryfast,llc-stores,,,,
FoodMarket,22,veryfast,llc-stores,,,,
FoodMarket2,22,veryfast,llc-stores,,,,
MeridianTalk_sdr,22,veryfast,llc-stores,,,,
Motorcycle,22,veryfast,llc-stores,,,,
MountainBike,22,veryfast,llc-stores,,,,
Neon1224,22,veryfast,llc-stores,,,,
NocturneDance_3840x2160p_8bit,22,veryfast,llc-stores,,,,
OldTownCross,22,veryfast,llc-stores,,,,
PedestrianArea,22,veryfast,llc-stores,,,,
PierSeaSide,22,veryfast,llc-stores,,,,
RitualDance,22,veryfast,llc-stores,,,,
Riverbed,22,veryfast,llc-stores,,,,
RushFieldCuts,22,veryfast,llc-stores,,,,
Skater227,22,veryfast,llc-stores,,,,
Tango,22,veryfast,llc-stores,,,,
TimeLapse,22,veryfast,llc-stores,,,,
ToddlerFountain,22,veryfast,llc-stores,,,,
TreesAndGrass_1920_1080,22,veryfast,llc-stores,,,,
TunnelFlag,22,veryfast,llc-stores,,,,
Vertical_Carnaby,22,veryfast,llc-stores,,,,
Vertical_bees,22,veryfast,llc-stores,,,,
WalkingInStreet,22,veryfast,llc-stores,,,,
WorldCup_1920x1080_30p,22,veryfast,llc-stores,,,,
WorldCup_far_1920x1080_30p,22,veryfast,llc-stores,,,,
Aerial3200,27,veryfast,llc-stores,,,,
Boat,27,veryfast,llc-stores,,,,
BoxingPractice,27,veryfast,llc-stores,,,,
Crosswalk,27,veryfast,llc-stores,,,,
CrowdRun,27,veryfast,llc-stores,,,,
DinnerSceneCropped,27,veryfast,llc-stores,,,,
FoodMarket,27,veryfast,llc-stores,,,,
FoodMarket2,27,veryfast,llc-stores,,,,
MeridianTalk_sdr,27,veryfast,llc-stores,,,,
Motorcycle,27,veryfast,llc-stores,,,,
MountainBike,27,veryfast,llc-stores,,,,
Neon1224,27,veryfast,llc-stores,,,,
NocturneDance_3840x2160p_8bit,27,veryfast,llc-stores,,,,
OldTownCross,27,veryfast,llc-stores,,,,
PedestrianArea,27,veryfast,llc-stores,,,,
PierSeaSide,27,veryfast,llc-stores,,,,
RitualDance,27,veryfast,llc-stores,,,,
Riverbed,27,veryfast,llc-stores,,,,
RushFieldCuts,27,veryfast,llc-stores,,,,
Skater227,27,veryfast,llc-stores,,,,
Tango,27,veryfast,llc-stores,,,,
TimeLapse,27,veryfast,llc-stores,,,,
ToddlerFountain,27,veryfast,llc-stores,,,,
TreesAndGrass_1920_1080,27,veryfast,llc-stores,,,,
TunnelFlag,27,veryfast,llc-stores,,,,
Vertical_Carnaby,27,veryfast,llc-stores,,,,
Vertical_bees,27,veryfast,llc-stores,,,,
WalkingInStreet,27,veryfast,llc-stores,,,,
WorldCup_1920x1080_30p,27,veryfast,llc-stores,,,,
WorldCup_far_1920x1080_30p,27,veryfast,llc-stores,,,,
Aerial3200,32,veryfast,llc-stores,,,,
Boat,32,veryfast,llc-stores,,,,
BoxingPractice,32,veryfast,llc-stores,,,,
Crosswalk,32,veryfast,llc-stores,,,,
CrowdRun,32,veryfast,llc-stores,,,,
DinnerSceneCropped,32,veryfast,llc-stores,,,,
FoodMarket,32,veryfast,llc-stores,,,,
FoodMarket2,32,veryfast,llc-stores,,,,
MeridianTalk_sdr,32,veryfast,llc-stores,,,,
Motorcycle,32,veryfast,llc-stores,,,,
MountainBike,32,veryfast,llc-stores,,,,
Neon1224,32,veryfast,llc-stores,,,,
NocturneDance_3840x2160p_8bit,32,veryfast,llc-stores,,,,
OldTownCross,32,veryfast,llc-stores,,,,
PedestrianArea,32,veryfast,llc-stores,,,,
PierSeaSide,32,veryfast,llc-stores,,,,
RitualDance,32,veryfast,llc-stores,,,,
Riverbed,32,veryfast,llc-stores,,,,
RushFieldCuts,32,veryfast,llc-stores,,,,
Skater227,32,veryfast,llc-stores,,,,
Tango,32,veryfast,llc-stores,,,,
TimeLapse,32,veryfast,llc-stores,,,,
ToddlerFountain,32,veryfast,llc-stores,,,,
TreesAndGrass_1920_1080,32,veryfast,llc-stores,,,,
TunnelFlag,32,veryfast,llc-stores,,,,
Vertical_Carnaby,32,veryfast,llc-stores,,,,
Vertical_bees,32,veryfast,llc-stores,,,,
WalkingInStreet,32,veryfast,llc-stores,,,,
WorldCup_1920x1080_30p,32,veryfast,llc-stores,,,,
WorldCup_far_1920x1080_30p,32,veryfast,llc-stores,,,,
Aerial3200,37,veryfast,llc-stores,,,,
Boat,37,veryfast,llc-stores,,,,
BoxingPractice,37,veryfast,llc-stores,,,,
Crosswalk,37,veryfast,llc-stores,,,,
CrowdRun,37,veryfast,llc-stores,,,,
DinnerSceneCropped,37,veryfast,llc-stores,,,,
FoodMarket,37,veryfast,llc-stores,,,,
FoodMarket2,37,veryfast,llc-stores,,,,
MeridianTalk_sdr,37,veryfast,llc-stores,,,,
Motorcycle,37,veryfast,llc-stores,,,,
MountainBike,37,veryfast,llc-stores,,,,
Neon1224,37,veryfast,llc-stores,,,,
NocturneDance_3840x2160p_8bit,37,veryfast,llc-stores,,,,
OldTownCross,37,veryfast,llc-stores,,,,
PedestrianArea,37,veryfast,llc-stores,,,,
PierSeaSide,37,veryfast,llc-stores,,,,
RitualDance,37,veryfast,llc-stores,,,,
Riverbed,37,veryfast,llc-stores,,,,
RushFieldCuts,37,veryfast,llc-stores,,,,
Skater227,37,veryfast,llc-stores,,,,
Tango,37,veryfast,llc-stores,,,,
TimeLapse,37,veryfast,llc-stores,,,,
ToddlerFountain,37,veryfast,llc-stores,,,,
TreesAndGrass_1920_1080,37,veryfast,llc-stores,,,,
TunnelFlag,37,veryfast,llc-stores,,,,
Vertical_Carnaby,37,veryfast,llc-stores,,,,
Vertical_bees,37,veryfast,llc-stores,,,,
WalkingInStreet,37,veryfast,llc-stores,,,,
WorldCup_1920x1080_30p,37,veryfast,llc-stores,,,,
WorldCup_far_1920x1080_30p,37,veryfast,llc-stores,,,,
Aerial3200,22,fast,ipc,2.165261050262352,0.14509024227640357,-2.0201708079859486,-0.9329918014925619
Boat,22,fast,ipc,2.191763307161188,0.20938281521661878,-1.9823804919445691,-0.9044683271535304
BoxingPractice,22,fast,ipc,2.3841272097803268,0.44152963547769636,-1.9425975743026305,-0.8148044979871779
Crosswalk,22,fast,ipc,2.4270658865500536,0.1532217341457445,-2.273844152404309,-0.936869561310698
CrowdRun,22,fast,ipc,2.1545419467559457,1.5526800363198028,-0.6018619104361429,-0.279345645297069
DinnerSceneCropped,22,fast,ipc,2.284170809774637,0.12985114469853942,-2.154319665076098,-0.9431517362261753
FoodMarket,22,fast,ipc,2.274556316914706,0.24605758097535965,-2.0284987359393463,-0.8918217240234695
FoodMarket2,22,fast,ipc,2.354352357974836,0.6528159754785396,-1.7015363824962964,-0.7227195099886925
MeridianTalk_sdr,22,fast,ipc,2.4218710818603224,1.1711259481672198,-1.2507451336931026,-0.5164375358627109
Motorcycle,22,fast,ipc,2.2221247012492387,0.8812259805255577,-1.3408987207236809,-0.6034309055517234
MountainBike,22,fast,ipc,2.2025218094976404,0.3128320887630761,-1.8896897207345642,-0.8579664058652713
Neon1224,22,fast,ipc,2.4671358696415826,1.5353083580335187,-0.9318275116080639,-0.3776960657393533
NocturneDance_3840x2160p_8bit,22,fast,ipc,2.7747971979634762,1.8662199873686687,-0.9085772105948076,-0.3274391408718609
OldTownCross,22,fast,ipc,2.1994923389773753,1.354483000486435,-0.8450093384909403,-0.3841838061976684
PedestrianArea,22,fast,ipc,2.3556119314828936,0.7060631763154998,-1.6495487551673937,-0.7002633723836581
PierSeaSide,22,fast,ipc,2.425075984797109,1.966600107053508,-0.4584758777436009,-0.18905629374823846
RitualDance,22,fast,ipc,2.460453915746361,0.18229524266463723,-2.278158673081724,-0.9259099138179391
Riverbed,22,fast,ipc,2.2888768388262575,0.6609826518170208,-1.6278941870092367,-0.711219651225981
RushFieldCuts,22,fast,ipc,2.2306369536755026,0.3822804407856826,-1.84835651288982,-0.828622743761245
Skater227,22,fast,ipc,1.1356189397801724,0.3873303931499643,-0.748288546630208,-0.658925736810147
Tango,22,fast,ipc,2.3833405337909914,0.21383311280523262,-2.169507420985759,-0.9102800838682062
TimeLapse,22,fast,ipc,2.389199206548966,0.27522273693159194,-2.113976469617374,-0.8848054460351457
ToddlerFountain,22,fast,ipc,2.1897931569037064,1.4688930495673365,-0.7209001073363699,-0.329209224653756
TreesAndGrass_1920_1080,22,fast,ipc,2.1547964138156965,0.21804318514489776,-1.9367532286707987,-0.8988103081354267
TunnelFlag,22,fast,ipc,2.2998784809320645,1.501100274611421,-0.7987782063206434,-0.3473132223911783
Vertical_Carnaby,22,fast,ipc,2.898695469574141,1.1128884358950306,-1.7858070336791103,-0.6160726617968842
Vertical_bees,22,fast,ipc,2.39282782805382,0.3049821788175821,-2.0878456492362383,-0.8725431996226675
WalkingInStreet,22,fast,ipc,2.589843900080653,1.2747283039822306,-1.3151155960984222,-0.5077972444815948
WorldCup_1920x1080_30p,22,fast,ipc,2.420414024927055,0.1428821919845723,-2.2775318329424827,-0.9409678714000682
WorldCup_far_1920x1080_30p,22,fast,ipc,2.259526313573673,0.17673029937741322,-2.08279601419626,-0.9217843588208114
Aerial3200,27,fast,ipc,2.2774635566116594,0.6902714002538901,-1.5871921563577693,-0.6969122082107628
Boat,27,fast,ipc,2.2602179083986917,2.419194607060493,0.1589766986618013,0.07033689011624208
BoxingPractice,27,fast,ipc,2.5165045736586644,0.18753677743248537,-2.328967796226179,-0.9254772753463223
Crosswalk,27,fast,ipc,2.617325561596322,0.18647204522048105,-2.430853516375841,-0.9287547380591238
CrowdRun,27,fast,ipc,2.2270904192156706,0.27403468158018185,-1.9530557376354887,-0.8769539488761796
DinnerSceneCropped,27,fast,ipc,2.4362704567452873,0.14517924996935622,-2.2910912067759313,-0.9404092228071809
FoodMarket,27,fast,ipc,2.399269593904767,1.418627534787717,-0.9806420591170499,-0.40872524772052526
FoodMarket2,27,fast,ipc,2.4594696714547033,0.5964421839996219,-1.8630274874550814,-0.7574915474981873
MeridianTalk_sdr,27,fast,ipc,2.5802783628139023,1.1724648572859637,-1.4078135055279386,-0.5456052826768111
Motorcycle,27,fast,ipc,2.279280910734991,0.18846340156637087,-2.09081750916862,-0.9173145351769748
MountainBike,27,fast,ipc,2.2642868135316836,1.00931279161179,-1.2549740219198935,-0.5542469330386943
Neon1224,27,fast,ipc,2.5620602770527263,0.2532612971735007,-2.3087989798792257,-0.9011493603636678
NocturneDance_3840x2160p_8bit,27,fast,ipc,2.901949161778478,0.20829546207519076,-2.693653699703287,-0.9282222222157966
OldTownCross,27,fast,ipc,2.312815086929266,0.943848779792698,-1.368966307136568,-0.5919047808331924
PedestrianArea,27,fast,ipc,2.4936403728071577,1.6856483705352225,-0.8079920022719351,-0.3240210621719911
PierSeaSide,27,fast,ipc,2.560429976158408,0.19826425458322675,-2.362165721575181,-0.9225660313192019
RitualDance,27,fast,ipc,2.5602345880540476,0.18632838864423268,-2.3739061994098147,-0.9272221422546068
Riverbed,27,fast,ipc,2.4038386245421304,2.3732671277728015,-0.03057149676932891,-0.01271778249055799
RushFieldCuts,27,fast,ipc,2.315533725797817,1.3481142261139272,-0.9674194996838896,-0.4177954693147755
Skater227,27,fast,ipc,0.125851423096324,1.0379084290009954,0.9120570059046714,7.247093306260052
Tango,27,fast,ipc,2.545712074359459,1.309517019643166,-1.236195054716293,-0.4855989281613236
TimeLapse,27,fast,ipc,2.495305750344891,0.6594264764539645,-1.8358792738909266,-0.7357331956763931
ToddlerFountain,27,fast,ipc,2.2917066281315113,1.9736477642578814,-0.3180588638736299,-0.13878690228903848
TreesAndGrass_1920_1080,27,fast,ipc,2.1761846058105885,0.3923726367292617,-1.7838119690813268,-0.819696989087417
TunnelFlag,27,fast,ipc,2.391080811676068,2.3757384380910644,-0.015342373585003344,-0.006416501487563213
Vertical_Carnaby,27,fast,ipc,3.017553109013135,1.6796273140408458,-1.3379257949722891,-0.44338102649329886
Vertical_bees,27,fast,ipc,2.464713173400574,1.6450896628389955,-0.8196235105615786,-0.3325431613735163
WalkingInStreet,27,fast,ipc,2.6336372516401285,0.35647773358380397,-2.2771595180563247,-0.8646443304362424
WorldCup_1920x1080_30p,27,fast,ipc,2.5396631078304677,0.14809188155032046,-2.3915712262801474,-0.9416883754803096
WorldCup_far_1920x1080_30p,27,fast,ipc,2.3319033318730424,0.1900021191160569,-2.1419012127569856,-0.9185205850864142
Aerial3200,32,fast,ipc,2.3626607148562937,0.4150410848969923,-1.9476196299593014,-0.8243331840719937
Boat,32,fast,ipc,2.3466157517155977,0.002230592880477398,-2.34438515883512,-0.9990494426371906
BoxingPractice,32,fast,ipc,2.6226470301621463,1.4015196879929788,-1.2211273421691675,-0.46560872588854274
Crosswalk,32,fast,ipc,2.7517388043473563,0.16253299714344807,-2.5892058072039084,-0.9409344386586878
CrowdRun,32,fast,ipc,2.322471615262149,0.3472201660069098,-1.975251449255239,-0.8504954102667397
DinnerSceneCropped,32,fast,ipc,2.6333933829627,0.774476707151458,-1.858916675811242,-0.7059016278532102
FoodMarket,32,fast,ipc,2.5236601566387535,0.19702490602068196,-2.3266352506180716,-0.9219289073045801
FoodMarket2,32,fast,ipc,2.562442626925154,0.2433103343111804,-2.3191322926139737,-0.9050474996963563
MeridianTalk_sdr,32,fast,ipc,2.699722593571626,1.8681913088228204,-0.8315312847488057,-0.3080061954249613
Motorcycle,32,fast,ipc,2.3516906307323264,0.4139855388387282,-1.9377050918935983,-0.8239625852870744
MountainBike,32,fast,ipc,2.3441357684908684,0.247292529688207,-2.0968432388026614,-0.8945058844234899
Neon1224,32,fast,ipc,2.660007220419944,0.00012708269178268242,-2.659880137728161,-0.9999522246816448
NocturneDance_3840x2160p_8bit,32,fast,ipc,3.051452461366596,1.7649319119575442,-1.2865205494090517,-0.42160923877964734
OldTownCross,32,fast,ipc,2.4656451969804585,0.787692334813892,-1.6779528621665665,-0.6805329753938093
PedestrianArea,32,fast,ipc,2.6116651347050808,0.0,-2.6116651347050808,-1.0
PierSeaSide,32,fast,ipc,2.6704356790954993,1.6062621357839761,-1.0641735433115231,-0.3985018443402345
RitualDance,32,fast,ipc,2.6539630286739113,0.858099690244572,-1.7958633384293394,-0.6766723270168036
Riverbed,32,fast,ipc,2.504346402604807,1.6262137884324661,-0.8781326141723407,-0.3506434306607833
RushFieldCuts,32,fast,ipc,2.404487371221881,0.445139408320652,-1.9593479629012287,-0.8148713885344937
Skater227,32,fast,ipc,0.229999277001415,1.3471256111834191,1.1171263341820041,4.857086286297897
Tango,32,fast,ipc,2.688870227814786,1.857899465563265,-0.8309707622515208,-0.3090408579988783
TimeLapse,32,fast,ipc,2.5507344528880767,0.00012751389485647757,-2.55060693899322,-0.999950008949496
ToddlerFountain,32,fast,ipc,2.411389179559668,0.14732000714999915,-2.264069172409669,-0.9389065819823823
TreesAndGrass_1920_1080,32,fast,ipc,2.2484468601007213,0.9481212728894043,-1.3003255872113169,-0.5783216896453882
TunnelFlag,32,fast,ipc,2.495629132410851,0.30559409912810603,-2.190035033282745,-0.8775482722335057
Vertical_Carnaby,32,fast,ipc,3.128899279316881,1.4541972202328515,-1.6747020590840294,-0.5352368068075556
Vertical_bees,32,fast,ipc,2.5493028329907492,0.6958566247206367,-1.8534462082701126,-0.7270404223007578
WalkingInStreet,32,fast,ipc,2.704216420061768,1.7654451698837133,-0.938771250178055,-0.3471509318609241
WorldCup_1920x1080_30p,32,fast,ipc,2.624239193816266,0.14992632607455542,-2.4743128677417103,-0.9428686506825138
WorldCup_far_1920x1080_30p,32,fast,ipc,2.424258394464688,0.19304830846594204,-2.231210085998746,-0.9203680973502125
Aerial3200,37,fast,ipc,2.4447882581743405,1.1473859568025917,-1.2974023013717488,-0.5306808460952734
Boat,37,fast,ipc,2.4465034794627645,0.2976542358455257,-2.1488492436172386,-0.8783348405820013
BoxingPractice,37,fast,ipc,2.752260526878048,0.0,-2.752260526878048,-1.0
Crosswalk,37,fast,ipc,2.8174058564230773,0.20580725870759597,-2.6115985977154814,-0.9269515046125145
CrowdRun,37,fast,ipc,2.4301480929277757,0.4631196347238135,-1.967028458203962,-0.8094274023580762
DinnerSceneCropped,37,fast,ipc,2.8096049471322853,0.5116652992285244,-2.297939647903761,-0.8178871019746843
FoodMarket,37,fast,ipc,2.6295128577884457,0.14944604795266614,-2.4800668098357797,-0.9431658805128043
FoodMarket2,37,fast,ipc,2.6476872880534716,1.5199018097762735,-1.127785478277198,-0.42595116249786585
MeridianTalk_sdr,37,fast,ipc,2.7845931850375627,1.7577375073470984,-1.0268556776904643,-0.36876326610582166
Motorcycle,37,fast,ipc,2.450520825978742,1.596862717197046,-0.8536581087816959,-0.3483578265207126
MountainBike,37,fast,ipc,2.43730929926603,0.21042089199164452,-2.2268884072743855,-0.9136667258213758
Neon1224,37,fast,ipc,2.7348910265966118,0.2133340321819802,-2.5215569944146314,-0.9219954176940424
NocturneDance_3840x2160p_8bit,37,fast,ipc,3.1910408872247444,0.8699715016650712,-2.321069385559673,-0.7273706190516137
OldTownCross,37,fast,ipc,2.6035012747069577,0.18785070765741835,-2.415650567049539,-0.9278468923820433
PedestrianArea,37,fast,ipc,2.705031216026692,1.3485165996330108,-1.3565146163936812,-0.5014783594202692
PierSeaSide,37,fast,ipc,2.759876274961399,0.17862296182594406,-2.581253313135455,-0.9352786342465869
RitualDance,37,fast,ipc,2.744902603453003,2.670501684682468,-0.07440091877053501,-0.02710512157223391
Riverbed,37,fast,ipc,2.5882035198568025,1.2622535878458079,-1.3259499320109946,-0.5123051266402556
RushFieldCuts,37,fast,ipc,2.4980002310538487,0.4782634936160914,-2.0197367374377575,-0.8085414534111861
Skater227,37,fast,ipc,0.35843760119542273,0.8111468681388427,0.45270926694342,1.2630071885136842
Tango,37,fast,ipc,2.787155391817905,1.0988909926288135,-1.6882643991890915,-0.6057302740081282
TimeLapse,37,fast,ipc,2.692874311316336,1.5590348601948054,-1.1338394511215306,-0.4210517536435947
ToddlerFountain,37,fast,ipc,2.5363405791228932,1.721282182250354,-0.8150583968725393,-0.32135211003657854
TreesAndGrass_1920_1080,37,fast,ipc,2.3404409159745336,0.0,-2.3404409159745336,-1.0
TunnelFlag,37,fast,ipc,2.6004048937327195,1.4095425716310823,-1.1908623221016372,-0.4579526538239314
Vertical_Carnaby,37,fast,ipc,3.2300252444026523,1.7159502949053176,-1.5140749494973347,-0.4687501907674228
Vertical_bees,37,fast,ipc,2.618849638219334,0.0,-2.618849638219334,-1.0
WalkingInStreet,37,fast,ipc,2.799858288735593,0.21527418425465267,-2.5845841044809403,-0.9231124713987329
WorldCup_1920x1080_30p,37,fast,ipc,2.7182560250276278,0.10844168650936815,-2.6098143385182597,-0.9601061542728427
WorldCup_far_1920x1080_30p,37,fast,ipc,2.5153367400890048,0.15005405157215462,-2.3652826885168503,-0.9403443486589216
Aerial3200,22,faster,ipc,2.18361066681908,0.0018350969204211525,-2.1817755698986585,-0.9991596043432529
Boat,22,faster,ipc,2.18023707847096,1.491780411999243,-0.6884566664717169,-0.3157714696580356
BoxingPractice,22,faster,ipc,2.3920041922982094,0.485513780659194,-1.9064904116390153,-0.797026367168396
Crosswalk,22,faster,ipc,2.432664010806346,0.0,-2.432664010806346,-1.0
CrowdRun,22,faster,ipc,2.1543388346564205,0.5198706865775167,-1.6344681480789038,-0.7586866660831341
DinnerSceneCropped,22,faster,ipc,2.2809530433048093,0.3178944308519658,-1.9630586124528435,-0.8606308745438366
FoodMarket,22,faster,ipc,2.2724876509111174,0.4299625540271267,-1.8425250968839908,-0.8107965278250291
FoodMarket2,22,faster,ipc,2.35393540888825,1.0353631704391204,-1.3185722384491294,-0.5601565078932575
MeridianTalk_sdr,22,faster,ipc,2.4210335387140645,0.5475049204030082,-1.8735286183110562,-0.7738548798899265
Motorcycle,22,faster,ipc,2.223565294087636,0.19592326895553025,-2.0276420251321055,-0.9118877824381942
MountainBike,22,faster,ipc,2.1993194494751096,0.19428611258809117,-2.0050333368870183,-0.9116608036934063
Neon1224,22,faster,ipc,2.463048910762275,1.59875074261365,-0.864298168148625,-0.350905807989472
NocturneDance_3840x2160p_8bit,22,faster,ipc,2.7731860567216886,1.4967944226233554,-1.2763916340983332,-0.4602618100594429
OldTownCross,22,faster,ipc,2.1995757186762575,0.4398858875922835,-1.759689831083974,-0.8000133008119337
PedestrianArea,22,faster,ipc,2.348114163449438,0.002750816209335106,-2.3453633472401028,-0.9988284998011792
PierSeaSide,22,faster,ipc,2.424690322333675,0.804070486364772,-1.620619835968903,-0.6683821934048536
RitualDance,22,faster,ipc,2.4647123407737195,0.3641119989645358,-2.1006003418091836,-0.8522699817982677
Riverbed,22,faster,ipc,2.289898036897461,2.0616474772839464,-0.2282505596135147,-0.0996771716188582
RushFieldCuts,22,faster,ipc,2.2364859407116886,1.8135226286309138,-0.42296331208077476,-0.18911959354691069
Skater227,22,faster,ipc,0.8426795869239089,2.439411133774393,1.5967315468504841,1.8948264223168652
Tango,22,faster,ipc,2.370080494228921,1.2683847298795043,-1.1016957643494167,-0.4648347459219274
TimeLapse,22,faster,ipc,2.3859343773729176,0.49238759500379486,-1.8935467823691228,-0.7936290286634168
ToddlerFountain,22,faster,ipc,2.181144936621119,1.4832238606451187,-0.6979210759760004,-0.3199792293753629
TreesAndGrass_1920_1080,22,faster,ipc,2.152998146362231,0.18986631296389578,-1.9631318333983352,-0.9118130625032356
TunnelFlag,22,faster,ipc,2.287326104352621,0.3830253148490495,-1.9043007895035715,-0.8325445094513724
Vertical_Carnaby,22,faster,ipc,2.4865352219423764,0.7425551060432886,-1.7439801158990877,-0.701369560547292
Vertical_bees,22,faster,ipc,2.397768482697603,0.28504744914826574,-2.112721033549337,-0.8811196947473536
WalkingInStreet,22,faster,ipc,2.5866714269776594,0.21426889722565062,-2.3724025297520086,-0.9171642385689439
WorldCup_1920x1080_30p,22,faster,ipc,2.873204556486119,1.6240472728623556,-1.2491572836237632,-0.43476099910946187
WorldCup_far_1920x1080_30p,22,faster,ipc,2.248181793146367,0.11546842251000881,-2.1327133706363584,-0.9486391968558696
Aerial3200,27,faster,ipc,2.263365364708012,0.37563737063506725,-1.8877279940729448,-0.8340359110852053
Boat,27,faster,ipc,2.2588557445221404,0.1742702920805269,-2.0845854524416136,-0.9228501897462277
BoxingPractice,27,faster,ipc,2.5131294110996603,0.13194464190829677,-2.3811847691913637,-0.9474978720452911
Crosswalk,27,faster,ipc,2.6188477003762998,0.3782349090648558,-2.240612791311444,-0.8555720101590835
CrowdRun,27,faster,ipc,2.229454383324369,1.6543522680833673,-0.5751021152410019,-0.25795643972022403
DinnerSceneCropped,27,faster,ipc,2.4296480743212463,0.7550930943669099,-1.6745549799543364,-0.6892170918301183
FoodMarket,27,faster,ipc,2.39361929361124,0.0,-2.39361929361124,-1.0
FoodMarket2,27,faster,ipc,2.45491279584367,1.4599215103243417,-0.9949912855193281,-0.40530616289259414
MeridianTalk_sdr,27,faster,ipc,2.594527141695744,0.5170399173585936,-2.0774872243371503,-0.8007190177163982
Motorcycle,27,faster,ipc,2.2774701981954473,0.8892572056949051,-1.3882129925005422,-0.6095416719834544
MountainBike,27,faster,ipc,2.263343484023618,0.18801545241569867,-2.0753280316079192,-0.9169302168482807
Neon1224,27,faster,ipc,2.5552646453454027,0.7089932121803556,-1.8462714331650472,-0.7225362885711907
NocturneDance_3840x2160p_8bit,27,faster,ipc,2.903423709892443,1.6265436098604154,-1.2768801000320278,-0.43978427801684156
OldTownCross,27,faster,ipc,2.3291593856962303,1.941455610562247,-0.38770377513398335,-0.1664565239781095
PedestrianArea,27,faster,ipc,2.490996459177026,0.3979672413943237,-2.0930292177827026,-0.8402377330051269
PierSeaSide,27,faster,ipc,2.5556468299574884,1.2115439603120517,-1.3441028696454367,-0.5259345125037465
RitualDance,27,faster,ipc,2.56447819737949,0.42370742706272374,-2.140770770316766,-0.8347783079241271
Riverbed,27,faster,ipc,2.3861249869422974,0.8570756437087773,-1.52904934323352,-0.6408085710518132
RushFieldCuts,27,faster,ipc,2.3203827988357775,0.3341191740725534,-1.986263624763224,-0.8560068734175268
Skater227,27,faster,ipc,1.3327652366550027,0.28107555550368657,-1.0516896811513161,-0.7891034761612369
Tango,27,faster,ipc,2.5476547637421834,0.8043673475656303,-1.743287416176553,-0.6842714487797725
TimeLapse,27,faster,ipc,2.494016176651929,0.3007851252299013,-2.1932310514220275,-0.8793972837683484
ToddlerFountain,27,faster,ipc,2.2814989133732877,0.23732052131930495,-2.0441783920539827,-0.8959804364016036
TreesAndGrass_1920_1080,27,faster,ipc,2.180954269683637,1.6488842883658796,-0.5320699813177574,-0.24396200723408012
TunnelFlag,27,faster,ipc,2.3732205775142052,1.9548029059891743,-0.41841767152503095,-0.17630795699710997
Vertical_Carnaby,27,faster,ipc,2.571233503500804,0.2112217960744773,-2.360011707426327,-0.9178519586856297
Vertical_bees,27,faster,ipc,2.4741861217647036,1.702687994881362,-0.7714981268833416,-0.31181895335063703
WalkingInStreet,27,faster,ipc,2.634951162829919,1.4716426800022324,-1.1633084828276865,-0.4414914778072401
WorldCup_1920x1080_30p,27,faster,ipc,2.999353009835389,0.0,-2.999353009835389,-1.0
WorldCup_far_1920x1080_30p,27,faster,ipc,2.321920599996074,5.1031683131410575e-06,-2.321915496827761,-0.9999978021779413
Aerial3200,32,faster,ipc,2.3582568439672515,0.2657761226799424,-2.092480721287309,-0.8872997555970908
Boat,32,faster,ipc,2.3462163230561326,0.2514227042545556,-2.094793618801577,-0.8928390780577907
BoxingPractice,32,faster,ipc,2.617887095031917,0.5961359880514007,-2.0217511069805165,-0.7722835376732958
Crosswalk,32,faster,ipc,2.7163941958367723,0.6013171232028435,-2.115077072633929,-0.7786340715480691
CrowdRun,32,faster,ipc,2.318629586029747,0.0,-2.318629586029747,-1.0
DinnerSceneCropped,32,faster,ipc,2.62366864370617,1.5703056359943128,-1.0533630077118572,-0.4014847721867371
FoodMarket,32,faster,ipc,2.5195649932840207,0.21625337349578344,-2.3033116197882375,-0.9141703531870726
FoodMarket2,32,faster,ipc,2.5456205036799675,0.1994694533818983,-2.346151050298069,-0.9216421092250224
MeridianTalk_sdr,32,faster,ipc,2.701044254002936,1.3229951028997529,-1.3780491511031832,-0.5101912525353556
Motorcycle,32,faster,ipc,2.3522305415133826,0.1793916810866983,-2.172838860426684,-0.9237355021454312
MountainBike,32,faster,ipc,2.3415032358890207,1.0556597614146914,-1.2858434744743292,-0.5491529777818653
Neon1224,32,faster,ipc,2.6624783812908297,0.3019120105969469,-2.3605663706938826,-0.886604896881614
NocturneDance_3840x2160p_8bit,32,faster,ipc,3.049556760929273,1.7198147556556012,-1.3297420052736717,-0.4360443531696939
OldTownCross,32,faster,ipc,2.467146627139567,0.31466620367949844,-2.1524804234600685,-0.8724574371794329
PedestrianArea,32,faster,ipc,2.5968036956803306,0.5713791644502496,-2.025424531230081,-0.7799682873985762
PierSeaSide,32,faster,ipc,2.6721421570838797,0.28153714184326817,-2.3906050152406113,-0.8946399086227841
RitualDance,32,faster,ipc,2.636440826915735,0.3576152931616758,-2.278825533754059,-0.8643567913564609
Riverbed,32,faster,ipc,2.4853419546517976,0.6448827913814155,-1.8404591632703822,-0.7405255280166205
RushFieldCuts,32,faster,ipc,2.4003110557623755,1.3689319367280361,-1.0313791190343393,-0.42968560952062007
Skater227,32,faster,ipc,2.654834649594765,0.30122694297934605,-2.353607706615419,-0.8865364579201476
Tango,32,faster,ipc,2.6960589608905523,0.4011667106381731,-2.294892250252379,-0.8512025454719057
TimeLapse,32,faster,ipc,2.602032202851903,0.27029828692373015,-2.331733915928173,-0.8961203144882391
ToddlerFountain,32,faster,ipc,2.407146125948792,0.18105685296060545,-2.2260892729881863,-0.9247836053620381
TreesAndGrass_1920_1080,32,faster,ipc,2.2452615248762506,0.9073575203988287,-1.337904004477422,-0.5958789163997996
TunnelFlag,32,faster,ipc,2.487108398813237,0.5007671758648184,-1.9863412229484187,-0.7986548651824876
Vertical_Carnaby,32,faster,ipc,3.1217182343122043,1.212848377462761,-1.9088698568494433,-0.6114805096335086
Vertical_bees,32,faster,ipc,2.5505374434657067,0.17930324472125608,-2.3712341987444505,-0.9296998186869916
WalkingInStreet,32,faster,ipc,2.7067604268483554,0.2170945974937923,-2.4896658293545633,-0.919795414717745
WorldCup_1920x1080_30p,32,faster,ipc,2.5710642757731765,1.3299146123711003,-1.2411496634020762,-0.48273770325280363
WorldCup_far_1920x1080_30p,32,faster,ipc,2.416579586614886,0.281512123739749,-2.135067462875137,-0.8835080270896075
Aerial3200,37,faster,ipc,2.4386477626296856,0.5797402177342257,-1.85890754489546,-0.7622698010683306
Boat,37,faster,ipc,2.444535636973745,0.28784200909253566,-2.1566936278812094,-0.8822508435798978
BoxingPractice,37,faster,ipc,2.709526270734438,0.21821576670620546,-2.4913105040282324,-0.919463498448732
Crosswalk,37,faster,ipc,2.8043113830024806,0.15540335468995367,-2.648908028312527,-0.9445841301248192
CrowdRun,37,faster,ipc,2.4249340455934827,1.4796625131422414,-0.9452715324512413,-0.38981329581683277
DinnerSceneCropped,37,faster,ipc,2.806117216340547,0.1469446352041938,-2.659172581136353,-0.9476341778067903
FoodMarket,37,faster,ipc,2.6202941472516303,0.1130349831112023,-2.507259164140428,-0.9568617198073879
FoodMarket2,37,faster,ipc,2.637030680316837,0.34283944112267756,-2.2941912391941592,-0.8699903479767305
MeridianTalk_sdr,37,faster,ipc,2.7926263125819943,0.1797221339888688,-2.6129041785931255,-0.9356440447548809
Motorcycle,37,faster,ipc,2.4556037361128076,0.23430899365064076,-2.2212947424621667,-0.9045819200366794
MountainBike,37,faster,ipc,2.444142800571651,0.18763461026236672,-2.256508190309284,-0.9232309134235194
Neon1224,37,faster,ipc,2.7476556422804372,1.911149852867692,-0.8365057894127452,-0.3044434595590301
NocturneDance_3840x2160p_8bit,37,faster,ipc,3.189463358436805,0.7228005560424388,-2.4666628023943664,-0.77337862994084
OldTownCross,37,faster,ipc,2.5982882669998495,0.1639013591411347,-2.434386907858715,-0.9369194861005989
PedestrianArea,37,faster,ipc,2.7055585312598383,0.34730931870548803,-2.3582492125543504,-0.8716311938209061
PierSeaSide,37,faster,ipc,2.753586156787474,0.19836456372055883,-2.555221593066915,-0.9279613738500252
RitualDance,37,faster,ipc,2.7209531142342396,0.21965810831436516,-2.501295005919874,-0.9192716305307657
Riverbed,37,faster,ipc,2.6004006881259176,1.842290154304771,-0.7581105338211467,-0.29153604568821634
RushFieldCuts,37,faster,ipc,2.4974432286059454,0.5081093390308503,-1.9893338895750952,-0.7965481924830486
Skater227,37,faster,ipc,0.6495594620930388,1.6508022473160149,1.001242785222976,1.541418212886512
Tango,37,faster,ipc,2.7895326012882316,0.2203255691069977,-2.5692070321812337,-0.9210170302346531
TimeLapse,37,faster,ipc,2.700516899692018,0.17578229390778113,-2.524734605784237,-0.9349079082127468
ToddlerFountain,37,faster,ipc,2.505555929077893,0.3027442193005808,-2.202811709777312,-0.8791708395781058
TreesAndGrass_1920_1080,37,faster,ipc,2.3508558486796063,0.18877338847161812,-2.162082460207988,-0.9197001430021131
TunnelFlag,37,faster,ipc,2.6038622163724816,1.4970398630703514,-1.1068223533021302,-0.42506947807863565
Vertical_Carnaby,37,faster,ipc,3.2232468867776127,1.8045658246842724,-1.4186810620933403,-0.4401403652674099
Vertical_bees,37,faster,ipc,2.631325105628138,2.6246390367841017,-0.006686068844036441,-0.0025409512605400284
WalkingInStreet,37,faster,ipc,2.7997737930665307,1.792345878807991,-1.0074279142585398,-0.35982475325448565
WorldCup_1920x1080_30p,37,faster,ipc,2.6728932505783027,1.5404171705207885,-1.1324760800575142,-0.4236892288206772
WorldCup_far_1920x1080_30p,37,faster,ipc,2.5045476416691073,0.1535335241683869,-2.3510141175007204,-0.9386981019590159
Aerial3200,22,superfast,ipc,2.210014711165105,0.18041126463021961,-2.0296034465348853,-0.9183664870107999
Boat,22,superfast,ipc,2.189440476826426,1.55139663245041,-0.6380438443760161,-0.2914186757435191
BoxingPractice,22,superfast,ipc,2.3923208497738306,1.470523595551937,-0.9217972542218937,-0.3853150610249625
Crosswalk,22,superfast,ipc,2.434183068652443,0.4452354565433815,-1.9889476121090612,-0.817090397892767
CrowdRun,22,superfast,ipc,2.1564881299610947,0.5085240272119964,-1.6479641027490983,-0.7641888122884448
DinnerSceneCropped,22,superfast,ipc,2.2696702855322033,0.3680544928028467,-1.9016157927293567,-0.8378379030870806
FoodMarket,22,superfast,ipc,2.266285706566596,0.08912380336845731,-2.1771619031981384,-0.9606740654498152
FoodMarket2,22,superfast,ipc,2.338475993164742,0.20271120927469108,-2.1357647838900506,-0.9133148213335494
MeridianTalk_sdr,22,superfast,ipc,2.404188386455021,1.6931177748591704,-0.7110706115958505,-0.29576326697273714
Motorcycle,22,superfast,ipc,2.2174166580965435,0.6759978747292479,-1.5414187833672957,-0.6951416991204835
MountainBike,22,superfast,ipc,2.200179711521816,2.2245376137997126,0.02435790227789658,0.01107086941595728
Neon1224,22,superfast,ipc,2.454686853680675,0.7580078522941349,-1.6966790013865403,-0.6911997751739528
NocturneDance_3840x2160p_8bit,22,superfast,ipc,2.7562653043788794,0.24643513374840503,-2.509830170630474,-0.9105909241186276
OldTownCross,22,superfast,ipc,2.1982279630904276,1.556997473765795,-0.6412304893246326,-0.2917033629319975
PedestrianArea,22,superfast,ipc,2.3499758360929777,0.0,-2.3499758360929777,-1.0
PierSeaSide,22,superfast,ipc,2.4146891531653663,0.741425508318554,-1.6732636448468123,-0.6929519862435981
RitualDance,22,superfast,ipc,2.439604341708629,0.756183824941047,-1.683420516767582,-0.6900383344901585
Riverbed,22,superfast,ipc,2.295236351761396,1.8835708466901535,-0.41166550507124255,-0.17935647662399767
RushFieldCuts,22,superfast,ipc,2.2380841503071394,0.5496095941680241,-1.6884745561391152,-0.7544285392072503
Skater227,22,superfast,ipc,0.2509885404042537,9.089621226615564e-05,-0.25089764419198757,-0.9996378471617877
Tango,22,superfast,ipc,2.3779748962868155,1.1423951816941949,-1.2355797145926206,-0.5195932541264277
TimeLapse,22,superfast,ipc,2.3909886134448795,2.5077370040995492,0.1167483906546698,0.048828501314551014
ToddlerFountain,22,superfast,ipc,2.196187437163479,1.020678346745152,-1.175509090418327,-0.5352498928491161
TreesAndGrass_1920_1080,22,superfast,ipc,2.148459515916806,0.20101090737135266,-1.9474486085454534,-0.9064395182305421
TunnelFlag,22,superfast,ipc,2.293816743458223,2.2775418097021096,-0.01627493375611344,-0.007095132513322267
Vertical_Carnaby,22,superfast,ipc,2.886886443050635,1.7520508961306362,-1.1348355469199987,-0.39310016840177253
Vertical_bees,22,superfast,ipc,2.3910174989508746,0.21179569934641002,-2.1792217996044645,-0.911420263783372
WalkingInStreet,22,superfast,ipc,2.5859696757457287,0.6445855346793568,-1.941384141066372,-0.7507373962173495
WorldCup_1920x1080_30p,22,superfast,ipc,2.429842846143343,0.14565991952076918,-2.2841829266225737,-0.9400537694230057
WorldCup_far_1920x1080_30p,22,superfast,ipc,2.2606275282662276,0.23353189166970348,-2.027095636596524,-0.8966959887245073
Aerial3200,27,superfast,ipc,2.273709024492936,0.0,-2.273709024492936,-1.0
Boat,27,superfast,ipc,2.255974920097868,0.24242926864078335,-2.0135456514570844,-0.8925390231597671
BoxingPractice,27,superfast,ipc,2.515864728564474,0.45185579111350804,-2.064008937450966,-0.820397422014286
Crosswalk,27,superfast,ipc,2.6089751839531075,0.1632815842413319,-2.4456935997117757,-0.9374154322181293
CrowdRun,27,superfast,ipc,2.227054674998061,0.4430408002487908,-1.7840138747492702,-0.8010642463238239
DinnerSceneCropped,27,superfast,ipc,2.4141744261190956,0.3095552751780987,-2.104619150940997,-0.8717759281065188
FoodMarket,27,superfast,ipc,2.380834457216435,0.16351179480113542,-2.2173226624152997,-0.9313216446840634
FoodMarket2,27,superfast,ipc,2.449811113762443,0.28243265159268915,-2.167378462169754,-0.8847124784412761
MeridianTalk_sdr,27,superfast,ipc,2.552229899534839,1.1761355249110015,-1.3760943746238377,-0.539173361645297
Motorcycle,27,superfast,ipc,2.270741193876422,1.2648572687511734,-1.0058839251252487,-0.44297603260021307
MountainBike,27,superfast,ipc,2.26154399205154,0.3905173240360816,-1.8710266680154586,-0.8273226939610283
Neon1224,27,superfast,ipc,2.5521746781818306,0.1660549508387646,-2.386119727343066,-0.9349358990752694
NocturneDance_3840x2160p_8bit,27,superfast,ipc,2.8790447719298493,1.793546194741288,-1.0854985771885612,-0.37703428156865443
OldTownCross,27,superfast,ipc,2.3105901136566085,0.5048125889929921,-1.8057775246636165,-0.7815222241239039
PedestrianArea,27,superfast,ipc,2.4778576235681506,0.18349564496182147,-2.294361978606329,-0.9259458480517597
PierSeaSide,27,superfast,ipc,2.5491305325851803,0.0,-2.5491305325851803,-1.0
RitualDance,27,superfast,ipc,2.548059740433384,1.5032358737817557,-1.044823866651628,-0.41004684861663426
Riverbed,27,superfast,ipc,2.3946836948911097,1.2589067916854755,-1.1357769032056342,-0.47429099117713747
RushFieldCuts,27,superfast,ipc,2.309708319599799,0.9757313253970855,-1.3339769942027138,-0.5775521449538921
Skater227,27,superfast,ipc,0.41296806278659687,0.16946133548064948,-0.24350672730594738,-0.589650264145924
Tango,27,superfast,ipc,2.525838755606789,0.3607511172925864,-2.1650876383142026,-0.8571757138131637
TimeLapse,27,superfast,ipc,2.4968921114531226,1.7292472771606493,-0.7676448342924733,-0.3074401295800182
ToddlerFountain,27,superfast,ipc,2.2907464523385586,0.2973957998524799,-1.9933506524860787,-0.8701751564216647
TreesAndGrass_1920_1080,27,superfast,ipc,2.17711172869379,0.24523705562380047,-1.9318746730699898,-0.8873566972279663
TunnelFlag,27,superfast,ipc,2.3827391538080054,0.20075947141330663,-2.1819796823946986,-0.9157442512780049
Vertical_Carnaby,27,superfast,ipc,2.998942744404856,1.1750422538475418,-1.8239004905573142,-0.6081811644987806
Vertical_bees,27,superfast,ipc,2.455787381455801,0.19397030919562328,-2.261817072260178,-0.9210150232628703
WalkingInStreet,27,superfast,ipc,2.62962668933016,1.3227974187079736,-1.3068292706221865,-0.49696379943385527
WorldCup_1920x1080_30p,27,superfast,ipc,2.5296591126330745,0.20923831933884643,-2.320420793294228,-0.9172859622492556
WorldCup_far_1920x1080_30p,27,superfast,ipc,2.326988034937351,1.7088630309169257,-0.6181250040204251,-0.26563308222470805
Aerial3200,32,superfast,ipc,2.3572073290350897,0.0,-2.3572073290350897,-1.0
Boat,32,superfast,ipc,2.3436535435279753,1.6607869838154186,-0.6828665597125567,-0.2913683900072603
BoxingPractice,32,superfast,ipc,2.6473088694914613,0.017640398485037474,-2.6296684710064238,-0.9933364789094572
Crosswalk,32,superfast,ipc,2.725365480837645,1.681855943836413,-1.043509537001232,-0.38288792616559736
CrowdRun,32,superfast,ipc,2.316863096461447,0.5461397309796202,-1.7707233654818268,-0.7642762182134364
DinnerSceneCropped,32,superfast,ipc,2.6088619817634386,0.2203070931291961,-2.3885548886342427,-0.915554331862247
FoodMarket,32,superfast,ipc,2.5318263817397395,0.5159650570660066,-2.015861324673733,-0.7962083574184647
FoodMarket2,32,superfast,ipc,2.537419576648893,1.0028184959508422,-1.5346010806980508,-0.6047880669088084
MeridianTalk_sdr,32,superfast,ipc,2.693058616911058,2.4936814818198427,-0.19937713509121524,-0.07403371535963858
Motorcycle,32,superfast,ipc,2.343959531524634,0.20155932826885595,-2.142400203255778,-0.9140090408737768
MountainBike,32,superfast,ipc,2.3389215400103933,0.685791120091076,-1.6531304199193173,-0.7067917378331431
Neon1224,32,superfast,ipc,2.645631951012154,0.43240443488071395,-2.21322751613144,-0.836559112194239
NocturneDance_3840x2160p_8bit,32,superfast,ipc,3.021188434057638,0.7581219298343734,-2.2630665042232643,-0.7490649966456511
OldTownCross,32,superfast,ipc,2.4579802946191123,1.337510047370547,-1.1204702472485653,-0.45584997149954487
PedestrianArea,32,superfast,ipc,2.595056607203384,0.19218252513331038,-2.4028740820700736,-0.9259428389346698
PierSeaSide,32,superfast,ipc,2.655001830863389,0.4212722336692991,-2.23372959719409,-0.8413288349664512
RitualDance,32,superfast,ipc,2.638795102385548,0.21080743916072525,-2.427987663224823,-0.920112236463472
Riverbed,32,superfast,ipc,2.4888382996324254,0.7257806928957768,-1.7630576067366486,-0.7083857585271944
RushFieldCuts,32,superfast,ipc,2.401631269966172,0.3226757817229717,-2.0789554882432006,-0.8656430794526103
Skater227,32,superfast,ipc,0.5524706202327025,1.1368386019475414,0.5843679817148388,1.0577358511276147
Tango,32,superfast,ipc,2.6754438207451536,0.6315264478987948,-2.0439173728463587,-0.7639545099014994
TimeLapse,32,superfast,ipc,2.5934918280493027,1.6105433251621815,-0.9829485028871212,-0.37900582228803353
ToddlerFountain,32,superfast,ipc,2.4095688146420904,0.3568169595040663,-2.052751855138024,-0.8519166759895725
TreesAndGrass_1920_1080,32,superfast,ipc,2.2388369065954956,0.21262502491333138,-2.026211881682164,-0.9050288012105976
TunnelFlag,32,superfast,ipc,2.49079854469489,0.47995017173221133,-2.0108483729626787,-0.8073107225975986
Vertical_Carnaby,32,superfast,ipc,3.1130828477266035,1.386160566099081,-1.7269222816275225,-0.5547305889686313
Vertical_bees,32,superfast,ipc,2.546787370261162,0.18531832275130422,-2.361469047509858,-0.9272344739434214
WalkingInStreet,32,superfast,ipc,2.69916619427864,0.0,-2.69916619427864,-1.0
WorldCup_1920x1080_30p,32,superfast,ipc,2.6293002002104267,0.0,-2.6293002002104267,-1.0
WorldCup_far_1920x1080_30p,32,superfast,ipc,2.409378880566818,0.2351873004119663,-2.1741915801548517,-0.9023867510797483
Aerial3200,37,superfast,ipc,2.439358638742592,0.7865124098107293,-1.6528462289318626,-0.6775740978308338
Boat,37,superfast,ipc,2.43293128798579,0.24403137638608824,-2.1888999115997017,-0.8996965604449436
BoxingPractice,37,superfast,ipc,2.7259402099300063,0.0,-2.7259402099300063,-1.0
Crosswalk,37,superfast,ipc,2.79204951851138,0.3185782838332284,-2.4734712346781516,-0.8858980538414365
CrowdRun,37,superfast,ipc,2.396364573175789,0.3077239784052983,-2.088640594770491,-0.8715871608811651
DinnerSceneCropped,37,superfast,ipc,2.7773650586049694,0.22449964353242693,-2.5528654150725423,-0.9191681184160968
FoodMarket,37,superfast,ipc,2.648807179131331,0.614212129615037,-2.0345950495162937,-0.768117462662395
FoodMarket2,37,superfast,ipc,2.6123840898564143,0.3690233074737079,-2.2433607823827066,-0.8587407920196028
MeridianTalk_sdr,37,superfast,ipc,2.7745751469525266,0.8937078138886887,-1.880867333063838,-0.6778938156098245
Motorcycle,37,superfast,ipc,2.441638098393917,1.7572330292875293,-0.6844050691063879,-0.2803056970468236
MountainBike,37,superfast,ipc,2.430878414302013,0.8328091490176133,-1.5980692652843997,-0.657404029704735
Neon1224,37,superfast,ipc,2.726585640868882,0.22173314160935584,-2.5048524992595262,-0.9186773603272201
NocturneDance_3840x2160p_8bit,37,superfast,ipc,3.1590184986043695,1.5581946497950279,-1.6008238488093416,-0.5067472221250282
OldTownCross,37,superfast,ipc,2.5933997087505904,0.27366474439048455,-2.319734964360106,-0.8944764497863206
PedestrianArea,37,superfast,ipc,2.6821068319353456,1.4929867197449749,-1.1891201121903707,-0.443353000720083
PierSeaSide,37,superfast,ipc,2.74968497909813,7.176864250296216e-06,-2.7496778022338795,-0.9999973899321905
RitualDance,37,superfast,ipc,2.7206585291788827,0.7616583265846835,-1.9590002025941993,-0.7200463349531195
Riverbed,37,superfast,ipc,2.58761982501975,0.0,-2.58761982501975,-1.0
RushFieldCuts,37,superfast,ipc,2.498213588267222,1.0965311027453075,-1.4016824855219143,-0.561073917820666
Skater227,37,superfast,ipc,0.4168255926352129,1.6160791055868422,1.1992535129516293,2.8771110367044144
Tango,37,superfast,ipc,2.7485544925570924,0.9083659766113538,-1.8401885159457385,-0.6695113816840269
TimeLapse,37,superfast,ipc,2.689039602508247,1.5217938689422916,-1.1672457335659554,-0.4340753228316858
ToddlerFountain,37,superfast,ipc,2.517505466149623,0.18534927765929304,-2.33215618849033,-0.9263758191783497
TreesAndGrass_1920_1080,37,superfast,ipc,2.336903160656022,0.0,-2.336903160656022,-1.0
TunnelFlag,37,superfast,ipc,2.585702697763348,0.5474917005664252,-2.0382109971969227,-0.7882619293238895
Vertical_Carnaby,37,superfast,ipc,3.2165863938985977,1.6712700346686782,-1.5453163592299195,-0.48042121988738207
Vertical_bees,37,superfast,ipc,2.6173995315018614,0.2805046794673701,-2.3368948520344914,-0.8928307749385067
WalkingInStreet,37,superfast,ipc,2.7862087285969297,1.6826979982385168,-1.1035107303584129,-0.3960617591324952
WorldCup_1920x1080_30p,37,superfast,ipc,2.706535750531988,0.45274665502009387,-2.2537890955118938,-0.8327209773855366
WorldCup_far_1920x1080_30p,37,superfast,ipc,2.5001358904559745,1.2793009085985738,-1.2208349818574007,-0.48830745021413413
Aerial3200,22,veryfast,ipc,2.2038549284399327,0.13786352771563234,-2.0659914007243003,-0.9374443726142976
Boat,22,veryfast,ipc,2.1908609262751346,0.921103307776653,-1.2697576184984816,-0.5795701604196768
BoxingPractice,22,veryfast,ipc,2.4028936543353874,0.0,-2.4028936543353874,-1.0
Crosswalk,22,veryfast,ipc,2.4442301500184165,1.6250011202824903,-0.8192290297359262,-0.33516853137981034
CrowdRun,22,veryfast,ipc,2.1551819096520477,1.779773564173049,-0.3754083454789987,-0.17418870481313944
DinnerSceneCropped,22,veryfast,ipc,2.283526005533888,0.11141463983063969,-2.1721113657032487,-0.9512093842764927
FoodMarket,22,veryfast,ipc,2.272992837993849,0.27542636209240984,-1.997566475901439,-0.8788265596404158
FoodMarket2,22,veryfast,ipc,2.3438841168642015,0.23441610086362083,-2.1094680160005805,-0.8999881866270599
MeridianTalk_sdr,22,veryfast,ipc,2.4165267390210587,1.2007098037721982,-1.2158169352488606,-0.5031257943958821
Motorcycle,22,veryfast,ipc,2.2139753125696897,1.5899627381633006,-0.6240125744063891,-0.28185164074034674
MountainBike,22,veryfast,ipc,2.1908661374929914,0.18082735244515888,-2.0100387850478327,-0.9174630757440619
Neon1224,22,veryfast,ipc,2.461302062775571,0.16616505153031366,-2.295137011245257,-0.9324889642586445
NocturneDance_3840x2160p_8bit,22,veryfast,ipc,2.776405275639539,0.3372963089599039,-2.439108966679635,-0.8785133021034875
OldTownCross,22,veryfast,ipc,2.1965814156050048,0.8296518378326945,-1.3669295777723103,-0.6222986173247836
PedestrianArea,22,veryfast,ipc,2.3662149435168516,0.3597172483551609,-2.006497695161691,-0.847977780150217
PierSeaSide,22,veryfast,ipc,2.4223384060271953,1.701910821247101,-0.7204275847800943,-0.29740996674434356
RitualDance,22,veryfast,ipc,2.46759130068621,0.4361841466964199,-2.03140715398979,-0.8232348498816956
Riverbed,22,veryfast,ipc,2.301237296308627,0.3008083876196919,-2.000428908688935,-0.869284063793763
RushFieldCuts,22,veryfast,ipc,2.2338144865356893,0.0,-2.2338144865356893,-1.0
Skater227,22,veryfast,ipc,0.2807118280055989,1.1994346362105839,0.918722808204985,3.2728325512050054
Tango,22,veryfast,ipc,2.3828474175622087,0.0,-2.3828474175622087,-1.0
TimeLapse,22,veryfast,ipc,2.3833094810036886,1.646434486043567,-0.7368749949601217,-0.3091814138421502
ToddlerFountain,22,veryfast,ipc,2.189193275816417,0.18344159310030797,-2.005751682716109,-0.9162058484617366
TreesAndGrass_1920_1080,22,veryfast,ipc,2.1508061071500193,0.8510897003022703,-1.299716406847749,-0.6042926893907565
TunnelFlag,22,veryfast,ipc,2.2947828808850064,1.7483536160964765,-0.5464292647885298,-0.23811806743903974
Vertical_Carnaby,22,veryfast,ipc,2.899307779511484,0.25579976150950456,-2.6435080180019797,-0.9117721259822215
Vertical_bees,22,veryfast,ipc,2.3936485309839726,2.4536527728341877,0.060004241850215134,0.025068108819446773
WalkingInStreet,22,veryfast,ipc,2.589017101327717,0.7473041774151619,-1.8417129239125551,-0.7113560288837318
WorldCup_1920x1080_30p,22,veryfast,ipc,2.445378298025219,0.1666764013613116,-2.2787018966639074,-0.9318402385856159
WorldCup_far_1920x1080_30p,22,veryfast,ipc,2.2570265855069467,0.22088752407439657,-2.03613906143255,-0.9021333973233712
Aerial3200,27,veryfast,ipc,2.2787347848694597,0.9173271575725732,-1.3614076272968865,-0.597440139298561
Boat,27,veryfast,ipc,2.2594467729672885,0.1872607452274896,-2.0721860277397988,-0.9171209751573108
BoxingPractice,27,veryfast,ipc,2.5458299821094874,0.5266548686477472,-2.01917511346174,-0.7931303848455118
Crosswalk,27,veryfast,ipc,2.6243154889958014,0.48476915807296633,-2.139546330922835,-0.8152778657498745
CrowdRun,27,veryfast,ipc,2.227956404827,1.2536623248090912,-0.974294080017909,-0.4373039247568053
DinnerSceneCropped,27,veryfast,ipc,2.4379579899073036,0.2910090487190142,-2.1469489411882896,-0.8806341003726325
FoodMarket,27,veryfast,ipc,2.40007025221227,0.48556641168644316,-1.914503840525827,-0.7976865838660885
FoodMarket2,27,veryfast,ipc,2.449192274389663,0.1934017174477074,-2.255790556941956,-0.9210344898315904
MeridianTalk_sdr,27,veryfast,ipc,2.578139257461494,2.4735583155847762,-0.10458094187671785,-0.04056450464188311
Motorcycle,27,veryfast,ipc,2.258639914928421,1.5634820311711113,-0.6951578837573098,-0.3077772066112363
MountainBike,27,veryfast,ipc,2.264285175085531,1.5666605219726757,-0.6976246531128554,-0.30809928925428015
Neon1224,27,veryfast,ipc,2.555348653083121,0.32067299849979175,-2.234675654583329,-0.8745091014829275
NocturneDance_3840x2160p_8bit,27,veryfast,ipc,2.901172649972796,1.8449312296202618,-1.056241420352534,-0.3640739617349
OldTownCross,27,veryfast,ipc,2.3164119332147517,0.1823040287346921,-2.1341079044800595,-0.9212989597745302
PedestrianArea,27,veryfast,ipc,2.4876796166378248,0.7831021452019238,-1.704577471435901,-0.6852077976744005
PierSeaSide,27,veryfast,ipc,2.5501677668750786,0.4743620066815181,-2.0758057601935604,-0.8139879215621993
RitualDance,27,veryfast,ipc,2.5452750023081183,1.1633249403710548,-1.3819500619370635,-0.542947249583592
Riverbed,27,veryfast,ipc,2.385798974620762,0.7000621629896646,-1.6857368116310976,-0.7065711862413119
RushFieldCuts,27,veryfast,ipc,2.3177046719842203,1.5804387640535589,-0.7372659079306614,-0.3181017481832478
Skater227,27,veryfast,ipc,1.5836009805702447,0.23976415182459415,-1.3438368287456506,-0.8485956028277676
Tango,27,veryfast,ipc,2.5438704805212287,1.2625020612840026,-1.281368419237226,-0.5037081993949153
TimeLapse,27,veryfast,ipc,2.498752961840937,0.7198211961465206,-1.7789317656944166,-0.7119278267443462
ToddlerFountain,27,veryfast,ipc,2.2861919774174706,0.18846014776452139,-2.097731829652949,-0.917565913262713
TreesAndGrass_1920_1080,27,veryfast,ipc,2.1716798599463676,0.8382257726981863,-1.3334540872481813,-0.6140196406670699
TunnelFlag,27,veryfast,ipc,2.3866403558337392,0.0,-2.3866403558337392,-1.0
Vertical_Carnaby,27,veryfast,ipc,3.0164899817863873,0.2700096130289829,-2.746480368757404,-0.9104888082972908
Vertical_bees,27,veryfast,ipc,2.4731795196153814,1.2143148922093512,-1.2588646274060302,-0.5090065712665305
WalkingInStreet,27,veryfast,ipc,2.632067020602833,1.9638369242078133,-0.6682300963950196,-0.2538803499927491
WorldCup_1920x1080_30p,27,veryfast,ipc,2.5362717012516347,0.2037866050902817,-2.332485096161353,-0.9196511142754483
WorldCup_far_1920x1080_30p,27,veryfast,ipc,2.3300648047819807,0.18124340776676712,-2.1488213970152135,-0.9222152931563095
Aerial3200,32,veryfast,ipc,2.362238977894327,1.1911507919885584,-1.1710881859057685,-0.4957534766231244
Boat,32,veryfast,ipc,2.343440680990706,2.6256925406165283,0.28225185962582255,0.12044335575266135
BoxingPractice,32,veryfast,ipc,2.67608623056425,1.8728256060883672,-0.8032606244758829,-0.3001624593787907
Crosswalk,32,veryfast,ipc,2.7404849520473467,1.8092242264325498,-0.9312607256147969,-0.33981603326049126
CrowdRun,32,veryfast,ipc,2.3114323352606125,0.6488091421343651,-1.6626231931262474,-0.7193042892768858
DinnerSceneCropped,32,veryfast,ipc,2.639745146481402,1.3750765630844146,-1.2646685833969875,-0.47908737897774084
FoodMarket,32,veryfast,ipc,2.5129397105811906,0.23992000507094338,-2.2730197055102472,-0.9045261595171916
FoodMarket2,32,veryfast,ipc,2.537917902423242,0.34184583350909425,-2.1960720689141477,-0.8653046132096335
MeridianTalk_sdr,32,veryfast,ipc,2.701400694140825,0.0,-2.701400694140825,-1.0
Motorcycle,32,veryfast,ipc,2.354946912969797,1.7138129725207385,-0.6411339404490586,-0.27224984857112206
MountainBike,32,veryfast,ipc,2.3419786661716295,0.2407506834745607,-2.101227982697069,-0.8972020168449657
Neon1224,32,veryfast,ipc,2.650242079612634,1.4286656444456918,-1.221576435166942,-0.4609301333504941
NocturneDance_3840x2160p_8bit,32,veryfast,ipc,3.0500809032624376,1.7671795432929036,-1.282901359969534,-0.42061223969413825
OldTownCross,32,veryfast,ipc,2.4633953163484303,0.3403205225237205,-2.12307479382471,-0.8618490015527883
PedestrianArea,32,veryfast,ipc,2.6045639342209084,0.0,-2.6045639342209084,-1.0
PierSeaSide,32,veryfast,ipc,2.668492898359774,0.0,-2.668492898359774,-1.0
RitualDance,32,veryfast,ipc,2.660927582850639,1.635956191812135,-1.0249713910385039,-0.3851932678079337
Riverbed,32,veryfast,ipc,2.503147714201049,0.7799952215870344,-1.7231524926140147,-0.6883942497033212
RushFieldCuts,32,veryfast,ipc,2.4037844943046482,1.3751476039745811,-1.028636890330067,-0.4279239227839452
Skater227,32,veryfast,ipc,0.7257405767990813,1.242947242766955,0.5172066659678737,0.7126605325680453
Tango,32,veryfast,ipc,2.689836676414113,0.7574843109087386,-1.9323523655053743,-0.7183902214023792
TimeLapse,32,veryfast,ipc,2.5933360144400837,1.1322155818673376,-1.461120432572746,-0.5634134660672618
ToddlerFountain,32,veryfast,ipc,2.4147356501952233,0.6163407127300977,-1.7983949374651256,-0.7447585152104461
TreesAndGrass_1920_1080,32,veryfast,ipc,2.2332003261194093,0.18063143602768233,-2.052568890091727,-0.9191154354067455
TunnelFlag,32,veryfast,ipc,2.4948251548447975,1.7391809880944007,-0.7556441667503968,-0.30288461910165615
Vertical_Carnaby,32,veryfast,ipc,3.1321650098456715,0.8178507720205692,-2.3143142378251023,-0.7388864349580144
Vertical_bees,32,veryfast,ipc,2.552780604687526,0.272000912705136,-2.28077969198239,-0.8934491619821632
WalkingInStreet,32,veryfast,ipc,2.7077902448751945,1.9194312083880143,-0.7883590364871802,-0.2911447952732826
WorldCup_1920x1080_30p,32,veryfast,ipc,2.6396428686410887,0.1238283991135901,-2.5158144695274984,-0.9530889573795496
WorldCup_far_1920x1080_30p,32,veryfast,ipc,2.42196250287478,0.18789110942773532,-2.234071393447045,-0.9224219577286125
Aerial3200,37,veryfast,ipc,2.4511087787522836,0.15069218646459584,-2.3004165922876876,-0.9385208083089219
Boat,37,veryfast,ipc,2.4417173607575795,0.7941708083330591,-1.6475465524245205,-0.6747490839453033
BoxingPractice,37,veryfast,ipc,2.7636957280340186,0.17887365783755607,-2.5848220701964624,-0.9352773693489045
Crosswalk,37,veryfast,ipc,2.8159943325173478,0.28445226253142997,-2.531542069985918,-0.8989869193816364
CrowdRun,37,veryfast,ipc,2.4278009482417304,2.255100258900375,-0.1727006893413554,-0.0711346164793408
DinnerSceneCropped,37,veryfast,ipc,2.7835813246699908,0.11855812259590207,-2.6650232020740887,-0.9574080622164118
FoodMarket,37,veryfast,ipc,2.6117555393714817,0.10963642954530271,-2.5021191098261792,-0.9580219404563084
FoodMarket2,37,veryfast,ipc,2.61463162395234,0.20074243859030194,-2.4138891853620383,-0.9232234335608415
MeridianTalk_sdr,37,veryfast,ipc,2.78087948659956,0.9559728117558252,-1.8249066748437346,-0.6562336424996316
Motorcycle,37,veryfast,ipc,2.453121749321636,1.5989147961615784,-0.8542069531600578,-0.3482122130286735
MountainBike,37,veryfast,ipc,2.4430696190797807,0.1701435021040364,-2.272926116975744,-0.9303566706510298
Neon1224,37,veryfast,ipc,2.7398285404093934,0.4873318246001537,-2.2524967158092397,-0.8221305394069166
NocturneDance_3840x2160p_8bit,37,veryfast,ipc,3.193392305217436,0.22416934532998992,-2.9692229598874462,-0.9298021276735285
OldTownCross,37,veryfast,ipc,2.5958907883500593,0.17121763566420212,-2.424673152685857,-0.9340428201245602
PedestrianArea,37,veryfast,ipc,2.7063027771804564,0.21154259229038608,-2.4947601848900702,-0.9218333609697654
PierSeaSide,37,veryfast,ipc,2.757463698047779,1.7912494577655453,-0.9662142402822338,-0.3503996230181711
RitualDance,37,veryfast,ipc,2.7394865699482227,0.34172331180936044,-2.397763258138862,-0.8752600886757335
Riverbed,37,veryfast,ipc,2.6014609363952523,0.44304219971482917,-2.158418736680423,-0.8296948481845219
RushFieldCuts,37,veryfast,ipc,2.499379287816986,0.0,-2.499379287816986,-1.0
Skater227,37,veryfast,ipc,0.2498477948833205,0.4673262827383747,0.21747848785505416,0.8704438954789139
Tango,37,veryfast,ipc,2.775968868230575,1.481746877849566,-1.2942219903810093,-0.4662235247637906
TimeLapse,37,veryfast,ipc,2.68995662603099,1.3058342530762237,-1.3841223729547665,-0.514551929782239
ToddlerFountain,37,veryfast,ipc,2.531087850741404,1.7002162057771741,-0.8308716449642297,-0.3282666165541633
TreesAndGrass_1920_1080,37,veryfast,ipc,2.3361439259905183,0.1140524053673813,-2.222091520623137,-0.9511792042868148
TunnelFlag,37,veryfast,ipc,2.602076947466879,0.5482108792415746,-2.0538660682253043,-0.7893179601105733
Vertical_Carnaby,37,veryfast,ipc,3.2186609200128267,1.754137440196621,-1.4645234798162057,-0.4550101785218088
Vertical_bees,37,veryfast,ipc,2.619681604391571,0.3718383902415033,-2.2478432141500675,-0.8580597009887909
WalkingInStreet,37,veryfast,ipc,2.8022574012626116,0.8289945658688113,-1.9732628353938004,-0.7041690154889799
WorldCup_1920x1080_30p,37,veryfast,ipc,2.710358161540431,0.0,-2.710358161540431,-1.0
WorldCup_far_1920x1080_30p,37,veryfast,ipc,2.512739219749097,0.24192833283230916,-2.270810886916788,-0.9037192833498789
Aerial3200,22,fast,cache_miss_rate,0.09612404827743566,0.29438623611588227,0.19826218783844662,2.0625659384030235
Boat,22,fast,cache_miss_rate,0.05393390444881681,0.29360120571838283,0.23966730126956604,4.4437224361720356
BoxingPractice,22,fast,cache_miss_rate,0.04945923894852387,0.2757093507337093,0.2262501117851854,4.57447620697645
Crosswalk,22,fast,cache_miss_rate,0.05504081533649059,0.2757385210872412,0.2206977057507506,4.009709965259797
CrowdRun,22,fast,cache_miss_rate,0.052623759380678765,0.2836780484998418,0.23105428911916304,4.390683824918758
DinnerSceneCropped,22,fast,cache_miss_rate,0.0508382716144747,0.27485054507091783,0.22401227345644315,4.40637075853425
FoodMarket,22,fast,cache_miss_rate,0.0504019516122311,0.27725,0.2268480483877689,4.500779059767984
FoodMarket2,22,fast,cache_miss_rate,0.05343113782431107,0.27280288328250624,0.21937174545819516,4.10569107061728
MeridianTalk_sdr,22,fast,cache_miss_rate,0.055465383798956054,0.28685815239072204,0.231392768591766,4.171841115000473
Motorcycle,22,fast,cache_miss_rate,0.05483037395693864,0.273304535637149,0.2184741616802104,3.9845462635689914
MountainBike,22,fast,cache_miss_rate,0.05693260624212619,0.2732034512360139,0.2162708449938877,3.7987167507160815
Neon1224,22,fast,cache_miss_rate,0.051027235606731614,0.28888792780324657,0.23786069219651496,4.661445782203728
NocturneDance_3840x2160p_8bit,22,fast,cache_miss_rate,0.015552172547643378,0.21467233713512468,0.1991201645874813,12.803366473557677
OldTownCross,22,fast,cache_miss_rate,0.05585853442472634,0.295075394154626,0.2392168597298997,4.282548086761259
PedestrianArea,22,fast,cache_miss_rate,0.05592865152641302,0.2801455452146937,0.22421689368828068,4.008980863455851
PierSeaSide,22,fast,cache_miss_rate,0.055270510940966404,0.2825396364902305,0.2272691255492641,4.111941823588474
RitualDance,22,fast,cache_miss_rate,0.05859086734240209,0.2751924523933553,0.21660158505095323,3.6968489267302433
Riverbed,22,fast,cache_miss_rate,0.04955856154919241,0.2831106236832232,0.2335520621340308,4.71264812442557
RushFieldCuts,22,fast,cache_miss_rate,0.05404255494001777,0.27756620958283257,0.2235236546428148,4.136067491459375
Skater227,22,fast,cache_miss_rate,0.3100872140858976,0.27527304499781563,-0.03481416908808199,-0.11227218507125572
Tango,22,fast,cache_miss_rate,0.05392866115292167,0.28211907135324116,0.2281904102003195,4.231338314764688
TimeLapse,22,fast,cache_miss_rate,0.05514165121007976,0.27451008812615957,0.21936843691607982,3.9782710909458547
ToddlerFountain,22,fast,cache_miss_rate,0.05826303152904515,0.27348815951095495,0.2152251279819098,3.6940255653298144
TreesAndGrass_1920_1080,22,fast,cache_miss_rate,0.05273268164617287,0.2838956722780146,0.23116299063184173,4.383675994005108
TunnelFlag,22,fast,cache_miss_rate,0.0507435109764162,0.28005511539786426,0.22931160442144805,4.519033074554577
Vertical_Carnaby,22,fast,cache_miss_rate,0.016991653716492635,0.2145329828835182,0.19754132916702555,11.625785957212964
Vertical_bees,22,fast,cache_miss_rate,0.05338327897002395,0.28531920468108646,0.2319359257110625,4.344729851482153
WalkingInStreet,22,fast,cache_miss_rate,0.02018144558995503,0.21687162395126997,0.19669017836131494,9.746089668582222
WorldCup_1920x1080_30p,22,fast,cache_miss_rate,0.056239864954377355,0.3015783698618575,0.24533850490748013,4.362359424342546
WorldCup_far_1920x1080_30p,22,fast,cache_miss_rate,0.057591199824685996,0.2851575141052158,0.22756631428052979,3.9514077666946843
Aerial3200,27,fast,cache_miss_rate,0.05609893465877617,0.28003366905639565,0.2239347343976195,3.9917822996053443
Boat,27,fast,cache_miss_rate,0.05321065804910328,0.2748998157194255,0.22168915767032224,4.166254765459684
BoxingPractice,27,fast,cache_miss_rate,0.05037500051365868,0.2756871968249302,0.22531219631127153,4.472698640473073
Crosswalk,27,fast,cache_miss_rate,0.06332106087620361,0.27753397810063485,0.21421291722443125,3.382964755489964
CrowdRun,27,fast,cache_miss_rate,0.05215424858440872,0.28104034155267055,0.22888609296826182,4.388637535402749
DinnerSceneCropped,27,fast,cache_miss_rate,0.0518864362154393,0.2870378387739198,0.2351514025584805,4.532039964781951
FoodMarket,27,fast,cache_miss_rate,0.05253472156674558,0.2788233736038966,0.226288652037151,4.307411275600849
FoodMarket2,27,fast,cache_miss_rate,0.05053779114140472,0.2817430180406093,0.23120522689920459,4.574897748346232
MeridianTalk_sdr,27,fast,cache_miss_rate,0.06041461111438954,0.28773618691535235,0.22732157580096282,3.7626920310808623
Motorcycle,27,fast,cache_miss_rate,0.05700789463984892,0.281125012454275,0.2241171178144261,3.931334760392408
MountainBike,27,fast,cache_miss_rate,0.05874217989166117,0.28371821104940076,0.2249760311577396,3.829889043489113
Neon1224,27,fast,cache_miss_rate,0.05222812705621248,0.2769790454016298,0.22475091834541733,4.3032544150687375
NocturneDance_3840x2160p_8bit,27,fast,cache_miss_rate,0.016114338848272344,0.2151841359773371,0.19906979712906475,12.353581428530498
OldTownCross,27,fast,cache_miss_rate,0.05535178095990018,0.28462830500130315,0.22927652404140297,4.142170677534355
PedestrianArea,27,fast,cache_miss_rate,0.057216166302973014,0.28381741544747024,0.22660124914449722,3.9604409695083462
PierSeaSide,27,fast,cache_miss_rate,0.05806896330591762,0.3368190335965734,0.2787500702906558,4.800327996595201
RitualDance,27,fast,cache_miss_rate,0.05882264625541642,0.27551719613360354,0.21669454987818712,3.6838626561829284
Riverbed,27,fast,cache_miss_rate,0.05449369338670119,0.2713413739472371,0.21684768056053594,3.9793170013588424
RushFieldCuts,27,fast,cache_miss_rate,0.05441391285439779,0.28647480344657517,0.23206089059217738,4.264734484600146
Skater227,27,fast,cache_miss_rate,0.3123217341699943,0.2857804405082342,-0.026541293661760113,-0.08498061696632964
Tango,27,fast,cache_miss_rate,0.05578331109018852,0.2795821985281335,0.22379888743794496,4.01193265627626
TimeLapse,27,fast,cache_miss_rate,0.056463839383079,0.2774684728128242,0.22100463342974522,3.914091493678617
ToddlerFountain,27,fast,cache_miss_rate,0.059975423053774755,0.27441450042673843,0.21443907737296367,3.575449183254527
TreesAndGrass_1920_1080,27,fast,cache_miss_rate,0.05125589056769647,0.27932481967600803,0.22806892910831156,4.449614016697035
TunnelFlag,27,fast,cache_miss_rate,0.052588343493543875,0.2767704463706587,0.2241821028771148,4.262961865392033
Vertical_Carnaby,27,fast,cache_miss_rate,0.018595414635227136,0.21823328829698257,0.19963787366175545,10.735865673226863
Vertical_bees,27,fast,cache_miss_rate,0.05567613618016439,0.272285743195386,0.2166096070152216,3.8905287233705814
WalkingInStreet,27,fast,cache_miss_rate,0.01834881567915582,0.21494190326814122,0.19659308758898542,10.714211261728154
WorldCup_1920x1080_30p,27,fast,cache_miss_rate,0.06816949539948897,0.28047030169476783,0.21230080629527887,3.1143080207818348
WorldCup_far_1920x1080_30p,27,fast,cache_miss_rate,0.055813554507332594,0.3117549419043308,0.2559413873969982,4.5856493042988955
Aerial3200,32,fast,cache_miss_rate,0.05907155088438918,0.2704107250451898,0.21133917416080064,3.5776811510234308
Boat,32,fast,cache_miss_rate,0.051872542661060804,0.28017197405815053,0.22829943139708972,4.401161379129144
BoxingPractice,32,fast,cache_miss_rate,0.0553455049309543,0.29201423405512095,0.23666872912416664,4.276205076083779
Crosswalk,32,fast,cache_miss_rate,0.06405651097988975,0.26637917990618853,0.2023226689262988,3.158502794350087
CrowdRun,32,fast,cache_miss_rate,0.05301376478427072,0.288973167184693,0.2359594024004223,4.450908237900355
DinnerSceneCropped,32,fast,cache_miss_rate,0.05886943970591248,0.2789329488103821,0.22006350910446965,3.7381621126991607
FoodMarket,32,fast,cache_miss_rate,0.053487421373664946,0.27188614196894245,0.2183987205952775,4.083179091202334
FoodMarket2,32,fast,cache_miss_rate,0.05423545703783609,0.28887281145999133,0.23463735442215525,4.32627228085247
MeridianTalk_sdr,32,fast,cache_miss_rate,0.0645650899265971,0.28077057182705717,0.21620548190046007,3.348643704303057
Motorcycle,32,fast,cache_miss_rate,0.0586417999374764,0.28257173992008716,0.22392993998261077,3.8186061857133264
MountainBike,32,fast,cache_miss_rate,0.05871631713011384,0.2793571418248038,0.22064082469468999,3.757742915070024
Neon1224,32,fast,cache_miss_rate,0.054618189556807,0.29166845762590443,0.23705026806909743,4.34013412001779
NocturneDance_3840x2160p_8bit,32,fast,cache_miss_rate,0.015702751664151818,0.21279062278611452,0.1970878711219627,12.551167804041583
OldTownCross,32,fast,cache_miss_rate,0.060969863303651534,0.2784351255727626,0.2174652622691111,3.566766439774631
PedestrianArea,32,fast,cache_miss_rate,0.06093469572056724,0.2758168601686891,0.21488216444812186,3.526433699341389
PierSeaSide,32,fast,cache_miss_rate,0.05846804831564249,0.28131991858769867,0.22285187027205616,3.811515463437054
RitualDance,32,fast,cache_miss_rate,0.05988281587958691,0.2778619346461805,0.21797911876659357,3.6400946676406902
Riverbed,32,fast,cache_miss_rate,0.05786396209939823,0.2771931350379776,0.21932917293857937,3.7904278411114944
RushFieldCuts,32,fast,cache_miss_rate,0.053894780359765256,0.28098032948833424,0.227085549128569,4.213497997629804
Skater227,32,fast,cache_miss_rate,0.3207348621037401,0.27976412522597494,-0.040970736877765146,-0.12774020450733967
Tango,32,fast,cache_miss_rate,0.06296596766139456,0.2850628772996458,0.22209690963825124,3.52725317956834
TimeLapse,32,fast,cache_miss_rate,0.05330777169616087,0.2812938493919551,0.22798607769579426,4.276788739083862
ToddlerFountain,32,fast,cache_miss_rate,0.060528956309913576,0.28168952880339526,0.2211605724934817,3.6537978841254115
TreesAndGrass_1920_1080,32,fast,cache_miss_rate,0.050712480331187186,0.27734037094054687,0.22662789060935967,4.468878057813866
TunnelFlag,32,fast,cache_miss_rate,0.05471620719525771,0.27537073043326854,0.22065452323801082,4.032708671684668
Vertical_Carnaby,32,fast,cache_miss_rate,0.018211447646853063,0.22070761465382824,0.20249616700697518,11.119169158524667
Vertical_bees,32,fast,cache_miss_rate,0.056034891592230934,0.2735882146615223,0.21755332306929134,3.882461746378295
WalkingInStreet,32,fast,cache_miss_rate,0.0177255267922359,0.2119394320545692,0.1942139052623333,10.95673530827882
WorldCup_1920x1080_30p,32,fast,cache_miss_rate,0.07673224280375475,0.27597263175975495,0.19924038895600021,2.5965667322609622
WorldCup_far_1920x1080_30p,32,fast,cache_miss_rate,0.05989732797647886,0.29158020409903634,0.23168287612255747,3.8680001921544354
Aerial3200,37,fast,cache_miss_rate,0.05759475652492325,0.28649177260937964,0.2288970160844564,3.974268317036894
Boat,37,fast,cache_miss_rate,0.052956723461114255,0.28307786277304325,0.230121139311929,4.345456521321704
BoxingPractice,37,fast,cache_miss_rate,0.05526484720863085,0.2950907830123261,0.23982593580369527,4.339574755329117
Crosswalk,37,fast,cache_miss_rate,0.06541398568727512,0.2861082634246358,0.22069427773736067,3.373808756929055
CrowdRun,37,fast,cache_miss_rate,0.05388816175260262,0.2790971284151815,0.22520896666257884,4.179191854724976
DinnerSceneCropped,37,fast,cache_miss_rate,0.06220296415485689,0.2715647867543795,0.20936182259952263,3.365785303708479
FoodMarket,37,fast,cache_miss_rate,0.057711250351632465,0.2744836775483011,0.21677242719666864,3.7561554441444684
FoodMarket2,37,fast,cache_miss_rate,0.05451470220310673,0.29472774416594644,0.2402130419628397,4.406390060939382
MeridianTalk_sdr,37,fast,cache_miss_rate,0.06803941821844388,0.28910026508654296,0.22106084686809907,3.2490114209732424
Motorcycle,37,fast,cache_miss_rate,0.05928499511076286,0.2750731881470903,0.21578819303632746,3.6398450001246996
MountainBike,37,fast,cache_miss_rate,0.05963899309015258,0.2741606886657102,0.2145216955755576,3.597003981124873
Neon1224,37,fast,cache_miss_rate,0.05597596773034374,0.275838386790385,0.21986241906004128,3.927800232399683
NocturneDance_3840x2160p_8bit,37,fast,cache_miss_rate,0.01581425810018778,0.20924933607806778,0.19343507797788,12.23168843915499
OldTownCross,37,fast,cache_miss_rate,0.06255507577728832,0.2837717662583551,0.2212166904810668,3.5363507714170694
PedestrianArea,37,fast,cache_miss_rate,0.0638300720309916,0.28146400081075995,0.21763392877976834,3.4095830046079207
PierSeaSide,37,fast,cache_miss_rate,0.06090472923224904,0.2703989778732795,0.20949424864103044,3.439704129414359
RitualDance,37,fast,cache_miss_rate,0.06070608731826762,0.24929203937609565,0.18858595205782802,3.1065410470142245
Riverbed,37,fast,cache_miss_rate,0.05459859714369377,0.2955095263316108,0.24091092918791704,4.412401449690775
RushFieldCuts,37,fast,cache_miss_rate,0.05800182487846475,0.2819579461265042,0.22395612124803946,3.861190949031522
Skater227,37,fast,cache_miss_rate,0.3159552946638809,0.26677865159960296,-0.049176643064277936,-0.15564430758026374
Tango,37,fast,cache_miss_rate,0.06630719750777848,0.2746129544122482,0.20830575690446973,3.141525576918455
TimeLapse,37,fast,cache_miss_rate,0.05666769743857722,0.2902106813161919,0.23354298387761466,4.121271807995281
ToddlerFountain,37,fast,cache_miss_rate,0.06586787972423924,0.282740221305381,0.21687234158114177,3.2925356408782838
TreesAndGrass_1920_1080,37,fast,cache_miss_rate,0.051496778183408816,0.2603688480836981,0.20887206990028928,4.056022090476788
TunnelFlag,37,fast,cache_miss_rate,0.05685114265203155,0.28618728856258546,0.2293361459105539,4.033976015473432
Vertical_Carnaby,37,fast,cache_miss_rate,0.01897869844090479,0.2169009113079194,0.19792221286701459,10.428650493778479
Vertical_bees,37,fast,cache_miss_rate,0.05762275395637067,0.27601447513338007,0.2183917211770094,3.79002574820297
WalkingInStreet,37,fast,cache_miss_rate,0.015830141642327943,0.21441173138241912,0.19858158974009119,12.54452387268016
WorldCup_1920x1080_30p,37,fast,cache_miss_rate,0.07506001282987043,0.40999965291034673,0.3349396400804763,4.462291271380995
WorldCup_far_1920x1080_30p,37,fast,cache_miss_rate,0.06059508173023091,0.2867014286319895,0.22610634690175857,3.731430677961344
Aerial3200,22,faster,cache_miss_rate,0.059609992114722475,0.29533292045797405,0.23572292834325156,3.9544197202641924
Boat,22,faster,cache_miss_rate,0.05945923839452586,0.2836445727185701,0.22418533432404422,3.7704037316543215
BoxingPractice,22,faster,cache_miss_rate,0.058539459992815804,0.28218535619092006,0.22364589619810427,3.8204297789141033
Crosswalk,22,faster,cache_miss_rate,0.05575344610884273,0.297068264498181,0.2413148183893383,4.32824937705626
CrowdRun,22,faster,cache_miss_rate,0.05143720936473422,0.27875994349862465,0.22732273413389043,4.419421989283594
DinnerSceneCropped,22,faster,cache_miss_rate,0.05078446198089525,0.2803381550657442,0.22955369308484896,4.520156050313291
FoodMarket,22,faster,cache_miss_rate,0.051122804555759446,0.2776420991423172,0.22651929458655773,4.430885522712159
FoodMarket2,22,faster,cache_miss_rate,0.05404395075314576,0.2739929379548894,0.2199489872017436,4.069816957061396
MeridianTalk_sdr,22,faster,cache_miss_rate,0.05703725307577527,0.2827533973229241,0.2257161442471488,3.9573459813585314
Motorcycle,22,faster,cache_miss_rate,0.055947912306326356,0.2897349313778061,0.23378701907147975,4.178654920874395
MountainBike,22,faster,cache_miss_rate,0.05621514838642976,0.2819590481460985,0.22574389975966874,4.015712957081919
Neon1224,22,faster,cache_miss_rate,0.05098028582559057,0.2845305857770733,0.23355029995148274,4.581188515703604
NocturneDance_3840x2160p_8bit,22,faster,cache_miss_rate,0.015563527204635379,0.21731096523219062,0.20174743802755524,12.962835183496681
OldTownCross,22,faster,cache_miss_rate,0.0555518604382129,0.27884530239971667,0.22329344196150377,4.0195493040212416
PedestrianArea,22,faster,cache_miss_rate,0.05645675311482721,0.2772738311215234,0.22081707800669617,3.911260669871982
PierSeaSide,22,faster,cache_miss_rate,0.05595284250219477,0.24452883625128732,0.18857599374909256,3.37026655512087
RitualDance,22,faster,cache_miss_rate,0.05809333516836165,0.2794838145231846,0.22139047935482295,3.8109445552266203
Riverbed,22,faster,cache_miss_rate,0.0537244237892548,0.26156342182890857,0.20783899803965378,3.868612883684809
RushFieldCuts,22,faster,cache_miss_rate,0.05530924516201499,0.24571681508097692,0.19040756991896193,3.442599322431706
Skater227,22,faster,cache_miss_rate,0.31658319236680044,0.2722820763956905,-0.04430111597110992,-0.13993514829360126
Tango,22,faster,cache_miss_rate,0.054394721789274396,0.2792527890685808,0.2248580672793064,4.133821442279058
TimeLapse,22,faster,cache_miss_rate,0.056263288634323325,0.27649156654681517,0.22022827791249183,3.9142446746019384
ToddlerFountain,22,faster,cache_miss_rate,0.05479606016460426,0.28831247564196943,0.23351641547736518,4.26155484127682
TreesAndGrass_1920_1080,22,faster,cache_miss_rate,0.052142866165831685,0.28700499529428797,0.23486212912845628,4.504204436739562
TunnelFlag,22,faster,cache_miss_rate,0.051718161921336124,0.28025915525915523,0.2285409933378191,4.418969755449399
Vertical_Carnaby,22,faster,cache_miss_rate,0.05269208460083818,0.2708847886096179,0.21819270400877971,4.140900965708024
Vertical_bees,22,faster,cache_miss_rate,0.05312477741439008,0.2783738166874587,0.2252490392730686,4.239999680677338
WalkingInStreet,22,faster,cache_miss_rate,0.018830521530719374,0.2109577636171507,0.19212724208643134,10.20296977824021
WorldCup_1920x1080_30p,22,faster,cache_miss_rate,0.016986742113120217,0.21816765145120448,0.20118090933808427,11.843407523252866
WorldCup_far_1920x1080_30p,22,faster,cache_miss_rate,0.05959123407591695,0.2902742567411846,0.23068302266526766,3.8710898715637656
Aerial3200,27,faster,cache_miss_rate,0.060106088681138134,0.3812051910336691,0.321099102352531,5.342205912881084
Boat,27,faster,cache_miss_rate,0.05091922780238132,0.29792904890181154,0.24700982109943023,4.851012706989214
BoxingPractice,27,faster,cache_miss_rate,0.0503289592723283,0.28037169079220536,0.23004273151987706,4.570782604009823
Crosswalk,27,faster,cache_miss_rate,0.060950954098401317,0.2726451066233583,0.21169415252495696,3.4731884948542504
CrowdRun,27,faster,cache_miss_rate,0.05262278667365037,0.29011234650332396,0.2374895598296736,4.513055557139298
DinnerSceneCropped,27,faster,cache_miss_rate,0.05094308639934782,0.2747385768664226,0.2237954904670748,4.393049308255887
FoodMarket,27,faster,cache_miss_rate,0.053361512302513965,0.29601810737558387,0.24265659507306991,4.54740850854105
FoodMarket2,27,faster,cache_miss_rate,0.054536926238896215,0.28294556850511965,0.22840864226622343,4.188146601179741
MeridianTalk_sdr,27,faster,cache_miss_rate,0.06100315784587905,0.27516448557588025,0.21416132773000118,3.510659698487534
Motorcycle,27,faster,cache_miss_rate,0.05793019669168436,0.2801458135997015,0.2222156169080171,3.8359202902536538
MountainBike,27,faster,cache_miss_rate,0.05723295261998224,0.2791567293819745,0.22192377676199226,3.8775524693882395
Neon1224,27,faster,cache_miss_rate,0.0532369573115678,0.2772098966198165,0.2239729393082487,4.207095044847385
NocturneDance_3840x2160p_8bit,27,faster,cache_miss_rate,0.01533135455693211,0.21565676778996237,0.20032541323303027,13.066387088572851
OldTownCross,27,faster,cache_miss_rate,0.05275244534426931,0.28049027259850257,0.22773782725423325,4.3171046530257815
PedestrianArea,27,faster,cache_miss_rate,0.05647818088328237,0.2681256965854647,0.21164751570218232,3.747420904713139
PierSeaSide,27,faster,cache_miss_rate,0.057986869037111324,0.28118149301949924,0.22319462398238793,3.8490545823321556
RitualDance,27,faster,cache_miss_rate,0.060654424140123175,0.2635639548553962,0.202909530715273,3.34533768297781
Riverbed,27,faster,cache_miss_rate,0.05579354842005755,0.2751226998306091,0.21932915141055156,3.9310844644486465
RushFieldCuts,27,faster,cache_miss_rate,0.05491973010671477,0.2929337530445682,0.23801402293785343,4.333852742454622
Skater227,27,faster,cache_miss_rate,0.30823882889802556,0.25812009348594717,-0.0501187354120784,-0.16259708613368482
Tango,27,faster,cache_miss_rate,0.055541750884274085,0.26963335477457456,0.21409160389030046,3.8546066784314803
TimeLapse,27,faster,cache_miss_rate,0.056731251717003266,0.29309412307895255,0.23636287136194928,4.166360942307704
ToddlerFountain,27,faster,cache_miss_rate,0.06233610281148244,0.2838709677419355,0.22153486493045305,3.553877367027922
TreesAndGrass_1920_1080,27,faster,cache_miss_rate,0.052114718583323776,0.28765810377125595,0.23554338518793216,4.51970943316777
TunnelFlag,27,faster,cache_miss_rate,0.05133294286034397,0.2802674800563116,0.22893453719596762,4.459797635580825
Vertical_Carnaby,27,faster,cache_miss_rate,0.05382491913658815,0.21252123271050716,0.158696313573919,2.9483799719458053
Vertical_bees,27,faster,cache_miss_rate,0.05491362934308527,0.2802590215706442,0.22534539222755892,4.103633194951709
WalkingInStreet,27,faster,cache_miss_rate,0.01873664307197047,0.2160804818740961,0.19734383880212564,10.532507773355992
WorldCup_1920x1080_30p,27,faster,cache_miss_rate,0.018459849121262945,0.28532667212196905,0.2668668230007061,14.456609111355954
WorldCup_far_1920x1080_30p,27,faster,cache_miss_rate,0.06343607341177208,0.2666101101505481,0.203174036738776,3.2028154614795588
Aerial3200,32,faster,cache_miss_rate,0.05663697548427545,0.2776449448622643,0.22100796937798886,3.9021852330258873
Boat,32,faster,cache_miss_rate,0.052617842525904804,0.2839172365928775,0.2312993940669727,4.395835765274858
BoxingPractice,32,faster,cache_miss_rate,0.05705688176040781,0.2723598664558074,0.2153029846953996,3.7734796934661774
Crosswalk,32,faster,cache_miss_rate,0.06353280404913506,0.2836182625605898,0.22008545851145475,3.4641231692094823
CrowdRun,32,faster,cache_miss_rate,0.05266353345813493,0.2914924090518476,0.23882887559371266,4.5349952787267975
DinnerSceneCropped,32,faster,cache_miss_rate,0.05733135019166099,0.28254657841793746,0.22521522822627646,3.9283084642760544
FoodMarket,32,faster,cache_miss_rate,0.053223494037708416,0.2741918826809873,0.2209683886432789,4.151707674184723
FoodMarket2,32,faster,cache_miss_rate,0.059511537787000475,0.2849562910451007,0.2254447532581002,3.7882528605628756
MeridianTalk_sdr,32,faster,cache_miss_rate,0.06455480000465276,0.2915962361956277,0.22704143619097494,3.5170341504366993
Motorcycle,32,faster,cache_miss_rate,0.0597112821946154,0.33360840715416484,0.27389712495954943,4.587024677628657
MountainBike,32,faster,cache_miss_rate,0.05887374001621185,0.273609897899274,0.21473615788306213,3.647401334176001
Neon1224,32,faster,cache_miss_rate,0.053907845094843185,0.27985207311002064,0.22594422801517744,4.191305135971596
NocturneDance_3840x2160p_8bit,32,faster,cache_miss_rate,0.016320179190314633,0.21423145100025323,0.1979112718099386,12.126783015188396
OldTownCross,32,faster,cache_miss_rate,0.060668078847343467,0.2764621146643619,0.21579403581701842,3.5569617485335554
PedestrianArea,32,faster,cache_miss_rate,0.060277494558275586,0.2842427940492794,0.2239652994910038,3.7155708134895478
PierSeaSide,32,faster,cache_miss_rate,0.056717223641948374,0.281087825766384,0.22437060212443566,3.9559517853142925
RitualDance,32,faster,cache_miss_rate,0.05747539109866079,0.2722551386145856,0.21477974751592482,3.736899278288327
Riverbed,32,faster,cache_miss_rate,0.05894789306582871,0.2835526697199838,0.22460477665415507,3.8102256920927235
RushFieldCuts,32,faster,cache_miss_rate,0.05495596333198861,0.28248693323350277,0.22753096990151417,4.140241679087692
Skater227,32,faster,cache_miss_rate,0.30812290225936523,0.30840603597715194,0.0002831337177867099,0.0009188986463212642
Tango,32,faster,cache_miss_rate,0.061101042937934745,0.28201908226158,0.22091803932364526,3.6156181417074915
TimeLapse,32,faster,cache_miss_rate,0.06010130649696748,0.2471029889072826,0.18700168241031512,3.111441219996617
ToddlerFountain,32,faster,cache_miss_rate,0.06305067771826192,0.2595784669083098,0.1965277891900479,3.1169813918292877
TreesAndGrass_1920_1080,32,faster,cache_miss_rate,0.051991650721180484,0.2875172097292336,0.23552555900805314,4.530065034309522
TunnelFlag,32,faster,cache_miss_rate,0.05290239801755514,0.27845736139900157,0.22555496338144643,4.263605655581023
Vertical_Carnaby,32,faster,cache_miss_rate,0.019895323602222632,0.21689993501244273,0.1970046114102201,9.902056148923934
Vertical_bees,32,faster,cache_miss_rate,0.05644992253776533,0.28216003498032355,0.22571011244255823,3.998413147361838
WalkingInStreet,32,faster,cache_miss_rate,0.01809253086108216,0.211478088159918,0.19338555729883583,10.688695726633624
WorldCup_1920x1080_30p,32,faster,cache_miss_rate,0.05744884550664779,0.2950194816195155,0.23757063611286772,4.135342216500709
WorldCup_far_1920x1080_30p,32,faster,cache_miss_rate,0.06470434721684,0.28978642539070254,0.22508207817386255,3.478623737900605
Aerial3200,37,faster,cache_miss_rate,0.06061552432414454,0.28974586503353067,0.22913034070938612,3.780060360182652
Boat,37,faster,cache_miss_rate,0.05264376331767152,0.2828569763715293,0.23021321305385778,4.373038676294245
BoxingPractice,37,faster,cache_miss_rate,0.05336911590242889,0.26893656585008524,0.21556744994765636,4.0391797072629725
Crosswalk,37,faster,cache_miss_rate,0.07557636039924873,0.3254612063325919,0.24988484593334317,3.3063889900660945
CrowdRun,37,faster,cache_miss_rate,0.05322565898879037,0.284961474370843,0.23173581538205265,4.353836472571576
DinnerSceneCropped,37,faster,cache_miss_rate,0.05975442466455843,0.27072675956958897,0.21097233490503053,3.5306562834360706
FoodMarket,37,faster,cache_miss_rate,0.05701986976877325,0.278912367105593,0.22189249733681973,3.8914942850034087
FoodMarket2,37,faster,cache_miss_rate,0.06078578317070468,0.27800158833297234,0.21721580516226766,3.5734639554163614
MeridianTalk_sdr,37,faster,cache_miss_rate,0.06921327171935882,0.28604347826086957,0.21683020654151075,3.1327836577455677
Motorcycle,37,faster,cache_miss_rate,0.058188275753064546,0.2830065359477124,0.22481826019464787,3.8636350241536
MountainBike,37,faster,cache_miss_rate,0.06116379822780614,0.3023901134266875,0.24122631519888132,3.9439394247627937
Neon1224,37,faster,cache_miss_rate,0.05738135668007717,0.27573662099929264,0.21835526431921548,3.805334640946691
NocturneDance_3840x2160p_8bit,37,faster,cache_miss_rate,0.016991954637739663,0.21621708413615928,0.1992251294984196,11.724674044028717
OldTownCross,37,faster,cache_miss_rate,0.06347216973381126,0.2796450619536187,0.21617289221980746,3.4057901774335186
PedestrianArea,37,faster,cache_miss_rate,0.06195795490485006,0.2805732391500247,0.21861528424517462,3.528445775540946
PierSeaSide,37,faster,cache_miss_rate,0.06191905504656371,0.27719675922558873,0.21527770417902503,3.476760167239861
RitualDance,37,faster,cache_miss_rate,0.05970873347074861,0.2765427530456564,0.21683401957490778,3.6315293755332303
Riverbed,37,faster,cache_miss_rate,0.058750813935734565,0.28826125588102486,0.2295104419452903,3.906506592340042
RushFieldCuts,37,faster,cache_miss_rate,0.05768481044645833,0.27497349040570573,0.2172886799592474,3.766826626932051
Skater227,37,faster,cache_miss_rate,0.3036086089986973,0.36071889242411215,0.057110283425414854,0.18810495398587299
Tango,37,faster,cache_miss_rate,0.06640099851838964,0.28900552012127106,0.2226045216028814,3.3524273214239613
TimeLapse,37,faster,cache_miss_rate,0.06032145668018487,0.27759615950992517,0.2172747028297403,3.601947213935789
ToddlerFountain,37,faster,cache_miss_rate,0.0844343561254118,0.27059495750303547,0.1861606013776237,2.2047968376891056
TreesAndGrass_1920_1080,37,faster,cache_miss_rate,0.05294950157137695,0.2799309426619263,0.22698144109054935,4.286753120510001
TunnelFlag,37,faster,cache_miss_rate,0.056065784842427184,0.2857288778637093,0.22966309302128213,4.096314600192434
Vertical_Carnaby,37,faster,cache_miss_rate,0.018648882954408533,0.21434896739302317,0.19570008443861464,10.493930650808862
Vertical_bees,37,faster,cache_miss_rate,0.05806262357120111,0.2763048336912222,0.2182422101200211,3.758738353467524
WalkingInStreet,37,faster,cache_miss_rate,0.01610790638984362,0.21774796140476269,0.20164005501491905,12.518079639577333
WorldCup_1920x1080_30p,37,faster,cache_miss_rate,0.06153834376160129,0.29718892453148743,0.23565058076988615,3.82932926636429
WorldCup_far_1920x1080_30p,37,faster,cache_miss_rate,0.06601743338362881,0.2625974542096712,0.19658002082604237,2.977698628235233
Aerial3200,22,superfast,cache_miss_rate,0.052625110254660164,0.27872881721357423,0.22610370695891407,4.296498494060479
Boat,22,superfast,cache_miss_rate,0.045888065865494224,0.28065089447001923,0.23476282860452502,5.115988747328228
BoxingPractice,22,superfast,cache_miss_rate,0.04284721542267128,0.2794128451151241,0.23656562969245282,5.521143611290115
Crosswalk,22,superfast,cache_miss_rate,0.04640444457303863,0.2774155739506263,0.2310111293775877,4.978211279180078
CrowdRun,22,superfast,cache_miss_rate,0.046937205613580724,0.29106438896189224,0.24412718334831152,5.201144383373266
DinnerSceneCropped,22,superfast,cache_miss_rate,0.04393580259535431,0.2779014587849317,0.2339656561895774,5.3251708713366375
FoodMarket,22,superfast,cache_miss_rate,0.04425486547140604,0.27145749282686904,0.227202627355463,5.133958152064957
FoodMarket2,22,superfast,cache_miss_rate,0.04138230365885894,0.2830680928776415,0.24168578921878256,5.840317426771468
MeridianTalk_sdr,22,superfast,cache_miss_rate,0.04859896151712719,0.288537153805459,0.23993819228833183,4.937105337194769
Motorcycle,22,superfast,cache_miss_rate,0.04935776705960138,0.27765988372093026,0.22830211666132888,4.625454720948891
MountainBike,22,superfast,cache_miss_rate,0.05349499734409059,0.28791644518511067,0.2344214478410201,4.382119066819915
Neon1224,22,superfast,cache_miss_rate,0.042265898715759906,0.2981199781574226,0.25585407944166266,6.053439941317539
NocturneDance_3840x2160p_8bit,22,superfast,cache_miss_rate,0.012048577399305628,0.2123178998990336,0.20026932249972798,16.62182313002942
OldTownCross,22,superfast,cache_miss_rate,0.05254121679068097,0.28883257501583826,0.2362913582251573,4.49725706137562
PedestrianArea,22,superfast,cache_miss_rate,0.04999102270567337,0.2868884314769767,0.2368974087713033,4.73879900729493
PierSeaSide,22,superfast,cache_miss_rate,0.04885932581703379,0.2678819846974264,0.21902265888039263,4.482719628604349
RitualDance,22,superfast,cache_miss_rate,0.047009231588752004,0.28022009514529717,0.23321086355654516,4.960958851587483
Riverbed,22,superfast,cache_miss_rate,0.04596332867773278,0.28742776459628233,0.24146443591854955,5.253414904119608
RushFieldCuts,22,superfast,cache_miss_rate,0.04940497528162502,0.27467418309674985,0.22526920781512483,4.559646200226078
Skater227,22,superfast,cache_miss_rate,0.31253267862420153,0.2905276450413994,-0.022005033582802147,-0.07040874471005845
Tango,22,superfast,cache_miss_rate,0.04800830857336553,0.2771574648135633,0.22914915624019777,4.773114551411777
TimeLapse,22,superfast,cache_miss_rate,0.04151344857439264,0.29163686303682296,0.2501234144624303,6.025117716110862
ToddlerFountain,22,superfast,cache_miss_rate,0.04530294704498711,0.2795769703352642,0.23427402329027708,5.171275569724776
TreesAndGrass_1920_1080,22,superfast,cache_miss_rate,0.045799569281706524,0.25496134106958607,0.20916177178787954,4.566893860974013
TunnelFlag,22,superfast,cache_miss_rate,0.04360516011117849,0.2784951942921163,0.2348900341809378,5.386748577050222
Vertical_Carnaby,22,superfast,cache_miss_rate,0.015852268777914583,0.21290695248945013,0.19705468371153556,12.4306928220945
Vertical_bees,22,superfast,cache_miss_rate,0.04948740346635378,0.2946721958359042,0.24518479236955043,4.954488924363353
WalkingInStreet,22,superfast,cache_miss_rate,0.015210854549250067,0.2169652499841179,0.20175439543486784,13.263843578388226
WorldCup_1920x1080_30p,22,superfast,cache_miss_rate,0.0600846733978157,0.2934306984145025,0.23334602501668678,3.883619762259867
WorldCup_far_1920x1080_30p,22,superfast,cache_miss_rate,0.0486572498635601,0.28189761398006047,0.23324036411650037,4.793537751733404
Aerial3200,27,superfast,cache_miss_rate,0.051821959451484025,0.2794134363987723,0.2275914769472883,4.391796052412116
Boat,27,superfast,cache_miss_rate,0.04713838716893113,0.28550111912459586,0.23836273195566474,5.056658623075874
BoxingPractice,27,superfast,cache_miss_rate,0.051437428272582554,0.2751637792982967,0.22372635102571417,4.34948555048515
Crosswalk,27,superfast,cache_miss_rate,0.05314141026574601,0.28322554331993244,0.23008413305418643,4.329658018174473
CrowdRun,27,superfast,cache_miss_rate,0.047205679752379694,0.2808808200138985,0.23367514026151884,4.950148827159702
DinnerSceneCropped,27,superfast,cache_miss_rate,0.04575393336068019,0.2958392203223667,0.2500852869616865,5.46587514105626
FoodMarket,27,superfast,cache_miss_rate,0.04587457672445735,0.2779802032778179,0.23210562655336056,5.059569877832069
FoodMarket2,27,superfast,cache_miss_rate,0.04945173733717093,0.27381021474172956,0.22435847740455864,4.5369180029983935
MeridianTalk_sdr,27,superfast,cache_miss_rate,0.051848427948770495,0.28553914498355737,0.2336907170347869,4.5071900206056
Motorcycle,27,superfast,cache_miss_rate,0.05129388645204293,0.28899833459069363,0.23770444813865071,4.634167238641428
MountainBike,27,superfast,cache_miss_rate,0.05184317469628157,0.2786714568516753,0.22682828215539375,4.375277623028416
Neon1224,27,superfast,cache_miss_rate,0.04519715143436974,0.29810444981794937,0.2529072983835796,5.595646857320718
NocturneDance_3840x2160p_8bit,27,superfast,cache_miss_rate,0.01153552202770209,0.18904694983795567,0.17751142781025359,15.388244015655907
OldTownCross,27,superfast,cache_miss_rate,0.049461964025028685,0.27509211820490614,0.22563015417987747,4.561690151763977
PedestrianArea,27,superfast,cache_miss_rate,0.051321214007206586,0.2697730398899587,0.21845182588275214,4.256559984182698
PierSeaSide,27,superfast,cache_miss_rate,0.049060987027414925,0.2741111550227609,0.22505016799534597,4.587151250536186
RitualDance,27,superfast,cache_miss_rate,0.052370566645240514,0.2744091338811723,0.22203856723593177,4.2397587320379095
Riverbed,27,superfast,cache_miss_rate,0.049057269144169864,0.2840145151729821,0.23495724602881224,4.789448131291576
RushFieldCuts,27,superfast,cache_miss_rate,0.05004650489349188,0.26108651553963014,0.21104001064613825,4.2168781035812595
Skater227,27,superfast,cache_miss_rate,0.31619430470715054,0.2888753904894134,-0.027318914217737134,-0.08639913436467198
Tango,27,superfast,cache_miss_rate,0.04936878127614889,0.2732188569620617,0.22385007568591284,4.534243501653131
TimeLapse,27,superfast,cache_miss_rate,0.042409847107504194,0.2706496051645628,0.22823975805705862,5.381763284326315
ToddlerFountain,27,superfast,cache_miss_rate,0.04705632402760944,0.29133065986146556,0.2442743358338561,5.19110535898496
TreesAndGrass_1920_1080,27,superfast,cache_miss_rate,0.04313657928133408,0.28358318313037617,0.2404466038490421,5.574076754692678
TunnelFlag,27,superfast,cache_miss_rate,0.04501520551213829,0.2822422008188958,0.2372269953067575,5.269930295948322
Vertical_Carnaby,27,superfast,cache_miss_rate,0.016020128842042552,0.19380435100869617,0.17778422216665363,11.097552580231701
Vertical_bees,27,superfast,cache_miss_rate,0.05575889598031599,0.2707047883896759,0.21494589240935988,3.8549165766345177
WalkingInStreet,27,superfast,cache_miss_rate,0.015062959070556329,0.21699990371963157,0.20193694464907525,13.406193544255379
WorldCup_1920x1080_30p,27,superfast,cache_miss_rate,0.06234684628550722,0.2663537619102579,0.20400691562475068,3.272128869045505
WorldCup_far_1920x1080_30p,27,superfast,cache_miss_rate,0.04980192514793534,0.29004310589302934,0.24024118074509399,4.823933613639708
Aerial3200,32,superfast,cache_miss_rate,0.05242059741173949,0.2800874954429457,0.2276668980312062,4.343080950470448
Boat,32,superfast,cache_miss_rate,0.045821272049308394,0.2925941719971571,0.2467728999478487,5.385553235673941
BoxingPractice,32,superfast,cache_miss_rate,0.05333915697171713,0.2774907642576772,0.2241516072859601,4.202383764798075
Crosswalk,32,superfast,cache_miss_rate,0.05666403295134107,0.2924031590823618,0.23573912613102074,4.160295585269341
CrowdRun,32,superfast,cache_miss_rate,0.04785380807596108,0.2861611429569063,0.23830733488094524,4.979903260836973
DinnerSceneCropped,32,superfast,cache_miss_rate,0.050895381867273104,0.2721167582215284,0.22122137635425532,4.346590363172139
FoodMarket,32,superfast,cache_miss_rate,0.053097818872307724,0.28881364612823834,0.23571582725593063,4.4392751390182665
FoodMarket2,32,superfast,cache_miss_rate,0.05020104223402802,0.2851698859669537,0.23496884373292568,4.680557081614843
MeridianTalk_sdr,32,superfast,cache_miss_rate,0.05553620704244705,0.29326331930159555,0.2377271122591485,4.280578831706143
Motorcycle,32,superfast,cache_miss_rate,0.05356738458617432,0.25917071853052404,0.2056033339443497,3.83821863868664
MountainBike,32,superfast,cache_miss_rate,0.05169961352846244,0.2817027417027417,0.23000312817427923,4.448836509148265
Neon1224,32,superfast,cache_miss_rate,0.045208102216978775,0.27597904066284623,0.23077093844586746,5.104636716185732
NocturneDance_3840x2160p_8bit,32,superfast,cache_miss_rate,0.012317477964788154,0.21290009699321047,0.2005826190284223,16.284390327453863
OldTownCross,32,superfast,cache_miss_rate,0.05307229676855427,0.28010059729644765,0.22702830052789338,4.277717648398615
PedestrianArea,32,superfast,cache_miss_rate,0.054413315562265495,0.2746632214609221,0.2202499058986566,4.047720739358793
PierSeaSide,32,superfast,cache_miss_rate,0.04921854061747615,0.2834195165051637,0.23420097588768757,4.758389276672889
RitualDance,32,superfast,cache_miss_rate,0.05833150613705471,0.26461802329736295,0.20628651716030824,3.5364510677235206
Riverbed,32,superfast,cache_miss_rate,0.05045207222506012,0.28241601452721693,0.2319639423021568,4.597708916046023
RushFieldCuts,32,superfast,cache_miss_rate,0.05154834456157032,0.2696181810137596,0.2180698364521893,4.230394560813152
Skater227,32,superfast,cache_miss_rate,0.3152604957558146,0.27032106046807464,-0.04493943528773997,-0.14254699175042806
Tango,32,superfast,cache_miss_rate,0.05474071061904946,0.27792042009370876,0.22317970947465932,4.077033471995046
TimeLapse,32,superfast,cache_miss_rate,0.043099609452994875,0.29334195928367907,0.25024234983068416,5.806139614875223
ToddlerFountain,32,superfast,cache_miss_rate,0.04682625148769201,0.2848834660626872,0.2380572145749952,5.083840944167121
TreesAndGrass_1920_1080,32,superfast,cache_miss_rate,0.04430338595493605,0.2719741812665457,0.22767079531160966,5.138902826596345
TunnelFlag,32,superfast,cache_miss_rate,0.04731101876544829,0.2754889293475069,0.2281779105820586,4.822933780252883
Vertical_Carnaby,32,superfast,cache_miss_rate,0.016355923799127658,0.21793556659721108,0.20157964279808344,12.324564804394276
Vertical_bees,32,superfast,cache_miss_rate,0.05260752707781783,0.26930723352194524,0.21669970644412742,4.11917682660852
WalkingInStreet,32,superfast,cache_miss_rate,0.01343886603703163,0.21507622996310927,0.20163736392607765,15.004045979062026
WorldCup_1920x1080_30p,32,superfast,cache_miss_rate,0.06748095085573863,0.2615576897776608,0.19407673892192218,2.8760225880163
WorldCup_far_1920x1080_30p,32,superfast,cache_miss_rate,0.05063556396654129,0.27914994712520463,0.22851438315866335,4.512922642861446
Aerial3200,37,superfast,cache_miss_rate,0.05506381758500832,0.2792452830188679,0.22418146543385958,4.071302631492358
Boat,37,superfast,cache_miss_rate,0.0462082750451147,0.28181520704426466,0.23560693199914995,5.098803878074197
BoxingPractice,37,superfast,cache_miss_rate,0.0539979183745473,0.2866321092209973,0.23263419084644998,4.30820664664928
Crosswalk,37,superfast,cache_miss_rate,0.058890455080378885,0.279417951805481,0.22052749672510213,3.7447069550423198
CrowdRun,37,superfast,cache_miss_rate,0.048097961209934856,0.25309339678762643,0.20499543557769156,4.2620400204270785
DinnerSceneCropped,37,superfast,cache_miss_rate,0.05333658946770653,0.27756320746308566,0.22422661799537913,4.203992423083982
FoodMarket,37,superfast,cache_miss_rate,0.055100548846514004,0.284399100714306,0.22929855186779202,4.161456767091692
FoodMarket2,37,superfast,cache_miss_rate,0.052308675279419146,0.2850004396119692,0.23269176433255004,4.448435428532113
MeridianTalk_sdr,37,superfast,cache_miss_rate,0.05566237121336732,0.27201345225910223,0.21635108104573492,3.8868462900441116
Motorcycle,37,superfast,cache_miss_rate,0.053821745322566734,0.29112571078396443,0.2373039654613977,4.409072281829169
MountainBike,37,superfast,cache_miss_rate,0.0520775250940394,0.3412315594950982,0.2891540344010588,5.552376651519377
Neon1224,37,superfast,cache_miss_rate,0.04602699958441521,0.21412548764629388,0.16809848806187866,3.652171325084527
NocturneDance_3840x2160p_8bit,37,superfast,cache_miss_rate,0.013105392982457685,0.281365488832732,0.2682600958502743,20.46944309181386
OldTownCross,37,superfast,cache_miss_rate,0.05704319422546486,0.2773479382190153,0.22030474399355046,3.8620688582548452
PedestrianArea,37,superfast,cache_miss_rate,0.05532442595825096,0.2810351565326888,0.22571073057443783,4.079766335845295
PierSeaSide,37,superfast,cache_miss_rate,0.04976247846508393,0.2673419725577577,0.2175794940926738,4.372360477288916
RitualDance,37,superfast,cache_miss_rate,0.05791585637907077,0.2808901873174085,0.22297433093833774,3.8499703687177913
Riverbed,37,superfast,cache_miss_rate,0.05267189404789471,0.2850123556117464,0.2323404615638517,4.411089932566006
RushFieldCuts,37,superfast,cache_miss_rate,0.05280227197844027,0.2789199053348921,0.2261176333564518,4.282346665855174
Skater227,37,superfast,cache_miss_rate,0.3136772584830003,0.300755977250814,-0.012921281232186332,-0.04119291686836328
Tango,37,superfast,cache_miss_rate,0.057358378324403034,0.2613126360849022,0.20395425776049914,3.5557884256592924
TimeLapse,37,superfast,cache_miss_rate,0.04696705410473986,0.2630641095022505,0.21609705539751065,4.601034906630484
ToddlerFountain,37,superfast,cache_miss_rate,0.04587182091408444,0.2836915703493724,0.237819749435288,5.184441007491552
TreesAndGrass_1920_1080,37,superfast,cache_miss_rate,0.04399167313963963,0.25170920993585516,0.20771753679621552,4.721746684579887
TunnelFlag,37,superfast,cache_miss_rate,0.04869387635548357,0.2783180987202925,0.22962422236480895,4.715669393179256
Vertical_Carnaby,37,superfast,cache_miss_rate,0.01565716617120403,0.21561777217073447,0.19996060599953044,12.771187570793568
Vertical_bees,37,superfast,cache_miss_rate,0.05168692995095885,0.27882788133749187,0.227140951386533,4.394552967298443
WalkingInStreet,37,superfast,cache_miss_rate,0.013640777348168109,0.21942875584960464,0.20578797850143654,15.086235428443004
WorldCup_1920x1080_30p,37,superfast,cache_miss_rate,0.0683967593990948,0.2878065443573065,0.21940978495821173,3.207897375341375
WorldCup_far_1920x1080_30p,37,superfast,cache_miss_rate,0.05321224883076968,0.29624334174376227,0.24303109291299257,4.5672020681911345
Aerial3200,22,veryfast,cache_miss_rate,0.056424469892635054,0.29023389708528247,0.2338094271926474,4.1437593944177395
Boat,22,veryfast,cache_miss_rate,0.053012974611810926,0.2887244395528008,0.23571146494098988,4.446297659525692
BoxingPractice,22,veryfast,cache_miss_rate,0.049631443256872375,0.28303173658777264,0.23340029333090026,4.702669880521392
Crosswalk,22,veryfast,cache_miss_rate,0.05387715852472961,0.2856000581522134,0.2317228996274838,4.300948787436943
CrowdRun,22,veryfast,cache_miss_rate,0.05168398931259054,0.2976726077175982,0.24598861840500763,4.759474291298239
DinnerSceneCropped,22,veryfast,cache_miss_rate,0.05080299362369625,0.27440055277046793,0.22359755914677168,4.4012673899295205
FoodMarket,22,veryfast,cache_miss_rate,0.04993632456323721,0.2566670222411862,0.206730697677949,4.139886134714503
FoodMarket2,22,veryfast,cache_miss_rate,0.049512030948681604,0.28326061663758,0.2337485856888984,4.7210462025113635
MeridianTalk_sdr,22,veryfast,cache_miss_rate,0.05835736213130533,0.29480749055058136,0.23645012841927604,4.051761762076533
Motorcycle,22,veryfast,cache_miss_rate,0.06224612668305597,0.27246944328472095,0.210223316601665,3.3772915328864936
MountainBike,22,veryfast,cache_miss_rate,0.06628106244823383,0.29090856789448705,0.2246275054462532,3.389014858077894
Neon1224,22,veryfast,cache_miss_rate,0.051417264070419064,0.27138409202294805,0.21996682795252898,4.278073365616479
NocturneDance_3840x2160p_8bit,22,veryfast,cache_miss_rate,0.016169201396799813,0.21494755807219612,0.1987783566753963,12.293640965764597
OldTownCross,22,veryfast,cache_miss_rate,0.055900581621591124,0.2775811507735868,0.2216805691519957,3.965621872284303
PedestrianArea,22,veryfast,cache_miss_rate,0.05249192640121011,0.27517444746138797,0.22268252106017786,4.242224210979697
PierSeaSide,22,veryfast,cache_miss_rate,0.05497589202708698,0.2833292271126505,0.22835333508556355,4.153699497464314
RitualDance,22,veryfast,cache_miss_rate,0.05820497159059242,0.2841618497109827,0.22595687812039025,3.8820889684432265
Riverbed,22,veryfast,cache_miss_rate,0.05112927502605484,0.28180840863526746,0.2306791336092126,4.511684030169827
RushFieldCuts,22,veryfast,cache_miss_rate,0.05201342819997816,0.284673004897724,0.23265957669774584,4.4730675279320185
Skater227,22,veryfast,cache_miss_rate,0.305005312901963,0.2712618442338803,-0.0337434686680827,-0.11063239635739974
Tango,22,veryfast,cache_miss_rate,0.05399272685923931,0.27463556851311954,0.22064284165388023,4.086528954707231
TimeLapse,22,veryfast,cache_miss_rate,0.049356267012833355,0.29957746079460057,0.2502211937817672,5.069694466899331
ToddlerFountain,22,veryfast,cache_miss_rate,0.05744994339609082,0.28767281105990783,0.230222867663817,4.007364569126494
TreesAndGrass_1920_1080,22,veryfast,cache_miss_rate,0.05154895493685715,0.2820437785321316,0.23049482359527443,4.471377235049865
TunnelFlag,22,veryfast,cache_miss_rate,0.05142863975284744,0.2793861730738807,0.22795753332103325,4.432501703652622
Vertical_Carnaby,22,veryfast,cache_miss_rate,0.017929829085967533,0.21261716283813317,0.19468733375216563,10.858292782307348
Vertical_bees,22,veryfast,cache_miss_rate,0.05426039509688999,0.2672295335099375,0.21296913841304752,3.9249463265565887
WalkingInStreet,22,veryfast,cache_miss_rate,0.019216818139251902,0.2185069246822235,0.19929010654297158,10.370608968604717
WorldCup_1920x1080_30p,22,veryfast,cache_miss_rate,0.0662179149912433,0.27610040014550746,0.20988248515426416,3.169572542143907
WorldCup_far_1920x1080_30p,22,veryfast,cache_miss_rate,0.057492751265865664,0.29381833473507146,0.2363255834692058,4.1105283408052165
Aerial3200,27,veryfast,cache_miss_rate,0.056269682389576595,0.38499875846901493,0.32872907607943835,5.842028284494675
Boat,27,veryfast,cache_miss_rate,0.05296086861361133,0.28928519435143396,0.23632432573782264,4.462244142217213
BoxingPractice,27,veryfast,cache_miss_rate,0.051213372687611995,0.28363594376930407,0.23242257108169206,4.538317999468775
Crosswalk,27,veryfast,cache_miss_rate,0.05834607852570627,0.2786992675006189,0.22035318897491263,3.776658081276685
CrowdRun,27,veryfast,cache_miss_rate,0.05277528462392442,0.28438929176936556,0.23161400714544114,4.3886832405721306
DinnerSceneCropped,27,veryfast,cache_miss_rate,0.05024663502423875,0.27771124806495895,0.2274646130407202,4.52696211260699
FoodMarket,27,veryfast,cache_miss_rate,0.05221733713650488,0.276903722341449,0.2246863852049441,4.302907760646166
FoodMarket2,27,veryfast,cache_miss_rate,0.0468841227627993,0.27447600963996205,0.22759188687716275,4.854348838488835
MeridianTalk_sdr,27,veryfast,cache_miss_rate,0.06052552731954026,0.2769569003668965,0.21643137304735627,3.5758692676021155
Motorcycle,27,veryfast,cache_miss_rate,0.07881584804374213,0.2924883444820896,0.21367249643834746,2.7110346680500226
MountainBike,27,veryfast,cache_miss_rate,0.057625115259419865,0.2756514004928335,0.2180262852334136,3.7835288355067243
Neon1224,27,veryfast,cache_miss_rate,0.05479160809629297,0.27939908518318257,0.2246074770868896,4.09930434405494
NocturneDance_3840x2160p_8bit,27,veryfast,cache_miss_rate,0.015790090766880444,0.21307762733098828,0.19728753656410783,12.494389011234594
OldTownCross,27,veryfast,cache_miss_rate,0.056339853297182566,0.2883012401614824,0.23196138686429985,4.117181236535093
PedestrianArea,27,veryfast,cache_miss_rate,0.058008322747360154,0.27501324230474955,0.2170049195573894,3.740927323523845
PierSeaSide,27,veryfast,cache_miss_rate,0.058449648363497614,0.27969972940731475,0.22125008104381713,3.785310728780877
RitualDance,27,veryfast,cache_miss_rate,0.05617218093382595,0.26991150442477874,0.2137393234909528,3.8050743257191666
Riverbed,27,veryfast,cache_miss_rate,0.049890393084843186,0.2830315608673871,0.23314116778254393,4.673067365616182
RushFieldCuts,27,veryfast,cache_miss_rate,0.05455314915759838,0.2843401588573927,0.22978700969979435,4.212167642897453
Skater227,27,veryfast,cache_miss_rate,0.3288363331482268,0.28579934936679446,-0.043036983781432336,-0.13087660773188622
Tango,27,veryfast,cache_miss_rate,0.05768925790692912,0.2712409503704858,0.21355169246355665,3.7017583552224322
TimeLapse,27,veryfast,cache_miss_rate,0.05044731250973104,0.28286869791741626,0.2324213854076852,4.607210450761916
ToddlerFountain,27,veryfast,cache_miss_rate,0.0591672898641993,0.2806095791001451,0.2214422892359458,3.742647157647408
TreesAndGrass_1920_1080,27,veryfast,cache_miss_rate,0.051450847552645215,0.2709037935022913,0.2194529459496461,4.265293117379628
TunnelFlag,27,veryfast,cache_miss_rate,0.052721776923946743,0.2793423479688022,0.22662057104485545,4.298424375410651
Vertical_Carnaby,27,veryfast,cache_miss_rate,0.01773030208114018,0.21225555788421543,0.19452525580307525,10.971344702016827
Vertical_bees,27,veryfast,cache_miss_rate,0.054726355541377184,0.2772091386338974,0.22248278309252023,4.065368155646811
WalkingInStreet,27,veryfast,cache_miss_rate,0.018675770064650005,0.21542012776955963,0.1967443577049096,10.534738702813256
WorldCup_1920x1080_30p,27,veryfast,cache_miss_rate,0.07148585648640517,0.3023989803195606,0.23091312383315543,3.230193148445656
WorldCup_far_1920x1080_30p,27,veryfast,cache_miss_rate,0.05724868873250355,0.28811550325602653,0.23086681452352298,4.032700479870483
Aerial3200,32,veryfast,cache_miss_rate,0.05697723523112654,0.27263864818024264,0.2156614129491161,3.7850452391080696
Boat,32,veryfast,cache_miss_rate,0.0512733208137796,0.2828248753300088,0.23155155451622916,4.516024139673047
BoxingPractice,32,veryfast,cache_miss_rate,0.055285296386390584,0.27923500417951747,0.2239497077931269,4.050800528009034
Crosswalk,32,veryfast,cache_miss_rate,0.06502188963241907,0.28095773086070297,0.2159358412282839,3.3209714828192425
CrowdRun,32,veryfast,cache_miss_rate,0.06300270441579894,0.28161344050981246,0.21861073609401352,3.469862732419362
DinnerSceneCropped,32,veryfast,cache_miss_rate,0.05959189280746665,0.2711450068799953,0.21155311407252866,3.550031793016345
FoodMarket,32,veryfast,cache_miss_rate,0.054814529352576656,0.28405991569797123,0.22924538634539457,4.182201125377691
FoodMarket2,32,veryfast,cache_miss_rate,0.052286055639050956,0.2720347723589215,0.21974871671987053,4.202816870273659
MeridianTalk_sdr,32,veryfast,cache_miss_rate,0.06365289782447031,0.27688474058709994,0.21323184276262963,3.34991571555217
Motorcycle,32,veryfast,cache_miss_rate,0.05845243623697534,0.28639497891084975,0.22794254267387443,3.899624333017697
MountainBike,32,veryfast,cache_miss_rate,0.059244487937419744,0.28067590987868285,0.2214314219412631,3.7375868988041936
Neon1224,32,veryfast,cache_miss_rate,0.055383973923117925,0.27773806223830294,0.22235408831518502,4.014773093455683
NocturneDance_3840x2160p_8bit,32,veryfast,cache_miss_rate,0.015499610006315785,0.21480283048160678,0.199303220475291,12.858595822351587
OldTownCross,32,veryfast,cache_miss_rate,0.058927502119544624,0.27960993421624597,0.22068243209670135,3.7449819550981287
PedestrianArea,32,veryfast,cache_miss_rate,0.059767536459995954,0.2805532319940004,0.22078569553400446,3.694073883767693
PierSeaSide,32,veryfast,cache_miss_rate,0.05932293521273925,0.27960602549246816,0.22028309027972892,3.713287103710681
RitualDance,32,veryfast,cache_miss_rate,0.060229891252541225,0.2847576990792854,0.22452780782674417,3.7278468075811255
Riverbed,32,veryfast,cache_miss_rate,0.05682671977485989,0.27510891914820196,0.21828219937334206,3.8411895009627144
RushFieldCuts,32,veryfast,cache_miss_rate,0.05712240013406594,0.4036315145315383,0.34650911439747234,6.0660811447736345
Skater227,32,veryfast,cache_miss_rate,0.3184831045524778,0.2909496764714193,-0.02753342808105852,-0.08645176992904413
Tango,32,veryfast,cache_miss_rate,0.062461270004835596,0.2794825205320154,0.2170212505271798,3.474493082039135
TimeLapse,32,veryfast,cache_miss_rate,0.05190137938957534,0.27750992834009874,0.2256085489505234,4.346869998523354
ToddlerFountain,32,veryfast,cache_miss_rate,0.05181904210112066,0.28547668633576306,0.23365764423464241,4.509107748049036
TreesAndGrass_1920_1080,32,veryfast,cache_miss_rate,0.0541384619778957,0.2803219539272828,0.2261834919493871,4.177870661374459
TunnelFlag,32,veryfast,cache_miss_rate,0.05374422628449901,0.2844189622221264,0.2306747359376274,4.292084041112319
Vertical_Carnaby,32,veryfast,cache_miss_rate,0.018598715985368722,0.2160958353433028,0.19749711935793407,10.618857748744674
Vertical_bees,32,veryfast,cache_miss_rate,0.05522037668994102,0.2815773080879051,0.2263569313979641,4.099155872639989
WalkingInStreet,32,veryfast,cache_miss_rate,0.017396097453680773,0.21508496312920808,0.1976888656755273,11.363977823296171
WorldCup_1920x1080_30p,32,veryfast,cache_miss_rate,0.07114798955476778,0.2827717550542045,0.2116237654994367,2.9744166605935436
WorldCup_far_1920x1080_30p,32,veryfast,cache_miss_rate,0.05838399887135387,0.2893564185693592,0.2309724196980053,3.956091123647442
Aerial3200,37,veryfast,cache_miss_rate,0.05816454695454598,0.27960564357580664,0.22144109662126066,3.8071489973834214
Boat,37,veryfast,cache_miss_rate,0.053530456571447595,0.2798815964070634,0.2263511398356158,4.228455244604589
BoxingPractice,37,veryfast,cache_miss_rate,0.05611451347140214,0.27210210385220585,0.2159875903808037,3.849050397467641
Crosswalk,37,veryfast,cache_miss_rate,0.06535593725442114,0.281560582098864,0.21620464484444285,3.3081102333945527
CrowdRun,37,veryfast,cache_miss_rate,0.05247979971985927,0.29016900395541173,0.23768920423555245,4.529156084900353
DinnerSceneCropped,37,veryfast,cache_miss_rate,0.06038690991694545,0.2802862473036787,0.21989933738673323,3.6415067054958916
FoodMarket,37,veryfast,cache_miss_rate,0.056267805970273845,0.27797089495080424,0.2217030889805304,3.9401409946152093
FoodMarket2,37,veryfast,cache_miss_rate,0.054941604491115126,0.28700215672178286,0.23206055223066774,4.223767295842177
MeridianTalk_sdr,37,veryfast,cache_miss_rate,0.06523336940851136,0.2854802552164166,0.22024688580790525,3.3762917323594266
Motorcycle,37,veryfast,cache_miss_rate,0.06026936380512602,0.2515721642814627,0.19130280047633666,3.174130078673006
MountainBike,37,veryfast,cache_miss_rate,0.0606091253233898,0.28434910356434795,0.22373997824095815,3.691522968647993
Neon1224,37,veryfast,cache_miss_rate,0.05678715120171428,0.24485303011975323,0.18806587891803894,3.311768154208124
NocturneDance_3840x2160p_8bit,37,veryfast,cache_miss_rate,0.015897929813374078,0.21514033322151405,0.19924240340813998,12.532600517617583
OldTownCross,37,veryfast,cache_miss_rate,0.06237194683402404,0.2789563096223374,0.2165843627883134,3.4724643655048797
PedestrianArea,37,veryfast,cache_miss_rate,0.06605290501850397,0.25648822869955157,0.1904353236810476,2.88307264650509
PierSeaSide,37,veryfast,cache_miss_rate,0.05980154723515071,0.28681425826618107,0.22701271103103035,3.7961009627121274
RitualDance,37,veryfast,cache_miss_rate,0.06504971648179925,0.27985408195633993,0.21480436547454068,3.302156828533487
Riverbed,37,veryfast,cache_miss_rate,0.05979522194065795,0.28287926093836874,0.2230840389977108,3.730800417784286
RushFieldCuts,37,veryfast,cache_miss_rate,0.05899028642460279,0.27091547471724176,0.21192518829263896,3.5925438091151958
Skater227,37,veryfast,cache_miss_rate,0.32508535269847977,0.2894084811893031,-0.035676871509176644,-0.1097461673158413
Tango,37,veryfast,cache_miss_rate,0.0655214190061988,0.28054919240702103,0.21502777340082224,3.2817935976093415
TimeLapse,37,veryfast,cache_miss_rate,0.056793907830212334,0.311667671398038,0.2548737635678257,4.487695481877758
ToddlerFountain,37,veryfast,cache_miss_rate,0.05265868863521948,0.2789871427115337,0.2263284540763142,4.298026782325527
TreesAndGrass_1920_1080,37,veryfast,cache_miss_rate,0.05326452007748324,0.276475075930964,0.22321055585348076,4.190604844064663
TunnelFlag,37,veryfast,cache_miss_rate,0.05613993923731352,0.27592324295556014,0.21978330371824661,3.9149188029788107
Vertical_Carnaby,37,veryfast,cache_miss_rate,0.017956554300419536,0.21422051405236608,0.19626395975194655,10.929934355354638
Vertical_bees,37,veryfast,cache_miss_rate,0.05918114939613559,0.2677843359484243,0.20860318655228874,3.524824858604556
WalkingInStreet,37,veryfast,cache_miss_rate,0.016327036595202488,0.2139187147061163,0.1975916781109138,12.102115222120213
WorldCup_1920x1080_30p,37,veryfast,cache_miss_rate,0.07622052826868704,0.27355943000373906,0.19733890173505203,2.589051876410609
WorldCup_far_1920x1080_30p,37,veryfast,cache_miss_rate,0.05890553166543525,0.2838600771674989,0.22495454550206365,3.818903575639282
Aerial3200,22,fast,l1d_miss_rate,0.012621466616517247,0.007704048682730015,-0.004917417933787232,-0.3896074904125634
Boat,22,fast,l1d_miss_rate,0.012275470138304576,0.007912572394981457,-0.004362897743323119,-0.3554159387923614
BoxingPractice,22,fast,l1d_miss_rate,0.014157794427520897,0.006896620856263596,-0.007261173571257301,-0.5128746294791886
Crosswalk,22,fast,l1d_miss_rate,0.014856305357909327,0.007900178385673036,-0.0069561269722362915,-0.46822724793637394
CrowdRun,22,fast,l1d_miss_rate,0.010783521583188533,0.0067729113525586415,-0.0040106102306298914,-0.3719202673904244
DinnerSceneCropped,22,fast,l1d_miss_rate,0.011756998279530815,0.00788693640172597,-0.0038700618778048437,-0.32917091470045584
FoodMarket,22,fast,l1d_miss_rate,0.0122329993243348,0.007024642609930689,-0.005208356714404111,-0.4257628547435017
FoodMarket2,22,fast,l1d_miss_rate,0.01406046843198013,0.0067603590594660905,-0.0073001093725140395,-0.5191938951272883
MeridianTalk_sdr,22,fast,l1d_miss_rate,0.014095608373164027,0.007055414330622981,-0.007040194042541046,-0.49946010531510965
Motorcycle,22,fast,l1d_miss_rate,0.013006174920646664,0.006692694276018194,-0.006313480644628469,-0.48542178489435267
MountainBike,22,fast,l1d_miss_rate,0.013166682354912937,0.007702760901652025,-0.0054639214532609115,-0.4149808817421753
Neon1224,22,fast,l1d_miss_rate,0.015935169882456208,0.006665508706413652,-0.009269661176042556,-0.5817108474160649
NocturneDance_3840x2160p_8bit,22,fast,l1d_miss_rate,0.014944159083108382,0.0067045926215298975,-0.008239566461578484,-0.5513569827352678
OldTownCross,22,fast,l1d_miss_rate,0.010739694317239751,0.006340379501811776,-0.004399314815427975,-0.40963128795630926
PedestrianArea,22,fast,l1d_miss_rate,0.01405112759304422,0.0066284118175113545,-0.007422715775532865,-0.528264776359113
PierSeaSide,22,fast,l1d_miss_rate,0.014496619827669336,0.00653844346273146,-0.007958176364937876,-0.5489677220994857
RitualDance,22,fast,l1d_miss_rate,0.01649538250424043,0.007791550763209655,-0.008703831741030775,-0.5276526166515569
Riverbed,22,fast,l1d_miss_rate,0.012838521145631877,0.006714554841668571,-0.006123966303963306,-0.47699935487093836
RushFieldCuts,22,fast,l1d_miss_rate,0.012960910256442791,0.0077824795294969724,-0.005178430726945819,-0.3995422099594935
Skater227,22,fast,l1d_miss_rate,0.011011745051999233,0.006888930098284408,-0.004122814953714825,-0.3744015988606918
Tango,22,fast,l1d_miss_rate,0.01327498334329885,0.007784779074031591,-0.005490204269267259,-0.4135752284795663
TimeLapse,22,fast,l1d_miss_rate,0.014523059777000923,0.007676381589425067,-0.006846678187575856,-0.47143496568253646
ToddlerFountain,22,fast,l1d_miss_rate,0.012417693440622518,0.006191749277476512,-0.006225944163146006,-0.5013768614047771
TreesAndGrass_1920_1080,22,fast,l1d_miss_rate,0.011245082211947676,0.00823547546667273,-0.0030096067452749457,-0.26763759379876284
TunnelFlag,22,fast,l1d_miss_rate,0.013515059872459616,0.0071514882906086544,-0.006363571581850962,-0.47085041737908706
Vertical_Carnaby,22,fast,l1d_miss_rate,0.016754449256842174,0.006323842000938918,-0.010430607255903255,-0.622557453008705
Vertical_bees,22,fast,l1d_miss_rate,0.015563639386640866,0.007154533079816848,-0.008409106306824017,-0.5403046227119616
WalkingInStreet,22,fast,l1d_miss_rate,0.010604693482607013,0.006340003554055692,-0.004264689928551321,-0.40215117349180635
WorldCup_1920x1080_30p,22,fast,l1d_miss_rate,0.016871894316803165,0.007902374208888422,-0.008969520107914743,-0.5316249580215637
WorldCup_far_1920x1080_30p,22,fast,l1d_miss_rate,0.014154957550209455,0.007528061186157984,-0.0066268963640514714,-0.468167872672526
Aerial3200,27,fast,l1d_miss_rate,0.013261991359145367,0.0065927407239244964,-0.0066692506352208705,-0.5028845559171479
Boat,27,fast,l1d_miss_rate,0.012840828869634698,0.00637578114713419,-0.006465047722500508,-0.5034758883664204
BoxingPractice,27,fast,l1d_miss_rate,0.015890230782179892,0.006913972875824347,-0.008976257906355544,-0.5648916009717099
Crosswalk,27,fast,l1d_miss_rate,0.016543480424795604,0.007989225387056287,-0.008554255037739317,-0.5170771094163522
CrowdRun,27,fast,l1d_miss_rate,0.01233289536860732,0.007691204071547411,-0.004641691297059909,-0.37636671343819783
DinnerSceneCropped,27,fast,l1d_miss_rate,0.014082820813213315,0.00768869580737144,-0.006394125005841875,-0.4540372337793674
FoodMarket,27,fast,l1d_miss_rate,0.014421735033126371,0.006830277942046127,-0.007591457091080244,-0.5263899990980873
FoodMarket2,27,fast,l1d_miss_rate,0.015627479489574967,0.0065851928092492485,-0.00904228668032572,-0.5786145287445614
MeridianTalk_sdr,27,fast,l1d_miss_rate,0.01643847812337971,0.00708231132469006,-0.009356166798689648,-0.5691625908716448
Motorcycle,27,fast,l1d_miss_rate,0.013694309305801245,0.007890905472204127,-0.005803403833597119,-0.42378214950487897
MountainBike,27,fast,l1d_miss_rate,0.013671610566164312,0.006649284013548409,-0.007022326552615903,-0.5136429624462363
Neon1224,27,fast,l1d_miss_rate,0.01701836358905835,0.007851324974027522,-0.009167038615030827,-0.5386557037084699
NocturneDance_3840x2160p_8bit,27,fast,l1d_miss_rate,0.01612715523728166,0.00739698792832361,-0.00873016730895805,-0.541333370982642
OldTownCross,27,fast,l1d_miss_rate,0.012513181497438703,0.006753951846979474,-0.005759229650459229,-0.46025302610995245
PedestrianArea,27,fast,l1d_miss_rate,0.015943831892813756,0.0064191690593371105,-0.009524662833476645,-0.5973885636469628
PierSeaSide,27,fast,l1d_miss_rate,0.01621047457487829,0.006946866762134348,-0.009263607812743942,-0.5714581500963548
RitualDance,27,fast,l1d_miss_rate,0.01727056364891999,0.007812983347351277,-0.009457580301568713,-0.5476127180226767
Riverbed,27,fast,l1d_miss_rate,0.014703709686075967,0.006767998956815374,-0.007935710729260593,-0.5397080667864047
RushFieldCuts,27,fast,l1d_miss_rate,0.013915726734711469,0.007029000389801453,-0.006886726344910016,-0.49488801240482294
Skater227,27,fast,l1d_miss_rate,0.01175628281486708,0.006504928841063549,-0.005251353973803531,-0.44668489662077804
Tango,27,fast,l1d_miss_rate,0.015683962769718708,0.006847224950986744,-0.008836737818731965,-0.5634250698294951
TimeLapse,27,fast,l1d_miss_rate,0.01630663202106513,0.00668162858712323,-0.0096250034339419,-0.5902508514025575
ToddlerFountain,27,fast,l1d_miss_rate,0.013350349149664518,0.006121526879625369,-0.007228822270039149,-0.541470652864596
TreesAndGrass_1920_1080,27,fast,l1d_miss_rate,0.012321335718306776,0.00697432890615305,-0.005347006812153726,-0.4339632434663117
TunnelFlag,27,fast,l1d_miss_rate,0.014701701572884975,0.006557674087407996,-0.00814402748547698,-0.5539513535288585
Vertical_Carnaby,27,fast,l1d_miss_rate,0.016997001980286416,0.006572222362497689,-0.010424779617788727,-0.6133304938058882
Vertical_bees,27,fast,l1d_miss_rate,0.01667367428766743,0.007230299610354164,-0.009443374677313267,-0.5663643486365806
WalkingInStreet,27,fast,l1d_miss_rate,0.011193762089263808,0.0074143702736839375,-0.00377939181557987,-0.33763374506635
WorldCup_1920x1080_30p,27,fast,l1d_miss_rate,0.017893428022142638,0.008117288930840431,-0.009776139091302207,-0.546353615372331
WorldCup_far_1920x1080_30p,27,fast,l1d_miss_rate,0.014947660918623323,0.007867984671095644,-0.007079676247527679,-0.47363104408577367
Aerial3200,32,fast,l1d_miss_rate,0.014570327133233972,0.014972917620393036,0.00040259048715906437,0.027630847507931485
Boat,32,fast,l1d_miss_rate,0.014374211033043125,0.007611914768020232,-0.0067622962650228935,-0.4704464300320813
BoxingPractice,32,fast,l1d_miss_rate,0.017403108246007833,0.007078543900099295,-0.010324564345908538,-0.5932597901456442
Crosswalk,32,fast,l1d_miss_rate,0.017880615369818192,0.007572533533773734,-0.01030808183604446,-0.5764948030504652
CrowdRun,32,fast,l1d_miss_rate,0.013578646084180876,0.007827684132082574,-0.005750961952098302,-0.42352985094722906
DinnerSceneCropped,32,fast,l1d_miss_rate,0.017005206699486946,0.007083039869747902,-0.009922166829739044,-0.5834781667216312
FoodMarket,32,fast,l1d_miss_rate,0.016640429356335616,0.006666190944800221,-0.009974238411535394,-0.599397900014992
FoodMarket2,32,fast,l1d_miss_rate,0.01694263483171371,0.007819087129967154,-0.009123547701746556,-0.538496390459224
MeridianTalk_sdr,32,fast,l1d_miss_rate,0.017968951798110436,0.007081557992964465,-0.010887393805145971,-0.6059003289379884
Motorcycle,32,fast,l1d_miss_rate,0.015398223693425351,0.006713098864117245,-0.008685124829308107,-0.5640342030500852
MountainBike,32,fast,l1d_miss_rate,0.01491216867176951,0.007277790189123812,-0.0076343784826456975,-0.5119562855467478
Neon1224,32,fast,l1d_miss_rate,0.01813653414335386,0.007852991069410092,-0.010283543073943767,-0.5670070694136551
NocturneDance_3840x2160p_8bit,32,fast,l1d_miss_rate,0.017539626318812628,0.006380181132260959,-0.01115944518655167,-0.6362419006944458
OldTownCross,32,fast,l1d_miss_rate,0.015188826431232209,0.006642675051198732,-0.008546151380033477,-0.5626604147941509
PedestrianArea,32,fast,l1d_miss_rate,0.017552091270422895,0.00801114214536609,-0.009540949125056805,-0.5435790515250054
PierSeaSide,32,fast,l1d_miss_rate,0.017803451659741117,0.006902481949156512,-0.010900969710584605,-0.6122952963797986
RitualDance,32,fast,l1d_miss_rate,0.018337170679930324,0.006672096280714378,-0.011665074399215946,-0.6361436343057625
Riverbed,32,fast,l1d_miss_rate,0.016187465435437247,0.0067940491595534355,-0.00939341627588381,-0.5802895032177149
RushFieldCuts,32,fast,l1d_miss_rate,0.015382423679258095,0.007564434521069783,-0.007817989158188312,-0.5082416998259002
Skater227,32,fast,l1d_miss_rate,0.012374525946469256,0.0069183816813576235,-0.005456144265111633,-0.44091743705692416
Tango,32,fast,l1d_miss_rate,0.01727073080953339,0.0068337320234232515,-0.010436998786110138,-0.6043171479662544
TimeLapse,32,fast,l1d_miss_rate,0.017099943025468772,0.007748274182922288,-0.009351668842546484,-0.5468830409913088
ToddlerFountain,32,fast,l1d_miss_rate,0.015155773225173542,0.008124527085376018,-0.007031246139797524,-0.4639318651270603
TreesAndGrass_1920_1080,32,fast,l1d_miss_rate,0.01291613770542955,0.0066871104129413925,-0.006229027292488157,-0.48226702397804755
TunnelFlag,32,fast,l1d_miss_rate,0.016903754768473896,0.007928121523356698,-0.008975633245117198,-0.5309845870372584
Vertical_Carnaby,32,fast,l1d_miss_rate,0.018351330428198406,0.00645190611218688,-0.011899424316011526,-0.6484229774276764
Vertical_bees,32,fast,l1d_miss_rate,0.01826190029454976,0.006659689928316941,-0.01160221036623282,-0.6353232784703947
WalkingInStreet,32,fast,l1d_miss_rate,0.012667508187551397,0.00674555838233276,-0.0059219498052186376,-0.46749129485767776
WorldCup_1920x1080_30p,32,fast,l1d_miss_rate,0.019179975767348995,0.007837740816082326,-0.01134223495126667,-0.5913581481461049
WorldCup_far_1920x1080_30p,32,fast,l1d_miss_rate,0.01600707519096973,0.007636625435785691,-0.008370449755184039,-0.5229218739414784
Aerial3200,37,fast,l1d_miss_rate,0.016512965672859585,0.007415317921005698,-0.009097647751853887,-0.5509396635400641
Boat,37,fast,l1d_miss_rate,0.01591712327130855,0.007627791247505124,-0.008289332023803426,-0.5207807895001594
BoxingPractice,37,fast,l1d_miss_rate,0.018734218641858383,0.007596590012456729,-0.011137628629401654,-0.5945072405911044
Crosswalk,37,fast,l1d_miss_rate,0.018801566667934498,0.007988544223136279,-0.01081302244479822,-0.5751128422313605
CrowdRun,37,fast,l1d_miss_rate,0.015016690224871489,0.006845352469509464,-0.008171337755362024,-0.5441503842057149
DinnerSceneCropped,37,fast,l1d_miss_rate,0.018380644030629632,0.006953661997799189,-0.011426982032830444,-0.621685617423875
FoodMarket,37,fast,l1d_miss_rate,0.017517735200631542,0.007529410584801773,-0.009988324615829769,-0.5701835597714523
FoodMarket2,37,fast,l1d_miss_rate,0.017903711214239757,0.006837704145399995,-0.011066007068839763,-0.618084537692855
MeridianTalk_sdr,37,fast,l1d_miss_rate,0.018735958781154995,0.006583703678882136,-0.01215225510227286,-0.6486059904495436
Motorcycle,37,fast,l1d_miss_rate,0.01692451380902775,0.007169868148048993,-0.009754645660978757,-0.5763619428627549
MountainBike,37,fast,l1d_miss_rate,0.016025489868514528,0.00833586943326066,-0.007689620435253869,-0.4798368410791459
Neon1224,37,fast,l1d_miss_rate,0.019440542607131635,0.007760302738097532,-0.011680239869034104,-0.6008186142268109
NocturneDance_3840x2160p_8bit,37,fast,l1d_miss_rate,0.01869367262952246,0.0067216578626574566,-0.011972014766865003,-0.6404313910984989
OldTownCross,37,fast,l1d_miss_rate,0.01698833986106742,0.007861706542209947,-0.009126633318857474,-0.5372292639243222
PedestrianArea,37,fast,l1d_miss_rate,0.018605572358223826,0.006570265855841723,-0.012035306502382104,-0.6468656954303473
PierSeaSide,37,fast,l1d_miss_rate,0.019088645037321408,0.007939334865941486,-0.011149310171379921,-0.5840807532216774
RitualDance,37,fast,l1d_miss_rate,0.019047836129990826,0.00583625667689414,-0.013211579453096686,-0.6936000164499027
Riverbed,37,fast,l1d_miss_rate,0.017396957784720845,0.007000624366402374,-0.01039633341831847,-0.597594909809416
RushFieldCuts,37,fast,l1d_miss_rate,0.016906477063640544,0.007656253650006508,-0.009250223413634035,-0.5471408016474217
Skater227,37,fast,l1d_miss_rate,0.011971957228474944,0.0068224776436578375,-0.005149479584817106,-0.43012846492378226
Tango,37,fast,l1d_miss_rate,0.018420788278162736,0.006881007545502353,-0.011539780732660383,-0.6264542297758467
TimeLapse,37,fast,l1d_miss_rate,0.018758593371794606,0.006575871277985307,-0.012182722093809299,-0.6494475279861454
ToddlerFountain,37,fast,l1d_miss_rate,0.016662028485314215,0.006287549714000618,-0.010374478771313596,-0.6226420018701554
TreesAndGrass_1920_1080,37,fast,l1d_miss_rate,0.013903127587887245,0.00775008156443507,-0.006153046023452176,-0.4425656014847238
TunnelFlag,37,fast,l1d_miss_rate,0.017835740447884565,0.006742085949890851,-0.011093654497993714,-0.6219901287759261
Vertical_Carnaby,37,fast,l1d_miss_rate,0.018980462133353044,0.006660782688999606,-0.012319679444353438,-0.6490716273290797
Vertical_bees,37,fast,l1d_miss_rate,0.0190458271292001,0.007938127431532396,-0.011107699697667704,-0.5832090999417894
WalkingInStreet,37,fast,l1d_miss_rate,0.013812622869480866,0.007339706460586118,-0.0064729164088947475,-0.46862326366679596
WorldCup_1920x1080_30p,37,fast,l1d_miss_rate,0.01989516120037337,0.007547491226155154,-0.012347669974218215,-0.6206368397752158
WorldCup_far_1920x1080_30p,37,fast,l1d_miss_rate,0.017331390264776477,0.008003464732135807,-0.00932792553264067,-0.5382098833466533
Aerial3200,22,faster,l1d_miss_rate,0.012097805414915706,0.007635485592937072,-0.004462319821978634,-0.36885366138199915
Boat,22,faster,l1d_miss_rate,0.012055027589814178,0.007726335796123782,-0.0043286917936903955,-0.3590777176941426
BoxingPractice,22,faster,l1d_miss_rate,0.01409939094123545,0.006729124562682033,-0.007370266378553417,-0.522736507503891
Crosswalk,22,faster,l1d_miss_rate,0.01461580525695792,0.007558891047446331,-0.007056914209511589,-0.48282760241021366
CrowdRun,22,faster,l1d_miss_rate,0.010841339066141917,0.00775413200273397,-0.003087207063407947,-0.284762522837189
DinnerSceneCropped,22,faster,l1d_miss_rate,0.011662643206414244,0.0087279732428823,-0.0029346699635319443,-0.2516299188436056
FoodMarket,22,faster,l1d_miss_rate,0.012295557743331798,0.007128118708125322,-0.005167439035206475,-0.4202687786171321
FoodMarket2,22,faster,l1d_miss_rate,0.013998330647406486,0.0069802027296565145,-0.007018127917749971,-0.5013546325290038
MeridianTalk_sdr,22,faster,l1d_miss_rate,0.014083784608445712,0.007331066097417085,-0.006752718511028628,-0.47946760751930145
Motorcycle,22,faster,l1d_miss_rate,0.013077507048339333,0.007734071316384531,-0.005343435731954802,-0.40859742703280333
MountainBike,22,faster,l1d_miss_rate,0.012864611051169626,0.007797512844935138,-0.005067098206234488,-0.3938788499768749
Neon1224,22,faster,l1d_miss_rate,0.015990535343871015,0.006890791396951347,-0.009099743946919668,-0.5690706252938238
NocturneDance_3840x2160p_8bit,22,faster,l1d_miss_rate,0.014781775550709506,0.006716213621190516,-0.00806556192951899,-0.5456422945842831
OldTownCross,22,faster,l1d_miss_rate,0.010566816540694917,0.006899757139268068,-0.0036670594014268495,-0.34703539966879077
PedestrianArea,22,faster,l1d_miss_rate,0.013790656964784433,0.007611559357649227,-0.006179097607135206,-0.44806404966159596
PierSeaSide,22,faster,l1d_miss_rate,0.014444127174070166,0.014383252004414366,-6.087516965579999e-05,-0.004214527393879637
RitualDance,22,faster,l1d_miss_rate,0.016291110850849014,0.007229989063671787,-0.009061121787177228,-0.5562003641209652
Riverbed,22,faster,l1d_miss_rate,0.012754944011621578,0.006040280814052754,-0.006714663197568823,-0.5264361169638068
RushFieldCuts,22,faster,l1d_miss_rate,0.012693525113311793,0.007498274924030308,-0.005195250189281485,-0.40928348452497154
Skater227,22,faster,l1d_miss_rate,0.011673947782159334,0.006232286973584244,-0.005441660808575091,-0.466137155152543
Tango,22,faster,l1d_miss_rate,0.01292761313791762,0.006907347798125675,-0.006020265339791944,-0.46569040050665444
TimeLapse,22,faster,l1d_miss_rate,0.014975526328707904,0.007493073062735609,-0.007482453265972295,-0.4996454282630803
ToddlerFountain,22,faster,l1d_miss_rate,0.012183526701227831,0.006806821031513834,-0.005376705669713997,-0.44130946659083065
TreesAndGrass_1920_1080,22,faster,l1d_miss_rate,0.011467647678876251,0.008027895995358492,-0.0034397516835177593,-0.2999526825238871
TunnelFlag,22,faster,l1d_miss_rate,0.01353229042901074,0.006641958093280981,-0.00689033233572976,-0.5091770954721867
Vertical_Carnaby,22,faster,l1d_miss_rate,0.01700165389035018,0.006808430636594979,-0.010193223253755202,-0.599543039723958
Vertical_bees,22,faster,l1d_miss_rate,0.015622440501289836,0.007187197001520786,-0.00843524349976905,-0.5399440310924922
WalkingInStreet,22,faster,l1d_miss_rate,0.010828890090701185,0.00746214691101731,-0.0033667431796838747,-0.3109038092994324
WorldCup_1920x1080_30p,22,faster,l1d_miss_rate,0.016221071453284705,0.006129122043117766,-0.010091949410166938,-0.6221506044918726
WorldCup_far_1920x1080_30p,22,faster,l1d_miss_rate,0.01367992923331169,0.007790525843890614,-0.005889403389421076,-0.43051417072245673
Aerial3200,27,faster,l1d_miss_rate,0.013039139079403314,0.01430684332299671,0.001267704243593397,0.09722300190783827
Boat,27,faster,l1d_miss_rate,0.012870743435524724,0.007797207360041759,-0.005073536075482965,-0.3941913768150661
BoxingPractice,27,faster,l1d_miss_rate,0.01605188280167102,0.00838113641498808,-0.007670746386682942,-0.47787206531836923
Crosswalk,27,faster,l1d_miss_rate,0.016648412291773926,0.008391146405196814,-0.008257265886577112,-0.4959791805887144
CrowdRun,27,faster,l1d_miss_rate,0.011867826897001681,0.006446097607035908,-0.005421729289965773,-0.4568426331981243
DinnerSceneCropped,27,faster,l1d_miss_rate,0.014019098704209986,0.0068071353514717395,-0.007211963352738247,-0.5144384460730324
FoodMarket,27,faster,l1d_miss_rate,0.014406456360289322,0.007159954576181346,-0.007246501784107976,-0.5030037646233807
FoodMarket2,27,faster,l1d_miss_rate,0.015767106585145182,0.006651805513797783,-0.0091153010713474,-0.5781213580388482
MeridianTalk_sdr,27,faster,l1d_miss_rate,0.016262108427080462,0.0065924020564557834,-0.009669706370624679,-0.5946157851538001
Motorcycle,27,faster,l1d_miss_rate,0.01368718269213519,0.006838944571153564,-0.006848238120981626,-0.5003394982750322
MountainBike,27,faster,l1d_miss_rate,0.013552187934865718,0.007905412231056105,-0.005646775703809613,-0.41666893426722273
Neon1224,27,faster,l1d_miss_rate,0.016882497468109086,0.006682834995946752,-0.010199662472162335,-0.6041560196546407
NocturneDance_3840x2160p_8bit,27,faster,l1d_miss_rate,0.01592547375715263,0.005999221320943397,-0.009926252436209235,-0.6232940123210491
OldTownCross,27,faster,l1d_miss_rate,0.012310658280363455,0.007245509433141007,-0.005065148847222448,-0.41144419184324127
PedestrianArea,27,faster,l1d_miss_rate,0.01580887518633904,0.007279949275192147,-0.008528925911146894,-0.5395023877800625
PierSeaSide,27,faster,l1d_miss_rate,0.016273216710380806,0.006709444008899071,-0.009563772701481735,-0.5877001991487604
RitualDance,27,faster,l1d_miss_rate,0.017141213251045968,0.007181340617776844,-0.009959872633269123,-0.5810482891379561
Riverbed,27,faster,l1d_miss_rate,0.014408660944939597,0.006883441285934506,-0.0075252196590050915,-0.5222705765484745
RushFieldCuts,27,faster,l1d_miss_rate,0.01387674074947499,0.006791751358266763,-0.007084989391208226,-0.5105658107417103
Skater227,27,faster,l1d_miss_rate,0.012175056531904632,0.007805396469268465,-0.004369660062636166,-0.3589026507750095
Tango,27,faster,l1d_miss_rate,0.015631955524116007,0.006672941809258076,-0.008959013714857932,-0.5731217505728265
TimeLapse,27,faster,l1d_miss_rate,0.016151607815189102,0.008543858361740592,-0.00760774945344851,-0.4710211850422793
ToddlerFountain,27,faster,l1d_miss_rate,0.013247276977974953,0.007742290886782768,-0.005504986091192186,-0.41555604977119653
TreesAndGrass_1920_1080,27,faster,l1d_miss_rate,0.012176412141096132,0.006904661552726966,-0.005271750588369166,-0.43294777864628015
TunnelFlag,27,faster,l1d_miss_rate,0.01474505882152738,0.006654567963997774,-0.008090490857529605,-0.5486916637943628
Vertical_Carnaby,27,faster,l1d_miss_rate,0.018908589278617764,0.007380257261667816,-0.011528332016949947,-0.6096875788605991
Vertical_bees,27,faster,l1d_miss_rate,0.01636174857113542,0.00670643323291496,-0.00965531533822046,-0.5901151271358542
WalkingInStreet,27,faster,l1d_miss_rate,0.011169638737770847,0.0067611353875736795,-0.0044085033501971675,-0.3946862968172401
WorldCup_1920x1080_30p,27,faster,l1d_miss_rate,0.016774440470448584,0.00769819316108528,-0.009076247309363305,-0.5410760093818251
WorldCup_far_1920x1080_30p,27,faster,l1d_miss_rate,0.01442453280184441,0.00869846343915488,-0.0057260693626895315,-0.39696740555488635
Aerial3200,32,faster,l1d_miss_rate,0.014467134576448675,0.006703024890498864,-0.007764109685949811,-0.536672251503705
Boat,32,faster,l1d_miss_rate,0.01440855506944256,0.007857903882763494,-0.006550651186679066,-0.45463623209322257
BoxingPractice,32,faster,l1d_miss_rate,0.017539855153678865,0.00679549513626174,-0.010744360017417125,-0.6125683435398022
Crosswalk,32,faster,l1d_miss_rate,0.017993880659822367,0.00681706938718232,-0.011176811272640048,-0.6211451261648183
CrowdRun,32,faster,l1d_miss_rate,0.013575730212599538,0.007638747215601587,-0.005936982996997951,-0.43732328972535706
DinnerSceneCropped,32,faster,l1d_miss_rate,0.017125696872012482,0.006419845685962479,-0.010705851186050004,-0.6251337546179476
FoodMarket,32,faster,l1d_miss_rate,0.017110499632332656,0.006659708638780014,-0.010450790993552641,-0.6107823393891096
FoodMarket2,32,faster,l1d_miss_rate,0.01710136472272334,0.00792804150705523,-0.00917332321566811,-0.5364088401365483
MeridianTalk_sdr,32,faster,l1d_miss_rate,0.018663324510370494,0.006956302147180268,-0.011707022363190225,-0.6272742220543335
Motorcycle,32,faster,l1d_miss_rate,0.01526167941955267,0.007987113733493437,-0.007274565686059234,-0.47665564752587736
MountainBike,32,faster,l1d_miss_rate,0.015086151440000247,0.006810530945480633,-0.008275620494519614,-0.5485574321213017
Neon1224,32,faster,l1d_miss_rate,0.018232815736659476,0.007483151601247025,-0.010749664135412451,-0.5895778408926076
NocturneDance_3840x2160p_8bit,32,faster,l1d_miss_rate,0.01756732719252143,0.006309553108518952,-0.011257774084002477,-0.6408359086517733
OldTownCross,32,faster,l1d_miss_rate,0.01534408022905979,0.0075441119595772215,-0.007799968269482568,-0.5083372970580793
PedestrianArea,32,faster,l1d_miss_rate,0.017897474634581443,0.007298355494411237,-0.010599119140170206,-0.592213111434762
PierSeaSide,32,faster,l1d_miss_rate,0.017923488395160347,0.007665497660177414,-0.010257990734982934,-0.5723211078571496
RitualDance,32,faster,l1d_miss_rate,0.018462851371065438,0.007664799889582715,-0.010798051481482723,-0.5848528628901376
Riverbed,32,faster,l1d_miss_rate,0.01634857969278266,0.006488303824569914,-0.009860275868212746,-0.6031273696861704
RushFieldCuts,32,faster,l1d_miss_rate,0.01576298461537433,0.00737382829526041,-0.00838915632011392,-0.5322060843687945
Skater227,32,faster,l1d_miss_rate,0.012104193206504332,0.007820376002328397,-0.004283817204175935,-0.353911832956696
Tango,32,faster,l1d_miss_rate,0.01720164199723483,0.006649497664256081,-0.010552144332978748,-0.6134382016946411
TimeLapse,32,faster,l1d_miss_rate,0.01759402647888337,0.01615435806285854,-0.0014396684160248308,-0.08182711431932559
ToddlerFountain,32,faster,l1d_miss_rate,0.014935667166725144,0.007501727124362967,-0.007433940042362177,-0.4977306978910252
TreesAndGrass_1920_1080,32,faster,l1d_miss_rate,0.013445729218699676,0.006708819774493735,-0.006736909444205941,-0.5010445573183617
TunnelFlag,32,faster,l1d_miss_rate,0.016840831292275166,0.0069350174360642705,-0.009905813856210897,-0.5882021905150645
Vertical_Carnaby,32,faster,l1d_miss_rate,0.0190320296606266,0.006601038689262999,-0.012430990971363602,-0.6531616014176772
Vertical_bees,32,faster,l1d_miss_rate,0.017795696892040677,0.007893895626641606,-0.00990180126539907,-0.5564154820948743
WalkingInStreet,32,faster,l1d_miss_rate,0.012441190653496928,0.007522725920225519,-0.004918464733271409,-0.3953371401706591
WorldCup_1920x1080_30p,32,faster,l1d_miss_rate,0.018571162491980552,0.006993260533946487,-0.011577901958034065,-0.6234344222142079
WorldCup_far_1920x1080_30p,32,faster,l1d_miss_rate,0.016165882586598894,0.006894060469883122,-0.009271822116715771,-0.5735425868057384
Aerial3200,37,faster,l1d_miss_rate,0.01568930084701045,0.0067565479893612135,-0.008932752857649238,-0.5693531499430293
Boat,37,faster,l1d_miss_rate,0.015561990972730304,0.007887683407479232,-0.007674307565251072,-0.4931443270143883
BoxingPractice,37,faster,l1d_miss_rate,0.018399023600449607,0.0075459893844272595,-0.010853034216022347,-0.5898701176597837
Crosswalk,37,faster,l1d_miss_rate,0.01879039482138905,0.0073826941476638494,-0.0114077006737252,-0.6071027661824248
CrowdRun,37,faster,l1d_miss_rate,0.015061128348508509,0.007195358416385132,-0.007865769932123377,-0.5222563509262118
DinnerSceneCropped,37,faster,l1d_miss_rate,0.0179937051571782,0.007466223730146367,-0.010527481427031832,-0.5850646842922244
FoodMarket,37,faster,l1d_miss_rate,0.017484252006662048,0.007747573610302477,-0.009736678396359572,-0.5568827532713205
FoodMarket2,37,faster,l1d_miss_rate,0.018187549947366478,0.007623212287081147,-0.01056433766028533,-0.5808554583139455
MeridianTalk_sdr,37,faster,l1d_miss_rate,0.018804136747527143,0.00790653035677029,-0.010897606390756853,-0.5795323942318146
Motorcycle,37,faster,l1d_miss_rate,0.01639564931637033,0.007777599948254373,-0.008618049368115957,-0.525630257260456
MountainBike,37,faster,l1d_miss_rate,0.01593029296501659,0.007652812327223814,-0.008277480637792775,-0.5196063032845897
Neon1224,37,faster,l1d_miss_rate,0.01939855812057646,0.006756943473298391,-0.012641614647278067,-0.6516780561060794
NocturneDance_3840x2160p_8bit,37,faster,l1d_miss_rate,0.018782697266407387,0.006508749640074767,-0.01227394762633262,-0.6534709819491377
OldTownCross,37,faster,l1d_miss_rate,0.016687872104849046,0.007791438676097691,-0.008896433428751354,-0.5331077187586002
PedestrianArea,37,faster,l1d_miss_rate,0.018558538596140556,0.007190440325850971,-0.011368098270289586,-0.6125535268522545
PierSeaSide,37,faster,l1d_miss_rate,0.019179049058836477,0.00796598368475492,-0.011213065374081557,-0.5846517905910092
RitualDance,37,faster,l1d_miss_rate,0.01931970364820601,0.007995509291035196,-0.011324194357170815,-0.5861474152696103
Riverbed,37,faster,l1d_miss_rate,0.01727874133757038,0.00656108653999614,-0.010717654797574243,-0.620279833362057
RushFieldCuts,37,faster,l1d_miss_rate,0.01673737521871857,0.006717645612412255,-0.010019729606306316,-0.5986440212621006
Skater227,37,faster,l1d_miss_rate,0.01161797835920377,0.006665639852875441,-0.004952338506328329,-0.4262650827202723
Tango,37,faster,l1d_miss_rate,0.01855508542002233,0.0077566698053328255,-0.010798415614689503,-0.581965287157191
TimeLapse,37,faster,l1d_miss_rate,0.01886570252269583,0.007886523404131195,-0.010979179118564634,-0.5819650291504626
ToddlerFountain,37,faster,l1d_miss_rate,0.016816790576859027,0.007772254178994639,-0.00904453639786439,-0.5378277357101804
TreesAndGrass_1920_1080,37,faster,l1d_miss_rate,0.014183575951588135,0.007923020064867519,-0.006260555886720616,-0.44139474474486257
TunnelFlag,37,faster,l1d_miss_rate,0.017642860365159697,0.0070169014272910895,-0.010625958937868607,-0.6022809634004845
Vertical_Carnaby,37,faster,l1d_miss_rate,0.01965343473132907,0.006475346530628836,-0.013178088200700235,-0.67052341643333
Vertical_bees,37,faster,l1d_miss_rate,0.018417510285748836,0.0013879884058167027,-0.017029521879932133,-0.9246375658662884
WalkingInStreet,37,faster,l1d_miss_rate,0.013777534336769894,0.006544723768305244,-0.0072328105684646505,-0.5249713331623866
WorldCup_1920x1080_30p,37,faster,l1d_miss_rate,0.01966166267807761,0.006849761398724786,-0.012811901279352826,-0.651618405275453
WorldCup_far_1920x1080_30p,37,faster,l1d_miss_rate,0.01704938879284931,0.008065941891339617,-0.008983446901509692,-0.5269072698534181
Aerial3200,22,superfast,l1d_miss_rate,0.011401804815615106,0.007722132364748867,-0.0036796724508662395,-0.3227271919114788
Boat,22,superfast,l1d_miss_rate,0.01351715705459597,0.0064280772375621105,-0.00708907981703386,-0.524450503045942
BoxingPractice,22,superfast,l1d_miss_rate,0.016441884187545653,0.00645028766161498,-0.009991596525930672,-0.6076916983455628
Crosswalk,22,superfast,l1d_miss_rate,0.01655638969563519,0.0070375117291862155,-0.009518877966448975,-0.5749368154192738
CrowdRun,22,superfast,l1d_miss_rate,0.012662750980667478,0.007334383593662323,-0.005328367387005155,-0.42079066350906685
DinnerSceneCropped,22,superfast,l1d_miss_rate,0.013427016744079184,0.006686918397013093,-0.006740098347066091,-0.5019803337951615
FoodMarket,22,superfast,l1d_miss_rate,0.014000033754212058,0.008460194680096551,-0.005539839074115507,-0.39570183696512784
FoodMarket2,22,superfast,l1d_miss_rate,0.015870426197315095,0.007937249986733345,-0.00793317621058175,-0.49987165511181153
MeridianTalk_sdr,22,superfast,l1d_miss_rate,0.015899500520435584,0.006479752235923787,-0.009419748284511798,-0.5924556103133316
Motorcycle,22,superfast,l1d_miss_rate,0.01445318932549737,0.006860564229433899,-0.007592625096063471,-0.5253252361863868
MountainBike,22,superfast,l1d_miss_rate,0.014073488924586167,0.006149986102912342,-0.007923502821673825,-0.5630091347023117
Neon1224,22,superfast,l1d_miss_rate,0.018454007697233397,0.0066888316678898425,-0.011765176029343554,-0.6375404314536715
NocturneDance_3840x2160p_8bit,22,superfast,l1d_miss_rate,0.017317862088965772,0.0074899717827278224,-0.00982789030623795,-0.5675002061888388
OldTownCross,22,superfast,l1d_miss_rate,0.012391961572402969,0.00663939519037909,-0.005752566382023878,-0.4642175775330764
PedestrianArea,22,superfast,l1d_miss_rate,0.015573050130846498,0.007596877555273415,-0.007976172575573082,-0.5121779297283701
PierSeaSide,22,superfast,l1d_miss_rate,0.016886503193379466,0.006566780606203126,-0.010319722587176339,-0.6111225319415032
RitualDance,22,superfast,l1d_miss_rate,0.017713954199309326,0.006835486489466933,-0.010878467709842393,-0.6141185410915507
Riverbed,22,superfast,l1d_miss_rate,0.014580845357449803,0.006680805406814672,-0.00790003995063513,-0.541809460080362
RushFieldCuts,22,superfast,l1d_miss_rate,0.01422365290752795,0.006792212826584192,-0.007431440080943758,-0.5224705727324537
Skater227,22,superfast,l1d_miss_rate,0.011099122302318798,0.007643742934994031,-0.0034553793673247667,-0.31132005515453043
Tango,22,superfast,l1d_miss_rate,0.014940328077056099,0.006664622269831972,-0.008275705807224126,-0.5539172744093317
TimeLapse,22,superfast,l1d_miss_rate,0.016732278228623314,0.006371312394201549,-0.010360965834421766,-0.6192202695205982
ToddlerFountain,22,superfast,l1d_miss_rate,0.013472533132992365,0.006830579346734216,-0.00664195378625815,-0.4929996252889463
TreesAndGrass_1920_1080,22,superfast,l1d_miss_rate,0.012819651509761125,0.013953067639587213,0.0011334161298260873,0.08841239786924651
TunnelFlag,22,superfast,l1d_miss_rate,0.015045582323241598,0.0022461935988114627,-0.012799388724430136,-0.8507074335473434
Vertical_Carnaby,22,superfast,l1d_miss_rate,0.015086339974555222,0.006155755425582431,-0.008930584548972791,-0.5919649539938254
Vertical_bees,22,superfast,l1d_miss_rate,0.014562546817324967,0.007931029577996266,-0.006631517239328701,-0.45538169404813367
WalkingInStreet,22,superfast,l1d_miss_rate,0.011590166288598684,0.006631218083313892,-0.004958948205284792,-0.42785824480904466
WorldCup_1920x1080_30p,22,superfast,l1d_miss_rate,0.018784722636991942,0.007638425258343902,-0.01114629737864804,-0.5933703464270544
WorldCup_far_1920x1080_30p,22,superfast,l1d_miss_rate,0.015185008079832625,0.007900494051329079,-0.007284514028503546,-0.4797174944001636
Aerial3200,27,superfast,l1d_miss_rate,0.012497511788151278,0.007605266640866225,-0.004892245147285053,-0.3914575341247787
Boat,27,superfast,l1d_miss_rate,0.014695082696294302,0.007980828441753383,-0.006714254254540919,-0.4569048295477827
BoxingPractice,27,superfast,l1d_miss_rate,0.019001186223007675,0.0066306936374114995,-0.012370492585596176,-0.6510379110235396
Crosswalk,27,superfast,l1d_miss_rate,0.01933501527455177,0.008056802295636819,-0.011278212978914952,-0.583305097966953
CrowdRun,27,superfast,l1d_miss_rate,0.013556597299829257,0.007121352864913992,-0.006435244434915265,-0.47469466655886544
DinnerSceneCropped,27,superfast,l1d_miss_rate,0.01624085500590579,0.007365664390581533,-0.008875190615324258,-0.5464731143832576
FoodMarket,27,superfast,l1d_miss_rate,0.01645926748644656,0.007754684632189834,-0.008704582854256727,-0.5288560296759589
FoodMarket2,27,superfast,l1d_miss_rate,0.01784983669951348,0.007616493881576893,-0.010233342817936586,-0.5733017612545166
MeridianTalk_sdr,27,superfast,l1d_miss_rate,0.018870117041861707,0.006467620876535914,-0.012402496165325794,-0.6572559215086975
Motorcycle,27,superfast,l1d_miss_rate,0.015235695955777603,0.0070022687984370125,-0.00823342715734059,-0.5404037453384827
MountainBike,27,superfast,l1d_miss_rate,0.01529532024411199,0.007208071031502994,-0.008087249212608998,-0.5287401037400459
Neon1224,27,superfast,l1d_miss_rate,0.019392422489430294,0.008399950247418244,-0.01099247224201205,-0.566843685877998
NocturneDance_3840x2160p_8bit,27,superfast,l1d_miss_rate,0.01863752699520456,0.007635953470608417,-0.011001573524596141,-0.590291487031882
OldTownCross,27,superfast,l1d_miss_rate,0.014288983515438726,0.006706963511749075,-0.007582020003689651,-0.5306199699578038
PedestrianArea,27,superfast,l1d_miss_rate,0.01795417610351325,0.00787234717084395,-0.010081828932669299,-0.5615311376330157
PierSeaSide,27,superfast,l1d_miss_rate,0.01867142467144103,0.007706750320281615,-0.010964674351159415,-0.587243584466829
RitualDance,27,superfast,l1d_miss_rate,0.019042858960774477,0.006701134424254593,-0.012341724536519882,-0.6481025019374477
Riverbed,27,superfast,l1d_miss_rate,0.016615269758163555,0.0069478725487079,-0.009667397209455655,-0.5818381133839725
RushFieldCuts,27,superfast,l1d_miss_rate,0.015687038171698576,0.006787704779598041,-0.008899333392100535,-0.5673048853897781
Skater227,27,superfast,l1d_miss_rate,0.01163079930352771,0.007882307459575756,-0.003748491843951955,-0.3222901320990904
Tango,27,superfast,l1d_miss_rate,0.01802925713312488,0.007824244594002027,-0.010205012539122852,-0.5660251259256455
TimeLapse,27,superfast,l1d_miss_rate,0.018534889091578924,0.006929067260954312,-0.011605821830624613,-0.6261608458125364
ToddlerFountain,27,superfast,l1d_miss_rate,0.015025066181247519,0.0078483210120497,-0.007176745169197819,-0.47765148470061114
TreesAndGrass_1920_1080,27,superfast,l1d_miss_rate,0.013636842718146722,0.006592652706083144,-0.007044190012063578,-0.5165557862370725
TunnelFlag,27,superfast,l1d_miss_rate,0.016438093397599926,0.008087204949198767,-0.008350888448401159,-0.5080205013082871
Vertical_Carnaby,27,superfast,l1d_miss_rate,0.01611410087167088,0.012447519076172312,-0.0036665817954985684,-0.22753871436566095
Vertical_bees,27,superfast,l1d_miss_rate,0.015804600215470452,0.007816287468945375,-0.007988312746525077,-0.5054422533703609
WalkingInStreet,27,superfast,l1d_miss_rate,0.01230683114485315,0.006315426693519277,-0.005991404451333873,-0.4868356753102559
WorldCup_1920x1080_30p,27,superfast,l1d_miss_rate,0.019359360059021974,0.00767014716327357,-0.011689212895748403,-0.6038016163814733
WorldCup_far_1920x1080_30p,27,superfast,l1d_miss_rate,0.016258116831274757,0.0066204345200767175,-0.00963768231119804,-0.5927920441965709
Aerial3200,32,superfast,l1d_miss_rate,0.014015240297450729,0.0075723127024939565,-0.006442927594956772,-0.4597086784254919
Boat,32,superfast,l1d_miss_rate,0.01614062844601615,0.005957829567787762,-0.01018279887822839,-0.6308799506962023
BoxingPractice,32,superfast,l1d_miss_rate,0.020456929160302798,0.0076858881513029225,-0.012771041008999874,-0.6242892522589564
Crosswalk,32,superfast,l1d_miss_rate,0.020737741354367047,0.006731362023808627,-0.01400637933055842,-0.6754052474286885
CrowdRun,32,superfast,l1d_miss_rate,0.015300081823417215,0.007254512407183684,-0.008045569416233531,-0.5258513979918431
DinnerSceneCropped,32,superfast,l1d_miss_rate,0.01907284341784011,0.006903343180945705,-0.012169500236894403,-0.6380538009089644
FoodMarket,32,superfast,l1d_miss_rate,0.01852679844028756,0.0070801370899065425,-0.011446661350381018,-0.6178434653604052
FoodMarket2,32,superfast,l1d_miss_rate,0.019534349082060188,0.006634464148229835,-0.012899884933830354,-0.6603693258290985
MeridianTalk_sdr,32,superfast,l1d_miss_rate,0.019995713392014183,0.0063731886892938,-0.013622524702720382,-0.6812722524899211
Motorcycle,32,superfast,l1d_miss_rate,0.016820010573634008,0.011472050918334155,-0.005347959655299854,-0.3179522172050819
MountainBike,32,superfast,l1d_miss_rate,0.016707671819393845,0.006777215448072,-0.009930456371321845,-0.5943650604744835
Neon1224,32,superfast,l1d_miss_rate,0.021083759779232585,0.006960040074231462,-0.014123719705001123,-0.6698861992780305
NocturneDance_3840x2160p_8bit,32,superfast,l1d_miss_rate,0.02089302424329191,0.00630625643163256,-0.014586767811659351,-0.6981644993947059
OldTownCross,32,superfast,l1d_miss_rate,0.017105814331182693,0.006688940789214565,-0.010416873541968127,-0.6089668308265747
PedestrianArea,32,superfast,l1d_miss_rate,0.01949604969436158,0.007804393503975358,-0.011691656190386222,-0.5996935981224722
PierSeaSide,32,superfast,l1d_miss_rate,0.020884161148045186,0.006876537810525051,-0.014007623337520134,-0.6707295178495252
RitualDance,32,superfast,l1d_miss_rate,0.020160368175359,0.008576550291140966,-0.011583817884218034,-0.574583647652643
Riverbed,32,superfast,l1d_miss_rate,0.01833340459566034,0.006739617842920724,-0.011593786752739617,-0.6323859102244411
RushFieldCuts,32,superfast,l1d_miss_rate,0.017261770422222676,0.007271857734372051,-0.009989912687850626,-0.578730480332984
Skater227,32,superfast,l1d_miss_rate,0.011472714000369,0.006790789107946002,-0.004681924892422998,-0.4080921822223069
Tango,32,superfast,l1d_miss_rate,0.019975787407873098,0.007164367511238388,-0.01281141989663471,-0.641347429017257
TimeLapse,32,superfast,l1d_miss_rate,0.020426058120668333,0.007992609613349471,-0.012433448507318862,-0.6087052349438847
ToddlerFountain,32,superfast,l1d_miss_rate,0.017015556289764797,0.007398271665677376,-0.009617284624087421,-0.5652054191065392
TreesAndGrass_1920_1080,32,superfast,l1d_miss_rate,0.015005754137271872,0.006889699572969094,-0.00811605456430278,-0.5408628243577448
TunnelFlag,32,superfast,l1d_miss_rate,0.01808512935771738,0.007770776899869005,-0.010314352457848373,-0.5703222937383624
Vertical_Carnaby,32,superfast,l1d_miss_rate,0.017046179532276707,0.006397972455164921,-0.010648207077111786,-0.6246682464507399
Vertical_bees,32,superfast,l1d_miss_rate,0.01634618735573079,0.007701148749791163,-0.008645038605939627,-0.5288718658243431
WalkingInStreet,32,superfast,l1d_miss_rate,0.013611324096417934,0.007278168388246138,-0.0063331557081717955,-0.4652857916915284
WorldCup_1920x1080_30p,32,superfast,l1d_miss_rate,0.020421303983891862,0.0074656646907635205,-0.012955639293128342,-0.6344178267630526
WorldCup_far_1920x1080_30p,32,superfast,l1d_miss_rate,0.018018961734605654,0.007872827405644055,-0.010146134328961599,-0.5630809631764639
Aerial3200,37,superfast,l1d_miss_rate,0.014773730691421145,0.007002119777456802,-0.0077716109139643426,-0.5260425464826691
Boat,37,superfast,l1d_miss_rate,0.017636633347483832,0.008197275348016668,-0.009439357999467164,-0.5352131449063576
BoxingPractice,37,superfast,l1d_miss_rate,0.02179992330053784,0.007748017531112876,-0.014051905769424965,-0.644585101319062
Crosswalk,37,superfast,l1d_miss_rate,0.021629172544522006,0.007579487402012407,-0.014049685142509599,-0.6495710880103892
CrowdRun,37,superfast,l1d_miss_rate,0.01676642621121271,0.008119123208917708,-0.008647303002295003,-0.5157511143616303
DinnerSceneCropped,37,superfast,l1d_miss_rate,0.020188414299815813,0.006371249133525133,-0.01381716516629068,-0.6844106209181936
FoodMarket,37,superfast,l1d_miss_rate,0.019543206173341748,0.0071190092266106425,-0.012424196946731105,-0.6357297178637223
FoodMarket2,37,superfast,l1d_miss_rate,0.020978249107369694,0.007141582309187026,-0.013836666798182667,-0.6595720513835363
MeridianTalk_sdr,37,superfast,l1d_miss_rate,0.02075532361178601,0.0064510236390944884,-0.01430429997269152,-0.6891870365523357
Motorcycle,37,superfast,l1d_miss_rate,0.01764311591696736,0.006533426492676253,-0.011109689424291108,-0.629689759823373
MountainBike,37,superfast,l1d_miss_rate,0.01787339092203074,0.011512501662455113,-0.006360889259575626,-0.3558859808596921
Neon1224,37,superfast,l1d_miss_rate,0.02251490086833093,0.007385794709070455,-0.015129106159260473,-0.6719597056072679
NocturneDance_3840x2160p_8bit,37,superfast,l1d_miss_rate,0.02209574176474303,0.006964361955948464,-0.015131379808794566,-0.6848097687735871
OldTownCross,37,superfast,l1d_miss_rate,0.018683384332721226,0.0070859981745907035,-0.011597386158130524,-0.6207326227197174
PedestrianArea,37,superfast,l1d_miss_rate,0.02036171497016389,0.00668625418834207,-0.01367546078182182,-0.6716261769630177
PierSeaSide,37,superfast,l1d_miss_rate,0.022361214149165507,0.007627790003143666,-0.014733424146021842,-0.6588830126906
RitualDance,37,superfast,l1d_miss_rate,0.020868257688224222,0.006491043415132873,-0.01437721427309135,-0.6889513484014665
Riverbed,37,superfast,l1d_miss_rate,0.01939037982353311,0.007598277155249183,-0.011792102668283927,-0.6081419124122807
RushFieldCuts,37,superfast,l1d_miss_rate,0.018586696737622796,0.007122676405705505,-0.01146402033191729,-0.6167863226988616
Skater227,37,superfast,l1d_miss_rate,0.011407929043691254,0.006390595592555342,-0.005017333451135912,-0.4398110675408319
Tango,37,superfast,l1d_miss_rate,0.021738567577359934,0.006380940027532187,-0.015357627549827748,-0.7064691587969327
TimeLapse,37,superfast,l1d_miss_rate,0.02176726998842353,0.006990713369957287,-0.014776556618466243,-0.6788428969882235
ToddlerFountain,37,superfast,l1d_miss_rate,0.01842973954826108,0.007945634071202384,-0.010484105477058695,-0.5688688898508016
TreesAndGrass_1920_1080,37,superfast,l1d_miss_rate,0.016054696888167456,0.007709017209001323,-0.008345679679166135,-0.5198279193496964
TunnelFlag,37,superfast,l1d_miss_rate,0.01921815468427922,0.006648788793696958,-0.012569365890582263,-0.6540360454515552
Vertical_Carnaby,37,superfast,l1d_miss_rate,0.0175983275648544,0.006410847670129482,-0.011187479894724918,-0.6357126751673506
Vertical_bees,37,superfast,l1d_miss_rate,0.016879417942546195,0.007435593422854569,-0.009443824519691627,-0.5594875695261718
WalkingInStreet,37,superfast,l1d_miss_rate,0.015067652996584592,0.006643980297661918,-0.008423672698922673,-0.5590567224259864
WorldCup_1920x1080_30p,37,superfast,l1d_miss_rate,0.021158547166914378,0.007415847592120881,-0.013742699574793498,-0.6495105484502716
WorldCup_far_1920x1080_30p,37,superfast,l1d_miss_rate,0.018968470960924223,0.007023114855742208,-0.011945356105182017,-0.6297479712407978
Aerial3200,22,veryfast,l1d_miss_rate,0.01202520198028511,0.007673929024928156,-0.004351272955356953,-0.3618461429995696
Boat,22,veryfast,l1d_miss_rate,0.012204129839183692,0.006784217121879416,-0.0054199127173042766,-0.44410480621917103
BoxingPractice,22,veryfast,l1d_miss_rate,0.014127691608611775,0.007669573761815956,-0.006458117846795819,-0.457124774924954
Crosswalk,22,veryfast,l1d_miss_rate,0.014435441987025776,0.006787112199448547,-0.007648329787577229,-0.5298299694911567
CrowdRun,22,veryfast,l1d_miss_rate,0.010728964824177277,0.006391571465774152,-0.004337393358403125,-0.4042695105709536
DinnerSceneCropped,22,veryfast,l1d_miss_rate,0.011646784428503825,0.007847525182013171,-0.0037992592464906536,-0.32620671137284163
FoodMarket,22,veryfast,l1d_miss_rate,0.012155967835858686,0.007577366035679238,-0.004578601800179449,-0.3766546491405734
FoodMarket2,22,veryfast,l1d_miss_rate,0.013707614185953811,0.007011034226053248,-0.006696579959900563,-0.48852994175766534
MeridianTalk_sdr,22,veryfast,l1d_miss_rate,0.014348933057456464,0.006077172568295048,-0.008271760489161416,-0.5764721638911662
Motorcycle,22,veryfast,l1d_miss_rate,0.013060719376367597,0.006725123444548483,-0.006335595931819114,-0.48508782320849075
MountainBike,22,veryfast,l1d_miss_rate,0.012924863042755834,0.007717769248891793,-0.005207093793864041,-0.40287419500220767
Neon1224,22,veryfast,l1d_miss_rate,0.015928775528820494,0.008603650058663148,-0.007325125470157345,-0.45986745540507734
NocturneDance_3840x2160p_8bit,22,veryfast,l1d_miss_rate,0.01478026724749638,0.007203252821159504,-0.007577014426336876,-0.5126439393455718
OldTownCross,22,veryfast,l1d_miss_rate,0.010957528755144733,0.007010313783392901,-0.003947214971751832,-0.3602285752522942
PedestrianArea,22,veryfast,l1d_miss_rate,0.013841828471172548,0.00786763375991589,-0.005974194711256658,-0.4316044461682728
PierSeaSide,22,veryfast,l1d_miss_rate,0.01475711048286138,0.006730178731361728,-0.008026931751499652,-0.5439365491518122
RitualDance,22,veryfast,l1d_miss_rate,0.016386194764966278,0.006797766042577504,-0.009588428722388773,-0.5851528594600167
Riverbed,22,veryfast,l1d_miss_rate,0.012955051679712046,0.00723205658149023,-0.005722995098221816,-0.44175779763072487
RushFieldCuts,22,veryfast,l1d_miss_rate,0.01304273012686259,0.007501380223801509,-0.005541349903061082,-0.42486119463962607
Skater227,22,veryfast,l1d_miss_rate,0.011611153352203387,0.006386251650415233,-0.005224901701788154,-0.44998989706708614
Tango,22,veryfast,l1d_miss_rate,0.013211733238241607,0.007563556981139656,-0.00564817625710195,-0.4275121329844293
TimeLapse,22,veryfast,l1d_miss_rate,0.014537632771965731,0.0067873378877851345,-0.007750294884180596,-0.5331194566371363
ToddlerFountain,22,veryfast,l1d_miss_rate,0.012249142676802199,0.007924180795780462,-0.004324961881021737,-0.3530828234381237
TreesAndGrass_1920_1080,22,veryfast,l1d_miss_rate,0.011343035223438856,0.006988837042504305,-0.00435419818093455,-0.3838653495439374
TunnelFlag,22,veryfast,l1d_miss_rate,0.013501425573846986,0.0064240130787296375,-0.007077412495117349,-0.5241974231837185
Vertical_Carnaby,22,veryfast,l1d_miss_rate,0.01610421505419486,0.00749304660162217,-0.008611168452572688,-0.5347151924880458
Vertical_bees,22,veryfast,l1d_miss_rate,0.015780631269125666,0.002381624474107229,-0.013399006795018438,-0.8490792647334201
WalkingInStreet,22,veryfast,l1d_miss_rate,0.010697327765314582,0.006166374858982083,-0.004530952906332499,-0.42355932301371857
WorldCup_1920x1080_30p,22,veryfast,l1d_miss_rate,0.01672618988928817,0.007717852761093893,-0.009008337128194276,-0.5385767582349056
WorldCup_far_1920x1080_30p,22,veryfast,l1d_miss_rate,0.013722951191385993,0.007837512040001427,-0.005885439151384566,-0.4288756164256347
Aerial3200,27,veryfast,l1d_miss_rate,0.013166545160837189,0.007079572636482941,-0.006086972524354248,-0.462305977004465
Boat,27,veryfast,l1d_miss_rate,0.012939989867729266,0.007798973942774547,-0.005141015924954719,-0.3972967504229487
BoxingPractice,27,veryfast,l1d_miss_rate,0.01613204269882482,0.006753415799950131,-0.00937862689887469,-0.5813663572535609
Crosswalk,27,veryfast,l1d_miss_rate,0.016727238180134767,0.007163801510034278,-0.009563436670100489,-0.5717283730351856
CrowdRun,27,veryfast,l1d_miss_rate,0.011988727610062047,0.007429833060130704,-0.0045588945499313435,-0.3802650871894944
DinnerSceneCropped,27,veryfast,l1d_miss_rate,0.014033152800245932,0.007099763063038251,-0.006933389737207681,-0.49407213303386627
FoodMarket,27,veryfast,l1d_miss_rate,0.014089159081660557,0.006528467934882632,-0.007560691146777925,-0.5366318247211399
FoodMarket2,27,veryfast,l1d_miss_rate,0.01569275406702141,0.0070621705436741036,-0.008630583523347305,-0.5499725214890498
MeridianTalk_sdr,27,veryfast,l1d_miss_rate,0.016493919977034147,0.004919521310211752,-0.011574398666822396,-0.7017372876149751
Motorcycle,27,veryfast,l1d_miss_rate,0.014108850679809333,0.006403211801565619,-0.007705638878243714,-0.5461563846069315
MountainBike,27,veryfast,l1d_miss_rate,0.013523261328679126,0.006031455886251073,-0.007491805442428052,-0.5539939856475293
Neon1224,27,veryfast,l1d_miss_rate,0.0172118440317558,0.007588691256821437,-0.009623152774934363,-0.5591006261258047
NocturneDance_3840x2160p_8bit,27,veryfast,l1d_miss_rate,0.016264851366004824,0.007027151429786632,-0.009237699936218192,-0.5679547712022696
OldTownCross,27,veryfast,l1d_miss_rate,0.01247674480691915,0.007737622804852834,-0.004739122002066315,-0.3798364136964772
PedestrianArea,27,veryfast,l1d_miss_rate,0.01596787542889461,0.006473627358214079,-0.009494248070680531,-0.5945843022735667
PierSeaSide,27,veryfast,l1d_miss_rate,0.01636777505972831,0.006737152980890588,-0.009630622078837723,-0.5883892003460599
RitualDance,27,veryfast,l1d_miss_rate,0.016989249700852332,0.006814726959891753,-0.01017452274096058,-0.5988800518041791
Riverbed,27,veryfast,l1d_miss_rate,0.014323140022344425,0.0066075727785456125,-0.007715567243798812,-0.5386784763510202
RushFieldCuts,27,veryfast,l1d_miss_rate,0.013655633920946658,0.006546322831923015,-0.007109311089023643,-0.5206137723213657
Skater227,27,veryfast,l1d_miss_rate,0.010190472687614239,0.007750813455884462,-0.002439659231729777,-0.2394058947525566
Tango,27,veryfast,l1d_miss_rate,0.01559230610673965,0.008401393770330013,-0.007190912336409637,-0.46118337385009534
TimeLapse,27,veryfast,l1d_miss_rate,0.016133761005776893,0.00681846058718069,-0.009315300418596203,-0.5773793485140102
ToddlerFountain,27,veryfast,l1d_miss_rate,0.013085161882055876,0.008014643538098356,-0.00507051834395752,-0.38750138436658493
TreesAndGrass_1920_1080,27,veryfast,l1d_miss_rate,0.012029167812184268,0.007486714941198111,-0.004542452870986157,-0.37761987711112777
TunnelFlag,27,veryfast,l1d_miss_rate,0.015198769265580496,0.007317737761700022,-0.007881031503880474,-0.5185308998491115
Vertical_Carnaby,27,veryfast,l1d_miss_rate,0.01702425813002591,0.008810689310276076,-0.008213568819749835,-0.48246265752182493
Vertical_bees,27,veryfast,l1d_miss_rate,0.01629567291998827,0.006672103628378937,-0.009623569291609332,-0.5905597970001634
WalkingInStreet,27,veryfast,l1d_miss_rate,0.011421870013988398,0.0060418716918903105,-0.005379998322098087,-0.4710260505074202
WorldCup_1920x1080_30p,27,veryfast,l1d_miss_rate,0.017528247601920642,0.007683187060316476,-0.009845060541604167,-0.5616682719911718
WorldCup_far_1920x1080_30p,27,veryfast,l1d_miss_rate,0.01461173140395119,0.007961214977769013,-0.006650516426182177,-0.45514910193214997
Aerial3200,32,veryfast,l1d_miss_rate,0.014601564538117307,0.006906701654989342,-0.007694862883127965,-0.5269889307437272
Boat,32,veryfast,l1d_miss_rate,0.014454162791520318,0.006177687120604378,-0.00827647567091594,-0.5726015259611866
BoxingPractice,32,veryfast,l1d_miss_rate,0.0177388390892802,0.00686366647013493,-0.01087517261914527,-0.6130712705837256
Crosswalk,32,veryfast,l1d_miss_rate,0.017726444021368654,0.006644168337879534,-0.01108227568348912,-0.6251832386760591
CrowdRun,32,veryfast,l1d_miss_rate,0.013900963953885714,0.006931846215552643,-0.006969117738333071,-0.5013406092881066
DinnerSceneCropped,32,veryfast,l1d_miss_rate,0.016641055729944558,0.007058638025057494,-0.009582417704887065,-0.5758299149040221
FoodMarket,32,veryfast,l1d_miss_rate,0.01644506473719966,0.006641492818114497,-0.009803571919085164,-0.5961406705142932
FoodMarket2,32,veryfast,l1d_miss_rate,0.016903827174889592,0.007577322389520031,-0.00932650478536956,-0.5517392415857136
MeridianTalk_sdr,32,veryfast,l1d_miss_rate,0.018398963683244993,0.008221804713442587,-0.010177158969802405,-0.5531376193252792
Motorcycle,32,veryfast,l1d_miss_rate,0.014999623784697744,0.007196246919028431,-0.007803376865669313,-0.5202381724820412
MountainBike,32,veryfast,l1d_miss_rate,0.015237980144464295,0.007803299729026427,-0.007434680415437867,-0.4879045874159879
Neon1224,32,veryfast,l1d_miss_rate,0.018347324157566663,0.006971951354680316,-0.011375372802886346,-0.6200017345959957
NocturneDance_3840x2160p_8bit,32,veryfast,l1d_miss_rate,0.017443084559380515,0.0066070564432782865,-0.01083602811610223,-0.62122201375644
OldTownCross,32,veryfast,l1d_miss_rate,0.015189992087523408,0.0075660584703667565,-0.007623933617156652,-0.5019050420321625
PedestrianArea,32,veryfast,l1d_miss_rate,0.017770323961697088,0.007604998790399202,-0.010165325171297885,-0.5720393839306847
PierSeaSide,32,veryfast,l1d_miss_rate,0.017631132528794325,0.007688771010963261,-0.009942361517831063,-0.5639094086323537
RitualDance,32,veryfast,l1d_miss_rate,0.01863776303687328,0.006645700764664991,-0.011992062272208288,-0.643428197283278
Riverbed,32,veryfast,l1d_miss_rate,0.016163774479374896,0.006960303788952932,-0.009203470690421964,-0.5693887094357611
RushFieldCuts,32,veryfast,l1d_miss_rate,0.015440060298610201,0.006869233558166638,-0.008570826740443564,-0.5551031909645486
Skater227,32,veryfast,l1d_miss_rate,0.011551961971621193,0.006753929578238653,-0.00479803239338254,-0.4153435065982292
Tango,32,veryfast,l1d_miss_rate,0.017393142415536845,0.006576940482376012,-0.010816201933160833,-0.6218658868393442
TimeLapse,32,veryfast,l1d_miss_rate,0.017536779257250817,0.006641114157105628,-0.01089566510014519,-0.6213036578903296
ToddlerFountain,32,veryfast,l1d_miss_rate,0.01496423772709817,0.006878051847350001,-0.00808618587974817,-0.5403673763552421
TreesAndGrass_1920_1080,32,veryfast,l1d_miss_rate,0.013188416731190651,0.007123706682975704,-0.006064710048214947,-0.4598512597703928
TunnelFlag,32,veryfast,l1d_miss_rate,0.016489626471994957,0.006349980459029098,-0.01013964601296586,-0.614910594256726
Vertical_Carnaby,32,veryfast,l1d_miss_rate,0.018456518329786363,0.007083193349275047,-0.011373324980511315,-0.6162226687227506
Vertical_bees,32,veryfast,l1d_miss_rate,0.01779302561381821,0.007184047824322103,-0.010608977789496106,-0.5962436080155523
WalkingInStreet,32,veryfast,l1d_miss_rate,0.012429715016844731,0.0061638079650223054,-0.006265907051822426,-0.5041070566244582
WorldCup_1920x1080_30p,32,veryfast,l1d_miss_rate,0.01929618120895795,0.007808386054036751,-0.0114877951549212,-0.5953403437975681
WorldCup_far_1920x1080_30p,32,veryfast,l1d_miss_rate,0.016355996715834837,0.007983846327563531,-0.008372150388271306,-0.5118703881962706
Aerial3200,37,veryfast,l1d_miss_rate,0.015559434258355102,0.007107407123093817,-0.008452027135261286,-0.5432091549680039
Boat,37,veryfast,l1d_miss_rate,0.01574220295549451,0.0066574489625033555,-0.009084753992991156,-0.5770954687012404
BoxingPractice,37,veryfast,l1d_miss_rate,0.018591539502740197,0.007833738429356618,-0.01075780107338358,-0.5786396049556839
Crosswalk,37,veryfast,l1d_miss_rate,0.01893385086229546,0.007385667640775441,-0.011548183221520018,-0.6099225828654259
CrowdRun,37,veryfast,l1d_miss_rate,0.01515704317316993,0.006442457998816227,-0.008714585174353702,-0.574952850288091
DinnerSceneCropped,37,veryfast,l1d_miss_rate,0.018294414079113912,0.0078065819905022435,-0.010487832088611669,-0.5732805676780465
FoodMarket,37,veryfast,l1d_miss_rate,0.017221474497980612,0.0077203504537362395,-0.009501124044244372,-0.5517021231462191
FoodMarket2,37,veryfast,l1d_miss_rate,0.018027772716897893,0.007836611827664779,-0.010191160889233114,-0.5653033821355357
MeridianTalk_sdr,37,veryfast,l1d_miss_rate,0.01957960156377919,0.006659883142943548,-0.01291971842083564,-0.6598560434823231
Motorcycle,37,veryfast,l1d_miss_rate,0.016579743118360784,0.009627298955551653,-0.006952444162809131,-0.4193336478844378
MountainBike,37,veryfast,l1d_miss_rate,0.015945555903723853,0.007863336009594227,-0.008082219894129626,-0.5068634761264197
Neon1224,37,veryfast,l1d_miss_rate,0.01916912490668272,0.022116462773847413,0.002947337867164692,0.15375442966294167
NocturneDance_3840x2160p_8bit,37,veryfast,l1d_miss_rate,0.01861603575753903,0.007523857268621142,-0.01109217848891789,-0.5958399862025315
OldTownCross,37,veryfast,l1d_miss_rate,0.016739201267089714,0.007901264686936303,-0.00883793658015341,-0.5279783927043957
PedestrianArea,37,veryfast,l1d_miss_rate,0.018359529240343158,0.010296003835273978,-0.00806352540506918,-0.43920109821500325
PierSeaSide,37,veryfast,l1d_miss_rate,0.019196776938954677,0.005937569168237275,-0.013259207770717402,-0.6906996842689472
RitualDance,37,veryfast,l1d_miss_rate,0.019715815381287947,0.007906468023073362,-0.011809347358214584,-0.5989783901822645
Riverbed,37,veryfast,l1d_miss_rate,0.017290718853553804,0.007155920265703084,-0.01013479858785072,-0.5861409623098284
RushFieldCuts,37,veryfast,l1d_miss_rate,0.016559072537500608,0.007655935605279138,-0.00890313693222147,-0.5376591540413224
Skater227,37,veryfast,l1d_miss_rate,0.011980333956824256,0.006181991596983765,-0.005798342359840491,-0.48398837467611916
Tango,37,veryfast,l1d_miss_rate,0.018190906992071508,0.006643118320367193,-0.011547788671704315,-0.634811044701477
TimeLapse,37,veryfast,l1d_miss_rate,0.018840472298535943,0.0068255320708389446,-0.012014940227696998,-0.637719693928833
ToddlerFountain,37,veryfast,l1d_miss_rate,0.016708161936829617,0.006909322825703254,-0.009798839111126362,-0.5864702022983682
TreesAndGrass_1920_1080,37,veryfast,l1d_miss_rate,0.014176702383629235,0.008544216087281523,-0.005632486296347713,-0.39730581512749485
TunnelFlag,37,veryfast,l1d_miss_rate,0.017694156568751902,0.007494213158232162,-0.01019994341051974,-0.5764582997153401
Vertical_Carnaby,37,veryfast,l1d_miss_rate,0.019959191047807846,0.006388517920810048,-0.013570673126997798,-0.6799209995280991
Vertical_bees,37,veryfast,l1d_miss_rate,0.01865169831684222,0.007534329809211326,-0.011117368507630895,-0.5960512720491553
WalkingInStreet,37,veryfast,l1d_miss_rate,0.01376591851388857,0.00625709696349391,-0.007508821550394661,-0.5454646228523681
WorldCup_1920x1080_30p,37,veryfast,l1d_miss_rate,0.01949441988660884,0.0074760314553484865,-0.012018388431260355,-0.6165040304439148
WorldCup_far_1920x1080_30p,37,veryfast,l1d_miss_rate,0.017584170609715382,0.007772654054941043,-0.009811516554774339,-0.5579743720954007
Aerial3200,22,fast,llc_miss_rate,,,,
Boat,22,fast,llc_miss_rate,,,,
BoxingPractice,22,fast,llc_miss_rate,,,,
Crosswalk,22,fast,llc_miss_rate,,,,
CrowdRun,22,fast,llc_miss_rate,,,,
DinnerSceneCropped,22,fast,llc_miss_rate,,,,
FoodMarket,22,fast,llc_miss_rate,,,,
FoodMarket2,22,fast,llc_miss_rate,,,,
MeridianTalk_sdr,22,fast,llc_miss_rate,,,,
Motorcycle,22,fast,llc_miss_rate,,,,
MountainBike,22,fast,llc_miss_rate,,,,
Neon1224,22,fast,llc_miss_rate,,,,
NocturneDance_3840x2160p_8bit,22,fast,llc_miss_rate,,,,
OldTownCross,22,fast,llc_miss_rate,,,,
PedestrianArea,22,fast,llc_miss_rate,,,,
PierSeaSide,22,fast,llc_miss_rate,,,,
RitualDance,22,fast,llc_miss_rate,,,,
Riverbed,22,fast,llc_miss_rate,,,,
RushFieldCuts,22,fast,llc_miss_rate,,,,
Skater227,22,fast,llc_miss_rate,,,,
Tango,22,fast,llc_miss_rate,,,,
TimeLapse,22,fast,llc_miss_rate,,,,
ToddlerFountain,22,fast,llc_miss_rate,,,,
TreesAndGrass_1920_1080,22,fast,llc_miss_rate,,,,
TunnelFlag,22,fast,llc_miss_rate,,,,
Vertical_Carnaby,22,fast,llc_miss_rate,,,,
Vertical_bees,22,fast,llc_miss_rate,,,,
WalkingInStreet,22,fast,llc_miss_rate,,,,
WorldCup_1920x1080_30p,22,fast,llc_miss_rate,,,,
WorldCup_far_1920x1080_30p,22,fast,llc_miss_rate,,,,
Aerial3200,27,fast,llc_miss_rate,,,,
Boat,27,fast,llc_miss_rate,,,,
BoxingPractice,27,fast,llc_miss_rate,,,,
Crosswalk,27,fast,llc_miss_rate,,,,
CrowdRun,27,fast,llc_miss_rate,,,,
DinnerSceneCropped,27,fast,llc_miss_rate,,,,
FoodMarket,27,fast,llc_miss_rate,,,,
FoodMarket2,27,fast,llc_miss_rate,,,,
MeridianTalk_sdr,27,fast,llc_miss_rate,,,,
Motorcycle,27,fast,llc_miss_rate,,,,
MountainBike,27,fast,llc_miss_rate,,,,
Neon1224,27,fast,llc_miss_rate,,,,
NocturneDance_3840x2160p_8bit,27,fast,llc_miss_rate,,,,
OldTownCross,27,fast,llc_miss_rate,,,,
PedestrianArea,27,fast,llc_miss_rate,,,,
PierSeaSide,27,fast,llc_miss_rate,,,,
RitualDance,27,fast,llc_miss_rate,,,,
Riverbed,27,fast,llc_miss_rate,,,,
RushFieldCuts,27,fast,llc_miss_rate,,,,
Skater227,27,fast,llc_miss_rate,,,,
Tango,27,fast,llc_miss_rate,,,,
TimeLapse,27,fast,llc_miss_rate,,,,
ToddlerFountain,27,fast,llc_miss_rate,,,,
TreesAndGrass_1920_1080,27,fast,llc_miss_rate,,,,
TunnelFlag,27,fast,llc_miss_rate,,,,
Vertical_Carnaby,27,fast,llc_miss_rate,,,,
Vertical_bees,27,fast,llc_miss_rate,,,,
WalkingInStreet,27,fast,llc_miss_rate,,,,
WorldCup_1920x1080_30p,27,fast,llc_miss_rate,,,,
WorldCup_far_1920x1080_30p,27,fast,llc_miss_rate,,,,
Aerial3200,32,fast,llc_miss_rate,,,,
Boat,32,fast,llc_miss_rate,,,,
BoxingPractice,32,fast,llc_miss_rate,,,,
Crosswalk,32,fast,llc_miss_rate,,,,
CrowdRun,32,fast,llc_miss_rate,,,,
DinnerSceneCropped,32,fast,llc_miss_rate,,,,
FoodMarket,32,fast,llc_miss_rate,,,,
FoodMarket2,32,fast,llc_miss_rate,,,,
MeridianTalk_sdr,32,fast,llc_miss_rate,,,,
Motorcycle,32,fast,llc_miss_rate,,,,
MountainBike,32,fast,llc_miss_rate,,,,
Neon1224,32,fast,llc_miss_rate,,,,
NocturneDance_3840x2160p_8bit,32,fast,llc_miss_rate,,,,
OldTownCross,32,fast,llc_miss_rate,,,,
PedestrianArea,32,fast,llc_miss_rate,,,,
PierSeaSide,32,fast,llc_miss_rate,,,,
RitualDance,32,fast,llc_miss_rate,,,,
Riverbed,32,fast,llc_miss_rate,,,,
RushFieldCuts,32,fast,llc_miss_rate,,,,
Skater227,32,fast,llc_miss_rate,,,,
Tango,32,fast,llc_miss_rate,,,,
TimeLapse,32,fast,llc_miss_rate,,,,
ToddlerFountain,32,fast,llc_miss_rate,,,,
TreesAndGrass_1920_1080,32,fast,llc_miss_rate,,,,
TunnelFlag,32,fast,llc_miss_rate,,,,
Vertical_Carnaby,32,fast,llc_miss_rate,,,,
Vertical_bees,32,fast,llc_miss_rate,,,,
WalkingInStreet,32,fast,llc_miss_rate,,,,
WorldCup_1920x1080_30p,32,fast,llc_miss_rate,,,,
WorldCup_far_1920x1080_30p,32,fast,llc_miss_rate,,,,
Aerial3200,37,fast,llc_miss_rate,,,,
Boat,37,fast,llc_miss_rate,,,,
BoxingPractice,37,fast,llc_miss_rate,,,,
Crosswalk,37,fast,llc_miss_rate,,,,
CrowdRun,37,fast,llc_miss_rate,,,,
DinnerSceneCropped,37,fast,llc_miss_rate,,,,
FoodMarket,37,fast,llc_miss_rate,,,,
FoodMarket2,37,fast,llc_miss_rate,,,,
MeridianTalk_sdr,37,fast,llc_miss_rate,,,,
Motorcycle,37,fast,llc_miss_rate,,,,
MountainBike,37,fast,llc_miss_rate,,,,
Neon1224,37,fast,llc_miss_rate,,,,
NocturneDance_3840x2160p_8bit,37,fast,llc_miss_rate,,,,
OldTownCross,37,fast,llc_miss_rate,,,,
PedestrianArea,37,fast,llc_miss_rate,,,,
PierSeaSide,37,fast,llc_miss_rate,,,,
RitualDance,37,fast,llc_miss_rate,,,,
Riverbed,37,fast,llc_miss_rate,,,,
RushFieldCuts,37,fast,llc_miss_rate,,,,
Skater227,37,fast,llc_miss_rate,,,,
Tango,37,fast,llc_miss_rate,,,,
TimeLapse,37,fast,llc_miss_rate,,,,
ToddlerFountain,37,fast,llc_miss_rate,,,,
TreesAndGrass_1920_1080,37,fast,llc_miss_rate,,,,
TunnelFlag,37,fast,llc_miss_rate,,,,
Vertical_Carnaby,37,fast,llc_miss_rate,,,,
Vertical_bees,37,fast,llc_miss_rate,,,,
WalkingInStreet,37,fast,llc_miss_rate,,,,
WorldCup_1920x1080_30p,37,fast,llc_miss_rate,,,,
WorldCup_far_1920x1080_30p,37,fast,llc_miss_rate,,,,
Aerial3200,22,faster,llc_miss_rate,,,,
Boat,22,faster,llc_miss_rate,,,,
BoxingPractice,22,faster,llc_miss_rate,,,,
Crosswalk,22,faster,llc_miss_rate,,,,
CrowdRun,22,faster,llc_miss_rate,,,,
DinnerSceneCropped,22,faster,llc_miss_rate,,,,
FoodMarket,22,faster,llc_miss_rate,,,,
FoodMarket2,22,faster,llc_miss_rate,,,,
MeridianTalk_sdr,22,faster,llc_miss_rate,,,,
Motorcycle,22,faster,llc_miss_rate,,,,
MountainBike,22,faster,llc_miss_rate,,,,
Neon1224,22,faster,llc_miss_rate,,,,
NocturneDance_3840x2160p_8bit,22,faster,llc_miss_rate,,,,
OldTownCross,22,faster,llc_miss_rate,,,,
PedestrianArea,22,faster,llc_miss_rate,,,,
PierSeaSide,22,faster,llc_miss_rate,,,,
RitualDance,22,faster,llc_miss_rate,,,,
Riverbed,22,faster,llc_miss_rate,,,,
RushFieldCuts,22,faster,llc_miss_rate,,,,
Skater227,22,faster,llc_miss_rate,,,,
Tango,22,faster,llc_miss_rate,,,,
TimeLapse,22,faster,llc_miss_rate,,,,
ToddlerFountain,22,faster,llc_miss_rate,,,,
TreesAndGrass_1920_1080,22,faster,llc_miss_rate,,,,
TunnelFlag,22,faster,llc_miss_rate,,,,
Vertical_Carnaby,22,faster,llc_miss_rate,,,,
Vertical_bees,22,faster,llc_miss_rate,,,,
WalkingInStreet,22,faster,llc_miss_rate,,,,
WorldCup_1920x1080_30p,22,faster,llc_miss_rate,,,,
WorldCup_far_1920x1080_30p,22,faster,llc_miss_rate,,,,
Aerial3200,27,faster,llc_miss_rate,,,,
Boat,27,faster,llc_miss_rate,,,,
BoxingPractice,27,faster,llc_miss_rate,,,,
Crosswalk,27,faster,llc_miss_rate,,,,
CrowdRun,27,faster,llc_miss_rate,,,,
DinnerSceneCropped,27,faster,llc_miss_rate,,,,
FoodMarket,27,faster,llc_miss_rate,,,,
FoodMarket2,27,faster,llc_miss_rate,,,,
MeridianTalk_sdr,27,faster,llc_miss_rate,,,,
Motorcycle,27,faster,llc_miss_rate,,,,
MountainBike,27,faster,llc_miss_rate,,,,
Neon1224,27,faster,llc_miss_rate,,,,
NocturneDance_3840x2160p_8bit,27,faster,llc_miss_rate,,,,
OldTownCross,27,faster,llc_miss_rate,,,,
PedestrianArea,27,faster,llc_miss_rate,,,,
PierSeaSide,27,faster,llc_miss_rate,,,,
RitualDance,27,faster,llc_miss_rate,,,,
Riverbed,27,faster,llc_miss_rate,,,,
RushFieldCuts,27,faster,llc_miss_rate,,,,
Skater227,27,faster,llc_miss_rate,,,,
Tango,27,faster,llc_miss_rate,,,,
TimeLapse,27,faster,llc_miss_rate,,,,
ToddlerFountain,27,faster,llc_miss_rate,,,,
TreesAndGrass_1920_1080,27,faster,llc_miss_rate,,,,
TunnelFlag,27,faster,llc_miss_rate,,,,
Vertical_Carnaby,27,faster,llc_miss_rate,,,,
Vertical_bees,27,faster,llc_miss_rate,,,,
WalkingInStreet,27,faster,llc_miss_rate,,,,
WorldCup_1920x1080_30p,27,faster,llc_miss_rate,,,,
WorldCup_far_1920x1080_30p,27,faster,llc_miss_rate,,,,
Aerial3200,32,faster,llc_miss_rate,,,,
Boat,32,faster,llc_miss_rate,,,,
BoxingPractice,32,faster,llc_miss_rate,,,,
Crosswalk,32,faster,llc_miss_rate,,,,
CrowdRun,32,faster,llc_miss_rate,,,,
DinnerSceneCropped,32,faster,llc_miss_rate,,,,
FoodMarket,32,faster,llc_miss_rate,,,,
FoodMarket2,32,faster,llc_miss_rate,,,,
MeridianTalk_sdr,32,faster,llc_miss_rate,,,,
Motorcycle,32,faster,llc_miss_rate,,,,
MountainBike,32,faster,llc_miss_rate,,,,
Neon1224,32,faster,llc_miss_rate,,,,
NocturneDance_3840x2160p_8bit,32,faster,llc_miss_rate,,,,
OldTownCross,32,faster,llc_miss_rate,,,,
PedestrianArea,32,faster,llc_miss_rate,,,,
PierSeaSide,32,faster,llc_miss_rate,,,,
RitualDance,32,faster,llc_miss_rate,,,,
Riverbed,32,faster,llc_miss_rate,,,,
RushFieldCuts,32,faster,llc_miss_rate,,,,
Skater227,32,faster,llc_miss_rate,,,,
Tango,32,faster,llc_miss_rate,,,,
TimeLapse,32,faster,llc_miss_rate,,,,
ToddlerFountain,32,faster,llc_miss_rate,,,,
TreesAndGrass_1920_1080,32,faster,llc_miss_rate,,,,
TunnelFlag,32,faster,llc_miss_rate,,,,
Vertical_Carnaby,32,faster,llc_miss_rate,,,,
Vertical_bees,32,faster,llc_miss_rate,,,,
WalkingInStreet,32,faster,llc_miss_rate,,,,
WorldCup_1920x1080_30p,32,faster,llc_miss_rate,,,,
WorldCup_far_1920x1080_30p,32,faster,llc_miss_rate,,,,
Aerial3200,37,faster,llc_miss_rate,,,,
Boat,37,faster,llc_miss_rate,,,,
BoxingPractice,37,faster,llc_miss_rate,,,,
Crosswalk,37,faster,llc_miss_rate,,,,
CrowdRun,37,faster,llc_miss_rate,,,,
DinnerSceneCropped,37,faster,llc_miss_rate,,,,
FoodMarket,37,faster,llc_miss_rate,,,,
FoodMarket2,37,faster,llc_miss_rate,,,,
MeridianTalk_sdr,37,faster,llc_miss_rate,,,,
Motorcycle,37,faster,llc_miss_rate,,,,
MountainBike,37,faster,llc_miss_rate,,,,
Neon1224,37,faster,llc_miss_rate,,,,
NocturneDance_3840x2160p_8bit,37,faster,llc_miss_rate,,,,
OldTownCross,37,faster,llc_miss_rate,,,,
PedestrianArea,37,faster,llc_miss_rate,,,,
PierSeaSide,37,faster,llc_miss_rate,,,,
RitualDance,37,faster,llc_miss_rate,,,,
Riverbed,37,faster,llc_miss_rate,,,,
RushFieldCuts,37,faster,llc_miss_rate,,,,
Skater227,37,faster,llc_miss_rate,,,,
Tango,37,faster,llc_miss_rate,,,,
TimeLapse,37,faster,llc_miss_rate,,,,
ToddlerFountain,37,faster,llc_miss_rate,,,,
TreesAndGrass_1920_1080,37,faster,llc_miss_rate,,,,
TunnelFlag,37,faster,llc_miss_rate,,,,
Vertical_Carnaby,37,faster,llc_miss_rate,,,,
Vertical_bees,37,faster,llc_miss_rate,,,,
WalkingInStreet,37,faster,llc_miss_rate,,,,
WorldCup_1920x1080_30p,37,faster,llc_miss_rate,,,,
WorldCup_far_1920x1080_30p,37,faster,llc_miss_rate,,,,
Aerial3200,22,superfast,llc_miss_rate,,,,
Boat,22,superfast,llc_miss_rate,,,,
BoxingPractice,22,superfast,llc_miss_rate,,,,
Crosswalk,22,superfast,llc_miss_rate,,,,
CrowdRun,22,superfast,llc_miss_rate,,,,
DinnerSceneCropped,22,superfast,llc_miss_rate,,,,
FoodMarket,22,superfast,llc_miss_rate,,,,
FoodMarket2,22,superfast,llc_miss_rate,,,,
MeridianTalk_sdr,22,superfast,llc_miss_rate,,,,
Motorcycle,22,superfast,llc_miss_rate,,,,
MountainBike,22,superfast,llc_miss_rate,,,,
Neon1224,22,superfast,llc_miss_rate,,,,
NocturneDance_3840x2160p_8bit,22,superfast,llc_miss_rate,,,,
OldTownCross,22,superfast,llc_miss_rate,,,,
PedestrianArea,22,superfast,llc_miss_rate,,,,
PierSeaSide,22,superfast,llc_miss_rate,,,,
RitualDance,22,superfast,llc_miss_rate,,,,
Riverbed,22,superfast,llc_miss_rate,,,,
RushFieldCuts,22,superfast,llc_miss_rate,,,,
Skater227,22,superfast,llc_miss_rate,,,,
Tango,22,superfast,llc_miss_rate,,,,
TimeLapse,22,superfast,llc_miss_rate,,,,
ToddlerFountain,22,superfast,llc_miss_rate,,,,
TreesAndGrass_1920_1080,22,superfast,llc_miss_rate,,,,
TunnelFlag,22,superfast,llc_miss_rate,,,,
Vertical_Carnaby,22,superfast,llc_miss_rate,,,,
Vertical_bees,22,superfast,llc_miss_rate,,,,
WalkingInStreet,22,superfast,llc_miss_rate,,,,
WorldCup_1920x1080_30p,22,superfast,llc_miss_rate,,,,
WorldCup_far_1920x1080_30p,22,superfast,llc_miss_rate,,,,
Aerial3200,27,superfast,llc_miss_rate,,,,
Boat,27,superfast,llc_miss_rate,,,,
BoxingPractice,27,superfast,llc_miss_rate,,,,
Crosswalk,27,superfast,llc_miss_rate,,,,
CrowdRun,27,superfast,llc_miss_rate,,,,
DinnerSceneCropped,27,superfast,llc_miss_rate,,,,
FoodMarket,27,superfast,llc_miss_rate,,,,
FoodMarket2,27,superfast,llc_miss_rate,,,,
MeridianTalk_sdr,27,superfast,llc_miss_rate,,,,
Motorcycle,27,superfast,llc_miss_rate,,,,
MountainBike,27,superfast,llc_miss_rate,,,,
Neon1224,27,superfast,llc_miss_rate,,,,
NocturneDance_3840x2160p_8bit,27,superfast,llc_miss_rate,,,,
OldTownCross,27,superfast,llc_miss_rate,,,,
PedestrianArea,27,superfast,llc_miss_rate,,,,
PierSeaSide,27,superfast,llc_miss_rate,,,,
RitualDance,27,superfast,llc_miss_rate,,,,
Riverbed,27,superfast,llc_miss_rate,,,,
RushFieldCuts,27,superfast,llc_miss_rate,,,,
Skater227,27,superfast,llc_miss_rate,,,,
Tango,27,superfast,llc_miss_rate,,,,
TimeLapse,27,superfast,llc_miss_rate,,,,
ToddlerFountain,27,superfast,llc_miss_rate,,,,
TreesAndGrass_1920_1080,27,superfast,llc_miss_rate,,,,
TunnelFlag,27,superfast,llc_miss_rate,,,,
Vertical_Carnaby,27,superfast,llc_miss_rate,,,,
Vertical_bees,27,superfast,llc_miss_rate,,,,
WalkingInStreet,27,superfast,llc_miss_rate,,,,
WorldCup_1920x1080_30p,27,superfast,llc_miss_rate,,,,
WorldCup_far_1920x1080_30p,27,superfast,llc_miss_rate,,,,
Aerial3200,32,superfast,llc_miss_rate,,,,
Boat,32,superfast,llc_miss_rate,,,,
BoxingPractice,32,superfast,llc_miss_rate,,,,
Crosswalk,32,superfast,llc_miss_rate,,,,
CrowdRun,32,superfast,llc_miss_rate,,,,
DinnerSceneCropped,32,superfast,llc_miss_rate,,,,
FoodMarket,32,superfast,llc_miss_rate,,,,
FoodMarket2,32,superfast,llc_miss_rate,,,,
MeridianTalk_sdr,32,superfast,llc_miss_rate,,,,
Motorcycle,32,superfast,llc_miss_rate,,,,
MountainBike,32,superfast,llc_miss_rate,,,,
Neon1224,32,superfast,llc_miss_rate,,,,
NocturneDance_3840x2160p_8bit,32,superfast,llc_miss_rate,,,,
OldTownCross,32,superfast,llc_miss_rate,,,,
PedestrianArea,32,superfast,llc_miss_rate,,,,
PierSeaSide,32,superfast,llc_miss_rate,,,,
RitualDance,32,superfast,llc_miss_rate,,,,
Riverbed,32,superfast,llc_miss_rate,,,,
RushFieldCuts,32,superfast,llc_miss_rate,,,,
Skater227,32,superfast,llc_miss_rate,,,,
Tango,32,superfast,llc_miss_rate,,,,
TimeLapse,32,superfast,llc_miss_rate,,,,
ToddlerFountain,32,superfast,llc_miss_rate,,,,
TreesAndGrass_1920_1080,32,superfast,llc_miss_rate,,,,
TunnelFlag,32,superfast,llc_miss_rate,,,,
Vertical_Carnaby,32,superfast,llc_miss_rate,,,,
Vertical_bees,32,superfast,llc_miss_rate,,,,
WalkingInStreet,32,superfast,llc_miss_rate,,,,
WorldCup_1920x1080_30p,32,superfast,llc_miss_rate,,,,
WorldCup_far_1920x1080_30p,32,superfast,llc_miss_rate,,,,
Aerial3200,37,superfast,llc_miss_rate,,,,
Boat,37,superfast,llc_miss_rate,,,,
BoxingPractice,37,superfast,llc_miss_rate,,,,
Crosswalk,37,superfast,llc_miss_rate,,,,
CrowdRun,37,superfast,llc_miss_rate,,,,
DinnerSceneCropped,37,superfast,llc_miss_rate,,,,
FoodMarket,37,superfast,llc_miss_rate,,,,
FoodMarket2,37,superfast,llc_miss_rate,,,,
MeridianTalk_sdr,37,superfast,llc_miss_rate,,,,
Motorcycle,37,superfast,llc_miss_rate,,,,
MountainBike,37,superfast,llc_miss_rate,,,,
Neon1224,37,superfast,llc_miss_rate,,,,
NocturneDance_3840x2160p_8bit,37,superfast,llc_miss_rate,,,,
OldTownCross,37,superfast,llc_miss_rate,,,,
PedestrianArea,37,superfast,llc_miss_rate,,,,
PierSeaSide,37,superfast,llc_miss_rate,,,,
RitualDance,37,superfast,llc_miss_rate,,,,
Riverbed,37,superfast,llc_miss_rate,,,,
RushFieldCuts,37,superfast,llc_miss_rate,,,,
Skater227,37,superfast,llc_miss_rate,,,,
Tango,37,superfast,llc_miss_rate,,,,
TimeLapse,37,superfast,llc_miss_rate,,,,
ToddlerFountain,37,superfast,llc_miss_rate,,,,
TreesAndGrass_1920_1080,37,superfast,llc_miss_rate,,,,
TunnelFlag,37,superfast,llc_miss_rate,,,,
Vertical_Carnaby,37,superfast,llc_miss_rate,,,,
Vertical_bees,37,superfast,llc_miss_rate,,,,
WalkingInStreet,37,superfast,llc_miss_rate,,,,
WorldCup_1920x1080_30p,37,superfast,llc_miss_rate,,,,
WorldCup_far_1920x1080_30p,37,superfast,llc_miss_rate,,,,
Aerial3200,22,veryfast,llc_miss_rate,,,,
Boat,22,veryfast,llc_miss_rate,,,,
BoxingPractice,22,veryfast,llc_miss_rate,,,,
Crosswalk,22,veryfast,llc_miss_rate,,,,
CrowdRun,22,veryfast,llc_miss_rate,,,,
DinnerSceneCropped,22,veryfast,llc_miss_rate,,,,
FoodMarket,22,veryfast,llc_miss_rate,,,,
FoodMarket2,22,veryfast,llc_miss_rate,,,,
MeridianTalk_sdr,22,veryfast,llc_miss_rate,,,,
Motorcycle,22,veryfast,llc_miss_rate,,,,
MountainBike,22,veryfast,llc_miss_rate,,,,
Neon1224,22,veryfast,llc_miss_rate,,,,
NocturneDance_3840x2160p_8bit,22,veryfast,llc_miss_rate,,,,
OldTownCross,22,veryfast,llc_miss_rate,,,,
PedestrianArea,22,veryfast,llc_miss_rate,,,,
PierSeaSide,22,veryfast,llc_miss_rate,,,,
RitualDance,22,veryfast,llc_miss_rate,,,,
Riverbed,22,veryfast,llc_miss_rate,,,,
RushFieldCuts,22,veryfast,llc_miss_rate,,,,
Skater227,22,veryfast,llc_miss_rate,,,,
Tango,22,veryfast,llc_miss_rate,,,,
TimeLapse,22,veryfast,llc_miss_rate,,,,
ToddlerFountain,22,veryfast,llc_miss_rate,,,,
TreesAndGrass_1920_1080,22,veryfast,llc_miss_rate,,,,
TunnelFlag,22,veryfast,llc_miss_rate,,,,
Vertical_Carnaby,22,veryfast,llc_miss_rate,,,,
Vertical_bees,22,veryfast,llc_miss_rate,,,,
WalkingInStreet,22,veryfast,llc_miss_rate,,,,
WorldCup_1920x1080_30p,22,veryfast,llc_miss_rate,,,,
WorldCup_far_1920x1080_30p,22,veryfast,llc_miss_rate,,,,
Aerial3200,27,veryfast,llc_miss_rate,,,,
Boat,27,veryfast,llc_miss_rate,,,,
BoxingPractice,27,veryfast,llc_miss_rate,,,,
Crosswalk,27,veryfast,llc_miss_rate,,,,
CrowdRun,27,veryfast,llc_miss_rate,,,,
DinnerSceneCropped,27,veryfast,llc_miss_rate,,,,
FoodMarket,27,veryfast,llc_miss_rate,,,,
FoodMarket2,27,veryfast,llc_miss_rate,,,,
MeridianTalk_sdr,27,veryfast,llc_miss_rate,,,,
Motorcycle,27,veryfast,llc_miss_rate,,,,
MountainBike,27,veryfast,llc_miss_rate,,,,
Neon1224,27,veryfast,llc_miss_rate,,,,
NocturneDance_3840x2160p_8bit,27,veryfast,llc_miss_rate,,,,
OldTownCross,27,veryfast,llc_miss_rate,,,,
PedestrianArea,27,veryfast,llc_miss_rate,,,,
PierSeaSide,27,veryfast,llc_miss_rate,,,,
RitualDance,27,veryfast,llc_miss_rate,,,,
Riverbed,27,veryfast,llc_miss_rate,,,,
RushFieldCuts,27,veryfast,llc_miss_rate,,,,
Skater227,27,veryfast,llc_miss_rate,,,,
Tango,27,veryfast,llc_miss_rate,,,,
TimeLapse,27,veryfast,llc_miss_rate,,,,
ToddlerFountain,27,veryfast,llc_miss_rate,,,,
TreesAndGrass_1920_1080,27,veryfast,llc_miss_rate,,,,
TunnelFlag,27,veryfast,llc_miss_rate,,,,
Vertical_Carnaby,27,veryfast,llc_miss_rate,,,,
Vertical_bees,27,veryfast,llc_miss_rate,,,,
WalkingInStreet,27,veryfast,llc_miss_rate,,,,
WorldCup_1920x1080_30p,27,veryfast,llc_miss_rate,,,,
WorldCup_far_1920x1080_30p,27,veryfast,llc_miss_rate,,,,
Aerial3200,32,veryfast,llc_miss_rate,,,,
Boat,32,veryfast,llc_miss_rate,,,,
BoxingPractice,32,veryfast,llc_miss_rate,,,,
Crosswalk,32,veryfast,llc_miss_rate,,,,
CrowdRun,32,veryfast,llc_miss_rate,,,,
DinnerSceneCropped,32,veryfast,llc_miss_rate,,,,
FoodMarket,32,veryfast,llc_miss_rate,,,,
FoodMarket2,32,veryfast,llc_miss_rate,,,,
MeridianTalk_sdr,32,veryfast,llc_miss_rate,,,,
Motorcycle,32,veryfast,llc_miss_rate,,,,
MountainBike,32,veryfast,llc_miss_rate,,,,
Neon1224,32,veryfast,llc_miss_rate,,,,
NocturneDance_3840x2160p_8bit,32,veryfast,llc_miss_rate,,,,
OldTownCross,32,veryfast,llc_miss_rate,,,,
PedestrianArea,32,veryfast,llc_miss_rate,,,,
PierSeaSide,32,veryfast,llc_miss_rate,,,,
RitualDance,32,veryfast,llc_miss_rate,,,,
Riverbed,32,veryfast,llc_miss_rate,,,,
RushFieldCuts,32,veryfast,llc_miss_rate,,,,
Skater227,32,veryfast,llc_miss_rate,,,,
Tango,32,veryfast,llc_miss_rate,,,,
TimeLapse,32,veryfast,llc_miss_rate,,,,
ToddlerFountain,32,veryfast,llc_miss_rate,,,,
TreesAndGrass_1920_1080,32,veryfast,llc_miss_rate,,,,
TunnelFlag,32,veryfast,llc_miss_rate,,,,
Vertical_Carnaby,32,veryfast,llc_miss_rate,,,,
Vertical_bees,32,veryfast,llc_miss_rate,,,,
WalkingInStreet,32,veryfast,llc_miss_rate,,,,
WorldCup_1920x1080_30p,32,veryfast,llc_miss_rate,,,,
WorldCup_far_1920x1080_30p,32,veryfast,llc_miss_rate,,,,
Aerial3200,37,veryfast,llc_miss_rate,,,,
Boat,37,veryfast,llc_miss_rate,,,,
BoxingPractice,37,veryfast,llc_miss_rate,,,,
Crosswalk,37,veryfast,llc_miss_rate,,,,
CrowdRun,37,veryfast,llc_miss_rate,,,,
DinnerSceneCropped,37,veryfast,llc_miss_rate,,,,
FoodMarket,37,veryfast,llc_miss_rate,,,,
FoodMarket2,37,veryfast,llc_miss_rate,,,,
MeridianTalk_sdr,37,veryfast,llc_miss_rate,,,,
Motorcycle,37,veryfast,llc_miss_rate,,,,
MountainBike,37,veryfast,llc_miss_rate,,,,
Neon1224,37,veryfast,llc_miss_rate,,,,
NocturneDance_3840x2160p_8bit,37,veryfast,llc_miss_rate,,,,
OldTownCross,37,veryfast,llc_miss_rate,,,,
PedestrianArea,37,veryfast,llc_miss_rate,,,,
PierSeaSide,37,veryfast,llc_miss_rate,,,,
RitualDance,37,veryfast,llc_miss_rate,,,,
Riverbed,37,veryfast,llc_miss_rate,,,,
RushFieldCuts,37,veryfast,llc_miss_rate,,,,
Skater227,37,veryfast,llc_miss_rate,,,,
Tango,37,veryfast,llc_miss_rate,,,,
TimeLapse,37,veryfast,llc_miss_rate,,,,
ToddlerFountain,37,veryfast,llc_miss_rate,,,,
TreesAndGrass_1920_1080,37,veryfast,llc_miss_rate,,,,
TunnelFlag,37,veryfast,llc_miss_rate,,,,
Vertical_Carnaby,37,veryfast,llc_miss_rate,,,,
Vertical_bees,37,veryfast,llc_miss_rate,,,,
WalkingInStreet,37,veryfast,llc_miss_rate,,,,
WorldCup_1920x1080_30p,37,veryfast,llc_miss_rate,,,,
WorldCup_far_1920x1080_30p,37,veryfast,llc_miss_rate,,,,
