vendor,config,config_id,preset,qp,sequence,branch-instructions,branch-misses,cache-misses,cache-references,cycles,dtlb-load-misses,dtlb-loads,dtlb-store-misses,dtlb-stores,instructions,l1-dcache-load-misses,l1-dcache-loads,l1-dcache-stores,l1-icache-load-misses,llc-load-misses,llc-loads,llc-store-misses,llc-stores,ipc,cache_miss_rate,l1d_miss_rate,llc_miss_rate
intel,A,dis_deblock_en_sao,fast,22,Aerial3200,130287133883.0,6519986952.0,204152368.0,2185307518.0,749447400124.0,33845578.0,334839024383.0,11621025.0,146532988096.0,1319902419215.0,4919576869.0,335316199407.0,146822095821.0,2921990154.0,113954117.0,544684671.0,90412248.0,404561355.0,1.7611675202243884,0.09342042999368842,0.014671456009880146,0.20921116944743245
intel,A,dis_deblock_en_sao,fast,22,Boat,133411332113.0,7045195880.0,211818249.0,2349353001.0,774726909673.0,37036158.0,344127081528.0,12715056.0,151512945714.0,1345989302287.0,4973816864.0,344425902436.0,151763181663.0,2959219881.0,111583158.0,599828960.0,97183967.0,411024537.0,1.7373725960482267,0.09016024791073958,0.01444089085292944,0.18602495951512577
intel,A,dis_deblock_en_sao,fast,22,BoxingPractice,409854496352.0,17368089928.0,669291616.0,8807520697.0,2339792568176.0,114824647.0,1121548264228.0,32235809.0,508973062086.0,4169443774226.0,20112070837.0,1122568445277.0,509772938027.0,10794904338.0,387121105.0,2182106188.0,291730286.0,1576054031.0,1.7819715435186274,0.07599092173896028,0.017916119878140024,0.17740708822003487
intel,A,dis_deblock_en_sao,fast,22,Crosswalk,408504391339.0,16432100304.0,715153103.0,9365383351.0,2312799176792.0,117870318.0,1124410446953.0,31678493.0,512213580549.0,4148976039276.0,20547668072.0,1125522545135.0,513074417761.0,10918212985.0,401601705.0,2545432553.0,301431730.0,1576357990.0,1.7939197146510983,0.07636132726202165,0.018256114158544397,0.15777346153866054
intel,A,dis_deblock_en_sao,fast,22,CrowdRun,160181546178.0,8783959228.0,203669885.0,1994416381.0,1076306138381.0,32847904.0,476585443645.0,15415162.0,196084036327.0,1918333215173.0,4936160700.0,476926433027.0,196270302571.0,13526972082.0,109018840.0,696472259.0,126453735.0,549632188.0,1.782330460419554,0.10212004220396544,0.010349941538510933,0.1565300535537913
intel,A,dis_deblock_en_sao,fast,22,DinnerSceneCropped,140410347172.0,7271233832.0,229595857.0,1976257830.0,958013307303.0,33883226.0,435962704420.0,14103567.0,182118018122.0,1694107323531.0,4864152087.0,436687748337.0,182484168237.0,13531560777.0,128316052.0,673587380.0,137565139.0,537838942.0,1.7683546884126824,0.11617707644958451,0.011138741825305902,0.19049652028813246
intel,A,dis_deblock_en_sao,fast,22,FoodMarket,129703373039.0,6383271733.0,205370095.0,2314075738.0,747859010077.0,33984864.0,343803747569.0,12257250.0,153638729249.0,1308579609216.0,5035721763.0,344172663286.0,153890574628.0,3047820418.0,108382927.0,568122451.0,94487580.0,405294304.0,1.7497677925699764,0.0887482166756981,0.014631382152554703,0.1907738847659094
intel,A,dis_deblock_en_sao,fast,22,FoodMarket2,420725441863.0,18392810125.0,657891442.0,9268947935.0,2437857645542.0,125037071.0,1155020092096.0,32643210.0,526560381976.0,4297490201398.0,20557906783.0,1156014340240.0,527453352927.0,11438425614.0,373714278.0,2399641851.0,281716954.0,1626883984.0,1.762814251790553,0.07097800598445157,0.017783435782234305,0.15573752301588775
intel,A,dis_deblock_en_sao,fast,22,MeridianTalk_sdr,106299287944.0,4605610063.0,187823048.0,2046177198.0,731211674536.0,27931303.0,343692274442.0,10873339.0,145258099974.0,1292959684063.0,4595974734.0,343803174542.0,145384383025.0,12085454725.0,108604810.0,672636289.0,103089332.0,532972804.0,1.768242670473587,0.09179217136403647,0.013368040420576576,0.16146141945665973
intel,A,dis_deblock_en_sao,fast,22,Motorcycle,117318376619.0,5664443073.0,474188150.0,618400331.0,601689900077.0,10647590.0,310245925152.0,6380141.0,136971766303.0,1201296494404.0,4677937318.0,310889748300.0,137349364489.0,8962680996.0,74978668.0,92830665.0,92131874.0,110680331.0,1.9965375756685737,0.766798021005587,0.015046933337557081,0.8076928889823206
intel,A,dis_deblock_en_sao,fast,22,MountainBike,122596282108.0,6075640654.0,209294180.0,2252495006.0,710531550022.0,37067991.0,320233332763.0,12685962.0,142767929921.0,1240430371299.0,4967808979.0,320398480136.0,142874338813.0,2845447291.0,110830941.0,547569090.0,93467766.0,396585859.0,1.7457780323204408,0.09291660112120133,0.015505095332822138,0.20240540056780779
intel,A,dis_deblock_en_sao,fast,22,Neon1224,350328083200.0,13358467487.0,668080820.0,7679820282.0,2413529791858.0,89699794.0,1149666314218.0,37061581.0,493806262805.0,4233333169253.0,18029458147.0,1150588854765.0,494088282600.0,44807762407.0,409177589.0,2485766055.0,369393425.0,2029572745.0,1.7540007931677803,0.08699172577851216,0.01566976602661634,0.16460824548511263
intel,A,dis_deblock_en_sao,fast,22,NocturneDance_3840x2160p_8bit,364065713685.0,14555271758.0,852485867.0,8633796464.0,2161939482494.0,169272298.0,1007035122380.0,48098084.0,461645858038.0,3718769086565.0,19538397129.0,1008034067920.0,462428041745.0,10870586087.0,436392005.0,2201514789.0,314383888.0,1566081498.0,1.7201078553202844,0.09873823995673012,0.019382675398378117,0.19822351736198127
intel,A,dis_deblock_en_sao,fast,22,OldTownCross,160695213337.0,8811813388.0,251406287.0,2438675833.0,912486940236.0,39275943.0,407344695589.0,14695620.0,177205392542.0,1597630404618.0,5387104540.0,407544505500.0,177429010694.0,3118537819.0,132911243.0,622000910.0,114506172.0,423940240.0,1.7508528990067505,0.10309131029142404,0.013218444776701817,0.2136833577944444
intel,A,dis_deblock_en_sao,fast,22,PedestrianArea,106243019084.0,4633179951.0,191289620.0,2161890755.0,608589105649.0,33939352.0,289121592301.0,10984717.0,130671759027.0,1078729797502.0,4895017892.0,289381074660.0,130849953808.0,2698446705.0,105386505.0,542227159.0,83559856.0,390713873.0,1.772509214327196,0.08848255609474587,0.016915473473001857,0.19435858800278205
intel,A,dis_deblock_en_sao,fast,22,PierSeaSide,387857719234.0,15746158831.0,626174778.0,9392196287.0,2207000521454.0,111616898.0,1053917272942.0,31546524.0,479998318527.0,3905400057860.0,19412905099.0,1054882375559.0,480853982785.0,11045372290.0,352738616.0,2439126035.0,266990296.0,1616281112.0,1.7695510353967079,0.06666968607403424,0.01840290969759806,0.14461680574862135
intel,A,dis_deblock_en_sao,fast,22,RitualDance,80816457665.0,2909456988.0,381377445.0,524164763.0,390431966202.0,8185871.0,225894384113.0,4759716.0,101662757399.0,828342060759.0,4221664038.0,226608123402.0,101963774853.0,7451764793.0,64443927.0,78499731.0,66010752.0,81694403.0,2.12160410126469,0.7275907728272837,0.018629800091106267,0.8209445583960027
intel,A,dis_deblock_en_sao,fast,22,Riverbed,120829346612.0,5730489169.0,209030590.0,2311537359.0,704678424752.0,33995057.0,325669312516.0,11775731.0,146795999694.0,1231922219477.0,5037338907.0,326101302149.0,147096975022.0,2949995056.0,112671783.0,570902404.0,94222456.0,408131888.0,1.7482048211005676,0.09042925012054716,0.015447159743932496,0.19735734551224626
intel,A,dis_deblock_en_sao,fast,22,RushFieldCuts,123855959426.0,6214551159.0,207600977.0,1957315236.0,858227510043.0,31420750.0,388332089937.0,13153010.0,163668340583.0,1499237927085.0,4709453036.0,388575186248.0,163764671307.0,13042213439.0,109859960.0,653208636.0,128060301.0,543666965.0,1.7469003376620766,0.10606415010811268,0.012119798697064227,0.16818510035743006
intel,A,dis_deblock_en_sao,fast,22,Skater227,,,14472.0,28021.0,2524206.0,,,,,623555.0,43038.0,806518.0,302263.0,8070.0,5609.0,17379.0,,,0.24703015522504898,0.5164697905142571,0.05336272718029852,0.3227458426836987
intel,A,dis_deblock_en_sao,fast,22,Tango,470502363300.0,21026964651.0,612979119.0,9404547550.0,2660621929174.0,116327191.0,1267896619795.0,33474997.0,569933830287.0,4757875275821.0,20905353003.0,1268874154736.0,570763331958.0,11304371275.0,351157195.0,2509393038.0,271232134.0,1644933230.0,1.7882568070459,0.06517901214716065,0.01647551329260823,0.1399371041851117
intel,A,dis_deblock_en_sao,fast,22,TimeLapse,393083118544.0,16455382208.0,589150851.0,8906549347.0,2240638004873.0,116568106.0,1071704883035.0,29660612.0,485575804049.0,3990335226941.0,19528101958.0,1072327219552.0,486250219346.0,10694156723.0,336447981.0,2218092654.0,251638088.0,1548233191.0,1.7808924146884553,0.06614804769463767,0.01821095427024459,0.15168346569890404
intel,A,dis_deblock_en_sao,fast,22,ToddlerFountain,133407762205.0,7003772611.0,208611581.0,2331998505.0,772771193230.0,35554084.0,345838479246.0,12765796.0,153308557003.0,1340225861157.0,5004797921.0,346079383400.0,153545946897.0,2967926505.0,108114562.0,579506513.0,99993840.0,420518645.0,1.7343113626624387,0.08945613839490862,0.014461415967143681,0.18656315256977965
intel,A,dis_deblock_en_sao,fast,22,TreesAndGrass_1920_1080,147501439727.0,7718975537.0,220671747.0,2345515499.0,847848050760.0,36014476.0,371430914638.0,13957465.0,161974882609.0,1483725800996.0,5028662509.0,371724219421.0,162175403220.0,2999460109.0,116418770.0,589829482.0,105239133.0,420990420.0,1.7499902248592862,0.09408240836356972,0.013527938848947417,0.19737699378004303
intel,A,dis_deblock_en_sao,fast,22,TunnelFlag,110929362468.0,5247923467.0,199112386.0,2297900095.0,651441833908.0,33836256.0,297041621008.0,13268729.0,133409316479.0,1123461898813.0,4889710014.0,297466157708.0,133721417419.0,2954207232.0,106649737.0,584745851.0,92709518.0,408119971.0,1.7245774531754452,0.08664971398593375,0.016437869946872605,0.18238647921590811
intel,A,dis_deblock_en_sao,fast,22,Vertical_Carnaby,79968556231.0,2955239084.0,171891764.0,1809975341.0,563328838114.0,26458315.0,268668596189.0,11337255.0,115252986730.0,981628707526.0,4258290359.0,269255271725.0,115511576516.0,11245362824.0,100470154.0,613693551.0,101256998.0,498561959.0,1.74255007219664,0.0949691192505589,0.015815067730035548,0.16371388266389
intel,A,dis_deblock_en_sao,fast,22,Vertical_bees,89867645445.0,3558048437.0,175412896.0,2163777445.0,519577006294.0,25307426.0,247535485923.0,9598853.0,112910886733.0,916069192928.0,4582834984.0,247704076569.0,113038718707.0,2652322928.0,96132420.0,536092479.0,77300364.0,375873768.0,1.7631057222144408,0.0810679011398975,0.01850124974718942,0.17932059069233836
intel,A,dis_deblock_en_sao,fast,22,WalkingInStreet,141252310812.0,6988092013.0,223586381.0,2225486278.0,801131547298.0,35091555.0,351756557820.0,15524488.0,151605609407.0,1420040913157.0,4783230759.0,352258382357.0,151829648624.0,2885116167.0,118058537.0,525976663.0,102765484.0,404077738.0,1.7725439947364623,0.1004663040209498,0.013578756386135857,0.22445584624730774
intel,A,dis_deblock_en_sao,fast,22,WorldCup_1920x1080_30p,77729100304.0,2732451335.0,368690219.0,482810670.0,378953290750.0,8103375.0,220001454099.0,4377768.0,99055611042.0,805689086743.0,4252256961.0,220171801685.0,99154701193.0,7698542095.0,62254440.0,76520910.0,65779860.0,82858554.0,2.1260907515763536,0.7636331214469638,0.019313358606583543,0.8135611560291167
intel,A,dis_deblock_en_sao,fast,22,WorldCup_far_1920x1080_30p,105050406147.0,4933714386.0,446890532.0,565148223.0,537814073703.0,10350662.0,285410834882.0,5867041.0,127340608412.0,1081297969887.0,4584005273.0,286079232310.0,127790423910.0,8811305586.0,69705448.0,84102412.0,83570014.0,97843780.0,2.0105423468039088,0.7907492473881493,0.016023551363675007,0.8288162769933399
intel,A,dis_deblock_en_sao,fast,27,Aerial3200,113781241016.0,5277338409.0,195140380.0,2163124870.0,653614371264.0,28386978.0,301586195391.0,9727497.0,134320495270.0,1158623347634.0,4892844944.0,301898809687.0,134607426713.0,2800512264.0,112250771.0,525188056.0,83130325.0,388374996.0,1.7726405638746625,0.09021225852763645,0.016206903727354078,0.21373443230018924
intel,A,dis_deblock_en_sao,fast,27,Boat,116598418066.0,5701548138.0,193640887.0,2270958294.0,677842659856.0,34651772.0,308817331730.0,11155343.0,138276087517.0,1179092276552.0,4891116413.0,309034364723.0,138521197545.0,2891035269.0,103663995.0,564169916.0,90163165.0,405525000.0,1.7394778263181088,0.08526835896176964,0.015827095531540984,0.18374605249245513
intel,A,dis_deblock_en_sao,fast,27,BoxingPractice,327570839560.0,10987366456.0,1436405529.0,1797790330.0,1563227390249.0,26725238.0,922961742574.0,14236111.0,418580986393.0,3355907390091.0,18496623170.0,924092228238.0,419482768629.0,31086706931.0,252313886.0,294130083.0,250863658.0,295486475.0,2.14678133905807,0.7989838998633395,0.02001599256523148,0.8578309414205687
intel,A,dis_deblock_en_sao,fast,27,Crosswalk,321930726514.0,9708538033.0,1475969943.0,2003861543.0,1493162602401.0,24981812.0,900945581991.0,14347070.0,410727303589.0,3247474396409.0,18494280655.0,902463925420.0,411790095045.0,30170294123.0,267864987.0,323092987.0,244404886.0,304524209.0,2.1748966865276915,0.7365628369664261,0.020493096880734484,0.8290646896647126
intel,A,dis_deblock_en_sao,fast,27,CrowdRun,134322451553.0,6995214923.0,183192070.0,1984654595.0,921407980686.0,28360332.0,414917578224.0,13151863.0,172992036316.0,1619645164661.0,4763888709.0,415392670505.0,173328172805.0,13293294674.0,101229233.0,694418851.0,110211504.0,541228415.0,1.75779372287958,0.0923042581119764,0.011468398571425101,0.14577546801073232
intel,A,dis_deblock_en_sao,fast,27,DinnerSceneCropped,102773767134.0,4088869783.0,178979076.0,2267317169.0,586487979712.0,31678902.0,281740081692.0,9767432.0,128451900523.0,1039044700161.0,4906062426.0,281962269048.0,128672574668.0,2954885221.0,96971757.0,553996719.0,79478128.0,397098334.0,1.7716385264557883,0.07893870273074265,0.01739971253091602,0.17504030921887104
intel,A,dis_deblock_en_sao,fast,27,FoodMarket,99732594623.0,4074181059.0,175734977.0,2262926621.0,562483275253.0,28063781.0,272597959004.0,9787551.0,124638782661.0,1006675226314.0,4825371521.0,272837725990.0,124798740579.0,2662519518.0,94990557.0,561945979.0,77008217.0,387682049.0,1.789698059664452,0.0776582746294892,0.01768586621769769,0.16903859187503859
intel,A,dis_deblock_en_sao,fast,27,FoodMarket2,353362325923.0,13047913910.0,679908126.0,8942355025.0,2013988265823.0,98352912.0,985278561539.0,29003788.0,453723715222.0,3600376866902.0,19728538788.0,986260341569.0,454421392585.0,10676895920.0,386024765.0,2260363435.0,286252227.0,1571297870.0,1.7876851260753175,0.07603233422282962,0.020003378374329337,0.17077995468458815
intel,A,dis_deblock_en_sao,fast,27,MeridianTalk_sdr,82875105292.0,2805372567.0,168286525.0,1860431658.0,557594331159.0,24703243.0,272430049807.0,9594627.0,116947585249.0,990700584092.0,4154519884.0,272762227283.0,117199440894.0,10392308183.0,99346129.0,610059312.0,94848952.0,498409252.0,1.7767407750232278,0.09045563392579078,0.015231287430753913,0.16284667252157278
intel,A,dis_deblock_en_sao,fast,27,Motorcycle,105883891615.0,4833118352.0,188409130.0,2213039947.0,612325376018.0,33142522.0,281098961005.0,10394686.0,125915961865.0,1071676090494.0,4720950422.0,281485204017.0,126158871834.0,2835788761.0,102974993.0,533109911.0,84402545.0,397070936.0,1.7501742251206274,0.08513589203638537,0.016771575751153452,0.19315902945199606
intel,A,dis_deblock_en_sao,fast,27,MountainBike,108965113119.0,5109279329.0,195215756.0,2249252155.0,629607194123.0,35710263.0,289962830883.0,11647433.0,130349992562.0,1103439094438.0,4816597215.0,290290754017.0,130499751387.0,2749578360.0,104868701.0,559028053.0,87641035.0,390211309.0,1.7525833642593864,0.08679140556386396,0.016592320452334938,0.18759112434023056
intel,A,dis_deblock_en_sao,fast,27,Neon1224,299369055150.0,9376888692.0,1348647581.0,1691272292.0,1418668674366.0,24916869.0,849838536891.0,13213677.0,383744604420.0,3089489080746.0,17501170097.0,850420841276.0,384398666934.0,29328515453.0,244443720.0,287694291.0,231976135.0,277755744.0,2.1777382813691055,0.7974159970451405,0.020579422854619434,0.8496648270298836
intel,A,dis_deblock_en_sao,fast,27,NocturneDance_3840x2160p_8bit,317751344771.0,11122412482.0,630768184.0,9085459048.0,1833247314867.0,97770528.0,890207237197.0,28422184.0,408110289161.0,3251970982751.0,19051909044.0,891043040117.0,409035382052.0,10569736939.0,363876712.0,2336361236.0,271622912.0,1598816692.0,1.7738855834554579,0.06942612152754706,0.02138158112036693,0.15574505619815035
intel,A,dis_deblock_en_sao,fast,27,OldTownCross,122045293808.0,5690110781.0,503599975.0,690971786.0,616993279601.0,11735138.0,329745685560.0,6733084.0,146656737499.0,1246208312910.0,4895988412.0,330385897983.0,147101644282.0,9150734842.0,82754302.0,99208440.0,94064537.0,114376759.0,2.0198085686053235,0.728828564644172,0.014818999363743797,0.8341457843707653
intel,A,dis_deblock_en_sao,fast,27,PedestrianArea,83812462322.0,2979141286.0,161564999.0,2175848722.0,471864069681.0,29026501.0,232762377249.0,10194601.0,106563907234.0,849675576574.0,4527727624.0,233079217921.0,106775088533.0,2583175906.0,87931359.0,530562905.0,71561868.0,386346085.0,1.8006786936509416,0.0742537830715972,0.019425702833508866,0.16573220285726534
intel,A,dis_deblock_en_sao,fast,27,PierSeaSide,321433683981.0,10382768119.0,607578757.0,8165855288.0,1776841567223.0,91106423.0,890977417497.0,25349567.0,407499020569.0,3249413098026.0,17892984776.0,891976994144.0,408260412498.0,9686556580.0,350524006.0,1996092195.0,256711555.0,1484196959.0,1.8287579252800017,0.07440479111757681,0.0200599173448092,0.17560511827961933
intel,A,dis_deblock_en_sao,fast,27,RitualDance,74642690443.0,2542173656.0,161002897.0,1744870873.0,507351219401.0,23632726.0,246387256718.0,9059114.0,105801129920.0,897167082969.0,3925836074.0,246769657594.0,105961971506.0,9531159576.0,94821360.0,567061320.0,90864072.0,479143408.0,1.7683353240546713,0.09227209846375836,0.01590890919198428,0.16721535512244073
intel,A,dis_deblock_en_sao,fast,27,Riverbed,98664963590.0,4010172785.0,182542645.0,2335166792.0,571764828187.0,36922638.0,272887513284.0,9503944.0,125550985522.0,1005634881699.0,4883046448.0,273251351600.0,125821005443.0,2871027743.0,100654240.0,596400940.0,79305842.0,392906793.0,1.7588260629597516,0.07817113776427838,0.017870163932978696,0.16876941877388724
intel,A,dis_deblock_en_sao,fast,27,RushFieldCuts,106964850689.0,4805803606.0,181693693.0,2253754362.0,620352201479.0,30606157.0,288783089308.0,10223646.0,131054768167.0,1084434000642.0,4825599549.0,288856703930.0,131201813772.0,2848899650.0,95550858.0,556475616.0,83805709.0,406169034.0,1.748094063431336,0.08061823243184477,0.016705859629864813,0.17170717863044693
intel,A,dis_deblock_en_sao,fast,27,Skater227,,,6985.0,28289.0,1684049.0,,,,,1265598.0,42970.0,806533.0,302263.0,7968.0,3097.0,16974.0,,,0.7515208880501696,0.24691576231043869,0.05327742324244637,0.182455520207376
intel,A,dis_deblock_en_sao,fast,27,Tango,365781989167.0,13301680460.0,691482316.0,8002537501.0,2489797326464.0,99126390.0,1204373272263.0,39287783.0,516994447356.0,4400238842252.0,18591791373.0,1205675169925.0,518000463249.0,46709231380.0,432741191.0,2668696620.0,368145456.0,2018071310.0,1.7673080437037827,0.08640788198913059,0.015420232444661291,0.16215450934246697
intel,A,dis_deblock_en_sao,fast,27,TimeLapse,332750004552.0,11765494984.0,617673538.0,8646567284.0,1868668891554.0,102030607.0,924076204741.0,27817225.0,422165389967.0,3384263789069.0,18671045715.0,925240230610.0,423023053353.0,10128704557.0,354353636.0,2153643769.0,262864992.0,1527248014.0,1.8110558828079057,0.0714356943874098,0.020179673448365295,0.16453679159972534
intel,A,dis_deblock_en_sao,fast,27,ToddlerFountain,112367361511.0,5291775062.0,184778731.0,2255192581.0,641340777493.0,32202989.0,298633144075.0,10315266.0,134216592148.0,1130503564833.0,4846124991.0,298967935051.0,134418369841.0,2774830589.0,100218184.0,553789517.0,85975231.0,411931393.0,1.7627189857662513,0.08193479020672603,0.01620951420818194,0.18096800485300626
intel,A,dis_deblock_en_sao,fast,27,TreesAndGrass_1920_1080,130598090929.0,6685167391.0,504380684.0,647581464.0,671378537499.0,11775050.0,339315753127.0,6894986.0,148468374717.0,1326863760625.0,4826309787.0,340013801021.0,148885108399.0,8962786046.0,80993260.0,96836341.0,97237445.0,115996129.0,1.976327342199223,0.7788683154772942,0.014194452614886407,0.8363932296863633
intel,A,dis_deblock_en_sao,fast,27,TunnelFlag,95273962731.0,4041463574.0,158851679.0,1850559487.0,659581780052.0,24684238.0,309875600774.0,10397240.0,131682567391.0,1159440297305.0,4399675140.0,310048855450.0,131923746629.0,11777585289.0,89340984.0,642210677.0,92114323.0,513906362.0,1.7578416086835997,0.08583981229239998,0.01419026409116841,0.13911475968812023
intel,A,dis_deblock_en_sao,fast,27,Vertical_Carnaby,70857895373.0,2159637761.0,150550342.0,2108159122.0,401370571105.0,24831955.0,200306866001.0,8597290.0,91572398304.0,726463658810.0,4225878693.0,200432766394.0,91709353552.0,2440706392.0,82516991.0,501091696.0,67051691.0,374468315.0,1.8099574585401141,0.07141317770035008,0.021083771725691765,0.16467443316003386
intel,A,dis_deblock_en_sao,fast,27,Vertical_bees,79073345657.0,2755211230.0,398183360.0,562482962.0,385260134444.0,6757034.0,224003536497.0,4876775.0,101310029926.0,819825402361.0,4328777541.0,224608087511.0,101589385290.0,7839312894.0,67514340.0,82605895.0,68966680.0,85209832.0,2.127978809809004,0.7079029711125722,0.019272580916250406,0.8173065614748197
intel,A,dis_deblock_en_sao,fast,27,WalkingInStreet,127874054233.0,6068576513.0,203685680.0,2171027433.0,727366990100.0,33084743.0,328055142641.0,12079124.0,143739730642.0,1289876631677.0,4686228160.0,328594129217.0,144038774020.0,2861735746.0,105766972.0,534147487.0,95816004.0,401521372.0,1.7733505221341774,0.09381994759897629,0.014261448222360862,0.19801080146240582
intel,A,dis_deblock_en_sao,fast,27,WorldCup_1920x1080_30p,71127803217.0,2242514199.0,147553714.0,1949870051.0,395792451008.0,28030346.0,199518053196.0,7709741.0,90723786550.0,725865084943.0,4271393963.0,199755684946.0,90870691980.0,2254011504.0,83275147.0,458623551.0,63642881.0,365851421.0,1.8339538389233412,0.07567361421050925,0.02138309087000296,0.18157625533713598
intel,A,dis_deblock_en_sao,fast,27,WorldCup_far_1920x1080_30p,95587716114.0,4298926484.0,182708164.0,2032349479.0,674394903402.0,29548431.0,310877455175.0,12061603.0,132199839858.0,1166058692070.0,4410552186.0,311399883472.0,132543174991.0,11975049730.0,103749298.0,658906152.0,111708527.0,540079965.0,1.7290443421025146,0.0898999733500067,0.014163628248102994,0.1574568664825579
intel,A,dis_deblock_en_sao,fast,32,Aerial3200,99375197415.0,4123243417.0,181078300.0,2131092314.0,576252430737.0,26555952.0,270781117842.0,9038595.0,122007622744.0,1018994006514.0,4789452296.0,271058140365.0,122168855932.0,2806335572.0,103837562.0,532615737.0,76478715.0,382400234.0,1.7683118580701762,0.0849697119221087,0.017669464896168198,0.19495774305294325
intel,A,dis_deblock_en_sao,fast,32,Boat,100972230536.0,4379793017.0,173758036.0,2197840689.0,578477683691.0,28884413.0,273541760961.0,10185424.0,124031351365.0,1023402949922.0,4670257868.0,273858087369.0,124245808365.0,2681758788.0,93890111.0,548912607.0,80261513.0,397212952.0,1.769131253935565,0.07905852178897395,0.0170535692879036,0.17104746694221945
intel,A,dis_deblock_en_sao,fast,32,BoxingPractice,279997975086.0,7435471569.0,1272734486.0,1635167435.0,1281112241106.0,22124886.0,796641011135.0,12671418.0,359570129842.0,2874170751628.0,16925201197.0,798243158022.0,360528980556.0,27222831138.0,240086660.0,280679319.0,219323006.0,274322403.0,2.2434964395833834,0.7783511698910516,0.02120306453855447,0.85537709317301
intel,A,dis_deblock_en_sao,fast,32,Crosswalk,285405115045.0,7214880856.0,576459646.0,8180987172.0,1498459722139.0,86631763.0,791739459909.0,22041413.0,363028047801.0,2847970610782.0,16791157748.0,792690298908.0,363582334148.0,8594073394.0,336356142.0,2029846301.0,234763327.0,1429612921.0,1.9005987072622943,0.07046333576624755,0.021182494312256987,0.1657052269594475
intel,A,dis_deblock_en_sao,fast,32,CrowdRun,109804824305.0,5022155354.0,193878803.0,2151489212.0,632789688123.0,38028195.0,293245961894.0,13173784.0,132625311936.0,1104312390939.0,4767671671.0,294112164542.0,133057223934.0,2671251007.0,104134588.0,529931198.0,86737951.0,393257571.0,1.7451491572415552,0.09011376953165035,0.01621038585202471,0.19650586414427332
intel,A,dis_deblock_en_sao,fast,32,DinnerSceneCropped,78619623416.0,2298404552.0,150056545.0,2177634208.0,419741624552.0,29466738.0,214770586095.0,9475124.0,98883642316.0,775208522893.0,4236270864.0,215239243508.0,99128635227.0,2437273333.0,84140660.0,541462147.0,66463679.0,377611018.0,1.846870735587394,0.06890805831793767,0.019681684412919554,0.1553952764125541
intel,A,dis_deblock_en_sao,fast,32,FoodMarket,80910577425.0,2653647177.0,366902043.0,478717268.0,383429986732.0,8335526.0,227308632130.0,4447994.0,103283437956.0,825909877448.0,4267392147.0,227740051778.0,103515612869.0,7623467285.0,64038275.0,78018600.0,64580942.0,79229937.0,2.154004397223301,0.7664274249660031,0.018737995858365022,0.8208077945515556
intel,A,dis_deblock_en_sao,fast,32,FoodMarket2,311038381173.0,10074870685.0,608957227.0,8608725488.0,1748993196985.0,94794340.0,873852674109.0,26140419.0,401751114046.0,3168789799819.0,18460598740.0,874422069383.0,402362974940.0,10063304452.0,349525396.0,2173215589.0,259150966.0,1544087156.0,1.8117793741459456,0.07073721050216394,0.021111771290294585,0.16083328215072915
intel,A,dis_deblock_en_sao,fast,32,MeridianTalk_sdr,70110729768.0,1805005333.0,139390339.0,1970509750.0,372487973701.0,24540298.0,195295211831.0,6982442.0,89237543607.0,704763958076.0,3992459942.0,195738476455.0,89494981165.0,2141377700.0,75972565.0,473841957.0,60542257.0,361200771.0,1.8920448654316055,0.07073821329734603,0.02039690925518091,0.16033313191807538
intel,A,dis_deblock_en_sao,fast,32,Motorcycle,93407923808.0,3921896991.0,175738368.0,2056914546.0,533137801061.0,28033094.0,252433994364.0,9257748.0,113614595615.0,947310554268.0,4515373262.0,252759581355.0,113857553270.0,2534498119.0,97382711.0,494427165.0,79511300.0,381385813.0,1.7768587265482825,0.08543785561814,0.017864301079285983,0.19696068075062179
intel,A,dis_deblock_en_sao,fast,32,MountainBike,95912868448.0,4068438155.0,168160995.0,2140292041.0,548098581637.0,29664851.0,259591142733.0,9879336.0,117413262516.0,971982044241.0,4592985037.0,260011876945.0,117701672348.0,2678046380.0,91290025.0,499443148.0,75312577.0,386859627.0,1.7733708438689841,0.07856918204556367,0.017664520140253243,0.182783616845215
intel,A,dis_deblock_en_sao,fast,32,Neon1224,267868082778.0,7080414385.0,1260062325.0,1672268062.0,1239162727642.0,18449530.0,767599082897.0,11485963.0,344838200177.0,2775602498259.0,16613395246.0,768643661842.0,345552560644.0,26716263331.0,234239365.0,279796933.0,207543951.0,259665729.0,2.2399015370166016,0.7535049874079339,0.0216139104122542,0.837176313866171
intel,A,dis_deblock_en_sao,fast,32,NocturneDance_3840x2160p_8bit,285568369220.0,9147673763.0,612450378.0,7071565239.0,1994621631691.0,78087451.0,974942437217.0,31020043.0,416060281802.0,3508300108026.0,17492250613.0,976215592583.0,416917581157.0,40960072542.0,382631213.0,2404285535.0,321914679.0,1904940819.0,1.758880006255489,0.08660747052467375,0.017918429848796713,0.15914549558690416
intel,A,dis_deblock_en_sao,fast,32,OldTownCross,91660889206.0,3393567834.0,410317923.0,565872787.0,439024465049.0,9037328.0,252092517019.0,5208038.0,113879051608.0,926346541303.0,4364075836.0,252457372416.0,114151294612.0,7709585975.0,70285876.0,85046497.0,73900050.0,90118613.0,2.1100112067777577,0.7251063002610868,0.017286386981834156,0.8264405763825875
intel,A,dis_deblock_en_sao,fast,32,PedestrianArea,72538120158.0,2169518544.0,157565573.0,2035384173.0,399661682974.0,30878817.0,203498217313.0,8712836.0,92985378168.0,736723140913.0,4189236726.0,203766491352.0,93135224714.0,2275191536.0,88574405.0,496702936.0,66994685.0,368986982.0,1.8433669583504395,0.0774131857219664,0.020559007019280855,0.1783247059365077
intel,A,dis_deblock_en_sao,fast,32,PierSeaSide,280813644165.0,7627588610.0,558961002.0,7764575532.0,1508677183434.0,88336406.0,786768026285.0,22328112.0,358496190216.0,2851097601267.0,16818092274.0,788251440979.0,359417909669.0,8401154352.0,322481395.0,1956588353.0,228103388.0,1410836170.0,1.889799642079446,0.07198861028479464,0.021335948657590916,0.16481821253077858
intel,A,dis_deblock_en_sao,fast,32,RitualDance,66769706973.0,1814541934.0,143601595.0,1984912566.0,361269051200.0,24515543.0,187294185933.0,7339643.0,84966100058.0,676507508079.0,3922054287.0,187206111355.0,84954942134.0,2103582592.0,81075489.0,488409917.0,62384324.0,364468877.0,1.8725863890967032,0.07234655947056964,0.020950460744107793,0.16599885910997994
intel,A,dis_deblock_en_sao,fast,32,Riverbed,83368758053.0,2847401158.0,380308374.0,502478705.0,403729762292.0,8989867.0,236710381833.0,4796850.0,108070965790.0,860367810154.0,4458629229.0,237137113233.0,108322798596.0,8186205544.0,66645803.0,84089951.0,66990808.0,81558710.0,2.1310487620967953,0.756864659568011,0.01880190396270514,0.7925537142957784
intel,A,dis_deblock_en_sao,fast,32,RushFieldCuts,91412593150.0,3688968404.0,176499995.0,2384913248.0,525791617007.0,32829294.0,251221915748.0,11424366.0,114665765668.0,930430311469.0,4702730127.0,251930838268.0,115041359247.0,2715124381.0,95367776.0,594405986.0,82094582.0,417955612.0,1.7695799654725437,0.07400688270234305,0.01866675060239077,0.1604421527477686
intel,A,dis_deblock_en_sao,fast,32,Skater227,,,18799.0,29025.0,3670804.0,,,,,1040951.0,41886.0,805019.0,297451.0,23897.0,1463.0,5037.0,,,0.2835757507074744,0.6476830318690784,0.05203107007412247,0.2904506650784197
intel,A,dis_deblock_en_sao,fast,32,Tango,295071730633.0,7887112092.0,1292416724.0,1679238829.0,1336496417415.0,21664353.0,830102626920.0,13051739.0,377072417906.0,2985452843321.0,17252021667.0,831181867601.0,377928369700.0,27827124021.0,249016577.0,300133798.0,223743628.0,278207744.0,2.2337903823905103,0.7696443779647737,0.020756013021306245,0.829685222588627
intel,A,dis_deblock_en_sao,fast,32,TimeLapse,292031383192.0,8834326419.0,591919579.0,8450912238.0,1605341688156.0,85097912.0,819225536039.0,24555560.0,373866008595.0,2973756224504.0,17774405452.0,819896668341.0,374474706890.0,9137881046.0,339939784.0,2119719264.0,249261815.0,1533755276.0,1.8524132565945197,0.07004209277412686,0.021678836051334603,0.16037019136134056
intel,A,dis_deblock_en_sao,fast,32,ToddlerFountain,94628948770.0,3834669658.0,166436273.0,2113906787.0,530253170555.0,29560042.0,257764362747.0,9384075.0,117039060373.0,956647874193.0,4594264100.0,258274794699.0,117282482088.0,2508154810.0,92490526.0,516008635.0,76541920.0,387681372.0,1.8041341896960381,0.07873396973960328,0.01778827897377393,0.1792422058983567
intel,A,dis_deblock_en_sao,fast,32,TreesAndGrass_1920_1080,117104558387.0,5658646166.0,191631320.0,2257616660.0,668797369851.0,31064455.0,307328396934.0,11275904.0,137067155126.0,1176985682016.0,4795690282.0,307496178163.0,137178926391.0,2816095986.0,101432020.0,566380660.0,86829064.0,399526321.0,1.759853933454042,0.08488213406433667,0.015595934592259754,0.17908807126288528
intel,A,dis_deblock_en_sao,fast,32,TunnelFlag,80181703838.0,2801018328.0,155808264.0,2110562985.0,450654538988.0,26400426.0,222364268517.0,9110002.0,101104435847.0,814064801047.0,4348016322.0,222641870057.0,101311189361.0,2536592610.0,84218412.0,512451432.0,68486129.0,377035479.0,1.806405418383408,0.07382308185415276,0.019529194220686504,0.16434418315763435
intel,A,dis_deblock_en_sao,fast,32,Vertical_Carnaby,65100028511.0,1677508436.0,135421187.0,1964206193.0,359642656381.0,22607997.0,184669670840.0,7762878.0,83974850085.0,666908928997.0,3984346120.0,184750967855.0,84091778455.0,2247296401.0,74135030.0,448292745.0,59884057.0,364850272.0,1.8543654851956348,0.06894448631849925,0.021566036520723808,0.16537191562178863
intel,A,dis_deblock_en_sao,fast,32,Vertical_bees,73006592808.0,2278172106.0,155395630.0,1976375881.0,412825969058.0,23748272.0,204877785081.0,9727771.0,93481295513.0,746064428370.0,4205522719.0,205339633749.0,93808279385.0,2298003455.0,82491090.0,470296649.0,67502361.0,363792541.0,1.8072129281798686,0.07862655656441904,0.0204808133832589,0.17540224914509225
intel,A,dis_deblock_en_sao,fast,32,WalkingInStreet,109185768086.0,4722554781.0,437922841.0,558633957.0,541909529348.0,10876000.0,293048834806.0,5655690.0,129447744831.0,1120682583548.0,4381289087.0,293662148362.0,129814672656.0,8803942541.0,69043322.0,82227371.0,82379744.0,101175956.0,2.068025238265052,0.7839173317564725,0.014919488641754214,0.839663498423171
intel,A,dis_deblock_en_sao,fast,32,WorldCup_1920x1080_30p,65120223533.0,1797207030.0,141298636.0,1938518619.0,356802694039.0,24111744.0,183813739818.0,6822763.0,83256856813.0,665863731507.0,3976724584.0,184145175597.0,83395134964.0,2096802078.0,80131115.0,478595384.0,60773672.0,352659873.0,1.8661959190090038,0.07289000715035175,0.021595594731751346,0.16742976986171684
intel,A,dis_deblock_en_sao,fast,32,WorldCup_far_1920x1080_30p,81624438345.0,3035756165.0,383398370.0,525795853.0,402288491852.0,9433533.0,230189842051.0,5499235.0,103821941211.0,844769559925.0,4323526463.0,230630801046.0,104121311621.0,8073441812.0,62417053.0,82620502.0,71294160.0,94992552.0,2.09990983345302,0.7291772421035051,0.018746526671160717,0.755466881573777
intel,A,dis_deblock_en_sao,fast,37,Aerial3200,88163419044.0,3244946507.0,170367046.0,2161192740.0,508690852998.0,24203821.0,244283118836.0,8036941.0,110706101854.0,906291556564.0,4748880199.0,244783304170.0,110994733653.0,2707689407.0,99305823.0,541790632.0,71262350.0,384411680.0,1.7816155946636674,0.07883010286255172,0.019400343561429913,0.18329187906667238
intel,A,dis_deblock_en_sao,fast,37,Boat,88463043456.0,3388848070.0,160373653.0,2142074526.0,497186489419.0,29109508.0,243467303877.0,8747523.0,111201573010.0,896619393462.0,4575679062.0,243880804077.0,111496607829.0,2462775864.0,88597592.0,528774092.0,73041983.0,387708325.0,1.8033864808148097,0.07486838158683187,0.018761948400643005,0.16755282329528354
intel,A,dis_deblock_en_sao,fast,37,BoxingPractice,261084152409.0,6070486375.0,525405379.0,7577349788.0,1381447194261.0,71155667.0,735255877019.0,19681907.0,334095503036.0,2646994279018.0,16405708738.0,735390822717.0,334442858462.0,8199107310.0,308055553.0,1815028851.0,216771086.0,1402844392.0,1.916102396106425,0.06933893692383943,0.022308829851026574,0.16972487948622697
intel,A,dis_deblock_en_sao,fast,37,Crosswalk,267886494081.0,6682537714.0,560770407.0,6654655658.0,1730490069706.0,142333279.0,896873798113.0,28324275.0,384632822557.0,3194078398389.0,15662962265.0,897947340638.0,385058467915.0,30846128828.0,351999591.0,2191362338.0,281480219.0,1817044031.0,1.8457652281885992,0.08426738148740438,0.01744307439439747,0.160630483099961
intel,A,dis_deblock_en_sao,fast,37,CrowdRun,93152825305.0,3704841600.0,170631653.0,2242821410.0,525295950066.0,30534209.0,254291828275.0,9510901.0,115976950897.0,939958817033.0,4632107467.0,254683027429.0,116248912420.0,2575890983.0,91476858.0,546838897.0,75135864.0,395985992.0,1.789389042338705,0.07607901914936686,0.018187735216440088,0.16728301242257826
intel,A,dis_deblock_en_sao,fast,37,DinnerSceneCropped,66663775190.0,1316458628.0,128129236.0,1822582271.0,336269499440.0,21307180.0,184539321989.0,6497644.0,84171317105.0,662698410489.0,3765816323.0,184644681766.0,84190752925.0,1875694106.0,71824932.0,421404441.0,54841258.0,342671630.0,1.970736006663144,0.07030093403119689,0.020394935218185244,0.17044180130033323
intel,A,dis_deblock_en_sao,fast,37,FoodMarket,71677738694.0,1955045219.0,339565376.0,459504874.0,329939470832.0,7347087.0,203470222682.0,4397212.0,92049372163.0,734593788229.0,4090064669.0,203832055432.0,92268898778.0,6972222390.0,62188413.0,80682453.0,59349653.0,79845379.0,2.2264501618329975,0.7389810102427771,0.02006585598291471,0.7707798993171415
intel,A,dis_deblock_en_sao,fast,37,FoodMarket2,283566920484.0,8002416099.0,609158633.0,8016000073.0,1577635923374.0,124419886.0,800661424925.0,32340692.0,366599893728.0,2894257576791.0,17716943455.0,801364013243.0,367113116336.0,8972610273.0,352198918.0,1971747042.0,245705811.0,1480813074.0,1.8345535455361692,0.07599284274607317,0.022108483987572872,0.1786227698065947
intel,A,dis_deblock_en_sao,fast,37,MeridianTalk_sdr,64214875883.0,1390995660.0,129742494.0,1889743573.0,335457989297.0,21241503.0,180359623985.0,6826431.0,81988147604.0,649446661508.0,3840054425.0,180732776247.0,82180645183.0,1944878610.0,73005962.0,451101356.0,55579863.0,355464286.0,1.9359999827966774,0.06865613718904284,0.021247139034438096,0.16183937607139448
intel,A,dis_deblock_en_sao,fast,37,Motorcycle,82957764177.0,3095584482.0,161732654.0,2005187722.0,466863826413.0,25367037.0,227966774599.0,8955680.0,103088930902.0,843154052959.0,4499648629.0,228307027591.0,103303710563.0,2376985379.0,89727600.0,472314496.0,70735370.0,374007313.0,1.8059956785195943,0.08065711365850863,0.019708760945637133,0.1899742666377955
intel,A,dis_deblock_en_sao,fast,37,MountainBike,84883055119.0,3196354767.0,170058009.0,2158388353.0,479828666824.0,28681232.0,233711704127.0,9391607.0,106232418135.0,862231685301.0,4537872395.0,233891814664.0,106348848388.0,2518822071.0,93469176.0,501054152.0,73885603.0,379404870.0,1.7969574244242987,0.07878934704388668,0.019401587017993483,0.1865450583073903
intel,A,dis_deblock_en_sao,fast,37,Neon1224,249701195828.0,5750279367.0,559212922.0,7342662829.0,1362067373811.0,120101109.0,706524887699.0,33831815.0,319697389246.0,2551763801411.0,15986557880.0,707727107675.0,320466164551.0,7754170517.0,322998157.0,1794206521.0,223857044.0,1393419575.0,1.8734490308444036,0.07615941723367399,0.02258859058333723,0.1800228419747227
intel,A,dis_deblock_en_sao,fast,37,NocturneDance_3840x2160p_8bit,254375142972.0,6212911401.0,582609881.0,7660918560.0,1378105982760.0,91868229.0,721233267911.0,21406584.0,327197795217.0,2611357847862.0,16748915458.0,722021613261.0,327776722139.0,8253682148.0,333753641.0,1868667191.0,230546502.0,1421636873.0,1.8948889857020332,0.07604961160166673,0.02319724943184702,0.17860518053051214
intel,A,dis_deblock_en_sao,fast,37,OldTownCross,76229224713.0,2224794344.0,358451637.0,494301916.0,352575701198.0,7726312.0,214122011817.0,4368798.0,96729767067.0,777453568386.0,4083390331.0,214351139712.0,96936851244.0,6879559065.0,63942923.0,77511173.0,62552803.0,76985207.0,2.205068488112845,0.7251674035590832,0.019050005222675286,0.8249510428644913
intel,A,dis_deblock_en_sao,fast,37,PedestrianArea,66747854634.0,1687584528.0,142289080.0,1899269424.0,357722160108.0,22574305.0,187898868449.0,7146001.0,85524406792.0,677170451631.0,4007201965.0,188001328840.0,85624013657.0,2086230427.0,82075620.0,452367884.0,59112399.0,351706599.0,1.8930067162362971,0.07491779639158767,0.021314753410122757,0.18143555920517115
intel,A,dis_deblock_en_sao,fast,37,PierSeaSide,260400996619.0,7212068436.0,548887166.0,6613401703.0,1743132702428.0,83777497.0,877105166152.0,28724529.0,373523536884.0,3146274738530.0,15715305089.0,878100760837.0,374268604597.0,32402081852.0,348780313.0,2208535379.0,284150470.0,1785070754.0,1.804954226461113,0.08299619328295323,0.01789692685611646,0.1579238061189329
intel,A,dis_deblock_en_sao,fast,37,RitualDance,61936647029.0,1427059660.0,127756114.0,1870488691.0,329923260285.0,20732571.0,174625899459.0,6549823.0,78898734871.0,628954107664.0,3799039607.0,174823714497.0,79016830428.0,1963456510.0,73006765.0,452126981.0,57129302.0,354694537.0,1.906364853210671,0.06830092831606432,0.02173068807015419,0.16147402846546777
intel,A,dis_deblock_en_sao,fast,37,Riverbed,76346353407.0,2358818758.0,155788206.0,2202247887.0,423681117295.0,26085855.0,214010193631.0,10310435.0,98547367295.0,775348826254.0,4437221454.0,214617552110.0,98879361230.0,2456499274.0,87052086.0,549173020.0,69023752.0,391375234.0,1.8300292238753264,0.07074054057203416,0.020675016606869826,0.1585148629479285
intel,A,dis_deblock_en_sao,fast,37,RushFieldCuts,80076323858.0,2795775199.0,160959600.0,2209871260.0,456573128967.0,28933346.0,222824888867.0,10182913.0,101898852095.0,815876876318.0,4445790397.0,223173043787.0,102086509136.0,2572866137.0,88111363.0,563814474.0,72873087.0,394269751.0,1.7869577172969582,0.07283664117157666,0.019920821625944822,0.1562772278173192
intel,A,dis_deblock_en_sao,fast,37,Skater227,,,13485.0,30687.0,3424966.0,,,,,1163385.0,43161.0,806512.0,302263.0,9743.0,3869.0,17622.0,,,0.33967782453898815,0.4394368951021605,0.05351563274941972,0.2195551015775735
intel,A,dis_deblock_en_sao,fast,37,Tango,277414690335.0,7160432627.0,567553596.0,6812301377.0,1808634073171.0,87850117.0,924756232050.0,32191325.0,397508774449.0,3302942240235.0,15972860222.0,926031203660.0,398364658225.0,33351093611.0,368417699.0,2257103861.0,298606859.0,1820613021.0,1.8262081253639626,0.0833130486440603,0.017248727860216435,0.16322585121837244
intel,A,dis_deblock_en_sao,fast,37,TimeLapse,265624691968.0,7013132225.0,551389753.0,7965751571.0,1433846558649.0,87463852.0,749322693210.0,21609177.0,340670368358.0,2708165244923.0,16976043335.0,750232846209.0,341354265212.0,8321408825.0,317833135.0,1990565564.0,228802564.0,1450713973.0,1.8887413221360936,0.06922005388761829,0.02262769941463055,0.15966976458756824
intel,A,dis_deblock_en_sao,fast,37,ToddlerFountain,78990933388.0,2619162669.0,368450122.0,495025631.0,377396557877.0,8118597.0,222877943509.0,4692364.0,100550461289.0,814388212158.0,4312455623.0,223465347161.0,100871214503.0,7495407730.0,61912435.0,78516924.0,65258654.0,82960700.0,2.1579110756580433,0.7443051408382528,0.01929809555614458,0.788523439863742
intel,A,dis_deblock_en_sao,fast,37,TreesAndGrass_1920_1080,101154996981.0,4367309957.0,422831653.0,538493529.0,501960594211.0,9844134.0,275323586007.0,5586470.0,123031024104.0,1031564673973.0,4587611438.0,275908923315.0,123401638013.0,8224668569.0,71431841.0,86104257.0,77787200.0,94666690.0,2.055071027227647,0.7852121339047697,0.016627267370988255,0.8295970894911735
intel,A,dis_deblock_en_sao,fast,37,TunnelFlag,73110375257.0,2339679630.0,149509491.0,1799373782.0,497281952264.0,24285128.0,243812263676.0,8501720.0,104418376605.0,883927688669.0,3989770934.0,244053740693.0,104483071417.0,9584093495.0,87226613.0,594437861.0,88070746.0,485641333.0,1.7775181356264769,0.08308973515987353,0.016347919612585703,0.14673798343406663
intel,A,dis_deblock_en_sao,fast,37,Vertical_Carnaby,61164611760.0,1408103872.0,132765071.0,1963939166.0,329113458053.0,23996911.0,173780102965.0,7672169.0,78661860347.0,626179687523.0,3887081796.0,173968944825.0,78779115564.0,2039740387.0,73769163.0,475085922.0,57546540.0,351626127.0,1.9026255906622962,0.06760141724267645,0.02234353838215274,0.15527541352825017
intel,A,dis_deblock_en_sao,fast,37,Vertical_bees,67530655340.0,1902307704.0,146291327.0,1952025205.0,374232620276.0,26066026.0,190548197737.0,8411314.0,86667984961.0,690525491617.0,4114848639.0,190945717077.0,86883540984.0,2211433517.0,80705780.0,453954406.0,64288066.0,355313973.0,1.8451771817959939,0.07494335965810442,0.021549834696426642,0.1777838896005781
intel,A,dis_deblock_en_sao,fast,37,WalkingInStreet,97268407566.0,3883640578.0,179558280.0,1840070937.0,666579096804.0,28036279.0,312695868802.0,11569272.0,132426320320.0,1187189947403.0,4275858386.0,313098600763.0,132548796290.0,11520285349.0,101483334.0,626177121.0,106486029.0,514009779.0,1.7810188664708153,0.09758225967785067,0.01365658733568283,0.16206809638450523
intel,A,dis_deblock_en_sao,fast,37,WorldCup_1920x1080_30p,59826108024.0,1366408454.0,311825002.0,429318830.0,271780826096.0,5950578.0,172817761587.0,3599386.0,76945636005.0,622587178163.0,3764104377.0,173274849555.0,77126589609.0,6122869140.0,58052137.0,70658986.0,51991521.0,64509034.0,2.290769319919155,0.7263250065225417,0.02172331637665175,0.8215818013578626
intel,A,dis_deblock_en_sao,fast,37,WorldCup_far_1920x1080_30p,74814442710.0,2493926952.0,152712308.0,2044161690.0,424486322986.0,24338111.0,209912737266.0,8224621.0,95790098099.0,764827546488.0,4322326117.0,210511324309.0,96079483905.0,2427050351.0,84582515.0,483656161.0,67664489.0,369085185.0,1.8017719419271485,0.07470656981151036,0.020532511166266067,0.17488150016556908
intel,A,dis_deblock_en_sao,faster,22,Aerial3200,130272854038.0,6559189304.0,224107062.0,2226316653.0,748685749525.0,30288365.0,334713868950.0,12024380.0,146509482915.0,1319644834146.0,4921109271.0,335232236915.0,146829175838.0,2830848133.0,126655107.0,579673227.0,97419191.0,400507446.0,1.7626151359007998,0.10066270748054275,0.014679701798033745,0.21849397401960743
intel,A,dis_deblock_en_sao,faster,22,Boat,133342576645.0,7091066924.0,221659603.0,2348707726.0,778691096741.0,36241013.0,344096795291.0,12698843.0,151559486770.0,1345975132765.0,4989226574.0,344378387897.0,151701419002.0,2980335077.0,118440287.0,597100221.0,103869761.0,420954744.0,1.72850972407186,0.09437513256598365,0.014487629739100312,0.19835914111979536
intel,A,dis_deblock_en_sao,faster,22,BoxingPractice,409800471188.0,17472389355.0,728459075.0,9181621747.0,2350779829926.0,105881828.0,1121432514493.0,33479286.0,508918350670.0,4168861062028.0,20158650677.0,1122449151048.0,509784053386.0,11072043182.0,402451998.0,2360392415.0,299994834.0,1594436478.0,1.77339494280042,0.07933882434636523,0.017959522405249645,0.17050215694749213
intel,A,dis_deblock_en_sao,faster,22,Crosswalk,408580629123.0,16552534467.0,798510455.0,8877264711.0,2334967775092.0,110556994.0,1124419078438.0,33855562.0,512233934034.0,4149418717856.0,20785566334.0,1125355502251.0,513048852230.0,10922398300.0,452954806.0,2261184559.0,324573364.0,1569955530.0,1.777077509214237,0.08995005567543225,0.01847022233634041,0.20031748589346351
intel,A,dis_deblock_en_sao,faster,22,CrowdRun,158087518312.0,8703169529.0,230350837.0,2434367437.0,904761859128.0,40152247.0,398880761861.0,14878191.0,173692462395.0,1582785946586.0,5168465910.0,399485003912.0,174086665173.0,3042838246.0,122170616.0,645348500.0,110162177.0,414818429.0,1.749395081830121,0.09462451456542384,0.012937822094414658,0.18930952190947992
intel,A,dis_deblock_en_sao,faster,22,DinnerSceneCropped,136846656406.0,6937655885.0,515260158.0,676646655.0,694928924551.0,12919100.0,362418612654.0,7065864.0,159984099189.0,1381444101115.0,4944537176.0,363044026176.0,160307026850.0,9427739373.0,84643611.0,102160882.0,99582724.0,119661271.0,1.9878926496081075,0.7614907340375457,0.013619662684114624,0.8285325003360875
intel,A,dis_deblock_en_sao,faster,22,FoodMarket,129500115470.0,6405867150.0,215338982.0,2398679900.0,746387717911.0,37092880.0,343460375054.0,13414647.0,153498655266.0,1307698977745.0,5068352760.0,344133171278.0,153927173352.0,2956470062.0,116103811.0,625641419.0,99632267.0,417948566.0,1.7520371066729308,0.08977395524930191,0.014727882061405958,0.1855756468067214
intel,A,dis_deblock_en_sao,faster,22,FoodMarket2,428603895012.0,18943879210.0,510401427.0,7736641349.0,2983318255434.0,106854564.0,1405430098595.0,39937537.0,595651971435.0,5282788854041.0,19639427704.0,1406354201769.0,596353556329.0,51442858211.0,326626208.0,2679611167.0,279181813.0,2083139064.0,1.770776163226502,0.06597196431575207,0.013964780479410025,0.12189313584839229
intel,A,dis_deblock_en_sao,faster,22,MeridianTalk_sdr,106281044993.0,4544299596.0,160482725.0,1846992048.0,724803556655.0,27661148.0,343432466360.0,11406792.0,145143359594.0,1292356693916.0,4572461591.0,343725524506.0,145389847623.0,12106573700.0,91126717.0,628424535.0,96644265.0,517867474.0,1.7830440842209474,0.0868886929826132,0.013302653614599936,0.14500821009478887
intel,A,dis_deblock_en_sao,faster,22,Motorcycle,118827300329.0,5747834005.0,199046652.0,2248529437.0,688674995000.0,35964178.0,310351427949.0,11309167.0,138215185519.0,1203679727688.0,4825358456.0,311067027509.0,138551558598.0,2837641988.0,106732269.0,548861031.0,90561287.0,405372542.0,1.7478197065772658,0.08852303586719733,0.015512278799334943,0.19446137177117243
intel,A,dis_deblock_en_sao,faster,22,MountainBike,122550088936.0,6087007528.0,209162517.0,2211442713.0,711598258349.0,36539410.0,320243629305.0,12508435.0,142776601374.0,1240842727131.0,4939581705.0,320500864033.0,142912496575.0,2833517779.0,111423334.0,535574959.0,93345618.0,395404997.0,1.7437405341743186,0.09458192869769357,0.015412069854798899,0.2080443309150307
intel,A,dis_deblock_en_sao,faster,22,Neon1224,343502181949.0,12706359725.0,708824618.0,8534669508.0,1942780839943.0,102445642.0,947733572493.0,29245973.0,433568716044.0,3481039431994.0,19170724884.0,948510769014.0,434346276544.0,10100521175.0,388566213.0,2124250369.0,286673388.0,1524073739.0,1.791781841999292,0.08305238033360061,0.020211394019203847,0.1829192164306504
intel,A,dis_deblock_en_sao,faster,22,NocturneDance_3840x2160p_8bit,364072862239.0,14586363412.0,651793031.0,9003584356.0,2111632354565.0,104886318.0,1007144719982.0,30042629.0,461678134097.0,3719089265876.0,19780805413.0,1008258038296.0,462501699787.0,11120441430.0,369770949.0,2316823267.0,282824274.0,1609009779.0,1.7612390044298876,0.07239261667667325,0.019618792671795032,0.15960257058312768
intel,A,dis_deblock_en_sao,faster,22,OldTownCross,160663600545.0,8822068833.0,251881082.0,2460909957.0,912945614705.0,44522641.0,407132647008.0,14778064.0,177111050056.0,1597329558514.0,5282104974.0,407644164797.0,177498435596.0,3101800572.0,135309554.0,598128953.0,114844147.0,422851604.0,1.7496437167619727,0.10235282330567612,0.012957636659978686,0.22622137470747047
intel,A,dis_deblock_en_sao,faster,22,PedestrianArea,106202726576.0,4630000674.0,184622423.0,2199563510.0,606931162563.0,32881673.0,289101421185.0,10105277.0,130655596139.0,1079021332291.0,4795865500.0,289382019603.0,130880542539.0,2732107356.0,98768856.0,529912936.0,83965753.0,390968300.0,1.7778314887217488,0.08393593645313747,0.016572783293790663,0.1863869501762833
intel,A,dis_deblock_en_sao,faster,22,PierSeaSide,387883539081.0,15570401085.0,709771086.0,8871441071.0,2188020689166.0,124036779.0,1054306581361.0,29785522.0,480182825083.0,3906811224711.0,19288239413.0,1055211982632.0,480969947178.0,10499999455.0,397444388.0,2233590575.0,300468615.0,1557571557.0,1.7855458332983796,0.08000628988228106,0.01827901855785377,0.17793967813461067
intel,A,dis_deblock_en_sao,faster,22,RitualDance,82296780356.0,3012276129.0,163605996.0,2064982801.0,460983017051.0,27807808.0,226307964367.0,8343023.0,102910157401.0,831091756104.0,4306730519.0,226744673851.0,103160016236.0,2436060838.0,89574975.0,488746872.0,69960602.0,371210364.0,1.8028684905154624,0.07922874511147078,0.018993745016608717,0.18327477909669362
intel,A,dis_deblock_en_sao,faster,22,Riverbed,120818146273.0,5727782757.0,199427064.0,2313981977.0,705058544426.0,35604849.0,325549679068.0,11622301.0,146764270784.0,1231637017471.0,5034950428.0,326130562091.0,147119832850.0,3011945734.0,108368943.0,561887696.0,89135571.0,405716573.0,1.74685779955152,0.08618349925894864,0.015438450158483157,0.19286584093487608
intel,A,dis_deblock_en_sao,faster,22,RushFieldCuts,121772420808.0,6014652157.0,198603538.0,2315951329.0,709120832264.0,36811769.0,322517471507.0,12034169.0,145107900512.0,1233851144607.0,4937778380.0,322985754940.0,145394355608.0,2903394095.0,103419601.0,568519378.0,93165695.0,407607713.0,1.7399730602578702,0.08575462511371283,0.015287913799533589,0.18191042381672345
intel,A,dis_deblock_en_sao,faster,22,Skater227,,,13645.0,27422.0,1899692.0,,,,,1008482.0,43491.0,806513.0,302263.0,8357.0,7353.0,17597.0,,,0.530866056181739,0.4975931733644519,0.05392473524915283,0.41785531624708755
intel,A,dis_deblock_en_sao,faster,22,Tango,470398634374.0,20991660385.0,600890786.0,9141199029.0,2658348657160.0,113637347.0,1267879797891.0,33345188.0,569975082437.0,4758684332406.0,20902762671.0,1269047203805.0,570801247633.0,11366313604.0,343707524.0,2235027028.0,257615035.0,1612106068.0,1.7900903704218605,0.0657343510510715,0.016471225505502857,0.153782267370415
intel,A,dis_deblock_en_sao,faster,22,TimeLapse,399994863296.0,17127973282.0,734586179.0,7614166819.0,2772786608131.0,99667341.0,1303255825763.0,41799628.0,551069911863.0,4894123863974.0,18970807654.0,1304302073568.0,551948732496.0,47446919752.0,445338056.0,2617468598.0,393330490.0,2021928692.0,1.7650560809917102,0.09647623915553721,0.014544796054877202,0.17014074451180866
intel,A,dis_deblock_en_sao,faster,22,ToddlerFountain,135350071577.0,7201562435.0,221579566.0,2201610508.0,934087335946.0,40492628.0,415443163093.0,14117396.0,173025733935.0,1630005992543.0,4838427966.0,416075887478.0,173424559789.0,13189680209.0,121750702.0,731607030.0,136163913.0,558975760.0,1.7450252560080006,0.10064430797129899,0.011628715125328745,0.16641543479974488
intel,A,dis_deblock_en_sao,faster,22,TreesAndGrass_1920_1080,147380794363.0,7696230720.0,220323231.0,2308302230.0,846714118874.0,33110630.0,371375520965.0,13015568.0,161960456513.0,1484179402572.0,5037283654.0,371910431246.0,162231720014.0,2977393829.0,116298342.0,551819894.0,103574521.0,416873159.0,1.7528695571366297,0.09544817317964467,0.013544346247895614,0.21075416682965764
intel,A,dis_deblock_en_sao,faster,22,TunnelFlag,112904169575.0,5393300677.0,167645448.0,1893150370.0,778146803424.0,46178905.0,358193091828.0,11997805.0,150746762499.0,1372551976478.0,4662319529.0,358272450906.0,150921404532.0,12384308901.0,94165867.0,664235641.0,99765386.0,526948346.0,1.7638727942317562,0.0885536884214855,0.013013335290530764,0.14176575478279702
intel,A,dis_deblock_en_sao,faster,22,Vertical_Carnaby,80027670471.0,2936066220.0,140671841.0,1797935177.0,560366003488.0,31887122.0,268887213650.0,9832241.0,115307166287.0,981734909756.0,4266538602.0,269058619962.0,115445310962.0,11248043600.0,77999329.0,602337364.0,86141067.0,515966940.0,1.751953015788231,0.07824077463945187,0.015857282708885433,0.129494422331735
intel,A,dis_deblock_en_sao,faster,22,Vertical_bees,88310868088.0,3447740993.0,408529131.0,556110345.0,438235811131.0,6733450.0,247203995410.0,4883535.0,111630555991.0,913951621601.0,4439217094.0,247662728568.0,111898338363.0,8257730644.0,66965523.0,82977528.0,74606061.0,88697037.0,2.0855247298076156,0.7346188300093572,0.017924445554112264,0.8070320316122216
intel,A,dis_deblock_en_sao,faster,22,WalkingInStreet,142901051810.0,7139674511.0,188255836.0,1881775812.0,942116499568.0,42928991.0,414205344667.0,14553220.0,170590111956.0,1696853337185.0,4553713982.0,414669149845.0,170927224218.0,11942277056.0,99093305.0,644614407.0,114364658.0,541020817.0,1.8011077589269253,0.10004158561264363,0.010981559596854847,0.15372493063128204
intel,A,dis_deblock_en_sao,faster,22,WorldCup_1920x1080_30p,79099884684.0,2851262241.0,159101312.0,2197604314.0,451795928598.0,27386508.0,219955572213.0,9383896.0,100225596599.0,807362223379.0,4380964969.0,220312180267.0,100359268925.0,2485745534.0,89261623.0,538925253.0,72092070.0,394431101.0,1.7870064165571014,0.07239761543351247,0.01988525992385276,0.1656289485473415
intel,A,dis_deblock_en_sao,faster,22,WorldCup_far_1920x1080_30p,106582023482.0,5027864034.0,192278656.0,2221058222.0,624260774743.0,36167675.0,285662194006.0,11687548.0,128617909974.0,1083642663978.0,4781486409.0,286301040361.0,128974013815.0,2824250295.0,103785648.0,523663522.0,86074885.0,398220174.0,1.7358813941563467,0.08657074096277337,0.01670090476433817,0.19819147914603072
intel,A,dis_deblock_en_sao,faster,27,Aerial3200,113732426852.0,5260959558.0,193056876.0,2160788626.0,657502751367.0,28049637.0,301539232029.0,9904870.0,134300306998.0,1158637885753.0,4905062119.0,301939404958.0,134631614500.0,2855508100.0,108996486.0,543650869.0,83237109.0,397180457.0,1.7621795244873129,0.08934556285469822,0.01624518707547396,0.20048985886933254
intel,A,dis_deblock_en_sao,faster,27,Boat,116404026102.0,5718915835.0,201289263.0,2336747266.0,675798700288.0,38124175.0,308689350120.0,12016701.0,138223015019.0,1178763668955.0,4910587876.0,309016600694.0,138534081759.0,2836298323.0,108036616.0,598358139.0,91994351.0,410083355.0,1.7442526427657454,0.0861407931994987,0.01589101642103251,0.18055510397260593
intel,A,dis_deblock_en_sao,faster,27,BoxingPractice,327585231588.0,11029806118.0,1448946625.0,1807403424.0,1564099088677.0,26323450.0,922893463823.0,14200480.0,418523279117.0,3355622883543.0,18564981690.0,924018638964.0,419454855345.0,31153933763.0,250449694.0,293918813.0,248493599.0,297049029.0,2.1454030040905963,0.8016730552569762,0.020091566238117083,0.8521050130942112
intel,A,dis_deblock_en_sao,faster,27,Crosswalk,327995574262.0,10146524567.0,615290716.0,8347170163.0,1752278835562.0,127836768.0,901753249300.0,25828308.0,415867906803.0,3255689761978.0,18860431853.0,902679947901.0,416607967822.0,9343590067.0,353294557.0,2114341247.0,259056988.0,1514197655.0,1.8579747103627022,0.07371249225604172,0.0208938194504665,0.16709438814632366
intel,A,dis_deblock_en_sao,faster,27,CrowdRun,132115232706.0,6814828674.0,228026885.0,2769304544.0,764376505909.0,33792181.0,343886403930.0,15270615.0,153049962853.0,1326087174332.0,5246049326.0,344859611107.0,153728125946.0,3104371162.0,120861223.0,739420189.0,105626962.0,455037577.0,1.7348612419150837,0.08234084817216838,0.015212130261239267,0.163454047912127
intel,A,dis_deblock_en_sao,faster,27,DinnerSceneCropped,101303876133.0,3970371343.0,427699259.0,556401073.0,498046196866.0,10095851.0,281436493850.0,5500301.0,127117437931.0,1036685137206.0,4756847501.0,281931008422.0,127448836518.0,8668858057.0,72232455.0,86798198.0,74785067.0,91170961.0,2.0815039723813444,0.7686887746170827,0.016872381394386585,0.8321884170913317
intel,A,dis_deblock_en_sao,faster,27,FoodMarket,101451131249.0,4349448717.0,159111420.0,1921135031.0,701424689534.0,27139455.0,331612435793.0,11364915.0,141262854815.0,1235018099935.0,4528410872.0,332240168347.0,141538623837.0,12371876427.0,92097519.0,670919095.0,92177877.0,534676464.0,1.76072801308933,0.08282157028659169,0.013629931908987036,0.13727067791981684
intel,A,dis_deblock_en_sao,faster,27,FoodMarket2,353393423288.0,13049571141.0,661481480.0,9020705585.0,2011129902880.0,96343748.0,984973979169.0,29229185.0,453551101838.0,3599375771625.0,19712215629.0,986250611076.0,454445511037.0,10656420147.0,375129284.0,2289961635.0,278807430.0,1557964583.0,1.7897281356468238,0.07332923946658215,0.019987025009286393,0.16381465884252686
intel,A,dis_deblock_en_sao,faster,27,MeridianTalk_sdr,81207159024.0,2581747674.0,157545124.0,2120622627.0,440241103042.0,28141135.0,223519366547.0,8973078.0,102462449066.0,811099907025.0,4384946847.0,223798279234.0,102634614158.0,2380114339.0,87716242.0,505460577.0,68182952.0,379844064.0,1.8423993157849672,0.07429191879503604,0.019593300100467562,0.17353725689273686
intel,A,dis_deblock_en_sao,faster,27,Motorcycle,107609566062.0,5032918879.0,196275739.0,1991961057.0,746561622592.0,29542698.0,339934615323.0,12666860.0,142959633229.0,1303365197965.0,4466258862.0,340446569531.0,143317798076.0,12160675570.0,110407129.0,650007412.0,116395399.0,533508072.0,1.7458239996851488,0.09853392379849121,0.013118824690032062,0.169855184666725
intel,A,dis_deblock_en_sao,faster,27,MountainBike,108961317706.0,5075851807.0,195554041.0,2167900354.0,627217187826.0,32824036.0,290022857723.0,11162660.0,130344206446.0,1103495894600.0,4824017817.0,290275109589.0,130487919489.0,2689296868.0,104824017.0,517984894.0,86906466.0,387737668.0,1.7593521287655263,0.09020434940156848,0.016618778729703413,0.20236886869523266
intel,A,dis_deblock_en_sao,faster,27,Neon1224,304547037253.0,9740026346.0,591905539.0,8231002946.0,1705271360056.0,90574419.0,849919272417.0,25170812.0,388338673404.0,3096633804235.0,17727418529.0,851036726773.0,389126498179.0,9676687408.0,343212350.0,2084853592.0,251335355.0,1496766180.0,1.815918496475135,0.07191171511943716,0.02083038013672998,0.16462179949564534
intel,A,dis_deblock_en_sao,faster,27,NocturneDance_3840x2160p_8bit,312324701178.0,10481748872.0,1398781901.0,1774554731.0,1516027436446.0,25639644.0,889845364706.0,13485906.0,403538372328.0,3246364758191.0,18475852255.0,891159710862.0,404440801848.0,31710448733.0,250535637.0,293864394.0,242441407.0,297290984.0,2.141362801323308,0.7882438769368112,0.0207323693270746,0.8525552673795519
intel,A,dis_deblock_en_sao,faster,27,OldTownCross,123567640984.0,5794981013.0,208181709.0,2402046948.0,705313294875.0,37383083.0,329838044591.0,13337123.0,147984571900.0,1247776428365.0,5102274040.0,330431699237.0,148329093894.0,2876156327.0,110891892.0,622345582.0,95313969.0,418522731.0,1.7691094687023285,0.08666845965410332,0.015441236575612036,0.17818378599817875
intel,A,dis_deblock_en_sao,faster,27,PedestrianArea,83874982147.0,3001312912.0,164650394.0,2175086469.0,471128854909.0,31003291.0,232916087075.0,9679925.0,106591533676.0,849886903162.0,4606268210.0,233081577085.0,106753240995.0,2525932037.0,92761559.0,542963727.0,71006970.0,375095091.0,1.8039372759839944,0.07569832112269924,0.01976247229664226,0.1708430128703607
intel,A,dis_deblock_en_sao,faster,27,PierSeaSide,321645298556.0,10388164660.0,614395126.0,8247086068.0,1780593577741.0,90290216.0,890992036371.0,26162093.0,407533805227.0,3249406437669.0,17892300295.0,892094146730.0,408268704421.0,9679306932.0,352607536.0,2029655674.0,255826209.0,1498439502.0,1.8249006838446822,0.07449844962622015,0.0200565157394932,0.17372776107638443
intel,A,dis_deblock_en_sao,faster,27,RitualDance,73208562011.0,2299800024.0,154221753.0,1993773826.0,401454660891.0,26722604.0,203487026524.0,9171869.0,92549157845.0,739809999711.0,4209838567.0,203601138799.0,92631103704.0,2212356553.0,86890668.0,470108463.0,66257239.0,362291449.0,1.842823291848311,0.07735167900634282,0.020676891061773752,0.18483110779479842
intel,A,dis_deblock_en_sao,faster,27,Riverbed,98716979332.0,3976603128.0,178143375.0,2241070998.0,570524530720.0,31473812.0,272919659092.0,9854606.0,125595178672.0,1005637973153.0,4872021918.0,273198392833.0,125786616650.0,2807098142.0,97062315.0,574938864.0,80232737.0,399635416.0,1.7626550989558474,0.07949028618860383,0.017833274447475088,0.16882197582663327
intel,A,dis_deblock_en_sao,faster,27,RushFieldCuts,106874094887.0,4832554383.0,186790513.0,2501016815.0,620686633485.0,35773751.0,288364242528.0,13970588.0,130876068853.0,1083750816345.0,4943839742.0,288916219761.0,131259787518.0,2949619892.0,99825755.0,604419460.0,86057894.0,430443920.0,1.746051482146491,0.07468582853170462,0.01711167253292214,0.1651597302972343
intel,A,dis_deblock_en_sao,faster,27,Skater227,,,12576.0,25489.0,2211149.0,,,,,563464.0,43100.0,805286.0,302263.0,9477.0,6281.0,17620.0,,,0.2548285981632174,0.4933893051904743,0.05352135762946332,0.3564699205448354
intel,A,dis_deblock_en_sao,faster,27,Tango,358733605343.0,12667996373.0,646881350.0,9160416647.0,1969184618471.0,122156542.0,986654002615.0,28758881.0,454338508703.0,3588748553537.0,19659505177.0,987648766992.0,455090177404.0,10222605249.0,372414535.0,2352899147.0,276346653.0,1569383008.0,1.822454085754302,0.07061702266696036,0.019905360927929192,0.15827900463767733
intel,A,dis_deblock_en_sao,faster,27,TimeLapse,339527648705.0,12800044548.0,677606323.0,7445575249.0,2365283749163.0,86887690.0,1127983105606.0,36178572.0,481840679552.0,4139439038297.0,17919886841.0,1128912384328.0,482501276478.0,43903417892.0,419260965.0,2585551480.0,357490412.0,1967504137.0,1.750081375970988,0.09100792085756006,0.0158735851335948,0.16215533445885982
intel,A,dis_deblock_en_sao,faster,27,ToddlerFountain,110713481640.0,5178896901.0,449935195.0,574655903.0,558411234937.0,9812234.0,298200398705.0,5718017.0,132877118319.0,1128043413629.0,4703594060.0,299014365555.0,133268266887.0,8570031304.0,70315806.0,83724662.0,85033627.0,100109871.0,2.0200944090178736,0.7829645404338603,0.015730328043837186,0.8398458031398204
intel,A,dis_deblock_en_sao,faster,27,TreesAndGrass_1920_1080,134039646110.0,6953519545.0,185488940.0,1966384362.0,914721101011.0,31414764.0,407223728176.0,13855448.0,169310218835.0,1608664527149.0,4688717716.0,407767086008.0,169587126197.0,12849697029.0,100836551.0,682244461.0,114944988.0,545915190.0,1.758639355067917,0.09432995073828807,0.011498519318717185,0.14780120142301895
intel,A,dis_deblock_en_sao,faster,27,TunnelFlag,93465046542.0,3823639019.0,174972906.0,2181746541.0,533541900943.0,30239276.0,255817098352.0,10569704.0,116109734073.0,948714940763.0,4665987485.0,256087906661.0,116231224220.0,2604853908.0,95848841.0,526213934.0,77160491.0,387790387.0,1.7781451449009142,0.08019854859941772,0.018220257043128036,0.18214804817388208
intel,A,dis_deblock_en_sao,faster,27,Vertical_Carnaby,70803304268.0,2130216307.0,144508128.0,2048419472.0,401262411408.0,26141766.0,200090975951.0,8858906.0,91504202796.0,726297497031.0,4223632544.0,200553147770.0,91771322001.0,2461279741.0,77782228.0,484829373.0,63923055.0,373626641.0,1.810031232385999,0.07054616008844501,0.021059916490783682,0.16043216919532638
intel,A,dis_deblock_en_sao,faster,27,Vertical_bees,79117966526.0,2769594003.0,395569586.0,564102079.0,385832360693.0,6602199.0,224089099884.0,4747589.0,101282278415.0,819975685049.0,4313771998.0,224549050944.0,101608094237.0,7839164511.0,68316309.0,83491634.0,68915555.0,85690117.0,2.1252123164999115,0.7012375963960948,0.019210822668209834,0.8182413701473371
intel,A,dis_deblock_en_sao,faster,27,WalkingInStreet,127779706625.0,6043888357.0,206868510.0,2134877192.0,724153380743.0,32439281.0,328111697741.0,12450043.0,143777761458.0,1290275140322.0,4814843135.0,328658553614.0,144092092510.0,2777285217.0,110185990.0,505353936.0,94753595.0,396211100.0,1.7817705124819614,0.0968994894765825,0.014649985774156648,0.21803726487647263
intel,A,dis_deblock_en_sao,faster,27,WorldCup_1920x1080_30p,71076399766.0,2226146860.0,141880635.0,2031099812.0,396128181865.0,23674362.0,199505797492.0,7307204.0,90724055203.0,725971058145.0,4181451739.0,199811152834.0,90855772346.0,2276545990.0,76768700.0,502368545.0,61301998.0,364979479.0,1.8326670289578388,0.06985409292135762,0.020927018735905523,0.15281350865627943
intel,A,dis_deblock_en_sao,faster,27,WorldCup_far_1920x1080_30p,95705167740.0,4207911438.0,161427088.0,1832540720.0,666759613183.0,25988605.0,311157650878.0,10607012.0,132318075615.0,1166373247710.0,4370484610.0,311362850485.0,132455524905.0,11910410667.0,87776757.0,614366036.0,95332628.0,518611980.0,1.749315982325215,0.08808922292324288,0.014036628336335679,0.1428737134811274
intel,A,dis_deblock_en_sao,faster,32,Aerial3200,99418311776.0,4117475910.0,180095045.0,2108494293.0,576306605060.0,26671040.0,270785470225.0,8934505.0,121989786989.0,1018998279590.0,4779886503.0,271046690357.0,122181743122.0,2819500975.0,103465176.0,536172211.0,77616824.0,386416650.0,1.7681530467344042,0.08541405380981983,0.017634919270566755,0.1929700455885805
intel,A,dis_deblock_en_sao,faster,32,Boat,100957754823.0,4443824205.0,179449240.0,2228689552.0,581285657528.0,30596276.0,273562303053.0,7841663.0,124033285839.0,1022893703722.0,4680871607.0,273717663804.0,124182411881.0,2760998066.0,99657839.0,556420308.0,80970555.0,400099638.0,1.7597091730630359,0.0805178270966292,0.017101094397589972,0.17910532302138762
intel,A,dis_deblock_en_sao,faster,32,BoxingPractice,285495518821.0,7799627699.0,573916133.0,8043806452.0,1536985154109.0,89670910.0,797211604159.0,24918612.0,364306397310.0,2882143510002.0,17071673228.0,798432681033.0,365141052804.0,8870073569.0,332111804.0,1968198260.0,241332422.0,1470058997.0,1.8751928099610025,0.07134882426929881,0.02138148103596277,0.16873899888520377
intel,A,dis_deblock_en_sao,faster,32,Crosswalk,285060393827.0,7174586736.0,601228595.0,9042651623.0,1504285411826.0,99962860.0,791284110404.0,34259724.0,362720710362.0,2845574467772.0,17031174349.0,792080284113.0,363499644580.0,9125449057.0,348362720.0,2286255396.0,258885593.0,1561950883.0,1.891645325681817,0.06648808558219517,0.02150182840123602,0.1523726179540092
intel,A,dis_deblock_en_sao,faster,32,CrowdRun,111812465220.0,5253300174.0,162790731.0,1876964329.0,765880901521.0,27189462.0,355698752792.0,11403937.0,150300924274.0,1349536575253.0,4641545352.0,356082257206.0,150522155850.0,12293921677.0,92193267.0,650394820.0,97448602.0,525364419.0,1.762071064277605,0.08673086029649314,0.013035036871592236,0.14174969443944832
intel,A,dis_deblock_en_sao,faster,32,DinnerSceneCropped,77257807199.0,2165697462.0,346528231.0,455298116.0,349659159563.0,6757965.0,214839460465.0,4087316.0,97723821918.0,774104739656.0,4121825712.0,215191191569.0,97877945007.0,7025203313.0,63407029.0,78260019.0,59410444.0,76474855.0,2.213883773625342,0.7611018337708211,0.01915424921413829,0.8102097317405456
intel,A,dis_deblock_en_sao,faster,32,FoodMarket,82151851297.0,2791851190.0,166039109.0,2311498090.0,455401349322.0,30104516.0,227103088565.0,10608716.0,104357465218.0,826800377502.0,4484892836.0,227882526149.0,104821540337.0,2506437379.0,91252785.0,575186303.0,76318092.0,403100821.0,1.8155422216753148,0.07183181752055871,0.01968072283465724,0.15864909251846354
intel,A,dis_deblock_en_sao,faster,32,FoodMarket2,310940132702.0,10150393004.0,612021131.0,8670371062.0,1747960883432.0,98469570.0,873642505673.0,25134375.0,401674617683.0,3168729950833.0,18415942501.0,874452424631.0,402370421995.0,10051154412.0,350024598.0,2272721928.0,258039508.0,1543799252.0,1.8128151384094011,0.07058765151151729,0.02105997076830238,0.15401118530502425
intel,A,dis_deblock_en_sao,faster,32,MeridianTalk_sdr,70146891023.0,1775202538.0,144188512.0,2007710044.0,373235621178.0,25377536.0,195406936077.0,7230585.0,89273120764.0,704913854414.0,3997441593.0,195721227514.0,89433979297.0,2142820055.0,81355871.0,482748288.0,62201591.0,362109693.0,1.8886564261716572,0.07181739834938038,0.02042415962629328,0.16852648268739173
intel,A,dis_deblock_en_sao,faster,32,Motorcycle,93457185072.0,3946725356.0,179500838.0,2143970275.0,532593385565.0,31510133.0,252466838313.0,10212163.0,113662764812.0,947601658473.0,4487526365.0,252707736701.0,113817230696.0,2505158951.0,97828007.0,534102245.0,79706864.0,381154458.0,1.7792216053673664,0.08372356654991404,0.017757771976366413,0.18316344466966245
intel,A,dis_deblock_en_sao,faster,32,MountainBike,95838186352.0,4090673673.0,179122703.0,2080779213.0,547926243619.0,31121367.0,259649720601.0,10138276.0,117463193802.0,972396833158.0,4647195273.0,260152063047.0,117705314253.0,2582404684.0,98482455.0,495010147.0,79370503.0,379966308.0,1.7746856342112995,0.08608443504284469,0.017863380434390102,0.19895037626370113
intel,A,dis_deblock_en_sao,faster,32,Neon1224,273254642192.0,7419375703.0,557946844.0,7701175484.0,1492211399901.0,83097213.0,768175948220.0,22582861.0,349518000880.0,2783040846291.0,16712161455.0,768824531723.0,350038094477.0,8619213513.0,325060008.0,1912938234.0,233495446.0,1442277866.0,1.8650446220124304,0.07244956892089956,0.021737289544529297,0.1699270798306392
intel,A,dis_deblock_en_sao,faster,32,NocturneDance_3840x2160p_8bit,279486976426.0,8092393047.0,514659418.0,8432921490.0,1559654623135.0,99975395.0,789628594150.0,23528603.0,360267474418.0,2868034627107.0,17569880179.0,790386759243.0,360931086845.0,9608525854.0,294583616.0,2076440482.0,208645200.0,1475364964.0,1.8388908573502492,0.061029788859092056,0.022229471804193317,0.14186952072725
intel,A,dis_deblock_en_sao,faster,32,OldTownCross,93183030162.0,3533706749.0,173810586.0,2160844588.0,512706266669.0,31307456.0,252343684133.0,8774172.0,115192558556.0,928695385562.0,4512284938.0,252625007001.0,115373118418.0,2511438000.0,95544314.0,519453765.0,76239757.0,381432337.0,1.811359536515203,0.08043641220902092,0.01786159253023648,0.1839322773991252
intel,A,dis_deblock_en_sao,faster,32,PedestrianArea,72640553605.0,2188993191.0,151577205.0,2065825199.0,399656358603.0,27650997.0,203493964452.0,8852722.0,93009554058.0,736824962364.0,4181291698.0,203728731281.0,93148976148.0,2328613685.0,84998869.0,497498015.0,67143899.0,373855095.0,1.8436462888757077,0.07337368383025518,0.020523819452018314,0.17085267968355614
intel,A,dis_deblock_en_sao,faster,32,PierSeaSide,281147744929.0,7632501918.0,567434576.0,7902708850.0,1527132319589.0,100996687.0,787560743926.0,26410702.0,358707966161.0,2851650652986.0,16783009572.0,787692598630.0,359189954124.0,8948465145.0,330197293.0,1951087151.0,236011300.0,1453353340.0,1.8673238830761372,0.07180254097302345,0.021306547251034185,0.16923759291365453
intel,A,dis_deblock_en_sao,faster,32,RitualDance,66761213150.0,1809708729.0,143005223.0,1876897315.0,367891212647.0,25104619.0,187308067708.0,7363102.0,84959768997.0,676627580720.0,3976878521.0,187342564012.0,85003781684.0,2149501486.0,79621086.0,449423837.0,61202830.0,353905914.0,1.8392056060584399,0.07619235312295175,0.021227842919590158,0.1771625789399328
intel,A,dis_deblock_en_sao,faster,32,Riverbed,84854184750.0,2968794615.0,155148833.0,2156756185.0,476568514843.0,25744377.0,237003123262.0,8478541.0,109372724491.0,862779561318.0,4536868180.0,237245219734.0,109541311866.0,2549022093.0,86338633.0,535295876.0,66999278.0,381869466.0,1.8103998364269465,0.07193619477205765,0.01912311735969538,0.16129142194250717
intel,A,dis_deblock_en_sao,faster,32,RushFieldCuts,90058489589.0,3557529080.0,397421347.0,517465796.0,446174516589.0,9053627.0,251190259120.0,4812166.0,113481949403.0,928688753945.0,4480232603.0,251757761899.0,113778275845.0,8272406314.0,65210522.0,77613479.0,73205060.0,87251401.0,2.081447324793036,0.768014717247128,0.017795807244256393,0.8401958376327906
intel,A,dis_deblock_en_sao,faster,32,Skater227,,,11886.0,26671.0,4281094.0,,,,,597547.0,43830.0,829904.0,304426.0,15352.0,3189.0,18329.0,,,0.13957810783879074,0.44565258145551345,0.052813337446258844,0.17398657864586176
intel,A,dis_deblock_en_sao,faster,32,Tango,300927772949.0,8310477280.0,576908801.0,8099900378.0,1589130304039.0,88556624.0,830849724389.0,22934414.0,382087093718.0,2993649845736.0,17310251010.0,831507844725.0,382705264853.0,9009895576.0,330400886.0,1941258329.0,239682420.0,1452758182.0,1.8838290592830647,0.07122418475255968,0.02081790462930019,0.17019933981182161
intel,A,dis_deblock_en_sao,faster,32,TimeLapse,292148987641.0,8803956715.0,571251784.0,8179770118.0,1605023558015.0,82042013.0,819290654649.0,22960299.0,373847285847.0,2973868761376.0,17491876016.0,819867009345.0,374449045124.0,9138716485.0,331920913.0,2072815112.0,238438832.0,1489239176.0,1.8528505370063904,0.06983714404674178,0.02133501630950419,0.16013049648202296
intel,A,dis_deblock_en_sao,faster,32,ToddlerFountain,94692033311.0,3844556363.0,169887779.0,2161044976.0,531670176632.0,32970075.0,257956385682.0,11581354.0,117149090408.0,957137213661.0,4624640466.0,258239545759.0,117248644193.0,2519073276.0,92872448.0,538317201.0,76423848.0,392990319.0,1.8002461972274413,0.07861371738521374,0.01790833565946522,0.17252364930467826
intel,A,dis_deblock_en_sao,faster,32,TreesAndGrass_1920_1080,116989614551.0,5668635297.0,200689582.0,2282854675.0,669368137107.0,34529175.0,307051558463.0,11933252.0,136972505324.0,1176337195037.0,4789283651.0,307619975590.0,137278583263.0,2756949761.0,107199630.0,568281902.0,90318424.0,399744487.0,1.7573845091000497,0.0879116766379358,0.015568831776331785,0.18863812066286778
intel,A,dis_deblock_en_sao,faster,32,TunnelFlag,81772383481.0,3045572891.0,144489558.0,1769026963.0,562598790481.0,24174483.0,270637711812.0,9426962.0,115610784126.0,994209434025.0,4251279160.0,270947140996.0,115727772860.0,10777326282.0,80441070.0,599936805.0,82260676.0,499112584.0,1.7671730740391207,0.08167741985965422,0.01569043742027439,0.1340825722469219
intel,A,dis_deblock_en_sao,faster,32,Vertical_Carnaby,64987585217.0,1699464816.0,138954017.0,2009661058.0,359403025435.0,28774516.0,184349936994.0,8560342.0,83895678959.0,666375819620.0,4004008158.0,184735064296.0,84121664579.0,2236006650.0,75276810.0,477268248.0,63165910.0,369070837.0,1.854118559000605,0.06914301117935082,0.021674326816399074,0.15772432026527775
intel,A,dis_deblock_en_sao,faster,32,Vertical_bees,73002745722.0,2291939534.0,151411690.0,2183084613.0,412156713269.0,24236651.0,205121043337.0,9100256.0,93608820076.0,746507499581.0,4212090880.0,205363264520.0,93742379512.0,2451564843.0,81912811.0,524613102.0,68582860.0,375118012.0,1.8112224684152631,0.06935676661287521,0.02051043982888084,0.15613946866313683
intel,A,dis_deblock_en_sao,faster,32,WalkingInStreet,110697550086.0,4775377086.0,182267036.0,2102887918.0,632546275110.0,34409062.0,293394392470.0,11230261.0,130659595223.0,1122716723693.0,4546395088.0,293709740500.0,130927438576.0,2827157484.0,98825286.0,491692541.0,83760491.0,391839599.0,1.7749163466305438,0.08667463179556867,0.015479211143152401,0.200990004442634
intel,A,dis_deblock_en_sao,faster,32,WorldCup_1920x1080_30p,65088776271.0,1755426534.0,137484988.0,2004187614.0,358553659179.0,22732369.0,183625261212.0,8713247.0,83172385641.0,665203972817.0,3975006706.0,184118632134.0,83455381635.0,2222760439.0,75319086.0,475756211.0,61837926.0,368587091.0,1.8552424603339819,0.06859886122417679,0.021589377782836358,0.15831445656103058
intel,A,dis_deblock_en_sao,faster,32,WorldCup_far_1920x1080_30p,83063766135.0,3162652198.0,163982793.0,2128529297.0,480574618386.0,26911022.0,230472923177.0,9353459.0,105093205501.0,847177443304.0,4431492503.0,230745282634.0,105285119225.0,2649009827.0,89440498.0,520162236.0,74970942.0,389477401.0,1.7628426697798316,0.07704042092872354,0.01920512719659399,0.17194731145380573
intel,A,dis_deblock_en_sao,faster,37,Aerial3200,88174681565.0,3226764321.0,169742706.0,2150552849.0,511493363804.0,25936101.0,244371894774.0,8360412.0,110737683522.0,906208567049.0,4773713244.0,244689653020.0,110932633103.0,2785419036.0,98937469.0,542522997.0,69064542.0,387523724.0,1.771691738695268,0.07892979987863577,0.0195092566648489,0.1823654841308045
intel,A,dis_deblock_en_sao,faster,37,Boat,88439292610.0,3441942103.0,169759365.0,2163891393.0,502228202878.0,36210042.0,243413916386.0,10000006.0,111218374805.0,896832000769.0,4598869301.0,243950582314.0,111486357035.0,2575967841.0,94393448.0,544228400.0,76853642.0,390004899.0,1.7857061702822297,0.07845096364316469,0.018851643055643883,0.17344454644410326
intel,A,dis_deblock_en_sao,faster,37,BoxingPractice,260955721607.0,6058476884.0,526865859.0,7621771201.0,1373973125072.0,81898101.0,734959332635.0,20377074.0,334052888781.0,2647436039899.0,16494939069.0,735615389434.0,334597424431.0,7995861382.0,311433446.0,1832349223.0,219276199.0,1417960893.0,1.9268470333146197,0.06912643335854447,0.02242331972104553,0.16996402328269494
intel,A,dis_deblock_en_sao,faster,37,Crosswalk,262175481763.0,5539221584.0,542808114.0,7745939932.0,1358077486007.0,103013758.0,734421812591.0,30316714.0,334328288637.0,2638920878887.0,16103849917.0,734967866281.0,334863631190.0,7643110646.0,322203452.0,1933367323.0,224797822.0,1409679234.0,1.9431298332217533,0.07007646828728338,0.021910957819811703,0.1666540280095548
intel,A,dis_deblock_en_sao,faster,37,CrowdRun,95048057432.0,3894409961.0,151830562.0,1873073565.0,649285227892.0,27153852.0,309906266161.0,11459036.0,132096052935.0,1148475643719.0,4373014749.0,310009544078.0,132189998930.0,11524004762.0,84128940.0,638893015.0,89171294.0,520082158.0,1.7688306993333194,0.08105958294275538,0.014106064901988073,0.13167922958118425
intel,A,dis_deblock_en_sao,faster,37,DinnerSceneCropped,66536031577.0,1331629321.0,137134343.0,1894554198.0,336954043295.0,22552562.0,184235408572.0,8755877.0,84008313166.0,661719103151.0,3802239703.0,184572368036.0,84259012626.0,1892057502.0,76047362.0,460941101.0,59510387.0,355139918.0,1.9638259766233799,0.07238343624308392,0.02060026505299206,0.1649828184881261
intel,A,dis_deblock_en_sao,faster,37,FoodMarket,73047812027.0,2077326448.0,149960835.0,2272992609.0,396777767640.0,28247249.0,203481521492.0,10164879.0,93207337578.0,736239001575.0,4244453743.0,203772052995.0,93452225035.0,2393462438.0,82386545.0,547401364.0,66757863.0,394551174.0,1.8555449967725919,0.06597506494575671,0.020829420328332005,0.15050482227150608
intel,A,dis_deblock_en_sao,faster,37,FoodMarket2,283891634007.0,8034393480.0,572520009.0,8340337032.0,1565176017221.0,93119912.0,800719556231.0,23438583.0,366500788142.0,2893377686942.0,17842874307.0,801276006613.0,367194388701.0,9331862763.0,331982985.0,2082327490.0,238062663.0,1503880034.0,1.8485957202942884,0.06864470905712435,0.022268075119860346,0.15942880579269497
intel,A,dis_deblock_en_sao,faster,37,MeridianTalk_sdr,64259796952.0,1387601860.0,129339840.0,1893470007.0,335868153272.0,26875547.0,180458627319.0,6758534.0,82010074775.0,649395596588.0,3851495733.0,180656221766.0,82110992644.0,2000027357.0,72744679.0,432975461.0,56127525.0,350700938.0,1.93348369073293,0.06830836481266746,0.021319474609563998,0.16801108966311604
intel,A,dis_deblock_en_sao,faster,37,Motorcycle,82884639923.0,3112922955.0,162114282.0,2104193030.0,467706170313.0,27552983.0,227649890171.0,9243524.0,103035168326.0,843005748579.0,4404043887.0,228452720982.0,103356473030.0,2436440823.0,92173168.0,506016122.0,72751151.0,374214367.0,1.8024259718764042,0.07704344596179942,0.019277703798270797,0.18215460731901345
intel,A,dis_deblock_en_sao,faster,37,MountainBike,84926565157.0,3207765204.0,156658853.0,2107364376.0,479253592792.0,26988807.0,233723391460.0,8735782.0,106253038595.0,862570008069.0,4496881156.0,233963055129.0,106373116141.0,2493847749.0,84916194.0,513446774.0,69581916.0,379555600.0,1.7998195966438222,0.07433875925024178,0.019220475444383982,0.16538460907731792
intel,A,dis_deblock_en_sao,faster,37,Neon1224,249755675043.0,5813364339.0,555356147.0,8049314904.0,1360579584058.0,110530651.0,706549256920.0,33519380.0,319716672541.0,2551541105179.0,16234959035.0,707510285886.0,320390361595.0,8280477763.0,323869355.0,1999918098.0,230546021.0,1454006368.0,1.87533396434547,0.06899421300116153,0.02294660495948735,0.16194130915855134
intel,A,dis_deblock_en_sao,faster,37,NocturneDance_3840x2160p_8bit,254121316288.0,6181166915.0,540440601.0,8082874216.0,1388496238989.0,94412388.0,721061550518.0,24922901.0,327111009941.0,2611254434850.0,16813461011.0,722287295161.0,327874818538.0,8642908035.0,318898296.0,2002361933.0,228206935.0,1487108912.0,1.880634863477428,0.06686242870515059,0.023278079406411585,0.15926106601628048
intel,A,dis_deblock_en_sao,faster,37,OldTownCross,76054127566.0,2246223260.0,357374326.0,494253680.0,353115382480.0,8397727.0,213903604354.0,4623332.0,96687158440.0,777434040535.0,4087001629.0,214692226324.0,97028225609.0,6855323605.0,64184870.0,77326521.0,63683674.0,79591189.0,2.201643086389851,0.7230585030747773,0.019036560843298325,0.8300498867652406
intel,A,dis_deblock_en_sao,faster,37,PedestrianArea,66689084530.0,1699262443.0,141560063.0,1975244219.0,357588612487.0,23802134.0,187604632231.0,7446712.0,85404339166.0,676366233768.0,4014920091.0,187995951637.0,85653923857.0,2118434451.0,80699478.0,483772520.0,60268927.0,350967900.0,1.8914646891687275,0.07166711925458367,0.021356417816657987,0.1668128607222254
intel,A,dis_deblock_en_sao,faster,37,PierSeaSide,260453913169.0,6996443027.0,461156509.0,6225741194.0,1722372671245.0,76382391.0,877186870605.0,29425662.0,373507826470.0,3146482298395.0,15728392538.0,878024629970.0,374262262844.0,32364395242.0,299657110.0,2124481859.0,231904922.0,1785462233.0,1.8268301343405526,0.07407254728873652,0.017913384204879767,0.14104950283785878
intel,A,dis_deblock_en_sao,faster,37,RitualDance,60455099833.0,1354658373.0,305433462.0,424376877.0,271990790899.0,5465162.0,174178057822.0,3588925.0,77639710986.0,626394441929.0,3741291235.0,174719237172.0,77909543711.0,6033454197.0,57740295.0,70248111.0,53379706.0,64422340.0,2.302998714988122,0.7197222057883234,0.02141316145581002,0.8219480093920248
intel,A,dis_deblock_en_sao,faster,37,Riverbed,76441159382.0,2357149720.0,146471188.0,2078047615.0,423603663386.0,27077379.0,214378690263.0,8061089.0,98664768042.0,775729033001.0,4406940044.0,214614425064.0,98826921838.0,2470358836.0,82914129.0,484724879.0,63734419.0,368547149.0,1.831261389007708,0.07048500089349492,0.020534221046352358,0.17105399906655092
intel,A,dis_deblock_en_sao,faster,37,RushFieldCuts,78561656872.0,2674034613.0,369055035.0,490797657.0,380232409854.0,8651903.0,222439034846.0,4881389.0,100601589344.0,813434021869.0,4295732510.0,223041014045.0,100928398060.0,7681576768.0,63696035.0,79990332.0,66436106.0,84925714.0,2.1393074361581617,0.7519494637685281,0.019259832225894148,0.7962966699525638
intel,A,dis_deblock_en_sao,faster,37,Skater227,,,15332.0,29346.0,2881254.0,,,,,1211709.0,43114.0,806514.0,302263.0,8250.0,5371.0,17235.0,,,0.42054917754561033,0.5224562120902337,0.05345722454910888,0.31163330432259934
intel,A,dis_deblock_en_sao,faster,37,Tango,271424963793.0,6469382164.0,545878167.0,7994320476.0,1418014339369.0,95980841.0,757706870358.0,21006270.0,345945016771.0,2726536915348.0,16616904164.0,758440243710.0,346577380468.0,8069641708.0,322265996.0,1971304808.0,224794381.0,1452989293.0,1.9227851507914069,0.06828324791816864,0.021909312304838217,0.163478521785252
intel,A,dis_deblock_en_sao,faster,37,TimeLapse,265771736173.0,6908083680.0,575039812.0,7842008090.0,1434312715847.0,80896935.0,749514973127.0,23160482.0,340765638278.0,2708864936848.0,17056527729.0,750389588533.0,341421726771.0,8444017417.0,335606444.0,1882363965.0,231358203.0,1431494309.0,1.8886152977095674,0.07332813297314515,0.022730229722863357,0.17828987923703693
intel,A,dis_deblock_en_sao,faster,37,ToddlerFountain,80535953229.0,2721510432.0,150754244.0,2059865758.0,445971400751.0,32804623.0,223384487670.0,8279939.0,101860818956.0,816747526642.0,4429570883.0,223611715584.0,102077792318.0,2405856776.0,84056677.0,488219000.0,66609560.0,380733674.0,1.8313899170812886,0.0731864411137029,0.019809207542777544,0.17217002410803348
intel,A,dis_deblock_en_sao,faster,37,TreesAndGrass_1920_1080,101060856951.0,4357859924.0,426124722.0,559401203.0,501242712839.0,9005406.0,275137367342.0,5682527.0,122947884956.0,1030693433408.0,4583722708.0,275737984341.0,123337655720.0,8236298011.0,70613074.0,87676979.0,81545984.0,98890642.0,2.0562761452834537,0.7617515295189667,0.01662347216671968,0.8053775894810427
intel,A,dis_deblock_en_sao,faster,37,TunnelFlag,71486894462.0,2117135170.0,141019872.0,1987348438.0,393487698439.0,28780017.0,200102766936.0,8546425.0,90995852230.0,725996110025.0,4143852675.0,200620973697.0,91241162568.0,2298744750.0,77795902.0,457262675.0,63001254.0,364362686.0,1.8450287338208788,0.07095880586592938,0.020655131906888783,0.1701339432526392
intel,A,dis_deblock_en_sao,faster,37,Vertical_Carnaby,59891375019.0,1316108049.0,313826047.0,438443737.0,270460487277.0,4803024.0,173549581613.0,3734593.0,77455925372.0,623964212081.0,3777631476.0,173814682581.0,77675335615.0,6224799839.0,55766987.0,70716618.0,52361851.0,65646926.0,2.3070438804687536,0.7157726762099923,0.021733673012575176,0.7885980491883817
intel,A,dis_deblock_en_sao,faster,37,Vertical_bees,67440760505.0,1878617308.0,142997969.0,2065223498.0,371223374596.0,24195615.0,190410432870.0,8786001.0,86620155169.0,689799870013.0,4118623085.0,190870528906.0,86879748247.0,2209566418.0,77628004.0,505197517.0,64412271.0,367209647.0,1.8581800533538728,0.06924091709128907,0.02157809856035104,0.15365872037728168
intel,A,dis_deblock_en_sao,faster,37,WalkingInStreet,95638180989.0,3708273953.0,184475735.0,1991410717.0,549661424444.0,35179438.0,260294374106.0,12718571.0,117342570930.0,974579228503.0,4536297355.0,260623579765.0,117546151116.0,2567662086.0,102597130.0,485409373.0,81073368.0,377988766.0,1.7730537111801468,0.09263570464153528,0.01740555232604166,0.2113620702581695
intel,A,dis_deblock_en_sao,faster,37,WorldCup_1920x1080_30p,61127129726.0,1473746779.0,135837263.0,1912399036.0,328630664865.0,24720358.0,173023475572.0,6859811.0,78103832749.0,624393188302.0,3884940859.0,173357284225.0,78282792881.0,1998531748.0,78486850.0,447874737.0,58271748.0,348605729.0,1.8999845573099452,0.07102976964688242,0.022410023763165005,0.17524286037147033
intel,A,dis_deblock_en_sao,faster,37,WorldCup_far_1920x1080_30p,74860200891.0,2495959877.0,157966629.0,2225300456.0,429179948403.0,33789428.0,209955567951.0,10837160.0,95790797080.0,764500151668.0,4365434832.0,210363033777.0,96032201197.0,2558445819.0,84647253.0,555395702.0,71817573.0,401764723.0,1.7813044493638233,0.0709866519705598,0.02075191041705396,0.15240890899080095
intel,A,dis_deblock_en_sao,superfast,22,Aerial3200,128093352232.0,6464601430.0,168356004.0,1988883903.0,740458650333.0,35456488.0,329836832969.0,10062459.0,144826732137.0,1299454086467.0,4594379148.0,330336466607.0,145158650800.0,2797230654.0,101156157.0,501923284.0,67139054.0,312203482.0,1.7549313332791883,0.08464848237046645,0.013908180332587727,0.20153708788692098
intel,A,dis_deblock_en_sao,superfast,22,Boat,130430624492.0,7049706262.0,121762009.0,1874752570.0,899020565801.0,29939170.0,399029816726.0,9511474.0,165485970125.0,1578157755405.0,5101458048.0,399536282363.0,165797192293.0,12536516700.0,74258636.0,651988624.0,69539174.0,428888306.0,1.7554189697528326,0.06494830888536934,0.012768447505763829,0.11389560073060416
intel,A,dis_deblock_en_sao,superfast,22,BoxingPractice,395342023361.0,16860211820.0,604272171.0,8813641336.0,2270236760261.0,135836872.0,1083353554676.0,28750683.0,492908540868.0,4029417371337.0,21758876681.0,1084607119417.0,493812652361.0,10879027137.0,357114135.0,2304375210.0,221492704.0,1264261025.0,1.77488861156215,0.06856101218140152,0.02006152854011863,0.1549722169594074
intel,A,dis_deblock_en_sao,superfast,22,Crosswalk,390487528004.0,15618567560.0,519799977.0,8801189183.0,2226015738632.0,102237732.0,1075883423175.0,21369094.0,491056348618.0,3974269449969.0,22113929650.0,1077181942236.0,491945750323.0,11078995355.0,318406052.0,2408773435.0,203891604.0,1284992230.0,1.7853734728809199,0.05906019813822697,0.02052942848642282,0.13218596957833023
intel,A,dis_deblock_en_sao,superfast,22,CrowdRun,151588277523.0,8372127940.0,167050687.0,2304103225.0,871700625892.0,37962570.0,383025703273.0,10550383.0,167110313632.0,1519952572206.0,5559309990.0,383492349536.0,167433192855.0,3079556598.0,91173633.0,578474252.0,72933474.0,338691259.0,1.743663509075323,0.07250139021006752,0.014496534276958567,0.1576105292236931
intel,A,dis_deblock_en_sao,superfast,22,DinnerSceneCropped,129831061678.0,6539143445.0,418030959.0,531052775.0,660994932033.0,9278710.0,344912993518.0,4932841.0,152332665798.0,1315583195976.0,5363863255.0,345438470373.0,152664152614.0,9353373355.0,64433462.0,78474719.0,74427396.0,86660220.0,1.9903075382585835,0.7871740412240572,0.015527695132531619,0.8210728604201819
intel,A,dis_deblock_en_sao,superfast,22,FoodMarket,123894086040.0,6115315134.0,147450032.0,2260171865.0,716886562005.0,32658478.0,329190314664.0,8948803.0,147330364773.0,1253399636757.0,5429505566.0,329456106144.0,147534159134.0,3011360390.0,82378185.0,555849348.0,62878715.0,332284423.0,1.7483932649699438,0.06523841584055821,0.016480209244101398,0.1482023596796591
intel,A,dis_deblock_en_sao,superfast,22,FoodMarket2,407314417611.0,17709559218.0,529531781.0,8656530534.0,2379938007607.0,108383327.0,1119668830134.0,23935021.0,511855738697.0,4168257220841.0,22380854049.0,1120795132718.0,512630358745.0,11879574940.0,320311532.0,2190096355.0,206571373.0,1269213589.0,1.7514141996631811,0.06117136408404887,0.01996872880302843,0.1462545386501956
intel,A,dis_deblock_en_sao,superfast,22,MeridianTalk_sdr,101727463893.0,4342380754.0,115775743.0,1777605835.0,695341535478.0,27110142.0,329267552796.0,8162952.0,139302959515.0,1240099262242.0,4883518135.0,329715012489.0,139552372158.0,11827337722.0,70839240.0,611496929.0,62061058.0,417413249.0,1.783439071260882,0.06513015468358878,0.014811330846401556,0.11584561858036739
intel,A,dis_deblock_en_sao,superfast,22,Motorcycle,115410184114.0,5616783076.0,153996335.0,2172881148.0,671605941723.0,39655793.0,302143248153.0,8526830.0,135040764546.0,1169911399524.0,5184749745.0,302474928852.0,135191425134.0,2914068298.0,84438334.0,509452491.0,64972428.0,322542883.0,1.7419610620516566,0.0708719550269668,0.01714108922904113,0.165743294010118
intel,A,dis_deblock_en_sao,superfast,22,MountainBike,117094799565.0,5781578581.0,397587236.0,506463339.0,604336346391.0,8741756.0,310241206346.0,4594733.0,137631213043.0,1200305045296.0,5085389515.0,310982257554.0,138071577784.0,9018208449.0,59105250.0,70496749.0,70189814.0,82456335.0,1.9861539893538254,0.7850266848238743,0.016352667689142862,0.8384110024704827
intel,A,dis_deblock_en_sao,superfast,22,Neon1224,334436420563.0,12285301004.0,503419296.0,8231616868.0,1905107047600.0,106819149.0,924194788414.0,20195881.0,424263851613.0,3394535224161.0,20485317181.0,924763402162.0,424874929601.0,10774900720.0,304006944.0,2025580381.0,195059990.0,1213467001.0,1.7818081290693557,0.06115679386840967,0.02215195490339202,0.15008387070273466
intel,A,dis_deblock_en_sao,superfast,22,NocturneDance_3840x2160p_8bit,348928786261.0,13701794828.0,1247563230.0,1621275288.0,1740605672844.0,17869696.0,980442178738.0,10491450.0,446296709171.0,3614327931787.0,21005847703.0,982110807886.0,447435885203.0,34291624587.0,214729059.0,253968169.0,206044147.0,250021215.0,2.076477164343317,0.7694950013942358,0.021388470154620563,0.8454959526837397
intel,A,dis_deblock_en_sao,superfast,22,OldTownCross,153609605688.0,8410169785.0,174734508.0,2284365729.0,876870549153.0,39127939.0,390127121981.0,10751010.0,169953402057.0,1531484771578.0,5603999355.0,390611411001.0,170376313955.0,3133302177.0,97852912.0,560312273.0,76846137.0,334597853.0,1.74653462025531,0.07649147672885614,0.014346737440769884,0.17463995831481635
intel,A,dis_deblock_en_sao,superfast,22,PedestrianArea,102611881901.0,4571000819.0,146898620.0,2418319597.0,598880464581.0,37311719.0,279720597775.0,9525880.0,126786999732.0,1044716134947.0,5263370973.0,280190216917.0,127030082895.0,2973442963.0,83824968.0,609044870.0,62712718.0,351656474.0,1.7444485114035635,0.06074408865653335,0.018784991963367352,0.13763348503370532
intel,A,dis_deblock_en_sao,superfast,22,PierSeaSide,375135176623.0,15171240633.0,594988699.0,8505912831.0,2131017355288.0,114384286.0,1022243977206.0,20789663.0,466916016373.0,3789440090455.0,21849988316.0,1022974427524.0,467641502429.0,10897571384.0,346890020.0,2116758936.0,212392842.0,1233750832.0,1.7782305156040692,0.06995001134170452,0.02135927128587716,0.16387790508422825
intel,A,dis_deblock_en_sao,superfast,22,RitualDance,80099757493.0,2958574962.0,124067756.0,1910667201.0,451627702879.0,28039877.0,220667882106.0,6072845.0,100671923952.0,810243400876.0,4601526340.0,220977610793.0,100865523827.0,2418677506.0,69528238.0,457202115.0,50408845.0,286797011.0,1.7940515953979914,0.06493425748611048,0.020823495753651094,0.15207330788485088
intel,A,dis_deblock_en_sao,superfast,22,Riverbed,116485174040.0,5529145394.0,140741264.0,2228166688.0,682468708425.0,31230613.0,314424547655.0,8205771.0,142051349725.0,1189269433441.0,5403591411.0,314745882996.0,142301963305.0,3023868973.0,78990839.0,552905408.0,61222419.0,327656017.0,1.7425992118900129,0.06316460288091337,0.017168108315077382,0.1428650142629822
intel,A,dis_deblock_en_sao,superfast,22,RushFieldCuts,117313760940.0,5771240792.0,138650530.0,2094174786.0,683540111931.0,32643308.0,311072301246.0,8699836.0,140351319450.0,1190242084243.0,5259444233.0,311566828807.0,140653098635.0,2888953792.0,75235455.0,499771375.0,62603329.0,317248341.0,1.741290764752002,0.06620771624551496,0.01688062960084227,0.15053974429808029
intel,A,dis_deblock_en_sao,superfast,22,Skater227,,,14027.0,28902.0,2738395.0,,,,,798764.0,43420.0,806508.0,302279.0,8688.0,5999.0,17202.0,,,0.29169057057144787,0.48532973496643833,0.05383703571446284,0.3487385187768864
intel,A,dis_deblock_en_sao,superfast,22,Tango,454858169143.0,20514690348.0,366279151.0,7398624544.0,3119840765007.0,99942076.0,1468179171195.0,30978553.0,616847833103.0,5598358360982.0,21594826459.0,1469210160056.0,617765387531.0,50755047357.0,261353903.0,2621770005.0,167332132.0,1657625793.0,1.7944372109547198,0.049506384439664305,0.014698255597536092,0.09968605274359296
intel,A,dis_deblock_en_sao,superfast,22,TimeLapse,374604277499.0,15580134013.0,1130837712.0,1646635583.0,1875316930862.0,20116769.0,1037758389765.0,10930101.0,467000944709.0,3858823429880.0,21187382830.0,1038745696102.0,467875413429.0,34236672660.0,206728781.0,267621774.0,190455296.0,264495130.0,2.0576913514593342,0.6867565135084294,0.02039708362644277,0.7724662231706154
intel,A,dis_deblock_en_sao,superfast,22,ToddlerFountain,128084285437.0,6730592918.0,146679235.0,2293514490.0,745030022567.0,34442171.0,332721788828.0,9768177.0,147957111716.0,1289346698171.0,5360084262.0,333074057355.0,148166045991.0,3046941355.0,80041732.0,551333242.0,65800971.0,339483733.0,1.7305969680638609,0.0639539168553498,0.016092770192207034,0.14517849805254443
intel,A,dis_deblock_en_sao,superfast,22,TreesAndGrass_1920_1080,142858265087.0,7473163914.0,164360323.0,1992761679.0,969688486160.0,34295181.0,424490090565.0,10694279.0,175303824223.0,1711792844498.0,5173384087.0,425009860445.0,175587651640.0,12861376130.0,94742076.0,646970649.0,94347922.0,448885191.0,1.765301814891872,0.08247866502655685,0.012172386027898949,0.14643952727444365
intel,A,dis_deblock_en_sao,superfast,22,TunnelFlag,109424574940.0,5256159790.0,144594049.0,1973856686.0,761536479580.0,35692848.0,347613703800.0,9283062.0,146592365032.0,1334287369323.0,4921564310.0,348228583213.0,146876012145.0,12216808673.0,87518464.0,638616345.0,84330678.0,441894713.0,1.7520990853371616,0.07325458328639772,0.014133142847121314,0.1370438835228998
intel,A,dis_deblock_en_sao,superfast,22,Vertical_Carnaby,78403487114.0,2920934233.0,120929820.0,1719152060.0,551920693909.0,26146859.0,263192851212.0,7086739.0,113233526372.0,961800999084.0,3824216541.0,263643821119.0,113498446440.0,11070659879.0,76845882.0,545977208.0,65685801.0,399705164.0,1.7426434806638733,0.07034271302330289,0.014505238638890295,0.14074924900528082
intel,A,dis_deblock_en_sao,superfast,22,Vertical_bees,87841503331.0,3492795074.0,129258594.0,2040044019.0,510638236384.0,28925271.0,242378400324.0,7341402.0,110977105547.0,896715111700.0,4151840921.0,242570349689.0,111121317520.0,2770957528.0,73620271.0,478123778.0,54150638.0,307404837.0,1.7560673052020925,0.06336068868913951,0.017116028097923282,0.1539774309237555
intel,A,dis_deblock_en_sao,superfast,22,WalkingInStreet,139695273405.0,7024302876.0,159478311.0,2131006526.0,792059582829.0,33857951.0,348280685894.0,8334362.0,150683796535.0,1405144065011.0,4909046353.0,348742587179.0,150952126216.0,2904282659.0,87104726.0,525865866.0,71680071.0,326620406.0,1.7740383368537067,0.07483708240882224,0.014076417774810855,0.16564057801005855
intel,A,dis_deblock_en_sao,superfast,22,WorldCup_1920x1080_30p,77555315687.0,2822370788.0,118756990.0,1987673197.0,447163131525.0,28234389.0,216027421367.0,6538652.0,98825336094.0,792748418578.0,4579633851.0,216504086778.0,99024832217.0,2621945003.0,69524899.0,460431710.0,50547644.0,299624213.0,1.7728394017512579,0.0597467381354441,0.021152643902264474,0.1509993718721067
intel,A,dis_deblock_en_sao,superfast,22,WorldCup_far_1920x1080_30p,104386575334.0,4924783310.0,132417521.0,2136881270.0,614998552832.0,31153410.0,280260866946.0,7369675.0,126644008066.0,1061681309951.0,5000353607.0,280446484822.0,126767646914.0,2979080132.0,73462551.0,506385833.0,58060979.0,322272468.0,1.7263151353154824,0.06196765485243829,0.017829974264693443,0.145072287202
intel,A,dis_deblock_en_sao,superfast,27,Aerial3200,112171841061.0,5256347364.0,153005405.0,1986125104.0,647399909096.0,34638879.0,297617290894.0,7051852.0,133083449466.0,1142878331397.0,4582868327.0,297956603212.0,133290954236.0,2836575255.0,93339571.0,502001003.0,58377065.0,304679338.0,1.765335946668364,0.07703714367833699,0.015380992659992265,0.1859350288987371
intel,A,dis_deblock_en_sao,superfast,27,Boat,114016993159.0,5619674653.0,145830332.0,1787071531.0,788347726330.0,29004334.0,359564617691.0,8489242.0,150986094945.0,1386308606129.0,4971455388.0,359972530572.0,151158793055.0,12130585291.0,89579130.0,614823328.0,80630532.0,409794279.0,1.7584988956366894,0.08160296298738363,0.013810652107538058,0.14569897712144064
intel,A,dis_deblock_en_sao,superfast,27,BoxingPractice,322918217798.0,11223489090.0,530710572.0,8360599668.0,1808519817158.0,103829754.0,895883877098.0,20410367.0,412230585698.0,3265776686130.0,21171413712.0,897329063528.0,413106578831.0,10149864643.0,317782699.0,2046861375.0,196358319.0,1219732885.0,1.8057732379521323,0.0634775725515578,0.02359381254047543,0.15525364974948536
intel,A,dis_deblock_en_sao,superfast,27,Crosswalk,315249607717.0,9868052295.0,482175698.0,8235443215.0,1788392331832.0,109241661.0,867830172642.0,17002802.0,401289134540.0,3137113342692.0,20590036201.0,868493693985.0,401940000605.0,10789938042.0,297004183.0,2002860151.0,184737596.0,1210854844.0,1.7541527587956005,0.05854884617767351,0.023707755558390522,0.14829002556754148
intel,A,dis_deblock_en_sao,superfast,27,CrowdRun,128424884300.0,6756465032.0,151851539.0,2035340850.0,886906157646.0,34294185.0,397587521695.0,10391913.0,165925011314.0,1552730954886.0,5144915703.0,397953000429.0,166211736180.0,12824716588.0,90211089.0,665932972.0,85176442.0,452345467.0,1.75072744900905,0.07460742459917709,0.012928450589526137,0.13546571921355471
intel,A,dis_deblock_en_sao,superfast,27,DinnerSceneCropped,96684005361.0,3758224088.0,350608039.0,452539986.0,476286313390.0,6332243.0,269126016547.0,3620871.0,121758921637.0,992308664093.0,5112770655.0,269599304137.0,122065009916.0,8639966109.0,55760333.0,70169692.0,57889873.0,68369590.0,2.083428887616308,0.7747559328381647,0.018964331793682548,0.7946498183289732
intel,A,dis_deblock_en_sao,superfast,27,FoodMarket,94013749229.0,3764573452.0,344873917.0,451957233.0,465862027066.0,6717919.0,261243485378.0,3599825.0,118525423414.0,964880212513.0,4988023822.0,261967825966.0,118856349834.0,8475394014.0,55927964.0,68700678.0,57224587.0,68109737.0,2.071171626908116,0.7630675909550052,0.019040597079457308,0.8140816892665892
intel,A,dis_deblock_en_sao,superfast,27,FoodMarket2,337925291278.0,12308622494.0,1278850931.0,1668721645.0,1660242647846.0,20328577.0,957278988686.0,10625633.0,437555853976.0,3494071124792.0,21108125885.0,958802796422.0,438678895040.0,33648435933.0,217298760.0,261434970.0,207530332.0,246370972.0,2.1045544934803417,0.7663656397289675,0.02201508585891695,0.831177099222801
intel,A,dis_deblock_en_sao,superfast,27,MeridianTalk_sdr,78587208996.0,2550878151.0,118429578.0,2001687725.0,428533328263.0,30322109.0,216807069557.0,6562595.0,99761663232.0,787171900145.0,4653906398.0,217247265920.0,100028651371.0,2406993474.0,67715235.0,479267614.0,50342273.0,290373932.0,1.8368977352022802,0.059164861991647576,0.021422163258495382,0.1412889855728912
intel,A,dis_deblock_en_sao,superfast,27,Motorcycle,102894744563.0,4750244166.0,142162612.0,2147718422.0,593596198082.0,33518974.0,273837393844.0,7488602.0,123190494424.0,1042970884507.0,5228734989.0,274111044731.0,123300349810.0,2773184263.0,78546311.0,501325378.0,58799077.0,309550669.0,1.7570376762469138,0.06619238841729319,0.019075243736096956,0.1566773086839422
intel,A,dis_deblock_en_sao,superfast,27,MountainBike,105582579462.0,4946958883.0,144544228.0,2172476422.0,611931608883.0,33178941.0,281461848700.0,9362096.0,126964563311.0,1070080896780.0,5268932439.0,281738423024.0,127149840503.0,2764989964.0,80927192.0,497689119.0,61328891.0,315906152.0,1.748693614198637,0.06653431380715809,0.01870150468809561,0.1626059098149582
intel,A,dis_deblock_en_sao,superfast,27,Neon1224,298845387928.0,9652757384.0,505483413.0,7826924104.0,1664738294894.0,103645616.0,834031939338.0,18016092.0,382780500480.0,3037196294874.0,20319771749.0,834796949269.0,383343917853.0,9327787043.0,305663330.0,1859808848.0,187464511.0,1170795953.0,1.824428682988511,0.06458263888641382,0.024340975091958893,0.16435201409473024
intel,A,dis_deblock_en_sao,superfast,27,NocturneDance_3840x2160p_8bit,316591528741.0,11626350998.0,411976066.0,6942005896.0,2204010606272.0,156630921.0,1064753219843.0,23570414.0,457547397154.0,3873357875166.0,19680951626.0,1065590964122.0,458056187905.0,44627875244.0,288181344.0,2394744980.0,194339491.0,1578928522.0,1.7574134462617843,0.0593453926965665,0.018469518125293263,0.12033905338847396
intel,A,dis_deblock_en_sao,superfast,27,OldTownCross,118185592576.0,5541284961.0,154802620.0,2189574151.0,675681858426.0,33478926.0,316049597982.0,8687102.0,141999371134.0,1196243407942.0,5406295200.0,316293821557.0,142178249882.0,2926033417.0,85709791.0,529103249.0,64040798.0,317893159.0,1.7704240435412124,0.07069987555767414,0.017092636123547295,0.16199067225913028
intel,A,dis_deblock_en_sao,superfast,27,PedestrianArea,81749164592.0,2992222779.0,120190442.0,2058155688.0,464612516382.0,30324982.0,227173561111.0,6127710.0,104396643583.0,829262597853.0,4772077435.0,227351200418.0,104549008660.0,2628108579.0,69409514.0,503564485.0,50843581.0,304677740.0,1.7848477357230474,0.058397157562358325,0.02098989328504193,0.1378363964646951
intel,A,dis_deblock_en_sao,superfast,27,PierSeaSide,320805646871.0,11056424515.0,382909372.0,6402952457.0,2140999614930.0,99152367.0,1056660952655.0,24171424.0,454359097176.0,3858220225405.0,18902055901.0,1057182399209.0,454768723083.0,38526780330.0,268679367.0,2259485123.0,168309419.0,1461640233.0,1.802064885252744,0.05980200143160301,0.01787965436725281,0.11891176634226505
intel,A,dis_deblock_en_sao,superfast,27,RitualDance,71732015953.0,2300661923.0,115447220.0,1872741310.0,396237006082.0,28351222.0,199706127335.0,5982292.0,91218447189.0,725939715022.0,4349105995.0,199912329300.0,91314032963.0,2249867303.0,65378540.0,423369182.0,46963549.0,281467380.0,1.832084595530608,0.061646111709897616,0.021755066384492375,0.1544244191113561
intel,A,dis_deblock_en_sao,superfast,27,Riverbed,95071633506.0,3849839056.0,130771608.0,2154622289.0,550081496963.0,30467411.0,263179525885.0,8200487.0,121399741737.0,970704385285.0,5203604070.0,263575101158.0,121719552786.0,2801063377.0,73783756.0,529577770.0,53884561.0,316698684.0,1.7646555840257472,0.060693518612347376,0.019742396179071184,0.1393256291705749
intel,A,dis_deblock_en_sao,superfast,27,RushFieldCuts,103194886855.0,4674158156.0,127177063.0,2160023952.0,600535047641.0,35081936.0,279105592895.0,7643050.0,127032196579.0,1048423255530.0,5109260248.0,279431146550.0,127264266664.0,2871146654.0,70054918.0,526746712.0,58404405.0,330118900.0,1.7458152686481467,0.05887761702005423,0.018284505185200514,0.13299545379981415
intel,A,dis_deblock_en_sao,superfast,27,Skater227,,,14079.0,29843.0,1997508.0,,,,,961580.0,43503.0,806471.0,302267.0,7936.0,7382.0,18048.0,,,0.4813898117053849,0.4717689240357873,0.05394242322414569,0.409020390070922
intel,A,dis_deblock_en_sao,superfast,27,Tango,337656712835.0,11460433999.0,1303256974.0,1737142222.0,1615931913090.0,19143481.0,944922474244.0,10137136.0,431298148781.0,3436890710945.0,20839770716.0,946381556800.0,432346467089.0,32131026843.0,227508356.0,269570040.0,201194562.0,247377821.0,2.1268784180225424,0.7502304402569521,0.02202047426459315,0.8439675121167026
intel,A,dis_deblock_en_sao,superfast,27,TimeLapse,323768488589.0,11486923436.0,489626567.0,8054337865.0,1818727696549.0,100220858.0,900152085692.0,19942583.0,412664154559.0,3295369866260.0,20293797006.0,901126759902.0,413512770511.0,10057440672.0,294450540.0,1973844079.0,188173504.0,1189080719.0,1.811909431254002,0.06079041818293526,0.022520468716528855,0.14917619032460566
intel,A,dis_deblock_en_sao,superfast,27,ToddlerFountain,107998193597.0,5079571313.0,133349764.0,2159564001.0,620013582410.0,30009122.0,287635622219.0,8097126.0,129611373909.0,1088351845565.0,5164282010.0,287743140302.0,129810314738.0,2862381950.0,73053880.0,506270053.0,58300569.0,321864698.0,1.7553677474847627,0.06174846586544855,0.017947541701879816,0.14429824471565178
intel,A,dis_deblock_en_sao,superfast,27,TreesAndGrass_1920_1080,126370237010.0,6472495433.0,147407539.0,2289334115.0,730487071058.0,33914316.0,325496889494.0,8503955.0,143976000509.0,1273704375147.0,5310832917.0,325900778906.0,144233885313.0,3018775198.0,80597084.0,543517826.0,65604258.0,326808403.0,1.7436371232446755,0.06438882731627839,0.016295858312544292,0.1482878392290302
intel,A,dis_deblock_en_sao,superfast,27,TunnelFlag,91268115303.0,3805688204.0,132739117.0,2174281462.0,524063374698.0,30907385.0,250118559488.0,6914396.0,113975525105.0,928428164449.0,4930762220.0,250736724044.0,114242937749.0,2674232713.0,77740707.0,553635640.0,55524322.0,306233142.0,1.771595210186214,0.0610496475823791,0.019665097878261883,0.1404185377227521
intel,A,dis_deblock_en_sao,superfast,27,Vertical_Carnaby,71202233559.0,2304452648.0,98943322.0,1629739516.0,490837310068.0,24260792.0,241001877181.0,6710732.0,103792949843.0,870547591536.0,3652450296.0,241076448101.0,103961816275.0,10219168009.0,63622087.0,564478133.0,50327236.0,385746693.0,1.7735970222300244,0.06071112655036095,0.015150589469734474,0.11270956885764785
intel,A,dis_deblock_en_sao,superfast,27,Vertical_bees,79081959410.0,2833680942.0,125741573.0,2036877956.0,452629799940.0,27976610.0,220321852090.0,7280361.0,101164522790.0,806572853282.0,3989450897.0,220437466510.0,101274939113.0,2609004580.0,71967613.0,469596559.0,52750485.0,301433798.0,1.7819702843005878,0.0617325022491431,0.018097880365627508,0.15325413191539167
intel,A,dis_deblock_en_sao,superfast,27,WalkingInStreet,125136009436.0,6012964016.0,417178238.0,573161931.0,630839372453.0,8875092.0,324657393025.0,5047908.0,141734045979.0,1274528155532.0,4746303138.0,325284467626.0,142030620462.0,8998173031.0,63581742.0,76952982.0,76635609.0,88152247.0,2.0203687518362012,0.7278540591000975,0.014591238163443829,0.8262414314236711
intel,A,dis_deblock_en_sao,superfast,27,WorldCup_1920x1080_30p,70079381930.0,2263682386.0,113101132.0,1908470619.0,391004910761.0,32021726.0,196569118874.0,5640334.0,89805011996.0,714938359028.0,4503267041.0,196811041881.0,89986182888.0,2318174712.0,66328135.0,445283009.0,44945307.0,283072941.0,1.828463887158192,0.05926270536942439,0.022881170680062044,0.14895725563155274
intel,A,dis_deblock_en_sao,superfast,27,WorldCup_far_1920x1080_30p,91813268231.0,4018030418.0,153673938.0,2568319180.0,545339688322.0,37521992.0,251208414477.0,12266288.0,114504844771.0,935510870518.0,5252698576.0,251905702031.0,115077174003.0,2970335297.0,86076353.0,612075831.0,64993208.0,356196542.0,1.7154644903923084,0.05983443926934346,0.02085184469287477,0.1406302105727158
intel,A,dis_deblock_en_sao,superfast,32,Aerial3200,98218416946.0,4131922501.0,143156119.0,1948084921.0,567620077285.0,24580411.0,267572993724.0,5823338.0,121043550418.0,1006774361115.0,4464112259.0,267869881055.0,121237780206.0,2726763343.0,87692329.0,490399776.0,54858024.0,295479621.0,1.773676445573475,0.07348556392834991,0.01666522656977405,0.17881804456615413
intel,A,dis_deblock_en_sao,superfast,32,Boat,98965374124.0,4443233219.0,136063132.0,1774537714.0,686088155824.0,27098949.0,319689630262.0,7988024.0,135690551122.0,1204417118342.0,4843026355.0,320056894118.0,135922574790.0,11697525994.0,84558893.0,609760259.0,71607648.0,410746907.0,1.755484492944614,0.07667525515324156,0.015131767020192515,0.13867563809205216
intel,A,dis_deblock_en_sao,superfast,32,BoxingPractice,281260596339.0,7917926094.0,450518123.0,7651056310.0,1522290544579.0,100555814.0,785478794420.0,16059708.0,360794201172.0,2837522876389.0,18839262985.0,786281161505.0,361326926147.0,9087951073.0,277096938.0,1832394677.0,173624621.0,1126219001.0,1.8639824614911056,0.058883127341667674,0.02395995721039566,0.151221208770189
intel,A,dis_deblock_en_sao,superfast,32,Crosswalk,280515232580.0,7201903883.0,444311693.0,7837863703.0,1473307653382.0,101236634.0,777009097239.0,15110273.0,358021300079.0,2794024314994.0,18467746104.0,777843943678.0,358624507372.0,8992536034.0,273422096.0,1847863320.0,169906568.0,1141884830.0,1.8964296483360248,0.05668785651757843,0.023742225229235695,0.14796662341887928
intel,A,dis_deblock_en_sao,superfast,32,CrowdRun,107164724899.0,4979065039.0,141839537.0,1946897636.0,740087815215.0,28675867.0,341643219774.0,8500086.0,144511249906.0,1296847062049.0,4942328964.0,342055338985.0,144826701320.0,11937369287.0,86298992.0,655766789.0,75028249.0,433569718.0,1.7522880871538982,0.07285413181322492,0.014448916303033452,0.13160012591000547
intel,A,dis_deblock_en_sao,superfast,32,DinnerSceneCropped,77209950660.0,2388332207.0,119014957.0,1623389333.0,506290841595.0,37796951.0,251677125399.0,6675810.0,109087930281.0,907139784802.0,4394053925.0,252026465248.0,109326437045.0,9624972282.0,77197686.0,550142012.0,62941306.0,386546862.0,1.7917365084941697,0.07331263953796104,0.017434890897970366,0.14032319713114366
intel,A,dis_deblock_en_sao,superfast,32,FoodMarket,79727316411.0,2696204174.0,114718352.0,2040172348.0,439318949897.0,27812200.0,220430580206.0,5854374.0,101629832351.0,802248298702.0,4680072581.0,220724428461.0,101828612678.0,2421362996.0,66358616.0,490430856.0,47337174.0,300622028.0,1.826118128731051,0.05622973574387452,0.02120323796342699,0.1353067719703183
intel,A,dis_deblock_en_sao,superfast,32,FoodMarket2,304295962457.0,10028541068.0,489630574.0,8317289735.0,1712267219802.0,109724794.0,854872278540.0,19408374.0,394658668459.0,3100352395617.0,20250809830.0,855664415186.0,395361390757.0,10117056960.0,304052680.0,2089914170.0,187719064.0,1211484502.0,1.810670881134729,0.05886900536115567,0.0236667663988317,0.1454857258563877
intel,A,dis_deblock_en_sao,superfast,32,MeridianTalk_sdr,69077684357.0,1818873621.0,104037119.0,1876730446.0,366802918944.0,27354871.0,192483884896.0,5533728.0,88418012268.0,693663333210.0,4254969026.0,192617028307.0,88494207901.0,2143984690.0,59690088.0,445341697.0,43799635.0,284212705.0,1.8911063608954048,0.055435301975167085,0.02209030563600159,0.13403211152716293
intel,A,dis_deblock_en_sao,superfast,32,Motorcycle,91003448020.0,3841025940.0,127169218.0,2042317313.0,521263596229.0,29595907.0,246313037190.0,7365411.0,111344406996.0,923285977248.0,4775409687.0,246522219291.0,111528438193.0,2591004977.0,70979247.0,490215702.0,56072550.0,311080367.0,1.7712458416957717,0.062267120388456505,0.019371112675904505,0.14479186756037446
intel,A,dis_deblock_en_sao,superfast,32,MountainBike,93043072318.0,3991893507.0,134579783.0,2105475302.0,535162136117.0,29551301.0,252363997964.0,7669095.0,114604115004.0,944405709305.0,5029893761.0,252821951716.0,114848968724.0,2667416618.0,75230460.0,481077314.0,56894657.0,306896346.0,1.7647095068372494,0.06391895591088724,0.019895004080382153,0.15637914699091382
intel,A,dis_deblock_en_sao,superfast,32,Neon1224,269548966264.0,7610490877.0,486438097.0,7622685943.0,1492022011816.0,120755605.0,757850489353.0,26433644.0,346731245199.0,2744372777158.0,18495566894.0,759078739450.0,347389404537.0,8887404781.0,298958992.0,1881078997.0,179237009.0,1119427386.0,1.8393648052267764,0.06381452687903293,0.0243658080944293,0.15892952527607218
intel,A,dis_deblock_en_sao,superfast,32,NocturneDance_3840x2160p_8bit,274482253410.0,8083621151.0,474017115.0,8109116869.0,1539887983612.0,98529626.0,775657891854.0,16344662.0,355716429759.0,2815767141495.0,19284774720.0,776750434891.0,356406565538.0,9447814931.0,290229668.0,2031172353.0,180579122.0,1171407001.0,1.828553226897885,0.058454838258910784,0.024827504245564017,0.14288776015060303
intel,A,dis_deblock_en_sao,superfast,32,OldTownCross,89289617452.0,3405118898.0,127160320.0,2094076537.0,497123946392.0,33521800.0,242493005294.0,6788050.0,111051478647.0,893249449270.0,4838603038.0,243005968902.0,111273451598.0,2589028185.0,72656531.0,508421214.0,55011265.0,312442476.0,1.7968344831364065,0.06072381680097111,0.019911457565683594,0.14290617503619746
intel,A,dis_deblock_en_sao,superfast,32,PedestrianArea,71449963719.0,2153777977.0,115221694.0,1910645285.0,392686431568.0,28394411.0,200197947158.0,5760493.0,91927415318.0,724495851752.0,4451187805.0,200446510060.0,92104684525.0,2310223161.0,66777042.0,436051971.0,46854141.0,283101009.0,1.8449729695499852,0.06030512042427593,0.02220636220439866,0.15314009898145833
intel,A,dis_deblock_en_sao,superfast,32,PierSeaSide,271274843963.0,7198602174.0,1105001247.0,1469646090.0,1247801209744.0,12701531.0,774545005460.0,7775762.0,350220271956.0,2798085511271.0,18364699978.0,775716580247.0,351026435497.0,26352140137.0,204745301.0,240262710.0,173752673.0,219626217.0,2.242412885498851,0.7518825481310266,0.023674497162549237,0.8521726113885921
intel,A,dis_deblock_en_sao,superfast,32,RitualDance,64322018170.0,1707856101.0,285643552.0,396846546.0,299310165784.0,5684203.0,184312212742.0,2808055.0,82923495820.0,664622585217.0,4087394180.0,184838869278.0,83182519713.0,6567116279.0,50395421.0,62157939.0,45666234.0,53353502.0,2.2205145738238343,0.7197833895220547,0.022113282752517314,0.8107640280672755
intel,A,dis_deblock_en_sao,superfast,32,Riverbed,83518513893.0,3056773460.0,127071144.0,1923794648.0,582761818725.0,41071522.0,278919335802.0,7535233.0,120600537540.0,1016082120818.0,4738939021.0,279261376737.0,120754269364.0,11739058901.0,81774794.0,639106687.0,65746116.0,420434225.0,1.743563301798054,0.0660523430253352,0.016969546868140634,0.12795171082289114
intel,A,dis_deblock_en_sao,superfast,32,RushFieldCuts,88798570701.0,3561025461.0,117838524.0,2063254761.0,507894290744.0,29868244.0,244385014841.0,7107707.0,111919246604.0,904442872399.0,4881463944.0,244828051608.0,112154718213.0,2655473971.0,66305284.0,487519960.0,51006468.0,310561295.0,1.7807699139009954,0.05711292964271997,0.019938335954312245,0.1360052704303635
intel,A,dis_deblock_en_sao,superfast,32,Skater227,,,11454.0,26059.0,4252271.0,,,,,0.0,43804.0,829749.0,304431.0,14586.0,4283.0,18300.0,,,0.0,0.43954104148278905,0.052791868384294525,0.23404371584699454
intel,A,dis_deblock_en_sao,superfast,32,Tango,288385753174.0,7830032235.0,1144513653.0,1532265016.0,1315267930382.0,14373813.0,810534718425.0,8885488.0,369755056049.0,2916582106554.0,18965112228.0,811800284469.0,370550532600.0,27860479177.0,215134760.0,252494148.0,181746088.0,226575392.0,2.2174813505161053,0.7469423637875447,0.023361795494325446,0.8520385985341727
intel,A,dis_deblock_en_sao,superfast,32,TimeLapse,291029845965.0,9568714502.0,467827233.0,6914510416.0,2002296034508.0,174260059.0,977174369965.0,26808954.0,419999073404.0,3539676587450.0,18878828086.0,978534537651.0,420758286297.0,39486094808.0,334424764.0,2319182445.0,222822252.0,1530478848.0,1.7678088186993597,0.06765876466357759,0.019292960401090353,0.1441994202400924
intel,A,dis_deblock_en_sao,superfast,32,ToddlerFountain,91578021294.0,3723487687.0,122609403.0,2062172441.0,517634401481.0,28328282.0,249554079412.0,6916050.0,113639069434.0,925393880386.0,4893028981.0,249601719351.0,113774433795.0,2615854365.0,67359043.0,512771812.0,52015781.0,310227042.0,1.7877364366401505,0.059456425933295656,0.019603346458199774,0.13136260891033535
intel,A,dis_deblock_en_sao,superfast,32,TreesAndGrass_1920_1080,111807360374.0,5421544445.0,140526796.0,2153528388.0,639678009271.0,30537911.0,294166718876.0,8046766.0,131571932771.0,1126854583643.0,5143318853.0,294727434095.0,131910607673.0,2700398310.0,78855136.0,523397226.0,59999640.0,319233858.0,1.7615965646954221,0.06525421108124255,0.01745110314821302,0.15066021003328742
intel,A,dis_deblock_en_sao,superfast,32,TunnelFlag,78864521015.0,2820720516.0,118490845.0,2003202131.0,444692284826.0,27796177.0,218974160420.0,6379268.0,100037461305.0,801432900442.0,4577936044.0,219252814075.0,100253820740.0,2477683153.0,66612698.0,478076043.0,49992497.0,301367798.0,1.802219035024604,0.05915071832558868,0.02087971396542268,0.13933494257941723
intel,A,dis_deblock_en_sao,superfast,32,Vertical_Carnaby,64299832634.0,1754849888.0,126453499.0,1916329339.0,354702118517.0,36203378.0,182309040003.0,7391512.0,83444144103.0,658376202039.0,3622615462.0,182729979079.0,83659941252.0,2172191978.0,71890073.0,440295440.0,52306807.0,290826731.0,1.8561383416362247,0.06598735218758763,0.01982496512208228,0.16327689653111102
intel,A,dis_deblock_en_sao,superfast,32,Vertical_bees,70612926110.0,2191251409.0,306701491.0,421683251.0,336569498332.0,4860934.0,201642416370.0,3355766.0,91345223490.0,732372914842.0,3704257431.0,202146222812.0,91682043589.0,7381909047.0,51373822.0,66713090.0,52193416.0,66871892.0,2.175993126149448,0.7273267085488297,0.01832464331745161,0.7700710909957851
intel,A,dis_deblock_en_sao,superfast,32,WalkingInStreet,109351196544.0,4800338464.0,138538015.0,2097678257.0,623553595316.0,29923017.0,290331922659.0,8062673.0,129828353755.0,1111027723354.0,4781286006.0,290753695298.0,130105907447.0,2793606048.0,77513948.0,526054642.0,61320195.0,321471140.0,1.781767809054106,0.06604350049284036,0.016444454819738583,0.14734961316052791
intel,A,dis_deblock_en_sao,superfast,32,WorldCup_1920x1080_30p,63148990481.0,1695963357.0,279657927.0,380662794.0,294399199795.0,5726679.0,181543778894.0,2924815.0,81553560948.0,655716111317.0,4107685307.0,182001047423.0,81795183513.0,6670487693.0,48720667.0,63595109.0,43360233.0,55697148.0,2.2273026277707175,0.7346605221418093,0.022569569599525833,0.7661071388367303
intel,A,dis_deblock_en_sao,superfast,32,WorldCup_far_1920x1080_30p,81519709760.0,3114313875.0,116777208.0,2039252115.0,469730446483.0,27861938.0,226462878099.0,6629335.0,103687062026.0,832109021675.0,4666081145.0,226768803607.0,103871586191.0,2662327621.0,65567237.0,490261666.0,50272999.0,304826813.0,1.771460691775948,0.057264723248797514,0.02057638030796563,0.13373926934764668
intel,A,dis_deblock_en_sao,superfast,37,Aerial3200,87370009211.0,3279759800.0,135101506.0,1927409388.0,506945592787.0,29386810.0,242150866750.0,5707306.0,110241798381.0,897628029792.0,4413433219.0,242430668737.0,110448475269.0,2712556230.0,84770305.0,488037239.0,51364158.0,296480577.0,1.7706594998827625,0.07009486767115404,0.018204929442272408,0.17369638672183374
intel,A,dis_deblock_en_sao,superfast,37,Boat,85605172874.0,3310066675.0,113954985.0,2090439951.0,484089435523.0,28535024.0,236030817272.0,6473196.0,108158942545.0,869791310876.0,4852961371.0,236457512765.0,108359799875.0,2517435943.0,64781039.0,541312886.0,48227827.0,314123061.0,1.7967574729993763,0.054512441242565976,0.020523608297542434,0.11967392736333271
intel,A,dis_deblock_en_sao,superfast,37,BoxingPractice,258300305040.0,6161261711.0,433531184.0,7145083523.0,1361794082466.0,96406968.0,727296673716.0,15391189.0,332568292018.0,2616966534540.0,18225655264.0,728119046006.0,333182751026.0,7957935131.0,265437086.0,1745695448.0,165688596.0,1100107973.0,1.921705027386428,0.06067545363248233,0.02503114753552239,0.15205234469970388
intel,A,dis_deblock_en_sao,superfast,37,Crosswalk,260476816875.0,5773291473.0,425201132.0,7397056348.0,1344784237892.0,113833752.0,728242037357.0,14458190.0,333629864977.0,2613523884113.0,17899428815.0,728971056147.0,334192733946.0,7990151407.0,268382998.0,1791836380.0,162477704.0,1105865455.0,1.9434521988522093,0.05748247843413616,0.024554375189610417,0.14978097386324973
intel,A,dis_deblock_en_sao,superfast,37,CrowdRun,91579608044.0,3758261517.0,131362714.0,1875803396.0,631816398591.0,27247650.0,298887031720.0,8174851.0,127696971791.0,1109409275093.0,4659386584.0,299341034648.0,128067757392.0,11218386108.0,81237845.0,614432733.0,71848381.0,434477816.0,1.7559045279088505,0.0700301077821484,0.015565478984460144,0.13221601102426944
intel,A,dis_deblock_en_sao,superfast,37,DinnerSceneCropped,65952991521.0,1370134342.0,96005221.0,1745175543.0,332439160964.0,27298840.0,182425017569.0,5075843.0,83702442960.0,654443543267.0,4038044965.0,182606178290.0,83845091079.0,1880581437.0,52804041.0,419608882.0,40745359.0,268284436.0,1.9686114637314647,0.05501178456521608,0.022113408225361966,0.12584109456481907
intel,A,dis_deblock_en_sao,superfast,37,FoodMarket,71419113767.0,2051370053.0,109371575.0,1954328682.0,387336840465.0,28145702.0,199197374567.0,5164589.0,91687624684.0,720579405707.0,4436211309.0,199672009696.0,91911711714.0,2277900152.0,62342167.0,462052926.0,43663410.0,290213053.0,1.8603430668818914,0.055963756765864216,0.02221749215503023,0.13492429869386868
intel,A,dis_deblock_en_sao,superfast,37,FoodMarket2,279010644235.0,8123242421.0,482849374.0,8332558245.0,1538637275395.0,114675428.0,787217718464.0,24109431.0,362178748487.0,2843496943891.0,19636159317.0,787817857473.0,362860737808.0,9482386148.0,294050687.0,2048950610.0,183825603.0,1218502114.0,1.848061911252615,0.057947314594498825,0.024924745143483838,0.14351282337645024
intel,A,dis_deblock_en_sao,superfast,37,MeridianTalk_sdr,64996165199.0,1726269329.0,114200549.0,1445822957.0,427406947454.0,35304618.0,217268232904.0,6144082.0,93476879469.0,775943388154.0,3953510557.0,217426335096.0,93588673770.0,7768882774.0,74489345.0,482642499.0,55833259.0,354979987.0,1.8154674199288994,0.07898653735375707,0.018183218492159245,0.15433648125545613
intel,A,dis_deblock_en_sao,superfast,37,Motorcycle,81059720583.0,3060354363.0,123934758.0,2045423547.0,458831349331.0,29208219.0,222831028748.0,6749747.0,101232740018.0,823821511631.0,4654399156.0,223180980150.0,101473948812.0,2476152406.0,70653817.0,476063254.0,51868683.0,297856574.0,1.795477821714176,0.06059124438152368,0.020854819944207507,0.14841266660753447
intel,A,dis_deblock_en_sao,superfast,37,MountainBike,82693102196.0,3154249093.0,122100718.0,1984270890.0,468894392741.0,33007245.0,227833134900.0,6360854.0,103988059625.0,840526531796.0,4926499749.0,227998727598.0,104108080404.0,2499039330.0,70714714.0,474595186.0,52091814.0,302084775.0,1.7925710880920598,0.06153429887791177,0.021607575625098425,0.14900006592144405
intel,A,dis_deblock_en_sao,superfast,37,Neon1224,247786131278.0,6203835061.0,437859719.0,7071754743.0,1363605532414.0,91456592.0,700672026042.0,15190624.0,318923342587.0,2527673001219.0,18608856711.0,701506807321.0,319441466418.0,8529182521.0,273185590.0,1690945491.0,168447261.0,1105368032.0,1.8536687782017454,0.06191670029753463,0.026526979520078754,0.16155789258377695
intel,A,dis_deblock_en_sao,superfast,37,NocturneDance_3840x2160p_8bit,245954462501.0,5830573806.0,1052493199.0,1337702894.0,1127532591569.0,13284286.0,711128096813.0,7722112.0,319952281101.0,2565673347224.0,18407143973.0,711987355759.0,320699798701.0,26303546964.0,199633363.0,231733523.0,169340382.0,205320507.0,2.2754759963557047,0.7867914495219743,0.02585318941988433,0.8614781340893868
intel,A,dis_deblock_en_sao,superfast,37,OldTownCross,75952264410.0,2341041794.0,111641511.0,1947624018.0,411644650523.0,28779006.0,209870823177.0,5714779.0,96403834494.0,762962601223.0,4498141993.0,209925091926.0,96439898436.0,2286712391.0,66092327.0,465219100.0,47142938.0,293921001.0,1.8534495717450619,0.05732190092554096,0.021427367027594898,0.14206709698720452
intel,A,dis_deblock_en_sao,superfast,37,PedestrianArea,64421777971.0,1603873698.0,281328994.0,398632643.0,295079808847.0,5456779.0,184892768823.0,2989200.0,83559908863.0,665377423094.0,4177835888.0,185650501558.0,83941128319.0,6560734405.0,49691341.0,66926434.0,45286093.0,62396051.0,2.2549066494719083,0.7057349641082956,0.022503768387045167,0.7424770457664007
intel,A,dis_deblock_en_sao,superfast,37,PierSeaSide,251720209389.0,5898540210.0,460325908.0,7114038634.0,1328447116531.0,84742051.0,709597598747.0,14854271.0,323421510754.0,2564113825403.0,18128325843.0,711085459158.0,324154510752.0,7930928358.0,275811197.0,1691368855.0,170605529.0,1081345211.0,1.930158749637487,0.06470669217341223,0.025493877858880486,0.16306980951236683
intel,A,dis_deblock_en_sao,superfast,37,RitualDance,59926380787.0,1358897631.0,270217782.0,366311325.0,269741052031.0,5542614.0,172517368997.0,2888141.0,77304583770.0,619468562416.0,3912934982.0,172870002015.0,77508889046.0,6069079415.0,47828429.0,60699474.0,43836114.0,54101409.0,2.29653053456916,0.7376724757281256,0.02263513007687981,0.7879545875471672
intel,A,dis_deblock_en_sao,superfast,37,Riverbed,72537085843.0,2178724991.0,294573803.0,392507317.0,343997239318.0,4937067.0,207414300393.0,2952051.0,94657204612.0,750137105678.0,4587749587.0,208060357158.0,95002090353.0,7616771141.0,50679130.0,63928861.0,45880378.0,57029133.0,2.180648621381969,0.7504925137484761,0.022050089933836295,0.7927425767839036
intel,A,dis_deblock_en_sao,superfast,37,RushFieldCuts,76854822744.0,2628347641.0,305360651.0,393217710.0,372415978370.0,5914811.0,217677627537.0,3081851.0,98814968648.0,795456690140.0,4584710271.0,217981922340.0,99001129048.0,7679278927.0,49907163.0,62376691.0,50164229.0,61201576.0,2.1359359864782808,0.7765689164915792,0.0210325251827486,0.800093146973763
intel,A,dis_deblock_en_sao,superfast,37,Skater227,,,13649.0,26470.0,2431000.0,,,,,583234.0,42701.0,806472.0,302267.0,8061.0,4899.0,16938.0,,,0.23991526120937887,0.5156403475632791,0.05294790147705066,0.28923131420474674
intel,A,dis_deblock_en_sao,superfast,37,Tango,268953229919.0,6458777029.0,430744358.0,7454746426.0,1397483783257.0,123391414.0,749290055447.0,15363398.0,344160022573.0,2693858516074.0,18205242076.0,750132742678.0,344813995300.0,8160907715.0,264471592.0,1785283193.0,166380825.0,1102216285.0,1.9276492137859706,0.057781221973920965,0.02426936066142994,0.1481398542466422
intel,A,dis_deblock_en_sao,superfast,37,TimeLapse,261376619611.0,6876904706.0,441318725.0,7277977431.0,1407195153564.0,97615406.0,737212866920.0,15543424.0,336770591968.0,2661807940286.0,19248216632.0,737926480062.0,337521770434.0,8364085254.0,268210110.0,1762825783.0,166501169.0,1108372955.0,1.891569860473471,0.06063755063600994,0.026084192872957723,0.1521478257162523
intel,A,dis_deblock_en_sao,superfast,37,ToddlerFountain,78378865450.0,2664965122.0,108654295.0,1949300371.0,432832020152.0,26791242.0,217771782071.0,5766206.0,99734266657.0,795903804512.0,4666936147.0,217958413067.0,99878757794.0,2387376239.0,62059052.0,447015378.0,45685927.0,296622647.0,1.8388283848142706,0.05574014996173209,0.021412048662537254,0.138829792115116
intel,A,dis_deblock_en_sao,superfast,37,TreesAndGrass_1920_1080,98336578549.0,4290067880.0,135161270.0,2038780544.0,562578718698.0,35004437.0,264546371431.0,9573953.0,119645778806.0,992612412846.0,5032973913.0,265133121567.0,120041959594.0,2581347664.0,75111425.0,486434491.0,55692087.0,308295990.0,1.764397372057097,0.06629515393295807,0.018982818454570758,0.15441221046144937
intel,A,dis_deblock_en_sao,superfast,37,TunnelFlag,72067746175.0,2410546671.0,113266648.0,1563213293.0,492999272864.0,24550728.0,239935749102.0,6447729.0,103090176835.0,870646842764.0,4164779446.0,240232037632.0,103275083614.0,9486873086.0,70814840.0,516852642.0,57801814.0,379820109.0,1.7660205413815666,0.07245757729108564,0.017336486369814785,0.1370116629876877
intel,A,dis_deblock_en_sao,superfast,37,Vertical_Carnaby,59420028323.0,1340190211.0,273089924.0,369747391.0,270199034029.0,4538569.0,172007439357.0,3147005.0,77260593242.0,618474749435.0,3386985208.0,172373261384.0,77439169604.0,6413281743.0,49110098.0,61844327.0,45463668.0,60687218.0,2.288959883434003,0.7385851277041194,0.019649133402742394,0.7940922050942523
intel,A,dis_deblock_en_sao,superfast,37,Vertical_bees,66865334048.0,1912735341.0,118655720.0,1815260891.0,368836154048.0,27894052.0,188536874610.0,6499669.0,86223984742.0,681837992981.0,3792855148.0,188572977852.0,86334993587.0,2212552463.0,68854829.0,410478908.0,48553082.0,280454366.0,1.8486202762331867,0.06536565657768033,0.020113460535033774,0.16774267242008936
intel,A,dis_deblock_en_sao,superfast,37,WalkingInStreet,93037475366.0,3643630988.0,354286962.0,526973070.0,457492194287.0,9046459.0,256750315900.0,5224581.0,115063706469.0,960596066928.0,4740665345.0,257590338413.0,115666896240.0,8797488036.0,57674829.0,87084764.0,64870105.0,93363562.0,2.0996993586417045,0.6723056303427422,0.01840389423845234,0.662283806613979
intel,A,dis_deblock_en_sao,superfast,37,WorldCup_1920x1080_30p,60643375304.0,1501370966.0,103594063.0,1738641421.0,325036303354.0,27759102.0,171602157983.0,5075058.0,77934619965.0,619027293946.0,4056422649.0,172042409054.0,78086591392.0,1981404935.0,60558341.0,397706835.0,43205722.0,273447426.0,1.9044866298267358,0.05958334004283451,0.023578039108524608,0.152268796185009
intel,A,dis_deblock_en_sao,superfast,37,WorldCup_far_1920x1080_30p,73587165121.0,2520768881.0,123160471.0,2267947596.0,421660780837.0,32623527.0,206634403686.0,8487796.0,94732674750.0,752393267089.0,4666634729.0,207097133759.0,94966523936.0,2617588451.0,68171771.0,559331881.0,52809245.0,335147243.0,1.7843567656339614,0.05430481339922459,0.022533555362627987,0.12188071754129101
intel,A,dis_deblock_en_sao,veryfast,22,Aerial3200,130273356757.0,6536297045.0,207360791.0,2217600918.0,748000563273.0,29437068.0,334773845294.0,10887115.0,146539340855.0,1319612567771.0,4955771027.0,335232726077.0,146817528797.0,2896720235.0,115862647.0,546341546.0,90790387.0,404503112.0,1.7641865963266354,0.09350681149023586,0.014783076476434771,0.21206999147013433
intel,A,dis_deblock_en_sao,veryfast,22,Boat,133266916865.0,7033332686.0,208019472.0,2298384218.0,774203197651.0,36360464.0,343961643291.0,13792402.0,151478920177.0,1346152290994.0,4961153507.0,344458695171.0,151778915360.0,2933129451.0,110970331.0,575071950.0,97847294.0,413587746.0,1.7387583712884982,0.09050683100365772,0.014402753005079838,0.19296773386356264
intel,A,dis_deblock_en_sao,veryfast,22,BoxingPractice,409747190876.0,17469615480.0,635023015.0,9000153145.0,2344662715710.0,88210297.0,1121543566567.0,20731351.0,508981720412.0,4169209621779.0,20037103360.0,1122614156511.0,509729580049.0,10937738753.0,366386812.0,2324481854.0,272394363.0,1604385294.0,1.7781703073298962,0.07055691217352057,0.01784861097981679,0.1576208527373602
intel,A,dis_deblock_en_sao,veryfast,22,Crosswalk,408559824132.0,16405940770.0,677812478.0,9186717978.0,2321735770316.0,100948227.0,1124580661797.0,31332227.0,512267568193.0,4149556908304.0,20577286208.0,1125357182031.0,513007680161.0,11036074832.0,383968926.0,2382558067.0,288791841.0,1617986512.0,1.7872649253877948,0.0737817879707638,0.01828511563845261,0.16115826569695102
intel,A,dis_deblock_en_sao,veryfast,22,CrowdRun,158148125148.0,8700830537.0,230498546.0,2388070083.0,904228852462.0,39300276.0,399028983958.0,14196013.0,173713238506.0,1582767012781.0,5176236019.0,399385281017.0,174035243110.0,3029262952.0,121663643.0,596450434.0,108560540.0,418774131.0,1.7504053409394116,0.09652084653664664,0.012960507722816332,0.20397946931496408
intel,A,dis_deblock_en_sao,veryfast,22,DinnerSceneCropped,138499399168.0,7002526397.0,212301070.0,2385476534.0,791089502111.0,36077027.0,362747200197.0,12242955.0,161313106868.0,1383665846742.0,5110991071.0,363049178659.0,161546406123.0,3079243265.0,112732741.0,575982870.0,99063717.0,428505457.0,1.7490635927410574,0.08899734161040379,0.014077957950155793,0.19572238493828817
intel,A,dis_deblock_en_sao,veryfast,22,FoodMarket,129565591334.0,6442082231.0,212635980.0,2404413846.0,752757747248.0,39796290.0,343585515040.0,12993481.0,153578152734.0,1308377380102.0,5052172733.0,344218307547.0,153922262089.0,3017295740.0,114262512.0,630360407.0,98529765.0,417636380.0,1.7381121415027405,0.08843568271482995,0.014677234249982971,0.18126536935242507
intel,A,dis_deblock_en_sao,veryfast,22,FoodMarket2,428343175820.0,18698382499.0,778258036.0,7898684812.0,2995854423208.0,107165628.0,1405148632379.0,42516104.0,595541728478.0,5281796979354.0,19898021085.0,1406275710515.0,596329066172.0,51291842805.0,471614475.0,2767634519.0,419869525.0,2054880687.0,1.7630352591359173,0.09853007868064809,0.014149445187894938,0.1704034516704913
intel,A,dis_deblock_en_sao,veryfast,22,MeridianTalk_sdr,104318164190.0,4400993728.0,195924205.0,2560311304.0,594566616843.0,36532408.0,282444783510.0,13595860.0,127722002827.0,1049355281880.0,4897465009.0,283066004322.0,128136227564.0,2895089092.0,107263053.0,671017778.0,88049735.0,430879914.0,1.7649078373283285,0.07652358707080098,0.017301494825316142,0.15985128340370142
intel,A,dis_deblock_en_sao,veryfast,22,Motorcycle,120802149848.0,5927035084.0,172208572.0,1928373829.0,829708133493.0,31665727.0,373655119823.0,13395530.0,156427045686.0,1457958732686.0,4635480273.0,373896171541.0,156625239040.0,12666203009.0,93945250.0,661451411.0,106079340.0,535541188.0,1.757194697547581,0.08930248347609161,0.012397774103690418,0.14202895093680584
intel,A,dis_deblock_en_sao,veryfast,22,MountainBike,121034483236.0,5994943049.0,481143999.0,622533047.0,623976559673.0,10782643.0,319937987775.0,6312194.0,141423463127.0,1238267991941.0,4742840671.0,320385172378.0,141727301469.0,9012018323.0,74958146.0,88932051.0,92044987.0,111078712.0,1.9844783794281062,0.7728810563851078,0.014803558591045702,0.8428698670179101
intel,A,dis_deblock_en_sao,veryfast,22,Neon1224,343348193563.0,12585120745.0,705947397.0,8573257385.0,1945280218399.0,99944087.0,947470902621.0,31241283.0,433518587083.0,3480707951880.0,18537404892.0,948378417304.0,434340822210.0,10079239427.0,395850168.0,2174292357.0,299416248.0,1541724073.0,1.789309282518014,0.08234296082550191,0.019546422138851657,0.18205931080316076
intel,A,dis_deblock_en_sao,veryfast,22,NocturneDance_3840x2160p_8bit,363871946976.0,14695856621.0,746380283.0,9024535542.0,2134634476831.0,152553978.0,1006657783825.0,41590276.0,461569552295.0,3718149854667.0,19597763006.0,1008285796736.0,462508673514.0,11029917519.0,419331374.0,2319880447.0,303440244.0,1570672099.0,1.74182038893461,0.08270567272147822,0.019436714341748575,0.1807555964973397
intel,A,dis_deblock_en_sao,veryfast,22,OldTownCross,160586973649.0,8830484564.0,240859746.0,2433941371.0,917256270501.0,39409522.0,407159407814.0,14244532.0,177147590665.0,1597255748826.0,5195093806.0,407506865044.0,177407221284.0,3136691410.0,127545885.0,629615365.0,112656579.0,428875166.0,1.7413407792280213,0.09895872960203692,0.012748481686165132,0.20257746568811896
intel,A,dis_deblock_en_sao,veryfast,22,PedestrianArea,106119494699.0,4671462953.0,191825413.0,2238535151.0,609764509141.0,39023957.0,288931800173.0,11104853.0,130585429856.0,1078178981686.0,4808322685.0,289205588084.0,130842115632.0,2718016125.0,105086446.0,571092083.0,84200214.0,386352938.0,1.7681891378113732,0.0856923836618369,0.016625967419424202,0.18400963544787924
intel,A,dis_deblock_en_sao,veryfast,22,PierSeaSide,387965437918.0,15469116480.0,673492059.0,8504792133.0,2182514404870.0,108560647.0,1054480612222.0,30402664.0,480196861850.0,3906693597648.0,19187702313.0,1054836487116.0,480859167729.0,10466089501.0,385387996.0,2182686491.0,287787329.0,1540993046.0,1.7899967069773817,0.07918971427728838,0.01819021483174191,0.17656589601351044
intel,A,dis_deblock_en_sao,veryfast,22,RitualDance,82331619026.0,3006291734.0,159334149.0,1972659418.0,459729896273.0,25001851.0,226334648177.0,8485456.0,102883658046.0,831011747748.0,4352927492.0,226669060258.0,103099064568.0,2335770261.0,88933396.0,475619841.0,69604127.0,367223526.0,1.8076086730163896,0.08077124086708413,0.019203889084136127,0.18698420110695088
intel,A,dis_deblock_en_sao,veryfast,22,Riverbed,120838192922.0,5742735104.0,198015788.0,2302129960.0,705658500962.0,33843859.0,325571798164.0,11949678.0,146792957646.0,1231640792897.0,5039501475.0,326112470927.0,147085775729.0,2991638326.0,108280831.0,577576336.0,92355763.0,409767045.0,1.7453779572101042,0.08601416576846947,0.015453262062241367,0.18747449341484101
intel,A,dis_deblock_en_sao,veryfast,22,RushFieldCuts,120324131845.0,5927276247.0,477740337.0,605738221.0,618739339131.0,11514320.0,322271447762.0,6422986.0,143835798006.0,1231753518238.0,4791882002.0,322894129645.0,144145535455.0,9081347044.0,76901481.0,91950648.0,92877493.0,109299797.0,1.9907470566975087,0.7886910887203203,0.01484041226537115,0.8363343018528809
intel,A,dis_deblock_en_sao,veryfast,22,Skater227,,,15993.0,24751.0,1593024.0,,,,,0.0,43507.0,873314.0,302263.0,8470.0,9749.0,18110.0,,,0.0,0.6461557108803685,0.04981827841990395,0.5383213694091662
intel,A,dis_deblock_en_sao,veryfast,22,Tango,470291274689.0,21004673820.0,819707176.0,9243827971.0,2676054276970.0,120248962.0,1267626802963.0,40117133.0,569838583932.0,4757703239588.0,20912537525.0,1268962032749.0,570809919455.0,11337412935.0,452668972.0,2369450996.0,351912271.0,1610689368.0,1.7778799483002177,0.08867616084717378,0.016480034063506524,0.19104382102190562
intel,A,dis_deblock_en_sao,veryfast,22,TimeLapse,393009853704.0,16533846415.0,793630293.0,8542064623.0,2253555806333.0,108528982.0,1071270211725.0,32727967.0,485489702812.0,3989320582323.0,19611802939.0,1072331751111.0,486182398377.0,10513018707.0,435024897.0,2137969252.0,318681150.0,1533963779.0,1.7702337661717138,0.09290848618296621,0.018288932430361216,0.20347574998707232
intel,A,dis_deblock_en_sao,veryfast,22,ToddlerFountain,133324172928.0,7016822981.0,206906629.0,2323254905.0,767081986375.0,32639835.0,345705596070.0,12015709.0,153287668258.0,1339903130334.0,5016847854.0,346134374687.0,153575422572.0,2884487041.0,110530244.0,585556705.0,97584769.0,414980606.0,1.7467534815489298,0.08905894422291126,0.014493931319409119,0.18876095697683112
intel,A,dis_deblock_en_sao,veryfast,22,TreesAndGrass_1920_1080,147604008838.0,7702844225.0,219575232.0,2355533789.0,847525725696.0,36579626.0,371519478260.0,13492016.0,161961386487.0,1483954066793.0,5029994922.0,371659800223.0,162132017038.0,3053793717.0,115441502.0,581942362.0,101712494.0,417213671.0,1.7509251009157936,0.09321676174860423,0.013533868658870147,0.1983727419383159
intel,A,dis_deblock_en_sao,veryfast,22,TunnelFlag,111008171298.0,5194630691.0,191464757.0,2222928716.0,643670398111.0,36323950.0,297098333166.0,12157203.0,133442363249.0,1123928701003.0,4797234400.0,297486751189.0,133747095254.0,2853548378.0,101528485.0,562740417.0,87780714.0,403432420.0,1.7461245760274657,0.08613175745218093,0.01612587579388438,0.18041797235971413
intel,A,dis_deblock_en_sao,veryfast,22,Vertical_Carnaby,76968413484.0,2615627119.0,397088002.0,564984401.0,375791462698.0,7033554.0,219719091889.0,4838123.0,99523562088.0,801495558630.0,4282697908.0,220053641216.0,99756375507.0,7873427654.0,65442761.0,80078961.0,68719635.0,84516426.0,2.1328200296932014,0.7028300273373388,0.019462063360252215,0.8172278983489808
intel,A,dis_deblock_en_sao,veryfast,22,Vertical_bees,89708703125.0,3547908518.0,176739055.0,2082261687.0,518693500831.0,27244678.0,247232816804.0,9717937.0,112760582258.0,915562121122.0,4523816613.0,247663265452.0,113080821363.0,2626905800.0,95411308.0,491465761.0,78025250.0,376171646.0,1.7651312762839246,0.08487840702415997,0.018265997602606786,0.1941362259007907
intel,A,dis_deblock_en_sao,veryfast,22,WalkingInStreet,141079750984.0,6978635715.0,220944803.0,2404380854.0,803566402024.0,40966427.0,351379240369.0,17023680.0,151419546728.0,1418787527157.0,4758941393.0,352066824536.0,151808478704.0,2969620612.0,114393851.0,621403958.0,107798683.0,441151971.0,1.765613300386127,0.09189259789372786,0.013517153737140554,0.1840893504575972
intel,A,dis_deblock_en_sao,veryfast,22,WorldCup_1920x1080_30p,79053258933.0,2852142648.0,161030472.0,2036293880.0,452333874163.0,27557800.0,220088511244.0,8720252.0,100228578825.0,807492728551.0,4352575731.0,220311230917.0,100376980832.0,2476847735.0,89905366.0,484576822.0,68759381.0,376009655.0,1.7851697046682322,0.07908017284813526,0.019756485917142318,0.1855337728059969
intel,A,dis_deblock_en_sao,veryfast,22,WorldCup_far_1920x1080_30p,106509477018.0,4991376152.0,182933633.0,2145490632.0,624543429207.0,33706081.0,285788466179.0,11189194.0,128685250632.0,1083704672087.0,4738590250.0,286302536703.0,128957209643.0,2793172311.0,98368118.0,536357472.0,85695928.0,397398300.0,1.7351950583532834,0.08526424225375037,0.016550989399425557,0.18340029389951334
intel,A,dis_deblock_en_sao,veryfast,27,Aerial3200,113768283988.0,5284306983.0,192930561.0,2220953240.0,654987601134.0,30619383.0,301476920255.0,9890716.0,134330844790.0,1158501944651.0,4921300664.0,301956748756.0,134606258561.0,2819538998.0,110819356.0,556117802.0,84239169.0,395326938.0,1.7687387404666137,0.08686835793084954,0.016298031702469813,0.19927316766601189
intel,A,dis_deblock_en_sao,veryfast,27,Boat,116612160463.0,5687909818.0,192542027.0,2278989657.0,674825685899.0,31889937.0,308867886820.0,11672408.0,138324282771.0,1179435420418.0,4894467410.0,308985361057.0,138457642820.0,2806263479.0,102393834.0,583432970.0,87752088.0,414372145.0,1.7477630817308931,0.08448569584710494,0.01584045080082967,0.1755023100597143
intel,A,dis_deblock_en_sao,veryfast,27,BoxingPractice,333531077310.0,11533984996.0,614913486.0,8291100694.0,1848457936856.0,97111762.0,923771337212.0,26321124.0,423607463850.0,3363841138249.0,18978479571.0,924409239092.0,424177173047.0,9771699870.0,359862812.0,2094150436.0,254509103.0,1504743127.0,1.8198094050062512,0.0741654828103816,0.020530387158009793,0.17184191059710477
intel,A,dis_deblock_en_sao,veryfast,27,Crosswalk,321889583871.0,9649429229.0,1416620883.0,1782698030.0,1483246826737.0,22351586.0,900973967605.0,13364415.0,410728926003.0,3247531739285.0,18541554796.0,902415335958.0,411745157868.0,29965431440.0,256629440.0,306849934.0,240182343.0,289562181.0,2.189474928073338,0.794649940236934,0.020546586540793183,0.8363353273525553
intel,A,dis_deblock_en_sao,veryfast,27,CrowdRun,132347817511.0,6782768364.0,208611779.0,2386116155.0,757810793492.0,38162810.0,344405967805.0,12282298.0,153278670362.0,1327648355133.0,5091847133.0,344835794943.0,153610134044.0,2917459217.0,110789482.0,600929569.0,95357922.0,412632839.0,1.751952290116089,0.08742733607618527,0.014766005176004604,0.18436350566733387
intel,A,dis_deblock_en_sao,veryfast,27,DinnerSceneCropped,102837373943.0,4082420150.0,180112847.0,2289187950.0,581166572530.0,32403458.0,281711882025.0,9804791.0,128473443463.0,1038870733536.0,4886260457.0,281983855390.0,128711511514.0,2819424912.0,98276680.0,566939940.0,80626011.0,398766273.0,1.7875610584646506,0.07867979865960766,0.017328156784869896,0.17334583977272797
intel,A,dis_deblock_en_sao,veryfast,27,FoodMarket,99667993822.0,4130195626.0,183644011.0,2292900926.0,569236791387.0,35113303.0,272438944266.0,10428477.0,124579881887.0,1006073701830.0,4823589589.0,272831584447.0,124846830362.0,2779559409.0,101308395.0,569350905.0,81798232.0,406241640.0,1.7674080752556507,0.0800924317826369,0.017679733080672798,0.1779366540218286
intel,A,dis_deblock_en_sao,veryfast,27,FoodMarket2,353484414419.0,13069309798.0,635819100.0,8922494308.0,2016913732532.0,104887393.0,985452928416.0,27217142.0,453709007157.0,3600668481178.0,19778533041.0,986081296489.0,454369511074.0,10842716889.0,364034994.0,2182692811.0,274552752.0,1588449358.0,1.7852367322908653,0.07126024159297228,0.020057710364675428,0.16678251385874932
intel,A,dis_deblock_en_sao,veryfast,27,MeridianTalk_sdr,82818473422.0,2870959237.0,159493884.0,1780657451.0,554846823193.0,23212829.0,272334325298.0,9730782.0,116937416802.0,990668376265.0,4154012403.0,272884665807.0,117246046866.0,10415624551.0,92559759.0,621012041.0,89270806.0,498741919.0,1.785480847784186,0.08957022245375144,0.015222593731001216,0.14904664143219085
intel,A,dis_deblock_en_sao,veryfast,27,Motorcycle,105873354311.0,4846073569.0,202084098.0,2111580811.0,619036769311.0,37103145.0,281248140556.0,14157269.0,126024120577.0,1071988320371.0,4725259255.0,281484942219.0,126143245617.0,2672257689.0,108890944.0,516862437.0,88905570.0,390093738.0,1.7317037913016764,0.09570275357081752,0.01678689885771463,0.2106768381777374
intel,A,dis_deblock_en_sao,veryfast,27,MountainBike,107453865615.0,4963581310.0,445937166.0,570420658.0,545866079188.0,10751872.0,289746862064.0,5830406.0,129028418188.0,1101158961186.0,4648646927.0,290108772555.0,129344679438.0,8659096768.0,70369955.0,83389464.0,85949279.0,101330955.0,2.0172694423951434,0.7817689625118731,0.016023806815833846,0.8438710554609153
intel,A,dis_deblock_en_sao,veryfast,27,Neon1224,304973553917.0,9708310443.0,589567300.0,8194059716.0,1698152128217.0,87850766.0,850182338459.0,24517035.0,388454175407.0,3097077436933.0,17859179129.0,850757946087.0,389008474672.0,9484774663.0,343794204.0,2001923091.0,248961704.0,1475538166.0,1.8237926894010505,0.07195057400531153,0.020992080310436135,0.17173197389329678
intel,A,dis_deblock_en_sao,veryfast,27,NocturneDance_3840x2160p_8bit,324747340784.0,11811491230.0,437201029.0,7318636199.0,2261655625455.0,84636040.0,1093595924353.0,35372542.0,468383590788.0,3977197332351.0,18007468632.0,1094431948892.0,469155881161.0,45761796850.0,284697825.0,2534440201.0,217816649.0,1961745023.0,1.7585335661130403,0.05973804642178252,0.016453712494624004,0.11233164029187524
intel,A,dis_deblock_en_sao,veryfast,27,OldTownCross,123604811409.0,5815530943.0,208326259.0,2377036607.0,708390357161.0,37806503.0,329911118992.0,12340179.0,148014699695.0,1248019428298.0,5064807764.0,330541228694.0,148335332853.0,2960326880.0,113000221.0,596493696.0,94790923.0,412643995.0,1.7617679513589926,0.08764116563729471,0.015322771637328087,0.18944076317614594
intel,A,dis_deblock_en_sao,veryfast,27,PedestrianArea,83748267166.0,3043775815.0,190168184.0,2509746482.0,478814577982.0,35406905.0,232310624786.0,13400897.0,106380342265.0,848311513244.0,4721262841.0,232919966238.0,106780132042.0,2687560849.0,102939629.0,622236576.0,82150224.0,423691752.0,1.771691072605334,0.07577186993343497,0.020269893205186906,0.1654348731180984
intel,A,dis_deblock_en_sao,veryfast,27,PierSeaSide,315886501423.0,10006512850.0,1357529727.0,1724228566.0,1487439559989.0,23776562.0,890154705677.0,13914402.0,402556683768.0,3240781509935.0,17436144246.0,891570013906.0,403571803517.0,28704349678.0,245203761.0,289724242.0,232332163.0,284735648.0,2.178765172790595,0.7873258532940928,0.01955667415238836,0.8463349815235689
intel,A,dis_deblock_en_sao,veryfast,27,RitualDance,71735508285.0,2174188057.0,332016046.0,430932423.0,336176176604.0,7200961.0,203242330493.0,4113623.0,91278111160.0,737742830979.0,4016156578.0,203686815714.0,91548924395.0,6914455449.0,58106906.0,69837827.0,57799385.0,73334651.0,2.1945125274240564,0.7704596551093117,0.019717312403956234,0.8320262599235798
intel,A,dis_deblock_en_sao,veryfast,27,Riverbed,97101344051.0,3875073531.0,417754815.0,532454675.0,483315268487.0,9214418.0,272527269936.0,5194945.0,124225192723.0,1003258964751.0,4723521226.0,273153733205.0,124603772902.0,8785603851.0,69705450.0,85266346.0,75156162.0,90529057.0,2.0757857865563896,0.7845828661378549,0.017292537687760724,0.8175024880273396
intel,A,dis_deblock_en_sao,veryfast,27,RushFieldCuts,106848525368.0,4811239543.0,174632331.0,2259395180.0,615889614860.0,34630788.0,288551638345.0,10812715.0,130940588380.0,1084041524577.0,4842328139.0,288992120092.0,131242702994.0,2766401025.0,91559362.0,568734065.0,79149498.0,402827757.0,1.7601230779372976,0.0772916276647098,0.016755917557400718,0.16098800412104733
intel,A,dis_deblock_en_sao,veryfast,27,Skater227,,,6798.0,28449.0,2463382.0,,,,,3602392.0,41687.0,805005.0,297451.0,23622.0,,5150.0,,,1.4623765213840159,0.23895391753664452,0.05178477152315824,
intel,A,dis_deblock_en_sao,veryfast,27,Tango,358701767306.0,12693892228.0,718315010.0,8621421467.0,1980267388997.0,110712945.0,986459504161.0,30497752.0,454315693356.0,3589094950299.0,19859775300.0,987739440843.0,455172456934.0,10116031918.0,406364885.0,2192371818.0,290923990.0,1531069074.0,1.8124294578808706,0.08331746832578323,0.0201062896537273,0.18535399956505005
intel,A,dis_deblock_en_sao,veryfast,27,TimeLapse,327275296478.0,11376134342.0,1347116187.0,1781235490.0,1578992283783.0,24411061.0,923625154477.0,13938807.0,417315751864.0,3376256930406.0,18320737326.0,925049881576.0,418413195544.0,30763664391.0,239195308.0,295722691.0,231625954.0,299833042.0,2.1382352308378962,0.7562819147512045,0.019805134502354736,0.8088500317346294
intel,A,dis_deblock_en_sao,veryfast,27,ToddlerFountain,112223497646.0,5311081809.0,191446157.0,2373008177.0,642074458388.0,32102579.0,298404583789.0,11566220.0,134135404623.0,1130044121544.0,4890063457.0,299070632079.0,134487238608.0,2770103983.0,102382870.0,613724325.0,89613748.0,402080153.0,1.759989214305616,0.08067656860838537,0.01635086475394308,0.16682224547641972
intel,A,dis_deblock_en_sao,veryfast,27,TreesAndGrass_1920_1080,134117693897.0,6882022589.0,219061792.0,1983280841.0,912407256948.0,31778305.0,407163708609.0,13413917.0,169232001149.0,1608895123872.0,4661612046.0,407629988306.0,169564359290.0,12880982916.0,120664096.0,690857566.0,131161887.0,529480003.0,1.7633519589199127,0.11045424705940575,0.011435890831713336,0.17465842734940823
intel,A,dis_deblock_en_sao,veryfast,27,TunnelFlag,93282824312.0,3841456110.0,175373845.0,2292026632.0,538858366973.0,32360532.0,255359942526.0,11997742.0,115901312892.0,947897016743.0,4678235122.0,256070933829.0,116354410692.0,2781190818.0,95109176.0,579329383.0,80469973.0,414522667.0,1.759083786835763,0.0765147501130781,0.01826929379311769,0.16417115856869977
intel,A,dis_deblock_en_sao,veryfast,27,Vertical_Carnaby,69495461606.0,2015762411.0,352619543.0,483612810.0,329863876034.0,6161255.0,200087001898.0,4075651.0,90396525226.0,724669609322.0,4127578974.0,200363000979.0,90587289370.0,7269643932.0,60341290.0,75206949.0,57560405.0,72882548.0,2.1968747170342056,0.7291360685834604,0.0206005048528526,0.8023366298239276
intel,A,dis_deblock_en_sao,veryfast,27,Vertical_bees,80457896969.0,2834978396.0,163799644.0,2131687528.0,458921747460.0,25838145.0,224290221777.0,9539117.0,102509189382.0,821908053930.0,4397183058.0,224714462717.0,102762294499.0,2518266489.0,90730426.0,517205726.0,75799115.0,382732794.0,1.7909546855842524,0.07684036325609163,0.01956786850670002,0.17542424888002883
intel,A,dis_deblock_en_sao,veryfast,27,WalkingInStreet,127903986028.0,6078051137.0,208733287.0,2169127697.0,727455179936.0,34801492.0,328214685576.0,12247328.0,143815011704.0,1290073688360.0,4718130159.0,328545978302.0,144007205238.0,2822728143.0,112902088.0,530397105.0,94579005.0,393810477.0,1.7734064227482689,0.09622913731113544,0.014360638907785038,0.21286331870156042
intel,A,dis_deblock_en_sao,veryfast,27,WorldCup_1920x1080_30p,71155438210.0,2228740681.0,147711321.0,1958269058.0,396976451936.0,23967112.0,199529387786.0,8074771.0,90745840430.0,725995973846.0,4260931166.0,199800815289.0,90892737666.0,2269031163.0,84012743.0,466335061.0,63799348.0,364383889.0,1.8288136999195208,0.07542953323832786,0.021325894790953762,0.18015532184057678
intel,A,dis_deblock_en_sao,veryfast,27,WorldCup_far_1920x1080_30p,93984082726.0,3997170741.0,171063778.0,2153414548.0,550170162284.0,29599480.0,256869052953.0,9625098.0,116681677769.0,956653005950.0,4638857315.0,257127578134.0,116812265372.0,2765491758.0,92370260.0,525045461.0,78213757.0,394591285.0,1.7388311317693232,0.07943838689066013,0.018041072640533704,0.1759281183463083
intel,A,dis_deblock_en_sao,veryfast,32,Aerial3200,99439125885.0,4124712515.0,179785263.0,2168156342.0,574941319260.0,29791694.0,270919709063.0,8238841.0,122031580525.0,1019562570539.0,4780912587.0,271155350757.0,122196995300.0,2786779161.0,105383944.0,540386227.0,75721688.0,396205490.0,1.7733332713871854,0.08292080211990543,0.017631636527373887,0.19501596956874329
intel,A,dis_deblock_en_sao,veryfast,32,Boat,100977116629.0,4388831264.0,173521626.0,2177967479.0,576589971436.0,30717100.0,273457878879.0,10211869.0,124015763212.0,1023191525740.0,4669872197.0,273822150973.0,124238153385.0,2632623164.0,95203395.0,544105904.0,79575968.0,397605166.0,1.7745565764727693,0.07967135766401405,0.017054398924287426,0.17497217784278996
intel,A,dis_deblock_en_sao,veryfast,32,BoxingPractice,285447360927.0,7991386740.0,586387128.0,8207016614.0,1544049675769.0,84304080.0,797525095821.0,22949989.0,364327925014.0,2881686713640.0,17062310929.0,798057595899.0,364960580703.0,8890853094.0,332606885.0,2098270616.0,244525645.0,1463405574.0,1.8663173593846984,0.07144948713759239,0.021379798922632344,0.15851477043226153
intel,A,dis_deblock_en_sao,veryfast,32,Crosswalk,285471834285.0,7105485073.0,559265404.0,8127835185.0,1496473695668.0,78758451.0,791933203062.0,22396531.0,363003513251.0,2847783868634.0,16732880506.0,792504519862.0,363536485244.0,8656834327.0,326278223.0,2005935479.0,235638282.0,1469183554.0,1.9029962750950984,0.0688086546134855,0.02111392438356531,0.16265638970733814
intel,A,dis_deblock_en_sao,veryfast,32,CrowdRun,109911846578.0,5029986684.0,189229241.0,2233368822.0,626628259649.0,31776990.0,293505411627.0,11064113.0,132722612991.0,1104781644232.0,4753871305.0,294042599418.0,133024644366.0,2716432248.0,102968667.0,542086494.0,84537755.0,393247083.0,1.7630574861893926,0.08472816452705006,0.016167287714124966,0.18994877780518915
intel,A,dis_deblock_en_sao,veryfast,32,DinnerSceneCropped,77219560601.0,2174314399.0,348239537.0,453905893.0,350124976764.0,7780938.0,214785064453.0,4143115.0,97671833649.0,773752472864.0,4125559817.0,215122150413.0,97870207274.0,7081512896.0,64927243.0,79447138.0,62423130.0,75469143.0,2.209932236241301,0.767206468059669,0.019177754634190795,0.817238287425785
intel,A,dis_deblock_en_sao,veryfast,32,FoodMarket,82242768236.0,2794317114.0,161847266.0,2277993139.0,456415913182.0,31139907.0,227309178788.0,11578139.0,104423126788.0,826754061896.0,4416667318.0,227704085808.0,104736476220.0,2503146025.0,87733085.0,582669192.0,71509060.0,401218490.0,1.811404988340808,0.07104817974607605,0.019396522035727247,0.1505710035892888
intel,A,dis_deblock_en_sao,veryfast,32,FoodMarket2,317750084779.0,11031975668.0,437231964.0,7307222294.0,2195505560349.0,81944545.0,1070552974623.0,31179390.0,460938152187.0,3870804608656.0,18187758415.0,1071442939345.0,461485096476.0,45623376037.0,290027008.0,2505393554.0,230809938.0,1998133868.0,1.7630584401893714,0.05983559092748739,0.016975013551462324,0.1157610577934775
intel,A,dis_deblock_en_sao,veryfast,32,MeridianTalk_sdr,71622136840.0,2096139009.0,153550954.0,1757661074.0,475779464256.0,25032541.0,238326750361.0,9654195.0,102520536884.0,855727496789.0,3960199230.0,238714845261.0,102751605090.0,8939336827.0,90777152.0,580642114.0,87780300.0,489592035.0,1.798580142854933,0.08736095728089158,0.016589664650600584,0.15633924893019385
intel,A,dis_deblock_en_sao,veryfast,32,Motorcycle,93441163462.0,3920444943.0,165747451.0,2162663307.0,532042536896.0,27596186.0,252518854914.0,9487770.0,113650215456.0,947718053825.0,4478328451.0,252775535241.0,113838716266.0,2541842849.0,91245158.0,516192224.0,76122802.0,393171336.0,1.7812824879644038,0.07664043240735484,0.017716621376076977,0.17676585147474055
intel,A,dis_deblock_en_sao,veryfast,32,MountainBike,94364987613.0,3972980921.0,407387566.0,522156894.0,470744899087.0,9114672.0,259362087391.0,5135991.0,116171613699.0,970046751886.0,4468318896.0,259972232108.0,116507005844.0,8249255869.0,66500983.0,79369574.0,74425919.0,88875138.0,2.060663331174455,0.7802014503326657,0.017187677544514564,0.8378649354978269
intel,A,dis_deblock_en_sao,veryfast,32,Neon1224,273283450681.0,7400211003.0,561762439.0,7950383073.0,1488381223799.0,77742067.0,768355361384.0,20914199.0,349570743735.0,2783186784882.0,16668542162.0,768767379437.0,349986226666.0,8544555220.0,327056938.0,1956926400.0,232734277.0,1429832361.0,1.8699421494837793,0.07065853731096058,0.021682166293537402,0.1671278684778334
intel,A,dis_deblock_en_sao,veryfast,32,NocturneDance_3840x2160p_8bit,274084903152.0,7629785812.0,1274596591.0,1597177042.0,1291290268354.0,19943333.0,789164293044.0,12232535.0,355662517653.0,2861574397924.0,17456117656.0,790114783565.0,356363202292.0,28868310955.0,245788649.0,285294523.0,217641344.0,264894840.0,2.2160582078664866,0.7980308741502684,0.022093141425905172,0.8615259992215133
intel,A,dis_deblock_en_sao,veryfast,32,OldTownCross,93119856984.0,3548403291.0,169980326.0,2200348422.0,517217268949.0,30922642.0,252211520296.0,9492744.0,115163350305.0,928367363092.0,4498379551.0,252610420156.0,115383976144.0,2587962780.0,93175769.0,559192607.0,74681428.0,386558837.0,1.7949272362434234,0.07725154993657636,0.017807577170498422,0.16662553802325217
intel,A,dis_deblock_en_sao,veryfast,32,PedestrianArea,72571119541.0,2156417934.0,157843757.0,1956779124.0,404195182184.0,34916366.0,203490378413.0,9802394.0,92986732398.0,736824558712.0,4181981340.0,203794218660.0,93192508841.0,2232593660.0,86984908.0,473520819.0,66234792.0,360318171.0,1.8229424574798088,0.08066508634727237,0.020520608324895648,0.18369817019597612
intel,A,dis_deblock_en_sao,veryfast,32,PierSeaSide,280967504397.0,7658999622.0,557265180.0,7799189102.0,1517195780117.0,87212208.0,787166373319.0,22372855.0,358617693555.0,2851479829261.0,16726391757.0,788140179558.0,359301861189.0,8499828021.0,323394755.0,1928453879.0,234775476.0,1446279207.0,1.87944091766529,0.07145168205462496,0.021222610128036352,0.167696390627551
intel,A,dis_deblock_en_sao,veryfast,32,RitualDance,65215079256.0,1683892582.0,315407137.0,421204226.0,299036200517.0,6572413.0,186851175962.0,3965705.0,83681469509.0,674515632115.0,3855097236.0,187484618621.0,83951765963.0,6463481553.0,57750087.0,73175662.0,56698844.0,74933877.0,2.2556320303322415,0.7488223468109269,0.02056220539239582,0.7891980123117984
intel,A,dis_deblock_en_sao,veryfast,32,Riverbed,84753710034.0,2953496513.0,159065288.0,2169260162.0,478983840810.0,30110811.0,236873913666.0,8786475.0,109329776546.0,862319480101.0,4549212760.0,237267727298.0,109563449268.0,2650852323.0,88571751.0,522554203.0,70827801.0,386718438.0,1.800310170469945,0.07332697607526524,0.019173331374672576,0.16949772959724907
intel,A,dis_deblock_en_sao,veryfast,32,RushFieldCuts,91418993079.0,3659335300.0,182796926.0,2353989063.0,525827246677.0,34413210.0,251400169608.0,13342599.0,114706987750.0,930497276160.0,4630358410.0,251744203359.0,114939989672.0,2685060643.0,97930347.0,575217544.0,83067588.0,418301528.0,1.76958741115136,0.07765411015420678,0.018393108354502502,0.17024923530496489
intel,A,dis_deblock_en_sao,veryfast,32,Skater227,,,13650.0,28859.0,2775707.0,,,,,1024231.0,43020.0,806506.0,302263.0,7945.0,4097.0,17320.0,,,0.368998240808558,0.4729893620707578,0.05334120266929198,0.2365473441108545
intel,A,dis_deblock_en_sao,veryfast,32,Tango,300799146486.0,8450341245.0,627215476.0,8088699546.0,1595030436094.0,101238972.0,830529221283.0,23646261.0,382034681422.0,2993228641380.0,17549973989.0,831694869208.0,382800071158.0,8958658101.0,361968069.0,1990698629.0,250841167.0,1453628904.0,1.8765965674673808,0.07754218987033197,0.021101457564253526,0.18182966709623427
intel,A,dis_deblock_en_sao,veryfast,32,TimeLapse,291951974676.0,8870158972.0,592913520.0,8261970359.0,1613210319031.0,108398246.0,819101341729.0,23332891.0,373823328263.0,2974297755992.0,17552621098.0,820108275590.0,374528084311.0,9172402155.0,349631182.0,2073927242.0,248489637.0,1485262664.0,1.8437135697089753,0.07176417903195724,0.021402809385592827,0.16858411178534488
intel,A,dis_deblock_en_sao,veryfast,32,ToddlerFountain,94661822738.0,3835178686.0,168163977.0,2176168169.0,532590045018.0,30243819.0,257853429107.0,9564398.0,117079793835.0,956621755015.0,4591813002.0,258162220152.0,117279740956.0,2581189331.0,90657238.0,538334563.0,77767110.0,396548707.0,1.7961690496536955,0.07727526732333158,0.017786541343254816,0.16840315341223966
intel,A,dis_deblock_en_sao,veryfast,32,TreesAndGrass_1920_1080,115391984979.0,5564787419.0,459562085.0,594946490.0,585264451286.0,10115245.0,306845727920.0,5973148.0,135685480913.0,1173893643349.0,4616789314.0,307339656855.0,135975179027.0,8635896445.0,74796929.0,88791604.0,86288267.0,104374097.0,2.0057490947376126,0.7724427200167195,0.015021781963458618,0.8423874063588265
intel,A,dis_deblock_en_sao,veryfast,32,TunnelFlag,81733654641.0,3070315970.0,169846575.0,1890774984.0,568114843531.0,25822682.0,270591456130.0,10595592.0,115570366052.0,994752428362.0,4268115065.0,271127483534.0,115787655738.0,10769491575.0,99472748.0,615849932.0,100683993.0,516779428.0,1.750970670259771,0.08982907878370788,0.01574209670435262,0.16152108302903898
intel,A,dis_deblock_en_sao,veryfast,32,Vertical_Carnaby,64882696203.0,1704651565.0,147316774.0,2193121161.0,360366915563.0,23562341.0,184231725692.0,9677539.0,83821088343.0,666066670922.0,4068529545.0,184878930048.0,84179068368.0,2247160154.0,80535805.0,546549224.0,67059796.0,380953673.0,1.8483013899358833,0.06717220034155696,0.022006453325663936,0.1473532510220891
intel,A,dis_deblock_en_sao,veryfast,32,Vertical_bees,73011430561.0,2286743693.0,144442614.0,2044326308.0,411042278281.0,26654127.0,205019456188.0,8564647.0,93588468409.0,746786960903.0,4206009375.0,205549173322.0,93791628447.0,2460445298.0,79631133.0,481295771.0,66824261.0,373156277.0,1.81681301501661,0.07065536134557243,0.02046230255770058,0.1654515534897563
intel,A,dis_deblock_en_sao,veryfast,32,WalkingInStreet,110617272954.0,4792805165.0,188703259.0,2124742377.0,632846586115.0,29570755.0,293352403077.0,10554660.0,130701438874.0,1123040232075.0,4548629114.0,293837964963.0,130935386004.0,2774994798.0,102998101.0,518765345.0,87632887.0,395113204.0,1.7745852734534981,0.08881230074887334,0.015480059272030292,0.19854468304932743
intel,A,dis_deblock_en_sao,veryfast,32,WorldCup_1920x1080_30p,66621839627.0,2060701657.0,152010255.0,1748703402.0,458226467991.0,21906772.0,225190528150.0,8968145.0,96058438559.0,810382095795.0,3924799303.0,225508907171.0,96220631216.0,9043161695.0,91511637.0,569428487.0,84619334.0,483053074.0,1.76851873997579,0.08692740851658731,0.017404187498562457,0.16070786602567708
intel,A,dis_deblock_en_sao,veryfast,32,WorldCup_far_1920x1080_30p,84816980821.0,3324097914.0,163718128.0,1831188727.0,590766921291.0,26084496.0,280658643558.0,10441703.0,119898922465.0,1034397209201.0,4331477831.0,280842097634.0,120016761674.0,11326444188.0,92125078.0,624667389.0,93711270.0,513075734.0,1.7509396208923427,0.08940538219029785,0.015423178602820733,0.14747860961251494
intel,A,dis_deblock_en_sao,veryfast,37,Aerial3200,88212140455.0,3222062618.0,170626658.0,2134905535.0,510729114860.0,24761163.0,244556333719.0,7798815.0,110807645421.0,906707078029.0,4768823517.0,244608349383.0,110900922347.0,2769411092.0,99272485.0,531515856.0,69544550.0,379110677.0,1.7753189541143444,0.07992234560392387,0.01949575118359156,0.18677238671126303
intel,A,dis_deblock_en_sao,veryfast,37,Boat,88440065545.0,3396446133.0,159975481.0,2113681024.0,498157969779.0,26087986.0,243391565232.0,8930114.0,111190471101.0,896738091517.0,4570850934.0,243933736163.0,111497647755.0,2497530535.0,88111136.0,521105239.0,71885707.0,389095530.0,1.8001078893003033,0.07568572513238403,0.018738084390859704,0.16908510873750782
intel,A,dis_deblock_en_sao,veryfast,37,BoxingPractice,260747999347.0,6263722825.0,536941616.0,7834413109.0,1385736057635.0,87846410.0,734427971782.0,20975229.0,333888283051.0,2646225175642.0,16472458456.0,735722011307.0,334647853176.0,8233694810.0,320586904.0,1932335598.0,222163332.0,1440938164.0,1.9096170306474123,0.0685362909166959,0.02238951424973259,0.16590643174602426
intel,A,dis_deblock_en_sao,veryfast,37,Crosswalk,262277219554.0,5611102703.0,542808549.0,7700227372.0,1368912877895.0,122525870.0,734516883483.0,29451001.0,334363681175.0,2638721023160.0,16072128795.0,734831646619.0,334794645780.0,7777092017.0,316238645.0,1903024571.0,217011230.0,1393237958.0,1.9276033309129248,0.07049253519107643,0.021871851694124405,0.16617685857509615
intel,A,dis_deblock_en_sao,veryfast,37,CrowdRun,93175230950.0,3714240894.0,171666311.0,2219822867.0,527299907826.0,36766437.0,254356096335.0,9167078.0,115998267048.0,940290901759.0,4614824564.0,254868873214.0,116318182358.0,2607116451.0,93662725.0,551758355.0,77725569.0,396784184.0,1.7832184072167143,0.07733333751624967,0.018106662087861842,0.1697531612366794
intel,A,dis_deblock_en_sao,veryfast,37,DinnerSceneCropped,65086212910.0,1249951948.0,312418807.0,454736418.0,280454181501.0,6845703.0,183794924709.0,4302806.0,82695882243.0,659011487082.0,3778862697.0,184257493736.0,83056039078.0,5832236528.0,59701486.0,82482122.0,57340683.0,76933777.0,2.34980089637084,0.6870327394803026,0.02050859707456061,0.7238112278440169
intel,A,dis_deblock_en_sao,veryfast,37,FoodMarket,73083641433.0,2063443101.0,142270691.0,2005082872.0,394865999642.0,24590058.0,203781276547.0,7682614.0,93318794776.0,737113848261.0,4172914471.0,203900046806.0,93448505487.0,2240008016.0,77918697.0,480196838.0,62786259.0,365161982.0,1.8667442852240872,0.07095501786322177,0.020465490500697653,0.16226407763226464
intel,A,dis_deblock_en_sao,veryfast,37,FoodMarket2,283681106288.0,8081016936.0,574925149.0,8339409679.0,1560053995078.0,90729653.0,800404346204.0,23049105.0,366491533446.0,2893720139713.0,17842726876.0,801432206409.0,367218751959.0,9207721192.0,334740620.0,2097043293.0,241102149.0,1506494633.0,1.8548846058166846,0.06894074894146952,0.022263551094294565,0.159625040225624
intel,A,dis_deblock_en_sao,veryfast,37,MeridianTalk_sdr,64312840752.0,1413056897.0,139517280.0,1904485558.0,342106584129.0,23529015.0,180636984723.0,7397652.0,82079331132.0,649904632471.0,3869827181.0,180656075878.0,82116716293.0,2029629525.0,79395713.0,461119101.0,58404953.0,344009286.0,1.8997138980112025,0.07325720030479749,0.021420963353667426,0.17218049052364023
intel,A,dis_deblock_en_sao,veryfast,37,Motorcycle,83064938885.0,3089282868.0,161120090.0,2119085561.0,469981060886.0,28488340.0,228133712776.0,8962654.0,103163628192.0,843667547514.0,4387694975.0,228243510998.0,103289810742.0,2540122572.0,89529716.0,504499077.0,71585477.0,377295148.0,1.7951096708525507,0.07603283839278635,0.019223744656812817,0.1774625962298837
intel,A,dis_deblock_en_sao,veryfast,37,MountainBike,83436504070.0,3082318275.0,384836181.0,508526932.0,407189706347.0,8219511.0,233503386763.0,4796375.0,104966587600.0,860006739035.0,4373214565.0,233694384439.0,105193244607.0,7834477397.0,64044913.0,80067786.0,69860095.0,88706028.0,2.1120542234486575,0.7567665678717681,0.018713391746653273,0.7998836510853441
intel,A,dis_deblock_en_sao,veryfast,37,Neon1224,249844852046.0,5794759745.0,543012423.0,7823215684.0,1343919657057.0,83480010.0,706665111689.0,24462108.0,319804752291.0,2552272765913.0,16203117504.0,707739672956.0,320395033304.0,8145845395.0,322216360.0,1958926696.0,224041137.0,1413224221.0,1.8991260024443186,0.06941038633391716,0.022894177228082766,0.16448617534180565
intel,A,dis_deblock_en_sao,veryfast,37,NocturneDance_3840x2160p_8bit,249104266997.0,5796170065.0,1200739139.0,1552877183.0,1140081119465.0,18318691.0,720756617324.0,11014444.0,322544251620.0,2603705954013.0,16418256091.0,721789887083.0,323362437327.0,26111034850.0,229393750.0,274885426.0,200010897.0,252145797.0,2.2837900826169526,0.7732350968544046,0.022746586485648604,0.8345067737421626
intel,A,dis_deblock_en_sao,veryfast,37,OldTownCross,75996677271.0,2229088033.0,345174550.0,468275079.0,352407004541.0,8174375.0,213771299950.0,4821376.0,96625704386.0,776984883516.0,4095158585.0,214492748767.0,97030087851.0,6929605856.0,61260728.0,77691897.0,63135327.0,80884857.0,2.204794097461259,0.7371191965566889,0.019092293835296523,0.7885085879676744
intel,A,dis_deblock_en_sao,veryfast,37,PedestrianArea,66667303666.0,1693284785.0,143108148.0,1900845163.0,359476639845.0,28751636.0,187790478542.0,7771722.0,85477233660.0,677197065802.0,4035307342.0,188079615353.0,85627255399.0,2109688411.0,80668744.0,456731471.0,60651966.0,350660077.0,1.8838416484976477,0.07528658871622149,0.021455314731616576,0.1766218207459586
intel,A,dis_deblock_en_sao,veryfast,37,PierSeaSide,254638192859.0,5860621919.0,533975366.0,7676804171.0,1345386100407.0,79482896.0,718156055021.0,23642062.0,325246638154.0,2594361569915.0,16268103568.0,718751664770.0,325798871334.0,7894864321.0,313895842.0,1876270533.0,220949702.0,1414108354.0,1.9283398045588294,0.06955698674940188,0.022633830800525216,0.16729775183225137
intel,A,dis_deblock_en_sao,veryfast,37,RitualDance,60502527559.0,1344545638.0,307220644.0,423627611.0,271699640383.0,5661099.0,174263416083.0,3552605.0,77680141013.0,626646706515.0,3726219353.0,174708498035.0,77890741719.0,6022862304.0,57745080.0,69859238.0,51357305.0,67030966.0,2.306395053124291,0.7252139285132668,0.021328208958979848,0.8265918961211687
intel,A,dis_deblock_en_sao,veryfast,37,Riverbed,74857050444.0,2251082059.0,358934783.0,509444640.0,354239273384.0,7346311.0,213806807921.0,4809740.0,97259379960.0,772773176732.0,4374479186.0,214427789841.0,97632241090.0,7760076959.0,65923757.0,90169783.0,66213321.0,87246175.0,2.181500569797928,0.7045609175513162,0.020400710137635204,0.7311069718333468
intel,A,dis_deblock_en_sao,veryfast,37,RushFieldCuts,78640745145.0,2673012302.0,362645171.0,469853416.0,380054334591.0,8073767.0,222685366269.0,4414808.0,100652959058.0,813860073707.0,4296505249.0,223035279462.0,100898683044.0,7676406115.0,61015696.0,74267178.0,64642101.0,79357493.0,2.1414308419422325,0.7718261880211593,0.01926379207524442,0.8215701423312463
intel,A,dis_deblock_en_sao,veryfast,37,Skater227,,,4904.0,28515.0,2213051.0,,,,,691294.0,43198.0,806471.0,302263.0,7537.0,2671.0,17195.0,,,0.3123714726863502,0.17197965982816063,0.05356423231585513,0.1553358534457691
intel,A,dis_deblock_en_sao,veryfast,37,Tango,271555693162.0,6281618088.0,543034726.0,8041648339.0,1422656723732.0,82432784.0,757984910216.0,21002586.0,346046440953.0,2727283820832.0,16573186396.0,758672712293.0,346594101466.0,8309837848.0,321688846.0,2017127316.0,228505159.0,1459091111.0,1.9170357650843715,0.06752778822302093,0.021844974950936975,0.15947870193831631
intel,A,dis_deblock_en_sao,veryfast,37,TimeLapse,265740063178.0,6900112647.0,536345227.0,7906386881.0,1432572386223.0,87022985.0,749775324912.0,20994216.0,340892662256.0,2709866723733.0,16994223988.0,750514614653.0,341376099458.0,8407849739.0,314462082.0,1947509064.0,223873732.0,1441523239.0,1.8916089335475794,0.06783695701621965,0.0226434284638911,0.16146886698135543
intel,A,dis_deblock_en_sao,veryfast,37,ToddlerFountain,80680880130.0,2719649531.0,149328038.0,2096549742.0,443959781106.0,25621170.0,223614386307.0,8088458.0,101974060304.0,817370183696.0,4422620881.0,223583041949.0,101994020170.0,2396489349.0,83168594.0,497678527.0,66087494.0,382948115.0,1.8410906088379306,0.07122561177945093,0.019780663338540738,0.16711308502968625
intel,A,dis_deblock_en_sao,veryfast,37,TreesAndGrass_1920_1080,102655029242.0,4467215767.0,176282949.0,2212820528.0,580626775625.0,31877642.0,275629380261.0,10699410.0,124383657082.0,1033679373230.0,4733352642.0,275974699154.0,124549208153.0,2675802484.0,95118078.0,539889455.0,79876011.0,392548514.0,1.7802819584359053,0.07966436806302078,0.017151400677345007,0.17618065535286292
intel,A,dis_deblock_en_sao,veryfast,37,TunnelFlag,73100892391.0,2379979696.0,128933473.0,1682284539.0,495127294530.0,22298865.0,243814753509.0,8812062.0,104340210834.0,883914078533.0,3980645915.0,244029228455.0,104528156992.0,9586512535.0,76305085.0,566374074.0,74203274.0,494074921.0,1.785225917250343,0.0766418938122334,0.01631216858817405,0.13472559656747282
intel,A,dis_deblock_en_sao,veryfast,37,Vertical_Carnaby,61154206914.0,1409355388.0,137979676.0,1892575147.0,329510107920.0,23872190.0,173728695061.0,7280097.0,78653531062.0,626180674315.0,3891691260.0,173966435988.0,78805276934.0,2016061736.0,76664702.0,426300570.0,57799811.0,344824543.0,1.9003382878531516,0.07290578459656799,0.022370356890385707,0.17983720265727066
intel,A,dis_deblock_en_sao,veryfast,37,Vertical_bees,67555746802.0,1869979913.0,135397422.0,1957198653.0,374113120635.0,22445275.0,190675767817.0,7385712.0,86742659956.0,690551852877.0,4095703352.0,190926808794.0,86845716177.0,2276337790.0,74809997.0,439045479.0,59361224.0,364011549.0,1.8458370337423438,0.06917919230756797,0.02145169333668091,0.170392363839829
intel,A,dis_deblock_en_sao,veryfast,37,WalkingInStreet,94214630959.0,3596127528.0,401028733.0,521348182.0,458929870452.0,8666821.0,259900922959.0,5154973.0,116097387691.0,972484773383.0,4350344618.0,260559934274.0,116448176614.0,8389591025.0,64780051.0,77669527.0,72114787.0,88075775.0,2.1190269712128345,0.7692147912774346,0.01669613799267104,0.8340471933091597
intel,A,dis_deblock_en_sao,veryfast,37,WorldCup_1920x1080_30p,61182211083.0,1462751260.0,138669207.0,1907135307.0,327765747226.0,21843631.0,173170308269.0,7027900.0,78110713195.0,624492196912.0,3851365144.0,173356285069.0,78284304820.0,2010215424.0,78081596.0,438904106.0,56906405.0,347993715.0,1.9053003622169284,0.07271073347078462,0.022216472523433825,0.1779012657493799
intel,A,dis_deblock_en_sao,veryfast,37,WorldCup_far_1920x1080_30p,73542452594.0,2385695463.0,368050028.0,507301789.0,354449352130.0,8263592.0,209710841380.0,4678268.0,94587295738.0,762621692770.0,4217256343.0,210287483082.0,94890997379.0,7548510565.0,63302257.0,76846263.0,62915670.0,77394431.0,2.151567461436059,0.7255050858888258,0.020054718812510173,0.8237519240200398
intel,B,en_deblock_dis_sao,fast,22,Aerial3200,,,250.0,21814.0,2128784.0,,,,,1030916.0,37771.0,781667.0,282584.0,3764.0,65.0,14320.0,,,0.48427459056437855,0.01146052993490419,0.04832108813599653,0.004539106145251397
intel,B,en_deblock_dis_sao,fast,22,Boat,,,9065.0,22408.0,1530922.0,,,,,818373.0,38037.0,781658.0,282585.0,4977.0,7001.0,15396.0,,,0.5345621788699881,0.40454302034987505,0.04866194678491105,0.4547285009093271
intel,B,en_deblock_dis_sao,fast,22,BoxingPractice,,,15285.0,21190.0,2835897.0,,,,,1098274.0,36699.0,781088.0,281386.0,13676.0,1432.0,4017.0,,,0.3872757014799903,0.7213308164228409,0.0469844626981851,0.35648493900921085
intel,B,en_deblock_dis_sao,fast,22,Crosswalk,,,12194.0,19687.0,1358641.0,,,,,903988.0,38145.0,781688.0,282585.0,4657.0,7933.0,14954.0,,,0.6653619315183333,0.6193935084065627,0.04879824175374318,0.5304935134412198
intel,B,en_deblock_dis_sao,fast,22,CrowdRun,,,37.0,19471.0,2199425.0,,,,,4440653.0,38258.0,795432.0,282933.0,8285.0,,14869.0,,,2.0190063312002002,0.0019002619279954805,0.048097134638787474,
intel,B,en_deblock_dis_sao,fast,22,DinnerSceneCropped,,,7868.0,24163.0,1873424.0,,,,,540002.0,38077.0,781668.0,282584.0,4616.0,5811.0,15016.0,,,0.28824334480608765,0.3256218184828043,0.04871249686567699,0.3869872136387853
intel,B,en_deblock_dis_sao,fast,22,FoodMarket,,,88.0,21390.0,2525668.0,,,,,0.0,36281.0,781085.0,281385.0,13179.0,22.0,3874.0,,,0.0,0.004114071996259934,0.046449490132315946,0.005678884873515746
intel,B,en_deblock_dis_sao,fast,22,FoodMarket2,,,11998.0,24630.0,2295212.0,,,,,566902.0,38015.0,781667.0,282585.0,5046.0,6008.0,15109.0,,,0.24699330606497352,0.48712951684937067,0.048633241521005746,0.39764378847044807
intel,B,en_deblock_dis_sao,fast,22,MeridianTalk_sdr,,,6789.0,20347.0,2677124.0,,,,,4184157.0,38656.0,796594.0,282933.0,8537.0,,15737.0,,,1.5629298456104386,0.3336609819629429,0.04852660200804927,
intel,B,en_deblock_dis_sao,fast,22,Motorcycle,,,15405.0,21691.0,3187685.0,,,,,1417300.0,36731.0,781087.0,281385.0,14166.0,108.0,4035.0,,,0.4446173320136714,0.7102023880872251,0.04702549139852539,0.026765799256505577
intel,B,en_deblock_dis_sao,fast,22,MountainBike,,,9103.0,23587.0,2572629.0,,,,,2780459.0,38247.0,781659.0,282584.0,5255.0,,16167.0,,,1.0807850646167791,0.38593292915589095,0.04893054388166707,
intel,B,en_deblock_dis_sao,fast,22,Neon1224,,,13888.0,21743.0,2525224.0,,,,,0.0,37039.0,781086.0,281386.0,13312.0,1637.0,4111.0,,,0.0,0.6387343052936577,0.047419874380029856,0.3981999513500365
intel,B,en_deblock_dis_sao,fast,22,NocturneDance_3840x2160p_8bit,,,15598.0,21930.0,2885305.0,,,,,957139.0,36459.0,781085.0,281385.0,13726.0,116.0,3927.0,,,0.33172888134876555,0.7112631098951209,0.046677378262288995,0.029539088362617774
intel,B,en_deblock_dis_sao,fast,22,OldTownCross,,,13594.0,21739.0,3193683.0,,,,,1039408.0,36815.0,781086.0,281385.0,14285.0,381.0,4073.0,,,0.325457473393571,0.6253277519665118,0.047133094179130086,0.09354284311318438
intel,B,en_deblock_dis_sao,fast,22,PedestrianArea,,,10502.0,22855.0,2951201.0,,,,,1924205.0,38109.0,781635.0,282585.0,5980.0,,15463.0,,,0.6520074369722699,0.45950557864799824,0.04875549329290526,
intel,B,en_deblock_dis_sao,fast,22,PierSeaSide,,,12192.0,19520.0,1144672.0,,,,,0.0,38064.0,781676.0,282585.0,4579.0,8386.0,15170.0,,,0.0,0.6245901639344262,0.04869536739006954,0.5528015820698747
intel,B,en_deblock_dis_sao,fast,22,RitualDance,,,770.0,20805.0,2050662.0,,,,,4261154.0,36367.0,781085.0,281385.0,13609.0,,3818.0,,,2.0779406845204136,0.037010334054313865,0.04655959338612315,
intel,B,en_deblock_dis_sao,fast,22,Riverbed,,,11874.0,20554.0,1274729.0,,,,,23.0,38261.0,781663.0,282584.0,4612.0,8330.0,15203.0,,,1.8043050719015572e-05,0.5776977717232655,0.04894820402142611,0.5479181740445964
intel,B,en_deblock_dis_sao,fast,22,RushFieldCuts,,,13598.0,21515.0,2897253.0,,,,,1023925.0,36454.0,781087.0,281386.0,13461.0,67.0,3912.0,,,0.3534123530116286,0.63202416918429,0.04667085740768954,0.01712678936605317
intel,B,en_deblock_dis_sao,fast,22,Skater227,,,9445.0,20817.0,2953790.0,,,,,2072832.0,38631.0,797393.0,282930.0,8376.0,,16297.0,,,0.7017533406234024,0.4537157131190854,0.048446625440654735,
intel,B,en_deblock_dis_sao,fast,22,Tango,,,9604.0,21346.0,3448846.0,,,,,821132.0,38724.0,796435.0,282934.0,8604.0,2138.0,16672.0,,,0.2380889143788966,0.44992035978637684,0.048621670318356174,0.12823896353166986
intel,B,en_deblock_dis_sao,fast,22,TimeLapse,,,11438.0,23249.0,1775877.0,,,,,588991.0,37751.0,781672.0,282585.0,4418.0,7005.0,15081.0,,,0.3316620464142505,0.49197814959783215,0.048295192868620086,0.46449174457927195
intel,B,en_deblock_dis_sao,fast,22,ToddlerFountain,,,10962.0,22402.0,3217234.0,,,,,537467.0,38308.0,781674.0,282585.0,5657.0,1345.0,14865.0,,,0.16705872187102336,0.4893313097044907,0.0490076425722232,0.09048099562731247
intel,B,en_deblock_dis_sao,fast,22,TreesAndGrass_1920_1080,,,10906.0,23015.0,2008810.0,,,,,581072.0,38102.0,781659.0,282584.0,4512.0,6394.0,14845.0,,,0.28926180176323296,0.4738648707364762,0.048745040996137703,0.4307174132704614
intel,B,en_deblock_dis_sao,fast,22,TunnelFlag,,,11843.0,21749.0,1460111.0,,,,,964196.0,37976.0,781696.0,282584.0,4462.0,7744.0,15418.0,,,0.6603580138770272,0.5445307830245069,0.04858154576715245,0.5022700739395511
intel,B,en_deblock_dis_sao,fast,22,Vertical_Carnaby,,,11362.0,23037.0,2963499.0,,,,,566488.0,37915.0,781664.0,282584.0,5468.0,919.0,15416.0,,,0.1911551176497782,0.4932065807179754,0.04850549596757686,0.05961338868707836
intel,B,en_deblock_dis_sao,fast,22,Vertical_bees,,,11275.0,23941.0,2280016.0,,,,,580982.0,38031.0,781656.0,282585.0,5144.0,6199.0,15278.0,,,0.25481487849208073,0.47094941731757234,0.048654395283858884,0.40574682550072
intel,B,en_deblock_dis_sao,fast,22,WalkingInStreet,,,11415.0,22052.0,3000366.0,,,,,1099418.0,38227.0,781687.0,282584.0,6191.0,0.0,14702.0,,,0.3664279624552471,0.5176401233448213,0.04890320550296986,0.0
intel,B,en_deblock_dis_sao,fast,22,WorldCup_1920x1080_30p,,,16264.0,21597.0,3084590.0,,,,,1059916.0,36937.0,781116.0,281385.0,13095.0,1800.0,3883.0,,,0.34361649360206703,0.7530675556790295,0.04728747074698252,0.4635591037857327
intel,B,en_deblock_dis_sao,fast,22,WorldCup_far_1920x1080_30p,,,4244.0,20450.0,2642244.0,,,,,38041.0,36448.0,781085.0,281386.0,12842.0,174.0,3824.0,,,0.014397232049727428,0.20753056234718825,0.04666329528796482,0.045502092050209206
intel,B,en_deblock_dis_sao,fast,27,Aerial3200,,,13113.0,22019.0,1370390.0,,,,,1072656.0,38085.0,781666.0,282584.0,5130.0,8203.0,15469.0,,,0.7827377607834266,0.5955311322040057,0.04872285605360858,0.530286379210033
intel,B,en_deblock_dis_sao,fast,27,Boat,,,81.0,24445.0,2092242.0,,,,,648206.0,37972.0,781677.0,282585.0,4714.0,56.0,14876.0,,,0.30981406548573254,0.0033135610554305586,0.04857760942179443,0.003764452809895133
intel,B,en_deblock_dis_sao,fast,27,BoxingPractice,,,11266.0,22315.0,3055382.0,,,,,919909.0,38161.0,781646.0,282585.0,6452.0,229.0,14794.0,,,0.301078228516107,0.5048622003136903,0.048821333442504666,0.015479248343923212
intel,B,en_deblock_dis_sao,fast,27,Crosswalk,,,11527.0,23239.0,2167158.0,,,,,577037.0,38099.0,781648.0,282585.0,4707.0,6446.0,15403.0,,,0.26626438866017155,0.4960196221868411,0.04874188893210243,0.41848990456404594
intel,B,en_deblock_dis_sao,fast,27,CrowdRun,,,11286.0,22883.0,2799197.0,,,,,1012182.0,38230.0,781663.0,282584.0,5602.0,226.0,15332.0,,,0.3615972723606091,0.4932045623388542,0.04890854498677819,0.01474041220975737
intel,B,en_deblock_dis_sao,fast,27,DinnerSceneCropped,,,10014.0,24399.0,2270829.0,,,,,903247.0,38236.0,781674.0,282584.0,4504.0,5534.0,15182.0,,,0.3977609058189762,0.41042665683019797,0.04891553256216786,0.3645106046634172
intel,B,en_deblock_dis_sao,fast,27,FoodMarket,,,6414.0,20473.0,2241319.0,,,,,715308.0,36030.0,781085.0,281385.0,13396.0,,4053.0,,,0.31914600286706174,0.3132906755238607,0.04612814226364608,
intel,B,en_deblock_dis_sao,fast,27,FoodMarket2,,,11072.0,23590.0,2280173.0,,,,,909528.0,38091.0,781673.0,282585.0,4553.0,5336.0,15088.0,,,0.3988855231598655,0.46935142009325986,0.04873009557705076,0.35365853658536583
intel,B,en_deblock_dis_sao,fast,27,MeridianTalk_sdr,,,11285.0,23696.0,2006445.0,,,,,521657.0,38005.0,781655.0,282585.0,4325.0,6054.0,14944.0,,,0.25999068003359177,0.4762407157326131,0.04862119477262987,0.4051124197002141
intel,B,en_deblock_dis_sao,fast,27,Motorcycle,,,12257.0,21200.0,1402957.0,,,,,1033571.0,38049.0,781673.0,282584.0,4609.0,7971.0,15190.0,,,0.7367089654208931,0.5781603773584906,0.048676364669113556,0.5247531270572745
intel,B,en_deblock_dis_sao,fast,27,MountainBike,,,12250.0,20306.0,1201602.0,,,,,878593.0,38007.0,787895.0,282584.0,4790.0,8610.0,15226.0,,,0.7311847017564884,0.6032699694671526,0.048238661242932114,0.5654800998292394
intel,B,en_deblock_dis_sao,fast,27,Neon1224,,,11272.0,22682.0,3016438.0,,,,,1854764.0,38082.0,781661.0,282585.0,6205.0,0.0,15213.0,,,0.6148855040282611,0.4969579402169121,0.04871932973501301,0.0
intel,B,en_deblock_dis_sao,fast,27,NocturneDance_3840x2160p_8bit,,,14774.0,22900.0,2652863.0,,,,,517955.0,38205.0,781094.0,281385.0,14912.0,1665.0,4620.0,,,0.1952437800218104,0.6451528384279476,0.04891216678146292,0.36038961038961037
intel,B,en_deblock_dis_sao,fast,27,OldTownCross,,,15538.0,22133.0,3130358.0,,,,,1021600.0,36532.0,781085.0,281385.0,14110.0,1703.0,3906.0,,,0.3263524491447943,0.702028645009714,0.04677083800098581,0.4359959037378392
intel,B,en_deblock_dis_sao,fast,27,PedestrianArea,,,11441.0,23257.0,2700407.0,,,,,2099586.0,38091.0,781657.0,282585.0,6519.0,,15607.0,,,0.7775072424267897,0.4919379111665305,0.04873109304976479,
intel,B,en_deblock_dis_sao,fast,27,PierSeaSide,,,9001.0,24298.0,2332250.0,,,,,1075499.0,38195.0,781677.0,282585.0,4421.0,4517.0,15632.0,,,0.46114224461357056,0.3704420116882048,0.04886289349693032,0.2889585465711361
intel,B,en_deblock_dis_sao,fast,27,RitualDance,,,11349.0,22437.0,2953479.0,,,,,6329.0,38170.0,781661.0,282584.0,5841.0,2780.0,15050.0,,,0.002142896563679647,0.5058162855996791,0.04883191050851968,0.18471760797342193
intel,B,en_deblock_dis_sao,fast,27,Riverbed,,,1021.0,21224.0,2353823.0,,,,,1041659.0,36641.0,781083.0,281385.0,13244.0,0.0,3879.0,,,0.4425392223629389,0.048105917828872975,0.04691050759010246,0.0
intel,B,en_deblock_dis_sao,fast,27,RushFieldCuts,,,12006.0,22113.0,1382881.0,,,,,1040592.0,37841.0,781661.0,282585.0,4399.0,7890.0,15441.0,,,0.7524812330200502,0.5429385429385429,0.04841101193484132,0.5109772683116378
intel,B,en_deblock_dis_sao,fast,27,Skater227,,,10419.0,23809.0,2268530.0,,,,,671750.0,37942.0,781667.0,282581.0,4444.0,5220.0,14792.0,,,0.2961168686329914,0.43760762736780207,0.048539851368933316,0.35289345592212007
intel,B,en_deblock_dis_sao,fast,27,Tango,,,15793.0,22100.0,2822283.0,,,,,927936.0,36709.0,781086.0,281385.0,13744.0,1518.0,4273.0,,,0.32878913985592517,0.7146153846153847,0.0469973856912043,0.35525391996255556
intel,B,en_deblock_dis_sao,fast,27,TimeLapse,,,12276.0,22928.0,3261375.0,,,,,1481926.0,38077.0,781644.0,282585.0,6478.0,0.0,15657.0,,,0.45438687670077804,0.5354152128401954,0.04871399255927251,0.0
intel,B,en_deblock_dis_sao,fast,27,ToddlerFountain,,,11320.0,24620.0,2426186.0,,,,,1039208.0,38075.0,781678.0,282585.0,4585.0,5139.0,15271.0,,,0.4283298972131568,0.45978878960194963,0.04870931508882174,0.3365202016894768
intel,B,en_deblock_dis_sao,fast,27,TreesAndGrass_1920_1080,,,12459.0,20397.0,1211567.0,,,,,0.0,38001.0,781667.0,282584.0,4632.0,8571.0,15620.0,,,0.0,0.6108251213413737,0.04861533108088227,0.5487195902688861
intel,B,en_deblock_dis_sao,fast,27,TunnelFlag,,,7599.0,20334.0,3200942.0,,,,,2278017.0,38492.0,796373.0,282933.0,8550.0,,15863.0,,,0.7116708144040098,0.37370905871938626,0.048334134884030475,
intel,B,en_deblock_dis_sao,fast,27,Vertical_Carnaby,,,12633.0,21532.0,3184673.0,,,,,889334.0,36388.0,781086.0,281385.0,13282.0,318.0,3935.0,,,0.27925441638749093,0.586708155303734,0.04658641942116489,0.08081321473951715
intel,B,en_deblock_dis_sao,fast,27,Vertical_bees,,,11619.0,23128.0,2993557.0,,,,,2698722.0,38092.0,781642.0,282585.0,6260.0,,15727.0,,,0.9015101432843938,0.5023780698720166,0.04873330757559087,
intel,B,en_deblock_dis_sao,fast,27,WalkingInStreet,,,11511.0,23293.0,2672015.0,,,,,3262392.0,38086.0,781650.0,282584.0,5936.0,,15842.0,,,1.2209482356947847,0.49418280170008155,0.048725132732041196,
intel,B,en_deblock_dis_sao,fast,27,WorldCup_1920x1080_30p,,,15914.0,21264.0,3145987.0,,,,,938690.0,36617.0,781117.0,281385.0,13078.0,1985.0,3973.0,,,0.2983769481564927,0.7484010534236268,0.046877740466537025,0.49962245154794865
intel,B,en_deblock_dis_sao,fast,27,WorldCup_far_1920x1080_30p,,,11986.0,23770.0,2264431.0,,,,,592991.0,38111.0,781669.0,282585.0,4752.0,6605.0,15618.0,,,0.2618719669532876,0.5042490534286916,0.048755931218968644,0.42290946343962094
intel,B,en_deblock_dis_sao,fast,32,Aerial3200,,,38.0,23608.0,1385003.0,,,,,880644.0,37885.0,781667.0,282584.0,4646.0,29.0,14871.0,,,0.6358426660447667,0.0016096238563198916,0.04846693029128772,0.0019501042297088292
intel,B,en_deblock_dis_sao,fast,32,Boat,,,12066.0,20914.0,1220516.0,,,,,596103.0,38109.0,781696.0,282585.0,5155.0,8384.0,15263.0,,,0.48840244617850154,0.5769341111217366,0.04875168863599148,0.5493022341610431
intel,B,en_deblock_dis_sao,fast,32,BoxingPractice,,,11501.0,23422.0,2947899.0,,,,,59720.0,38340.0,781680.0,282585.0,6176.0,4759.0,15963.0,,,0.0202584959661101,0.4910340705319785,0.049048203868590726,0.298126918499029
intel,B,en_deblock_dis_sao,fast,32,Crosswalk,,,11152.0,22799.0,3259532.0,,,,,787735.0,37870.0,781656.0,282585.0,5843.0,958.0,15265.0,,,0.24167119696938089,0.48914426071318917,0.04844842232388672,0.06275794300687848
intel,B,en_deblock_dis_sao,fast,32,CrowdRun,,,8645.0,25318.0,2275840.0,,,,,1033252.0,38044.0,781662.0,282584.0,4143.0,4384.0,15494.0,,,0.45400906917885264,0.3414566711430603,0.0486706530444105,0.2829482380276236
intel,B,en_deblock_dis_sao,fast,32,DinnerSceneCropped,,,11855.0,23817.0,2068753.0,,,,,476689.0,38077.0,781652.0,282584.0,4784.0,6016.0,15413.0,,,0.23042335165193717,0.49775370533652435,0.04871349398453532,0.39031985985856094
intel,B,en_deblock_dis_sao,fast,32,FoodMarket,,,11384.0,20569.0,2493518.0,,,,,2277629.0,36817.0,781086.0,281385.0,13526.0,0.0,3800.0,,,0.9134199151560165,0.5534542272351597,0.047135654716638116,0.0
intel,B,en_deblock_dis_sao,fast,32,FoodMarket2,,,11210.0,23170.0,3247976.0,,,,,514637.0,38419.0,781668.0,282585.0,6150.0,2490.0,15506.0,,,0.15844852301864298,0.4838152783772119,0.04915002277181617,0.16058300012898233
intel,B,en_deblock_dis_sao,fast,32,MeridianTalk_sdr,,,11460.0,21473.0,2422331.0,,,,,2576262.0,36307.0,781086.0,281386.0,13695.0,,4199.0,,,1.0635466416439372,0.5336934755274065,0.04648271765208953,
intel,B,en_deblock_dis_sao,fast,32,Motorcycle,,,7221.0,21603.0,2836616.0,,,,,349.0,37634.0,781657.0,282584.0,4878.0,955.0,14197.0,,,0.00012303392493026903,0.334259130676295,0.04814643763185131,0.06726773261956752
intel,B,en_deblock_dis_sao,fast,32,MountainBike,,,12424.0,22487.0,2985106.0,,,,,459595.0,38043.0,781680.0,282584.0,6124.0,1279.0,15158.0,,,0.153962706851951,0.5524969982656646,0.04866825299355235,0.08437788626467872
intel,B,en_deblock_dis_sao,fast,32,Neon1224,,,12283.0,20241.0,1307917.0,,,,,1070734.0,37958.0,781679.0,282585.0,4671.0,8428.0,15319.0,,,0.8186559238850784,0.6068376068376068,0.04855957496619456,0.550166459951694
intel,B,en_deblock_dis_sao,fast,32,NocturneDance_3840x2160p_8bit,,,15737.0,21749.0,3219697.0,,,,,607496.0,36195.0,781086.0,281385.0,13504.0,345.0,3872.0,,,0.1886811088124131,0.723573497632075,0.04633932755163964,0.08910123966942149
intel,B,en_deblock_dis_sao,fast,32,OldTownCross,,,1225.0,21770.0,2830660.0,,,,,791870.0,36771.0,781085.0,281385.0,13591.0,223.0,4061.0,,,0.27974747938643285,0.05627009646302251,0.04707682262493839,0.054912583107608964
intel,B,en_deblock_dis_sao,fast,32,PedestrianArea,,,1472.0,21934.0,2489103.0,,,,,833443.0,37530.0,781638.0,282585.0,4890.0,186.0,14576.0,,,0.33483668614758005,0.06711042217561776,0.04801455405187568,0.012760702524698134
intel,B,en_deblock_dis_sao,fast,32,PierSeaSide,,,9536.0,21817.0,4138573.0,,,,,510130.0,38709.0,798941.0,282934.0,8674.0,2373.0,17173.0,,,0.12326229354900832,0.4370903423935463,0.04845038619873057,0.13818202993070516
intel,B,en_deblock_dis_sao,fast,32,RitualDance,,,12486.0,23591.0,3192129.0,,,,,1787846.0,38067.0,781647.0,282584.0,6471.0,0.0,16100.0,,,0.5600794955341717,0.52926963672587,0.04870101209369447,0.0
intel,B,en_deblock_dis_sao,fast,32,Riverbed,,,11111.0,22288.0,3040979.0,,,,,525412.0,38090.0,781649.0,282584.0,5811.0,774.0,14731.0,,,0.17277725364101496,0.49851938262742285,0.04873031245482307,0.05254225782363723
intel,B,en_deblock_dis_sao,fast,32,RushFieldCuts,,,11382.0,20904.0,2382343.0,,,,,3048882.0,36412.0,781085.0,281386.0,13303.0,,3791.0,,,1.279782969958566,0.5444890929965557,0.04661720555381296,
intel,B,en_deblock_dis_sao,fast,32,Skater227,,,7825.0,20242.0,2811026.0,,,,,1553406.0,38720.0,796978.0,282930.0,8679.0,,15577.0,,,0.5526117510119081,0.386572473075783,0.04858352426290312,
intel,B,en_deblock_dis_sao,fast,32,Tango,,,7341.0,20152.0,2795288.0,,,,,1921817.0,38410.0,797088.0,282934.0,8336.0,0.0,15476.0,,,0.6875202125863238,0.36428146089718144,0.048187903970452445,0.0
intel,B,en_deblock_dis_sao,fast,32,TimeLapse,,,11122.0,23044.0,3517628.0,,,,,548003.0,38013.0,781646.0,282585.0,6411.0,870.0,15323.0,,,0.15578765008693357,0.4826419024474918,0.04863198941720421,0.056777393460810545
intel,B,en_deblock_dis_sao,fast,32,ToddlerFountain,,,12664.0,19295.0,1208249.0,,,,,0.0,37998.0,781681.0,282585.0,4670.0,8658.0,15350.0,,,0.0,0.6563358383000777,0.04861062249178373,0.5640390879478827
intel,B,en_deblock_dis_sao,fast,32,TreesAndGrass_1920_1080,,,9027.0,20295.0,2882684.0,,,,,3852305.0,38654.0,796315.0,282933.0,8558.0,,15837.0,,,1.336360489044238,0.4447893569844789,0.04854109240689928,
intel,B,en_deblock_dis_sao,fast,32,TunnelFlag,,,7542.0,20911.0,3477863.0,,,,,6179.0,38662.0,796086.0,282933.0,8536.0,3600.0,16151.0,,,0.0017766657283510017,0.36067141695758215,0.048565104775112236,0.22289641508265742
intel,B,en_deblock_dis_sao,fast,32,Vertical_Carnaby,,,11106.0,24358.0,2237155.0,,,,,795207.0,38122.0,781666.0,282584.0,4438.0,5298.0,15466.0,,,0.35545458405877106,0.4559487642663601,0.048770190848776845,0.34255786887365836
intel,B,en_deblock_dis_sao,fast,32,Vertical_bees,,,11034.0,22850.0,3127375.0,,,,,1297066.0,38192.0,781642.0,282585.0,6013.0,0.0,15406.0,,,0.4147459131060394,0.48288840262582056,0.04886124338252039,0.0
intel,B,en_deblock_dis_sao,fast,32,WalkingInStreet,,,11565.0,23368.0,2672770.0,,,,,3411036.0,37930.0,781652.0,282584.0,5760.0,,15911.0,,,1.2762175570662646,0.49490756590208834,0.04852543075435104,
intel,B,en_deblock_dis_sao,fast,32,WorldCup_1920x1080_30p,,,11349.0,23017.0,2971974.0,,,,,2638703.0,37693.0,781655.0,282584.0,6036.0,,15707.0,,,0.8878620741635022,0.4930703393144198,0.04822204169358604,
intel,B,en_deblock_dis_sao,fast,32,WorldCup_far_1920x1080_30p,,,11161.0,22294.0,2841888.0,,,,,577814.0,37864.0,781644.0,282585.0,5419.0,942.0,14923.0,,,0.20332046864619577,0.5006279716515655,0.04844148998776937,0.06312403672183878
intel,B,en_deblock_dis_sao,fast,37,Aerial3200,,,2111.0,23321.0,1770337.0,,,,,627090.0,37945.0,781671.0,282584.0,4687.0,1551.0,15109.0,,,0.3542206935741613,0.09051927447365035,0.04854344091056212,0.10265404725660203
intel,B,en_deblock_dis_sao,fast,37,Boat,,,6747.0,19301.0,1086468.0,,,,,0.0,38311.0,781671.0,282585.0,5107.0,6519.0,15208.0,,,0.0,0.3495673799285011,0.04901166859202913,0.4286559705418201
intel,B,en_deblock_dis_sao,fast,37,BoxingPractice,,,11366.0,23064.0,3034600.0,,,,,6688.0,38221.0,781674.0,282585.0,6125.0,4729.0,15677.0,,,0.0022039148487444805,0.4928026361429067,0.048896342976739664,0.3016521018051923
intel,B,en_deblock_dis_sao,fast,37,Crosswalk,,,8167.0,23914.0,2255325.0,,,,,767284.0,38053.0,781678.0,282585.0,4099.0,4710.0,14882.0,,,0.34020994756853223,0.34151543029187925,0.048681170507549144,0.31648971912377366
intel,B,en_deblock_dis_sao,fast,37,CrowdRun,,,8049.0,25540.0,2237550.0,,,,,1056510.0,38004.0,781655.0,282584.0,3927.0,3428.0,15837.0,,,0.4721726888784608,0.3151527016444792,0.04861991543583806,0.21645513670518407
intel,B,en_deblock_dis_sao,fast,37,DinnerSceneCropped,,,8258.0,22771.0,2588480.0,,,,,2282179.0,37991.0,781648.0,282584.0,5382.0,,15306.0,,,0.8816676196068736,0.36265425321681083,0.04860371932122899,
intel,B,en_deblock_dis_sao,fast,37,FoodMarket,,,11322.0,21536.0,2985772.0,,,,,904582.0,36321.0,781086.0,281385.0,13642.0,458.0,3981.0,,,0.30296419150558046,0.5257243684992571,0.046500641414645764,0.11504647073599598
intel,B,en_deblock_dis_sao,fast,37,FoodMarket2,,,12231.0,21665.0,1553362.0,,,,,890468.0,37922.0,781692.0,282585.0,4540.0,7396.0,15282.0,,,0.5732520816139445,0.5645511193168705,0.04851271344724009,0.4839680670069363
intel,B,en_deblock_dis_sao,fast,37,MeridianTalk_sdr,,,276.0,24518.0,2032672.0,,,,,643648.0,37774.0,781673.0,282585.0,3765.0,71.0,14569.0,,,0.3166511862218794,0.01125703564727955,0.04832455515285804,0.004873361246482257
intel,B,en_deblock_dis_sao,fast,37,Motorcycle,,,6170.0,22120.0,2747241.0,,,,,728464.0,38056.0,781663.0,282584.0,5544.0,864.0,14676.0,,,0.26516202983283954,0.27893309222423146,0.04868594266327049,0.058871627146361405
intel,B,en_deblock_dis_sao,fast,37,MountainBike,,,12226.0,19843.0,1671611.0,,,,,885170.0,38399.0,781670.0,282584.0,4763.0,7591.0,17282.0,,,0.5295310930593302,0.6161366728821247,0.04912431077052976,0.43924314315472746
intel,B,en_deblock_dis_sao,fast,37,Neon1224,,,12143.0,22284.0,1393900.0,,,,,1053244.0,38009.0,781674.0,282585.0,4495.0,8036.0,16041.0,,,0.75560944113638,0.5449201220606713,0.04862513016935449,0.5009662739230721
intel,B,en_deblock_dis_sao,fast,37,NocturneDance_3840x2160p_8bit,,,6809.0,19740.0,2708309.0,,,,,2016155.0,38754.0,794995.0,282933.0,8369.0,,15179.0,,,0.7444331499839937,0.34493414387031407,0.04874747639922264,
intel,B,en_deblock_dis_sao,fast,37,OldTownCross,,,11341.0,23097.0,3013520.0,,,,,1039319.0,38227.0,781656.0,282584.0,5875.0,3273.0,15701.0,,,0.34488538320635004,0.4910161492834567,0.048905144974259775,0.20845805999617859
intel,B,en_deblock_dis_sao,fast,37,PedestrianArea,,,8417.0,22518.0,2772217.0,,,,,1033474.0,38077.0,781662.0,282585.0,5282.0,0.0,15083.0,,,0.37279693472769265,0.37378985700328626,0.04871287078046521,0.0
intel,B,en_deblock_dis_sao,fast,37,PierSeaSide,,,11140.0,23276.0,1781178.0,,,,,613166.0,37881.0,781671.0,282585.0,4619.0,6597.0,14914.0,,,0.3442474587042957,0.4786045712321705,0.04846156503183564,0.44233606007777926
intel,B,en_deblock_dis_sao,fast,37,RitualDance,,,11135.0,22469.0,2956266.0,,,,,705348.0,37810.0,781660.0,282584.0,5737.0,225.0,15080.0,,,0.23859422663589813,0.4955716765321109,0.04837141468157511,0.014920424403183023
intel,B,en_deblock_dis_sao,fast,37,Riverbed,,,8057.0,22671.0,1386568.0,,,,,526947.0,38146.0,781663.0,282584.0,4751.0,8911.0,15237.0,,,0.38003689685612246,0.355387940540779,0.0488010817961193,0.5848264093981755
intel,B,en_deblock_dis_sao,fast,37,RushFieldCuts,,,13180.0,21288.0,2463749.0,,,,,3026036.0,36715.0,781087.0,281386.0,13814.0,,3867.0,,,1.228224141339073,0.6191281473130402,0.04700500712468649,
intel,B,en_deblock_dis_sao,fast,37,Skater227,,,11352.0,23673.0,1940640.0,,,,,506627.0,38009.0,781667.0,282581.0,4467.0,6265.0,15456.0,,,0.2610618146590815,0.47953364592573816,0.04862556561809569,0.4053442028985507
intel,B,en_deblock_dis_sao,fast,37,Tango,,,11325.0,23769.0,2148799.0,,,,,597013.0,37830.0,781660.0,282584.0,4350.0,5498.0,15013.0,,,0.2778356654112367,0.4764609365139467,0.048397001253742036,0.3662159461799773
intel,B,en_deblock_dis_sao,fast,37,TimeLapse,,,11624.0,23071.0,3005055.0,,,,,2451455.0,38203.0,781659.0,282585.0,6330.0,,15790.0,,,0.8157770822830198,0.5038359845693728,0.048874253350885744,
intel,B,en_deblock_dis_sao,fast,37,ToddlerFountain,,,12765.0,26502.0,2531370.0,,,,,832012.0,38348.0,781669.0,282585.0,4688.0,5914.0,15788.0,,,0.32868051687426175,0.4816617613764999,0.04905912860814488,0.3745882949075247
intel,B,en_deblock_dis_sao,fast,37,TreesAndGrass_1920_1080,,,9311.0,20574.0,2929611.0,,,,,1650573.0,38695.0,796491.0,282933.0,8428.0,,16098.0,,,0.5634102957696432,0.45256148536988433,0.048581842104932764,
intel,B,en_deblock_dis_sao,fast,37,TunnelFlag,,,7583.0,20544.0,2761890.0,,,,,3715567.0,38680.0,795750.0,282933.0,8225.0,,15978.0,,,1.345298690389552,0.3691102024922118,0.048608231228400876,
intel,B,en_deblock_dis_sao,fast,37,Vertical_Carnaby,,,15585.0,22000.0,3274247.0,,,,,1163302.0,36640.0,781086.0,281385.0,13910.0,151.0,3889.0,,,0.3552884067695565,0.7084090909090909,0.046909047147177134,0.03882746207251221
intel,B,en_deblock_dis_sao,fast,37,Vertical_bees,,,12210.0,22192.0,1774874.0,,,,,673640.0,38075.0,781680.0,282585.0,4803.0,7850.0,15242.0,,,0.37954243512497227,0.5501982696467196,0.048709190461569955,0.5150242750295236
intel,B,en_deblock_dis_sao,fast,37,WalkingInStreet,,,11452.0,23108.0,2658123.0,,,,,2885526.0,38193.0,781660.0,282584.0,5917.0,,15687.0,,,1.0855502172021385,0.49558594426172753,0.04886139753857176,
intel,B,en_deblock_dis_sao,fast,37,WorldCup_1920x1080_30p,,,12058.0,22959.0,3127918.0,,,,,929239.0,38086.0,781652.0,282584.0,6629.0,402.0,15368.0,,,0.29707907943878326,0.5251970904656126,0.04872500805985272,0.026158250910983862
intel,B,en_deblock_dis_sao,fast,37,WorldCup_far_1920x1080_30p,,,16519.0,21660.0,3059080.0,,,,,997695.0,36774.0,781086.0,281386.0,13974.0,2042.0,4074.0,,,0.3261421734639173,0.7626500461680517,0.047080603160215395,0.501227295041728
intel,B,en_deblock_dis_sao,faster,22,Aerial3200,,,58.0,24037.0,1848747.0,,,,,535472.0,37740.0,781655.0,282584.0,3711.0,24.0,14615.0,,,0.28964049705016426,0.002412946707159795,0.04828217052280098,0.0016421484775915156
intel,B,en_deblock_dis_sao,faster,22,Boat,,,2903.0,24323.0,1527790.0,,,,,797988.0,37772.0,781671.0,282583.0,4525.0,2366.0,15082.0,,,0.5223152396599009,0.11935205361180776,0.04832212017587962,0.15687574592229148
intel,B,en_deblock_dis_sao,faster,22,BoxingPractice,,,15818.0,22628.0,3042799.0,,,,,0.0,39450.0,781091.0,281385.0,16301.0,303.0,4803.0,,,0.0,0.6990454304401627,0.050506279037909795,0.06308557151780138
intel,B,en_deblock_dis_sao,faster,22,Crosswalk,,,12269.0,20790.0,1347657.0,,,,,1104266.0,38214.0,781669.0,282584.0,4599.0,8167.0,15502.0,,,0.8193969236979439,0.5901394901394902,0.04888770054844186,0.5268352470648948
intel,B,en_deblock_dis_sao,faster,22,CrowdRun,,,608.0,22925.0,1959958.0,,,,,4138110.0,37633.0,781664.0,282583.0,4690.0,,15523.0,,,2.1113258549417897,0.026521264994547437,0.04814472714619069,
intel,B,en_deblock_dis_sao,faster,22,DinnerSceneCropped,,,480.0,20853.0,2501095.0,,,,,718529.0,36330.0,781080.0,281385.0,13457.0,31.0,3914.0,,,0.287285768833251,0.023018270752409725,0.04651252112459671,0.007920286152273888
intel,B,en_deblock_dis_sao,faster,22,FoodMarket,,,6288.0,20231.0,3403946.0,,,,,1094946.0,38634.0,795083.0,282932.0,8331.0,1663.0,15650.0,,,0.3216696152054116,0.31081014285008157,0.04859115337643995,0.10626198083067093
intel,B,en_deblock_dis_sao,faster,22,FoodMarket2,,,11192.0,23156.0,2789338.0,,,,,2681716.0,38100.0,781659.0,282584.0,5955.0,0.0,15560.0,,,0.9614166515495791,0.48333045430989807,0.04874248233564764,0.0
intel,B,en_deblock_dis_sao,faster,22,MeridianTalk_sdr,,,7626.0,23210.0,2776875.0,,,,,1276953.0,37992.0,781678.0,282584.0,4682.0,696.0,15489.0,,,0.4598525320729237,0.32856527358897025,0.04860313325947513,0.04493511524307573
intel,B,en_deblock_dis_sao,faster,22,Motorcycle,,,2862.0,20940.0,2277964.0,,,,,3118903.0,36504.0,781079.0,281384.0,13709.0,,4120.0,,,1.3691625504178293,0.136676217765043,0.04673534943328396,
intel,B,en_deblock_dis_sao,faster,22,MountainBike,,,11878.0,27983.0,3426158.0,,,,,972647.0,40055.0,781765.0,282583.0,7099.0,1168.0,19239.0,,,0.2838885422096704,0.42447200085766357,0.051236624816920685,0.060710016113103595
intel,B,en_deblock_dis_sao,faster,22,Neon1224,,,11716.0,22298.0,1626511.0,,,,,649672.0,38232.0,781673.0,282583.0,4653.0,7754.0,15402.0,,,0.3994267484203919,0.5254282895326935,0.04891047791083995,0.5034411115439553
intel,B,en_deblock_dis_sao,faster,22,NocturneDance_3840x2160p_8bit,,,11167.0,22515.0,3224997.0,,,,,965101.0,38190.0,781664.0,282584.0,6452.0,710.0,15069.0,,,0.2992564024090565,0.4959804574727959,0.04885730953453146,0.04711659698719225
intel,B,en_deblock_dis_sao,faster,22,OldTownCross,,,8235.0,22286.0,2790687.0,,,,,881411.0,38028.0,781653.0,282584.0,5327.0,18.0,14976.0,,,0.3158401497552395,0.3695144934039307,0.04865074400021493,0.001201923076923077
intel,B,en_deblock_dis_sao,faster,22,PedestrianArea,,,11632.0,22738.0,2976698.0,,,,,799447.0,38160.0,781653.0,282583.0,6086.0,221.0,15346.0,,,0.2685683935689815,0.5115665405928401,0.048819616888824066,0.01440114687866545
intel,B,en_deblock_dis_sao,faster,22,PierSeaSide,,,6566.0,19762.0,3346621.0,,,,,1034258.0,38623.0,796910.0,282932.0,8661.0,176.0,15077.0,,,0.309045452114237,0.3322538204635158,0.04846594973083535,0.011673409829541686
intel,B,en_deblock_dis_sao,faster,22,RitualDance,,,1099.0,21354.0,2656334.0,,,,,870374.0,36696.0,781079.0,281385.0,13466.0,54.0,3937.0,,,0.3276598500038022,0.051465767537697854,0.046981163237009314,0.013716027432054865
intel,B,en_deblock_dis_sao,faster,22,Riverbed,,,11378.0,25051.0,2338775.0,,,,,1032547.0,38222.0,781653.0,282583.0,4622.0,4254.0,15402.0,,,0.44149052388536736,0.45419344537144224,0.048898935972867756,0.2761978963770939
intel,B,en_deblock_dis_sao,faster,22,RushFieldCuts,,,12194.0,20409.0,1286098.0,,,,,914609.0,38204.0,781681.0,282583.0,4603.0,8436.0,15198.0,,,0.7111503166943732,0.5974815032583664,0.04887415710500831,0.5550730359257797
intel,B,en_deblock_dis_sao,faster,22,Skater227,,,8350.0,24798.0,2353792.0,,,,,1042454.0,37842.0,781656.0,282581.0,4292.0,3893.0,15051.0,,,0.4428828035782261,0.3367207032825228,0.048412600939543735,0.2586539100392001
intel,B,en_deblock_dis_sao,faster,22,Tango,,,11056.0,22778.0,3309126.0,,,,,650273.0,38071.0,781646.0,282583.0,6033.0,953.0,15386.0,,,0.19650898756952742,0.4853806304328738,0.04870619180549763,0.06193942545170934
intel,B,en_deblock_dis_sao,faster,22,TimeLapse,,,7761.0,20191.0,3218898.0,,,,,3646346.0,38371.0,797428.0,282932.0,8418.0,,15647.0,,,1.1327932727287413,0.38437917884205836,0.04811845081938432,
intel,B,en_deblock_dis_sao,faster,22,ToddlerFountain,,,14245.0,20812.0,3097089.0,,,,,947863.0,36580.0,781078.0,281384.0,13881.0,813.0,4080.0,,,0.30604964855708056,0.6844608879492601,0.046832710689585416,0.19926470588235295
intel,B,en_deblock_dis_sao,faster,22,TreesAndGrass_1920_1080,,,8882.0,20785.0,3163266.0,,,,,987068.0,38780.0,796687.0,282932.0,8494.0,36.0,16237.0,,,0.3120407831652476,0.42732739956699545,0.048676581894771725,0.002217158342058262
intel,B,en_deblock_dis_sao,faster,22,TunnelFlag,,,6963.0,20801.0,2932108.0,,,,,2185997.0,38419.0,794797.0,282932.0,8584.0,0.0,16087.0,,,0.745537681422376,0.3347435219460603,0.04833812910718083,0.0
intel,B,en_deblock_dis_sao,faster,22,Vertical_Carnaby,,,13878.0,21990.0,3007464.0,,,,,541955.0,36806.0,781078.0,281384.0,13509.0,263.0,4292.0,,,0.18020332080450505,0.6311050477489768,0.04712205439149483,0.06127679403541472
intel,B,en_deblock_dis_sao,faster,22,Vertical_bees,,,16150.0,21811.0,3361646.0,,,,,994553.0,36540.0,781080.0,281384.0,13621.0,414.0,3929.0,,,0.29585298392513665,0.7404520654715511,0.046781379628207095,0.10537032323746501
intel,B,en_deblock_dis_sao,faster,22,WalkingInStreet,,,11436.0,22637.0,3299815.0,,,,,985488.0,37980.0,781643.0,282583.0,6360.0,388.0,15266.0,,,0.2986494697430007,0.5051906171312454,0.048589957307875846,0.02541595702869121
intel,B,en_deblock_dis_sao,faster,22,WorldCup_1920x1080_30p,,,16024.0,21525.0,3547932.0,,,,,674442.0,36626.0,781112.0,281384.0,12940.0,305.0,3921.0,,,0.19009439865251082,0.7444367015098723,0.046889562572332774,0.07778627901045651
intel,B,en_deblock_dis_sao,faster,22,WorldCup_far_1920x1080_30p,,,11665.0,23129.0,2612724.0,,,,,2814691.0,38057.0,781658.0,282583.0,5361.0,,15531.0,,,1.0773013146432613,0.504345194344762,0.048687533422545407,
intel,B,en_deblock_dis_sao,faster,27,Aerial3200,,,4571.0,23425.0,2149574.0,,,,,714039.0,37554.0,781665.0,282584.0,3918.0,2841.0,14702.0,,,0.3321769801830502,0.1951334044823906,0.04804359924008367,0.1932390150999864
intel,B,en_deblock_dis_sao,faster,27,Boat,,,3630.0,23395.0,2117633.0,,,,,514303.0,37650.0,781657.0,282583.0,4152.0,987.0,14768.0,,,0.24286691792203843,0.15516135926480018,0.04816690696814587,0.06683369447453955
intel,B,en_deblock_dis_sao,faster,27,BoxingPractice,,,11937.0,20191.0,1162527.0,,,,,1038845.0,37893.0,781670.0,282584.0,4612.0,8766.0,15244.0,,,0.8936093527290119,0.5912040017829726,0.04847697877620991,0.5750459197061139
intel,B,en_deblock_dis_sao,faster,27,Crosswalk,,,11247.0,24257.0,2232334.0,,,,,871940.0,38186.0,781656.0,282584.0,4590.0,5068.0,15363.0,,,0.3905956725113715,0.4636599744403677,0.0488526922329004,0.32988348629824904
intel,B,en_deblock_dis_sao,faster,27,CrowdRun,,,7341.0,20097.0,3204996.0,,,,,2750965.0,38381.0,796184.0,282932.0,8633.0,,15672.0,,,0.8583364846633194,0.3652783997611584,0.04820619354320107,
intel,B,en_deblock_dis_sao,faster,27,DinnerSceneCropped,,,282.0,21155.0,2522108.0,,,,,639240.0,36230.0,781081.0,281385.0,13490.0,35.0,4193.0,,,0.25345464984053023,0.013330181990073268,0.04638443388073708,0.008347245409015025
intel,B,en_deblock_dis_sao,faster,27,FoodMarket,,,5053.0,19729.0,2572089.0,,,,,3728871.0,38487.0,794803.0,282932.0,8463.0,,15221.0,,,1.4497441573755807,0.25612043185158906,0.04842331999250129,
intel,B,en_deblock_dis_sao,faster,27,FoodMarket2,,,10812.0,22493.0,2840254.0,,,,,1457318.0,38119.0,781651.0,282584.0,5080.0,845.0,15248.0,,,0.5130942514296256,0.4806828791179478,0.0487672887260427,0.05541710388247639
intel,B,en_deblock_dis_sao,faster,27,MeridianTalk_sdr,,,8223.0,23106.0,2603828.0,,,,,2591519.0,37881.0,781648.0,282584.0,5089.0,,15482.0,,,0.9952727292278907,0.35588158919761104,0.0484629910138579,
intel,B,en_deblock_dis_sao,faster,27,Motorcycle,,,9076.0,20345.0,3264014.0,,,,,560065.0,38461.0,795881.0,282933.0,8444.0,919.0,15830.0,,,0.17158780568955892,0.4461046940280167,0.048325063671579044,0.05805432722678459
intel,B,en_deblock_dis_sao,faster,27,MountainBike,,,12362.0,23091.0,3184639.0,,,,,1810036.0,37974.0,781654.0,282583.0,6470.0,0.0,15678.0,,,0.568364577586345,0.5353600970074921,0.04858159748430892,0.0
intel,B,en_deblock_dis_sao,faster,27,Neon1224,,,11527.0,23706.0,1881066.0,,,,,552477.0,37972.0,781646.0,282583.0,4460.0,6861.0,15479.0,,,0.29370420814580667,0.486248207204927,0.04857953600478989,0.44324568770592415
intel,B,en_deblock_dis_sao,faster,27,NocturneDance_3840x2160p_8bit,,,13966.0,21453.0,3069584.0,,,,,930497.0,36935.0,781080.0,281385.0,13682.0,783.0,4015.0,,,0.3031345615562239,0.6510045215121428,0.047287089670712344,0.1950186799501868
intel,B,en_deblock_dis_sao,faster,27,OldTownCross,,,8243.0,22491.0,2502149.0,,,,,1683577.0,37853.0,781653.0,282584.0,5202.0,,15083.0,,,0.6728524160631522,0.3665021564181228,0.048426859488801294,
intel,B,en_deblock_dis_sao,faster,27,PedestrianArea,,,12382.0,18386.0,1202427.0,,,,,0.0,38054.0,781664.0,282583.0,4556.0,8647.0,14906.0,,,0.0,0.6734471880778854,0.04868332173414664,0.5801019723601234
intel,B,en_deblock_dis_sao,faster,27,PierSeaSide,,,11856.0,22469.0,1509170.0,,,,,871990.0,37951.0,781663.0,282584.0,4692.0,7662.0,15452.0,,,0.5777944167986376,0.5276603320129957,0.04855161367494688,0.49585814134092676
intel,B,en_deblock_dis_sao,faster,27,RitualDance,,,15233.0,46706.0,3657757.0,,,,,605677.0,43605.0,781813.0,282584.0,8238.0,6125.0,31700.0,,,0.1655869977147197,0.32614653363593543,0.055774206875557196,0.19321766561514195
intel,B,en_deblock_dis_sao,faster,27,Riverbed,,,11383.0,24156.0,2187921.0,,,,,855068.0,38170.0,781666.0,282583.0,4300.0,5300.0,15404.0,,,0.3908130138153983,0.4712286802450737,0.04883159815061676,0.3440664762399377
intel,B,en_deblock_dis_sao,faster,27,RushFieldCuts,,,12114.0,22473.0,1493791.0,,,,,971984.0,37790.0,781652.0,282583.0,4532.0,7661.0,15161.0,,,0.650682726030616,0.539046856227473,0.0483463229160803,0.5053096761427347
intel,B,en_deblock_dis_sao,faster,27,Skater227,,,9074.0,23814.0,1820489.0,,,,,724879.0,38244.0,781653.0,282581.0,4237.0,6321.0,15618.0,,,0.3981781817962097,0.38103636516334927,0.048927081454302614,0.40472531694199
intel,B,en_deblock_dis_sao,faster,27,Tango,,,12061.0,21249.0,1510776.0,,,,,837462.0,38197.0,781664.0,282583.0,4446.0,7763.0,15377.0,,,0.5543257239987927,0.56760318132618,0.04886626478896303,0.5048448982246212
intel,B,en_deblock_dis_sao,faster,27,TimeLapse,,,11498.0,22845.0,2957408.0,,,,,465568.0,38198.0,781641.0,282584.0,5942.0,1131.0,15368.0,,,0.15742433915104037,0.5033048807178814,0.048868982051862686,0.07359448204060386
intel,B,en_deblock_dis_sao,faster,27,ToddlerFountain,,,11558.0,24535.0,2301885.0,,,,,859011.0,38129.0,781666.0,282583.0,4572.0,5524.0,15655.0,,,0.3731772004248692,0.4710821275728551,0.04877914608029516,0.3528585116576174
intel,B,en_deblock_dis_sao,faster,27,TreesAndGrass_1920_1080,,,11193.0,20779.0,1196816.0,,,,,0.0,38032.0,781670.0,282584.0,4487.0,7970.0,15201.0,,,0.0,0.5386688483565137,0.04865480317781161,0.5243076113413592
intel,B,en_deblock_dis_sao,faster,27,TunnelFlag,,,11198.0,22882.0,2059551.0,,,,,491380.0,38022.0,781652.0,282584.0,4507.0,5906.0,14866.0,,,0.2385859830613566,0.48938029892491913,0.04864313019092895,0.3972823893448137
intel,B,en_deblock_dis_sao,faster,27,Vertical_Carnaby,,,14553.0,22082.0,2616838.0,,,,,1069798.0,36689.0,781078.0,281384.0,14112.0,1705.0,4245.0,,,0.4088132318469848,0.6590435648944842,0.0469722614130727,0.4016489988221437
intel,B,en_deblock_dis_sao,faster,27,Vertical_bees,,,16258.0,21349.0,3086879.0,,,,,1024567.0,36935.0,781088.0,281384.0,13378.0,2122.0,4147.0,,,0.3319103210718658,0.7615344981029556,0.047286605350485476,0.5116952013503737
intel,B,en_deblock_dis_sao,faster,27,WalkingInStreet,,,11133.0,22401.0,2975346.0,,,,,819899.0,38004.0,781639.0,282583.0,5839.0,139.0,15110.0,,,0.2755642537036029,0.4969867416633186,0.04862091067615613,0.009199205823957644
intel,B,en_deblock_dis_sao,faster,27,WorldCup_1920x1080_30p,,,16155.0,21342.0,3485907.0,,,,,850000.0,36532.0,781103.0,281384.0,12752.0,365.0,3913.0,,,0.24383897791880277,0.7569581107675007,0.04676976019807887,0.09327881420904677
intel,B,en_deblock_dis_sao,faster,27,WorldCup_far_1920x1080_30p,,,9963.0,22289.0,2984924.0,,,,,550118.0,38039.0,781642.0,282583.0,5563.0,1405.0,14943.0,,,0.18429882971894762,0.4469917896720355,0.04866550159791823,0.09402395770594928
intel,B,en_deblock_dis_sao,faster,32,Aerial3200,,,34.0,23148.0,1589079.0,,,,,704585.0,37586.0,781661.0,282584.0,3784.0,12.0,14860.0,,,0.4433920528809455,0.0014688094003801624,0.0480847835570663,0.0008075370121130552
intel,B,en_deblock_dis_sao,faster,32,Boat,,,36.0,24659.0,1922839.0,,,,,512828.0,38169.0,781665.0,282583.0,4852.0,30.0,15496.0,,,0.2667035565640181,0.0014599132162699216,0.04883038130145267,0.0019359834796076408
intel,B,en_deblock_dis_sao,faster,32,BoxingPractice,,,14195.0,21784.0,2825544.0,,,,,627715.0,36564.0,781080.0,281385.0,13900.0,316.0,3942.0,,,0.22215721999020366,0.6516250459052516,0.046812106314334,0.08016235413495687
intel,B,en_deblock_dis_sao,faster,32,Crosswalk,,,11066.0,25433.0,2344822.0,,,,,869993.0,38541.0,781660.0,282584.0,4660.0,5240.0,16902.0,,,0.3710273103885924,0.4351039987417922,0.04930660389427628,0.3100224825464442
intel,B,en_deblock_dis_sao,faster,32,CrowdRun,,,64.0,18993.0,2382807.0,,,,,515110.0,38339.0,794910.0,282932.0,8251.0,0.0,14357.0,,,0.21617781045632314,0.0033696625072395093,0.048230617302587715,0.0
intel,B,en_deblock_dis_sao,faster,32,DinnerSceneCropped,,,7765.0,22821.0,1651528.0,,,,,915765.0,37974.0,781691.0,282584.0,4104.0,6314.0,15085.0,,,0.5544955943828987,0.3402567810350116,0.048579297957888734,0.4185614849187935
intel,B,en_deblock_dis_sao,faster,32,FoodMarket,,,6317.0,19678.0,2658856.0,,,,,3122368.0,38320.0,794746.0,282932.0,8293.0,,15226.0,,,1.1743276055566756,0.32101839617847344,0.04821666293381785,
intel,B,en_deblock_dis_sao,faster,32,FoodMarket2,,,12011.0,40548.0,2244883.0,,,,,0.0,42387.0,781797.0,282584.0,7683.0,8124.0,26591.0,,,0.0,0.29621682943671696,0.05421739914581407,0.3055169042157121
intel,B,en_deblock_dis_sao,faster,32,MeridianTalk_sdr,,,7598.0,23420.0,1836663.0,,,,,665159.0,37900.0,781668.0,282584.0,4223.0,5804.0,15003.0,,,0.36215625838817467,0.32442356959863367,0.04848605801951724,0.3868559621409052
intel,B,en_deblock_dis_sao,faster,32,Motorcycle,,,8377.0,22663.0,2776478.0,,,,,669884.0,37831.0,781660.0,282583.0,5297.0,181.0,15052.0,,,0.24127113558976515,0.3696333230375502,0.048398280582350385,0.012024980069093808
intel,B,en_deblock_dis_sao,faster,32,MountainBike,,,7962.0,24227.0,2444956.0,,,,,938124.0,37894.0,781650.0,282583.0,4342.0,3638.0,15195.0,,,0.38369770253534213,0.3286415982168655,0.048479498496769656,0.23942086212569924
intel,B,en_deblock_dis_sao,faster,32,Neon1224,,,14044.0,21811.0,2825469.0,,,,,794510.0,36526.0,781078.0,281384.0,13881.0,324.0,3841.0,,,0.2811957943973195,0.6438952821970565,0.04676357546877521,0.08435303306430617
intel,B,en_deblock_dis_sao,faster,32,NocturneDance_3840x2160p_8bit,,,12119.0,22495.0,3532335.0,,,,,585690.0,38242.0,781656.0,282584.0,6575.0,1083.0,15064.0,,,0.16580816938370793,0.5387419426539231,0.048924335001586376,0.07189325544344131
intel,B,en_deblock_dis_sao,faster,32,OldTownCross,,,10044.0,22527.0,2623803.0,,,,,1417578.0,38223.0,781650.0,282584.0,5557.0,,15207.0,,,0.5402760801782756,0.4458649620455453,0.04890040299366724,
intel,B,en_deblock_dis_sao,faster,32,PedestrianArea,,,9559.0,21017.0,3406002.0,,,,,601305.0,38736.0,797019.0,282933.0,8656.0,913.0,16294.0,,,0.17654276186567125,0.4548222867202741,0.048601099848309764,0.056032895544372165
intel,B,en_deblock_dis_sao,faster,32,PierSeaSide,,,6922.0,19630.0,3583906.0,,,,,666796.0,38507.0,796179.0,282932.0,8354.0,687.0,15122.0,,,0.18605287080632138,0.35262353540499236,0.04836475214744423,0.0454304986112948
intel,B,en_deblock_dis_sao,faster,32,RitualDance,,,12042.0,20313.0,1202174.0,,,,,0.0,38027.0,781667.0,282584.0,4544.0,8205.0,15197.0,,,0.0,0.5928223305272485,0.048648593326825876,0.5399091926038034
intel,B,en_deblock_dis_sao,faster,32,Riverbed,,,276.0,20891.0,2019012.0,,,,,3065359.0,36674.0,781080.0,281384.0,13423.0,,4158.0,,,1.5182470436035052,0.013211430759657269,0.04695293695908229,
intel,B,en_deblock_dis_sao,faster,32,RushFieldCuts,,,15289.0,21091.0,2833808.0,,,,,0.0,36947.0,781080.0,281384.0,13691.0,1553.0,4020.0,,,0.0,0.7249063581622494,0.047302453013775794,0.386318407960199
intel,B,en_deblock_dis_sao,faster,32,Skater227,,,13686.0,21250.0,2730640.0,,,,,0.0,36559.0,781072.0,281382.0,13019.0,1538.0,4060.0,,,0.0,0.6440470588235294,0.046806184321035706,0.3788177339901478
intel,B,en_deblock_dis_sao,faster,32,Tango,,,11814.0,22489.0,1633730.0,,,,,803732.0,38133.0,781656.0,282583.0,4733.0,7526.0,15912.0,,,0.49196134000110175,0.5253234914847259,0.04878488746967976,0.47297637003519355
intel,B,en_deblock_dis_sao,faster,32,TimeLapse,,,11169.0,22935.0,2564732.0,,,,,1008349.0,37887.0,781692.0,282584.0,5094.0,3645.0,15536.0,,,0.39315959718208376,0.48698495748855464,0.048467938778956415,0.23461637487126674
intel,B,en_deblock_dis_sao,faster,32,ToddlerFountain,,,8195.0,22642.0,1581171.0,,,,,940652.0,37998.0,781663.0,282583.0,4081.0,7016.0,15379.0,,,0.5949084570865517,0.3619379913435209,0.04861174188876792,0.456206515378113
intel,B,en_deblock_dis_sao,faster,32,TreesAndGrass_1920_1080,,,890.0,22868.0,1310143.0,,,,,350352.0,37914.0,781665.0,282584.0,3735.0,846.0,14910.0,,,0.2674150836969705,0.038919013468602416,0.048504154593080155,0.05674044265593561
intel,B,en_deblock_dis_sao,faster,32,TunnelFlag,,,10934.0,22561.0,1746959.0,,,,,671844.0,38129.0,781675.0,282584.0,4438.0,6792.0,14863.0,,,0.3845791458185338,0.48464163822525597,0.04877858445005917,0.4569736930633116
intel,B,en_deblock_dis_sao,faster,32,Vertical_Carnaby,,,9658.0,20537.0,3454728.0,,,,,2833191.0,38622.0,796381.0,282933.0,8397.0,0.0,16044.0,,,0.8200909015123622,0.4702731655061596,0.04849688779616791,0.0
intel,B,en_deblock_dis_sao,faster,32,Vertical_bees,,,16095.0,21194.0,2951031.0,,,,,965601.0,36821.0,781079.0,281384.0,13792.0,1789.0,3745.0,,,0.32720801645255504,0.7594130414268189,0.047141198265476345,0.47770360480640855
intel,B,en_deblock_dis_sao,faster,32,WalkingInStreet,,,12106.0,22671.0,3327579.0,,,,,598715.0,38009.0,781650.0,282583.0,6526.0,1256.0,15100.0,,,0.17992510470825787,0.5339861497066737,0.048626623168937504,0.08317880794701987
intel,B,en_deblock_dis_sao,faster,32,WorldCup_1920x1080_30p,,,15610.0,21410.0,3326520.0,,,,,956834.0,36682.0,781102.0,281384.0,13241.0,302.0,3800.0,,,0.28763813234250807,0.729098552078468,0.04696185645408666,0.07947368421052632
intel,B,en_deblock_dis_sao,faster,32,WorldCup_far_1920x1080_30p,,,14356.0,21522.0,2841144.0,,,,,459837.0,36578.0,781078.0,281384.0,13809.0,323.0,4083.0,,,0.16184924100995937,0.6670383793327758,0.046830150125851705,0.07910849865295126
intel,B,en_deblock_dis_sao,faster,37,Aerial3200,,,1169.0,23584.0,1943059.0,,,,,514832.0,37644.0,781667.0,282584.0,3876.0,400.0,14607.0,,,0.2649595303076232,0.04956750339213026,0.04815861485773354,0.027384130896145685
intel,B,en_deblock_dis_sao,faster,37,Boat,,,4085.0,21803.0,1357770.0,,,,,913426.0,38156.0,781676.0,282583.0,5088.0,3412.0,15105.0,,,0.6727398602119652,0.18735953767830116,0.04881306321289128,0.225885468387951
intel,B,en_deblock_dis_sao,faster,37,BoxingPractice,,,15328.0,21692.0,2928462.0,,,,,607811.0,36670.0,781080.0,281385.0,13695.0,283.0,3897.0,,,0.20755297490628186,0.7066199520560575,0.04694781584472781,0.07261996407492943
intel,B,en_deblock_dis_sao,faster,37,Crosswalk,,,16128.0,21940.0,3097034.0,,,,,1023739.0,36774.0,781080.0,281385.0,13967.0,1795.0,3988.0,,,0.3305546532585693,0.7350957155879672,0.04708096481794438,0.45010030090270814
intel,B,en_deblock_dis_sao,faster,37,CrowdRun,,,2271.0,19658.0,2759856.0,,,,,1046723.0,38410.0,795522.0,282932.0,8468.0,494.0,14973.0,,,0.37926725162472247,0.11552548580730491,0.04828276276457471,0.03299272022974688
intel,B,en_deblock_dis_sao,faster,37,DinnerSceneCropped,,,9015.0,20778.0,3484526.0,,,,,0.0,38590.0,796339.0,282932.0,8441.0,5220.0,16295.0,,,0.0,0.4338723650014438,0.048459261696337866,0.32034366370052164
intel,B,en_deblock_dis_sao,faster,37,FoodMarket,,,11049.0,21516.0,2937614.0,,,,,683743.0,36549.0,781080.0,281385.0,13388.0,294.0,3901.0,,,0.2327545416109809,0.5135248187395427,0.04679290213550469,0.0753652909510382
intel,B,en_deblock_dis_sao,faster,37,FoodMarket2,,,11024.0,22157.0,3187828.0,,,,,789050.0,38002.0,781658.0,282584.0,5901.0,1019.0,14954.0,,,0.2475196277841841,0.4975402807239247,0.04861717016905091,0.06814230306272569
intel,B,en_deblock_dis_sao,faster,37,MeridianTalk_sdr,,,13659.0,21298.0,2549351.0,,,,,2480080.0,36766.0,781080.0,281385.0,14080.0,,4022.0,,,0.9728279864169351,0.6413278242088459,0.04707072258923542,
intel,B,en_deblock_dis_sao,faster,37,Motorcycle,,,6445.0,22759.0,2422126.0,,,,,1825146.0,37862.0,781641.0,282583.0,5395.0,,15265.0,,,0.7535305760311396,0.283184674194824,0.04843911719062843,
intel,B,en_deblock_dis_sao,faster,37,MountainBike,,,10162.0,22995.0,2933791.0,,,,,2600519.0,37900.0,781637.0,282583.0,6023.0,,15616.0,,,0.886402269282304,0.44192215699065013,0.04848798099373494,
intel,B,en_deblock_dis_sao,faster,37,Neon1224,,,13938.0,21867.0,2818146.0,,,,,502515.0,36722.0,781078.0,281384.0,13655.0,300.0,3911.0,,,0.1783140405074826,0.6373988201399369,0.04701451071467894,0.0767067246228586
intel,B,en_deblock_dis_sao,faster,37,NocturneDance_3840x2160p_8bit,,,15902.0,21483.0,2840121.0,,,,,0.0,36487.0,781079.0,281385.0,13664.0,1610.0,3961.0,,,0.0,0.740213191826095,0.04671358466941244,0.40646301439030547
intel,B,en_deblock_dis_sao,faster,37,OldTownCross,,,13335.0,21850.0,3182512.0,,,,,1020092.0,36610.0,781080.0,281385.0,13677.0,327.0,3966.0,,,0.32053044890325627,0.6102974828375286,0.04687099912941056,0.08245083207261725
intel,B,en_deblock_dis_sao,faster,37,PedestrianArea,,,12094.0,24619.0,1655869.0,,,,,752073.0,38067.0,781662.0,282583.0,4607.0,7209.0,15166.0,,,0.4541862913068606,0.49124659815589583,0.0487000775271153,0.4753395753659502
intel,B,en_deblock_dis_sao,faster,37,PierSeaSide,,,11232.0,24371.0,2298690.0,,,,,1007609.0,38096.0,781658.0,282584.0,4719.0,5144.0,15368.0,,,0.43834053308623605,0.4608756308727586,0.048737427365932416,0.33472149921915667
intel,B,en_deblock_dis_sao,faster,37,RitualDance,,,712.0,21279.0,2326664.0,,,,,879508.0,35948.0,781079.0,281385.0,13242.0,8.0,3924.0,,,0.37801246763606605,0.03346021899525354,0.046023513626662606,0.0020387359836901123
intel,B,en_deblock_dis_sao,faster,37,Riverbed,,,13513.0,25653.0,2450458.0,,,,,690588.0,38189.0,781665.0,282583.0,4558.0,5984.0,15423.0,,,0.2818199699811219,0.5267610026117803,0.04885596770995247,0.3879919600596512
intel,B,en_deblock_dis_sao,faster,37,RushFieldCuts,,,11310.0,23983.0,2222641.0,,,,,721965.0,37966.0,781672.0,282583.0,4366.0,5412.0,15241.0,,,0.3248230370986588,0.47158403869407495,0.04857024429684062,0.35509481005183385
intel,B,en_deblock_dis_sao,faster,37,Skater227,,,11320.0,24705.0,2394846.0,,,,,871846.0,38058.0,781630.0,282581.0,4596.0,5188.0,15186.0,,,0.36405096611640164,0.45820684072050194,0.04869055691311746,0.3416304490978533
intel,B,en_deblock_dis_sao,faster,37,Tango,,,11042.0,23131.0,1866510.0,,,,,590844.0,38037.0,781672.0,282583.0,4477.0,6519.0,15151.0,,,0.31655013902952567,0.4773680342397648,0.048661075233601817,0.43026862913339053
intel,B,en_deblock_dis_sao,faster,37,TimeLapse,,,11149.0,23150.0,2029483.0,,,,,519567.0,38156.0,781659.0,282584.0,4779.0,6318.0,15269.0,,,0.25600953543340843,0.4815982721382289,0.04881412482936933,0.41377955334337546
intel,B,en_deblock_dis_sao,faster,37,ToddlerFountain,,,9547.0,23707.0,2502133.0,,,,,0.0,38324.0,781641.0,282583.0,5139.0,5640.0,16344.0,,,0.0,0.40270806091027966,0.049030181374825524,0.34508076358296624
intel,B,en_deblock_dis_sao,faster,37,TreesAndGrass_1920_1080,,,9515.0,20593.0,3484615.0,,,,,506608.0,38478.0,796578.0,282932.0,8533.0,990.0,15847.0,,,0.14538421030730797,0.46205021123682805,0.04830412087705159,0.06247239225089923
intel,B,en_deblock_dis_sao,faster,37,TunnelFlag,,,6582.0,19551.0,2930120.0,,,,,464940.0,38621.0,794934.0,282932.0,8356.0,163.0,15015.0,,,0.15867609517698933,0.3366579714592604,0.04858390759484435,0.010855810855810857
intel,B,en_deblock_dis_sao,faster,37,Vertical_Carnaby,,,9788.0,20326.0,3640561.0,,,,,1832913.0,38612.0,795933.0,282933.0,8569.0,0.0,15860.0,,,0.5034699322439591,0.4815507232116501,0.04851162095301992,0.0
intel,B,en_deblock_dis_sao,faster,37,Vertical_bees,,,16230.0,21310.0,3141817.0,,,,,1006270.0,36576.0,781080.0,281384.0,13585.0,2064.0,4078.0,,,0.32028281723601343,0.7616142656030033,0.04682746965739745,0.5061304561059343
intel,B,en_deblock_dis_sao,faster,37,WalkingInStreet,,,11414.0,22963.0,2922751.0,,,,,0.0,38136.0,781661.0,282583.0,5971.0,4965.0,15603.0,,,0.0,0.49706048861211516,0.04878841339148301,0.3182080369159777
intel,B,en_deblock_dis_sao,faster,37,WorldCup_1920x1080_30p,,,16024.0,21687.0,3003295.0,,,,,955728.0,37042.0,781101.0,281384.0,12841.0,1629.0,3834.0,,,0.3182264812480958,0.7388758242264951,0.0474228044772699,0.42488262910798125
intel,B,en_deblock_dis_sao,faster,37,WorldCup_far_1920x1080_30p,,,7440.0,20211.0,3052650.0,,,,,858647.0,38368.0,796529.0,282933.0,8413.0,0.0,15533.0,,,0.2812792164185216,0.36811637227252486,0.04816899321933037,0.0
intel,B,en_deblock_dis_sao,superfast,22,Aerial3200,,,3741.0,23151.0,1416447.0,,,,,1014604.0,37500.0,781644.0,282589.0,4414.0,2685.0,14459.0,,,0.7163021277887559,0.16159129195283142,0.04797580484210203,0.18569748945293588
intel,B,en_deblock_dis_sao,superfast,22,Boat,,,1416.0,19418.0,2760563.0,,,,,1210290.0,38275.0,798028.0,282938.0,8639.0,0.0,14775.0,,,0.43842143794581034,0.07292203110516016,0.04796197627150927,0.0
intel,B,en_deblock_dis_sao,superfast,22,BoxingPractice,,,11524.0,22576.0,2990519.0,,,,,751450.0,37821.0,781641.0,282588.0,5736.0,341.0,15308.0,,,0.25127745384664,0.5104535790219702,0.04838666344268021,0.022275934152077344
intel,B,en_deblock_dis_sao,superfast,22,Crosswalk,,,12648.0,20492.0,1387909.0,,,,,1043597.0,38147.0,781662.0,282589.0,4809.0,7872.0,15124.0,,,0.7519203348346325,0.6172164747218427,0.048802423553914606,0.5204972229568897
intel,B,en_deblock_dis_sao,superfast,22,CrowdRun,,,3431.0,20557.0,3285220.0,,,,,985147.0,38599.0,798643.0,282937.0,8867.0,204.0,15680.0,,,0.2998724590742781,0.1669017852799533,0.04833073100246293,0.013010204081632653
intel,B,en_deblock_dis_sao,superfast,22,DinnerSceneCropped,,,138.0,21308.0,2342593.0,,,,,582721.0,36477.0,781069.0,281390.0,12983.0,37.0,3819.0,,,0.2487504231422189,0.006476440773418434,0.04670137977566643,0.00968840010473946
intel,B,en_deblock_dis_sao,superfast,22,FoodMarket,,,618.0,24112.0,1429896.0,,,,,792506.0,37836.0,781644.0,282589.0,4091.0,189.0,15443.0,,,0.5542403083860644,0.025630391506303914,0.04840566805348726,0.012238554684970537
intel,B,en_deblock_dis_sao,superfast,22,FoodMarket2,,,11501.0,24714.0,2275253.0,,,,,995625.0,38164.0,781638.0,282588.0,4392.0,4493.0,15438.0,,,0.43758869892710833,0.46536376143076796,0.04882567121864597,0.291035108174634
intel,B,en_deblock_dis_sao,superfast,22,MeridianTalk_sdr,,,7085.0,23373.0,2443194.0,,,,,3508159.0,37941.0,781655.0,282589.0,5243.0,,15941.0,,,1.4358904777925945,0.30312754032430583,0.048539317217954216,
intel,B,en_deblock_dis_sao,superfast,22,Motorcycle,,,7950.0,22657.0,2579570.0,,,,,2081791.0,38085.0,781635.0,282589.0,5428.0,,15212.0,,,0.8070302414743542,0.3508849362228009,0.048724788424264524,
intel,B,en_deblock_dis_sao,superfast,22,MountainBike,,,8804.0,23108.0,2552950.0,,,,,3658604.0,38069.0,781642.0,282589.0,5102.0,,15696.0,,,1.433088779647075,0.38099359529167387,0.04870388233999708,
intel,B,en_deblock_dis_sao,superfast,22,Neon1224,,,11335.0,24033.0,1909030.0,,,,,537567.0,38130.0,781642.0,282588.0,4631.0,7166.0,15461.0,,,0.28159169840180615,0.47164315732534434,0.04878192318222409,0.4634887782161568
intel,B,en_deblock_dis_sao,superfast,22,NocturneDance_3840x2160p_8bit,,,11252.0,21024.0,2481387.0,,,,,1794243.0,36581.0,781066.0,281390.0,13731.0,0.0,3697.0,,,0.7230806802808268,0.5351978691019786,0.046834710511019555,0.0
intel,B,en_deblock_dis_sao,superfast,22,OldTownCross,,,11069.0,22260.0,3188676.0,,,,,1008864.0,37872.0,781640.0,282588.0,6296.0,2143.0,14968.0,,,0.31638962378115554,0.4972596585804133,0.04845197277519062,0.1431721004810262
intel,B,en_deblock_dis_sao,superfast,22,PedestrianArea,,,11400.0,23038.0,3242513.0,,,,,992302.0,38264.0,781633.0,282588.0,6392.0,4477.0,15666.0,,,0.3060286882427303,0.49483462106085596,0.04895392082985237,0.28577811821779653
intel,B,en_deblock_dis_sao,superfast,22,PierSeaSide,,,11247.0,22836.0,2062562.0,,,,,509573.0,37945.0,781641.0,282588.0,4631.0,6457.0,15241.0,,,0.24705827024836102,0.49251182343667893,0.04854530404623094,0.42365986483826523
intel,B,en_deblock_dis_sao,superfast,22,RitualDance,,,16051.0,21679.0,3529709.0,,,,,745685.0,36627.0,781070.0,281390.0,13579.0,325.0,4029.0,,,0.21125962508524074,0.7403939296092993,0.04689336423111885,0.08066517746339041
intel,B,en_deblock_dis_sao,superfast,22,Riverbed,,,12769.0,26793.0,2311960.0,,,,,588204.0,37975.0,781642.0,282589.0,4535.0,6704.0,15460.0,,,0.2544178965033997,0.4765797036539395,0.04858362268148334,0.43363518758085384
intel,B,en_deblock_dis_sao,superfast,22,RushFieldCuts,,,8959.0,20490.0,1109177.0,,,,,0.0,37944.0,781643.0,282588.0,4072.0,7945.0,15033.0,,,0.0,0.4372376769155686,0.0485439004763044,0.5285039579591565
intel,B,en_deblock_dis_sao,superfast,22,Skater227,,,8342.0,24177.0,2298979.0,,,,,1020813.0,37832.0,781656.0,282585.0,4348.0,4708.0,15382.0,,,0.44402884932833225,0.3450386731190801,0.04839980758799267,0.30607203224548174
intel,B,en_deblock_dis_sao,superfast,22,Tango,,,15509.0,21560.0,3440016.0,,,,,722149.0,36718.0,781068.0,281390.0,13717.0,275.0,3936.0,,,0.20992605848344892,0.7193413729128015,0.04700999144760763,0.06986788617886179
intel,B,en_deblock_dis_sao,superfast,22,TimeLapse,,,11673.0,22823.0,2977654.0,,,,,860282.0,38239.0,781640.0,282589.0,6016.0,231.0,15272.0,,,0.2889126809226324,0.5114577399991237,0.048921498388004706,0.015125720272393924
intel,B,en_deblock_dis_sao,superfast,22,ToddlerFountain,,,12157.0,20041.0,1235191.0,,,,,0.0,38085.0,781649.0,282589.0,4671.0,8799.0,15653.0,,,0.0,0.6066064567636346,0.04872391572176258,0.5621286654315467
intel,B,en_deblock_dis_sao,superfast,22,TreesAndGrass_1920_1080,,,6802.0,19811.0,2723556.0,,,,,3259186.0,38494.0,795929.0,282937.0,8305.0,,15270.0,,,1.1966656826589943,0.34334460653172477,0.04836361032202621,
intel,B,en_deblock_dis_sao,superfast,22,TunnelFlag,,,11322.0,24295.0,2380733.0,,,,,1005190.0,38179.0,781658.0,282589.0,4540.0,5343.0,15636.0,,,0.4222187032313157,0.4660218151883104,0.04884361191211502,0.34171143514965463
intel,B,en_deblock_dis_sao,superfast,22,Vertical_Carnaby,,,6888.0,20085.0,2714169.0,,,,,1769717.0,38586.0,796155.0,282938.0,8308.0,,15420.0,,,0.6520290372486017,0.3429424943988051,0.04846543700661304,
intel,B,en_deblock_dis_sao,superfast,22,Vertical_bees,,,13779.0,21467.0,3027260.0,,,,,704288.0,36561.0,781066.0,281389.0,13594.0,438.0,3855.0,,,0.2326486657901865,0.6418689150789584,0.046809104480287196,0.11361867704280156
intel,B,en_deblock_dis_sao,superfast,22,WalkingInStreet,,,14215.0,20734.0,2767998.0,,,,,868912.0,36484.0,781069.0,281390.0,13887.0,119.0,3751.0,,,0.3139135216138162,0.685588887817112,0.04671034185200027,0.031724873367102106
intel,B,en_deblock_dis_sao,superfast,22,WorldCup_1920x1080_30p,,,13878.0,22041.0,2460815.0,,,,,3041649.0,36643.0,781067.0,281389.0,13538.0,,3893.0,,,1.2360331841280225,0.629644752960392,0.046914029142186266,
intel,B,en_deblock_dis_sao,superfast,22,WorldCup_far_1920x1080_30p,,,11349.0,22684.0,2700184.0,,,,,3274818.0,37943.0,781659.0,282588.0,5621.0,,15272.0,,,1.2128129046020568,0.5003085875506965,0.04854162748717791,
intel,B,en_deblock_dis_sao,superfast,27,Aerial3200,,,259.0,22693.0,1566576.0,,,,,812666.0,37683.0,781635.0,282589.0,3751.0,101.0,14534.0,,,0.518753000173627,0.011413211122372537,0.04821048187453223,0.006949222512728774
intel,B,en_deblock_dis_sao,superfast,27,Boat,,,4539.0,20132.0,3198944.0,,,,,1538977.0,38687.0,798214.0,282938.0,8731.0,0.0,15457.0,,,0.4810890718937249,0.2254619511225909,0.048466952471392384,0.0
intel,B,en_deblock_dis_sao,superfast,27,BoxingPractice,,,12289.0,20271.0,1244819.0,,,,,458386.0,38098.0,781646.0,282588.0,4791.0,8743.0,15556.0,,,0.3682350606795044,0.6062355088550145,0.04874073429659974,0.5620339418873747
intel,B,en_deblock_dis_sao,superfast,27,Crosswalk,,,11380.0,23303.0,2357149.0,,,,,839709.0,37868.0,781652.0,282589.0,4851.0,5631.0,14983.0,,,0.3562392534370971,0.4883491395957602,0.04844611156883114,0.375825936060869
intel,B,en_deblock_dis_sao,superfast,27,CrowdRun,,,1259.0,21063.0,2804468.0,,,,,479347.0,38583.0,800006.0,282937.0,8654.0,132.0,15998.0,,,0.17092261348676469,0.059773061767079715,0.048228388287087844,0.008251031378922365
intel,B,en_deblock_dis_sao,superfast,27,DinnerSceneCropped,,,1726.0,20814.0,2076431.0,,,,,3886581.0,36525.0,781070.0,281390.0,13495.0,,3850.0,,,1.8717602463072454,0.0829249543576439,0.046762774143162586,
intel,B,en_deblock_dis_sao,superfast,27,FoodMarket,,,7644.0,21584.0,3123903.0,,,,,607465.0,36779.0,781068.0,281390.0,13833.0,163.0,4105.0,,,0.1944570622071172,0.35415122312824315,0.04708808964136285,0.03970767356881851
intel,B,en_deblock_dis_sao,superfast,27,FoodMarket2,,,11375.0,23811.0,2002333.0,,,,,462275.0,37865.0,781647.0,282588.0,4391.0,6100.0,15425.0,,,0.230868192253736,0.47772038133635714,0.048442583416810917,0.39546191247974066
intel,B,en_deblock_dis_sao,superfast,27,MeridianTalk_sdr,,,1695.0,22682.0,2103319.0,,,,,4067312.0,37826.0,781639.0,282589.0,4516.0,,15439.0,,,1.9337589780722753,0.07472885988889869,0.04839318406578996,
intel,B,en_deblock_dis_sao,superfast,27,Motorcycle,,,8218.0,22872.0,2626743.0,,,,,3148284.0,37938.0,781640.0,282589.0,5201.0,,15284.0,,,1.1985504482166698,0.3593039524309199,0.04853641062381659,
intel,B,en_deblock_dis_sao,superfast,27,MountainBike,,,11233.0,22329.0,2635689.0,,,,,3719966.0,37967.0,781639.0,282589.0,5848.0,,14980.0,,,1.411382754186856,0.5030677594160061,0.04857357424591147,
intel,B,en_deblock_dis_sao,superfast,27,Neon1224,,,11587.0,22734.0,2969440.0,,,,,903693.0,38404.0,781654.0,282588.0,6034.0,156.0,15302.0,,,0.3043311196723961,0.5096771355678719,0.04913171300856901,0.010194745784864723
intel,B,en_deblock_dis_sao,superfast,27,NocturneDance_3840x2160p_8bit,,,15645.0,21466.0,2897430.0,,,,,1097472.0,36721.0,781070.0,281390.0,14033.0,1252.0,3848.0,,,0.37877429308041954,0.7288269822044163,0.047013711959235406,0.32536382536382535
intel,B,en_deblock_dis_sao,superfast,27,OldTownCross,,,10235.0,22535.0,2972857.0,,,,,549680.0,38013.0,781619.0,282588.0,5738.0,954.0,15024.0,,,0.1848995764007485,0.45418238295984026,0.04863366934529483,0.06349840255591055
intel,B,en_deblock_dis_sao,superfast,27,PedestrianArea,,,10416.0,22600.0,2606047.0,,,,,3577707.0,38054.0,781628.0,282588.0,5558.0,,15250.0,,,1.372848225684341,0.4608849557522124,0.0486855639767255,
intel,B,en_deblock_dis_sao,superfast,27,PierSeaSide,,,15817.0,21410.0,3284008.0,,,,,1866590.0,36760.0,781068.0,281389.0,13736.0,9.0,4062.0,,,0.5683877749384288,0.7387669313404951,0.04706376397445549,0.0022156573116691287
intel,B,en_deblock_dis_sao,superfast,27,RitualDance,,,15772.0,21184.0,2952803.0,,,,,432247.0,36545.0,781069.0,281390.0,13583.0,321.0,3893.0,,,0.14638531591846798,0.74452416918429,0.04678843994576663,0.08245568969946057
intel,B,en_deblock_dis_sao,superfast,27,Riverbed,,,7085.0,20922.0,2920828.0,,,,,1084272.0,36588.0,781069.0,281390.0,13407.0,306.0,3915.0,,,0.3712207634273569,0.3386387534652519,0.046843492700388824,0.07816091954022988
intel,B,en_deblock_dis_sao,superfast,27,RushFieldCuts,,,8183.0,23597.0,2196055.0,,,,,610194.0,38017.0,781665.0,282588.0,4149.0,4872.0,15026.0,,,0.2778591610865848,0.34678137051320085,0.04863592459685415,0.32423798748835353
intel,B,en_deblock_dis_sao,superfast,27,Skater227,,,11194.0,24011.0,2112899.0,,,,,486277.0,38000.0,781636.0,282585.0,4503.0,6416.0,15667.0,,,0.23014682670586714,0.4662029902961143,0.04861597981669217,0.4095232016340078
intel,B,en_deblock_dis_sao,superfast,27,Tango,,,16065.0,21485.0,3449297.0,,,,,623937.0,36731.0,781068.0,281390.0,13536.0,1337.0,4006.0,,,0.18088816358811666,0.7477309750989062,0.0470266353249653,0.3337493759360959
intel,B,en_deblock_dis_sao,superfast,27,TimeLapse,,,11246.0,22761.0,2678107.0,,,,,1859070.0,38022.0,781639.0,282589.0,5636.0,,15303.0,,,0.6941731603703661,0.4940907692983612,0.04864393920978866,
intel,B,en_deblock_dis_sao,superfast,27,ToddlerFountain,,,11831.0,22807.0,1617724.0,,,,,767797.0,38107.0,781652.0,282589.0,4571.0,7546.0,15365.0,,,0.4746155710121133,0.5187442451878809,0.04875187423559333,0.4911161731207289
intel,B,en_deblock_dis_sao,superfast,27,TreesAndGrass_1920_1080,,,6885.0,19840.0,3098082.0,,,,,3053381.0,38632.0,796969.0,282937.0,8303.0,,15237.0,,,0.9855713954633867,0.3470262096774194,0.04847365455870931,
intel,B,en_deblock_dis_sao,superfast,27,TunnelFlag,,,13741.0,21678.0,3042210.0,,,,,499790.0,36712.0,781069.0,281390.0,13364.0,245.0,3891.0,,,0.16428517426476147,0.6338684380477904,0.047002249481159795,0.06296581855564122
intel,B,en_deblock_dis_sao,superfast,27,Vertical_Carnaby,,,14101.0,21752.0,2451145.0,,,,,2994474.0,36668.0,781069.0,281390.0,13406.0,,3892.0,,,1.2216633450897438,0.6482622287605737,0.04694591642991849,
intel,B,en_deblock_dis_sao,superfast,27,Vertical_bees,,,11847.0,22673.0,2939014.0,,,,,828479.0,37982.0,781635.0,282588.0,5827.0,48.0,15244.0,,,0.28189011688954185,0.5225157676531558,0.048593013363014706,0.003148779847808974
intel,B,en_deblock_dis_sao,superfast,27,WalkingInStreet,,,15807.0,20755.0,3137373.0,,,,,984460.0,36734.0,781100.0,281390.0,12856.0,1832.0,3918.0,,,0.313784812962947,0.7615996145507107,0.047028549481500447,0.4675855028075549
intel,B,en_deblock_dis_sao,superfast,27,WorldCup_1920x1080_30p,,,11420.0,22610.0,2667766.0,,,,,1359728.0,38037.0,781651.0,282588.0,5733.0,,15307.0,,,0.5096878811709873,0.5050862450243255,0.0486623825722733,
intel,B,en_deblock_dis_sao,superfast,27,WorldCup_far_1920x1080_30p,,,11025.0,22716.0,2171158.0,,,,,608709.0,37816.0,781651.0,282588.0,4555.0,5625.0,14820.0,,,0.280361447669861,0.48534072900158476,0.0483796476944314,0.37955465587044535
intel,B,en_deblock_dis_sao,superfast,32,Aerial3200,,,11068.0,25556.0,2269364.0,,,,,865006.0,38020.0,781697.0,282589.0,4657.0,4973.0,15920.0,,,0.3811667057378191,0.4330881202066051,0.0486377714127085,0.3123743718592965
intel,B,en_deblock_dis_sao,superfast,32,Boat,,,5333.0,24661.0,1325161.0,,,,,304.0,38205.0,781662.0,282588.0,5052.0,4461.0,15477.0,,,0.00022940608726034045,0.2162523823040428,0.0488766244233441,0.2882341539057957
intel,B,en_deblock_dis_sao,superfast,32,BoxingPractice,,,11170.0,24006.0,2319609.0,,,,,912835.0,38271.0,781657.0,282588.0,4738.0,5095.0,15123.0,,,0.393529685390943,0.46530034158127137,0.04896137308307864,0.33690405342855256
intel,B,en_deblock_dis_sao,superfast,32,Crosswalk,,,7708.0,24274.0,1909410.0,,,,,612935.0,37853.0,781662.0,282589.0,4568.0,2722.0,15024.0,,,0.321007536359399,0.31754140232347366,0.048426301905427155,0.18117678381256655
intel,B,en_deblock_dis_sao,superfast,32,CrowdRun,,,3459.0,20498.0,3067136.0,,,,,531686.0,38421.0,799268.0,282937.0,8465.0,497.0,15712.0,,,0.17334933957933393,0.1687481705532247,0.048070234264351884,0.031631873727087575
intel,B,en_deblock_dis_sao,superfast,32,DinnerSceneCropped,,,1516.0,20730.0,2094719.0,,,,,2949686.0,36703.0,781078.0,281390.0,13912.0,0.0,3874.0,,,1.4081535518606554,0.07313072841292813,0.04699018535920868,0.0
intel,B,en_deblock_dis_sao,superfast,32,FoodMarket,,,11155.0,21383.0,2399133.0,,,,,3346111.0,36590.0,781069.0,281390.0,13996.0,,3908.0,,,1.3947167580955286,0.5216760978347286,0.046846053293627066,
intel,B,en_deblock_dis_sao,superfast,32,FoodMarket2,,,12139.0,23051.0,3097085.0,,,,,747238.0,37941.0,781644.0,282588.0,6711.0,532.0,15357.0,,,0.24127138906423298,0.5266148974014142,0.04854000030704515,0.034642182717978774
intel,B,en_deblock_dis_sao,superfast,32,MeridianTalk_sdr,,,9557.0,23975.0,2256951.0,,,,,877974.0,37905.0,781628.0,282589.0,4386.0,4742.0,14960.0,,,0.38900888854033605,0.3986235662148071,0.04849493621006412,0.31697860962566843
intel,B,en_deblock_dis_sao,superfast,32,Motorcycle,,,9737.0,22626.0,2740350.0,,,,,1175033.0,37874.0,781644.0,282589.0,6009.0,0.0,15210.0,,,0.4287893882168336,0.43034562008309024,0.04845428353572726,0.0
intel,B,en_deblock_dis_sao,superfast,32,MountainBike,,,11377.0,23132.0,3000879.0,,,,,437269.0,38075.0,781647.0,282589.0,5900.0,988.0,15358.0,,,0.14571363923703687,0.49182950025938094,0.04871124689277897,0.06433129313712722
intel,B,en_deblock_dis_sao,superfast,32,Neon1224,,,12522.0,19450.0,1251578.0,,,,,0.0,38080.0,781659.0,282588.0,4486.0,8682.0,15085.0,,,0.0,0.6438046272493573,0.04871689573074704,0.5755386145177328
intel,B,en_deblock_dis_sao,superfast,32,NocturneDance_3840x2160p_8bit,,,14037.0,21042.0,2514124.0,,,,,3017789.0,36335.0,781070.0,281390.0,14251.0,0.0,3946.0,,,1.200334191949164,0.667094382663245,0.04651951809696954,0.0
intel,B,en_deblock_dis_sao,superfast,32,OldTownCross,,,8457.0,22576.0,2550904.0,,,,,1705670.0,38015.0,781649.0,282588.0,5454.0,,15116.0,,,0.6686531519806311,0.3746013465627215,0.048634361458915705,
intel,B,en_deblock_dis_sao,superfast,32,PedestrianArea,,,7869.0,20986.0,2291037.0,,,,,2963051.0,36307.0,781068.0,281389.0,13554.0,,4005.0,,,1.2933230672398568,0.3749642618888783,0.04648378886345363,
intel,B,en_deblock_dis_sao,superfast,32,PierSeaSide,,,12105.0,20044.0,1248253.0,,,,,67.0,37766.0,781654.0,282588.0,4608.0,8595.0,14996.0,,,5.3675016202644814e-05,0.6039213729794453,0.04831549509117845,0.5731528407575354
intel,B,en_deblock_dis_sao,superfast,32,RitualDance,,,14007.0,21427.0,2823726.0,,,,,746308.0,36948.0,781069.0,281390.0,13411.0,279.0,4012.0,,,0.2642990148477579,0.6537079385821627,0.04730439948327229,0.06954137587238285
intel,B,en_deblock_dis_sao,superfast,32,Riverbed,,,11969.0,21604.0,2951806.0,,,,,1048152.0,36759.0,781068.0,281390.0,13574.0,633.0,3832.0,,,0.35508837640414037,0.5540177744862063,0.047062483676197205,0.16518789144050106
intel,B,en_deblock_dis_sao,superfast,32,RushFieldCuts,,,14055.0,20951.0,2704907.0,,,,,2166850.0,36741.0,781068.0,281389.0,13622.0,0.0,4046.0,,,0.8010811462279479,0.6708510333635626,0.04703943830754813,0.0
intel,B,en_deblock_dis_sao,superfast,32,Skater227,,,239.0,22233.0,1140735.0,,,,,0.0,37844.0,781653.0,282585.0,3707.0,137.0,14893.0,,,0.0,0.010749786353618495,0.04841534542821431,0.009198952528033304
intel,B,en_deblock_dis_sao,superfast,32,Tango,,,11573.0,23051.0,2135436.0,,,,,568930.0,37984.0,781672.0,282589.0,4882.0,6247.0,15294.0,,,0.2664233439915783,0.5020606481280638,0.048593271858273036,0.4084608343141101
intel,B,en_deblock_dis_sao,superfast,32,TimeLapse,,,11930.0,22907.0,2708865.0,,,,,3415498.0,37883.0,781654.0,282589.0,5966.0,,15317.0,,,1.2608594374396658,0.5208015017243637,0.048465177687314336,
intel,B,en_deblock_dis_sao,superfast,32,ToddlerFountain,,,11223.0,23984.0,1887763.0,,,,,589003.0,38316.0,781658.0,282589.0,4670.0,6907.0,16307.0,,,0.312011094613042,0.4679369579719813,0.049018880379910396,0.4235604341693751
intel,B,en_deblock_dis_sao,superfast,32,TreesAndGrass_1920_1080,,,11021.0,24336.0,2202099.0,,,,,851664.0,38097.0,781651.0,282589.0,4456.0,5220.0,15044.0,,,0.38675100438263676,0.4528681788297173,0.04873914317259237,0.3469821855889391
intel,B,en_deblock_dis_sao,superfast,32,TunnelFlag,,,14166.0,21831.0,3033867.0,,,,,699164.0,36647.0,781068.0,281390.0,14217.0,464.0,3947.0,,,0.23045308182593371,0.648893774907242,0.046919090271269594,0.11755763871294654
intel,B,en_deblock_dis_sao,superfast,32,Vertical_Carnaby,,,10624.0,22758.0,3010809.0,,,,,1862526.0,38082.0,781640.0,282589.0,5948.0,0.0,15476.0,,,0.6186131368678651,0.46682485279901575,0.04872063865718233,0.0
intel,B,en_deblock_dis_sao,superfast,32,Vertical_bees,,,6425.0,19702.0,3336764.0,,,,,610720.0,38327.0,794779.0,282938.0,8364.0,975.0,15218.0,,,0.18302762796529812,0.3261090244645214,0.04822346841071543,0.0640688658167959
intel,B,en_deblock_dis_sao,superfast,32,WalkingInStreet,,,12339.0,20450.0,1136024.0,,,,,0.0,38092.0,781637.0,282589.0,4168.0,8816.0,15432.0,,,0.0,0.6033740831295844,0.04873361931433645,0.5712804561949196
intel,B,en_deblock_dis_sao,superfast,32,WorldCup_1920x1080_30p,,,11597.0,22840.0,2613820.0,,,,,1189783.0,38106.0,781631.0,282588.0,5606.0,,15423.0,,,0.45518933974030346,0.5077495621716287,0.048751904671129984,
intel,B,en_deblock_dis_sao,superfast,32,WorldCup_far_1920x1080_30p,,,14321.0,21628.0,3120052.0,,,,,689917.0,36677.0,781068.0,281389.0,14086.0,641.0,4248.0,,,0.22112355819710697,0.6621509154799334,0.04695749921901806,0.150894538606403
intel,B,en_deblock_dis_sao,superfast,37,Aerial3200,,,4517.0,23536.0,1427772.0,,,,,650808.0,38049.0,781659.0,282589.0,4331.0,291.0,15089.0,,,0.4558206772509897,0.191918762746431,0.04867723649315111,0.019285572271190935
intel,B,en_deblock_dis_sao,superfast,37,Boat,,,298.0,22605.0,2159877.0,,,,,615543.0,37562.0,781625.0,282588.0,4523.0,27.0,14814.0,,,0.2849898396992051,0.01318292413182924,0.048056292979369905,0.0018226002430133657
intel,B,en_deblock_dis_sao,superfast,37,BoxingPractice,,,11077.0,23154.0,1870575.0,,,,,642787.0,37865.0,781653.0,282588.0,4531.0,6719.0,14906.0,,,0.3436307017895567,0.47840545909993953,0.04844221156958395,0.4507580839930229
intel,B,en_deblock_dis_sao,superfast,37,Crosswalk,,,11839.0,21540.0,1226755.0,,,,,7062.0,37872.0,781651.0,282589.0,4295.0,8001.0,15852.0,,,0.005756650675970344,0.5496285979572888,0.04845129092139586,0.5047312641937926
intel,B,en_deblock_dis_sao,superfast,37,CrowdRun,,,6907.0,20385.0,2797978.0,,,,,4103617.0,38621.0,796592.0,282937.0,8375.0,,15729.0,,,1.4666366211599948,0.33882756929114544,0.04848278667121939,
intel,B,en_deblock_dis_sao,superfast,37,DinnerSceneCropped,,,8283.0,23321.0,2393417.0,,,,,3332847.0,37998.0,781634.0,282589.0,4860.0,,15887.0,,,1.3925057773049996,0.35517344882294927,0.04861354547013052,
intel,B,en_deblock_dis_sao,superfast,37,FoodMarket,,,6585.0,19997.0,3094672.0,,,,,2791220.0,38343.0,796445.0,282937.0,8295.0,,15408.0,,,0.9019437278005553,0.3292993949092364,0.04814268405225722,
intel,B,en_deblock_dis_sao,superfast,37,FoodMarket2,,,11614.0,23556.0,1642450.0,,,,,319071.0,38326.0,781682.0,282588.0,4679.0,7925.0,15735.0,,,0.19426527443757802,0.49303786721005266,0.04903016827814891,0.503654273911662
intel,B,en_deblock_dis_sao,superfast,37,MeridianTalk_sdr,,,9282.0,20701.0,2384674.0,,,,,3064806.0,36607.0,781078.0,281390.0,13562.0,0.0,3853.0,,,1.2852096345244675,0.4483841360320757,0.046867278299990524,0.0
intel,B,en_deblock_dis_sao,superfast,37,Motorcycle,,,581.0,22480.0,2101878.0,,,,,2992374.0,37932.0,781659.0,282589.0,4782.0,,15130.0,,,1.4236668350874788,0.025845195729537366,0.04852755485448258,
intel,B,en_deblock_dis_sao,superfast,37,MountainBike,,,5420.0,22511.0,2307475.0,,,,,2221806.0,37726.0,781626.0,282589.0,4959.0,,15005.0,,,0.9628732705663117,0.24077117853493848,0.04826605051520804,
intel,B,en_deblock_dis_sao,superfast,37,Neon1224,,,11263.0,22164.0,3272037.0,,,,,807162.0,38061.0,781621.0,282588.0,6302.0,1141.0,14918.0,,,0.24668486328241399,0.5081663959574084,0.04869495573941846,0.07648478348304062
intel,B,en_deblock_dis_sao,superfast,37,NocturneDance_3840x2160p_8bit,,,12220.0,19536.0,1160553.0,,,,,0.0,38227.0,781659.0,282589.0,4626.0,8258.0,15522.0,,,0.0,0.6255118755118755,0.04890495727676647,0.5320190697075119
intel,B,en_deblock_dis_sao,superfast,37,OldTownCross,,,10842.0,22697.0,3029003.0,,,,,0.0,38046.0,781645.0,282588.0,6276.0,5027.0,15262.0,,,0.0,0.47768427545490594,0.04867427028894191,0.32938015987419733
intel,B,en_deblock_dis_sao,superfast,37,PedestrianArea,,,11556.0,21094.0,2962784.0,,,,,617608.0,36344.0,781068.0,281389.0,13807.0,309.0,4274.0,,,0.20845529069955826,0.5478335071584337,0.04653115989901007,0.07229761347683669
intel,B,en_deblock_dis_sao,superfast,37,PierSeaSide,,,12087.0,20508.0,1345233.0,,,,,957314.0,37918.0,781653.0,282588.0,4697.0,8212.0,15132.0,,,0.7116343414114878,0.589379754242247,0.04851001659304065,0.542690985989955
intel,B,en_deblock_dis_sao,superfast,37,RitualDance,,,9391.0,19712.0,1117288.0,,,,,0.0,37960.0,781648.0,282589.0,4340.0,8281.0,15232.0,,,0.0,0.47641030844155846,0.04856405952551532,0.5436580882352942
intel,B,en_deblock_dis_sao,superfast,37,Riverbed,,,11721.0,22204.0,1476280.0,,,,,954800.0,38062.0,781644.0,282589.0,4536.0,7563.0,15533.0,,,0.6467607770883572,0.527877859845073,0.04869480223733567,0.48689886049056846
intel,B,en_deblock_dis_sao,superfast,37,RushFieldCuts,,,7593.0,22522.0,1380196.0,,,,,169103.0,37929.0,781666.0,282588.0,4549.0,4767.0,14905.0,,,0.12252100426316262,0.33713702157890063,0.04852328232262885,0.3198255618919826
intel,B,en_deblock_dis_sao,superfast,37,Skater227,,,11081.0,24619.0,2295426.0,,,,,1002384.0,38482.0,781667.0,282585.0,4523.0,5220.0,16010.0,,,0.43668756910481976,0.45009951663349446,0.04923068263083896,0.32604622111180515
intel,B,en_deblock_dis_sao,superfast,37,Tango,,,9137.0,19762.0,3657349.0,,,,,917124.0,38595.0,796231.0,282937.0,8506.0,584.0,15369.0,,,0.25076195900363896,0.46235198866511484,0.048472114248252075,0.037998568547075284
intel,B,en_deblock_dis_sao,superfast,37,TimeLapse,,,11163.0,24041.0,1875218.0,,,,,518269.0,37867.0,781633.0,282589.0,4438.0,6618.0,15731.0,,,0.2763779997845584,0.46433176656545067,0.04844600982814185,0.4206979848706376
intel,B,en_deblock_dis_sao,superfast,37,ToddlerFountain,,,15724.0,21320.0,3395904.0,,,,,504779.0,36663.0,781070.0,281390.0,13816.0,861.0,4018.0,,,0.1486434834435838,0.7375234521575985,0.04693945485039753,0.21428571428571427
intel,B,en_deblock_dis_sao,superfast,37,TreesAndGrass_1920_1080,,,6771.0,19522.0,2978630.0,,,,,473427.0,38718.0,795969.0,282937.0,8558.0,149.0,14919.0,,,0.15894119108449187,0.3468394631697572,0.048642597890118836,0.009987264561967961
intel,B,en_deblock_dis_sao,superfast,37,TunnelFlag,,,16213.0,21028.0,3069096.0,,,,,1046027.0,36891.0,781068.0,281390.0,13525.0,1929.0,3920.0,,,0.3408257675875893,0.7710195929237208,0.04723148304629046,0.49209183673469387
intel,B,en_deblock_dis_sao,superfast,37,Vertical_Carnaby,,,6433.0,20099.0,2659392.0,,,,,3688801.0,38640.0,794257.0,282938.0,8309.0,,15580.0,,,1.387084341082473,0.32006567490919946,0.04864924073694031,
intel,B,en_deblock_dis_sao,superfast,37,Vertical_bees,,,6686.0,19733.0,3413441.0,,,,,526426.0,38337.0,794908.0,282938.0,8395.0,1130.0,15259.0,,,0.15422150258346343,0.33882329093396846,0.048228222637085046,0.07405465626843175
intel,B,en_deblock_dis_sao,superfast,37,WalkingInStreet,,,16387.0,21578.0,3094720.0,,,,,959332.0,36792.0,781100.0,281390.0,13320.0,2022.0,4070.0,,,0.30998991831248063,0.7594309018444713,0.04710280373831776,0.4968058968058968
intel,B,en_deblock_dis_sao,superfast,37,WorldCup_1920x1080_30p,,,11163.0,23173.0,2885508.0,,,,,645339.0,38038.0,781646.0,282588.0,5583.0,3358.0,15597.0,,,0.22364831426563364,0.4817244206619773,0.04866397320526172,0.21529781368211837
intel,B,en_deblock_dis_sao,superfast,37,WorldCup_far_1920x1080_30p,,,15578.0,21387.0,2971098.0,,,,,1629463.0,36769.0,781069.0,281389.0,13691.0,44.0,4057.0,,,0.548437984879664,0.7283864029550662,0.04707522638844967,0.010845452304658615
intel,B,en_deblock_dis_sao,veryfast,22,Aerial3200,,,11404.0,20525.0,1202895.0,,,,,158822.0,38346.0,781662.0,282585.0,4978.0,8418.0,15517.0,,,0.13203313672431924,0.5556151035322777,0.04905700929557789,0.5425017722497906
intel,B,en_deblock_dis_sao,veryfast,22,Boat,,,84.0,24396.0,2097060.0,,,,,990506.0,37908.0,781664.0,282584.0,4674.0,45.0,14759.0,,,0.4723307869111995,0.003443187407771766,0.04849654071314529,0.0030489870587438175
intel,B,en_deblock_dis_sao,veryfast,22,BoxingPractice,,,11807.0,23417.0,2697511.0,,,,,2922469.0,37946.0,781648.0,282584.0,5866.0,,16035.0,,,1.0833946552951963,0.5042063458171414,0.04854614865003173,
intel,B,en_deblock_dis_sao,veryfast,22,Crosswalk,,,428.0,24009.0,1720321.0,,,,,565065.0,38097.0,781647.0,282585.0,3850.0,97.0,16148.0,,,0.3284648620809721,0.017826648340205756,0.04873939259026133,0.006006935843448105
intel,B,en_deblock_dis_sao,veryfast,22,CrowdRun,,,8675.0,23466.0,1509540.0,,,,,928061.0,37983.0,781645.0,282584.0,4017.0,7083.0,15553.0,,,0.6147972229950845,0.36968379783516575,0.048593671039922216,0.45541053173021284
intel,B,en_deblock_dis_sao,veryfast,22,DinnerSceneCropped,,,6173.0,23112.0,1575196.0,,,,,862116.0,38126.0,781665.0,282585.0,4562.0,4811.0,15098.0,,,0.5473071287636586,0.2670906888196608,0.04877537052317809,0.31865147701682345
intel,B,en_deblock_dis_sao,veryfast,22,FoodMarket,,,346.0,22379.0,1423074.0,,,,,775146.0,38021.0,781667.0,282585.0,4255.0,272.0,14860.0,,,0.544698308028957,0.015460923186916305,0.04864091742391581,0.018304172274562585
intel,B,en_deblock_dis_sao,veryfast,22,FoodMarket2,,,11166.0,23570.0,2356448.0,,,,,992554.0,37558.0,781664.0,282585.0,4514.0,5109.0,14980.0,,,0.4212076820706419,0.47373780229104795,0.04804877799156671,0.3410547396528705
intel,B,en_deblock_dis_sao,veryfast,22,MeridianTalk_sdr,,,11557.0,21941.0,1568544.0,,,,,844464.0,38325.0,781667.0,282585.0,4605.0,7311.0,15232.0,,,0.5383744415202889,0.5267307779955335,0.04902982983802565,0.4799763655462185
intel,B,en_deblock_dis_sao,veryfast,22,Motorcycle,,,2352.0,22228.0,2139322.0,,,,,2676535.0,37740.0,781627.0,282584.0,4974.0,,14854.0,,,1.2511136705928327,0.10581248875292423,0.04828390012115753,
intel,B,en_deblock_dis_sao,veryfast,22,MountainBike,,,8099.0,22197.0,2668845.0,,,,,896071.0,38176.0,781647.0,282585.0,4998.0,1006.0,14625.0,,,0.3357523572931362,0.3648691264585304,0.048840461231220746,0.06878632478632479
intel,B,en_deblock_dis_sao,veryfast,22,Neon1224,,,11058.0,22856.0,2765132.0,,,,,0.0,37958.0,781639.0,282584.0,5826.0,5377.0,15315.0,,,0.0,0.4838116905845292,0.04856205997909521,0.35109369898792037
intel,B,en_deblock_dis_sao,veryfast,22,NocturneDance_3840x2160p_8bit,,,6635.0,19684.0,2968227.0,,,,,771934.0,38446.0,796622.0,282933.0,8451.0,725.0,15066.0,,,0.26006568904601973,0.33707579760211337,0.04826128326860167,0.04812159830080977
intel,B,en_deblock_dis_sao,veryfast,22,OldTownCross,,,9712.0,20312.0,3388112.0,,,,,714360.0,38610.0,796268.0,282933.0,8491.0,1510.0,15804.0,,,0.21084308901240573,0.4781410003938559,0.04848869978449467,0.09554543153631992
intel,B,en_deblock_dis_sao,veryfast,22,PedestrianArea,,,11365.0,22408.0,2965339.0,,,,,507549.0,37760.0,781647.0,282584.0,5784.0,1091.0,14912.0,,,0.17116053173009899,0.5071849339521599,0.04830825167882689,0.07316255364806867
intel,B,en_deblock_dis_sao,veryfast,22,PierSeaSide,,,14410.0,21264.0,2520854.0,,,,,3263913.0,36729.0,781075.0,281386.0,13704.0,,4108.0,,,1.2947647900275066,0.6776711813393529,0.047023653298338824,
intel,B,en_deblock_dis_sao,veryfast,22,RitualDance,,,11388.0,22847.0,3186182.0,,,,,1633545.0,38028.0,781617.0,282585.0,6247.0,0.0,15578.0,,,0.5126967009417541,0.49844618549481334,0.04865298477387263,0.0
intel,B,en_deblock_dis_sao,veryfast,22,Riverbed,,,13129.0,21993.0,2835664.0,,,,,973344.0,36381.0,781073.0,281385.0,13667.0,901.0,4161.0,,,0.3432508223823415,0.5969626699404356,0.046578232764415105,0.21653448690218696
intel,B,en_deblock_dis_sao,veryfast,22,RushFieldCuts,,,12987.0,20476.0,1128836.0,,,,,0.0,37876.0,781653.0,282584.0,4682.0,8902.0,15143.0,,,0.0,0.6342547372533698,0.04845628431030138,0.5878623786568051
intel,B,en_deblock_dis_sao,veryfast,22,Skater227,,,9419.0,20941.0,2906256.0,,,,,2780791.0,38818.0,796958.0,282931.0,8681.0,,16267.0,,,0.9568293364383592,0.44978749820925457,0.0487077110713488,
intel,B,en_deblock_dis_sao,veryfast,22,Tango,,,12495.0,23801.0,3314624.0,,,,,1847607.0,38399.0,781648.0,282585.0,6586.0,1554.0,16136.0,,,0.5574107349732579,0.524977942103273,0.04912569340675087,0.09630639563708478
intel,B,en_deblock_dis_sao,veryfast,22,TimeLapse,,,13819.0,21579.0,2640565.0,,,,,0.0,36948.0,781074.0,281386.0,13670.0,1497.0,4188.0,,,0.0,0.6403911209972658,0.04730409666689712,0.35744985673352436
intel,B,en_deblock_dis_sao,veryfast,22,ToddlerFountain,,,9733.0,23504.0,1966966.0,,,,,590373.0,37916.0,781652.0,282584.0,4326.0,6177.0,15002.0,,,0.30014397808604726,0.4140997277059224,0.048507519970523966,0.4117451006532462
intel,B,en_deblock_dis_sao,veryfast,22,TreesAndGrass_1920_1080,,,12010.0,20105.0,1159352.0,,,,,479045.0,37968.0,781677.0,282585.0,4671.0,8380.0,15219.0,,,0.4132006500182861,0.5973638398408356,0.04857249221865297,0.5506275050923188
intel,B,en_deblock_dis_sao,veryfast,22,TunnelFlag,,,9122.0,20532.0,2923471.0,,,,,1699211.0,38366.0,798941.0,282933.0,8496.0,,15910.0,,,0.5812306672445186,0.4442820962400156,0.048021067888617555,
intel,B,en_deblock_dis_sao,veryfast,22,Vertical_Carnaby,,,11446.0,23444.0,2580845.0,,,,,2848471.0,37989.0,781635.0,282584.0,5410.0,,16004.0,,,1.103697044960081,0.4882272649718478,0.048601968949701584,
intel,B,en_deblock_dis_sao,veryfast,22,Vertical_bees,,,12335.0,19808.0,1152216.0,,,,,0.0,38117.0,781652.0,282584.0,4575.0,8640.0,15378.0,,,0.0,0.6227281906300485,0.04876466765261267,0.5618415918845103
intel,B,en_deblock_dis_sao,veryfast,22,WalkingInStreet,,,11368.0,23309.0,2946929.0,,,,,486022.0,38196.0,781645.0,282584.0,5809.0,3957.0,15767.0,,,0.1649249099655947,0.4877086104079969,0.04886617326279833,0.2509672099955603
intel,B,en_deblock_dis_sao,veryfast,22,WorldCup_1920x1080_30p,,,12062.0,22691.0,3116709.0,,,,,617877.0,38429.0,781643.0,282585.0,6903.0,812.0,15064.0,,,0.1982466120513657,0.531576395927901,0.049164388346086385,0.05390334572490706
intel,B,en_deblock_dis_sao,veryfast,22,WorldCup_far_1920x1080_30p,,,16507.0,21730.0,3036314.0,,,,,981676.0,36855.0,781074.0,281385.0,14065.0,1925.0,3950.0,,,0.32331175234181975,0.7596410492406811,0.04718502984352315,0.4873417721518987
intel,B,en_deblock_dis_sao,veryfast,27,Aerial3200,,,55.0,23225.0,1198521.0,,,,,711369.0,37843.0,781662.0,282585.0,4816.0,30.0,15386.0,,,0.5935390368629335,0.0023681377825618944,0.04841350865207724,0.0019498245157935786
intel,B,en_deblock_dis_sao,veryfast,27,Boat,,,26.0,20231.0,967733.0,,,,,0.0,37706.0,781626.0,282584.0,4908.0,16.0,14949.0,,,0.0,0.0012851564430823982,0.04824046283004915,0.0010703057060672955
intel,B,en_deblock_dis_sao,veryfast,27,BoxingPractice,,,8121.0,22903.0,2400589.0,,,,,1310757.0,38260.0,781671.0,282584.0,5740.0,5585.0,15428.0,,,0.5460147488803789,0.35458236912194907,0.04894642375116897,0.36200414830178895
intel,B,en_deblock_dis_sao,veryfast,27,Crosswalk,,,11068.0,24282.0,2410561.0,,,,,970538.0,38154.0,781655.0,282585.0,4603.0,5156.0,15233.0,,,0.4026191413534028,0.4558108887241578,0.04881181595460913,0.33847567780476595
intel,B,en_deblock_dis_sao,veryfast,27,CrowdRun,,,9026.0,24526.0,1985147.0,,,,,567505.0,38097.0,781663.0,282584.0,4312.0,6141.0,15707.0,,,0.28587555480778,0.36801761396069477,0.04873839493490161,0.39097217800980455
intel,B,en_deblock_dis_sao,veryfast,27,DinnerSceneCropped,,,10166.0,24724.0,2377006.0,,,,,1000779.0,38179.0,781658.0,282585.0,4848.0,4991.0,15244.0,,,0.421025020551063,0.41117942080569486,0.04884361191211502,0.3274075045919706
intel,B,en_deblock_dis_sao,veryfast,27,FoodMarket,,,8471.0,22190.0,2957850.0,,,,,658110.0,37895.0,781641.0,282585.0,5069.0,1110.0,14993.0,,,0.22249606978041483,0.3817485353762956,0.04848133606092823,0.074034549456413
intel,B,en_deblock_dis_sao,veryfast,27,FoodMarket2,,,12332.0,20417.0,1159008.0,,,,,0.0,38009.0,781649.0,282585.0,4377.0,8662.0,15581.0,,,0.0,0.6040064652005681,0.04862668537924311,0.55593350876067
intel,B,en_deblock_dis_sao,veryfast,27,MeridianTalk_sdr,,,11660.0,23598.0,2968781.0,,,,,329129.0,38192.0,781639.0,282585.0,5845.0,3081.0,16142.0,,,0.11086334761641226,0.4941096703110433,0.048861430916318144,0.19086854169247924
intel,B,en_deblock_dis_sao,veryfast,27,Motorcycle,,,11230.0,23389.0,2768264.0,,,,,944896.0,38294.0,781628.0,282584.0,5503.0,595.0,15781.0,,,0.3413316071010568,0.48014023686348284,0.048992615412958594,0.03770356758126862
intel,B,en_deblock_dis_sao,veryfast,27,MountainBike,,,1071.0,20346.0,2303532.0,,,,,1051480.0,36123.0,781073.0,281386.0,12965.0,0.0,3871.0,,,0.4564642470779655,0.05263933942789738,0.04624791792828583,0.0
intel,B,en_deblock_dis_sao,veryfast,27,Neon1224,,,11490.0,25255.0,2243869.0,,,,,1015775.0,37998.0,781650.0,282584.0,4435.0,5111.0,15867.0,,,0.4526890830079653,0.4549594139774302,0.048612550374208405,0.32211508161593244
intel,B,en_deblock_dis_sao,veryfast,27,NocturneDance_3840x2160p_8bit,,,11781.0,21831.0,2798431.0,,,,,929223.0,36690.0,781073.0,281386.0,13615.0,237.0,4088.0,,,0.33205142453038866,0.5396454582932527,0.04697384239373272,0.05797455968688845
intel,B,en_deblock_dis_sao,veryfast,27,OldTownCross,,,11381.0,22862.0,3032959.0,,,,,626074.0,38044.0,781627.0,282584.0,5644.0,2668.0,15442.0,,,0.20642349599846221,0.4978129647449917,0.04867283243797873,0.17277554720891075
intel,B,en_deblock_dis_sao,veryfast,27,PedestrianArea,,,11174.0,22922.0,2640013.0,,,,,2360679.0,37918.0,781632.0,282584.0,5846.0,,15356.0,,,0.8941921876899849,0.487479277549952,0.048511319905019244,
intel,B,en_deblock_dis_sao,veryfast,27,PierSeaSide,,,12191.0,22383.0,3151621.0,,,,,734265.0,38176.0,781642.0,282585.0,6416.0,758.0,15133.0,,,0.23298010769695976,0.5446544252334361,0.04884077365341166,0.05008920901341439
intel,B,en_deblock_dis_sao,veryfast,27,RitualDance,,,12419.0,21777.0,2781623.0,,,,,1016030.0,36368.0,781072.0,281386.0,13465.0,7.0,3985.0,,,0.36526517072946263,0.5702805712448914,0.04656164860601839,0.0017565872020075283
intel,B,en_deblock_dis_sao,veryfast,27,Riverbed,,,11924.0,20690.0,1137359.0,,,,,0.0,37846.0,781647.0,282584.0,4390.0,8475.0,14947.0,,,0.0,0.5763170613823103,0.04841827576898523,0.567003412055931
intel,B,en_deblock_dis_sao,veryfast,27,RushFieldCuts,,,13141.0,21256.0,2631802.0,,,,,2230041.0,36471.0,781073.0,281385.0,13712.0,0.0,4045.0,,,0.847343759142975,0.6182254422280767,0.046693458870041595,0.0
intel,B,en_deblock_dis_sao,veryfast,27,Skater227,,,11071.0,24077.0,2398607.0,,,,,922400.0,38204.0,781638.0,282581.0,4633.0,5051.0,14933.0,,,0.38455653635631015,0.4598164223117498,0.04887684580330025,0.3382441572356526
intel,B,en_deblock_dis_sao,veryfast,27,Tango,,,11100.0,23113.0,2975782.0,,,,,539153.0,38085.0,781655.0,282585.0,5590.0,1739.0,15681.0,,,0.18118027463033246,0.480249210401073,0.04872354171597444,0.11089853963395192
intel,B,en_deblock_dis_sao,veryfast,27,TimeLapse,,,11522.0,22720.0,2938476.0,,,,,0.0,38047.0,781645.0,282585.0,5832.0,3823.0,15154.0,,,0.0,0.5071302816901408,0.048675549642100954,0.25227662663323214
intel,B,en_deblock_dis_sao,veryfast,27,ToddlerFountain,,,9280.0,24852.0,2317106.0,,,,,894257.0,38122.0,781657.0,282584.0,4616.0,4833.0,15556.0,,,0.3859370266185492,0.3734105906969258,0.04877075238883551,0.3106839804577012
intel,B,en_deblock_dis_sao,veryfast,27,TreesAndGrass_1920_1080,,,9162.0,20544.0,2985791.0,,,,,2708121.0,38519.0,797498.0,282933.0,8542.0,,15954.0,,,0.907002867916743,0.4459696261682243,0.048299807648420436,
intel,B,en_deblock_dis_sao,veryfast,27,TunnelFlag,,,9227.0,20851.0,3335249.0,,,,,57950.0,38703.0,797710.0,282933.0,8658.0,2712.0,16248.0,,,0.01737501457912138,0.44252074241043593,0.04851763172080079,0.16691285081240767
intel,B,en_deblock_dis_sao,veryfast,27,Vertical_Carnaby,,,9092.0,20412.0,4024462.0,,,,,529786.0,38561.0,796514.0,282934.0,8537.0,1226.0,15825.0,,,0.13164144673250736,0.44542426023907505,0.04841220618846624,0.07747235387045813
intel,B,en_deblock_dis_sao,veryfast,27,Vertical_bees,,,12497.0,20770.0,1388514.0,,,,,1065246.0,37917.0,781645.0,282584.0,4807.0,8365.0,15586.0,,,0.767184198358821,0.6016851227732306,0.04850923373142539,0.536699602207109
intel,B,en_deblock_dis_sao,veryfast,27,WalkingInStreet,,,12116.0,22008.0,1600399.0,,,,,825660.0,38063.0,781658.0,282596.0,4510.0,7577.0,15942.0,,,0.5159088452317203,0.5505270810614322,0.04869520941383572,0.4752854096098357
intel,B,en_deblock_dis_sao,veryfast,27,WorldCup_1920x1080_30p,,,11648.0,22546.0,2848443.0,,,,,950765.0,38151.0,781661.0,282585.0,5830.0,0.0,15045.0,,,0.3337841059133007,0.5166326621130134,0.04880760329605801,0.0
intel,B,en_deblock_dis_sao,veryfast,27,WorldCup_far_1920x1080_30p,,,16231.0,21575.0,3071760.0,,,,,995664.0,36582.0,781074.0,281385.0,14343.0,2043.0,4084.0,,,0.3241346980232831,0.752305909617613,0.0468355111039415,0.5002448579823702
intel,B,en_deblock_dis_sao,veryfast,32,Aerial3200,,,7272.0,23317.0,2047951.0,,,,,525662.0,37885.0,781637.0,282585.0,4218.0,4981.0,15089.0,,,0.25667703963620225,0.31187545567611613,0.04846879049993795,0.33010802571409636
intel,B,en_deblock_dis_sao,veryfast,32,Boat,,,4831.0,20987.0,1222887.0,,,,,572444.0,38316.0,781673.0,282584.0,5058.0,4360.0,14868.0,,,0.46810866416929775,0.2301901176919045,0.049017939726714366,0.2932472423997848
intel,B,en_deblock_dis_sao,veryfast,32,BoxingPractice,,,11201.0,22897.0,2639530.0,,,,,3415817.0,38349.0,781638.0,282584.0,5643.0,0.0,15543.0,,,1.2941004648554857,0.4891907236755907,0.049062353672672004,0.0
intel,B,en_deblock_dis_sao,veryfast,32,Crosswalk,,,11969.0,21183.0,1365526.0,,,,,1058827.0,38059.0,781662.0,282585.0,4519.0,8068.0,15464.0,,,0.7753986375945973,0.5650285606382477,0.04868984292443537,0.5217278841179513
intel,B,en_deblock_dis_sao,veryfast,32,CrowdRun,,,7428.0,22226.0,1292784.0,,,,,525079.0,38046.0,781665.0,282584.0,4690.0,8261.0,15993.0,,,0.4061614314533596,0.33420318545847205,0.048673024889178865,0.5165384855874445
intel,B,en_deblock_dis_sao,veryfast,32,DinnerSceneCropped,,,10883.0,21446.0,2665834.0,,,,,2050402.0,36441.0,781074.0,281386.0,13184.0,0.0,3991.0,,,0.7691409142504747,0.5074605987130467,0.04665499043624548,0.0
intel,B,en_deblock_dis_sao,veryfast,32,FoodMarket,,,9198.0,22914.0,1701605.0,,,,,769353.0,38083.0,781647.0,282585.0,4316.0,6525.0,15413.0,,,0.4521337208106464,0.401413982717989,0.04872148169186346,0.42334393044832286
intel,B,en_deblock_dis_sao,veryfast,32,FoodMarket2,,,9606.0,23011.0,2589910.0,,,,,1688315.0,37993.0,781660.0,282585.0,5475.0,0.0,15459.0,,,0.6518817256198092,0.41745252270653166,0.04860553181690249,0.0
intel,B,en_deblock_dis_sao,veryfast,32,MeridianTalk_sdr,,,11711.0,23722.0,2953327.0,,,,,0.0,38317.0,781646.0,282585.0,5918.0,3594.0,16253.0,,,0.0,0.49367675575415226,0.04902091227998352,0.22112840706331138
intel,B,en_deblock_dis_sao,veryfast,32,Motorcycle,,,10515.0,22728.0,3191041.0,,,,,1085712.0,38072.0,781648.0,282584.0,6233.0,3990.0,15256.0,,,0.3402375588405163,0.4626451953537487,0.04870734652938407,0.2615364446775039
intel,B,en_deblock_dis_sao,veryfast,32,MountainBike,,,11068.0,20794.0,2402154.0,,,,,3075836.0,36656.0,781073.0,281386.0,13442.0,,3984.0,,,1.2804491302389438,0.5322689237279985,0.04693031253160716,
intel,B,en_deblock_dis_sao,veryfast,32,Neon1224,,,11087.0,23301.0,2083348.0,,,,,470492.0,37917.0,781655.0,282584.0,4776.0,6143.0,15428.0,,,0.22583457012462632,0.47581648856272263,0.04850861313495084,0.39817215452424165
intel,B,en_deblock_dis_sao,veryfast,32,NocturneDance_3840x2160p_8bit,,,11043.0,21464.0,2380552.0,,,,,3815984.0,36585.0,781074.0,281386.0,12502.0,,3951.0,,,1.6029828375939699,0.5144893775624301,0.04683935196921162,
intel,B,en_deblock_dis_sao,veryfast,32,OldTownCross,,,1701.0,21191.0,2063767.0,,,,,2895160.0,36335.0,781074.0,281385.0,12757.0,,3906.0,,,1.402852163059105,0.08026992591194375,0.04651927986336762,
intel,B,en_deblock_dis_sao,veryfast,32,PedestrianArea,,,9675.0,21211.0,3459338.0,,,,,790800.0,38783.0,796426.0,282933.0,8635.0,2330.0,16424.0,,,0.2285986509557609,0.4561312526519259,0.048696300723482154,0.14186556259132976
intel,B,en_deblock_dis_sao,veryfast,32,PierSeaSide,,,11421.0,22343.0,3075603.0,,,,,910059.0,38252.0,781655.0,282585.0,6225.0,266.0,15143.0,,,0.2958961218336697,0.5111668083963657,0.04893719096020623,0.01756587202007528
intel,B,en_deblock_dis_sao,veryfast,32,RitualDance,,,9699.0,22086.0,2863465.0,,,,,903044.0,36688.0,781074.0,281386.0,13440.0,878.0,4047.0,,,0.31536757040857843,0.439146970931812,0.04697122167681935,0.2169508277736595
intel,B,en_deblock_dis_sao,veryfast,32,Riverbed,,,3091.0,21869.0,2550913.0,,,,,94.0,36473.0,781072.0,281385.0,13534.0,225.0,4270.0,,,3.684955151351692e-05,0.14134162513146464,0.04669607923469283,0.05269320843091335
intel,B,en_deblock_dis_sao,veryfast,32,RushFieldCuts,,,11150.0,24212.0,1922191.0,,,,,606590.0,38211.0,781656.0,282584.0,4623.0,6624.0,15599.0,,,0.3155721777908647,0.46051544688584173,0.04888467561177807,0.42464260529521125
intel,B,en_deblock_dis_sao,veryfast,32,Skater227,,,14801.0,21315.0,2513976.0,,,,,3464979.0,36628.0,781065.0,281382.0,13315.0,,4114.0,,,1.3782864275553943,0.6943936195167723,0.046894944722910385,
intel,B,en_deblock_dis_sao,veryfast,32,Tango,,,6495.0,19983.0,3007554.0,,,,,3553311.0,38468.0,795192.0,282934.0,8487.0,,15365.0,,,1.1814620784863714,0.32502627233148174,0.04837573818650087,
intel,B,en_deblock_dis_sao,veryfast,32,TimeLapse,,,11717.0,22528.0,1507443.0,,,,,808204.0,38003.0,781645.0,282585.0,4555.0,7793.0,15475.0,,,0.5361423284329823,0.5201083096590909,0.04861925810310307,0.5035864297253635
intel,B,en_deblock_dis_sao,veryfast,32,ToddlerFountain,,,11039.0,23525.0,2145922.0,,,,,499874.0,38076.0,781666.0,282584.0,4688.0,5764.0,15292.0,,,0.23294136506359503,0.46924548352816153,0.04871134218451359,0.37692911326183626
intel,B,en_deblock_dis_sao,veryfast,32,TreesAndGrass_1920_1080,,,12463.0,19278.0,1208639.0,,,,,0.0,37890.0,781655.0,282585.0,4647.0,8846.0,15592.0,,,0.0,0.6464882249195975,0.04847407104157205,0.5673422267829656
intel,B,en_deblock_dis_sao,veryfast,32,TunnelFlag,,,11383.0,23595.0,2651390.0,,,,,3379280.0,38177.0,781657.0,282585.0,5796.0,,16142.0,,,1.2745314721712007,0.4824327187963552,0.048841115732348075,
intel,B,en_deblock_dis_sao,veryfast,32,Vertical_Carnaby,,,8656.0,20367.0,3518402.0,,,,,1942000.0,38548.0,796740.0,282934.0,8504.0,0.0,15935.0,,,0.5519551205348338,0.4250012274758187,0.04838215729096067,0.0
intel,B,en_deblock_dis_sao,veryfast,32,Vertical_bees,,,11248.0,22922.0,1730134.0,,,,,676849.0,38000.0,781651.0,282584.0,4495.0,7032.0,15382.0,,,0.391211894570016,0.4907076171363755,0.04861504686874321,0.457157716811858
intel,B,en_deblock_dis_sao,veryfast,32,WalkingInStreet,,,11487.0,23328.0,3040534.0,,,,,19.0,38147.0,781654.0,282584.0,6208.0,4758.0,16000.0,,,6.2489023309721255e-06,0.4924125514403292,0.048802923032441464,0.297375
intel,B,en_deblock_dis_sao,veryfast,32,WorldCup_1920x1080_30p,,,11315.0,22800.0,3148687.0,,,,,1179167.0,38095.0,781644.0,282585.0,6399.0,0.0,15437.0,,,0.37449482911448484,0.4962719298245614,0.04873702094559672,0.0
intel,B,en_deblock_dis_sao,veryfast,32,WorldCup_far_1920x1080_30p,,,16022.0,21672.0,3094238.0,,,,,991598.0,37185.0,781074.0,281385.0,14324.0,2004.0,4122.0,,,0.3204659757911318,0.7392949427833149,0.047607525023237236,0.4861717612809316
intel,B,en_deblock_dis_sao,veryfast,37,Aerial3200,,,45.0,24155.0,1568646.0,,,,,675896.0,37920.0,781660.0,282585.0,4860.0,36.0,15535.0,,,0.4308786048604975,0.0018629683295383979,0.04851214082849321,0.002317347924042485
intel,B,en_deblock_dis_sao,veryfast,37,Boat,,,8462.0,20187.0,1334458.0,,,,,1041609.0,38246.0,781668.0,282584.0,5258.0,7408.0,15437.0,,,0.7805483574604821,0.41918066082132066,0.04892870118771652,0.47988598821014444
intel,B,en_deblock_dis_sao,veryfast,37,BoxingPractice,,,11811.0,23485.0,2661447.0,,,,,2851962.0,38251.0,781651.0,282584.0,5668.0,,16051.0,,,1.0715832402448744,0.5029167553757717,0.04893616204674465,
intel,B,en_deblock_dis_sao,veryfast,37,Crosswalk,,,10360.0,23120.0,2850486.0,,,,,1438445.0,38340.0,781656.0,282585.0,5267.0,934.0,15736.0,,,0.5046314909106728,0.44809688581314877,0.049049709846786825,0.05935434672089476
intel,B,en_deblock_dis_sao,veryfast,37,CrowdRun,,,9361.0,19048.0,923652.0,,,,,0.0,38004.0,781656.0,282584.0,4331.0,8493.0,15798.0,,,0.0,0.4914426711465771,0.04861985323467101,0.5375996961640714
intel,B,en_deblock_dis_sao,veryfast,37,DinnerSceneCropped,,,82.0,20884.0,2481229.0,,,,,856949.0,36241.0,781074.0,281386.0,12995.0,24.0,3925.0,,,0.3453727971098194,0.003926450871480559,0.046398932751570275,0.006114649681528662
intel,B,en_deblock_dis_sao,veryfast,37,FoodMarket,,,8278.0,23739.0,2654678.0,,,,,1321465.0,38114.0,781657.0,282585.0,5225.0,201.0,15967.0,,,0.4977873022641541,0.34870887568979314,0.04876051772068823,0.012588463706394439
intel,B,en_deblock_dis_sao,veryfast,37,FoodMarket2,,,15231.0,22143.0,3083767.0,,,,,540827.0,36745.0,781074.0,281386.0,13063.0,377.0,4359.0,,,0.1753786845763639,0.687847175179515,0.047044198116951784,0.08648772654278504
intel,B,en_deblock_dis_sao,veryfast,37,MeridianTalk_sdr,,,8441.0,22549.0,2752349.0,,,,,1062082.0,38088.0,781651.0,282585.0,5204.0,0.0,15068.0,,,0.3858820229556644,0.3743403255133265,0.048727629082544514,0.0
intel,B,en_deblock_dis_sao,veryfast,37,Motorcycle,,,8340.0,22547.0,2714216.0,,,,,1651027.0,37988.0,781655.0,282584.0,5371.0,,15148.0,,,0.608288728678926,0.3698939992016676,0.04859944604716915,
intel,B,en_deblock_dis_sao,veryfast,37,MountainBike,,,2797.0,21105.0,2633137.0,,,,,0.0,36409.0,781073.0,281386.0,13387.0,160.0,3970.0,,,0.0,0.13252783700544896,0.04661408088616557,0.04030226700251889
intel,B,en_deblock_dis_sao,veryfast,37,Neon1224,,,11825.0,22746.0,3001624.0,,,,,555606.0,37982.0,781668.0,282584.0,5893.0,1209.0,15393.0,,,0.18510179822656003,0.519871625780357,0.04859096189174944,0.07854219450399533
intel,B,en_deblock_dis_sao,veryfast,37,NocturneDance_3840x2160p_8bit,,,15863.0,21656.0,2859486.0,,,,,1584541.0,36746.0,781074.0,281386.0,13604.0,0.0,3972.0,,,0.5541349039652581,0.7324990764684152,0.047045478405375166,0.0
intel,B,en_deblock_dis_sao,veryfast,37,OldTownCross,,,11655.0,23101.0,2888291.0,,,,,0.0,37927.0,781654.0,282584.0,5989.0,5491.0,15576.0,,,0.0,0.5045236136963768,0.04852146857816886,0.3525295326142784
intel,B,en_deblock_dis_sao,veryfast,37,PedestrianArea,,,11394.0,23093.0,2976580.0,,,,,328.0,37934.0,781662.0,282584.0,5737.0,3794.0,15774.0,,,0.00011019357786452909,0.4933962672671372,0.04852992725756145,0.2405223785976924
intel,B,en_deblock_dis_sao,veryfast,37,PierSeaSide,,,11316.0,22428.0,3135647.0,,,,,1185254.0,38053.0,781650.0,282585.0,5845.0,275.0,15264.0,,,0.37799344122600537,0.5045478865703584,0.0486829143478539,0.018016247379454925
intel,B,en_deblock_dis_sao,veryfast,37,RitualDance,,,11843.0,22998.0,3021841.0,,,,,513051.0,38158.0,781624.0,282585.0,5902.0,1040.0,15582.0,,,0.16978093817642953,0.5149578224193408,0.04881886943082608,0.06674367860351688
intel,B,en_deblock_dis_sao,veryfast,37,Riverbed,,,11317.0,23118.0,1748007.0,,,,,642709.0,38011.0,781638.0,282584.0,4486.0,7064.0,15000.0,,,0.36768102187233803,0.48953196643308244,0.04862992843234336,0.4709333333333333
intel,B,en_deblock_dis_sao,veryfast,37,RushFieldCuts,,,1295.0,21235.0,2673512.0,,,,,976805.0,36362.0,781073.0,281385.0,13750.0,56.0,4188.0,,,0.36536398564883943,0.060984224158229336,0.04655390725322729,0.013371537726838587
intel,B,en_deblock_dis_sao,veryfast,37,Skater227,,,11213.0,23432.0,2013008.0,,,,,481971.0,38243.0,781641.0,282581.0,4487.0,6208.0,15276.0,,,0.2394282586060264,0.4785336292249915,0.04892655323863513,0.40638910709609843
intel,B,en_deblock_dis_sao,veryfast,37,Tango,,,6704.0,20226.0,3044637.0,,,,,2802590.0,38433.0,794958.0,282934.0,8270.0,,15577.0,,,0.9205005391447322,0.3314545634332048,0.048345950352094075,
intel,B,en_deblock_dis_sao,veryfast,37,TimeLapse,,,11541.0,22556.0,2695582.0,,,,,3537001.0,38027.0,781623.0,282585.0,6040.0,,15075.0,,,1.3121474323541262,0.5116598687710587,0.0486513319080938,
intel,B,en_deblock_dis_sao,veryfast,37,ToddlerFountain,,,9087.0,20409.0,2885072.0,,,,,1867536.0,38683.0,796395.0,282933.0,8688.0,,15866.0,,,0.6473100151400034,0.4452447449654564,0.04857263041581125,
intel,B,en_deblock_dis_sao,veryfast,37,TreesAndGrass_1920_1080,,,11519.0,22758.0,2907826.0,,,,,0.0,38107.0,781643.0,282585.0,6278.0,5858.0,15288.0,,,0.0,0.5061516829246858,0.04875243557480845,0.38317634746206175
intel,B,en_deblock_dis_sao,veryfast,37,TunnelFlag,,,12595.0,23453.0,2694581.0,,,,,2139861.0,38055.0,781625.0,282585.0,5960.0,,15955.0,,,0.7941349694071175,0.5370315098281669,0.04868703022549176,
intel,B,en_deblock_dis_sao,veryfast,37,Vertical_Carnaby,,,8994.0,19802.0,3191224.0,,,,,582529.0,38601.0,796897.0,282934.0,8499.0,401.0,15205.0,,,0.18254093100327648,0.4541965458034542,0.048439133288241766,0.026372903650115093
intel,B,en_deblock_dis_sao,veryfast,37,Vertical_bees,,,11488.0,24014.0,1992912.0,,,,,475903.0,37797.0,781649.0,282584.0,4415.0,6370.0,15743.0,,,0.23879779940107743,0.47838760722911633,0.04835546389747828,0.4046242774566474
intel,B,en_deblock_dis_sao,veryfast,37,WalkingInStreet,,,11425.0,23083.0,3092072.0,,,,,177885.0,38269.0,781667.0,282584.0,5658.0,3513.0,15666.0,,,0.05752938482674401,0.4949529957111294,0.04895818807753174,0.22424358483339715
intel,B,en_deblock_dis_sao,veryfast,37,WorldCup_1920x1080_30p,,,11162.0,22489.0,2621859.0,,,,,1239726.0,38021.0,781643.0,282585.0,5810.0,,15085.0,,,0.47284236108806765,0.49633153986393347,0.048642410921609994,
intel,B,en_deblock_dis_sao,veryfast,37,WorldCup_far_1920x1080_30p,,,11304.0,24457.0,2509647.0,,,,,557540.0,38078.0,781641.0,282584.0,5372.0,5732.0,15183.0,,,0.22215873387771268,0.4621989614425318,0.048715458887136166,0.37752749785944806
