index,qp,preset,seqname,config,E_hw_slow,instructions,cycles,branches,branch-misses,cache-references,cache-misses,l1-dcache-loads,l1-dcache-load-misses,l1-dcache-stores,l1-icache-load-misses,llc-loads,llc-load-misses,llc-stores,llc-store-misses,dtlb-loads,dtlb-load-misses,dtlb-stores,dtlb-store-misses
0,22,fast,Aerial3200,A,7.1671,1.3199E+12,7.49447E+11,1.30287E+11,6519986952,2185307518,204152368,3.35316E+11,4919576869,1.46822E+11,2921990154,544684671,113954117,404561355,90412248,3.34839E+11,33845578,1.46533E+11,11621025
1,22,fast,Boat,A,7.1358,1.34599E+12,7.74727E+11,1.33411E+11,7045195880,2349353001,211818249,3.44426E+11,4973816864,1.51763E+11,2959219881,599828960,111583158,411024537,97183967,3.44127E+11,37036158,1.51513E+11,12715056
2,22,fast,BoxingPractice,A,13.6248,4.16944E+12,2.33979E+12,4.09854E+11,17368089928,8807520697,669291616,1.12257E+12,20112070837,5.09773E+11,10794904338,2182106188,387121105,1576054031,291730286,1.12155E+12,114824647,5.08973E+11,32235809
3,22,fast,Crosswalk,A,13.055,4.14898E+12,2.3128E+12,4.08504E+11,16432100304,9365383351,715153103,1.12552E+12,20547668072,5.13074E+11,10918212985,2545432553,401601705,1576357990,301431730,1.12441E+12,117870318,5.12214E+11,31678493
4,22,fast,CrowdRun,A,7.2255,1.91833E+12,1.07631E+12,1.60182E+11,8783959228,1994416381,203669885,4.76926E+11,4936160700,1.9627E+11,13526972082,696472259,109018840,549632188,126453735,4.76585E+11,32847904,1.96084E+11,15415162
5,22,fast,DinnerSceneCropped,A,6.3792,1.69411E+12,9.58013E+11,1.4041E+11,7271233832,1976257830,229595857,4.36688E+11,4864152087,1.82484E+11,13531560777,673587380,128316052,537838942,137565139,4.35963E+11,33883226,1.82118E+11,14103567
6,22,fast,FoodMarket,A,13.9507,1.30858E+12,7.47859E+11,1.29703E+11,6383271733,2314075738,205370095,3.44173E+11,5035721763,1.53891E+11,3047820418,568122451,108382927,405294304,94487580,3.43804E+11,33984864,1.53639E+11,12257250
7,22,fast,FoodMarket2,A,6.8418,4.29749E+12,2.43786E+12,4.20725E+11,18392810125,9268947935,657891442,1.15601E+12,20557906783,5.27453E+11,11438425614,2399641851,373714278,1626883984,281716954,1.15502E+12,125037071,5.2656E+11,32643210
8,22,fast,MeridianTalk_sdr,A,6.3813,1.29296E+12,7.31212E+11,1.06299E+11,4605610063,2046177198,187823048,3.43803E+11,4595974734,1.45384E+11,12085454725,672636289,108604810,532972804,103089332,3.43692E+11,27931303,1.45258E+11,10873339
9,22,fast,Motorcycle,A,7.0665,1.2013E+12,6.0169E+11,1.17318E+11,5664443073,618400331,474188150,3.1089E+11,4677937318,1.37349E+11,8962680996,92830665,74978668,110680331,92131874,3.10246E+11,10647590,1.36972E+11,6380141
10,22,fast,MountainBike,A,7.0957,1.24043E+12,7.10532E+11,1.22596E+11,6075640654,2252495006,209294180,3.20398E+11,4967808979,1.42874E+11,2845447291,547569090,110830941,396585859,93467766,3.20233E+11,37067991,1.42768E+11,12685962
11,22,fast,Neon1224,A,13.4567,4.23333E+12,2.41353E+12,3.50328E+11,13358467487,7679820282,668080820,1.15059E+12,18029458147,4.94088E+11,44807762407,2485766055,409177589,2029572745,369393425,1.14967E+12,89699794,4.93806E+11,37061581
12,22,fast,NocturneDance_3840x2160p_8bit,A,13.3742,3.71877E+12,2.16194E+12,3.64066E+11,14555271758,8633796464,852485867,1.00803E+12,19538397129,4.62428E+11,10870586087,2201514789,436392005,1566081498,314383888,1.00704E+12,169272298,4.61646E+11,48098084
13,22,fast,OldTownCross,A,7.1316,1.59763E+12,9.12487E+11,1.60695E+11,8811813388,2438675833,251406287,4.07545E+11,5387104540,1.77429E+11,3118537819,622000910,132911243,423940240,114506172,4.07345E+11,39275943,1.77205E+11,14695620
14,22,fast,PedestrianArea,A,6.3747,1.07873E+12,6.08589E+11,1.06243E+11,4633179951,2161890755,191289620,2.89381E+11,4895017892,1.3085E+11,2698446705,542227159,105386505,390713873,83559856,2.89122E+11,33939352,1.30672E+11,10984717
15,22,fast,PierSeaSide,A,13.2578,3.9054E+12,2.207E+12,3.87858E+11,15746158831,9392196287,626174778,1.05488E+12,19412905099,4.80854E+11,11045372290,2439126035,352738616,1616281112,266990296,1.05392E+12,111616898,4.79998E+11,31546524
16,22,fast,RitualDance,A,6.3007,8.28342E+11,3.90432E+11,80816457665,2909456988,524164763,381377445,2.26608E+11,4221664038,1.01964E+11,7451764793,78499731,64443927,81694403,66010752,2.25894E+11,8185871,1.01663E+11,4759716
17,22,fast,Riverbed,A,6.4294,1.23192E+12,7.04678E+11,1.20829E+11,5730489169,2311537359,209030590,3.26101E+11,5037338907,1.47097E+11,2949995056,570902404,112671783,408131888,94222456,3.25669E+11,33995057,1.46796E+11,11775731
18,22,fast,RushFieldCuts,A,7.0231,1.49924E+12,8.58228E+11,1.23856E+11,6214551159,1957315236,207600977,3.88575E+11,4709453036,1.63765E+11,13042213439,653208636,109859960,543666965,128060301,3.88332E+11,31420750,1.63668E+11,13153010
19,22,fast,Skater227,A,6.3206,623555,2524206,,,28021,14472,806518,43038,302263,8070,17379,5609,,,,,,
20,22,fast,Tango,A,14.0446,4.75788E+12,2.66062E+12,4.70502E+11,21026964651,9404547550,612979119,1.26887E+12,20905353003,5.70763E+11,11304371275,2509393038,351157195,1644933230,271232134,1.2679E+12,116327191,5.69934E+11,33474997
21,22,fast,TimeLapse,A,8.4907,3.99034E+12,2.24064E+12,3.93083E+11,16455382208,8906549347,589150851,1.07233E+12,19528101958,4.8625E+11,10694156723,2218092654,336447981,1548233191,251638088,1.0717E+12,116568106,4.85576E+11,29660612
22,22,fast,ToddlerFountain,A,7.1011,1.34023E+12,7.72771E+11,1.33408E+11,7003772611,2331998505,208611581,3.46079E+11,5004797921,1.53546E+11,2967926505,579506513,108114562,420518645,99993840,3.45838E+11,35554084,1.53309E+11,12765796
23,22,fast,TreesAndGrass_1920_1080,A,7.2048,1.48373E+12,8.47848E+11,1.47501E+11,7718975537,2345515499,220671747,3.71724E+11,5028662509,1.62175E+11,2999460109,589829482,116418770,420990420,105239133,3.71431E+11,36014476,1.61975E+11,13957465
24,22,fast,TunnelFlag,A,6.8743,1.12346E+12,6.51442E+11,1.10929E+11,5247923467,2297900095,199112386,2.97466E+11,4889710014,1.33721E+11,2954207232,584745851,106649737,408119971,92709518,2.97042E+11,33836256,1.33409E+11,13268729
25,22,fast,Vertical_Carnaby,A,6.4007,9.81629E+11,5.63329E+11,79968556231,2955239084,1809975341,171891764,2.69255E+11,4258290359,1.15512E+11,11245362824,613693551,100470154,498561959,101256998,2.68669E+11,26458315,1.15253E+11,11337255
26,22,fast,Vertical_bees,A,6.3932,9.16069E+11,5.19577E+11,89867645445,3558048437,2163777445,175412896,2.47704E+11,4582834984,1.13039E+11,2652322928,536092479,96132420,375873768,77300364,2.47535E+11,25307426,1.12911E+11,9598853
27,22,fast,WalkingInStreet,A,7.2554,1.42004E+12,8.01132E+11,1.41252E+11,6988092013,2225486278,223586381,3.52258E+11,4783230759,1.5183E+11,2885116167,525976663,118058537,404077738,102765484,3.51757E+11,35091555,1.51606E+11,15524488
28,22,fast,WorldCup_1920x1080_30p,A,6.3279,8.05689E+11,3.78953E+11,77729100304,2732451335,482810670,368690219,2.20172E+11,4252256961,99154701193,7698542095,76520910,62254440,82858554,65779860,2.20001E+11,8103375,99055611042,4377768
29,22,fast,WorldCup_far_1920x1080_30p,A,7.0555,1.0813E+12,5.37814E+11,1.0505E+11,4933714386,565148223,446890532,2.86079E+11,4584005273,1.2779E+11,8811305586,84102412,69705448,97843780,83570014,2.85411E+11,10350662,1.27341E+11,5867041
30,27,fast,Aerial3200,A,6.3714,1.15862E+12,6.53614E+11,1.13781E+11,5277338409,2163124870,195140380,3.01899E+11,4892844944,1.34607E+11,2800512264,525188056,112250771,388374996,83130325,3.01586E+11,28386978,1.3432E+11,9727497
31,27,fast,Boat,A,6.8668,1.17909E+12,6.77843E+11,1.16598E+11,5701548138,2270958294,193640887,3.09034E+11,4891116413,1.38521E+11,2891035269,564169916,103663995,405525000,90163165,3.08817E+11,34651772,1.38276E+11,11155343
32,27,fast,BoxingPractice,A,13.0487,3.35591E+12,1.56323E+12,3.27571E+11,10987366456,1797790330,1436405529,9.24092E+11,18496623170,4.19483E+11,31086706931,294130083,252313886,295486475,250863658,9.22962E+11,26725238,4.18581E+11,14236111
33,27,fast,Crosswalk,A,12.9287,3.24747E+12,1.49316E+12,3.21931E+11,9708538033,2003861543,1475969943,9.02464E+11,18494280655,4.1179E+11,30170294123,323092987,267864987,304524209,244404886,9.00946E+11,24981812,4.10727E+11,14347070
34,27,fast,CrowdRun,A,7.0286,1.61965E+12,9.21408E+11,1.34322E+11,6995214923,1984654595,183192070,4.15393E+11,4763888709,1.73328E+11,13293294674,694418851,101229233,541228415,110211504,4.14918E+11,28360332,1.72992E+11,13151863
35,27,fast,DinnerSceneCropped,A,6.3581,1.03904E+12,5.86488E+11,1.02774E+11,4088869783,2267317169,178979076,2.81962E+11,4906062426,1.28673E+11,2954885221,553996719,96971757,397098334,79478128,2.8174E+11,31678902,1.28452E+11,9767432
36,27,fast,FoodMarket,A,13.2135,1.00668E+12,5.62483E+11,99732594623,4074181059,2262926621,175734977,2.72838E+11,4825371521,1.24799E+11,2662519518,561945979,94990557,387682049,77008217,2.72598E+11,28063781,1.24639E+11,9787551
37,27,fast,FoodMarket2,A,6.3553,3.60038E+12,2.01399E+12,3.53362E+11,13047913910,8942355025,679908126,9.8626E+11,19728538788,4.54421E+11,10676895920,2260363435,386024765,1571297870,286252227,9.85279E+11,98352912,4.53724E+11,29003788
38,27,fast,MeridianTalk_sdr,A,6.3492,9.90701E+11,5.57594E+11,82875105292,2805372567,1860431658,168286525,2.72762E+11,4154519884,1.17199E+11,10392308183,610059312,99346129,498409252,94848952,2.7243E+11,24703243,1.16948E+11,9594627
39,27,fast,Motorcycle,A,7.0063,1.07168E+12,6.12325E+11,1.05884E+11,4833118352,2213039947,188409130,2.81485E+11,4720950422,1.26159E+11,2835788761,533109911,102974993,397070936,84402545,2.81099E+11,33142522,1.25916E+11,10394686
40,27,fast,MountainBike,A,7.0351,1.10344E+12,6.29607E+11,1.08965E+11,5109279329,2249252155,195215756,2.90291E+11,4816597215,1.305E+11,2749578360,559028053,104868701,390211309,87641035,2.89963E+11,35710263,1.3035E+11,11647433
41,27,fast,Neon1224,A,12.9711,3.08949E+12,1.41867E+12,2.99369E+11,9376888692,1691272292,1348647581,8.50421E+11,17501170097,3.84399E+11,29328515453,287694291,244443720,277755744,231976135,8.49839E+11,24916869,3.83745E+11,13213677
42,27,fast,NocturneDance_3840x2160p_8bit,A,13.2943,3.25197E+12,1.83325E+12,3.17751E+11,11122412482,9085459048,630768184,8.91043E+11,19051909044,4.09035E+11,10569736939,2336361236,363876712,1598816692,271622912,8.90207E+11,97770528,4.0811E+11,28422184
43,27,fast,OldTownCross,A,7.1214,1.24621E+12,6.16993E+11,1.22045E+11,5690110781,690971786,503599975,3.30386E+11,4895988412,1.47102E+11,9150734842,99208440,82754302,114376759,94064537,3.29746E+11,11735138,1.46657E+11,6733084
44,27,fast,PedestrianArea,A,6.3449,8.49676E+11,4.71864E+11,83812462322,2979141286,2175848722,161564999,2.33079E+11,4527727624,1.06775E+11,2583175906,530562905,87931359,386346085,71561868,2.32762E+11,29026501,1.06564E+11,10194601
45,27,fast,PierSeaSide,A,13.27,3.24941E+12,1.77684E+12,3.21434E+11,10382768119,8165855288,607578757,8.91977E+11,17892984776,4.0826E+11,9686556580,1996092195,350524006,1484196959,256711555,8.90977E+11,91106423,4.07499E+11,25349567
46,27,fast,RitualDance,A,6.3314,8.97167E+11,5.07351E+11,74642690443,2542173656,1744870873,161002897,2.4677E+11,3925836074,1.05962E+11,9531159576,567061320,94821360,479143408,90864072,2.46387E+11,23632726,1.05801E+11,9059114
47,27,fast,Riverbed,A,6.4041,1.00563E+12,5.71765E+11,98664963590,4010172785,2335166792,182542645,2.73251E+11,4883046448,1.25821E+11,2871027743,596400940,100654240,392906793,79305842,2.72888E+11,36922638,1.25551E+11,9503944
48,27,fast,RushFieldCuts,A,7.0206,1.08443E+12,6.20352E+11,1.06965E+11,4805803606,2253754362,181693693,2.88857E+11,4825599549,1.31202E+11,2848899650,556475616,95550858,406169034,83805709,2.88783E+11,30606157,1.31055E+11,10223646
49,27,fast,Skater227,A,6.3504,1265598,1684049,,,28289,6985,806533,42970,302263,7968,16974,3097,,,,,,
50,27,fast,Tango,A,13.3681,4.40024E+12,2.4898E+12,3.65782E+11,13301680460,8002537501,691482316,1.20568E+12,18591791373,5.18E+11,46709231380,2668696620,432741191,2018071310,368145456,1.20437E+12,99126390,5.16994E+11,39287783
51,27,fast,TimeLapse,A,13.0925,3.38426E+12,1.86867E+12,3.3275E+11,11765494984,8646567284,617673538,9.2524E+11,18671045715,4.23023E+11,10128704557,2153643769,354353636,1527248014,262864992,9.24076E+11,102030607,4.22165E+11,27817225
52,27,fast,ToddlerFountain,A,7.0285,1.1305E+12,6.41341E+11,1.12367E+11,5291775062,2255192581,184778731,2.98968E+11,4846124991,1.34418E+11,2774830589,553789517,100218184,411931393,85975231,2.98633E+11,32202989,1.34217E+11,10315266
53,27,fast,TreesAndGrass_1920_1080,A,7.1124,1.32686E+12,6.71379E+11,1.30598E+11,6685167391,647581464,504380684,3.40014E+11,4826309787,1.48885E+11,8962786046,96836341,80993260,115996129,97237445,3.39316E+11,11775050,1.48468E+11,6894986
54,27,fast,TunnelFlag,A,6.3523,1.15944E+12,6.59582E+11,95273962731,4041463574,1850559487,158851679,3.10049E+11,4399675140,1.31924E+11,11777585289,642210677,89340984,513906362,92114323,3.09876E+11,24684238,1.31683E+11,10397240
55,27,fast,Vertical_Carnaby,A,6.3751,7.26464E+11,4.01371E+11,70857895373,2159637761,2108159122,150550342,2.00433E+11,4225878693,91709353552,2440706392,501091696,82516991,374468315,67051691,2.00307E+11,24831955,91572398304,8597290
56,27,fast,Vertical_bees,A,6.4061,8.19825E+11,3.8526E+11,79073345657,2755211230,562482962,398183360,2.24608E+11,4328777541,1.01589E+11,7839312894,82605895,67514340,85209832,68966680,2.24004E+11,6757034,1.0131E+11,4876775
57,27,fast,WalkingInStreet,A,7.2329,1.28988E+12,7.27367E+11,1.27874E+11,6068576513,2171027433,203685680,3.28594E+11,4686228160,1.44039E+11,2861735746,534147487,105766972,401521372,95816004,3.28055E+11,33084743,1.4374E+11,12079124
58,27,fast,WorldCup_1920x1080_30p,A,6.3472,7.25865E+11,3.95792E+11,71127803217,2242514199,1949870051,147553714,1.99756E+11,4271393963,90870691980,2254011504,458623551,83275147,365851421,63642881,1.99518E+11,28030346,90723786550,7709741
59,27,fast,WorldCup_far_1920x1080_30p,A,7.0531,1.16606E+12,6.74395E+11,95587716114,4298926484,2032349479,182708164,3.114E+11,4410552186,1.32543E+11,11975049730,658906152,103749298,540079965,111708527,3.10877E+11,29548431,1.322E+11,12061603
60,32,fast,Aerial3200,A,6.3725,1.01899E+12,5.76252E+11,99375197415,4123243417,2131092314,181078300,2.71058E+11,4789452296,1.22169E+11,2806335572,532615737,103837562,382400234,76478715,2.70781E+11,26555952,1.22008E+11,9038595
61,32,fast,Boat,A,6.3672,1.0234E+12,5.78478E+11,1.00972E+11,4379793017,2197840689,173758036,2.73858E+11,4670257868,1.24246E+11,2681758788,548912607,93890111,397212952,80261513,2.73542E+11,28884413,1.24031E+11,10185424
62,32,fast,BoxingPractice,A,13.0006,2.87417E+12,1.28111E+12,2.79998E+11,7435471569,1635167435,1272734486,7.98243E+11,16925201197,3.60529E+11,27222831138,280679319,240086660,274322403,219323006,7.96641E+11,22124886,3.5957E+11,12671418
63,32,fast,Crosswalk,A,12.9114,2.84797E+12,1.49846E+12,2.85405E+11,7214880856,8180987172,576459646,7.9269E+11,16791157748,3.63582E+11,8594073394,2029846301,336356142,1429612921,234763327,7.91739E+11,86631763,3.63028E+11,22041413
64,32,fast,CrowdRun,A,7.072,1.10431E+12,6.3279E+11,1.09805E+11,5022155354,2151489212,193878803,2.94112E+11,4767671671,1.33057E+11,2671251007,529931198,104134588,393257571,86737951,2.93246E+11,38028195,1.32625E+11,13173784
65,32,fast,DinnerSceneCropped,A,6.2705,7.75209E+11,4.19742E+11,78619623416,2298404552,2177634208,150056545,2.15239E+11,4236270864,99128635227,2437273333,541462147,84140660,377611018,66463679,2.14771E+11,29466738,98883642316,9475124
66,32,fast,FoodMarket,A,13.2082,8.2591E+11,3.8343E+11,80910577425,2653647177,478717268,366902043,2.2774E+11,4267392147,1.03516E+11,7623467285,78018600,64038275,79229937,64580942,2.27309E+11,8335526,1.03283E+11,4447994
67,32,fast,FoodMarket2,A,6.3658,3.16879E+12,1.74899E+12,3.11038E+11,10074870685,8608725488,608957227,8.74422E+11,18460598740,4.02363E+11,10063304452,2173215589,349525396,1544087156,259150966,8.73853E+11,94794340,4.01751E+11,26140419
68,32,fast,MeridianTalk_sdr,A,6.3348,7.04764E+11,3.72488E+11,70110729768,1805005333,1970509750,139390339,1.95738E+11,3992459942,89494981165,2141377700,473841957,75972565,361200771,60542257,1.95295E+11,24540298,89237543607,6982442
69,32,fast,Motorcycle,A,7.0665,9.47311E+11,5.33138E+11,93407923808,3921896991,2056914546,175738368,2.5276E+11,4515373262,1.13858E+11,2534498119,494427165,97382711,381385813,79511300,2.52434E+11,28033094,1.13615E+11,9257748
70,32,fast,MountainBike,A,6.9826,9.71982E+11,5.48099E+11,95912868448,4068438155,2140292041,168160995,2.60012E+11,4592985037,1.17702E+11,2678046380,499443148,91290025,386859627,75312577,2.59591E+11,29664851,1.17413E+11,9879336
71,32,fast,Neon1224,A,12.957,2.7756E+12,1.23916E+12,2.67868E+11,7080414385,1672268062,1260062325,7.68644E+11,16613395246,3.45553E+11,26716263331,279796933,234239365,259665729,207543951,7.67599E+11,18449530,3.44838E+11,11485963
72,32,fast,NocturneDance_3840x2160p_8bit,A,13.2215,3.5083E+12,1.99462E+12,2.85568E+11,9147673763,7071565239,612450378,9.76216E+11,17492250613,4.16918E+11,40960072542,2404285535,382631213,1904940819,321914679,9.74942E+11,78087451,4.1606E+11,31020043
73,32,fast,OldTownCross,A,6.3166,9.26347E+11,4.39024E+11,91660889206,3393567834,565872787,410317923,2.52457E+11,4364075836,1.14151E+11,7709585975,85046497,70285876,90118613,73900050,2.52093E+11,9037328,1.13879E+11,5208038
74,32,fast,PedestrianArea,A,6.359,7.36723E+11,3.99662E+11,72538120158,2169518544,2035384173,157565573,2.03766E+11,4189236726,93135224714,2275191536,496702936,88574405,368986982,66994685,2.03498E+11,30878817,92985378168,8712836
75,32,fast,PierSeaSide,A,13.3017,2.8511E+12,1.50868E+12,2.80814E+11,7627588610,7764575532,558961002,7.88251E+11,16818092274,3.59418E+11,8401154352,1956588353,322481395,1410836170,228103388,7.86768E+11,88336406,3.58496E+11,22328112
76,32,fast,RitualDance,A,6.3146,6.76508E+11,3.61269E+11,66769706973,1814541934,1984912566,143601595,1.87206E+11,3922054287,84954942134,2103582592,488409917,81075489,364468877,62384324,1.87294E+11,24515543,84966100058,7339643
77,32,fast,Riverbed,A,6.3958,8.60368E+11,4.0373E+11,83368758053,2847401158,502478705,380308374,2.37137E+11,4458629229,1.08323E+11,8186205544,84089951,66645803,81558710,66990808,2.3671E+11,8989867,1.08071E+11,4796850
78,32,fast,RushFieldCuts,A,7.0422,9.3043E+11,5.25792E+11,91412593150,3688968404,2384913248,176499995,2.51931E+11,4702730127,1.15041E+11,2715124381,594405986,95367776,417955612,82094582,2.51222E+11,32829294,1.14666E+11,11424366
79,32,fast,Skater227,A,6.3241,1040951,3670804,,,29025,18799,805019,41886,297451,23897,5037,1463,,,,,,
80,32,fast,Tango,A,13.2135,2.98545E+12,1.3365E+12,2.95072E+11,7887112092,1679238829,1292416724,8.31182E+11,17252021667,3.77928E+11,27827124021,300133798,249016577,278207744,223743628,8.30103E+11,21664353,3.77072E+11,13051739
81,32,fast,TimeLapse,A,13.1057,2.97376E+12,1.60534E+12,2.92031E+11,8834326419,8450912238,591919579,8.19897E+11,17774405452,3.74475E+11,9137881046,2119719264,339939784,1533755276,249261815,8.19226E+11,85097912,3.73866E+11,24555560
82,32,fast,ToddlerFountain,A,6.6525,9.56648E+11,5.30253E+11,94628948770,3834669658,2113906787,166436273,2.58275E+11,4594264100,1.17282E+11,2508154810,516008635,92490526,387681372,76541920,2.57764E+11,29560042,1.17039E+11,9384075
83,32,fast,TreesAndGrass_1920_1080,A,7.0828,1.17699E+12,6.68797E+11,1.17105E+11,5658646166,2257616660,191631320,3.07496E+11,4795690282,1.37179E+11,2816095986,566380660,101432020,399526321,86829064,3.07328E+11,31064455,1.37067E+11,11275904
84,32,fast,TunnelFlag,A,6.3698,8.14065E+11,4.50655E+11,80181703838,2801018328,2110562985,155808264,2.22642E+11,4348016322,1.01311E+11,2536592610,512451432,84218412,377035479,68486129,2.22364E+11,26400426,1.01104E+11,9110002
85,32,fast,Vertical_Carnaby,A,6.3654,6.66909E+11,3.59643E+11,65100028511,1677508436,1964206193,135421187,1.84751E+11,3984346120,84091778455,2247296401,448292745,74135030,364850272,59884057,1.8467E+11,22607997,83974850085,7762878
86,32,fast,Vertical_bees,A,6.4079,7.46064E+11,4.12826E+11,73006592808,2278172106,1976375881,155395630,2.0534E+11,4205522719,93808279385,2298003455,470296649,82491090,363792541,67502361,2.04878E+11,23748272,93481295513,9727771
87,32,fast,WalkingInStreet,A,7.1539,1.12068E+12,5.4191E+11,1.09186E+11,4722554781,558633957,437922841,2.93662E+11,4381289087,1.29815E+11,8803942541,82227371,69043322,101175956,82379744,2.93049E+11,10876000,1.29448E+11,5655690
88,32,fast,WorldCup_1920x1080_30p,A,6.3585,6.65864E+11,3.56803E+11,65120223533,1797207030,1938518619,141298636,1.84145E+11,3976724584,83395134964,2096802078,478595384,80131115,352659873,60773672,1.83814E+11,24111744,83256856813,6822763
89,32,fast,WorldCup_far_1920x1080_30p,A,6.3898,8.4477E+11,4.02288E+11,81624438345,3035756165,525795853,383398370,2.30631E+11,4323526463,1.04121E+11,8073441812,82620502,62417053,94992552,71294160,2.3019E+11,9433533,1.03822E+11,5499235
90,37,fast,Aerial3200,A,6.3831,9.06292E+11,5.08691E+11,88163419044,3244946507,2161192740,170367046,2.44783E+11,4748880199,1.10995E+11,2707689407,541790632,99305823,384411680,71262350,2.44283E+11,24203821,1.10706E+11,8036941
91,37,fast,Boat,A,6.3417,8.96619E+11,4.97186E+11,88463043456,3388848070,2142074526,160373653,2.43881E+11,4575679062,1.11497E+11,2462775864,528774092,88597592,387708325,73041983,2.43467E+11,29109508,1.11202E+11,8747523
92,37,fast,BoxingPractice,A,13.0209,2.64699E+12,1.38145E+12,2.61084E+11,6070486375,7577349788,525405379,7.35391E+11,16405708738,3.34443E+11,8199107310,1815028851,308055553,1402844392,216771086,7.35256E+11,71155667,3.34096E+11,19681907
93,37,fast,Crosswalk,A,12.9536,3.19408E+12,1.73049E+12,2.67886E+11,6682537714,6654655658,560770407,8.97947E+11,15662962265,3.85058E+11,30846128828,2191362338,351999591,1817044031,281480219,8.96874E+11,142333279,3.84633E+11,28324275
94,37,fast,CrowdRun,A,6.3421,9.39959E+11,5.25296E+11,93152825305,3704841600,2242821410,170631653,2.54683E+11,4632107467,1.16249E+11,2575890983,546838897,91476858,395985992,75135864,2.54292E+11,30534209,1.15977E+11,9510901
95,37,fast,DinnerSceneCropped,A,6.3238,6.62698E+11,3.36269E+11,66663775190,1316458628,1822582271,128129236,1.84645E+11,3765816323,84190752925,1875694106,421404441,71824932,342671630,54841258,1.84539E+11,21307180,84171317105,6497644
96,37,fast,FoodMarket,A,13.2051,7.34594E+11,3.29939E+11,71677738694,1955045219,459504874,339565376,2.03832E+11,4090064669,92268898778,6972222390,80682453,62188413,79845379,59349653,2.0347E+11,7347087,92049372163,4397212
97,37,fast,FoodMarket2,A,6.3796,2.89426E+12,1.57764E+12,2.83567E+11,8002416099,8016000073,609158633,8.01364E+11,17716943455,3.67113E+11,8972610273,1971747042,352198918,1480813074,245705811,8.00661E+11,124419886,3.666E+11,32340692
98,37,fast,MeridianTalk_sdr,A,6.3354,6.49447E+11,3.35458E+11,64214875883,1390995660,1889743573,129742494,1.80733E+11,3840054425,82180645183,1944878610,451101356,73005962,355464286,55579863,1.8036E+11,21241503,81988147604,6826431
99,37,fast,Motorcycle,A,6.3269,8.43154E+11,4.66864E+11,82957764177,3095584482,2005187722,161732654,2.28307E+11,4499648629,1.03304E+11,2376985379,472314496,89727600,374007313,70735370,2.27967E+11,25367037,1.03089E+11,8955680
100,37,fast,MountainBike,A,6.3469,8.62232E+11,4.79829E+11,84883055119,3196354767,2158388353,170058009,2.33892E+11,4537872395,1.06349E+11,2518822071,501054152,93469176,379404870,73885603,2.33712E+11,28681232,1.06232E+11,9391607
101,37,fast,Neon1224,A,13.1415,2.55176E+12,1.36207E+12,2.49701E+11,5750279367,7342662829,559212922,7.07727E+11,15986557880,3.20466E+11,7754170517,1794206521,322998157,1393419575,223857044,7.06525E+11,120101109,3.19697E+11,33831815
102,37,fast,NocturneDance_3840x2160p_8bit,A,13.1773,2.61136E+12,1.37811E+12,2.54375E+11,6212911401,7660918560,582609881,7.22022E+11,16748915458,3.27777E+11,8253682148,1868667191,333753641,1421636873,230546502,7.21233E+11,91868229,3.27198E+11,21406584
103,37,fast,OldTownCross,A,6.3815,7.77454E+11,3.52576E+11,76229224713,2224794344,494301916,358451637,2.14351E+11,4083390331,96936851244,6879559065,77511173,63942923,76985207,62552803,2.14122E+11,7726312,96729767067,4368798
104,37,fast,PedestrianArea,A,6.3598,6.7717E+11,3.57722E+11,66747854634,1687584528,1899269424,142289080,1.88001E+11,4007201965,85624013657,2086230427,452367884,82075620,351706599,59112399,1.87899E+11,22574305,85524406792,7146001
105,37,fast,PierSeaSide,A,13.1386,3.14627E+12,1.74313E+12,2.60401E+11,7212068436,6613401703,548887166,8.78101E+11,15715305089,3.74269E+11,32402081852,2208535379,348780313,1785070754,284150470,8.77105E+11,83777497,3.73524E+11,28724529
106,37,fast,RitualDance,A,6.3482,6.28954E+11,3.29923E+11,61936647029,1427059660,1870488691,127756114,1.74824E+11,3799039607,79016830428,1963456510,452126981,73006765,354694537,57129302,1.74626E+11,20732571,78898734871,6549823
107,37,fast,Riverbed,A,6.362,7.75349E+11,4.23681E+11,76346353407,2358818758,2202247887,155788206,2.14618E+11,4437221454,98879361230,2456499274,549173020,87052086,391375234,69023752,2.1401E+11,26085855,98547367295,10310435
108,37,fast,RushFieldCuts,A,6.3248,8.15877E+11,4.56573E+11,80076323858,2795775199,2209871260,160959600,2.23173E+11,4445790397,1.02087E+11,2572866137,563814474,88111363,394269751,72873087,2.22825E+11,28933346,1.01899E+11,10182913
109,37,fast,Skater227,A,6.2943,1163385,3424966,,,30687,13485,806512,43161,302263,9743,17622,3869,,,,,,
110,37,fast,Tango,A,13.1884,3.30294E+12,1.80863E+12,2.77415E+11,7160432627,6812301377,567553596,9.26031E+11,15972860222,3.98365E+11,33351093611,2257103861,368417699,1820613021,298606859,9.24756E+11,87850117,3.97509E+11,32191325
111,37,fast,TimeLapse,A,13.1057,2.70817E+12,1.43385E+12,2.65625E+11,7013132225,7965751571,551389753,7.50233E+11,16976043335,3.41354E+11,8321408825,1990565564,317833135,1450713973,228802564,7.49323E+11,87463852,3.4067E+11,21609177
112,37,fast,ToddlerFountain,A,6.3507,8.14388E+11,3.77397E+11,78990933388,2619162669,495025631,368450122,2.23465E+11,4312455623,1.00871E+11,7495407730,78516924,61912435,82960700,65258654,2.22878E+11,8118597,1.0055E+11,4692364
113,37,fast,TreesAndGrass_1920_1080,A,6.3948,1.03156E+12,5.01961E+11,1.01155E+11,4367309957,538493529,422831653,2.75909E+11,4587611438,1.23402E+11,8224668569,86104257,71431841,94666690,77787200,2.75324E+11,9844134,1.23031E+11,5586470
114,37,fast,TunnelFlag,A,6.3631,8.83928E+11,4.97282E+11,73110375257,2339679630,1799373782,149509491,2.44054E+11,3989770934,1.04483E+11,9584093495,594437861,87226613,485641333,88070746,2.43812E+11,24285128,1.04418E+11,8501720
115,37,fast,Vertical_Carnaby,A,6.4461,6.2618E+11,3.29113E+11,61164611760,1408103872,1963939166,132765071,1.73969E+11,3887081796,78779115564,2039740387,475085922,73769163,351626127,57546540,1.7378E+11,23996911,78661860347,7672169
116,37,fast,Vertical_bees,A,6.3596,6.90525E+11,3.74233E+11,67530655340,1902307704,1952025205,146291327,1.90946E+11,4114848639,86883540984,2211433517,453954406,80705780,355313973,64288066,1.90548E+11,26066026,86667984961,8411314
117,37,fast,WalkingInStreet,A,6.4568,1.18719E+12,6.66579E+11,97268407566,3883640578,1840070937,179558280,3.13099E+11,4275858386,1.32549E+11,11520285349,626177121,101483334,514009779,106486029,3.12696E+11,28036279,1.32426E+11,11569272
118,37,fast,WorldCup_1920x1080_30p,A,6.2898,6.22587E+11,2.71781E+11,59826108024,1366408454,429318830,311825002,1.73275E+11,3764104377,77126589609,6122869140,70658986,58052137,64509034,51991521,1.72818E+11,5950578,76945636005,3599386
119,37,fast,WorldCup_far_1920x1080_30p,A,6.313,7.64828E+11,4.24486E+11,74814442710,2493926952,2044161690,152712308,2.10511E+11,4322326117,96079483905,2427050351,483656161,84582515,369085185,67664489,2.09913E+11,24338111,95790098099,8224621
120,22,faster,Aerial3200,A,7.1671,1.31964E+12,7.48686E+11,1.30273E+11,6559189304,2226316653,224107062,3.35232E+11,4921109271,1.46829E+11,2830848133,579673227,126655107,400507446,97419191,3.34714E+11,30288365,1.46509E+11,12024380
121,22,faster,Boat,A,7.1358,1.34598E+12,7.78691E+11,1.33343E+11,7091066924,2348707726,221659603,3.44378E+11,4989226574,1.51701E+11,2980335077,597100221,118440287,420954744,103869761,3.44097E+11,36241013,1.51559E+11,12698843
122,22,faster,BoxingPractice,A,13.6248,4.16886E+12,2.35078E+12,4.098E+11,17472389355,9181621747,728459075,1.12245E+12,20158650677,5.09784E+11,11072043182,2360392415,402451998,1594436478,299994834,1.12143E+12,105881828,5.08918E+11,33479286
123,22,faster,Crosswalk,A,13.055,4.14942E+12,2.33497E+12,4.08581E+11,16552534467,8877264711,798510455,1.12536E+12,20785566334,5.13049E+11,10922398300,2261184559,452954806,1569955530,324573364,1.12442E+12,110556994,5.12234E+11,33855562
124,22,faster,CrowdRun,A,7.2255,1.58279E+12,9.04762E+11,1.58088E+11,8703169529,2434367437,230350837,3.99485E+11,5168465910,1.74087E+11,3042838246,645348500,122170616,414818429,110162177,3.98881E+11,40152247,1.73692E+11,14878191
125,22,faster,DinnerSceneCropped,A,6.3792,1.38144E+12,6.94929E+11,1.36847E+11,6937655885,676646655,515260158,3.63044E+11,4944537176,1.60307E+11,9427739373,102160882,84643611,119661271,99582724,3.62419E+11,12919100,1.59984E+11,7065864
126,22,faster,FoodMarket,A,13.9507,1.3077E+12,7.46388E+11,1.295E+11,6405867150,2398679900,215338982,3.44133E+11,5068352760,1.53927E+11,2956470062,625641419,116103811,417948566,99632267,3.4346E+11,37092880,1.53499E+11,13414647
127,22,faster,FoodMarket2,A,6.8418,5.28279E+12,2.98332E+12,4.28604E+11,18943879210,7736641349,510401427,1.40635E+12,19639427704,5.96354E+11,51442858211,2679611167,326626208,2083139064,279181813,1.40543E+12,106854564,5.95652E+11,39937537
128,22,faster,MeridianTalk_sdr,A,6.3813,1.29236E+12,7.24804E+11,1.06281E+11,4544299596,1846992048,160482725,3.43726E+11,4572461591,1.4539E+11,12106573700,628424535,91126717,517867474,96644265,3.43432E+11,27661148,1.45143E+11,11406792
129,22,faster,Motorcycle,A,7.0665,1.20368E+12,6.88675E+11,1.18827E+11,5747834005,2248529437,199046652,3.11067E+11,4825358456,1.38552E+11,2837641988,548861031,106732269,405372542,90561287,3.10351E+11,35964178,1.38215E+11,11309167
130,22,faster,MountainBike,A,7.0957,1.24084E+12,7.11598E+11,1.2255E+11,6087007528,2211442713,209162517,3.20501E+11,4939581705,1.42912E+11,2833517779,535574959,111423334,395404997,93345618,3.20244E+11,36539410,1.42777E+11,12508435
131,22,faster,Neon1224,A,13.4567,3.48104E+12,1.94278E+12,3.43502E+11,12706359725,8534669508,708824618,9.48511E+11,19170724884,4.34346E+11,10100521175,2124250369,388566213,1524073739,286673388,9.47734E+11,102445642,4.33569E+11,29245973
132,22,faster,NocturneDance_3840x2160p_8bit,A,13.3742,3.71909E+12,2.11163E+12,3.64073E+11,14586363412,9003584356,651793031,1.00826E+12,19780805413,4.62502E+11,11120441430,2316823267,369770949,1609009779,282824274,1.00714E+12,104886318,4.61678E+11,30042629
133,22,faster,OldTownCross,A,7.1316,1.59733E+12,9.12946E+11,1.60664E+11,8822068833,2460909957,251881082,4.07644E+11,5282104974,1.77498E+11,3101800572,598128953,135309554,422851604,114844147,4.07133E+11,44522641,1.77111E+11,14778064
134,22,faster,PedestrianArea,A,6.3747,1.07902E+12,6.06931E+11,1.06203E+11,4630000674,2199563510,184622423,2.89382E+11,4795865500,1.30881E+11,2732107356,529912936,98768856,390968300,83965753,2.89101E+11,32881673,1.30656E+11,10105277
135,22,faster,PierSeaSide,A,13.2578,3.90681E+12,2.18802E+12,3.87884E+11,15570401085,8871441071,709771086,1.05521E+12,19288239413,4.8097E+11,10499999455,2233590575,397444388,1557571557,300468615,1.05431E+12,124036779,4.80183E+11,29785522
136,22,faster,RitualDance,A,6.3007,8.31092E+11,4.60983E+11,82296780356,3012276129,2064982801,163605996,2.26745E+11,4306730519,1.0316E+11,2436060838,488746872,89574975,371210364,69960602,2.26308E+11,27807808,1.0291E+11,8343023
137,22,faster,Riverbed,A,6.4294,1.23164E+12,7.05059E+11,1.20818E+11,5727782757,2313981977,199427064,3.26131E+11,5034950428,1.4712E+11,3011945734,561887696,108368943,405716573,89135571,3.2555E+11,35604849,1.46764E+11,11622301
138,22,faster,RushFieldCuts,A,7.0231,1.23385E+12,7.09121E+11,1.21772E+11,6014652157,2315951329,198603538,3.22986E+11,4937778380,1.45394E+11,2903394095,568519378,103419601,407607713,93165695,3.22517E+11,36811769,1.45108E+11,12034169
139,22,faster,Skater227,A,6.3206,1008482,1899692,,,27422,13645,806513,43491,302263,8357,17597,7353,,,,,,
140,22,faster,Tango,A,14.0446,4.75868E+12,2.65835E+12,4.70399E+11,20991660385,9141199029,600890786,1.26905E+12,20902762671,5.70801E+11,11366313604,2235027028,343707524,1612106068,257615035,1.26788E+12,113637347,5.69975E+11,33345188
141,22,faster,TimeLapse,A,8.4907,4.89412E+12,2.77279E+12,3.99995E+11,17127973282,7614166819,734586179,1.3043E+12,18970807654,5.51949E+11,47446919752,2617468598,445338056,2021928692,393330490,1.30326E+12,99667341,5.5107E+11,41799628
142,22,faster,ToddlerFountain,A,7.1011,1.63001E+12,9.34087E+11,1.3535E+11,7201562435,2201610508,221579566,4.16076E+11,4838427966,1.73425E+11,13189680209,731607030,121750702,558975760,136163913,4.15443E+11,40492628,1.73026E+11,14117396
143,22,faster,TreesAndGrass_1920_1080,A,7.2048,1.48418E+12,8.46714E+11,1.47381E+11,7696230720,2308302230,220323231,3.7191E+11,5037283654,1.62232E+11,2977393829,551819894,116298342,416873159,103574521,3.71376E+11,33110630,1.6196E+11,13015568
144,22,faster,TunnelFlag,A,6.8743,1.37255E+12,7.78147E+11,1.12904E+11,5393300677,1893150370,167645448,3.58272E+11,4662319529,1.50921E+11,12384308901,664235641,94165867,526948346,99765386,3.58193E+11,46178905,1.50747E+11,11997805
145,22,faster,Vertical_Carnaby,A,6.4007,9.81735E+11,5.60366E+11,80027670471,2936066220,1797935177,140671841,2.69059E+11,4266538602,1.15445E+11,11248043600,602337364,77999329,515966940,86141067,2.68887E+11,31887122,1.15307E+11,9832241
146,22,faster,Vertical_bees,A,6.3932,9.13952E+11,4.38236E+11,88310868088,3447740993,556110345,408529131,2.47663E+11,4439217094,1.11898E+11,8257730644,82977528,66965523,88697037,74606061,2.47204E+11,6733450,1.11631E+11,4883535
147,22,faster,WalkingInStreet,A,7.2554,1.69685E+12,9.42116E+11,1.42901E+11,7139674511,1881775812,188255836,4.14669E+11,4553713982,1.70927E+11,11942277056,644614407,99093305,541020817,114364658,4.14205E+11,42928991,1.7059E+11,14553220
148,22,faster,WorldCup_1920x1080_30p,A,6.3279,8.07362E+11,4.51796E+11,79099884684,2851262241,2197604314,159101312,2.20312E+11,4380964969,1.00359E+11,2485745534,538925253,89261623,394431101,72092070,2.19956E+11,27386508,1.00226E+11,9383896
149,22,faster,WorldCup_far_1920x1080_30p,A,7.0555,1.08364E+12,6.24261E+11,1.06582E+11,5027864034,2221058222,192278656,2.86301E+11,4781486409,1.28974E+11,2824250295,523663522,103785648,398220174,86074885,2.85662E+11,36167675,1.28618E+11,11687548
150,27,faster,Aerial3200,A,6.3714,1.15864E+12,6.57503E+11,1.13732E+11,5260959558,2160788626,193056876,3.01939E+11,4905062119,1.34632E+11,2855508100,543650869,108996486,397180457,83237109,3.01539E+11,28049637,1.343E+11,9904870
151,27,faster,Boat,A,6.8668,1.17876E+12,6.75799E+11,1.16404E+11,5718915835,2336747266,201289263,3.09017E+11,4910587876,1.38534E+11,2836298323,598358139,108036616,410083355,91994351,3.08689E+11,38124175,1.38223E+11,12016701
152,27,faster,BoxingPractice,A,13.0487,3.35562E+12,1.5641E+12,3.27585E+11,11029806118,1807403424,1448946625,9.24019E+11,18564981690,4.19455E+11,31153933763,293918813,250449694,297049029,248493599,9.22893E+11,26323450,4.18523E+11,14200480
153,27,faster,Crosswalk,A,12.9287,3.25569E+12,1.75228E+12,3.27996E+11,10146524567,8347170163,615290716,9.0268E+11,18860431853,4.16608E+11,9343590067,2114341247,353294557,1514197655,259056988,9.01753E+11,127836768,4.15868E+11,25828308
154,27,faster,CrowdRun,A,7.0286,1.32609E+12,7.64377E+11,1.32115E+11,6814828674,2769304544,228026885,3.4486E+11,5246049326,1.53728E+11,3104371162,739420189,120861223,455037577,105626962,3.43886E+11,33792181,1.5305E+11,15270615
155,27,faster,DinnerSceneCropped,A,6.3581,1.03669E+12,4.98046E+11,1.01304E+11,3970371343,556401073,427699259,2.81931E+11,4756847501,1.27449E+11,8668858057,86798198,72232455,91170961,74785067,2.81436E+11,10095851,1.27117E+11,5500301
156,27,faster,FoodMarket,A,13.2135,1.23502E+12,7.01425E+11,1.01451E+11,4349448717,1921135031,159111420,3.3224E+11,4528410872,1.41539E+11,12371876427,670919095,92097519,534676464,92177877,3.31612E+11,27139455,1.41263E+11,11364915
157,27,faster,FoodMarket2,A,6.3553,3.59938E+12,2.01113E+12,3.53393E+11,13049571141,9020705585,661481480,9.86251E+11,19712215629,4.54446E+11,10656420147,2289961635,375129284,1557964583,278807430,9.84974E+11,96343748,4.53551E+11,29229185
158,27,faster,MeridianTalk_sdr,A,6.3492,8.111E+11,4.40241E+11,81207159024,2581747674,2120622627,157545124,2.23798E+11,4384946847,1.02635E+11,2380114339,505460577,87716242,379844064,68182952,2.23519E+11,28141135,1.02462E+11,8973078
159,27,faster,Motorcycle,A,7.0063,1.30337E+12,7.46562E+11,1.0761E+11,5032918879,1991961057,196275739,3.40447E+11,4466258862,1.43318E+11,12160675570,650007412,110407129,533508072,116395399,3.39935E+11,29542698,1.4296E+11,12666860
160,27,faster,MountainBike,A,7.0351,1.1035E+12,6.27217E+11,1.08961E+11,5075851807,2167900354,195554041,2.90275E+11,4824017817,1.30488E+11,2689296868,517984894,104824017,387737668,86906466,2.90023E+11,32824036,1.30344E+11,11162660
161,27,faster,Neon1224,A,12.9711,3.09663E+12,1.70527E+12,3.04547E+11,9740026346,8231002946,591905539,8.51037E+11,17727418529,3.89126E+11,9676687408,2084853592,343212350,1496766180,251335355,8.49919E+11,90574419,3.88339E+11,25170812
162,27,faster,NocturneDance_3840x2160p_8bit,A,13.2943,3.24636E+12,1.51603E+12,3.12325E+11,10481748872,1774554731,1398781901,8.9116E+11,18475852255,4.04441E+11,31710448733,293864394,250535637,297290984,242441407,8.89845E+11,25639644,4.03538E+11,13485906
163,27,faster,OldTownCross,A,7.1214,1.24778E+12,7.05313E+11,1.23568E+11,5794981013,2402046948,208181709,3.30432E+11,5102274040,1.48329E+11,2876156327,622345582,110891892,418522731,95313969,3.29838E+11,37383083,1.47985E+11,13337123
164,27,faster,PedestrianArea,A,6.3449,8.49887E+11,4.71129E+11,83874982147,3001312912,2175086469,164650394,2.33082E+11,4606268210,1.06753E+11,2525932037,542963727,92761559,375095091,71006970,2.32916E+11,31003291,1.06592E+11,9679925
165,27,faster,PierSeaSide,A,13.27,3.24941E+12,1.78059E+12,3.21645E+11,10388164660,8247086068,614395126,8.92094E+11,17892300295,4.08269E+11,9679306932,2029655674,352607536,1498439502,255826209,8.90992E+11,90290216,4.07534E+11,26162093
166,27,faster,RitualDance,A,6.3314,7.3981E+11,4.01455E+11,73208562011,2299800024,1993773826,154221753,2.03601E+11,4209838567,92631103704,2212356553,470108463,86890668,362291449,66257239,2.03487E+11,26722604,92549157845,9171869
167,27,faster,Riverbed,A,6.4041,1.00564E+12,5.70525E+11,98716979332,3976603128,2241070998,178143375,2.73198E+11,4872021918,1.25787E+11,2807098142,574938864,97062315,399635416,80232737,2.7292E+11,31473812,1.25595E+11,9854606
168,27,faster,RushFieldCuts,A,7.0206,1.08375E+12,6.20687E+11,1.06874E+11,4832554383,2501016815,186790513,2.88916E+11,4943839742,1.3126E+11,2949619892,604419460,99825755,430443920,86057894,2.88364E+11,35773751,1.30876E+11,13970588
169,27,faster,Skater227,A,6.3504,563464,2211149,,,25489,12576,805286,43100,302263,9477,17620,6281,,,,,,
170,27,faster,Tango,A,13.3681,3.58875E+12,1.96918E+12,3.58734E+11,12667996373,9160416647,646881350,9.87649E+11,19659505177,4.5509E+11,10222605249,2352899147,372414535,1569383008,276346653,9.86654E+11,122156542,4.54339E+11,28758881
171,27,faster,TimeLapse,A,13.0925,4.13944E+12,2.36528E+12,3.39528E+11,12800044548,7445575249,677606323,1.12891E+12,17919886841,4.82501E+11,43903417892,2585551480,419260965,1967504137,357490412,1.12798E+12,86887690,4.81841E+11,36178572
172,27,faster,ToddlerFountain,A,7.0285,1.12804E+12,5.58411E+11,1.10713E+11,5178896901,574655903,449935195,2.99014E+11,4703594060,1.33268E+11,8570031304,83724662,70315806,100109871,85033627,2.982E+11,9812234,1.32877E+11,5718017
173,27,faster,TreesAndGrass_1920_1080,A,7.1124,1.60866E+12,9.14721E+11,1.3404E+11,6953519545,1966384362,185488940,4.07767E+11,4688717716,1.69587E+11,12849697029,682244461,100836551,545915190,114944988,4.07224E+11,31414764,1.6931E+11,13855448
174,27,faster,TunnelFlag,A,6.3523,9.48715E+11,5.33542E+11,93465046542,3823639019,2181746541,174972906,2.56088E+11,4665987485,1.16231E+11,2604853908,526213934,95848841,387790387,77160491,2.55817E+11,30239276,1.1611E+11,10569704
175,27,faster,Vertical_Carnaby,A,6.3751,7.26297E+11,4.01262E+11,70803304268,2130216307,2048419472,144508128,2.00553E+11,4223632544,91771322001,2461279741,484829373,77782228,373626641,63923055,2.00091E+11,26141766,91504202796,8858906
176,27,faster,Vertical_bees,A,6.4061,8.19976E+11,3.85832E+11,79117966526,2769594003,564102079,395569586,2.24549E+11,4313771998,1.01608E+11,7839164511,83491634,68316309,85690117,68915555,2.24089E+11,6602199,1.01282E+11,4747589
177,27,faster,WalkingInStreet,A,7.2329,1.29028E+12,7.24153E+11,1.2778E+11,6043888357,2134877192,206868510,3.28659E+11,4814843135,1.44092E+11,2777285217,505353936,110185990,396211100,94753595,3.28112E+11,32439281,1.43778E+11,12450043
178,27,faster,WorldCup_1920x1080_30p,A,6.3472,7.25971E+11,3.96128E+11,71076399766,2226146860,2031099812,141880635,1.99811E+11,4181451739,90855772346,2276545990,502368545,76768700,364979479,61301998,1.99506E+11,23674362,90724055203,7307204
179,27,faster,WorldCup_far_1920x1080_30p,A,7.0531,1.16637E+12,6.6676E+11,95705167740,4207911438,1832540720,161427088,3.11363E+11,4370484610,1.32456E+11,11910410667,614366036,87776757,518611980,95332628,3.11158E+11,25988605,1.32318E+11,10607012
180,32,faster,Aerial3200,A,6.3725,1.019E+12,5.76307E+11,99418311776,4117475910,2108494293,180095045,2.71047E+11,4779886503,1.22182E+11,2819500975,536172211,103465176,386416650,77616824,2.70785E+11,26671040,1.2199E+11,8934505
181,32,faster,Boat,A,6.3672,1.02289E+12,5.81286E+11,1.00958E+11,4443824205,2228689552,179449240,2.73718E+11,4680871607,1.24182E+11,2760998066,556420308,99657839,400099638,80970555,2.73562E+11,30596276,1.24033E+11,7841663
182,32,faster,BoxingPractice,A,13.0006,2.88214E+12,1.53699E+12,2.85496E+11,7799627699,8043806452,573916133,7.98433E+11,17071673228,3.65141E+11,8870073569,1968198260,332111804,1470058997,241332422,7.97212E+11,89670910,3.64306E+11,24918612
183,32,faster,Crosswalk,A,12.9114,2.84557E+12,1.50429E+12,2.8506E+11,7174586736,9042651623,601228595,7.9208E+11,17031174349,3.635E+11,9125449057,2286255396,348362720,1561950883,258885593,7.91284E+11,99962860,3.62721E+11,34259724
184,32,faster,CrowdRun,A,7.072,1.34954E+12,7.65881E+11,1.11812E+11,5253300174,1876964329,162790731,3.56082E+11,4641545352,1.50522E+11,12293921677,650394820,92193267,525364419,97448602,3.55699E+11,27189462,1.50301E+11,11403937
185,32,faster,DinnerSceneCropped,A,6.2705,7.74105E+11,3.49659E+11,77257807199,2165697462,455298116,346528231,2.15191E+11,4121825712,97877945007,7025203313,78260019,63407029,76474855,59410444,2.14839E+11,6757965,97723821918,4087316
186,32,faster,FoodMarket,A,13.2082,8.268E+11,4.55401E+11,82151851297,2791851190,2311498090,166039109,2.27883E+11,4484892836,1.04822E+11,2506437379,575186303,91252785,403100821,76318092,2.27103E+11,30104516,1.04357E+11,10608716
187,32,faster,FoodMarket2,A,6.3658,3.16873E+12,1.74796E+12,3.1094E+11,10150393004,8670371062,612021131,8.74452E+11,18415942501,4.0237E+11,10051154412,2272721928,350024598,1543799252,258039508,8.73643E+11,98469570,4.01675E+11,25134375
188,32,faster,MeridianTalk_sdr,A,6.3348,7.04914E+11,3.73236E+11,70146891023,1775202538,2007710044,144188512,1.95721E+11,3997441593,89433979297,2142820055,482748288,81355871,362109693,62201591,1.95407E+11,25377536,89273120764,7230585
189,32,faster,Motorcycle,A,7.0665,9.47602E+11,5.32593E+11,93457185072,3946725356,2143970275,179500838,2.52708E+11,4487526365,1.13817E+11,2505158951,534102245,97828007,381154458,79706864,2.52467E+11,31510133,1.13663E+11,10212163
190,32,faster,MountainBike,A,6.9826,9.72397E+11,5.47926E+11,95838186352,4090673673,2080779213,179122703,2.60152E+11,4647195273,1.17705E+11,2582404684,495010147,98482455,379966308,79370503,2.5965E+11,31121367,1.17463E+11,10138276
191,32,faster,Neon1224,A,12.957,2.78304E+12,1.49221E+12,2.73255E+11,7419375703,7701175484,557946844,7.68825E+11,16712161455,3.50038E+11,8619213513,1912938234,325060008,1442277866,233495446,7.68176E+11,83097213,3.49518E+11,22582861
192,32,faster,NocturneDance_3840x2160p_8bit,A,13.2215,2.86803E+12,1.55965E+12,2.79487E+11,8092393047,8432921490,514659418,7.90387E+11,17569880179,3.60931E+11,9608525854,2076440482,294583616,1475364964,208645200,7.89629E+11,99975395,3.60267E+11,23528603
193,32,faster,OldTownCross,A,6.3166,9.28695E+11,5.12706E+11,93183030162,3533706749,2160844588,173810586,2.52625E+11,4512284938,1.15373E+11,2511438000,519453765,95544314,381432337,76239757,2.52344E+11,31307456,1.15193E+11,8774172
194,32,faster,PedestrianArea,A,6.359,7.36825E+11,3.99656E+11,72640553605,2188993191,2065825199,151577205,2.03729E+11,4181291698,93148976148,2328613685,497498015,84998869,373855095,67143899,2.03494E+11,27650997,93009554058,8852722
195,32,faster,PierSeaSide,A,13.3017,2.85165E+12,1.52713E+12,2.81148E+11,7632501918,7902708850,567434576,7.87693E+11,16783009572,3.5919E+11,8948465145,1951087151,330197293,1453353340,236011300,7.87561E+11,100996687,3.58708E+11,26410702
196,32,faster,RitualDance,A,6.3146,6.76628E+11,3.67891E+11,66761213150,1809708729,1876897315,143005223,1.87343E+11,3976878521,85003781684,2149501486,449423837,79621086,353905914,61202830,1.87308E+11,25104619,84959768997,7363102
197,32,faster,Riverbed,A,6.3958,8.6278E+11,4.76569E+11,84854184750,2968794615,2156756185,155148833,2.37245E+11,4536868180,1.09541E+11,2549022093,535295876,86338633,381869466,66999278,2.37003E+11,25744377,1.09373E+11,8478541
198,32,faster,RushFieldCuts,A,7.0422,9.28689E+11,4.46175E+11,90058489589,3557529080,517465796,397421347,2.51758E+11,4480232603,1.13778E+11,8272406314,77613479,65210522,87251401,73205060,2.5119E+11,9053627,1.13482E+11,4812166
199,32,faster,Skater227,A,6.3241,597547,4281094,,,26671,11886,829904,43830,304426,15352,18329,3189,,,,,,
200,32,faster,Tango,A,13.2135,2.99365E+12,1.58913E+12,3.00928E+11,8310477280,8099900378,576908801,8.31508E+11,17310251010,3.82705E+11,9009895576,1941258329,330400886,1452758182,239682420,8.3085E+11,88556624,3.82087E+11,22934414
201,32,faster,TimeLapse,A,13.1057,2.97387E+12,1.60502E+12,2.92149E+11,8803956715,8179770118,571251784,8.19867E+11,17491876016,3.74449E+11,9138716485,2072815112,331920913,1489239176,238438832,8.19291E+11,82042013,3.73847E+11,22960299
202,32,faster,ToddlerFountain,A,6.6525,9.57137E+11,5.3167E+11,94692033311,3844556363,2161044976,169887779,2.5824E+11,4624640466,1.17249E+11,2519073276,538317201,92872448,392990319,76423848,2.57956E+11,32970075,1.17149E+11,11581354
203,32,faster,TreesAndGrass_1920_1080,A,7.0828,1.17634E+12,6.69368E+11,1.1699E+11,5668635297,2282854675,200689582,3.0762E+11,4789283651,1.37279E+11,2756949761,568281902,107199630,399744487,90318424,3.07052E+11,34529175,1.36973E+11,11933252
204,32,faster,TunnelFlag,A,6.3698,9.94209E+11,5.62599E+11,81772383481,3045572891,1769026963,144489558,2.70947E+11,4251279160,1.15728E+11,10777326282,599936805,80441070,499112584,82260676,2.70638E+11,24174483,1.15611E+11,9426962
205,32,faster,Vertical_Carnaby,A,6.3654,6.66376E+11,3.59403E+11,64987585217,1699464816,2009661058,138954017,1.84735E+11,4004008158,84121664579,2236006650,477268248,75276810,369070837,63165910,1.8435E+11,28774516,83895678959,8560342
206,32,faster,Vertical_bees,A,6.4079,7.46507E+11,4.12157E+11,73002745722,2291939534,2183084613,151411690,2.05363E+11,4212090880,93742379512,2451564843,524613102,81912811,375118012,68582860,2.05121E+11,24236651,93608820076,9100256
207,32,faster,WalkingInStreet,A,7.1539,1.12272E+12,6.32546E+11,1.10698E+11,4775377086,2102887918,182267036,2.9371E+11,4546395088,1.30927E+11,2827157484,491692541,98825286,391839599,83760491,2.93394E+11,34409062,1.3066E+11,11230261
208,32,faster,WorldCup_1920x1080_30p,A,6.3585,6.65204E+11,3.58554E+11,65088776271,1755426534,2004187614,137484988,1.84119E+11,3975006706,83455381635,2222760439,475756211,75319086,368587091,61837926,1.83625E+11,22732369,83172385641,8713247
209,32,faster,WorldCup_far_1920x1080_30p,A,6.3898,8.47177E+11,4.80575E+11,83063766135,3162652198,2128529297,163982793,2.30745E+11,4431492503,1.05285E+11,2649009827,520162236,89440498,389477401,74970942,2.30473E+11,26911022,1.05093E+11,9353459
210,37,faster,Aerial3200,A,6.3831,9.06209E+11,5.11493E+11,88174681565,3226764321,2150552849,169742706,2.4469E+11,4773713244,1.10933E+11,2785419036,542522997,98937469,387523724,69064542,2.44372E+11,25936101,1.10738E+11,8360412
211,37,faster,Boat,A,6.3417,8.96832E+11,5.02228E+11,88439292610,3441942103,2163891393,169759365,2.43951E+11,4598869301,1.11486E+11,2575967841,544228400,94393448,390004899,76853642,2.43414E+11,36210042,1.11218E+11,10000006
212,37,faster,BoxingPractice,A,13.0209,2.64744E+12,1.37397E+12,2.60956E+11,6058476884,7621771201,526865859,7.35615E+11,16494939069,3.34597E+11,7995861382,1832349223,311433446,1417960893,219276199,7.34959E+11,81898101,3.34053E+11,20377074
213,37,faster,Crosswalk,A,12.9536,2.63892E+12,1.35808E+12,2.62175E+11,5539221584,7745939932,542808114,7.34968E+11,16103849917,3.34864E+11,7643110646,1933367323,322203452,1409679234,224797822,7.34422E+11,103013758,3.34328E+11,30316714
214,37,faster,CrowdRun,A,6.3421,1.14848E+12,6.49285E+11,95048057432,3894409961,1873073565,151830562,3.1001E+11,4373014749,1.3219E+11,11524004762,638893015,84128940,520082158,89171294,3.09906E+11,27153852,1.32096E+11,11459036
215,37,faster,DinnerSceneCropped,A,6.3238,6.61719E+11,3.36954E+11,66536031577,1331629321,1894554198,137134343,1.84572E+11,3802239703,84259012626,1892057502,460941101,76047362,355139918,59510387,1.84235E+11,22552562,84008313166,8755877
216,37,faster,FoodMarket,A,13.2051,7.36239E+11,3.96778E+11,73047812027,2077326448,2272992609,149960835,2.03772E+11,4244453743,93452225035,2393462438,547401364,82386545,394551174,66757863,2.03482E+11,28247249,93207337578,10164879
217,37,faster,FoodMarket2,A,6.3796,2.89338E+12,1.56518E+12,2.83892E+11,8034393480,8340337032,572520009,8.01276E+11,17842874307,3.67194E+11,9331862763,2082327490,331982985,1503880034,238062663,8.0072E+11,93119912,3.66501E+11,23438583
218,37,faster,MeridianTalk_sdr,A,6.3354,6.49396E+11,3.35868E+11,64259796952,1387601860,1893470007,129339840,1.80656E+11,3851495733,82110992644,2000027357,432975461,72744679,350700938,56127525,1.80459E+11,26875547,82010074775,6758534
219,37,faster,Motorcycle,A,6.3269,8.43006E+11,4.67706E+11,82884639923,3112922955,2104193030,162114282,2.28453E+11,4404043887,1.03356E+11,2436440823,506016122,92173168,374214367,72751151,2.2765E+11,27552983,1.03035E+11,9243524
220,37,faster,MountainBike,A,6.3469,8.6257E+11,4.79254E+11,84926565157,3207765204,2107364376,156658853,2.33963E+11,4496881156,1.06373E+11,2493847749,513446774,84916194,379555600,69581916,2.33723E+11,26988807,1.06253E+11,8735782
221,37,faster,Neon1224,A,13.1415,2.55154E+12,1.36058E+12,2.49756E+11,5813364339,8049314904,555356147,7.0751E+11,16234959035,3.2039E+11,8280477763,1999918098,323869355,1454006368,230546021,7.06549E+11,110530651,3.19717E+11,33519380
222,37,faster,NocturneDance_3840x2160p_8bit,A,13.1773,2.61125E+12,1.3885E+12,2.54121E+11,6181166915,8082874216,540440601,7.22287E+11,16813461011,3.27875E+11,8642908035,2002361933,318898296,1487108912,228206935,7.21062E+11,94412388,3.27111E+11,24922901
223,37,faster,OldTownCross,A,6.3815,7.77434E+11,3.53115E+11,76054127566,2246223260,494253680,357374326,2.14692E+11,4087001629,97028225609,6855323605,77326521,64184870,79591189,63683674,2.13904E+11,8397727,96687158440,4623332
224,37,faster,PedestrianArea,A,6.3598,6.76366E+11,3.57589E+11,66689084530,1699262443,1975244219,141560063,1.87996E+11,4014920091,85653923857,2118434451,483772520,80699478,350967900,60268927,1.87605E+11,23802134,85404339166,7446712
225,37,faster,PierSeaSide,A,13.1386,3.14648E+12,1.72237E+12,2.60454E+11,6996443027,6225741194,461156509,8.78025E+11,15728392538,3.74262E+11,32364395242,2124481859,299657110,1785462233,231904922,8.77187E+11,76382391,3.73508E+11,29425662
226,37,faster,RitualDance,A,6.3482,6.26394E+11,2.71991E+11,60455099833,1354658373,424376877,305433462,1.74719E+11,3741291235,77909543711,6033454197,70248111,57740295,64422340,53379706,1.74178E+11,5465162,77639710986,3588925
227,37,faster,Riverbed,A,6.362,7.75729E+11,4.23604E+11,76441159382,2357149720,2078047615,146471188,2.14614E+11,4406940044,98826921838,2470358836,484724879,82914129,368547149,63734419,2.14379E+11,27077379,98664768042,8061089
228,37,faster,RushFieldCuts,A,6.3248,8.13434E+11,3.80232E+11,78561656872,2674034613,490797657,369055035,2.23041E+11,4295732510,1.00928E+11,7681576768,79990332,63696035,84925714,66436106,2.22439E+11,8651903,1.00602E+11,4881389
229,37,faster,Skater227,A,6.2943,1211709,2881254,,,29346,15332,806514,43114,302263,8250,17235,5371,,,,,,
230,37,faster,Tango,A,13.1884,2.72654E+12,1.41801E+12,2.71425E+11,6469382164,7994320476,545878167,7.5844E+11,16616904164,3.46577E+11,8069641708,1971304808,322265996,1452989293,224794381,7.57707E+11,95980841,3.45945E+11,21006270
231,37,faster,TimeLapse,A,13.1057,2.70886E+12,1.43431E+12,2.65772E+11,6908083680,7842008090,575039812,7.5039E+11,17056527729,3.41422E+11,8444017417,1882363965,335606444,1431494309,231358203,7.49515E+11,80896935,3.40766E+11,23160482
232,37,faster,ToddlerFountain,A,6.3507,8.16748E+11,4.45971E+11,80535953229,2721510432,2059865758,150754244,2.23612E+11,4429570883,1.02078E+11,2405856776,488219000,84056677,380733674,66609560,2.23384E+11,32804623,1.01861E+11,8279939
233,37,faster,TreesAndGrass_1920_1080,A,6.3948,1.03069E+12,5.01243E+11,1.01061E+11,4357859924,559401203,426124722,2.75738E+11,4583722708,1.23338E+11,8236298011,87676979,70613074,98890642,81545984,2.75137E+11,9005406,1.22948E+11,5682527
234,37,faster,TunnelFlag,A,6.3631,7.25996E+11,3.93488E+11,71486894462,2117135170,1987348438,141019872,2.00621E+11,4143852675,91241162568,2298744750,457262675,77795902,364362686,63001254,2.00103E+11,28780017,90995852230,8546425
235,37,faster,Vertical_Carnaby,A,6.4461,6.23964E+11,2.7046E+11,59891375019,1316108049,438443737,313826047,1.73815E+11,3777631476,77675335615,6224799839,70716618,55766987,65646926,52361851,1.7355E+11,4803024,77455925372,3734593
236,37,faster,Vertical_bees,A,6.3596,6.898E+11,3.71223E+11,67440760505,1878617308,2065223498,142997969,1.90871E+11,4118623085,86879748247,2209566418,505197517,77628004,367209647,64412271,1.9041E+11,24195615,86620155169,8786001
237,37,faster,WalkingInStreet,A,6.4568,9.74579E+11,5.49661E+11,95638180989,3708273953,1991410717,184475735,2.60624E+11,4536297355,1.17546E+11,2567662086,485409373,102597130,377988766,81073368,2.60294E+11,35179438,1.17343E+11,12718571
238,37,faster,WorldCup_1920x1080_30p,A,6.2898,6.24393E+11,3.28631E+11,61127129726,1473746779,1912399036,135837263,1.73357E+11,3884940859,78282792881,1998531748,447874737,78486850,348605729,58271748,1.73023E+11,24720358,78103832749,6859811
239,37,faster,WorldCup_far_1920x1080_30p,A,6.313,7.645E+11,4.2918E+11,74860200891,2495959877,2225300456,157966629,2.10363E+11,4365434832,96032201197,2558445819,555395702,84647253,401764723,71817573,2.09956E+11,33789428,95790797080,10837160
240,22,superfast,Aerial3200,A,7.1671,1.29945E+12,7.40459E+11,1.28093E+11,6464601430,1988883903,168356004,3.30336E+11,4594379148,1.45159E+11,2797230654,501923284,101156157,312203482,67139054,3.29837E+11,35456488,1.44827E+11,10062459
241,22,superfast,Boat,A,7.1358,1.57816E+12,8.99021E+11,1.30431E+11,7049706262,1874752570,121762009,3.99536E+11,5101458048,1.65797E+11,12536516700,651988624,74258636,428888306,69539174,3.9903E+11,29939170,1.65486E+11,9511474
242,22,superfast,BoxingPractice,A,13.6248,4.02942E+12,2.27024E+12,3.95342E+11,16860211820,8813641336,604272171,1.08461E+12,21758876681,4.93813E+11,10879027137,2304375210,357114135,1264261025,221492704,1.08335E+12,135836872,4.92909E+11,28750683
243,22,superfast,Crosswalk,A,13.055,3.97427E+12,2.22602E+12,3.90488E+11,15618567560,8801189183,519799977,1.07718E+12,22113929650,4.91946E+11,11078995355,2408773435,318406052,1284992230,203891604,1.07588E+12,102237732,4.91056E+11,21369094
244,22,superfast,CrowdRun,A,7.2255,1.51995E+12,8.71701E+11,1.51588E+11,8372127940,2304103225,167050687,3.83492E+11,5559309990,1.67433E+11,3079556598,578474252,91173633,338691259,72933474,3.83026E+11,37962570,1.6711E+11,10550383
245,22,superfast,DinnerSceneCropped,A,6.3792,1.31558E+12,6.60995E+11,1.29831E+11,6539143445,531052775,418030959,3.45438E+11,5363863255,1.52664E+11,9353373355,78474719,64433462,86660220,74427396,3.44913E+11,9278710,1.52333E+11,4932841
246,22,superfast,FoodMarket,A,13.9507,1.2534E+12,7.16887E+11,1.23894E+11,6115315134,2260171865,147450032,3.29456E+11,5429505566,1.47534E+11,3011360390,555849348,82378185,332284423,62878715,3.2919E+11,32658478,1.4733E+11,8948803
247,22,superfast,FoodMarket2,A,6.8418,4.16826E+12,2.37994E+12,4.07314E+11,17709559218,8656530534,529531781,1.1208E+12,22380854049,5.1263E+11,11879574940,2190096355,320311532,1269213589,206571373,1.11967E+12,108383327,5.11856E+11,23935021
248,22,superfast,MeridianTalk_sdr,A,6.3813,1.2401E+12,6.95342E+11,1.01727E+11,4342380754,1777605835,115775743,3.29715E+11,4883518135,1.39552E+11,11827337722,611496929,70839240,417413249,62061058,3.29268E+11,27110142,1.39303E+11,8162952
249,22,superfast,Motorcycle,A,7.0665,1.16991E+12,6.71606E+11,1.1541E+11,5616783076,2172881148,153996335,3.02475E+11,5184749745,1.35191E+11,2914068298,509452491,84438334,322542883,64972428,3.02143E+11,39655793,1.35041E+11,8526830
250,22,superfast,MountainBike,A,7.0957,1.20031E+12,6.04336E+11,1.17095E+11,5781578581,506463339,397587236,3.10982E+11,5085389515,1.38072E+11,9018208449,70496749,59105250,82456335,70189814,3.10241E+11,8741756,1.37631E+11,4594733
251,22,superfast,Neon1224,A,13.4567,3.39454E+12,1.90511E+12,3.34436E+11,12285301004,8231616868,503419296,9.24763E+11,20485317181,4.24875E+11,10774900720,2025580381,304006944,1213467001,195059990,9.24195E+11,106819149,4.24264E+11,20195881
252,22,superfast,NocturneDance_3840x2160p_8bit,A,13.3742,3.61433E+12,1.74061E+12,3.48929E+11,13701794828,1621275288,1247563230,9.82111E+11,21005847703,4.47436E+11,34291624587,253968169,214729059,250021215,206044147,9.80442E+11,17869696,4.46297E+11,10491450
253,22,superfast,OldTownCross,A,7.1316,1.53148E+12,8.76871E+11,1.5361E+11,8410169785,2284365729,174734508,3.90611E+11,5603999355,1.70376E+11,3133302177,560312273,97852912,334597853,76846137,3.90127E+11,39127939,1.69953E+11,10751010
254,22,superfast,PedestrianArea,A,6.3747,1.04472E+12,5.9888E+11,1.02612E+11,4571000819,2418319597,146898620,2.8019E+11,5263370973,1.2703E+11,2973442963,609044870,83824968,351656474,62712718,2.79721E+11,37311719,1.26787E+11,9525880
255,22,superfast,PierSeaSide,A,13.2578,3.78944E+12,2.13102E+12,3.75135E+11,15171240633,8505912831,594988699,1.02297E+12,21849988316,4.67642E+11,10897571384,2116758936,346890020,1233750832,212392842,1.02224E+12,114384286,4.66916E+11,20789663
256,22,superfast,RitualDance,A,6.3007,8.10243E+11,4.51628E+11,80099757493,2958574962,1910667201,124067756,2.20978E+11,4601526340,1.00866E+11,2418677506,457202115,69528238,286797011,50408845,2.20668E+11,28039877,1.00672E+11,6072845
257,22,superfast,Riverbed,A,6.4294,1.18927E+12,6.82469E+11,1.16485E+11,5529145394,2228166688,140741264,3.14746E+11,5403591411,1.42302E+11,3023868973,552905408,78990839,327656017,61222419,3.14425E+11,31230613,1.42051E+11,8205771
258,22,superfast,RushFieldCuts,A,7.0231,1.19024E+12,6.8354E+11,1.17314E+11,5771240792,2094174786,138650530,3.11567E+11,5259444233,1.40653E+11,2888953792,499771375,75235455,317248341,62603329,3.11072E+11,32643308,1.40351E+11,8699836
259,22,superfast,Skater227,A,6.3206,798764,2738395,,,28902,14027,806508,43420,302279,8688,17202,5999,,,,,,
260,22,superfast,Tango,A,14.0446,5.59836E+12,3.11984E+12,4.54858E+11,20514690348,7398624544,366279151,1.46921E+12,21594826459,6.17765E+11,50755047357,2621770005,261353903,1657625793,167332132,1.46818E+12,99942076,6.16848E+11,30978553
261,22,superfast,TimeLapse,A,8.4907,3.85882E+12,1.87532E+12,3.74604E+11,15580134013,1646635583,1130837712,1.03875E+12,21187382830,4.67875E+11,34236672660,267621774,206728781,264495130,190455296,1.03776E+12,20116769,4.67001E+11,10930101
262,22,superfast,ToddlerFountain,A,7.1011,1.28935E+12,7.4503E+11,1.28084E+11,6730592918,2293514490,146679235,3.33074E+11,5360084262,1.48166E+11,3046941355,551333242,80041732,339483733,65800971,3.32722E+11,34442171,1.47957E+11,9768177
263,22,superfast,TreesAndGrass_1920_1080,A,7.2048,1.71179E+12,9.69688E+11,1.42858E+11,7473163914,1992761679,164360323,4.2501E+11,5173384087,1.75588E+11,12861376130,646970649,94742076,448885191,94347922,4.2449E+11,34295181,1.75304E+11,10694279
264,22,superfast,TunnelFlag,A,6.8743,1.33429E+12,7.61536E+11,1.09425E+11,5256159790,1973856686,144594049,3.48229E+11,4921564310,1.46876E+11,12216808673,638616345,87518464,441894713,84330678,3.47614E+11,35692848,1.46592E+11,9283062
265,22,superfast,Vertical_Carnaby,A,6.4007,9.61801E+11,5.51921E+11,78403487114,2920934233,1719152060,120929820,2.63644E+11,3824216541,1.13498E+11,11070659879,545977208,76845882,399705164,65685801,2.63193E+11,26146859,1.13234E+11,7086739
266,22,superfast,Vertical_bees,A,6.3932,8.96715E+11,5.10638E+11,87841503331,3492795074,2040044019,129258594,2.4257E+11,4151840921,1.11121E+11,2770957528,478123778,73620271,307404837,54150638,2.42378E+11,28925271,1.10977E+11,7341402
267,22,superfast,WalkingInStreet,A,7.2554,1.40514E+12,7.9206E+11,1.39695E+11,7024302876,2131006526,159478311,3.48743E+11,4909046353,1.50952E+11,2904282659,525865866,87104726,326620406,71680071,3.48281E+11,33857951,1.50684E+11,8334362
268,22,superfast,WorldCup_1920x1080_30p,A,6.3279,7.92748E+11,4.47163E+11,77555315687,2822370788,1987673197,118756990,2.16504E+11,4579633851,99024832217,2621945003,460431710,69524899,299624213,50547644,2.16027E+11,28234389,98825336094,6538652
269,22,superfast,WorldCup_far_1920x1080_30p,A,7.0555,1.06168E+12,6.14999E+11,1.04387E+11,4924783310,2136881270,132417521,2.80446E+11,5000353607,1.26768E+11,2979080132,506385833,73462551,322272468,58060979,2.80261E+11,31153410,1.26644E+11,7369675
270,27,superfast,Aerial3200,A,6.3714,1.14288E+12,6.474E+11,1.12172E+11,5256347364,1986125104,153005405,2.97957E+11,4582868327,1.33291E+11,2836575255,502001003,93339571,304679338,58377065,2.97617E+11,34638879,1.33083E+11,7051852
271,27,superfast,Boat,A,6.8668,1.38631E+12,7.88348E+11,1.14017E+11,5619674653,1787071531,145830332,3.59973E+11,4971455388,1.51159E+11,12130585291,614823328,89579130,409794279,80630532,3.59565E+11,29004334,1.50986E+11,8489242
272,27,superfast,BoxingPractice,A,13.0487,3.26578E+12,1.80852E+12,3.22918E+11,11223489090,8360599668,530710572,8.97329E+11,21171413712,4.13107E+11,10149864643,2046861375,317782699,1219732885,196358319,8.95884E+11,103829754,4.12231E+11,20410367
273,27,superfast,Crosswalk,A,12.9287,3.13711E+12,1.78839E+12,3.1525E+11,9868052295,8235443215,482175698,8.68494E+11,20590036201,4.0194E+11,10789938042,2002860151,297004183,1210854844,184737596,8.6783E+11,109241661,4.01289E+11,17002802
274,27,superfast,CrowdRun,A,7.0286,1.55273E+12,8.86906E+11,1.28425E+11,6756465032,2035340850,151851539,3.97953E+11,5144915703,1.66212E+11,12824716588,665932972,90211089,452345467,85176442,3.97588E+11,34294185,1.65925E+11,10391913
275,27,superfast,DinnerSceneCropped,A,6.3581,9.92309E+11,4.76286E+11,96684005361,3758224088,452539986,350608039,2.69599E+11,5112770655,1.22065E+11,8639966109,70169692,55760333,68369590,57889873,2.69126E+11,6332243,1.21759E+11,3620871
276,27,superfast,FoodMarket,A,13.2135,9.6488E+11,4.65862E+11,94013749229,3764573452,451957233,344873917,2.61968E+11,4988023822,1.18856E+11,8475394014,68700678,55927964,68109737,57224587,2.61243E+11,6717919,1.18525E+11,3599825
277,27,superfast,FoodMarket2,A,6.3553,3.49407E+12,1.66024E+12,3.37925E+11,12308622494,1668721645,1278850931,9.58803E+11,21108125885,4.38679E+11,33648435933,261434970,217298760,246370972,207530332,9.57279E+11,20328577,4.37556E+11,10625633
278,27,superfast,MeridianTalk_sdr,A,6.3492,7.87172E+11,4.28533E+11,78587208996,2550878151,2001687725,118429578,2.17247E+11,4653906398,1.00029E+11,2406993474,479267614,67715235,290373932,50342273,2.16807E+11,30322109,99761663232,6562595
279,27,superfast,Motorcycle,A,7.0063,1.04297E+12,5.93596E+11,1.02895E+11,4750244166,2147718422,142162612,2.74111E+11,5228734989,1.233E+11,2773184263,501325378,78546311,309550669,58799077,2.73837E+11,33518974,1.2319E+11,7488602
280,27,superfast,MountainBike,A,7.0351,1.07008E+12,6.11932E+11,1.05583E+11,4946958883,2172476422,144544228,2.81738E+11,5268932439,1.2715E+11,2764989964,497689119,80927192,315906152,61328891,2.81462E+11,33178941,1.26965E+11,9362096
281,27,superfast,Neon1224,A,12.9711,3.0372E+12,1.66474E+12,2.98845E+11,9652757384,7826924104,505483413,8.34797E+11,20319771749,3.83344E+11,9327787043,1859808848,305663330,1170795953,187464511,8.34032E+11,103645616,3.82781E+11,18016092
282,27,superfast,NocturneDance_3840x2160p_8bit,A,13.2943,3.87336E+12,2.20401E+12,3.16592E+11,11626350998,6942005896,411976066,1.06559E+12,19680951626,4.58056E+11,44627875244,2394744980,288181344,1578928522,194339491,1.06475E+12,156630921,4.57547E+11,23570414
283,27,superfast,OldTownCross,A,7.1214,1.19624E+12,6.75682E+11,1.18186E+11,5541284961,2189574151,154802620,3.16294E+11,5406295200,1.42178E+11,2926033417,529103249,85709791,317893159,64040798,3.1605E+11,33478926,1.41999E+11,8687102
284,27,superfast,PedestrianArea,A,6.3449,8.29263E+11,4.64613E+11,81749164592,2992222779,2058155688,120190442,2.27351E+11,4772077435,1.04549E+11,2628108579,503564485,69409514,304677740,50843581,2.27174E+11,30324982,1.04397E+11,6127710
285,27,superfast,PierSeaSide,A,13.27,3.85822E+12,2.141E+12,3.20806E+11,11056424515,6402952457,382909372,1.05718E+12,18902055901,4.54769E+11,38526780330,2259485123,268679367,1461640233,168309419,1.05666E+12,99152367,4.54359E+11,24171424
286,27,superfast,RitualDance,A,6.3314,7.2594E+11,3.96237E+11,71732015953,2300661923,1872741310,115447220,1.99912E+11,4349105995,91314032963,2249867303,423369182,65378540,281467380,46963549,1.99706E+11,28351222,91218447189,5982292
287,27,superfast,Riverbed,A,6.4041,9.70704E+11,5.50081E+11,95071633506,3849839056,2154622289,130771608,2.63575E+11,5203604070,1.2172E+11,2801063377,529577770,73783756,316698684,53884561,2.6318E+11,30467411,1.214E+11,8200487
288,27,superfast,RushFieldCuts,A,7.0206,1.04842E+12,6.00535E+11,1.03195E+11,4674158156,2160023952,127177063,2.79431E+11,5109260248,1.27264E+11,2871146654,526746712,70054918,330118900,58404405,2.79106E+11,35081936,1.27032E+11,7643050
289,27,superfast,Skater227,A,6.3504,961580,1997508,,,29843,14079,806471,43503,302267,7936,18048,7382,,,,,,
290,27,superfast,Tango,A,13.3681,3.43689E+12,1.61593E+12,3.37657E+11,11460433999,1737142222,1303256974,9.46382E+11,20839770716,4.32346E+11,32131026843,269570040,227508356,247377821,201194562,9.44922E+11,19143481,4.31298E+11,10137136
291,27,superfast,TimeLapse,A,13.0925,3.29537E+12,1.81873E+12,3.23768E+11,11486923436,8054337865,489626567,9.01127E+11,20293797006,4.13513E+11,10057440672,1973844079,294450540,1189080719,188173504,9.00152E+11,100220858,4.12664E+11,19942583
292,27,superfast,ToddlerFountain,A,7.0285,1.08835E+12,6.20014E+11,1.07998E+11,5079571313,2159564001,133349764,2.87743E+11,5164282010,1.2981E+11,2862381950,506270053,73053880,321864698,58300569,2.87636E+11,30009122,1.29611E+11,8097126
293,27,superfast,TreesAndGrass_1920_1080,A,7.1124,1.2737E+12,7.30487E+11,1.2637E+11,6472495433,2289334115,147407539,3.25901E+11,5310832917,1.44234E+11,3018775198,543517826,80597084,326808403,65604258,3.25497E+11,33914316,1.43976E+11,8503955
294,27,superfast,TunnelFlag,A,6.3523,9.28428E+11,5.24063E+11,91268115303,3805688204,2174281462,132739117,2.50737E+11,4930762220,1.14243E+11,2674232713,553635640,77740707,306233142,55524322,2.50119E+11,30907385,1.13976E+11,6914396
295,27,superfast,Vertical_Carnaby,A,6.3751,8.70548E+11,4.90837E+11,71202233559,2304452648,1629739516,98943322,2.41076E+11,3652450296,1.03962E+11,10219168009,564478133,63622087,385746693,50327236,2.41002E+11,24260792,1.03793E+11,6710732
296,27,superfast,Vertical_bees,A,6.4061,8.06573E+11,4.5263E+11,79081959410,2833680942,2036877956,125741573,2.20437E+11,3989450897,1.01275E+11,2609004580,469596559,71967613,301433798,52750485,2.20322E+11,27976610,1.01165E+11,7280361
297,27,superfast,WalkingInStreet,A,7.2329,1.27453E+12,6.30839E+11,1.25136E+11,6012964016,573161931,417178238,3.25284E+11,4746303138,1.42031E+11,8998173031,76952982,63581742,88152247,76635609,3.24657E+11,8875092,1.41734E+11,5047908
298,27,superfast,WorldCup_1920x1080_30p,A,6.3472,7.14938E+11,3.91005E+11,70079381930,2263682386,1908470619,113101132,1.96811E+11,4503267041,89986182888,2318174712,445283009,66328135,283072941,44945307,1.96569E+11,32021726,89805011996,5640334
299,27,superfast,WorldCup_far_1920x1080_30p,A,7.0531,9.35511E+11,5.4534E+11,91813268231,4018030418,2568319180,153673938,2.51906E+11,5252698576,1.15077E+11,2970335297,612075831,86076353,356196542,64993208,2.51208E+11,37521992,1.14505E+11,12266288
300,32,superfast,Aerial3200,A,6.3725,1.00677E+12,5.6762E+11,98218416946,4131922501,1948084921,143156119,2.6787E+11,4464112259,1.21238E+11,2726763343,490399776,87692329,295479621,54858024,2.67573E+11,24580411,1.21044E+11,5823338
301,32,superfast,Boat,A,6.3672,1.20442E+12,6.86088E+11,98965374124,4443233219,1774537714,136063132,3.20057E+11,4843026355,1.35923E+11,11697525994,609760259,84558893,410746907,71607648,3.1969E+11,27098949,1.35691E+11,7988024
302,32,superfast,BoxingPractice,A,13.0006,2.83752E+12,1.52229E+12,2.81261E+11,7917926094,7651056310,450518123,7.86281E+11,18839262985,3.61327E+11,9087951073,1832394677,277096938,1126219001,173624621,7.85479E+11,100555814,3.60794E+11,16059708
303,32,superfast,Crosswalk,A,12.9114,2.79402E+12,1.47331E+12,2.80515E+11,7201903883,7837863703,444311693,7.77844E+11,18467746104,3.58625E+11,8992536034,1847863320,273422096,1141884830,169906568,7.77009E+11,101236634,3.58021E+11,15110273
304,32,superfast,CrowdRun,A,7.072,1.29685E+12,7.40088E+11,1.07165E+11,4979065039,1946897636,141839537,3.42055E+11,4942328964,1.44827E+11,11937369287,655766789,86298992,433569718,75028249,3.41643E+11,28675867,1.44511E+11,8500086
305,32,superfast,DinnerSceneCropped,A,6.2705,9.0714E+11,5.06291E+11,77209950660,2388332207,1623389333,119014957,2.52026E+11,4394053925,1.09326E+11,9624972282,550142012,77197686,386546862,62941306,2.51677E+11,37796951,1.09088E+11,6675810
306,32,superfast,FoodMarket,A,13.2082,8.02248E+11,4.39319E+11,79727316411,2696204174,2040172348,114718352,2.20724E+11,4680072581,1.01829E+11,2421362996,490430856,66358616,300622028,47337174,2.20431E+11,27812200,1.0163E+11,5854374
307,32,superfast,FoodMarket2,A,6.3658,3.10035E+12,1.71227E+12,3.04296E+11,10028541068,8317289735,489630574,8.55664E+11,20250809830,3.95361E+11,10117056960,2089914170,304052680,1211484502,187719064,8.54872E+11,109724794,3.94659E+11,19408374
308,32,superfast,MeridianTalk_sdr,A,6.3348,6.93663E+11,3.66803E+11,69077684357,1818873621,1876730446,104037119,1.92617E+11,4254969026,88494207901,2143984690,445341697,59690088,284212705,43799635,1.92484E+11,27354871,88418012268,5533728
309,32,superfast,Motorcycle,A,7.0665,9.23286E+11,5.21264E+11,91003448020,3841025940,2042317313,127169218,2.46522E+11,4775409687,1.11528E+11,2591004977,490215702,70979247,311080367,56072550,2.46313E+11,29595907,1.11344E+11,7365411
310,32,superfast,MountainBike,A,6.9826,9.44406E+11,5.35162E+11,93043072318,3991893507,2105475302,134579783,2.52822E+11,5029893761,1.14849E+11,2667416618,481077314,75230460,306896346,56894657,2.52364E+11,29551301,1.14604E+11,7669095
311,32,superfast,Neon1224,A,12.957,2.74437E+12,1.49202E+12,2.69549E+11,7610490877,7622685943,486438097,7.59079E+11,18495566894,3.47389E+11,8887404781,1881078997,298958992,1119427386,179237009,7.5785E+11,120755605,3.46731E+11,26433644
312,32,superfast,NocturneDance_3840x2160p_8bit,A,13.2215,2.81577E+12,1.53989E+12,2.74482E+11,8083621151,8109116869,474017115,7.7675E+11,19284774720,3.56407E+11,9447814931,2031172353,290229668,1171407001,180579122,7.75658E+11,98529626,3.55716E+11,16344662
313,32,superfast,OldTownCross,A,6.3166,8.93249E+11,4.97124E+11,89289617452,3405118898,2094076537,127160320,2.43006E+11,4838603038,1.11273E+11,2589028185,508421214,72656531,312442476,55011265,2.42493E+11,33521800,1.11051E+11,6788050
314,32,superfast,PedestrianArea,A,6.359,7.24496E+11,3.92686E+11,71449963719,2153777977,1910645285,115221694,2.00447E+11,4451187805,92104684525,2310223161,436051971,66777042,283101009,46854141,2.00198E+11,28394411,91927415318,5760493
315,32,superfast,PierSeaSide,A,13.3017,2.79809E+12,1.2478E+12,2.71275E+11,7198602174,1469646090,1105001247,7.75717E+11,18364699978,3.51026E+11,26352140137,240262710,204745301,219626217,173752673,7.74545E+11,12701531,3.5022E+11,7775762
316,32,superfast,RitualDance,A,6.3146,6.64623E+11,2.9931E+11,64322018170,1707856101,396846546,285643552,1.84839E+11,4087394180,83182519713,6567116279,62157939,50395421,53353502,45666234,1.84312E+11,5684203,82923495820,2808055
317,32,superfast,Riverbed,A,6.3958,1.01608E+12,5.82762E+11,83518513893,3056773460,1923794648,127071144,2.79261E+11,4738939021,1.20754E+11,11739058901,639106687,81774794,420434225,65746116,2.78919E+11,41071522,1.20601E+11,7535233
318,32,superfast,RushFieldCuts,A,7.0422,9.04443E+11,5.07894E+11,88798570701,3561025461,2063254761,117838524,2.44828E+11,4881463944,1.12155E+11,2655473971,487519960,66305284,310561295,51006468,2.44385E+11,29868244,1.11919E+11,7107707
319,32,superfast,Skater227,A,6.3241,0,4252271,,,26059,11454,829749,43804,304431,14586,18300,4283,,,,,,
320,32,superfast,Tango,A,13.2135,2.91658E+12,1.31527E+12,2.88386E+11,7830032235,1532265016,1144513653,8.118E+11,18965112228,3.70551E+11,27860479177,252494148,215134760,226575392,181746088,8.10535E+11,14373813,3.69755E+11,8885488
321,32,superfast,TimeLapse,A,13.1057,3.53968E+12,2.0023E+12,2.9103E+11,9568714502,6914510416,467827233,9.78535E+11,18878828086,4.20758E+11,39486094808,2319182445,334424764,1530478848,222822252,9.77174E+11,174260059,4.19999E+11,26808954
322,32,superfast,ToddlerFountain,A,6.6525,9.25394E+11,5.17634E+11,91578021294,3723487687,2062172441,122609403,2.49602E+11,4893028981,1.13774E+11,2615854365,512771812,67359043,310227042,52015781,2.49554E+11,28328282,1.13639E+11,6916050
323,32,superfast,TreesAndGrass_1920_1080,A,7.0828,1.12685E+12,6.39678E+11,1.11807E+11,5421544445,2153528388,140526796,2.94727E+11,5143318853,1.31911E+11,2700398310,523397226,78855136,319233858,59999640,2.94167E+11,30537911,1.31572E+11,8046766
324,32,superfast,TunnelFlag,A,6.3698,8.01433E+11,4.44692E+11,78864521015,2820720516,2003202131,118490845,2.19253E+11,4577936044,1.00254E+11,2477683153,478076043,66612698,301367798,49992497,2.18974E+11,27796177,1.00037E+11,6379268
325,32,superfast,Vertical_Carnaby,A,6.3654,6.58376E+11,3.54702E+11,64299832634,1754849888,1916329339,126453499,1.8273E+11,3622615462,83659941252,2172191978,440295440,71890073,290826731,52306807,1.82309E+11,36203378,83444144103,7391512
326,32,superfast,Vertical_bees,A,6.4079,7.32373E+11,3.36569E+11,70612926110,2191251409,421683251,306701491,2.02146E+11,3704257431,91682043589,7381909047,66713090,51373822,66871892,52193416,2.01642E+11,4860934,91345223490,3355766
327,32,superfast,WalkingInStreet,A,7.1539,1.11103E+12,6.23554E+11,1.09351E+11,4800338464,2097678257,138538015,2.90754E+11,4781286006,1.30106E+11,2793606048,526054642,77513948,321471140,61320195,2.90332E+11,29923017,1.29828E+11,8062673
328,32,superfast,WorldCup_1920x1080_30p,A,6.3585,6.55716E+11,2.94399E+11,63148990481,1695963357,380662794,279657927,1.82001E+11,4107685307,81795183513,6670487693,63595109,48720667,55697148,43360233,1.81544E+11,5726679,81553560948,2924815
329,32,superfast,WorldCup_far_1920x1080_30p,A,6.3898,8.32109E+11,4.6973E+11,81519709760,3114313875,2039252115,116777208,2.26769E+11,4666081145,1.03872E+11,2662327621,490261666,65567237,304826813,50272999,2.26463E+11,27861938,1.03687E+11,6629335
330,37,superfast,Aerial3200,A,6.3831,8.97628E+11,5.06946E+11,87370009211,3279759800,1927409388,135101506,2.42431E+11,4413433219,1.10448E+11,2712556230,488037239,84770305,296480577,51364158,2.42151E+11,29386810,1.10242E+11,5707306
331,37,superfast,Boat,A,6.3417,8.69791E+11,4.84089E+11,85605172874,3310066675,2090439951,113954985,2.36458E+11,4852961371,1.0836E+11,2517435943,541312886,64781039,314123061,48227827,2.36031E+11,28535024,1.08159E+11,6473196
332,37,superfast,BoxingPractice,A,13.0209,2.61697E+12,1.36179E+12,2.583E+11,6161261711,7145083523,433531184,7.28119E+11,18225655264,3.33183E+11,7957935131,1745695448,265437086,1100107973,165688596,7.27297E+11,96406968,3.32568E+11,15391189
333,37,superfast,Crosswalk,A,12.9536,2.61352E+12,1.34478E+12,2.60477E+11,5773291473,7397056348,425201132,7.28971E+11,17899428815,3.34193E+11,7990151407,1791836380,268382998,1105865455,162477704,7.28242E+11,113833752,3.3363E+11,14458190
334,37,superfast,CrowdRun,A,6.3421,1.10941E+12,6.31816E+11,91579608044,3758261517,1875803396,131362714,2.99341E+11,4659386584,1.28068E+11,11218386108,614432733,81237845,434477816,71848381,2.98887E+11,27247650,1.27697E+11,8174851
335,37,superfast,DinnerSceneCropped,A,6.3238,6.54444E+11,3.32439E+11,65952991521,1370134342,1745175543,96005221,1.82606E+11,4038044965,83845091079,1880581437,419608882,52804041,268284436,40745359,1.82425E+11,27298840,83702442960,5075843
336,37,superfast,FoodMarket,A,13.2051,7.20579E+11,3.87337E+11,71419113767,2051370053,1954328682,109371575,1.99672E+11,4436211309,91911711714,2277900152,462052926,62342167,290213053,43663410,1.99197E+11,28145702,91687624684,5164589
337,37,superfast,FoodMarket2,A,6.3796,2.8435E+12,1.53864E+12,2.79011E+11,8123242421,8332558245,482849374,7.87818E+11,19636159317,3.62861E+11,9482386148,2048950610,294050687,1218502114,183825603,7.87218E+11,114675428,3.62179E+11,24109431
338,37,superfast,MeridianTalk_sdr,A,6.3354,7.75943E+11,4.27407E+11,64996165199,1726269329,1445822957,114200549,2.17426E+11,3953510557,93588673770,7768882774,482642499,74489345,354979987,55833259,2.17268E+11,35304618,93476879469,6144082
339,37,superfast,Motorcycle,A,6.3269,8.23822E+11,4.58831E+11,81059720583,3060354363,2045423547,123934758,2.23181E+11,4654399156,1.01474E+11,2476152406,476063254,70653817,297856574,51868683,2.22831E+11,29208219,1.01233E+11,6749747
340,37,superfast,MountainBike,A,6.3469,8.40527E+11,4.68894E+11,82693102196,3154249093,1984270890,122100718,2.27999E+11,4926499749,1.04108E+11,2499039330,474595186,70714714,302084775,52091814,2.27833E+11,33007245,1.03988E+11,6360854
341,37,superfast,Neon1224,A,13.1415,2.52767E+12,1.36361E+12,2.47786E+11,6203835061,7071754743,437859719,7.01507E+11,18608856711,3.19441E+11,8529182521,1690945491,273185590,1105368032,168447261,7.00672E+11,91456592,3.18923E+11,15190624
342,37,superfast,NocturneDance_3840x2160p_8bit,A,13.1773,2.56567E+12,1.12753E+12,2.45954E+11,5830573806,1337702894,1052493199,7.11987E+11,18407143973,3.207E+11,26303546964,231733523,199633363,205320507,169340382,7.11128E+11,13284286,3.19952E+11,7722112
343,37,superfast,OldTownCross,A,6.3815,7.62963E+11,4.11645E+11,75952264410,2341041794,1947624018,111641511,2.09925E+11,4498141993,96439898436,2286712391,465219100,66092327,293921001,47142938,2.09871E+11,28779006,96403834494,5714779
344,37,superfast,PedestrianArea,A,6.3598,6.65377E+11,2.9508E+11,64421777971,1603873698,398632643,281328994,1.85651E+11,4177835888,83941128319,6560734405,66926434,49691341,62396051,45286093,1.84893E+11,5456779,83559908863,2989200
345,37,superfast,PierSeaSide,A,13.1386,2.56411E+12,1.32845E+12,2.5172E+11,5898540210,7114038634,460325908,7.11085E+11,18128325843,3.24155E+11,7930928358,1691368855,275811197,1081345211,170605529,7.09598E+11,84742051,3.23422E+11,14854271
346,37,superfast,RitualDance,A,6.3482,6.19469E+11,2.69741E+11,59926380787,1358897631,366311325,270217782,1.7287E+11,3912934982,77508889046,6069079415,60699474,47828429,54101409,43836114,1.72517E+11,5542614,77304583770,2888141
347,37,superfast,Riverbed,A,6.362,7.50137E+11,3.43997E+11,72537085843,2178724991,392507317,294573803,2.0806E+11,4587749587,95002090353,7616771141,63928861,50679130,57029133,45880378,2.07414E+11,4937067,94657204612,2952051
348,37,superfast,RushFieldCuts,A,6.3248,7.95457E+11,3.72416E+11,76854822744,2628347641,393217710,305360651,2.17982E+11,4584710271,99001129048,7679278927,62376691,49907163,61201576,50164229,2.17678E+11,5914811,98814968648,3081851
349,37,superfast,Skater227,A,6.2943,583234,2431000,,,26470,13649,806472,42701,302267,8061,16938,4899,,,,,,
350,37,superfast,Tango,A,13.1884,2.69386E+12,1.39748E+12,2.68953E+11,6458777029,7454746426,430744358,7.50133E+11,18205242076,3.44814E+11,8160907715,1785283193,264471592,1102216285,166380825,7.4929E+11,123391414,3.4416E+11,15363398
351,37,superfast,TimeLapse,A,13.1057,2.66181E+12,1.4072E+12,2.61377E+11,6876904706,7277977431,441318725,7.37926E+11,19248216632,3.37522E+11,8364085254,1762825783,268210110,1108372955,166501169,7.37213E+11,97615406,3.36771E+11,15543424
352,37,superfast,ToddlerFountain,A,6.3507,7.95904E+11,4.32832E+11,78378865450,2664965122,1949300371,108654295,2.17958E+11,4666936147,99878757794,2387376239,447015378,62059052,296622647,45685927,2.17772E+11,26791242,99734266657,5766206
353,37,superfast,TreesAndGrass_1920_1080,A,6.3948,9.92612E+11,5.62579E+11,98336578549,4290067880,2038780544,135161270,2.65133E+11,5032973913,1.20042E+11,2581347664,486434491,75111425,308295990,55692087,2.64546E+11,35004437,1.19646E+11,9573953
354,37,superfast,TunnelFlag,A,6.3631,8.70647E+11,4.92999E+11,72067746175,2410546671,1563213293,113266648,2.40232E+11,4164779446,1.03275E+11,9486873086,516852642,70814840,379820109,57801814,2.39936E+11,24550728,1.0309E+11,6447729
355,37,superfast,Vertical_Carnaby,A,6.4461,6.18475E+11,2.70199E+11,59420028323,1340190211,369747391,273089924,1.72373E+11,3386985208,77439169604,6413281743,61844327,49110098,60687218,45463668,1.72007E+11,4538569,77260593242,3147005
356,37,superfast,Vertical_bees,A,6.3596,6.81838E+11,3.68836E+11,66865334048,1912735341,1815260891,118655720,1.88573E+11,3792855148,86334993587,2212552463,410478908,68854829,280454366,48553082,1.88537E+11,27894052,86223984742,6499669
357,37,superfast,WalkingInStreet,A,6.4568,9.60596E+11,4.57492E+11,93037475366,3643630988,526973070,354286962,2.5759E+11,4740665345,1.15667E+11,8797488036,87084764,57674829,93363562,64870105,2.5675E+11,9046459,1.15064E+11,5224581
358,37,superfast,WorldCup_1920x1080_30p,A,6.2898,6.19027E+11,3.25036E+11,60643375304,1501370966,1738641421,103594063,1.72042E+11,4056422649,78086591392,1981404935,397706835,60558341,273447426,43205722,1.71602E+11,27759102,77934619965,5075058
359,37,superfast,WorldCup_far_1920x1080_30p,A,6.313,7.52393E+11,4.21661E+11,73587165121,2520768881,2267947596,123160471,2.07097E+11,4666634729,94966523936,2617588451,559331881,68171771,335147243,52809245,2.06634E+11,32623527,94732674750,8487796
360,22,veryfast,Aerial3200,A,7.1671,1.31961E+12,7.48001E+11,1.30273E+11,6536297045,2217600918,207360791,3.35233E+11,4955771027,1.46818E+11,2896720235,546341546,115862647,404503112,90790387,3.34774E+11,29437068,1.46539E+11,10887115
361,22,veryfast,Boat,A,7.1358,1.34615E+12,7.74203E+11,1.33267E+11,7033332686,2298384218,208019472,3.44459E+11,4961153507,1.51779E+11,2933129451,575071950,110970331,413587746,97847294,3.43962E+11,36360464,1.51479E+11,13792402
362,22,veryfast,BoxingPractice,A,13.6248,4.16921E+12,2.34466E+12,4.09747E+11,17469615480,9000153145,635023015,1.12261E+12,20037103360,5.0973E+11,10937738753,2324481854,366386812,1604385294,272394363,1.12154E+12,88210297,5.08982E+11,20731351
363,22,veryfast,Crosswalk,A,13.055,4.14956E+12,2.32174E+12,4.0856E+11,16405940770,9186717978,677812478,1.12536E+12,20577286208,5.13008E+11,11036074832,2382558067,383968926,1617986512,288791841,1.12458E+12,100948227,5.12268E+11,31332227
364,22,veryfast,CrowdRun,A,7.2255,1.58277E+12,9.04229E+11,1.58148E+11,8700830537,2388070083,230498546,3.99385E+11,5176236019,1.74035E+11,3029262952,596450434,121663643,418774131,108560540,3.99029E+11,39300276,1.73713E+11,14196013
365,22,veryfast,DinnerSceneCropped,A,6.3792,1.38367E+12,7.9109E+11,1.38499E+11,7002526397,2385476534,212301070,3.63049E+11,5110991071,1.61546E+11,3079243265,575982870,112732741,428505457,99063717,3.62747E+11,36077027,1.61313E+11,12242955
366,22,veryfast,FoodMarket,A,13.9507,1.30838E+12,7.52758E+11,1.29566E+11,6442082231,2404413846,212635980,3.44218E+11,5052172733,1.53922E+11,3017295740,630360407,114262512,417636380,98529765,3.43586E+11,39796290,1.53578E+11,12993481
367,22,veryfast,FoodMarket2,A,6.8418,5.2818E+12,2.99585E+12,4.28343E+11,18698382499,7898684812,778258036,1.40628E+12,19898021085,5.96329E+11,51291842805,2767634519,471614475,2054880687,419869525,1.40515E+12,107165628,5.95542E+11,42516104
368,22,veryfast,MeridianTalk_sdr,A,6.3813,1.04936E+12,5.94567E+11,1.04318E+11,4400993728,2560311304,195924205,2.83066E+11,4897465009,1.28136E+11,2895089092,671017778,107263053,430879914,88049735,2.82445E+11,36532408,1.27722E+11,13595860
369,22,veryfast,Motorcycle,A,7.0665,1.45796E+12,8.29708E+11,1.20802E+11,5927035084,1928373829,172208572,3.73896E+11,4635480273,1.56625E+11,12666203009,661451411,93945250,535541188,106079340,3.73655E+11,31665727,1.56427E+11,13395530
370,22,veryfast,MountainBike,A,7.0957,1.23827E+12,6.23977E+11,1.21034E+11,5994943049,622533047,481143999,3.20385E+11,4742840671,1.41727E+11,9012018323,88932051,74958146,111078712,92044987,3.19938E+11,10782643,1.41423E+11,6312194
371,22,veryfast,Neon1224,A,13.4567,3.48071E+12,1.94528E+12,3.43348E+11,12585120745,8573257385,705947397,9.48378E+11,18537404892,4.34341E+11,10079239427,2174292357,395850168,1541724073,299416248,9.47471E+11,99944087,4.33519E+11,31241283
372,22,veryfast,NocturneDance_3840x2160p_8bit,A,13.3742,3.71815E+12,2.13463E+12,3.63872E+11,14695856621,9024535542,746380283,1.00829E+12,19597763006,4.62509E+11,11029917519,2319880447,419331374,1570672099,303440244,1.00666E+12,152553978,4.6157E+11,41590276
373,22,veryfast,OldTownCross,A,7.1316,1.59726E+12,9.17256E+11,1.60587E+11,8830484564,2433941371,240859746,4.07507E+11,5195093806,1.77407E+11,3136691410,629615365,127545885,428875166,112656579,4.07159E+11,39409522,1.77148E+11,14244532
374,22,veryfast,PedestrianArea,A,6.3747,1.07818E+12,6.09765E+11,1.06119E+11,4671462953,2238535151,191825413,2.89206E+11,4808322685,1.30842E+11,2718016125,571092083,105086446,386352938,84200214,2.88932E+11,39023957,1.30585E+11,11104853
375,22,veryfast,PierSeaSide,A,13.2578,3.90669E+12,2.18251E+12,3.87965E+11,15469116480,8504792133,673492059,1.05484E+12,19187702313,4.80859E+11,10466089501,2182686491,385387996,1540993046,287787329,1.05448E+12,108560647,4.80197E+11,30402664
376,22,veryfast,RitualDance,A,6.3007,8.31012E+11,4.5973E+11,82331619026,3006291734,1972659418,159334149,2.26669E+11,4352927492,1.03099E+11,2335770261,475619841,88933396,367223526,69604127,2.26335E+11,25001851,1.02884E+11,8485456
377,22,veryfast,Riverbed,A,6.4294,1.23164E+12,7.05659E+11,1.20838E+11,5742735104,2302129960,198015788,3.26112E+11,5039501475,1.47086E+11,2991638326,577576336,108280831,409767045,92355763,3.25572E+11,33843859,1.46793E+11,11949678
378,22,veryfast,RushFieldCuts,A,7.0231,1.23175E+12,6.18739E+11,1.20324E+11,5927276247,605738221,477740337,3.22894E+11,4791882002,1.44146E+11,9081347044,91950648,76901481,109299797,92877493,3.22271E+11,11514320,1.43836E+11,6422986
379,22,veryfast,Skater227,A,6.3206,0,1593024,,,24751,15993,873314,43507,302263,8470,18110,9749,,,,,,
380,22,veryfast,Tango,A,14.0446,4.7577E+12,2.67605E+12,4.70291E+11,21004673820,9243827971,819707176,1.26896E+12,20912537525,5.7081E+11,11337412935,2369450996,452668972,1610689368,351912271,1.26763E+12,120248962,5.69839E+11,40117133
381,22,veryfast,TimeLapse,A,8.4907,3.98932E+12,2.25356E+12,3.9301E+11,16533846415,8542064623,793630293,1.07233E+12,19611802939,4.86182E+11,10513018707,2137969252,435024897,1533963779,318681150,1.07127E+12,108528982,4.8549E+11,32727967
382,22,veryfast,ToddlerFountain,A,7.1011,1.3399E+12,7.67082E+11,1.33324E+11,7016822981,2323254905,206906629,3.46134E+11,5016847854,1.53575E+11,2884487041,585556705,110530244,414980606,97584769,3.45706E+11,32639835,1.53288E+11,12015709
383,22,veryfast,TreesAndGrass_1920_1080,A,7.2048,1.48395E+12,8.47526E+11,1.47604E+11,7702844225,2355533789,219575232,3.7166E+11,5029994922,1.62132E+11,3053793717,581942362,115441502,417213671,101712494,3.71519E+11,36579626,1.61961E+11,13492016
384,22,veryfast,TunnelFlag,A,6.8743,1.12393E+12,6.4367E+11,1.11008E+11,5194630691,2222928716,191464757,2.97487E+11,4797234400,1.33747E+11,2853548378,562740417,101528485,403432420,87780714,2.97098E+11,36323950,1.33442E+11,12157203
385,22,veryfast,Vertical_Carnaby,A,6.4007,8.01496E+11,3.75791E+11,76968413484,2615627119,564984401,397088002,2.20054E+11,4282697908,99756375507,7873427654,80078961,65442761,84516426,68719635,2.19719E+11,7033554,99523562088,4838123
386,22,veryfast,Vertical_bees,A,6.3932,9.15562E+11,5.18694E+11,89708703125,3547908518,2082261687,176739055,2.47663E+11,4523816613,1.13081E+11,2626905800,491465761,95411308,376171646,78025250,2.47233E+11,27244678,1.12761E+11,9717937
387,22,veryfast,WalkingInStreet,A,7.2554,1.41879E+12,8.03566E+11,1.4108E+11,6978635715,2404380854,220944803,3.52067E+11,4758941393,1.51808E+11,2969620612,621403958,114393851,441151971,107798683,3.51379E+11,40966427,1.5142E+11,17023680
388,22,veryfast,WorldCup_1920x1080_30p,A,6.3279,8.07493E+11,4.52334E+11,79053258933,2852142648,2036293880,161030472,2.20311E+11,4352575731,1.00377E+11,2476847735,484576822,89905366,376009655,68759381,2.20089E+11,27557800,1.00229E+11,8720252
389,22,veryfast,WorldCup_far_1920x1080_30p,A,7.0555,1.0837E+12,6.24543E+11,1.06509E+11,4991376152,2145490632,182933633,2.86303E+11,4738590250,1.28957E+11,2793172311,536357472,98368118,397398300,85695928,2.85788E+11,33706081,1.28685E+11,11189194
390,27,veryfast,Aerial3200,A,6.3714,1.1585E+12,6.54988E+11,1.13768E+11,5284306983,2220953240,192930561,3.01957E+11,4921300664,1.34606E+11,2819538998,556117802,110819356,395326938,84239169,3.01477E+11,30619383,1.34331E+11,9890716
391,27,veryfast,Boat,A,6.8668,1.17944E+12,6.74826E+11,1.16612E+11,5687909818,2278989657,192542027,3.08985E+11,4894467410,1.38458E+11,2806263479,583432970,102393834,414372145,87752088,3.08868E+11,31889937,1.38324E+11,11672408
392,27,veryfast,BoxingPractice,A,13.0487,3.36384E+12,1.84846E+12,3.33531E+11,11533984996,8291100694,614913486,9.24409E+11,18978479571,4.24177E+11,9771699870,2094150436,359862812,1504743127,254509103,9.23771E+11,97111762,4.23607E+11,26321124
393,27,veryfast,Crosswalk,A,12.9287,3.24753E+12,1.48325E+12,3.2189E+11,9649429229,1782698030,1416620883,9.02415E+11,18541554796,4.11745E+11,29965431440,306849934,256629440,289562181,240182343,9.00974E+11,22351586,4.10729E+11,13364415
394,27,veryfast,CrowdRun,A,7.0286,1.32765E+12,7.57811E+11,1.32348E+11,6782768364,2386116155,208611779,3.44836E+11,5091847133,1.5361E+11,2917459217,600929569,110789482,412632839,95357922,3.44406E+11,38162810,1.53279E+11,12282298
395,27,veryfast,DinnerSceneCropped,A,6.3581,1.03887E+12,5.81167E+11,1.02837E+11,4082420150,2289187950,180112847,2.81984E+11,4886260457,1.28712E+11,2819424912,566939940,98276680,398766273,80626011,2.81712E+11,32403458,1.28473E+11,9804791
396,27,veryfast,FoodMarket,A,13.2135,1.00607E+12,5.69237E+11,99667993822,4130195626,2292900926,183644011,2.72832E+11,4823589589,1.24847E+11,2779559409,569350905,101308395,406241640,81798232,2.72439E+11,35113303,1.2458E+11,10428477
397,27,veryfast,FoodMarket2,A,6.3553,3.60067E+12,2.01691E+12,3.53484E+11,13069309798,8922494308,635819100,9.86081E+11,19778533041,4.5437E+11,10842716889,2182692811,364034994,1588449358,274552752,9.85453E+11,104887393,4.53709E+11,27217142
398,27,veryfast,MeridianTalk_sdr,A,6.3492,9.90668E+11,5.54847E+11,82818473422,2870959237,1780657451,159493884,2.72885E+11,4154012403,1.17246E+11,10415624551,621012041,92559759,498741919,89270806,2.72334E+11,23212829,1.16937E+11,9730782
399,27,veryfast,Motorcycle,A,7.0063,1.07199E+12,6.19037E+11,1.05873E+11,4846073569,2111580811,202084098,2.81485E+11,4725259255,1.26143E+11,2672257689,516862437,108890944,390093738,88905570,2.81248E+11,37103145,1.26024E+11,14157269
400,27,veryfast,MountainBike,A,7.0351,1.10116E+12,5.45866E+11,1.07454E+11,4963581310,570420658,445937166,2.90109E+11,4648646927,1.29345E+11,8659096768,83389464,70369955,101330955,85949279,2.89747E+11,10751872,1.29028E+11,5830406
401,27,veryfast,Neon1224,A,12.9711,3.09708E+12,1.69815E+12,3.04974E+11,9708310443,8194059716,589567300,8.50758E+11,17859179129,3.89008E+11,9484774663,2001923091,343794204,1475538166,248961704,8.50182E+11,87850766,3.88454E+11,24517035
402,27,veryfast,NocturneDance_3840x2160p_8bit,A,13.2943,3.9772E+12,2.26166E+12,3.24747E+11,11811491230,7318636199,437201029,1.09443E+12,18007468632,4.69156E+11,45761796850,2534440201,284697825,1961745023,217816649,1.0936E+12,84636040,4.68384E+11,35372542
403,27,veryfast,OldTownCross,A,7.1214,1.24802E+12,7.0839E+11,1.23605E+11,5815530943,2377036607,208326259,3.30541E+11,5064807764,1.48335E+11,2960326880,596493696,113000221,412643995,94790923,3.29911E+11,37806503,1.48015E+11,12340179
404,27,veryfast,PedestrianArea,A,6.3449,8.48312E+11,4.78815E+11,83748267166,3043775815,2509746482,190168184,2.3292E+11,4721262841,1.0678E+11,2687560849,622236576,102939629,423691752,82150224,2.32311E+11,35406905,1.0638E+11,13400897
405,27,veryfast,PierSeaSide,A,13.27,3.24078E+12,1.48744E+12,3.15887E+11,10006512850,1724228566,1357529727,8.9157E+11,17436144246,4.03572E+11,28704349678,289724242,245203761,284735648,232332163,8.90155E+11,23776562,4.02557E+11,13914402
406,27,veryfast,RitualDance,A,6.3314,7.37743E+11,3.36176E+11,71735508285,2174188057,430932423,332016046,2.03687E+11,4016156578,91548924395,6914455449,69837827,58106906,73334651,57799385,2.03242E+11,7200961,91278111160,4113623
407,27,veryfast,Riverbed,A,6.4041,1.00326E+12,4.83315E+11,97101344051,3875073531,532454675,417754815,2.73154E+11,4723521226,1.24604E+11,8785603851,85266346,69705450,90529057,75156162,2.72527E+11,9214418,1.24225E+11,5194945
408,27,veryfast,RushFieldCuts,A,7.0206,1.08404E+12,6.1589E+11,1.06849E+11,4811239543,2259395180,174632331,2.88992E+11,4842328139,1.31243E+11,2766401025,568734065,91559362,402827757,79149498,2.88552E+11,34630788,1.30941E+11,10812715
409,27,veryfast,Skater227,A,6.3504,3602392,2463382,,,28449,6798,805005,41687,297451,23622,5150,,,,,,,
410,27,veryfast,Tango,A,13.3681,3.58909E+12,1.98027E+12,3.58702E+11,12693892228,8621421467,718315010,9.87739E+11,19859775300,4.55172E+11,10116031918,2192371818,406364885,1531069074,290923990,9.8646E+11,110712945,4.54316E+11,30497752
411,27,veryfast,TimeLapse,A,13.0925,3.37626E+12,1.57899E+12,3.27275E+11,11376134342,1781235490,1347116187,9.2505E+11,18320737326,4.18413E+11,30763664391,295722691,239195308,299833042,231625954,9.23625E+11,24411061,4.17316E+11,13938807
412,27,veryfast,ToddlerFountain,A,7.0285,1.13004E+12,6.42074E+11,1.12223E+11,5311081809,2373008177,191446157,2.99071E+11,4890063457,1.34487E+11,2770103983,613724325,102382870,402080153,89613748,2.98405E+11,32102579,1.34135E+11,11566220
413,27,veryfast,TreesAndGrass_1920_1080,A,7.1124,1.6089E+12,9.12407E+11,1.34118E+11,6882022589,1983280841,219061792,4.0763E+11,4661612046,1.69564E+11,12880982916,690857566,120664096,529480003,131161887,4.07164E+11,31778305,1.69232E+11,13413917
414,27,veryfast,TunnelFlag,A,6.3523,9.47897E+11,5.38858E+11,93282824312,3841456110,2292026632,175373845,2.56071E+11,4678235122,1.16354E+11,2781190818,579329383,95109176,414522667,80469973,2.5536E+11,32360532,1.15901E+11,11997742
415,27,veryfast,Vertical_Carnaby,A,6.3751,7.2467E+11,3.29864E+11,69495461606,2015762411,483612810,352619543,2.00363E+11,4127578974,90587289370,7269643932,75206949,60341290,72882548,57560405,2.00087E+11,6161255,90396525226,4075651
416,27,veryfast,Vertical_bees,A,6.4061,8.21908E+11,4.58922E+11,80457896969,2834978396,2131687528,163799644,2.24714E+11,4397183058,1.02762E+11,2518266489,517205726,90730426,382732794,75799115,2.2429E+11,25838145,1.02509E+11,9539117
417,27,veryfast,WalkingInStreet,A,7.2329,1.29007E+12,7.27455E+11,1.27904E+11,6078051137,2169127697,208733287,3.28546E+11,4718130159,1.44007E+11,2822728143,530397105,112902088,393810477,94579005,3.28215E+11,34801492,1.43815E+11,12247328
418,27,veryfast,WorldCup_1920x1080_30p,A,6.3472,7.25996E+11,3.96976E+11,71155438210,2228740681,1958269058,147711321,1.99801E+11,4260931166,90892737666,2269031163,466335061,84012743,364383889,63799348,1.99529E+11,23967112,90745840430,8074771
419,27,veryfast,WorldCup_far_1920x1080_30p,A,7.0531,9.56653E+11,5.5017E+11,93984082726,3997170741,2153414548,171063778,2.57128E+11,4638857315,1.16812E+11,2765491758,525045461,92370260,394591285,78213757,2.56869E+11,29599480,1.16682E+11,9625098
420,32,veryfast,Aerial3200,A,6.3725,1.01956E+12,5.74941E+11,99439125885,4124712515,2168156342,179785263,2.71155E+11,4780912587,1.22197E+11,2786779161,540386227,105383944,396205490,75721688,2.7092E+11,29791694,1.22032E+11,8238841
421,32,veryfast,Boat,A,6.3672,1.02319E+12,5.7659E+11,1.00977E+11,4388831264,2177967479,173521626,2.73822E+11,4669872197,1.24238E+11,2632623164,544105904,95203395,397605166,79575968,2.73458E+11,30717100,1.24016E+11,10211869
422,32,veryfast,BoxingPractice,A,13.0006,2.88169E+12,1.54405E+12,2.85447E+11,7991386740,8207016614,586387128,7.98058E+11,17062310929,3.64961E+11,8890853094,2098270616,332606885,1463405574,244525645,7.97525E+11,84304080,3.64328E+11,22949989
423,32,veryfast,Crosswalk,A,12.9114,2.84778E+12,1.49647E+12,2.85472E+11,7105485073,8127835185,559265404,7.92505E+11,16732880506,3.63536E+11,8656834327,2005935479,326278223,1469183554,235638282,7.91933E+11,78758451,3.63004E+11,22396531
424,32,veryfast,CrowdRun,A,7.072,1.10478E+12,6.26628E+11,1.09912E+11,5029986684,2233368822,189229241,2.94043E+11,4753871305,1.33025E+11,2716432248,542086494,102968667,393247083,84537755,2.93505E+11,31776990,1.32723E+11,11064113
425,32,veryfast,DinnerSceneCropped,A,6.2705,7.73752E+11,3.50125E+11,77219560601,2174314399,453905893,348239537,2.15122E+11,4125559817,97870207274,7081512896,79447138,64927243,75469143,62423130,2.14785E+11,7780938,97671833649,4143115
426,32,veryfast,FoodMarket,A,13.2082,8.26754E+11,4.56416E+11,82242768236,2794317114,2277993139,161847266,2.27704E+11,4416667318,1.04736E+11,2503146025,582669192,87733085,401218490,71509060,2.27309E+11,31139907,1.04423E+11,11578139
427,32,veryfast,FoodMarket2,A,6.3658,3.8708E+12,2.19551E+12,3.1775E+11,11031975668,7307222294,437231964,1.07144E+12,18187758415,4.61485E+11,45623376037,2505393554,290027008,1998133868,230809938,1.07055E+12,81944545,4.60938E+11,31179390
428,32,veryfast,MeridianTalk_sdr,A,6.3348,8.55727E+11,4.75779E+11,71622136840,2096139009,1757661074,153550954,2.38715E+11,3960199230,1.02752E+11,8939336827,580642114,90777152,489592035,87780300,2.38327E+11,25032541,1.02521E+11,9654195
429,32,veryfast,Motorcycle,A,7.0665,9.47718E+11,5.32043E+11,93441163462,3920444943,2162663307,165747451,2.52776E+11,4478328451,1.13839E+11,2541842849,516192224,91245158,393171336,76122802,2.52519E+11,27596186,1.1365E+11,9487770
430,32,veryfast,MountainBike,A,6.9826,9.70047E+11,4.70745E+11,94364987613,3972980921,522156894,407387566,2.59972E+11,4468318896,1.16507E+11,8249255869,79369574,66500983,88875138,74425919,2.59362E+11,9114672,1.16172E+11,5135991
431,32,veryfast,Neon1224,A,12.957,2.78319E+12,1.48838E+12,2.73283E+11,7400211003,7950383073,561762439,7.68767E+11,16668542162,3.49986E+11,8544555220,1956926400,327056938,1429832361,232734277,7.68355E+11,77742067,3.49571E+11,20914199
432,32,veryfast,NocturneDance_3840x2160p_8bit,A,13.2215,2.86157E+12,1.29129E+12,2.74085E+11,7629785812,1597177042,1274596591,7.90115E+11,17456117656,3.56363E+11,28868310955,285294523,245788649,264894840,217641344,7.89164E+11,19943333,3.55663E+11,12232535
433,32,veryfast,OldTownCross,A,6.3166,9.28367E+11,5.17217E+11,93119856984,3548403291,2200348422,169980326,2.5261E+11,4498379551,1.15384E+11,2587962780,559192607,93175769,386558837,74681428,2.52212E+11,30922642,1.15163E+11,9492744
434,32,veryfast,PedestrianArea,A,6.359,7.36825E+11,4.04195E+11,72571119541,2156417934,1956779124,157843757,2.03794E+11,4181981340,93192508841,2232593660,473520819,86984908,360318171,66234792,2.0349E+11,34916366,92986732398,9802394
435,32,veryfast,PierSeaSide,A,13.3017,2.85148E+12,1.5172E+12,2.80968E+11,7658999622,7799189102,557265180,7.8814E+11,16726391757,3.59302E+11,8499828021,1928453879,323394755,1446279207,234775476,7.87166E+11,87212208,3.58618E+11,22372855
436,32,veryfast,RitualDance,A,6.3146,6.74516E+11,2.99036E+11,65215079256,1683892582,421204226,315407137,1.87485E+11,3855097236,83951765963,6463481553,73175662,57750087,74933877,56698844,1.86851E+11,6572413,83681469509,3965705
437,32,veryfast,Riverbed,A,6.3958,8.62319E+11,4.78984E+11,84753710034,2953496513,2169260162,159065288,2.37268E+11,4549212760,1.09563E+11,2650852323,522554203,88571751,386718438,70827801,2.36874E+11,30110811,1.0933E+11,8786475
438,32,veryfast,RushFieldCuts,A,7.0422,9.30497E+11,5.25827E+11,91418993079,3659335300,2353989063,182796926,2.51744E+11,4630358410,1.1494E+11,2685060643,575217544,97930347,418301528,83067588,2.514E+11,34413210,1.14707E+11,13342599
439,32,veryfast,Skater227,A,6.3241,1024231,2775707,,,28859,13650,806506,43020,302263,7945,17320,4097,,,,,,
440,32,veryfast,Tango,A,13.2135,2.99323E+12,1.59503E+12,3.00799E+11,8450341245,8088699546,627215476,8.31695E+11,17549973989,3.828E+11,8958658101,1990698629,361968069,1453628904,250841167,8.30529E+11,101238972,3.82035E+11,23646261
441,32,veryfast,TimeLapse,A,13.1057,2.9743E+12,1.61321E+12,2.91952E+11,8870158972,8261970359,592913520,8.20108E+11,17552621098,3.74528E+11,9172402155,2073927242,349631182,1485262664,248489637,8.19101E+11,108398246,3.73823E+11,23332891
442,32,veryfast,ToddlerFountain,A,6.6525,9.56622E+11,5.3259E+11,94661822738,3835178686,2176168169,168163977,2.58162E+11,4591813002,1.1728E+11,2581189331,538334563,90657238,396548707,77767110,2.57853E+11,30243819,1.1708E+11,9564398
443,32,veryfast,TreesAndGrass_1920_1080,A,7.0828,1.17389E+12,5.85264E+11,1.15392E+11,5564787419,594946490,459562085,3.0734E+11,4616789314,1.35975E+11,8635896445,88791604,74796929,104374097,86288267,3.06846E+11,10115245,1.35685E+11,5973148
444,32,veryfast,TunnelFlag,A,6.3698,9.94752E+11,5.68115E+11,81733654641,3070315970,1890774984,169846575,2.71127E+11,4268115065,1.15788E+11,10769491575,615849932,99472748,516779428,100683993,2.70591E+11,25822682,1.1557E+11,10595592
445,32,veryfast,Vertical_Carnaby,A,6.3654,6.66067E+11,3.60367E+11,64882696203,1704651565,2193121161,147316774,1.84879E+11,4068529545,84179068368,2247160154,546549224,80535805,380953673,67059796,1.84232E+11,23562341,83821088343,9677539
446,32,veryfast,Vertical_bees,A,6.4079,7.46787E+11,4.11042E+11,73011430561,2286743693,2044326308,144442614,2.05549E+11,4206009375,93791628447,2460445298,481295771,79631133,373156277,66824261,2.05019E+11,26654127,93588468409,8564647
447,32,veryfast,WalkingInStreet,A,7.1539,1.12304E+12,6.32847E+11,1.10617E+11,4792805165,2124742377,188703259,2.93838E+11,4548629114,1.30935E+11,2774994798,518765345,102998101,395113204,87632887,2.93352E+11,29570755,1.30701E+11,10554660
448,32,veryfast,WorldCup_1920x1080_30p,A,6.3585,8.10382E+11,4.58226E+11,66621839627,2060701657,1748703402,152010255,2.25509E+11,3924799303,96220631216,9043161695,569428487,91511637,483053074,84619334,2.25191E+11,21906772,96058438559,8968145
449,32,veryfast,WorldCup_far_1920x1080_30p,A,6.3898,1.0344E+12,5.90767E+11,84816980821,3324097914,1831188727,163718128,2.80842E+11,4331477831,1.20017E+11,11326444188,624667389,92125078,513075734,93711270,2.80659E+11,26084496,1.19899E+11,10441703
450,37,veryfast,Aerial3200,A,6.3831,9.06707E+11,5.10729E+11,88212140455,3222062618,2134905535,170626658,2.44608E+11,4768823517,1.10901E+11,2769411092,531515856,99272485,379110677,69544550,2.44556E+11,24761163,1.10808E+11,7798815
451,37,veryfast,Boat,A,6.3417,8.96738E+11,4.98158E+11,88440065545,3396446133,2113681024,159975481,2.43934E+11,4570850934,1.11498E+11,2497530535,521105239,88111136,389095530,71885707,2.43392E+11,26087986,1.1119E+11,8930114
452,37,veryfast,BoxingPractice,A,13.0209,2.64623E+12,1.38574E+12,2.60748E+11,6263722825,7834413109,536941616,7.35722E+11,16472458456,3.34648E+11,8233694810,1932335598,320586904,1440938164,222163332,7.34428E+11,87846410,3.33888E+11,20975229
453,37,veryfast,Crosswalk,A,12.9536,2.63872E+12,1.36891E+12,2.62277E+11,5611102703,7700227372,542808549,7.34832E+11,16072128795,3.34795E+11,7777092017,1903024571,316238645,1393237958,217011230,7.34517E+11,122525870,3.34364E+11,29451001
454,37,veryfast,CrowdRun,A,6.3421,9.40291E+11,5.273E+11,93175230950,3714240894,2219822867,171666311,2.54869E+11,4614824564,1.16318E+11,2607116451,551758355,93662725,396784184,77725569,2.54356E+11,36766437,1.15998E+11,9167078
455,37,veryfast,DinnerSceneCropped,A,6.3238,6.59011E+11,2.80454E+11,65086212910,1249951948,454736418,312418807,1.84257E+11,3778862697,83056039078,5832236528,82482122,59701486,76933777,57340683,1.83795E+11,6845703,82695882243,4302806
456,37,veryfast,FoodMarket,A,13.2051,7.37114E+11,3.94866E+11,73083641433,2063443101,2005082872,142270691,2.039E+11,4172914471,93448505487,2240008016,480196838,77918697,365161982,62786259,2.03781E+11,24590058,93318794776,7682614
457,37,veryfast,FoodMarket2,A,6.3796,2.89372E+12,1.56005E+12,2.83681E+11,8081016936,8339409679,574925149,8.01432E+11,17842726876,3.67219E+11,9207721192,2097043293,334740620,1506494633,241102149,8.00404E+11,90729653,3.66492E+11,23049105
458,37,veryfast,MeridianTalk_sdr,A,6.3354,6.49905E+11,3.42107E+11,64312840752,1413056897,1904485558,139517280,1.80656E+11,3869827181,82116716293,2029629525,461119101,79395713,344009286,58404953,1.80637E+11,23529015,82079331132,7397652
459,37,veryfast,Motorcycle,A,6.3269,8.43668E+11,4.69981E+11,83064938885,3089282868,2119085561,161120090,2.28244E+11,4387694975,1.0329E+11,2540122572,504499077,89529716,377295148,71585477,2.28134E+11,28488340,1.03164E+11,8962654
460,37,veryfast,MountainBike,A,6.3469,8.60007E+11,4.0719E+11,83436504070,3082318275,508526932,384836181,2.33694E+11,4373214565,1.05193E+11,7834477397,80067786,64044913,88706028,69860095,2.33503E+11,8219511,1.04967E+11,4796375
461,37,veryfast,Neon1224,A,13.1415,2.55227E+12,1.34392E+12,2.49845E+11,5794759745,7823215684,543012423,7.0774E+11,16203117504,3.20395E+11,8145845395,1958926696,322216360,1413224221,224041137,7.06665E+11,83480010,3.19805E+11,24462108
462,37,veryfast,NocturneDance_3840x2160p_8bit,A,13.1773,2.60371E+12,1.14008E+12,2.49104E+11,5796170065,1552877183,1200739139,7.2179E+11,16418256091,3.23362E+11,26111034850,274885426,229393750,252145797,200010897,7.20757E+11,18318691,3.22544E+11,11014444
463,37,veryfast,OldTownCross,A,6.3815,7.76985E+11,3.52407E+11,75996677271,2229088033,468275079,345174550,2.14493E+11,4095158585,97030087851,6929605856,77691897,61260728,80884857,63135327,2.13771E+11,8174375,96625704386,4821376
464,37,veryfast,PedestrianArea,A,6.3598,6.77197E+11,3.59477E+11,66667303666,1693284785,1900845163,143108148,1.8808E+11,4035307342,85627255399,2109688411,456731471,80668744,350660077,60651966,1.8779E+11,28751636,85477233660,7771722
465,37,veryfast,PierSeaSide,A,13.1386,2.59436E+12,1.34539E+12,2.54638E+11,5860621919,7676804171,533975366,7.18752E+11,16268103568,3.25799E+11,7894864321,1876270533,313895842,1414108354,220949702,7.18156E+11,79482896,3.25247E+11,23642062
466,37,veryfast,RitualDance,A,6.3482,6.26647E+11,2.717E+11,60502527559,1344545638,423627611,307220644,1.74708E+11,3726219353,77890741719,6022862304,69859238,57745080,67030966,51357305,1.74263E+11,5661099,77680141013,3552605
467,37,veryfast,Riverbed,A,6.362,7.72773E+11,3.54239E+11,74857050444,2251082059,509444640,358934783,2.14428E+11,4374479186,97632241090,7760076959,90169783,65923757,87246175,66213321,2.13807E+11,7346311,97259379960,4809740
468,37,veryfast,RushFieldCuts,A,6.3248,8.1386E+11,3.80054E+11,78640745145,2673012302,469853416,362645171,2.23035E+11,4296505249,1.00899E+11,7676406115,74267178,61015696,79357493,64642101,2.22685E+11,8073767,1.00653E+11,4414808
469,37,veryfast,Skater227,A,6.2943,691294,2213051,,,28515,4904,806471,43198,302263,7537,17195,2671,,,,,,
470,37,veryfast,Tango,A,13.1884,2.72728E+12,1.42266E+12,2.71556E+11,6281618088,8041648339,543034726,7.58673E+11,16573186396,3.46594E+11,8309837848,2017127316,321688846,1459091111,228505159,7.57985E+11,82432784,3.46046E+11,21002586
471,37,veryfast,TimeLapse,A,13.1057,2.70987E+12,1.43257E+12,2.6574E+11,6900112647,7906386881,536345227,7.50515E+11,16994223988,3.41376E+11,8407849739,1947509064,314462082,1441523239,223873732,7.49775E+11,87022985,3.40893E+11,20994216
472,37,veryfast,ToddlerFountain,A,6.3507,8.1737E+11,4.4396E+11,80680880130,2719649531,2096549742,149328038,2.23583E+11,4422620881,1.01994E+11,2396489349,497678527,83168594,382948115,66087494,2.23614E+11,25621170,1.01974E+11,8088458
473,37,veryfast,TreesAndGrass_1920_1080,A,6.3948,1.03368E+12,5.80627E+11,1.02655E+11,4467215767,2212820528,176282949,2.75975E+11,4733352642,1.24549E+11,2675802484,539889455,95118078,392548514,79876011,2.75629E+11,31877642,1.24384E+11,10699410
474,37,veryfast,TunnelFlag,A,6.3631,8.83914E+11,4.95127E+11,73100892391,2379979696,1682284539,128933473,2.44029E+11,3980645915,1.04528E+11,9586512535,566374074,76305085,494074921,74203274,2.43815E+11,22298865,1.0434E+11,8812062
475,37,veryfast,Vertical_Carnaby,A,6.4461,6.26181E+11,3.2951E+11,61154206914,1409355388,1892575147,137979676,1.73966E+11,3891691260,78805276934,2016061736,426300570,76664702,344824543,57799811,1.73729E+11,23872190,78653531062,7280097
476,37,veryfast,Vertical_bees,A,6.3596,6.90552E+11,3.74113E+11,67555746802,1869979913,1957198653,135397422,1.90927E+11,4095703352,86845716177,2276337790,439045479,74809997,364011549,59361224,1.90676E+11,22445275,86742659956,7385712
477,37,veryfast,WalkingInStreet,A,6.4568,9.72485E+11,4.5893E+11,94214630959,3596127528,521348182,401028733,2.6056E+11,4350344618,1.16448E+11,8389591025,77669527,64780051,88075775,72114787,2.59901E+11,8666821,1.16097E+11,5154973
478,37,veryfast,WorldCup_1920x1080_30p,A,6.2898,6.24492E+11,3.27766E+11,61182211083,1462751260,1907135307,138669207,1.73356E+11,3851365144,78284304820,2010215424,438904106,78081596,347993715,56906405,1.7317E+11,21843631,78110713195,7027900
479,37,veryfast,WorldCup_far_1920x1080_30p,A,6.313,7.62622E+11,3.54449E+11,73542452594,2385695463,507301789,368050028,2.10287E+11,4217256343,94890997379,7548510565,76846263,63302257,77394431,62915670,2.09711E+11,8263592,94587295738,4678268
480,22,fast,Aerial3200,B,7.1671,1030916,2128784,,,21814,250,781667,37771,282584,3764,14320,65,,,,,,
481,22,fast,Boat,B,7.1358,818373,1530922,,,22408,9065,781658,38037,282585,4977,15396,7001,,,,,,
482,22,fast,BoxingPractice,B,13.6248,1098274,2835897,,,21190,15285,781088,36699,281386,13676,4017,1432,,,,,,
483,22,fast,Crosswalk,B,13.055,903988,1358641,,,19687,12194,781688,38145,282585,4657,14954,7933,,,,,,
484,22,fast,CrowdRun,B,7.2255,4440653,2199425,,,19471,37,795432,38258,282933,8285,14869,,,,,,,
485,22,fast,DinnerSceneCropped,B,6.3792,540002,1873424,,,24163,7868,781668,38077,282584,4616,15016,5811,,,,,,
486,22,fast,FoodMarket,B,13.9507,0,2525668,,,21390,88,781085,36281,281385,13179,3874,22,,,,,,
487,22,fast,FoodMarket2,B,6.8418,566902,2295212,,,24630,11998,781667,38015,282585,5046,15109,6008,,,,,,
488,22,fast,MeridianTalk_sdr,B,6.3813,4184157,2677124,,,20347,6789,796594,38656,282933,8537,15737,,,,,,,
489,22,fast,Motorcycle,B,7.0665,1417300,3187685,,,21691,15405,781087,36731,281385,14166,4035,108,,,,,,
490,22,fast,MountainBike,B,7.0957,2780459,2572629,,,23587,9103,781659,38247,282584,5255,16167,,,,,,,
491,22,fast,Neon1224,B,13.4567,0,2525224,,,21743,13888,781086,37039,281386,13312,4111,1637,,,,,,
492,22,fast,NocturneDance_3840x2160p_8bit,B,13.3742,957139,2885305,,,21930,15598,781085,36459,281385,13726,3927,116,,,,,,
493,22,fast,OldTownCross,B,7.1316,1039408,3193683,,,21739,13594,781086,36815,281385,14285,4073,381,,,,,,
494,22,fast,PedestrianArea,B,6.3747,1924205,2951201,,,22855,10502,781635,38109,282585,5980,15463,,,,,,,
495,22,fast,PierSeaSide,B,13.2578,0,1144672,,,19520,12192,781676,38064,282585,4579,15170,8386,,,,,,
496,22,fast,RitualDance,B,6.3007,4261154,2050662,,,20805,770,781085,36367,281385,13609,3818,,,,,,,
497,22,fast,Riverbed,B,6.4294,23,1274729,,,20554,11874,781663,38261,282584,4612,15203,8330,,,,,,
498,22,fast,RushFieldCuts,B,7.0231,1023925,2897253,,,21515,13598,781087,36454,281386,13461,3912,67,,,,,,
499,22,fast,Skater227,B,6.3206,2072832,2953790,,,20817,9445,797393,38631,282930,8376,16297,,,,,,,
500,22,fast,Tango,B,14.0446,821132,3448846,,,21346,9604,796435,38724,282934,8604,16672,2138,,,,,,
501,22,fast,TimeLapse,B,8.4907,588991,1775877,,,23249,11438,781672,37751,282585,4418,15081,7005,,,,,,
502,22,fast,ToddlerFountain,B,7.1011,537467,3217234,,,22402,10962,781674,38308,282585,5657,14865,1345,,,,,,
503,22,fast,TreesAndGrass_1920_1080,B,7.2048,581072,2008810,,,23015,10906,781659,38102,282584,4512,14845,6394,,,,,,
504,22,fast,TunnelFlag,B,6.8743,964196,1460111,,,21749,11843,781696,37976,282584,4462,15418,7744,,,,,,
505,22,fast,Vertical_Carnaby,B,6.4007,566488,2963499,,,23037,11362,781664,37915,282584,5468,15416,919,,,,,,
506,22,fast,Vertical_bees,B,6.3932,580982,2280016,,,23941,11275,781656,38031,282585,5144,15278,6199,,,,,,
507,22,fast,WalkingInStreet,B,7.2554,1099418,3000366,,,22052,11415,781687,38227,282584,6191,14702,0,,,,,,
508,22,fast,WorldCup_1920x1080_30p,B,6.3279,1059916,3084590,,,21597,16264,781116,36937,281385,13095,3883,1800,,,,,,
509,22,fast,WorldCup_far_1920x1080_30p,B,7.0555,38041,2642244,,,20450,4244,781085,36448,281386,12842,3824,174,,,,,,
510,27,fast,Aerial3200,B,6.3714,1072656,1370390,,,22019,13113,781666,38085,282584,5130,15469,8203,,,,,,
511,27,fast,Boat,B,6.8668,648206,2092242,,,24445,81,781677,37972,282585,4714,14876,56,,,,,,
512,27,fast,BoxingPractice,B,13.0487,919909,3055382,,,22315,11266,781646,38161,282585,6452,14794,229,,,,,,
513,27,fast,Crosswalk,B,12.9287,577037,2167158,,,23239,11527,781648,38099,282585,4707,15403,6446,,,,,,
514,27,fast,CrowdRun,B,7.0286,1012182,2799197,,,22883,11286,781663,38230,282584,5602,15332,226,,,,,,
515,27,fast,DinnerSceneCropped,B,6.3581,903247,2270829,,,24399,10014,781674,38236,282584,4504,15182,5534,,,,,,
516,27,fast,FoodMarket,B,13.2135,715308,2241319,,,20473,6414,781085,36030,281385,13396,4053,,,,,,,
517,27,fast,FoodMarket2,B,6.3553,909528,2280173,,,23590,11072,781673,38091,282585,4553,15088,5336,,,,,,
518,27,fast,MeridianTalk_sdr,B,6.3492,521657,2006445,,,23696,11285,781655,38005,282585,4325,14944,6054,,,,,,
519,27,fast,Motorcycle,B,7.0063,1033571,1402957,,,21200,12257,781673,38049,282584,4609,15190,7971,,,,,,
520,27,fast,MountainBike,B,7.0351,878593,1201602,,,20306,12250,787895,38007,282584,4790,15226,8610,,,,,,
521,27,fast,Neon1224,B,12.9711,1854764,3016438,,,22682,11272,781661,38082,282585,6205,15213,0,,,,,,
522,27,fast,NocturneDance_3840x2160p_8bit,B,13.2943,517955,2652863,,,22900,14774,781094,38205,281385,14912,4620,1665,,,,,,
523,27,fast,OldTownCross,B,7.1214,1021600,3130358,,,22133,15538,781085,36532,281385,14110,3906,1703,,,,,,
524,27,fast,PedestrianArea,B,6.3449,2099586,2700407,,,23257,11441,781657,38091,282585,6519,15607,,,,,,,
525,27,fast,PierSeaSide,B,13.27,1075499,2332250,,,24298,9001,781677,38195,282585,4421,15632,4517,,,,,,
526,27,fast,RitualDance,B,6.3314,6329,2953479,,,22437,11349,781661,38170,282584,5841,15050,2780,,,,,,
527,27,fast,Riverbed,B,6.4041,1041659,2353823,,,21224,1021,781083,36641,281385,13244,3879,0,,,,,,
528,27,fast,RushFieldCuts,B,7.0206,1040592,1382881,,,22113,12006,781661,37841,282585,4399,15441,7890,,,,,,
529,27,fast,Skater227,B,6.3504,671750,2268530,,,23809,10419,781667,37942,282581,4444,14792,5220,,,,,,
530,27,fast,Tango,B,13.3681,927936,2822283,,,22100,15793,781086,36709,281385,13744,4273,1518,,,,,,
531,27,fast,TimeLapse,B,13.0925,1481926,3261375,,,22928,12276,781644,38077,282585,6478,15657,0,,,,,,
532,27,fast,ToddlerFountain,B,7.0285,1039208,2426186,,,24620,11320,781678,38075,282585,4585,15271,5139,,,,,,
533,27,fast,TreesAndGrass_1920_1080,B,7.1124,0,1211567,,,20397,12459,781667,38001,282584,4632,15620,8571,,,,,,
534,27,fast,TunnelFlag,B,6.3523,2278017,3200942,,,20334,7599,796373,38492,282933,8550,15863,,,,,,,
535,27,fast,Vertical_Carnaby,B,6.3751,889334,3184673,,,21532,12633,781086,36388,281385,13282,3935,318,,,,,,
536,27,fast,Vertical_bees,B,6.4061,2698722,2993557,,,23128,11619,781642,38092,282585,6260,15727,,,,,,,
537,27,fast,WalkingInStreet,B,7.2329,3262392,2672015,,,23293,11511,781650,38086,282584,5936,15842,,,,,,,
538,27,fast,WorldCup_1920x1080_30p,B,6.3472,938690,3145987,,,21264,15914,781117,36617,281385,13078,3973,1985,,,,,,
539,27,fast,WorldCup_far_1920x1080_30p,B,7.0531,592991,2264431,,,23770,11986,781669,38111,282585,4752,15618,6605,,,,,,
540,32,fast,Aerial3200,B,6.3725,880644,1385003,,,23608,38,781667,37885,282584,4646,14871,29,,,,,,
541,32,fast,Boat,B,6.3672,596103,1220516,,,20914,12066,781696,38109,282585,5155,15263,8384,,,,,,
542,32,fast,BoxingPractice,B,13.0006,59720,2947899,,,23422,11501,781680,38340,282585,6176,15963,4759,,,,,,
543,32,fast,Crosswalk,B,12.9114,787735,3259532,,,22799,11152,781656,37870,282585,5843,15265,958,,,,,,
544,32,fast,CrowdRun,B,7.072,1033252,2275840,,,25318,8645,781662,38044,282584,4143,15494,4384,,,,,,
545,32,fast,DinnerSceneCropped,B,6.2705,476689,2068753,,,23817,11855,781652,38077,282584,4784,15413,6016,,,,,,
546,32,fast,FoodMarket,B,13.2082,2277629,2493518,,,20569,11384,781086,36817,281385,13526,3800,0,,,,,,
547,32,fast,FoodMarket2,B,6.3658,514637,3247976,,,23170,11210,781668,38419,282585,6150,15506,2490,,,,,,
548,32,fast,MeridianTalk_sdr,B,6.3348,2576262,2422331,,,21473,11460,781086,36307,281386,13695,4199,,,,,,,
549,32,fast,Motorcycle,B,7.0665,349,2836616,,,21603,7221,781657,37634,282584,4878,14197,955,,,,,,
550,32,fast,MountainBike,B,6.9826,459595,2985106,,,22487,12424,781680,38043,282584,6124,15158,1279,,,,,,
551,32,fast,Neon1224,B,12.957,1070734,1307917,,,20241,12283,781679,37958,282585,4671,15319,8428,,,,,,
552,32,fast,NocturneDance_3840x2160p_8bit,B,13.2215,607496,3219697,,,21749,15737,781086,36195,281385,13504,3872,345,,,,,,
553,32,fast,OldTownCross,B,6.3166,791870,2830660,,,21770,1225,781085,36771,281385,13591,4061,223,,,,,,
554,32,fast,PedestrianArea,B,6.359,833443,2489103,,,21934,1472,781638,37530,282585,4890,14576,186,,,,,,
555,32,fast,PierSeaSide,B,13.3017,510130,4138573,,,21817,9536,798941,38709,282934,8674,17173,2373,,,,,,
556,32,fast,RitualDance,B,6.3146,1787846,3192129,,,23591,12486,781647,38067,282584,6471,16100,0,,,,,,
557,32,fast,Riverbed,B,6.3958,525412,3040979,,,22288,11111,781649,38090,282584,5811,14731,774,,,,,,
558,32,fast,RushFieldCuts,B,7.0422,3048882,2382343,,,20904,11382,781085,36412,281386,13303,3791,,,,,,,
559,32,fast,Skater227,B,6.3241,1553406,2811026,,,20242,7825,796978,38720,282930,8679,15577,,,,,,,
560,32,fast,Tango,B,13.2135,1921817,2795288,,,20152,7341,797088,38410,282934,8336,15476,0,,,,,,
561,32,fast,TimeLapse,B,13.1057,548003,3517628,,,23044,11122,781646,38013,282585,6411,15323,870,,,,,,
562,32,fast,ToddlerFountain,B,6.6525,0,1208249,,,19295,12664,781681,37998,282585,4670,15350,8658,,,,,,
563,32,fast,TreesAndGrass_1920_1080,B,7.0828,3852305,2882684,,,20295,9027,796315,38654,282933,8558,15837,,,,,,,
564,32,fast,TunnelFlag,B,6.3698,6179,3477863,,,20911,7542,796086,38662,282933,8536,16151,3600,,,,,,
565,32,fast,Vertical_Carnaby,B,6.3654,795207,2237155,,,24358,11106,781666,38122,282584,4438,15466,5298,,,,,,
566,32,fast,Vertical_bees,B,6.4079,1297066,3127375,,,22850,11034,781642,38192,282585,6013,15406,0,,,,,,
567,32,fast,WalkingInStreet,B,7.1539,3411036,2672770,,,23368,11565,781652,37930,282584,5760,15911,,,,,,,
568,32,fast,WorldCup_1920x1080_30p,B,6.3585,2638703,2971974,,,23017,11349,781655,37693,282584,6036,15707,,,,,,,
569,32,fast,WorldCup_far_1920x1080_30p,B,6.3898,577814,2841888,,,22294,11161,781644,37864,282585,5419,14923,942,,,,,,
570,37,fast,Aerial3200,B,6.3831,627090,1770337,,,23321,2111,781671,37945,282584,4687,15109,1551,,,,,,
571,37,fast,Boat,B,6.3417,0,1086468,,,19301,6747,781671,38311,282585,5107,15208,6519,,,,,,
572,37,fast,BoxingPractice,B,13.0209,6688,3034600,,,23064,11366,781674,38221,282585,6125,15677,4729,,,,,,
573,37,fast,Crosswalk,B,12.9536,767284,2255325,,,23914,8167,781678,38053,282585,4099,14882,4710,,,,,,
574,37,fast,CrowdRun,B,6.3421,1056510,2237550,,,25540,8049,781655,38004,282584,3927,15837,3428,,,,,,
575,37,fast,DinnerSceneCropped,B,6.3238,2282179,2588480,,,22771,8258,781648,37991,282584,5382,15306,,,,,,,
576,37,fast,FoodMarket,B,13.2051,904582,2985772,,,21536,11322,781086,36321,281385,13642,3981,458,,,,,,
577,37,fast,FoodMarket2,B,6.3796,890468,1553362,,,21665,12231,781692,37922,282585,4540,15282,7396,,,,,,
578,37,fast,MeridianTalk_sdr,B,6.3354,643648,2032672,,,24518,276,781673,37774,282585,3765,14569,71,,,,,,
579,37,fast,Motorcycle,B,6.3269,728464,2747241,,,22120,6170,781663,38056,282584,5544,14676,864,,,,,,
580,37,fast,MountainBike,B,6.3469,885170,1671611,,,19843,12226,781670,38399,282584,4763,17282,7591,,,,,,
581,37,fast,Neon1224,B,13.1415,1053244,1393900,,,22284,12143,781674,38009,282585,4495,16041,8036,,,,,,
582,37,fast,NocturneDance_3840x2160p_8bit,B,13.1773,2016155,2708309,,,19740,6809,794995,38754,282933,8369,15179,,,,,,,
583,37,fast,OldTownCross,B,6.3815,1039319,3013520,,,23097,11341,781656,38227,282584,5875,15701,3273,,,,,,
584,37,fast,PedestrianArea,B,6.3598,1033474,2772217,,,22518,8417,781662,38077,282585,5282,15083,0,,,,,,
585,37,fast,PierSeaSide,B,13.1386,613166,1781178,,,23276,11140,781671,37881,282585,4619,14914,6597,,,,,,
586,37,fast,RitualDance,B,6.3482,705348,2956266,,,22469,11135,781660,37810,282584,5737,15080,225,,,,,,
587,37,fast,Riverbed,B,6.362,526947,1386568,,,22671,8057,781663,38146,282584,4751,15237,8911,,,,,,
588,37,fast,RushFieldCuts,B,6.3248,3026036,2463749,,,21288,13180,781087,36715,281386,13814,3867,,,,,,,
589,37,fast,Skater227,B,6.2943,506627,1940640,,,23673,11352,781667,38009,282581,4467,15456,6265,,,,,,
590,37,fast,Tango,B,13.1884,597013,2148799,,,23769,11325,781660,37830,282584,4350,15013,5498,,,,,,
591,37,fast,TimeLapse,B,13.1057,2451455,3005055,,,23071,11624,781659,38203,282585,6330,15790,,,,,,,
592,37,fast,ToddlerFountain,B,6.3507,832012,2531370,,,26502,12765,781669,38348,282585,4688,15788,5914,,,,,,
593,37,fast,TreesAndGrass_1920_1080,B,6.3948,1650573,2929611,,,20574,9311,796491,38695,282933,8428,16098,,,,,,,
594,37,fast,TunnelFlag,B,6.3631,3715567,2761890,,,20544,7583,795750,38680,282933,8225,15978,,,,,,,
595,37,fast,Vertical_Carnaby,B,6.4461,1163302,3274247,,,22000,15585,781086,36640,281385,13910,3889,151,,,,,,
596,37,fast,Vertical_bees,B,6.3596,673640,1774874,,,22192,12210,781680,38075,282585,4803,15242,7850,,,,,,
597,37,fast,WalkingInStreet,B,6.4568,2885526,2658123,,,23108,11452,781660,38193,282584,5917,15687,,,,,,,
598,37,fast,WorldCup_1920x1080_30p,B,6.2898,929239,3127918,,,22959,12058,781652,38086,282584,6629,15368,402,,,,,,
599,37,fast,WorldCup_far_1920x1080_30p,B,6.313,997695,3059080,,,21660,16519,781086,36774,281386,13974,4074,2042,,,,,,
600,22,faster,Aerial3200,B,7.1671,535472,1848747,,,24037,58,781655,37740,282584,3711,14615,24,,,,,,
601,22,faster,Boat,B,7.1358,797988,1527790,,,24323,2903,781671,37772,282583,4525,15082,2366,,,,,,
602,22,faster,BoxingPractice,B,13.6248,0,3042799,,,22628,15818,781091,39450,281385,16301,4803,303,,,,,,
603,22,faster,Crosswalk,B,13.055,1104266,1347657,,,20790,12269,781669,38214,282584,4599,15502,8167,,,,,,
604,22,faster,CrowdRun,B,7.2255,4138110,1959958,,,22925,608,781664,37633,282583,4690,15523,,,,,,,
605,22,faster,DinnerSceneCropped,B,6.3792,718529,2501095,,,20853,480,781080,36330,281385,13457,3914,31,,,,,,
606,22,faster,FoodMarket,B,13.9507,1094946,3403946,,,20231,6288,795083,38634,282932,8331,15650,1663,,,,,,
607,22,faster,FoodMarket2,B,6.8418,2681716,2789338,,,23156,11192,781659,38100,282584,5955,15560,0,,,,,,
608,22,faster,MeridianTalk_sdr,B,6.3813,1276953,2776875,,,23210,7626,781678,37992,282584,4682,15489,696,,,,,,
609,22,faster,Motorcycle,B,7.0665,3118903,2277964,,,20940,2862,781079,36504,281384,13709,4120,,,,,,,
610,22,faster,MountainBike,B,7.0957,972647,3426158,,,27983,11878,781765,40055,282583,7099,19239,1168,,,,,,
611,22,faster,Neon1224,B,13.4567,649672,1626511,,,22298,11716,781673,38232,282583,4653,15402,7754,,,,,,
612,22,faster,NocturneDance_3840x2160p_8bit,B,13.3742,965101,3224997,,,22515,11167,781664,38190,282584,6452,15069,710,,,,,,
613,22,faster,OldTownCross,B,7.1316,881411,2790687,,,22286,8235,781653,38028,282584,5327,14976,18,,,,,,
614,22,faster,PedestrianArea,B,6.3747,799447,2976698,,,22738,11632,781653,38160,282583,6086,15346,221,,,,,,
615,22,faster,PierSeaSide,B,13.2578,1034258,3346621,,,19762,6566,796910,38623,282932,8661,15077,176,,,,,,
616,22,faster,RitualDance,B,6.3007,870374,2656334,,,21354,1099,781079,36696,281385,13466,3937,54,,,,,,
617,22,faster,Riverbed,B,6.4294,1032547,2338775,,,25051,11378,781653,38222,282583,4622,15402,4254,,,,,,
618,22,faster,RushFieldCuts,B,7.0231,914609,1286098,,,20409,12194,781681,38204,282583,4603,15198,8436,,,,,,
619,22,faster,Skater227,B,6.3206,1042454,2353792,,,24798,8350,781656,37842,282581,4292,15051,3893,,,,,,
620,22,faster,Tango,B,14.0446,650273,3309126,,,22778,11056,781646,38071,282583,6033,15386,953,,,,,,
621,22,faster,TimeLapse,B,8.4907,3646346,3218898,,,20191,7761,797428,38371,282932,8418,15647,,,,,,,
622,22,faster,ToddlerFountain,B,7.1011,947863,3097089,,,20812,14245,781078,36580,281384,13881,4080,813,,,,,,
623,22,faster,TreesAndGrass_1920_1080,B,7.2048,987068,3163266,,,20785,8882,796687,38780,282932,8494,16237,36,,,,,,
624,22,faster,TunnelFlag,B,6.8743,2185997,2932108,,,20801,6963,794797,38419,282932,8584,16087,0,,,,,,
625,22,faster,Vertical_Carnaby,B,6.4007,541955,3007464,,,21990,13878,781078,36806,281384,13509,4292,263,,,,,,
626,22,faster,Vertical_bees,B,6.3932,994553,3361646,,,21811,16150,781080,36540,281384,13621,3929,414,,,,,,
627,22,faster,WalkingInStreet,B,7.2554,985488,3299815,,,22637,11436,781643,37980,282583,6360,15266,388,,,,,,
628,22,faster,WorldCup_1920x1080_30p,B,6.3279,674442,3547932,,,21525,16024,781112,36626,281384,12940,3921,305,,,,,,
629,22,faster,WorldCup_far_1920x1080_30p,B,7.0555,2814691,2612724,,,23129,11665,781658,38057,282583,5361,15531,,,,,,,
630,27,faster,Aerial3200,B,6.3714,714039,2149574,,,23425,4571,781665,37554,282584,3918,14702,2841,,,,,,
631,27,faster,Boat,B,6.8668,514303,2117633,,,23395,3630,781657,37650,282583,4152,14768,987,,,,,,
632,27,faster,BoxingPractice,B,13.0487,1038845,1162527,,,20191,11937,781670,37893,282584,4612,15244,8766,,,,,,
633,27,faster,Crosswalk,B,12.9287,871940,2232334,,,24257,11247,781656,38186,282584,4590,15363,5068,,,,,,
634,27,faster,CrowdRun,B,7.0286,2750965,3204996,,,20097,7341,796184,38381,282932,8633,15672,,,,,,,
635,27,faster,DinnerSceneCropped,B,6.3581,639240,2522108,,,21155,282,781081,36230,281385,13490,4193,35,,,,,,
636,27,faster,FoodMarket,B,13.2135,3728871,2572089,,,19729,5053,794803,38487,282932,8463,15221,,,,,,,
637,27,faster,FoodMarket2,B,6.3553,1457318,2840254,,,22493,10812,781651,38119,282584,5080,15248,845,,,,,,
638,27,faster,MeridianTalk_sdr,B,6.3492,2591519,2603828,,,23106,8223,781648,37881,282584,5089,15482,,,,,,,
639,27,faster,Motorcycle,B,7.0063,560065,3264014,,,20345,9076,795881,38461,282933,8444,15830,919,,,,,,
640,27,faster,MountainBike,B,7.0351,1810036,3184639,,,23091,12362,781654,37974,282583,6470,15678,0,,,,,,
641,27,faster,Neon1224,B,12.9711,552477,1881066,,,23706,11527,781646,37972,282583,4460,15479,6861,,,,,,
642,27,faster,NocturneDance_3840x2160p_8bit,B,13.2943,930497,3069584,,,21453,13966,781080,36935,281385,13682,4015,783,,,,,,
643,27,faster,OldTownCross,B,7.1214,1683577,2502149,,,22491,8243,781653,37853,282584,5202,15083,,,,,,,
644,27,faster,PedestrianArea,B,6.3449,0,1202427,,,18386,12382,781664,38054,282583,4556,14906,8647,,,,,,
645,27,faster,PierSeaSide,B,13.27,871990,1509170,,,22469,11856,781663,37951,282584,4692,15452,7662,,,,,,
646,27,faster,RitualDance,B,6.3314,605677,3657757,,,46706,15233,781813,43605,282584,8238,31700,6125,,,,,,
647,27,faster,Riverbed,B,6.4041,855068,2187921,,,24156,11383,781666,38170,282583,4300,15404,5300,,,,,,
648,27,faster,RushFieldCuts,B,7.0206,971984,1493791,,,22473,12114,781652,37790,282583,4532,15161,7661,,,,,,
649,27,faster,Skater227,B,6.3504,724879,1820489,,,23814,9074,781653,38244,282581,4237,15618,6321,,,,,,
650,27,faster,Tango,B,13.3681,837462,1510776,,,21249,12061,781664,38197,282583,4446,15377,7763,,,,,,
651,27,faster,TimeLapse,B,13.0925,465568,2957408,,,22845,11498,781641,38198,282584,5942,15368,1131,,,,,,
652,27,faster,ToddlerFountain,B,7.0285,859011,2301885,,,24535,11558,781666,38129,282583,4572,15655,5524,,,,,,
653,27,faster,TreesAndGrass_1920_1080,B,7.1124,0,1196816,,,20779,11193,781670,38032,282584,4487,15201,7970,,,,,,
654,27,faster,TunnelFlag,B,6.3523,491380,2059551,,,22882,11198,781652,38022,282584,4507,14866,5906,,,,,,
655,27,faster,Vertical_Carnaby,B,6.3751,1069798,2616838,,,22082,14553,781078,36689,281384,14112,4245,1705,,,,,,
656,27,faster,Vertical_bees,B,6.4061,1024567,3086879,,,21349,16258,781088,36935,281384,13378,4147,2122,,,,,,
657,27,faster,WalkingInStreet,B,7.2329,819899,2975346,,,22401,11133,781639,38004,282583,5839,15110,139,,,,,,
658,27,faster,WorldCup_1920x1080_30p,B,6.3472,850000,3485907,,,21342,16155,781103,36532,281384,12752,3913,365,,,,,,
659,27,faster,WorldCup_far_1920x1080_30p,B,7.0531,550118,2984924,,,22289,9963,781642,38039,282583,5563,14943,1405,,,,,,
660,32,faster,Aerial3200,B,6.3725,704585,1589079,,,23148,34,781661,37586,282584,3784,14860,12,,,,,,
661,32,faster,Boat,B,6.3672,512828,1922839,,,24659,36,781665,38169,282583,4852,15496,30,,,,,,
662,32,faster,BoxingPractice,B,13.0006,627715,2825544,,,21784,14195,781080,36564,281385,13900,3942,316,,,,,,
663,32,faster,Crosswalk,B,12.9114,869993,2344822,,,25433,11066,781660,38541,282584,4660,16902,5240,,,,,,
664,32,faster,CrowdRun,B,7.072,515110,2382807,,,18993,64,794910,38339,282932,8251,14357,0,,,,,,
665,32,faster,DinnerSceneCropped,B,6.2705,915765,1651528,,,22821,7765,781691,37974,282584,4104,15085,6314,,,,,,
666,32,faster,FoodMarket,B,13.2082,3122368,2658856,,,19678,6317,794746,38320,282932,8293,15226,,,,,,,
667,32,faster,FoodMarket2,B,6.3658,0,2244883,,,40548,12011,781797,42387,282584,7683,26591,8124,,,,,,
668,32,faster,MeridianTalk_sdr,B,6.3348,665159,1836663,,,23420,7598,781668,37900,282584,4223,15003,5804,,,,,,
669,32,faster,Motorcycle,B,7.0665,669884,2776478,,,22663,8377,781660,37831,282583,5297,15052,181,,,,,,
670,32,faster,MountainBike,B,6.9826,938124,2444956,,,24227,7962,781650,37894,282583,4342,15195,3638,,,,,,
671,32,faster,Neon1224,B,12.957,794510,2825469,,,21811,14044,781078,36526,281384,13881,3841,324,,,,,,
672,32,faster,NocturneDance_3840x2160p_8bit,B,13.2215,585690,3532335,,,22495,12119,781656,38242,282584,6575,15064,1083,,,,,,
673,32,faster,OldTownCross,B,6.3166,1417578,2623803,,,22527,10044,781650,38223,282584,5557,15207,,,,,,,
674,32,faster,PedestrianArea,B,6.359,601305,3406002,,,21017,9559,797019,38736,282933,8656,16294,913,,,,,,
675,32,faster,PierSeaSide,B,13.3017,666796,3583906,,,19630,6922,796179,38507,282932,8354,15122,687,,,,,,
676,32,faster,RitualDance,B,6.3146,0,1202174,,,20313,12042,781667,38027,282584,4544,15197,8205,,,,,,
677,32,faster,Riverbed,B,6.3958,3065359,2019012,,,20891,276,781080,36674,281384,13423,4158,,,,,,,
678,32,faster,RushFieldCuts,B,7.0422,0,2833808,,,21091,15289,781080,36947,281384,13691,4020,1553,,,,,,
679,32,faster,Skater227,B,6.3241,0,2730640,,,21250,13686,781072,36559,281382,13019,4060,1538,,,,,,
680,32,faster,Tango,B,13.2135,803732,1633730,,,22489,11814,781656,38133,282583,4733,15912,7526,,,,,,
681,32,faster,TimeLapse,B,13.1057,1008349,2564732,,,22935,11169,781692,37887,282584,5094,15536,3645,,,,,,
682,32,faster,ToddlerFountain,B,6.6525,940652,1581171,,,22642,8195,781663,37998,282583,4081,15379,7016,,,,,,
683,32,faster,TreesAndGrass_1920_1080,B,7.0828,350352,1310143,,,22868,890,781665,37914,282584,3735,14910,846,,,,,,
684,32,faster,TunnelFlag,B,6.3698,671844,1746959,,,22561,10934,781675,38129,282584,4438,14863,6792,,,,,,
685,32,faster,Vertical_Carnaby,B,6.3654,2833191,3454728,,,20537,9658,796381,38622,282933,8397,16044,0,,,,,,
686,32,faster,Vertical_bees,B,6.4079,965601,2951031,,,21194,16095,781079,36821,281384,13792,3745,1789,,,,,,
687,32,faster,WalkingInStreet,B,7.1539,598715,3327579,,,22671,12106,781650,38009,282583,6526,15100,1256,,,,,,
688,32,faster,WorldCup_1920x1080_30p,B,6.3585,956834,3326520,,,21410,15610,781102,36682,281384,13241,3800,302,,,,,,
689,32,faster,WorldCup_far_1920x1080_30p,B,6.3898,459837,2841144,,,21522,14356,781078,36578,281384,13809,4083,323,,,,,,
690,37,faster,Aerial3200,B,6.3831,514832,1943059,,,23584,1169,781667,37644,282584,3876,14607,400,,,,,,
691,37,faster,Boat,B,6.3417,913426,1357770,,,21803,4085,781676,38156,282583,5088,15105,3412,,,,,,
692,37,faster,BoxingPractice,B,13.0209,607811,2928462,,,21692,15328,781080,36670,281385,13695,3897,283,,,,,,
693,37,faster,Crosswalk,B,12.9536,1023739,3097034,,,21940,16128,781080,36774,281385,13967,3988,1795,,,,,,
694,37,faster,CrowdRun,B,6.3421,1046723,2759856,,,19658,2271,795522,38410,282932,8468,14973,494,,,,,,
695,37,faster,DinnerSceneCropped,B,6.3238,0,3484526,,,20778,9015,796339,38590,282932,8441,16295,5220,,,,,,
696,37,faster,FoodMarket,B,13.2051,683743,2937614,,,21516,11049,781080,36549,281385,13388,3901,294,,,,,,
697,37,faster,FoodMarket2,B,6.3796,789050,3187828,,,22157,11024,781658,38002,282584,5901,14954,1019,,,,,,
698,37,faster,MeridianTalk_sdr,B,6.3354,2480080,2549351,,,21298,13659,781080,36766,281385,14080,4022,,,,,,,
699,37,faster,Motorcycle,B,6.3269,1825146,2422126,,,22759,6445,781641,37862,282583,5395,15265,,,,,,,
700,37,faster,MountainBike,B,6.3469,2600519,2933791,,,22995,10162,781637,37900,282583,6023,15616,,,,,,,
701,37,faster,Neon1224,B,13.1415,502515,2818146,,,21867,13938,781078,36722,281384,13655,3911,300,,,,,,
702,37,faster,NocturneDance_3840x2160p_8bit,B,13.1773,0,2840121,,,21483,15902,781079,36487,281385,13664,3961,1610,,,,,,
703,37,faster,OldTownCross,B,6.3815,1020092,3182512,,,21850,13335,781080,36610,281385,13677,3966,327,,,,,,
704,37,faster,PedestrianArea,B,6.3598,752073,1655869,,,24619,12094,781662,38067,282583,4607,15166,7209,,,,,,
705,37,faster,PierSeaSide,B,13.1386,1007609,2298690,,,24371,11232,781658,38096,282584,4719,15368,5144,,,,,,
706,37,faster,RitualDance,B,6.3482,879508,2326664,,,21279,712,781079,35948,281385,13242,3924,8,,,,,,
707,37,faster,Riverbed,B,6.362,690588,2450458,,,25653,13513,781665,38189,282583,4558,15423,5984,,,,,,
708,37,faster,RushFieldCuts,B,6.3248,721965,2222641,,,23983,11310,781672,37966,282583,4366,15241,5412,,,,,,
709,37,faster,Skater227,B,6.2943,871846,2394846,,,24705,11320,781630,38058,282581,4596,15186,5188,,,,,,
710,37,faster,Tango,B,13.1884,590844,1866510,,,23131,11042,781672,38037,282583,4477,15151,6519,,,,,,
711,37,faster,TimeLapse,B,13.1057,519567,2029483,,,23150,11149,781659,38156,282584,4779,15269,6318,,,,,,
712,37,faster,ToddlerFountain,B,6.3507,0,2502133,,,23707,9547,781641,38324,282583,5139,16344,5640,,,,,,
713,37,faster,TreesAndGrass_1920_1080,B,6.3948,506608,3484615,,,20593,9515,796578,38478,282932,8533,15847,990,,,,,,
714,37,faster,TunnelFlag,B,6.3631,464940,2930120,,,19551,6582,794934,38621,282932,8356,15015,163,,,,,,
715,37,faster,Vertical_Carnaby,B,6.4461,1832913,3640561,,,20326,9788,795933,38612,282933,8569,15860,0,,,,,,
716,37,faster,Vertical_bees,B,6.3596,1006270,3141817,,,21310,16230,781080,36576,281384,13585,4078,2064,,,,,,
717,37,faster,WalkingInStreet,B,6.4568,0,2922751,,,22963,11414,781661,38136,282583,5971,15603,4965,,,,,,
718,37,faster,WorldCup_1920x1080_30p,B,6.2898,955728,3003295,,,21687,16024,781101,37042,281384,12841,3834,1629,,,,,,
719,37,faster,WorldCup_far_1920x1080_30p,B,6.313,858647,3052650,,,20211,7440,796529,38368,282933,8413,15533,0,,,,,,
720,22,superfast,Aerial3200,B,7.1671,1014604,1416447,,,23151,3741,781644,37500,282589,4414,14459,2685,,,,,,
721,22,superfast,Boat,B,7.1358,1210290,2760563,,,19418,1416,798028,38275,282938,8639,14775,0,,,,,,
722,22,superfast,BoxingPractice,B,13.6248,751450,2990519,,,22576,11524,781641,37821,282588,5736,15308,341,,,,,,
723,22,superfast,Crosswalk,B,13.055,1043597,1387909,,,20492,12648,781662,38147,282589,4809,15124,7872,,,,,,
724,22,superfast,CrowdRun,B,7.2255,985147,3285220,,,20557,3431,798643,38599,282937,8867,15680,204,,,,,,
725,22,superfast,DinnerSceneCropped,B,6.3792,582721,2342593,,,21308,138,781069,36477,281390,12983,3819,37,,,,,,
726,22,superfast,FoodMarket,B,13.9507,792506,1429896,,,24112,618,781644,37836,282589,4091,15443,189,,,,,,
727,22,superfast,FoodMarket2,B,6.8418,995625,2275253,,,24714,11501,781638,38164,282588,4392,15438,4493,,,,,,
728,22,superfast,MeridianTalk_sdr,B,6.3813,3508159,2443194,,,23373,7085,781655,37941,282589,5243,15941,,,,,,,
729,22,superfast,Motorcycle,B,7.0665,2081791,2579570,,,22657,7950,781635,38085,282589,5428,15212,,,,,,,
730,22,superfast,MountainBike,B,7.0957,3658604,2552950,,,23108,8804,781642,38069,282589,5102,15696,,,,,,,
731,22,superfast,Neon1224,B,13.4567,537567,1909030,,,24033,11335,781642,38130,282588,4631,15461,7166,,,,,,
732,22,superfast,NocturneDance_3840x2160p_8bit,B,13.3742,1794243,2481387,,,21024,11252,781066,36581,281390,13731,3697,0,,,,,,
733,22,superfast,OldTownCross,B,7.1316,1008864,3188676,,,22260,11069,781640,37872,282588,6296,14968,2143,,,,,,
734,22,superfast,PedestrianArea,B,6.3747,992302,3242513,,,23038,11400,781633,38264,282588,6392,15666,4477,,,,,,
735,22,superfast,PierSeaSide,B,13.2578,509573,2062562,,,22836,11247,781641,37945,282588,4631,15241,6457,,,,,,
736,22,superfast,RitualDance,B,6.3007,745685,3529709,,,21679,16051,781070,36627,281390,13579,4029,325,,,,,,
737,22,superfast,Riverbed,B,6.4294,588204,2311960,,,26793,12769,781642,37975,282589,4535,15460,6704,,,,,,
738,22,superfast,RushFieldCuts,B,7.0231,0,1109177,,,20490,8959,781643,37944,282588,4072,15033,7945,,,,,,
739,22,superfast,Skater227,B,6.3206,1020813,2298979,,,24177,8342,781656,37832,282585,4348,15382,4708,,,,,,
740,22,superfast,Tango,B,14.0446,722149,3440016,,,21560,15509,781068,36718,281390,13717,3936,275,,,,,,
741,22,superfast,TimeLapse,B,8.4907,860282,2977654,,,22823,11673,781640,38239,282589,6016,15272,231,,,,,,
742,22,superfast,ToddlerFountain,B,7.1011,0,1235191,,,20041,12157,781649,38085,282589,4671,15653,8799,,,,,,
743,22,superfast,TreesAndGrass_1920_1080,B,7.2048,3259186,2723556,,,19811,6802,795929,38494,282937,8305,15270,,,,,,,
744,22,superfast,TunnelFlag,B,6.8743,1005190,2380733,,,24295,11322,781658,38179,282589,4540,15636,5343,,,,,,
745,22,superfast,Vertical_Carnaby,B,6.4007,1769717,2714169,,,20085,6888,796155,38586,282938,8308,15420,,,,,,,
746,22,superfast,Vertical_bees,B,6.3932,704288,3027260,,,21467,13779,781066,36561,281389,13594,3855,438,,,,,,
747,22,superfast,WalkingInStreet,B,7.2554,868912,2767998,,,20734,14215,781069,36484,281390,13887,3751,119,,,,,,
748,22,superfast,WorldCup_1920x1080_30p,B,6.3279,3041649,2460815,,,22041,13878,781067,36643,281389,13538,3893,,,,,,,
749,22,superfast,WorldCup_far_1920x1080_30p,B,7.0555,3274818,2700184,,,22684,11349,781659,37943,282588,5621,15272,,,,,,,
750,27,superfast,Aerial3200,B,6.3714,812666,1566576,,,22693,259,781635,37683,282589,3751,14534,101,,,,,,
751,27,superfast,Boat,B,6.8668,1538977,3198944,,,20132,4539,798214,38687,282938,8731,15457,0,,,,,,
752,27,superfast,BoxingPractice,B,13.0487,458386,1244819,,,20271,12289,781646,38098,282588,4791,15556,8743,,,,,,
753,27,superfast,Crosswalk,B,12.9287,839709,2357149,,,23303,11380,781652,37868,282589,4851,14983,5631,,,,,,
754,27,superfast,CrowdRun,B,7.0286,479347,2804468,,,21063,1259,800006,38583,282937,8654,15998,132,,,,,,
755,27,superfast,DinnerSceneCropped,B,6.3581,3886581,2076431,,,20814,1726,781070,36525,281390,13495,3850,,,,,,,
756,27,superfast,FoodMarket,B,13.2135,607465,3123903,,,21584,7644,781068,36779,281390,13833,4105,163,,,,,,
757,27,superfast,FoodMarket2,B,6.3553,462275,2002333,,,23811,11375,781647,37865,282588,4391,15425,6100,,,,,,
758,27,superfast,MeridianTalk_sdr,B,6.3492,4067312,2103319,,,22682,1695,781639,37826,282589,4516,15439,,,,,,,
759,27,superfast,Motorcycle,B,7.0063,3148284,2626743,,,22872,8218,781640,37938,282589,5201,15284,,,,,,,
760,27,superfast,MountainBike,B,7.0351,3719966,2635689,,,22329,11233,781639,37967,282589,5848,14980,,,,,,,
761,27,superfast,Neon1224,B,12.9711,903693,2969440,,,22734,11587,781654,38404,282588,6034,15302,156,,,,,,
762,27,superfast,NocturneDance_3840x2160p_8bit,B,13.2943,1097472,2897430,,,21466,15645,781070,36721,281390,14033,3848,1252,,,,,,
763,27,superfast,OldTownCross,B,7.1214,549680,2972857,,,22535,10235,781619,38013,282588,5738,15024,954,,,,,,
764,27,superfast,PedestrianArea,B,6.3449,3577707,2606047,,,22600,10416,781628,38054,282588,5558,15250,,,,,,,
765,27,superfast,PierSeaSide,B,13.27,1866590,3284008,,,21410,15817,781068,36760,281389,13736,4062,9,,,,,,
766,27,superfast,RitualDance,B,6.3314,432247,2952803,,,21184,15772,781069,36545,281390,13583,3893,321,,,,,,
767,27,superfast,Riverbed,B,6.4041,1084272,2920828,,,20922,7085,781069,36588,281390,13407,3915,306,,,,,,
768,27,superfast,RushFieldCuts,B,7.0206,610194,2196055,,,23597,8183,781665,38017,282588,4149,15026,4872,,,,,,
769,27,superfast,Skater227,B,6.3504,486277,2112899,,,24011,11194,781636,38000,282585,4503,15667,6416,,,,,,
770,27,superfast,Tango,B,13.3681,623937,3449297,,,21485,16065,781068,36731,281390,13536,4006,1337,,,,,,
771,27,superfast,TimeLapse,B,13.0925,1859070,2678107,,,22761,11246,781639,38022,282589,5636,15303,,,,,,,
772,27,superfast,ToddlerFountain,B,7.0285,767797,1617724,,,22807,11831,781652,38107,282589,4571,15365,7546,,,,,,
773,27,superfast,TreesAndGrass_1920_1080,B,7.1124,3053381,3098082,,,19840,6885,796969,38632,282937,8303,15237,,,,,,,
774,27,superfast,TunnelFlag,B,6.3523,499790,3042210,,,21678,13741,781069,36712,281390,13364,3891,245,,,,,,
775,27,superfast,Vertical_Carnaby,B,6.3751,2994474,2451145,,,21752,14101,781069,36668,281390,13406,3892,,,,,,,
776,27,superfast,Vertical_bees,B,6.4061,828479,2939014,,,22673,11847,781635,37982,282588,5827,15244,48,,,,,,
777,27,superfast,WalkingInStreet,B,7.2329,984460,3137373,,,20755,15807,781100,36734,281390,12856,3918,1832,,,,,,
778,27,superfast,WorldCup_1920x1080_30p,B,6.3472,1359728,2667766,,,22610,11420,781651,38037,282588,5733,15307,,,,,,,
779,27,superfast,WorldCup_far_1920x1080_30p,B,7.0531,608709,2171158,,,22716,11025,781651,37816,282588,4555,14820,5625,,,,,,
780,32,superfast,Aerial3200,B,6.3725,865006,2269364,,,25556,11068,781697,38020,282589,4657,15920,4973,,,,,,
781,32,superfast,Boat,B,6.3672,304,1325161,,,24661,5333,781662,38205,282588,5052,15477,4461,,,,,,
782,32,superfast,BoxingPractice,B,13.0006,912835,2319609,,,24006,11170,781657,38271,282588,4738,15123,5095,,,,,,
783,32,superfast,Crosswalk,B,12.9114,612935,1909410,,,24274,7708,781662,37853,282589,4568,15024,2722,,,,,,
784,32,superfast,CrowdRun,B,7.072,531686,3067136,,,20498,3459,799268,38421,282937,8465,15712,497,,,,,,
785,32,superfast,DinnerSceneCropped,B,6.2705,2949686,2094719,,,20730,1516,781078,36703,281390,13912,3874,0,,,,,,
786,32,superfast,FoodMarket,B,13.2082,3346111,2399133,,,21383,11155,781069,36590,281390,13996,3908,,,,,,,
787,32,superfast,FoodMarket2,B,6.3658,747238,3097085,,,23051,12139,781644,37941,282588,6711,15357,532,,,,,,
788,32,superfast,MeridianTalk_sdr,B,6.3348,877974,2256951,,,23975,9557,781628,37905,282589,4386,14960,4742,,,,,,
789,32,superfast,Motorcycle,B,7.0665,1175033,2740350,,,22626,9737,781644,37874,282589,6009,15210,0,,,,,,
790,32,superfast,MountainBike,B,6.9826,437269,3000879,,,23132,11377,781647,38075,282589,5900,15358,988,,,,,,
791,32,superfast,Neon1224,B,12.957,0,1251578,,,19450,12522,781659,38080,282588,4486,15085,8682,,,,,,
792,32,superfast,NocturneDance_3840x2160p_8bit,B,13.2215,3017789,2514124,,,21042,14037,781070,36335,281390,14251,3946,0,,,,,,
793,32,superfast,OldTownCross,B,6.3166,1705670,2550904,,,22576,8457,781649,38015,282588,5454,15116,,,,,,,
794,32,superfast,PedestrianArea,B,6.359,2963051,2291037,,,20986,7869,781068,36307,281389,13554,4005,,,,,,,
795,32,superfast,PierSeaSide,B,13.3017,67,1248253,,,20044,12105,781654,37766,282588,4608,14996,8595,,,,,,
796,32,superfast,RitualDance,B,6.3146,746308,2823726,,,21427,14007,781069,36948,281390,13411,4012,279,,,,,,
797,32,superfast,Riverbed,B,6.3958,1048152,2951806,,,21604,11969,781068,36759,281390,13574,3832,633,,,,,,
798,32,superfast,RushFieldCuts,B,7.0422,2166850,2704907,,,20951,14055,781068,36741,281389,13622,4046,0,,,,,,
799,32,superfast,Skater227,B,6.3241,0,1140735,,,22233,239,781653,37844,282585,3707,14893,137,,,,,,
800,32,superfast,Tango,B,13.2135,568930,2135436,,,23051,11573,781672,37984,282589,4882,15294,6247,,,,,,
801,32,superfast,TimeLapse,B,13.1057,3415498,2708865,,,22907,11930,781654,37883,282589,5966,15317,,,,,,,
802,32,superfast,ToddlerFountain,B,6.6525,589003,1887763,,,23984,11223,781658,38316,282589,4670,16307,6907,,,,,,
803,32,superfast,TreesAndGrass_1920_1080,B,7.0828,851664,2202099,,,24336,11021,781651,38097,282589,4456,15044,5220,,,,,,
804,32,superfast,TunnelFlag,B,6.3698,699164,3033867,,,21831,14166,781068,36647,281390,14217,3947,464,,,,,,
805,32,superfast,Vertical_Carnaby,B,6.3654,1862526,3010809,,,22758,10624,781640,38082,282589,5948,15476,0,,,,,,
806,32,superfast,Vertical_bees,B,6.4079,610720,3336764,,,19702,6425,794779,38327,282938,8364,15218,975,,,,,,
807,32,superfast,WalkingInStreet,B,7.1539,0,1136024,,,20450,12339,781637,38092,282589,4168,15432,8816,,,,,,
808,32,superfast,WorldCup_1920x1080_30p,B,6.3585,1189783,2613820,,,22840,11597,781631,38106,282588,5606,15423,,,,,,,
809,32,superfast,WorldCup_far_1920x1080_30p,B,6.3898,689917,3120052,,,21628,14321,781068,36677,281389,14086,4248,641,,,,,,
810,37,superfast,Aerial3200,B,6.3831,650808,1427772,,,23536,4517,781659,38049,282589,4331,15089,291,,,,,,
811,37,superfast,Boat,B,6.3417,615543,2159877,,,22605,298,781625,37562,282588,4523,14814,27,,,,,,
812,37,superfast,BoxingPractice,B,13.0209,642787,1870575,,,23154,11077,781653,37865,282588,4531,14906,6719,,,,,,
813,37,superfast,Crosswalk,B,12.9536,7062,1226755,,,21540,11839,781651,37872,282589,4295,15852,8001,,,,,,
814,37,superfast,CrowdRun,B,6.3421,4103617,2797978,,,20385,6907,796592,38621,282937,8375,15729,,,,,,,
815,37,superfast,DinnerSceneCropped,B,6.3238,3332847,2393417,,,23321,8283,781634,37998,282589,4860,15887,,,,,,,
816,37,superfast,FoodMarket,B,13.2051,2791220,3094672,,,19997,6585,796445,38343,282937,8295,15408,,,,,,,
817,37,superfast,FoodMarket2,B,6.3796,319071,1642450,,,23556,11614,781682,38326,282588,4679,15735,7925,,,,,,
818,37,superfast,MeridianTalk_sdr,B,6.3354,3064806,2384674,,,20701,9282,781078,36607,281390,13562,3853,0,,,,,,
819,37,superfast,Motorcycle,B,6.3269,2992374,2101878,,,22480,581,781659,37932,282589,4782,15130,,,,,,,
820,37,superfast,MountainBike,B,6.3469,2221806,2307475,,,22511,5420,781626,37726,282589,4959,15005,,,,,,,
821,37,superfast,Neon1224,B,13.1415,807162,3272037,,,22164,11263,781621,38061,282588,6302,14918,1141,,,,,,
822,37,superfast,NocturneDance_3840x2160p_8bit,B,13.1773,0,1160553,,,19536,12220,781659,38227,282589,4626,15522,8258,,,,,,
823,37,superfast,OldTownCross,B,6.3815,0,3029003,,,22697,10842,781645,38046,282588,6276,15262,5027,,,,,,
824,37,superfast,PedestrianArea,B,6.3598,617608,2962784,,,21094,11556,781068,36344,281389,13807,4274,309,,,,,,
825,37,superfast,PierSeaSide,B,13.1386,957314,1345233,,,20508,12087,781653,37918,282588,4697,15132,8212,,,,,,
826,37,superfast,RitualDance,B,6.3482,0,1117288,,,19712,9391,781648,37960,282589,4340,15232,8281,,,,,,
827,37,superfast,Riverbed,B,6.362,954800,1476280,,,22204,11721,781644,38062,282589,4536,15533,7563,,,,,,
828,37,superfast,RushFieldCuts,B,6.3248,169103,1380196,,,22522,7593,781666,37929,282588,4549,14905,4767,,,,,,
829,37,superfast,Skater227,B,6.2943,1002384,2295426,,,24619,11081,781667,38482,282585,4523,16010,5220,,,,,,
830,37,superfast,Tango,B,13.1884,917124,3657349,,,19762,9137,796231,38595,282937,8506,15369,584,,,,,,
831,37,superfast,TimeLapse,B,13.1057,518269,1875218,,,24041,11163,781633,37867,282589,4438,15731,6618,,,,,,
832,37,superfast,ToddlerFountain,B,6.3507,504779,3395904,,,21320,15724,781070,36663,281390,13816,4018,861,,,,,,
833,37,superfast,TreesAndGrass_1920_1080,B,6.3948,473427,2978630,,,19522,6771,795969,38718,282937,8558,14919,149,,,,,,
834,37,superfast,TunnelFlag,B,6.3631,1046027,3069096,,,21028,16213,781068,36891,281390,13525,3920,1929,,,,,,
835,37,superfast,Vertical_Carnaby,B,6.4461,3688801,2659392,,,20099,6433,794257,38640,282938,8309,15580,,,,,,,
836,37,superfast,Vertical_bees,B,6.3596,526426,3413441,,,19733,6686,794908,38337,282938,8395,15259,1130,,,,,,
837,37,superfast,WalkingInStreet,B,6.4568,959332,3094720,,,21578,16387,781100,36792,281390,13320,4070,2022,,,,,,
838,37,superfast,WorldCup_1920x1080_30p,B,6.2898,645339,2885508,,,23173,11163,781646,38038,282588,5583,15597,3358,,,,,,
839,37,superfast,WorldCup_far_1920x1080_30p,B,6.313,1629463,2971098,,,21387,15578,781069,36769,281389,13691,4057,44,,,,,,
840,22,veryfast,Aerial3200,B,7.1671,158822,1202895,,,20525,11404,781662,38346,282585,4978,15517,8418,,,,,,
841,22,veryfast,Boat,B,7.1358,990506,2097060,,,24396,84,781664,37908,282584,4674,14759,45,,,,,,
842,22,veryfast,BoxingPractice,B,13.6248,2922469,2697511,,,23417,11807,781648,37946,282584,5866,16035,,,,,,,
843,22,veryfast,Crosswalk,B,13.055,565065,1720321,,,24009,428,781647,38097,282585,3850,16148,97,,,,,,
844,22,veryfast,CrowdRun,B,7.2255,928061,1509540,,,23466,8675,781645,37983,282584,4017,15553,7083,,,,,,
845,22,veryfast,DinnerSceneCropped,B,6.3792,862116,1575196,,,23112,6173,781665,38126,282585,4562,15098,4811,,,,,,
846,22,veryfast,FoodMarket,B,13.9507,775146,1423074,,,22379,346,781667,38021,282585,4255,14860,272,,,,,,
847,22,veryfast,FoodMarket2,B,6.8418,992554,2356448,,,23570,11166,781664,37558,282585,4514,14980,5109,,,,,,
848,22,veryfast,MeridianTalk_sdr,B,6.3813,844464,1568544,,,21941,11557,781667,38325,282585,4605,15232,7311,,,,,,
849,22,veryfast,Motorcycle,B,7.0665,2676535,2139322,,,22228,2352,781627,37740,282584,4974,14854,,,,,,,
850,22,veryfast,MountainBike,B,7.0957,896071,2668845,,,22197,8099,781647,38176,282585,4998,14625,1006,,,,,,
851,22,veryfast,Neon1224,B,13.4567,0,2765132,,,22856,11058,781639,37958,282584,5826,15315,5377,,,,,,
852,22,veryfast,NocturneDance_3840x2160p_8bit,B,13.3742,771934,2968227,,,19684,6635,796622,38446,282933,8451,15066,725,,,,,,
853,22,veryfast,OldTownCross,B,7.1316,714360,3388112,,,20312,9712,796268,38610,282933,8491,15804,1510,,,,,,
854,22,veryfast,PedestrianArea,B,6.3747,507549,2965339,,,22408,11365,781647,37760,282584,5784,14912,1091,,,,,,
855,22,veryfast,PierSeaSide,B,13.2578,3263913,2520854,,,21264,14410,781075,36729,281386,13704,4108,,,,,,,
856,22,veryfast,RitualDance,B,6.3007,1633545,3186182,,,22847,11388,781617,38028,282585,6247,15578,0,,,,,,
857,22,veryfast,Riverbed,B,6.4294,973344,2835664,,,21993,13129,781073,36381,281385,13667,4161,901,,,,,,
858,22,veryfast,RushFieldCuts,B,7.0231,0,1128836,,,20476,12987,781653,37876,282584,4682,15143,8902,,,,,,
859,22,veryfast,Skater227,B,6.3206,2780791,2906256,,,20941,9419,796958,38818,282931,8681,16267,,,,,,,
860,22,veryfast,Tango,B,14.0446,1847607,3314624,,,23801,12495,781648,38399,282585,6586,16136,1554,,,,,,
861,22,veryfast,TimeLapse,B,8.4907,0,2640565,,,21579,13819,781074,36948,281386,13670,4188,1497,,,,,,
862,22,veryfast,ToddlerFountain,B,7.1011,590373,1966966,,,23504,9733,781652,37916,282584,4326,15002,6177,,,,,,
863,22,veryfast,TreesAndGrass_1920_1080,B,7.2048,479045,1159352,,,20105,12010,781677,37968,282585,4671,15219,8380,,,,,,
864,22,veryfast,TunnelFlag,B,6.8743,1699211,2923471,,,20532,9122,798941,38366,282933,8496,15910,,,,,,,
865,22,veryfast,Vertical_Carnaby,B,6.4007,2848471,2580845,,,23444,11446,781635,37989,282584,5410,16004,,,,,,,
866,22,veryfast,Vertical_bees,B,6.3932,0,1152216,,,19808,12335,781652,38117,282584,4575,15378,8640,,,,,,
867,22,veryfast,WalkingInStreet,B,7.2554,486022,2946929,,,23309,11368,781645,38196,282584,5809,15767,3957,,,,,,
868,22,veryfast,WorldCup_1920x1080_30p,B,6.3279,617877,3116709,,,22691,12062,781643,38429,282585,6903,15064,812,,,,,,
869,22,veryfast,WorldCup_far_1920x1080_30p,B,7.0555,981676,3036314,,,21730,16507,781074,36855,281385,14065,3950,1925,,,,,,
870,27,veryfast,Aerial3200,B,6.3714,711369,1198521,,,23225,55,781662,37843,282585,4816,15386,30,,,,,,
871,27,veryfast,Boat,B,6.8668,0,967733,,,20231,26,781626,37706,282584,4908,14949,16,,,,,,
872,27,veryfast,BoxingPractice,B,13.0487,1310757,2400589,,,22903,8121,781671,38260,282584,5740,15428,5585,,,,,,
873,27,veryfast,Crosswalk,B,12.9287,970538,2410561,,,24282,11068,781655,38154,282585,4603,15233,5156,,,,,,
874,27,veryfast,CrowdRun,B,7.0286,567505,1985147,,,24526,9026,781663,38097,282584,4312,15707,6141,,,,,,
875,27,veryfast,DinnerSceneCropped,B,6.3581,1000779,2377006,,,24724,10166,781658,38179,282585,4848,15244,4991,,,,,,
876,27,veryfast,FoodMarket,B,13.2135,658110,2957850,,,22190,8471,781641,37895,282585,5069,14993,1110,,,,,,
877,27,veryfast,FoodMarket2,B,6.3553,0,1159008,,,20417,12332,781649,38009,282585,4377,15581,8662,,,,,,
878,27,veryfast,MeridianTalk_sdr,B,6.3492,329129,2968781,,,23598,11660,781639,38192,282585,5845,16142,3081,,,,,,
879,27,veryfast,Motorcycle,B,7.0063,944896,2768264,,,23389,11230,781628,38294,282584,5503,15781,595,,,,,,
880,27,veryfast,MountainBike,B,7.0351,1051480,2303532,,,20346,1071,781073,36123,281386,12965,3871,0,,,,,,
881,27,veryfast,Neon1224,B,12.9711,1015775,2243869,,,25255,11490,781650,37998,282584,4435,15867,5111,,,,,,
882,27,veryfast,NocturneDance_3840x2160p_8bit,B,13.2943,929223,2798431,,,21831,11781,781073,36690,281386,13615,4088,237,,,,,,
883,27,veryfast,OldTownCross,B,7.1214,626074,3032959,,,22862,11381,781627,38044,282584,5644,15442,2668,,,,,,
884,27,veryfast,PedestrianArea,B,6.3449,2360679,2640013,,,22922,11174,781632,37918,282584,5846,15356,,,,,,,
885,27,veryfast,PierSeaSide,B,13.27,734265,3151621,,,22383,12191,781642,38176,282585,6416,15133,758,,,,,,
886,27,veryfast,RitualDance,B,6.3314,1016030,2781623,,,21777,12419,781072,36368,281386,13465,3985,7,,,,,,
887,27,veryfast,Riverbed,B,6.4041,0,1137359,,,20690,11924,781647,37846,282584,4390,14947,8475,,,,,,
888,27,veryfast,RushFieldCuts,B,7.0206,2230041,2631802,,,21256,13141,781073,36471,281385,13712,4045,0,,,,,,
889,27,veryfast,Skater227,B,6.3504,922400,2398607,,,24077,11071,781638,38204,282581,4633,14933,5051,,,,,,
890,27,veryfast,Tango,B,13.3681,539153,2975782,,,23113,11100,781655,38085,282585,5590,15681,1739,,,,,,
891,27,veryfast,TimeLapse,B,13.0925,0,2938476,,,22720,11522,781645,38047,282585,5832,15154,3823,,,,,,
892,27,veryfast,ToddlerFountain,B,7.0285,894257,2317106,,,24852,9280,781657,38122,282584,4616,15556,4833,,,,,,
893,27,veryfast,TreesAndGrass_1920_1080,B,7.1124,2708121,2985791,,,20544,9162,797498,38519,282933,8542,15954,,,,,,,
894,27,veryfast,TunnelFlag,B,6.3523,57950,3335249,,,20851,9227,797710,38703,282933,8658,16248,2712,,,,,,
895,27,veryfast,Vertical_Carnaby,B,6.3751,529786,4024462,,,20412,9092,796514,38561,282934,8537,15825,1226,,,,,,
896,27,veryfast,Vertical_bees,B,6.4061,1065246,1388514,,,20770,12497,781645,37917,282584,4807,15586,8365,,,,,,
897,27,veryfast,WalkingInStreet,B,7.2329,825660,1600399,,,22008,12116,781658,38063,282596,4510,15942,7577,,,,,,
898,27,veryfast,WorldCup_1920x1080_30p,B,6.3472,950765,2848443,,,22546,11648,781661,38151,282585,5830,15045,0,,,,,,
899,27,veryfast,WorldCup_far_1920x1080_30p,B,7.0531,995664,3071760,,,21575,16231,781074,36582,281385,14343,4084,2043,,,,,,
900,32,veryfast,Aerial3200,B,6.3725,525662,2047951,,,23317,7272,781637,37885,282585,4218,15089,4981,,,,,,
901,32,veryfast,Boat,B,6.3672,572444,1222887,,,20987,4831,781673,38316,282584,5058,14868,4360,,,,,,
902,32,veryfast,BoxingPractice,B,13.0006,3415817,2639530,,,22897,11201,781638,38349,282584,5643,15543,0,,,,,,
903,32,veryfast,Crosswalk,B,12.9114,1058827,1365526,,,21183,11969,781662,38059,282585,4519,15464,8068,,,,,,
904,32,veryfast,CrowdRun,B,7.072,525079,1292784,,,22226,7428,781665,38046,282584,4690,15993,8261,,,,,,
905,32,veryfast,DinnerSceneCropped,B,6.2705,2050402,2665834,,,21446,10883,781074,36441,281386,13184,3991,0,,,,,,
906,32,veryfast,FoodMarket,B,13.2082,769353,1701605,,,22914,9198,781647,38083,282585,4316,15413,6525,,,,,,
907,32,veryfast,FoodMarket2,B,6.3658,1688315,2589910,,,23011,9606,781660,37993,282585,5475,15459,0,,,,,,
908,32,veryfast,MeridianTalk_sdr,B,6.3348,0,2953327,,,23722,11711,781646,38317,282585,5918,16253,3594,,,,,,
909,32,veryfast,Motorcycle,B,7.0665,1085712,3191041,,,22728,10515,781648,38072,282584,6233,15256,3990,,,,,,
910,32,veryfast,MountainBike,B,6.9826,3075836,2402154,,,20794,11068,781073,36656,281386,13442,3984,,,,,,,
911,32,veryfast,Neon1224,B,12.957,470492,2083348,,,23301,11087,781655,37917,282584,4776,15428,6143,,,,,,
912,32,veryfast,NocturneDance_3840x2160p_8bit,B,13.2215,3815984,2380552,,,21464,11043,781074,36585,281386,12502,3951,,,,,,,
913,32,veryfast,OldTownCross,B,6.3166,2895160,2063767,,,21191,1701,781074,36335,281385,12757,3906,,,,,,,
914,32,veryfast,PedestrianArea,B,6.359,790800,3459338,,,21211,9675,796426,38783,282933,8635,16424,2330,,,,,,
915,32,veryfast,PierSeaSide,B,13.3017,910059,3075603,,,22343,11421,781655,38252,282585,6225,15143,266,,,,,,
916,32,veryfast,RitualDance,B,6.3146,903044,2863465,,,22086,9699,781074,36688,281386,13440,4047,878,,,,,,
917,32,veryfast,Riverbed,B,6.3958,94,2550913,,,21869,3091,781072,36473,281385,13534,4270,225,,,,,,
918,32,veryfast,RushFieldCuts,B,7.0422,606590,1922191,,,24212,11150,781656,38211,282584,4623,15599,6624,,,,,,
919,32,veryfast,Skater227,B,6.3241,3464979,2513976,,,21315,14801,781065,36628,281382,13315,4114,,,,,,,
920,32,veryfast,Tango,B,13.2135,3553311,3007554,,,19983,6495,795192,38468,282934,8487,15365,,,,,,,
921,32,veryfast,TimeLapse,B,13.1057,808204,1507443,,,22528,11717,781645,38003,282585,4555,15475,7793,,,,,,
922,32,veryfast,ToddlerFountain,B,6.6525,499874,2145922,,,23525,11039,781666,38076,282584,4688,15292,5764,,,,,,
923,32,veryfast,TreesAndGrass_1920_1080,B,7.0828,0,1208639,,,19278,12463,781655,37890,282585,4647,15592,8846,,,,,,
924,32,veryfast,TunnelFlag,B,6.3698,3379280,2651390,,,23595,11383,781657,38177,282585,5796,16142,,,,,,,
925,32,veryfast,Vertical_Carnaby,B,6.3654,1942000,3518402,,,20367,8656,796740,38548,282934,8504,15935,0,,,,,,
926,32,veryfast,Vertical_bees,B,6.4079,676849,1730134,,,22922,11248,781651,38000,282584,4495,15382,7032,,,,,,
927,32,veryfast,WalkingInStreet,B,7.1539,19,3040534,,,23328,11487,781654,38147,282584,6208,16000,4758,,,,,,
928,32,veryfast,WorldCup_1920x1080_30p,B,6.3585,1179167,3148687,,,22800,11315,781644,38095,282585,6399,15437,0,,,,,,
929,32,veryfast,WorldCup_far_1920x1080_30p,B,6.3898,991598,3094238,,,21672,16022,781074,37185,281385,14324,4122,2004,,,,,,
930,37,veryfast,Aerial3200,B,6.3831,675896,1568646,,,24155,45,781660,37920,282585,4860,15535,36,,,,,,
931,37,veryfast,Boat,B,6.3417,1041609,1334458,,,20187,8462,781668,38246,282584,5258,15437,7408,,,,,,
932,37,veryfast,BoxingPractice,B,13.0209,2851962,2661447,,,23485,11811,781651,38251,282584,5668,16051,,,,,,,
933,37,veryfast,Crosswalk,B,12.9536,1438445,2850486,,,23120,10360,781656,38340,282585,5267,15736,934,,,,,,
934,37,veryfast,CrowdRun,B,6.3421,0,923652,,,19048,9361,781656,38004,282584,4331,15798,8493,,,,,,
935,37,veryfast,DinnerSceneCropped,B,6.3238,856949,2481229,,,20884,82,781074,36241,281386,12995,3925,24,,,,,,
936,37,veryfast,FoodMarket,B,13.2051,1321465,2654678,,,23739,8278,781657,38114,282585,5225,15967,201,,,,,,
937,37,veryfast,FoodMarket2,B,6.3796,540827,3083767,,,22143,15231,781074,36745,281386,13063,4359,377,,,,,,
938,37,veryfast,MeridianTalk_sdr,B,6.3354,1062082,2752349,,,22549,8441,781651,38088,282585,5204,15068,0,,,,,,
939,37,veryfast,Motorcycle,B,6.3269,1651027,2714216,,,22547,8340,781655,37988,282584,5371,15148,,,,,,,
940,37,veryfast,MountainBike,B,6.3469,0,2633137,,,21105,2797,781073,36409,281386,13387,3970,160,,,,,,
941,37,veryfast,Neon1224,B,13.1415,555606,3001624,,,22746,11825,781668,37982,282584,5893,15393,1209,,,,,,
942,37,veryfast,NocturneDance_3840x2160p_8bit,B,13.1773,1584541,2859486,,,21656,15863,781074,36746,281386,13604,3972,0,,,,,,
943,37,veryfast,OldTownCross,B,6.3815,0,2888291,,,23101,11655,781654,37927,282584,5989,15576,5491,,,,,,
944,37,veryfast,PedestrianArea,B,6.3598,328,2976580,,,23093,11394,781662,37934,282584,5737,15774,3794,,,,,,
945,37,veryfast,PierSeaSide,B,13.1386,1185254,3135647,,,22428,11316,781650,38053,282585,5845,15264,275,,,,,,
946,37,veryfast,RitualDance,B,6.3482,513051,3021841,,,22998,11843,781624,38158,282585,5902,15582,1040,,,,,,
947,37,veryfast,Riverbed,B,6.362,642709,1748007,,,23118,11317,781638,38011,282584,4486,15000,7064,,,,,,
948,37,veryfast,RushFieldCuts,B,6.3248,976805,2673512,,,21235,1295,781073,36362,281385,13750,4188,56,,,,,,
949,37,veryfast,Skater227,B,6.2943,481971,2013008,,,23432,11213,781641,38243,282581,4487,15276,6208,,,,,,
950,37,veryfast,Tango,B,13.1884,2802590,3044637,,,20226,6704,794958,38433,282934,8270,15577,,,,,,,
951,37,veryfast,TimeLapse,B,13.1057,3537001,2695582,,,22556,11541,781623,38027,282585,6040,15075,,,,,,,
952,37,veryfast,ToddlerFountain,B,6.3507,1867536,2885072,,,20409,9087,796395,38683,282933,8688,15866,,,,,,,
953,37,veryfast,TreesAndGrass_1920_1080,B,6.3948,0,2907826,,,22758,11519,781643,38107,282585,6278,15288,5858,,,,,,
954,37,veryfast,TunnelFlag,B,6.3631,2139861,2694581,,,23453,12595,781625,38055,282585,5960,15955,,,,,,,
955,37,veryfast,Vertical_Carnaby,B,6.4461,582529,3191224,,,19802,8994,796897,38601,282934,8499,15205,401,,,,,,
956,37,veryfast,Vertical_bees,B,6.3596,475903,1992912,,,24014,11488,781649,37797,282584,4415,15743,6370,,,,,,
957,37,veryfast,WalkingInStreet,B,6.4568,177885,3092072,,,23083,11425,781667,38269,282584,5658,15666,3513,,,,,,
958,37,veryfast,WorldCup_1920x1080_30p,B,6.2898,1239726,2621859,,,22489,11162,781643,38021,282585,5810,15085,,,,,,,
959,37,veryfast,WorldCup_far_1920x1080_30p,B,6.313,557540,2509647,,,24457,11304,781641,38078,282584,5372,15183,5732,,,,,,
