video_name,qp,preset,bitrate_kbps,psnr_y,psnr_u,psnr_v
BoxingPractice_4k,22,ultrafast,201690.81,43.4504,47.9633,47.5162
BoxingPractice_4k,27,ultrafast,92213.70,41.5497,45.9635,45.4331
BoxingPractice_4k,32,ultrafast,50632.86,39.8368,44.2355,43.6337
BoxingPractice_4k,37,ultrafast,29903.56,37.8135,42.7756,42.1828
BoxingPractice_4k,22,superfast,194001.45,43.6209,47.9935,47.5447
BoxingPractice_4k,27,superfast,87156.69,41.7017,45.9075,45.3794
BoxingPractice_4k,32,superfast,48154.39,40.0424,44.1025,43.5097
BoxingPractice_4k,37,superfast,28730.17,38.0275,42.6035,42.0210
BoxingPractice_4k,22,veryfast,194417.28,43.6444,48.0462,47.5886
BoxingPractice_4k,27,veryfast,86946.66,41.7373,45.9482,45.4085
BoxingPractice_4k,32,veryfast,48016.09,40.0820,44.1219,43.5207
BoxingPractice_4k,37,veryfast,28528.15,38.0554,42.6074,42.0236
BoxingPractice_4k,22,faster,194417.28,43.6444,48.0462,47.5886
BoxingPractice_4k,27,faster,86946.66,41.7373,45.9482,45.4085
BoxingPractice_4k,32,faster,48016.09,40.0820,44.1219,43.5207
BoxingPractice_4k,37,faster,28528.15,38.0554,42.6074,42.0236
BoxingPractice_4k,22,fast,194418.70,43.6444,48.0462,47.5886
BoxingPractice_4k,27,fast,86948.07,41.7373,45.9482,45.4085
BoxingPractice_4k,32,fast,48017.50,40.0820,44.1219,43.5207
BoxingPractice_4k,37,fast,28529.57,38.0554,42.6074,42.0236
BoxingPractice_4k,22,medium,193889.58,43.6475,48.0469,47.5903
BoxingPractice_4k,27,medium,86730.01,41.7407,45.9531,45.4124
BoxingPractice_4k,32,medium,47898.56,40.0861,44.1194,43.5208
BoxingPractice_4k,37,medium,28573.94,38.0595,42.6124,42.0285
BoxingPractice_4k,22,slow,149519.22,43.1662,47.7296,47.2551
BoxingPractice_4k,27,slow,73567.81,41.5130,45.5604,44.9352
BoxingPractice_4k,32,slow,42310.08,39.8416,43.5679,42.8727
BoxingPractice_4k,37,slow,24831.92,37.7015,41.9942,41.3381
BoxingPractice_4k,22,slower,149633.45,43.1748,47.7383,47.2628
BoxingPractice_4k,27,slower,73414.41,41.5193,45.5728,44.9507
BoxingPractice_4k,32,slower,42215.21,39.8533,43.5934,42.9020
BoxingPractice_4k,37,slower,24761.12,37.7202,42.0355,41.3790
BoxingPractice_4k,22,veryslow,149634.86,43.1748,47.7383,47.2628
BoxingPractice_4k,27,veryslow,73415.83,41.5193,45.5728,44.9507
BoxingPractice_4k,32,veryslow,42216.62,39.8533,43.5934,42.9020
BoxingPractice_4k,37,veryslow,24762.54,37.7202,42.0355,41.3790
BoxingPractice_4k,22,placebo,149895.88,43.1762,47.7422,47.2650
BoxingPractice_4k,27,placebo,73550.82,41.5211,45.5741,44.9514
BoxingPractice_4k,32,placebo,42283.65,39.8536,43.5996,42.8933
BoxingPractice_4k,37,placebo,24830.03,37.7169,42.0391,41.3713
Crosswalk_4k,22,ultrafast,107053.85,43.4057,48.4176,50.8251
Crosswalk_4k,27,ultrafast,38101.26,42.4384,47.3549,49.7769
Crosswalk_4k,32,ultrafast,20832.19,41.6119,46.2256,48.4043
Crosswalk_4k,37,ultrafast,12763.35,40.4393,45.1828,47.1116
Crosswalk_4k,22,superfast,107569.75,43.4358,48.3989,50.7822
Crosswalk_4k,27,superfast,37966.74,42.4575,47.3663,49.7974
Crosswalk_4k,32,superfast,20771.78,41.6314,46.2419,48.4187
Crosswalk_4k,37,superfast,12712.85,40.4601,45.2165,47.1706
Crosswalk_4k,22,veryfast,107545.68,43.4495,48.4148,50.8094
Crosswalk_4k,27,veryfast,37888.39,42.4767,47.3588,49.7932
Crosswalk_4k,32,veryfast,20644.81,41.6451,46.2380,48.4231
Crosswalk_4k,37,veryfast,12552.84,40.4614,45.2230,47.1739
Crosswalk_4k,22,faster,107545.68,43.4495,48.4148,50.8094
Crosswalk_4k,27,faster,37888.39,42.4767,47.3588,49.7932
Crosswalk_4k,32,faster,20644.81,41.6451,46.2380,48.4231
Crosswalk_4k,37,faster,12552.84,40.4614,45.2230,47.1739
Crosswalk_4k,22,fast,107547.09,43.4495,48.4148,50.8094
Crosswalk_4k,27,fast,37889.80,42.4767,47.3588,49.7932
Crosswalk_4k,32,fast,20646.22,41.6451,46.2380,48.4231
Crosswalk_4k,37,fast,12554.26,40.4614,45.2230,47.1739
Crosswalk_4k,22,medium,107443.73,43.4520,48.4266,50.8297
Crosswalk_4k,27,medium,37634.92,42.4814,47.3586,49.7828
Crosswalk_4k,32,medium,20498.02,41.6550,46.2422,48.4197
Crosswalk_4k,37,medium,12457.97,40.4755,45.2244,47.1637
Crosswalk_4k,22,slow,63661.95,43.0458,48.2063,50.7258
Crosswalk_4k,27,slow,31558.86,42.3775,47.2027,49.7139
Crosswalk_4k,32,slow,18260.26,41.5303,45.9526,48.1811
Crosswalk_4k,37,slow,11187.82,40.2834,44.8479,46.8139
Crosswalk_4k,22,slower,63606.25,43.0516,48.2092,50.7189
Crosswalk_4k,27,slower,31570.66,42.3876,47.2053,49.7107
Crosswalk_4k,32,slower,18252.71,41.5426,45.9540,48.1920
Crosswalk_4k,37,slower,11171.77,40.3042,44.8506,46.8291
Crosswalk_4k,22,veryslow,63607.67,43.0516,48.2092,50.7189
Crosswalk_4k,27,veryslow,31572.08,42.3876,47.2053,49.7107
Crosswalk_4k,32,veryslow,18254.13,41.5426,45.9540,48.1920
Crosswalk_4k,37,veryslow,11173.18,40.3042,44.8506,46.8291
Crosswalk_4k,22,placebo,63583.12,43.0517,48.2100,50.7222
Crosswalk_4k,27,placebo,31539.52,42.3872,47.2058,49.7169
Crosswalk_4k,32,placebo,18174.36,41.5397,45.9544,48.1886
Crosswalk_4k,37,placebo,11156.66,40.3021,44.8489,46.8488
FoodMarket2_4k,22,ultrafast,190724.36,44.4462,48.1455,48.2223
FoodMarket2_4k,27,ultrafast,106721.09,42.5368,45.7804,45.9910
FoodMarket2_4k,32,ultrafast,61635.65,40.3034,43.7140,44.0341
FoodMarket2_4k,37,ultrafast,36754.17,37.8166,42.1160,42.4767
FoodMarket2_4k,22,superfast,189082.73,44.5237,48.1778,48.2401
FoodMarket2_4k,27,superfast,105854.03,42.6196,45.7761,45.9689
FoodMarket2_4k,32,superfast,61366.14,40.4003,43.6975,44.0105
FoodMarket2_4k,37,superfast,36734.34,37.9031,42.1074,42.4689
FoodMarket2_4k,22,veryfast,189047.34,44.5530,48.2226,48.2891
FoodMarket2_4k,27,veryfast,105619.91,42.6577,45.7833,45.9785
FoodMarket2_4k,32,veryfast,61178.28,40.4372,43.6941,44.0079
FoodMarket2_4k,37,veryfast,36458.23,37.9090,42.0857,42.4544
FoodMarket2_4k,22,faster,189047.34,44.5530,48.2226,48.2891
FoodMarket2_4k,27,faster,105619.91,42.6577,45.7833,45.9785
FoodMarket2_4k,32,faster,61178.28,40.4372,43.6941,44.0079
FoodMarket2_4k,37,faster,36458.23,37.9090,42.0857,42.4544
FoodMarket2_4k,22,fast,189048.75,44.5530,48.2226,48.2891
FoodMarket2_4k,27,fast,105621.34,42.6577,45.7833,45.9785
FoodMarket2_4k,32,fast,61179.70,40.4372,43.6941,44.0079
FoodMarket2_4k,37,fast,36459.64,37.9090,42.0857,42.4544
FoodMarket2_4k,22,medium,188814.64,44.5605,48.2322,48.2962
FoodMarket2_4k,27,medium,105425.93,42.6636,45.7974,45.9968
FoodMarket2_4k,32,medium,60986.18,40.4462,43.7108,44.0262
FoodMarket2_4k,37,medium,36427.55,37.9174,42.1048,42.4688
FoodMarket2_4k,22,slow,158995.09,44.2511,47.9045,47.9448
FoodMarket2_4k,27,slow,92350.11,42.4055,45.3799,45.6209
FoodMarket2_4k,32,slow,54766.16,40.1806,43.1801,43.5767
FoodMarket2_4k,37,slow,31901.07,37.5483,41.5635,41.9796
FoodMarket2_4k,22,slower,158884.66,44.2587,47.8991,47.9411
FoodMarket2_4k,27,slower,92230.69,42.4149,45.3756,45.6099
FoodMarket2_4k,32,slower,54872.84,40.1944,43.1801,43.5768
FoodMarket2_4k,37,slower,31926.55,37.5684,41.5641,41.9819
FoodMarket2_4k,22,veryslow,158886.06,44.2587,47.8991,47.9411
FoodMarket2_4k,27,veryslow,92232.11,42.4149,45.3756,45.6099
FoodMarket2_4k,32,veryslow,54874.25,40.1944,43.1801,43.5768
FoodMarket2_4k,37,veryslow,31927.97,37.5684,41.5641,41.9819
FoodMarket2_4k,22,placebo,158794.02,44.2586,47.9034,47.9439
FoodMarket2_4k,27,placebo,92282.61,42.4160,45.3811,45.6153
FoodMarket2_4k,32,placebo,54816.67,40.1922,43.1829,43.5799
FoodMarket2_4k,37,placebo,31956.76,37.5646,41.5661,41.9828
Neon1224_4k,22,ultrafast,89286.83,45.8222,50.1035,49.8174
Neon1224_4k,27,ultrafast,48990.75,43.1674,47.5818,47.1766
Neon1224_4k,32,ultrafast,27615.19,40.6754,45.2021,44.7769
Neon1224_4k,37,ultrafast,16404.95,38.2811,43.1642,42.6960
Neon1224_4k,22,superfast,84579.31,46.6216,49.9449,49.7329
Neon1224_4k,27,superfast,46100.03,43.8235,47.3072,46.9884
Neon1224_4k,32,superfast,25778.45,41.1929,44.8312,44.4551
Neon1224_4k,37,superfast,15361.88,38.7103,42.8137,42.3765
Neon1224_4k,22,veryfast,84906.20,46.6795,50.0856,49.8628
Neon1224_4k,27,veryfast,46080.77,43.8882,47.4381,47.1071
Neon1224_4k,32,veryfast,25751.77,41.2516,44.9347,44.5541
Neon1224_4k,37,veryfast,15288.57,38.7534,42.8686,42.4179
Neon1224_4k,22,faster,84906.20,46.6795,50.0856,49.8628
Neon1224_4k,27,faster,46080.77,43.8882,47.4381,47.1071
Neon1224_4k,32,faster,25751.77,41.2516,44.9347,44.5541
Neon1224_4k,37,faster,15288.57,38.7534,42.8686,42.4179
Neon1224_4k,22,fast,84906.91,46.6795,50.0856,49.8628
Neon1224_4k,27,fast,46081.47,43.8882,47.4381,47.1071
Neon1224_4k,32,fast,25752.46,41.2516,44.9347,44.5541
Neon1224_4k,37,fast,15289.26,38.7534,42.8686,42.4179
Neon1224_4k,22,medium,84738.94,46.6900,50.0941,49.8696
Neon1224_4k,27,medium,46044.35,43.8975,47.4313,47.1059
Neon1224_4k,32,medium,25666.16,41.2569,44.9361,44.5529
Neon1224_4k,37,medium,15275.11,38.7575,42.8714,42.4189
Neon1224_4k,22,slow,77427.45,46.4424,49.8865,49.6331
Neon1224_4k,27,slow,40862.86,43.5554,47.1494,46.7702
Neon1224_4k,32,slow,22945.03,40.9197,44.5112,44.1384
Neon1224_4k,37,slow,13673.85,38.3570,42.5008,41.9942
Neon1224_4k,22,slower,77580.57,46.4695,49.8828,49.6217
Neon1224_4k,27,slower,40718.79,43.5758,47.1529,46.7677
Neon1224_4k,32,slower,22874.04,40.9407,44.5402,44.1496
Neon1224_4k,37,slower,13615.38,38.3928,42.5342,42.0245
Neon1224_4k,22,veryslow,77581.27,46.4695,49.8828,49.6217
Neon1224_4k,27,veryslow,40719.48,43.5758,47.1529,46.7677
Neon1224_4k,32,veryslow,22874.74,40.9407,44.5402,44.1496
Neon1224_4k,37,veryslow,13616.08,38.3928,42.5342,42.0245
Neon1224_4k,22,placebo,77447.17,46.4677,49.8891,49.6300
Neon1224_4k,27,placebo,40716.47,43.5737,47.1631,46.7786
Neon1224_4k,32,placebo,22898.40,40.9371,44.5531,44.1609
Neon1224_4k,37,placebo,13626.29,38.3812,42.5525,42.0252
NocturneDance_4k,22,ultrafast,215672.66,47.0425,44.2395,47.3587
NocturneDance_4k,27,ultrafast,120192.48,44.1384,41.3676,45.1915
NocturneDance_4k,32,ultrafast,64826.88,41.0790,39.2908,43.6617
NocturneDance_4k,37,ultrafast,34006.56,38.1522,37.8804,42.6696
NocturneDance_4k,22,superfast,207714.25,47.3319,44.5219,47.6278
NocturneDance_4k,27,superfast,116323.20,44.4222,41.5817,45.3315
NocturneDance_4k,32,superfast,63811.68,41.3846,39.4446,43.7278
NocturneDance_4k,37,superfast,33993.12,38.4014,37.9780,42.6968
NocturneDance_4k,22,veryfast,207963.86,47.3971,44.5561,47.6715
NocturneDance_4k,27,veryfast,116352.96,44.4751,41.6090,45.3653
NocturneDance_4k,32,veryfast,63880.80,41.4313,39.4619,43.7517
NocturneDance_4k,37,veryfast,34022.88,38.4352,37.9863,42.7081
NocturneDance_4k,22,faster,207963.86,47.3971,44.5561,47.6715
NocturneDance_4k,27,faster,116352.96,44.4751,41.6090,45.3653
NocturneDance_4k,32,faster,63880.80,41.4313,39.4619,43.7517
NocturneDance_4k,37,faster,34022.88,38.4352,37.9863,42.7081
NocturneDance_4k,22,fast,207965.28,47.3971,44.5561,47.6715
NocturneDance_4k,27,fast,116354.41,44.4751,41.6090,45.3653
NocturneDance_4k,32,fast,63882.25,41.4313,39.4619,43.7517
NocturneDance_4k,37,fast,34024.32,38.4352,37.9863,42.7081
NocturneDance_4k,22,medium,207844.34,47.4078,44.5567,47.6704
NocturneDance_4k,27,medium,116272.33,44.4807,41.6112,45.3641
NocturneDance_4k,32,medium,63773.76,41.4368,39.4614,43.7472
NocturneDance_4k,37,medium,33857.28,38.4370,37.9841,42.7116
NocturneDance_4k,22,slow,188750.89,47.2463,44.1460,47.2786
NocturneDance_4k,27,slow,102818.88,44.1984,41.0634,44.9716
NocturneDance_4k,32,slow,54713.29,41.0776,38.8207,43.4085
NocturneDance_4k,37,slow,27637.92,37.9775,37.2925,42.4854
NocturneDance_4k,22,slower,188418.25,47.2618,44.1526,47.2810
NocturneDance_4k,27,slower,102456.01,44.2111,41.0839,44.9830
NocturneDance_4k,32,slower,54755.04,41.1035,38.8579,43.4364
NocturneDance_4k,37,slower,28003.68,38.0351,37.3648,42.5091
NocturneDance_4k,22,veryslow,188419.69,47.2618,44.1526,47.2810
NocturneDance_4k,27,veryslow,102457.44,44.2111,41.0839,44.9830
NocturneDance_4k,32,veryslow,54756.48,41.1035,38.8579,43.4364
NocturneDance_4k,37,veryslow,28005.12,38.0351,37.3648,42.5091
NocturneDance_4k,22,placebo,188653.94,47.2654,44.1612,47.2910
NocturneDance_4k,27,placebo,102765.61,44.2175,41.0846,44.9908
NocturneDance_4k,32,placebo,54746.88,41.1055,38.8510,43.4240
NocturneDance_4k,37,placebo,27875.52,38.0279,37.3510,42.4981
PierSeaSide_4k,22,ultrafast,50993.37,45.7171,47.6910,45.7925
PierSeaSide_4k,27,ultrafast,27766.23,43.9983,45.8809,44.1346
PierSeaSide_4k,32,ultrafast,16182.47,41.9250,44.1544,42.8272
PierSeaSide_4k,37,ultrafast,9876.94,39.5801,42.6825,41.7341
PierSeaSide_4k,22,superfast,49151.99,45.8454,47.6834,45.8310
PierSeaSide_4k,27,superfast,26586.74,44.1472,45.8228,44.1244
PierSeaSide_4k,32,superfast,15705.47,42.1091,44.0163,42.7413
PierSeaSide_4k,37,superfast,9656.30,39.7401,42.5155,41.5944
PierSeaSide_4k,22,veryfast,49042.02,45.8780,47.7139,45.8498
PierSeaSide_4k,27,veryfast,26502.75,44.1986,45.8447,44.1416
PierSeaSide_4k,32,veryfast,15578.80,42.1574,44.0186,42.7489
PierSeaSide_4k,37,veryfast,9565.82,39.7565,42.5250,41.6058
PierSeaSide_4k,22,faster,49042.02,45.8780,47.7139,45.8498
PierSeaSide_4k,27,faster,26502.75,44.1986,45.8447,44.1416
PierSeaSide_4k,32,faster,15578.80,42.1574,44.0186,42.7489
PierSeaSide_4k,37,faster,9565.82,39.7565,42.5250,41.6058
PierSeaSide_4k,22,fast,49042.71,45.8780,47.7139,45.8498
PierSeaSide_4k,27,fast,26503.45,44.1986,45.8447,44.1416
PierSeaSide_4k,32,fast,15579.50,42.1574,44.0186,42.7489
PierSeaSide_4k,37,fast,9566.52,39.7565,42.5250,41.6058
PierSeaSide_4k,22,medium,48925.09,45.8808,47.7189,45.8525
PierSeaSide_4k,27,medium,26476.54,44.2018,45.8406,44.1378
PierSeaSide_4k,32,medium,15573.70,42.1626,44.0152,42.7464
PierSeaSide_4k,37,medium,9519.66,39.7543,42.5201,41.6071
PierSeaSide_4k,22,slow,42221.45,45.6810,47.4593,45.4909
PierSeaSide_4k,27,slow,23554.73,43.9837,45.4759,43.7788
PierSeaSide_4k,32,slow,13774.07,41.8752,43.5088,42.3115
PierSeaSide_4k,37,slow,8339.47,39.3753,41.9072,41.0983
PierSeaSide_4k,22,slower,42108.00,45.6896,47.4599,45.4906
PierSeaSide_4k,27,slower,23523.64,43.9978,45.4752,43.7838
PierSeaSide_4k,32,slower,13810.73,41.8888,43.5131,42.3160
PierSeaSide_4k,37,slower,8343.65,39.3947,41.9280,41.1060
PierSeaSide_4k,22,veryslow,42108.70,45.6896,47.4599,45.4906
PierSeaSide_4k,27,veryslow,23524.34,43.9978,45.4752,43.7838
PierSeaSide_4k,32,veryslow,13811.42,41.8888,43.5131,42.3160
PierSeaSide_4k,37,veryslow,8344.34,39.3947,41.9280,41.1060
PierSeaSide_4k,22,placebo,42210.08,45.6883,47.4631,45.4931
PierSeaSide_4k,27,placebo,23515.99,43.9976,45.4785,43.7833
PierSeaSide_4k,32,placebo,13835.32,41.8863,43.5260,42.3201
PierSeaSide_4k,37,placebo,8384.25,39.3892,41.9270,41.1140
Tango_4k,22,ultrafast,195721.42,41.8853,48.9071,47.6588
Tango_4k,27,ultrafast,63216.85,40.2881,47.7293,46.0278
Tango_4k,32,ultrafast,32140.37,39.3442,46.3969,44.4555
Tango_4k,37,ultrafast,19338.31,38.1581,45.1517,43.1149
Tango_4k,22,superfast,191848.66,41.9379,48.8111,47.5514
Tango_4k,27,superfast,62341.76,40.3228,47.6872,46.0002
Tango_4k,32,superfast,31678.28,39.3899,46.3662,44.4375
Tango_4k,37,superfast,19151.87,38.2100,45.1352,43.1155
Tango_4k,22,veryfast,192098.81,41.9514,48.8695,47.6113
Tango_4k,27,veryfast,62464.95,40.3413,47.6918,46.0136
Tango_4k,32,veryfast,31541.40,39.4054,46.3623,44.4371
Tango_4k,37,veryfast,18996.58,38.2195,45.1105,43.1052
Tango_4k,22,faster,192098.81,41.9514,48.8695,47.6113
Tango_4k,27,faster,62464.95,40.3413,47.6918,46.0136
Tango_4k,32,faster,31541.40,39.4054,46.3623,44.4371
Tango_4k,37,faster,18996.58,38.2195,45.1105,43.1052
Tango_4k,22,fast,192100.22,41.9514,48.8695,47.6113
Tango_4k,27,fast,62466.37,40.3413,47.6918,46.0136
Tango_4k,32,fast,31542.82,39.4054,46.3623,44.4371
Tango_4k,37,fast,18998.00,38.2195,45.1105,43.1052
Tango_4k,22,medium,191964.77,41.9535,48.8648,47.6062
Tango_4k,27,medium,62174.68,40.3440,47.7000,46.0251
Tango_4k,32,medium,31478.62,39.4101,46.3673,44.4441
Tango_4k,37,medium,18946.08,38.2247,45.1222,43.1025
Tango_4k,22,slow,126786.29,41.4165,48.7704,47.3848
Tango_4k,27,slow,49123.88,40.1691,47.5485,45.7121
Tango_4k,32,slow,27893.79,39.2705,46.0946,43.9766
Tango_4k,37,slow,16879.66,38.0131,44.8080,42.5944
Tango_4k,22,slower,127322.00,41.4263,48.7778,47.3943
Tango_4k,27,slower,49120.10,40.1751,47.5531,45.7198
Tango_4k,32,slower,27946.65,39.2817,46.0946,43.9876
Tango_4k,37,slower,16860.78,38.0289,44.8069,42.6099
Tango_4k,22,veryslow,127323.43,41.4263,48.7778,47.3943
Tango_4k,27,veryslow,49121.52,40.1751,47.5531,45.7198
Tango_4k,32,veryslow,27948.06,39.2817,46.0946,43.9876
Tango_4k,37,veryslow,16862.20,38.0289,44.8069,42.6099
Tango_4k,22,placebo,127472.11,41.4252,48.7746,47.3928
Tango_4k,27,placebo,49239.04,40.1747,47.5555,45.7244
Tango_4k,32,placebo,27880.10,39.2794,46.1014,43.9909
Tango_4k,37,placebo,16848.04,38.0264,44.8182,42.6111
TimeLapse_4k,22,ultrafast,267827.44,44.1040,47.9635,49.2402
TimeLapse_4k,27,ultrafast,147836.06,41.5425,45.6444,47.2812
TimeLapse_4k,32,ultrafast,81594.17,38.8999,43.7221,45.4789
TimeLapse_4k,37,ultrafast,44072.05,36.3030,42.2687,44.0161
TimeLapse_4k,22,superfast,258977.45,44.3549,47.9430,49.1747
TimeLapse_4k,27,superfast,141716.59,41.7486,45.4815,47.0332
TimeLapse_4k,32,superfast,78607.35,39.1145,43.4609,45.1139
TimeLapse_4k,37,superfast,43067.17,36.4864,41.9736,43.6710
TimeLapse_4k,22,veryfast,258823.58,44.3855,47.9760,49.2342
TimeLapse_4k,27,veryfast,141686.86,41.7916,45.5064,47.0631
TimeLapse_4k,32,veryfast,78553.55,39.1579,43.4752,45.1316
TimeLapse_4k,37,veryfast,42750.46,36.5056,41.9883,43.6858
TimeLapse_4k,22,faster,258823.58,44.3855,47.9760,49.2342
TimeLapse_4k,27,faster,141686.86,41.7916,45.5064,47.0631
TimeLapse_4k,32,faster,78553.55,39.1579,43.4752,45.1316
TimeLapse_4k,37,faster,42750.46,36.5056,41.9883,43.6858
TimeLapse_4k,22,fast,258824.98,44.3855,47.9760,49.2342
TimeLapse_4k,27,fast,141688.27,41.7916,45.5064,47.0631
TimeLapse_4k,32,fast,78554.96,39.1579,43.4752,45.1316
TimeLapse_4k,37,fast,42751.88,36.5056,41.9883,43.6858
TimeLapse_4k,22,medium,258556.91,44.3916,47.9727,49.2309
TimeLapse_4k,27,medium,141563.66,41.7963,45.5018,47.0548
TimeLapse_4k,32,medium,78316.13,39.1610,43.4704,45.1190
TimeLapse_4k,37,medium,42737.71,36.5069,42.0001,43.6856
TimeLapse_4k,22,slow,224910.38,44.0781,47.5391,48.9121
TimeLapse_4k,27,slow,125266.45,41.5007,44.9527,46.6506
TimeLapse_4k,32,slow,68904.92,38.7940,42.8168,44.6465
TimeLapse_4k,37,slow,36436.99,36.0567,41.3417,43.2820
TimeLapse_4k,22,slower,224574.31,44.0875,47.5404,48.9129
TimeLapse_4k,27,slower,125126.73,41.5065,44.9629,46.6693
TimeLapse_4k,32,slower,68801.08,38.8048,42.8505,44.6626
TimeLapse_4k,37,slower,36461.53,36.0710,41.3899,43.3097
TimeLapse_4k,22,veryslow,224575.72,44.0875,47.5404,48.9129
TimeLapse_4k,27,veryslow,125128.16,41.5065,44.9629,46.6693
TimeLapse_4k,32,veryslow,68802.50,38.8048,42.8505,44.6626
TimeLapse_4k,37,veryslow,36462.95,36.0710,41.3899,43.3097
TimeLapse_4k,22,placebo,224516.25,44.0878,47.5453,48.9208
TimeLapse_4k,27,placebo,125106.43,41.5075,44.9640,46.6654
TimeLapse_4k,32,placebo,68850.17,38.8027,42.8552,44.6696
TimeLapse_4k,37,placebo,36502.12,36.0664,41.3963,43.3074
Boat_2k,22,ultrafast,195756.81,41.7738,42.9299,43.7931
Boat_2k,27,ultrafast,122790.81,37.9878,40.1069,41.2800
Boat_2k,32,ultrafast,73431.88,34.3344,38.2662,39.5826
Boat_2k,37,ultrafast,42022.16,31.0401,37.0396,38.3296
Boat_2k,22,superfast,189705.31,42.2202,43.1292,44.0039
Boat_2k,27,superfast,118941.18,38.3399,40.2074,41.3941
Boat_2k,32,superfast,71352.25,34.6628,38.2512,39.5712
Boat_2k,37,superfast,41125.84,31.3303,36.9286,38.2168
Boat_2k,22,veryfast,189912.52,42.2805,43.2186,44.1424
Boat_2k,27,veryfast,118836.86,38.4456,40.3034,41.5314
Boat_2k,32,veryfast,71262.56,34.7798,38.3280,39.7025
Boat_2k,37,veryfast,41005.48,31.4238,36.9810,38.3116
Boat_2k,22,faster,189912.52,42.2805,43.2186,44.1424
Boat_2k,27,faster,118836.86,38.4456,40.3034,41.5314
Boat_2k,32,faster,71262.56,34.7798,38.3280,39.7025
Boat_2k,37,faster,41005.48,31.4238,36.9810,38.3116
Boat_2k,22,fast,189913.92,42.2805,43.2186,44.1424
Boat_2k,27,fast,118838.28,38.4456,40.3034,41.5314
Boat_2k,32,fast,71263.98,34.7798,38.3280,39.7025
Boat_2k,37,fast,41006.89,31.4238,36.9810,38.3116
Boat_2k,22,medium,189808.20,42.2954,43.2148,44.1436
Boat_2k,27,medium,118765.12,38.4541,40.3020,41.5275
Boat_2k,32,medium,71223.86,34.7868,38.3253,39.7025
Boat_2k,37,medium,41078.63,31.4306,36.9837,38.3214
Boat_2k,22,slow,178380.61,42.1920,42.7192,43.6315
Boat_2k,27,slow,109477.10,38.2296,39.7090,41.0003
Boat_2k,32,slow,64491.73,34.4940,37.7557,39.2492
Boat_2k,37,slow,36194.85,31.0198,36.5125,37.8691
Boat_2k,22,slower,178322.56,42.2017,42.7251,43.6384
Boat_2k,27,slower,109275.55,38.2358,39.7103,41.0069
Boat_2k,32,slower,64485.59,34.4995,37.7655,39.2478
Boat_2k,37,slower,36276.04,31.0300,36.5298,37.8908
Boat_2k,22,veryslow,178323.97,42.2017,42.7251,43.6384
Boat_2k,27,veryslow,109276.98,38.2358,39.7103,41.0069
Boat_2k,32,veryslow,64487.00,34.4995,37.7655,39.2478
Boat_2k,37,veryslow,36277.45,31.0300,36.5298,37.8908
Boat_2k,22,placebo,178311.22,42.2034,42.7405,43.6478
Boat_2k,27,placebo,109491.73,38.2370,39.7121,41.0100
Boat_2k,32,placebo,64567.25,34.5034,37.7671,39.2570
Boat_2k,37,placebo,36248.19,31.0240,36.5361,37.9028
FoodMarket_2k,22,ultrafast,98697.09,41.4159,44.6908,45.2470
FoodMarket_2k,27,ultrafast,44836.70,38.9598,42.8466,43.7718
FoodMarket_2k,32,ultrafast,23200.69,36.9026,41.4926,42.5112
FoodMarket_2k,37,ultrafast,12557.56,34.8164,40.4468,41.4157
FoodMarket_2k,22,superfast,96871.87,41.5957,44.7455,45.2678
FoodMarket_2k,27,superfast,43134.66,39.0952,42.8493,43.7193
FoodMarket_2k,32,superfast,22441.24,37.0801,41.4656,42.4255
FoodMarket_2k,37,superfast,12246.98,34.9917,40.4311,41.3215
FoodMarket_2k,22,veryfast,97006.86,41.6162,44.7578,45.2908
FoodMarket_2k,27,veryfast,43048.76,39.1304,42.8587,43.7343
FoodMarket_2k,32,veryfast,22462.95,37.1189,41.4723,42.4260
FoodMarket_2k,37,veryfast,12168.16,35.0054,40.4235,41.3133
FoodMarket_2k,22,faster,97006.86,41.6162,44.7578,45.2908
FoodMarket_2k,27,faster,43048.76,39.1304,42.8587,43.7343
FoodMarket_2k,32,faster,22462.95,37.1189,41.4723,42.4260
FoodMarket_2k,37,faster,12168.16,35.0054,40.4235,41.3133
FoodMarket_2k,22,fast,97008.28,41.6162,44.7578,45.2908
FoodMarket_2k,27,fast,43050.18,39.1304,42.8587,43.7343
FoodMarket_2k,32,fast,22464.37,37.1189,41.4723,42.4260
FoodMarket_2k,37,fast,12169.58,35.0054,40.4235,41.3133
FoodMarket_2k,22,medium,96907.73,41.6230,44.7585,45.2895
FoodMarket_2k,27,medium,43006.28,39.1341,42.8581,43.7393
FoodMarket_2k,32,medium,22370.44,37.1238,41.4734,42.4341
FoodMarket_2k,37,medium,12123.32,35.0076,40.4285,41.3197
FoodMarket_2k,22,slow,76702.36,41.0589,44.3344,44.9799
FoodMarket_2k,27,slow,36950.99,38.8610,42.4945,43.5084
FoodMarket_2k,32,slow,19625.76,36.8317,41.0773,42.0997
FoodMarket_2k,37,slow,10435.45,34.6399,39.9990,40.9528
FoodMarket_2k,22,slower,76638.65,41.0679,44.3368,44.9853
FoodMarket_2k,27,slower,36875.00,38.8673,42.5024,43.5150
FoodMarket_2k,32,slower,19591.31,36.8395,41.0917,42.1187
FoodMarket_2k,37,slower,10439.22,34.6540,40.0290,40.9693
FoodMarket_2k,22,veryslow,76640.05,41.0679,44.3368,44.9853
FoodMarket_2k,27,veryslow,36876.42,38.8673,42.5024,43.5150
FoodMarket_2k,32,veryslow,19592.72,36.8395,41.0917,42.1187
FoodMarket_2k,37,veryslow,10440.64,34.6540,40.0290,40.9693
FoodMarket_2k,22,placebo,76723.13,41.0653,44.3411,44.9877
FoodMarket_2k,27,placebo,36878.30,38.8653,42.5034,43.5210
FoodMarket_2k,32,placebo,19511.54,36.8361,41.0955,42.1283
FoodMarket_2k,37,placebo,10461.41,34.6486,40.0221,40.9706
MeridianTalk_sdr_2k,22,ultrafast,39734.38,43.0265,45.8941,50.3189
MeridianTalk_sdr_2k,27,ultrafast,16678.59,41.5104,44.9919,48.8062
MeridianTalk_sdr_2k,32,ultrafast,9247.90,40.0737,43.9795,47.0941
MeridianTalk_sdr_2k,37,ultrafast,5596.98,38.4323,43.0045,45.5987
MeridianTalk_sdr_2k,22,superfast,37806.26,43.1677,45.8953,50.2145
MeridianTalk_sdr_2k,27,superfast,15608.10,41.6739,44.9284,48.6028
MeridianTalk_sdr_2k,32,superfast,8793.83,40.2728,43.8997,46.9458
MeridianTalk_sdr_2k,37,superfast,5415.73,38.6197,42.9676,45.4642
MeridianTalk_sdr_2k,22,veryfast,37716.11,43.1971,45.9309,50.2955
MeridianTalk_sdr_2k,27,veryfast,15509.92,41.7142,44.9508,48.6509
MeridianTalk_sdr_2k,32,veryfast,8705.57,40.3082,43.9102,46.9365
MeridianTalk_sdr_2k,37,veryfast,5356.26,38.6356,42.9841,45.4750
MeridianTalk_sdr_2k,22,faster,37716.11,43.1971,45.9309,50.2955
MeridianTalk_sdr_2k,27,faster,15509.92,41.7142,44.9508,48.6509
MeridianTalk_sdr_2k,32,faster,8705.57,40.3082,43.9102,46.9365
MeridianTalk_sdr_2k,37,faster,5356.26,38.6356,42.9841,45.4750
MeridianTalk_sdr_2k,22,fast,37717.52,43.1971,45.9309,50.2955
MeridianTalk_sdr_2k,27,fast,15511.34,41.7142,44.9508,48.6509
MeridianTalk_sdr_2k,32,fast,8706.98,40.3082,43.9102,46.9365
MeridianTalk_sdr_2k,37,fast,5357.67,38.6356,42.9841,45.4750
MeridianTalk_sdr_2k,22,medium,37612.27,43.1997,45.9348,50.2953
MeridianTalk_sdr_2k,27,medium,15452.81,41.7178,44.9457,48.6347
MeridianTalk_sdr_2k,32,medium,8695.18,40.3098,43.8990,46.9239
MeridianTalk_sdr_2k,37,medium,5323.22,38.6386,42.9572,45.4047
MeridianTalk_sdr_2k,22,slow,25891.09,42.7468,45.6964,50.0648
MeridianTalk_sdr_2k,27,slow,13273.11,41.4899,44.6945,48.3104
MeridianTalk_sdr_2k,32,slow,7631.77,40.0260,43.5323,46.4239
MeridianTalk_sdr_2k,37,slow,4728.97,38.3084,42.5095,44.6851
MeridianTalk_sdr_2k,22,slower,25987.38,42.7539,45.7035,50.0664
MeridianTalk_sdr_2k,27,slower,13237.24,41.4993,44.6983,48.3147
MeridianTalk_sdr_2k,32,slower,7600.14,40.0387,43.5483,46.4189
MeridianTalk_sdr_2k,37,slower,4685.07,38.3195,42.5553,44.7278
MeridianTalk_sdr_2k,22,veryslow,25988.79,42.7539,45.7035,50.0664
MeridianTalk_sdr_2k,27,veryslow,13238.66,41.4993,44.6983,48.3147
MeridianTalk_sdr_2k,32,veryslow,7601.56,40.0387,43.5483,46.4189
MeridianTalk_sdr_2k,37,veryslow,4686.49,38.3195,42.5553,44.7278
MeridianTalk_sdr_2k,22,placebo,25962.36,42.7535,45.7037,50.0794
MeridianTalk_sdr_2k,27,placebo,13290.58,41.4981,44.6964,48.3253
MeridianTalk_sdr_2k,32,placebo,7641.68,40.0347,43.5421,46.4165
MeridianTalk_sdr_2k,37,placebo,4667.61,38.3186,42.5639,44.7354
RushFieldCuts_2k,22,ultrafast,74710.50,42.3049,44.9868,46.0624
RushFieldCuts_2k,27,ultrafast,45197.31,38.6563,42.1793,43.4107
RushFieldCuts_2k,32,ultrafast,26622.93,35.3991,40.0932,41.4619
RushFieldCuts_2k,37,ultrafast,15631.93,32.3954,38.4376,39.9397
RushFieldCuts_2k,22,superfast,70708.03,44.3310,46.2759,47.1063
RushFieldCuts_2k,27,superfast,44875.30,39.8583,42.5434,43.6764
RushFieldCuts_2k,32,superfast,25475.46,35.9713,39.9940,41.2859
RushFieldCuts_2k,37,superfast,15002.28,32.9172,38.1830,39.5999
RushFieldCuts_2k,22,veryfast,70776.95,44.3308,46.2895,47.1234
RushFieldCuts_2k,27,veryfast,44851.17,39.8892,42.5568,43.6945
RushFieldCuts_2k,32,veryfast,25471.28,36.0232,40.0185,41.3185
RushFieldCuts_2k,37,veryfast,14966.09,32.9564,38.1924,39.6164
RushFieldCuts_2k,22,faster,70776.95,44.3308,46.2895,47.1234
RushFieldCuts_2k,27,faster,44851.17,39.8892,42.5568,43.6945
RushFieldCuts_2k,32,faster,25471.28,36.0232,40.0185,41.3185
RushFieldCuts_2k,37,faster,14966.09,32.9564,38.1924,39.6164
RushFieldCuts_2k,22,fast,70777.63,44.3308,46.2895,47.1234
RushFieldCuts_2k,27,fast,44851.87,39.8892,42.5568,43.6945
RushFieldCuts_2k,32,fast,25471.98,36.0232,40.0185,41.3185
RushFieldCuts_2k,37,fast,14966.78,32.9564,38.1924,39.6164
RushFieldCuts_2k,22,medium,71028.66,44.3710,46.2944,47.1231
RushFieldCuts_2k,27,medium,44869.50,39.9150,42.5519,43.6954
RushFieldCuts_2k,32,medium,25441.82,36.0384,40.0034,41.3021
RushFieldCuts_2k,37,medium,14958.90,32.9661,38.1744,39.5919
RushFieldCuts_2k,22,slow,68619.57,44.3144,45.8953,46.7733
RushFieldCuts_2k,27,slow,41458.87,39.5875,42.0977,43.2869
RushFieldCuts_2k,32,slow,23120.43,35.7173,39.4572,40.8636
RushFieldCuts_2k,37,slow,13375.26,32.5906,37.5779,39.1988
RushFieldCuts_2k,22,slower,68319.12,44.3301,45.9335,46.8188
RushFieldCuts_2k,27,slower,41467.91,39.5986,42.1213,43.3234
RushFieldCuts_2k,32,slower,23070.08,35.7293,39.5033,40.9170
RushFieldCuts_2k,37,slower,13413.31,32.6076,37.6351,39.2504
RushFieldCuts_2k,22,veryslow,68319.83,44.3301,45.9335,46.8188
RushFieldCuts_2k,27,veryslow,41468.61,39.5986,42.1213,43.3234
RushFieldCuts_2k,32,veryslow,23070.78,35.7293,39.5033,40.9170
RushFieldCuts_2k,37,veryslow,13414.01,32.6076,37.6351,39.2504
RushFieldCuts_2k,22,placebo,68367.62,44.3320,45.9480,46.8311
RushFieldCuts_2k,27,placebo,41470.70,39.6069,42.1170,43.3111
RushFieldCuts_2k,32,placebo,23111.38,35.7286,39.5094,40.9132
RushFieldCuts_2k,37,placebo,13424.22,32.6067,37.6249,39.2588
ToddlerFountain_2k,22,ultrafast,82706.15,41.2083,45.7572,43.5438
ToddlerFountain_2k,27,ultrafast,47685.52,37.5387,44.4202,41.7321
ToddlerFountain_2k,32,ultrafast,24877.59,34.2153,43.2405,40.5023
ToddlerFountain_2k,37,ultrafast,12147.29,31.4674,42.2666,39.6447
ToddlerFountain_2k,22,superfast,79026.86,41.8060,45.6986,43.6101
ToddlerFountain_2k,27,superfast,45566.66,38.0311,44.0409,41.5994
ToddlerFountain_2k,32,superfast,24100.39,34.6506,42.6912,40.2440
ToddlerFountain_2k,37,superfast,11995.33,31.7834,41.7542,39.3985
ToddlerFountain_2k,22,veryfast,79044.03,41.8586,45.7318,43.6287
ToddlerFountain_2k,27,veryfast,45553.20,38.1071,44.0909,41.6248
ToddlerFountain_2k,32,veryfast,24134.27,34.7133,42.7789,40.2853
ToddlerFountain_2k,37,veryfast,11992.31,31.8162,41.8584,39.4488
ToddlerFountain_2k,22,faster,79044.03,41.8586,45.7318,43.6287
ToddlerFountain_2k,27,faster,45553.20,38.1071,44.0909,41.6248
ToddlerFountain_2k,32,faster,24134.27,34.7133,42.7789,40.2853
ToddlerFountain_2k,37,faster,11992.31,31.8162,41.8584,39.4488
ToddlerFountain_2k,22,fast,79044.73,41.8586,45.7318,43.6287
ToddlerFountain_2k,27,fast,45553.90,38.1071,44.0909,41.6248
ToddlerFountain_2k,32,fast,24134.96,34.7133,42.7789,40.2853
ToddlerFountain_2k,37,fast,11993.01,31.8162,41.8584,39.4488
ToddlerFountain_2k,22,medium,78988.11,41.8756,45.7222,43.6255
ToddlerFountain_2k,27,medium,45545.08,38.1176,44.0632,41.6179
ToddlerFountain_2k,32,medium,24086.71,34.7210,42.7588,40.2712
ToddlerFountain_2k,37,medium,11983.50,31.8182,41.8337,39.4301
ToddlerFountain_2k,22,slow,73850.24,41.6811,45.4476,43.1679
ToddlerFountain_2k,27,slow,41392.05,37.7761,43.8220,41.2253
ToddlerFountain_2k,32,slow,20964.91,34.2953,42.5079,39.8868
ToddlerFountain_2k,37,slow,9932.85,31.3446,41.5452,39.0801
ToddlerFountain_2k,22,slower,73554.45,41.6859,45.4685,43.1764
ToddlerFountain_2k,27,slower,41223.15,37.7849,43.8401,41.2322
ToddlerFountain_2k,32,slower,21013.87,34.3063,42.5237,39.9088
ToddlerFountain_2k,37,slower,9918.46,31.3638,41.5569,39.0987
ToddlerFountain_2k,22,veryslow,73555.14,41.6859,45.4685,43.1764
ToddlerFountain_2k,27,veryslow,41223.85,37.7849,43.8401,41.2322
ToddlerFountain_2k,32,veryslow,21014.56,34.3063,42.5237,39.9088
ToddlerFountain_2k,37,veryslow,9919.16,31.3638,41.5569,39.0987
ToddlerFountain_2k,22,placebo,73656.05,41.6931,45.4738,43.1919
ToddlerFountain_2k,27,placebo,41270.48,37.7899,43.8398,41.2400
ToddlerFountain_2k,32,placebo,20933.59,34.3056,42.5269,39.9104
ToddlerFountain_2k,37,placebo,9957.21,31.3562,41.5703,39.0957
TreesAndGrass_2k,22,ultrafast,165530.41,40.6426,43.4091,45.4643
TreesAndGrass_2k,27,ultrafast,114439.45,36.2792,40.3740,43.2565
TreesAndGrass_2k,32,ultrafast,73011.12,32.0103,38.1195,41.6563
TreesAndGrass_2k,37,ultrafast,42210.48,28.1874,36.4808,40.4977
TreesAndGrass_2k,22,superfast,158800.33,41.3757,43.5197,45.4418
TreesAndGrass_2k,27,superfast,109996.33,36.8507,40.3760,43.1192
TreesAndGrass_2k,32,superfast,70778.16,32.4758,38.0007,41.3804
TreesAndGrass_2k,37,superfast,41394.72,28.5438,36.3018,40.1319
TreesAndGrass_2k,22,veryfast,158971.45,41.4244,43.5464,45.4784
TreesAndGrass_2k,27,veryfast,110144.16,36.9073,40.3987,43.1608
TreesAndGrass_2k,32,veryfast,70851.61,32.5393,38.0082,41.4146
TreesAndGrass_2k,37,veryfast,41456.40,28.6077,36.3076,40.1739
TreesAndGrass_2k,22,faster,158971.45,41.4244,43.5464,45.4784
TreesAndGrass_2k,27,faster,110144.16,36.9073,40.3987,43.1608
TreesAndGrass_2k,32,faster,70851.61,32.5393,38.0082,41.4146
TreesAndGrass_2k,37,faster,41456.40,28.6077,36.3076,40.1739
TreesAndGrass_2k,22,fast,158972.17,41.4244,43.5464,45.4784
TreesAndGrass_2k,27,fast,110144.88,36.9073,40.3987,43.1608
TreesAndGrass_2k,32,fast,70852.33,32.5393,38.0082,41.4146
TreesAndGrass_2k,37,fast,41457.12,28.6077,36.3076,40.1739
TreesAndGrass_2k,22,medium,159127.44,41.4671,43.5364,45.4640
TreesAndGrass_2k,27,medium,110212.09,36.9336,40.3867,43.1486
TreesAndGrass_2k,32,medium,70899.60,32.5552,37.9974,41.3998
TreesAndGrass_2k,37,medium,41430.48,28.6137,36.2961,40.1583
TreesAndGrass_2k,22,slow,154865.52,41.5075,43.1755,45.1693
TreesAndGrass_2k,27,slow,106352.88,36.8940,39.8929,42.8118
TreesAndGrass_2k,32,slow,67231.69,32.4031,37.3950,41.0721
TreesAndGrass_2k,37,slow,37596.24,28.2852,35.6737,39.8766
TreesAndGrass_2k,22,slower,154854.97,41.5409,43.1583,45.1940
TreesAndGrass_2k,27,slower,106301.29,36.9145,39.8834,42.8576
TreesAndGrass_2k,32,slower,67218.00,32.4135,37.4174,41.1333
TreesAndGrass_2k,37,slower,37618.32,28.2946,35.7123,39.9436
TreesAndGrass_2k,22,veryslow,154855.69,41.5409,43.1583,45.1940
TreesAndGrass_2k,27,veryslow,106302.01,36.9145,39.8834,42.8576
TreesAndGrass_2k,32,veryslow,67218.72,32.4135,37.4174,41.1333
TreesAndGrass_2k,37,veryslow,37619.04,28.2946,35.7123,39.9436
TreesAndGrass_2k,22,placebo,154966.08,41.5457,43.1642,45.1967
TreesAndGrass_2k,27,placebo,106388.16,36.9135,39.8864,42.8665
TreesAndGrass_2k,32,placebo,67216.09,32.4118,37.4210,41.1517
TreesAndGrass_2k,37,placebo,37592.40,28.2904,35.7248,39.9444
Aerial3200_2k,22,ultrafast,171253.88,41.7045,43.5171,43.3349
Aerial3200_2k,27,ultrafast,93989.36,38.3448,41.2574,41.4479
Aerial3200_2k,32,ultrafast,47327.91,35.2491,39.7081,40.1977
Aerial3200_2k,37,ultrafast,22903.33,32.5939,38.6126,39.2497
Aerial3200_2k,22,superfast,168008.88,41.9935,43.6113,43.4491
Aerial3200_2k,27,superfast,91783.71,38.5928,41.2452,41.4673
Aerial3200_2k,32,superfast,46432.53,35.5039,39.5894,40.0972
Aerial3200_2k,37,superfast,22699.43,32.8021,38.4791,39.1316
Aerial3200_2k,22,veryfast,168111.31,42.0156,43.6295,43.4724
Aerial3200_2k,27,veryfast,91829.02,38.6412,41.2590,41.4809
Aerial3200_2k,32,veryfast,46384.39,35.5502,39.5883,40.1017
Aerial3200_2k,37,veryfast,22681.02,32.8219,38.4756,39.1343
Aerial3200_2k,22,faster,168111.31,42.0156,43.6295,43.4724
Aerial3200_2k,27,faster,91829.02,38.6412,41.2590,41.4809
Aerial3200_2k,32,faster,46384.39,35.5502,39.5883,40.1017
Aerial3200_2k,37,faster,22681.02,32.8219,38.4756,39.1343
Aerial3200_2k,22,fast,168112.72,42.0156,43.6295,43.4724
Aerial3200_2k,27,fast,91830.44,38.6412,41.2590,41.4809
Aerial3200_2k,32,fast,46385.80,35.5502,39.5883,40.1017
Aerial3200_2k,37,fast,22682.43,32.8219,38.4756,39.1343
Aerial3200_2k,22,medium,168048.52,42.0274,43.6261,43.4732
Aerial3200_2k,27,medium,91811.09,38.6470,41.2586,41.4815
Aerial3200_2k,32,medium,46407.04,35.5568,39.5871,40.1003
Aerial3200_2k,37,medium,22622.96,32.8245,38.4852,39.1395
Aerial3200_2k,22,slow,154288.78,41.8203,43.1652,42.9973
Aerial3200_2k,27,slow,81024.47,38.3077,40.7733,41.1385
Aerial3200_2k,32,slow,39782.99,35.1663,39.1616,39.8107
Aerial3200_2k,37,slow,18753.03,32.3857,38.1211,38.8596
Aerial3200_2k,22,slower,154313.33,41.8294,43.1649,43.0032
Aerial3200_2k,27,slower,80907.88,38.3136,40.7829,41.1457
Aerial3200_2k,32,slower,39732.96,35.1789,39.1729,39.8256
Aerial3200_2k,37,slower,18737.46,32.4048,38.1328,38.8657
Aerial3200_2k,22,veryslow,154314.75,41.8294,43.1649,43.0032
Aerial3200_2k,27,veryslow,80909.30,38.3136,40.7829,41.1457
Aerial3200_2k,32,veryslow,39734.38,35.1789,39.1729,39.8256
Aerial3200_2k,37,veryslow,18738.87,32.4048,38.1328,38.8657
Aerial3200_2k,22,placebo,154406.78,41.8291,43.1727,43.0059
Aerial3200_2k,27,placebo,81047.60,38.3126,40.7885,41.1497
Aerial3200_2k,32,placebo,39661.69,35.1725,39.1829,39.8298
Aerial3200_2k,37,placebo,18780.41,32.3935,38.1445,38.8686
CrowdRun_1080p50,22,ultrafast,216742.41,40.4667,41.1383,41.5722
CrowdRun_1080p50,27,ultrafast,128863.61,36.6933,38.1306,38.7658
CrowdRun_1080p50,32,ultrafast,74248.80,33.1897,36.1568,36.8711
CrowdRun_1080p50,37,ultrafast,41139.20,30.0321,34.8479,35.5399
CrowdRun_1080p50,22,superfast,205028.81,40.9369,41.4493,41.8782
CrowdRun_1080p50,27,superfast,120318.41,37.1387,38.4207,39.0143
CrowdRun_1080p50,32,superfast,69647.20,33.6972,36.3057,36.9772
CrowdRun_1080p50,37,superfast,39218.40,30.5383,34.8360,35.4819
CrowdRun_1080p50,22,veryfast,205273.61,40.9595,41.4711,41.9049
CrowdRun_1080p50,27,veryfast,120632.01,37.1966,38.4796,39.0712
CrowdRun_1080p50,32,veryfast,69631.20,33.7653,36.3446,37.0213
CrowdRun_1080p50,37,veryfast,39222.40,30.5946,34.8506,35.5105
CrowdRun_1080p50,22,faster,205273.61,40.9595,41.4711,41.9049
CrowdRun_1080p50,27,faster,120632.01,37.1966,38.4796,39.0712
CrowdRun_1080p50,32,faster,69631.20,33.7653,36.3446,37.0213
CrowdRun_1080p50,37,faster,39222.40,30.5946,34.8506,35.5105
CrowdRun_1080p50,22,fast,205274.81,40.9595,41.4711,41.9049
CrowdRun_1080p50,27,fast,120633.20,37.1966,38.4796,39.0712
CrowdRun_1080p50,32,fast,69632.41,33.7653,36.3446,37.0213
CrowdRun_1080p50,37,fast,39223.60,30.5946,34.8506,35.5105
CrowdRun_1080p50,22,medium,205174.00,40.9773,41.4722,41.9073
CrowdRun_1080p50,27,medium,120581.20,37.2076,38.4801,39.0716
CrowdRun_1080p50,32,medium,69637.60,33.7758,36.3438,37.0171
CrowdRun_1080p50,37,medium,39187.60,30.6036,34.8451,35.5015
CrowdRun_1080p50,22,slow,190022.81,40.7246,41.1211,41.5836
CrowdRun_1080p50,27,slow,110385.61,36.9694,37.9928,38.6412
CrowdRun_1080p50,32,slow,62518.80,33.4573,35.7971,36.5284
CrowdRun_1080p50,37,slow,34263.20,30.2052,34.3286,35.0109
CrowdRun_1080p50,22,slower,189833.61,40.7346,41.1261,41.5918
CrowdRun_1080p50,27,slower,110302.41,36.9771,38.0074,38.6590
CrowdRun_1080p50,32,slower,62393.60,33.4654,35.8212,36.5548
CrowdRun_1080p50,37,slower,34272.40,30.2175,34.3682,35.0481
CrowdRun_1080p50,22,veryslow,189834.81,40.7346,41.1261,41.5918
CrowdRun_1080p50,27,veryslow,110303.60,36.9771,38.0074,38.6590
CrowdRun_1080p50,32,veryslow,62394.80,33.4654,35.8212,36.5548
CrowdRun_1080p50,37,veryslow,34273.60,30.2175,34.3682,35.0481
CrowdRun_1080p50,22,placebo,190232.41,40.7385,41.1690,41.6342
CrowdRun_1080p50,27,placebo,110522.01,36.9807,38.0377,38.6779
CrowdRun_1080p50,32,placebo,62314.00,33.4677,35.8268,36.5556
CrowdRun_1080p50,37,placebo,34170.40,30.2148,34.3666,35.0408
DinnerSceneCropped_2k,22,ultrafast,46334.35,40.7079,42.9829,47.0302
DinnerSceneCropped_2k,27,ultrafast,11962.38,38.0775,41.0455,45.7415
DinnerSceneCropped_2k,32,ultrafast,2716.49,37.2119,40.0948,45.0249
DinnerSceneCropped_2k,37,ultrafast,1652.30,36.7934,39.7058,44.4026
DinnerSceneCropped_2k,22,superfast,47763.23,40.9274,43.0356,47.0337
DinnerSceneCropped_2k,27,superfast,11967.95,38.0999,41.0376,45.7031
DinnerSceneCropped_2k,32,superfast,2697.93,37.2392,40.1108,45.0337
DinnerSceneCropped_2k,37,superfast,1660.89,36.8259,39.7334,44.4421
DinnerSceneCropped_2k,22,veryfast,47907.77,40.9861,43.0299,47.0327
DinnerSceneCropped_2k,27,veryfast,11991.15,38.1137,41.0310,45.6934
DinnerSceneCropped_2k,32,veryfast,2663.59,37.2446,40.1125,45.0374
DinnerSceneCropped_2k,37,veryfast,1621.22,36.8245,39.7323,44.4618
DinnerSceneCropped_2k,22,faster,47907.77,40.9861,43.0299,47.0327
DinnerSceneCropped_2k,27,faster,11991.15,38.1137,41.0310,45.6934
DinnerSceneCropped_2k,32,faster,2663.59,37.2446,40.1125,45.0374
DinnerSceneCropped_2k,37,faster,1621.22,36.8245,39.7323,44.4618
DinnerSceneCropped_2k,22,fast,47908.47,40.9861,43.0299,47.0327
DinnerSceneCropped_2k,27,fast,11991.85,38.1137,41.0310,45.6934
DinnerSceneCropped_2k,32,fast,2664.29,37.2446,40.1125,45.0374
DinnerSceneCropped_2k,37,fast,1621.91,36.8245,39.7323,44.4618
DinnerSceneCropped_2k,22,medium,47802.44,40.9903,43.0260,47.0308
DinnerSceneCropped_2k,27,medium,11961.46,38.1169,41.0445,45.7138
DinnerSceneCropped_2k,32,medium,2669.86,37.2458,40.1125,45.0273
DinnerSceneCropped_2k,37,medium,1618.43,36.8278,39.7306,44.4354
DinnerSceneCropped_2k,22,slow,37611.38,40.4304,42.5023,46.7003
DinnerSceneCropped_2k,27,slow,4839.75,37.5856,40.5706,45.6047
DinnerSceneCropped_2k,32,slow,2123.96,37.1788,39.9186,44.8993
DinnerSceneCropped_2k,37,slow,1465.31,36.7273,39.5791,44.1850
DinnerSceneCropped_2k,22,slower,37929.22,40.4567,42.4816,46.7273
DinnerSceneCropped_2k,27,slower,4831.17,37.5912,40.5793,45.6062
DinnerSceneCropped_2k,32,slower,2158.99,37.1824,39.9239,44.9049
DinnerSceneCropped_2k,37,slower,1470.65,36.7353,39.5877,44.2252
DinnerSceneCropped_2k,22,veryslow,37929.91,40.4567,42.4816,46.7273
DinnerSceneCropped_2k,27,veryslow,4831.86,37.5912,40.5793,45.6062
DinnerSceneCropped_2k,32,veryslow,2159.69,37.1824,39.9239,44.9049
DinnerSceneCropped_2k,37,veryslow,1471.34,36.7353,39.5877,44.2252
DinnerSceneCropped_2k,22,placebo,38119.23,40.4716,42.4802,46.7367
DinnerSceneCropped_2k,27,placebo,4941.37,37.5902,40.5778,45.6089
DinnerSceneCropped_2k,32,placebo,2136.49,37.1814,39.9226,44.9027
DinnerSceneCropped_2k,37,placebo,1475.75,36.7321,39.5884,44.2332
Motorcycle_2k,22,ultrafast,97085.77,42.2247,44.8902,45.6234
Motorcycle_2k,27,ultrafast,63486.24,38.2438,41.9104,42.9614
Motorcycle_2k,32,ultrafast,38949.36,34.3609,39.5504,40.8465
Motorcycle_2k,37,ultrafast,22295.04,30.8645,37.7489,39.2097
Motorcycle_2k,22,superfast,82898.88,43.6848,45.2137,45.8424
Motorcycle_2k,27,superfast,54975.36,39.6278,41.9691,42.9197
Motorcycle_2k,32,superfast,34812.24,35.5659,39.3387,40.5274
Motorcycle_2k,37,superfast,20767.20,31.8035,37.3955,38.7603
Motorcycle_2k,22,veryfast,82854.24,43.7770,45.3004,45.9267
Motorcycle_2k,27,veryfast,55027.44,39.7568,42.0696,43.0212
Motorcycle_2k,32,veryfast,34785.12,35.7012,39.4063,40.5992
Motorcycle_2k,37,veryfast,20741.28,31.9142,37.4315,38.7912
Motorcycle_2k,22,faster,82854.24,43.7770,45.3004,45.9267
Motorcycle_2k,27,faster,55027.44,39.7568,42.0696,43.0212
Motorcycle_2k,32,faster,34785.12,35.7012,39.4063,40.5992
Motorcycle_2k,37,faster,20741.28,31.9142,37.4315,38.7912
Motorcycle_2k,22,fast,82854.96,43.7770,45.3004,45.9267
Motorcycle_2k,27,fast,55028.16,39.7568,42.0696,43.0212
Motorcycle_2k,32,fast,34785.84,35.7012,39.4063,40.5992
Motorcycle_2k,37,fast,20742.00,31.9142,37.4315,38.7912
Motorcycle_2k,22,medium,82830.48,43.7937,45.3001,45.9263
Motorcycle_2k,27,medium,54932.16,39.7746,42.0613,43.0130
Motorcycle_2k,32,medium,34816.32,35.7186,39.3890,40.5877
Motorcycle_2k,37,medium,20720.88,31.9265,37.4068,38.7767
Motorcycle_2k,22,slow,79128.00,43.6928,44.9937,45.6360
Motorcycle_2k,27,slow,52043.76,39.5795,41.5651,42.5996
Motorcycle_2k,32,slow,32303.28,35.4028,38.7746,40.1704
Motorcycle_2k,37,slow,18549.60,31.4705,36.7565,38.3955
Motorcycle_2k,22,slower,78923.04,43.6968,45.0068,45.6544
Motorcycle_2k,27,slower,51842.16,39.5886,41.5961,42.6407
Motorcycle_2k,32,slower,32202.48,35.4185,38.8223,40.2338
Motorcycle_2k,37,slower,18470.64,31.4926,36.8331,38.4691
Motorcycle_2k,22,veryslow,78923.77,43.6968,45.0068,45.6544
Motorcycle_2k,27,veryslow,51842.88,39.5886,41.5961,42.6407
Motorcycle_2k,32,veryslow,32203.20,35.4185,38.8223,40.2338
Motorcycle_2k,37,veryslow,18471.36,31.4926,36.8331,38.4691
Motorcycle_2k,22,placebo,78974.64,43.7168,45.0229,45.6604
Motorcycle_2k,27,placebo,51939.36,39.6115,41.6104,42.6488
Motorcycle_2k,32,placebo,32264.88,35.4384,38.8248,40.2378
Motorcycle_2k,37,placebo,18495.84,31.4960,36.8376,38.4819
MountainBike_2k,22,ultrafast,88026.25,42.2597,46.4885,46.2803
MountainBike_2k,27,ultrafast,56714.64,38.4997,43.8329,43.6116
MountainBike_2k,32,ultrafast,34080.48,34.9334,41.6498,41.4060
MountainBike_2k,37,ultrafast,19235.04,31.7407,39.9380,39.6560
MountainBike_2k,22,superfast,80029.20,43.5593,46.6060,46.3628
MountainBike_2k,27,superfast,52750.32,39.6251,43.6794,43.4005
MountainBike_2k,32,superfast,32446.56,35.8228,41.2752,40.9354
MountainBike_2k,37,superfast,18767.04,32.3937,39.5448,39.1964
MountainBike_2k,22,veryfast,79968.24,43.6669,46.7067,46.4463
MountainBike_2k,27,veryfast,52650.48,39.7784,43.8063,43.5075
MountainBike_2k,32,veryfast,32335.68,35.9767,41.3680,41.0078
MountainBike_2k,37,veryfast,18759.60,32.5109,39.6004,39.2196
MountainBike_2k,22,faster,79968.24,43.6669,46.7067,46.4463
MountainBike_2k,27,faster,52650.48,39.7784,43.8063,43.5075
MountainBike_2k,32,faster,32335.68,35.9767,41.3680,41.0078
MountainBike_2k,37,faster,18759.60,32.5109,39.6004,39.2196
MountainBike_2k,22,fast,79968.96,43.6669,46.7067,46.4463
MountainBike_2k,27,fast,52651.20,39.7784,43.8063,43.5075
MountainBike_2k,32,fast,32336.40,35.9767,41.3680,41.0078
MountainBike_2k,37,fast,18760.32,32.5109,39.6004,39.2196
MountainBike_2k,22,medium,79993.68,43.6868,46.7040,46.4455
MountainBike_2k,27,medium,52623.60,39.7945,43.7966,43.4949
MountainBike_2k,32,medium,32364.96,35.9945,41.3574,40.9958
MountainBike_2k,37,medium,18749.04,32.5235,39.5685,39.1967
MountainBike_2k,22,slow,76825.45,43.5325,46.3982,46.1070
MountainBike_2k,27,slow,49788.00,39.5094,43.4247,43.0638
MountainBike_2k,32,slow,29982.48,35.6168,40.9379,40.5198
MountainBike_2k,37,slow,16663.44,32.0434,39.1210,38.7000
MountainBike_2k,22,slower,76530.48,43.5409,46.4259,46.1290
MountainBike_2k,27,slower,49484.16,39.5166,43.4590,43.1029
MountainBike_2k,32,slower,29903.28,35.6340,40.9949,40.5732
MountainBike_2k,37,slower,16684.56,32.0615,39.1922,38.7411
MountainBike_2k,22,veryslow,76531.20,43.5409,46.4259,46.1290
MountainBike_2k,27,veryslow,49484.88,39.5166,43.4590,43.1029
MountainBike_2k,32,veryslow,29904.00,35.6340,40.9949,40.5732
MountainBike_2k,37,veryslow,16685.28,32.0615,39.1922,38.7411
MountainBike_2k,22,placebo,76642.33,43.5527,46.4485,46.1391
MountainBike_2k,27,placebo,49623.36,39.5322,43.4695,43.1148
MountainBike_2k,32,placebo,29968.08,35.6502,40.9933,40.5877
MountainBike_2k,37,placebo,16699.44,32.0569,39.1707,38.7447
OldTownCross_1080p50,22,ultrafast,158161.61,40.1557,40.5560,41.9008
OldTownCross_1080p50,27,ultrafast,70016.00,36.7249,38.5579,40.2689
OldTownCross_1080p50,32,ultrafast,32665.60,34.4359,37.8678,39.1541
OldTownCross_1080p50,37,ultrafast,17187.60,32.3274,37.3205,38.2526
OldTownCross_1080p50,22,superfast,156215.61,40.5029,40.6762,42.0394
OldTownCross_1080p50,27,superfast,66196.41,36.8894,38.5789,40.3307
OldTownCross_1080p50,32,superfast,30964.40,34.7125,37.8036,39.0817
OldTownCross_1080p50,37,superfast,16772.80,32.6288,37.2120,38.1056
OldTownCross_1080p50,22,veryfast,156464.41,40.5276,40.6964,42.0582
OldTownCross_1080p50,27,veryfast,66172.80,36.9297,38.5931,40.3503
OldTownCross_1080p50,32,veryfast,30923.60,34.7493,37.8204,39.1070
OldTownCross_1080p50,37,veryfast,16750.80,32.6555,37.2233,38.1395
OldTownCross_1080p50,22,faster,156464.41,40.5276,40.6964,42.0582
OldTownCross_1080p50,27,faster,66172.80,36.9297,38.5931,40.3503
OldTownCross_1080p50,32,faster,30923.60,34.7493,37.8204,39.1070
OldTownCross_1080p50,37,faster,16750.80,32.6555,37.2233,38.1395
OldTownCross_1080p50,22,fast,156465.61,40.5276,40.6964,42.0582
OldTownCross_1080p50,27,fast,66174.01,36.9297,38.5931,40.3503
OldTownCross_1080p50,32,fast,30924.80,34.7493,37.8204,39.1070
OldTownCross_1080p50,37,fast,16752.00,32.6555,37.2233,38.1395
OldTownCross_1080p50,22,medium,156564.41,40.5407,40.6961,42.0587
OldTownCross_1080p50,27,medium,66292.01,36.9352,38.5951,40.3466
OldTownCross_1080p50,32,medium,30908.40,34.7537,37.8153,39.0954
OldTownCross_1080p50,37,medium,16761.60,32.6604,37.2151,38.1284
OldTownCross_1080p50,22,slow,135430.41,40.1945,39.6515,41.6810
OldTownCross_1080p50,27,slow,51704.80,36.4708,38.3772,40.0196
OldTownCross_1080p50,32,slow,27077.60,34.5032,37.5953,38.6986
OldTownCross_1080p50,37,slow,14439.60,32.3102,36.9476,37.6942
OldTownCross_1080p50,22,slower,135382.00,40.2059,39.6548,41.6878
OldTownCross_1080p50,27,slower,51565.60,36.4747,38.3866,40.0310
OldTownCross_1080p50,32,slower,27004.40,34.5114,37.6049,38.7136
OldTownCross_1080p50,37,slower,14451.20,32.3219,36.9647,37.7073
OldTownCross_1080p50,22,veryslow,135383.20,40.2059,39.6548,41.6878
OldTownCross_1080p50,27,veryslow,51566.80,36.4747,38.3866,40.0310
OldTownCross_1080p50,32,veryslow,27005.60,34.5114,37.6049,38.7136
OldTownCross_1080p50,37,veryslow,14452.40,32.3219,36.9647,37.7073
OldTownCross_1080p50,22,placebo,135975.61,40.2164,39.6917,41.7119
OldTownCross_1080p50,27,placebo,51682.00,36.4770,38.3878,40.0370
OldTownCross_1080p50,32,placebo,27063.60,34.5094,37.6020,38.7142
OldTownCross_1080p50,37,placebo,14419.20,32.3175,36.9638,37.7125
PedestrianArea_1080p25,22,ultrafast,18896.80,43.4554,46.7443,48.7823
PedestrianArea_1080p25,27,ultrafast,8737.60,41.6678,44.8352,46.6713
PedestrianArea_1080p25,32,ultrafast,5163.00,39.8380,43.1894,44.7730
PedestrianArea_1080p25,37,ultrafast,3242.00,37.7678,41.7891,43.1090
PedestrianArea_1080p25,22,superfast,18135.20,43.5868,46.7118,48.7307
PedestrianArea_1080p25,27,superfast,8355.80,41.8413,44.7346,46.5418
PedestrianArea_1080p25,32,superfast,5020.20,40.0409,43.0555,44.6017
PedestrianArea_1080p25,37,superfast,3193.80,37.9375,41.6754,42.9764
PedestrianArea_1080p25,22,veryfast,18098.00,43.6225,46.7424,48.7718
PedestrianArea_1080p25,27,veryfast,8370.60,41.8955,44.7670,46.5910
PedestrianArea_1080p25,32,veryfast,5033.60,40.1017,43.0738,44.6328
PedestrianArea_1080p25,37,veryfast,3197.20,37.9764,41.6860,42.9917
PedestrianArea_1080p25,22,faster,18098.00,43.6225,46.7424,48.7718
PedestrianArea_1080p25,27,faster,8370.60,41.8955,44.7670,46.5910
PedestrianArea_1080p25,32,faster,5033.60,40.1017,43.0738,44.6328
PedestrianArea_1080p25,37,faster,3197.20,37.9764,41.6860,42.9917
PedestrianArea_1080p25,22,fast,18098.60,43.6225,46.7424,48.7718
PedestrianArea_1080p25,27,fast,8371.20,41.8955,44.7670,46.5910
PedestrianArea_1080p25,32,fast,5034.20,40.1017,43.0738,44.6328
PedestrianArea_1080p25,37,fast,3197.80,37.9764,41.6860,42.9917
PedestrianArea_1080p25,22,medium,18072.20,43.6264,46.7365,48.7715
PedestrianArea_1080p25,27,medium,8360.80,41.8964,44.7586,46.5922
PedestrianArea_1080p25,32,medium,4999.80,40.1061,43.0787,44.6376
PedestrianArea_1080p25,37,medium,3171.80,37.9749,41.6804,42.9912
PedestrianArea_1080p25,22,slow,13196.60,43.2215,46.3858,48.4862
PedestrianArea_1080p25,27,slow,7346.60,41.6624,44.3225,46.2559
PedestrianArea_1080p25,32,slow,4473.60,39.8145,42.5493,44.1237
PedestrianArea_1080p25,37,slow,2845.00,37.5984,41.1973,42.4774
PedestrianArea_1080p25,22,slower,13177.40,43.2270,46.3949,48.4911
PedestrianArea_1080p25,27,slower,7331.40,41.6677,44.3463,46.2433
PedestrianArea_1080p25,32,slower,4467.80,39.8294,42.5620,44.1388
PedestrianArea_1080p25,37,slower,2836.20,37.6257,41.2254,42.4795
PedestrianArea_1080p25,22,veryslow,13178.00,43.2270,46.3949,48.4911
PedestrianArea_1080p25,27,veryslow,7332.00,41.6677,44.3463,46.2433
PedestrianArea_1080p25,32,veryslow,4468.40,39.8294,42.5620,44.1388
PedestrianArea_1080p25,37,veryslow,2836.80,37.6257,41.2254,42.4795
PedestrianArea_1080p25,22,placebo,13166.00,43.2245,46.3937,48.4943
PedestrianArea_1080p25,27,placebo,7348.80,41.6696,44.3373,46.2529
PedestrianArea_1080p25,32,placebo,4481.00,39.8297,42.5634,44.1302
PedestrianArea_1080p25,37,placebo,2857.20,37.6182,41.2254,42.5114
RitualDance_2k,22,ultrafast,33797.09,46.5855,48.4907,49.1172
RitualDance_2k,27,ultrafast,20231.81,44.0886,46.3736,46.8235
RitualDance_2k,32,ultrafast,12119.07,41.3076,44.5101,44.7799
RitualDance_2k,37,ultrafast,7369.34,38.5263,42.9471,42.9441
RitualDance_2k,22,superfast,29735.53,47.1069,48.6422,49.3224
RitualDance_2k,27,superfast,18002.55,44.6761,46.4084,46.8689
RitualDance_2k,32,superfast,11097.19,41.9134,44.4060,44.6749
RitualDance_2k,37,superfast,6926.60,39.0637,42.8075,42.7543
RitualDance_2k,22,veryfast,29769.51,47.1986,48.7157,49.4406
RitualDance_2k,27,veryfast,18115.83,44.7821,46.4746,46.9549
RitualDance_2k,32,veryfast,11038.66,42.0105,44.4491,44.7360
RitualDance_2k,37,veryfast,6958.22,39.1197,42.7778,42.7932
RitualDance_2k,22,faster,29769.51,47.1986,48.7157,49.4406
RitualDance_2k,27,faster,18115.83,44.7821,46.4746,46.9549
RitualDance_2k,32,faster,11038.66,42.0105,44.4491,44.7360
RitualDance_2k,37,faster,6958.22,39.1197,42.7778,42.7932
RitualDance_2k,22,fast,29770.93,47.1986,48.7157,49.4406
RitualDance_2k,27,fast,18117.25,44.7821,46.4746,46.9549
RitualDance_2k,32,fast,11040.08,42.0105,44.4491,44.7360
RitualDance_2k,37,fast,6959.64,39.1197,42.7778,42.7932
RitualDance_2k,22,medium,29786.03,47.2052,48.7256,49.4408
RitualDance_2k,27,medium,17987.92,44.7888,46.4757,46.9528
RitualDance_2k,32,medium,11068.40,42.0196,44.4396,44.7279
RitualDance_2k,37,medium,6951.62,39.1269,42.7739,42.7783
RitualDance_2k,22,slow,27166.43,47.0157,48.3629,49.0806
RitualDance_2k,27,slow,16392.09,44.4892,45.9904,46.4745
RitualDance_2k,32,slow,10011.59,41.6397,43.6938,44.1092
RitualDance_2k,37,slow,6185.09,38.6534,42.2079,42.1927
RitualDance_2k,22,slower,27066.37,47.0250,48.3787,49.0952
RitualDance_2k,27,slower,16302.41,44.4991,46.0132,46.5004
RitualDance_2k,32,slower,9954.48,41.6628,43.7407,44.1401
RitualDance_2k,37,slower,6204.44,38.6832,42.2682,42.2567
RitualDance_2k,22,veryslow,27067.79,47.0250,48.3787,49.0952
RitualDance_2k,27,veryslow,16303.82,44.4991,46.0132,46.5004
RitualDance_2k,32,veryslow,9955.90,41.6628,43.7407,44.1401
RitualDance_2k,37,veryslow,6205.86,38.6832,42.2682,42.2567
RitualDance_2k,22,placebo,27135.28,47.0293,48.3848,49.1079
RitualDance_2k,27,placebo,16348.19,44.5042,46.0197,46.4983
RitualDance_2k,32,placebo,9987.99,41.6556,43.7371,44.1447
RitualDance_2k,37,placebo,6180.37,38.6686,42.2430,42.2234
Riverbed_1080p25,22,ultrafast,41271.60,42.3562,44.9598,46.6971
Riverbed_1080p25,27,ultrafast,21760.00,39.7824,42.5031,44.3149
Riverbed_1080p25,32,ultrafast,12314.60,37.2398,40.7705,42.6770
Riverbed_1080p25,37,ultrafast,7081.00,34.6757,39.5115,41.6338
Riverbed_1080p25,22,superfast,41182.00,42.5070,45.0560,46.7954
Riverbed_1080p25,27,superfast,21637.80,39.9106,42.5277,44.3314
Riverbed_1080p25,32,superfast,12244.80,37.3729,40.7493,42.6572
Riverbed_1080p25,37,superfast,7083.60,34.7898,39.4860,41.6321
Riverbed_1080p25,22,veryfast,41171.80,42.5345,45.0617,46.7996
Riverbed_1080p25,27,veryfast,21651.80,39.9499,42.5307,44.3386
Riverbed_1080p25,32,veryfast,12270.00,37.4131,40.7492,42.6524
Riverbed_1080p25,37,veryfast,7059.80,34.8082,39.4783,41.6235
Riverbed_1080p25,22,faster,41171.80,42.5345,45.0617,46.7996
Riverbed_1080p25,27,faster,21651.80,39.9499,42.5307,44.3386
Riverbed_1080p25,32,faster,12270.00,37.4131,40.7492,42.6524
Riverbed_1080p25,37,faster,7059.80,34.8082,39.4783,41.6235
Riverbed_1080p25,22,fast,41172.40,42.5345,45.0617,46.7996
Riverbed_1080p25,27,fast,21652.40,39.9499,42.5307,44.3386
Riverbed_1080p25,32,fast,12270.60,37.4131,40.7492,42.6524
Riverbed_1080p25,37,fast,7060.40,34.8082,39.4783,41.6235
Riverbed_1080p25,22,medium,41088.60,42.5398,45.0640,46.8007
Riverbed_1080p25,27,medium,21634.00,39.9544,42.5354,44.3403
Riverbed_1080p25,32,medium,12241.60,37.4180,40.7627,42.6651
Riverbed_1080p25,37,medium,7029.80,34.8116,39.4939,41.6272
Riverbed_1080p25,22,slow,34210.60,42.1350,44.5223,46.3710
Riverbed_1080p25,27,slow,18943.60,39.6725,42.0572,43.8578
Riverbed_1080p25,32,slow,10834.20,37.1208,40.2352,42.2265
Riverbed_1080p25,37,slow,6080.00,34.4197,39.0010,41.3543
Riverbed_1080p25,22,slower,34190.80,42.1425,44.5169,46.3695
Riverbed_1080p25,27,slower,18924.80,39.6789,42.0488,43.8543
Riverbed_1080p25,32,slower,10786.40,37.1285,40.2389,42.2311
Riverbed_1080p25,37,slower,6057.40,34.4312,39.0031,41.3577
Riverbed_1080p25,22,veryslow,34191.40,42.1425,44.5169,46.3695
Riverbed_1080p25,27,veryslow,18925.40,39.6789,42.0488,43.8543
Riverbed_1080p25,32,veryslow,10787.00,37.1285,40.2389,42.2311
Riverbed_1080p25,37,veryslow,6058.00,34.4312,39.0031,41.3577
Riverbed_1080p25,22,placebo,34160.80,42.1413,44.5211,46.3688
Riverbed_1080p25,27,placebo,18917.80,39.6763,42.0579,43.8597
Riverbed_1080p25,32,placebo,10809.20,37.1263,40.2383,42.2313
Riverbed_1080p25,37,placebo,6073.00,34.4295,39.0105,41.3529
Skater227_2k,22,ultrafast,6967.68,48.7585,54.5325,54.8409
Skater227_2k,27,ultrafast,4261.92,47.1209,52.3518,52.8470
Skater227_2k,32,ultrafast,2764.08,45.1832,50.1452,50.6928
Skater227_2k,37,ultrafast,1925.04,43.0294,47.9434,48.1797
Skater227_2k,22,superfast,6846.48,48.8917,54.4725,54.7441
Skater227_2k,27,superfast,4194.00,47.2352,52.2992,52.7320
Skater227_2k,32,superfast,2736.00,45.2861,50.1158,50.6242
Skater227_2k,37,superfast,1927.44,43.0996,47.9480,48.1912
Skater227_2k,22,veryfast,6834.00,49.0037,54.5417,54.8057
Skater227_2k,27,veryfast,4176.00,47.3167,52.3195,52.7309
Skater227_2k,32,veryfast,2719.44,45.3175,50.0808,50.6398
Skater227_2k,37,veryfast,1899.12,43.0915,47.9109,48.1135
Skater227_2k,22,faster,6834.00,49.0037,54.5417,54.8057
Skater227_2k,27,faster,4176.00,47.3167,52.3195,52.7309
Skater227_2k,32,faster,2719.44,45.3175,50.0808,50.6398
Skater227_2k,37,faster,1899.12,43.0915,47.9109,48.1135
Skater227_2k,22,fast,6834.72,49.0037,54.5417,54.8057
Skater227_2k,27,fast,4176.72,47.3167,52.3195,52.7309
Skater227_2k,32,fast,2720.16,45.3175,50.0808,50.6398
Skater227_2k,37,fast,1899.84,43.0915,47.9109,48.1135
Skater227_2k,22,medium,6813.36,49.0165,54.5646,54.8361
Skater227_2k,27,medium,4164.72,47.3317,52.3107,52.7278
Skater227_2k,32,medium,2699.52,45.3297,50.0880,50.6253
Skater227_2k,37,medium,1881.84,43.0981,47.9486,48.1252
Skater227_2k,22,slow,6145.92,48.8095,54.2840,54.5992
Skater227_2k,27,slow,3787.92,47.0480,52.0152,52.5071
Skater227_2k,32,slow,2519.04,45.0210,49.2479,49.6894
Skater227_2k,37,slow,1755.60,42.7738,47.3359,47.7781
Skater227_2k,22,slower,6146.88,48.8209,54.2976,54.5923
Skater227_2k,27,slower,3772.56,47.0552,52.0261,52.4972
Skater227_2k,32,slower,2485.20,45.0409,49.2600,49.7204
Skater227_2k,37,slower,1765.20,42.8058,47.3429,47.8068
Skater227_2k,22,veryslow,6147.60,48.8209,54.2976,54.5923
Skater227_2k,27,veryslow,3773.28,47.0552,52.0261,52.4972
Skater227_2k,32,veryslow,2485.92,45.0409,49.2600,49.7204
Skater227_2k,37,veryslow,1765.92,42.8058,47.3429,47.8068
Skater227_2k,22,placebo,6141.12,48.8251,54.2857,54.5977
Skater227_2k,27,placebo,3775.68,47.0639,52.0240,52.5048
Skater227_2k,32,placebo,2497.68,45.0419,49.2587,49.7085
Skater227_2k,37,placebo,1772.88,42.7982,47.3860,47.7622
TunnelFlag_2k,22,ultrafast,103861.25,42.6345,45.3292,46.6583
TunnelFlag_2k,27,ultrafast,63256.97,39.6373,42.6922,44.2064
TunnelFlag_2k,32,ultrafast,37365.88,36.5787,40.5911,42.1250
TunnelFlag_2k,37,ultrafast,22200.05,33.6965,39.1154,40.5570
TunnelFlag_2k,22,superfast,94792.71,42.8495,45.4092,46.6983
TunnelFlag_2k,27,superfast,55857.43,39.8325,42.6178,44.0516
TunnelFlag_2k,32,superfast,32231.46,36.8727,40.3201,41.7799
TunnelFlag_2k,37,superfast,19190.11,34.0885,38.7360,40.1421
TunnelFlag_2k,22,veryfast,94761.09,42.9314,45.5066,46.8435
TunnelFlag_2k,27,veryfast,55634.17,39.9534,42.6912,44.1632
TunnelFlag_2k,32,veryfast,32130.46,37.0065,40.3814,41.8493
TunnelFlag_2k,37,veryfast,19135.35,34.1990,38.7615,40.1507
TunnelFlag_2k,22,faster,94761.09,42.9314,45.5066,46.8435
TunnelFlag_2k,27,faster,55634.17,39.9534,42.6912,44.1632
TunnelFlag_2k,32,faster,32130.46,37.0065,40.3814,41.8493
TunnelFlag_2k,37,faster,19135.35,34.1990,38.7615,40.1507
TunnelFlag_2k,22,fast,94762.50,42.9314,45.5066,46.8435
TunnelFlag_2k,27,fast,55635.59,39.9534,42.6912,44.1632
TunnelFlag_2k,32,fast,32131.87,37.0065,40.3814,41.8493
TunnelFlag_2k,37,fast,19136.77,34.1990,38.7615,40.1507
TunnelFlag_2k,22,medium,94798.85,42.9343,45.5059,46.8461
TunnelFlag_2k,27,medium,55639.84,39.9547,42.6913,44.1611
TunnelFlag_2k,32,medium,32167.74,37.0006,40.3598,41.8397
TunnelFlag_2k,37,medium,19088.15,34.2020,38.7450,40.1425
TunnelFlag_2k,22,slow,85961.11,42.6274,44.9305,46.3861
TunnelFlag_2k,27,slow,49252.26,39.5485,41.9736,43.6083
TunnelFlag_2k,32,slow,28111.85,36.5871,39.6135,41.2833
TunnelFlag_2k,37,slow,16864.09,33.7439,38.1264,39.6051
TunnelFlag_2k,22,slower,85631.19,42.6239,44.9349,46.3925
TunnelFlag_2k,27,slower,48903.93,39.5442,42.0023,43.6311
TunnelFlag_2k,32,slower,27877.74,36.5908,39.6682,41.3482
TunnelFlag_2k,37,slower,16733.82,33.7597,38.1859,39.6614
TunnelFlag_2k,22,veryslow,85632.60,42.6239,44.9349,46.3925
TunnelFlag_2k,27,veryslow,48905.34,39.5442,42.0023,43.6311
TunnelFlag_2k,32,veryslow,27879.15,36.5908,39.6682,41.3482
TunnelFlag_2k,37,veryslow,16735.23,33.7597,38.1859,39.6614
TunnelFlag_2k,22,placebo,85841.23,42.6305,44.9440,46.4029
TunnelFlag_2k,27,placebo,48970.95,39.5486,41.9947,43.6341
TunnelFlag_2k,32,placebo,27843.28,36.5894,39.6655,41.3489
TunnelFlag_2k,37,placebo,16905.62,33.7506,38.1723,39.6589
Vertical_bees_2k,22,ultrafast,32654.47,45.3399,48.0898,49.2054
Vertical_bees_2k,27,ultrafast,20731.52,42.4608,45.4666,46.9439
Vertical_bees_2k,32,ultrafast,13032.37,39.3357,42.9718,44.8379
Vertical_bees_2k,37,ultrafast,8187.51,36.2356,40.8740,43.1310
Vertical_bees_2k,22,superfast,30924.91,45.7096,47.9096,49.1557
Vertical_bees_2k,27,superfast,19434.64,42.8149,45.1426,46.7890
Vertical_bees_2k,32,superfast,12265.84,39.7366,42.4985,44.5510
Vertical_bees_2k,37,superfast,7805.64,36.6267,40.3828,42.8055
Vertical_bees_2k,22,veryfast,30900.31,45.7923,47.9821,49.2538
Vertical_bees_2k,27,veryfast,19420.49,42.9258,45.1964,46.8727
Vertical_bees_2k,32,veryfast,12219.67,39.8411,42.5373,44.6061
Vertical_bees_2k,37,veryfast,7727.92,36.7087,40.3982,42.8326
Vertical_bees_2k,22,faster,30900.31,45.7923,47.9821,49.2538
Vertical_bees_2k,27,faster,19420.49,42.9258,45.1964,46.8727
Vertical_bees_2k,32,faster,12219.67,39.8411,42.5373,44.6061
Vertical_bees_2k,37,faster,7727.92,36.7087,40.3982,42.8326
Vertical_bees_2k,22,fast,30901.01,45.7923,47.9821,49.2538
Vertical_bees_2k,27,fast,19421.19,42.9258,45.1964,46.8727
Vertical_bees_2k,32,fast,12220.37,39.8411,42.5373,44.6061
Vertical_bees_2k,37,fast,7728.62,36.7087,40.3982,42.8326
Vertical_bees_2k,22,medium,30865.75,45.8055,47.9768,49.2514
Vertical_bees_2k,27,medium,19343.46,42.9334,45.1955,46.8619
Vertical_bees_2k,32,medium,12177.91,39.8507,42.5308,44.6057
Vertical_bees_2k,37,medium,7698.92,36.7156,40.3868,42.8189
Vertical_bees_2k,22,slow,28804.43,45.6425,47.7508,49.0636
Vertical_bees_2k,27,slow,18048.90,42.6972,44.8587,46.6292
Vertical_bees_2k,32,slow,11272.42,39.5408,42.0539,44.3297
Vertical_bees_2k,37,slow,7028.44,36.3013,39.8117,42.5653
Vertical_bees_2k,22,slower,28726.01,45.6501,47.7366,49.0638
Vertical_bees_2k,27,slower,17987.89,42.7015,44.8565,46.6406
Vertical_bees_2k,32,slower,11274.97,39.5473,42.0695,44.3530
Vertical_bees_2k,37,slower,6995.26,36.3181,39.8434,42.5718
Vertical_bees_2k,22,veryslow,28726.71,45.6501,47.7366,49.0638
Vertical_bees_2k,27,veryslow,17988.58,42.7015,44.8565,46.6406
Vertical_bees_2k,32,veryslow,11275.66,39.5473,42.0695,44.3530
Vertical_bees_2k,37,veryslow,6995.96,36.3181,39.8434,42.5718
Vertical_bees_2k,22,placebo,28815.10,45.6547,47.7487,49.0716
Vertical_bees_2k,27,placebo,17977.68,42.7089,44.8597,46.6723
Vertical_bees_2k,32,placebo,11303.50,39.5564,42.0797,44.3650
Vertical_bees_2k,37,placebo,6998.74,36.3127,39.8414,42.5771
Vertical_Carnaby_2k,22,ultrafast,27704.04,47.6570,50.1918,50.1573
Vertical_Carnaby_2k,27,ultrafast,16535.11,45.3431,47.6985,47.6657
Vertical_Carnaby_2k,32,ultrafast,10579.41,42.9006,45.4216,45.4024
Vertical_Carnaby_2k,37,ultrafast,7161.18,40.2860,43.5763,43.5338
Vertical_Carnaby_2k,22,superfast,27251.39,48.0505,50.1379,50.0960
Vertical_Carnaby_2k,27,superfast,16085.29,45.5998,47.6045,47.5590
Vertical_Carnaby_2k,32,superfast,10346.24,43.1085,45.2985,45.2497
Vertical_Carnaby_2k,37,superfast,7114.46,40.4486,43.4469,43.3849
Vertical_Carnaby_2k,22,veryfast,27299.06,48.1757,50.1936,50.1481
Vertical_Carnaby_2k,27,veryfast,16101.81,45.7015,47.6343,47.5826
Vertical_Carnaby_2k,32,veryfast,10279.22,43.1843,45.3023,45.2645
Vertical_Carnaby_2k,37,veryfast,7046.96,40.4680,43.4341,43.3815
Vertical_Carnaby_2k,22,faster,27299.06,48.1757,50.1936,50.1481
Vertical_Carnaby_2k,27,faster,16101.81,45.7015,47.6343,47.5826
Vertical_Carnaby_2k,32,faster,10279.22,43.1843,45.3023,45.2645
Vertical_Carnaby_2k,37,faster,7046.96,40.4680,43.4341,43.3815
Vertical_Carnaby_2k,22,fast,27300.48,48.1757,50.1936,50.1481
Vertical_Carnaby_2k,27,fast,16103.22,45.7015,47.6343,47.5826
Vertical_Carnaby_2k,32,fast,10280.63,43.1843,45.3023,45.2645
Vertical_Carnaby_2k,37,fast,7048.38,40.4680,43.4341,43.3815
Vertical_Carnaby_2k,22,medium,27262.25,48.1874,50.2256,50.1706
Vertical_Carnaby_2k,27,medium,16088.12,45.7111,47.6555,47.5898
Vertical_Carnaby_2k,32,medium,10242.40,43.1891,45.3171,45.2753
Vertical_Carnaby_2k,37,medium,7022.42,40.4825,43.4602,43.4096
Vertical_Carnaby_2k,22,slow,24763.01,47.9039,49.9768,49.9299
Vertical_Carnaby_2k,27,slow,14567.81,45.4305,47.3613,47.2795
Vertical_Carnaby_2k,32,slow,9451.80,42.9048,44.9627,44.8847
Vertical_Carnaby_2k,37,slow,6505.10,40.1390,43.0827,42.9658
Vertical_Carnaby_2k,22,slower,24783.31,47.9275,49.9549,49.9158
Vertical_Carnaby_2k,27,slower,14593.77,45.4541,47.3546,47.2878
Vertical_Carnaby_2k,32,slower,9456.52,42.9299,44.9875,44.8895
Vertical_Carnaby_2k,37,slower,6518.79,40.1766,43.0793,42.9709
Vertical_Carnaby_2k,22,veryslow,24784.72,47.9275,49.9549,49.9158
Vertical_Carnaby_2k,27,veryslow,14595.18,45.4541,47.3546,47.2878
Vertical_Carnaby_2k,32,veryslow,9457.94,42.9299,44.9875,44.8895
Vertical_Carnaby_2k,37,veryslow,6520.21,40.1766,43.0793,42.9709
Vertical_Carnaby_2k,22,placebo,24760.65,47.9237,49.9621,49.9112
Vertical_Carnaby_2k,27,placebo,14602.74,45.4532,47.3479,47.2851
Vertical_Carnaby_2k,32,placebo,9446.14,42.9208,44.9843,44.9110
Vertical_Carnaby_2k,37,placebo,6523.98,40.1673,43.0933,42.9775
WalkingInStreet_2k,22,ultrafast,204411.12,39.8448,41.3004,41.6596
WalkingInStreet_2k,27,ultrafast,135877.69,35.5117,37.7237,38.7104
WalkingInStreet_2k,32,ultrafast,83876.16,31.5518,35.2055,36.8769
WalkingInStreet_2k,37,ultrafast,49421.52,28.0985,33.4140,35.6668
WalkingInStreet_2k,22,superfast,195198.25,40.6150,41.4902,41.7891
WalkingInStreet_2k,27,superfast,129027.84,35.9521,37.6147,38.3201
WalkingInStreet_2k,32,superfast,80211.12,31.8627,34.9072,36.0574
WalkingInStreet_2k,37,superfast,47726.88,28.3130,33.0750,34.8317
WalkingInStreet_2k,22,veryfast,194986.56,40.7974,41.7385,41.8905
WalkingInStreet_2k,27,veryfast,128732.17,36.1838,37.8337,38.4510
WalkingInStreet_2k,32,veryfast,79946.41,32.0727,35.0528,36.1548
WalkingInStreet_2k,37,veryfast,47350.80,28.4833,33.0657,34.6173
WalkingInStreet_2k,22,faster,194986.56,40.7974,41.7385,41.8905
WalkingInStreet_2k,27,faster,128732.17,36.1838,37.8337,38.4510
WalkingInStreet_2k,32,faster,79946.41,32.0727,35.0528,36.1548
WalkingInStreet_2k,37,faster,47350.80,28.4833,33.0657,34.6173
WalkingInStreet_2k,22,fast,194987.28,40.7974,41.7385,41.8905
WalkingInStreet_2k,27,fast,128732.88,36.1838,37.8337,38.4510
WalkingInStreet_2k,32,fast,79947.12,32.0727,35.0528,36.1548
WalkingInStreet_2k,37,fast,47351.52,28.4833,33.0657,34.6173
WalkingInStreet_2k,22,medium,194999.53,40.8022,41.7381,41.8852
WalkingInStreet_2k,27,medium,128654.65,36.1858,37.8212,38.4445
WalkingInStreet_2k,32,medium,79806.01,32.0717,35.0304,36.1226
WalkingInStreet_2k,37,medium,47234.88,28.4774,33.0353,34.5565
WalkingInStreet_2k,22,slow,188895.61,40.9247,41.4812,41.4925
WalkingInStreet_2k,27,slow,119862.48,35.9207,37.4880,37.9445
WalkingInStreet_2k,32,slow,73107.84,31.7889,34.6376,35.5737
WalkingInStreet_2k,37,slow,41282.40,28.1086,32.5304,34.1731
WalkingInStreet_2k,22,slower,187206.97,40.8920,41.5242,41.5632
WalkingInStreet_2k,27,slower,118199.52,35.8957,37.4885,38.0287
WalkingInStreet_2k,32,slower,71631.37,31.7499,34.6429,35.5967
WalkingInStreet_2k,37,slower,40637.04,28.0837,32.5581,34.0457
WalkingInStreet_2k,22,veryslow,187207.69,40.8920,41.5242,41.5632
WalkingInStreet_2k,27,veryslow,118200.25,35.8957,37.4885,38.0287
WalkingInStreet_2k,32,veryslow,71632.09,31.7499,34.6429,35.5967
WalkingInStreet_2k,37,veryslow,40637.76,28.0837,32.5581,34.0457
WalkingInStreet_2k,22,placebo,188027.53,40.9104,41.6469,41.6811
WalkingInStreet_2k,27,placebo,118675.20,35.9051,37.5714,38.1530
WalkingInStreet_2k,32,placebo,71993.04,31.7843,34.6969,35.6886
WalkingInStreet_2k,37,placebo,40846.32,28.1121,32.6187,34.1272
WorldCup_2k,22,ultrafast,21359.76,46.4972,50.7471,50.7589
WorldCup_2k,27,ultrafast,12971.76,43.7255,48.3059,48.3995
WorldCup_2k,32,ultrafast,8024.88,40.7697,46.1084,46.2829
WorldCup_2k,37,ultrafast,5027.04,37.8353,44.2854,44.5034
WorldCup_2k,22,superfast,18504.48,47.2465,50.6098,50.6701
WorldCup_2k,27,superfast,11193.60,44.5350,47.9236,48.0988
WorldCup_2k,32,superfast,7065.36,41.6384,45.6917,45.9223
WorldCup_2k,37,superfast,4553.52,38.6434,43.8647,44.1080
WorldCup_2k,22,veryfast,18438.72,47.3481,50.7125,50.7656
WorldCup_2k,27,veryfast,11198.40,44.6469,48.0324,48.2043
WorldCup_2k,32,veryfast,7059.60,41.7303,45.7506,45.9861
WorldCup_2k,37,veryfast,4541.04,38.6945,43.9280,44.1910
WorldCup_2k,22,faster,18438.72,47.3481,50.7125,50.7656
WorldCup_2k,27,faster,11198.40,44.6469,48.0324,48.2043
WorldCup_2k,32,faster,7059.60,41.7303,45.7506,45.9861
WorldCup_2k,37,faster,4541.04,38.6945,43.9280,44.1910
WorldCup_2k,22,fast,18439.44,47.3481,50.7125,50.7656
WorldCup_2k,27,fast,11199.12,44.6469,48.0324,48.2043
WorldCup_2k,32,fast,7060.32,41.7303,45.7506,45.9861
WorldCup_2k,37,fast,4541.76,38.6945,43.9280,44.1910
WorldCup_2k,22,medium,18453.60,47.3578,50.7260,50.7721
WorldCup_2k,27,medium,11183.04,44.6552,48.0134,48.1713
WorldCup_2k,32,medium,7034.16,41.7377,45.7116,45.9664
WorldCup_2k,37,medium,4535.28,38.6909,43.8778,44.1403
WorldCup_2k,22,slow,16860.48,47.1056,50.4112,50.4926
WorldCup_2k,27,slow,10257.84,44.3295,47.6188,47.8481
WorldCup_2k,32,slow,6439.44,41.3225,45.1791,45.4541
WorldCup_2k,37,slow,4119.12,38.1709,43.3474,43.6466
WorldCup_2k,22,slower,16732.56,47.1198,50.4206,50.5003
WorldCup_2k,27,slower,10201.68,44.3506,47.6699,47.8803
WorldCup_2k,32,slower,6439.44,41.3530,45.2176,45.5052
WorldCup_2k,37,slower,4080.24,38.2162,43.3969,43.6984
WorldCup_2k,22,veryslow,16733.28,47.1198,50.4206,50.5003
WorldCup_2k,27,veryslow,10202.40,44.3506,47.6699,47.8803
WorldCup_2k,32,veryslow,6440.16,41.3530,45.2176,45.5052
WorldCup_2k,37,veryslow,4080.96,38.2162,43.3969,43.6984
WorldCup_2k,22,placebo,16777.92,47.1220,50.4281,50.5060
WorldCup_2k,27,placebo,10243.68,44.3500,47.6698,47.8841
WorldCup_2k,32,placebo,6456.24,41.3431,45.2167,45.5040
WorldCup_2k,37,placebo,4096.08,38.1971,43.3707,43.7180
WorldCup_far_2k,22,ultrafast,70449.60,43.1824,44.6960,46.9043
WorldCup_far_2k,27,ultrafast,43162.32,39.7752,41.6346,44.2618
WorldCup_far_2k,32,ultrafast,25781.76,36.4118,39.2700,42.0455
WorldCup_far_2k,37,ultrafast,15181.92,33.2724,37.4842,40.2794
WorldCup_far_2k,22,superfast,64485.84,43.8699,44.9466,46.9067
WorldCup_far_2k,27,superfast,38653.20,40.4059,41.6983,44.0406
WorldCup_far_2k,32,superfast,23444.40,37.0346,39.1135,41.6660
WorldCup_far_2k,37,superfast,14109.84,33.8066,37.2187,39.8320
WorldCup_far_2k,22,veryfast,64569.84,43.9166,45.0075,47.0250
WorldCup_far_2k,27,veryfast,38633.28,40.4849,41.7757,44.1572
WorldCup_far_2k,32,veryfast,23441.76,37.1165,39.1679,41.7514
WorldCup_far_2k,37,veryfast,14088.96,33.8607,37.2308,39.8691
WorldCup_far_2k,22,faster,64569.84,43.9166,45.0075,47.0250
WorldCup_far_2k,27,faster,38633.28,40.4849,41.7757,44.1572
WorldCup_far_2k,32,faster,23441.76,37.1165,39.1679,41.7514
WorldCup_far_2k,37,faster,14088.96,33.8607,37.2308,39.8691
WorldCup_far_2k,22,fast,64570.56,43.9166,45.0075,47.0250
WorldCup_far_2k,27,fast,38634.00,40.4849,41.7757,44.1572
WorldCup_far_2k,32,fast,23442.48,37.1165,39.1679,41.7514
WorldCup_far_2k,37,fast,14089.68,33.8607,37.2308,39.8691
WorldCup_far_2k,22,medium,64486.32,43.9281,44.9986,47.0167
WorldCup_far_2k,27,medium,38587.92,40.4933,41.7671,44.1437
WorldCup_far_2k,32,medium,23376.00,37.1218,39.1515,41.7227
WorldCup_far_2k,37,medium,14126.16,33.8692,37.2297,39.8574
WorldCup_far_2k,22,slow,59593.20,43.7119,44.5892,46.7759
WorldCup_far_2k,27,slow,35600.88,40.1904,41.1470,43.8312
WorldCup_far_2k,32,slow,21178.80,36.7351,38.4373,41.3683
WorldCup_far_2k,37,slow,12384.48,33.3557,36.4964,39.4746
WorldCup_far_2k,22,slower,59282.40,43.7125,44.5919,46.7915
WorldCup_far_2k,27,slower,35412.24,40.1931,41.1671,43.8555
WorldCup_far_2k,32,slower,21111.60,36.7432,38.4748,41.4046
WorldCup_far_2k,37,slower,12370.32,33.3710,36.5330,39.5293
WorldCup_far_2k,22,veryslow,59283.12,43.7125,44.5919,46.7915
WorldCup_far_2k,27,veryslow,35412.96,40.1931,41.1671,43.8555
WorldCup_far_2k,32,veryslow,21112.32,36.7432,38.4748,41.4046
WorldCup_far_2k,37,veryslow,12371.04,33.3710,36.5330,39.5293
WorldCup_far_2k,22,placebo,59423.29,43.7202,44.5993,46.8017
WorldCup_far_2k,27,placebo,35478.96,40.2006,41.1702,43.8572
WorldCup_far_2k,32,placebo,21099.36,36.7466,38.4715,41.4071
WorldCup_far_2k,37,placebo,12421.92,33.3702,36.5398,39.5225
ControlledBurn_720p,22,ultrafast,40359.12,41.8475,47.9774,47.4807
ControlledBurn_720p,27,ultrafast,26394.96,38.0097,45.5848,45.0408
ControlledBurn_720p,32,ultrafast,15965.04,34.2373,43.4613,43.0144
ControlledBurn_720p,37,ultrafast,8904.96,30.8432,41.7788,41.4749
ControlledBurn_720p,22,superfast,38343.36,42.3618,47.8172,47.3384
ControlledBurn_720p,27,superfast,25039.92,38.4959,45.1579,44.6855
ControlledBurn_720p,32,superfast,15309.60,34.7072,42.8182,42.4614
ControlledBurn_720p,37,superfast,8679.60,31.2508,41.0627,40.8745
ControlledBurn_720p,22,veryfast,38353.68,42.3972,47.8828,47.3849
ControlledBurn_720p,27,veryfast,25033.20,38.5532,45.2137,44.7382
ControlledBurn_720p,32,veryfast,15317.52,34.7794,42.8727,42.5061
ControlledBurn_720p,37,veryfast,8688.24,31.3133,41.1086,40.9044
ControlledBurn_720p,22,faster,38353.68,42.3972,47.8828,47.3849
ControlledBurn_720p,27,faster,25033.20,38.5532,45.2137,44.7382
ControlledBurn_720p,32,faster,15317.52,34.7794,42.8727,42.5061
ControlledBurn_720p,37,faster,8688.24,31.3133,41.1086,40.9044
ControlledBurn_720p,22,fast,38354.40,42.3972,47.8828,47.3849
ControlledBurn_720p,27,fast,25033.92,38.5532,45.2137,44.7382
ControlledBurn_720p,32,fast,15318.24,34.7794,42.8727,42.5061
ControlledBurn_720p,37,fast,8688.96,31.3133,41.1086,40.9044
ControlledBurn_720p,22,medium,38313.84,42.4108,47.8721,47.3772
ControlledBurn_720p,27,medium,25041.36,38.5618,45.2107,44.7305
ControlledBurn_720p,32,medium,15301.44,34.7865,42.8672,42.4870
ControlledBurn_720p,37,medium,8692.08,31.3154,41.0941,40.8987
ControlledBurn_720p,22,slow,36733.20,42.3469,47.5791,47.0054
ControlledBurn_720p,27,slow,23717.52,38.3838,44.8117,44.2347
ControlledBurn_720p,32,slow,14177.28,34.5087,42.4624,42.0546
ControlledBurn_720p,37,slow,7674.24,30.8802,40.7300,40.5362
ControlledBurn_720p,22,slower,36721.44,42.3537,47.5993,47.0244
ControlledBurn_720p,27,slower,23655.60,38.3910,44.8317,44.2584
ControlledBurn_720p,32,slower,14136.24,34.5151,42.5135,42.1023
ControlledBurn_720p,37,slower,7665.60,30.8930,40.7937,40.5933
ControlledBurn_720p,22,veryslow,36722.16,42.3537,47.5993,47.0244
ControlledBurn_720p,27,veryslow,23656.32,38.3910,44.8317,44.2584
ControlledBurn_720p,32,veryslow,14136.96,34.5151,42.5135,42.1023
ControlledBurn_720p,37,veryslow,7666.32,30.8930,40.7937,40.5933
ControlledBurn_720p,22,placebo,36712.80,42.3608,47.5995,47.0181
ControlledBurn_720p,27,placebo,23629.20,38.3961,44.8384,44.2751
ControlledBurn_720p,32,placebo,14178.48,34.5152,42.5248,42.1177
ControlledBurn_720p,37,placebo,7646.88,30.8851,40.8063,40.6007
DrivingPOV_720p,22,ultrafast,78445.46,41.4411,44.6219,43.7413
DrivingPOV_720p,27,ultrafast,46252.70,37.7025,42.1854,42.0129
DrivingPOV_720p,32,ultrafast,25488.95,34.3116,40.3646,40.8016
DrivingPOV_720p,37,ultrafast,13429.82,31.4278,38.9645,39.8288
DrivingPOV_720p,22,superfast,71911.09,42.1804,44.7291,43.8211
DrivingPOV_720p,27,superfast,42388.43,38.3845,42.0909,41.8909
DrivingPOV_720p,32,superfast,23837.42,34.9456,40.0277,40.4846
DrivingPOV_720p,37,superfast,12895.04,31.9193,38.5661,39.3885
DrivingPOV_720p,22,veryfast,71982.36,42.2255,44.7992,43.8685
DrivingPOV_720p,27,veryfast,42437.99,38.4574,42.1655,41.9591
DrivingPOV_720p,32,veryfast,23831.28,35.0308,40.1178,40.5640
DrivingPOV_720p,37,veryfast,12874.74,31.9850,38.6246,39.4614
DrivingPOV_720p,22,faster,71982.36,42.2255,44.7992,43.8685
DrivingPOV_720p,27,faster,42437.99,38.4574,42.1655,41.9591
DrivingPOV_720p,32,faster,23831.28,35.0308,40.1178,40.5640
DrivingPOV_720p,37,faster,12874.74,31.9850,38.6246,39.4614
DrivingPOV_720p,22,fast,71983.78,42.2255,44.7992,43.8685
DrivingPOV_720p,27,fast,42439.41,38.4574,42.1655,41.9591
DrivingPOV_720p,32,fast,23832.70,35.0308,40.1178,40.5640
DrivingPOV_720p,37,fast,12876.16,31.9850,38.6246,39.4614
DrivingPOV_720p,22,medium,72072.05,42.2402,44.7927,43.8688
DrivingPOV_720p,27,medium,42516.82,38.4679,42.1619,41.9459
DrivingPOV_720p,32,medium,23818.54,35.0382,40.0940,40.5440
DrivingPOV_720p,37,medium,12906.37,31.9941,38.6100,39.4306
DrivingPOV_720p,22,slow,67214.69,42.0255,44.3886,43.4293
DrivingPOV_720p,27,slow,38835.22,38.1565,41.6549,41.6466
DrivingPOV_720p,32,slow,21357.53,34.6467,39.5550,40.2793
DrivingPOV_720p,37,slow,11084.45,31.4935,38.0668,39.1433
DrivingPOV_720p,22,slower,67003.70,42.0294,44.4002,43.4397
DrivingPOV_720p,27,slower,38658.22,38.1598,41.6784,41.6694
DrivingPOV_720p,32,slower,21290.98,34.6540,39.5882,40.3039
DrivingPOV_720p,37,slower,10974.94,31.5068,38.1098,39.1940
DrivingPOV_720p,22,veryslow,67005.12,42.0294,44.4002,43.4397
DrivingPOV_720p,27,veryslow,38659.63,38.1598,41.6784,41.6694
DrivingPOV_720p,32,veryslow,21292.39,34.6540,39.5882,40.3039
DrivingPOV_720p,37,veryslow,10976.36,31.5068,38.1098,39.1940
DrivingPOV_720p,22,placebo,67154.27,42.0407,44.4117,43.4564
DrivingPOV_720p,27,placebo,38767.72,38.1722,41.6845,41.6745
DrivingPOV_720p,32,placebo,21260.30,34.6600,39.6017,40.3075
DrivingPOV_720p,37,placebo,11016.01,31.5023,38.0938,39.1962
Johnny_720p,22,ultrafast,25864.80,43.9070,48.2182,48.6997
Johnny_720p,27,ultrafast,14844.00,41.6231,46.5712,47.1042
Johnny_720p,32,ultrafast,8967.84,39.1756,44.7307,45.2503
Johnny_720p,37,ultrafast,5592.00,36.6595,43.0950,43.4796
Johnny_720p,22,superfast,22883.52,44.1717,48.1357,48.5704
Johnny_720p,27,superfast,12936.00,42.0065,46.2947,46.7629
Johnny_720p,32,superfast,7944.48,39.7093,44.3111,44.7700
Johnny_720p,37,superfast,5140.80,37.2164,42.6399,43.0514
Johnny_720p,22,veryfast,22847.52,44.2058,48.2107,48.6789
Johnny_720p,27,veryfast,12924.00,42.0617,46.3891,46.8643
Johnny_720p,32,veryfast,7918.56,39.7768,44.4323,44.8627
Johnny_720p,37,veryfast,5130.72,37.2693,42.7781,43.1848
Johnny_720p,22,faster,22847.52,44.2058,48.2107,48.6789
Johnny_720p,27,faster,12924.00,42.0617,46.3891,46.8643
Johnny_720p,32,faster,7918.56,39.7768,44.4323,44.8627
Johnny_720p,37,faster,5130.72,37.2693,42.7781,43.1848
Johnny_720p,22,fast,22848.96,44.2058,48.2107,48.6789
Johnny_720p,27,fast,12925.44,42.0617,46.3891,46.8643
Johnny_720p,32,fast,7920.00,39.7768,44.4323,44.8627
Johnny_720p,37,fast,5132.16,37.2693,42.7781,43.1848
Johnny_720p,22,medium,22786.56,44.2116,48.2057,48.6807
Johnny_720p,27,medium,12910.08,42.0666,46.3877,46.8653
Johnny_720p,32,medium,7847.52,39.7820,44.4218,44.8267
Johnny_720p,37,medium,5124.96,37.2750,42.7349,43.1647
Johnny_720p,22,slow,19948.80,43.9510,47.9722,48.4635
Johnny_720p,27,slow,11536.32,41.7693,46.0101,46.5150
Johnny_720p,32,slow,7127.04,39.4216,43.9484,44.3620
Johnny_720p,37,slow,4583.04,36.7696,42.1096,42.5484
Johnny_720p,22,slower,19801.44,43.9506,47.9742,48.4839
Johnny_720p,27,slower,11459.04,41.7689,46.0438,46.5325
Johnny_720p,32,slower,7064.16,39.4342,43.9816,44.4390
Johnny_720p,37,slower,4531.20,36.7995,42.1884,42.5936
Johnny_720p,22,veryslow,19802.88,43.9506,47.9742,48.4839
Johnny_720p,27,veryslow,11460.48,41.7689,46.0438,46.5325
Johnny_720p,32,veryslow,7065.60,39.4342,43.9816,44.4390
Johnny_720p,37,veryslow,4532.64,36.7995,42.1884,42.5936
Johnny_720p,22,placebo,19789.92,43.9559,47.9805,48.4833
Johnny_720p,27,placebo,11511.36,41.7728,46.0533,46.5403
Johnny_720p,32,placebo,7131.84,39.4336,43.9628,44.4294
Johnny_720p,37,placebo,4559.04,36.7889,42.1756,42.5757
KristenAndSara_720p,22,ultrafast,29521.92,44.1419,47.6283,48.3318
KristenAndSara_720p,27,ultrafast,18030.72,41.6322,45.7231,46.5432
KristenAndSara_720p,32,ultrafast,11281.44,38.8659,43.8169,44.7624
KristenAndSara_720p,37,ultrafast,7183.68,36.0115,42.3007,43.1620
KristenAndSara_720p,22,superfast,25237.44,44.5472,47.5981,48.3322
KristenAndSara_720p,27,superfast,15261.12,42.1878,45.5850,46.3737
KristenAndSara_720p,32,superfast,9672.00,39.5426,43.5516,44.3653
KristenAndSara_720p,37,superfast,6368.16,36.7252,41.9047,42.6861
KristenAndSara_720p,22,veryfast,25220.16,44.6016,47.6788,48.4348
KristenAndSara_720p,27,veryfast,15273.12,42.2675,45.6486,46.4670
KristenAndSara_720p,32,veryfast,9657.12,39.6304,43.6325,44.5070
KristenAndSara_720p,37,veryfast,6324.00,36.8029,42.0021,42.8032
KristenAndSara_720p,22,faster,25220.16,44.6016,47.6788,48.4348
KristenAndSara_720p,27,faster,15273.12,42.2675,45.6486,46.4670
KristenAndSara_720p,32,faster,9657.12,39.6304,43.6325,44.5070
KristenAndSara_720p,37,faster,6324.00,36.8029,42.0021,42.8032
KristenAndSara_720p,22,fast,25221.60,44.6016,47.6788,48.4348
KristenAndSara_720p,27,fast,15274.56,42.2675,45.6486,46.4670
KristenAndSara_720p,32,fast,9658.56,39.6304,43.6325,44.5070
KristenAndSara_720p,37,fast,6325.44,36.8029,42.0021,42.8032
KristenAndSara_720p,22,medium,25196.16,44.6054,47.6776,48.4227
KristenAndSara_720p,27,medium,15186.24,42.2710,45.6496,46.4629
KristenAndSara_720p,32,medium,9616.32,39.6314,43.6116,44.4968
KristenAndSara_720p,37,medium,6322.08,36.8045,41.9551,42.7792
KristenAndSara_720p,22,slow,22478.40,44.3705,47.4110,48.2327
KristenAndSara_720p,27,slow,13929.60,42.0082,45.2409,46.1701
KristenAndSara_720p,32,slow,8874.24,39.3020,43.1319,44.0682
KristenAndSara_720p,37,slow,5743.20,36.3482,41.4412,42.2887
KristenAndSara_720p,22,slower,22341.12,44.3727,47.4352,48.2252
KristenAndSara_720p,27,slower,13847.52,42.0112,45.2825,46.1966
KristenAndSara_720p,32,slower,8830.56,39.3135,43.1751,44.1051
KristenAndSara_720p,37,slower,5707.20,36.3708,41.4958,42.3190
KristenAndSara_720p,22,veryslow,22342.56,44.3727,47.4352,48.2252
KristenAndSara_720p,27,veryslow,13848.96,42.0112,45.2825,46.1966
KristenAndSara_720p,32,veryslow,8832.00,39.3135,43.1751,44.1051
KristenAndSara_720p,37,veryslow,5708.64,36.3708,41.4958,42.3190
KristenAndSara_720p,22,placebo,22386.72,44.3777,47.4452,48.2469
KristenAndSara_720p,27,placebo,13921.92,42.0187,45.2992,46.2612
KristenAndSara_720p,32,placebo,8868.96,39.3183,43.1557,44.1168
KristenAndSara_720p,37,placebo,5778.72,36.3692,41.5166,42.3062
RollerCoaster_720p,22,ultrafast,39148.15,43.8078,45.0387,44.9126
RollerCoaster_720p,27,ultrafast,22882.56,40.6002,42.4529,42.7714
RollerCoaster_720p,32,ultrafast,13171.63,37.5426,40.3815,41.1631
RollerCoaster_720p,37,ultrafast,7834.26,34.7512,38.7454,39.9123
RollerCoaster_720p,22,superfast,36272.73,44.2459,45.1822,45.0649
RollerCoaster_720p,27,superfast,21242.36,40.9791,42.4817,42.8209
RollerCoaster_720p,32,superfast,12440.03,37.9051,40.2863,41.1104
RollerCoaster_720p,37,superfast,7501.50,35.0783,38.5815,39.7926
RollerCoaster_720p,22,veryfast,36343.53,44.3173,45.2591,45.1291
RollerCoaster_720p,27,veryfast,21329.21,41.0744,42.5762,42.8915
RollerCoaster_720p,32,veryfast,12407.46,37.9870,40.3542,41.1591
RollerCoaster_720p,37,veryfast,7501.97,35.1222,38.6120,39.8071
RollerCoaster_720p,22,faster,36343.53,44.3173,45.2591,45.1291
RollerCoaster_720p,27,faster,21329.21,41.0744,42.5762,42.8915
RollerCoaster_720p,32,faster,12407.46,37.9870,40.3542,41.1591
RollerCoaster_720p,37,faster,7501.97,35.1222,38.6120,39.8071
RollerCoaster_720p,22,fast,36344.95,44.3173,45.2591,45.1291
RollerCoaster_720p,27,fast,21330.62,41.0744,42.5762,42.8915
RollerCoaster_720p,32,fast,12408.88,37.9870,40.3542,41.1591
RollerCoaster_720p,37,fast,7503.38,35.1222,38.6120,39.8071
RollerCoaster_720p,22,medium,36327.95,44.3261,45.2524,45.1255
RollerCoaster_720p,27,medium,21267.85,41.0775,42.5709,42.8876
RollerCoaster_720p,32,medium,12380.09,37.9900,40.3372,41.1371
RollerCoaster_720p,37,medium,7490.17,35.1264,38.6037,39.8098
RollerCoaster_720p,22,slow,33170.75,44.0735,44.8704,44.6935
RollerCoaster_720p,27,slow,19047.56,40.6978,42.0507,42.4754
RollerCoaster_720p,32,slow,11098.61,37.5904,39.7269,40.7262
RollerCoaster_720p,37,slow,6667.00,34.6759,37.9183,39.3939
RollerCoaster_720p,22,slower,33010.74,44.0750,44.8827,44.7126
RollerCoaster_720p,27,slower,19016.41,40.6983,42.0634,42.5021
RollerCoaster_720p,32,slower,11012.70,37.5970,39.7547,40.7500
RollerCoaster_720p,37,slower,6643.87,34.6997,37.9552,39.4262
RollerCoaster_720p,22,veryslow,33012.15,44.0750,44.8827,44.7126
RollerCoaster_720p,27,veryslow,19017.83,40.6983,42.0634,42.5021
RollerCoaster_720p,32,veryslow,11014.12,37.5970,39.7547,40.7500
RollerCoaster_720p,37,veryslow,6645.29,34.6997,37.9552,39.4262
RollerCoaster_720p,22,placebo,33042.84,44.0799,44.8990,44.7173
RollerCoaster_720p,27,placebo,18973.46,40.7030,42.0718,42.4998
RollerCoaster_720p,32,placebo,11059.43,37.5990,39.7438,40.7675
RollerCoaster_720p,37,placebo,6650.01,34.6887,37.9472,39.4176
Vidyo3_720p,22,ultrafast,32609.28,44.0874,48.7014,48.3820
Vidyo3_720p,27,ultrafast,17431.68,41.5627,47.2289,46.3125
Vidyo3_720p,32,ultrafast,10568.16,38.7378,45.8115,44.3071
Vidyo3_720p,37,ultrafast,6581.28,35.7650,44.6320,42.7513
Vidyo3_720p,22,superfast,29441.76,44.4905,48.5633,48.2501
Vidyo3_720p,27,superfast,15362.88,42.1036,46.8812,46.0076
Vidyo3_720p,32,superfast,9597.60,39.3910,45.4710,43.9824
Vidyo3_720p,37,superfast,6240.48,36.3928,44.3551,42.4389
Vidyo3_720p,22,veryfast,29348.16,44.5290,48.6419,48.3319
Vidyo3_720p,27,veryfast,15316.80,42.1771,46.9546,46.0558
Vidyo3_720p,32,veryfast,9545.28,39.5066,45.4923,43.9919
Vidyo3_720p,37,veryfast,6243.36,36.5204,44.4819,42.4761
Vidyo3_720p,22,faster,29348.16,44.5290,48.6419,48.3319
Vidyo3_720p,27,faster,15316.80,42.1771,46.9546,46.0558
Vidyo3_720p,32,faster,9545.28,39.5066,45.4923,43.9919
Vidyo3_720p,37,faster,6243.36,36.5204,44.4819,42.4761
Vidyo3_720p,22,fast,29349.60,44.5290,48.6419,48.3319
Vidyo3_720p,27,fast,15318.24,42.1771,46.9546,46.0558
Vidyo3_720p,32,fast,9546.72,39.5066,45.4923,43.9919
Vidyo3_720p,37,fast,6244.80,36.5204,44.4819,42.4761
Vidyo3_720p,22,medium,29377.92,44.5319,48.6437,48.3284
Vidyo3_720p,27,medium,15325.44,42.1775,46.9335,46.0496
Vidyo3_720p,32,medium,9538.56,39.5069,45.5025,43.9519
Vidyo3_720p,37,medium,6194.40,36.5264,44.4450,42.4675
Vidyo3_720p,22,slow,23695.68,44.2774,48.3236,47.9340
Vidyo3_720p,27,slow,13667.04,41.8996,46.6296,45.4703
Vidyo3_720p,32,slow,8671.68,39.1623,45.1066,43.2119
Vidyo3_720p,37,slow,5617.44,36.0336,43.8562,41.8079
Vidyo3_720p,22,slower,23557.44,44.2819,48.3559,47.9536
Vidyo3_720p,27,slower,13642.56,41.9075,46.6453,45.5085
Vidyo3_720p,32,slower,8708.16,39.1750,45.1419,43.2653
Vidyo3_720p,37,slower,5587.68,36.0602,43.9429,41.8818
Vidyo3_720p,22,veryslow,23558.88,44.2819,48.3559,47.9536
Vidyo3_720p,27,veryslow,13644.00,41.9075,46.6453,45.5085
Vidyo3_720p,32,veryslow,8709.60,39.1750,45.1419,43.2653
Vidyo3_720p,37,veryslow,5589.12,36.0602,43.9429,41.8818
Vidyo3_720p,22,placebo,23635.20,44.2854,48.3583,47.9539
Vidyo3_720p,27,placebo,13676.16,41.9062,46.6480,45.5115
Vidyo3_720p,32,placebo,8710.56,39.1713,45.1366,43.2491
Vidyo3_720p,37,placebo,5608.80,36.0445,43.9412,41.8481
Vidyo4_720p,22,ultrafast,27105.12,44.1871,48.9932,49.1479
Vidyo4_720p,27,ultrafast,15589.92,41.6127,47.3052,47.4596
Vidyo4_720p,32,ultrafast,9233.28,39.0085,45.5782,45.5722
Vidyo4_720p,37,ultrafast,5661.12,36.4699,44.0447,44.0035
Vidyo4_720p,22,superfast,24727.68,44.5260,48.7997,48.9621
Vidyo4_720p,27,superfast,14132.64,41.9754,46.8946,47.0878
Vidyo4_720p,32,superfast,8397.60,39.4165,45.0914,45.1274
Vidyo4_720p,37,superfast,5250.72,36.8869,43.5998,43.5135
Vidyo4_720p,22,veryfast,24702.72,44.5777,48.8813,49.0556
Vidyo4_720p,27,veryfast,14104.80,42.0434,46.9533,47.1799
Vidyo4_720p,32,veryfast,8413.92,39.4918,45.1549,45.1807
Vidyo4_720p,37,veryfast,5268.48,36.9510,43.6181,43.5257
Vidyo4_720p,22,faster,24702.72,44.5777,48.8813,49.0556
Vidyo4_720p,27,faster,14104.80,42.0434,46.9533,47.1799
Vidyo4_720p,32,faster,8413.92,39.4918,45.1549,45.1807
Vidyo4_720p,37,faster,5268.48,36.9510,43.6181,43.5257
Vidyo4_720p,22,fast,24704.16,44.5777,48.8813,49.0556
Vidyo4_720p,27,fast,14106.24,42.0434,46.9533,47.1799
Vidyo4_720p,32,fast,8415.36,39.4918,45.1549,45.1807
Vidyo4_720p,37,fast,5269.92,36.9510,43.6181,43.5257
Vidyo4_720p,22,medium,24626.88,44.5825,48.8751,49.0516
Vidyo4_720p,27,medium,14068.32,42.0456,46.9585,47.1561
Vidyo4_720p,32,medium,8352.48,39.4972,45.1195,45.1554
Vidyo4_720p,37,medium,5226.72,36.9492,43.5918,43.5448
Vidyo4_720p,22,slow,21881.76,44.2745,48.6197,48.8248
Vidyo4_720p,27,slow,12613.92,41.7017,46.6204,46.7949
Vidyo4_720p,32,slow,7553.76,39.1000,44.6832,44.7139
Vidyo4_720p,37,slow,4716.96,36.4872,43.1865,43.1038
Vidyo4_720p,22,slower,21805.44,44.2822,48.6413,48.8397
Vidyo4_720p,27,slower,12599.52,41.7102,46.6454,46.8253
Vidyo4_720p,32,slower,7509.60,39.1171,44.7419,44.7333
Vidyo4_720p,37,slower,4672.32,36.5166,43.2137,43.1198
Vidyo4_720p,22,veryslow,21806.88,44.2822,48.6413,48.8397
Vidyo4_720p,27,veryslow,12600.96,41.7102,46.6454,46.8253
Vidyo4_720p,32,veryslow,7511.04,39.1171,44.7419,44.7333
Vidyo4_720p,37,veryslow,4673.76,36.5166,43.2137,43.1198
Vidyo4_720p,22,placebo,21777.60,44.2835,48.6423,48.8516
Vidyo4_720p,27,placebo,12615.36,41.7147,46.6610,46.8159
Vidyo4_720p,32,placebo,7572.00,39.1127,44.7344,44.7513
Vidyo4_720p,37,placebo,4662.24,36.5086,43.2275,43.1173
WestWindEasy_720p,22,ultrafast,32254.32,42.9597,48.4726,50.3804
WestWindEasy_720p,27,ultrafast,21240.00,39.3318,46.0255,48.3699
WestWindEasy_720p,32,ultrafast,13358.16,35.7359,43.9210,46.5199
WestWindEasy_720p,37,ultrafast,8167.20,32.4033,42.3211,45.0839
WestWindEasy_720p,22,superfast,26153.28,43.8915,48.5728,50.3657
WestWindEasy_720p,27,superfast,17023.92,40.3243,45.9401,48.0786
WestWindEasy_720p,32,superfast,10745.52,36.7934,43.7556,46.1617
WestWindEasy_720p,37,superfast,6621.36,33.4295,42.1277,44.8448
WestWindEasy_720p,22,veryfast,26148.72,43.9670,48.6794,50.4932
WestWindEasy_720p,27,veryfast,17048.88,40.4580,46.0487,48.1759
WestWindEasy_720p,32,veryfast,10734.24,36.9804,43.8098,46.2038
WestWindEasy_720p,37,veryfast,6596.64,33.5933,42.1314,44.8283
WestWindEasy_720p,22,faster,26148.72,43.9670,48.6794,50.4932
WestWindEasy_720p,27,faster,17048.88,40.4580,46.0487,48.1759
WestWindEasy_720p,32,faster,10734.24,36.9804,43.8098,46.2038
WestWindEasy_720p,37,faster,6596.64,33.5933,42.1314,44.8283
WestWindEasy_720p,22,fast,26149.44,43.9670,48.6794,50.4932
WestWindEasy_720p,27,fast,17049.60,40.4580,46.0487,48.1759
WestWindEasy_720p,32,fast,10734.96,36.9804,43.8098,46.2038
WestWindEasy_720p,37,fast,6597.36,33.5933,42.1314,44.8283
WestWindEasy_720p,22,medium,26157.12,43.9788,48.6739,50.4870
WestWindEasy_720p,27,medium,17016.00,40.4649,46.0536,48.1702
WestWindEasy_720p,32,medium,10719.12,36.9874,43.7981,46.1925
WestWindEasy_720p,37,medium,6598.80,33.5970,42.1206,44.8397
WestWindEasy_720p,22,slow,24598.56,43.7791,48.3066,50.2238
WestWindEasy_720p,27,slow,15828.48,40.2212,45.6275,47.8651
WestWindEasy_720p,32,slow,9845.76,36.6597,43.2412,45.8309
WestWindEasy_720p,37,slow,5914.80,33.1304,41.5594,44.5206
WestWindEasy_720p,22,slower,24556.80,43.7909,48.3312,50.2450
WestWindEasy_720p,27,slower,15784.08,40.2303,45.6600,47.9123
WestWindEasy_720p,32,slower,9850.08,36.6711,43.3078,45.8846
WestWindEasy_720p,37,slower,5923.68,33.1443,41.6262,44.5267
WestWindEasy_720p,22,veryslow,24557.52,43.7909,48.3312,50.2450
WestWindEasy_720p,27,veryslow,15784.80,40.2303,45.6600,47.9123
WestWindEasy_720p,32,veryslow,9850.80,36.6711,43.3078,45.8846
WestWindEasy_720p,37,veryslow,5924.40,33.1443,41.6262,44.5267
WestWindEasy_720p,22,placebo,24552.48,43.8186,48.3456,50.2534
WestWindEasy_720p,27,placebo,15829.20,40.2606,45.6734,47.9595
WestWindEasy_720p,32,placebo,9843.12,36.6865,43.3182,45.9071
WestWindEasy_720p,37,placebo,5905.68,33.1410,41.6064,44.5853
BlueSky_360p,22,ultrafast,9600.00,42.9283,43.1099,43.7612
BlueSky_360p,27,ultrafast,6455.20,38.7807,39.1072,40.2565
BlueSky_360p,32,ultrafast,4123.40,34.7123,36.3527,38.0481
BlueSky_360p,37,ultrafast,2537.20,31.0865,34.5994,36.7417
BlueSky_360p,22,superfast,8746.00,44.0999,43.8020,44.4227
BlueSky_360p,27,superfast,5949.60,39.8520,39.6087,40.7137
BlueSky_360p,32,superfast,3883.60,35.6726,36.5971,38.2638
BlueSky_360p,37,superfast,2444.80,31.8671,34.6543,36.7695
BlueSky_360p,22,veryfast,8735.80,44.2294,43.9026,44.5569
BlueSky_360p,27,veryfast,5949.00,40.0373,39.7396,40.8491
BlueSky_360p,32,veryfast,3880.80,35.8958,36.6556,38.3275
BlueSky_360p,37,veryfast,2440.40,32.0427,34.6624,36.7797
BlueSky_360p,22,faster,8735.80,44.2294,43.9026,44.5569
BlueSky_360p,27,faster,5949.00,40.0373,39.7396,40.8491
BlueSky_360p,32,faster,3880.80,35.8958,36.6556,38.3275
BlueSky_360p,37,faster,2440.40,32.0427,34.6624,36.7797
BlueSky_360p,22,fast,8736.40,44.2294,43.9026,44.5569
BlueSky_360p,27,fast,5949.60,40.0373,39.7396,40.8491
BlueSky_360p,32,fast,3881.40,35.8958,36.6556,38.3275
BlueSky_360p,37,fast,2441.00,32.0427,34.6624,36.7797
BlueSky_360p,22,medium,8738.00,44.2608,43.9208,44.5466
BlueSky_360p,27,medium,5956.20,40.0611,39.7457,40.8539
BlueSky_360p,32,medium,3880.40,35.9134,36.6520,38.3413
BlueSky_360p,37,medium,2443.80,32.0531,34.6565,36.7840
BlueSky_360p,22,slow,8490.80,44.2225,43.8980,44.3279
BlueSky_360p,27,slow,5659.20,39.9040,39.3075,40.3226
BlueSky_360p,32,slow,3566.80,35.6474,35.8447,37.6715
BlueSky_360p,37,slow,2174.00,31.6674,33.8594,36.2968
BlueSky_360p,22,slower,8459.60,44.2501,43.9023,44.3325
BlueSky_360p,27,slower,5641.40,39.9225,39.3121,40.3211
BlueSky_360p,32,slower,3553.40,35.6617,35.8639,37.6969
BlueSky_360p,37,slower,2170.80,31.6782,33.8725,36.3150
BlueSky_360p,22,veryslow,8460.20,44.2501,43.9023,44.3325
BlueSky_360p,27,veryslow,5642.00,39.9225,39.3121,40.3211
BlueSky_360p,32,veryslow,3554.00,35.6617,35.8639,37.6969
BlueSky_360p,37,veryslow,2171.40,31.6782,33.8725,36.3150
BlueSky_360p,22,placebo,8527.00,44.2808,44.1140,44.5971
BlueSky_360p,27,placebo,5664.80,39.9668,39.4706,40.4856
BlueSky_360p,32,placebo,3556.60,35.6841,35.8667,37.7057
BlueSky_360p,37,placebo,2179.80,31.6819,33.8765,36.3269
RedKayak_360p,22,ultrafast,11065.47,41.1520,44.8211,49.1386
RedKayak_360p,27,ultrafast,7035.63,36.9537,42.4940,47.9214
RedKayak_360p,32,ultrafast,3925.67,32.9878,40.8102,46.5235
RedKayak_360p,37,ultrafast,2033.71,29.8016,39.6071,45.4768
RedKayak_360p,22,superfast,10068.10,42.1344,44.9396,48.8507
RedKayak_360p,27,superfast,6434.29,37.9447,42.2165,46.9923
RedKayak_360p,32,superfast,3737.98,33.9153,40.2679,45.8035
RedKayak_360p,37,superfast,2020.26,30.4248,39.0959,45.2263
RedKayak_360p,22,veryfast,10080.63,42.1920,45.0436,48.9342
RedKayak_360p,27,veryfast,6428.49,38.0656,42.3007,47.2723
RedKayak_360p,32,veryfast,3751.90,34.0630,40.3385,46.1662
RedKayak_360p,37,veryfast,2034.87,30.5411,39.1098,45.3197
RedKayak_360p,22,faster,10080.63,42.1920,45.0436,48.9342
RedKayak_360p,27,faster,6428.49,38.0656,42.3007,47.2723
RedKayak_360p,32,faster,3751.90,34.0630,40.3385,46.1662
RedKayak_360p,37,faster,2034.87,30.5411,39.1098,45.3197
RedKayak_360p,22,fast,10081.33,42.1920,45.0436,48.9342
RedKayak_360p,27,fast,6429.18,38.0656,42.3007,47.2723
RedKayak_360p,32,fast,3752.60,34.0630,40.3385,46.1662
RedKayak_360p,37,fast,2035.57,30.5411,39.1098,45.3197
RedKayak_360p,22,medium,10067.41,42.2100,45.0379,48.9192
RedKayak_360p,27,medium,6441.71,38.0792,42.3053,47.2571
RedKayak_360p,32,medium,3735.20,34.0750,40.3085,46.2337
RedKayak_360p,37,medium,2033.25,30.5544,39.0673,45.3484
RedKayak_360p,22,slow,9650.50,42.1049,44.5084,48.7695
RedKayak_360p,27,slow,6057.52,37.8565,41.8026,47.2144
RedKayak_360p,32,slow,3384.88,33.6543,39.9308,46.1322
RedKayak_360p,37,slow,1715.41,29.9415,38.6536,45.1082
RedKayak_360p,22,slower,9607.35,42.1073,44.5345,48.8101
RedKayak_360p,27,slower,6039.19,37.8604,41.8445,47.1560
RedKayak_360p,32,slower,3350.54,33.6670,39.9732,46.1530
RedKayak_360p,37,slower,1712.62,29.9614,38.6976,45.1883
RedKayak_360p,22,veryslow,9608.05,42.1073,44.5345,48.8101
RedKayak_360p,27,veryslow,6039.89,37.8604,41.8445,47.1560
RedKayak_360p,32,veryslow,3351.24,33.6670,39.9732,46.1530
RedKayak_360p,37,veryslow,1713.32,29.9614,38.6976,45.1883
RedKayak_360p,22,placebo,9628.70,42.1680,44.5528,48.8114
RedKayak_360p,27,placebo,6043.14,37.9259,41.8423,47.2231
RedKayak_360p,32,placebo,3393.46,33.7442,39.9524,46.1369
RedKayak_360p,37,placebo,1752.06,29.9985,38.6830,45.1128
SnowMountain_360p,22,ultrafast,14879.09,41.6252,45.3913,46.3295
SnowMountain_360p,27,ultrafast,10737.42,37.0783,43.3195,44.6433
SnowMountain_360p,32,ultrafast,7171.82,32.5939,42.0073,43.5299
SnowMountain_360p,37,ultrafast,4345.59,28.6466,40.9602,42.7074
SnowMountain_360p,22,superfast,13863.62,42.7661,45.5590,46.4582
SnowMountain_360p,27,superfast,10017.30,38.0893,43.1908,44.3587
SnowMountain_360p,32,superfast,6800.38,33.5384,41.5849,42.8433
SnowMountain_360p,37,superfast,4196.65,29.3931,40.2417,41.9287
SnowMountain_360p,22,veryfast,13839.73,42.8175,45.7015,46.5585
SnowMountain_360p,27,veryfast,10038.87,38.1856,43.3158,44.5011
SnowMountain_360p,32,veryfast,6783.68,33.6715,41.7348,43.1337
SnowMountain_360p,37,veryfast,4208.71,29.5654,40.5992,42.4390
SnowMountain_360p,22,faster,13839.73,42.8175,45.7015,46.5585
SnowMountain_360p,27,faster,10038.87,38.1856,43.3158,44.5011
SnowMountain_360p,32,faster,6783.68,33.6715,41.7348,43.1337
SnowMountain_360p,37,faster,4208.71,29.5654,40.5992,42.4390
SnowMountain_360p,22,fast,13840.42,42.8175,45.7015,46.5585
SnowMountain_360p,27,fast,10039.57,38.1856,43.3158,44.5011
SnowMountain_360p,32,fast,6784.38,33.6715,41.7348,43.1337
SnowMountain_360p,37,fast,4209.41,29.5654,40.5992,42.4390
SnowMountain_360p,22,medium,13839.26,42.8532,45.7006,46.5633
SnowMountain_360p,27,medium,10054.65,38.2205,43.3053,44.4813
SnowMountain_360p,32,medium,6785.77,33.6939,41.6989,43.1060
SnowMountain_360p,37,medium,4198.50,29.5825,40.5991,42.4399
SnowMountain_360p,22,slow,13526.06,42.8980,45.1602,46.1409
SnowMountain_360p,27,slow,9760.24,38.1767,42.8198,44.1797
SnowMountain_360p,32,slow,6512.70,33.5105,41.4657,43.0449
SnowMountain_360p,37,slow,3877.18,29.1759,40.4610,42.3644
SnowMountain_360p,22,slower,13528.85,42.9112,45.1634,46.1436
SnowMountain_360p,27,slower,9756.06,38.1896,42.8431,44.1840
SnowMountain_360p,32,slower,6514.10,33.5291,41.4781,43.0305
SnowMountain_360p,37,slower,3887.39,29.1924,40.4657,42.3230
SnowMountain_360p,22,veryslow,13529.54,42.9112,45.1634,46.1436
SnowMountain_360p,27,veryslow,9756.76,38.1896,42.8431,44.1840
SnowMountain_360p,32,veryslow,6514.79,33.5291,41.4781,43.0305
SnowMountain_360p,37,veryslow,3888.09,29.1924,40.4657,42.3230
SnowMountain_360p,22,placebo,13565.97,42.9639,45.1831,46.1574
SnowMountain_360p,27,placebo,9751.89,38.2339,42.8599,44.1911
SnowMountain_360p,32,placebo,6517.11,33.5648,41.4794,43.0465
SnowMountain_360p,37,placebo,3889.71,29.2196,40.4488,42.3469
SpeedBag_360p,22,ultrafast,3478.84,45.0378,47.8252,49.3300
SpeedBag_360p,27,ultrafast,2214.44,42.1138,45.6465,47.4389
SpeedBag_360p,32,ultrafast,1455.34,39.2692,43.6180,45.6184
SpeedBag_360p,37,ultrafast,1068.13,36.6835,42.0884,44.1451
SpeedBag_360p,22,superfast,2985.14,45.8515,47.8900,49.3391
SpeedBag_360p,27,superfast,1996.59,43.1374,45.4882,47.3041
SpeedBag_360p,32,superfast,1371.82,40.1283,43.4084,45.3747
SpeedBag_360p,37,superfast,1027.76,37.3223,41.8958,43.8737
SpeedBag_360p,22,veryfast,3008.11,45.9334,47.9638,49.4294
SpeedBag_360p,27,veryfast,2002.86,43.2473,45.5365,47.3463
SpeedBag_360p,32,veryfast,1378.78,40.2246,43.4425,45.4918
SpeedBag_360p,37,veryfast,1026.83,37.3904,41.9641,44.0101
SpeedBag_360p,22,faster,3008.11,45.9334,47.9638,49.4294
SpeedBag_360p,27,faster,2002.86,43.2473,45.5365,47.3463
SpeedBag_360p,32,faster,1378.78,40.2246,43.4425,45.4918
SpeedBag_360p,37,faster,1026.83,37.3904,41.9641,44.0101
SpeedBag_360p,22,fast,3008.81,45.9334,47.9638,49.4294
SpeedBag_360p,27,fast,2003.55,43.2473,45.5365,47.3463
SpeedBag_360p,32,fast,1379.47,40.2246,43.4425,45.4918
SpeedBag_360p,37,fast,1027.53,37.3904,41.9641,44.0101
SpeedBag_360p,22,medium,2990.25,45.9395,47.9584,49.4294
SpeedBag_360p,27,medium,1989.17,43.2548,45.5406,47.3630
SpeedBag_360p,32,medium,1380.17,40.2344,43.4451,45.4354
SpeedBag_360p,37,medium,1029.62,37.4000,41.9499,44.0410
SpeedBag_360p,22,slow,2779.82,45.7425,47.5373,49.1417
SpeedBag_360p,27,slow,1861.57,42.9381,44.9789,47.0381
SpeedBag_360p,32,slow,1269.50,39.7763,42.8384,45.1704
SpeedBag_360p,37,slow,960.25,36.8491,41.3466,43.7140
SpeedBag_360p,22,slower,2766.37,45.7462,47.5473,49.1671
SpeedBag_360p,27,slower,1836.74,42.9355,45.0182,46.9987
SpeedBag_360p,32,slower,1281.10,39.8057,42.8885,45.1626
SpeedBag_360p,37,slower,955.61,36.8669,41.3733,43.7781
SpeedBag_360p,22,veryslow,2767.06,45.7462,47.5473,49.1671
SpeedBag_360p,27,veryslow,1837.44,42.9355,45.0182,46.9987
SpeedBag_360p,32,veryslow,1281.80,39.8057,42.8885,45.1626
SpeedBag_360p,37,veryslow,956.30,36.8669,41.3733,43.7781
SpeedBag_360p,22,placebo,2776.58,45.7702,47.5601,49.1583
SpeedBag_360p,27,placebo,1838.60,42.9778,45.0373,47.0273
SpeedBag_360p,32,placebo,1263.24,39.8211,42.8774,45.1059
SpeedBag_360p,37,placebo,968.14,36.8575,41.3373,43.7598
Stockholm_360p,22,ultrafast,26995.10,40.6159,43.5579,43.4666
Stockholm_360p,27,ultrafast,16731.93,36.6571,40.9842,40.9460
Stockholm_360p,32,ultrafast,9740.66,32.9956,39.1802,39.0886
Stockholm_360p,37,ultrafast,5456.32,29.8584,37.9293,37.8258
Stockholm_360p,22,superfast,24352.84,41.3469,43.8028,43.6665
Stockholm_360p,27,superfast,15049.25,37.4354,41.0093,40.9322
Stockholm_360p,32,superfast,9039.74,33.7905,39.0099,38.8937
Stockholm_360p,37,superfast,5274.13,30.5221,37.6593,37.4954
Stockholm_360p,22,veryfast,24351.43,41.3735,43.8453,43.7099
Stockholm_360p,27,veryfast,15104.00,37.5098,41.0651,40.9786
Stockholm_360p,32,veryfast,9030.78,33.8724,39.0399,38.9680
Stockholm_360p,37,veryfast,5304.81,30.5747,37.6975,37.5651
Stockholm_360p,22,faster,24351.43,41.3735,43.8453,43.7099
Stockholm_360p,27,faster,15104.00,37.5098,41.0651,40.9786
Stockholm_360p,32,faster,9030.78,33.8724,39.0399,38.9680
Stockholm_360p,37,faster,5304.81,30.5747,37.6975,37.5651
Stockholm_360p,22,fast,24352.84,41.3735,43.8453,43.7099
Stockholm_360p,27,fast,15105.42,37.5098,41.0651,40.9786
Stockholm_360p,32,fast,9032.19,33.8724,39.0399,38.9680
Stockholm_360p,37,fast,5306.22,30.5747,37.6975,37.5651
Stockholm_360p,22,medium,24389.18,41.3891,43.8493,43.7087
Stockholm_360p,27,medium,15103.53,37.5168,41.0528,40.9749
Stockholm_360p,32,medium,9037.38,33.8759,39.0250,38.9621
Stockholm_360p,37,medium,5273.18,30.5816,37.6668,37.5324
Stockholm_360p,22,slow,22925.98,41.1963,43.4199,43.3250
Stockholm_360p,27,slow,14021.70,37.2529,40.5278,40.4478
Stockholm_360p,32,slow,8196.28,33.5048,38.4298,38.3320
Stockholm_360p,37,slow,4587.37,30.0608,37.1669,37.0082
Stockholm_360p,22,slower,22826.87,41.1986,43.4338,43.3325
Stockholm_360p,27,slower,13949.49,37.2567,40.5413,40.4585
Stockholm_360p,32,slower,8198.17,33.5182,38.4395,38.3499
Stockholm_360p,37,slower,4593.98,30.0820,37.1981,37.0542
Stockholm_360p,22,veryslow,22828.28,41.1986,43.4338,43.3325
Stockholm_360p,27,veryslow,13950.90,37.2567,40.5413,40.4585
Stockholm_360p,32,veryslow,8199.58,33.5182,38.4395,38.3499
Stockholm_360p,37,veryslow,4595.39,30.0820,37.1981,37.0542
Stockholm_360p,22,placebo,22904.74,41.2203,43.4535,43.3660
Stockholm_360p,27,placebo,13981.11,37.2746,40.5648,40.4809
Stockholm_360p,32,placebo,8220.83,33.5289,38.4806,38.3534
Stockholm_360p,37,placebo,4596.34,30.0832,37.2259,37.0403
TouchdownPass_360p,22,ultrafast,11365.91,40.2704,46.1492,46.4319
TouchdownPass_360p,27,ultrafast,6318.06,36.4678,44.1196,44.3812
TouchdownPass_360p,32,ultrafast,3154.97,33.4410,42.4788,42.5401
TouchdownPass_360p,37,ultrafast,1711.00,31.1016,41.1874,40.9232
TouchdownPass_360p,22,superfast,10578.97,40.8680,46.3860,46.7789
TouchdownPass_360p,27,superfast,5687.71,36.9711,44.1965,44.6774
TouchdownPass_360p,32,superfast,2811.61,34.0378,42.3984,42.7165
TouchdownPass_360p,37,superfast,1579.46,31.7867,40.9629,41.0144
TouchdownPass_360p,22,veryfast,10575.49,40.9130,46.4639,46.8516
TouchdownPass_360p,27,veryfast,5658.48,37.0326,44.2161,44.7240
TouchdownPass_360p,32,veryfast,2813.70,34.0848,42.4259,42.7683
TouchdownPass_360p,37,veryfast,1578.76,31.8236,41.0047,41.0583
TouchdownPass_360p,22,faster,10575.49,40.9130,46.4639,46.8516
TouchdownPass_360p,27,faster,5658.48,37.0326,44.2161,44.7240
TouchdownPass_360p,32,faster,2813.70,34.0848,42.4259,42.7683
TouchdownPass_360p,37,faster,1578.76,31.8236,41.0047,41.0583
TouchdownPass_360p,22,fast,10576.18,40.9130,46.4639,46.8516
TouchdownPass_360p,27,fast,5659.18,37.0326,44.2161,44.7240
TouchdownPass_360p,32,fast,2814.39,34.0848,42.4259,42.7683
TouchdownPass_360p,37,fast,1579.46,31.8236,41.0047,41.0583
TouchdownPass_360p,22,medium,10617.71,40.9395,46.4516,46.8435
TouchdownPass_360p,27,medium,5672.17,37.0364,44.2291,44.7154
TouchdownPass_360p,32,medium,2827.38,34.0889,42.3928,42.7501
TouchdownPass_360p,37,medium,1575.74,31.8244,40.9842,41.0196
TouchdownPass_360p,22,slow,9929.14,40.6657,46.1249,46.6219
TouchdownPass_360p,27,slow,4851.35,36.5118,43.8578,44.4362
TouchdownPass_360p,32,slow,2408.39,33.6669,42.0166,42.2599
TouchdownPass_360p,37,slow,1386.90,31.4221,40.6275,40.3929
TouchdownPass_360p,22,slower,9927.05,40.6748,46.1139,46.6373
TouchdownPass_360p,27,slower,4859.01,36.5219,43.8652,44.4463
TouchdownPass_360p,32,slower,2402.13,33.6815,42.0174,42.2628
TouchdownPass_360p,37,slower,1390.38,31.4351,40.6856,40.4127
TouchdownPass_360p,22,veryslow,9927.75,40.6748,46.1139,46.6373
TouchdownPass_360p,27,veryslow,4859.70,36.5219,43.8652,44.4463
TouchdownPass_360p,32,veryslow,2402.82,33.6815,42.0174,42.2628
TouchdownPass_360p,37,veryslow,1391.07,31.4351,40.6856,40.4127
TouchdownPass_360p,22,placebo,9930.76,40.6897,46.1402,46.6828
TouchdownPass_360p,27,placebo,4867.59,36.5323,43.8734,44.4975
TouchdownPass_360p,32,placebo,2403.06,33.6944,42.0187,42.2680
TouchdownPass_360p,37,placebo,1392.00,31.4484,40.6917,40.3908
FourPeople_270p,22,ultrafast,14091.36,41.8121,44.6515,45.3874
FourPeople_270p,27,ultrafast,9584.16,37.7557,41.9270,42.6140
FourPeople_270p,32,ultrafast,6209.28,33.8436,39.7158,40.5630
FourPeople_270p,37,ultrafast,3941.76,30.4050,38.0703,38.8712
FourPeople_270p,22,superfast,11698.56,43.0337,44.8191,45.6561
FourPeople_270p,27,superfast,8141.76,39.0558,41.9507,42.6935
FourPeople_270p,32,superfast,5520.48,35.0899,39.6132,40.3284
FourPeople_270p,37,superfast,3707.04,31.4039,37.9212,38.5364
FourPeople_270p,22,veryfast,11700.48,43.0830,44.8873,45.7606
FourPeople_270p,27,veryfast,8158.08,39.1573,42.0617,42.8260
FourPeople_270p,32,veryfast,5542.08,35.1875,39.7179,40.4746
FourPeople_270p,37,veryfast,3712.80,31.4947,38.0162,38.6878
FourPeople_270p,22,faster,11700.48,43.0830,44.8873,45.7606
FourPeople_270p,27,faster,8158.08,39.1573,42.0617,42.8260
FourPeople_270p,32,faster,5542.08,35.1875,39.7179,40.4746
FourPeople_270p,37,faster,3712.80,31.4947,38.0162,38.6878
FourPeople_270p,22,fast,11701.92,43.0830,44.8873,45.7606
FourPeople_270p,27,fast,8159.52,39.1573,42.0617,42.8260
FourPeople_270p,32,fast,5543.52,35.1875,39.7179,40.4746
FourPeople_270p,37,fast,3714.24,31.4947,38.0162,38.6878
FourPeople_270p,22,medium,11704.32,43.1043,44.8916,45.7616
FourPeople_270p,27,medium,8142.24,39.1688,42.0532,42.8348
FourPeople_270p,32,medium,5533.92,35.2106,39.7189,40.4564
FourPeople_270p,37,medium,3721.92,31.5048,37.9916,38.6292
FourPeople_270p,22,slow,11212.80,42.9862,44.4036,45.4266
FourPeople_270p,27,slow,7788.96,38.9619,41.5432,42.3608
FourPeople_270p,32,slow,5249.76,34.8577,39.1655,39.9121
FourPeople_270p,37,slow,3429.60,30.9838,37.3904,38.1299
FourPeople_270p,22,slower,11165.76,42.9915,44.4125,45.4345
FourPeople_270p,27,slower,7742.88,38.9644,41.5502,42.3811
FourPeople_270p,32,slower,5218.08,34.8699,39.2085,39.9536
FourPeople_270p,37,slower,3415.20,30.9970,37.4363,38.1606
FourPeople_270p,22,veryslow,11167.20,42.9915,44.4125,45.4345
FourPeople_270p,27,veryslow,7744.32,38.9644,41.5502,42.3811
FourPeople_270p,32,veryslow,5219.52,34.8699,39.2085,39.9536
FourPeople_270p,37,veryslow,3416.64,30.9970,37.4363,38.1606
FourPeople_270p,22,placebo,11181.60,43.0291,44.4318,45.4398
FourPeople_270p,27,placebo,7776.00,39.0067,41.5564,42.4177
FourPeople_270p,32,placebo,5196.96,34.9031,39.1944,39.9564
FourPeople_270p,37,placebo,3398.88,31.0213,37.4131,38.1658
ParkJoy_270p,22,ultrafast,14499.20,41.4568,42.4892,43.7556
ParkJoy_270p,27,ultrafast,9776.00,37.0766,38.7899,41.3286
ParkJoy_270p,32,ultrafast,6068.80,32.8365,36.2480,39.9761
ParkJoy_270p,37,ultrafast,3588.40,29.1735,34.6359,39.0611
ParkJoy_270p,22,superfast,13845.60,42.4439,42.9454,43.9735
ParkJoy_270p,27,superfast,9380.00,37.9708,39.1040,41.3033
ParkJoy_270p,32,superfast,5954.00,33.6539,36.3211,39.7335
ParkJoy_270p,37,superfast,3560.40,29.7883,34.5495,38.6473
ParkJoy_270p,22,veryfast,13824.00,42.4834,42.9756,43.9975
ParkJoy_270p,27,veryfast,9394.00,38.0224,39.1404,41.3683
ParkJoy_270p,32,veryfast,5973.60,33.7255,36.3644,39.7714
ParkJoy_270p,37,veryfast,3558.40,29.8518,34.5713,38.6747
ParkJoy_270p,22,faster,13824.00,42.4834,42.9756,43.9975
ParkJoy_270p,27,faster,9394.00,38.0224,39.1404,41.3683
ParkJoy_270p,32,faster,5973.60,33.7255,36.3644,39.7714
ParkJoy_270p,37,faster,3558.40,29.8518,34.5713,38.6747
ParkJoy_270p,22,fast,13825.20,42.4834,42.9756,43.9975
ParkJoy_270p,27,fast,9395.20,38.0224,39.1404,41.3683
ParkJoy_270p,32,fast,5974.80,33.7255,36.3644,39.7714
ParkJoy_270p,37,fast,3559.60,29.8518,34.5713,38.6747
ParkJoy_270p,22,medium,13879.20,42.5178,42.9733,44.0005
ParkJoy_270p,27,medium,9394.80,38.0575,39.1421,41.3568
ParkJoy_270p,32,medium,5956.40,33.7461,36.3518,39.7546
ParkJoy_270p,37,medium,3567.60,29.8612,34.5761,38.6670
ParkJoy_270p,22,slow,13417.60,42.4858,42.7991,43.5284
ParkJoy_270p,27,slow,8966.80,37.9170,38.6101,40.9364
ParkJoy_270p,32,slow,5588.80,33.4884,35.5893,39.4472
ParkJoy_270p,37,slow,3125.60,29.3783,33.8758,38.4415
ParkJoy_270p,22,slower,13367.20,42.4973,42.7874,43.5256
ParkJoy_270p,27,slower,8923.20,37.9198,38.6250,40.9694
ParkJoy_270p,32,slower,5554.00,33.5007,35.6235,39.4965
ParkJoy_270p,37,slower,3139.20,29.3913,33.9213,38.5054
ParkJoy_270p,22,veryslow,13368.40,42.4973,42.7874,43.5256
ParkJoy_270p,27,veryslow,8924.40,37.9198,38.6250,40.9694
ParkJoy_270p,32,veryslow,5555.20,33.5007,35.6235,39.4965
ParkJoy_270p,37,veryslow,3140.40,29.3913,33.9213,38.5054
ParkJoy_270p,22,placebo,13434.40,42.5465,42.8703,43.5781
ParkJoy_270p,27,placebo,8967.20,37.9707,38.6861,40.9817
ParkJoy_270p,32,placebo,5552.00,33.5308,35.6418,39.5237
ParkJoy_270p,37,placebo,3152.80,29.4195,33.9221,38.4981
SparksElevator_270p,22,ultrafast,12700.10,40.8658,47.0923,45.3315
SparksElevator_270p,27,ultrafast,7731.83,37.1099,45.1766,43.1430
SparksElevator_270p,32,ultrafast,4542.06,33.9168,43.6306,41.4232
SparksElevator_270p,37,ultrafast,2833.42,31.2555,42.2821,40.0366
SparksElevator_270p,22,superfast,11844.37,41.5154,47.1500,45.5672
SparksElevator_270p,27,superfast,7295.70,37.6935,44.9395,43.1620
SparksElevator_270p,32,superfast,4377.80,34.4473,43.1722,41.2572
SparksElevator_270p,37,superfast,2781.02,31.6977,41.7490,39.7200
SparksElevator_270p,22,veryfast,11816.99,41.5413,47.2511,45.6466
SparksElevator_270p,27,veryfast,7291.46,37.7529,44.9852,43.2324
SparksElevator_270p,32,veryfast,4393.85,34.5162,43.2563,41.3077
SparksElevator_270p,37,veryfast,2800.38,31.7506,41.8176,39.7676
SparksElevator_270p,22,faster,11816.99,41.5413,47.2511,45.6466
SparksElevator_270p,27,faster,7291.46,37.7529,44.9852,43.2324
SparksElevator_270p,32,faster,4393.85,34.5162,43.2563,41.3077
SparksElevator_270p,37,faster,2800.38,31.7506,41.8176,39.7676
SparksElevator_270p,22,fast,11818.41,41.5413,47.2511,45.6466
SparksElevator_270p,27,fast,7292.87,37.7529,44.9852,43.2324
SparksElevator_270p,32,fast,4395.26,34.5162,43.2563,41.3077
SparksElevator_270p,37,fast,2801.79,31.7506,41.8176,39.7676
SparksElevator_270p,22,medium,11838.70,41.5512,47.2495,45.6316
SparksElevator_270p,27,medium,7287.21,37.7633,44.9666,43.2290
SparksElevator_270p,32,medium,4382.05,34.5179,43.2186,41.2876
SparksElevator_270p,37,medium,2786.69,31.7535,41.7605,39.7753
SparksElevator_270p,22,slow,11233.13,41.3487,46.8921,45.1975
SparksElevator_270p,27,slow,6582.98,37.3267,44.6363,42.7340
SparksElevator_270p,32,slow,3902.97,34.0712,42.8018,40.7463
SparksElevator_270p,37,slow,2502.07,31.2028,41.3451,39.1138
SparksElevator_270p,22,slower,11221.33,41.3549,46.8886,45.2120
SparksElevator_270p,27,slower,6573.54,37.3354,44.6370,42.7468
SparksElevator_270p,32,slower,3917.60,34.0879,42.8162,40.7884
SparksElevator_270p,37,slower,2496.41,31.2156,41.4015,39.1794
SparksElevator_270p,22,veryslow,11222.74,41.3549,46.8886,45.2120
SparksElevator_270p,27,veryslow,6574.96,37.3354,44.6370,42.7468
SparksElevator_270p,32,veryslow,3919.02,34.0879,42.8162,40.7884
SparksElevator_270p,37,veryslow,2497.82,31.2156,41.4015,39.1794
SparksElevator_270p,22,placebo,11245.87,41.3753,46.9084,45.2939
SparksElevator_270p,27,placebo,6597.14,37.3488,44.6439,42.7819
SparksElevator_270p,32,placebo,3936.95,34.1028,42.7899,40.7478
SparksElevator_270p,37,placebo,2500.18,31.2141,41.3711,39.2020
Vertical_Bayshore_270p,22,ultrafast,4621.21,42.4709,51.6099,51.2450
Vertical_Bayshore_270p,27,ultrafast,2954.75,38.7061,49.0285,48.7802
Vertical_Bayshore_270p,32,ultrafast,1769.93,35.1937,46.9112,46.5348
Vertical_Bayshore_270p,37,ultrafast,1049.80,32.3872,45.1263,44.8127
Vertical_Bayshore_270p,22,superfast,4315.20,43.3962,50.8543,50.7325
Vertical_Bayshore_270p,27,superfast,2823.44,39.3908,48.4608,48.3612
Vertical_Bayshore_270p,32,superfast,1696.62,35.6750,46.5514,46.2037
Vertical_Bayshore_270p,37,superfast,1022.89,32.6939,44.7744,44.4883
Vertical_Bayshore_270p,22,veryfast,4316.36,43.4567,51.0706,51.0230
Vertical_Bayshore_270p,27,veryfast,2811.14,39.4691,48.6411,48.5343
Vertical_Bayshore_270p,32,veryfast,1701.95,35.7670,46.7631,46.5013
Vertical_Bayshore_270p,37,veryfast,1014.30,32.7374,45.0015,44.8013
Vertical_Bayshore_270p,22,faster,4316.36,43.4567,51.0706,51.0230
Vertical_Bayshore_270p,27,faster,2811.14,39.4691,48.6411,48.5343
Vertical_Bayshore_270p,32,faster,1701.95,35.7670,46.7631,46.5013
Vertical_Bayshore_270p,37,faster,1014.30,32.7374,45.0015,44.8013
Vertical_Bayshore_270p,22,fast,4317.06,43.4567,51.0706,51.0230
Vertical_Bayshore_270p,27,fast,2811.84,39.4691,48.6411,48.5343
Vertical_Bayshore_270p,32,fast,1702.65,35.7670,46.7631,46.5013
Vertical_Bayshore_270p,37,fast,1015.00,32.7374,45.0015,44.8013
Vertical_Bayshore_270p,22,medium,4333.99,43.4828,51.0025,50.9383
Vertical_Bayshore_270p,27,medium,2824.83,39.4826,48.6591,48.4716
Vertical_Bayshore_270p,32,medium,1690.82,35.7699,46.8605,46.4870
Vertical_Bayshore_270p,37,medium,1015.00,32.7450,44.9387,44.6941
Vertical_Bayshore_270p,22,slow,4164.63,43.3133,50.8593,50.7716
Vertical_Bayshore_270p,27,slow,2678.21,39.1985,48.4658,48.1955
Vertical_Bayshore_270p,32,slow,1546.28,35.2848,46.1497,45.7475
Vertical_Bayshore_270p,37,slow,867.22,32.0898,44.0331,43.4833
Vertical_Bayshore_270p,22,slower,4147.23,43.3350,50.9199,50.8616
Vertical_Bayshore_270p,27,slower,2668.70,39.2016,48.5498,48.2496
Vertical_Bayshore_270p,32,slower,1530.27,35.3011,46.2837,45.8513
Vertical_Bayshore_270p,37,slower,865.13,32.0989,44.1410,43.7073
Vertical_Bayshore_270p,22,veryslow,4147.93,43.3350,50.9199,50.8616
Vertical_Bayshore_270p,27,veryslow,2669.39,39.2016,48.5498,48.2496
Vertical_Bayshore_270p,32,veryslow,1530.97,35.3011,46.2837,45.8513
Vertical_Bayshore_270p,37,veryslow,865.82,32.0989,44.1410,43.7073
Vertical_Bayshore_270p,22,placebo,4167.65,43.3492,50.9346,50.8823
Vertical_Bayshore_270p,27,placebo,2676.82,39.2239,48.5871,48.2777
Vertical_Bayshore_270p,32,placebo,1525.86,35.3037,46.2758,45.8541
Vertical_Bayshore_270p,37,placebo,851.44,32.0932,44.2012,43.7299
