video_name,qp,preset,bitrate_kbps,psnr_y,psnr_u,psnr_v
BoxingPractice_4k,22,ultrafast,201691.27,43.2464,47.8333,47.4407
BoxingPractice_4k,27,ultrafast,92214.17,41.3800,45.8866,45.4048
BoxingPractice_4k,32,ultrafast,50633.33,39.7140,44.1898,43.6227
BoxingPractice_4k,37,ultrafast,29904.03,37.7310,42.7644,42.1730
BoxingPractice_4k,22,superfast,194001.92,43.4087,47.8597,47.4663
BoxingPractice_4k,27,superfast,87157.16,41.5340,45.8320,45.3524
BoxingPractice_4k,32,superfast,48154.86,39.9226,44.0639,43.5010
BoxingPractice_4k,37,superfast,28730.64,37.9505,42.5900,42.0074
BoxingPractice_4k,22,veryfast,194417.75,43.4304,47.9138,47.5113
BoxingPractice_4k,27,veryfast,86947.12,41.5689,45.8758,45.3855
BoxingPractice_4k,32,veryfast,48016.56,39.9624,44.0820,43.5113
BoxingPractice_4k,37,veryfast,28528.62,37.9794,42.5874,42.0096
BoxingPractice_4k,22,faster,194417.75,43.4304,47.9138,47.5113
BoxingPractice_4k,27,faster,86947.12,41.5689,45.8758,45.3855
BoxingPractice_4k,32,faster,48016.56,39.9624,44.0820,43.5113
BoxingPractice_4k,37,faster,28528.62,37.9794,42.5874,42.0096
BoxingPractice_4k,22,fast,194419.17,43.4304,47.9138,47.5113
BoxingPractice_4k,27,fast,86948.54,41.5689,45.8758,45.3855
BoxingPractice_4k,32,fast,48017.98,39.9624,44.0820,43.5113
BoxingPractice_4k,37,fast,28530.04,37.9794,42.5874,42.0096
BoxingPractice_4k,22,medium,193890.06,43.4334,47.9153,47.5125
BoxingPractice_4k,27,medium,86730.48,41.5719,45.8777,45.3871
BoxingPractice_4k,32,medium,47899.04,39.9664,44.0832,43.5140
BoxingPractice_4k,37,medium,28574.41,37.9835,42.5919,42.0168
BoxingPractice_4k,22,slow,149519.70,42.9521,47.6104,47.1937
BoxingPractice_4k,27,slow,73568.28,41.3482,45.4962,44.9275
BoxingPractice_4k,32,slow,42310.55,39.7280,43.5436,42.8768
BoxingPractice_4k,37,slow,24832.39,37.6318,41.9853,41.3255
BoxingPractice_4k,22,slower,149633.92,42.9605,47.6178,47.1987
BoxingPractice_4k,27,slower,73414.88,41.3555,45.5086,44.9390
BoxingPractice_4k,32,slower,42215.68,39.7404,43.5712,42.9069
BoxingPractice_4k,37,slower,24761.59,37.6519,42.0260,41.3625
BoxingPractice_4k,22,veryslow,149635.34,42.9605,47.6178,47.1987
BoxingPractice_4k,27,veryslow,73416.30,41.3555,45.5086,44.9390
BoxingPractice_4k,32,veryslow,42217.10,39.7404,43.5712,42.9069
BoxingPractice_4k,37,veryslow,24763.01,37.6519,42.0260,41.3625
BoxingPractice_4k,22,placebo,149896.36,42.9615,47.6217,47.2022
BoxingPractice_4k,27,placebo,73551.29,41.3579,45.5118,44.9421
BoxingPractice_4k,32,placebo,42284.12,39.7399,43.5732,42.9015
BoxingPractice_4k,37,placebo,24830.51,37.6477,42.0190,41.3560
Crosswalk_4k,22,ultrafast,107054.33,43.2931,48.3436,50.6639
Crosswalk_4k,27,ultrafast,38101.73,42.2669,47.2219,49.5496
Crosswalk_4k,32,ultrafast,20832.66,41.3761,46.0732,48.1514
Crosswalk_4k,37,ultrafast,12763.83,40.1112,45.0217,46.8315
Crosswalk_4k,22,superfast,107570.23,43.3244,48.3266,50.6253
Crosswalk_4k,27,superfast,37967.21,42.2870,47.2323,49.5720
Crosswalk_4k,32,superfast,20772.25,41.3993,46.0832,48.1735
Crosswalk_4k,37,superfast,12713.32,40.1337,45.0515,46.8818
Crosswalk_4k,22,veryfast,107546.15,43.3379,48.3452,50.6570
Crosswalk_4k,27,veryfast,37888.86,42.3073,47.2307,49.5656
Crosswalk_4k,32,veryfast,20645.28,41.4131,46.0844,48.1750
Crosswalk_4k,37,veryfast,12553.31,40.1368,45.0554,46.8827
Crosswalk_4k,22,faster,107546.15,43.3379,48.3452,50.6570
Crosswalk_4k,27,faster,37888.86,42.3073,47.2307,49.5656
Crosswalk_4k,32,faster,20645.28,41.4131,46.0844,48.1750
Crosswalk_4k,37,faster,12553.31,40.1368,45.0554,46.8827
Crosswalk_4k,22,fast,107547.56,43.3379,48.3452,50.6570
Crosswalk_4k,27,fast,37890.27,42.3073,47.2307,49.5656
Crosswalk_4k,32,fast,20646.70,41.4131,46.0844,48.1750
Crosswalk_4k,37,fast,12554.73,40.1368,45.0554,46.8827
Crosswalk_4k,22,medium,107444.20,43.3400,48.3578,50.6749
Crosswalk_4k,27,medium,37635.39,42.3119,47.2290,49.5603
Crosswalk_4k,32,medium,20498.49,41.4231,46.0834,48.1703
Crosswalk_4k,37,medium,12458.44,40.1502,45.0498,46.8731
Crosswalk_4k,22,slow,63662.42,42.9123,48.1195,50.5555
Crosswalk_4k,27,slow,31559.34,42.2064,47.0439,49.4544
Crosswalk_4k,32,slow,18260.74,41.2953,45.7624,47.8826
Crosswalk_4k,37,slow,11188.29,39.9478,44.6521,46.4888
Crosswalk_4k,22,slower,63606.73,42.9190,48.1222,50.5513
Crosswalk_4k,27,slower,31571.14,42.2156,47.0480,49.4557
Crosswalk_4k,32,slower,18253.18,41.3077,45.7706,47.8863
Crosswalk_4k,37,slower,11172.24,39.9672,44.6606,46.4912
Crosswalk_4k,22,veryslow,63608.14,42.9190,48.1222,50.5513
Crosswalk_4k,27,veryslow,31572.55,42.2156,47.0480,49.4557
Crosswalk_4k,32,veryslow,18254.60,41.3077,45.7706,47.8863
Crosswalk_4k,37,veryslow,11173.66,39.9672,44.6606,46.4912
Crosswalk_4k,22,placebo,63583.60,42.9180,48.1218,50.5516
Crosswalk_4k,27,placebo,31539.99,42.2149,47.0469,49.4592
Crosswalk_4k,32,placebo,18174.83,41.3070,45.7695,47.8881
Crosswalk_4k,37,placebo,11157.14,39.9685,44.6577,46.4988
FoodMarket2_4k,22,ultrafast,190724.83,43.5935,47.2759,47.1804
FoodMarket2_4k,27,ultrafast,106721.56,41.4542,44.7745,44.8088
FoodMarket2_4k,32,ultrafast,61636.12,39.0722,42.6526,42.8001
FoodMarket2_4k,37,ultrafast,36754.64,36.4784,41.0063,41.2066
FoodMarket2_4k,22,superfast,189083.20,43.7254,47.3018,47.2116
FoodMarket2_4k,27,superfast,105854.50,41.5849,44.7445,44.7771
FoodMarket2_4k,32,superfast,61366.61,39.2255,42.5804,42.7297
FoodMarket2_4k,37,superfast,36734.82,36.6253,40.9159,41.1245
FoodMarket2_4k,22,veryfast,189047.81,43.7550,47.3657,47.2830
FoodMarket2_4k,27,veryfast,105620.38,41.6323,44.7721,44.8096
FoodMarket2_4k,32,veryfast,61178.76,39.2803,42.5818,42.7334
FoodMarket2_4k,37,veryfast,36458.70,36.6535,40.9067,41.1181
FoodMarket2_4k,22,faster,189047.81,43.7550,47.3657,47.2830
FoodMarket2_4k,27,faster,105620.38,41.6323,44.7721,44.8096
FoodMarket2_4k,32,faster,61178.76,39.2803,42.5818,42.7334
FoodMarket2_4k,37,faster,36458.70,36.6535,40.9067,41.1181
FoodMarket2_4k,22,fast,189049.22,43.7550,47.3657,47.2830
FoodMarket2_4k,27,fast,105621.80,41.6323,44.7721,44.8096
FoodMarket2_4k,32,fast,61180.17,39.2803,42.5818,42.7334
FoodMarket2_4k,37,fast,36460.11,36.6535,40.9067,41.1181
FoodMarket2_4k,22,medium,188815.11,43.7622,47.3691,47.2865
FoodMarket2_4k,27,medium,105426.40,41.6379,44.7798,44.8155
FoodMarket2_4k,32,medium,60986.65,39.2874,42.5935,42.7445
FoodMarket2_4k,37,medium,36428.02,36.6595,40.9207,41.1299
FoodMarket2_4k,22,slow,158995.56,43.4369,47.0355,46.9231
FoodMarket2_4k,27,slow,92350.58,41.4009,44.3385,44.4111
FoodMarket2_4k,32,slow,54766.63,39.0209,42.0428,42.2603
FoodMarket2_4k,37,slow,31901.54,36.2839,40.3538,40.6148
FoodMarket2_4k,22,slower,158885.11,43.4438,47.0326,46.9220
FoodMarket2_4k,27,slower,92231.16,41.4055,44.3389,44.4070
FoodMarket2_4k,32,slower,54873.30,39.0309,42.0504,42.2670
FoodMarket2_4k,37,slower,31927.03,36.3018,40.3622,40.6227
FoodMarket2_4k,22,veryslow,158886.53,43.4438,47.0326,46.9220
FoodMarket2_4k,27,veryslow,92232.58,41.4055,44.3389,44.4070
FoodMarket2_4k,32,veryslow,54874.72,39.0309,42.0504,42.2670
FoodMarket2_4k,37,veryslow,31928.44,36.3018,40.3622,40.6227
FoodMarket2_4k,22,placebo,158794.50,43.4449,47.0369,46.9255
FoodMarket2_4k,27,placebo,92283.09,41.4094,44.3429,44.4124
FoodMarket2_4k,32,placebo,54817.14,39.0314,42.0506,42.2693
FoodMarket2_4k,37,placebo,31957.23,36.3000,40.3641,40.6204
Neon1224_4k,22,ultrafast,89287.06,46.0339,49.9876,49.4586
Neon1224_4k,27,ultrafast,48990.98,43.3663,47.4508,46.7973
Neon1224_4k,32,ultrafast,27615.43,40.8021,45.0863,44.4028
Neon1224_4k,37,ultrafast,16405.19,38.3548,43.0670,42.3477
Neon1224_4k,22,superfast,84579.55,46.8524,49.8076,49.3559
Neon1224_4k,27,superfast,46100.26,44.1263,47.1934,46.6414
Neon1224_4k,32,superfast,25778.68,41.3898,44.7175,44.1029
Neon1224_4k,37,superfast,15362.11,38.8070,42.7132,42.0413
Neon1224_4k,22,veryfast,84906.44,46.9208,49.9462,49.4831
Neon1224_4k,27,veryfast,46081.00,44.1948,47.3189,46.7591
Neon1224_4k,32,veryfast,25752.00,41.4511,44.8221,44.1998
Neon1224_4k,37,veryfast,15288.80,38.8499,42.7640,42.0883
Neon1224_4k,22,faster,84906.44,46.9208,49.9462,49.4831
Neon1224_4k,27,faster,46081.00,44.1948,47.3189,46.7591
Neon1224_4k,32,faster,25752.00,41.4511,44.8221,44.1998
Neon1224_4k,37,faster,15288.80,38.8499,42.7640,42.0883
Neon1224_4k,22,fast,84907.12,46.9208,49.9462,49.4831
Neon1224_4k,27,fast,46081.70,44.1948,47.3189,46.7591
Neon1224_4k,32,fast,25752.70,41.4511,44.8221,44.1998
Neon1224_4k,37,fast,15289.50,38.8499,42.7640,42.0883
Neon1224_4k,22,medium,84739.16,46.9310,49.9582,49.4938
Neon1224_4k,27,medium,46044.58,44.2036,47.3197,46.7596
Neon1224_4k,32,medium,25666.39,41.4579,44.8216,44.1984
Neon1224_4k,37,medium,15275.34,38.8536,42.7670,42.0919
Neon1224_4k,22,slow,77427.69,46.7099,49.7576,49.2523
Neon1224_4k,27,slow,40863.09,43.8763,47.0415,46.4263
Neon1224_4k,32,slow,22945.27,41.1045,44.4353,43.7667
Neon1224_4k,37,slow,13674.08,38.4454,42.4218,41.6470
Neon1224_4k,22,slower,77580.80,46.7365,49.7462,49.2360
Neon1224_4k,27,slower,40719.02,43.8974,47.0429,46.4210
Neon1224_4k,32,slower,22874.27,41.1309,44.4613,43.7908
Neon1224_4k,37,slower,13615.62,38.4852,42.4605,41.6850
Neon1224_4k,22,veryslow,77581.50,46.7365,49.7462,49.2360
Neon1224_4k,27,veryslow,40719.71,43.8974,47.0429,46.4210
Neon1224_4k,32,veryslow,22874.97,41.1309,44.4613,43.7908
Neon1224_4k,37,veryslow,13616.31,38.4852,42.4605,41.6850
Neon1224_4k,22,placebo,77447.41,46.7375,49.7524,49.2407
Neon1224_4k,27,placebo,40716.70,43.8956,47.0529,46.4315
Neon1224_4k,32,placebo,22898.63,41.1238,44.4744,43.8020
Neon1224_4k,37,placebo,13626.52,38.4719,42.4700,41.6936
NocturneDance_4k,22,ultrafast,215673.14,47.2157,44.4506,47.8259
NocturneDance_4k,27,ultrafast,120192.96,44.3649,41.6533,45.7253
NocturneDance_4k,32,ultrafast,64827.36,41.3697,39.6455,44.1921
NocturneDance_4k,37,ultrafast,34007.04,38.5096,38.2957,43.1581
NocturneDance_4k,22,superfast,207714.72,47.5143,44.7102,48.0611
NocturneDance_4k,27,superfast,116323.69,44.6520,41.8410,45.8494
NocturneDance_4k,32,superfast,63812.16,41.6706,39.7769,44.2520
NocturneDance_4k,37,superfast,33993.60,38.7569,38.3814,43.1911
NocturneDance_4k,22,veryfast,207964.34,47.5844,44.7401,48.0959
NocturneDance_4k,27,veryfast,116353.45,44.7031,41.8624,45.8789
NocturneDance_4k,32,veryfast,63881.29,41.7081,39.7885,44.2753
NocturneDance_4k,37,veryfast,34023.36,38.7797,38.3870,43.2092
NocturneDance_4k,22,faster,207964.34,47.5844,44.7401,48.0959
NocturneDance_4k,27,faster,116353.45,44.7031,41.8624,45.8789
NocturneDance_4k,32,faster,63881.29,41.7081,39.7885,44.2753
NocturneDance_4k,37,faster,34023.36,38.7797,38.3870,43.2092
NocturneDance_4k,22,fast,207965.77,47.5844,44.7401,48.0959
NocturneDance_4k,27,fast,116354.88,44.7031,41.8624,45.8789
NocturneDance_4k,32,fast,63882.72,41.7081,39.7885,44.2753
NocturneDance_4k,37,fast,34024.80,38.7797,38.3870,43.2092
NocturneDance_4k,22,medium,207844.81,47.5954,44.7409,48.0970
NocturneDance_4k,27,medium,116272.80,44.7099,41.8628,45.8767
NocturneDance_4k,32,medium,63774.24,41.7133,39.7885,44.2721
NocturneDance_4k,37,medium,33857.76,38.7780,38.3843,43.2003
NocturneDance_4k,22,slow,188751.38,47.4242,44.3207,47.7310
NocturneDance_4k,27,slow,102819.37,44.4138,41.3101,45.5104
NocturneDance_4k,32,slow,54713.76,41.3442,39.1549,43.9322
NocturneDance_4k,37,slow,27638.40,38.3130,37.7328,42.9694
NocturneDance_4k,22,slower,188418.73,47.4414,44.3273,47.7336
NocturneDance_4k,27,slower,102456.48,44.4274,41.3279,45.5208
NocturneDance_4k,32,slower,54755.52,41.3690,39.1909,43.9615
NocturneDance_4k,37,slower,28004.16,38.3688,37.7946,42.9965
NocturneDance_4k,22,veryslow,188420.17,47.4414,44.3273,47.7336
NocturneDance_4k,27,veryslow,102457.92,44.4274,41.3279,45.5208
NocturneDance_4k,32,veryslow,54756.96,41.3690,39.1909,43.9615
NocturneDance_4k,37,veryslow,28005.60,38.3688,37.7946,42.9965
NocturneDance_4k,22,placebo,188654.41,47.4445,44.3363,47.7428
NocturneDance_4k,27,placebo,102766.09,44.4330,41.3299,45.5271
NocturneDance_4k,32,placebo,54747.36,41.3699,39.1824,43.9545
NocturneDance_4k,37,placebo,27876.00,38.3588,37.7809,42.9843
PierSeaSide_4k,22,ultrafast,50993.60,44.7597,46.8244,44.8020
PierSeaSide_4k,27,ultrafast,27766.46,42.6287,44.8348,42.8863
PierSeaSide_4k,32,ultrafast,16182.70,40.2724,43.1137,41.5952
PierSeaSide_4k,37,ultrafast,9877.17,37.8172,41.7167,40.5950
PierSeaSide_4k,22,superfast,49152.22,44.9273,46.8380,44.8748
PierSeaSide_4k,27,superfast,26586.97,42.8146,44.7724,42.8886
PierSeaSide_4k,32,superfast,15705.71,40.4948,42.9637,41.5120
PierSeaSide_4k,37,superfast,9656.54,38.0078,41.5335,40.4510
PierSeaSide_4k,22,veryfast,49042.25,44.9572,46.8691,44.8907
PierSeaSide_4k,27,veryfast,26502.99,42.8653,44.8026,42.9085
PierSeaSide_4k,32,veryfast,15579.03,40.5432,42.9734,41.5203
PierSeaSide_4k,37,veryfast,9566.06,38.0337,41.5423,40.4585
PierSeaSide_4k,22,faster,49042.25,44.9572,46.8691,44.8907
PierSeaSide_4k,27,faster,26502.99,42.8653,44.8026,42.9085
PierSeaSide_4k,32,faster,15579.03,40.5432,42.9734,41.5203
PierSeaSide_4k,37,faster,9566.06,38.0337,41.5423,40.4585
PierSeaSide_4k,22,fast,49042.95,44.9572,46.8691,44.8907
PierSeaSide_4k,27,fast,26503.68,42.8653,44.8026,42.9085
PierSeaSide_4k,32,fast,15579.73,40.5432,42.9734,41.5203
PierSeaSide_4k,37,fast,9566.75,38.0337,41.5423,40.4585
PierSeaSide_4k,22,medium,48925.32,44.9605,46.8707,44.8922
PierSeaSide_4k,27,medium,26476.77,42.8684,44.7988,42.9067
PierSeaSide_4k,32,medium,15573.93,40.5465,42.9686,41.5167
PierSeaSide_4k,37,medium,9519.89,38.0333,41.5348,40.4545
PierSeaSide_4k,22,slow,42221.68,44.7271,46.5669,44.4413
PierSeaSide_4k,27,slow,23554.96,42.6040,44.4018,42.5049
PierSeaSide_4k,32,slow,13774.30,40.2086,42.4549,41.0912
PierSeaSide_4k,37,slow,8339.70,37.6119,40.9212,39.9625
PierSeaSide_4k,22,slower,42108.23,44.7324,46.5701,44.4418
PierSeaSide_4k,27,slower,23523.87,42.6134,44.4048,42.5083
PierSeaSide_4k,32,slower,13810.96,40.2204,42.4638,41.0996
PierSeaSide_4k,37,slower,8343.88,37.6305,40.9438,39.9788
PierSeaSide_4k,22,veryslow,42108.93,44.7324,46.5701,44.4418
PierSeaSide_4k,27,veryslow,23524.57,42.6134,44.4048,42.5083
PierSeaSide_4k,32,veryslow,13811.66,40.2204,42.4638,41.0996
PierSeaSide_4k,37,veryslow,8344.58,37.6305,40.9438,39.9788
PierSeaSide_4k,22,placebo,42210.31,44.7337,46.5735,44.4479
PierSeaSide_4k,27,placebo,23516.22,42.6145,44.4068,42.5107
PierSeaSide_4k,32,placebo,13835.55,40.2181,42.4684,41.0989
PierSeaSide_4k,37,placebo,8384.48,37.6243,40.9419,39.9779
Tango_4k,22,ultrafast,195721.89,41.7265,48.8126,47.4697
Tango_4k,27,ultrafast,63217.32,40.1523,47.6524,45.8259
Tango_4k,32,ultrafast,32140.84,39.2452,46.3498,44.2521
Tango_4k,37,ultrafast,19338.78,38.0820,45.1246,42.9039
Tango_4k,22,superfast,191849.12,41.7754,48.7165,47.3626
Tango_4k,27,superfast,62342.23,40.1856,47.6126,45.8023
Tango_4k,32,superfast,31678.75,39.2883,46.3308,44.2423
Tango_4k,37,superfast,19152.35,38.1311,45.1256,42.9060
Tango_4k,22,veryfast,192099.30,41.7873,48.7741,47.4254
Tango_4k,27,veryfast,62465.43,40.2031,47.6166,45.8151
Tango_4k,32,veryfast,31541.87,39.3016,46.3240,44.2445
Tango_4k,37,veryfast,18997.06,38.1368,45.1104,42.8964
Tango_4k,22,faster,192099.30,41.7873,48.7741,47.4254
Tango_4k,27,faster,62465.43,40.2031,47.6166,45.8151
Tango_4k,32,faster,31541.87,39.3016,46.3240,44.2445
Tango_4k,37,faster,18997.06,38.1368,45.1104,42.8964
Tango_4k,22,fast,192100.70,41.7873,48.7741,47.4254
Tango_4k,27,fast,62466.84,40.2031,47.6166,45.8151
Tango_4k,32,fast,31543.29,39.3016,46.3240,44.2445
Tango_4k,37,fast,18998.47,38.1368,45.1104,42.8964
Tango_4k,22,medium,191965.25,41.7886,48.7691,47.4192
Tango_4k,27,medium,62175.14,40.2056,47.6266,45.8257
Tango_4k,32,medium,31479.10,39.3059,46.3274,44.2496
Tango_4k,37,medium,18946.55,38.1420,45.1105,42.9019
Tango_4k,22,slow,126786.77,41.2308,48.6808,47.1919
Tango_4k,27,slow,49124.34,40.0422,47.4847,45.5116
Tango_4k,32,slow,27894.26,39.1725,46.0688,43.7968
Tango_4k,37,slow,16880.14,37.9327,44.8091,42.3770
Tango_4k,22,slower,127322.48,41.2406,48.6876,47.2015
Tango_4k,27,slower,49120.57,40.0485,47.4847,45.5185
Tango_4k,32,slower,27947.12,39.1834,46.0720,43.8062
Tango_4k,37,slower,16861.26,37.9506,44.8143,42.3939
Tango_4k,22,veryslow,127323.89,41.2406,48.6876,47.2015
Tango_4k,27,veryslow,49121.99,40.0485,47.4847,45.5185
Tango_4k,32,veryslow,27948.54,39.1834,46.0720,43.8062
Tango_4k,37,veryslow,16862.67,37.9506,44.8143,42.3939
Tango_4k,22,placebo,127472.57,41.2394,48.6880,47.2004
Tango_4k,27,placebo,49239.52,40.0477,47.4877,45.5205
Tango_4k,32,placebo,27880.57,39.1816,46.0732,43.8095
Tango_4k,37,placebo,16848.51,37.9484,44.8139,42.3935
TimeLapse_4k,22,ultrafast,267827.91,44.0109,48.0151,49.0511
TimeLapse_4k,27,ultrafast,147836.55,41.4817,45.7218,47.1703
TimeLapse_4k,32,ultrafast,81594.65,38.8586,43.8140,45.4362
TimeLapse_4k,37,ultrafast,44072.53,36.2725,42.3668,44.0071
TimeLapse_4k,22,superfast,258977.91,44.2625,47.9955,48.9961
TimeLapse_4k,27,superfast,141717.06,41.6895,45.5577,46.9339
TimeLapse_4k,32,superfast,78607.83,39.0752,43.5537,45.0875
TimeLapse_4k,37,superfast,43067.64,36.4563,42.0697,43.6888
TimeLapse_4k,22,veryfast,258824.05,44.2923,48.0271,49.0459
TimeLapse_4k,27,veryfast,141687.33,41.7321,45.5801,46.9596
TimeLapse_4k,32,veryfast,78554.02,39.1180,43.5684,45.1036
TimeLapse_4k,37,veryfast,42750.93,36.4769,42.0873,43.7023
TimeLapse_4k,22,faster,258824.05,44.2923,48.0271,49.0459
TimeLapse_4k,27,faster,141687.33,41.7321,45.5801,46.9596
TimeLapse_4k,32,faster,78554.02,39.1180,43.5684,45.1036
TimeLapse_4k,37,faster,42750.93,36.4769,42.0873,43.7023
TimeLapse_4k,22,fast,258825.45,44.2923,48.0271,49.0459
TimeLapse_4k,27,fast,141688.75,41.7321,45.5801,46.9596
TimeLapse_4k,32,fast,78555.44,39.1180,43.5684,45.1036
TimeLapse_4k,37,fast,42752.34,36.4769,42.0873,43.7023
TimeLapse_4k,22,medium,258557.36,44.2984,48.0255,49.0449
TimeLapse_4k,27,medium,141564.14,41.7366,45.5766,46.9549
TimeLapse_4k,32,medium,78316.60,39.1222,43.5633,45.0983
TimeLapse_4k,37,medium,42738.19,36.4782,42.0955,43.6993
TimeLapse_4k,22,slow,224910.84,43.9865,47.5925,48.7218
TimeLapse_4k,27,slow,125266.92,41.4438,45.0283,46.5674
TimeLapse_4k,32,slow,68905.40,38.7579,42.8983,44.6285
TimeLapse_4k,37,slow,36437.46,36.0289,41.4324,43.2899
TimeLapse_4k,22,slower,224574.78,43.9950,47.5954,48.7270
TimeLapse_4k,27,slower,125127.20,41.4501,45.0392,46.5787
TimeLapse_4k,32,slower,68801.55,38.7697,42.9365,44.6483
TimeLapse_4k,37,slower,36462.00,36.0451,41.4762,43.3096
TimeLapse_4k,22,veryslow,224576.20,43.9950,47.5954,48.7270
TimeLapse_4k,27,veryslow,125128.62,41.4501,45.0392,46.5787
TimeLapse_4k,32,veryslow,68802.98,38.7697,42.9365,44.6483
TimeLapse_4k,37,veryslow,36463.42,36.0451,41.4762,43.3096
TimeLapse_4k,22,placebo,224516.72,43.9967,47.6014,48.7334
TimeLapse_4k,27,placebo,125106.91,41.4511,45.0410,46.5816
TimeLapse_4k,32,placebo,68850.65,38.7679,42.9354,44.6509
TimeLapse_4k,37,placebo,36502.59,36.0410,41.4724,43.3113
Boat_2k,22,ultrafast,195757.30,41.7258,42.8660,43.7643
Boat_2k,27,ultrafast,122791.27,37.9259,40.0277,41.2440
Boat_2k,32,ultrafast,73432.35,34.2540,38.1872,39.5380
Boat_2k,37,ultrafast,42022.63,30.9381,36.9613,38.2835
Boat_2k,22,superfast,189705.77,42.1757,43.0689,43.9773
Boat_2k,27,superfast,118941.65,38.2782,40.1336,41.3528
Boat_2k,32,superfast,71352.71,34.5840,38.1686,39.5201
Boat_2k,37,superfast,41126.30,31.2302,36.8472,38.1617
Boat_2k,22,veryfast,189912.98,42.2366,43.1533,44.1103
Boat_2k,27,veryfast,118837.34,38.3848,40.2280,41.4918
Boat_2k,32,veryfast,71263.03,34.7032,38.2471,39.6474
Boat_2k,37,veryfast,41005.95,31.3265,36.9035,38.2557
Boat_2k,22,faster,189912.98,42.2366,43.1533,44.1103
Boat_2k,27,faster,118837.34,38.3848,40.2280,41.4918
Boat_2k,32,faster,71263.03,34.7032,38.2471,39.6474
Boat_2k,37,faster,41005.95,31.3265,36.9035,38.2557
Boat_2k,22,fast,189914.41,42.2366,43.1533,44.1103
Boat_2k,27,fast,118838.75,38.3848,40.2280,41.4918
Boat_2k,32,fast,71264.45,34.7032,38.2471,39.6474
Boat_2k,37,fast,41007.36,31.3265,36.9035,38.2557
Boat_2k,22,medium,189808.67,42.2508,43.1534,44.1119
Boat_2k,27,medium,118765.59,38.3939,40.2274,41.4903
Boat_2k,32,medium,71224.33,34.7105,38.2422,39.6434
Boat_2k,37,medium,41079.11,31.3320,36.9031,38.2564
Boat_2k,22,slow,178381.08,42.1498,42.6636,43.6073
Boat_2k,27,slow,109477.58,38.1759,39.6328,40.9539
Boat_2k,32,slow,64492.19,34.4178,37.6651,39.1858
Boat_2k,37,slow,36195.32,30.9236,36.4351,37.8315
Boat_2k,22,slower,178323.02,42.1593,42.6681,43.6125
Boat_2k,27,slower,109276.03,38.1818,39.6384,40.9617
Boat_2k,32,slower,64486.05,34.4233,37.6753,39.1933
Boat_2k,37,slower,36276.50,30.9347,36.4470,37.8426
Boat_2k,22,veryslow,178324.45,42.1593,42.6681,43.6125
Boat_2k,27,veryslow,109277.45,38.1818,39.6384,40.9617
Boat_2k,32,veryslow,64487.48,34.4233,37.6753,39.1933
Boat_2k,37,veryslow,36277.92,30.9347,36.4470,37.8426
Boat_2k,22,placebo,178311.70,42.1615,42.6806,43.6216
Boat_2k,27,placebo,109492.20,38.1832,39.6405,40.9640
Boat_2k,32,placebo,64567.71,34.4244,37.6740,39.1977
Boat_2k,37,placebo,36248.66,30.9301,36.4493,37.8515
FoodMarket_2k,22,ultrafast,98697.56,41.3898,44.7062,45.2461
FoodMarket_2k,27,ultrafast,44837.17,38.9321,42.8353,43.8223
FoodMarket_2k,32,ultrafast,23201.16,36.8684,41.4594,42.6456
FoodMarket_2k,37,ultrafast,12558.03,34.7610,40.4068,41.6333
FoodMarket_2k,22,superfast,96872.34,41.5663,44.7646,45.2704
FoodMarket_2k,27,superfast,43135.14,39.0680,42.8442,43.7755
FoodMarket_2k,32,superfast,22441.71,37.0486,41.4345,42.5585
FoodMarket_2k,37,superfast,12247.46,34.9364,40.3761,41.5294
FoodMarket_2k,22,veryfast,97007.34,41.5858,44.7797,45.2904
FoodMarket_2k,27,veryfast,43049.23,39.1045,42.8545,43.7885
FoodMarket_2k,32,veryfast,22463.43,37.0891,41.4389,42.5613
FoodMarket_2k,37,veryfast,12168.63,34.9552,40.3697,41.5165
FoodMarket_2k,22,faster,97007.34,41.5858,44.7797,45.2904
FoodMarket_2k,27,faster,43049.23,39.1045,42.8545,43.7885
FoodMarket_2k,32,faster,22463.43,37.0891,41.4389,42.5613
FoodMarket_2k,37,faster,12168.63,34.9552,40.3697,41.5165
FoodMarket_2k,22,fast,97008.75,41.5858,44.7797,45.2904
FoodMarket_2k,27,fast,43050.65,39.1045,42.8545,43.7885
FoodMarket_2k,32,fast,22464.84,37.0891,41.4389,42.5613
FoodMarket_2k,37,fast,12170.05,34.9552,40.3697,41.5165
FoodMarket_2k,22,medium,96908.21,41.5924,44.7791,45.2896
FoodMarket_2k,27,medium,43006.75,39.1076,42.8551,43.7926
FoodMarket_2k,32,medium,22370.91,37.0925,41.4377,42.5631
FoodMarket_2k,37,medium,12123.79,34.9560,40.3687,41.5213
FoodMarket_2k,22,slow,76702.84,41.0249,44.3626,44.9698
FoodMarket_2k,27,slow,36951.46,38.8349,42.4759,43.5672
FoodMarket_2k,32,slow,19626.23,36.8041,41.0264,42.2540
FoodMarket_2k,37,slow,10435.92,34.5782,39.9368,41.1759
FoodMarket_2k,22,slower,76639.11,41.0350,44.3671,44.9754
FoodMarket_2k,27,slower,36875.48,38.8406,42.4842,43.5723
FoodMarket_2k,32,slower,19591.78,36.8127,41.0381,42.2688
FoodMarket_2k,37,slower,10439.70,34.5945,39.9588,41.1934
FoodMarket_2k,22,veryslow,76640.53,41.0350,44.3671,44.9754
FoodMarket_2k,27,veryslow,36876.89,38.8406,42.4842,43.5723
FoodMarket_2k,32,veryslow,19593.19,36.8127,41.0381,42.2688
FoodMarket_2k,37,veryslow,10441.11,34.5945,39.9588,41.1934
FoodMarket_2k,22,placebo,76723.60,41.0320,44.3691,44.9758
FoodMarket_2k,27,placebo,36878.78,38.8396,42.4881,43.5743
FoodMarket_2k,32,placebo,19512.01,36.8098,41.0423,42.2733
FoodMarket_2k,37,placebo,10461.88,34.5890,39.9586,41.1958
MeridianTalk_sdr_2k,22,ultrafast,39734.85,42.9765,45.8508,50.3095
MeridianTalk_sdr_2k,27,ultrafast,16679.06,41.4383,44.9523,48.7903
MeridianTalk_sdr_2k,32,ultrafast,9248.37,39.9810,43.9626,47.0956
MeridianTalk_sdr_2k,37,ultrafast,5597.45,38.3317,43.0058,45.5962
MeridianTalk_sdr_2k,22,superfast,37806.73,43.1176,45.8511,50.2065
MeridianTalk_sdr_2k,27,superfast,15608.57,41.6030,44.8952,48.6015
MeridianTalk_sdr_2k,32,superfast,8794.30,40.1795,43.8867,46.9404
MeridianTalk_sdr_2k,37,superfast,5416.20,38.5210,42.9622,45.4941
MeridianTalk_sdr_2k,22,veryfast,37716.58,43.1466,45.8866,50.2835
MeridianTalk_sdr_2k,27,veryfast,15510.39,41.6425,44.9171,48.6357
MeridianTalk_sdr_2k,32,veryfast,8706.04,40.2149,43.8896,46.9301
MeridianTalk_sdr_2k,37,veryfast,5356.73,38.5364,42.9740,45.4925
MeridianTalk_sdr_2k,22,faster,37716.58,43.1466,45.8866,50.2835
MeridianTalk_sdr_2k,27,faster,15510.39,41.6425,44.9171,48.6357
MeridianTalk_sdr_2k,32,faster,8706.04,40.2149,43.8896,46.9301
MeridianTalk_sdr_2k,37,faster,5356.73,38.5364,42.9740,45.4925
MeridianTalk_sdr_2k,22,fast,37717.99,43.1466,45.8866,50.2835
MeridianTalk_sdr_2k,27,fast,15511.81,41.6425,44.9171,48.6357
MeridianTalk_sdr_2k,32,fast,8707.46,40.2149,43.8896,46.9301
MeridianTalk_sdr_2k,37,fast,5358.14,38.5364,42.9740,45.4925
MeridianTalk_sdr_2k,22,medium,37612.74,43.1498,45.8904,50.2852
MeridianTalk_sdr_2k,27,medium,15453.28,41.6451,44.9109,48.6245
MeridianTalk_sdr_2k,32,medium,8695.66,40.2175,43.8843,46.9134
MeridianTalk_sdr_2k,37,medium,5323.69,38.5361,42.9506,45.4537
MeridianTalk_sdr_2k,22,slow,25891.56,42.6961,45.6552,50.0602
MeridianTalk_sdr_2k,27,slow,13273.58,41.4177,44.6645,48.3168
MeridianTalk_sdr_2k,32,slow,7632.24,39.9350,43.5175,46.4213
MeridianTalk_sdr_2k,37,slow,4729.44,38.2058,42.5027,44.7079
MeridianTalk_sdr_2k,22,slower,25987.85,42.7026,45.6617,50.0629
MeridianTalk_sdr_2k,27,slower,13237.71,41.4267,44.6705,48.3157
MeridianTalk_sdr_2k,32,slower,7600.62,39.9473,43.5322,46.4271
MeridianTalk_sdr_2k,37,slower,4685.54,38.2258,42.5357,44.7604
MeridianTalk_sdr_2k,22,veryslow,25989.27,42.7026,45.6617,50.0629
MeridianTalk_sdr_2k,27,veryslow,13239.13,41.4267,44.6705,48.3157
MeridianTalk_sdr_2k,32,veryslow,7602.03,39.9473,43.5322,46.4271
MeridianTalk_sdr_2k,37,veryslow,4686.96,38.2258,42.5357,44.7604
MeridianTalk_sdr_2k,22,placebo,25962.83,42.7024,45.6632,50.0685
MeridianTalk_sdr_2k,27,placebo,13291.05,41.4254,44.6679,48.3196
MeridianTalk_sdr_2k,32,placebo,7642.15,39.9442,43.5304,46.4336
MeridianTalk_sdr_2k,37,placebo,4668.08,38.2206,42.5394,44.7525
RushFieldCuts_2k,22,ultrafast,74710.73,42.2969,44.9209,46.0439
RushFieldCuts_2k,27,ultrafast,45197.55,38.6354,42.1046,43.3835
RushFieldCuts_2k,32,ultrafast,26623.16,35.3585,40.0090,41.4289
RushFieldCuts_2k,37,ultrafast,15632.16,32.3388,38.3442,39.9008
RushFieldCuts_2k,22,superfast,70708.27,44.3177,46.2370,47.0936
RushFieldCuts_2k,27,superfast,44875.53,39.8868,42.4789,43.6443
RushFieldCuts_2k,32,superfast,25475.69,35.9531,39.9188,41.2463
RushFieldCuts_2k,37,superfast,15002.51,32.8691,38.1052,39.5670
RushFieldCuts_2k,22,veryfast,70777.17,44.3168,46.2537,47.1156
RushFieldCuts_2k,27,veryfast,44851.40,39.9166,42.4965,43.6660
RushFieldCuts_2k,32,veryfast,25471.51,36.0034,39.9421,41.2802
RushFieldCuts_2k,37,veryfast,14966.32,32.9092,38.1154,39.5907
RushFieldCuts_2k,22,faster,70777.17,44.3168,46.2537,47.1156
RushFieldCuts_2k,27,faster,44851.40,39.9166,42.4965,43.6660
RushFieldCuts_2k,32,faster,25471.51,36.0034,39.9421,41.2802
RushFieldCuts_2k,37,faster,14966.32,32.9092,38.1154,39.5907
RushFieldCuts_2k,22,fast,70777.87,44.3168,46.2537,47.1156
RushFieldCuts_2k,27,fast,44852.10,39.9166,42.4965,43.6660
RushFieldCuts_2k,32,fast,25472.21,36.0034,39.9421,41.2802
RushFieldCuts_2k,37,fast,14967.02,32.9092,38.1154,39.5907
RushFieldCuts_2k,22,medium,71028.89,44.3577,46.2483,47.1085
RushFieldCuts_2k,27,medium,44869.73,39.9438,42.4917,43.6608
RushFieldCuts_2k,32,medium,25442.05,36.0189,39.9330,41.2690
RushFieldCuts_2k,37,medium,14959.13,32.9200,38.0951,39.5621
RushFieldCuts_2k,22,slow,68619.80,44.3050,45.8579,46.7790
RushFieldCuts_2k,27,slow,41459.10,39.6212,42.0316,43.2565
RushFieldCuts_2k,32,slow,23120.66,35.6975,39.3839,40.8352
RushFieldCuts_2k,37,slow,13375.50,32.5472,37.4799,39.1692
RushFieldCuts_2k,22,slower,68319.36,44.3183,45.9003,46.8243
RushFieldCuts_2k,27,slower,41468.14,39.6318,42.0590,43.2891
RushFieldCuts_2k,32,slower,23070.31,35.7103,39.4276,40.8843
RushFieldCuts_2k,37,slower,13413.54,32.5606,37.5422,39.2268
RushFieldCuts_2k,22,veryslow,68320.05,44.3183,45.9003,46.8243
RushFieldCuts_2k,27,veryslow,41468.84,39.6318,42.0590,43.2891
RushFieldCuts_2k,32,veryslow,23071.01,35.7103,39.4276,40.8843
RushFieldCuts_2k,37,veryslow,13414.24,32.5606,37.5422,39.2268
RushFieldCuts_2k,22,placebo,68367.85,44.3210,45.9060,46.8255
RushFieldCuts_2k,27,placebo,41470.93,39.6406,42.0570,43.2868
RushFieldCuts_2k,32,placebo,23111.61,35.7104,39.4280,40.8829
RushFieldCuts_2k,37,placebo,13424.45,32.5582,37.5397,39.2262
ToddlerFountain_2k,22,ultrafast,82706.38,41.1845,45.7451,43.5450
ToddlerFountain_2k,27,ultrafast,47685.75,37.4923,44.3766,41.7444
ToddlerFountain_2k,32,ultrafast,24877.82,34.1542,43.1653,40.5141
ToddlerFountain_2k,37,ultrafast,12147.52,31.3933,42.1613,39.6649
ToddlerFountain_2k,22,superfast,79027.09,41.8153,45.6896,43.6117
ToddlerFountain_2k,27,superfast,45566.89,38.0179,43.9890,41.6060
ToddlerFountain_2k,32,superfast,24100.62,34.6177,42.5879,40.2472
ToddlerFountain_2k,37,superfast,11995.56,31.7313,41.6333,39.4027
ToddlerFountain_2k,22,veryfast,79044.26,41.8670,45.7227,43.6361
ToddlerFountain_2k,27,veryfast,45553.43,38.0970,44.0385,41.6363
ToddlerFountain_2k,32,veryfast,24134.50,34.6810,42.6909,40.2944
ToddlerFountain_2k,37,veryfast,11992.54,31.7640,41.7389,39.4540
ToddlerFountain_2k,22,faster,79044.26,41.8670,45.7227,43.6361
ToddlerFountain_2k,27,faster,45553.43,38.0970,44.0385,41.6363
ToddlerFountain_2k,32,faster,24134.50,34.6810,42.6909,40.2944
ToddlerFountain_2k,37,faster,11992.54,31.7640,41.7389,39.4540
ToddlerFountain_2k,22,fast,79044.96,41.8670,45.7227,43.6361
ToddlerFountain_2k,27,fast,45554.13,38.0970,44.0385,41.6363
ToddlerFountain_2k,32,fast,24135.19,34.6810,42.6909,40.2944
ToddlerFountain_2k,37,fast,11993.24,31.7640,41.7389,39.4540
ToddlerFountain_2k,22,medium,78988.34,41.8849,45.7163,43.6315
ToddlerFountain_2k,27,medium,45545.31,38.1074,44.0168,41.6272
ToddlerFountain_2k,32,medium,24086.94,34.6890,42.6623,40.2775
ToddlerFountain_2k,37,medium,11983.73,31.7677,41.7193,39.4411
ToddlerFountain_2k,22,slow,73850.48,41.6888,45.4531,43.1742
ToddlerFountain_2k,27,slow,41392.28,37.7643,43.7734,41.2388
ToddlerFountain_2k,32,slow,20965.14,34.2620,42.4120,39.9056
ToddlerFountain_2k,37,slow,9933.08,31.2939,41.4214,39.1113
ToddlerFountain_2k,22,slower,73554.68,41.6940,45.4712,43.1838
ToddlerFountain_2k,27,slower,41223.39,37.7719,43.7905,41.2508
ToddlerFountain_2k,32,slower,21014.10,34.2731,42.4302,39.9253
ToddlerFountain_2k,37,slower,9918.70,31.3132,41.4305,39.1304
ToddlerFountain_2k,22,veryslow,73555.37,41.6940,45.4712,43.1838
ToddlerFountain_2k,27,veryslow,41224.08,37.7719,43.7905,41.2508
ToddlerFountain_2k,32,veryslow,21014.79,34.2731,42.4302,39.9253
ToddlerFountain_2k,37,veryslow,9919.39,31.3132,41.4305,39.1304
ToddlerFountain_2k,22,placebo,73656.29,41.7015,45.4765,43.2008
ToddlerFountain_2k,27,placebo,41270.71,37.7778,43.7961,41.2591
ToddlerFountain_2k,32,placebo,20933.82,34.2750,42.4332,39.9228
ToddlerFountain_2k,37,placebo,9957.44,31.3055,41.4362,39.1247
TreesAndGrass_2k,22,ultrafast,165530.66,40.5986,43.8693,45.8164
TreesAndGrass_2k,27,ultrafast,114439.69,36.3720,41.0048,43.6548
TreesAndGrass_2k,32,ultrafast,73011.37,32.2532,38.8770,42.0256
TreesAndGrass_2k,37,ultrafast,42210.72,28.5435,37.3093,40.8061
TreesAndGrass_2k,22,superfast,158800.56,41.2548,43.9613,45.7971
TreesAndGrass_2k,27,superfast,109996.57,36.8680,40.9920,43.5114
TreesAndGrass_2k,32,superfast,70778.40,32.6695,38.7352,41.7377
TreesAndGrass_2k,37,superfast,41394.96,28.8724,37.1049,40.4438
TreesAndGrass_2k,22,veryfast,158971.69,41.2983,43.9878,45.8361
TreesAndGrass_2k,27,veryfast,110144.41,36.9169,41.0176,43.5501
TreesAndGrass_2k,32,veryfast,70851.84,32.7273,38.7485,41.7683
TreesAndGrass_2k,37,veryfast,41456.64,28.9293,37.1121,40.4771
TreesAndGrass_2k,22,faster,158971.69,41.2983,43.9878,45.8361
TreesAndGrass_2k,27,faster,110144.41,36.9169,41.0176,43.5501
TreesAndGrass_2k,32,faster,70851.84,32.7273,38.7485,41.7683
TreesAndGrass_2k,37,faster,41456.64,28.9293,37.1121,40.4771
TreesAndGrass_2k,22,fast,158972.41,41.2983,43.9878,45.8361
TreesAndGrass_2k,27,fast,110145.12,36.9169,41.0176,43.5501
TreesAndGrass_2k,32,fast,70852.56,32.7273,38.7485,41.7683
TreesAndGrass_2k,37,fast,41457.36,28.9293,37.1121,40.4771
TreesAndGrass_2k,22,medium,159127.69,41.3312,43.9802,45.8261
TreesAndGrass_2k,27,medium,110212.33,36.9371,41.0086,43.5414
TreesAndGrass_2k,32,medium,70899.84,32.7390,38.7405,41.7554
TreesAndGrass_2k,37,medium,41430.72,28.9333,37.1070,40.4635
TreesAndGrass_2k,22,slow,154865.77,41.3121,43.6032,45.5355
TreesAndGrass_2k,27,slow,106353.12,36.8562,40.5203,43.2082
TreesAndGrass_2k,32,slow,67231.93,32.5612,38.1578,41.4380
TreesAndGrass_2k,37,slow,37596.48,28.5777,36.5170,40.2046
TreesAndGrass_2k,22,slower,154855.20,41.3386,43.5963,45.5568
TreesAndGrass_2k,27,slower,106301.53,36.8705,40.5207,43.2397
TreesAndGrass_2k,32,slower,67218.24,32.5704,38.1778,41.4770
TreesAndGrass_2k,37,slower,37618.56,28.5852,36.5478,40.2466
TreesAndGrass_2k,22,veryslow,154855.92,41.3386,43.5963,45.5568
TreesAndGrass_2k,27,veryslow,106302.25,36.8705,40.5207,43.2397
TreesAndGrass_2k,32,veryslow,67218.96,32.5704,38.1778,41.4770
TreesAndGrass_2k,37,veryslow,37619.28,28.5852,36.5478,40.2466
TreesAndGrass_2k,22,placebo,154966.33,41.3404,43.6007,45.5622
TreesAndGrass_2k,27,placebo,106388.41,36.8704,40.5235,43.2472
TreesAndGrass_2k,32,placebo,67216.33,32.5689,38.1872,41.4882
TreesAndGrass_2k,37,placebo,37592.64,28.5833,36.5584,40.2555
Aerial3200_2k,22,ultrafast,171254.36,41.9467,43.7285,43.5635
Aerial3200_2k,27,ultrafast,93989.84,38.7418,41.5003,41.7105
Aerial3200_2k,32,ultrafast,47328.39,35.7280,39.9315,40.4536
Aerial3200_2k,37,ultrafast,22903.80,33.0830,38.8055,39.4992
Aerial3200_2k,22,superfast,168009.36,42.2215,43.8211,43.6714
Aerial3200_2k,27,superfast,91784.18,38.9771,41.4941,41.7286
Aerial3200_2k,32,superfast,46433.00,35.9696,39.8295,40.3712
Aerial3200_2k,37,superfast,22699.90,33.2828,38.6882,39.3935
Aerial3200_2k,22,veryfast,168111.77,42.2429,43.8380,43.6946
Aerial3200_2k,27,veryfast,91829.49,39.0230,41.5073,41.7432
Aerial3200_2k,32,veryfast,46384.86,36.0161,39.8279,40.3738
Aerial3200_2k,37,veryfast,22681.49,33.3021,38.6833,39.3942
Aerial3200_2k,22,faster,168111.77,42.2429,43.8380,43.6946
Aerial3200_2k,27,faster,91829.49,39.0230,41.5073,41.7432
Aerial3200_2k,32,faster,46384.86,36.0161,39.8279,40.3738
Aerial3200_2k,37,faster,22681.49,33.3021,38.6833,39.3942
Aerial3200_2k,22,fast,168113.20,42.2429,43.8380,43.6946
Aerial3200_2k,27,fast,91830.91,39.0230,41.5073,41.7432
Aerial3200_2k,32,fast,46386.27,36.0161,39.8279,40.3738
Aerial3200_2k,37,fast,22682.91,33.3021,38.6833,39.3942
Aerial3200_2k,22,medium,168049.00,42.2542,43.8371,43.6952
Aerial3200_2k,27,medium,91811.55,39.0297,41.5061,41.7437
Aerial3200_2k,32,medium,46407.52,36.0220,39.8282,40.3738
Aerial3200_2k,37,medium,22623.43,33.3048,38.6916,39.3985
Aerial3200_2k,22,slow,154289.25,42.0359,43.3907,43.2265
Aerial3200_2k,27,slow,81024.94,38.7009,41.0274,41.4036
Aerial3200_2k,32,slow,39783.46,35.6431,39.3964,40.0847
Aerial3200_2k,37,slow,18753.51,32.8733,38.3086,39.1239
Aerial3200_2k,22,slower,154313.80,42.0453,43.3928,43.2318
Aerial3200_2k,27,slower,80908.36,38.7071,41.0340,41.4121
Aerial3200_2k,32,slower,39733.43,35.6551,39.4094,40.0943
Aerial3200_2k,37,slower,18737.93,32.8934,38.3247,39.1365
Aerial3200_2k,22,veryslow,154315.22,42.0453,43.3928,43.2318
Aerial3200_2k,27,veryslow,80909.77,38.7071,41.0340,41.4121
Aerial3200_2k,32,veryslow,39734.85,35.6551,39.4094,40.0943
Aerial3200_2k,37,veryslow,18739.35,32.8934,38.3247,39.1365
Aerial3200_2k,22,placebo,154407.25,42.0444,43.3972,43.2356
Aerial3200_2k,27,placebo,81048.07,38.7069,41.0386,41.4150
Aerial3200_2k,32,placebo,39662.16,35.6506,39.4148,40.0997
Aerial3200_2k,37,placebo,18780.88,32.8844,38.3300,39.1403
CrowdRun_1080p50,22,ultrafast,216742.83,40.5399,41.1503,41.5867
CrowdRun_1080p50,27,ultrafast,128864.00,36.7816,38.1616,38.8026
CrowdRun_1080p50,32,ultrafast,74249.20,33.2808,36.1992,36.9266
CrowdRun_1080p50,37,ultrafast,41139.60,30.1202,34.8968,35.6026
CrowdRun_1080p50,22,superfast,205029.20,40.9922,41.4590,41.8851
CrowdRun_1080p50,27,superfast,120318.81,37.2117,38.4447,39.0424
CrowdRun_1080p50,32,superfast,69647.60,33.7759,36.3409,37.0245
CrowdRun_1080p50,37,superfast,39218.80,30.6164,34.8829,35.5427
CrowdRun_1080p50,22,veryfast,205274.00,41.0154,41.4832,41.9157
CrowdRun_1080p50,27,veryfast,120632.41,37.2703,38.5041,39.0999
CrowdRun_1080p50,32,veryfast,69631.60,33.8437,36.3808,37.0665
CrowdRun_1080p50,37,veryfast,39222.80,30.6710,34.9004,35.5683
CrowdRun_1080p50,22,faster,205274.00,41.0154,41.4832,41.9157
CrowdRun_1080p50,27,faster,120632.41,37.2703,38.5041,39.0999
CrowdRun_1080p50,32,faster,69631.60,33.8437,36.3808,37.0665
CrowdRun_1080p50,37,faster,39222.80,30.6710,34.9004,35.5683
CrowdRun_1080p50,22,fast,205275.22,41.0154,41.4832,41.9157
CrowdRun_1080p50,27,fast,120633.61,37.2703,38.5041,39.0999
CrowdRun_1080p50,32,fast,69632.80,33.8437,36.3808,37.0665
CrowdRun_1080p50,37,fast,39224.00,30.6710,34.9004,35.5683
CrowdRun_1080p50,22,medium,205174.41,41.0328,41.4836,41.9166
CrowdRun_1080p50,27,medium,120581.60,37.2808,38.5043,39.0984
CrowdRun_1080p50,32,medium,69638.00,33.8539,36.3789,37.0628
CrowdRun_1080p50,37,medium,39188.00,30.6794,34.8952,35.5594
CrowdRun_1080p50,22,slow,190023.20,40.7852,41.1275,41.5839
CrowdRun_1080p50,27,slow,110386.01,37.0393,38.0145,38.6674
CrowdRun_1080p50,32,slow,62519.20,33.5389,35.8373,36.5804
CrowdRun_1080p50,37,slow,34263.60,30.2823,34.3846,35.0790
CrowdRun_1080p50,22,slower,189834.02,40.7957,41.1332,41.5917
CrowdRun_1080p50,27,slower,110302.80,37.0466,38.0286,38.6819
CrowdRun_1080p50,32,slower,62394.00,33.5463,35.8584,36.6030
CrowdRun_1080p50,37,slower,34272.80,30.2942,34.4207,35.1104
CrowdRun_1080p50,22,veryslow,189835.20,40.7957,41.1332,41.5917
CrowdRun_1080p50,27,veryslow,110304.00,37.0466,38.0286,38.6819
CrowdRun_1080p50,32,veryslow,62395.20,33.5463,35.8584,36.6030
CrowdRun_1080p50,37,veryslow,34274.00,30.2942,34.4207,35.1104
CrowdRun_1080p50,22,placebo,190232.81,40.7992,41.1717,41.6314
CrowdRun_1080p50,27,placebo,110522.40,37.0496,38.0575,38.7026
CrowdRun_1080p50,32,placebo,62314.41,33.5482,35.8631,36.6053
CrowdRun_1080p50,37,placebo,34170.80,30.2918,34.4181,35.1060
DinnerSceneCropped_2k,22,ultrafast,46334.58,40.7851,43.1016,47.1492
DinnerSceneCropped_2k,27,ultrafast,11962.62,38.2403,41.1770,45.8880
DinnerSceneCropped_2k,32,ultrafast,2716.72,37.3848,40.2356,45.1304
DinnerSceneCropped_2k,37,ultrafast,1652.54,36.9058,39.8225,44.4574
DinnerSceneCropped_2k,22,superfast,47763.47,40.9955,43.1555,47.1534
DinnerSceneCropped_2k,27,superfast,11968.18,38.2643,41.1700,45.8407
DinnerSceneCropped_2k,32,superfast,2698.16,37.4153,40.2472,45.1282
DinnerSceneCropped_2k,37,superfast,1661.12,36.9394,39.8463,44.4946
DinnerSceneCropped_2k,22,veryfast,47908.00,41.0529,43.1494,47.1536
DinnerSceneCropped_2k,27,veryfast,11991.38,38.2779,41.1650,45.8324
DinnerSceneCropped_2k,32,veryfast,2663.82,37.4210,40.2465,45.1317
DinnerSceneCropped_2k,37,veryfast,1621.45,36.9399,39.8456,44.4981
DinnerSceneCropped_2k,22,faster,47908.00,41.0529,43.1494,47.1536
DinnerSceneCropped_2k,27,faster,11991.38,38.2779,41.1650,45.8324
DinnerSceneCropped_2k,32,faster,2663.82,37.4210,40.2465,45.1317
DinnerSceneCropped_2k,37,faster,1621.45,36.9399,39.8456,44.4981
DinnerSceneCropped_2k,22,fast,47908.70,41.0529,43.1494,47.1536
DinnerSceneCropped_2k,27,fast,11992.08,38.2779,41.1650,45.8324
DinnerSceneCropped_2k,32,fast,2664.52,37.4210,40.2465,45.1317
DinnerSceneCropped_2k,37,fast,1622.14,36.9399,39.8456,44.4981
DinnerSceneCropped_2k,22,medium,47802.67,41.0555,43.1494,47.1541
DinnerSceneCropped_2k,27,medium,11961.69,38.2820,41.1766,45.8533
DinnerSceneCropped_2k,32,medium,2670.09,37.4230,40.2505,45.1263
DinnerSceneCropped_2k,37,medium,1618.66,36.9433,39.8434,44.4795
DinnerSceneCropped_2k,22,slow,37611.61,40.4843,42.6104,46.8405
DinnerSceneCropped_2k,27,slow,4839.98,37.7823,40.7125,45.7394
DinnerSceneCropped_2k,32,slow,2124.19,37.3509,40.0466,44.9741
DinnerSceneCropped_2k,37,slow,1465.54,36.8362,39.6799,44.2448
DinnerSceneCropped_2k,22,slower,37929.45,40.5045,42.5959,46.8642
DinnerSceneCropped_2k,27,slower,4831.40,37.7877,40.7175,45.7430
DinnerSceneCropped_2k,32,slower,2159.22,37.3544,40.0525,44.9797
DinnerSceneCropped_2k,37,slower,1470.88,36.8428,39.6892,44.2465
DinnerSceneCropped_2k,22,veryslow,37930.14,40.5045,42.5959,46.8642
DinnerSceneCropped_2k,27,veryslow,4832.10,37.7877,40.7175,45.7430
DinnerSceneCropped_2k,32,veryslow,2159.92,37.3544,40.0525,44.9797
DinnerSceneCropped_2k,37,veryslow,1471.58,36.8428,39.6892,44.2465
DinnerSceneCropped_2k,22,placebo,38119.46,40.5196,42.5938,46.8727
DinnerSceneCropped_2k,27,placebo,4941.60,37.7867,40.7190,45.7444
DinnerSceneCropped_2k,32,placebo,2136.72,37.3537,40.0515,44.9833
DinnerSceneCropped_2k,37,placebo,1475.98,36.8419,39.6894,44.2554
Motorcycle_2k,22,ultrafast,97086.01,42.2329,44.8442,45.6322
Motorcycle_2k,27,ultrafast,63486.48,38.2232,41.8501,42.9783
Motorcycle_2k,32,ultrafast,38949.60,34.3217,39.4940,40.8799
Motorcycle_2k,37,ultrafast,22295.28,30.8143,37.6940,39.2621
Motorcycle_2k,22,superfast,82899.12,43.6739,45.1520,45.8585
Motorcycle_2k,27,superfast,54975.61,39.5770,41.9034,42.9336
Motorcycle_2k,32,superfast,34812.48,35.4754,39.2660,40.5503
Motorcycle_2k,37,superfast,20767.44,31.6902,37.3270,38.7900
Motorcycle_2k,22,veryfast,82854.48,43.7664,45.2302,45.9346
Motorcycle_2k,27,veryfast,55027.68,39.7066,41.9866,43.0259
Motorcycle_2k,32,veryfast,34785.36,35.6080,39.3206,40.6141
Motorcycle_2k,37,veryfast,20741.52,31.7974,37.3550,38.8171
Motorcycle_2k,22,faster,82854.48,43.7664,45.2302,45.9346
Motorcycle_2k,27,faster,55027.68,39.7066,41.9866,43.0259
Motorcycle_2k,32,faster,34785.36,35.6080,39.3206,40.6141
Motorcycle_2k,37,faster,20741.52,31.7974,37.3550,38.8171
Motorcycle_2k,22,fast,82855.20,43.7664,45.2302,45.9346
Motorcycle_2k,27,fast,55028.40,39.7066,41.9866,43.0259
Motorcycle_2k,32,fast,34786.08,35.6080,39.3206,40.6141
Motorcycle_2k,37,fast,20742.24,31.7974,37.3550,38.8171
Motorcycle_2k,22,medium,82830.73,43.7851,45.2280,45.9343
Motorcycle_2k,27,medium,54932.40,39.7259,41.9819,43.0181
Motorcycle_2k,32,medium,34816.56,35.6269,39.3083,40.6052
Motorcycle_2k,37,medium,20721.12,31.8101,37.3351,38.8011
Motorcycle_2k,22,slow,79128.24,43.6954,44.9263,45.6421
Motorcycle_2k,27,slow,52044.00,39.5362,41.4860,42.6173
Motorcycle_2k,32,slow,32303.52,35.3152,38.6907,40.1942
Motorcycle_2k,37,slow,18549.84,31.3563,36.7080,38.4422
Motorcycle_2k,22,slower,78923.28,43.7001,44.9385,45.6652
Motorcycle_2k,27,slower,51842.40,39.5444,41.5150,42.6586
Motorcycle_2k,32,slower,32202.72,35.3278,38.7400,40.2631
Motorcycle_2k,37,slower,18470.88,31.3764,36.7771,38.5192
Motorcycle_2k,22,veryslow,78924.00,43.7001,44.9385,45.6652
Motorcycle_2k,27,veryslow,51843.12,39.5444,41.5150,42.6586
Motorcycle_2k,32,veryslow,32203.44,35.3278,38.7400,40.2631
Motorcycle_2k,37,veryslow,18471.60,31.3764,36.7771,38.5192
Motorcycle_2k,22,placebo,78974.88,43.7183,44.9507,45.6746
Motorcycle_2k,27,placebo,51939.60,39.5631,41.5284,42.6706
Motorcycle_2k,32,placebo,32265.12,35.3435,38.7516,40.2738
Motorcycle_2k,37,placebo,18496.08,31.3780,36.7840,38.5334
MountainBike_2k,22,ultrafast,88026.48,41.9404,46.1283,45.9320
MountainBike_2k,27,ultrafast,56714.88,38.0284,43.3453,43.1855
MountainBike_2k,32,ultrafast,34080.72,34.3032,41.0645,40.9491
MountainBike_2k,37,ultrafast,19235.28,30.9830,39.3048,39.1959
MountainBike_2k,22,superfast,80029.45,43.3160,46.3119,46.0850
MountainBike_2k,27,superfast,52750.56,39.2688,43.2693,43.0592
MountainBike_2k,32,superfast,32446.80,35.3126,40.7605,40.5659
MountainBike_2k,37,superfast,18767.28,31.7202,38.9534,38.7951
MountainBike_2k,22,veryfast,79968.48,43.4219,46.4282,46.1820
MountainBike_2k,27,veryfast,52650.72,39.4175,43.4215,43.1854
MountainBike_2k,32,veryfast,32335.92,35.4669,40.8949,40.6657
MountainBike_2k,37,veryfast,18759.84,31.8391,39.0431,38.8442
MountainBike_2k,22,faster,79968.48,43.4219,46.4282,46.1820
MountainBike_2k,27,faster,52650.72,39.4175,43.4215,43.1854
MountainBike_2k,32,faster,32335.92,35.4669,40.8949,40.6657
MountainBike_2k,37,faster,18759.84,31.8391,39.0431,38.8442
MountainBike_2k,22,fast,79969.20,43.4219,46.4282,46.1820
MountainBike_2k,27,fast,52651.44,39.4175,43.4215,43.1854
MountainBike_2k,32,fast,32336.64,35.4669,40.8949,40.6657
MountainBike_2k,37,fast,18760.56,31.8391,39.0431,38.8442
MountainBike_2k,22,medium,79993.92,43.4416,46.4272,46.1795
MountainBike_2k,27,medium,52623.84,39.4359,43.4128,43.1747
MountainBike_2k,32,medium,32365.20,35.4852,40.8823,40.6542
MountainBike_2k,37,medium,18749.28,31.8512,39.0202,38.8204
MountainBike_2k,22,slow,76825.69,43.3182,46.1337,45.8421
MountainBike_2k,27,slow,49788.24,39.1908,43.0351,42.7473
MountainBike_2k,32,slow,29982.72,35.1288,40.4433,40.1841
MountainBike_2k,37,slow,16663.68,31.3812,38.5378,38.3262
MountainBike_2k,22,slower,76530.73,43.3259,46.1588,45.8654
MountainBike_2k,27,slower,49484.40,39.1992,43.0674,42.7852
MountainBike_2k,32,slower,29903.52,35.1432,40.4944,40.2336
MountainBike_2k,37,slower,16684.80,31.4032,38.5928,38.3728
MountainBike_2k,22,veryslow,76531.45,43.3259,46.1588,45.8654
MountainBike_2k,27,veryslow,49485.12,39.1992,43.0674,42.7852
MountainBike_2k,32,veryslow,29904.24,35.1432,40.4944,40.2336
MountainBike_2k,37,veryslow,16685.52,31.4032,38.5928,38.3728
MountainBike_2k,22,placebo,76642.56,43.3441,46.1981,45.8907
MountainBike_2k,27,placebo,49623.60,39.2209,43.0855,42.8037
MountainBike_2k,32,placebo,29968.32,35.1680,40.5046,40.2433
MountainBike_2k,37,placebo,16699.68,31.4061,38.5898,38.3736
OldTownCross_1080p50,22,ultrafast,158162.02,40.1853,40.6068,41.9557
OldTownCross_1080p50,27,ultrafast,70016.41,36.7941,38.6361,40.3388
OldTownCross_1080p50,32,ultrafast,32666.00,34.5128,37.9377,39.2360
OldTownCross_1080p50,37,ultrafast,17188.00,32.3875,37.3798,38.3464
OldTownCross_1080p50,22,superfast,156216.00,40.5256,40.7252,42.0926
OldTownCross_1080p50,27,superfast,66196.80,36.9621,38.6578,40.3910
OldTownCross_1080p50,32,superfast,30964.80,34.7990,37.8674,39.1442
OldTownCross_1080p50,37,superfast,16773.20,32.7015,37.2607,38.1841
OldTownCross_1080p50,22,veryfast,156464.81,40.5518,40.7451,42.1119
OldTownCross_1080p50,27,veryfast,66173.20,37.0022,38.6729,40.4112
OldTownCross_1080p50,32,veryfast,30924.00,34.8369,37.8831,39.1683
OldTownCross_1080p50,37,veryfast,16751.20,32.7296,37.2749,38.2151
OldTownCross_1080p50,22,faster,156464.81,40.5518,40.7451,42.1119
OldTownCross_1080p50,27,faster,66173.20,37.0022,38.6729,40.4112
OldTownCross_1080p50,32,faster,30924.00,34.8369,37.8831,39.1683
OldTownCross_1080p50,37,faster,16751.20,32.7296,37.2749,38.2151
OldTownCross_1080p50,22,fast,156466.00,40.5518,40.7451,42.1119
OldTownCross_1080p50,27,fast,66174.40,37.0022,38.6729,40.4112
OldTownCross_1080p50,32,fast,30925.20,34.8369,37.8831,39.1683
OldTownCross_1080p50,37,fast,16752.40,32.7296,37.2749,38.2151
OldTownCross_1080p50,22,medium,156564.81,40.5631,40.7443,42.1119
OldTownCross_1080p50,27,medium,66292.40,37.0078,38.6727,40.4076
OldTownCross_1080p50,32,medium,30908.80,34.8417,37.8773,39.1579
OldTownCross_1080p50,37,medium,16762.00,32.7348,37.2663,38.2012
OldTownCross_1080p50,22,slow,135430.81,40.2019,39.7103,41.7383
OldTownCross_1080p50,27,slow,51705.20,36.5564,38.4568,40.0839
OldTownCross_1080p50,32,slow,27078.00,34.5895,37.6519,38.7701
OldTownCross_1080p50,37,slow,14440.00,32.3823,36.9943,37.7708
OldTownCross_1080p50,22,slower,135382.41,40.2125,39.7163,41.7458
OldTownCross_1080p50,27,slower,51566.00,36.5605,38.4641,40.0948
OldTownCross_1080p50,32,slower,27004.80,34.5977,37.6639,38.7850
OldTownCross_1080p50,37,slower,14451.60,32.3934,37.0078,37.7896
OldTownCross_1080p50,22,veryslow,135383.61,40.2125,39.7163,41.7458
OldTownCross_1080p50,27,veryslow,51567.20,36.5605,38.4641,40.0948
OldTownCross_1080p50,32,veryslow,27006.00,34.5977,37.6639,38.7850
OldTownCross_1080p50,37,veryslow,14452.80,32.3934,37.0078,37.7896
OldTownCross_1080p50,22,placebo,135976.00,40.2220,39.7474,41.7687
OldTownCross_1080p50,27,placebo,51682.40,36.5621,38.4658,40.1002
OldTownCross_1080p50,32,placebo,27064.00,34.5960,37.6596,38.7809
OldTownCross_1080p50,37,placebo,14419.60,32.3874,37.0071,37.7876
PedestrianArea_1080p25,22,ultrafast,18897.00,42.9823,46.8734,48.6324
PedestrianArea_1080p25,27,ultrafast,8737.80,40.8762,44.7658,46.3991
PedestrianArea_1080p25,32,ultrafast,5163.20,38.8713,43.0525,44.5043
PedestrianArea_1080p25,37,ultrafast,3242.20,36.7724,41.6513,42.8969
PedestrianArea_1080p25,22,superfast,18135.40,43.1474,46.8126,48.5562
PedestrianArea_1080p25,27,superfast,8356.00,41.0745,44.6250,46.2336
PedestrianArea_1080p25,32,superfast,5020.40,39.0897,42.8901,44.2953
PedestrianArea_1080p25,37,superfast,3194.00,36.9513,41.5149,42.7158
PedestrianArea_1080p25,22,veryfast,18098.20,43.1807,46.8409,48.6040
PedestrianArea_1080p25,27,veryfast,8370.80,41.1294,44.6508,46.2890
PedestrianArea_1080p25,32,veryfast,5033.80,39.1558,42.9045,44.3261
PedestrianArea_1080p25,37,veryfast,3197.40,36.9959,41.5276,42.7227
PedestrianArea_1080p25,22,faster,18098.20,43.1807,46.8409,48.6040
PedestrianArea_1080p25,27,faster,8370.80,41.1294,44.6508,46.2890
PedestrianArea_1080p25,32,faster,5033.80,39.1558,42.9045,44.3261
PedestrianArea_1080p25,37,faster,3197.40,36.9959,41.5276,42.7227
PedestrianArea_1080p25,22,fast,18098.80,43.1807,46.8409,48.6040
PedestrianArea_1080p25,27,fast,8371.40,41.1294,44.6508,46.2890
PedestrianArea_1080p25,32,fast,5034.40,39.1558,42.9045,44.3261
PedestrianArea_1080p25,37,fast,3198.00,36.9959,41.5276,42.7227
PedestrianArea_1080p25,22,medium,18072.40,43.1843,46.8356,48.6014
PedestrianArea_1080p25,27,medium,8361.00,41.1321,44.6449,46.2893
PedestrianArea_1080p25,32,medium,5000.00,39.1586,42.9025,44.3238
PedestrianArea_1080p25,37,medium,3172.00,36.9940,41.5210,42.7242
PedestrianArea_1080p25,22,slow,13196.80,42.7708,46.4383,48.2762
PedestrianArea_1080p25,27,slow,7346.80,40.8345,44.1831,45.9057
PedestrianArea_1080p25,32,slow,4473.80,38.8257,42.3738,43.7827
PedestrianArea_1080p25,37,slow,2845.20,36.5861,41.0127,42.1990
PedestrianArea_1080p25,22,slower,13177.60,42.7745,46.4577,48.2821
PedestrianArea_1080p25,27,slower,7331.60,40.8409,44.2140,45.9087
PedestrianArea_1080p25,32,slower,4468.00,38.8391,42.3866,43.8077
PedestrianArea_1080p25,37,slower,2836.40,36.6078,41.0421,42.2117
PedestrianArea_1080p25,22,veryslow,13178.20,42.7745,46.4577,48.2821
PedestrianArea_1080p25,27,veryslow,7332.20,40.8409,44.2140,45.9087
PedestrianArea_1080p25,32,veryslow,4468.60,38.8391,42.3866,43.8077
PedestrianArea_1080p25,37,veryslow,2837.00,36.6078,41.0421,42.2117
PedestrianArea_1080p25,22,placebo,13166.20,42.7734,46.4587,48.2906
PedestrianArea_1080p25,27,placebo,7349.00,40.8432,44.2104,45.9153
PedestrianArea_1080p25,32,placebo,4481.20,38.8359,42.3900,43.8011
PedestrianArea_1080p25,37,placebo,2857.40,36.6017,41.0388,42.2263
RitualDance_2k,22,ultrafast,33797.56,46.2342,48.2861,48.9914
RitualDance_2k,27,ultrafast,20232.28,43.6579,46.1449,46.6558
RitualDance_2k,32,ultrafast,12119.54,40.8615,44.2799,44.5817
RitualDance_2k,37,ultrafast,7369.81,38.1097,42.7463,42.7789
RitualDance_2k,22,superfast,29736.00,46.7578,48.4264,49.1777
RitualDance_2k,27,superfast,18003.03,44.2370,46.1435,46.6664
RitualDance_2k,32,superfast,11097.66,41.4565,44.1432,44.4402
RitualDance_2k,37,superfast,6927.07,38.6202,42.5780,42.5669
RitualDance_2k,22,veryfast,29769.98,46.8478,48.5067,49.3005
RitualDance_2k,27,veryfast,18116.30,44.3417,46.2204,46.7681
RitualDance_2k,32,veryfast,11039.14,41.5573,44.1971,44.5057
RitualDance_2k,37,veryfast,6958.70,38.6836,42.6071,42.6069
RitualDance_2k,22,faster,29769.98,46.8478,48.5067,49.3005
RitualDance_2k,27,faster,18116.30,44.3417,46.2204,46.7681
RitualDance_2k,32,faster,11039.14,41.5573,44.1971,44.5057
RitualDance_2k,37,faster,6958.70,38.6836,42.6071,42.6069
RitualDance_2k,22,fast,29771.40,46.8478,48.5067,49.3005
RitualDance_2k,27,fast,18117.72,44.3417,46.2204,46.7681
RitualDance_2k,32,fast,11040.55,41.5573,44.1971,44.5057
RitualDance_2k,37,fast,6960.11,38.6836,42.6071,42.6069
RitualDance_2k,22,medium,29786.51,46.8544,48.5093,49.3043
RitualDance_2k,27,medium,17988.39,44.3493,46.2142,46.7660
RitualDance_2k,32,medium,11068.87,41.5630,44.1834,44.4937
RitualDance_2k,37,medium,6952.09,38.6870,42.5991,42.6011
RitualDance_2k,22,slow,27166.91,46.6437,48.1439,48.9514
RitualDance_2k,27,slow,16392.56,44.0365,45.7451,46.2892
RitualDance_2k,32,slow,10012.06,41.1795,43.5285,43.8840
RitualDance_2k,37,slow,6185.56,38.2215,42.0474,41.9921
RitualDance_2k,22,slower,27066.84,46.6543,48.1535,48.9600
RitualDance_2k,27,slower,16302.88,44.0487,45.7612,46.3069
RitualDance_2k,32,slower,9954.95,41.2022,43.5736,43.9220
RitualDance_2k,37,slower,6204.91,38.2511,42.0963,42.0433
RitualDance_2k,22,veryslow,27068.26,46.6543,48.1535,48.9600
RitualDance_2k,27,veryslow,16304.30,44.0487,45.7612,46.3069
RitualDance_2k,32,veryslow,9956.37,41.2022,43.5736,43.9220
RitualDance_2k,37,veryslow,6206.33,38.2511,42.0963,42.0433
RitualDance_2k,22,placebo,27135.75,46.6573,48.1590,48.9746
RitualDance_2k,27,placebo,16348.66,44.0512,45.7655,46.3139
RitualDance_2k,32,placebo,9988.46,41.1957,43.5569,43.9150
RitualDance_2k,37,placebo,6180.84,38.2375,42.0807,42.0254
Riverbed_1080p25,22,ultrafast,41271.80,42.3534,45.0170,46.6760
Riverbed_1080p25,27,ultrafast,21760.20,39.8094,42.5665,44.2508
Riverbed_1080p25,32,ultrafast,12314.80,37.2821,40.8324,42.5762
Riverbed_1080p25,37,ultrafast,7081.20,34.7134,39.5686,41.4971
Riverbed_1080p25,22,superfast,41182.20,42.5011,45.1140,46.7734
Riverbed_1080p25,27,superfast,21638.00,39.9361,42.5976,44.2729
Riverbed_1080p25,32,superfast,12245.00,37.4151,40.8186,42.5603
Riverbed_1080p25,37,superfast,7083.80,34.8291,39.5529,41.4924
Riverbed_1080p25,22,veryfast,41172.00,42.5278,45.1190,46.7808
Riverbed_1080p25,27,veryfast,21652.00,39.9733,42.6015,44.2806
Riverbed_1080p25,32,veryfast,12270.20,37.4531,40.8172,42.5596
Riverbed_1080p25,37,veryfast,7060.00,34.8440,39.5443,41.4885
Riverbed_1080p25,22,faster,41172.00,42.5278,45.1190,46.7808
Riverbed_1080p25,27,faster,21652.00,39.9733,42.6015,44.2806
Riverbed_1080p25,32,faster,12270.20,37.4531,40.8172,42.5596
Riverbed_1080p25,37,faster,7060.00,34.8440,39.5443,41.4885
Riverbed_1080p25,22,fast,41172.60,42.5278,45.1190,46.7808
Riverbed_1080p25,27,fast,21652.60,39.9733,42.6015,44.2806
Riverbed_1080p25,32,fast,12270.80,37.4531,40.8172,42.5596
Riverbed_1080p25,37,fast,7060.60,34.8440,39.5443,41.4885
Riverbed_1080p25,22,medium,41088.80,42.5329,45.1202,46.7798
Riverbed_1080p25,27,medium,21634.20,39.9783,42.6067,44.2853
Riverbed_1080p25,32,medium,12241.80,37.4579,40.8276,42.5679
Riverbed_1080p25,37,medium,7030.00,34.8489,39.5623,41.4975
Riverbed_1080p25,22,slow,34210.80,42.1256,44.5810,46.3631
Riverbed_1080p25,27,slow,18943.80,39.7003,42.1305,43.8026
Riverbed_1080p25,32,slow,10834.40,37.1706,40.3080,42.1089
Riverbed_1080p25,37,slow,6080.20,34.4558,39.0623,41.1980
Riverbed_1080p25,22,slower,34191.00,42.1331,44.5779,46.3605
Riverbed_1080p25,27,slower,18925.00,39.7064,42.1236,43.7966
Riverbed_1080p25,32,slower,10786.60,37.1777,40.3088,42.1128
Riverbed_1080p25,37,slower,6057.60,34.4665,39.0696,41.2007
Riverbed_1080p25,22,veryslow,34191.60,42.1331,44.5779,46.3605
Riverbed_1080p25,27,veryslow,18925.60,39.7064,42.1236,43.7966
Riverbed_1080p25,32,veryslow,10787.20,37.1777,40.3088,42.1128
Riverbed_1080p25,37,veryslow,6058.20,34.4665,39.0696,41.2007
Riverbed_1080p25,22,placebo,34161.00,42.1318,44.5788,46.3601
Riverbed_1080p25,27,placebo,18918.00,39.7053,42.1300,43.8004
Riverbed_1080p25,32,placebo,10809.40,37.1761,40.3110,42.1157
Riverbed_1080p25,37,placebo,6073.20,34.4657,39.0719,41.2025
Skater227_2k,22,ultrafast,6967.92,48.6031,54.3226,54.6473
Skater227_2k,27,ultrafast,4262.16,46.9562,52.2016,52.6432
Skater227_2k,32,ultrafast,2764.32,45.0091,49.9558,50.4365
Skater227_2k,37,ultrafast,1925.28,42.8348,47.7153,48.1032
Skater227_2k,22,superfast,6846.72,48.7395,54.2522,54.5523
Skater227_2k,27,superfast,4194.24,47.0775,52.1387,52.5425
Skater227_2k,32,superfast,2736.24,45.1172,49.9263,50.3819
Skater227_2k,37,superfast,1927.68,42.9129,47.7317,48.0798
Skater227_2k,22,veryfast,6834.24,48.8504,54.3106,54.6092
Skater227_2k,27,veryfast,4176.24,47.1550,52.1430,52.5445
Skater227_2k,32,veryfast,2719.68,45.1463,49.9123,50.3733
Skater227_2k,37,veryfast,1899.36,42.9026,47.7102,48.0660
Skater227_2k,22,faster,6834.24,48.8504,54.3106,54.6092
Skater227_2k,27,faster,4176.24,47.1550,52.1430,52.5445
Skater227_2k,32,faster,2719.68,45.1463,49.9123,50.3733
Skater227_2k,37,faster,1899.36,42.9026,47.7102,48.0660
Skater227_2k,22,fast,6834.96,48.8504,54.3106,54.6092
Skater227_2k,27,fast,4176.96,47.1550,52.1430,52.5445
Skater227_2k,32,fast,2720.40,45.1463,49.9123,50.3733
Skater227_2k,37,fast,1900.08,42.9026,47.7102,48.0660
Skater227_2k,22,medium,6813.60,48.8610,54.3298,54.6314
Skater227_2k,27,medium,4164.96,47.1679,52.1293,52.5336
Skater227_2k,32,medium,2699.76,45.1568,49.9099,50.3538
Skater227_2k,37,medium,1882.08,42.9130,47.7024,48.0632
Skater227_2k,22,slow,6146.16,48.6614,54.0695,54.3990
Skater227_2k,27,slow,3788.16,46.8864,51.8408,52.2935
Skater227_2k,32,slow,2519.28,44.8511,49.1417,49.5778
Skater227_2k,37,slow,1755.84,42.5779,47.1877,47.6659
Skater227_2k,22,slower,6147.12,48.6746,54.0748,54.4013
Skater227_2k,27,slower,3772.80,46.8990,51.8432,52.2958
Skater227_2k,32,slower,2485.44,44.8715,49.1574,49.6174
Skater227_2k,37,slower,1765.44,42.6065,47.2105,47.6969
Skater227_2k,22,veryslow,6147.84,48.6746,54.0748,54.4013
Skater227_2k,27,veryslow,3773.52,46.8990,51.8432,52.2958
Skater227_2k,32,veryslow,2486.16,44.8715,49.1574,49.6174
Skater227_2k,37,veryslow,1766.16,42.6065,47.2105,47.6969
Skater227_2k,22,placebo,6141.36,48.6763,54.0689,54.3979
Skater227_2k,27,placebo,3775.92,46.9013,51.8392,52.3010
Skater227_2k,32,placebo,2497.92,44.8692,49.1601,49.6004
Skater227_2k,37,placebo,1773.12,42.6035,47.2066,47.6951
TunnelFlag_2k,22,ultrafast,103861.71,42.6178,45.2958,46.6143
TunnelFlag_2k,27,ultrafast,63257.44,39.6182,42.6761,44.1795
TunnelFlag_2k,32,ultrafast,37366.35,36.5524,40.5717,42.0952
TunnelFlag_2k,37,ultrafast,22200.52,33.6861,39.1013,40.5538
TunnelFlag_2k,22,superfast,94793.18,42.8212,45.3901,46.6641
TunnelFlag_2k,27,superfast,55857.90,39.8017,42.6064,44.0353
TunnelFlag_2k,32,superfast,32231.94,36.8497,40.3066,41.7484
TunnelFlag_2k,37,superfast,19190.58,34.0920,38.7330,40.1178
TunnelFlag_2k,22,veryfast,94761.55,42.9019,45.4902,46.8126
TunnelFlag_2k,27,veryfast,55634.64,39.9198,42.6934,44.1493
TunnelFlag_2k,32,veryfast,32130.93,36.9767,40.3771,41.8244
TunnelFlag_2k,37,veryfast,19135.83,34.2001,38.7611,40.1359
TunnelFlag_2k,22,faster,94761.55,42.9019,45.4902,46.8126
TunnelFlag_2k,27,faster,55634.64,39.9198,42.6934,44.1493
TunnelFlag_2k,32,faster,32130.93,36.9767,40.3771,41.8244
TunnelFlag_2k,37,faster,19135.83,34.2001,38.7611,40.1359
TunnelFlag_2k,22,fast,94762.98,42.9019,45.4902,46.8126
TunnelFlag_2k,27,fast,55636.06,39.9198,42.6934,44.1493
TunnelFlag_2k,32,fast,32132.35,36.9767,40.3771,41.8244
TunnelFlag_2k,37,fast,19137.24,34.2001,38.7611,40.1359
TunnelFlag_2k,22,medium,94799.31,42.9041,45.4882,46.8117
TunnelFlag_2k,27,medium,55640.30,39.9205,42.6901,44.1452
TunnelFlag_2k,32,medium,32168.22,36.9687,40.3596,41.8106
TunnelFlag_2k,37,medium,19088.62,34.2004,38.7457,40.1160
TunnelFlag_2k,22,slow,85961.59,42.5914,44.9080,46.3493
TunnelFlag_2k,27,slow,49252.73,39.4958,41.9651,43.6026
TunnelFlag_2k,32,slow,28112.32,36.5609,39.6230,41.2852
TunnelFlag_2k,37,slow,16864.56,33.7509,38.1472,39.5942
TunnelFlag_2k,22,slower,85631.66,42.5857,44.9088,46.3541
TunnelFlag_2k,27,slower,48904.39,39.4912,41.9865,43.6276
TunnelFlag_2k,32,slower,27878.21,36.5663,39.6796,41.3425
TunnelFlag_2k,37,slower,16734.29,33.7713,38.2134,39.6651
TunnelFlag_2k,22,veryslow,85633.08,42.5857,44.9088,46.3541
TunnelFlag_2k,27,veryslow,48905.81,39.4912,41.9865,43.6276
TunnelFlag_2k,32,veryslow,27879.62,36.5663,39.6796,41.3425
TunnelFlag_2k,37,veryslow,16735.71,33.7713,38.2134,39.6651
TunnelFlag_2k,22,placebo,85841.70,42.5922,44.9163,46.3654
TunnelFlag_2k,27,placebo,48971.42,39.4962,41.9876,43.6340
TunnelFlag_2k,32,placebo,27843.75,36.5658,39.6691,41.3338
TunnelFlag_2k,37,placebo,16906.10,33.7619,38.1870,39.6428
Vertical_bees_2k,22,ultrafast,32654.70,45.5759,48.2399,49.0610
Vertical_bees_2k,27,ultrafast,20731.75,42.6501,45.6034,46.6344
Vertical_bees_2k,32,ultrafast,13032.60,39.4816,43.1197,44.4136
Vertical_bees_2k,37,ultrafast,8187.74,36.3519,41.0188,42.5890
Vertical_bees_2k,22,superfast,30925.14,45.9972,48.0817,49.1396
Vertical_bees_2k,27,superfast,19434.87,43.0581,45.2952,46.6394
Vertical_bees_2k,32,superfast,12266.07,39.9351,42.6575,44.2956
Vertical_bees_2k,37,superfast,7805.87,36.7885,40.5288,42.4279
Vertical_bees_2k,22,veryfast,30900.54,46.0846,48.1617,49.2522
Vertical_bees_2k,27,veryfast,19420.72,43.1744,45.3607,46.7564
Vertical_bees_2k,32,veryfast,12219.90,40.0464,42.7021,44.3813
Vertical_bees_2k,37,veryfast,7728.15,36.8736,40.5393,42.4722
Vertical_bees_2k,22,faster,30900.54,46.0846,48.1617,49.2522
Vertical_bees_2k,27,faster,19420.72,43.1744,45.3607,46.7564
Vertical_bees_2k,32,faster,12219.90,40.0464,42.7021,44.3813
Vertical_bees_2k,37,faster,7728.15,36.8736,40.5393,42.4722
Vertical_bees_2k,22,fast,30901.24,46.0846,48.1617,49.2522
Vertical_bees_2k,27,fast,19421.42,43.1744,45.3607,46.7564
Vertical_bees_2k,32,fast,12220.60,40.0464,42.7021,44.3813
Vertical_bees_2k,37,fast,7728.85,36.8736,40.5393,42.4722
Vertical_bees_2k,22,medium,30865.98,46.0967,48.1564,49.2531
Vertical_bees_2k,27,medium,19343.70,43.1848,45.3572,46.7537
Vertical_bees_2k,32,medium,12178.14,40.0559,42.6886,44.3745
Vertical_bees_2k,37,medium,7699.15,36.8817,40.5316,42.4663
Vertical_bees_2k,22,slow,28804.66,45.9362,47.9210,49.0577
Vertical_bees_2k,27,slow,18049.14,42.9414,45.0214,46.4965
Vertical_bees_2k,32,slow,11272.65,39.7479,42.2130,44.0321
Vertical_bees_2k,37,slow,7028.67,36.4683,39.9765,42.0673
Vertical_bees_2k,22,slower,28726.24,45.9471,47.9094,49.0510
Vertical_bees_2k,27,slower,17988.12,42.9485,45.0246,46.5062
Vertical_bees_2k,32,slower,11275.20,39.7572,42.2300,44.0667
Vertical_bees_2k,37,slower,6995.50,36.4890,40.0122,42.0946
Vertical_bees_2k,22,veryslow,28726.94,45.9471,47.9094,49.0510
Vertical_bees_2k,27,veryslow,17988.82,42.9485,45.0246,46.5062
Vertical_bees_2k,32,veryslow,11275.90,39.7572,42.2300,44.0667
Vertical_bees_2k,37,veryslow,6996.19,36.4890,40.0122,42.0946
Vertical_bees_2k,22,placebo,28815.33,45.9524,47.9175,49.0666
Vertical_bees_2k,27,placebo,17977.91,42.9589,45.0251,46.5637
Vertical_bees_2k,32,placebo,11303.74,39.7635,42.2396,44.1003
Vertical_bees_2k,37,placebo,6998.98,36.4842,40.0075,42.1046
Vertical_Carnaby_2k,22,ultrafast,27704.51,47.8137,50.5519,50.5356
Vertical_Carnaby_2k,27,ultrafast,16535.58,45.3808,48.0180,47.9968
Vertical_Carnaby_2k,32,ultrafast,10579.88,42.8702,45.7281,45.6943
Vertical_Carnaby_2k,37,ultrafast,7161.66,40.2216,43.9146,43.8419
Vertical_Carnaby_2k,22,superfast,27251.87,48.2010,50.5004,50.4639
Vertical_Carnaby_2k,27,superfast,16085.76,45.6184,47.9333,47.9018
Vertical_Carnaby_2k,32,superfast,10346.71,43.0655,45.6071,45.5671
Vertical_Carnaby_2k,37,superfast,7114.93,40.3789,43.8091,43.7169
Vertical_Carnaby_2k,22,veryfast,27299.54,48.3134,50.5534,50.5155
Vertical_Carnaby_2k,27,veryfast,16102.28,45.7095,47.9543,47.9195
Vertical_Carnaby_2k,32,veryfast,10279.69,43.1324,45.6158,45.5743
Vertical_Carnaby_2k,37,veryfast,7047.43,40.4044,43.7953,43.7137
Vertical_Carnaby_2k,22,faster,27299.54,48.3134,50.5534,50.5155
Vertical_Carnaby_2k,27,faster,16102.28,45.7095,47.9543,47.9195
Vertical_Carnaby_2k,32,faster,10279.69,43.1324,45.6158,45.5743
Vertical_Carnaby_2k,37,faster,7047.43,40.4044,43.7953,43.7137
Vertical_Carnaby_2k,22,fast,27300.95,48.3134,50.5534,50.5155
Vertical_Carnaby_2k,27,fast,16103.70,45.7095,47.9543,47.9195
Vertical_Carnaby_2k,32,fast,10281.10,43.1324,45.6158,45.5743
Vertical_Carnaby_2k,37,fast,7048.85,40.4044,43.7953,43.7137
Vertical_Carnaby_2k,22,medium,27262.72,48.3310,50.5825,50.5450
Vertical_Carnaby_2k,27,medium,16088.59,45.7232,47.9704,47.9292
Vertical_Carnaby_2k,32,medium,10242.87,43.1402,45.6290,45.5878
Vertical_Carnaby_2k,37,medium,7022.89,40.4129,43.8110,43.7314
Vertical_Carnaby_2k,22,slow,24763.48,48.0524,50.3421,50.3097
Vertical_Carnaby_2k,27,slow,14568.28,45.4414,47.6517,47.6143
Vertical_Carnaby_2k,32,slow,9452.27,42.8685,45.2579,45.1925
Vertical_Carnaby_2k,37,slow,6505.58,40.0798,43.3931,43.3021
Vertical_Carnaby_2k,22,slower,24783.78,48.0794,50.3335,50.2995
Vertical_Carnaby_2k,27,slower,14594.24,45.4738,47.6458,47.6067
Vertical_Carnaby_2k,32,slower,9456.99,42.8935,45.2663,45.2025
Vertical_Carnaby_2k,37,slower,6519.26,40.1100,43.3920,43.3035
Vertical_Carnaby_2k,22,veryslow,24785.19,48.0794,50.3335,50.2995
Vertical_Carnaby_2k,27,veryslow,14595.66,45.4738,47.6458,47.6067
Vertical_Carnaby_2k,32,veryslow,9458.41,42.8935,45.2663,45.2025
Vertical_Carnaby_2k,37,veryslow,6520.68,40.1100,43.3920,43.3035
Vertical_Carnaby_2k,22,placebo,24761.12,48.0757,50.3342,50.2971
Vertical_Carnaby_2k,27,placebo,14603.21,45.4716,47.6492,47.6105
Vertical_Carnaby_2k,32,placebo,9446.61,42.8856,45.2737,45.2076
Vertical_Carnaby_2k,37,placebo,6524.46,40.1037,43.4164,43.3141
WalkingInStreet_2k,22,ultrafast,204411.38,39.8133,41.3084,41.6718
WalkingInStreet_2k,27,ultrafast,135877.92,35.4853,37.6535,38.6975
WalkingInStreet_2k,32,ultrafast,83876.41,31.5385,35.0466,36.8595
WalkingInStreet_2k,37,ultrafast,49421.76,28.0957,33.1728,35.6561
WalkingInStreet_2k,22,superfast,195198.48,40.5902,41.5017,41.7976
WalkingInStreet_2k,27,superfast,129028.08,35.9324,37.5665,38.3145
WalkingInStreet_2k,32,superfast,80211.37,31.8519,34.7871,36.0480
WalkingInStreet_2k,37,superfast,47727.12,28.3054,32.9380,34.9418
WalkingInStreet_2k,22,veryfast,194986.81,40.7694,41.7104,41.9141
WalkingInStreet_2k,27,veryfast,128732.41,36.1618,37.7555,38.4461
WalkingInStreet_2k,32,veryfast,79946.65,32.0507,34.9043,36.1224
WalkingInStreet_2k,37,veryfast,47351.04,28.4704,32.8711,34.6462
WalkingInStreet_2k,22,faster,194986.81,40.7694,41.7104,41.9141
WalkingInStreet_2k,27,faster,128732.41,36.1618,37.7555,38.4461
WalkingInStreet_2k,32,faster,79946.65,32.0507,34.9043,36.1224
WalkingInStreet_2k,37,faster,47351.04,28.4704,32.8711,34.6462
WalkingInStreet_2k,22,fast,194987.53,40.7694,41.7104,41.9141
WalkingInStreet_2k,27,fast,128733.12,36.1618,37.7555,38.4461
WalkingInStreet_2k,32,fast,79947.36,32.0507,34.9043,36.1224
WalkingInStreet_2k,37,fast,47351.76,28.4704,32.8711,34.6462
WalkingInStreet_2k,22,medium,194999.77,40.7731,41.7092,41.9104
WalkingInStreet_2k,27,medium,128654.88,36.1647,37.7455,38.4381
WalkingInStreet_2k,32,medium,79806.24,32.0505,34.8855,36.0924
WalkingInStreet_2k,37,medium,47235.12,28.4652,32.8466,34.5958
WalkingInStreet_2k,22,slow,188895.84,40.8814,41.5083,41.5087
WalkingInStreet_2k,27,slow,119862.72,35.8992,37.4376,37.9137
WalkingInStreet_2k,32,slow,73108.08,31.7615,34.5128,35.5557
WalkingInStreet_2k,37,slow,41282.64,28.1026,32.3995,34.2574
WalkingInStreet_2k,22,slower,187207.20,40.8458,41.5479,41.5759
WalkingInStreet_2k,27,slower,118199.77,35.8732,37.4340,38.0089
WalkingInStreet_2k,32,slower,71631.61,31.7282,34.5133,35.5651
WalkingInStreet_2k,37,slower,40637.28,28.0867,32.3971,34.0460
WalkingInStreet_2k,22,veryslow,187207.92,40.8458,41.5479,41.5759
WalkingInStreet_2k,27,veryslow,118200.48,35.8732,37.4340,38.0089
WalkingInStreet_2k,32,veryslow,71632.33,31.7282,34.5133,35.5651
WalkingInStreet_2k,37,veryslow,40638.00,28.0867,32.3971,34.0460
WalkingInStreet_2k,22,placebo,188027.77,40.8626,41.6532,41.6920
WalkingInStreet_2k,27,placebo,118675.45,35.8803,37.5067,38.1315
WalkingInStreet_2k,32,placebo,71993.28,31.7606,34.5667,35.6521
WalkingInStreet_2k,37,placebo,40846.56,28.1142,32.4424,34.1365
WorldCup_2k,22,ultrafast,21360.00,46.4777,50.8160,50.8556
WorldCup_2k,27,ultrafast,12972.00,43.7136,48.3669,48.4983
WorldCup_2k,32,ultrafast,8025.12,40.7689,46.2280,46.4573
WorldCup_2k,37,ultrafast,5027.28,37.8490,44.4211,44.7104
WorldCup_2k,22,superfast,18504.72,47.2245,50.6832,50.7444
WorldCup_2k,27,superfast,11193.84,44.5307,48.0142,48.2174
WorldCup_2k,32,superfast,7065.60,41.6519,45.8169,46.1087
WorldCup_2k,37,superfast,4553.76,38.6796,44.0422,44.3665
WorldCup_2k,22,veryfast,18438.96,47.3276,50.7762,50.8283
WorldCup_2k,27,veryfast,11198.64,44.6405,48.1017,48.2954
WorldCup_2k,32,veryfast,7059.84,41.7434,45.8597,46.1600
WorldCup_2k,37,veryfast,4541.28,38.7263,44.0798,44.4069
WorldCup_2k,22,faster,18438.96,47.3276,50.7762,50.8283
WorldCup_2k,27,faster,11198.64,44.6405,48.1017,48.2954
WorldCup_2k,32,faster,7059.84,41.7434,45.8597,46.1600
WorldCup_2k,37,faster,4541.28,38.7263,44.0798,44.4069
WorldCup_2k,22,fast,18439.68,47.3276,50.7762,50.8283
WorldCup_2k,27,fast,11199.36,44.6405,48.1017,48.2954
WorldCup_2k,32,fast,7060.56,41.7434,45.8597,46.1600
WorldCup_2k,37,fast,4542.00,38.7263,44.0798,44.4069
WorldCup_2k,22,medium,18453.84,47.3357,50.7897,50.8440
WorldCup_2k,27,medium,11183.28,44.6474,48.0852,48.2847
WorldCup_2k,32,medium,7034.40,41.7477,45.8295,46.1358
WorldCup_2k,37,medium,4535.52,38.7254,44.0619,44.3829
WorldCup_2k,22,slow,16860.72,47.0807,50.4715,50.5630
WorldCup_2k,27,slow,10258.08,44.3161,47.7009,47.9606
WorldCup_2k,32,slow,6439.68,41.3318,45.2846,45.6243
WorldCup_2k,37,slow,4119.36,38.2119,43.5146,43.8585
WorldCup_2k,22,slower,16732.80,47.0954,50.4863,50.5774
WorldCup_2k,27,slower,10201.92,44.3352,47.7292,47.9869
WorldCup_2k,32,slower,6439.68,41.3585,45.3289,45.6710
WorldCup_2k,37,slower,4080.48,38.2492,43.5724,43.9124
WorldCup_2k,22,veryslow,16733.52,47.0954,50.4863,50.5774
WorldCup_2k,27,veryslow,10202.64,44.3352,47.7292,47.9869
WorldCup_2k,32,veryslow,6440.40,41.3585,45.3289,45.6710
WorldCup_2k,37,veryslow,4081.20,38.2492,43.5724,43.9124
WorldCup_2k,22,placebo,16778.16,47.0982,50.4880,50.5808
WorldCup_2k,27,placebo,10243.92,44.3343,47.7321,47.9902
WorldCup_2k,32,placebo,6456.48,41.3540,45.3258,45.6739
WorldCup_2k,37,placebo,4096.32,38.2314,43.5485,43.9153
WorldCup_far_2k,22,ultrafast,70449.84,43.2193,44.7820,47.0979
WorldCup_far_2k,27,ultrafast,43162.56,39.8430,41.6992,44.4166
WorldCup_far_2k,32,ultrafast,25782.00,36.4987,39.3232,42.1777
WorldCup_far_2k,37,ultrafast,15182.16,33.3528,37.5146,40.3835
WorldCup_far_2k,22,superfast,64486.09,43.9319,45.0854,47.1288
WorldCup_far_2k,27,superfast,38653.45,40.4921,41.7831,44.1988
WorldCup_far_2k,32,superfast,23444.64,37.1377,39.1861,41.8010
WorldCup_far_2k,37,superfast,14110.08,33.9028,37.2692,39.9476
WorldCup_far_2k,22,veryfast,64570.09,43.9802,45.1457,47.2488
WorldCup_far_2k,27,veryfast,38633.52,40.5717,41.8606,44.3239
WorldCup_far_2k,32,veryfast,23442.00,37.2176,39.2427,41.8920
WorldCup_far_2k,37,veryfast,14089.20,33.9600,37.2888,39.9837
WorldCup_far_2k,22,faster,64570.09,43.9802,45.1457,47.2488
WorldCup_far_2k,27,faster,38633.52,40.5717,41.8606,44.3239
WorldCup_far_2k,32,faster,23442.00,37.2176,39.2427,41.8920
WorldCup_far_2k,37,faster,14089.20,33.9600,37.2888,39.9837
WorldCup_far_2k,22,fast,64570.80,43.9802,45.1457,47.2488
WorldCup_far_2k,27,fast,38634.24,40.5717,41.8606,44.3239
WorldCup_far_2k,32,fast,23442.72,37.2176,39.2427,41.8920
WorldCup_far_2k,37,fast,14089.92,33.9600,37.2888,39.9837
WorldCup_far_2k,22,medium,64486.56,43.9905,45.1401,47.2420
WorldCup_far_2k,27,medium,38588.16,40.5797,41.8518,44.3065
WorldCup_far_2k,32,medium,23376.24,37.2243,39.2299,41.8717
WorldCup_far_2k,37,medium,14126.40,33.9660,37.2794,39.9659
WorldCup_far_2k,22,slow,59593.45,43.7680,44.7392,47.0069
WorldCup_far_2k,27,slow,35601.12,40.2803,41.2278,43.9971
WorldCup_far_2k,32,slow,21179.04,36.8428,38.4928,41.5044
WorldCup_far_2k,37,slow,12384.72,33.4571,36.5321,39.5800
WorldCup_far_2k,22,slower,59282.64,43.7703,44.7459,47.0236
WorldCup_far_2k,27,slower,35412.48,40.2836,41.2515,44.0162
WorldCup_far_2k,32,slower,21111.84,36.8522,38.5270,41.5322
WorldCup_far_2k,37,slower,12370.56,33.4741,36.5774,39.6243
WorldCup_far_2k,22,veryslow,59283.36,43.7703,44.7459,47.0236
WorldCup_far_2k,27,veryslow,35413.20,40.2836,41.2515,44.0162
WorldCup_far_2k,32,veryslow,21112.56,36.8522,38.5270,41.5322
WorldCup_far_2k,37,veryslow,12371.28,33.4741,36.5774,39.6243
WorldCup_far_2k,22,placebo,59423.52,43.7774,44.7538,47.0333
WorldCup_far_2k,27,placebo,35479.20,40.2916,41.2582,44.0219
WorldCup_far_2k,32,placebo,21099.60,36.8542,38.5300,41.5378
WorldCup_far_2k,37,placebo,12422.16,33.4705,36.5736,39.6245
ControlledBurn_720p,22,ultrafast,40359.36,43.2998,48.2714,47.5339
ControlledBurn_720p,27,ultrafast,26395.20,40.0630,46.0320,45.1283
ControlledBurn_720p,32,ultrafast,15965.28,36.8448,43.9813,43.0451
ControlledBurn_720p,37,ultrafast,8905.20,33.8373,42.3446,41.4069
ControlledBurn_720p,22,superfast,38343.60,43.6814,48.1674,47.4440
ControlledBurn_720p,27,superfast,25040.16,40.4176,45.7481,44.8947
ControlledBurn_720p,32,superfast,15309.84,37.1892,43.5704,42.7023
ControlledBurn_720p,37,superfast,8679.84,34.1265,41.9071,41.0422
ControlledBurn_720p,22,veryfast,38353.92,43.7219,48.2252,47.4886
ControlledBurn_720p,27,veryfast,25033.44,40.4699,45.7958,44.9369
ControlledBurn_720p,32,veryfast,15317.76,37.2410,43.6064,42.7285
ControlledBurn_720p,37,veryfast,8688.48,34.1671,41.9432,41.0590
ControlledBurn_720p,22,faster,38353.92,43.7219,48.2252,47.4886
ControlledBurn_720p,27,faster,25033.44,40.4699,45.7958,44.9369
ControlledBurn_720p,32,faster,15317.76,37.2410,43.6064,42.7285
ControlledBurn_720p,37,faster,8688.48,34.1671,41.9432,41.0590
ControlledBurn_720p,22,fast,38354.64,43.7219,48.2252,47.4886
ControlledBurn_720p,27,fast,25034.16,40.4699,45.7958,44.9369
ControlledBurn_720p,32,fast,15318.48,37.2410,43.6064,42.7285
ControlledBurn_720p,37,fast,8689.20,34.1671,41.9432,41.0590
ControlledBurn_720p,22,medium,38314.08,43.7331,48.2197,47.4861
ControlledBurn_720p,27,medium,25041.60,40.4783,45.7930,44.9354
ControlledBurn_720p,32,medium,15301.68,37.2493,43.5987,42.7210
ControlledBurn_720p,37,medium,8692.32,34.1756,41.9333,41.0562
ControlledBurn_720p,22,slow,36733.44,43.5921,47.9489,47.1397
ControlledBurn_720p,27,slow,23717.76,40.2715,45.4661,44.5186
ControlledBurn_720p,32,slow,14177.52,36.9659,43.2661,42.3059
ControlledBurn_720p,37,slow,7674.48,33.7699,41.6135,40.6552
ControlledBurn_720p,22,slower,36721.68,43.6026,47.9595,47.1449
ControlledBurn_720p,27,slower,23655.84,40.2814,45.4811,44.5318
ControlledBurn_720p,32,slower,14136.48,36.9786,43.2875,42.3323
ControlledBurn_720p,37,slower,7665.84,33.7876,41.6571,40.7035
ControlledBurn_720p,22,veryslow,36722.40,43.6026,47.9595,47.1449
ControlledBurn_720p,27,veryslow,23656.56,40.2814,45.4811,44.5318
ControlledBurn_720p,32,veryslow,14137.20,36.9786,43.2875,42.3323
ControlledBurn_720p,37,veryslow,7666.56,33.7876,41.6571,40.7035
ControlledBurn_720p,22,placebo,36713.04,43.6044,47.9572,47.1440
ControlledBurn_720p,27,placebo,23629.44,40.2843,45.4828,44.5357
ControlledBurn_720p,32,placebo,14178.72,36.9793,43.3021,42.3391
ControlledBurn_720p,37,placebo,7647.12,33.7818,41.6676,40.7051
DrivingPOV_720p,22,ultrafast,78445.93,41.4141,44.5028,43.6689
DrivingPOV_720p,27,ultrafast,46253.17,37.6351,42.0535,41.8892
DrivingPOV_720p,32,ultrafast,25489.42,34.2092,40.2189,40.6547
DrivingPOV_720p,37,ultrafast,13430.29,31.3203,38.8434,39.6605
DrivingPOV_720p,22,superfast,71911.56,42.1710,44.6099,43.7505
DrivingPOV_720p,27,superfast,42388.91,38.3277,41.9503,41.7707
DrivingPOV_720p,32,superfast,23837.89,34.8473,39.8826,40.3310
DrivingPOV_720p,37,superfast,12895.51,31.8101,38.4204,39.2364
DrivingPOV_720p,22,veryfast,71982.84,42.2211,44.6807,43.7983
DrivingPOV_720p,27,veryfast,42438.46,38.4103,42.0321,41.8380
DrivingPOV_720p,32,veryfast,23831.75,34.9366,39.9771,40.4160
DrivingPOV_720p,37,veryfast,12875.22,31.8822,38.4750,39.3180
DrivingPOV_720p,22,faster,71982.84,42.2211,44.6807,43.7983
DrivingPOV_720p,27,faster,42438.46,38.4103,42.0321,41.8380
DrivingPOV_720p,32,faster,23831.75,34.9366,39.9771,40.4160
DrivingPOV_720p,37,faster,12875.22,31.8822,38.4750,39.3180
DrivingPOV_720p,22,fast,71984.25,42.2211,44.6807,43.7983
DrivingPOV_720p,27,fast,42439.88,38.4103,42.0321,41.8380
DrivingPOV_720p,32,fast,23833.17,34.9366,39.9771,40.4160
DrivingPOV_720p,37,fast,12876.63,31.8822,38.4750,39.3180
DrivingPOV_720p,22,medium,72072.52,42.2357,44.6739,43.7964
DrivingPOV_720p,27,medium,42517.29,38.4209,42.0275,41.8312
DrivingPOV_720p,32,medium,23819.01,34.9455,39.9540,40.4015
DrivingPOV_720p,37,medium,12906.84,31.8885,38.4602,39.2912
DrivingPOV_720p,22,slow,67215.16,42.0304,44.2640,43.3506
DrivingPOV_720p,27,slow,38835.69,38.1026,41.5202,41.5339
DrivingPOV_720p,32,slow,21358.00,34.5416,39.4188,40.1265
DrivingPOV_720p,37,slow,11084.92,31.3905,37.9315,38.9957
DrivingPOV_720p,22,slower,67004.18,42.0341,44.2783,43.3635
DrivingPOV_720p,27,slower,38658.69,38.1059,41.5486,41.5555
DrivingPOV_720p,32,slower,21291.45,34.5519,39.4597,40.1509
DrivingPOV_720p,37,slower,10975.42,31.4065,37.9767,39.0324
DrivingPOV_720p,22,veryslow,67005.60,42.0341,44.2783,43.3635
DrivingPOV_720p,27,veryslow,38660.11,38.1059,41.5486,41.5555
DrivingPOV_720p,32,veryslow,21292.87,34.5519,39.4597,40.1509
DrivingPOV_720p,37,veryslow,10976.83,31.4065,37.9767,39.0324
DrivingPOV_720p,22,placebo,67154.75,42.0475,44.2902,43.3800
DrivingPOV_720p,27,placebo,38768.19,38.1190,41.5562,41.5656
DrivingPOV_720p,32,placebo,21260.77,34.5543,39.4635,40.1559
DrivingPOV_720p,37,placebo,11016.48,31.4020,37.9609,39.0315
Johnny_720p,22,ultrafast,25865.28,43.8872,48.1936,48.6971
Johnny_720p,27,ultrafast,14844.48,41.5826,46.5364,47.1211
Johnny_720p,32,ultrafast,8968.32,39.0976,44.6883,45.2624
Johnny_720p,37,ultrafast,5592.48,36.5595,43.0919,43.5193
Johnny_720p,22,superfast,22884.00,44.1543,48.1101,48.5686
Johnny_720p,27,superfast,12936.48,41.9683,46.2718,46.7778
Johnny_720p,32,superfast,7944.96,39.6395,44.2932,44.7657
Johnny_720p,37,superfast,5141.28,37.1175,42.6257,43.0542
Johnny_720p,22,veryfast,22848.00,44.1885,48.1814,48.6744
Johnny_720p,27,veryfast,12924.48,42.0213,46.3598,46.8715
Johnny_720p,32,veryfast,7919.04,39.7061,44.3963,44.8508
Johnny_720p,37,veryfast,5131.20,37.1672,42.7467,43.1579
Johnny_720p,22,faster,22848.00,44.1885,48.1814,48.6744
Johnny_720p,27,faster,12924.48,42.0213,46.3598,46.8715
Johnny_720p,32,faster,7919.04,39.7061,44.3963,44.8508
Johnny_720p,37,faster,5131.20,37.1672,42.7467,43.1579
Johnny_720p,22,fast,22849.44,44.1885,48.1814,48.6744
Johnny_720p,27,fast,12925.92,42.0213,46.3598,46.8715
Johnny_720p,32,fast,7920.48,39.7061,44.3963,44.8508
Johnny_720p,37,fast,5132.64,37.1672,42.7467,43.1579
Johnny_720p,22,medium,22787.04,44.1926,48.1816,48.6759
Johnny_720p,27,medium,12910.56,42.0264,46.3580,46.8632
Johnny_720p,32,medium,7848.00,39.7114,44.3840,44.8380
Johnny_720p,37,medium,5125.44,37.1737,42.7211,43.1579
Johnny_720p,22,slow,19949.28,43.9349,47.9476,48.4653
Johnny_720p,27,slow,11536.80,41.7279,45.9749,46.4990
Johnny_720p,32,slow,7127.52,39.3490,43.9092,44.3722
Johnny_720p,37,slow,4583.52,36.6710,42.1056,42.5120
Johnny_720p,22,slower,19801.92,43.9345,47.9533,48.4813
Johnny_720p,27,slower,11459.52,41.7302,46.0070,46.5364
Johnny_720p,32,slower,7064.64,39.3607,43.9480,44.4458
Johnny_720p,37,slower,4531.68,36.7042,42.1771,42.5731
Johnny_720p,22,veryslow,19803.36,43.9345,47.9533,48.4813
Johnny_720p,27,veryslow,11460.96,41.7302,46.0070,46.5364
Johnny_720p,32,veryslow,7066.08,39.3607,43.9480,44.4458
Johnny_720p,37,veryslow,4533.12,36.7042,42.1771,42.5731
Johnny_720p,22,placebo,19790.40,43.9398,47.9607,48.4802
Johnny_720p,27,placebo,11511.84,41.7359,46.0140,46.5337
Johnny_720p,32,placebo,7132.32,39.3615,43.9460,44.4373
Johnny_720p,37,placebo,4559.52,36.6875,42.1516,42.5634
KristenAndSara_720p,22,ultrafast,29522.40,44.0900,47.5931,48.3138
KristenAndSara_720p,27,ultrafast,18031.20,41.5582,45.6681,46.5077
KristenAndSara_720p,32,ultrafast,11281.92,38.7621,43.7609,44.7051
KristenAndSara_720p,37,ultrafast,7184.16,35.8940,42.2404,43.1145
KristenAndSara_720p,22,superfast,25237.92,44.5016,47.5588,48.3083
KristenAndSara_720p,27,superfast,15261.60,42.1186,45.5217,46.3332
KristenAndSara_720p,32,superfast,9672.48,39.4464,43.4694,44.3114
KristenAndSara_720p,37,superfast,6368.64,36.5997,41.8247,42.6315
KristenAndSara_720p,22,veryfast,25220.64,44.5561,47.6448,48.4105
KristenAndSara_720p,27,veryfast,15273.60,42.1954,45.5937,46.4297
KristenAndSara_720p,32,veryfast,9657.60,39.5326,43.5514,44.4347
KristenAndSara_720p,37,veryfast,6324.48,36.6790,41.8937,42.7279
KristenAndSara_720p,22,faster,25220.64,44.5561,47.6448,48.4105
KristenAndSara_720p,27,faster,15273.60,42.1954,45.5937,46.4297
KristenAndSara_720p,32,faster,9657.60,39.5326,43.5514,44.4347
KristenAndSara_720p,37,faster,6324.48,36.6790,41.8937,42.7279
KristenAndSara_720p,22,fast,25222.08,44.5561,47.6448,48.4105
KristenAndSara_720p,27,fast,15275.04,42.1954,45.5937,46.4297
KristenAndSara_720p,32,fast,9659.04,39.5326,43.5514,44.4347
KristenAndSara_720p,37,fast,6325.92,36.6790,41.8937,42.7279
KristenAndSara_720p,22,medium,25196.64,44.5586,47.6435,48.4075
KristenAndSara_720p,27,medium,15186.72,42.2016,45.5868,46.4218
KristenAndSara_720p,32,medium,9616.80,39.5340,43.5410,44.4201
KristenAndSara_720p,37,medium,6322.56,36.6816,41.8732,42.7173
KristenAndSara_720p,22,slow,22478.88,44.3235,47.3754,48.1966
KristenAndSara_720p,27,slow,13930.08,41.9408,45.1781,46.1302
KristenAndSara_720p,32,slow,8874.72,39.2035,43.0573,44.0151
KristenAndSara_720p,37,slow,5743.68,36.2176,41.3786,42.2154
KristenAndSara_720p,22,slower,22341.60,44.3249,47.3861,48.1969
KristenAndSara_720p,27,slower,13848.00,41.9448,45.2179,46.1539
KristenAndSara_720p,32,slower,8831.04,39.2171,43.1023,44.0630
KristenAndSara_720p,37,slower,5707.68,36.2424,41.4304,42.2642
KristenAndSara_720p,22,veryslow,22343.04,44.3249,47.3861,48.1969
KristenAndSara_720p,27,veryslow,13849.44,41.9448,45.2179,46.1539
KristenAndSara_720p,32,veryslow,8832.48,39.2171,43.1023,44.0630
KristenAndSara_720p,37,veryslow,5709.12,36.2424,41.4304,42.2642
KristenAndSara_720p,22,placebo,22387.20,44.3304,47.3959,48.2281
KristenAndSara_720p,27,placebo,13922.40,41.9506,45.2481,46.2159
KristenAndSara_720p,32,placebo,8869.44,39.2203,43.0967,44.0645
KristenAndSara_720p,37,placebo,5779.20,36.2365,41.4206,42.2467
RollerCoaster_720p,22,ultrafast,39148.62,43.7477,44.9564,44.9664
RollerCoaster_720p,27,ultrafast,22883.03,40.5105,42.2489,42.7311
RollerCoaster_720p,32,ultrafast,13172.10,37.4384,40.0581,40.9849
RollerCoaster_720p,37,ultrafast,7834.73,34.6739,38.3295,39.6350
RollerCoaster_720p,22,superfast,36273.20,44.2011,45.1073,45.0971
RollerCoaster_720p,27,superfast,21242.83,40.9024,42.2866,42.7538
RollerCoaster_720p,32,superfast,12440.50,37.7858,39.9764,40.9263
RollerCoaster_720p,37,superfast,7501.97,34.9686,38.1910,39.5145
RollerCoaster_720p,22,veryfast,36344.00,44.2876,45.2146,45.1897
RollerCoaster_720p,27,veryfast,21329.68,41.0072,42.4108,42.8512
RollerCoaster_720p,32,veryfast,12407.94,37.8792,40.0646,40.9901
RollerCoaster_720p,37,veryfast,7502.44,35.0270,38.2316,39.5505
RollerCoaster_720p,22,faster,36344.00,44.2876,45.2146,45.1897
RollerCoaster_720p,27,faster,21329.68,41.0072,42.4108,42.8512
RollerCoaster_720p,32,faster,12407.94,37.8792,40.0646,40.9901
RollerCoaster_720p,37,faster,7502.44,35.0270,38.2316,39.5505
RollerCoaster_720p,22,fast,36345.42,44.2876,45.2146,45.1897
RollerCoaster_720p,27,fast,21331.10,41.0072,42.4108,42.8512
RollerCoaster_720p,32,fast,12409.35,37.8792,40.0646,40.9901
RollerCoaster_720p,37,fast,7503.86,35.0270,38.2316,39.5505
RollerCoaster_720p,22,medium,36328.43,44.2955,45.2094,45.1885
RollerCoaster_720p,27,medium,21268.32,41.0105,42.4019,42.8423
RollerCoaster_720p,32,medium,12380.56,37.8823,40.0530,40.9773
RollerCoaster_720p,37,medium,7490.64,35.0283,38.2216,39.5399
RollerCoaster_720p,22,slow,33171.21,44.0270,44.8218,44.7494
RollerCoaster_720p,27,slow,19048.03,40.6181,41.8666,42.4154
RollerCoaster_720p,32,slow,11099.08,37.4461,39.4018,40.5449
RollerCoaster_720p,37,slow,6667.47,34.5773,37.5026,39.1036
RollerCoaster_720p,22,slower,33011.21,44.0243,44.8330,44.7697
RollerCoaster_720p,27,slower,19016.88,40.6154,41.8826,42.4417
RollerCoaster_720p,32,slower,11013.18,37.4530,39.4298,40.5744
RollerCoaster_720p,37,slower,6644.34,34.5940,37.5325,39.1355
RollerCoaster_720p,22,veryslow,33012.62,44.0243,44.8330,44.7697
RollerCoaster_720p,27,veryslow,19018.30,40.6154,41.8826,42.4417
RollerCoaster_720p,32,veryslow,11014.59,37.4530,39.4298,40.5744
RollerCoaster_720p,37,veryslow,6645.76,34.5940,37.5325,39.1355
RollerCoaster_720p,22,placebo,33043.30,44.0323,44.8449,44.7761
RollerCoaster_720p,27,placebo,18973.93,40.6241,41.8951,42.4438
RollerCoaster_720p,32,placebo,11059.90,37.4558,39.4326,40.5740
RollerCoaster_720p,37,placebo,6650.48,34.5847,37.5192,39.1246
Vidyo3_720p,22,ultrafast,32609.76,44.1765,48.7108,48.3471
Vidyo3_720p,27,ultrafast,17432.16,41.5944,47.2336,46.2649
Vidyo3_720p,32,ultrafast,10568.64,38.6881,45.8009,44.2669
Vidyo3_720p,37,ultrafast,6581.76,35.6515,44.6243,42.7477
Vidyo3_720p,22,superfast,29442.24,44.6016,48.5730,48.2290
Vidyo3_720p,27,superfast,15363.36,42.1654,46.8943,45.9653
Vidyo3_720p,32,superfast,9598.08,39.3693,45.4677,43.9429
Vidyo3_720p,37,superfast,6240.96,36.3110,44.3601,42.4330
Vidyo3_720p,22,veryfast,29348.64,44.6407,48.6480,48.3051
Vidyo3_720p,27,veryfast,15317.28,42.2380,46.9508,46.0176
Vidyo3_720p,32,veryfast,9545.76,39.4851,45.5242,43.9588
Vidyo3_720p,37,veryfast,6243.84,36.4351,44.4641,42.4658
Vidyo3_720p,22,faster,29348.64,44.6407,48.6480,48.3051
Vidyo3_720p,27,faster,15317.28,42.2380,46.9508,46.0176
Vidyo3_720p,32,faster,9545.76,39.4851,45.5242,43.9588
Vidyo3_720p,37,faster,6243.84,36.4351,44.4641,42.4658
Vidyo3_720p,22,fast,29350.08,44.6407,48.6480,48.3051
Vidyo3_720p,27,fast,15318.72,42.2380,46.9508,46.0176
Vidyo3_720p,32,fast,9547.20,39.4851,45.5242,43.9588
Vidyo3_720p,37,fast,6245.28,36.4351,44.4641,42.4658
Vidyo3_720p,22,medium,29378.40,44.6438,48.6532,48.3030
Vidyo3_720p,27,medium,15325.92,42.2423,46.9347,46.0067
Vidyo3_720p,32,medium,9539.04,39.4880,45.5009,43.9394
Vidyo3_720p,37,medium,6194.88,36.4353,44.4135,42.4445
Vidyo3_720p,22,slow,23696.16,44.4090,48.3343,47.8829
Vidyo3_720p,27,slow,13667.52,41.9610,46.6244,45.4330
Vidyo3_720p,32,slow,8672.16,39.1368,45.1179,43.1801
Vidyo3_720p,37,slow,5617.92,35.9447,43.9208,41.8330
Vidyo3_720p,22,slower,23557.92,44.4140,48.3569,47.9103
Vidyo3_720p,27,slower,13643.04,41.9672,46.6315,45.4800
Vidyo3_720p,32,slower,8708.64,39.1496,45.1568,43.2411
Vidyo3_720p,37,slower,5588.16,35.9680,43.9426,41.8754
Vidyo3_720p,22,veryslow,23559.36,44.4140,48.3569,47.9103
Vidyo3_720p,27,veryslow,13644.48,41.9672,46.6315,45.4800
Vidyo3_720p,32,veryslow,8710.08,39.1496,45.1568,43.2411
Vidyo3_720p,37,veryslow,5589.60,35.9680,43.9426,41.8754
Vidyo3_720p,22,placebo,23635.68,44.4165,48.3603,47.9135
Vidyo3_720p,27,placebo,13676.64,41.9717,46.6422,45.4793
Vidyo3_720p,32,placebo,8711.04,39.1476,45.1563,43.2276
Vidyo3_720p,37,placebo,5609.28,35.9567,43.9753,41.8416
Vidyo4_720p,22,ultrafast,27105.60,44.0621,48.8134,49.0033
Vidyo4_720p,27,ultrafast,15590.40,41.3701,47.0980,47.2590
Vidyo4_720p,32,ultrafast,9233.76,38.6171,45.3464,45.3334
Vidyo4_720p,37,ultrafast,5661.60,35.9456,43.8232,43.7423
Vidyo4_720p,22,superfast,24728.16,44.4088,48.6309,48.8267
Vidyo4_720p,27,superfast,14133.12,41.7345,46.6956,46.8842
Vidyo4_720p,32,superfast,8398.08,39.0336,44.8790,44.8734
Vidyo4_720p,37,superfast,5251.20,36.3641,43.3816,43.2731
Vidyo4_720p,22,veryfast,24703.20,44.4588,48.7132,48.9185
Vidyo4_720p,27,veryfast,14105.28,41.8018,46.7576,46.9765
Vidyo4_720p,32,veryfast,8414.40,39.1071,44.9280,44.9369
Vidyo4_720p,37,veryfast,5268.96,36.4247,43.4004,43.3118
Vidyo4_720p,22,faster,24703.20,44.4588,48.7132,48.9185
Vidyo4_720p,27,faster,14105.28,41.8018,46.7576,46.9765
Vidyo4_720p,32,faster,8414.40,39.1071,44.9280,44.9369
Vidyo4_720p,37,faster,5268.96,36.4247,43.4004,43.3118
Vidyo4_720p,22,fast,24704.64,44.4588,48.7132,48.9185
Vidyo4_720p,27,fast,14106.72,41.8018,46.7576,46.9765
Vidyo4_720p,32,fast,8415.84,39.1071,44.9280,44.9369
Vidyo4_720p,37,fast,5270.40,36.4247,43.4004,43.3118
Vidyo4_720p,22,medium,24627.36,44.4651,48.7092,48.9207
Vidyo4_720p,27,medium,14068.80,41.8060,46.7524,46.9615
Vidyo4_720p,32,medium,8352.96,39.1111,44.8954,44.9140
Vidyo4_720p,37,medium,5227.20,36.4254,43.3718,43.3013
Vidyo4_720p,22,slow,21882.24,44.1833,48.4475,48.6773
Vidyo4_720p,27,slow,12614.40,41.4773,46.4196,46.5985
Vidyo4_720p,32,slow,7554.24,38.7323,44.5023,44.4877
Vidyo4_720p,37,slow,4717.44,35.9764,42.9573,42.8578
Vidyo4_720p,22,slower,21805.92,44.1920,48.4688,48.6931
Vidyo4_720p,27,slower,12600.00,41.4844,46.4454,46.6195
Vidyo4_720p,32,slower,7510.08,38.7481,44.5371,44.5194
Vidyo4_720p,37,slower,4672.80,35.9982,42.9918,42.8756
Vidyo4_720p,22,veryslow,21807.36,44.1920,48.4688,48.6931
Vidyo4_720p,27,veryslow,12601.44,41.4844,46.4454,46.6195
Vidyo4_720p,32,veryslow,7511.52,38.7481,44.5371,44.5194
Vidyo4_720p,37,veryslow,4674.24,35.9982,42.9918,42.8756
Vidyo4_720p,22,placebo,21778.08,44.1940,48.4691,48.7023
Vidyo4_720p,27,placebo,12615.84,41.4878,46.4466,46.6262
Vidyo4_720p,32,placebo,7572.48,38.7455,44.5288,44.5138
Vidyo4_720p,37,placebo,4662.72,35.9906,43.0100,42.8767
WestWindEasy_720p,22,ultrafast,32254.56,42.8629,48.6962,50.6300
WestWindEasy_720p,27,ultrafast,21240.24,39.2778,46.3073,48.6611
WestWindEasy_720p,32,ultrafast,13358.40,35.7479,44.2288,46.8652
WestWindEasy_720p,37,ultrafast,8167.44,32.4829,42.6664,45.4388
WestWindEasy_720p,22,superfast,26153.52,43.8154,48.7894,50.6059
WestWindEasy_720p,27,superfast,17024.16,40.3019,46.2246,48.3802
WestWindEasy_720p,32,superfast,10745.76,36.8547,44.1046,46.5516
WestWindEasy_720p,37,superfast,6621.60,33.5764,42.5148,45.2746
WestWindEasy_720p,22,veryfast,26148.96,43.8947,48.8931,50.7190
WestWindEasy_720p,27,veryfast,17049.12,40.4487,46.3313,48.4821
WestWindEasy_720p,32,veryfast,10734.48,37.0595,44.1563,46.6132
WestWindEasy_720p,37,veryfast,6596.88,33.7529,42.5399,45.3001
WestWindEasy_720p,22,faster,26148.96,43.8947,48.8931,50.7190
WestWindEasy_720p,27,faster,17049.12,40.4487,46.3313,48.4821
WestWindEasy_720p,32,faster,10734.48,37.0595,44.1563,46.6132
WestWindEasy_720p,37,faster,6596.88,33.7529,42.5399,45.3001
WestWindEasy_720p,22,fast,26149.68,43.8947,48.8931,50.7190
WestWindEasy_720p,27,fast,17049.84,40.4487,46.3313,48.4821
WestWindEasy_720p,32,fast,10735.20,37.0595,44.1563,46.6132
WestWindEasy_720p,37,fast,6597.60,33.7529,42.5399,45.3001
WestWindEasy_720p,22,medium,26157.36,43.9064,48.8850,50.7178
WestWindEasy_720p,27,medium,17016.24,40.4570,46.3346,48.4813
WestWindEasy_720p,32,medium,10719.36,37.0660,44.1554,46.5965
WestWindEasy_720p,37,medium,6599.04,33.7591,42.5382,45.2773
WestWindEasy_720p,22,slow,24598.80,43.6804,48.5550,50.4719
WestWindEasy_720p,27,slow,15828.72,40.1821,45.9103,48.2006
WestWindEasy_720p,32,slow,9846.00,36.7095,43.5957,46.2420
WestWindEasy_720p,37,slow,5915.04,33.2770,41.9666,44.9760
WestWindEasy_720p,22,slower,24557.04,43.6906,48.5713,50.4895
WestWindEasy_720p,27,slower,15784.32,40.1914,45.9480,48.2463
WestWindEasy_720p,32,slower,9850.32,36.7228,43.6660,46.2896
WestWindEasy_720p,37,slower,5923.92,33.2922,42.0340,45.0082
WestWindEasy_720p,22,veryslow,24557.76,43.6906,48.5713,50.4895
WestWindEasy_720p,27,veryslow,15785.04,40.1914,45.9480,48.2463
WestWindEasy_720p,32,veryslow,9851.04,36.7228,43.6660,46.2896
WestWindEasy_720p,37,veryslow,5924.64,33.2922,42.0340,45.0082
WestWindEasy_720p,22,placebo,24552.72,43.7214,48.5941,50.5047
WestWindEasy_720p,27,placebo,15829.44,40.2257,45.9650,48.2725
WestWindEasy_720p,32,placebo,9843.36,36.7413,43.6733,46.3130
WestWindEasy_720p,37,placebo,5905.92,33.2946,42.0131,45.0296
BlueSky_360p,22,ultrafast,9600.20,42.3674,42.4967,43.1850
BlueSky_360p,27,ultrafast,6455.40,38.1605,38.4623,39.6429
BlueSky_360p,32,ultrafast,4123.60,34.0413,35.6734,37.4038
BlueSky_360p,37,ultrafast,2537.40,30.3623,33.9151,36.1245
BlueSky_360p,22,superfast,8746.20,43.5670,43.1893,43.8506
BlueSky_360p,27,superfast,5949.80,39.2479,38.9708,40.0914
BlueSky_360p,32,superfast,3883.80,35.0341,35.9249,37.6163
BlueSky_360p,37,superfast,2445.00,31.1794,33.9604,36.1296
BlueSky_360p,22,veryfast,8736.00,43.6912,43.2918,43.9907
BlueSky_360p,27,veryfast,5949.20,39.4362,39.1008,40.2256
BlueSky_360p,32,veryfast,3881.00,35.2653,35.9811,37.6665
BlueSky_360p,37,veryfast,2440.60,31.3559,33.9618,36.1429
BlueSky_360p,22,faster,8736.00,43.6912,43.2918,43.9907
BlueSky_360p,27,faster,5949.20,39.4362,39.1008,40.2256
BlueSky_360p,32,faster,3881.00,35.2653,35.9811,37.6665
BlueSky_360p,37,faster,2440.60,31.3559,33.9618,36.1429
BlueSky_360p,22,fast,8736.60,43.6912,43.2918,43.9907
BlueSky_360p,27,fast,5949.80,39.4362,39.1008,40.2256
BlueSky_360p,32,fast,3881.60,35.2653,35.9811,37.6665
BlueSky_360p,37,fast,2441.20,31.3559,33.9618,36.1429
BlueSky_360p,22,medium,8738.20,43.7202,43.2979,43.9918
BlueSky_360p,27,medium,5956.40,39.4583,39.1034,40.2228
BlueSky_360p,32,medium,3880.60,35.2762,35.9705,37.6668
BlueSky_360p,37,medium,2444.00,31.3683,33.9585,36.1417
BlueSky_360p,22,slow,8491.00,43.6808,43.2834,43.7829
BlueSky_360p,27,slow,5659.40,39.3059,38.6745,39.6905
BlueSky_360p,32,slow,3567.00,35.0472,35.1474,36.9805
BlueSky_360p,37,slow,2174.20,30.9937,33.1119,35.6632
BlueSky_360p,22,slower,8459.80,43.7014,43.2817,43.7917
BlueSky_360p,27,slower,5641.60,39.3197,38.6776,39.6919
BlueSky_360p,32,slower,3553.60,35.0570,35.1606,37.0112
BlueSky_360p,37,slower,2171.00,31.0050,33.1375,35.6949
BlueSky_360p,22,veryslow,8460.40,43.7014,43.2817,43.7917
BlueSky_360p,27,veryslow,5642.20,39.3197,38.6776,39.6919
BlueSky_360p,32,veryslow,3554.20,35.0570,35.1606,37.0112
BlueSky_360p,37,veryslow,2171.60,31.0050,33.1375,35.6949
BlueSky_360p,22,placebo,8527.20,43.7359,43.4941,44.0339
BlueSky_360p,27,placebo,5665.00,39.3639,38.8354,39.8334
BlueSky_360p,32,placebo,3556.80,35.0818,35.1833,37.0254
BlueSky_360p,37,placebo,2180.00,31.0128,33.1476,35.6992
RedKayak_360p,22,ultrafast,11065.70,41.2887,44.9282,48.6804
RedKayak_360p,27,ultrafast,7035.86,37.1800,42.6398,47.3388
RedKayak_360p,32,ultrafast,3925.90,33.2509,40.9702,45.9842
RedKayak_360p,37,ultrafast,2033.94,30.0263,39.8130,45.0187
RedKayak_360p,22,superfast,10068.34,42.2239,45.0376,48.4484
RedKayak_360p,27,superfast,6434.52,38.1605,42.3734,46.5979
RedKayak_360p,32,superfast,3738.22,34.2124,40.4837,45.4861
RedKayak_360p,37,superfast,2020.49,30.7110,39.3294,44.8045
RedKayak_360p,22,veryfast,10080.87,42.2810,45.1204,48.5194
RedKayak_360p,27,veryfast,6428.72,38.2662,42.4437,46.8423
RedKayak_360p,32,veryfast,3752.14,34.3424,40.5319,45.7727
RedKayak_360p,37,veryfast,2035.10,30.8196,39.3533,44.8522
RedKayak_360p,22,faster,10080.87,42.2810,45.1204,48.5194
RedKayak_360p,27,faster,6428.72,38.2662,42.4437,46.8423
RedKayak_360p,32,faster,3752.14,34.3424,40.5319,45.7727
RedKayak_360p,37,faster,2035.10,30.8196,39.3533,44.8522
RedKayak_360p,22,fast,10081.56,42.2810,45.1204,48.5194
RedKayak_360p,27,fast,6429.42,38.2662,42.4437,46.8423
RedKayak_360p,32,fast,3752.83,34.3424,40.5319,45.7727
RedKayak_360p,37,fast,2035.80,30.8196,39.3533,44.8522
RedKayak_360p,22,medium,10067.64,42.3014,45.1158,48.5124
RedKayak_360p,27,medium,6441.94,38.2832,42.4324,46.8298
RedKayak_360p,32,medium,3735.43,34.3555,40.5072,45.7811
RedKayak_360p,37,medium,2033.48,30.8277,39.3295,44.8739
RedKayak_360p,22,slow,9650.74,42.1632,44.6104,48.3164
RedKayak_360p,27,slow,6057.75,38.0499,41.9558,46.7188
RedKayak_360p,32,slow,3385.11,33.9669,40.1266,45.6569
RedKayak_360p,37,slow,1715.64,30.2473,38.9196,44.6266
RedKayak_360p,22,slower,9607.58,42.1702,44.6367,48.3559
RedKayak_360p,27,slower,6039.42,38.0587,41.9822,46.7179
RedKayak_360p,32,slower,3350.78,33.9790,40.1558,45.6583
RedKayak_360p,37,slower,1712.86,30.2671,38.9533,44.6510
RedKayak_360p,22,veryslow,9608.28,42.1702,44.6367,48.3559
RedKayak_360p,27,veryslow,6040.12,38.0587,41.9822,46.7179
RedKayak_360p,32,veryslow,3351.47,33.9790,40.1558,45.6583
RedKayak_360p,37,veryslow,1713.55,30.2671,38.9533,44.6510
RedKayak_360p,22,placebo,9628.93,42.2201,44.6589,48.3531
RedKayak_360p,27,placebo,6043.37,38.1215,41.9922,46.7360
RedKayak_360p,32,placebo,3393.70,34.0534,40.1491,45.6635
RedKayak_360p,37,placebo,1752.30,30.3094,38.9433,44.6389
SnowMountain_360p,22,ultrafast,14879.32,41.6016,45.4262,46.3370
SnowMountain_360p,27,ultrafast,10737.66,37.0394,43.3556,44.6553
SnowMountain_360p,32,ultrafast,7172.05,32.5522,42.0451,43.5640
SnowMountain_360p,37,ultrafast,4345.82,28.5781,40.9842,42.6999
SnowMountain_360p,22,superfast,13863.86,42.7429,45.5738,46.4561
SnowMountain_360p,27,superfast,10017.53,38.0602,43.2118,44.3623
SnowMountain_360p,32,superfast,6800.62,33.4981,41.6014,42.8654
SnowMountain_360p,37,superfast,4196.88,29.3324,40.3020,41.9302
SnowMountain_360p,22,veryfast,13839.96,42.7941,45.7122,46.5610
SnowMountain_360p,27,veryfast,10039.10,38.1551,43.3470,44.5171
SnowMountain_360p,32,veryfast,6783.91,33.6308,41.7443,43.1603
SnowMountain_360p,37,veryfast,4208.94,29.5056,40.6063,42.4435
SnowMountain_360p,22,faster,13839.96,42.7941,45.7122,46.5610
SnowMountain_360p,27,faster,10039.10,38.1551,43.3470,44.5171
SnowMountain_360p,32,faster,6783.91,33.6308,41.7443,43.1603
SnowMountain_360p,37,faster,4208.94,29.5056,40.6063,42.4435
SnowMountain_360p,22,fast,13840.66,42.7941,45.7122,46.5610
SnowMountain_360p,27,fast,10039.80,38.1551,43.3470,44.5171
SnowMountain_360p,32,fast,6784.61,33.6308,41.7443,43.1603
SnowMountain_360p,37,fast,4209.64,29.5056,40.6063,42.4435
SnowMountain_360p,22,medium,13839.50,42.8308,45.7130,46.5598
SnowMountain_360p,27,medium,10054.88,38.1870,43.3387,44.5030
SnowMountain_360p,32,medium,6786.00,33.6552,41.7224,43.1463
SnowMountain_360p,37,medium,4198.74,29.5207,40.6057,42.4347
SnowMountain_360p,22,slow,13526.30,42.8784,45.1760,46.1429
SnowMountain_360p,27,slow,9760.47,38.1464,42.8455,44.1903
SnowMountain_360p,32,slow,6512.94,33.4731,41.5050,43.0710
SnowMountain_360p,37,slow,3877.42,29.1184,40.4516,42.3332
SnowMountain_360p,22,slower,13529.08,42.8937,45.1753,46.1483
SnowMountain_360p,27,slower,9756.30,38.1620,42.8571,44.2046
SnowMountain_360p,32,slower,6514.33,33.4910,41.5189,43.0417
SnowMountain_360p,37,slower,3887.62,29.1275,40.4765,42.3509
SnowMountain_360p,22,veryslow,13529.78,42.8937,45.1753,46.1483
SnowMountain_360p,27,veryslow,9756.99,38.1620,42.8571,44.2046
SnowMountain_360p,32,veryslow,6515.02,33.4910,41.5189,43.0417
SnowMountain_360p,37,veryslow,3888.32,29.1275,40.4765,42.3509
SnowMountain_360p,22,placebo,13566.20,42.9447,45.2012,46.1713
SnowMountain_360p,27,placebo,9752.12,38.2034,42.8760,44.2036
SnowMountain_360p,32,placebo,6517.34,33.5302,41.5123,43.0534
SnowMountain_360p,37,placebo,3889.94,29.1588,40.4613,42.3477
SpeedBag_360p,22,ultrafast,3479.07,45.4167,48.0091,49.5516
SpeedBag_360p,27,ultrafast,2214.67,42.5643,45.7926,47.7450
SpeedBag_360p,32,ultrafast,1455.57,39.7800,43.7232,45.9076
SpeedBag_360p,37,ultrafast,1068.36,37.1849,42.1624,44.5580
SpeedBag_360p,22,superfast,2985.38,46.2423,48.0605,49.5677
SpeedBag_360p,27,superfast,1996.82,43.5328,45.6403,47.6462
SpeedBag_360p,32,superfast,1372.05,40.5568,43.5106,45.6511
SpeedBag_360p,37,superfast,1027.99,37.7590,41.9689,44.2240
SpeedBag_360p,22,veryfast,3008.34,46.3306,48.1229,49.6555
SpeedBag_360p,27,veryfast,2003.09,43.6477,45.6826,47.6728
SpeedBag_360p,32,veryfast,1379.01,40.6643,43.5322,45.7657
SpeedBag_360p,37,veryfast,1027.06,37.8331,42.0190,44.3925
SpeedBag_360p,22,faster,3008.34,46.3306,48.1229,49.6555
SpeedBag_360p,27,faster,2003.09,43.6477,45.6826,47.6728
SpeedBag_360p,32,faster,1379.01,40.6643,43.5322,45.7657
SpeedBag_360p,37,faster,1027.06,37.8331,42.0190,44.3925
SpeedBag_360p,22,fast,3009.04,46.3306,48.1229,49.6555
SpeedBag_360p,27,fast,2003.78,43.6477,45.6826,47.6728
SpeedBag_360p,32,fast,1379.70,40.6643,43.5322,45.7657
SpeedBag_360p,37,fast,1027.76,37.8331,42.0190,44.3925
SpeedBag_360p,22,medium,2990.48,46.3374,48.1350,49.6591
SpeedBag_360p,27,medium,1989.40,43.6527,45.6832,47.6800
SpeedBag_360p,32,medium,1380.40,40.6734,43.5251,45.7454
SpeedBag_360p,37,medium,1029.85,37.8402,41.9912,44.3960
SpeedBag_360p,22,slow,2780.06,46.1370,47.6762,49.3332
SpeedBag_360p,27,slow,1861.80,43.3074,45.1122,47.3474
SpeedBag_360p,32,slow,1269.74,40.1934,42.9196,45.4138
SpeedBag_360p,37,slow,960.48,37.2783,41.3903,44.1128
SpeedBag_360p,22,slower,2766.60,46.1422,47.6993,49.3447
SpeedBag_360p,27,slower,1836.98,43.3140,45.1462,47.3542
SpeedBag_360p,32,slower,1281.34,40.2230,42.9664,45.4209
SpeedBag_360p,37,slower,955.84,37.2940,41.4227,44.1432
SpeedBag_360p,22,veryslow,2767.30,46.1422,47.6993,49.3447
SpeedBag_360p,27,veryslow,1837.67,43.3140,45.1462,47.3542
SpeedBag_360p,32,veryslow,1282.03,40.2230,42.9664,45.4209
SpeedBag_360p,37,veryslow,956.54,37.2940,41.4227,44.1432
SpeedBag_360p,22,placebo,2776.81,46.1652,47.6981,49.3559
SpeedBag_360p,27,placebo,1838.83,43.3469,45.1589,47.3552
SpeedBag_360p,32,placebo,1263.47,40.2283,42.9463,45.4065
SpeedBag_360p,37,placebo,968.37,37.2868,41.4382,44.1508
Stockholm_360p,22,ultrafast,26995.57,40.6101,43.4705,43.3957
Stockholm_360p,27,ultrafast,16732.40,36.6493,40.8112,40.7984
Stockholm_360p,32,ultrafast,9741.14,32.9554,38.9807,38.9003
Stockholm_360p,37,ultrafast,5456.79,29.7635,37.7019,37.6136
Stockholm_360p,22,superfast,24353.31,41.3382,43.7102,43.6194
Stockholm_360p,27,superfast,15049.72,37.4213,40.8493,40.8142
Stockholm_360p,32,superfast,9040.22,33.7434,38.7985,38.7338
Stockholm_360p,37,superfast,5274.60,30.4239,37.4070,37.2980
Stockholm_360p,22,veryfast,24351.90,41.3640,43.7516,43.6637
Stockholm_360p,27,veryfast,15104.47,37.4963,40.8952,40.8622
Stockholm_360p,32,veryfast,9031.25,33.8247,38.8441,38.7900
Stockholm_360p,37,veryfast,5305.28,30.4827,37.4485,37.3426
Stockholm_360p,22,faster,24351.90,41.3640,43.7516,43.6637
Stockholm_360p,27,faster,15104.47,37.4963,40.8952,40.8622
Stockholm_360p,32,faster,9031.25,33.8247,38.8441,38.7900
Stockholm_360p,37,faster,5305.28,30.4827,37.4485,37.3426
Stockholm_360p,22,fast,24353.31,41.3640,43.7516,43.6637
Stockholm_360p,27,fast,15105.89,37.4963,40.8952,40.8622
Stockholm_360p,32,fast,9032.66,33.8247,38.8441,38.7900
Stockholm_360p,37,fast,5306.70,30.4827,37.4485,37.3426
Stockholm_360p,22,medium,24389.66,41.3784,43.7501,43.6609
Stockholm_360p,27,medium,15104.00,37.5058,40.8852,40.8526
Stockholm_360p,32,medium,9037.86,33.8325,38.8345,38.7799
Stockholm_360p,37,medium,5273.66,30.4887,37.4363,37.3278
Stockholm_360p,22,slow,22926.46,41.1888,43.3243,43.2812
Stockholm_360p,27,slow,14022.18,37.2529,40.3690,40.3254
Stockholm_360p,32,slow,8196.75,33.4711,38.2315,38.1429
Stockholm_360p,37,slow,4587.84,29.9833,36.9221,36.7870
Stockholm_360p,22,slower,22827.34,41.1903,43.3350,43.2888
Stockholm_360p,27,slower,13949.96,37.2542,40.3815,40.3407
Stockholm_360p,32,slower,8198.64,33.4787,38.2539,38.1646
Stockholm_360p,37,slower,4594.45,29.9994,36.9552,36.8158
Stockholm_360p,22,veryslow,22828.75,41.1903,43.3350,43.2888
Stockholm_360p,27,veryslow,13951.38,37.2542,40.3815,40.3407
Stockholm_360p,32,veryslow,8200.06,33.4787,38.2539,38.1646
Stockholm_360p,37,veryslow,4595.86,29.9994,36.9552,36.8158
Stockholm_360p,22,placebo,22905.22,41.2080,43.3668,43.3237
Stockholm_360p,27,placebo,13981.58,37.2723,40.4051,40.3575
Stockholm_360p,32,placebo,8221.30,33.4906,38.2733,38.1704
Stockholm_360p,37,placebo,4596.81,29.9989,36.9630,36.8141
TouchdownPass_360p,22,ultrafast,11366.14,40.3934,46.1991,46.4057
TouchdownPass_360p,27,ultrafast,6318.29,36.6849,44.1372,44.2650
TouchdownPass_360p,32,ultrafast,3155.20,33.6777,42.4443,42.3564
TouchdownPass_360p,37,ultrafast,1711.23,31.2818,41.0414,40.8047
TouchdownPass_360p,22,superfast,10579.20,40.9756,46.4373,46.7591
TouchdownPass_360p,27,superfast,5687.94,37.2168,44.2068,44.5839
TouchdownPass_360p,32,superfast,2811.84,34.3212,42.3773,42.5612
TouchdownPass_360p,37,superfast,1579.69,32.0212,40.8913,40.9235
TouchdownPass_360p,22,veryfast,10575.72,41.0206,46.5079,46.8310
TouchdownPass_360p,27,veryfast,5658.71,37.2762,44.2524,44.6518
TouchdownPass_360p,32,veryfast,2813.93,34.3733,42.4067,42.6140
TouchdownPass_360p,37,veryfast,1578.99,32.0610,40.9165,40.9712
TouchdownPass_360p,22,faster,10575.72,41.0206,46.5079,46.8310
TouchdownPass_360p,27,faster,5658.71,37.2762,44.2524,44.6518
TouchdownPass_360p,32,faster,2813.93,34.3733,42.4067,42.6140
TouchdownPass_360p,37,faster,1578.99,32.0610,40.9165,40.9712
TouchdownPass_360p,22,fast,10576.42,41.0206,46.5079,46.8310
TouchdownPass_360p,27,fast,5659.41,37.2762,44.2524,44.6518
TouchdownPass_360p,32,fast,2814.62,34.3733,42.4067,42.6140
TouchdownPass_360p,37,fast,1579.69,32.0610,40.9165,40.9712
TouchdownPass_360p,22,medium,10617.94,41.0424,46.5034,46.8191
TouchdownPass_360p,27,medium,5672.40,37.2799,44.2483,44.6475
TouchdownPass_360p,32,medium,2827.62,34.3770,42.4043,42.5987
TouchdownPass_360p,37,medium,1575.98,32.0642,40.8899,40.9372
TouchdownPass_360p,22,slow,9929.37,40.7430,46.1670,46.6075
TouchdownPass_360p,27,slow,4851.58,36.7873,43.8877,44.3212
TouchdownPass_360p,32,slow,2408.62,33.9694,42.0212,42.0751
TouchdownPass_360p,37,slow,1387.13,31.6565,40.5328,40.3047
TouchdownPass_360p,22,slower,9927.28,40.7538,46.1719,46.6185
TouchdownPass_360p,27,slower,4859.24,36.7938,43.8969,44.3274
TouchdownPass_360p,32,slower,2402.36,33.9814,42.0403,42.0999
TouchdownPass_360p,37,slower,1390.61,31.6674,40.5684,40.3176
TouchdownPass_360p,22,veryslow,9927.98,40.7538,46.1719,46.6185
TouchdownPass_360p,27,veryslow,4859.94,36.7938,43.8969,44.3274
TouchdownPass_360p,32,veryslow,2403.06,33.9814,42.0403,42.0999
TouchdownPass_360p,37,veryslow,1391.30,31.6674,40.5684,40.3176
TouchdownPass_360p,22,placebo,9930.99,40.7653,46.1831,46.6655
TouchdownPass_360p,27,placebo,4867.82,36.8059,43.9043,44.3991
TouchdownPass_360p,32,placebo,2403.29,33.9954,42.0419,42.1193
TouchdownPass_360p,37,placebo,1392.23,31.6812,40.5544,40.3151
FourPeople_270p,22,ultrafast,14091.84,41.7898,44.6215,45.3658
FourPeople_270p,27,ultrafast,9584.64,37.7466,41.9030,42.5970
FourPeople_270p,32,ultrafast,6209.76,33.8355,39.6844,40.5153
FourPeople_270p,37,ultrafast,3942.24,30.3854,38.0592,38.8498
FourPeople_270p,22,superfast,11699.04,43.0212,44.8106,45.6473
FourPeople_270p,27,superfast,8142.24,39.0357,41.9342,42.6572
FourPeople_270p,32,superfast,5520.96,35.0737,39.6030,40.3142
FourPeople_270p,37,superfast,3707.52,31.3869,37.8895,38.5409
FourPeople_270p,22,veryfast,11700.96,43.0686,44.8788,45.7492
FourPeople_270p,27,veryfast,8158.56,39.1384,42.0435,42.8006
FourPeople_270p,32,veryfast,5542.56,35.1775,39.7147,40.4679
FourPeople_270p,37,veryfast,3713.28,31.4762,37.9793,38.6511
FourPeople_270p,22,faster,11700.96,43.0686,44.8788,45.7492
FourPeople_270p,27,faster,8158.56,39.1384,42.0435,42.8006
FourPeople_270p,32,faster,5542.56,35.1775,39.7147,40.4679
FourPeople_270p,37,faster,3713.28,31.4762,37.9793,38.6511
FourPeople_270p,22,fast,11702.40,43.0686,44.8788,45.7492
FourPeople_270p,27,fast,8160.00,39.1384,42.0435,42.8006
FourPeople_270p,32,fast,5544.00,35.1775,39.7147,40.4679
FourPeople_270p,37,fast,3714.72,31.4762,37.9793,38.6511
FourPeople_270p,22,medium,11704.80,43.0868,44.8799,45.7502
FourPeople_270p,27,medium,8142.72,39.1513,42.0307,42.7985
FourPeople_270p,32,medium,5534.40,35.1915,39.7126,40.4622
FourPeople_270p,37,medium,3722.40,31.4833,37.9722,38.6267
FourPeople_270p,22,slow,11213.28,42.9719,44.3953,45.3922
FourPeople_270p,27,slow,7789.44,38.9326,41.5325,42.3565
FourPeople_270p,32,slow,5250.24,34.8478,39.1678,39.9182
FourPeople_270p,37,slow,3430.08,30.9606,37.3642,38.1207
FourPeople_270p,22,slower,11166.24,42.9731,44.3964,45.4049
FourPeople_270p,27,slower,7743.36,38.9416,41.5440,42.3792
FourPeople_270p,32,slower,5218.56,34.8664,39.2111,39.9337
FourPeople_270p,37,slower,3415.68,30.9815,37.4166,38.1465
FourPeople_270p,22,veryslow,11167.68,42.9731,44.3964,45.4049
FourPeople_270p,27,veryslow,7744.80,38.9416,41.5440,42.3792
FourPeople_270p,32,veryslow,5220.00,34.8664,39.2111,39.9337
FourPeople_270p,37,veryslow,3417.12,30.9815,37.4166,38.1465
FourPeople_270p,22,placebo,11182.08,43.0110,44.4281,45.4223
FourPeople_270p,27,placebo,7776.48,38.9805,41.5560,42.4052
FourPeople_270p,32,placebo,5197.44,34.8972,39.2094,39.9463
FourPeople_270p,37,placebo,3399.36,30.9983,37.3815,38.1297
ParkJoy_270p,22,ultrafast,14499.60,40.3513,41.2218,42.4538
ParkJoy_270p,27,ultrafast,9776.40,35.7479,37.4542,40.0615
ParkJoy_270p,32,ultrafast,6069.20,31.3322,34.9480,38.8161
ParkJoy_270p,37,ultrafast,3588.80,27.5361,33.4365,37.9429
ParkJoy_270p,22,superfast,13846.00,41.3084,41.6516,42.6315
ParkJoy_270p,27,superfast,9380.40,36.5665,37.7125,40.0068
ParkJoy_270p,32,superfast,5954.40,32.0790,34.9737,38.5141
ParkJoy_270p,37,superfast,3560.80,28.0964,33.3400,37.5226
ParkJoy_270p,22,veryfast,13824.40,41.3482,41.6680,42.6572
ParkJoy_270p,27,veryfast,9394.40,36.6210,37.7446,40.0588
ParkJoy_270p,32,veryfast,5974.00,32.1456,34.9965,38.5493
ParkJoy_270p,37,veryfast,3558.80,28.1612,33.3455,37.5611
ParkJoy_270p,22,faster,13824.40,41.3482,41.6680,42.6572
ParkJoy_270p,27,faster,9394.40,36.6210,37.7446,40.0588
ParkJoy_270p,32,faster,5974.00,32.1456,34.9965,38.5493
ParkJoy_270p,37,faster,3558.80,28.1612,33.3455,37.5611
ParkJoy_270p,22,fast,13825.60,41.3482,41.6680,42.6572
ParkJoy_270p,27,fast,9395.60,36.6210,37.7446,40.0588
ParkJoy_270p,32,fast,5975.20,32.1456,34.9965,38.5493
ParkJoy_270p,37,fast,3560.00,28.1612,33.3455,37.5611
ParkJoy_270p,22,medium,13879.60,41.3898,41.6685,42.6601
ParkJoy_270p,27,medium,9395.20,36.6547,37.7403,40.0491
ParkJoy_270p,32,medium,5956.80,32.1687,34.9900,38.5387
ParkJoy_270p,37,medium,3568.00,28.1731,33.3365,37.5444
ParkJoy_270p,22,slow,13418.00,41.4267,41.4910,42.1422
ParkJoy_270p,27,slow,8967.20,36.5465,37.1663,39.6595
ParkJoy_270p,32,slow,5589.20,31.9274,34.2377,38.2888
ParkJoy_270p,37,slow,3126.00,27.6956,32.7115,37.3714
ParkJoy_270p,22,slower,13367.60,41.4443,41.4936,42.1681
ParkJoy_270p,27,slower,8923.60,36.5516,37.1749,39.6988
ParkJoy_270p,32,slower,5554.40,31.9343,34.2692,38.3297
ParkJoy_270p,37,slower,3139.60,27.7090,32.7506,37.4083
ParkJoy_270p,22,veryslow,13368.80,41.4443,41.4936,42.1681
ParkJoy_270p,27,veryslow,8924.80,36.5516,37.1749,39.6988
ParkJoy_270p,32,veryslow,5555.60,31.9343,34.2692,38.3297
ParkJoy_270p,37,veryslow,3140.80,27.7090,32.7506,37.4083
ParkJoy_270p,22,placebo,13434.80,41.4979,41.5661,42.2184
ParkJoy_270p,27,placebo,8967.60,36.5965,37.2377,39.7120
ParkJoy_270p,32,placebo,5552.40,31.9723,34.2875,38.3466
ParkJoy_270p,37,placebo,3153.20,27.7342,32.7563,37.4251
SparksElevator_270p,22,ultrafast,12700.58,40.7818,47.0705,45.2739
SparksElevator_270p,27,ultrafast,7732.30,36.9244,45.1519,43.1200
SparksElevator_270p,32,ultrafast,4542.53,33.5647,43.5558,41.3784
SparksElevator_270p,37,ultrafast,2833.89,30.7704,42.2887,39.9942
SparksElevator_270p,22,superfast,11844.84,41.4357,47.0773,45.4903
SparksElevator_270p,27,superfast,7296.18,37.5036,44.8796,43.0901
SparksElevator_270p,32,superfast,4378.27,34.0895,43.1583,41.2261
SparksElevator_270p,37,superfast,2781.50,31.1919,41.8289,39.7764
SparksElevator_270p,22,veryfast,11817.46,41.4641,47.1653,45.5656
SparksElevator_270p,27,veryfast,7291.93,37.5678,44.9397,43.1700
SparksElevator_270p,32,veryfast,4394.32,34.1640,43.2074,41.2734
SparksElevator_270p,37,veryfast,2800.85,31.2536,41.8735,39.8240
SparksElevator_270p,22,faster,11817.46,41.4641,47.1653,45.5656
SparksElevator_270p,27,faster,7291.93,37.5678,44.9397,43.1700
SparksElevator_270p,32,faster,4394.32,34.1640,43.2074,41.2734
SparksElevator_270p,37,faster,2800.85,31.2536,41.8735,39.8240
SparksElevator_270p,22,fast,11818.88,41.4641,47.1653,45.5656
SparksElevator_270p,27,fast,7293.34,37.5678,44.9397,43.1700
SparksElevator_270p,32,fast,4395.74,34.1640,43.2074,41.2734
SparksElevator_270p,37,fast,2802.26,31.2536,41.8735,39.8240
SparksElevator_270p,22,medium,11839.18,41.4769,47.1583,45.5594
SparksElevator_270p,27,medium,7287.68,37.5741,44.9359,43.1660
SparksElevator_270p,32,medium,4382.52,34.1681,43.2130,41.2651
SparksElevator_270p,37,medium,2787.16,31.2571,41.8266,39.7979
SparksElevator_270p,22,slow,11233.60,41.3166,46.8031,45.1070
SparksElevator_270p,27,slow,6583.46,37.1973,44.5787,42.6817
SparksElevator_270p,32,slow,3903.44,33.7291,42.7773,40.7303
SparksElevator_270p,37,slow,2502.54,30.6892,41.4291,39.1837
SparksElevator_270p,22,slower,11221.80,41.3225,46.8083,45.1171
SparksElevator_270p,27,slower,6574.02,37.2071,44.5841,42.6980
SparksElevator_270p,32,slower,3918.07,33.7368,42.7963,40.7657
SparksElevator_270p,37,slower,2496.88,30.7010,41.4467,39.2204
SparksElevator_270p,22,veryslow,11223.22,41.3225,46.8083,45.1171
SparksElevator_270p,27,veryslow,6575.43,37.2071,44.5841,42.6980
SparksElevator_270p,32,veryslow,3919.49,33.7368,42.7963,40.7657
SparksElevator_270p,37,veryslow,2498.30,30.7010,41.4467,39.2204
SparksElevator_270p,22,placebo,11246.34,41.3430,46.8197,45.1924
SparksElevator_270p,27,placebo,6597.62,37.2226,44.5909,42.7196
SparksElevator_270p,32,placebo,3937.42,33.7526,42.7951,40.7372
SparksElevator_270p,37,placebo,2500.66,30.7041,41.4536,39.2364
Vertical_Bayshore_270p,22,ultrafast,4621.44,42.6850,50.7718,50.5156
Vertical_Bayshore_270p,27,ultrafast,2954.98,39.0220,48.1188,47.9317
Vertical_Bayshore_270p,32,ultrafast,1770.16,35.5886,45.9494,45.6956
Vertical_Bayshore_270p,37,ultrafast,1050.03,32.7569,44.2113,44.0903
Vertical_Bayshore_270p,22,superfast,4315.43,43.6575,50.2071,50.0474
Vertical_Bayshore_270p,27,superfast,2823.67,39.8473,47.5949,47.4426
Vertical_Bayshore_270p,32,superfast,1696.85,36.2670,45.4784,45.3030
Vertical_Bayshore_270p,37,superfast,1023.12,33.2137,43.8200,43.6934
Vertical_Bayshore_270p,22,veryfast,4316.59,43.7324,50.3751,50.2315
Vertical_Bayshore_270p,27,veryfast,2811.38,39.9382,47.7816,47.6459
Vertical_Bayshore_270p,32,veryfast,1702.18,36.3616,45.7478,45.5612
Vertical_Bayshore_270p,37,veryfast,1014.54,33.2745,44.0839,43.9457
Vertical_Bayshore_270p,22,faster,4316.59,43.7324,50.3751,50.2315
Vertical_Bayshore_270p,27,faster,2811.38,39.9382,47.7816,47.6459
Vertical_Bayshore_270p,32,faster,1702.18,36.3616,45.7478,45.5612
Vertical_Bayshore_270p,37,faster,1014.54,33.2745,44.0839,43.9457
Vertical_Bayshore_270p,22,fast,4317.29,43.7324,50.3751,50.2315
Vertical_Bayshore_270p,27,fast,2812.07,39.9382,47.7816,47.6459
Vertical_Bayshore_270p,32,fast,1702.88,36.3616,45.7478,45.5612
Vertical_Bayshore_270p,37,fast,1015.23,33.2745,44.0839,43.9457
Vertical_Bayshore_270p,22,medium,4334.22,43.7509,50.3311,50.1964
Vertical_Bayshore_270p,27,medium,2825.06,39.9458,47.7843,47.6006
Vertical_Bayshore_270p,32,medium,1691.05,36.3680,45.7678,45.5477
Vertical_Bayshore_270p,37,medium,1015.23,33.2813,44.0321,43.9143
Vertical_Bayshore_270p,22,slow,4164.86,43.5340,50.1020,49.9524
Vertical_Bayshore_270p,27,slow,2678.44,39.6394,47.5419,47.2843
Vertical_Bayshore_270p,32,slow,1546.51,35.8879,45.0977,44.8735
Vertical_Bayshore_270p,37,slow,867.45,32.6796,43.0244,43.0074
Vertical_Bayshore_270p,22,slower,4147.46,43.5411,50.1331,49.9943
Vertical_Bayshore_270p,27,slower,2668.93,39.6411,47.5958,47.3455
Vertical_Bayshore_270p,32,slower,1530.50,35.9010,45.2197,44.9364
Vertical_Bayshore_270p,37,slower,865.36,32.6970,43.1561,43.1410
Vertical_Bayshore_270p,22,veryslow,4148.16,43.5411,50.1331,49.9943
Vertical_Bayshore_270p,27,veryslow,2669.62,39.6411,47.5958,47.3455
Vertical_Bayshore_270p,32,veryslow,1531.20,35.9010,45.2197,44.9364
Vertical_Bayshore_270p,37,veryslow,866.06,32.6970,43.1561,43.1410
Vertical_Bayshore_270p,22,placebo,4167.88,43.5645,50.1923,50.0413
Vertical_Bayshore_270p,27,placebo,2677.05,39.6665,47.6367,47.3657
Vertical_Bayshore_270p,32,placebo,1526.10,35.9195,45.2243,44.9786
Vertical_Bayshore_270p,37,placebo,851.67,32.6948,43.1438,43.1529
