encoder,resolution,video_name,qp,preset,bpp,bitrate_kbps,psnr_y,psnr_u,psnr_v,psnr_yuv
x265,4K,BoxingPractice_4k,22,ultrafast,0.405680,201690.810000,43.450400,47.963300,47.516200,43.986569
x265,4K,BoxingPractice_4k,27,ultrafast,0.185478,92213.700000,41.549700,45.963500,45.433100,42.068275
x265,4K,BoxingPractice_4k,32,ultrafast,0.101843,50632.860000,39.836800,44.235500,43.633700,40.349025
x265,4K,BoxingPractice_4k,37,ultrafast,0.060148,29903.560000,37.813500,42.775600,42.182800,38.396713
x265,4K,BoxingPractice_4k,22,superfast,0.390214,194001.450000,43.620900,47.993500,47.544700,44.139425
x265,4K,BoxingPractice_4k,27,superfast,0.175307,87156.690000,41.701700,45.907500,45.379400,42.194419
x265,4K,BoxingPractice_4k,32,superfast,0.096858,48154.390000,40.042400,44.102500,43.509700,40.512862
x265,4K,BoxingPractice_4k,37,superfast,0.057788,28730.170000,38.027500,42.603500,42.021000,38.563094
x265,4K,BoxingPractice_4k,22,veryfast,0.391050,194417.280000,43.644400,48.046200,47.588600,44.166025
x265,4K,BoxingPractice_4k,27,veryfast,0.174884,86946.660000,41.737300,45.948200,45.408500,42.229931
x265,4K,BoxingPractice_4k,32,veryfast,0.096579,48016.090000,40.082000,44.121900,43.520700,40.549413
x265,4K,BoxingPractice_4k,37,veryfast,0.057381,28528.150000,38.055400,42.607400,42.023600,38.587912
x265,4K,BoxingPractice_4k,22,faster,0.391050,194417.280000,43.644400,48.046200,47.588600,44.166025
x265,4K,BoxingPractice_4k,27,faster,0.174884,86946.660000,41.737300,45.948200,45.408500,42.229931
x265,4K,BoxingPractice_4k,32,faster,0.096579,48016.090000,40.082000,44.121900,43.520700,40.549413
x265,4K,BoxingPractice_4k,37,faster,0.057381,28528.150000,38.055400,42.607400,42.023600,38.587912
x265,4K,BoxingPractice_4k,22,fast,0.391053,194418.700000,43.644400,48.046200,47.588600,44.166025
x265,4K,BoxingPractice_4k,27,fast,0.174887,86948.070000,41.737300,45.948200,45.408500,42.229931
x265,4K,BoxingPractice_4k,32,fast,0.096582,48017.500000,40.082000,44.121900,43.520700,40.549413
x265,4K,BoxingPractice_4k,37,fast,0.057384,28529.570000,38.055400,42.607400,42.023600,38.587912
x265,4K,BoxingPractice_4k,22,medium,0.389989,193889.580000,43.647500,48.046900,47.590300,44.168888
x265,4K,BoxingPractice_4k,27,medium,0.174449,86730.010000,41.740700,45.953100,45.412400,42.233456
x265,4K,BoxingPractice_4k,32,medium,0.096343,47898.560000,40.086100,44.119400,43.520800,40.552850
x265,4K,BoxingPractice_4k,37,medium,0.057474,28573.940000,38.059500,42.612400,42.028500,38.592119
x265,4K,BoxingPractice_4k,22,slow,0.300743,149519.220000,43.166200,47.729600,47.255100,43.706969
x265,4K,BoxingPractice_4k,27,slow,0.147974,73567.810000,41.513000,45.560400,44.935200,41.979850
x265,4K,BoxingPractice_4k,32,slow,0.085102,42310.080000,39.841600,43.567900,42.872700,40.263938
x265,4K,BoxingPractice_4k,37,slow,0.049947,24831.920000,37.701500,41.994200,41.338100,38.197081
x265,4K,BoxingPractice_4k,22,slower,0.300972,149633.450000,43.174800,47.738300,47.262800,43.715519
x265,4K,BoxingPractice_4k,27,slower,0.147666,73414.410000,41.519300,45.572800,44.950700,41.987106
x265,4K,BoxingPractice_4k,32,slower,0.084912,42215.210000,39.853300,43.593400,42.902000,40.277600
x265,4K,BoxingPractice_4k,37,slower,0.049804,24761.120000,37.720200,42.035500,41.379000,38.218581
x265,4K,BoxingPractice_4k,22,veryslow,0.300975,149634.860000,43.174800,47.738300,47.262800,43.715519
x265,4K,BoxingPractice_4k,27,veryslow,0.147668,73415.830000,41.519300,45.572800,44.950700,41.987106
x265,4K,BoxingPractice_4k,32,veryslow,0.084914,42216.620000,39.853300,43.593400,42.902000,40.277600
x265,4K,BoxingPractice_4k,37,veryslow,0.049807,24762.540000,37.720200,42.035500,41.379000,38.218581
x265,4K,BoxingPractice_4k,22,placebo,0.301500,149895.880000,43.176200,47.742200,47.265000,43.717125
x265,4K,BoxingPractice_4k,27,placebo,0.147940,73550.820000,41.521100,45.574100,44.951400,41.988806
x265,4K,BoxingPractice_4k,32,placebo,0.085049,42283.650000,39.853600,43.599600,42.893300,40.277706
x265,4K,BoxingPractice_4k,37,placebo,0.049943,24830.030000,37.716900,42.039100,41.371300,38.215438
x265,4K,Crosswalk_4k,22,ultrafast,0.215328,107053.850000,43.405700,48.417600,50.825100,44.182656
x265,4K,Crosswalk_4k,27,ultrafast,0.076637,38101.260000,42.438400,47.354900,49.776900,43.204338
x265,4K,Crosswalk_4k,32,ultrafast,0.041902,20832.190000,41.611900,46.225600,48.404300,42.324781
x265,4K,Crosswalk_4k,37,ultrafast,0.025672,12763.350000,40.439300,45.182800,47.111600,41.152788
x265,4K,Crosswalk_4k,22,superfast,0.216365,107569.750000,43.435800,48.398900,50.782200,44.205144
x265,4K,Crosswalk_4k,27,superfast,0.076366,37966.740000,42.457500,47.366300,49.797400,43.223044
x265,4K,Crosswalk_4k,32,superfast,0.041780,20771.780000,41.631400,46.241900,48.418700,42.343762
x265,4K,Crosswalk_4k,37,superfast,0.025571,12712.850000,40.460100,45.216500,47.170600,41.176781
x265,4K,Crosswalk_4k,22,veryfast,0.216317,107545.680000,43.449500,48.414800,50.809400,44.219825
x265,4K,Crosswalk_4k,27,veryfast,0.076209,37888.390000,42.476700,47.358800,49.793200,43.239112
x265,4K,Crosswalk_4k,32,veryfast,0.041525,20644.810000,41.645100,46.238000,48.423100,42.355781
x265,4K,Crosswalk_4k,37,veryfast,0.025249,12552.840000,40.461400,45.223000,47.173900,41.178531
x265,4K,Crosswalk_4k,22,faster,0.216317,107545.680000,43.449500,48.414800,50.809400,44.219825
x265,4K,Crosswalk_4k,27,faster,0.076209,37888.390000,42.476700,47.358800,49.793200,43.239112
x265,4K,Crosswalk_4k,32,faster,0.041525,20644.810000,41.645100,46.238000,48.423100,42.355781
x265,4K,Crosswalk_4k,37,faster,0.025249,12552.840000,40.461400,45.223000,47.173900,41.178531
x265,4K,Crosswalk_4k,22,fast,0.216320,107547.090000,43.449500,48.414800,50.809400,44.219825
x265,4K,Crosswalk_4k,27,fast,0.076211,37889.800000,42.476700,47.358800,49.793200,43.239112
x265,4K,Crosswalk_4k,32,fast,0.041528,20646.220000,41.645100,46.238000,48.423100,42.355781
x265,4K,Crosswalk_4k,37,fast,0.025252,12554.260000,40.461400,45.223000,47.173900,41.178531
x265,4K,Crosswalk_4k,22,medium,0.216112,107443.730000,43.452000,48.426600,50.829700,44.224019
x265,4K,Crosswalk_4k,27,medium,0.075699,37634.920000,42.481400,47.358600,49.782800,43.242562
x265,4K,Crosswalk_4k,32,medium,0.041230,20498.020000,41.655000,46.242200,48.419700,42.364494
x265,4K,Crosswalk_4k,37,medium,0.025058,12457.970000,40.475500,45.224400,47.163700,41.190319
x265,4K,Crosswalk_4k,22,slow,0.128049,63661.950000,43.045800,48.206300,50.725800,43.848331
x265,4K,Crosswalk_4k,27,slow,0.063477,31558.860000,42.377500,47.202700,49.713900,43.137600
x265,4K,Crosswalk_4k,32,slow,0.036729,18260.260000,41.530300,45.952600,48.181100,42.222369
x265,4K,Crosswalk_4k,37,slow,0.022503,11187.820000,40.283400,44.847900,46.813900,40.976837
x265,4K,Crosswalk_4k,22,slower,0.127937,63606.250000,43.051600,48.209200,50.718900,43.853156
x265,4K,Crosswalk_4k,27,slower,0.063501,31570.660000,42.387600,47.205300,49.710700,43.146400
x265,4K,Crosswalk_4k,32,slower,0.036713,18252.710000,41.542600,45.954000,48.192000,42.233900
x265,4K,Crosswalk_4k,37,slower,0.022471,11171.770000,40.304200,44.850600,46.829100,40.996156
x265,4K,Crosswalk_4k,22,veryslow,0.127940,63607.670000,43.051600,48.209200,50.718900,43.853156
x265,4K,Crosswalk_4k,27,veryslow,0.063504,31572.080000,42.387600,47.205300,49.710700,43.146400
x265,4K,Crosswalk_4k,32,veryslow,0.036716,18254.130000,41.542600,45.954000,48.192000,42.233900
x265,4K,Crosswalk_4k,37,veryslow,0.022474,11173.180000,40.304200,44.850600,46.829100,40.996156
x265,4K,Crosswalk_4k,22,placebo,0.127891,63583.120000,43.051700,48.210000,50.722200,43.853500
x265,4K,Crosswalk_4k,27,placebo,0.063439,31539.520000,42.387200,47.205800,49.716900,43.146469
x265,4K,Crosswalk_4k,32,placebo,0.036556,18174.360000,41.539700,45.954400,48.188600,42.231175
x265,4K,Crosswalk_4k,37,placebo,0.022440,11156.660000,40.302100,44.848900,46.848800,40.995444
x265,4K,FoodMarket2_4k,22,ultrafast,0.383622,190724.360000,44.446200,48.145500,48.222300,44.913412
x265,4K,FoodMarket2_4k,27,ultrafast,0.214659,106721.090000,42.536800,45.780400,45.991000,42.955413
x265,4K,FoodMarket2_4k,32,ultrafast,0.123974,61635.650000,40.303400,43.714000,44.034100,40.749731
x265,4K,FoodMarket2_4k,37,ultrafast,0.073927,36754.170000,37.816600,42.116000,42.476700,38.376569
x265,4K,FoodMarket2_4k,22,superfast,0.380320,189082.730000,44.523700,48.177800,48.240100,44.984356
x265,4K,FoodMarket2_4k,27,superfast,0.212915,105854.030000,42.619600,45.776100,45.968900,43.026212
x265,4K,FoodMarket2_4k,32,superfast,0.123432,61366.140000,40.400300,43.697500,44.010500,40.832012
x265,4K,FoodMarket2_4k,37,superfast,0.073887,36734.340000,37.903100,42.107400,42.468900,38.451231
x265,4K,FoodMarket2_4k,22,veryfast,0.380249,189047.340000,44.553000,48.222600,48.289100,45.015856
x265,4K,FoodMarket2_4k,27,veryfast,0.212444,105619.910000,42.657700,45.783300,45.978500,43.060600
x265,4K,FoodMarket2_4k,32,veryfast,0.123054,61178.280000,40.437200,43.694100,44.007900,40.863925
x265,4K,FoodMarket2_4k,37,veryfast,0.073332,36458.230000,37.909000,42.085700,42.454400,38.454131
x265,4K,FoodMarket2_4k,22,faster,0.380249,189047.340000,44.553000,48.222600,48.289100,45.015856
x265,4K,FoodMarket2_4k,27,faster,0.212444,105619.910000,42.657700,45.783300,45.978500,43.060600
x265,4K,FoodMarket2_4k,32,faster,0.123054,61178.280000,40.437200,43.694100,44.007900,40.863925
x265,4K,FoodMarket2_4k,37,faster,0.073332,36458.230000,37.909000,42.085700,42.454400,38.454131
x265,4K,FoodMarket2_4k,22,fast,0.380252,189048.750000,44.553000,48.222600,48.289100,45.015856
x265,4K,FoodMarket2_4k,27,fast,0.212446,105621.340000,42.657700,45.783300,45.978500,43.060600
x265,4K,FoodMarket2_4k,32,fast,0.123057,61179.700000,40.437200,43.694100,44.007900,40.863925
x265,4K,FoodMarket2_4k,37,fast,0.073335,36459.640000,37.909000,42.085700,42.454400,38.454131
x265,4K,FoodMarket2_4k,22,medium,0.379781,188814.640000,44.560500,48.232200,48.296200,45.023463
x265,4K,FoodMarket2_4k,27,medium,0.212053,105425.930000,42.663600,45.797400,45.996800,43.067788
x265,4K,FoodMarket2_4k,32,medium,0.122667,60986.180000,40.446200,43.710800,44.026200,40.873987
x265,4K,FoodMarket2_4k,37,medium,0.073270,36427.550000,37.917400,42.104800,42.468800,38.463575
x265,4K,FoodMarket2_4k,22,slow,0.319802,158995.090000,44.251100,47.904500,47.944800,44.710294
x265,4K,FoodMarket2_4k,27,slow,0.185753,92350.110000,42.405500,45.379900,45.620900,42.792363
x265,4K,FoodMarket2_4k,32,slow,0.110157,54766.160000,40.180600,43.180100,43.576700,40.580325
x265,4K,FoodMarket2_4k,37,slow,0.064166,31901.070000,37.548300,41.563500,41.979600,38.076206
x265,4K,FoodMarket2_4k,22,slower,0.319580,158884.660000,44.258700,47.899100,47.941100,44.716375
x265,4K,FoodMarket2_4k,27,slower,0.185513,92230.690000,42.414900,45.375600,45.609900,42.799631
x265,4K,FoodMarket2_4k,32,slower,0.110371,54872.840000,40.194400,43.180100,43.576800,40.592406
x265,4K,FoodMarket2_4k,37,slower,0.064217,31926.550000,37.568400,41.564100,41.981900,38.093975
x265,4K,FoodMarket2_4k,22,veryslow,0.319583,158886.060000,44.258700,47.899100,47.941100,44.716375
x265,4K,FoodMarket2_4k,27,veryslow,0.185515,92232.110000,42.414900,45.375600,45.609900,42.799631
x265,4K,FoodMarket2_4k,32,veryslow,0.110374,54874.250000,40.194400,43.180100,43.576800,40.592406
x265,4K,FoodMarket2_4k,37,veryslow,0.064220,31927.970000,37.568400,41.564100,41.981900,38.093975
x265,4K,FoodMarket2_4k,22,placebo,0.319398,158794.020000,44.258600,47.903400,47.943900,44.716731
x265,4K,FoodMarket2_4k,27,placebo,0.185617,92282.610000,42.416000,45.381100,45.615300,42.801275
x265,4K,FoodMarket2_4k,32,placebo,0.110258,54816.670000,40.192200,43.182900,43.579900,40.590850
x265,4K,FoodMarket2_4k,37,placebo,0.064278,31956.760000,37.564600,41.566100,41.982800,38.090831
x265,4K,Neon1224_4k,22,ultrafast,0.359183,89286.830000,45.822200,50.103500,49.817400,46.339481
x265,4K,Neon1224_4k,27,ultrafast,0.197080,48990.750000,43.167400,47.581800,47.176600,43.693875
x265,4K,Neon1224_4k,32,ultrafast,0.111090,27615.190000,40.675400,45.202100,44.776900,41.214662
x265,4K,Neon1224_4k,37,ultrafast,0.065994,16404.950000,38.281100,43.164200,42.696000,38.862225
x265,4K,Neon1224_4k,22,superfast,0.340246,84579.310000,46.621600,49.944900,49.732900,47.023762
x265,4K,Neon1224_4k,27,superfast,0.185451,46100.030000,43.823500,47.307200,46.988400,44.239037
x265,4K,Neon1224_4k,32,superfast,0.103702,25778.450000,41.192900,44.831200,44.455100,41.624181
x265,4K,Neon1224_4k,37,superfast,0.061798,15361.880000,38.710300,42.813700,42.376500,39.195900
x265,4K,Neon1224_4k,22,veryfast,0.341561,84906.200000,46.679500,50.085600,49.862800,47.091337
x265,4K,Neon1224_4k,27,veryfast,0.185374,46080.770000,43.888200,47.438100,47.107100,44.311250
x265,4K,Neon1224_4k,32,veryfast,0.103594,25751.770000,41.251600,44.934700,44.554100,41.688200
x265,4K,Neon1224_4k,37,veryfast,0.061503,15288.570000,38.753400,42.868600,42.417900,39.239631
x265,4K,Neon1224_4k,22,faster,0.341561,84906.200000,46.679500,50.085600,49.862800,47.091337
x265,4K,Neon1224_4k,27,faster,0.185374,46080.770000,43.888200,47.438100,47.107100,44.311250
x265,4K,Neon1224_4k,32,faster,0.103594,25751.770000,41.251600,44.934700,44.554100,41.688200
x265,4K,Neon1224_4k,37,faster,0.061503,15288.570000,38.753400,42.868600,42.417900,39.239631
x265,4K,Neon1224_4k,22,fast,0.341563,84906.910000,46.679500,50.085600,49.862800,47.091337
x265,4K,Neon1224_4k,27,fast,0.185376,46081.470000,43.888200,47.438100,47.107100,44.311250
x265,4K,Neon1224_4k,32,fast,0.103597,25752.460000,41.251600,44.934700,44.554100,41.688200
x265,4K,Neon1224_4k,37,fast,0.061506,15289.260000,38.753400,42.868600,42.417900,39.239631
x265,4K,Neon1224_4k,22,medium,0.340888,84738.940000,46.690000,50.094100,49.869600,47.101481
x265,4K,Neon1224_4k,27,medium,0.185227,46044.350000,43.897500,47.431300,47.105900,44.318888
x265,4K,Neon1224_4k,32,medium,0.103250,25666.160000,41.256900,44.936100,44.552900,41.692850
x265,4K,Neon1224_4k,37,medium,0.061449,15275.110000,38.757500,42.871400,42.418900,39.243456
x265,4K,Neon1224_4k,22,slow,0.311475,77427.450000,46.442400,49.886500,49.633100,46.857075
x265,4K,Neon1224_4k,27,slow,0.164383,40862.860000,43.555400,47.149400,46.770200,43.980950
x265,4K,Neon1224_4k,32,slow,0.092303,22945.030000,40.919700,44.511200,44.138400,41.345338
x265,4K,Neon1224_4k,37,slow,0.055007,13673.850000,38.357000,42.500800,41.994200,38.843313
x265,4K,Neon1224_4k,22,slower,0.312091,77580.570000,46.469500,49.882800,49.621700,46.879844
x265,4K,Neon1224_4k,27,slower,0.163803,40718.790000,43.575800,47.152900,46.767700,43.998863
x265,4K,Neon1224_4k,32,slower,0.092018,22874.040000,40.940700,44.540200,44.149600,41.366225
x265,4K,Neon1224_4k,37,slower,0.054772,13615.380000,38.392800,42.534200,42.024500,38.878619
x265,4K,Neon1224_4k,22,veryslow,0.312094,77581.270000,46.469500,49.882800,49.621700,46.879844
x265,4K,Neon1224_4k,27,veryslow,0.163806,40719.480000,43.575800,47.152900,46.767700,43.998863
x265,4K,Neon1224_4k,32,veryslow,0.092020,22874.740000,40.940700,44.540200,44.149600,41.366225
x265,4K,Neon1224_4k,37,veryslow,0.054775,13616.080000,38.392800,42.534200,42.024500,38.878619
x265,4K,Neon1224_4k,22,placebo,0.311554,77447.170000,46.467700,49.889100,49.630000,46.879181
x265,4K,Neon1224_4k,27,placebo,0.163794,40716.470000,43.573700,47.163100,46.778600,43.998344
x265,4K,Neon1224_4k,32,placebo,0.092116,22898.400000,40.937100,44.553100,44.160900,41.364587
x265,4K,Neon1224_4k,37,placebo,0.054816,13626.290000,38.381200,42.552500,42.025200,38.869656
x265,4K,NocturneDance_4k,22,ultrafast,0.433370,215672.660000,47.042500,44.239500,47.358700,46.887075
x265,4K,NocturneDance_4k,27,ultrafast,0.241513,120192.480000,44.138400,41.367600,45.191500,44.031044
x265,4K,NocturneDance_4k,32,ultrafast,0.130262,64826.880000,41.079000,39.290800,43.661700,41.128656
x265,4K,NocturneDance_4k,37,ultrafast,0.068332,34006.560000,38.152200,37.880400,42.669600,38.417550
x265,4K,NocturneDance_4k,22,superfast,0.417378,207714.250000,47.331900,44.521900,47.627800,47.174769
x265,4K,NocturneDance_4k,27,superfast,0.233738,116323.200000,44.422200,41.581700,45.331500,44.301500
x265,4K,NocturneDance_4k,32,superfast,0.128222,63811.680000,41.384600,39.444600,43.727800,41.409800
x265,4K,NocturneDance_4k,37,superfast,0.068305,33993.120000,38.401400,37.978000,42.696800,38.643400
x265,4K,NocturneDance_4k,22,veryfast,0.417880,207963.860000,47.397100,44.556100,47.671500,47.236688
x265,4K,NocturneDance_4k,27,veryfast,0.233798,116352.960000,44.475100,41.609000,45.365300,44.351606
x265,4K,NocturneDance_4k,32,veryfast,0.128361,63880.800000,41.431300,39.461900,43.751700,41.453238
x265,4K,NocturneDance_4k,37,veryfast,0.068365,34022.880000,38.435200,37.986300,42.708100,38.674200
x265,4K,NocturneDance_4k,22,faster,0.417880,207963.860000,47.397100,44.556100,47.671500,47.236688
x265,4K,NocturneDance_4k,27,faster,0.233798,116352.960000,44.475100,41.609000,45.365300,44.351606
x265,4K,NocturneDance_4k,32,faster,0.128361,63880.800000,41.431300,39.461900,43.751700,41.453238
x265,4K,NocturneDance_4k,37,faster,0.068365,34022.880000,38.435200,37.986300,42.708100,38.674200
x265,4K,NocturneDance_4k,22,fast,0.417883,207965.280000,47.397100,44.556100,47.671500,47.236688
x265,4K,NocturneDance_4k,27,fast,0.233801,116354.410000,44.475100,41.609000,45.365300,44.351606
x265,4K,NocturneDance_4k,32,fast,0.128364,63882.250000,41.431300,39.461900,43.751700,41.453238
x265,4K,NocturneDance_4k,37,fast,0.068368,34024.320000,38.435200,37.986300,42.708100,38.674200
x265,4K,NocturneDance_4k,22,medium,0.417640,207844.340000,47.407800,44.556700,47.670400,47.246019
x265,4K,NocturneDance_4k,27,medium,0.233636,116272.330000,44.480700,41.611200,45.364100,44.356569
x265,4K,NocturneDance_4k,32,medium,0.128146,63773.760000,41.436800,39.461400,43.747200,41.457738
x265,4K,NocturneDance_4k,37,medium,0.068032,33857.280000,38.437000,37.984100,42.711600,38.675856
x265,4K,NocturneDance_4k,22,slow,0.379274,188750.890000,47.246300,44.146000,47.278600,47.054550
x265,4K,NocturneDance_4k,27,slow,0.206603,102818.880000,44.198400,41.063400,44.971600,44.050787
x265,4K,NocturneDance_4k,32,slow,0.109940,54713.290000,41.077600,38.820700,43.408500,41.082225
x265,4K,NocturneDance_4k,37,slow,0.055535,27637.920000,37.977500,37.292500,42.485400,38.216431
x265,4K,NocturneDance_4k,22,slower,0.378605,188418.250000,47.261800,44.152600,47.281000,47.068675
x265,4K,NocturneDance_4k,27,slower,0.205874,102456.010000,44.211100,41.083900,44.983000,44.063894
x265,4K,NocturneDance_4k,32,slower,0.110024,54755.040000,41.103500,38.857900,43.436400,41.108956
x265,4K,NocturneDance_4k,37,slower,0.056270,28003.680000,38.035100,37.364800,42.509100,38.272831
x265,4K,NocturneDance_4k,22,veryslow,0.378608,188419.690000,47.261800,44.152600,47.281000,47.068675
x265,4K,NocturneDance_4k,27,veryslow,0.205877,102457.440000,44.211100,41.083900,44.983000,44.063894
x265,4K,NocturneDance_4k,32,veryslow,0.110027,54756.480000,41.103500,38.857900,43.436400,41.108956
x265,4K,NocturneDance_4k,37,veryslow,0.056273,28005.120000,38.035100,37.364800,42.509100,38.272831
x265,4K,NocturneDance_4k,22,placebo,0.379079,188653.940000,47.265400,44.161200,47.291000,47.072987
x265,4K,NocturneDance_4k,27,placebo,0.206496,102765.610000,44.217500,41.084600,44.990800,44.070025
x265,4K,NocturneDance_4k,32,placebo,0.110008,54746.880000,41.105500,38.851000,43.424000,41.109500
x265,4K,NocturneDance_4k,37,placebo,0.056013,27875.520000,38.027900,37.351000,42.498100,38.264981
x265,4K,PierSeaSide_4k,22,ultrafast,0.205136,50993.370000,45.717100,47.691000,45.792500,45.845181
x265,4K,PierSeaSide_4k,27,ultrafast,0.111698,27766.230000,43.998300,45.880900,44.134600,44.124481
x265,4K,PierSeaSide_4k,32,ultrafast,0.065099,16182.470000,41.925000,44.154400,42.827200,42.120725
x265,4K,PierSeaSide_4k,37,ultrafast,0.039733,9876.940000,39.580100,42.682500,41.734100,39.908625
x265,4K,PierSeaSide_4k,22,superfast,0.197729,49151.990000,45.845400,47.683400,45.831000,45.959375
x265,4K,PierSeaSide_4k,27,superfast,0.106953,26586.740000,44.147200,45.822800,44.124400,44.250500
x265,4K,PierSeaSide_4k,32,superfast,0.063180,15705.470000,42.109100,44.016300,42.741300,42.267812
x265,4K,PierSeaSide_4k,37,superfast,0.038845,9656.300000,39.740100,42.515500,41.594400,40.029456
x265,4K,PierSeaSide_4k,22,veryfast,0.197286,49042.020000,45.878000,47.713900,45.849800,45.990981
x265,4K,PierSeaSide_4k,27,veryfast,0.106615,26502.750000,44.198600,45.844700,44.141600,44.297919
x265,4K,PierSeaSide_4k,32,veryfast,0.062670,15578.800000,42.157400,44.018600,42.748900,42.310694
x265,4K,PierSeaSide_4k,37,veryfast,0.038481,9565.820000,39.756500,42.525000,41.605800,40.045113
x265,4K,PierSeaSide_4k,22,faster,0.197286,49042.020000,45.878000,47.713900,45.849800,45.990981
x265,4K,PierSeaSide_4k,27,faster,0.106615,26502.750000,44.198600,45.844700,44.141600,44.297919
x265,4K,PierSeaSide_4k,32,faster,0.062670,15578.800000,42.157400,44.018600,42.748900,42.310694
x265,4K,PierSeaSide_4k,37,faster,0.038481,9565.820000,39.756500,42.525000,41.605800,40.045113
x265,4K,PierSeaSide_4k,22,fast,0.197289,49042.710000,45.878000,47.713900,45.849800,45.990981
x265,4K,PierSeaSide_4k,27,fast,0.106618,26503.450000,44.198600,45.844700,44.141600,44.297919
x265,4K,PierSeaSide_4k,32,fast,0.062673,15579.500000,42.157400,44.018600,42.748900,42.310694
x265,4K,PierSeaSide_4k,37,fast,0.038484,9566.520000,39.756500,42.525000,41.605800,40.045113
x265,4K,PierSeaSide_4k,22,medium,0.196816,48925.090000,45.880800,47.718900,45.852500,45.993912
x265,4K,PierSeaSide_4k,27,medium,0.106510,26476.540000,44.201800,45.840600,44.137800,44.300225
x265,4K,PierSeaSide_4k,32,medium,0.062650,15573.700000,42.162600,44.015200,42.746400,42.314875
x265,4K,PierSeaSide_4k,37,medium,0.038296,9519.660000,39.754300,42.520100,41.607100,40.042963
x265,4K,PierSeaSide_4k,22,slow,0.169848,42221.450000,45.681000,47.459300,45.490900,45.780262
x265,4K,PierSeaSide_4k,27,slow,0.094756,23554.730000,43.983700,45.475900,43.778800,44.064156
x265,4K,PierSeaSide_4k,32,slow,0.055410,13774.070000,41.875200,43.508800,42.311500,42.004569
x265,4K,PierSeaSide_4k,37,slow,0.033548,8339.470000,39.375300,41.907200,41.098300,39.641231
x265,4K,PierSeaSide_4k,22,slower,0.169392,42108.000000,45.689600,47.459900,45.490600,45.787806
x265,4K,PierSeaSide_4k,27,slower,0.094631,23523.640000,43.997800,45.475200,43.783800,44.076763
x265,4K,PierSeaSide_4k,32,slower,0.055558,13810.730000,41.888800,43.513100,42.316000,42.017019
x265,4K,PierSeaSide_4k,37,slower,0.033565,8343.650000,39.394700,41.928000,41.106000,39.659987
x265,4K,PierSeaSide_4k,22,veryslow,0.169395,42108.700000,45.689600,47.459900,45.490600,45.787806
x265,4K,PierSeaSide_4k,27,veryslow,0.094634,23524.340000,43.997800,45.475200,43.783800,44.076763
x265,4K,PierSeaSide_4k,32,veryslow,0.055561,13811.420000,41.888800,43.513100,42.316000,42.017019
x265,4K,PierSeaSide_4k,37,veryslow,0.033568,8344.340000,39.394700,41.928000,41.106000,39.659987
x265,4K,PierSeaSide_4k,22,placebo,0.169803,42210.080000,45.688300,47.463100,45.493100,45.787025
x265,4K,PierSeaSide_4k,27,placebo,0.094600,23515.990000,43.997600,45.478500,43.783300,44.076763
x265,4K,PierSeaSide_4k,32,placebo,0.055657,13835.320000,41.886300,43.526000,42.320100,42.015894
x265,4K,PierSeaSide_4k,37,placebo,0.033728,8384.250000,39.389200,41.927000,41.114000,39.655613
x265,4K,Tango_4k,22,ultrafast,0.393674,195721.420000,41.885300,48.907100,47.658800,42.685006
x265,4K,Tango_4k,27,ultrafast,0.127154,63216.850000,40.288100,47.729300,46.027800,41.111906
x265,4K,Tango_4k,32,ultrafast,0.064647,32140.370000,39.344200,46.396900,44.455500,40.104450
x265,4K,Tango_4k,37,ultrafast,0.038897,19338.310000,38.158100,45.151700,43.114900,38.905000
x265,4K,Tango_4k,22,superfast,0.385884,191848.660000,41.937900,48.811100,47.551400,42.718319
x265,4K,Tango_4k,27,superfast,0.125394,62341.760000,40.322800,47.687200,46.000200,41.137912
x265,4K,Tango_4k,32,superfast,0.063718,31678.280000,39.389900,46.366200,44.437500,40.141394
x265,4K,Tango_4k,37,superfast,0.038522,19151.870000,38.210000,45.135200,43.115500,38.949419
x265,4K,Tango_4k,22,veryfast,0.386387,192098.810000,41.951400,48.869500,47.611300,42.737525
x265,4K,Tango_4k,27,veryfast,0.125642,62464.950000,40.341300,47.691800,46.013600,41.155225
x265,4K,Tango_4k,32,veryfast,0.063442,31541.400000,39.405400,46.362300,44.437100,40.154688
x265,4K,Tango_4k,37,veryfast,0.038210,18996.580000,38.219500,45.110500,43.105200,38.955544
x265,4K,Tango_4k,22,faster,0.386387,192098.810000,41.951400,48.869500,47.611300,42.737525
x265,4K,Tango_4k,27,faster,0.125642,62464.950000,40.341300,47.691800,46.013600,41.155225
x265,4K,Tango_4k,32,faster,0.063442,31541.400000,39.405400,46.362300,44.437100,40.154688
x265,4K,Tango_4k,37,faster,0.038210,18996.580000,38.219500,45.110500,43.105200,38.955544
x265,4K,Tango_4k,22,fast,0.386390,192100.220000,41.951400,48.869500,47.611300,42.737525
x265,4K,Tango_4k,27,fast,0.125645,62466.370000,40.341300,47.691800,46.013600,41.155225
x265,4K,Tango_4k,32,fast,0.063445,31542.820000,39.405400,46.362300,44.437100,40.154688
x265,4K,Tango_4k,37,fast,0.038213,18998.000000,38.219500,45.110500,43.105200,38.955544
x265,4K,Tango_4k,22,medium,0.386117,191964.770000,41.953500,48.864800,47.606200,42.738750
x265,4K,Tango_4k,27,medium,0.125058,62174.680000,40.344000,47.700000,46.025100,41.158819
x265,4K,Tango_4k,32,medium,0.063316,31478.620000,39.410100,46.367300,44.444100,40.159550
x265,4K,Tango_4k,37,medium,0.038108,18946.080000,38.224700,45.122200,43.102500,38.960656
x265,4K,Tango_4k,22,slow,0.255018,126786.290000,41.416500,48.770400,47.384800,42.249138
x265,4K,Tango_4k,27,slow,0.098808,49123.880000,40.169100,47.548500,45.712100,40.976750
x265,4K,Tango_4k,32,slow,0.056105,27893.790000,39.270500,46.094600,43.976600,39.991138
x265,4K,Tango_4k,37,slow,0.033952,16879.660000,38.013100,44.808000,42.594400,38.724112
x265,4K,Tango_4k,22,slower,0.256095,127322.000000,41.426300,48.777800,47.394300,42.258769
x265,4K,Tango_4k,27,slower,0.098800,49120.100000,40.175100,47.553100,45.719800,40.982769
x265,4K,Tango_4k,32,slower,0.056212,27946.650000,39.281700,46.094600,43.987600,40.001625
x265,4K,Tango_4k,37,slower,0.033914,16860.780000,38.028900,44.806900,42.609900,38.738838
x265,4K,Tango_4k,22,veryslow,0.256098,127323.430000,41.426300,48.777800,47.394300,42.258769
x265,4K,Tango_4k,27,veryslow,0.098803,49121.520000,40.175100,47.553100,45.719800,40.982769
x265,4K,Tango_4k,32,veryslow,0.056215,27948.060000,39.281700,46.094600,43.987600,40.001625
x265,4K,Tango_4k,37,veryslow,0.033917,16862.200000,38.028900,44.806900,42.609900,38.738838
x265,4K,Tango_4k,22,placebo,0.256397,127472.110000,41.425200,48.774600,47.392800,42.257512
x265,4K,Tango_4k,27,placebo,0.099039,49239.040000,40.174700,47.555500,45.724400,40.982856
x265,4K,Tango_4k,32,placebo,0.056078,27880.100000,39.279400,46.101400,43.990900,40.000244
x265,4K,Tango_4k,37,placebo,0.033888,16848.040000,38.026400,44.818200,42.611100,38.737431
x265,4K,TimeLapse_4k,22,ultrafast,0.538707,267827.440000,44.104000,47.963500,49.240200,44.666231
x265,4K,TimeLapse_4k,27,ultrafast,0.297357,147836.060000,41.542500,45.644400,47.281200,42.157537
x265,4K,TimeLapse_4k,32,ultrafast,0.164118,81594.170000,38.899900,43.722100,45.478900,39.612475
x265,4K,TimeLapse_4k,37,ultrafast,0.088646,44072.050000,36.303000,42.268700,44.016100,37.157925
x265,4K,TimeLapse_4k,22,superfast,0.520907,258977.450000,44.354900,47.943000,49.174700,44.880394
x265,4K,TimeLapse_4k,27,superfast,0.285048,141716.590000,41.748600,45.481500,47.033200,42.312194
x265,4K,TimeLapse_4k,32,superfast,0.158111,78607.350000,39.114500,43.460900,45.113900,39.761112
x265,4K,TimeLapse_4k,37,superfast,0.086625,43067.170000,36.486400,41.973600,43.671000,37.278388
x265,4K,TimeLapse_4k,22,veryfast,0.520597,258823.580000,44.385500,47.976000,49.234200,44.912950
x265,4K,TimeLapse_4k,27,veryfast,0.284989,141686.860000,41.791600,45.506400,47.063100,42.353244
x265,4K,TimeLapse_4k,32,veryfast,0.158002,78553.550000,39.157900,43.475200,45.131600,39.801088
x265,4K,TimeLapse_4k,37,veryfast,0.085988,42750.460000,36.505600,41.988300,43.685800,37.297031
x265,4K,TimeLapse_4k,22,faster,0.520597,258823.580000,44.385500,47.976000,49.234200,44.912950
x265,4K,TimeLapse_4k,27,faster,0.284989,141686.860000,41.791600,45.506400,47.063100,42.353244
x265,4K,TimeLapse_4k,32,faster,0.158002,78553.550000,39.157900,43.475200,45.131600,39.801088
x265,4K,TimeLapse_4k,37,faster,0.085988,42750.460000,36.505600,41.988300,43.685800,37.297031
x265,4K,TimeLapse_4k,22,fast,0.520600,258824.980000,44.385500,47.976000,49.234200,44.912950
x265,4K,TimeLapse_4k,27,fast,0.284991,141688.270000,41.791600,45.506400,47.063100,42.353244
x265,4K,TimeLapse_4k,32,fast,0.158005,78554.960000,39.157900,43.475200,45.131600,39.801088
x265,4K,TimeLapse_4k,37,fast,0.085991,42751.880000,36.505600,41.988300,43.685800,37.297031
x265,4K,TimeLapse_4k,22,medium,0.520061,258556.910000,44.391600,47.972700,49.230900,44.917875
x265,4K,TimeLapse_4k,27,medium,0.284741,141563.660000,41.796300,45.501800,47.054800,42.356550
x265,4K,TimeLapse_4k,32,medium,0.157525,78316.130000,39.161000,43.470400,45.119000,39.802713
x265,4K,TimeLapse_4k,37,medium,0.085963,42737.710000,36.506900,42.000100,43.685600,37.298894
x265,4K,TimeLapse_4k,22,slow,0.452384,224910.380000,44.078100,47.539100,48.912100,44.596537
x265,4K,TimeLapse_4k,27,slow,0.251961,125266.450000,41.500700,44.952700,46.650600,42.038319
x265,4K,TimeLapse_4k,32,slow,0.138595,68904.920000,38.794000,42.816800,44.646500,39.411206
x265,4K,TimeLapse_4k,37,slow,0.073289,36436.990000,36.056700,41.341700,43.282000,36.838594
x265,4K,TimeLapse_4k,22,slower,0.451708,224574.310000,44.087500,47.540400,48.912900,44.604894
x265,4K,TimeLapse_4k,27,slower,0.251680,125126.730000,41.506500,44.962900,46.669300,42.045200
x265,4K,TimeLapse_4k,32,slower,0.138386,68801.080000,38.804800,42.850500,44.662600,39.423769
x265,4K,TimeLapse_4k,37,slower,0.073339,36461.530000,36.071000,41.389900,43.309700,36.855850
x265,4K,TimeLapse_4k,22,veryslow,0.451711,224575.720000,44.087500,47.540400,48.912900,44.604894
x265,4K,TimeLapse_4k,27,veryslow,0.251682,125128.160000,41.506500,44.962900,46.669300,42.045200
x265,4K,TimeLapse_4k,32,veryslow,0.138389,68802.500000,38.804800,42.850500,44.662600,39.423769
x265,4K,TimeLapse_4k,37,veryslow,0.073341,36462.950000,36.071000,41.389900,43.309700,36.855850
x265,4K,TimeLapse_4k,22,placebo,0.451591,224516.250000,44.087800,47.545300,48.920800,44.605956
x265,4K,TimeLapse_4k,27,placebo,0.251639,125106.430000,41.507500,44.964000,46.665400,42.045900
x265,4K,TimeLapse_4k,32,placebo,0.138485,68850.170000,38.802700,42.855200,44.669600,39.422663
x265,4K,TimeLapse_4k,37,placebo,0.073420,36502.120000,36.066400,41.396300,43.307400,36.852081
x265,1080p,Boat_2k,22,ultrafast,1.574979,195756.810000,41.773800,42.929900,43.793100,41.972262
x265,1080p,Boat_2k,27,ultrafast,0.987924,122790.810000,37.987800,40.106900,41.280000,38.326006
x265,1080p,Boat_2k,32,ultrafast,0.590803,73431.880000,34.334400,38.266200,39.582600,34.908150
x265,1080p,Boat_2k,37,ultrafast,0.338093,42022.160000,31.040100,37.039600,38.329600,31.870663
x265,1080p,Boat_2k,22,superfast,1.526291,189705.310000,42.220200,43.129200,44.003900,42.388494
x265,1080p,Boat_2k,27,superfast,0.956952,118941.180000,38.339900,40.207400,41.394100,38.647506
x265,1080p,Boat_2k,32,superfast,0.574071,71352.250000,34.662800,38.251200,39.571200,35.193850
x265,1080p,Boat_2k,37,superfast,0.330882,41125.840000,31.330300,36.928600,38.216800,32.110600
x265,1080p,Boat_2k,22,veryfast,1.527958,189912.520000,42.280500,43.218600,44.142400,42.455500
x265,1080p,Boat_2k,27,veryfast,0.956113,118836.860000,38.445600,40.303400,41.531400,38.754575
x265,1080p,Boat_2k,32,veryfast,0.573349,71262.560000,34.779800,38.328000,39.702500,35.309231
x265,1080p,Boat_2k,37,veryfast,0.329913,41005.480000,31.423800,36.981000,38.311600,32.201612
x265,1080p,Boat_2k,22,faster,1.527958,189912.520000,42.280500,43.218600,44.142400,42.455500
x265,1080p,Boat_2k,27,faster,0.956113,118836.860000,38.445600,40.303400,41.531400,38.754575
x265,1080p,Boat_2k,32,faster,0.573349,71262.560000,34.779800,38.328000,39.702500,35.309231
x265,1080p,Boat_2k,37,faster,0.329913,41005.480000,31.423800,36.981000,38.311600,32.201612
x265,1080p,Boat_2k,22,fast,1.527969,189913.920000,42.280500,43.218600,44.142400,42.455500
x265,1080p,Boat_2k,27,fast,0.956124,118838.280000,38.445600,40.303400,41.531400,38.754575
x265,1080p,Boat_2k,32,fast,0.573361,71263.980000,34.779800,38.328000,39.702500,35.309231
x265,1080p,Boat_2k,37,fast,0.329925,41006.890000,31.423800,36.981000,38.311600,32.201612
x265,1080p,Boat_2k,22,medium,1.527119,189808.200000,42.295400,43.214800,44.143600,42.468375
x265,1080p,Boat_2k,27,medium,0.955535,118765.120000,38.454100,40.302000,41.527500,38.761681
x265,1080p,Boat_2k,32,medium,0.573038,71223.860000,34.786800,38.325300,39.702500,35.315188
x265,1080p,Boat_2k,37,medium,0.330502,41078.630000,31.430600,36.983700,38.321400,32.208344
x265,1080p,Boat_2k,22,slow,1.435177,178380.610000,42.192000,42.719200,43.631500,42.314919
x265,1080p,Boat_2k,27,slow,0.880808,109477.100000,38.229600,39.709000,41.000300,38.495231
x265,1080p,Boat_2k,32,slow,0.518874,64491.730000,34.494000,37.755700,39.249200,34.995056
x265,1080p,Boat_2k,37,slow,0.291209,36194.850000,31.019800,36.512500,37.869100,31.791175
x265,1080p,Boat_2k,22,slower,1.434710,178322.560000,42.201700,42.725100,43.638400,42.324206
x265,1080p,Boat_2k,27,slower,0.879186,109275.550000,38.235800,39.710300,41.006900,38.501150
x265,1080p,Boat_2k,32,slower,0.518825,64485.590000,34.499500,37.765500,39.247800,35.000394
x265,1080p,Boat_2k,37,slower,0.291862,36276.040000,31.030000,36.529800,37.890800,31.802538
x265,1080p,Boat_2k,22,veryslow,1.434721,178323.970000,42.201700,42.725100,43.638400,42.324206
x265,1080p,Boat_2k,27,veryslow,0.879198,109276.980000,38.235800,39.710300,41.006900,38.501150
x265,1080p,Boat_2k,32,veryslow,0.518836,64487.000000,34.499500,37.765500,39.247800,35.000394
x265,1080p,Boat_2k,37,veryslow,0.291873,36277.450000,31.030000,36.529800,37.890800,31.802538
x265,1080p,Boat_2k,22,placebo,1.434619,178311.220000,42.203400,42.740500,43.647800,42.327244
x265,1080p,Boat_2k,27,placebo,0.880925,109491.730000,38.237000,39.712100,41.010000,38.502506
x265,1080p,Boat_2k,32,placebo,0.519482,64567.250000,34.503400,37.767100,39.257000,35.004481
x265,1080p,Boat_2k,37,placebo,0.291638,36248.190000,31.024000,36.536100,37.902800,31.798431
x265,1080p,FoodMarket_2k,22,ultrafast,0.794076,98697.090000,41.415900,44.690800,45.247000,41.860025
x265,1080p,FoodMarket_2k,27,ultrafast,0.360738,44836.700000,38.959800,42.846600,43.771800,39.503475
x265,1080p,FoodMarket_2k,32,ultrafast,0.186663,23200.690000,36.902600,41.492600,42.511200,37.540013
x265,1080p,FoodMarket_2k,37,ultrafast,0.101033,12557.560000,34.816400,40.446800,41.415700,35.580756
x265,1080p,FoodMarket_2k,22,superfast,0.779391,96871.870000,41.595700,44.745500,45.267800,42.022069
x265,1080p,FoodMarket_2k,27,superfast,0.347044,43134.660000,39.095200,42.849300,43.719300,39.618837
x265,1080p,FoodMarket_2k,32,superfast,0.180553,22441.240000,37.080100,41.465600,42.425500,37.688281
x265,1080p,FoodMarket_2k,37,superfast,0.098534,12246.980000,34.991700,40.431100,41.321500,35.727275
x265,1080p,FoodMarket_2k,22,veryfast,0.780477,97006.860000,41.616200,44.757800,45.290800,42.042212
x265,1080p,FoodMarket_2k,27,veryfast,0.346353,43048.760000,39.130400,42.858700,43.734300,39.651162
x265,1080p,FoodMarket_2k,32,veryfast,0.180728,22462.950000,37.118900,41.472300,42.426000,37.722681
x265,1080p,FoodMarket_2k,37,veryfast,0.097900,12168.160000,35.005400,40.423500,41.313300,35.738275
x265,1080p,FoodMarket_2k,22,faster,0.780477,97006.860000,41.616200,44.757800,45.290800,42.042212
x265,1080p,FoodMarket_2k,27,faster,0.346353,43048.760000,39.130400,42.858700,43.734300,39.651162
x265,1080p,FoodMarket_2k,32,faster,0.180728,22462.950000,37.118900,41.472300,42.426000,37.722681
x265,1080p,FoodMarket_2k,37,faster,0.097900,12168.160000,35.005400,40.423500,41.313300,35.738275
x265,1080p,FoodMarket_2k,22,fast,0.780489,97008.280000,41.616200,44.757800,45.290800,42.042212
x265,1080p,FoodMarket_2k,27,fast,0.346364,43050.180000,39.130400,42.858700,43.734300,39.651162
x265,1080p,FoodMarket_2k,32,fast,0.180739,22464.370000,37.118900,41.472300,42.426000,37.722681
x265,1080p,FoodMarket_2k,37,fast,0.097911,12169.580000,35.005400,40.423500,41.313300,35.738275
x265,1080p,FoodMarket_2k,22,medium,0.779680,96907.730000,41.623000,44.758500,45.289500,42.048125
x265,1080p,FoodMarket_2k,27,medium,0.346011,43006.280000,39.134100,42.858100,43.739300,39.654675
x265,1080p,FoodMarket_2k,32,medium,0.179983,22370.440000,37.123800,41.473400,42.434100,37.727544
x265,1080p,FoodMarket_2k,37,medium,0.097539,12123.320000,35.007600,40.428500,41.319700,35.740913
x265,1080p,FoodMarket_2k,22,slow,0.617116,76702.360000,41.058900,44.334400,44.979900,41.508681
x265,1080p,FoodMarket_2k,27,slow,0.297292,36950.990000,38.861000,42.494500,43.508400,39.378556
x265,1080p,FoodMarket_2k,32,slow,0.157901,19625.760000,36.831700,41.077300,42.099700,37.426300
x265,1080p,FoodMarket_2k,37,slow,0.083959,10435.450000,34.639900,39.999000,40.952800,35.369400
x265,1080p,FoodMarket_2k,22,slower,0.616603,76638.650000,41.067900,44.336800,44.985300,41.517044
x265,1080p,FoodMarket_2k,27,slower,0.296681,36875.000000,38.867300,42.502400,43.515000,39.384975
x265,1080p,FoodMarket_2k,32,slower,0.157624,19591.310000,36.839500,41.091700,42.118700,37.435213
x265,1080p,FoodMarket_2k,37,slower,0.083990,10439.220000,34.654000,40.029000,40.969300,35.384644
x265,1080p,FoodMarket_2k,22,veryslow,0.616614,76640.050000,41.067900,44.336800,44.985300,41.517044
x265,1080p,FoodMarket_2k,27,veryslow,0.296693,36876.420000,38.867300,42.502400,43.515000,39.384975
x265,1080p,FoodMarket_2k,32,veryslow,0.157635,19592.720000,36.839500,41.091700,42.118700,37.435213
x265,1080p,FoodMarket_2k,37,veryslow,0.084001,10440.640000,34.654000,40.029000,40.969300,35.384644
x265,1080p,FoodMarket_2k,22,placebo,0.617283,76723.130000,41.065300,44.341100,44.987700,41.515188
x265,1080p,FoodMarket_2k,27,placebo,0.296708,36878.300000,38.865300,42.503400,43.521000,39.383662
x265,1080p,FoodMarket_2k,32,placebo,0.156982,19511.540000,36.836100,41.095500,42.128300,37.433075
x265,1080p,FoodMarket_2k,37,placebo,0.084168,10461.410000,34.648600,40.022100,40.970600,35.379569
x265,1080p,MeridianTalk_sdr_2k,22,ultrafast,0.319686,39734.380000,43.026500,45.894100,50.318900,43.661500
x265,1080p,MeridianTalk_sdr_2k,27,ultrafast,0.134189,16678.590000,41.510400,44.991900,48.806200,42.183981
x265,1080p,MeridianTalk_sdr_2k,32,ultrafast,0.074405,9247.900000,40.073700,43.979500,47.094100,40.756588
x265,1080p,MeridianTalk_sdr_2k,37,ultrafast,0.045031,5596.980000,38.432300,43.004500,45.598700,39.165962
x265,1080p,MeridianTalk_sdr_2k,22,superfast,0.304174,37806.260000,43.167700,45.895300,50.214500,43.778600
x265,1080p,MeridianTalk_sdr_2k,27,superfast,0.125576,15608.100000,41.673900,44.928400,48.602800,42.310363
x265,1080p,MeridianTalk_sdr_2k,32,superfast,0.070752,8793.830000,40.272800,43.899700,46.945800,40.916544
x265,1080p,MeridianTalk_sdr_2k,37,superfast,0.043573,5415.730000,38.619700,42.967600,45.464200,39.319225
x265,1080p,MeridianTalk_sdr_2k,22,veryfast,0.303448,37716.110000,43.197100,45.930900,50.295500,43.811612
x265,1080p,MeridianTalk_sdr_2k,27,veryfast,0.124786,15509.920000,41.714200,44.950800,48.650900,42.350031
x265,1080p,MeridianTalk_sdr_2k,32,veryfast,0.070041,8705.570000,40.308200,43.910200,46.936500,40.947594
x265,1080p,MeridianTalk_sdr_2k,37,veryfast,0.043094,5356.260000,38.635600,42.984100,45.475000,39.334844
x265,1080p,MeridianTalk_sdr_2k,22,faster,0.303448,37716.110000,43.197100,45.930900,50.295500,43.811612
x265,1080p,MeridianTalk_sdr_2k,27,faster,0.124786,15509.920000,41.714200,44.950800,48.650900,42.350031
x265,1080p,MeridianTalk_sdr_2k,32,faster,0.070041,8705.570000,40.308200,43.910200,46.936500,40.947594
x265,1080p,MeridianTalk_sdr_2k,37,faster,0.043094,5356.260000,38.635600,42.984100,45.475000,39.334844
x265,1080p,MeridianTalk_sdr_2k,22,fast,0.303460,37717.520000,43.197100,45.930900,50.295500,43.811612
x265,1080p,MeridianTalk_sdr_2k,27,fast,0.124798,15511.340000,41.714200,44.950800,48.650900,42.350031
x265,1080p,MeridianTalk_sdr_2k,32,fast,0.070053,8706.980000,40.308200,43.910200,46.936500,40.947594
x265,1080p,MeridianTalk_sdr_2k,37,fast,0.043106,5357.670000,38.635600,42.984100,45.475000,39.334844
x265,1080p,MeridianTalk_sdr_2k,22,medium,0.302613,37612.270000,43.199700,45.934800,50.295300,43.814119
x265,1080p,MeridianTalk_sdr_2k,27,medium,0.124327,15452.810000,41.717800,44.945700,48.634700,42.351850
x265,1080p,MeridianTalk_sdr_2k,32,medium,0.069958,8695.180000,40.309800,43.899000,46.923900,40.947506
x265,1080p,MeridianTalk_sdr_2k,37,medium,0.042828,5323.220000,38.638600,42.957200,45.404700,39.331394
x265,1080p,MeridianTalk_sdr_2k,22,slow,0.208309,25891.090000,42.746800,45.696400,50.064800,43.388525
x265,1080p,MeridianTalk_sdr_2k,27,slow,0.106790,13273.110000,41.489900,44.694500,48.310400,42.116469
x265,1080p,MeridianTalk_sdr_2k,32,slow,0.061402,7631.770000,40.026000,43.532300,46.423900,40.645012
x265,1080p,MeridianTalk_sdr_2k,37,slow,0.038047,4728.970000,38.308400,42.509500,44.685100,38.969513
x265,1080p,MeridianTalk_sdr_2k,22,slower,0.209084,25987.380000,42.753900,45.703500,50.066400,43.395281
x265,1080p,MeridianTalk_sdr_2k,27,slower,0.106501,13237.240000,41.499300,44.698300,48.314700,42.125200
x265,1080p,MeridianTalk_sdr_2k,32,slower,0.061148,7600.140000,40.038700,43.548300,46.418900,40.656813
x265,1080p,MeridianTalk_sdr_2k,37,slower,0.037694,4685.070000,38.319500,42.555300,44.727800,38.984756
x265,1080p,MeridianTalk_sdr_2k,22,veryslow,0.209095,25988.790000,42.753900,45.703500,50.066400,43.395281
x265,1080p,MeridianTalk_sdr_2k,27,veryslow,0.106513,13238.660000,41.499300,44.698300,48.314700,42.125200
x265,1080p,MeridianTalk_sdr_2k,32,veryslow,0.061159,7601.560000,40.038700,43.548300,46.418900,40.656813
x265,1080p,MeridianTalk_sdr_2k,37,veryslow,0.037706,4686.490000,38.319500,42.555300,44.727800,38.984756
x265,1080p,MeridianTalk_sdr_2k,22,placebo,0.208882,25962.360000,42.753500,45.703700,50.079400,43.395756
x265,1080p,MeridianTalk_sdr_2k,27,placebo,0.106931,13290.580000,41.498100,44.696400,48.325300,42.124694
x265,1080p,MeridianTalk_sdr_2k,32,placebo,0.061482,7641.680000,40.034700,43.542100,46.416500,40.652775
x265,1080p,MeridianTalk_sdr_2k,37,placebo,0.037554,4667.610000,38.318600,42.563900,44.735400,38.984981
x265,1080p,RushFieldCuts_2k,22,ultrafast,1.202181,74710.500000,42.304900,44.986800,46.062400,42.707363
x265,1080p,RushFieldCuts_2k,27,ultrafast,0.727279,45197.310000,38.656300,42.179300,43.410700,39.173638
x265,1080p,RushFieldCuts_2k,32,ultrafast,0.428395,26622.930000,35.399100,40.093200,41.461900,36.071406
x265,1080p,RushFieldCuts_2k,37,ultrafast,0.251536,15631.930000,32.395400,38.437600,39.939700,33.244556
x265,1080p,RushFieldCuts_2k,22,superfast,1.137777,70708.030000,44.331000,46.275900,47.106300,44.626013
x265,1080p,RushFieldCuts_2k,27,superfast,0.722097,44875.300000,39.858300,42.543400,43.676400,40.264750
x265,1080p,RushFieldCuts_2k,32,superfast,0.409931,25475.460000,35.971300,39.994000,41.285900,36.554881
x265,1080p,RushFieldCuts_2k,37,superfast,0.241405,15002.280000,32.917200,38.183000,39.599900,33.663981
x265,1080p,RushFieldCuts_2k,22,veryfast,1.138886,70776.950000,44.330800,46.289500,47.123400,44.627756
x265,1080p,RushFieldCuts_2k,27,veryfast,0.721709,44851.170000,39.889200,42.556800,43.694500,40.293756
x265,1080p,RushFieldCuts_2k,32,veryfast,0.409863,25471.280000,36.023200,40.018500,41.318500,36.603862
x265,1080p,RushFieldCuts_2k,37,veryfast,0.240822,14966.090000,32.956400,38.192400,39.616400,33.699900
x265,1080p,RushFieldCuts_2k,22,faster,1.138886,70776.950000,44.330800,46.289500,47.123400,44.627756
x265,1080p,RushFieldCuts_2k,27,faster,0.721709,44851.170000,39.889200,42.556800,43.694500,40.293756
x265,1080p,RushFieldCuts_2k,32,faster,0.409863,25471.280000,36.023200,40.018500,41.318500,36.603862
x265,1080p,RushFieldCuts_2k,37,faster,0.240822,14966.090000,32.956400,38.192400,39.616400,33.699900
x265,1080p,RushFieldCuts_2k,22,fast,1.138897,70777.630000,44.330800,46.289500,47.123400,44.627756
x265,1080p,RushFieldCuts_2k,27,fast,0.721720,44851.870000,39.889200,42.556800,43.694500,40.293756
x265,1080p,RushFieldCuts_2k,32,fast,0.409875,25471.980000,36.023200,40.018500,41.318500,36.603862
x265,1080p,RushFieldCuts_2k,37,fast,0.240833,14966.780000,32.956400,38.192400,39.616400,33.699900
x265,1080p,RushFieldCuts_2k,22,medium,1.142936,71028.660000,44.371000,46.294400,47.123100,44.663219
x265,1080p,RushFieldCuts_2k,27,medium,0.722004,44869.500000,39.915000,42.551900,43.695400,40.316081
x265,1080p,RushFieldCuts_2k,32,medium,0.409389,25441.820000,36.038400,40.003400,41.302100,36.615194
x265,1080p,RushFieldCuts_2k,37,medium,0.240707,14958.900000,32.966100,38.174400,39.591900,33.705731
x265,1080p,RushFieldCuts_2k,22,slow,1.104171,68619.570000,44.314400,45.895300,46.773300,44.566887
x265,1080p,RushFieldCuts_2k,27,slow,0.667123,41458.870000,39.587500,42.097700,43.286900,39.975600
x265,1080p,RushFieldCuts_2k,32,slow,0.372035,23120.430000,35.717300,39.457200,40.863600,36.272688
x265,1080p,RushFieldCuts_2k,37,slow,0.215224,13375.260000,32.590600,37.577900,39.198800,33.315319
x265,1080p,RushFieldCuts_2k,22,slower,1.099336,68319.120000,44.330100,45.933500,46.818800,44.585856
x265,1080p,RushFieldCuts_2k,27,slower,0.667268,41467.910000,39.598600,42.121300,43.323400,39.989069
x265,1080p,RushFieldCuts_2k,32,slower,0.371225,23070.080000,35.729300,39.503300,40.917000,36.289406
x265,1080p,RushFieldCuts_2k,37,slower,0.215836,13413.310000,32.607600,37.635100,39.250400,33.336994
x265,1080p,RushFieldCuts_2k,22,veryslow,1.099348,68319.830000,44.330100,45.933500,46.818800,44.585856
x265,1080p,RushFieldCuts_2k,27,veryslow,0.667279,41468.610000,39.598600,42.121300,43.323400,39.989069
x265,1080p,RushFieldCuts_2k,32,veryslow,0.371236,23070.780000,35.729300,39.503300,40.917000,36.289406
x265,1080p,RushFieldCuts_2k,37,veryslow,0.215847,13414.010000,32.607600,37.635100,39.250400,33.336994
x265,1080p,RushFieldCuts_2k,22,placebo,1.100117,68367.620000,44.332000,45.948000,46.831100,44.589194
x265,1080p,RushFieldCuts_2k,27,placebo,0.667313,41470.700000,39.606900,42.117000,43.311100,39.995294
x265,1080p,RushFieldCuts_2k,32,placebo,0.371890,23111.380000,35.728600,39.509400,40.913200,36.288937
x265,1080p,RushFieldCuts_2k,37,placebo,0.216012,13424.220000,32.606700,37.624900,39.258800,33.336094
x265,1080p,ToddlerFountain_2k,22,ultrafast,1.330841,82706.150000,41.208300,45.757200,43.543800,41.638575
x265,1080p,ToddlerFountain_2k,27,ultrafast,0.767317,47685.520000,37.538700,44.420200,41.732100,38.230881
x265,1080p,ToddlerFountain_2k,32,ultrafast,0.400310,24877.590000,34.215300,43.240500,40.502300,35.172312
x265,1080p,ToddlerFountain_2k,37,ultrafast,0.195464,12147.290000,31.467400,42.266600,39.644700,32.653431
x265,1080p,ToddlerFountain_2k,22,superfast,1.271637,79026.860000,41.806000,45.698600,43.610100,42.162044
x265,1080p,ToddlerFountain_2k,27,superfast,0.733222,45566.660000,38.031100,44.040900,41.599400,38.629731
x265,1080p,ToddlerFountain_2k,32,superfast,0.387804,24100.390000,34.650600,42.691200,40.244000,35.502725
x265,1080p,ToddlerFountain_2k,37,superfast,0.193019,11995.330000,31.783400,41.754200,39.398500,32.882519
x265,1080p,ToddlerFountain_2k,22,veryfast,1.271913,79044.030000,41.858600,45.731800,43.628700,42.211306
x265,1080p,ToddlerFountain_2k,27,veryfast,0.733005,45553.200000,38.107100,44.090900,41.624800,38.700944
x265,1080p,ToddlerFountain_2k,32,veryfast,0.388349,24134.270000,34.713300,42.778900,40.285300,35.565650
x265,1080p,ToddlerFountain_2k,37,veryfast,0.192971,11992.310000,31.816200,41.858400,39.448800,32.920875
x265,1080p,ToddlerFountain_2k,22,faster,1.271913,79044.030000,41.858600,45.731800,43.628700,42.211306
x265,1080p,ToddlerFountain_2k,27,faster,0.733005,45553.200000,38.107100,44.090900,41.624800,38.700944
x265,1080p,ToddlerFountain_2k,32,faster,0.388349,24134.270000,34.713300,42.778900,40.285300,35.565650
x265,1080p,ToddlerFountain_2k,37,faster,0.192971,11992.310000,31.816200,41.858400,39.448800,32.920875
x265,1080p,ToddlerFountain_2k,22,fast,1.271924,79044.730000,41.858600,45.731800,43.628700,42.211306
x265,1080p,ToddlerFountain_2k,27,fast,0.733017,45553.900000,38.107100,44.090900,41.624800,38.700944
x265,1080p,ToddlerFountain_2k,32,fast,0.388360,24134.960000,34.713300,42.778900,40.285300,35.565650
x265,1080p,ToddlerFountain_2k,37,fast,0.192982,11993.010000,31.816200,41.858400,39.448800,32.920875
x265,1080p,ToddlerFountain_2k,22,medium,1.271013,78988.110000,41.875600,45.722200,43.625500,42.225381
x265,1080p,ToddlerFountain_2k,27,medium,0.732875,45545.080000,38.117600,44.063200,41.617900,38.707969
x265,1080p,ToddlerFountain_2k,32,medium,0.387584,24086.710000,34.721000,42.758800,40.271200,35.570250
x265,1080p,ToddlerFountain_2k,37,medium,0.192829,11983.500000,31.818200,41.833700,39.430100,32.919913
x265,1080p,ToddlerFountain_2k,22,slow,1.188339,73850.240000,41.681100,45.447600,43.167900,42.009431
x265,1080p,ToddlerFountain_2k,27,slow,0.666048,41392.050000,37.776100,43.822000,41.225300,38.369544
x265,1080p,ToddlerFountain_2k,32,slow,0.337350,20964.910000,34.295300,42.507900,39.886800,35.158056
x265,1080p,ToddlerFountain_2k,37,slow,0.159831,9932.850000,31.344600,41.545200,39.080100,32.465606
x265,1080p,ToddlerFountain_2k,22,slower,1.183579,73554.450000,41.685900,45.468500,43.176400,42.015469
x265,1080p,ToddlerFountain_2k,27,slower,0.663330,41223.150000,37.784900,43.840100,41.232200,38.378806
x265,1080p,ToddlerFountain_2k,32,slower,0.338138,21013.870000,34.306300,42.523700,39.908800,35.170044
x265,1080p,ToddlerFountain_2k,37,slower,0.159600,9918.460000,31.363800,41.556900,39.098700,32.484300
x265,1080p,ToddlerFountain_2k,22,veryslow,1.183590,73555.140000,41.685900,45.468500,43.176400,42.015469
x265,1080p,ToddlerFountain_2k,27,veryslow,0.663341,41223.850000,37.784900,43.840100,41.232200,38.378806
x265,1080p,ToddlerFountain_2k,32,veryslow,0.338149,21014.560000,34.306300,42.523700,39.908800,35.170044
x265,1080p,ToddlerFountain_2k,37,veryslow,0.159611,9919.160000,31.363800,41.556900,39.098700,32.484300
x265,1080p,ToddlerFountain_2k,22,placebo,1.185214,73656.050000,41.693100,45.473800,43.191900,42.023069
x265,1080p,ToddlerFountain_2k,27,placebo,0.664091,41270.480000,37.789900,43.839800,41.240000,38.383650
x265,1080p,ToddlerFountain_2k,32,placebo,0.336846,20933.590000,34.305600,42.526900,39.910400,35.169731
x265,1080p,ToddlerFountain_2k,37,placebo,0.160223,9957.210000,31.356200,41.570300,39.095700,32.478300
x265,1080p,TreesAndGrass_2k,22,ultrafast,2.660918,165530.410000,40.642600,43.409100,45.464300,41.116862
x265,1080p,TreesAndGrass_2k,27,ultrafast,1.839626,114439.450000,36.279200,40.374000,43.256500,36.971206
x265,1080p,TreesAndGrass_2k,32,ultrafast,1.173661,73011.120000,32.010300,38.119500,41.656300,32.995000
x265,1080p,TreesAndGrass_2k,37,ultrafast,0.678538,42210.480000,28.187400,36.480800,40.497700,29.475131
x265,1080p,TreesAndGrass_2k,22,superfast,2.552732,158800.330000,41.375700,43.519700,45.441800,41.763831
x265,1080p,TreesAndGrass_2k,27,superfast,1.768202,109996.330000,36.850700,40.376000,43.119200,37.462812
x265,1080p,TreesAndGrass_2k,32,superfast,1.137766,70778.160000,32.475800,38.000700,41.380400,33.377644
x265,1080p,TreesAndGrass_2k,37,superfast,0.665424,41394.720000,28.543800,36.301800,40.131900,29.752931
x265,1080p,TreesAndGrass_2k,22,veryfast,2.555482,158971.450000,41.424400,43.546400,45.478400,41.810400
x265,1080p,TreesAndGrass_2k,27,veryfast,1.770579,110144.160000,36.907300,40.398700,43.160800,37.516356
x265,1080p,TreesAndGrass_2k,32,veryfast,1.138947,70851.610000,32.539300,38.008200,41.414600,33.435812
x265,1080p,TreesAndGrass_2k,37,veryfast,0.666416,41456.400000,28.607700,36.307600,40.173900,29.811831
x265,1080p,TreesAndGrass_2k,22,faster,2.555482,158971.450000,41.424400,43.546400,45.478400,41.810400
x265,1080p,TreesAndGrass_2k,27,faster,1.770579,110144.160000,36.907300,40.398700,43.160800,37.516356
x265,1080p,TreesAndGrass_2k,32,faster,1.138947,70851.610000,32.539300,38.008200,41.414600,33.435812
x265,1080p,TreesAndGrass_2k,37,faster,0.666416,41456.400000,28.607700,36.307600,40.173900,29.811831
x265,1080p,TreesAndGrass_2k,22,fast,2.555494,158972.170000,41.424400,43.546400,45.478400,41.810400
x265,1080p,TreesAndGrass_2k,27,fast,1.770590,110144.880000,36.907300,40.398700,43.160800,37.516356
x265,1080p,TreesAndGrass_2k,32,fast,1.138958,70852.330000,32.539300,38.008200,41.414600,33.435812
x265,1080p,TreesAndGrass_2k,37,fast,0.666427,41457.120000,28.607700,36.307600,40.173900,29.811831
x265,1080p,TreesAndGrass_2k,22,medium,2.557990,159127.440000,41.467100,43.536400,45.464000,41.846238
x265,1080p,TreesAndGrass_2k,27,medium,1.771671,110212.090000,36.933600,40.386700,43.148600,37.537856
x265,1080p,TreesAndGrass_2k,32,medium,1.139718,70899.600000,32.555200,37.997400,41.399800,33.448125
x265,1080p,TreesAndGrass_2k,37,medium,0.665999,41430.480000,28.613700,36.296100,40.158300,29.815388
x265,1080p,TreesAndGrass_2k,22,slow,2.489479,154865.520000,41.507500,43.175500,45.169300,41.840613
x265,1080p,TreesAndGrass_2k,27,slow,1.709633,106352.880000,36.894000,39.892900,42.811800,37.451294
x265,1080p,TreesAndGrass_2k,32,slow,1.080756,67231.690000,32.403100,37.395000,41.072100,33.256906
x265,1080p,TreesAndGrass_2k,37,slow,0.604363,37596.240000,28.285200,35.673700,39.876600,29.471444
x265,1080p,TreesAndGrass_2k,22,slower,2.489310,154854.970000,41.540900,43.158300,45.194000,41.870306
x265,1080p,TreesAndGrass_2k,27,slower,1.708804,106301.290000,36.914500,39.883400,42.857600,37.471500
x265,1080p,TreesAndGrass_2k,32,slower,1.080536,67218.000000,32.413500,37.417400,41.133300,33.271231
x265,1080p,TreesAndGrass_2k,37,slower,0.604718,37618.320000,28.294600,35.712300,39.943600,29.486269
x265,1080p,TreesAndGrass_2k,22,veryslow,2.489321,154855.690000,41.540900,43.158300,45.194000,41.870306
x265,1080p,TreesAndGrass_2k,27,veryslow,1.708816,106302.010000,36.914500,39.883400,42.857600,37.471500
x265,1080p,TreesAndGrass_2k,32,veryslow,1.080548,67218.720000,32.413500,37.417400,41.133300,33.271231
x265,1080p,TreesAndGrass_2k,37,veryslow,0.604730,37619.040000,28.294600,35.712300,39.943600,29.486269
x265,1080p,TreesAndGrass_2k,22,placebo,2.491096,154966.080000,41.545700,43.164200,45.196700,41.875044
x265,1080p,TreesAndGrass_2k,27,placebo,1.710201,106388.160000,36.913500,39.886400,42.866500,37.471369
x265,1080p,TreesAndGrass_2k,32,placebo,1.080506,67216.090000,32.411800,37.421000,41.151700,33.271119
x265,1080p,TreesAndGrass_2k,37,placebo,0.604302,37592.400000,28.290400,35.724800,39.944400,29.483425
x265,1080p,Aerial3200_2k,22,ultrafast,1.377838,171253.880000,41.704500,43.517100,43.334900,41.919688
x265,1080p,Aerial3200_2k,27,ultrafast,0.756200,93989.360000,38.344800,41.257400,41.447900,38.720781
x265,1080p,Aerial3200_2k,32,ultrafast,0.380781,47327.910000,35.249100,39.708100,40.197700,35.837075
x265,1080p,Aerial3200_2k,37,ultrafast,0.184271,22903.330000,32.593900,38.612600,39.249700,33.386056
x265,1080p,Aerial3200_2k,22,superfast,1.351730,168008.880000,41.993500,43.611300,43.449100,42.185588
x265,1080p,Aerial3200_2k,27,superfast,0.738454,91783.710000,38.592800,41.245200,41.467300,38.938231
x265,1080p,Aerial3200_2k,32,superfast,0.373577,46432.530000,35.503900,39.589400,40.097200,36.046325
x265,1080p,Aerial3200_2k,37,superfast,0.182630,22699.430000,32.802100,38.479100,39.131600,33.552506
x265,1080p,Aerial3200_2k,22,veryfast,1.352555,168111.310000,42.015600,43.629500,43.472400,42.207519
x265,1080p,Aerial3200_2k,27,veryfast,0.738819,91829.020000,38.641200,41.259000,41.480900,38.982294
x265,1080p,Aerial3200_2k,32,veryfast,0.373190,46384.390000,35.550200,39.588300,40.101700,36.087050
x265,1080p,Aerial3200_2k,37,veryfast,0.182482,22681.020000,32.821900,38.475600,39.134300,33.569781
x265,1080p,Aerial3200_2k,22,faster,1.352555,168111.310000,42.015600,43.629500,43.472400,42.207519
x265,1080p,Aerial3200_2k,27,faster,0.738819,91829.020000,38.641200,41.259000,41.480900,38.982294
x265,1080p,Aerial3200_2k,32,faster,0.373190,46384.390000,35.550200,39.588300,40.101700,36.087050
x265,1080p,Aerial3200_2k,37,faster,0.182482,22681.020000,32.821900,38.475600,39.134300,33.569781
x265,1080p,Aerial3200_2k,22,fast,1.352566,168112.720000,42.015600,43.629500,43.472400,42.207519
x265,1080p,Aerial3200_2k,27,fast,0.738830,91830.440000,38.641200,41.259000,41.480900,38.982294
x265,1080p,Aerial3200_2k,32,fast,0.373201,46385.800000,35.550200,39.588300,40.101700,36.087050
x265,1080p,Aerial3200_2k,37,fast,0.182494,22682.430000,32.821900,38.475600,39.134300,33.569781
x265,1080p,Aerial3200_2k,22,medium,1.352049,168048.520000,42.027400,43.626100,43.473200,42.217681
x265,1080p,Aerial3200_2k,27,medium,0.738674,91811.090000,38.647000,41.258600,41.481500,38.987381
x265,1080p,Aerial3200_2k,32,medium,0.373372,46407.040000,35.556800,39.587100,40.100300,36.092662
x265,1080p,Aerial3200_2k,37,medium,0.182015,22622.960000,32.824500,38.485200,39.139500,33.572981
x265,1080p,Aerial3200_2k,22,slow,1.241344,154288.780000,41.820300,43.165200,42.997300,41.977919
x265,1080p,Aerial3200_2k,27,slow,0.651890,81024.470000,38.307700,40.773300,41.138500,38.638725
x265,1080p,Aerial3200_2k,32,slow,0.320078,39782.990000,35.166300,39.161600,39.810700,35.706281
x265,1080p,Aerial3200_2k,37,slow,0.150879,18753.030000,32.385700,38.121100,38.859600,33.148781
x265,1080p,Aerial3200_2k,22,slower,1.241542,154313.330000,41.829400,43.164900,43.003200,41.986231
x265,1080p,Aerial3200_2k,27,slower,0.650952,80907.880000,38.313600,40.782900,41.145700,38.644938
x265,1080p,Aerial3200_2k,32,slower,0.319675,39732.960000,35.178900,39.172900,39.825600,35.718944
x265,1080p,Aerial3200_2k,37,slower,0.150754,18737.460000,32.404800,38.132800,38.865700,33.166606
x265,1080p,Aerial3200_2k,22,veryslow,1.241553,154314.750000,41.829400,43.164900,43.003200,41.986231
x265,1080p,Aerial3200_2k,27,veryslow,0.650963,80909.300000,38.313600,40.782900,41.145700,38.644938
x265,1080p,Aerial3200_2k,32,veryslow,0.319686,39734.380000,35.178900,39.172900,39.825600,35.718944
x265,1080p,Aerial3200_2k,37,veryslow,0.150765,18738.870000,32.404800,38.132800,38.865700,33.166606
x265,1080p,Aerial3200_2k,22,placebo,1.242293,154406.780000,41.829100,43.172700,43.005900,41.986625
x265,1080p,Aerial3200_2k,27,placebo,0.652076,81047.600000,38.312600,40.788500,41.149700,38.644663
x265,1080p,Aerial3200_2k,32,placebo,0.319102,39661.690000,35.172500,39.182900,39.829800,35.714231
x265,1080p,Aerial3200_2k,37,placebo,0.151099,18780.410000,32.393500,38.144500,38.868600,33.157631
x265,1080p,CrowdRun_1080p50,22,ultrafast,2.090494,216742.410000,40.466700,41.138300,41.572200,40.577769
x265,1080p,CrowdRun_1080p50,27,ultrafast,1.242897,128863.610000,36.693300,38.130600,38.765800,36.912662
x265,1080p,CrowdRun_1080p50,32,ultrafast,0.716134,74248.800000,33.189700,36.156800,36.871100,33.605231
x265,1080p,CrowdRun_1080p50,37,ultrafast,0.396790,41139.200000,30.032100,34.847900,35.539900,30.677325
x265,1080p,CrowdRun_1080p50,22,superfast,1.977516,205028.810000,40.936900,41.449300,41.878200,41.027756
x265,1080p,CrowdRun_1080p50,27,superfast,1.160478,120318.410000,37.138700,38.420700,39.014300,37.336050
x265,1080p,CrowdRun_1080p50,32,superfast,0.671752,69647.200000,33.697200,36.305700,36.977200,34.065231
x265,1080p,CrowdRun_1080p50,37,superfast,0.378264,39218.400000,30.538300,34.836000,35.481900,31.115881
x265,1080p,CrowdRun_1080p50,22,veryfast,1.979877,205273.610000,40.959500,41.471100,41.904900,41.050562
x265,1080p,CrowdRun_1080p50,27,veryfast,1.163503,120632.010000,37.196600,38.479600,39.071200,37.393950
x265,1080p,CrowdRun_1080p50,32,veryfast,0.671597,69631.200000,33.765300,36.344600,37.021300,34.130006
x265,1080p,CrowdRun_1080p50,37,veryfast,0.378302,39222.400000,30.594600,34.850600,35.510500,31.167844
x265,1080p,CrowdRun_1080p50,22,faster,1.979877,205273.610000,40.959500,41.471100,41.904900,41.050562
x265,1080p,CrowdRun_1080p50,27,faster,1.163503,120632.010000,37.196600,38.479600,39.071200,37.393950
x265,1080p,CrowdRun_1080p50,32,faster,0.671597,69631.200000,33.765300,36.344600,37.021300,34.130006
x265,1080p,CrowdRun_1080p50,37,faster,0.378302,39222.400000,30.594600,34.850600,35.510500,31.167844
x265,1080p,CrowdRun_1080p50,22,fast,1.979888,205274.810000,40.959500,41.471100,41.904900,41.050562
x265,1080p,CrowdRun_1080p50,27,fast,1.163515,120633.200000,37.196600,38.479600,39.071200,37.393950
x265,1080p,CrowdRun_1080p50,32,fast,0.671609,69632.410000,33.765300,36.344600,37.021300,34.130006
x265,1080p,CrowdRun_1080p50,37,fast,0.378314,39223.600000,30.594600,34.850600,35.510500,31.167844
x265,1080p,CrowdRun_1080p50,22,medium,1.978916,205174.000000,40.977300,41.472200,41.907300,41.066356
x265,1080p,CrowdRun_1080p50,27,medium,1.163013,120581.200000,37.207600,38.480100,39.071600,37.403631
x265,1080p,CrowdRun_1080p50,32,medium,0.671659,69637.600000,33.775800,36.343800,37.017100,34.138881
x265,1080p,CrowdRun_1080p50,37,medium,0.377967,39187.600000,30.603600,34.845100,35.501500,31.174813
x265,1080p,CrowdRun_1080p50,22,slow,1.832782,190022.810000,40.724600,41.121100,41.583600,40.803069
x265,1080p,CrowdRun_1080p50,27,slow,1.064676,110385.610000,36.969400,37.992800,38.641200,37.137850
x265,1080p,CrowdRun_1080p50,32,slow,0.602998,62518.800000,33.457300,35.797100,36.528400,33.795481
x265,1080p,CrowdRun_1080p50,37,slow,0.330471,34263.200000,30.205200,34.328600,35.010900,30.763269
x265,1080p,CrowdRun_1080p50,22,slower,1.830957,189833.610000,40.734600,41.126100,41.591800,40.812644
x265,1080p,CrowdRun_1080p50,27,slower,1.063874,110302.410000,36.977100,38.007400,38.659000,37.146612
x265,1080p,CrowdRun_1080p50,32,slower,0.601790,62393.600000,33.465400,35.821200,36.554800,33.805725
x265,1080p,CrowdRun_1080p50,37,slower,0.330559,34272.400000,30.217500,34.368200,35.048100,30.778831
x265,1080p,CrowdRun_1080p50,22,veryslow,1.830968,189834.810000,40.734600,41.126100,41.591800,40.812644
x265,1080p,CrowdRun_1080p50,27,veryslow,1.063885,110303.600000,36.977100,38.007400,38.659000,37.146612
x265,1080p,CrowdRun_1080p50,32,veryslow,0.601802,62394.800000,33.465400,35.821200,36.554800,33.805725
x265,1080p,CrowdRun_1080p50,37,veryslow,0.330571,34273.600000,30.217500,34.368200,35.048100,30.778831
x265,1080p,CrowdRun_1080p50,22,placebo,1.834803,190232.410000,40.738500,41.169000,41.634200,40.821388
x265,1080p,CrowdRun_1080p50,27,placebo,1.065992,110522.010000,36.980700,38.037700,38.677900,37.152837
x265,1080p,CrowdRun_1080p50,32,placebo,0.601022,62314.000000,33.467700,35.826800,36.555600,33.808138
x265,1080p,CrowdRun_1080p50,37,placebo,0.329576,34170.400000,30.214800,34.366600,35.040800,30.775913
x265,1080p,DinnerSceneCropped_2k,22,ultrafast,0.745575,46334.350000,40.707900,42.982900,47.030200,41.245231
x265,1080p,DinnerSceneCropped_2k,27,ultrafast,0.192489,11962.380000,38.077500,41.045500,45.741500,38.742000
x265,1080p,DinnerSceneCropped_2k,32,ultrafast,0.043712,2716.490000,37.211900,40.094800,45.024900,37.880394
x265,1080p,DinnerSceneCropped_2k,37,ultrafast,0.026587,1652.300000,36.793400,39.705800,44.402600,37.451000
x265,1080p,DinnerSceneCropped_2k,22,superfast,0.768567,47763.230000,40.927400,43.035600,47.033700,41.440806
x265,1080p,DinnerSceneCropped_2k,27,superfast,0.192579,11967.950000,38.099900,41.037600,45.703100,38.758706
x265,1080p,DinnerSceneCropped_2k,32,superfast,0.043413,2697.930000,37.239200,40.110800,45.033700,37.905831
x265,1080p,DinnerSceneCropped_2k,37,superfast,0.026726,1660.890000,36.825900,39.733400,44.442100,37.483631
x265,1080p,DinnerSceneCropped_2k,22,veryfast,0.770893,47907.770000,40.986100,43.029900,47.032700,41.491750
x265,1080p,DinnerSceneCropped_2k,27,veryfast,0.192952,11991.150000,38.113700,41.031000,45.693400,38.769762
x265,1080p,DinnerSceneCropped_2k,32,veryfast,0.042860,2663.590000,37.244600,40.112500,45.037400,37.910894
x265,1080p,DinnerSceneCropped_2k,37,veryfast,0.026087,1621.220000,36.824500,39.732300,44.461800,37.483569
x265,1080p,DinnerSceneCropped_2k,22,faster,0.770893,47907.770000,40.986100,43.029900,47.032700,41.491750
x265,1080p,DinnerSceneCropped_2k,27,faster,0.192952,11991.150000,38.113700,41.031000,45.693400,38.769762
x265,1080p,DinnerSceneCropped_2k,32,faster,0.042860,2663.590000,37.244600,40.112500,45.037400,37.910894
x265,1080p,DinnerSceneCropped_2k,37,faster,0.026087,1621.220000,36.824500,39.732300,44.461800,37.483569
x265,1080p,DinnerSceneCropped_2k,22,fast,0.770904,47908.470000,40.986100,43.029900,47.032700,41.491750
x265,1080p,DinnerSceneCropped_2k,27,fast,0.192963,11991.850000,38.113700,41.031000,45.693400,38.769762
x265,1080p,DinnerSceneCropped_2k,32,fast,0.042872,2664.290000,37.244600,40.112500,45.037400,37.910894
x265,1080p,DinnerSceneCropped_2k,37,fast,0.026098,1621.910000,36.824500,39.732300,44.461800,37.483569
x265,1080p,DinnerSceneCropped_2k,22,medium,0.769198,47802.440000,40.990300,43.026000,47.030800,41.495062
x265,1080p,DinnerSceneCropped_2k,27,medium,0.192474,11961.460000,38.116900,41.044500,45.713800,38.774681
x265,1080p,DinnerSceneCropped_2k,32,medium,0.042961,2669.860000,37.245800,40.112500,45.027300,37.911312
x265,1080p,DinnerSceneCropped_2k,37,medium,0.026042,1618.430000,36.827800,39.730600,44.435400,37.484700
x265,1080p,DinnerSceneCropped_2k,22,slow,0.605212,37611.380000,40.430400,42.502300,46.700300,40.951762
x265,1080p,DinnerSceneCropped_2k,27,slow,0.077877,4839.750000,37.585600,40.570600,45.604700,38.273356
x265,1080p,DinnerSceneCropped_2k,32,slow,0.034177,2123.960000,37.178800,39.918600,44.899300,37.832569
x265,1080p,DinnerSceneCropped_2k,37,slow,0.023579,1465.310000,36.727300,39.579100,44.185000,37.371644
x265,1080p,DinnerSceneCropped_2k,22,slower,0.610326,37929.220000,40.456700,42.481600,46.727300,40.975169
x265,1080p,DinnerSceneCropped_2k,27,slower,0.077739,4831.170000,37.591200,40.579300,45.606200,38.278894
x265,1080p,DinnerSceneCropped_2k,32,slower,0.034741,2158.990000,37.182400,39.923900,44.904900,37.836400
x265,1080p,DinnerSceneCropped_2k,37,slower,0.023665,1470.650000,36.735300,39.587700,44.225200,37.381694
x265,1080p,DinnerSceneCropped_2k,22,veryslow,0.610338,37929.910000,40.456700,42.481600,46.727300,40.975169
x265,1080p,DinnerSceneCropped_2k,27,veryslow,0.077750,4831.860000,37.591200,40.579300,45.606200,38.278894
x265,1080p,DinnerSceneCropped_2k,32,veryslow,0.034752,2159.690000,37.182400,39.923900,44.904900,37.836400
x265,1080p,DinnerSceneCropped_2k,37,veryslow,0.023676,1471.340000,36.735300,39.587700,44.225200,37.381694
x265,1080p,DinnerSceneCropped_2k,22,placebo,0.613384,38119.230000,40.471600,42.480200,46.736700,40.988706
x265,1080p,DinnerSceneCropped_2k,27,placebo,0.079513,4941.370000,37.590200,40.577800,45.608900,38.278094
x265,1080p,DinnerSceneCropped_2k,32,placebo,0.034379,2136.490000,37.181400,39.922600,44.902700,37.835306
x265,1080p,DinnerSceneCropped_2k,37,placebo,0.023747,1475.750000,36.732100,39.588400,44.233200,37.379438
x265,1080p,Motorcycle_2k,22,ultrafast,1.560664,97085.770000,42.224700,44.890200,45.623400,42.603713
x265,1080p,Motorcycle_2k,27,ultrafast,1.020548,63486.240000,38.243800,41.910400,42.961400,38.767812
x265,1080p,Motorcycle_2k,32,ultrafast,0.626115,38949.360000,34.360900,39.550400,40.846500,35.090594
x265,1080p,Motorcycle_2k,37,ultrafast,0.358395,22295.040000,30.864500,37.748900,39.209700,31.816350
x265,1080p,Motorcycle_2k,22,superfast,1.332608,82898.880000,43.684800,45.213700,45.842400,43.915206
x265,1080p,Motorcycle_2k,27,superfast,0.883735,54975.360000,39.627800,41.969100,42.919700,39.979875
x265,1080p,Motorcycle_2k,32,superfast,0.559610,34812.240000,35.565900,39.338700,40.527400,36.111794
x265,1080p,Motorcycle_2k,37,superfast,0.333835,20767.200000,31.803500,37.395500,38.760300,32.587800
x265,1080p,Motorcycle_2k,22,veryfast,1.331890,82854.240000,43.777000,45.300400,45.926700,44.006569
x265,1080p,Motorcycle_2k,27,veryfast,0.884572,55027.440000,39.756800,42.069600,43.021200,40.105375
x265,1080p,Motorcycle_2k,32,veryfast,0.559174,34785.120000,35.701200,39.406300,40.599200,36.238894
x265,1080p,Motorcycle_2k,37,veryfast,0.333418,20741.280000,31.914200,37.431500,38.791200,32.688844
x265,1080p,Motorcycle_2k,22,faster,1.331890,82854.240000,43.777000,45.300400,45.926700,44.006569
x265,1080p,Motorcycle_2k,27,faster,0.884572,55027.440000,39.756800,42.069600,43.021200,40.105375
x265,1080p,Motorcycle_2k,32,faster,0.559174,34785.120000,35.701200,39.406300,40.599200,36.238894
x265,1080p,Motorcycle_2k,37,faster,0.333418,20741.280000,31.914200,37.431500,38.791200,32.688844
x265,1080p,Motorcycle_2k,22,fast,1.331902,82854.960000,43.777000,45.300400,45.926700,44.006569
x265,1080p,Motorcycle_2k,27,fast,0.884583,55028.160000,39.756800,42.069600,43.021200,40.105375
x265,1080p,Motorcycle_2k,32,fast,0.559186,34785.840000,35.701200,39.406300,40.599200,36.238894
x265,1080p,Motorcycle_2k,37,fast,0.333430,20742.000000,31.914200,37.431500,38.791200,32.688844
x265,1080p,Motorcycle_2k,22,medium,1.331508,82830.480000,43.793700,45.300100,45.926300,44.021138
x265,1080p,Motorcycle_2k,27,medium,0.883040,54932.160000,39.774600,42.061300,43.013000,40.119919
x265,1080p,Motorcycle_2k,32,medium,0.559676,34816.320000,35.718600,39.389000,40.587700,36.252319
x265,1080p,Motorcycle_2k,37,medium,0.333090,20720.880000,31.926500,37.406800,38.776700,32.697156
x265,1080p,Motorcycle_2k,22,slow,1.271991,79128.000000,43.692800,44.993700,45.636000,43.895556
x265,1080p,Motorcycle_2k,27,slow,0.836609,52043.760000,39.579500,41.565100,42.599600,39.892356
x265,1080p,Motorcycle_2k,32,slow,0.519279,32303.280000,35.402800,38.774600,40.170400,35.911512
x265,1080p,Motorcycle_2k,37,slow,0.298187,18549.600000,31.470500,36.756500,38.395500,32.233688
x265,1080p,Motorcycle_2k,22,slower,1.268696,78923.040000,43.696800,45.006800,45.654400,43.901025
x265,1080p,Motorcycle_2k,27,slower,0.833368,51842.160000,39.588600,41.596100,42.640700,39.904825
x265,1080p,Motorcycle_2k,32,slower,0.517658,32202.480000,35.418500,38.822300,40.233800,35.932194
x265,1080p,Motorcycle_2k,37,slower,0.296917,18470.640000,31.492600,36.833100,38.469100,32.262412
x265,1080p,Motorcycle_2k,22,veryslow,1.268708,78923.770000,43.696800,45.006800,45.654400,43.901025
x265,1080p,Motorcycle_2k,27,veryslow,0.833380,51842.880000,39.588600,41.596100,42.640700,39.904825
x265,1080p,Motorcycle_2k,32,veryslow,0.517670,32203.200000,35.418500,38.822300,40.233800,35.932194
x265,1080p,Motorcycle_2k,37,veryslow,0.296929,18471.360000,31.492600,36.833100,38.469100,32.262412
x265,1080p,Motorcycle_2k,22,placebo,1.269525,78974.640000,43.716800,45.022900,45.660400,43.919906
x265,1080p,Motorcycle_2k,27,placebo,0.834931,51939.360000,39.611500,41.610400,42.648800,39.926263
x265,1080p,Motorcycle_2k,32,placebo,0.518661,32264.880000,35.438400,38.824800,40.237800,35.950012
x265,1080p,Motorcycle_2k,37,placebo,0.297323,18495.840000,31.496000,36.837600,38.481900,32.266469
x265,1080p,MountainBike_2k,22,ultrafast,1.415031,88026.250000,42.259700,46.488500,46.280300,42.775288
x265,1080p,MountainBike_2k,27,ultrafast,0.911694,56714.640000,38.499700,43.832900,43.611600,39.152519
x265,1080p,MountainBike_2k,32,ultrafast,0.547847,34080.480000,34.933400,41.649800,41.406000,35.757712
x265,1080p,MountainBike_2k,37,ultrafast,0.309205,19235.040000,31.740700,39.938000,39.656000,32.747737
x265,1080p,MountainBike_2k,22,superfast,1.286478,80029.200000,43.559300,46.606000,46.362800,43.924937
x265,1080p,MountainBike_2k,27,superfast,0.847967,52750.320000,39.625100,43.679400,43.400500,40.114456
x265,1080p,MountainBike_2k,32,superfast,0.521582,32446.560000,35.822800,41.275200,40.935400,36.483112
x265,1080p,MountainBike_2k,37,superfast,0.301682,18767.040000,32.393700,39.544800,39.196400,33.265813
x265,1080p,MountainBike_2k,22,veryfast,1.285498,79968.240000,43.666900,46.706700,46.446300,44.030600
x265,1080p,MountainBike_2k,27,veryfast,0.846362,52650.480000,39.778400,43.806300,43.507500,40.263213
x265,1080p,MountainBike_2k,32,veryfast,0.519799,32335.680000,35.976700,41.368000,41.007800,36.628100
x265,1080p,MountainBike_2k,37,veryfast,0.301563,18759.600000,32.510900,39.600400,39.219600,33.373287
x265,1080p,MountainBike_2k,22,faster,1.285498,79968.240000,43.666900,46.706700,46.446300,44.030600
x265,1080p,MountainBike_2k,27,faster,0.846362,52650.480000,39.778400,43.806300,43.507500,40.263213
x265,1080p,MountainBike_2k,32,faster,0.519799,32335.680000,35.976700,41.368000,41.007800,36.628100
x265,1080p,MountainBike_2k,37,faster,0.301563,18759.600000,32.510900,39.600400,39.219600,33.373287
x265,1080p,MountainBike_2k,22,fast,1.285509,79968.960000,43.666900,46.706700,46.446300,44.030600
x265,1080p,MountainBike_2k,27,fast,0.846373,52651.200000,39.778400,43.806300,43.507500,40.263213
x265,1080p,MountainBike_2k,32,fast,0.519811,32336.400000,35.976700,41.368000,41.007800,36.628100
x265,1080p,MountainBike_2k,37,fast,0.301574,18760.320000,32.510900,39.600400,39.219600,33.373287
x265,1080p,MountainBike_2k,22,medium,1.285907,79993.680000,43.686800,46.704000,46.445500,44.047794
x265,1080p,MountainBike_2k,27,medium,0.845930,52623.600000,39.794500,43.796600,43.494900,40.275906
x265,1080p,MountainBike_2k,32,medium,0.520270,32364.960000,35.994500,41.357400,40.995800,36.642263
x265,1080p,MountainBike_2k,37,medium,0.301393,18749.040000,32.523500,39.568500,39.196700,33.380887
x265,1080p,MountainBike_2k,22,slow,1.234977,76825.450000,43.532500,46.398200,46.107000,43.872512
x265,1080p,MountainBike_2k,27,slow,0.800347,49788.000000,39.509400,43.424700,43.063800,39.976256
x265,1080p,MountainBike_2k,32,slow,0.481971,29982.480000,35.616800,40.937900,40.519800,36.255806
x265,1080p,MountainBike_2k,37,slow,0.267867,16663.440000,32.043400,39.121000,38.700000,32.901787
x265,1080p,MountainBike_2k,22,slower,1.230235,76530.480000,43.540900,46.425900,46.129000,43.882969
x265,1080p,MountainBike_2k,27,slower,0.795463,49484.160000,39.516600,43.459000,43.102900,39.987144
x265,1080p,MountainBike_2k,32,slower,0.480698,29903.280000,35.634000,40.994900,40.573200,36.277756
x265,1080p,MountainBike_2k,37,slower,0.268206,16684.560000,32.061500,39.192200,38.741100,32.924644
x265,1080p,MountainBike_2k,22,veryslow,1.230247,76531.200000,43.540900,46.425900,46.129000,43.882969
x265,1080p,MountainBike_2k,27,veryslow,0.795475,49484.880000,39.516600,43.459000,43.102900,39.987144
x265,1080p,MountainBike_2k,32,veryslow,0.480710,29904.000000,35.634000,40.994900,40.573200,36.277756
x265,1080p,MountainBike_2k,37,veryslow,0.268218,16685.280000,32.061500,39.192200,38.741100,32.924644
x265,1080p,MountainBike_2k,22,placebo,1.232033,76642.330000,43.552700,46.448500,46.139100,43.895337
x265,1080p,MountainBike_2k,27,placebo,0.797701,49623.360000,39.532200,43.469500,43.114800,40.002194
x265,1080p,MountainBike_2k,32,placebo,0.481740,29968.080000,35.650200,40.993300,40.587700,36.292738
x265,1080p,MountainBike_2k,37,placebo,0.268445,16699.440000,32.056900,39.170700,38.744700,32.919500
x265,1080p,OldTownCross_1080p50,22,ultrafast,1.525478,158161.610000,40.155700,40.556000,41.900800,40.289788
x265,1080p,OldTownCross_1080p50,27,ultrafast,0.675309,70016.000000,36.724900,38.557900,40.268900,37.060963
x265,1080p,OldTownCross_1080p50,32,ultrafast,0.315062,32665.600000,34.435900,37.867800,39.154100,34.945281
x265,1080p,OldTownCross_1080p50,37,ultrafast,0.165775,17187.600000,32.327400,37.320500,38.252600,33.009794
x265,1080p,OldTownCross_1080p50,22,superfast,1.506709,156215.610000,40.502900,40.676200,42.039400,40.609762
x265,1080p,OldTownCross_1080p50,27,superfast,0.638468,66196.410000,36.889400,38.578900,40.330700,37.210075
x265,1080p,OldTownCross_1080p50,32,superfast,0.298654,30964.400000,34.712500,37.803600,39.081700,35.178769
x265,1080p,OldTownCross_1080p50,37,superfast,0.161775,16772.800000,32.628800,37.212000,38.105600,33.257550
x265,1080p,OldTownCross_1080p50,22,veryfast,1.509109,156464.410000,40.527600,40.696400,42.058200,40.633813
x265,1080p,OldTownCross_1080p50,27,veryfast,0.638241,66172.800000,36.929700,38.593100,40.350300,37.247450
x265,1080p,OldTownCross_1080p50,32,veryfast,0.298260,30923.600000,34.749300,37.820400,39.107000,35.213600
x265,1080p,OldTownCross_1080p50,37,veryfast,0.161562,16750.800000,32.655500,37.223300,38.139500,33.283738
x265,1080p,OldTownCross_1080p50,22,faster,1.509109,156464.410000,40.527600,40.696400,42.058200,40.633813
x265,1080p,OldTownCross_1080p50,27,faster,0.638241,66172.800000,36.929700,38.593100,40.350300,37.247450
x265,1080p,OldTownCross_1080p50,32,faster,0.298260,30923.600000,34.749300,37.820400,39.107000,35.213600
x265,1080p,OldTownCross_1080p50,37,faster,0.161562,16750.800000,32.655500,37.223300,38.139500,33.283738
x265,1080p,OldTownCross_1080p50,22,fast,1.509120,156465.610000,40.527600,40.696400,42.058200,40.633813
x265,1080p,OldTownCross_1080p50,27,fast,0.638252,66174.010000,36.929700,38.593100,40.350300,37.247450
x265,1080p,OldTownCross_1080p50,32,fast,0.298272,30924.800000,34.749300,37.820400,39.107000,35.213600
x265,1080p,OldTownCross_1080p50,37,fast,0.161574,16752.000000,32.655500,37.223300,38.139500,33.283738
x265,1080p,OldTownCross_1080p50,22,medium,1.510073,156564.410000,40.540700,40.696100,42.058700,40.645288
x265,1080p,OldTownCross_1080p50,27,medium,0.639391,66292.010000,36.935200,38.595100,40.346600,37.252156
x265,1080p,OldTownCross_1080p50,32,medium,0.298113,30908.400000,34.753700,37.815300,39.095400,35.216406
x265,1080p,OldTownCross_1080p50,37,medium,0.161667,16761.600000,32.660400,37.215100,38.128400,33.286819
x265,1080p,OldTownCross_1080p50,22,slow,1.306235,135430.410000,40.194500,39.651500,41.681000,40.253469
x265,1080p,OldTownCross_1080p50,27,slow,0.498696,51704.800000,36.470800,38.377200,40.019600,36.811750
x265,1080p,OldTownCross_1080p50,32,slow,0.261165,27077.600000,34.503200,37.595300,38.698600,34.958669
x265,1080p,OldTownCross_1080p50,37,slow,0.139271,14439.600000,32.310200,36.947600,37.694200,32.936538
x265,1080p,OldTownCross_1080p50,22,slower,1.305768,135382.000000,40.205900,39.654800,41.687800,40.264075
x265,1080p,OldTownCross_1080p50,27,slower,0.497353,51565.600000,36.474700,38.386600,40.031000,36.816463
x265,1080p,OldTownCross_1080p50,32,slower,0.260459,27004.400000,34.511400,37.604900,38.713600,34.967381
x265,1080p,OldTownCross_1080p50,37,slower,0.139383,14451.200000,32.321900,36.964700,37.707300,32.948662
x265,1080p,OldTownCross_1080p50,22,veryslow,1.305779,135383.200000,40.205900,39.654800,41.687800,40.264075
x265,1080p,OldTownCross_1080p50,27,veryslow,0.497365,51566.800000,36.474700,38.386600,40.031000,36.816463
x265,1080p,OldTownCross_1080p50,32,veryslow,0.260471,27005.600000,34.511400,37.604900,38.713600,34.967381
x265,1080p,OldTownCross_1080p50,37,veryslow,0.139394,14452.400000,32.321900,36.964700,37.707300,32.948662
x265,1080p,OldTownCross_1080p50,22,placebo,1.311493,135975.610000,40.216400,39.691700,41.711900,40.277075
x265,1080p,OldTownCross_1080p50,27,placebo,0.498476,51682.000000,36.477000,38.387800,40.037000,36.818925
x265,1080p,OldTownCross_1080p50,32,placebo,0.261030,27063.600000,34.509400,37.602000,38.714200,34.965488
x265,1080p,OldTownCross_1080p50,37,placebo,0.139074,14419.200000,32.317500,36.963800,37.712500,32.945081
x265,1080p,PedestrianArea_1080p25,22,ultrafast,0.364522,18896.800000,43.455400,46.744300,48.782300,43.993887
x265,1080p,PedestrianArea_1080p25,27,ultrafast,0.168549,8737.600000,41.667800,44.835200,46.671300,42.178481
x265,1080p,PedestrianArea_1080p25,32,ultrafast,0.099595,5163.000000,39.838000,43.189400,44.773000,40.355900
x265,1080p,PedestrianArea_1080p25,37,ultrafast,0.062539,3242.000000,37.767800,41.789100,43.109000,38.352956
x265,1080p,PedestrianArea_1080p25,22,superfast,0.349830,18135.200000,43.586800,46.711800,48.730700,44.103606
x265,1080p,PedestrianArea_1080p25,27,superfast,0.161184,8355.800000,41.841300,44.734600,46.541800,42.315912
x265,1080p,PedestrianArea_1080p25,32,superfast,0.096840,5020.200000,40.040900,43.055500,44.601700,40.514363
x265,1080p,PedestrianArea_1080p25,37,superfast,0.061609,3193.800000,37.937500,41.675400,42.976400,38.486050
x265,1080p,PedestrianArea_1080p25,22,veryfast,0.349113,18098.000000,43.622500,46.742400,48.771800,44.139325
x265,1080p,PedestrianArea_1080p25,27,veryfast,0.161470,8370.600000,41.895500,44.767000,46.591000,42.368438
x265,1080p,PedestrianArea_1080p25,32,veryfast,0.097099,5033.600000,40.101700,43.073800,44.632800,40.570650
x265,1080p,PedestrianArea_1080p25,37,veryfast,0.061674,3197.200000,37.976400,41.686000,42.991700,38.521706
x265,1080p,PedestrianArea_1080p25,22,faster,0.349113,18098.000000,43.622500,46.742400,48.771800,44.139325
x265,1080p,PedestrianArea_1080p25,27,faster,0.161470,8370.600000,41.895500,44.767000,46.591000,42.368438
x265,1080p,PedestrianArea_1080p25,32,faster,0.097099,5033.600000,40.101700,43.073800,44.632800,40.570650
x265,1080p,PedestrianArea_1080p25,37,faster,0.061674,3197.200000,37.976400,41.686000,42.991700,38.521706
x265,1080p,PedestrianArea_1080p25,22,fast,0.349124,18098.600000,43.622500,46.742400,48.771800,44.139325
x265,1080p,PedestrianArea_1080p25,27,fast,0.161481,8371.200000,41.895500,44.767000,46.591000,42.368438
x265,1080p,PedestrianArea_1080p25,32,fast,0.097110,5034.200000,40.101700,43.073800,44.632800,40.570650
x265,1080p,PedestrianArea_1080p25,37,fast,0.061686,3197.800000,37.976400,41.686000,42.991700,38.521706
x265,1080p,PedestrianArea_1080p25,22,medium,0.348615,18072.200000,43.626400,46.736500,48.771500,44.142350
x265,1080p,PedestrianArea_1080p25,27,medium,0.161281,8360.800000,41.896400,44.758600,46.592200,42.368775
x265,1080p,PedestrianArea_1080p25,32,medium,0.096447,4999.800000,40.106100,43.078700,44.637600,40.575106
x265,1080p,PedestrianArea_1080p25,37,medium,0.061184,3171.800000,37.974900,41.680400,42.991200,38.520012
x265,1080p,PedestrianArea_1080p25,22,slow,0.254564,13196.600000,43.221500,46.385800,48.486200,43.748312
x265,1080p,PedestrianArea_1080p25,27,slow,0.141717,7346.600000,41.662400,44.322500,46.255900,42.115750
x265,1080p,PedestrianArea_1080p25,32,slow,0.086296,4473.600000,39.814500,42.549300,44.123700,40.254750
x265,1080p,PedestrianArea_1080p25,37,slow,0.054880,2845.000000,37.598400,41.197300,42.477400,38.128269
x265,1080p,PedestrianArea_1080p25,22,slower,0.254194,13177.400000,43.227000,46.394900,48.491100,43.754000
x265,1080p,PedestrianArea_1080p25,27,slower,0.141424,7331.400000,41.667700,44.346300,46.243300,42.121088
x265,1080p,PedestrianArea_1080p25,32,slower,0.086184,4467.800000,39.829400,42.562000,44.138800,40.269525
x265,1080p,PedestrianArea_1080p25,37,slower,0.054711,2836.200000,37.625700,41.225400,42.479500,38.154044
x265,1080p,PedestrianArea_1080p25,22,veryslow,0.254205,13178.000000,43.227000,46.394900,48.491100,43.754000
x265,1080p,PedestrianArea_1080p25,27,veryslow,0.141435,7332.000000,41.667700,44.346300,46.243300,42.121088
x265,1080p,PedestrianArea_1080p25,32,veryslow,0.086196,4468.400000,39.829400,42.562000,44.138800,40.269525
x265,1080p,PedestrianArea_1080p25,37,veryslow,0.054722,2836.800000,37.625700,41.225400,42.479500,38.154044
x265,1080p,PedestrianArea_1080p25,22,placebo,0.253974,13166.000000,43.224500,46.393700,48.494300,43.751937
x265,1080p,PedestrianArea_1080p25,27,placebo,0.141759,7348.800000,41.669600,44.337300,46.252900,42.122788
x265,1080p,PedestrianArea_1080p25,32,placebo,0.086439,4481.000000,39.829700,42.563400,44.130200,40.269338
x265,1080p,PedestrianArea_1080p25,37,placebo,0.055116,2857.200000,37.618200,41.225400,42.511400,38.149475
x265,1080p,RitualDance_2k,22,ultrafast,0.271917,33797.090000,46.585500,48.490700,49.117200,46.862806
x265,1080p,RitualDance_2k,27,ultrafast,0.162777,20231.810000,44.088600,46.373600,46.823500,44.402344
x265,1080p,RitualDance_2k,32,ultrafast,0.097505,12119.070000,41.307600,44.510100,44.779900,41.724775
x265,1080p,RitualDance_2k,37,ultrafast,0.059291,7369.340000,38.526300,42.947100,42.944100,39.078713
x265,1080p,RitualDance_2k,22,superfast,0.239240,29735.530000,47.106900,48.642200,49.322400,47.341325
x265,1080p,RitualDance_2k,27,superfast,0.144841,18002.550000,44.676100,46.408400,46.868900,44.921419
x265,1080p,RitualDance_2k,32,superfast,0.089283,11097.190000,41.913400,44.406000,44.674900,42.241781
x265,1080p,RitualDance_2k,37,superfast,0.055729,6926.600000,39.063700,42.807500,42.754300,39.528350
x265,1080p,RitualDance_2k,22,veryfast,0.239513,29769.510000,47.198600,48.715700,49.440600,47.433544
x265,1080p,RitualDance_2k,27,veryfast,0.145753,18115.830000,44.782100,46.474600,46.954900,45.023681
x265,1080p,RitualDance_2k,32,veryfast,0.088813,11038.660000,42.010500,44.449100,44.736000,42.333256
x265,1080p,RitualDance_2k,37,veryfast,0.055983,6958.220000,39.119700,42.777800,42.793200,39.577925
x265,1080p,RitualDance_2k,22,faster,0.239513,29769.510000,47.198600,48.715700,49.440600,47.433544
x265,1080p,RitualDance_2k,27,faster,0.145753,18115.830000,44.782100,46.474600,46.954900,45.023681
x265,1080p,RitualDance_2k,32,faster,0.088813,11038.660000,42.010500,44.449100,44.736000,42.333256
x265,1080p,RitualDance_2k,37,faster,0.055983,6958.220000,39.119700,42.777800,42.793200,39.577925
x265,1080p,RitualDance_2k,22,fast,0.239525,29770.930000,47.198600,48.715700,49.440600,47.433544
x265,1080p,RitualDance_2k,27,fast,0.145764,18117.250000,44.782100,46.474600,46.954900,45.023681
x265,1080p,RitualDance_2k,32,fast,0.088824,11040.080000,42.010500,44.449100,44.736000,42.333256
x265,1080p,RitualDance_2k,37,fast,0.055994,6959.640000,39.119700,42.777800,42.793200,39.577925
x265,1080p,RitualDance_2k,22,medium,0.239646,29786.030000,47.205200,48.725600,49.440800,47.439950
x265,1080p,RitualDance_2k,27,medium,0.144723,17987.920000,44.788800,46.475700,46.952800,45.029481
x265,1080p,RitualDance_2k,32,medium,0.089052,11068.400000,42.019600,44.439600,44.727900,42.340119
x265,1080p,RitualDance_2k,37,medium,0.055930,6951.620000,39.126900,42.773900,42.778300,39.583050
x265,1080p,RitualDance_2k,22,slow,0.218570,27166.430000,47.015700,48.362900,49.080600,47.228956
x265,1080p,RitualDance_2k,27,slow,0.131884,16392.090000,44.489200,45.990400,46.474500,44.707106
x265,1080p,RitualDance_2k,32,slow,0.080549,10011.590000,41.639700,43.693800,44.109200,41.922425
x265,1080p,RitualDance_2k,37,slow,0.049763,6185.090000,38.653400,42.207900,42.192700,39.096762
x265,1080p,RitualDance_2k,22,slower,0.217765,27066.370000,47.025000,48.378700,49.095200,47.238994
x265,1080p,RitualDance_2k,27,slower,0.131162,16302.410000,44.499100,46.013200,46.500400,44.718812
x265,1080p,RitualDance_2k,32,slower,0.080090,9954.480000,41.662800,43.740700,44.140100,41.947500
x265,1080p,RitualDance_2k,37,slower,0.049918,6204.440000,38.683200,42.268200,42.256700,39.130606
x265,1080p,RitualDance_2k,22,veryslow,0.217776,27067.790000,47.025000,48.378700,49.095200,47.238994
x265,1080p,RitualDance_2k,27,veryslow,0.131174,16303.820000,44.499100,46.013200,46.500400,44.718812
x265,1080p,RitualDance_2k,32,veryslow,0.080101,9955.900000,41.662800,43.740700,44.140100,41.947500
x265,1080p,RitualDance_2k,37,veryslow,0.049930,6205.860000,38.683200,42.268200,42.256700,39.130606
x265,1080p,RitualDance_2k,22,placebo,0.218319,27135.280000,47.029300,48.384800,49.107900,47.243931
x265,1080p,RitualDance_2k,27,placebo,0.131531,16348.190000,44.504200,46.019700,46.498300,44.723550
x265,1080p,RitualDance_2k,32,placebo,0.080359,9987.990000,41.655600,43.737100,44.144700,41.941263
x265,1080p,RitualDance_2k,37,placebo,0.049725,6180.370000,38.668600,42.243000,42.223400,39.114175
x265,1080p,Riverbed_1080p25,22,ultrafast,0.796134,41271.600000,42.356200,44.959800,46.697100,42.790231
x265,1080p,Riverbed_1080p25,27,ultrafast,0.419753,21760.000000,39.782400,42.503100,44.314900,40.235725
x265,1080p,Riverbed_1080p25,32,ultrafast,0.237550,12314.600000,37.239800,40.770500,42.677000,37.800294
x265,1080p,Riverbed_1080p25,37,ultrafast,0.136593,7081.000000,34.675700,39.511500,41.633800,35.412819
x265,1080p,Riverbed_1080p25,22,superfast,0.794406,41182.000000,42.507000,45.056000,46.795400,42.934337
x265,1080p,Riverbed_1080p25,27,superfast,0.417396,21637.800000,39.910600,42.527700,44.331400,40.350469
x265,1080p,Riverbed_1080p25,32,superfast,0.236204,12244.800000,37.372900,40.749300,42.657200,37.914194
x265,1080p,Riverbed_1080p25,37,superfast,0.136644,7083.600000,34.789800,39.486000,41.632100,35.510956
x265,1080p,Riverbed_1080p25,22,veryfast,0.794209,41171.800000,42.534500,45.061700,46.799600,42.959019
x265,1080p,Riverbed_1080p25,27,veryfast,0.417666,21651.800000,39.949900,42.530700,44.338600,40.385494
x265,1080p,Riverbed_1080p25,32,veryfast,0.236690,12270.000000,37.413100,40.749200,42.652400,37.949062
x265,1080p,Riverbed_1080p25,37,veryfast,0.136184,7059.800000,34.808200,39.478300,41.623500,35.526038
x265,1080p,Riverbed_1080p25,22,faster,0.794209,41171.800000,42.534500,45.061700,46.799600,42.959019
x265,1080p,Riverbed_1080p25,27,faster,0.417666,21651.800000,39.949900,42.530700,44.338600,40.385494
x265,1080p,Riverbed_1080p25,32,faster,0.236690,12270.000000,37.413100,40.749200,42.652400,37.949062
x265,1080p,Riverbed_1080p25,37,faster,0.136184,7059.800000,34.808200,39.478300,41.623500,35.526038
x265,1080p,Riverbed_1080p25,22,fast,0.794221,41172.400000,42.534500,45.061700,46.799600,42.959019
x265,1080p,Riverbed_1080p25,27,fast,0.417677,21652.400000,39.949900,42.530700,44.338600,40.385494
x265,1080p,Riverbed_1080p25,32,fast,0.236701,12270.600000,37.413100,40.749200,42.652400,37.949062
x265,1080p,Riverbed_1080p25,37,fast,0.136196,7060.400000,34.808200,39.478300,41.623500,35.526038
x265,1080p,Riverbed_1080p25,22,medium,0.792604,41088.600000,42.539800,45.064000,46.800700,42.963869
x265,1080p,Riverbed_1080p25,27,medium,0.417323,21634.000000,39.954400,42.535400,44.340300,40.389831
x265,1080p,Riverbed_1080p25,32,medium,0.236142,12241.600000,37.418000,40.762700,42.665100,37.954988
x265,1080p,Riverbed_1080p25,37,medium,0.135606,7029.800000,34.811600,39.493900,41.627200,35.530219
x265,1080p,Riverbed_1080p25,22,slow,0.659927,34210.600000,42.135000,44.522300,46.371000,42.548956
x265,1080p,Riverbed_1080p25,27,slow,0.365424,18943.600000,39.672500,42.057200,43.857800,40.083125
x265,1080p,Riverbed_1080p25,32,slow,0.208993,10834.200000,37.120800,40.235200,42.226500,37.634556
x265,1080p,Riverbed_1080p25,37,slow,0.117284,6080.000000,34.419700,39.001000,41.354300,35.139444
x265,1080p,Riverbed_1080p25,22,slower,0.659545,34190.800000,42.142500,44.516900,46.369500,42.555087
x265,1080p,Riverbed_1080p25,27,slower,0.365062,18924.800000,39.678900,42.048800,43.854300,40.087981
x265,1080p,Riverbed_1080p25,32,slower,0.208071,10786.400000,37.128500,40.238900,42.231100,37.641813
x265,1080p,Riverbed_1080p25,37,slower,0.116848,6057.400000,34.431200,39.003100,41.357700,35.149850
x265,1080p,Riverbed_1080p25,22,veryslow,0.659556,34191.400000,42.142500,44.516900,46.369500,42.555087
x265,1080p,Riverbed_1080p25,27,veryslow,0.365073,18925.400000,39.678900,42.048800,43.854300,40.087981
x265,1080p,Riverbed_1080p25,32,veryslow,0.208083,10787.000000,37.128500,40.238900,42.231100,37.641813
x265,1080p,Riverbed_1080p25,37,veryslow,0.116860,6058.000000,34.431200,39.003100,41.357700,35.149850
x265,1080p,Riverbed_1080p25,22,placebo,0.658966,34160.800000,42.141300,44.521100,46.368800,42.554256
x265,1080p,Riverbed_1080p25,27,placebo,0.364927,18917.800000,39.676300,42.057900,43.859700,40.086613
x265,1080p,Riverbed_1080p25,32,placebo,0.208511,10809.200000,37.126300,40.238300,42.231300,37.639862
x265,1080p,Riverbed_1080p25,37,placebo,0.117149,6073.000000,34.429500,39.010500,41.352900,35.148525
x265,1080p,Skater227_2k,22,ultrafast,0.112006,6967.680000,48.758500,54.532500,54.840900,49.499525
x265,1080p,Skater227_2k,27,ultrafast,0.068511,4261.920000,47.120900,52.351800,52.847000,47.805712
x265,1080p,Skater227_2k,32,ultrafast,0.044433,2764.080000,45.183200,50.145200,50.692800,45.837675
x265,1080p,Skater227_2k,37,ultrafast,0.030945,1925.040000,43.029400,47.943400,48.179700,43.658419
x265,1080p,Skater227_2k,22,superfast,0.110058,6846.480000,48.891700,54.472500,54.744100,49.606275
x265,1080p,Skater227_2k,27,superfast,0.067419,4194.000000,47.235200,52.299200,52.732000,47.895250
x265,1080p,Skater227_2k,32,superfast,0.043981,2736.000000,45.286100,50.115800,50.624200,45.921588
x265,1080p,Skater227_2k,37,superfast,0.030984,1927.440000,43.099600,47.948000,48.191200,43.720850
x265,1080p,Skater227_2k,22,veryfast,0.109857,6834.000000,49.003700,54.541700,54.805700,49.712450
x265,1080p,Skater227_2k,27,veryfast,0.067130,4176.000000,47.316700,52.319500,52.730900,47.967762
x265,1080p,Skater227_2k,32,veryfast,0.043715,2719.440000,45.317500,50.080800,50.639800,45.947850
x265,1080p,Skater227_2k,37,veryfast,0.030529,1899.120000,43.091500,47.910900,48.113500,43.706588
x265,1080p,Skater227_2k,22,faster,0.109857,6834.000000,49.003700,54.541700,54.805700,49.712450
x265,1080p,Skater227_2k,27,faster,0.067130,4176.000000,47.316700,52.319500,52.730900,47.967762
x265,1080p,Skater227_2k,32,faster,0.043715,2719.440000,45.317500,50.080800,50.639800,45.947850
x265,1080p,Skater227_2k,37,faster,0.030529,1899.120000,43.091500,47.910900,48.113500,43.706588
x265,1080p,Skater227_2k,22,fast,0.109869,6834.720000,49.003700,54.541700,54.805700,49.712450
x265,1080p,Skater227_2k,27,fast,0.067141,4176.720000,47.316700,52.319500,52.730900,47.967762
x265,1080p,Skater227_2k,32,fast,0.043727,2720.160000,45.317500,50.080800,50.639800,45.947850
x265,1080p,Skater227_2k,37,fast,0.030540,1899.840000,43.091500,47.910900,48.113500,43.706588
x265,1080p,Skater227_2k,22,medium,0.109525,6813.360000,49.016500,54.564600,54.836100,49.726981
x265,1080p,Skater227_2k,27,medium,0.066948,4164.720000,47.331700,52.310700,52.727800,47.980144
x265,1080p,Skater227_2k,32,medium,0.043395,2699.520000,45.329700,50.088000,50.625300,45.958069
x265,1080p,Skater227_2k,37,medium,0.030251,1881.840000,43.098100,47.948600,48.125200,43.715450
x265,1080p,Skater227_2k,22,slow,0.098796,6145.920000,48.809500,54.284000,54.599200,49.513512
x265,1080p,Skater227_2k,27,slow,0.060891,3787.920000,47.048000,52.015200,52.507100,47.699644
x265,1080p,Skater227_2k,32,slow,0.040494,2519.040000,45.021000,49.247900,49.689400,45.576956
x265,1080p,Skater227_2k,37,slow,0.028221,1755.600000,42.773800,47.335900,47.778100,43.371700
x265,1080p,Skater227_2k,22,slower,0.098812,6146.880000,48.820900,54.297600,54.592300,49.523906
x265,1080p,Skater227_2k,27,slower,0.060644,3772.560000,47.055200,52.026100,52.497200,47.706006
x265,1080p,Skater227_2k,32,slower,0.039950,2485.200000,45.040900,49.260000,49.720400,45.597062
x265,1080p,Skater227_2k,37,slower,0.028376,1765.200000,42.805800,47.342900,47.806800,43.401931
x265,1080p,Skater227_2k,22,veryslow,0.098823,6147.600000,48.820900,54.297600,54.592300,49.523906
x265,1080p,Skater227_2k,27,veryslow,0.060656,3773.280000,47.055200,52.026100,52.497200,47.706006
x265,1080p,Skater227_2k,32,veryslow,0.039961,2485.920000,45.040900,49.260000,49.720400,45.597062
x265,1080p,Skater227_2k,37,veryslow,0.028387,1765.920000,42.805800,47.342900,47.806800,43.401931
x265,1080p,Skater227_2k,22,placebo,0.098719,6141.120000,48.825100,54.285700,54.597700,49.527175
x265,1080p,Skater227_2k,27,placebo,0.060694,3775.680000,47.063900,52.024000,52.504800,47.713963
x265,1080p,Skater227_2k,32,placebo,0.040150,2497.680000,45.041900,49.258700,49.708500,45.597112
x265,1080p,Skater227_2k,37,placebo,0.028499,1772.880000,42.798200,47.386000,47.762200,43.395187
x265,1080p,TunnelFlag_2k,22,ultrafast,0.835625,103861.250000,42.634500,45.329200,46.658300,43.054406
x265,1080p,TunnelFlag_2k,27,ultrafast,0.508940,63256.970000,39.637300,42.692200,44.206400,40.113800
x265,1080p,TunnelFlag_2k,32,ultrafast,0.300631,37365.880000,36.578700,40.591100,42.125000,37.176119
x265,1080p,TunnelFlag_2k,37,ultrafast,0.178612,22200.050000,33.696500,39.115400,40.557000,34.463963
x265,1080p,TunnelFlag_2k,22,superfast,0.762663,94792.710000,42.849500,45.409200,46.698300,43.250031
x265,1080p,TunnelFlag_2k,27,superfast,0.449406,55857.430000,39.832500,42.617800,44.051600,40.270275
x265,1080p,TunnelFlag_2k,32,superfast,0.259321,32231.460000,36.872700,40.320100,41.779900,37.394863
x265,1080p,TunnelFlag_2k,37,superfast,0.154396,19190.110000,34.088500,38.736000,40.142100,34.757319
x265,1080p,TunnelFlag_2k,22,veryfast,0.762409,94761.090000,42.931400,45.506600,46.843500,43.336856
x265,1080p,TunnelFlag_2k,27,veryfast,0.447610,55634.170000,39.953400,42.691200,44.163200,40.387625
x265,1080p,TunnelFlag_2k,32,veryfast,0.258508,32130.460000,37.006500,40.381400,41.849300,37.520106
x265,1080p,TunnelFlag_2k,37,veryfast,0.153955,19135.350000,34.199000,38.761500,40.150700,34.856137
x265,1080p,TunnelFlag_2k,22,faster,0.762409,94761.090000,42.931400,45.506600,46.843500,43.336856
x265,1080p,TunnelFlag_2k,27,faster,0.447610,55634.170000,39.953400,42.691200,44.163200,40.387625
x265,1080p,TunnelFlag_2k,32,faster,0.258508,32130.460000,37.006500,40.381400,41.849300,37.520106
x265,1080p,TunnelFlag_2k,37,faster,0.153955,19135.350000,34.199000,38.761500,40.150700,34.856137
x265,1080p,TunnelFlag_2k,22,fast,0.762420,94762.500000,42.931400,45.506600,46.843500,43.336856
x265,1080p,TunnelFlag_2k,27,fast,0.447621,55635.590000,39.953400,42.691200,44.163200,40.387625
x265,1080p,TunnelFlag_2k,32,fast,0.258520,32131.870000,37.006500,40.381400,41.849300,37.520106
x265,1080p,TunnelFlag_2k,37,fast,0.153967,19136.770000,34.199000,38.761500,40.150700,34.856137
x265,1080p,TunnelFlag_2k,22,medium,0.762713,94798.850000,42.934300,45.505900,46.846100,43.339512
x265,1080p,TunnelFlag_2k,27,medium,0.447655,55639.840000,39.954700,42.691300,44.161100,40.388638
x265,1080p,TunnelFlag_2k,32,medium,0.258808,32167.740000,37.000600,40.359800,41.839700,37.512994
x265,1080p,TunnelFlag_2k,37,medium,0.153575,19088.150000,34.202000,38.745000,40.142500,34.857219
x265,1080p,TunnelFlag_2k,22,slow,0.691608,85961.110000,42.627400,44.930500,46.386100,43.006263
x265,1080p,TunnelFlag_2k,27,slow,0.396263,49252.260000,39.548500,41.973600,43.608300,39.953806
x265,1080p,TunnelFlag_2k,32,slow,0.226176,28111.850000,36.587100,39.613500,41.283300,37.069762
x265,1080p,TunnelFlag_2k,37,slow,0.135682,16864.090000,33.743900,38.126400,39.605100,34.384131
x265,1080p,TunnelFlag_2k,22,slower,0.688953,85631.190000,42.623900,44.934900,46.392500,43.003875
x265,1080p,TunnelFlag_2k,27,slower,0.393461,48903.930000,39.544200,42.002300,43.631100,39.953262
x265,1080p,TunnelFlag_2k,32,slower,0.224293,27877.740000,36.590800,39.668200,41.348200,37.080475
x265,1080p,TunnelFlag_2k,37,slower,0.134633,16733.820000,33.759700,38.185900,39.661400,34.405194
x265,1080p,TunnelFlag_2k,22,veryslow,0.688965,85632.600000,42.623900,44.934900,46.392500,43.003875
x265,1080p,TunnelFlag_2k,27,veryslow,0.393472,48905.340000,39.544200,42.002300,43.631100,39.953262
x265,1080p,TunnelFlag_2k,32,veryslow,0.224304,27879.150000,36.590800,39.668200,41.348200,37.080475
x265,1080p,TunnelFlag_2k,37,veryslow,0.134645,16735.230000,33.759700,38.185900,39.661400,34.405194
x265,1080p,TunnelFlag_2k,22,placebo,0.690643,85841.230000,42.630500,44.944000,46.402900,43.010869
x265,1080p,TunnelFlag_2k,27,placebo,0.394000,48970.950000,39.548600,41.994700,43.634100,39.956825
x265,1080p,TunnelFlag_2k,32,placebo,0.224016,27843.280000,36.589400,39.665500,41.348900,37.079125
x265,1080p,TunnelFlag_2k,37,placebo,0.136016,16905.620000,33.750600,38.172300,39.658900,34.396225
x265,1080p,Vertical_bees_2k,22,ultrafast,0.525449,32654.470000,45.339900,48.089800,49.205400,45.753362
x265,1080p,Vertical_bees_2k,27,ultrafast,0.333595,20731.520000,42.460800,45.466600,46.943900,42.928856
x265,1080p,Vertical_bees_2k,32,ultrafast,0.209706,13032.370000,39.335700,42.971800,44.837900,39.906844
x265,1080p,Vertical_bees_2k,37,ultrafast,0.131747,8187.510000,36.235600,40.874000,43.131000,36.956462
x265,1080p,Vertical_bees_2k,22,superfast,0.497619,30924.910000,45.709600,47.909600,49.155700,46.062481
x265,1080p,Vertical_bees_2k,27,superfast,0.312727,19434.640000,42.814900,45.142600,46.789000,43.208762
x265,1080p,Vertical_bees_2k,32,superfast,0.197372,12265.840000,39.736600,42.498500,44.551000,40.210119
x265,1080p,Vertical_bees_2k,37,superfast,0.125602,7805.640000,36.626700,40.382800,42.805500,37.247631
x265,1080p,Vertical_bees_2k,22,veryfast,0.497223,30900.310000,45.792300,47.982100,49.253800,46.145506
x265,1080p,Vertical_bees_2k,27,veryfast,0.312499,19420.490000,42.925800,45.196400,46.872700,43.314394
x265,1080p,Vertical_bees_2k,32,veryfast,0.196629,12219.670000,39.841100,42.537300,44.606100,40.307425
x265,1080p,Vertical_bees_2k,37,veryfast,0.124351,7727.920000,36.708700,40.398200,42.832600,37.322037
x265,1080p,Vertical_bees_2k,22,faster,0.497223,30900.310000,45.792300,47.982100,49.253800,46.145506
x265,1080p,Vertical_bees_2k,27,faster,0.312499,19420.490000,42.925800,45.196400,46.872700,43.314394
x265,1080p,Vertical_bees_2k,32,faster,0.196629,12219.670000,39.841100,42.537300,44.606100,40.307425
x265,1080p,Vertical_bees_2k,37,faster,0.124351,7727.920000,36.708700,40.398200,42.832600,37.322037
x265,1080p,Vertical_bees_2k,22,fast,0.497234,30901.010000,45.792300,47.982100,49.253800,46.145506
x265,1080p,Vertical_bees_2k,27,fast,0.312510,19421.190000,42.925800,45.196400,46.872700,43.314394
x265,1080p,Vertical_bees_2k,32,fast,0.196640,12220.370000,39.841100,42.537300,44.606100,40.307425
x265,1080p,Vertical_bees_2k,37,fast,0.124363,7728.620000,36.708700,40.398200,42.832600,37.322037
x265,1080p,Vertical_bees_2k,22,medium,0.496667,30865.750000,45.805500,47.976800,49.251400,46.156575
x265,1080p,Vertical_bees_2k,27,medium,0.311259,19343.460000,42.933400,45.195500,46.861900,43.320312
x265,1080p,Vertical_bees_2k,32,medium,0.195957,12177.910000,39.850700,42.530800,44.605700,40.315394
x265,1080p,Vertical_bees_2k,37,medium,0.123885,7698.920000,36.715600,40.386800,42.818900,37.326506
x265,1080p,Vertical_bees_2k,22,slow,0.463498,28804.430000,45.642500,47.750800,49.063600,45.988087
x265,1080p,Vertical_bees_2k,27,slow,0.290428,18048.900000,42.697200,44.858700,46.629200,43.078044
x265,1080p,Vertical_bees_2k,32,slow,0.181387,11272.420000,39.540800,42.053900,44.329700,39.997175
x265,1080p,Vertical_bees_2k,37,slow,0.113096,7028.440000,36.301300,39.811700,42.565300,36.912200
x265,1080p,Vertical_bees_2k,22,slower,0.462236,28726.010000,45.650100,47.736600,49.063800,45.993862
x265,1080p,Vertical_bees_2k,27,slower,0.289447,17987.890000,42.701500,44.856500,46.640600,43.082381
x265,1080p,Vertical_bees_2k,32,slower,0.181428,11274.970000,39.547300,42.069500,44.353000,40.005294
x265,1080p,Vertical_bees_2k,37,slower,0.112562,6995.260000,36.318100,39.843400,42.571800,36.929288
x265,1080p,Vertical_bees_2k,22,veryslow,0.462247,28726.710000,45.650100,47.736600,49.063800,45.993862
x265,1080p,Vertical_bees_2k,27,veryslow,0.289458,17988.580000,42.701500,44.856500,46.640600,43.082381
x265,1080p,Vertical_bees_2k,32,veryslow,0.181439,11275.660000,39.547300,42.069500,44.353000,40.005294
x265,1080p,Vertical_bees_2k,37,veryslow,0.112573,6995.960000,36.318100,39.843400,42.571800,36.929288
x265,1080p,Vertical_bees_2k,22,placebo,0.463669,28815.100000,45.654700,47.748700,49.071600,45.999131
x265,1080p,Vertical_bees_2k,27,placebo,0.289282,17977.680000,42.708900,44.859700,46.672300,43.091037
x265,1080p,Vertical_bees_2k,32,placebo,0.181887,11303.500000,39.556400,42.079700,44.365000,40.014644
x265,1080p,Vertical_bees_2k,37,placebo,0.112618,6998.740000,36.312700,39.841400,42.577100,36.924769
x265,1080p,Vertical_Carnaby_2k,22,ultrafast,0.222895,27704.040000,47.657000,50.191800,50.157300,47.971694
x265,1080p,Vertical_Carnaby_2k,27,ultrafast,0.133035,16535.110000,45.343100,47.698500,47.665700,45.635475
x265,1080p,Vertical_Carnaby_2k,32,ultrafast,0.085118,10579.410000,42.900600,45.421600,45.402400,43.214525
x265,1080p,Vertical_Carnaby_2k,37,ultrafast,0.057616,7161.180000,40.286000,43.576300,43.533800,40.694631
x265,1080p,Vertical_Carnaby_2k,22,superfast,0.219253,27251.390000,48.050500,50.137900,50.096000,48.308806
x265,1080p,Vertical_Carnaby_2k,27,superfast,0.129416,16085.290000,45.599800,47.604500,47.559000,45.847544
x265,1080p,Vertical_Carnaby_2k,32,superfast,0.083242,10346.240000,43.108500,45.298500,45.249700,43.379200
x265,1080p,Vertical_Carnaby_2k,37,superfast,0.057240,7114.460000,40.448600,43.446900,43.384900,40.819513
x265,1080p,Vertical_Carnaby_2k,22,veryfast,0.219637,27299.060000,48.175700,50.193600,50.148100,48.425094
x265,1080p,Vertical_Carnaby_2k,27,veryfast,0.129549,16101.810000,45.701500,47.634300,47.582600,45.939869
x265,1080p,Vertical_Carnaby_2k,32,veryfast,0.082702,10279.220000,43.184300,45.302300,45.264500,43.446687
x265,1080p,Vertical_Carnaby_2k,37,veryfast,0.056697,7046.960000,40.468000,43.434100,43.381500,40.835475
x265,1080p,Vertical_Carnaby_2k,22,faster,0.219637,27299.060000,48.175700,50.193600,50.148100,48.425094
x265,1080p,Vertical_Carnaby_2k,27,faster,0.129549,16101.810000,45.701500,47.634300,47.582600,45.939869
x265,1080p,Vertical_Carnaby_2k,32,faster,0.082702,10279.220000,43.184300,45.302300,45.264500,43.446687
x265,1080p,Vertical_Carnaby_2k,37,faster,0.056697,7046.960000,40.468000,43.434100,43.381500,40.835475
x265,1080p,Vertical_Carnaby_2k,22,fast,0.219648,27300.480000,48.175700,50.193600,50.148100,48.425094
x265,1080p,Vertical_Carnaby_2k,27,fast,0.129560,16103.220000,45.701500,47.634300,47.582600,45.939869
x265,1080p,Vertical_Carnaby_2k,32,fast,0.082714,10280.630000,43.184300,45.302300,45.264500,43.446687
x265,1080p,Vertical_Carnaby_2k,37,fast,0.056708,7048.380000,40.468000,43.434100,43.381500,40.835475
x265,1080p,Vertical_Carnaby_2k,22,medium,0.219341,27262.250000,48.187400,50.225600,50.170600,48.438737
x265,1080p,Vertical_Carnaby_2k,27,medium,0.129438,16088.120000,45.711100,47.655500,47.589800,45.950044
x265,1080p,Vertical_Carnaby_2k,32,medium,0.082406,10242.400000,43.189100,45.317100,45.275300,43.452488
x265,1080p,Vertical_Carnaby_2k,37,medium,0.056500,7022.420000,40.482500,43.460200,43.409600,40.851550
x265,1080p,Vertical_Carnaby_2k,22,slow,0.199233,24763.010000,47.903900,49.976800,49.929900,48.160081
x265,1080p,Vertical_Carnaby_2k,27,slow,0.117207,14567.810000,45.430500,47.361300,47.279500,45.666738
x265,1080p,Vertical_Carnaby_2k,32,slow,0.076045,9451.800000,42.904800,44.962700,44.884700,43.157162
x265,1080p,Vertical_Carnaby_2k,37,slow,0.052337,6505.100000,40.139000,43.082700,42.965800,40.499656
x265,1080p,Vertical_Carnaby_2k,22,slower,0.199396,24783.310000,47.927500,49.954900,49.915800,48.178481
x265,1080p,Vertical_Carnaby_2k,27,slower,0.117415,14593.770000,45.454100,47.354600,47.287800,45.687487
x265,1080p,Vertical_Carnaby_2k,32,slower,0.076083,9456.520000,42.929900,44.987500,44.889500,43.180975
x265,1080p,Vertical_Carnaby_2k,37,slower,0.052448,6518.790000,40.176600,43.079300,42.970900,40.532663
x265,1080p,Vertical_Carnaby_2k,22,veryslow,0.199408,24784.720000,47.927500,49.954900,49.915800,48.178481
x265,1080p,Vertical_Carnaby_2k,27,veryslow,0.117427,14595.180000,45.454100,47.354600,47.287800,45.687487
x265,1080p,Vertical_Carnaby_2k,32,veryslow,0.076095,9457.940000,42.929900,44.987500,44.889500,43.180975
x265,1080p,Vertical_Carnaby_2k,37,veryslow,0.052459,6520.210000,40.176600,43.079300,42.970900,40.532663
x265,1080p,Vertical_Carnaby_2k,22,placebo,0.199214,24760.650000,47.923700,49.962100,49.911200,48.175319
x265,1080p,Vertical_Carnaby_2k,27,placebo,0.117488,14602.740000,45.453200,47.347900,47.285100,45.686113
x265,1080p,Vertical_Carnaby_2k,32,placebo,0.076000,9446.140000,42.920800,44.984300,44.911000,43.174156
x265,1080p,Vertical_Carnaby_2k,37,placebo,0.052489,6523.980000,40.167300,43.093300,42.977500,40.525812
x265,1080p,WalkingInStreet_2k,22,ultrafast,3.285930,204411.120000,39.844800,41.300400,41.659600,40.049200
x265,1080p,WalkingInStreet_2k,27,ultrafast,2.184248,135877.690000,35.511700,37.723700,38.710400,35.849869
x265,1080p,WalkingInStreet_2k,32,ultrafast,1.348318,83876.160000,31.551800,35.205500,36.876900,32.112975
x265,1080p,WalkingInStreet_2k,37,ultrafast,0.794456,49421.520000,28.098500,33.414000,35.666800,28.903738
x265,1080p,WalkingInStreet_2k,22,superfast,3.137832,195198.250000,40.615000,41.490200,41.789100,40.743081
x265,1080p,WalkingInStreet_2k,27,superfast,2.074136,129027.840000,35.952100,37.614700,38.320100,36.204013
x265,1080p,WalkingInStreet_2k,32,superfast,1.289402,80211.120000,31.862700,34.907200,36.057400,32.315150
x265,1080p,WalkingInStreet_2k,37,superfast,0.767215,47726.880000,28.313000,33.075000,34.831700,29.018044
x265,1080p,WalkingInStreet_2k,22,veryfast,3.134429,194986.560000,40.797400,41.738500,41.890500,40.924538
x265,1080p,WalkingInStreet_2k,27,veryfast,2.069383,128732.170000,36.183800,37.833700,38.451000,36.428619
x265,1080p,WalkingInStreet_2k,32,veryfast,1.285147,79946.410000,32.072700,35.052800,36.154800,32.514087
x265,1080p,WalkingInStreet_2k,37,veryfast,0.761169,47350.800000,28.483300,33.065700,34.617300,29.153075
x265,1080p,WalkingInStreet_2k,22,faster,3.134429,194986.560000,40.797400,41.738500,41.890500,40.924538
x265,1080p,WalkingInStreet_2k,27,faster,2.069383,128732.170000,36.183800,37.833700,38.451000,36.428619
x265,1080p,WalkingInStreet_2k,32,faster,1.285147,79946.410000,32.072700,35.052800,36.154800,32.514087
x265,1080p,WalkingInStreet_2k,37,faster,0.761169,47350.800000,28.483300,33.065700,34.617300,29.153075
x265,1080p,WalkingInStreet_2k,22,fast,3.134441,194987.280000,40.797400,41.738500,41.890500,40.924538
x265,1080p,WalkingInStreet_2k,27,fast,2.069394,128732.880000,36.183800,37.833700,38.451000,36.428619
x265,1080p,WalkingInStreet_2k,32,fast,1.285158,79947.120000,32.072700,35.052800,36.154800,32.514087
x265,1080p,WalkingInStreet_2k,37,fast,0.761181,47351.520000,28.483300,33.065700,34.617300,29.153075
x265,1080p,WalkingInStreet_2k,22,medium,3.134638,194999.530000,40.802200,41.738100,41.885200,40.928381
x265,1080p,WalkingInStreet_2k,27,medium,2.068137,128654.650000,36.185800,37.821200,38.444500,36.429181
x265,1080p,WalkingInStreet_2k,32,medium,1.282890,79806.010000,32.071700,35.030400,36.122600,32.509800
x265,1080p,WalkingInStreet_2k,37,medium,0.759306,47234.880000,28.477400,33.035300,34.556500,29.142212
x265,1080p,WalkingInStreet_2k,22,slow,3.036516,188895.610000,40.924700,41.481200,41.492500,40.994969
x265,1080p,WalkingInStreet_2k,27,slow,1.926802,119862.480000,35.920700,37.488000,37.944500,36.145144
x265,1080p,WalkingInStreet_2k,32,slow,1.175216,73107.840000,31.788900,34.637600,35.573700,32.203494
x265,1080p,WalkingInStreet_2k,37,slow,0.663619,41282.400000,28.108600,32.530400,34.173100,28.763994
x265,1080p,WalkingInStreet_2k,22,slower,3.009371,187206.970000,40.892000,41.524200,41.563200,40.973463
x265,1080p,WalkingInStreet_2k,27,slower,1.900069,118199.520000,35.895700,37.488500,38.028700,36.128562
x265,1080p,WalkingInStreet_2k,32,slower,1.151482,71631.370000,31.749900,34.642900,35.596700,32.171138
x265,1080p,WalkingInStreet_2k,37,slower,0.653245,40637.040000,28.083700,32.558100,34.045700,28.735975
x265,1080p,WalkingInStreet_2k,22,veryslow,3.009383,187207.690000,40.892000,41.524200,41.563200,40.973463
x265,1080p,WalkingInStreet_2k,27,veryslow,1.900081,118200.250000,35.895700,37.488500,38.028700,36.128562
x265,1080p,WalkingInStreet_2k,32,veryslow,1.151493,71632.090000,31.749900,34.642900,35.596700,32.171138
x265,1080p,WalkingInStreet_2k,37,veryslow,0.653256,40637.760000,28.083700,32.558100,34.045700,28.735975
x265,1080p,WalkingInStreet_2k,22,placebo,3.022562,188027.530000,40.910400,41.646900,41.681100,41.004600
x265,1080p,WalkingInStreet_2k,27,placebo,1.907716,118675.200000,35.905100,37.571400,38.153000,36.149738
x265,1080p,WalkingInStreet_2k,32,placebo,1.157296,71993.040000,31.784300,34.696900,35.688600,32.210356
x265,1080p,WalkingInStreet_2k,37,placebo,0.656609,40846.320000,28.112100,32.618700,34.127200,28.769706
x265,1080p,WorldCup_2k,22,ultrafast,0.343360,21359.760000,46.497200,50.747100,50.758900,47.029175
x265,1080p,WorldCup_2k,27,ultrafast,0.208522,12971.760000,43.725500,48.305900,48.399500,44.303900
x265,1080p,WorldCup_2k,32,ultrafast,0.129001,8024.880000,40.769700,46.108400,46.282900,41.447944
x265,1080p,WorldCup_2k,37,ultrafast,0.080810,5027.040000,37.835300,44.285400,44.503400,38.655187
x265,1080p,WorldCup_2k,22,superfast,0.297461,18504.480000,47.246500,50.609800,50.670100,47.670681
x265,1080p,WorldCup_2k,27,superfast,0.179938,11193.600000,44.535000,47.923600,48.098800,44.969525
x265,1080p,WorldCup_2k,32,superfast,0.113576,7065.360000,41.638400,45.691700,45.922300,42.159475
x265,1080p,WorldCup_2k,37,superfast,0.073198,4553.520000,38.643400,43.864700,44.108000,39.311269
x265,1080p,WorldCup_2k,22,veryfast,0.296404,18438.720000,47.348100,50.712500,50.765600,47.771969
x265,1080p,WorldCup_2k,27,veryfast,0.180015,11198.400000,44.646900,48.032400,48.204300,45.080831
x265,1080p,WorldCup_2k,32,veryfast,0.113484,7059.600000,41.730300,45.750600,45.986100,42.247556
x265,1080p,WorldCup_2k,37,veryfast,0.072998,4541.040000,38.694500,43.928000,44.191000,39.365125
x265,1080p,WorldCup_2k,22,faster,0.296404,18438.720000,47.348100,50.712500,50.765600,47.771969
x265,1080p,WorldCup_2k,27,faster,0.180015,11198.400000,44.646900,48.032400,48.204300,45.080831
x265,1080p,WorldCup_2k,32,faster,0.113484,7059.600000,41.730300,45.750600,45.986100,42.247556
x265,1080p,WorldCup_2k,37,faster,0.072998,4541.040000,38.694500,43.928000,44.191000,39.365125
x265,1080p,WorldCup_2k,22,fast,0.296416,18439.440000,47.348100,50.712500,50.765600,47.771969
x265,1080p,WorldCup_2k,27,fast,0.180027,11199.120000,44.646900,48.032400,48.204300,45.080831
x265,1080p,WorldCup_2k,32,fast,0.113495,7060.320000,41.730300,45.750600,45.986100,42.247556
x265,1080p,WorldCup_2k,37,fast,0.073009,4541.760000,38.694500,43.928000,44.191000,39.365125
x265,1080p,WorldCup_2k,22,medium,0.296644,18453.600000,47.357800,50.726000,50.772100,47.781706
x265,1080p,WorldCup_2k,27,medium,0.179769,11183.040000,44.655200,48.013400,48.171300,45.084844
x265,1080p,WorldCup_2k,32,medium,0.113075,7034.160000,41.737700,45.711600,45.966400,42.250362
x265,1080p,WorldCup_2k,37,medium,0.072905,4535.280000,38.690900,43.877800,44.140300,39.355669
x265,1080p,WorldCup_2k,22,slow,0.271034,16860.480000,47.105600,50.411200,50.492600,47.523888
x265,1080p,WorldCup_2k,27,slow,0.164896,10257.840000,44.329500,47.618800,47.848100,44.754994
x265,1080p,WorldCup_2k,32,slow,0.103515,6439.440000,41.322500,45.179100,45.454100,41.821762
x265,1080p,WorldCup_2k,37,slow,0.066215,4119.120000,38.170900,43.347400,43.646600,38.836663
x265,1080p,WorldCup_2k,22,slower,0.268978,16732.560000,47.119800,50.420600,50.500300,47.537381
x265,1080p,WorldCup_2k,27,slower,0.163993,10201.680000,44.350600,47.669900,47.880300,44.778663
x265,1080p,WorldCup_2k,32,slower,0.103515,6439.440000,41.353000,45.217600,45.505200,41.854050
x265,1080p,WorldCup_2k,37,slower,0.065590,4080.240000,38.216200,43.396900,43.698400,38.882631
x265,1080p,WorldCup_2k,22,veryslow,0.268989,16733.280000,47.119800,50.420600,50.500300,47.537381
x265,1080p,WorldCup_2k,27,veryslow,0.164005,10202.400000,44.350600,47.669900,47.880300,44.778663
x265,1080p,WorldCup_2k,32,veryslow,0.103526,6440.160000,41.353000,45.217600,45.505200,41.854050
x265,1080p,WorldCup_2k,37,veryslow,0.065602,4080.960000,38.216200,43.396900,43.698400,38.882631
x265,1080p,WorldCup_2k,22,placebo,0.269707,16777.920000,47.122000,50.428100,50.506000,47.540131
x265,1080p,WorldCup_2k,27,placebo,0.164668,10243.680000,44.350000,47.669800,47.884100,44.778369
x265,1080p,WorldCup_2k,32,placebo,0.103785,6456.240000,41.343100,45.216700,45.504000,41.845256
x265,1080p,WorldCup_2k,37,placebo,0.065845,4096.080000,38.197100,43.370700,43.718000,38.865506
x265,1080p,WorldCup_far_2k,22,ultrafast,1.132485,70449.600000,43.182400,44.696000,46.904300,43.509619
x265,1080p,WorldCup_far_2k,27,ultrafast,0.693839,43162.320000,39.775200,41.634600,44.261800,40.171825
x265,1080p,WorldCup_far_2k,32,ultrafast,0.414444,25781.760000,36.411800,39.270000,42.045500,36.942544
x265,1080p,WorldCup_far_2k,37,ultrafast,0.244051,15181.920000,33.272400,37.484200,40.279400,33.973575
x265,1080p,WorldCup_far_2k,22,superfast,1.036617,64485.840000,43.869900,44.946600,46.906700,44.126994
x265,1080p,WorldCup_far_2k,27,superfast,0.621354,38653.200000,40.405900,41.698300,44.040600,40.713844
x265,1080p,WorldCup_far_2k,32,superfast,0.376871,23444.400000,37.034600,39.113500,41.666000,37.453994
x265,1080p,WorldCup_far_2k,37,superfast,0.226817,14109.840000,33.806600,37.218700,39.832000,34.396444
x265,1080p,WorldCup_far_2k,22,veryfast,1.037967,64569.840000,43.916600,45.007500,47.025000,44.179056
x265,1080p,WorldCup_far_2k,27,veryfast,0.621034,38633.280000,40.484900,41.775700,44.157200,40.795094
x265,1080p,WorldCup_far_2k,32,veryfast,0.376829,23441.760000,37.116500,39.167900,41.751400,37.534394
x265,1080p,WorldCup_far_2k,37,veryfast,0.226481,14088.960000,33.860700,37.230800,39.869100,34.446856
x265,1080p,WorldCup_far_2k,22,faster,1.037967,64569.840000,43.916600,45.007500,47.025000,44.179056
x265,1080p,WorldCup_far_2k,27,faster,0.621034,38633.280000,40.484900,41.775700,44.157200,40.795094
x265,1080p,WorldCup_far_2k,32,faster,0.376829,23441.760000,37.116500,39.167900,41.751400,37.534394
x265,1080p,WorldCup_far_2k,37,faster,0.226481,14088.960000,33.860700,37.230800,39.869100,34.446856
x265,1080p,WorldCup_far_2k,22,fast,1.037978,64570.560000,43.916600,45.007500,47.025000,44.179056
x265,1080p,WorldCup_far_2k,27,fast,0.621046,38634.000000,40.484900,41.775700,44.157200,40.795094
x265,1080p,WorldCup_far_2k,32,fast,0.376840,23442.480000,37.116500,39.167900,41.751400,37.534394
x265,1080p,WorldCup_far_2k,37,fast,0.226493,14089.680000,33.860700,37.230800,39.869100,34.446856
x265,1080p,WorldCup_far_2k,22,medium,1.036624,64486.320000,43.928100,44.998600,47.016700,44.188044
x265,1080p,WorldCup_far_2k,27,medium,0.620305,38587.920000,40.493300,41.767100,44.143700,40.801063
x265,1080p,WorldCup_far_2k,32,medium,0.375772,23376.000000,37.121800,39.151500,41.722700,37.536213
x265,1080p,WorldCup_far_2k,37,medium,0.227079,14126.160000,33.869200,37.229700,39.857400,34.453494
x265,1080p,WorldCup_far_2k,22,slow,0.957967,59593.200000,43.711900,44.589200,46.775900,43.958231
x265,1080p,WorldCup_far_2k,27,slow,0.572288,35600.880000,40.190400,41.147000,43.831200,40.477737
x265,1080p,WorldCup_far_2k,32,slow,0.340451,21178.800000,36.735100,38.437300,41.368300,37.131063
x265,1080p,WorldCup_far_2k,37,slow,0.199082,12384.480000,33.355700,36.496400,39.474600,33.934425
x265,1080p,WorldCup_far_2k,22,slower,0.952971,59282.400000,43.712500,44.591900,46.791500,43.959900
x265,1080p,WorldCup_far_2k,27,slower,0.569255,35412.240000,40.193100,41.167100,43.855500,40.482875
x265,1080p,WorldCup_far_2k,32,slower,0.339371,21111.600000,36.743200,38.474800,41.404600,37.142762
x265,1080p,WorldCup_far_2k,37,slower,0.198854,12370.320000,33.371000,36.533000,39.529300,33.953519
x265,1080p,WorldCup_far_2k,22,veryslow,0.952982,59283.120000,43.712500,44.591900,46.791500,43.959900
x265,1080p,WorldCup_far_2k,27,veryslow,0.569267,35412.960000,40.193100,41.167100,43.855500,40.482875
x265,1080p,WorldCup_far_2k,32,veryslow,0.339383,21112.320000,36.743200,38.474800,41.404600,37.142762
x265,1080p,WorldCup_far_2k,37,veryslow,0.198866,12371.040000,33.371000,36.533000,39.529300,33.953519
x265,1080p,WorldCup_far_2k,22,placebo,0.955236,59423.290000,43.720200,44.599300,46.801700,43.967737
x265,1080p,WorldCup_far_2k,27,placebo,0.570328,35478.960000,40.200600,41.170200,43.857200,40.489738
x265,1080p,WorldCup_far_2k,32,placebo,0.339174,21099.360000,36.746600,38.471500,41.407100,37.145688
x265,1080p,WorldCup_far_2k,37,placebo,0.199684,12421.920000,33.370200,36.539800,39.522500,33.952819
x265,720p,ControlledBurn_720p,22,ultrafast,1.459748,40359.120000,41.847500,47.977400,47.480700,42.582694
x265,720p,ControlledBurn_720p,27,ultrafast,0.954679,26394.960000,38.009700,45.584800,45.040800,38.922587
x265,720p,ControlledBurn_720p,32,ultrafast,0.577439,15965.040000,34.237300,43.461300,43.014400,35.362369
x265,720p,ControlledBurn_720p,37,ultrafast,0.322083,8904.960000,30.843200,41.778800,41.474900,32.191156
x265,720p,ControlledBurn_720p,22,superfast,1.386840,38343.360000,42.361800,47.817200,47.338400,43.013800
x265,720p,ControlledBurn_720p,27,superfast,0.905668,25039.920000,38.495900,45.157900,44.685500,39.299125
x265,720p,ControlledBurn_720p,32,superfast,0.553733,15309.600000,34.707200,42.818200,42.461400,35.698775
x265,720p,ControlledBurn_720p,37,superfast,0.313932,8679.600000,31.250800,41.062700,40.874500,32.465525
x265,720p,ControlledBurn_720p,22,veryfast,1.387214,38353.680000,42.397200,47.882800,47.384900,43.051781
x265,720p,ControlledBurn_720p,27,veryfast,0.905425,25033.200000,38.553200,45.213700,44.738200,39.356044
x265,720p,ControlledBurn_720p,32,veryfast,0.554019,15317.520000,34.779400,42.872700,42.506100,35.768150
x265,720p,ControlledBurn_720p,37,veryfast,0.314245,8688.240000,31.313300,41.108600,40.904400,32.524950
x265,720p,ControlledBurn_720p,22,faster,1.387214,38353.680000,42.397200,47.882800,47.384900,43.051781
x265,720p,ControlledBurn_720p,27,faster,0.905425,25033.200000,38.553200,45.213700,44.738200,39.356044
x265,720p,ControlledBurn_720p,32,faster,0.554019,15317.520000,34.779400,42.872700,42.506100,35.768150
x265,720p,ControlledBurn_720p,37,faster,0.314245,8688.240000,31.313300,41.108600,40.904400,32.524950
x265,720p,ControlledBurn_720p,22,fast,1.387240,38354.400000,42.397200,47.882800,47.384900,43.051781
x265,720p,ControlledBurn_720p,27,fast,0.905451,25033.920000,38.553200,45.213700,44.738200,39.356044
x265,720p,ControlledBurn_720p,32,fast,0.554045,15318.240000,34.779400,42.872700,42.506100,35.768150
x265,720p,ControlledBurn_720p,37,fast,0.314271,8688.960000,31.313300,41.108600,40.904400,32.524950
x265,720p,ControlledBurn_720p,22,medium,1.385773,38313.840000,42.410800,47.872100,47.377200,43.062531
x265,720p,ControlledBurn_720p,27,medium,0.905720,25041.360000,38.561800,45.210700,44.730500,39.362900
x265,720p,ControlledBurn_720p,32,medium,0.553438,15301.440000,34.786500,42.867200,42.487000,35.772825
x265,720p,ControlledBurn_720p,37,medium,0.314384,8692.080000,31.315400,41.094100,40.898700,32.525525
x265,720p,ControlledBurn_720p,22,slow,1.328602,36733.200000,42.346900,47.579100,47.005400,42.965069
x265,720p,ControlledBurn_720p,27,slow,0.857839,23717.520000,38.383800,44.811700,44.234700,39.151225
x265,720p,ControlledBurn_720p,32,slow,0.512778,14177.280000,34.508700,42.462400,42.054600,35.477425
x265,720p,ControlledBurn_720p,37,slow,0.277569,7674.240000,30.880200,40.730000,40.536200,32.099312
x265,720p,ControlledBurn_720p,22,slower,1.328177,36721.440000,42.353700,47.599300,47.024400,42.973469
x265,720p,ControlledBurn_720p,27,slower,0.855599,23655.600000,38.391000,44.831700,44.258400,39.160256
x265,720p,ControlledBurn_720p,32,slower,0.511293,14136.240000,34.515100,42.513500,42.102300,35.489200
x265,720p,ControlledBurn_720p,37,slower,0.277257,7665.600000,30.893000,40.793700,40.593300,32.118063
x265,720p,ControlledBurn_720p,22,veryslow,1.328203,36722.160000,42.353700,47.599300,47.024400,42.973469
x265,720p,ControlledBurn_720p,27,veryslow,0.855625,23656.320000,38.391000,44.831700,44.258400,39.160256
x265,720p,ControlledBurn_720p,32,veryslow,0.511319,14136.960000,34.515100,42.513500,42.102300,35.489200
x265,720p,ControlledBurn_720p,37,veryslow,0.277283,7666.320000,30.893000,40.793700,40.593300,32.118063
x265,720p,ControlledBurn_720p,22,placebo,1.327865,36712.800000,42.360800,47.599500,47.018100,42.979300
x265,720p,ControlledBurn_720p,27,placebo,0.854644,23629.200000,38.396100,44.838400,44.275100,39.166181
x265,720p,ControlledBurn_720p,32,placebo,0.512821,14178.480000,34.515200,42.524800,42.117700,35.490956
x265,720p,ControlledBurn_720p,37,placebo,0.276580,7646.880000,30.885100,40.806300,40.600700,32.112400
x265,720p,DrivingPOV_720p,22,ultrafast,1.420065,78445.460000,41.441100,44.621900,43.741300,41.783662
x265,720p,DrivingPOV_720p,27,ultrafast,0.837293,46252.700000,37.702500,42.185400,42.012900,38.252081
x265,720p,DrivingPOV_720p,32,ultrafast,0.461416,25488.950000,34.311600,40.364600,40.801600,35.095537
x265,720p,DrivingPOV_720p,37,ultrafast,0.243114,13429.820000,31.427800,38.964500,39.828800,32.423906
x265,720p,DrivingPOV_720p,22,superfast,1.301776,71911.090000,42.180400,44.729100,43.821100,42.442237
x265,720p,DrivingPOV_720p,27,superfast,0.767340,42388.430000,38.384500,42.090900,41.890900,38.835300
x265,720p,DrivingPOV_720p,32,superfast,0.431519,23837.420000,34.945600,40.027700,40.484600,35.609419
x265,720p,DrivingPOV_720p,37,superfast,0.233433,12895.040000,31.919300,38.566100,39.388500,32.801550
x265,720p,DrivingPOV_720p,22,veryfast,1.303066,71982.360000,42.225500,44.799200,43.868500,42.489044
x265,720p,DrivingPOV_720p,27,veryfast,0.768237,42437.990000,38.457400,42.165500,41.959100,38.908012
x265,720p,DrivingPOV_720p,32,veryfast,0.431408,23831.280000,35.030800,40.117800,40.564000,35.694562
x265,720p,DrivingPOV_720p,37,veryfast,0.233066,12874.740000,31.985000,38.624600,39.461400,32.867250
x265,720p,DrivingPOV_720p,22,faster,1.303066,71982.360000,42.225500,44.799200,43.868500,42.489044
x265,720p,DrivingPOV_720p,27,faster,0.768237,42437.990000,38.457400,42.165500,41.959100,38.908012
x265,720p,DrivingPOV_720p,32,faster,0.431408,23831.280000,35.030800,40.117800,40.564000,35.694562
x265,720p,DrivingPOV_720p,37,faster,0.233066,12874.740000,31.985000,38.624600,39.461400,32.867250
x265,720p,DrivingPOV_720p,22,fast,1.303092,71983.780000,42.225500,44.799200,43.868500,42.489044
x265,720p,DrivingPOV_720p,27,fast,0.768263,42439.410000,38.457400,42.165500,41.959100,38.908012
x265,720p,DrivingPOV_720p,32,fast,0.431433,23832.700000,35.030800,40.117800,40.564000,35.694562
x265,720p,DrivingPOV_720p,37,fast,0.233092,12876.160000,31.985000,38.624600,39.461400,32.867250
x265,720p,DrivingPOV_720p,22,medium,1.304690,72072.050000,42.240200,44.792700,43.868800,42.501519
x265,720p,DrivingPOV_720p,27,medium,0.769664,42516.820000,38.467900,42.161900,41.945900,38.916150
x265,720p,DrivingPOV_720p,32,medium,0.431177,23818.540000,35.038200,40.094000,40.544000,35.698300
x265,720p,DrivingPOV_720p,37,medium,0.233639,12906.370000,31.994100,38.610000,39.430600,32.872375
x265,720p,DrivingPOV_720p,22,slow,1.216759,67214.690000,42.025500,44.388600,43.429300,42.260931
x265,720p,DrivingPOV_720p,27,slow,0.703017,38835.220000,38.156500,41.654900,41.646600,38.593281
x265,720p,DrivingPOV_720p,32,slow,0.386626,21357.530000,34.646700,39.555000,40.279300,35.305506
x265,720p,DrivingPOV_720p,37,slow,0.200657,11084.450000,31.493500,38.066800,39.143300,32.382444
x265,720p,DrivingPOV_720p,22,slower,1.212940,67003.700000,42.029400,44.400200,43.439700,42.265719
x265,720p,DrivingPOV_720p,27,slower,0.699813,38658.220000,38.159800,41.678400,41.669400,38.599062
x265,720p,DrivingPOV_720p,32,slower,0.385422,21290.980000,34.654000,39.588200,40.303900,35.315506
x265,720p,DrivingPOV_720p,37,slower,0.198675,10974.940000,31.506800,38.109800,39.194000,32.399938
x265,720p,DrivingPOV_720p,22,veryslow,1.212965,67005.120000,42.029400,44.400200,43.439700,42.265719
x265,720p,DrivingPOV_720p,27,veryslow,0.699839,38659.630000,38.159800,41.678400,41.669400,38.599062
x265,720p,DrivingPOV_720p,32,veryslow,0.385447,21292.390000,34.654000,39.588200,40.303900,35.315506
x265,720p,DrivingPOV_720p,37,veryslow,0.198700,10976.360000,31.506800,38.109800,39.194000,32.399938
x265,720p,DrivingPOV_720p,22,placebo,1.215665,67154.270000,42.040700,44.411700,43.456400,42.277369
x265,720p,DrivingPOV_720p,27,placebo,0.701796,38767.720000,38.172200,41.684500,41.674500,38.610612
x265,720p,DrivingPOV_720p,32,placebo,0.384866,21260.300000,34.660000,39.601700,40.307500,35.321825
x265,720p,DrivingPOV_720p,37,placebo,0.199418,11016.010000,31.502300,38.093800,39.196200,32.395138
x265,720p,Johnny_720p,22,ultrafast,0.467752,25864.800000,43.907000,48.218200,48.699700,44.475994
x265,720p,Johnny_720p,27,ultrafast,0.268446,14844.000000,41.623100,46.571200,47.104200,42.274925
x265,720p,Johnny_720p,32,ultrafast,0.162179,8967.840000,39.175600,44.730700,45.250300,39.902462
x265,720p,Johnny_720p,37,ultrafast,0.101128,5592.000000,36.659500,43.095000,43.479600,37.487975
x265,720p,Johnny_720p,22,superfast,0.413837,22883.520000,44.171700,48.135700,48.570400,44.694369
x265,720p,Johnny_720p,27,superfast,0.233941,12936.000000,42.006500,46.294700,46.762900,42.571787
x265,720p,Johnny_720p,32,superfast,0.143672,7944.480000,39.709300,44.311100,44.770000,40.313206
x265,720p,Johnny_720p,37,superfast,0.092969,5140.800000,37.216400,42.639900,43.051400,37.920056
x265,720p,Johnny_720p,22,veryfast,0.413186,22847.520000,44.205800,48.210700,48.678900,44.735675
x265,720p,Johnny_720p,27,veryfast,0.233724,12924.000000,42.061700,46.389100,46.864300,42.632325
x265,720p,Johnny_720p,32,veryfast,0.143203,7918.560000,39.776800,44.432300,44.862700,40.385638
x265,720p,Johnny_720p,37,veryfast,0.092786,5130.720000,37.269300,42.778100,43.184800,37.983319
x265,720p,Johnny_720p,22,faster,0.413186,22847.520000,44.205800,48.210700,48.678900,44.735675
x265,720p,Johnny_720p,27,faster,0.233724,12924.000000,42.061700,46.389100,46.864300,42.632325
x265,720p,Johnny_720p,32,faster,0.143203,7918.560000,39.776800,44.432300,44.862700,40.385638
x265,720p,Johnny_720p,37,faster,0.092786,5130.720000,37.269300,42.778100,43.184800,37.983319
x265,720p,Johnny_720p,22,fast,0.413212,22848.960000,44.205800,48.210700,48.678900,44.735675
x265,720p,Johnny_720p,27,fast,0.233750,12925.440000,42.061700,46.389100,46.864300,42.632325
x265,720p,Johnny_720p,32,fast,0.143229,7920.000000,39.776800,44.432300,44.862700,40.385638
x265,720p,Johnny_720p,37,fast,0.092813,5132.160000,37.269300,42.778100,43.184800,37.983319
x265,720p,Johnny_720p,22,medium,0.412083,22786.560000,44.211600,48.205700,48.680700,44.740550
x265,720p,Johnny_720p,27,medium,0.233472,12910.080000,42.066600,46.387700,46.865300,42.636588
x265,720p,Johnny_720p,32,medium,0.141918,7847.520000,39.782000,44.421800,44.826700,40.387281
x265,720p,Johnny_720p,37,medium,0.092682,5124.960000,37.275000,42.734900,43.164700,37.984350
x265,720p,Johnny_720p,22,slow,0.360764,19948.800000,43.951000,47.972200,48.463500,44.484356
x265,720p,Johnny_720p,27,slow,0.208628,11536.320000,41.769300,46.010100,46.515000,42.330956
x265,720p,Johnny_720p,32,slow,0.128889,7127.040000,39.421600,43.948400,44.362000,40.013300
x265,720p,Johnny_720p,37,slow,0.082882,4583.040000,36.769600,42.109600,42.548400,37.464525
x265,720p,Johnny_720p,22,slower,0.358099,19801.440000,43.950600,47.974200,48.483900,44.485406
x265,720p,Johnny_720p,27,slower,0.207231,11459.040000,41.768900,46.043800,46.532500,42.333806
x265,720p,Johnny_720p,32,slower,0.127752,7064.160000,39.434200,43.981600,44.439000,40.031212
x265,720p,Johnny_720p,37,slower,0.081944,4531.200000,36.799500,42.188400,42.593600,37.498438
x265,720p,Johnny_720p,22,veryslow,0.358125,19802.880000,43.950600,47.974200,48.483900,44.485406
x265,720p,Johnny_720p,27,veryslow,0.207257,11460.480000,41.768900,46.043800,46.532500,42.333806
x265,720p,Johnny_720p,32,veryslow,0.127778,7065.600000,39.434200,43.981600,44.439000,40.031212
x265,720p,Johnny_720p,37,veryslow,0.081970,4532.640000,36.799500,42.188400,42.593600,37.498438
x265,720p,Johnny_720p,22,placebo,0.357891,19789.920000,43.955900,47.980500,48.483300,44.490400
x265,720p,Johnny_720p,27,placebo,0.208177,11511.360000,41.772800,46.053300,46.540300,42.338300
x265,720p,Johnny_720p,32,placebo,0.128976,7131.840000,39.433600,43.962800,44.429400,40.028912
x265,720p,Johnny_720p,37,placebo,0.082448,4559.040000,36.788900,42.175600,42.575700,37.487244
x265,720p,KristenAndSara_720p,22,ultrafast,0.533889,29521.920000,44.141900,47.628300,48.331800,44.621669
x265,720p,KristenAndSara_720p,27,ultrafast,0.326076,18030.720000,41.632200,45.723100,46.543200,42.194819
x265,720p,KristenAndSara_720p,32,ultrafast,0.204019,11281.440000,38.865900,43.816900,44.762400,39.543869
x265,720p,KristenAndSara_720p,37,ultrafast,0.129913,7183.680000,36.011500,42.300700,43.162000,36.851481
x265,720p,KristenAndSara_720p,22,superfast,0.456406,25237.440000,44.547200,47.598100,48.332200,44.974444
x265,720p,KristenAndSara_720p,27,superfast,0.275990,15261.120000,42.187800,45.585000,46.373700,42.661744
x265,720p,KristenAndSara_720p,32,superfast,0.174913,9672.000000,39.542600,43.551600,44.365300,40.094581
x265,720p,KristenAndSara_720p,37,superfast,0.115165,6368.160000,36.725200,41.904700,42.686100,37.421475
x265,720p,KristenAndSara_720p,22,veryfast,0.456094,25220.160000,44.601600,47.678800,48.434800,45.033500
x265,720p,KristenAndSara_720p,27,veryfast,0.276207,15273.120000,42.267500,45.648600,46.467000,42.741287
x265,720p,KristenAndSara_720p,32,veryfast,0.174644,9657.120000,39.630400,43.632500,44.507000,40.185319
x265,720p,KristenAndSara_720p,37,veryfast,0.114366,6324.000000,36.802900,42.002100,42.803200,37.502869
x265,720p,KristenAndSara_720p,22,faster,0.456094,25220.160000,44.601600,47.678800,48.434800,45.033500
x265,720p,KristenAndSara_720p,27,faster,0.276207,15273.120000,42.267500,45.648600,46.467000,42.741287
x265,720p,KristenAndSara_720p,32,faster,0.174644,9657.120000,39.630400,43.632500,44.507000,40.185319
x265,720p,KristenAndSara_720p,37,faster,0.114366,6324.000000,36.802900,42.002100,42.803200,37.502869
x265,720p,KristenAndSara_720p,22,fast,0.456120,25221.600000,44.601600,47.678800,48.434800,45.033500
x265,720p,KristenAndSara_720p,27,fast,0.276233,15274.560000,42.267500,45.648600,46.467000,42.741287
x265,720p,KristenAndSara_720p,32,fast,0.174670,9658.560000,39.630400,43.632500,44.507000,40.185319
x265,720p,KristenAndSara_720p,37,fast,0.114392,6325.440000,36.802900,42.002100,42.803200,37.502869
x265,720p,KristenAndSara_720p,22,medium,0.455660,25196.160000,44.605400,47.677600,48.422700,45.035994
x265,720p,KristenAndSara_720p,27,medium,0.274635,15186.240000,42.271000,45.649600,46.462900,42.744156
x265,720p,KristenAndSara_720p,32,medium,0.173906,9616.320000,39.631400,43.611600,44.496800,40.184250
x265,720p,KristenAndSara_720p,37,medium,0.114332,6322.080000,36.804500,41.955100,42.779200,37.499831
x265,720p,KristenAndSara_720p,22,slow,0.406510,22478.400000,44.370500,47.411000,48.232700,44.801919
x265,720p,KristenAndSara_720p,27,slow,0.251910,13929.600000,42.008200,45.240900,46.170100,42.470363
x265,720p,KristenAndSara_720p,32,slow,0.160486,8874.240000,39.302000,43.131900,44.068200,39.839256
x265,720p,KristenAndSara_720p,37,slow,0.103863,5743.200000,36.348200,41.441200,42.288700,37.037794
x265,720p,KristenAndSara_720p,22,slower,0.404028,22341.120000,44.372700,47.435200,48.225200,44.804887
x265,720p,KristenAndSara_720p,27,slower,0.250425,13847.520000,42.011200,45.282500,46.196600,42.477244
x265,720p,KristenAndSara_720p,32,slower,0.159696,8830.560000,39.313500,43.175100,44.105100,39.854325
x265,720p,KristenAndSara_720p,37,slower,0.103212,5707.200000,36.370800,41.495800,42.319000,37.062875
x265,720p,KristenAndSara_720p,22,veryslow,0.404054,22342.560000,44.372700,47.435200,48.225200,44.804887
x265,720p,KristenAndSara_720p,27,veryslow,0.250451,13848.960000,42.011200,45.282500,46.196600,42.477244
x265,720p,KristenAndSara_720p,32,veryslow,0.159722,8832.000000,39.313500,43.175100,44.105100,39.854325
x265,720p,KristenAndSara_720p,37,veryslow,0.103238,5708.640000,36.370800,41.495800,42.319000,37.062875
x265,720p,KristenAndSara_720p,22,placebo,0.404852,22386.720000,44.377700,47.445200,48.246900,44.811244
x265,720p,KristenAndSara_720p,27,placebo,0.251771,13921.920000,42.018700,45.299200,46.261200,42.488888
x265,720p,KristenAndSara_720p,32,placebo,0.160391,8868.960000,39.318300,43.155700,44.116800,39.858044
x265,720p,KristenAndSara_720p,37,placebo,0.104505,5778.720000,36.369200,41.516600,42.306200,37.061975
x265,720p,RollerCoaster_720p,22,ultrafast,0.708682,39148.150000,43.807800,45.038700,44.912600,43.953781
x265,720p,RollerCoaster_720p,27,ultrafast,0.414233,22882.560000,40.600200,42.452900,42.771400,40.851694
x265,720p,RollerCoaster_720p,32,ultrafast,0.238440,13171.630000,37.542600,40.381500,41.163100,37.946312
x265,720p,RollerCoaster_720p,37,ultrafast,0.141820,7834.260000,34.751200,38.745400,39.912300,35.323406
x265,720p,RollerCoaster_720p,22,superfast,0.656630,36272.730000,44.245900,45.182200,45.064900,44.355606
x265,720p,RollerCoaster_720p,27,superfast,0.384541,21242.360000,40.979100,42.481700,42.820900,41.188125
x265,720p,RollerCoaster_720p,32,superfast,0.225197,12440.030000,37.905100,40.286300,41.110400,38.254256
x265,720p,RollerCoaster_720p,37,superfast,0.135796,7501.500000,35.078300,38.581500,39.792600,35.591894
x265,720p,RollerCoaster_720p,22,veryfast,0.657911,36343.530000,44.317300,45.259100,45.129100,44.426900
x265,720p,RollerCoaster_720p,27,veryfast,0.386114,21329.210000,41.074400,42.576200,42.891500,41.281831
x265,720p,RollerCoaster_720p,32,veryfast,0.224607,12407.460000,37.987000,40.354200,41.159100,38.333206
x265,720p,RollerCoaster_720p,37,veryfast,0.135805,7501.970000,35.122200,38.612000,39.807100,35.633119
x265,720p,RollerCoaster_720p,22,faster,0.657911,36343.530000,44.317300,45.259100,45.129100,44.426900
x265,720p,RollerCoaster_720p,27,faster,0.386114,21329.210000,41.074400,42.576200,42.891500,41.281831
x265,720p,RollerCoaster_720p,32,faster,0.224607,12407.460000,37.987000,40.354200,41.159100,38.333206
x265,720p,RollerCoaster_720p,37,faster,0.135805,7501.970000,35.122200,38.612000,39.807100,35.633119
x265,720p,RollerCoaster_720p,22,fast,0.657937,36344.950000,44.317300,45.259100,45.129100,44.426900
x265,720p,RollerCoaster_720p,27,fast,0.386139,21330.620000,41.074400,42.576200,42.891500,41.281831
x265,720p,RollerCoaster_720p,32,fast,0.224633,12408.880000,37.987000,40.354200,41.159100,38.333206
x265,720p,RollerCoaster_720p,37,fast,0.135831,7503.380000,35.122200,38.612000,39.807100,35.633119
x265,720p,RollerCoaster_720p,22,medium,0.657629,36327.950000,44.326100,45.252400,45.125500,44.433956
x265,720p,RollerCoaster_720p,27,medium,0.385003,21267.850000,41.077500,42.570900,42.887600,41.283969
x265,720p,RollerCoaster_720p,32,medium,0.224112,12380.090000,37.990000,40.337200,41.137100,38.333394
x265,720p,RollerCoaster_720p,37,medium,0.135591,7490.170000,35.126400,38.603700,39.809800,35.636444
x265,720p,RollerCoaster_720p,22,slow,0.600476,33170.750000,44.073500,44.870400,44.693500,44.162056
x265,720p,RollerCoaster_720p,27,slow,0.344810,19047.560000,40.697800,42.050700,42.475400,40.893456
x265,720p,RollerCoaster_720p,32,slow,0.200913,11098.610000,37.590400,39.726900,40.726200,37.919919
x265,720p,RollerCoaster_720p,37,slow,0.120690,6667.000000,34.675900,37.918300,39.393900,35.173425
x265,720p,RollerCoaster_720p,22,slower,0.597579,33010.740000,44.075000,44.882700,44.712600,44.165331
x265,720p,RollerCoaster_720p,27,slower,0.344246,19016.410000,40.698300,42.063400,42.502100,40.896356
x265,720p,RollerCoaster_720p,32,slower,0.199358,11012.700000,37.597000,39.754700,40.750000,37.928919
x265,720p,RollerCoaster_720p,37,slower,0.120271,6643.870000,34.699700,37.955200,39.426200,35.198575
x265,720p,RollerCoaster_720p,22,veryslow,0.597605,33012.150000,44.075000,44.882700,44.712600,44.165331
x265,720p,RollerCoaster_720p,27,veryslow,0.344272,19017.830000,40.698300,42.063400,42.502100,40.896356
x265,720p,RollerCoaster_720p,32,veryslow,0.199384,11014.120000,37.597000,39.754700,40.750000,37.928919
x265,720p,RollerCoaster_720p,37,veryslow,0.120297,6645.290000,34.699700,37.955200,39.426200,35.198575
x265,720p,RollerCoaster_720p,22,placebo,0.598160,33042.840000,44.079900,44.899000,44.717300,44.170931
x265,720p,RollerCoaster_720p,27,placebo,0.343468,18973.460000,40.703000,42.071800,42.499800,40.900850
x265,720p,RollerCoaster_720p,32,placebo,0.200204,11059.430000,37.599000,39.743800,40.767500,37.931081
x265,720p,RollerCoaster_720p,37,placebo,0.120382,6650.010000,34.688700,37.947200,39.417600,35.187912
x265,720p,Vidyo3_720p,22,ultrafast,0.589722,32609.280000,44.087400,48.701400,48.382000,44.644188
x265,720p,Vidyo3_720p,27,ultrafast,0.315243,17431.680000,41.562700,47.228900,46.312500,42.213700
x265,720p,Vidyo3_720p,32,ultrafast,0.191120,10568.160000,38.737800,45.811500,44.307100,39.527988
x265,720p,Vidyo3_720p,37,ultrafast,0.119019,6581.280000,35.765000,44.632000,42.751300,36.755831
x265,720p,Vidyo3_720p,22,superfast,0.532439,29441.760000,44.490500,48.563300,48.250100,44.980025
x265,720p,Vidyo3_720p,27,superfast,0.277830,15362.880000,42.103600,46.881200,46.007600,42.646200
x265,720p,Vidyo3_720p,32,superfast,0.173568,9597.600000,39.391000,45.471000,43.982400,40.057962
x265,720p,Vidyo3_720p,37,superfast,0.112856,6240.480000,36.392800,44.355100,42.438900,37.268325
x265,720p,Vidyo3_720p,22,veryfast,0.530747,29348.160000,44.529000,48.641900,48.331900,45.023738
x265,720p,Vidyo3_720p,27,veryfast,0.276997,15316.800000,42.177100,46.954600,46.055800,42.718113
x265,720p,Vidyo3_720p,32,veryfast,0.172622,9545.280000,39.506600,45.492300,43.991900,40.161037
x265,720p,Vidyo3_720p,37,veryfast,0.112908,6243.360000,36.520400,44.481900,42.476100,37.390225
x265,720p,Vidyo3_720p,22,faster,0.530747,29348.160000,44.529000,48.641900,48.331900,45.023738
x265,720p,Vidyo3_720p,27,faster,0.276997,15316.800000,42.177100,46.954600,46.055800,42.718113
x265,720p,Vidyo3_720p,32,faster,0.172622,9545.280000,39.506600,45.492300,43.991900,40.161037
x265,720p,Vidyo3_720p,37,faster,0.112908,6243.360000,36.520400,44.481900,42.476100,37.390225
x265,720p,Vidyo3_720p,22,fast,0.530773,29349.600000,44.529000,48.641900,48.331900,45.023738
x265,720p,Vidyo3_720p,27,fast,0.277023,15318.240000,42.177100,46.954600,46.055800,42.718113
x265,720p,Vidyo3_720p,32,fast,0.172648,9546.720000,39.506600,45.492300,43.991900,40.161037
x265,720p,Vidyo3_720p,37,fast,0.112934,6244.800000,36.520400,44.481900,42.476100,37.390225
x265,720p,Vidyo3_720p,22,medium,0.531285,29377.920000,44.531900,48.643700,48.328400,45.026169
x265,720p,Vidyo3_720p,27,medium,0.277153,15325.440000,42.177500,46.933500,46.049600,42.716756
x265,720p,Vidyo3_720p,32,medium,0.172500,9538.560000,39.506900,45.502500,43.951900,40.159438
x265,720p,Vidyo3_720p,37,medium,0.112023,6194.400000,36.526400,44.445000,42.467500,37.392631
x265,720p,Vidyo3_720p,22,slow,0.428524,23695.680000,44.277400,48.323600,47.934000,44.758825
x265,720p,Vidyo3_720p,27,slow,0.247161,13667.040000,41.899600,46.629600,45.470300,42.418394
x265,720p,Vidyo3_720p,32,slow,0.156823,8671.680000,39.162300,45.106600,43.211900,39.786919
x265,720p,Vidyo3_720p,37,slow,0.101589,5617.440000,36.033600,43.856200,41.807900,36.883406
x265,720p,Vidyo3_720p,22,slower,0.426024,23557.440000,44.281900,48.355900,47.953600,44.766006
x265,720p,Vidyo3_720p,27,slower,0.246719,13642.560000,41.907500,46.645300,45.508500,42.428675
x265,720p,Vidyo3_720p,32,slower,0.157483,8708.160000,39.175000,45.141900,43.265300,39.803575
x265,720p,Vidyo3_720p,37,slower,0.101050,5587.680000,36.060200,43.942900,41.881800,36.916719
x265,720p,Vidyo3_720p,22,veryslow,0.426050,23558.880000,44.281900,48.355900,47.953600,44.766006
x265,720p,Vidyo3_720p,27,veryslow,0.246745,13644.000000,41.907500,46.645300,45.508500,42.428675
x265,720p,Vidyo3_720p,32,veryslow,0.157509,8709.600000,39.175000,45.141900,43.265300,39.803575
x265,720p,Vidyo3_720p,37,veryslow,0.101076,5589.120000,36.060200,43.942900,41.881800,36.916719
x265,720p,Vidyo3_720p,22,placebo,0.427431,23635.200000,44.285400,48.358300,47.953900,44.769238
x265,720p,Vidyo3_720p,27,placebo,0.247326,13676.160000,41.906200,46.648000,45.511500,42.427894
x265,720p,Vidyo3_720p,32,placebo,0.157526,8710.560000,39.171300,45.136600,43.249100,39.798994
x265,720p,Vidyo3_720p,37,placebo,0.101432,5608.800000,36.044500,43.941200,41.848100,36.900769
x265,720p,Vidyo4_720p,22,ultrafast,0.490182,27105.120000,44.187100,48.993200,49.147900,44.797531
x265,720p,Vidyo4_720p,27,ultrafast,0.281936,15589.920000,41.612700,47.305200,47.459600,42.333912
x265,720p,Vidyo4_720p,32,ultrafast,0.166979,9233.280000,39.008500,45.578200,45.572200,39.829337
x265,720p,Vidyo4_720p,37,ultrafast,0.102378,5661.120000,36.469900,44.044700,44.003500,37.414175
x265,720p,Vidyo4_720p,22,superfast,0.447188,24727.680000,44.526000,48.799700,48.962100,45.070363
x265,720p,Vidyo4_720p,27,superfast,0.255582,14132.640000,41.975400,46.894600,47.087800,42.602375
x265,720p,Vidyo4_720p,32,superfast,0.151866,8397.600000,39.416500,45.091400,45.127400,40.128113
x265,720p,Vidyo4_720p,37,superfast,0.094957,5250.720000,36.886900,43.599800,43.513500,37.720619
x265,720p,Vidyo4_720p,22,veryfast,0.446736,24702.720000,44.577700,48.881300,49.055600,45.126544
x265,720p,Vidyo4_720p,27,veryfast,0.255078,14104.800000,42.043400,46.953300,47.179900,42.671300
x265,720p,Vidyo4_720p,32,veryfast,0.152161,8413.920000,39.491800,45.154900,45.180700,40.201300
x265,720p,Vidyo4_720p,37,veryfast,0.095278,5268.480000,36.951000,43.618100,43.525700,37.778613
x265,720p,Vidyo4_720p,22,faster,0.446736,24702.720000,44.577700,48.881300,49.055600,45.126544
x265,720p,Vidyo4_720p,27,faster,0.255078,14104.800000,42.043400,46.953300,47.179900,42.671300
x265,720p,Vidyo4_720p,32,faster,0.152161,8413.920000,39.491800,45.154900,45.180700,40.201300
x265,720p,Vidyo4_720p,37,faster,0.095278,5268.480000,36.951000,43.618100,43.525700,37.778613
x265,720p,Vidyo4_720p,22,fast,0.446762,24704.160000,44.577700,48.881300,49.055600,45.126544
x265,720p,Vidyo4_720p,27,fast,0.255104,14106.240000,42.043400,46.953300,47.179900,42.671300
x265,720p,Vidyo4_720p,32,fast,0.152188,8415.360000,39.491800,45.154900,45.180700,40.201300
x265,720p,Vidyo4_720p,37,fast,0.095304,5269.920000,36.951000,43.618100,43.525700,37.778613
x265,720p,Vidyo4_720p,22,medium,0.445365,24626.880000,44.582500,48.875100,49.051600,45.130106
x265,720p,Vidyo4_720p,27,medium,0.254418,14068.320000,42.045600,46.958500,47.156100,42.672063
x265,720p,Vidyo4_720p,32,medium,0.151050,8352.480000,39.497200,45.119500,45.155400,40.202231
x265,720p,Vidyo4_720p,37,medium,0.094523,5226.720000,36.949200,43.591800,43.544800,37.776587
x265,720p,Vidyo4_720p,22,slow,0.395720,21881.760000,44.274500,48.619700,48.824800,44.830469
x265,720p,Vidyo4_720p,27,slow,0.228116,12613.920000,41.701700,46.620400,46.794900,42.327444
x265,720p,Vidyo4_720p,32,slow,0.136606,7553.760000,39.100000,44.683200,44.713900,39.799819
x265,720p,Vidyo4_720p,37,slow,0.085304,4716.960000,36.487200,43.186500,43.103800,37.319444
x265,720p,Vidyo4_720p,22,slower,0.394340,21805.440000,44.282200,48.641300,48.839700,44.839488
x265,720p,Vidyo4_720p,27,slower,0.227856,12599.520000,41.710200,46.645400,46.825300,42.338344
x265,720p,Vidyo4_720p,32,slower,0.135807,7509.600000,39.117100,44.741900,44.733300,39.819662
x265,720p,Vidyo4_720p,37,slower,0.084497,4672.320000,36.516600,43.213700,43.119800,37.347869
x265,720p,Vidyo4_720p,22,veryslow,0.394366,21806.880000,44.282200,48.641300,48.839700,44.839488
x265,720p,Vidyo4_720p,27,veryslow,0.227882,12600.960000,41.710200,46.645400,46.825300,42.338344
x265,720p,Vidyo4_720p,32,veryslow,0.135833,7511.040000,39.117100,44.741900,44.733300,39.819662
x265,720p,Vidyo4_720p,37,veryslow,0.084523,4673.760000,36.516600,43.213700,43.119800,37.347869
x265,720p,Vidyo4_720p,22,placebo,0.393837,21777.600000,44.283500,48.642300,48.851600,44.841431
x265,720p,Vidyo4_720p,27,placebo,0.228142,12615.360000,41.714700,46.661000,46.815900,42.342669
x265,720p,Vidyo4_720p,32,placebo,0.136936,7572.000000,39.112700,44.734400,44.751300,39.816469
x265,720p,Vidyo4_720p,37,placebo,0.084314,4662.240000,36.508600,43.227500,43.117300,37.341575
x265,720p,WestWindEasy_720p,22,ultrafast,1.166606,32254.320000,42.959700,48.472600,50.380400,43.768050
x265,720p,WestWindEasy_720p,27,ultrafast,0.768229,21240.000000,39.331800,46.025500,48.369900,40.315038
x265,720p,WestWindEasy_720p,32,ultrafast,0.483151,13358.160000,35.735900,43.921000,46.519900,36.921469
x265,720p,WestWindEasy_720p,37,ultrafast,0.295399,8167.200000,32.403300,42.321100,45.083900,33.815700
x265,720p,WestWindEasy_720p,22,superfast,0.945937,26153.280000,43.891500,48.572800,50.365700,44.588719
x265,720p,WestWindEasy_720p,27,superfast,0.615738,17023.920000,40.324300,45.940100,48.078600,41.159931
x265,720p,WestWindEasy_720p,32,superfast,0.388655,10745.520000,36.793400,43.755600,46.161700,37.814056
x265,720p,WestWindEasy_720p,37,superfast,0.239488,6621.360000,33.429500,42.127700,44.844800,34.686594
x265,720p,WestWindEasy_720p,22,veryfast,0.945773,26148.720000,43.967000,48.679400,50.493200,44.669412
x265,720p,WestWindEasy_720p,27,veryfast,0.616641,17048.880000,40.458000,46.048700,48.175900,41.289788
x265,720p,WestWindEasy_720p,32,veryfast,0.388247,10734.240000,36.980400,43.809800,46.203800,37.983700
x265,720p,WestWindEasy_720p,37,veryfast,0.238594,6596.640000,33.593300,42.131400,44.828300,34.829119
x265,720p,WestWindEasy_720p,22,faster,0.945773,26148.720000,43.967000,48.679400,50.493200,44.669412
x265,720p,WestWindEasy_720p,27,faster,0.616641,17048.880000,40.458000,46.048700,48.175900,41.289788
x265,720p,WestWindEasy_720p,32,faster,0.388247,10734.240000,36.980400,43.809800,46.203800,37.983700
x265,720p,WestWindEasy_720p,37,faster,0.238594,6596.640000,33.593300,42.131400,44.828300,34.829119
x265,720p,WestWindEasy_720p,22,fast,0.945799,26149.440000,43.967000,48.679400,50.493200,44.669412
x265,720p,WestWindEasy_720p,27,fast,0.616667,17049.600000,40.458000,46.048700,48.175900,41.289788
x265,720p,WestWindEasy_720p,32,fast,0.388273,10734.960000,36.980400,43.809800,46.203800,37.983700
x265,720p,WestWindEasy_720p,37,fast,0.238620,6597.360000,33.593300,42.131400,44.828300,34.829119
x265,720p,WestWindEasy_720p,22,medium,0.946076,26157.120000,43.978800,48.673900,50.487000,44.679006
x265,720p,WestWindEasy_720p,27,medium,0.615451,17016.000000,40.464900,46.053600,48.170200,41.295775
x265,720p,WestWindEasy_720p,32,medium,0.387700,10719.120000,36.987400,43.798100,46.192500,37.988388
x265,720p,WestWindEasy_720p,37,medium,0.238672,6598.800000,33.597000,42.120600,44.839700,34.832394
x265,720p,WestWindEasy_720p,22,slow,0.889705,24598.560000,43.779100,48.306600,50.223800,44.464863
x265,720p,WestWindEasy_720p,27,slow,0.572500,15828.480000,40.221200,45.627500,47.865100,41.036838
x265,720p,WestWindEasy_720p,32,slow,0.356111,9845.760000,36.659700,43.241200,45.830900,37.644244
x265,720p,WestWindEasy_720p,37,slow,0.213932,5914.800000,33.130400,41.559400,44.520600,34.369100
x265,720p,WestWindEasy_720p,22,slower,0.888194,24556.800000,43.790900,48.331200,50.245000,44.478050
x265,720p,WestWindEasy_720p,27,slower,0.570894,15784.080000,40.230300,45.660000,47.912300,41.049781
x265,720p,WestWindEasy_720p,32,slower,0.356267,9850.080000,36.671100,43.307800,45.884600,37.661738
x265,720p,WestWindEasy_720p,37,slower,0.214253,5923.680000,33.144300,41.626200,44.526700,34.385819
x265,720p,WestWindEasy_720p,22,veryslow,0.888220,24557.520000,43.790900,48.331200,50.245000,44.478050
x265,720p,WestWindEasy_720p,27,veryslow,0.570920,15784.800000,40.230300,45.660000,47.912300,41.049781
x265,720p,WestWindEasy_720p,32,veryslow,0.356293,9850.800000,36.671100,43.307800,45.884600,37.661738
x265,720p,WestWindEasy_720p,37,veryslow,0.214280,5924.400000,33.144300,41.626200,44.526700,34.385819
x265,720p,WestWindEasy_720p,22,placebo,0.888038,24552.480000,43.818600,48.345600,50.253400,44.503713
x265,720p,WestWindEasy_720p,27,placebo,0.572526,15829.200000,40.260600,45.673400,47.959500,41.080081
x265,720p,WestWindEasy_720p,32,placebo,0.356016,9843.120000,36.686500,43.318200,45.907100,37.677269
x265,720p,WestWindEasy_720p,37,placebo,0.213602,5905.680000,33.141000,41.606400,44.585300,34.385356
x265,360p,BlueSky_360p,22,ultrafast,1.666667,9600.000000,42.928300,43.109900,43.761200,42.991706
x265,360p,BlueSky_360p,27,ultrafast,1.120694,6455.200000,38.780700,39.107200,40.256500,38.893344
x265,360p,BlueSky_360p,32,ultrafast,0.715868,4123.400000,34.712300,36.352700,38.048100,35.023312
x265,360p,BlueSky_360p,37,ultrafast,0.440486,2537.200000,31.086500,34.599400,36.741700,31.659506
x265,360p,BlueSky_360p,22,superfast,1.518403,8746.000000,44.099900,43.802000,44.422700,44.101456
x265,360p,BlueSky_360p,27,superfast,1.032917,5949.600000,39.852000,39.608700,40.713700,39.890650
x265,360p,BlueSky_360p,32,superfast,0.674236,3883.600000,35.672600,36.597100,38.263800,35.892331
x265,360p,BlueSky_360p,37,superfast,0.424444,2444.800000,31.867100,34.654300,36.769500,32.347700
x265,360p,BlueSky_360p,22,veryfast,1.516632,8735.800000,44.229400,43.902600,44.556900,44.229444
x265,360p,BlueSky_360p,27,veryfast,1.032812,5949.000000,40.037300,39.739600,40.849100,40.069431
x265,360p,BlueSky_360p,32,veryfast,0.673750,3880.800000,35.895800,36.655600,38.327500,36.095269
x265,360p,BlueSky_360p,37,veryfast,0.423681,2440.400000,32.042700,34.662400,36.779700,32.502494
x265,360p,BlueSky_360p,22,faster,1.516632,8735.800000,44.229400,43.902600,44.556900,44.229444
x265,360p,BlueSky_360p,27,faster,1.032812,5949.000000,40.037300,39.739600,40.849100,40.069431
x265,360p,BlueSky_360p,32,faster,0.673750,3880.800000,35.895800,36.655600,38.327500,36.095269
x265,360p,BlueSky_360p,37,faster,0.423681,2440.400000,32.042700,34.662400,36.779700,32.502494
x265,360p,BlueSky_360p,22,fast,1.516736,8736.400000,44.229400,43.902600,44.556900,44.229444
x265,360p,BlueSky_360p,27,fast,1.032917,5949.600000,40.037300,39.739600,40.849100,40.069431
x265,360p,BlueSky_360p,32,fast,0.673854,3881.400000,35.895800,36.655600,38.327500,36.095269
x265,360p,BlueSky_360p,37,fast,0.423785,2441.000000,32.042700,34.662400,36.779700,32.502494
x265,360p,BlueSky_360p,22,medium,1.517014,8738.000000,44.260800,43.920800,44.546600,44.257413
x265,360p,BlueSky_360p,27,medium,1.034063,5956.200000,40.061100,39.745700,40.853900,40.090938
x265,360p,BlueSky_360p,32,medium,0.673681,3880.400000,35.913400,36.652000,38.341300,36.111306
x265,360p,BlueSky_360p,37,medium,0.424271,2443.800000,32.053100,34.656500,36.784000,32.511494
x265,360p,BlueSky_360p,22,slow,1.474097,8490.800000,44.222500,43.898000,44.327900,44.208806
x265,360p,BlueSky_360p,27,slow,0.982500,5659.200000,39.904000,39.307500,40.322600,39.892881
x265,360p,BlueSky_360p,32,slow,0.619236,3566.800000,35.647400,35.844700,37.671500,35.786237
x265,360p,BlueSky_360p,37,slow,0.377431,2174.000000,31.667400,33.859400,36.296800,32.093738
x265,360p,BlueSky_360p,22,slower,1.468681,8459.600000,44.250100,43.902300,44.332500,44.233513
x265,360p,BlueSky_360p,27,slower,0.979410,5641.400000,39.922500,39.312100,40.321100,39.909262
x265,360p,BlueSky_360p,32,slower,0.616910,3553.400000,35.661700,35.863900,37.696900,35.801538
x265,360p,BlueSky_360p,37,slower,0.376875,2170.800000,31.678200,33.872500,36.315000,32.105144
x265,360p,BlueSky_360p,22,veryslow,1.468785,8460.200000,44.250100,43.902300,44.332500,44.233513
x265,360p,BlueSky_360p,27,veryslow,0.979514,5642.000000,39.922500,39.312100,40.321100,39.909262
x265,360p,BlueSky_360p,32,veryslow,0.617014,3554.000000,35.661700,35.863900,37.696900,35.801538
x265,360p,BlueSky_360p,37,veryslow,0.376979,2171.400000,31.678200,33.872500,36.315000,32.105144
x265,360p,BlueSky_360p,22,placebo,1.480382,8527.000000,44.280800,44.114000,44.597100,44.290144
x265,360p,BlueSky_360p,27,placebo,0.983472,5664.800000,39.966800,39.470600,40.485600,39.968212
x265,360p,BlueSky_360p,32,placebo,0.617465,3556.600000,35.684100,35.866700,37.705700,35.821863
x265,360p,BlueSky_360p,37,placebo,0.378437,2179.800000,31.681900,33.876500,36.326900,32.109375
x265,360p,RedKayak_360p,22,ultrafast,1.602510,11065.470000,41.152000,44.821100,49.138600,41.880481
x265,360p,RedKayak_360p,27,ultrafast,1.018905,7035.630000,36.953700,42.494000,47.921400,37.985450
x265,360p,RedKayak_360p,32,ultrafast,0.568518,3925.670000,32.987800,40.810200,46.523500,34.322681
x265,360p,RedKayak_360p,37,ultrafast,0.294523,2033.710000,29.801600,39.607100,45.476800,31.394144
x265,360p,RedKayak_360p,22,superfast,1.458070,10068.100000,42.134400,44.939600,48.850700,42.729494
x265,360p,RedKayak_360p,27,superfast,0.931819,6434.290000,37.944700,42.216500,46.992300,38.777162
x265,360p,RedKayak_360p,32,superfast,0.541337,3737.980000,33.915300,40.267900,45.803500,35.055350
x265,360p,RedKayak_360p,37,superfast,0.292576,2020.260000,30.424800,39.095900,45.226300,31.891837
x265,360p,RedKayak_360p,22,veryfast,1.459884,10080.630000,42.192000,45.043600,48.934200,42.791612
x265,360p,RedKayak_360p,27,veryfast,0.930979,6428.490000,38.065600,42.300700,47.272300,38.905712
x265,360p,RedKayak_360p,32,veryfast,0.543353,3751.900000,34.063000,40.338500,46.166200,35.211669
x265,360p,RedKayak_360p,37,veryfast,0.294691,2034.870000,30.541100,39.109800,45.319700,32.000306
x265,360p,RedKayak_360p,22,faster,1.459884,10080.630000,42.192000,45.043600,48.934200,42.791612
x265,360p,RedKayak_360p,27,faster,0.930979,6428.490000,38.065600,42.300700,47.272300,38.905712
x265,360p,RedKayak_360p,32,faster,0.543353,3751.900000,34.063000,40.338500,46.166200,35.211669
x265,360p,RedKayak_360p,37,faster,0.294691,2034.870000,30.541100,39.109800,45.319700,32.000306
x265,360p,RedKayak_360p,22,fast,1.459986,10081.330000,42.192000,45.043600,48.934200,42.791612
x265,360p,RedKayak_360p,27,fast,0.931079,6429.180000,38.065600,42.300700,47.272300,38.905712
x265,360p,RedKayak_360p,32,fast,0.543454,3752.600000,34.063000,40.338500,46.166200,35.211669
x265,360p,RedKayak_360p,37,fast,0.294793,2035.570000,30.541100,39.109800,45.319700,32.000306
x265,360p,RedKayak_360p,22,medium,1.457970,10067.410000,42.210000,45.037900,48.919200,42.806069
x265,360p,RedKayak_360p,27,medium,0.932893,6441.710000,38.079200,42.305300,47.257100,38.916950
x265,360p,RedKayak_360p,32,medium,0.540934,3735.200000,34.075000,40.308500,46.233700,35.224513
x265,360p,RedKayak_360p,37,medium,0.294457,2033.250000,30.554400,39.067300,45.348400,32.011081
x265,360p,RedKayak_360p,22,slow,1.397593,9650.500000,42.104900,44.508400,48.769500,42.671656
x265,360p,RedKayak_360p,27,slow,0.877255,6057.520000,37.856500,41.802600,47.214400,38.688000
x265,360p,RedKayak_360p,32,slow,0.490201,3384.880000,33.654300,39.930800,46.132200,34.826450
x265,360p,RedKayak_360p,37,slow,0.248427,1715.410000,29.941500,38.653600,45.108200,31.433925
x265,360p,RedKayak_360p,22,slower,1.391344,9607.350000,42.107300,44.534500,48.810100,42.677925
x265,360p,RedKayak_360p,27,slower,0.874600,6039.190000,37.860400,41.844500,47.156000,38.690381
x265,360p,RedKayak_360p,32,slower,0.485228,3350.540000,33.667000,39.973200,46.153000,34.841513
x265,360p,RedKayak_360p,37,slower,0.248023,1712.620000,29.961400,38.697600,45.188300,31.459094
x265,360p,RedKayak_360p,22,veryslow,1.391445,9608.050000,42.107300,44.534500,48.810100,42.677925
x265,360p,RedKayak_360p,27,veryslow,0.874701,6039.890000,37.860400,41.844500,47.156000,38.690381
x265,360p,RedKayak_360p,32,veryslow,0.485329,3351.240000,33.667000,39.973200,46.153000,34.841513
x265,360p,RedKayak_360p,37,veryslow,0.248124,1713.320000,29.961400,38.697600,45.188300,31.459094
x265,360p,RedKayak_360p,22,placebo,1.394436,9628.700000,42.168000,44.552800,48.811400,42.732263
x265,360p,RedKayak_360p,27,placebo,0.875172,6043.140000,37.925900,41.842300,47.223100,38.751750
x265,360p,RedKayak_360p,32,placebo,0.491443,3393.460000,33.744200,39.952400,46.136900,34.906756
x265,360p,RedKayak_360p,37,placebo,0.253735,1752.060000,29.998500,38.683000,45.112800,31.485925
x265,360p,SnowMountain_360p,22,ultrafast,2.154801,14879.090000,41.625200,45.391300,46.329500,42.154600
x265,360p,SnowMountain_360p,27,ultrafast,1.555001,10737.420000,37.078300,43.319500,44.643300,37.941187
x265,360p,SnowMountain_360p,32,ultrafast,1.038628,7171.820000,32.593900,42.007300,43.529900,33.865737
x265,360p,SnowMountain_360p,37,ultrafast,0.629332,4345.590000,28.646600,40.960200,42.707400,30.295000
x265,360p,SnowMountain_360p,22,superfast,2.007740,13863.620000,42.766100,45.559000,46.458200,43.171413
x265,360p,SnowMountain_360p,27,superfast,1.450713,10017.300000,38.089300,43.190800,44.358700,38.799981
x265,360p,SnowMountain_360p,32,superfast,0.984836,6800.380000,33.538400,41.584900,42.843300,34.622863
x265,360p,SnowMountain_360p,37,superfast,0.607762,4196.650000,29.393100,40.241700,41.928700,30.854612
x265,360p,SnowMountain_360p,22,veryfast,2.004280,13839.730000,42.817500,45.701500,46.558500,43.231563
x265,360p,SnowMountain_360p,27,veryfast,1.453837,10038.870000,38.185600,43.315800,44.501100,38.900956
x265,360p,SnowMountain_360p,32,veryfast,0.982418,6783.680000,33.671500,41.734800,43.133700,34.766844
x265,360p,SnowMountain_360p,37,veryfast,0.609509,4208.710000,29.565400,40.599200,42.439000,31.059613
x265,360p,SnowMountain_360p,22,faster,2.004280,13839.730000,42.817500,45.701500,46.558500,43.231563
x265,360p,SnowMountain_360p,27,faster,1.453837,10038.870000,38.185600,43.315800,44.501100,38.900956
x265,360p,SnowMountain_360p,32,faster,0.982418,6783.680000,33.671500,41.734800,43.133700,34.766844
x265,360p,SnowMountain_360p,37,faster,0.609509,4208.710000,29.565400,40.599200,42.439000,31.059613
x265,360p,SnowMountain_360p,22,fast,2.004380,13840.420000,42.817500,45.701500,46.558500,43.231563
x265,360p,SnowMountain_360p,27,fast,1.453938,10039.570000,38.185600,43.315800,44.501100,38.900956
x265,360p,SnowMountain_360p,32,fast,0.982519,6784.380000,33.671500,41.734800,43.133700,34.766844
x265,360p,SnowMountain_360p,37,fast,0.609610,4209.410000,29.565400,40.599200,42.439000,31.059613
x265,360p,SnowMountain_360p,22,medium,2.004212,13839.260000,42.853200,45.700600,46.563300,43.263044
x265,360p,SnowMountain_360p,27,medium,1.456122,10054.650000,38.220500,43.305300,44.481300,38.929600
x265,360p,SnowMountain_360p,32,medium,0.982720,6785.770000,33.693900,41.698900,43.106000,34.782469
x265,360p,SnowMountain_360p,37,medium,0.608030,4198.500000,29.582500,40.599100,42.439900,31.074625
x265,360p,SnowMountain_360p,22,slow,1.958854,13526.060000,42.898000,45.160200,46.140900,43.242069
x265,360p,SnowMountain_360p,27,slow,1.413485,9760.240000,38.176700,42.819800,44.179700,38.842081
x265,360p,SnowMountain_360p,32,slow,0.943174,6512.700000,33.510500,41.465700,43.044900,34.603600
x265,360p,SnowMountain_360p,37,slow,0.561496,3877.180000,29.175900,40.461000,42.364400,30.705500
x265,360p,SnowMountain_360p,22,slower,1.959258,13528.850000,42.911200,45.163400,46.143600,43.253988
x265,360p,SnowMountain_360p,27,slower,1.412880,9756.060000,38.189600,42.843100,44.184000,38.855094
x265,360p,SnowMountain_360p,32,slower,0.943377,6514.100000,33.529100,41.478100,43.030500,34.619750
x265,360p,SnowMountain_360p,37,slower,0.562975,3887.390000,29.192400,40.465700,42.323000,30.717644
x265,360p,SnowMountain_360p,22,veryslow,1.959358,13529.540000,42.911200,45.163400,46.143600,43.253988
x265,360p,SnowMountain_360p,27,veryslow,1.412981,9756.760000,38.189600,42.843100,44.184000,38.855094
x265,360p,SnowMountain_360p,32,veryslow,0.943477,6514.790000,33.529100,41.478100,43.030500,34.619750
x265,360p,SnowMountain_360p,37,veryslow,0.563076,3888.090000,29.192400,40.465700,42.323000,30.717644
x265,360p,SnowMountain_360p,22,placebo,1.964634,13565.970000,42.963900,45.183100,46.157400,43.302194
x265,360p,SnowMountain_360p,27,placebo,1.412276,9751.890000,38.233900,42.859900,44.191100,38.895350
x265,360p,SnowMountain_360p,32,placebo,0.943813,6517.110000,33.564800,41.479400,43.046500,34.652069
x265,360p,SnowMountain_360p,37,placebo,0.563311,3889.710000,29.219600,40.448800,42.346900,30.741881
x265,360p,SpeedBag_360p,22,ultrafast,0.503808,3478.840000,45.037800,47.825200,49.330000,45.480275
x265,360p,SpeedBag_360p,27,ultrafast,0.320697,2214.440000,42.113800,45.646500,47.438900,42.667413
x265,360p,SpeedBag_360p,32,ultrafast,0.210763,1455.340000,39.269200,43.618000,45.618400,39.937825
x265,360p,SpeedBag_360p,37,ultrafast,0.154687,1068.130000,36.683500,42.088400,44.145100,37.487656
x265,360p,SpeedBag_360p,22,superfast,0.432310,2985.140000,45.851500,47.890000,49.339100,46.196881
x265,360p,SpeedBag_360p,27,superfast,0.289148,1996.590000,43.137400,45.488200,47.304100,43.544744
x265,360p,SpeedBag_360p,32,superfast,0.198668,1371.820000,40.128300,43.408400,45.374700,40.661206
x265,360p,SpeedBag_360p,37,superfast,0.148841,1027.760000,37.322300,41.895800,43.873700,38.017606
x265,360p,SpeedBag_360p,22,veryfast,0.435637,3008.110000,45.933400,47.963800,49.429400,46.278800
x265,360p,SpeedBag_360p,27,veryfast,0.290056,2002.860000,43.247300,45.536500,47.346300,43.646563
x265,360p,SpeedBag_360p,32,veryfast,0.199676,1378.780000,40.224600,43.442500,45.491800,40.754919
x265,360p,SpeedBag_360p,37,veryfast,0.148706,1026.830000,37.390400,41.964100,44.010100,38.089987
x265,360p,SpeedBag_360p,22,faster,0.435637,3008.110000,45.933400,47.963800,49.429400,46.278800
x265,360p,SpeedBag_360p,27,faster,0.290056,2002.860000,43.247300,45.536500,47.346300,43.646563
x265,360p,SpeedBag_360p,32,faster,0.199676,1378.780000,40.224600,43.442500,45.491800,40.754919
x265,360p,SpeedBag_360p,37,faster,0.148706,1026.830000,37.390400,41.964100,44.010100,38.089987
x265,360p,SpeedBag_360p,22,fast,0.435738,3008.810000,45.933400,47.963800,49.429400,46.278800
x265,360p,SpeedBag_360p,27,fast,0.290156,2003.550000,43.247300,45.536500,47.346300,43.646563
x265,360p,SpeedBag_360p,32,fast,0.199776,1379.470000,40.224600,43.442500,45.491800,40.754919
x265,360p,SpeedBag_360p,37,fast,0.148808,1027.530000,37.390400,41.964100,44.010100,38.089987
x265,360p,SpeedBag_360p,22,medium,0.433050,2990.250000,45.939500,47.958400,49.429400,46.283800
x265,360p,SpeedBag_360p,27,medium,0.288073,1989.170000,43.254800,45.540600,47.363000,43.654425
x265,360p,SpeedBag_360p,32,medium,0.199877,1380.170000,40.234400,43.445100,45.435400,40.760131
x265,360p,SpeedBag_360p,37,medium,0.149110,1029.620000,37.400000,41.949900,44.041000,38.099431
x265,360p,SpeedBag_360p,22,slow,0.402576,2779.820000,45.742500,47.537300,49.141700,46.067125
x265,360p,SpeedBag_360p,27,slow,0.269594,1861.570000,42.938100,44.978900,47.038100,43.321900
x265,360p,SpeedBag_360p,32,slow,0.183850,1269.500000,39.776300,42.838400,45.170400,40.304812
x265,360p,SpeedBag_360p,37,slow,0.139064,960.250000,36.849100,41.346600,43.714000,37.559250
x265,360p,SpeedBag_360p,22,slower,0.400628,2766.370000,45.746200,47.547300,49.167100,46.072575
x265,360p,SpeedBag_360p,27,slower,0.265998,1836.740000,42.935500,45.018200,46.998700,43.319619
x265,360p,SpeedBag_360p,32,slower,0.185530,1281.100000,39.805700,42.888500,45.162600,40.333181
x265,360p,SpeedBag_360p,37,slower,0.138392,955.610000,36.866900,41.373300,43.778100,37.580500
x265,360p,SpeedBag_360p,22,veryslow,0.400728,2767.060000,45.746200,47.547300,49.167100,46.072575
x265,360p,SpeedBag_360p,27,veryslow,0.266099,1837.440000,42.935500,45.018200,46.998700,43.319619
x265,360p,SpeedBag_360p,32,veryslow,0.185631,1281.800000,39.805700,42.888500,45.162600,40.333181
x265,360p,SpeedBag_360p,37,veryslow,0.138492,956.300000,36.866900,41.373300,43.778100,37.580500
x265,360p,SpeedBag_360p,22,placebo,0.402106,2776.580000,45.770200,47.560100,49.158300,46.093825
x265,360p,SpeedBag_360p,27,placebo,0.266267,1838.600000,42.977800,45.037300,47.027300,43.359612
x265,360p,SpeedBag_360p,32,placebo,0.182943,1263.240000,39.821100,42.877400,45.105900,40.342419
x265,360p,SpeedBag_360p,37,placebo,0.140207,968.140000,36.857500,41.337300,43.759800,37.568881
x265,360p,Stockholm_360p,22,ultrafast,1.954723,26995.100000,40.615900,43.557900,43.466600,40.977944
x265,360p,Stockholm_360p,27,ultrafast,1.211564,16731.930000,36.657100,40.984200,40.946000,37.195600
x265,360p,Stockholm_360p,32,ultrafast,0.705324,9740.660000,32.995600,39.180200,39.088600,33.762950
x265,360p,Stockholm_360p,37,ultrafast,0.395094,5456.320000,29.858400,37.929300,37.825800,30.860794
x265,360p,Stockholm_360p,22,superfast,1.763396,24352.840000,41.346900,43.802800,43.666500,41.645369
x265,360p,Stockholm_360p,27,superfast,1.089721,15049.250000,37.435400,41.009300,40.932200,37.877319
x265,360p,Stockholm_360p,32,superfast,0.654570,9039.740000,33.790500,39.009900,38.893700,34.435662
x265,360p,Stockholm_360p,37,superfast,0.381901,5274.130000,30.522100,37.659300,37.495400,31.404006
x265,360p,Stockholm_360p,22,veryfast,1.763294,24351.430000,41.373500,43.845300,43.709900,41.674012
x265,360p,Stockholm_360p,27,veryfast,1.093685,15104.000000,37.509800,41.065100,40.978600,37.948806
x265,360p,Stockholm_360p,32,veryfast,0.653921,9030.780000,33.872400,39.039900,38.968000,34.513844
x265,360p,Stockholm_360p,37,veryfast,0.384123,5304.810000,30.574700,37.697500,37.565100,31.456775
x265,360p,Stockholm_360p,22,faster,1.763294,24351.430000,41.373500,43.845300,43.709900,41.674012
x265,360p,Stockholm_360p,27,faster,1.093685,15104.000000,37.509800,41.065100,40.978600,37.948806
x265,360p,Stockholm_360p,32,faster,0.653921,9030.780000,33.872400,39.039900,38.968000,34.513844
x265,360p,Stockholm_360p,37,faster,0.384123,5304.810000,30.574700,37.697500,37.565100,31.456775
x265,360p,Stockholm_360p,22,fast,1.763396,24352.840000,41.373500,43.845300,43.709900,41.674012
x265,360p,Stockholm_360p,27,fast,1.093788,15105.420000,37.509800,41.065100,40.978600,37.948806
x265,360p,Stockholm_360p,32,fast,0.654024,9032.190000,33.872400,39.039900,38.968000,34.513844
x265,360p,Stockholm_360p,37,fast,0.384225,5306.220000,30.574700,37.697500,37.565100,31.456775
x265,360p,Stockholm_360p,22,medium,1.766028,24389.180000,41.389100,43.849300,43.708700,41.687838
x265,360p,Stockholm_360p,27,medium,1.093651,15103.530000,37.516800,41.052800,40.974900,37.953931
x265,360p,Stockholm_360p,32,medium,0.654399,9037.380000,33.875900,39.025000,38.962100,34.515606
x265,360p,Stockholm_360p,37,medium,0.381833,5273.180000,30.581600,37.666800,37.532400,31.458850
x265,360p,Stockholm_360p,22,slow,1.660077,22925.980000,41.196300,43.419900,43.325000,41.468319
x265,360p,Stockholm_360p,27,slow,1.015316,14021.700000,37.252900,40.527800,40.447800,37.657262
x265,360p,Stockholm_360p,32,slow,0.593495,8196.280000,33.504800,38.429800,38.332000,34.114313
x265,360p,Stockholm_360p,37,slow,0.332173,4587.370000,30.060800,37.166900,37.008200,30.939144
x265,360p,Stockholm_360p,22,slower,1.652901,22826.870000,41.198600,43.433800,43.332500,41.471669
x265,360p,Stockholm_360p,27,slower,1.010087,13949.490000,37.256700,40.541300,40.458500,37.662100
x265,360p,Stockholm_360p,32,slower,0.593632,8198.170000,33.518200,38.439500,38.349900,34.127763
x265,360p,Stockholm_360p,37,slower,0.332651,4593.980000,30.082000,37.198100,37.054200,30.962519
x265,360p,Stockholm_360p,22,veryslow,1.653003,22828.280000,41.198600,43.433800,43.332500,41.471669
x265,360p,Stockholm_360p,27,veryslow,1.010189,13950.900000,37.256700,40.541300,40.458500,37.662100
x265,360p,Stockholm_360p,32,veryslow,0.593734,8199.580000,33.518200,38.439500,38.349900,34.127763
x265,360p,Stockholm_360p,37,veryslow,0.332754,4595.390000,30.082000,37.198100,37.054200,30.962519
x265,360p,Stockholm_360p,22,placebo,1.658539,22904.740000,41.220300,43.453500,43.366000,41.493981
x265,360p,Stockholm_360p,27,placebo,1.012376,13981.110000,37.274600,40.564800,40.480900,37.680631
x265,360p,Stockholm_360p,32,placebo,0.595273,8220.830000,33.528900,38.480600,38.353400,34.139913
x265,360p,Stockholm_360p,37,placebo,0.332822,4596.340000,30.083200,37.225900,37.040300,30.964438
x265,360p,TouchdownPass_360p,22,ultrafast,1.646020,11365.910000,40.270400,46.149200,46.431900,41.022919
x265,360p,TouchdownPass_360p,27,ultrafast,0.914986,6318.060000,36.467800,44.119600,44.381200,37.440625
x265,360p,TouchdownPass_360p,32,ultrafast,0.456905,3154.970000,33.441000,42.478800,42.540100,34.574556
x265,360p,TouchdownPass_360p,37,ultrafast,0.247788,1711.000000,31.101600,41.187400,40.923200,32.345813
x265,360p,TouchdownPass_360p,22,superfast,1.532054,10578.970000,40.868000,46.386000,46.778900,41.582306
x265,360p,TouchdownPass_360p,27,superfast,0.823698,5687.710000,36.971100,44.196500,44.677400,37.904331
x265,360p,TouchdownPass_360p,32,superfast,0.407179,2811.610000,34.037800,42.398400,42.716500,35.102756
x265,360p,TouchdownPass_360p,37,superfast,0.228739,1579.460000,31.786700,40.962900,41.014400,32.936944
x265,360p,TouchdownPass_360p,22,veryfast,1.531550,10575.490000,40.913000,46.463900,46.851600,41.631094
x265,360p,TouchdownPass_360p,27,veryfast,0.819465,5658.480000,37.032600,44.216100,44.724000,37.962281
x265,360p,TouchdownPass_360p,32,veryfast,0.407482,2813.700000,34.084800,42.425900,42.768300,35.148837
x265,360p,TouchdownPass_360p,37,veryfast,0.228637,1578.760000,31.823600,41.004700,41.058300,32.974587
x265,360p,TouchdownPass_360p,22,faster,1.531550,10575.490000,40.913000,46.463900,46.851600,41.631094
x265,360p,TouchdownPass_360p,27,faster,0.819465,5658.480000,37.032600,44.216100,44.724000,37.962281
x265,360p,TouchdownPass_360p,32,faster,0.407482,2813.700000,34.084800,42.425900,42.768300,35.148837
x265,360p,TouchdownPass_360p,37,faster,0.228637,1578.760000,31.823600,41.004700,41.058300,32.974587
x265,360p,TouchdownPass_360p,22,fast,1.531650,10576.180000,40.913000,46.463900,46.851600,41.631094
x265,360p,TouchdownPass_360p,27,fast,0.819567,5659.180000,37.032600,44.216100,44.724000,37.962281
x265,360p,TouchdownPass_360p,32,fast,0.407582,2814.390000,34.084800,42.425900,42.768300,35.148837
x265,360p,TouchdownPass_360p,37,fast,0.228739,1579.460000,31.823600,41.004700,41.058300,32.974587
x265,360p,TouchdownPass_360p,22,medium,1.537665,10617.710000,40.939500,46.451600,46.843500,41.653006
x265,360p,TouchdownPass_360p,27,medium,0.821448,5672.170000,37.036400,44.229100,44.715400,37.965881
x265,360p,TouchdownPass_360p,32,medium,0.409463,2827.380000,34.088900,42.392800,42.750100,35.149219
x265,360p,TouchdownPass_360p,37,medium,0.228200,1575.740000,31.824400,40.984200,41.019600,32.971587
x265,360p,TouchdownPass_360p,22,slow,1.437945,9929.140000,40.665700,46.124900,46.621900,41.379162
x265,360p,TouchdownPass_360p,27,slow,0.702576,4851.350000,36.511800,43.857800,44.436200,37.466200
x265,360p,TouchdownPass_360p,32,slow,0.348785,2408.390000,33.666900,42.016600,42.259900,34.725819
x265,360p,TouchdownPass_360p,37,slow,0.200852,1386.900000,31.422100,40.627500,40.392900,32.558113
x265,360p,TouchdownPass_360p,22,slower,1.437643,9927.050000,40.674800,46.113900,46.637300,41.387400
x265,360p,TouchdownPass_360p,27,slower,0.703685,4859.010000,36.521900,43.865200,44.446300,37.476131
x265,360p,TouchdownPass_360p,32,slower,0.347878,2402.130000,33.681500,42.017400,42.262800,34.738825
x265,360p,TouchdownPass_360p,37,slower,0.201356,1390.380000,31.435100,40.685600,40.412700,32.574356
x265,360p,TouchdownPass_360p,22,veryslow,1.437744,9927.750000,40.674800,46.113900,46.637300,41.387400
x265,360p,TouchdownPass_360p,27,veryslow,0.703785,4859.700000,36.521900,43.865200,44.446300,37.476131
x265,360p,TouchdownPass_360p,32,veryslow,0.347978,2402.820000,33.681500,42.017400,42.262800,34.738825
x265,360p,TouchdownPass_360p,37,veryslow,0.201456,1391.070000,31.435100,40.685600,40.412700,32.574356
x265,360p,TouchdownPass_360p,22,placebo,1.438180,9930.760000,40.689700,46.140200,46.682800,41.404925
x265,360p,TouchdownPass_360p,27,placebo,0.704928,4867.590000,36.532300,43.873400,44.497500,37.488944
x265,360p,TouchdownPass_360p,32,placebo,0.348013,2403.060000,33.694400,42.018700,42.268000,34.750519
x265,360p,TouchdownPass_360p,37,placebo,0.201590,1392.000000,31.448400,40.691700,40.390800,32.585006
x265,270p,FourPeople_270p,22,ultrafast,1.812160,14091.360000,41.812100,44.651500,45.387400,42.213019
x265,270p,FourPeople_270p,27,ultrafast,1.232531,9584.160000,37.755700,41.927000,42.614000,38.320050
x265,270p,FourPeople_270p,32,ultrafast,0.798519,6209.280000,33.843600,39.715800,40.563000,34.630575
x265,270p,FourPeople_270p,37,ultrafast,0.506914,3941.760000,30.405000,38.070300,38.871200,31.413219
x265,270p,FourPeople_270p,22,superfast,1.504444,11698.560000,43.033700,44.819100,45.656100,43.309188
x265,270p,FourPeople_270p,27,superfast,1.047037,8141.760000,39.055800,41.950700,42.693500,39.464087
x265,270p,FourPeople_270p,32,superfast,0.709938,5520.480000,35.089900,39.613200,40.328400,35.700012
x265,270p,FourPeople_270p,37,superfast,0.476728,3707.040000,31.403900,37.921200,38.536400,32.257013
x265,270p,FourPeople_270p,22,veryfast,1.504691,11700.480000,43.083000,44.887300,45.760600,43.363119
x265,270p,FourPeople_270p,27,veryfast,1.049136,8158.080000,39.157300,42.061700,42.826000,39.568119
x265,270p,FourPeople_270p,32,veryfast,0.712716,5542.080000,35.187500,39.717900,40.474600,35.801094
x265,270p,FourPeople_270p,37,veryfast,0.477469,3712.800000,31.494700,38.016200,38.687800,32.351863
x265,270p,FourPeople_270p,22,faster,1.504691,11700.480000,43.083000,44.887300,45.760600,43.363119
x265,270p,FourPeople_270p,27,faster,1.049136,8158.080000,39.157300,42.061700,42.826000,39.568119
x265,270p,FourPeople_270p,32,faster,0.712716,5542.080000,35.187500,39.717900,40.474600,35.801094
x265,270p,FourPeople_270p,37,faster,0.477469,3712.800000,31.494700,38.016200,38.687800,32.351863
x265,270p,FourPeople_270p,22,fast,1.504877,11701.920000,43.083000,44.887300,45.760600,43.363119
x265,270p,FourPeople_270p,27,fast,1.049321,8159.520000,39.157300,42.061700,42.826000,39.568119
x265,270p,FourPeople_270p,32,fast,0.712901,5543.520000,35.187500,39.717900,40.474600,35.801094
x265,270p,FourPeople_270p,37,fast,0.477654,3714.240000,31.494700,38.016200,38.687800,32.351863
x265,270p,FourPeople_270p,22,medium,1.505185,11704.320000,43.104300,44.891600,45.761600,43.382088
x265,270p,FourPeople_270p,27,medium,1.047099,8142.240000,39.168800,42.053200,42.834800,39.578200
x265,270p,FourPeople_270p,32,medium,0.711667,5533.920000,35.210600,39.718900,40.456400,35.820231
x265,270p,FourPeople_270p,37,medium,0.478642,3721.920000,31.504800,37.991600,38.629200,32.355500
x265,270p,FourPeople_270p,22,slow,1.441975,11212.800000,42.986200,44.403600,45.426600,43.227312
x265,270p,FourPeople_270p,27,slow,1.001667,7788.960000,38.961900,41.543200,42.360800,39.335662
x265,270p,FourPeople_270p,32,slow,0.675123,5249.760000,34.857700,39.165500,39.912100,35.442838
x265,270p,FourPeople_270p,37,slow,0.441049,3429.600000,30.983800,37.390400,38.129900,31.830844
x265,270p,FourPeople_270p,22,slower,1.435926,11165.760000,42.991500,44.412500,45.434500,43.233000
x265,270p,FourPeople_270p,27,slower,0.995741,7742.880000,38.964400,41.550200,42.381100,39.339556
x265,270p,FourPeople_270p,32,slower,0.671049,5218.080000,34.869900,39.208500,39.953600,35.458794
x265,270p,FourPeople_270p,37,slower,0.439198,3415.200000,30.997000,37.436300,38.160600,31.847181
x265,270p,FourPeople_270p,22,veryslow,1.436111,11167.200000,42.991500,44.412500,45.434500,43.233000
x265,270p,FourPeople_270p,27,veryslow,0.995926,7744.320000,38.964400,41.550200,42.381100,39.339556
x265,270p,FourPeople_270p,32,veryslow,0.671235,5219.520000,34.869900,39.208500,39.953600,35.458794
x265,270p,FourPeople_270p,37,veryslow,0.439383,3416.640000,30.997000,37.436300,38.160600,31.847181
x265,270p,FourPeople_270p,22,placebo,1.437963,11181.600000,43.029100,44.431800,45.439800,43.267437
x265,270p,FourPeople_270p,27,placebo,1.000000,7776.000000,39.006700,41.556400,42.417700,39.379244
x265,270p,FourPeople_270p,32,placebo,0.668333,5196.960000,34.903100,39.194400,39.956400,35.487138
x265,270p,FourPeople_270p,37,placebo,0.437099,3398.880000,31.021300,37.413100,38.165800,31.867319
x265,270p,ParkJoy_270p,22,ultrafast,2.237531,14499.200000,41.456800,42.489200,43.755600,41.665000
x265,270p,ParkJoy_270p,27,ultrafast,1.508642,9776.000000,37.076600,38.789900,41.328600,37.449431
x265,270p,ParkJoy_270p,32,ultrafast,0.936543,6068.800000,32.836500,36.248000,39.976100,33.495944
x265,270p,ParkJoy_270p,37,ultrafast,0.553765,3588.400000,29.173500,34.635900,39.061100,30.132875
x265,270p,ParkJoy_270p,22,superfast,2.136667,13845.600000,42.443900,42.945400,43.973500,42.570844
x265,270p,ParkJoy_270p,27,superfast,1.447531,9380.000000,37.970800,39.104000,41.303300,38.249906
x265,270p,ParkJoy_270p,32,superfast,0.918827,5954.000000,33.653900,36.321100,39.733500,34.200575
x265,270p,ParkJoy_270p,37,superfast,0.549444,3560.400000,29.788300,34.549500,38.647300,30.639563
x265,270p,ParkJoy_270p,22,veryfast,2.133333,13824.000000,42.483400,42.975600,43.997500,42.608794
x265,270p,ParkJoy_270p,27,veryfast,1.449691,9394.000000,38.022400,39.140400,41.368300,38.301394
x265,270p,ParkJoy_270p,32,veryfast,0.921852,5973.600000,33.725500,36.364400,39.771400,34.268300
x265,270p,ParkJoy_270p,37,veryfast,0.549136,3558.400000,29.851800,34.571300,38.674700,30.698200
x265,270p,ParkJoy_270p,22,faster,2.133333,13824.000000,42.483400,42.975600,43.997500,42.608794
x265,270p,ParkJoy_270p,27,faster,1.449691,9394.000000,38.022400,39.140400,41.368300,38.301394
x265,270p,ParkJoy_270p,32,faster,0.921852,5973.600000,33.725500,36.364400,39.771400,34.268300
x265,270p,ParkJoy_270p,37,faster,0.549136,3558.400000,29.851800,34.571300,38.674700,30.698200
x265,270p,ParkJoy_270p,22,fast,2.133519,13825.200000,42.483400,42.975600,43.997500,42.608794
x265,270p,ParkJoy_270p,27,fast,1.449877,9395.200000,38.022400,39.140400,41.368300,38.301394
x265,270p,ParkJoy_270p,32,fast,0.922037,5974.800000,33.725500,36.364400,39.771400,34.268300
x265,270p,ParkJoy_270p,37,fast,0.549321,3559.600000,29.851800,34.571300,38.674700,30.698200
x265,270p,ParkJoy_270p,22,medium,2.141852,13879.200000,42.517800,42.973300,44.000500,42.638937
x265,270p,ParkJoy_270p,27,medium,1.449815,9394.800000,38.057500,39.142100,41.356800,38.331494
x265,270p,ParkJoy_270p,32,medium,0.919198,5956.400000,33.746100,36.351800,39.754600,34.284487
x265,270p,ParkJoy_270p,37,medium,0.550556,3567.600000,29.861200,34.576100,38.667000,30.706244
x265,270p,ParkJoy_270p,22,slow,2.070617,13417.600000,42.485800,42.799100,43.528400,42.570544
x265,270p,ParkJoy_270p,27,slow,1.383765,8966.800000,37.917000,38.610100,40.936400,38.149031
x265,270p,ParkJoy_270p,32,slow,0.862469,5588.800000,33.488400,35.589300,39.447200,33.992131
x265,270p,ParkJoy_270p,37,slow,0.482346,3125.600000,29.378300,33.875800,38.441500,30.225844
x265,270p,ParkJoy_270p,22,slower,2.062840,13367.200000,42.497300,42.787400,43.525600,42.579700
x265,270p,ParkJoy_270p,27,slower,1.377037,8923.200000,37.919800,38.625000,40.969400,38.154475
x265,270p,ParkJoy_270p,32,slower,0.857099,5554.000000,33.500700,35.623500,39.496500,34.008113
x265,270p,ParkJoy_270p,37,slower,0.484444,3139.200000,29.391300,33.921300,38.505400,30.244056
x265,270p,ParkJoy_270p,22,veryslow,2.063025,13368.400000,42.497300,42.787400,43.525600,42.579700
x265,270p,ParkJoy_270p,27,veryslow,1.377222,8924.400000,37.919800,38.625000,40.969400,38.154475
x265,270p,ParkJoy_270p,32,veryslow,0.857284,5555.200000,33.500700,35.623500,39.496500,34.008113
x265,270p,ParkJoy_270p,37,veryslow,0.484630,3140.400000,29.391300,33.921300,38.505400,30.244056
x265,270p,ParkJoy_270p,22,placebo,2.073210,13434.400000,42.546500,42.870300,43.578100,42.631213
x265,270p,ParkJoy_270p,27,placebo,1.383827,8967.200000,37.970700,38.686100,40.981700,38.203600
x265,270p,ParkJoy_270p,32,placebo,0.856790,5552.000000,33.530800,35.641800,39.523700,34.037294
x265,270p,ParkJoy_270p,37,placebo,0.486543,3152.800000,29.419500,33.922100,38.498100,30.268325
x265,270p,SparksElevator_270p,22,ultrafast,1.634877,12700.100000,40.865800,47.092300,45.331500,41.534063
x265,270p,SparksElevator_270p,27,ultrafast,0.995314,7731.830000,37.109900,45.176600,43.143000,37.991138
x265,270p,SparksElevator_270p,32,ultrafast,0.584697,4542.060000,33.916800,43.630600,41.423200,34.993063
x265,270p,SparksElevator_270p,37,ultrafast,0.364745,2833.420000,31.255500,42.282100,40.036600,32.493481
x265,270p,SparksElevator_270p,22,superfast,1.524719,11844.370000,41.515400,47.150000,45.567200,42.120800
x265,270p,SparksElevator_270p,27,superfast,0.939171,7295.700000,37.693500,44.939500,43.162000,38.488156
x265,270p,SparksElevator_270p,32,superfast,0.563552,4377.800000,34.447300,43.172200,41.257200,35.418225
x265,270p,SparksElevator_270p,37,superfast,0.357999,2781.020000,31.697700,41.749000,39.720000,32.827300
x265,270p,SparksElevator_270p,22,veryfast,1.521194,11816.990000,41.541300,47.251100,45.646600,42.154744
x265,270p,SparksElevator_270p,27,veryfast,0.938625,7291.460000,37.752900,44.985200,43.232400,38.547387
x265,270p,SparksElevator_270p,32,veryfast,0.565618,4393.850000,34.516200,43.256300,41.307700,35.486925
x265,270p,SparksElevator_270p,37,veryfast,0.360491,2800.380000,31.750600,41.817600,39.767600,32.880850
x265,270p,SparksElevator_270p,22,faster,1.521194,11816.990000,41.541300,47.251100,45.646600,42.154744
x265,270p,SparksElevator_270p,27,faster,0.938625,7291.460000,37.752900,44.985200,43.232400,38.547387
x265,270p,SparksElevator_270p,32,faster,0.565618,4393.850000,34.516200,43.256300,41.307700,35.486925
x265,270p,SparksElevator_270p,37,faster,0.360491,2800.380000,31.750600,41.817600,39.767600,32.880850
x265,270p,SparksElevator_270p,22,fast,1.521377,11818.410000,41.541300,47.251100,45.646600,42.154744
x265,270p,SparksElevator_270p,27,fast,0.938807,7292.870000,37.752900,44.985200,43.232400,38.547387
x265,270p,SparksElevator_270p,32,fast,0.565799,4395.260000,34.516200,43.256300,41.307700,35.486925
x265,270p,SparksElevator_270p,37,fast,0.360673,2801.790000,31.750600,41.817600,39.767600,32.880850
x265,270p,SparksElevator_270p,22,medium,1.523989,11838.700000,41.551200,47.249500,45.631600,42.162369
x265,270p,SparksElevator_270p,27,medium,0.938078,7287.210000,37.763300,44.966600,43.229000,38.555112
x265,270p,SparksElevator_270p,32,medium,0.564099,4382.050000,34.517900,43.218600,41.287600,35.484800
x265,270p,SparksElevator_270p,37,medium,0.358729,2786.690000,31.753500,41.760500,39.775300,32.880300
x265,270p,SparksElevator_270p,22,slow,1.446034,11233.130000,41.348700,46.892100,45.197500,41.935713
x265,270p,SparksElevator_270p,27,slow,0.847423,6582.980000,37.326700,44.636300,42.734000,38.121506
x265,270p,SparksElevator_270p,32,slow,0.502427,3902.970000,34.071200,42.801800,40.746300,35.034056
x265,270p,SparksElevator_270p,37,slow,0.322090,2502.070000,31.202800,41.345100,39.113800,32.331131
x265,270p,SparksElevator_270p,22,slower,1.444515,11221.330000,41.354900,46.888600,45.212000,41.941825
x265,270p,SparksElevator_270p,27,slower,0.846208,6573.540000,37.335400,44.637000,42.746800,38.129962
x265,270p,SparksElevator_270p,32,slower,0.504310,3917.600000,34.087900,42.816200,40.788400,35.052200
x265,270p,SparksElevator_270p,37,slower,0.321361,2496.410000,31.215600,41.401500,39.179400,32.349956
x265,270p,SparksElevator_270p,22,veryslow,1.444697,11222.740000,41.354900,46.888600,45.212000,41.941825
x265,270p,SparksElevator_270p,27,veryslow,0.846391,6574.960000,37.335400,44.637000,42.746800,38.129962
x265,270p,SparksElevator_270p,32,veryslow,0.504493,3919.020000,34.087900,42.816200,40.788400,35.052200
x265,270p,SparksElevator_270p,37,veryslow,0.321543,2497.820000,31.215600,41.401500,39.179400,32.349956
x265,270p,SparksElevator_270p,22,placebo,1.447674,11245.870000,41.375300,46.908400,45.293900,41.966031
x265,270p,SparksElevator_270p,27,placebo,0.849246,6597.140000,37.348800,44.643900,42.781900,38.144312
x265,270p,SparksElevator_270p,32,placebo,0.506801,3936.950000,34.102800,42.789900,40.747800,35.061056
x265,270p,SparksElevator_270p,37,placebo,0.321847,2500.180000,31.214100,41.371100,39.202000,32.348156
x265,270p,Vertical_Bayshore_270p,22,ultrafast,1.189773,4621.210000,42.470900,51.609900,51.245000,43.590469
x265,270p,Vertical_Bayshore_270p,27,ultrafast,0.760727,2954.750000,38.706100,49.028500,48.780200,39.980881
x265,270p,Vertical_Bayshore_270p,32,ultrafast,0.455685,1769.930000,35.193700,46.911200,46.534800,36.634862
x265,270p,Vertical_Bayshore_270p,37,ultrafast,0.270281,1049.800000,32.387200,45.126300,44.812700,33.959987
x265,270p,Vertical_Bayshore_270p,22,superfast,1.110988,4315.200000,43.396200,50.854300,50.732500,44.320850
x265,270p,Vertical_Bayshore_270p,27,superfast,0.726920,2823.440000,39.390800,48.460800,48.361200,40.518325
x265,270p,Vertical_Bayshore_270p,32,superfast,0.436810,1696.620000,35.675000,46.551400,46.203700,37.012819
x265,270p,Vertical_Bayshore_270p,37,superfast,0.263352,1022.890000,32.693900,44.774400,44.488300,34.186081
x265,270p,Vertical_Bayshore_270p,22,veryfast,1.111286,4316.360000,43.456700,51.070600,51.023000,44.405462
x265,270p,Vertical_Bayshore_270p,27,veryfast,0.723754,2811.140000,39.469100,48.641100,48.534300,40.608925
x265,270p,Vertical_Bayshore_270p,32,veryfast,0.438183,1701.950000,35.767000,46.763100,46.501300,37.125150
x265,270p,Vertical_Bayshore_270p,37,veryfast,0.261141,1014.300000,32.737400,45.001500,44.801300,34.257900
x265,270p,Vertical_Bayshore_270p,22,faster,1.111286,4316.360000,43.456700,51.070600,51.023000,44.405462
x265,270p,Vertical_Bayshore_270p,27,faster,0.723754,2811.140000,39.469100,48.641100,48.534300,40.608925
x265,270p,Vertical_Bayshore_270p,32,faster,0.438183,1701.950000,35.767000,46.763100,46.501300,37.125150
x265,270p,Vertical_Bayshore_270p,37,faster,0.261141,1014.300000,32.737400,45.001500,44.801300,34.257900
x265,270p,Vertical_Bayshore_270p,22,fast,1.111466,4317.060000,43.456700,51.070600,51.023000,44.405462
x265,270p,Vertical_Bayshore_270p,27,fast,0.723934,2811.840000,39.469100,48.641100,48.534300,40.608925
x265,270p,Vertical_Bayshore_270p,32,fast,0.438363,1702.650000,35.767000,46.763100,46.501300,37.125150
x265,270p,Vertical_Bayshore_270p,37,fast,0.261321,1015.000000,32.737400,45.001500,44.801300,34.257900
x265,270p,Vertical_Bayshore_270p,22,medium,1.115825,4333.990000,43.482800,51.002500,50.938300,44.418750
x265,270p,Vertical_Bayshore_270p,27,medium,0.727278,2824.830000,39.482600,48.659100,48.471600,40.617944
x265,270p,Vertical_Bayshore_270p,32,medium,0.435317,1690.820000,35.769900,46.860500,46.487000,37.132881
x265,270p,Vertical_Bayshore_270p,37,medium,0.261321,1015.000000,32.745000,44.938700,44.694100,34.253925
x265,270p,Vertical_Bayshore_270p,22,slow,1.072222,4164.630000,43.313300,50.859300,50.771600,44.251069
x265,270p,Vertical_Bayshore_270p,27,slow,0.689530,2678.210000,39.198500,48.465800,48.195500,40.340019
x265,270p,Vertical_Bayshore_270p,32,slow,0.398104,1546.280000,35.284800,46.149700,45.747500,36.617775
x265,270p,Vertical_Bayshore_270p,37,slow,0.223274,867.220000,32.089800,44.033100,43.483300,33.548350
x265,270p,Vertical_Bayshore_270p,22,slower,1.067742,4147.230000,43.335000,50.919900,50.861600,44.279469
x265,270p,Vertical_Bayshore_270p,27,slower,0.687081,2668.700000,39.201600,48.549800,48.249600,40.351363
x265,270p,Vertical_Bayshore_270p,32,slower,0.393982,1530.270000,35.301100,46.283700,45.851300,36.646900
x265,270p,Vertical_Bayshore_270p,37,slower,0.222736,865.130000,32.098900,44.141000,43.707300,33.577056
x265,270p,Vertical_Bayshore_270p,22,veryslow,1.067922,4147.930000,43.335000,50.919900,50.861600,44.279469
x265,270p,Vertical_Bayshore_270p,27,veryslow,0.687259,2669.390000,39.201600,48.549800,48.249600,40.351363
x265,270p,Vertical_Bayshore_270p,32,veryslow,0.394162,1530.970000,35.301100,46.283700,45.851300,36.646900
x265,270p,Vertical_Bayshore_270p,37,veryslow,0.222913,865.820000,32.098900,44.141000,43.707300,33.577056
x265,270p,Vertical_Bayshore_270p,22,placebo,1.072999,4167.650000,43.349200,50.934600,50.882300,44.294106
x265,270p,Vertical_Bayshore_270p,27,placebo,0.689172,2676.820000,39.223900,48.587100,48.277700,40.374962
x265,270p,Vertical_Bayshore_270p,32,placebo,0.392847,1525.860000,35.303700,46.275800,45.854100,36.648856
x265,270p,Vertical_Bayshore_270p,37,placebo,0.219211,851.440000,32.093200,44.201200,43.729900,33.577244
