encoder,resolution,VideoName,QP,Preset,bpp,bitrate_kbps,psnr_y,psnr_u,psnr_v,psnr_yuv,Validated_Mean_Energy_J,Std_Dev_J,Avg_Time_per_Measurement_s,Measurements_Count_Used
x265,1080p,Aerial3200_2k,22,fast,1.352566,168112.72,42.0156,43.6295,43.4724,42.207519,1184.7122835,0.801123678259689,28.99778266225,4
x265,1080p,Aerial3200_2k,22,faster,1.352555,168111.31,42.0156,43.6295,43.4724,42.207519,1185.0412776,4.82429644601825,28.9167659416,5
x265,1080p,Aerial3200_2k,22,medium,1.352049,168048.52,42.0274,43.6261,43.4732,42.217681,1265.4095656,2.28278562342247,30.9983853828,5
x265,1080p,Aerial3200_2k,22,superfast,1.35173,168008.88,41.9935,43.6113,43.4491,42.185588,1122.4688365,1.05980814520915,27.147998729,4
x265,1080p,Aerial3200_2k,22,ultrafast,1.377838,171253.88,41.7045,43.5171,43.3349,41.919688,293.546177888889,2.54394300246829,7.20996414533333,9
x265,1080p,Aerial3200_2k,22,veryfast,1.352555,168111.31,42.0156,43.6295,43.4724,42.207519,1185.8694494,2.57601848719634,28.8887292384,5
x265,1080p,Aerial3200_2k,27,fast,0.73883,91830.44,38.6412,41.259,41.4809,38.982294,981.4404322,3.55102069442107,23.5299642624,5
x265,1080p,Aerial3200_2k,27,faster,0.738819,91829.02,38.6412,41.259,41.4809,38.982294,989.744011,4.20992008262603,23.5970149602,5
x265,1080p,Aerial3200_2k,27,medium,0.738674,91811.09,38.647,41.2586,41.4815,38.987381,1054.9703944,5.07394297979971,25.1520106918,5
x265,1080p,Aerial3200_2k,27,superfast,0.738454,91783.71,38.5928,41.2452,41.4673,38.938231,937.2021905,5.3487262146093,22.242040826,6
x265,1080p,Aerial3200_2k,27,ultrafast,0.7562,93989.36,38.3448,41.2574,41.4479,38.720781,242.0825834,1.02119417563816,5.7842397658,5
x265,1080p,Aerial3200_2k,27,veryfast,0.738819,91829.02,38.6412,41.259,41.4809,38.982294,987.4466176,3.29544123194912,23.4853712966,5
x265,1080p,Aerial3200_2k,32,fast,0.373201,46385.8,35.5502,39.5883,40.1017,36.08705,814.782622777778,1.63255733538962,19.1683750145556,9
x265,1080p,Aerial3200_2k,32,faster,0.37319,46384.39,35.5502,39.5883,40.1017,36.08705,815.1731942,3.31191665883846,19.2384385286,5
x265,1080p,Aerial3200_2k,32,medium,0.373372,46407.04,35.5568,39.5871,40.1003,36.092662,873.2091905,6.31189770925464,20.532353399,8
x265,1080p,Aerial3200_2k,32,superfast,0.373577,46432.53,35.5039,39.5894,40.0972,36.046325,777.450439,1.31337644225923,18.1667946454,5
x265,1080p,Aerial3200_2k,32,ultrafast,0.380781,47327.91,35.2491,39.7081,40.1977,35.837075,207.878452428571,1.20631005489908,4.87339101514286,7
x265,1080p,Aerial3200_2k,32,veryfast,0.37319,46384.39,35.5502,39.5883,40.1017,36.08705,818.552446,3.3630725673896,19.2784271208,5
x265,1080p,Aerial3200_2k,37,fast,0.182494,22682.43,32.8219,38.4756,39.1343,33.569781,698.0679535,2.13166874361104,16.153274623125,8
x265,1080p,Aerial3200_2k,37,faster,0.182482,22681.02,32.8219,38.4756,39.1343,33.569781,698.5339296,1.97604319777916,16.2014698618,5
x265,1080p,Aerial3200_2k,37,medium,0.182015,22622.96,32.8245,38.4852,39.1395,33.572981,739.3135736,1.90848673863949,17.1542822044,5
x265,1080p,Aerial3200_2k,37,superfast,0.18263,22699.43,32.8021,38.4791,39.1316,33.552506,667.9387928,1.60013504218197,15.4533407522,5
x265,1080p,Aerial3200_2k,37,ultrafast,0.184271,22903.33,32.5939,38.6126,39.2497,33.386056,184.1105415,0.660731713302987,4.2512055625,6
x265,1080p,Aerial3200_2k,37,veryfast,0.182482,22681.02,32.8219,38.4756,39.1343,33.569781,698.8537774,1.92397228245921,16.1704557708,5
x265,360p,BlueSky_360p,22,fast,1.516736,8736.4,44.2294,43.9026,44.5569,44.229444,117.682339,0.826187601987241,4.0413969695,8
x265,360p,BlueSky_360p,22,faster,1.516632,8735.8,44.2294,43.9026,44.5569,44.229444,118.407554166667,0.701375869011022,4.047918435,6
x265,360p,BlueSky_360p,22,medium,1.517014,8738,44.2608,43.9208,44.5466,44.257413,124.79747075,0.131110843452846,4.29168693325,4
x265,360p,BlueSky_360p,22,superfast,1.518403,8746,44.0999,43.802,44.4227,44.101456,112.9584872,0.251011009224098,2.9216126576,5
x265,360p,BlueSky_360p,22,ultrafast,1.666667,9600,42.9283,43.1099,43.7612,42.991706,33.0974381818182,0.195639630183058,0.875887396545454,11
x265,360p,BlueSky_360p,22,veryfast,1.516632,8735.8,44.2294,43.9026,44.5569,44.229444,118.5880508,0.20244647117374,4.0407876936,5
x265,360p,BlueSky_360p,27,fast,1.032917,5949.6,40.0373,39.7396,40.8491,40.069431,106.9119212,0.357578680407823,3.6231070586,5
x265,360p,BlueSky_360p,27,faster,1.032812,5949,40.0373,39.7396,40.8491,40.069431,106.5190145,0.482875104893491,3.63767349333333,6
x265,360p,BlueSky_360p,27,medium,1.034063,5956.2,40.0611,39.7457,40.8539,40.090938,113.797641333333,0.11145078371341,3.87306866666667,3
x265,360p,BlueSky_360p,27,superfast,1.032917,5949.6,39.852,39.6087,40.7137,39.89065,101.8376544,0.255960384995999,2.622644558,5
x265,360p,BlueSky_360p,27,ultrafast,1.120694,6455.2,38.7807,39.1072,40.2565,38.893344,29.4298232307692,0.225623222205795,0.786927765769231,13
x265,360p,BlueSky_360p,27,veryfast,1.032812,5949,40.0373,39.7396,40.8491,40.069431,106.5771566,0.259683182978413,3.6447231124,5
x265,360p,BlueSky_360p,32,fast,0.673854,3881.4,35.8958,36.6556,38.3275,36.095269,94.3081448,0.364043297477374,3.1419474056,5
x265,360p,BlueSky_360p,32,faster,0.67375,3880.8,35.8958,36.6556,38.3275,36.095269,94.2062711666667,0.505955968988376,3.147879763,6
x265,360p,BlueSky_360p,32,medium,0.673681,3880.4,35.9134,36.652,38.3413,36.111306,99.9467532,0.253311156068382,3.3452493706,5
x265,360p,BlueSky_360p,32,superfast,0.674236,3883.6,35.6726,36.5971,38.2638,35.892331,89.458658,0.266284271312633,2.2886378754,5
x265,360p,BlueSky_360p,32,ultrafast,0.715868,4123.4,34.7123,36.3527,38.0481,35.023312,25.7048984,0.138316471527539,0.6688615332,15
x265,360p,BlueSky_360p,32,veryfast,0.67375,3880.8,35.8958,36.6556,38.3275,36.095269,94.271396,0.194647739414906,3.140073951,4
x265,360p,BlueSky_360p,37,fast,0.423785,2441,32.0427,34.6624,36.7797,32.502494,82.8924965714286,0.580005389101072,2.68403153257143,7
x265,360p,BlueSky_360p,37,faster,0.423681,2440.4,32.0427,34.6624,36.7797,32.502494,82.5920285,0.114713724661292,2.7271480445,4
x265,360p,BlueSky_360p,37,medium,0.424271,2443.8,32.0531,34.6565,36.784,32.511494,87.894135,0.270702484687526,2.824575669,5
x265,360p,BlueSky_360p,37,superfast,0.424444,2444.8,31.8671,34.6543,36.7695,32.3477,78.3685798,0.462081251384742,1.9690481581,10
x265,360p,BlueSky_360p,37,ultrafast,0.440486,2537.2,31.0865,34.5994,36.7417,31.659506,22.1831144615385,0.194111948200695,0.576398699692308,13
x265,360p,BlueSky_360p,37,veryfast,0.423681,2440.4,32.0427,34.6624,36.7797,32.502494,82.6530354,0.396892390627233,2.687528439,5
x265,1080p,Boat_2k,22,fast,1.527969,189913.92,42.2805,43.2186,44.1424,42.4555,1180.2799864,3.6520887864413,29.1589390888,5
x265,1080p,Boat_2k,22,faster,1.527958,189912.52,42.2805,43.2186,44.1424,42.4555,1179.3278284,3.67503503461413,29.1256347576,5
x265,1080p,Boat_2k,22,medium,1.527119,189808.2,42.2954,43.2148,44.1436,42.468375,1250.47829635714,6.96021512246687,30.9500379360714,14
x265,1080p,Boat_2k,22,superfast,1.526291,189705.31,42.2202,43.1292,44.0039,42.388494,1127.5924626,3.14348942444448,27.496908424,5
x265,1080p,Boat_2k,22,ultrafast,1.574979,195756.81,41.7738,42.9299,43.7931,41.972262,309.118459,1.11476073515957,7.6580456004,5
x265,1080p,Boat_2k,22,veryfast,1.527958,189912.52,42.2805,43.2186,44.1424,42.4555,1184.7320746,2.68429862675081,29.1144105528,5
x265,1080p,Boat_2k,27,fast,0.956124,118838.28,38.4456,40.3034,41.5314,38.754575,1039.722509,2.42237978765077,25.2387030518,5
x265,1080p,Boat_2k,27,faster,0.956113,118836.86,38.4456,40.3034,41.5314,38.754575,1039.64946522222,6.90906955295215,25.2709959837778,9
x265,1080p,Boat_2k,27,medium,0.955535,118765.12,38.4541,40.302,41.5275,38.761681,1101.9597274,3.25322613952632,26.7445378116,5
x265,1080p,Boat_2k,27,superfast,0.956952,118941.18,38.3399,40.2074,41.3941,38.647506,988.3958338,2.46286624110074,23.8245023314,5
x265,1080p,Boat_2k,27,ultrafast,0.987924,122790.81,37.9878,40.1069,41.28,38.326006,262.971098,1.19909178983946,6.41675653683333,6
x265,1080p,Boat_2k,27,veryfast,0.956113,118836.86,38.4456,40.3034,41.5314,38.754575,1039.7772605,1.77006886510827,25.183325167,4
x265,1080p,Boat_2k,32,fast,0.573361,71263.98,34.7798,38.328,39.7025,35.309231,898.486329714286,1.99091778564106,21.474534532,7
x265,1080p,Boat_2k,32,faster,0.573349,71262.56,34.7798,38.328,39.7025,35.309231,896.225224666667,0.806781062964627,21.393050861,3
x265,1080p,Boat_2k,32,medium,0.573038,71223.86,34.7868,38.3253,39.7025,35.315188,956.0551456,2.21972734951509,22.7860947962,5
x265,1080p,Boat_2k,32,superfast,0.574071,71352.25,34.6628,38.2512,39.5712,35.19385,856.6475506,3.49276161999875,20.3312223526,5
x265,1080p,Boat_2k,32,ultrafast,0.590803,73431.88,34.3344,38.2662,39.5826,34.90815,228.205095714286,0.941449239320017,5.43937067514286,7
x265,1080p,Boat_2k,32,veryfast,0.573349,71262.56,34.7798,38.328,39.7025,35.309231,900.093948,1.18531740491113,21.4430838026667,9
x265,1080p,Boat_2k,37,fast,0.329925,41006.89,31.4238,36.981,38.3116,32.201612,786.013023333333,4.22004102674022,18.455488135,6
x265,1080p,Boat_2k,37,faster,0.329913,41005.48,31.4238,36.981,38.3116,32.201612,785.7829744,1.85895347610202,18.4549562,5
x265,1080p,Boat_2k,37,medium,0.330502,41078.63,31.4306,36.9837,38.3214,32.208344,831.5049394,3.0173794726367,19.4588488438,5
x265,1080p,Boat_2k,37,superfast,0.330882,41125.84,31.3303,36.9286,38.2168,32.1106,747.379332666667,0.648709987857697,17.4628361793333,3
x265,1080p,Boat_2k,37,ultrafast,0.338093,42022.16,31.0401,37.0396,38.3296,31.870663,200.990065833333,1.14716244025184,4.72822800333333,6
x265,1080p,Boat_2k,37,veryfast,0.329913,41005.48,31.4238,36.981,38.3116,32.201612,784.83488975,0.289865492085985,18.4096395295,4
x265,4K,BoxingPractice_4k,22,fast,0.391053,194418.7,43.6444,48.0462,47.5886,44.166025,3688.716216,16.5955640316863,86.8200451602,5
x265,4K,BoxingPractice_4k,22,faster,0.39105,194417.28,43.6444,48.0462,47.5886,44.166025,3679.65609683333,19.3185639519925,86.6168642385,6
x265,4K,BoxingPractice_4k,22,medium,0.389989,193889.58,43.6475,48.0469,47.5903,44.168888,3901.9150905,2.84998439616693,91.82883296825,4
x265,4K,BoxingPractice_4k,22,superfast,0.390214,194001.45,43.6209,47.9935,47.5447,44.139425,3484.39481871429,7.5503570370229,82.0979314281429,7
x265,4K,BoxingPractice_4k,22,ultrafast,0.40568,201690.81,43.4504,47.9633,47.5162,43.986569,920.775301666667,4.91835644871901,21.8986935043333,6
x265,4K,BoxingPractice_4k,22,veryfast,0.39105,194417.28,43.6444,48.0462,47.5886,44.166025,3683.5076602,17.1626350378831,86.7440916216,5
x265,4K,BoxingPractice_4k,27,fast,0.174887,86948.07,41.7373,45.9482,45.4085,42.229931,2935.1578908,4.41621794411901,67.6098682818,5
x265,4K,BoxingPractice_4k,27,faster,0.174884,86946.66,41.7373,45.9482,45.4085,42.229931,2928.04128625,5.68775493209576,67.65919324475,4
x265,4K,BoxingPractice_4k,27,medium,0.174449,86730.01,41.7407,45.9531,45.4124,42.233456,3110.54502533333,17.0813672565031,71.7425172908333,6
x265,4K,BoxingPractice_4k,27,superfast,0.175307,87156.69,41.7017,45.9075,45.3794,42.194419,2804.4094315,7.69816049678928,64.27143872575,4
x265,4K,BoxingPractice_4k,27,ultrafast,0.185478,92213.7,41.5497,45.9635,45.4331,42.068275,747.198323166667,4.17935925910302,17.2582905023333,6
x265,4K,BoxingPractice_4k,27,veryfast,0.174884,86946.66,41.7373,45.9482,45.4085,42.229931,2932.26736818182,9.15757091758501,67.5667473818182,11
x265,4K,BoxingPractice_4k,32,fast,0.096582,48017.5,40.082,44.1219,43.5207,40.549413,2460.2903938,10.9127107908198,55.603294212,5
x265,4K,BoxingPractice_4k,32,faster,0.096579,48016.09,40.082,44.1219,43.5207,40.549413,2454.3890902,8.70771192562703,55.6039337102,5
x265,4K,BoxingPractice_4k,32,medium,0.096343,47898.56,40.0861,44.1194,43.5208,40.55285,2562.0626182,5.76158290335232,58.1369478344,5
x265,4K,BoxingPractice_4k,32,superfast,0.096858,48154.39,40.0424,44.1025,43.5097,40.512862,2369.76573266667,7.13243924767444,53.8101305981667,6
x265,4K,BoxingPractice_4k,32,ultrafast,0.101843,50632.86,39.8368,44.2355,43.6337,40.349025,651.834843857143,4.19732937648272,14.7998620015714,7
x265,4K,BoxingPractice_4k,32,veryfast,0.096579,48016.09,40.082,44.1219,43.5207,40.549413,2448.12153576923,8.25034675119435,55.5014422701539,13
x265,4K,BoxingPractice_4k,37,fast,0.057384,28529.57,38.0554,42.6074,42.0236,38.587912,2198.871495,6.66197044924454,49.4733342002,5
x265,4K,BoxingPractice_4k,37,faster,0.057381,28528.15,38.0554,42.6074,42.0236,38.587912,2199.05822075,12.0000307679421,49.64690434225,8
x265,4K,BoxingPractice_4k,37,medium,0.057474,28573.94,38.0595,42.6124,42.0285,38.592119,2270.39834725,1.09344872029019,51.18372589625,4
x265,4K,BoxingPractice_4k,37,superfast,0.057788,28730.17,38.0275,42.6035,42.021,38.563094,2147.24533683333,10.7892765404437,48.1778314783333,6
x265,4K,BoxingPractice_4k,37,ultrafast,0.060148,29903.56,37.8135,42.7756,42.1828,38.396713,606.239608,2.48791182977814,13.6458898725,6
x265,4K,BoxingPractice_4k,37,veryfast,0.057381,28528.15,38.0554,42.6074,42.0236,38.587912,2199.2926185,1.80349234772954,49.504479446,4
x265,720p,ControlledBurn_720p,22,fast,1.38724,38354.4,42.3972,47.8828,47.3849,43.051781,447.9030282,1.75491738378754,10.8854708204,5
x265,720p,ControlledBurn_720p,22,faster,1.387214,38353.68,42.3972,47.8828,47.3849,43.051781,447.1017852,1.36185320102396,10.8728076078,5
x265,720p,ControlledBurn_720p,22,medium,1.385773,38313.84,42.4108,47.8721,47.3772,43.062531,476.454448666667,1.25562956802867,11.5767873958333,6
x265,720p,ControlledBurn_720p,22,superfast,1.38684,38343.36,42.3618,47.8172,47.3384,43.0138,418.4821198,1.37697532872641,10.146815478,5
x265,720p,ControlledBurn_720p,22,ultrafast,1.459748,40359.12,41.8475,47.9774,47.4807,42.582694,111.404255833333,0.623592362903237,2.75399400208333,12
x265,720p,ControlledBurn_720p,22,veryfast,1.387214,38353.68,42.3972,47.8828,47.3849,43.051781,443.46387675,0.708652405013147,10.8439168705,4
x265,720p,ControlledBurn_720p,27,fast,0.905451,25033.92,38.5532,45.2137,44.7382,39.356044,391.665929,0.873603126366601,9.497853051,5
x265,720p,ControlledBurn_720p,27,faster,0.905425,25033.2,38.5532,45.2137,44.7382,39.356044,392.1568698,1.58676829079885,9.5564851962,5
x265,720p,ControlledBurn_720p,27,medium,0.90572,25041.36,38.5618,45.2107,44.7305,39.3629,415.354503,1.23547702368114,10.1890331648,5
x265,720p,ControlledBurn_720p,27,superfast,0.905668,25039.92,38.4959,45.1579,44.6855,39.299125,371.503187,0.49467809289729,8.7882778776,5
x265,720p,ControlledBurn_720p,27,ultrafast,0.954679,26394.96,38.0097,45.5848,45.0408,38.922587,100.326433666667,0.459169808430679,2.41519865283333,6
x265,720p,ControlledBurn_720p,27,veryfast,0.905425,25033.2,38.5532,45.2137,44.7382,39.356044,393.254507,0.392855565765588,9.73949728966667,3
x265,720p,ControlledBurn_720p,32,fast,0.554045,15318.24,34.7794,42.8727,42.5061,35.76815,343.66116875,0.435794764815102,8.31757566925,4
x265,720p,ControlledBurn_720p,32,faster,0.554019,15317.52,34.7794,42.8727,42.5061,35.76815,344.3742282,0.396015710395055,8.2476650172,5
x265,720p,ControlledBurn_720p,32,medium,0.553438,15301.44,34.7865,42.8672,42.487,35.772825,364.7715885,0.120055951512895,8.645903889,4
x265,720p,ControlledBurn_720p,32,superfast,0.553733,15309.6,34.7072,42.8182,42.4614,35.698775,327.3603314,1.15013025776944,7.6992326602,5
x265,720p,ControlledBurn_720p,32,ultrafast,0.577439,15965.04,34.2373,43.4613,43.0144,35.362369,89.3040318888889,0.70873165985926,2.13047298577778,9
x265,720p,ControlledBurn_720p,32,veryfast,0.554019,15317.52,34.7794,42.8727,42.5061,35.76815,343.64015675,0.350765741180991,8.22946139175,4
x265,720p,ControlledBurn_720p,37,fast,0.314271,8688.96,31.3133,41.1086,40.9044,32.52495,302.754181,0.699615868888778,7.1729132516,5
x265,720p,ControlledBurn_720p,37,faster,0.314245,8688.24,31.3133,41.1086,40.9044,32.52495,302.7347356,0.68347903737591,7.1868168018,5
x265,720p,ControlledBurn_720p,37,medium,0.314384,8692.08,31.3154,41.0941,40.8987,32.525525,318.9847424,0.806938381953852,7.55879676,5
x265,720p,ControlledBurn_720p,37,superfast,0.313932,8679.6,31.2508,41.0627,40.8745,32.465525,289.5945348,0.656943902498303,6.737326136,5
x265,720p,ControlledBurn_720p,37,ultrafast,0.322083,8904.96,30.8432,41.7788,41.4749,32.191156,80.9532026666667,0.489230991831739,1.90277433033333,6
x265,720p,ControlledBurn_720p,37,veryfast,0.314245,8688.24,31.3133,41.1086,40.9044,32.52495,302.99841575,0.801310892756519,7.1893338585,4
x265,4K,Crosswalk_4k,22,fast,0.21632,107547.09,43.4495,48.4148,50.8094,44.219825,3647.1026992,14.2636994508561,85.5496559146,5
x265,4K,Crosswalk_4k,22,faster,0.216317,107545.68,43.4495,48.4148,50.8094,44.219825,3661.53131928571,23.3599414433278,85.9346287912857,7
x265,4K,Crosswalk_4k,22,medium,0.216112,107443.73,43.452,48.4266,50.8297,44.224019,3919.23258157143,14.3462233547696,91.9306933441428,7
x265,4K,Crosswalk_4k,22,superfast,0.216365,107569.75,43.4358,48.3989,50.7822,44.205144,3453.75551914286,21.0760052601718,80.3870371242857,7
x265,4K,Crosswalk_4k,22,ultrafast,0.215328,107053.85,43.4057,48.4176,50.8251,44.182656,907.491643142857,1.85767971794462,21.0276129415714,7
x265,4K,Crosswalk_4k,22,veryfast,0.216317,107545.68,43.4495,48.4148,50.8094,44.219825,3654.7880926,15.189745164565,85.65328004,5
x265,4K,Crosswalk_4k,27,fast,0.076211,37889.8,42.4767,47.3588,49.7932,43.239112,2793.91936133333,1.98111730731028,64.0864016126667,3
x265,4K,Crosswalk_4k,27,faster,0.076209,37888.39,42.4767,47.3588,49.7932,43.239112,2796.55883525,6.30097652758046,64.1653457155,8
x265,4K,Crosswalk_4k,27,medium,0.075699,37634.92,42.4814,47.3586,49.7828,43.242562,2992.0753966,16.3623875542942,68.5492422765,10
x265,4K,Crosswalk_4k,27,superfast,0.076366,37966.74,42.4575,47.3663,49.7974,43.223044,2675.28835766667,13.4322200530477,60.9551084448333,6
x265,4K,Crosswalk_4k,27,ultrafast,0.076637,38101.26,42.4384,47.3549,49.7769,43.204338,698.141139571429,3.51965542041868,15.8878970915714,7
x265,4K,Crosswalk_4k,27,veryfast,0.076209,37888.39,42.4767,47.3588,49.7932,43.239112,2805.18298714286,7.54913191748467,64.3591297327143,7
x265,4K,Crosswalk_4k,32,fast,0.041528,20646.22,41.6451,46.238,48.4231,42.355781,2378.9751232,10.6754539459425,53.8866709168,5
x265,4K,Crosswalk_4k,32,faster,0.041525,20644.81,41.6451,46.238,48.4231,42.355781,2383.9153145,5.75500639790356,53.86569446875,8
x265,4K,Crosswalk_4k,32,medium,0.04123,20498.02,41.655,46.2422,48.4197,42.364494,2498.3165784,7.56796515480015,56.839275149,5
x265,4K,Crosswalk_4k,32,superfast,0.04178,20771.78,41.6314,46.2419,48.4187,42.343762,2308.791444,9.77105390380267,52.2148018978572,7
x265,4K,Crosswalk_4k,32,ultrafast,0.041902,20832.19,41.6119,46.2256,48.4043,42.324781,616.9415848,1.84908283641842,13.9558663354,5
x265,4K,Crosswalk_4k,32,veryfast,0.041525,20644.81,41.6451,46.238,48.4231,42.355781,2384.0598268,7.50202804212232,53.9166110788,5
x265,4K,Crosswalk_4k,37,fast,0.025252,12554.26,40.4614,45.223,47.1739,41.178531,2162.0790228,3.24160612108384,48.5922270758,5
x265,4K,Crosswalk_4k,37,faster,0.025249,12552.84,40.4614,45.223,47.1739,41.178531,2159.92330375,3.29093916723331,48.6289767295,4
x265,4K,Crosswalk_4k,37,medium,0.025058,12457.97,40.4755,45.2244,47.1637,41.190319,2255.5039,0.897641797093176,50.62950391825,4
x265,4K,Crosswalk_4k,37,superfast,0.025571,12712.85,40.4601,45.2165,47.1706,41.176781,2112.972638,1.19639702000172,47.480107778,3
x265,4K,Crosswalk_4k,37,ultrafast,0.025672,12763.35,40.4393,45.1828,47.1116,41.152788,581.890830333333,4.96210873544076,13.100718004,9
x265,4K,Crosswalk_4k,37,veryfast,0.025249,12552.84,40.4614,45.223,47.1739,41.178531,2158.67422233333,1.52211052000712,48.4817793983333,3
x265,1080p,CrowdRun_1080p50,22,fast,1.979888,205274.81,40.9595,41.4711,41.9049,41.050562,1387.581641,3.10630504551332,34.4011914456,5
x265,1080p,CrowdRun_1080p50,22,faster,1.979877,205273.61,40.9595,41.4711,41.9049,41.050562,1386.70873016667,5.08222814659482,34.3948165258333,6
x265,1080p,CrowdRun_1080p50,22,medium,1.978916,205174,40.9773,41.4722,41.9073,41.066356,1475.626553,0.436902679965459,36.903134516,3
x265,1080p,CrowdRun_1080p50,22,superfast,1.977516,205028.81,40.9369,41.4493,41.8782,41.027756,1304.112238,0.858969416064391,32.3191838594,5
x265,1080p,CrowdRun_1080p50,22,ultrafast,2.090494,216742.41,40.4667,41.1383,41.5722,40.577769,361.4743755,1.02759563767403,9.063979192,6
x265,1080p,CrowdRun_1080p50,22,veryfast,1.979877,205273.61,40.9595,41.4711,41.9049,41.050562,1386.52983655556,4.45838205315028,34.3683194976667,9
x265,1080p,CrowdRun_1080p50,27,fast,1.163515,120633.2,37.1966,38.4796,39.0712,37.39395,1175.16067914286,3.31888958725,28.5884739305714,7
x265,1080p,CrowdRun_1080p50,27,faster,1.163503,120632.01,37.1966,38.4796,39.0712,37.39395,1173.8477028,4.97603939783365,28.6610526818,5
x265,1080p,CrowdRun_1080p50,27,medium,1.163013,120581.2,37.2076,38.4801,39.0716,37.403631,1251.9312678,1.62783331304289,30.6168797832,5
x265,1080p,CrowdRun_1080p50,27,superfast,1.160478,120318.41,37.1387,38.4207,39.0143,37.33605,1106.00718642857,6.82303354673782,26.8880136765714,7
x265,1080p,CrowdRun_1080p50,27,ultrafast,1.242897,128863.61,36.6933,38.1306,38.7658,36.912662,299.4127464,1.19038848972732,7.3691481772,5
x265,1080p,CrowdRun_1080p50,27,veryfast,1.163503,120632.01,37.1966,38.4796,39.0712,37.39395,1169.2497538,2.4205310398035,28.544281382,5
x265,1080p,CrowdRun_1080p50,32,fast,0.671609,69632.41,33.7653,36.3446,37.0213,34.130006,977.4602765,4.48578059639331,23.4565565585,6
x265,1080p,CrowdRun_1080p50,32,faster,0.671597,69631.2,33.7653,36.3446,37.0213,34.130006,979.747431,2.68559484987944,23.4126892628,5
x265,1080p,CrowdRun_1080p50,32,medium,0.671659,69637.6,33.7758,36.3438,37.0171,34.138881,1044.2750244,1.71077660814126,24.9940954406,5
x265,1080p,CrowdRun_1080p50,32,superfast,0.671752,69647.2,33.6972,36.3057,36.9772,34.065231,922.81203,0.249702031303312,22.0370486136667,3
x265,1080p,CrowdRun_1080p50,32,ultrafast,0.716134,74248.8,33.1897,36.1568,36.8711,33.605231,247.396266,0.863617872621624,5.9567795388,5
x265,1080p,CrowdRun_1080p50,32,veryfast,0.671597,69631.2,33.7653,36.3446,37.0213,34.130006,979.014509444444,6.14148069740299,23.5306620348889,9
x265,1080p,CrowdRun_1080p50,37,fast,0.378314,39223.6,30.5946,34.8506,35.5105,31.167844,829.927179285714,2.71280638028572,19.4834826111429,7
x265,1080p,CrowdRun_1080p50,37,faster,0.378302,39222.4,30.5946,34.8506,35.5105,31.167844,825.28601925,0.679044955406918,19.44756880175,4
x265,1080p,CrowdRun_1080p50,37,medium,0.377967,39187.6,30.6036,34.8451,35.5015,31.174813,875.7541422,2.0777726915858,20.6390413714,5
x265,1080p,CrowdRun_1080p50,37,superfast,0.378264,39218.4,30.5383,34.836,35.4819,31.115881,785.992632,1.06885285852388,18.4123822775,4
x265,1080p,CrowdRun_1080p50,37,ultrafast,0.39679,41139.2,30.0321,34.8479,35.5399,30.677325,213.731766222222,1.73710445440227,5.03064566833333,9
x265,1080p,CrowdRun_1080p50,37,veryfast,0.378302,39222.4,30.5946,34.8506,35.5105,31.167844,826.6728474,2.31051182338076,19.4257147736,5
x265,1080p,DinnerSceneCropped_2k,22,fast,0.770904,47908.47,40.9861,43.0299,47.0327,41.49175,1226.6067596,3.37658252464275,29.9610248308,5
x265,1080p,DinnerSceneCropped_2k,22,faster,0.770893,47907.77,40.9861,43.0299,47.0327,41.49175,1230.7033562,5.24137473981676,30.0180728634,5
x265,1080p,DinnerSceneCropped_2k,22,medium,0.769198,47802.44,40.9903,43.026,47.0308,41.495062,1323.956358,0.867961749064247,32.24476483425,4
x265,1080p,DinnerSceneCropped_2k,22,superfast,0.768567,47763.23,40.9274,43.0356,47.0337,41.440806,1151.2119925,4.16326783294458,27.7312334403571,14
x265,1080p,DinnerSceneCropped_2k,22,ultrafast,0.745575,46334.35,40.7079,42.9829,47.0302,41.245231,301.007919375,1.16459324575369,7.253743346875,8
x265,1080p,DinnerSceneCropped_2k,22,veryfast,0.770893,47907.77,40.9861,43.0299,47.0327,41.49175,1228.9566928,2.49006458194777,30.0699605416,5
x265,1080p,DinnerSceneCropped_2k,27,fast,0.192963,11991.85,38.1137,41.031,45.6934,38.769762,916.071507,0.297259496398349,21.4980399576667,3
x265,1080p,DinnerSceneCropped_2k,27,faster,0.192952,11991.15,38.1137,41.031,45.6934,38.769762,917.7501528,3.56470539999664,21.5616728962,5
x265,1080p,DinnerSceneCropped_2k,27,medium,0.192474,11961.46,38.1169,41.0445,45.7138,38.774681,991.4395026,7.89214871125092,23.2991960645,10
x265,1080p,DinnerSceneCropped_2k,27,superfast,0.192579,11967.95,38.0999,41.0376,45.7031,38.758706,866.699136666667,0.810273131684208,20.1809029506667,3
x265,1080p,DinnerSceneCropped_2k,27,ultrafast,0.192489,11962.38,38.0775,41.0455,45.7415,38.742,228.1346452,1.04675273511976,5.3563283032,5
x265,1080p,DinnerSceneCropped_2k,27,veryfast,0.192952,11991.15,38.1137,41.031,45.6934,38.769762,917.05652075,1.32181980205205,21.50587385025,4
x265,1080p,DinnerSceneCropped_2k,32,fast,0.042872,2664.29,37.2446,40.1125,45.0374,37.910894,663.7721045,1.48331040784153,15.1620141325,4
x265,1080p,DinnerSceneCropped_2k,32,faster,0.04286,2663.59,37.2446,40.1125,45.0374,37.910894,664.693550166667,1.2010769716063,15.234998788,6
x265,1080p,DinnerSceneCropped_2k,32,medium,0.042961,2669.86,37.2458,40.1125,45.0273,37.911312,718.018288,1.83461281184687,16.354686248,4
x265,1080p,DinnerSceneCropped_2k,32,superfast,0.043413,2697.93,37.2392,40.1108,45.0337,37.905831,632.862613,1.66823606555442,14.438473366,5
x265,1080p,DinnerSceneCropped_2k,32,ultrafast,0.043712,2716.49,37.2119,40.0948,45.0249,37.880394,168.961420166667,0.851419056967699,3.87464443033333,6
x265,1080p,DinnerSceneCropped_2k,32,veryfast,0.04286,2663.59,37.2446,40.1125,45.0374,37.910894,662.9883235,1.09232893615263,15.160479994,4
x265,1080p,DinnerSceneCropped_2k,37,fast,0.026098,1621.91,36.8245,39.7323,44.4618,37.483569,539.8805026,0.871572157049719,12.1174284926,5
x265,1080p,DinnerSceneCropped_2k,37,faster,0.026087,1621.22,36.8245,39.7323,44.4618,37.483569,537.718105666667,0.047004803173009,12.0721077176667,3
x265,1080p,DinnerSceneCropped_2k,37,medium,0.026042,1618.43,36.8278,39.7306,44.4354,37.4847,561.8167626,2.43195107247212,12.6576806348,5
x265,1080p,DinnerSceneCropped_2k,37,superfast,0.026726,1660.89,36.8259,39.7334,44.4421,37.483631,524.0932868,1.60136142618935,11.8146275994,5
x265,1080p,DinnerSceneCropped_2k,37,ultrafast,0.026587,1652.3,36.7934,39.7058,44.4026,37.451,143.2311705,0.757243451348838,3.25740071083333,6
x265,1080p,DinnerSceneCropped_2k,37,veryfast,0.026087,1621.22,36.8245,39.7323,44.4618,37.483569,538.6460454,2.60246584864246,12.1365098394,5
x265,720p,DrivingPOV_720p,22,fast,1.303092,71983.78,42.2255,44.7992,43.8685,42.489044,505.48434725,0.76225337255726,12.6616633735,4
x265,720p,DrivingPOV_720p,22,faster,1.303066,71982.36,42.2255,44.7992,43.8685,42.489044,504.651631625,2.983055391149,12.69736424025,8
x265,720p,DrivingPOV_720p,22,medium,1.30469,72072.05,42.2402,44.7927,43.8688,42.501519,532.5655556,1.79443446513304,13.3098382222,5
x265,720p,DrivingPOV_720p,22,superfast,1.301776,71911.09,42.1804,44.7291,43.8211,42.442237,475.039226,1.95215587702007,11.6642486612,5
x265,720p,DrivingPOV_720p,22,ultrafast,1.420065,78445.46,41.4411,44.6219,43.7413,41.783662,131.836135777778,0.615246710818672,3.28890570511111,9
x265,720p,DrivingPOV_720p,22,veryfast,1.303066,71982.36,42.2255,44.7992,43.8685,42.489044,502.313277,1.15643428513383,12.7536605604,5
x265,720p,DrivingPOV_720p,27,fast,0.768263,42439.41,38.4574,42.1655,41.9591,38.908012,425.1353862,1.08837503251324,10.4873346658,5
x265,720p,DrivingPOV_720p,27,faster,0.768237,42437.99,38.4574,42.1655,41.9591,38.908012,427.206743,0.685710392782915,10.5057392296,5
x265,720p,DrivingPOV_720p,27,medium,0.769664,42516.82,38.4679,42.1619,41.9459,38.91615,451.466632,2.1974463211362,11.1907257386154,13
x265,720p,DrivingPOV_720p,27,superfast,0.76734,42388.43,38.3845,42.0909,41.8909,38.8353,403.8738438,1.1086780599634,9.762076282,5
x265,720p,DrivingPOV_720p,27,ultrafast,0.837293,46252.7,37.7025,42.1854,42.0129,38.252081,110.736096857143,0.6239802841606,2.72313012257143,7
x265,720p,DrivingPOV_720p,27,veryfast,0.768237,42437.99,38.4574,42.1655,41.9591,38.908012,427.2833542,1.67875513485446,10.479636013,5
x265,720p,DrivingPOV_720p,32,fast,0.431433,23832.7,35.0308,40.1178,40.564,35.694562,360.7785074,0.700505375164102,8.7015174738,5
x265,720p,DrivingPOV_720p,32,faster,0.431408,23831.28,35.0308,40.1178,40.564,35.694562,360.707487,1.10153116724494,8.7600720758,5
x265,720p,DrivingPOV_720p,32,medium,0.431177,23818.54,35.0382,40.094,40.544,35.6983,381.7673698,0.394296593890564,9.207450174,5
x265,720p,DrivingPOV_720p,32,superfast,0.431519,23837.42,34.9456,40.0277,40.4846,35.609419,341.84058,1.23136305096405,8.1331392538,5
x265,720p,DrivingPOV_720p,32,ultrafast,0.461416,25488.95,34.3116,40.3646,40.8016,35.095537,93.9730255,0.094860915423582,2.27214664175,4
x265,720p,DrivingPOV_720p,32,veryfast,0.431408,23831.28,35.0308,40.1178,40.564,35.694562,360.366399,1.55814703747223,8.7042318422,5
x265,720p,DrivingPOV_720p,37,fast,0.233092,12876.16,31.985,38.6246,39.4614,32.86725,308.1463426,0.827738982051286,7.2876345222,5
x265,720p,DrivingPOV_720p,37,faster,0.233066,12874.74,31.985,38.6246,39.4614,32.86725,308.2069135,0.65733191661874,7.3262938045,4
x265,720p,DrivingPOV_720p,37,medium,0.233639,12906.37,31.9941,38.61,39.4306,32.872375,323.4087664,1.43896911759575,7.7026221106,5
x265,720p,DrivingPOV_720p,37,superfast,0.233433,12895.04,31.9193,38.5661,39.3885,32.80155,294.4509672,1.25584662987711,6.8508579864,5
x265,720p,DrivingPOV_720p,37,ultrafast,0.243114,13429.82,31.4278,38.9645,39.8288,32.423906,81.7358134,0.319622436754368,1.9390151324,5
x265,720p,DrivingPOV_720p,37,veryfast,0.233066,12874.74,31.985,38.6246,39.4614,32.86725,308.886951,0.743221428087664,7.308581681,4
x265,4K,FoodMarket2_4k,22,fast,0.380252,189048.75,44.553,48.2226,48.2891,45.015856,3835.8069404,13.8130703689683,89.9387034848,5
x265,4K,FoodMarket2_4k,22,faster,0.380249,189047.34,44.553,48.2226,48.2891,45.015856,3827.3610715,16.7825377857517,89.9115315308333,6
x265,4K,FoodMarket2_4k,22,medium,0.379781,188814.64,44.5605,48.2322,48.2962,45.023463,4009.875835125,7.69838188034024,94.466396773,8
x265,4K,FoodMarket2_4k,22,superfast,0.38032,189082.73,44.5237,48.1778,48.2401,44.984356,3637.5438035,7.87393453323074,85.257240802,4
x265,4K,FoodMarket2_4k,22,ultrafast,0.383622,190724.36,44.4462,48.1455,48.2223,44.913412,958.708764846154,3.4630302718223,22.4087052277692,13
x265,4K,FoodMarket2_4k,22,veryfast,0.380249,189047.34,44.553,48.2226,48.2891,45.015856,3817.55225425,4.08757636928342,89.76130782025,4
x265,4K,FoodMarket2_4k,27,fast,0.212446,105621.34,42.6577,45.7833,45.9785,43.0606,3159.244745,10.9898883603232,73.3861669968,5
x265,4K,FoodMarket2_4k,27,faster,0.212444,105619.91,42.6577,45.7833,45.9785,43.0606,3166.143494,11.2150529662516,73.3175506026,5
x265,4K,FoodMarket2_4k,27,medium,0.212053,105425.93,42.6636,45.7974,45.9968,43.067788,3330.5765202,15.763624169773,77.0559512184,5
x265,4K,FoodMarket2_4k,27,superfast,0.212915,105854.03,42.6196,45.7761,45.9689,43.026212,3058.79621,13.3030802933997,70.399008326,5
x265,4K,FoodMarket2_4k,27,ultrafast,0.214659,106721.09,42.5368,45.7804,45.991,42.955413,806.817575888889,4.35457997532484,18.554406383,9
x265,4K,FoodMarket2_4k,27,veryfast,0.212444,105619.91,42.6577,45.7833,45.9785,43.0606,3172.35341,1.03673724625529,73.4268192846667,3
x265,4K,FoodMarket2_4k,32,fast,0.123057,61179.7,40.4372,43.6941,44.0079,40.863925,2753.09683375,3.05954114980513,63.38928933825,4
x265,4K,FoodMarket2_4k,32,faster,0.123054,61178.28,40.4372,43.6941,44.0079,40.863925,2739.661037,2.11491986419911,63.031585608,3
x265,4K,FoodMarket2_4k,32,medium,0.122667,60986.18,40.4462,43.7108,44.0262,40.873987,2882.843755,11.4461850492651,66.141428734,5
x265,4K,FoodMarket2_4k,32,superfast,0.123432,61366.14,40.4003,43.6975,44.0105,40.832012,2648.084908,7.98841002525559,60.7431825578,5
x265,4K,FoodMarket2_4k,32,ultrafast,0.123974,61635.65,40.3034,43.714,44.0341,40.749731,726.320205,6.97010510725433,16.5807403769,10
x265,4K,FoodMarket2_4k,32,veryfast,0.123054,61178.28,40.4372,43.6941,44.0079,40.863925,2742.1394645,7.24810901061756,63.0266025035,6
x265,4K,FoodMarket2_4k,37,fast,0.073335,36459.64,37.909,42.0857,42.4544,38.454131,2458.8746866,2.58619782628404,56.1681915142,5
x265,4K,FoodMarket2_4k,37,faster,0.073332,36458.23,37.909,42.0857,42.4544,38.454131,2453.36397891667,11.9185704847966,56.3292610535,12
x265,4K,FoodMarket2_4k,37,medium,0.07327,36427.55,37.9174,42.1048,42.4688,38.463575,2568.46072475,4.37019758537669,58.877515171,4
x265,4K,FoodMarket2_4k,37,superfast,0.073887,36734.34,37.9031,42.1074,42.4689,38.451231,2382.50484314286,5.44425851431709,54.3923671044286,7
x265,4K,FoodMarket2_4k,37,ultrafast,0.073927,36754.17,37.8166,42.116,42.4767,38.376569,675.768097571429,3.33037495029368,15.3214249994286,7
x265,4K,FoodMarket2_4k,37,veryfast,0.073332,36458.23,37.909,42.0857,42.4544,38.454131,2454.6797264,4.26325531353845,56.259666973,5
x265,1080p,FoodMarket_2k,22,fast,0.780489,97008.28,41.6162,44.7578,45.2908,42.042212,1148.950977,2.97251952068216,28.0164295522,5
x265,1080p,FoodMarket_2k,22,faster,0.780477,97006.86,41.6162,44.7578,45.2908,42.042212,1150.3966642,3.29595813728454,27.928746568,5
x265,1080p,FoodMarket_2k,22,medium,0.77968,96907.73,41.623,44.7585,45.2895,42.048125,1235.965891,2.1303976684832,30.05756449475,4
x265,1080p,FoodMarket_2k,22,superfast,0.779391,96871.87,41.5957,44.7455,45.2678,42.022069,1083.08253925,1.8489008672851,26.2196173645,4
x265,1080p,FoodMarket_2k,22,ultrafast,0.794076,98697.09,41.4159,44.6908,45.247,41.860025,283.291345428571,1.97647816054271,6.994124355,7
x265,1080p,FoodMarket_2k,22,veryfast,0.780477,97006.86,41.6162,44.7578,45.2908,42.042212,1150.1959328,4.16368757844176,28.0196241692,5
x265,1080p,FoodMarket_2k,27,fast,0.346364,43050.18,39.1304,42.8587,43.7343,39.651162,890.01365125,0.737243065191472,20.9220612795,4
x265,1080p,FoodMarket_2k,27,faster,0.346353,43048.76,39.1304,42.8587,43.7343,39.651162,888.14370675,0.726872306253937,20.94068567025,4
x265,1080p,FoodMarket_2k,27,medium,0.346011,43006.28,39.1341,42.8581,43.7393,39.654675,952.6900455,4.93357900636342,22.4226938831667,6
x265,1080p,FoodMarket_2k,27,superfast,0.347044,43134.66,39.0952,42.8493,43.7193,39.618837,841.4255926,3.4448538587336,19.7403616298,5
x265,1080p,FoodMarket_2k,27,ultrafast,0.360738,44836.7,38.9598,42.8466,43.7718,39.503475,220.9684286,0.325763102829802,5.2195495404,5
x265,1080p,FoodMarket_2k,27,veryfast,0.346353,43048.76,39.1304,42.8587,43.7343,39.651162,891.637622,3.4607372621003,20.9228090832,5
x265,1080p,FoodMarket_2k,32,fast,0.180739,22464.37,37.1189,41.4723,42.426,37.722681,719.6839364,2.44172291193622,16.6249604072,5
x265,1080p,FoodMarket_2k,32,faster,0.180728,22462.95,37.1189,41.4723,42.426,37.722681,717.177409,1.39944693561064,16.63468000125,4
x265,1080p,FoodMarket_2k,32,medium,0.179983,22370.44,37.1238,41.4734,42.4341,37.727544,762.8354256,3.21871565123549,17.6745523598,5
x265,1080p,FoodMarket_2k,32,superfast,0.180553,22441.24,37.0801,41.4656,42.4255,37.688281,688.1750202,1.52331460105511,15.8253641328,5
x265,1080p,FoodMarket_2k,32,ultrafast,0.186663,23200.69,36.9026,41.4926,42.5112,37.540013,185.767397666667,1.0968710043763,4.28080956833333,6
x265,1080p,FoodMarket_2k,32,veryfast,0.180728,22462.95,37.1189,41.4723,42.426,37.722681,719.370799333333,0.296051621271246,16.6297003586667,3
x265,1080p,FoodMarket_2k,37,fast,0.097911,12169.58,35.0054,40.4235,41.3133,35.738275,627.08291325,1.32218303362769,14.34474278225,4
x265,1080p,FoodMarket_2k,37,faster,0.0979,12168.16,35.0054,40.4235,41.3133,35.738275,626.62238875,1.77452652056229,14.3071039175,4
x265,1080p,FoodMarket_2k,37,medium,0.097539,12123.32,35.0076,40.4285,41.3197,35.740913,662.784308454545,5.3849572672579,15.1864237256364,11
x265,1080p,FoodMarket_2k,37,superfast,0.098534,12246.98,34.9917,40.4311,41.3215,35.727275,600.8869965,0.197931559293442,13.7329160935,4
x265,1080p,FoodMarket_2k,37,ultrafast,0.101033,12557.56,34.8164,40.4468,41.4157,35.580756,166.929489,1.266757773985,3.822083828875,8
x265,1080p,FoodMarket_2k,37,veryfast,0.0979,12168.16,35.0054,40.4235,41.3133,35.738275,627.3369405,0.738206552510203,14.333130254,4
x265,270p,FourPeople_270p,22,fast,1.504877,11701.92,43.083,44.8873,45.7606,43.363119,66.5524784,0.285005911508516,2.5490812634,5
x265,270p,FourPeople_270p,22,faster,1.504691,11700.48,43.083,44.8873,45.7606,43.363119,66.297303,0.222824783943573,2.5528599776,5
x265,270p,FourPeople_270p,22,medium,1.505185,11704.32,43.1043,44.8916,45.7616,43.382088,69.98001525,0.075636416495297,2.70077037025,4
x265,270p,FourPeople_270p,22,superfast,1.504444,11698.56,43.0337,44.8191,45.6561,43.309188,62.8495644,0.590477106066348,1.6832394099,10
x265,270p,FourPeople_270p,22,ultrafast,1.81216,14091.36,41.8121,44.6515,45.3874,42.213019,18.6209683636364,0.117882684381781,0.515897334,11
x265,270p,FourPeople_270p,22,veryfast,1.504691,11700.48,43.083,44.8873,45.7606,43.363119,66.3464484,0.194899190949578,2.5522585092,5
x265,270p,FourPeople_270p,27,fast,1.049321,8159.52,39.1573,42.0617,42.826,39.568119,58.6951928333333,0.349082545757542,2.26193777283333,6
x265,270p,FourPeople_270p,27,faster,1.049136,8158.08,39.1573,42.0617,42.826,39.568119,59.2685555,0.09222004983191,2.2625582525,4
x265,270p,FourPeople_270p,27,medium,1.047099,8142.24,39.1688,42.0532,42.8348,39.5782,61.682447,0.176533985957379,2.3948517148,5
x265,270p,FourPeople_270p,27,superfast,1.047037,8141.76,39.0558,41.9507,42.6935,39.464087,55.9947044166667,0.578272951068557,1.487011591,12
x265,270p,FourPeople_270p,27,ultrafast,1.232531,9584.16,37.7557,41.927,42.614,38.32005,16.21516604,0.242610836439499,0.4538342272,25
x265,270p,FourPeople_270p,27,veryfast,1.049136,8158.08,39.1573,42.0617,42.826,39.568119,59.2570012,0.208891212101419,2.2657780874,5
x265,270p,FourPeople_270p,32,fast,0.712901,5543.52,35.1875,39.7179,40.4746,35.801094,51.550985,0.309830080177506,1.96950718933333,6
x265,270p,FourPeople_270p,32,faster,0.712716,5542.08,35.1875,39.7179,40.4746,35.801094,52.0881338333333,0.273523449811102,1.97182333116667,6
x265,270p,FourPeople_270p,32,medium,0.711667,5533.92,35.2106,39.7189,40.4564,35.820231,54.5420585,0.280807619895594,2.080331306125,8
x265,270p,FourPeople_270p,32,superfast,0.709938,5520.48,35.0899,39.6132,40.3284,35.700012,49.3179015714286,0.328736894307518,1.30081948385714,7
x265,270p,FourPeople_270p,32,ultrafast,0.798519,6209.28,33.8436,39.7158,40.563,34.630575,14.3463292857143,0.085947099439515,0.387564148642857,14
x265,270p,FourPeople_270p,32,veryfast,0.712716,5542.08,35.1875,39.7179,40.4746,35.801094,52.1405034,0.178631682504252,1.9713800694,5
x265,270p,FourPeople_270p,37,fast,0.477654,3714.24,31.4947,38.0162,38.6878,32.351863,46.0137616,0.176576162678602,1.7063814996,5
x265,270p,FourPeople_270p,37,faster,0.477469,3712.8,31.4947,38.0162,38.6878,32.351863,46.1164851428571,0.258125466871202,1.70858721014286,7
x265,270p,FourPeople_270p,37,medium,0.478642,3721.92,31.5048,37.9916,38.6292,32.3555,48.3531718,0.224246252663673,1.798680576,5
x265,270p,FourPeople_270p,37,superfast,0.476728,3707.04,31.4039,37.9212,38.5364,32.257013,43.7175008181818,0.247737292127293,1.13528335118182,11
x265,270p,FourPeople_270p,37,ultrafast,0.506914,3941.76,30.405,38.0703,38.8712,31.413219,12.6106549166667,0.090807094089572,0.341008479166667,12
x265,270p,FourPeople_270p,37,veryfast,0.477469,3712.8,31.4947,38.0162,38.6878,32.351863,45.9459516,0.182759546498398,1.7104668886,5
x265,720p,Johnny_720p,22,fast,0.413212,22848.96,44.2058,48.2107,48.6789,44.735675,385.8300544,1.60336458849315,9.1629216296,5
x265,720p,Johnny_720p,22,faster,0.413186,22847.52,44.2058,48.2107,48.6789,44.735675,384.3907274,1.42061170475707,9.1613362742,5
x265,720p,Johnny_720p,22,medium,0.412083,22786.56,44.2116,48.2057,48.6807,44.74055,408.389274,0.143615188963424,9.64047313833333,3
x265,720p,Johnny_720p,22,superfast,0.413837,22883.52,44.1717,48.1357,48.5704,44.694369,363.9029744,0.850204789209223,8.58955173,5
x265,720p,Johnny_720p,22,ultrafast,0.467752,25864.8,43.907,48.2182,48.6997,44.475994,97.6335699,0.491489820824727,2.33971526,10
x265,720p,Johnny_720p,22,veryfast,0.413186,22847.52,44.2058,48.2107,48.6789,44.735675,384.293462,0.837372944593984,9.1420100746,5
x265,720p,Johnny_720p,27,fast,0.23375,12925.44,42.0617,46.3891,46.8643,42.632325,313.41475525,0.361083797768491,7.3265347885,4
x265,720p,Johnny_720p,27,faster,0.233724,12924,42.0617,46.3891,46.8643,42.632325,314.57582425,0.667650575106203,7.331081708875,8
x265,720p,Johnny_720p,27,medium,0.233472,12910.08,42.0666,46.3877,46.8653,42.636588,328.8079716,1.2390787622019,7.6582125254,5
x265,720p,Johnny_720p,27,superfast,0.233941,12936,42.0065,46.2947,46.7629,42.571787,301.046795666667,1.42410907174425,6.9438363805,6
x265,720p,Johnny_720p,27,ultrafast,0.268446,14844,41.6231,46.5712,47.1042,42.274925,81.0533611666667,0.189020046729882,1.91937028033333,6
x265,720p,Johnny_720p,27,veryfast,0.233724,12924,42.0617,46.3891,46.8643,42.632325,313.5689755,0.311622778290783,7.32677604075,4
x265,720p,Johnny_720p,32,fast,0.143229,7920,39.7768,44.4323,44.8627,40.385638,273.1678928,0.468066039624966,6.2797666942,5
x265,720p,Johnny_720p,32,faster,0.143203,7918.56,39.7768,44.4323,44.8627,40.385638,272.634446,0.556480691337534,6.2701380514,5
x265,720p,Johnny_720p,32,medium,0.141918,7847.52,39.782,44.4218,44.8267,40.387281,283.42200325,0.303123679676987,6.5032531215,4
x265,720p,Johnny_720p,32,superfast,0.143672,7944.48,39.7093,44.3111,44.77,40.313206,264.8117734,0.738423729653442,6.0635308778,5
x265,720p,Johnny_720p,32,ultrafast,0.162179,8967.84,39.1756,44.7307,45.2503,39.902462,73.1289874,0.259585715746842,1.7129752134,5
x265,720p,Johnny_720p,32,veryfast,0.143203,7918.56,39.7768,44.4323,44.8627,40.385638,272.44511825,0.265615909060903,6.26438460525,4
x265,720p,Johnny_720p,37,fast,0.092813,5132.16,37.2693,42.7781,43.1848,37.983319,246.0184988,0.709237479776485,5.5936028766,5
x265,720p,Johnny_720p,37,faster,0.092786,5130.72,37.2693,42.7781,43.1848,37.983319,247.4961682,1.07864057594048,5.6324834182,5
x265,720p,Johnny_720p,37,medium,0.092682,5124.96,37.275,42.7349,43.1647,37.98435,253.9207006,0.134610225788385,5.7904061602,5
x265,720p,Johnny_720p,37,superfast,0.092969,5140.8,37.2164,42.6399,43.0514,37.920056,237.42272,0.716399873358797,5.400655219,5
x265,720p,Johnny_720p,37,ultrafast,0.101128,5592,36.6595,43.095,43.4796,37.487975,67.5803749,0.504045433343827,1.5840432316,10
x265,720p,Johnny_720p,37,veryfast,0.092786,5130.72,37.2693,42.7781,43.1848,37.983319,245.599567,0.379174805304888,5.60761124,5
x265,720p,KristenAndSara_720p,22,fast,0.45612,25221.6,44.6016,47.6788,48.4348,45.0335,385.3747706,1.53058830072404,9.1500176024,5
x265,720p,KristenAndSara_720p,22,faster,0.456094,25220.16,44.6016,47.6788,48.4348,45.0335,386.8315902,1.26633017254415,9.1765054758,5
x265,720p,KristenAndSara_720p,22,medium,0.45566,25196.16,44.6054,47.6776,48.4227,45.035994,406.2654085,0.802957495766121,9.69949270625,4
x265,720p,KristenAndSara_720p,22,superfast,0.456406,25237.44,44.5472,47.5981,48.3322,44.974444,365.8639682,0.279151388560401,8.6210298414,5
x265,720p,KristenAndSara_720p,22,ultrafast,0.533889,29521.92,44.1419,47.6283,48.3318,44.621669,98.648541,0.754501495168348,2.36388377066667,12
x265,720p,KristenAndSara_720p,22,veryfast,0.456094,25220.16,44.6016,47.6788,48.4348,45.0335,387.40226775,0.656905311287898,9.17275884625,4
x265,720p,KristenAndSara_720p,27,fast,0.276233,15274.56,42.2675,45.6486,46.467,42.741287,321.993548,1.06259491149567,7.487161834,5
x265,720p,KristenAndSara_720p,27,faster,0.276207,15273.12,42.2675,45.6486,46.467,42.741287,320.632009142857,0.292968618624037,7.45296938257143,7
x265,720p,KristenAndSara_720p,27,medium,0.274635,15186.24,42.271,45.6496,46.4629,42.744156,337.396506,0.474962015397021,7.84885346875,4
x265,720p,KristenAndSara_720p,27,superfast,0.27599,15261.12,42.1878,45.585,46.3737,42.661744,306.6456136,1.12715606396821,7.1335212726,5
x265,720p,KristenAndSara_720p,27,ultrafast,0.326076,18030.72,41.6322,45.7231,46.5432,42.194819,83.71027325,0.570480049260207,1.979636040375,8
x265,720p,KristenAndSara_720p,27,veryfast,0.276207,15273.12,42.2675,45.6486,46.467,42.741287,319.2584295,1.21796758398724,7.471907636875,8
x265,720p,KristenAndSara_720p,32,fast,0.17467,9658.56,39.6304,43.6325,44.507,40.185319,283.9913506,1.18700781261342,6.5236677186,5
x265,720p,KristenAndSara_720p,32,faster,0.174644,9657.12,39.6304,43.6325,44.507,40.185319,283.0080406,1.04606450366854,6.4954756016,5
x265,720p,KristenAndSara_720p,32,medium,0.173906,9616.32,39.6314,43.6116,44.4968,40.18425,293.12432625,0.453460160697993,6.72228790325,4
x265,720p,KristenAndSara_720p,32,superfast,0.174913,9672,39.5426,43.5516,44.3653,40.094581,274.0039866,1.09376763963527,6.2717788732,5
x265,720p,KristenAndSara_720p,32,ultrafast,0.204019,11281.44,38.8659,43.8169,44.7624,39.543869,75.4880066666667,0.447350535401788,1.76874465116667,6
x265,720p,KristenAndSara_720p,32,veryfast,0.174644,9657.12,39.6304,43.6325,44.507,40.185319,281.9663072,0.650179568369923,6.4958198526,5
x265,720p,KristenAndSara_720p,37,fast,0.114392,6325.44,36.8029,42.0021,42.8032,37.502869,253.66123125,0.482611387205327,5.79387471,4
x265,720p,KristenAndSara_720p,37,faster,0.114366,6324,36.8029,42.0021,42.8032,37.502869,253.8222262,0.736845837251389,5.7934786654,5
x265,720p,KristenAndSara_720p,37,medium,0.114332,6322.08,36.8045,41.9551,42.7792,37.499831,261.380159625,0.448276063885044,5.98907464775,8
x265,720p,KristenAndSara_720p,37,superfast,0.115165,6368.16,36.7252,41.9047,42.6861,37.421475,246.8041654,0.925133603516973,5.6004330548,5
x265,720p,KristenAndSara_720p,37,ultrafast,0.129913,7183.68,36.0115,42.3007,43.162,36.851481,70.6339256,0.311372843744923,1.6454150288,5
x265,720p,KristenAndSara_720p,37,veryfast,0.114366,6324,36.8029,42.0021,42.8032,37.502869,253.860922333333,0.101332302038064,5.79816942566667,3
x265,1080p,MeridianTalk_sdr_2k,22,fast,0.30346,37717.52,43.1971,45.9309,50.2955,43.811612,921.569214444444,1.65220443456924,21.7615789154444,9
x265,1080p,MeridianTalk_sdr_2k,22,faster,0.303448,37716.11,43.1971,45.9309,50.2955,43.811612,919.68937225,1.64445198217793,21.7492267085,4
x265,1080p,MeridianTalk_sdr_2k,22,medium,0.302613,37612.27,43.1997,45.9348,50.2953,43.814119,983.7939054,2.97895734089971,23.3135241336,5
x265,1080p,MeridianTalk_sdr_2k,22,superfast,0.304174,37806.26,43.1677,45.8953,50.2145,43.7786,872.152827,0.668469465684609,20.4977898455,4
x265,1080p,MeridianTalk_sdr_2k,22,ultrafast,0.319686,39734.38,43.0265,45.8941,50.3189,43.6615,233.397290636364,1.38195069915075,5.51620717645455,11
x265,1080p,MeridianTalk_sdr_2k,22,veryfast,0.303448,37716.11,43.1971,45.9309,50.2955,43.811612,921.1659615,0.76138002117843,21.760302632,4
x265,1080p,MeridianTalk_sdr_2k,27,fast,0.124798,15511.34,41.7142,44.9508,48.6509,42.350031,701.481450166667,3.52699595390465,16.1205251353333,6
x265,1080p,MeridianTalk_sdr_2k,27,faster,0.124786,15509.92,41.7142,44.9508,48.6509,42.350031,700.6817634,1.32077516817012,16.1138792026,5
x265,1080p,MeridianTalk_sdr_2k,27,medium,0.124327,15452.81,41.7178,44.9457,48.6347,42.35185,741.498284666667,1.52182484710333,17.0630658151667,6
x265,1080p,MeridianTalk_sdr_2k,27,superfast,0.125576,15608.1,41.6739,44.9284,48.6028,42.310363,667.045676,0.470058105492289,15.3425163976667,3
x265,1080p,MeridianTalk_sdr_2k,27,ultrafast,0.134189,16678.59,41.5104,44.9919,48.8062,42.183981,180.401919,0.812596247272285,4.1877918246,5
x265,1080p,MeridianTalk_sdr_2k,27,veryfast,0.124786,15509.92,41.7142,44.9508,48.6509,42.350031,698.6893835,3.86499506909806,16.1336486336667,6
x265,1080p,MeridianTalk_sdr_2k,32,fast,0.070053,8706.98,40.3082,43.9102,46.9365,40.947594,589.992080666667,0.138822132192001,13.4640693053333,3
x265,1080p,MeridianTalk_sdr_2k,32,faster,0.070041,8705.57,40.3082,43.9102,46.9365,40.947594,592.059153166667,2.78568625683837,13.4458801165,6
x265,1080p,MeridianTalk_sdr_2k,32,medium,0.069958,8695.18,40.3098,43.899,46.9239,40.947506,616.078623,2.10984067190238,14.04598188,5
x265,1080p,MeridianTalk_sdr_2k,32,superfast,0.070752,8793.83,40.2728,43.8997,46.9458,40.916544,574.7525576,1.44485109701876,13.022703985,5
x265,1080p,MeridianTalk_sdr_2k,32,ultrafast,0.074405,9247.9,40.0737,43.9795,47.0941,40.756588,160.5565714,0.423508773049981,3.6596141468,5
x265,1080p,MeridianTalk_sdr_2k,32,veryfast,0.070041,8705.57,40.3082,43.9102,46.9365,40.947594,589.9685698,2.39829927037457,13.426123201,5
x265,1080p,MeridianTalk_sdr_2k,37,fast,0.043106,5357.67,38.6356,42.9841,45.475,39.334844,535.2510714,1.56757164961121,12.061721459,5
x265,1080p,MeridianTalk_sdr_2k,37,faster,0.043094,5356.26,38.6356,42.9841,45.475,39.334844,535.339206,0.981562302249837,12.03582853475,4
x265,1080p,MeridianTalk_sdr_2k,37,medium,0.042828,5323.22,38.6386,42.9572,45.4047,39.331394,554.95559575,0.547828000726734,12.5106642645,4
x265,1080p,MeridianTalk_sdr_2k,37,superfast,0.043573,5415.73,38.6197,42.9676,45.4642,39.319225,519.99120725,0.991853481151786,11.72172424025,4
x265,1080p,MeridianTalk_sdr_2k,37,ultrafast,0.045031,5596.98,38.4323,43.0045,45.5987,39.165962,149.454736,0.812337792877323,3.42693404116667,6
x265,1080p,MeridianTalk_sdr_2k,37,veryfast,0.043094,5356.26,38.6356,42.9841,45.475,39.334844,535.81913975,0.647855384248869,12.04110311775,4
x265,1080p,Motorcycle_2k,22,fast,1.331902,82854.96,43.777,45.3004,45.9267,44.006569,1059.0398915,1.55723288481428,25.94745645625,4
x265,1080p,Motorcycle_2k,22,faster,1.33189,82854.24,43.777,45.3004,45.9267,44.006569,1059.9987998,3.00007374918704,26.041738531,5
x265,1080p,Motorcycle_2k,22,medium,1.331508,82830.48,43.7937,45.3001,45.9263,44.021138,1116.0315426,2.38154507692964,27.3986328004,5
x265,1080p,Motorcycle_2k,22,superfast,1.332608,82898.88,43.6848,45.2137,45.8424,43.915206,1008.1934185,2.10146695471275,24.447436739,4
x265,1080p,Motorcycle_2k,22,ultrafast,1.560664,97085.77,42.2247,44.8902,45.6234,42.603713,286.931770833333,0.833415369658711,7.06605557883333,6
x265,1080p,Motorcycle_2k,22,veryfast,1.33189,82854.24,43.777,45.3004,45.9267,44.006569,1059.0306508,3.40390712506323,26.0338892724,5
x265,1080p,Motorcycle_2k,27,fast,0.884583,55028.16,39.7568,42.0696,43.0212,40.105375,944.24156,0.409254433994306,22.9164114243333,3
x265,1080p,Motorcycle_2k,27,faster,0.884572,55027.44,39.7568,42.0696,43.0212,40.105375,942.2318776,3.53462203110747,22.9827813146,5
x265,1080p,Motorcycle_2k,27,medium,0.88304,54932.16,39.7746,42.0613,43.013,40.119919,988.73055,2.14886812423157,24.1385539904,5
x265,1080p,Motorcycle_2k,27,superfast,0.883735,54975.36,39.6278,41.9691,42.9197,39.979875,897.5597994,3.72760561914794,21.529897849,5
x265,1080p,Motorcycle_2k,27,ultrafast,1.020548,63486.24,38.2438,41.9104,42.9614,38.767812,256.1525796,0.731779691975529,6.200299774,5
x265,1080p,Motorcycle_2k,27,veryfast,0.884572,55027.44,39.7568,42.0696,43.0212,40.105375,941.16134775,1.70122328912313,22.8581683705,4
x265,1080p,Motorcycle_2k,32,fast,0.559186,34785.84,35.7012,39.4063,40.5992,36.238894,825.9976292,2.90298261259738,19.8764014892,5
x265,1080p,Motorcycle_2k,32,faster,0.559174,34785.12,35.7012,39.4063,40.5992,36.238894,827.390057,3.57012511990266,19.8800907436,5
x265,1080p,Motorcycle_2k,32,medium,0.559676,34816.32,35.7186,39.389,40.5877,36.252319,871.3483066,2.50218457877787,21.0165411808,5
x265,1080p,Motorcycle_2k,32,superfast,0.55961,34812.24,35.5659,39.3387,40.5274,36.111794,791.003535888889,1.43700774633111,18.8125964948889,9
x265,1080p,Motorcycle_2k,32,ultrafast,0.626115,38949.36,34.3609,39.5504,40.8465,35.090594,225.279676333333,1.25317136217114,5.39850103583333,6
x265,1080p,Motorcycle_2k,32,veryfast,0.559174,34785.12,35.7012,39.4063,40.5992,36.238894,829.5781685,1.70429274013993,19.89481045025,4
x265,1080p,Motorcycle_2k,37,fast,0.33343,20742,31.9142,37.4315,38.7912,32.688844,733.0071322,1.23230121173019,17.2945869492,5
x265,1080p,Motorcycle_2k,37,faster,0.333418,20741.28,31.9142,37.4315,38.7912,32.688844,734.6031362,2.10191144264184,17.3226864554,5
x265,1080p,Motorcycle_2k,37,medium,0.33309,20720.88,31.9265,37.4068,38.7767,32.697156,770.009266625,2.34353027541552,18.167908061125,8
x265,1080p,Motorcycle_2k,37,superfast,0.333835,20767.2,31.8035,37.3955,38.7603,32.5878,700.9294905,3.14791591359622,16.3920936143333,6
x265,1080p,Motorcycle_2k,37,ultrafast,0.358395,22295.04,30.8645,37.7489,39.2097,31.81635,201.1109232,0.634595763938115,4.7259745402,5
x265,1080p,Motorcycle_2k,37,veryfast,0.333418,20741.28,31.9142,37.4315,38.7912,32.688844,733.423452,2.15501836425308,17.3554652922,5
x265,1080p,MountainBike_2k,22,fast,1.285509,79968.96,43.6669,46.7067,46.4463,44.0306,1095.9025905,6.1288318604023,26.884905185,6
x265,1080p,MountainBike_2k,22,faster,1.285498,79968.24,43.6669,46.7067,46.4463,44.0306,1091.8589116,2.28884499164978,26.7902085576,5
x265,1080p,MountainBike_2k,22,medium,1.285907,79993.68,43.6868,46.704,46.4455,44.047794,1158.993484,7.41842451905142,28.493150884,7
x265,1080p,MountainBike_2k,22,superfast,1.286478,80029.2,43.5593,46.606,46.3628,43.924937,1040.2241922,4.32216506765558,25.233925017,5
x265,1080p,MountainBike_2k,22,ultrafast,1.415031,88026.25,42.2597,46.4885,46.2803,42.775288,292.9822925,0.32650647413229,7.20624307516667,6
x265,1080p,MountainBike_2k,22,veryfast,1.285498,79968.24,43.6669,46.7067,46.4463,44.0306,1094.3732116,3.51460496416799,26.8258055804,5
x265,1080p,MountainBike_2k,27,fast,0.846373,52651.2,39.7784,43.8063,43.5075,40.263213,976.3125026,2.91584151265793,23.6494353252,5
x265,1080p,MountainBike_2k,27,faster,0.846362,52650.48,39.7784,43.8063,43.5075,40.263213,976.7390765,2.24479679292262,23.62029875275,4
x265,1080p,MountainBike_2k,27,medium,0.84593,52623.6,39.7945,43.7966,43.4949,40.275906,1031.5236534,2.10233409777533,24.9642437882,5
x265,1080p,MountainBike_2k,27,superfast,0.847967,52750.32,39.6251,43.6794,43.4005,40.114456,930.6409042,3.37585280293168,22.2043842672,5
x265,1080p,MountainBike_2k,27,ultrafast,0.911694,56714.64,38.4997,43.8329,43.6116,39.152519,259.1311114,1.20603918621672,6.267896414,5
x265,1080p,MountainBike_2k,27,veryfast,0.846362,52650.48,39.7784,43.8063,43.5075,40.263213,980.266940333333,0.361694658562071,23.5221249316667,3
x265,1080p,MountainBike_2k,32,fast,0.519811,32336.4,35.9767,41.368,41.0078,36.6281,860.9458548,3.67761437245685,20.4741279182,5
x265,1080p,MountainBike_2k,32,faster,0.519799,32335.68,35.9767,41.368,41.0078,36.6281,860.6277038,2.33024044658254,20.3592764878,5
x265,1080p,MountainBike_2k,32,medium,0.52027,32364.96,35.9945,41.3574,40.9958,36.642263,905.057957909091,4.62869775498112,21.6235883262727,11
x265,1080p,MountainBike_2k,32,superfast,0.521582,32446.56,35.8228,41.2752,40.9354,36.483112,818.14422225,0.436528603738919,19.37449708525,4
x265,1080p,MountainBike_2k,32,ultrafast,0.547847,34080.48,34.9334,41.6498,41.406,35.757712,228.446385833333,1.3254510282079,5.44467323716667,6
x265,1080p,MountainBike_2k,32,veryfast,0.519799,32335.68,35.9767,41.368,41.0078,36.6281,858.43032825,2.01933498622977,20.438258664,4
x265,1080p,MountainBike_2k,37,fast,0.301574,18760.32,32.5109,39.6004,39.2196,33.373287,756.9159824,2.07445807188813,17.7527413062,5
x265,1080p,MountainBike_2k,37,faster,0.301563,18759.6,32.5109,39.6004,39.2196,33.373287,755.62712425,0.734232964673736,17.6690450705,4
x265,1080p,MountainBike_2k,37,medium,0.301393,18749.04,32.5235,39.5685,39.1967,33.380887,795.469623166667,4.31028057206324,18.6523288026667,6
x265,1080p,MountainBike_2k,37,superfast,0.301682,18767.04,32.3937,39.5448,39.1964,33.265813,717.6970514,1.85564502809651,16.7704449358,5
x265,1080p,MountainBike_2k,37,ultrafast,0.309205,19235.04,31.7407,39.938,39.656,32.747737,201.94568025,0.23101462324187,4.7374864275,4
x265,1080p,MountainBike_2k,37,veryfast,0.301563,18759.6,32.5109,39.6004,39.2196,33.373287,754.743197,1.94076641481491,17.7162502822,5
x265,4K,Neon1224_4k,22,fast,0.341563,84906.91,46.6795,50.0856,49.8628,47.091337,3039.20735985714,20.1311364714381,71.1189548845714,7
x265,4K,Neon1224_4k,22,faster,0.341561,84906.2,46.6795,50.0856,49.8628,47.091337,3023.9279522,3.74406209168935,70.6260356594,5
x265,4K,Neon1224_4k,22,medium,0.340888,84738.94,46.69,50.0941,49.8696,47.101481,3185.928465,12.3523999614769,74.2461228488,5
x265,4K,Neon1224_4k,22,superfast,0.340246,84579.31,46.6216,49.9449,49.7329,47.023762,2907.94675933333,8.62911292902949,67.6253815498333,6
x265,4K,Neon1224_4k,22,ultrafast,0.359183,89286.83,45.8222,50.1035,49.8174,46.339481,786.618304142857,5.10873951104847,18.443270519,7
x265,4K,Neon1224_4k,22,veryfast,0.341561,84906.2,46.6795,50.0856,49.8628,47.091337,3022.47937333333,9.57002043787447,70.8513376768333,6
x265,4K,Neon1224_4k,27,fast,0.185376,46081.47,43.8882,47.4381,47.1071,44.31125,2668.4070732,7.98169797344921,61.4334213136,5
x265,4K,Neon1224_4k,27,faster,0.185374,46080.77,43.8882,47.4381,47.1071,44.31125,2664.70227811111,6.89429153176732,61.4209797038889,9
x265,4K,Neon1224_4k,27,medium,0.185227,46044.35,43.8975,47.4313,47.1059,44.318888,2779.5796214,7.80889286537243,64.0190022419,10
x265,4K,Neon1224_4k,27,superfast,0.185451,46100.03,43.8235,47.3072,46.9884,44.239037,2557.2648396,7.79848349482249,58.836654287,5
x265,4K,Neon1224_4k,27,ultrafast,0.19708,48990.75,43.1674,47.5818,47.1766,43.693875,710.251102285714,4.38759594566078,16.356950759,7
x265,4K,Neon1224_4k,27,veryfast,0.185374,46080.77,43.8882,47.4381,47.1071,44.31125,2659.9947892,9.30634836074611,61.4252444268,5
x265,4K,Neon1224_4k,32,fast,0.103597,25752.46,41.2516,44.9347,44.5541,41.6882,2337.144514125,5.45877867944963,53.463863149625,8
x265,4K,Neon1224_4k,32,faster,0.103594,25751.77,41.2516,44.9347,44.5541,41.6882,2336.948717,4.10051117009428,53.4565163494,5
x265,4K,Neon1224_4k,32,medium,0.10325,25666.16,41.2569,44.9361,44.5529,41.69285,2422.7020499,9.3644958972188,55.3254009649,10
x265,4K,Neon1224_4k,32,superfast,0.103702,25778.45,41.1929,44.8312,44.4551,41.624181,2269.1769705,10.434079289205,51.6822528908333,6
x265,4K,Neon1224_4k,32,ultrafast,0.11109,27615.19,40.6754,45.2021,44.7769,41.214662,647.72368375,3.27050645905649,14.783879495875,8
x265,4K,Neon1224_4k,32,veryfast,0.103594,25751.77,41.2516,44.9347,44.5541,41.6882,2343.7935974,5.70020218668635,53.5081157498,5
x265,4K,Neon1224_4k,37,fast,0.061506,15289.26,38.7534,42.8686,42.4179,39.239631,2102.87346166667,7.39086129665034,47.7274183147778,9
x265,4K,Neon1224_4k,37,faster,0.061503,15288.57,38.7534,42.8686,42.4179,39.239631,2101.6413484,5.21854138867105,47.7157604742,5
x265,4K,Neon1224_4k,37,medium,0.061449,15275.11,38.7575,42.8714,42.4189,39.243456,2161.5150844,8.95421791136592,49.063000673,5
x265,4K,Neon1224_4k,37,superfast,0.061798,15361.88,38.7103,42.8137,42.3765,39.1959,2040.72035166667,9.59594574757096,46.2125058241667,6
x265,4K,Neon1224_4k,37,ultrafast,0.065994,16404.95,38.2811,43.1642,42.696,38.862225,599.962662714286,3.44502935059465,13.6427553901429,7
x265,4K,Neon1224_4k,37,veryfast,0.061503,15288.57,38.7534,42.8686,42.4179,39.239631,2094.7036344,4.29238822186755,47.6209277752,5
x265,4K,NocturneDance_4k,22,fast,0.417883,207965.28,47.3971,44.5561,47.6715,47.236688,3297.720928,7.99430116988543,77.0727667374,5
x265,4K,NocturneDance_4k,22,faster,0.41788,207963.86,47.3971,44.5561,47.6715,47.236688,3308.9387824,13.3857353552283,77.1512036038,5
x265,4K,NocturneDance_4k,22,medium,0.41764,207844.34,47.4078,44.5567,47.6704,47.246019,3460.9285182,6.97646289746937,80.7704432054,5
x265,4K,NocturneDance_4k,22,superfast,0.417378,207714.25,47.3319,44.5219,47.6278,47.174769,3164.6293496,10.7858830916346,73.6208878958,5
x265,4K,NocturneDance_4k,22,ultrafast,0.43337,215672.66,47.0425,44.2395,47.3587,46.887075,860.525695545454,6.56548836235079,19.9516064685454,11
x265,4K,NocturneDance_4k,22,veryfast,0.41788,207963.86,47.3971,44.5561,47.6715,47.236688,3312.852078,11.4507532477929,76.9355664696,5
x265,4K,NocturneDance_4k,27,fast,0.233801,116354.41,44.4751,41.609,45.3653,44.351606,2842.985093,1.37681819570608,65.731712136,4
x265,4K,NocturneDance_4k,27,faster,0.233798,116352.96,44.4751,41.609,45.3653,44.351606,2838.04199025,2.6450609487132,65.601685057,4
x265,4K,NocturneDance_4k,27,medium,0.233636,116272.33,44.4807,41.6112,45.3641,44.356569,2974.90074442857,5.26902770666347,68.7125566411429,7
x265,4K,NocturneDance_4k,27,superfast,0.233738,116323.2,44.4222,41.5817,45.3315,44.3015,2752.27859928571,19.2725515609312,62.9474840738571,7
x265,4K,NocturneDance_4k,27,ultrafast,0.241513,120192.48,44.1384,41.3676,45.1915,44.031044,764.9462045,7.26127108502571,17.5422721337,10
x265,4K,NocturneDance_4k,27,veryfast,0.233798,116352.96,44.4751,41.609,45.3653,44.351606,2845.0796428,24.9669139704437,65.6720054788,10
x265,4K,NocturneDance_4k,32,fast,0.128364,63882.25,41.4313,39.4619,43.7517,41.453238,2447.2494358,8.98852735043342,56.1116076434,5
x265,4K,NocturneDance_4k,32,faster,0.128361,63880.8,41.4313,39.4619,43.7517,41.453238,2442.87399533333,6.73617925772698,55.926853198,9
x265,4K,NocturneDance_4k,32,medium,0.128146,63773.76,41.4368,39.4614,43.7472,41.457738,2556.3108386,3.82972879519364,58.5667518626,5
x265,4K,NocturneDance_4k,32,superfast,0.128222,63811.68,41.3846,39.4446,43.7278,41.4098,2377.42527966667,10.1839740119392,54.0709881413333,6
x265,4K,NocturneDance_4k,32,ultrafast,0.130262,64826.88,41.079,39.2908,43.6617,41.128656,691.471084375,5.22922288019549,15.7557100875,8
x265,4K,NocturneDance_4k,32,veryfast,0.128361,63880.8,41.4313,39.4619,43.7517,41.453238,2461.5935274,6.07949448124503,56.0128036764,5
x265,4K,NocturneDance_4k,37,fast,0.068368,34024.32,38.4352,37.9863,42.7081,38.6742,2185.1799044,8.8149835988524,49.4912926674,5
x265,4K,NocturneDance_4k,37,faster,0.068365,34022.88,38.4352,37.9863,42.7081,38.6742,2180.2704195,2.93669554267269,49.434095546,4
x265,4K,NocturneDance_4k,37,medium,0.068032,33857.28,38.437,37.9841,42.7116,38.675856,2263.0015615,6.19674563495003,51.2621687901667,6
x265,4K,NocturneDance_4k,37,superfast,0.068305,33993.12,38.4014,37.978,42.6968,38.6434,2112.55344475,10.9986509507016,47.804738793625,8
x265,4K,NocturneDance_4k,37,ultrafast,0.068332,34006.56,38.1522,37.8804,42.6696,38.41755,629.196204333333,5.37613009278763,14.2248988342222,9
x265,4K,NocturneDance_4k,37,veryfast,0.068365,34022.88,38.4352,37.9863,42.7081,38.6742,2182.5602698,6.13946398519335,49.5859663772,5
x265,1080p,OldTownCross_1080p50,22,fast,1.50912,156465.61,40.5276,40.6964,42.0582,40.633813,1396.369167,3.97458700233647,34.7274761126,5
x265,1080p,OldTownCross_1080p50,22,faster,1.509109,156464.41,40.5276,40.6964,42.0582,40.633813,1387.015416,2.25060491036195,34.6459350655,4
x265,1080p,OldTownCross_1080p50,22,medium,1.510073,156564.41,40.5407,40.6961,42.0587,40.645288,1485.53953133333,0.640318204443957,37.3277668856667,3
x265,1080p,OldTownCross_1080p50,22,superfast,1.506709,156215.61,40.5029,40.6762,42.0394,40.609762,1305.1289586,5.08497182823173,32.4208753784,5
x265,1080p,OldTownCross_1080p50,22,ultrafast,1.525478,158161.61,40.1557,40.556,41.9008,40.289788,347.814486857143,1.2562166723069,8.80656363571429,7
x265,1080p,OldTownCross_1080p50,22,veryfast,1.509109,156464.41,40.5276,40.6964,42.0582,40.633813,1386.46679642857,5.60663745627332,34.7901183078571,7
x265,1080p,OldTownCross_1080p50,27,fast,0.638252,66174.01,36.9297,38.5931,40.3503,37.24745,1097.2454092,3.84608676865976,26.4820965654,5
x265,1080p,OldTownCross_1080p50,27,faster,0.638241,66172.8,36.9297,38.5931,40.3503,37.24745,1095.7211879,3.26773067501359,26.514170416,10
x265,1080p,OldTownCross_1080p50,27,medium,0.639391,66292.01,36.9352,38.5951,40.3466,37.252156,1174.6965288,3.18141820390713,28.4335798228,5
x265,1080p,OldTownCross_1080p50,27,superfast,0.638468,66196.41,36.8894,38.5789,40.3307,37.210075,1027.9488944,5.23139134946644,24.7280686084,10
x265,1080p,OldTownCross_1080p50,27,ultrafast,0.675309,70016,36.7249,38.5579,40.2689,37.060963,274.20259875,2.17952743628441,6.706130532125,8
x265,1080p,OldTownCross_1080p50,27,veryfast,0.638241,66172.8,36.9297,38.5931,40.3503,37.24745,1095.2727395,0.605575311635968,26.4641848025,4
x265,1080p,OldTownCross_1080p50,32,fast,0.298272,30924.8,34.7493,37.8204,39.107,35.2136,803.175782857143,1.37633947537898,18.9862277348571,7
x265,1080p,OldTownCross_1080p50,32,faster,0.29826,30923.6,34.7493,37.8204,39.107,35.2136,803.7578912,2.369785797045,19.0109287158,5
x265,1080p,OldTownCross_1080p50,32,medium,0.298113,30908.4,34.7537,37.8153,39.0954,35.216406,859.6404382,3.90207062977878,20.2461179476,5
x265,1080p,OldTownCross_1080p50,32,superfast,0.298654,30964.4,34.7125,37.8036,39.0817,35.178769,759.0467998,2.85679622394348,17.849637718,5
x265,1080p,OldTownCross_1080p50,32,ultrafast,0.315062,32665.6,34.4359,37.8678,39.1541,34.945281,203.090805857143,1.26284364955107,4.81537454242857,7
x265,1080p,OldTownCross_1080p50,32,veryfast,0.29826,30923.6,34.7493,37.8204,39.107,35.2136,805.071169,1.8938003745073,18.9916145502,5
x265,1080p,OldTownCross_1080p50,37,fast,0.161574,16752,32.6555,37.2233,38.1395,33.283738,663.01067775,0.654732323108905,15.3196194495,4
x265,1080p,OldTownCross_1080p50,37,faster,0.161562,16750.8,32.6555,37.2233,38.1395,33.283738,663.728498222222,2.49777990999046,15.3219782916667,9
x265,1080p,OldTownCross_1080p50,37,medium,0.161667,16761.6,32.6604,37.2151,38.1284,33.286819,696.682562666667,2.34256703135784,16.11692491,6
x265,1080p,OldTownCross_1080p50,37,superfast,0.161775,16772.8,32.6288,37.212,38.1056,33.25755,636.2406196,2.95836177396153,14.6420195448,5
x265,1080p,OldTownCross_1080p50,37,ultrafast,0.165775,17187.6,32.3274,37.3205,38.2526,33.009794,172.8435975,0.161008151455136,4.00176071375,4
x265,1080p,OldTownCross_1080p50,37,veryfast,0.161562,16750.8,32.6555,37.2233,38.1395,33.283738,663.8365208,2.33400890616707,15.3047986896,5
x265,270p,ParkJoy_270p,22,fast,2.133519,13825.2,42.4834,42.9756,43.9975,42.608794,90.005537,0.479917820810188,3.37765726466667,6
x265,270p,ParkJoy_270p,22,faster,2.133333,13824,42.4834,42.9756,43.9975,42.608794,90.1905853333333,0.429871890782669,3.38820601883333,6
x265,270p,ParkJoy_270p,22,medium,2.141852,13879.2,42.5178,42.9733,44.0005,42.638937,96.6117642,0.173941884564069,3.6471104024,5
x265,270p,ParkJoy_270p,22,superfast,2.136667,13845.6,42.4439,42.9454,43.9735,42.570844,83.7143242857143,0.564634719690147,2.25366570814286,7
x265,270p,ParkJoy_270p,22,ultrafast,2.237531,14499.2,41.4568,42.4892,43.7556,41.665,23.6063739090909,0.107268192620604,0.647893290090909,11
x265,270p,ParkJoy_270p,22,veryfast,2.133333,13824,42.4834,42.9756,43.9975,42.608794,90.3938118333333,0.404119134548423,3.39693308216667,6
x265,270p,ParkJoy_270p,27,fast,1.449877,9395.2,38.0224,39.1404,41.3683,38.301394,82.315341,0.228151037640638,3.0620411902,5
x265,270p,ParkJoy_270p,27,faster,1.449691,9394,38.0224,39.1404,41.3683,38.301394,81.9280132,0.095528985411235,3.0750814328,5
x265,270p,ParkJoy_270p,27,medium,1.449815,9394.8,38.0575,39.1421,41.3568,38.331494,88.6214873333333,0.503475794596986,3.3154609165,6
x265,270p,ParkJoy_270p,27,superfast,1.447531,9380,37.9708,39.104,41.3033,38.249906,75.962566125,0.552813929224043,2.031555221375,8
x265,270p,ParkJoy_270p,27,ultrafast,1.508642,9776,37.0766,38.7899,41.3286,37.449431,20.9247399090909,0.097163331090957,0.579636755272727,11
x265,270p,ParkJoy_270p,27,veryfast,1.449691,9394,38.0224,39.1404,41.3683,38.301394,81.760545,0.310503375197436,3.0672437662,5
x265,270p,ParkJoy_270p,32,fast,0.922037,5974.8,33.7255,36.3644,39.7714,34.2683,72.0669333333333,0.416980182961573,2.65434651533333,6
x265,270p,ParkJoy_270p,32,faster,0.921852,5973.6,33.7255,36.3644,39.7714,34.2683,71.954772,0.215057294636801,2.6509387344,5
x265,270p,ParkJoy_270p,32,medium,0.919198,5956.4,33.7461,36.3518,39.7546,34.284487,77.3627376666667,0.422359677961174,2.84266531416667,6
x265,270p,ParkJoy_270p,32,superfast,0.918827,5954,33.6539,36.3211,39.7335,34.200575,66.3028641818182,0.351673743710792,1.74722158427273,11
x265,270p,ParkJoy_270p,32,ultrafast,0.936543,6068.8,32.8365,36.248,39.9761,33.495944,17.9520870833333,0.125208654820996,0.488034276833333,12
x265,270p,ParkJoy_270p,32,veryfast,0.921852,5973.6,33.7255,36.3644,39.7714,34.2683,71.7302968,0.3328175210182,2.656167408,5
x265,270p,ParkJoy_270p,37,fast,0.549321,3559.6,29.8518,34.5713,38.6747,30.6982,60.5866124,0.17600680884926,2.2138550952,5
x265,270p,ParkJoy_270p,37,faster,0.549136,3558.4,29.8518,34.5713,38.6747,30.6982,60.7795688333333,0.268430727765967,2.2120868265,6
x265,270p,ParkJoy_270p,37,medium,0.550556,3567.6,29.8612,34.5761,38.667,30.706244,65.2489218571429,0.393472058951675,2.37555838564286,14
x265,270p,ParkJoy_270p,37,superfast,0.549444,3560.4,29.7883,34.5495,38.6473,30.639563,56.2338978461538,0.482091486889651,1.45318452307692,13
x265,270p,ParkJoy_270p,37,ultrafast,0.553765,3588.4,29.1735,34.6359,39.0611,30.132875,15.0039571333333,0.143030127378748,0.402730830933333,15
x265,270p,ParkJoy_270p,37,veryfast,0.549136,3558.4,29.8518,34.5713,38.6747,30.6982,60.4046716666667,0.024930075337498,2.21590625366667,3
x265,1080p,PedestrianArea_1080p25,22,fast,0.349124,18098.6,43.6225,46.7424,48.7718,44.139325,951.288397,0.280147988520353,22.6356277566667,3
x265,1080p,PedestrianArea_1080p25,22,faster,0.349113,18098,43.6225,46.7424,48.7718,44.139325,954.2270006,2.0769001033907,22.6328529426,5
x265,1080p,PedestrianArea_1080p25,22,medium,0.348615,18072.2,43.6264,46.7365,48.7715,44.14235,1005.6095472,3.94911427270454,23.9183008728,5
x265,1080p,PedestrianArea_1080p25,22,superfast,0.34983,18135.2,43.5868,46.7118,48.7307,44.103606,904.6375766,4.2218481965209,21.3524750978,5
x265,1080p,PedestrianArea_1080p25,22,ultrafast,0.364522,18896.8,43.4554,46.7443,48.7823,43.993887,241.498683333333,1.57317805808592,5.76000989888889,9
x265,1080p,PedestrianArea_1080p25,22,veryfast,0.349113,18098,43.6225,46.7424,48.7718,44.139325,955.0472984,3.90250122396974,22.7599717254,5
x265,1080p,PedestrianArea_1080p25,27,fast,0.161481,8371.2,41.8955,44.767,46.591,42.368438,744.823521,2.61783150064858,17.280097095,5
x265,1080p,PedestrianArea_1080p25,27,faster,0.16147,8370.6,41.8955,44.767,46.591,42.368438,743.72119525,1.63836684547171,17.27605152125,4
x265,1080p,PedestrianArea_1080p25,27,medium,0.161281,8360.8,41.8964,44.7586,46.5922,42.368775,779.8501274,1.87043634088274,18.1035333472,5
x265,1080p,PedestrianArea_1080p25,27,superfast,0.161184,8355.8,41.8413,44.7346,46.5418,42.315912,714.537192333333,3.97169727756307,16.4958721041667,6
x265,1080p,PedestrianArea_1080p25,27,ultrafast,0.168549,8737.6,41.6678,44.8352,46.6713,42.178481,193.50631,0.225276350292998,4.4938917965,4
x265,1080p,PedestrianArea_1080p25,27,veryfast,0.16147,8370.6,41.8955,44.767,46.591,42.368438,742.3509194,1.5760310060528,17.2330281078,5
x265,1080p,PedestrianArea_1080p25,32,fast,0.09711,5034.2,40.1017,43.0738,44.6328,40.57065,631.779108,2.36918467141726,14.4484851786,5
x265,1080p,PedestrianArea_1080p25,32,faster,0.097099,5033.6,40.1017,43.0738,44.6328,40.57065,633.81457,3.74436209647739,14.478339100375,8
x265,1080p,PedestrianArea_1080p25,32,medium,0.096447,4999.8,40.1061,43.0787,44.6376,40.575106,657.9572146,1.52964602145294,15.0659456894,5
x265,1080p,PedestrianArea_1080p25,32,superfast,0.09684,5020.2,40.0409,43.0555,44.6017,40.514363,613.24807925,1.10211211115215,14.008409839,4
x265,1080p,PedestrianArea_1080p25,32,ultrafast,0.099595,5163,39.838,43.1894,44.773,40.3559,172.076952166667,0.801259439658696,3.95521492583333,6
x265,1080p,PedestrianArea_1080p25,32,veryfast,0.097099,5033.6,40.1017,43.0738,44.6328,40.57065,629.945201,1.58870122859146,14.4322642546,5
x265,1080p,PedestrianArea_1080p25,37,fast,0.061686,3197.8,37.9764,41.686,42.9917,38.521706,569.1365558,2.53745194700181,12.908371314,10
x265,1080p,PedestrianArea_1080p25,37,faster,0.061674,3197.2,37.9764,41.686,42.9917,38.521706,572.0947882,1.69426511244852,12.910682509,5
x265,1080p,PedestrianArea_1080p25,37,medium,0.061184,3171.8,37.9749,41.6804,42.9912,38.520012,590.7096326,1.99837600743624,13.3819187688,5
x265,1080p,PedestrianArea_1080p25,37,superfast,0.061609,3193.8,37.9375,41.6754,42.9764,38.48605,553.8958594,1.69384141553432,12.5133477358,5
x265,1080p,PedestrianArea_1080p25,37,ultrafast,0.062539,3242,37.7678,41.7891,43.109,38.352956,159.2600416,0.700467856328397,3.6456423046,5
x265,1080p,PedestrianArea_1080p25,37,veryfast,0.061674,3197.2,37.9764,41.686,42.9917,38.521706,571.7425914,1.44151881754048,12.9026940688,5
x265,4K,PierSeaSide_4k,22,fast,0.197289,49042.71,45.878,47.7139,45.8498,45.990981,3407.424883,14.4547735460149,80.3234811972,5
x265,4K,PierSeaSide_4k,22,faster,0.197286,49042.02,45.878,47.7139,45.8498,45.990981,3409.821776,4.20515409248373,80.264273577,4
x265,4K,PierSeaSide_4k,22,medium,0.196816,48925.09,45.8808,47.7189,45.8525,45.993912,3595.4953974,7.24533002247712,84.9171084378,5
x265,4K,PierSeaSide_4k,22,superfast,0.197729,49151.99,45.8454,47.6834,45.831,45.959375,3259.279488,12.2761692465566,76.3820681456667,6
x265,4K,PierSeaSide_4k,22,ultrafast,0.205136,50993.37,45.7171,47.691,45.7925,45.845181,865.676388,2.33134639669576,20.332150822,8
x265,4K,PierSeaSide_4k,22,veryfast,0.197286,49042.02,45.878,47.7139,45.8498,45.990981,3411.592178,1.33156648524548,80.1415963086667,3
x265,4K,PierSeaSide_4k,27,fast,0.106618,26503.45,44.1986,45.8447,44.1416,44.297919,2778.199552625,13.9474347760714,64.350883845,8
x265,4K,PierSeaSide_4k,27,faster,0.106615,26502.75,44.1986,45.8447,44.1416,44.297919,2775.6427482,10.2232503022824,64.2886226426,5
x265,4K,PierSeaSide_4k,27,medium,0.10651,26476.54,44.2018,45.8406,44.1378,44.300225,2902.04293133333,8.32182118935516,67.1079276775556,9
x265,4K,PierSeaSide_4k,27,superfast,0.106953,26586.74,44.1472,45.8228,44.1244,44.2505,2661.58314342857,14.9675453415363,61.6021278015714,7
x265,4K,PierSeaSide_4k,27,ultrafast,0.111698,27766.23,43.9983,45.8809,44.1346,44.124481,712.917751,0.260446184304935,16.56796762,3
x265,4K,PierSeaSide_4k,27,veryfast,0.106615,26502.75,44.1986,45.8447,44.1416,44.297919,2779.6368544,10.0679086462903,64.3020465296,5
x265,4K,PierSeaSide_4k,32,fast,0.062673,15579.5,42.1574,44.0186,42.7489,42.310694,2407.4818738,5.25038330155653,54.630511857,5
x265,4K,PierSeaSide_4k,32,faster,0.06267,15578.8,42.1574,44.0186,42.7489,42.310694,2394.1932234,5.28841708172926,54.571570948,5
x265,4K,PierSeaSide_4k,32,medium,0.06265,15573.7,42.1626,44.0152,42.7464,42.314875,2493.5063238,5.09770696052752,56.7481325782,5
x265,4K,PierSeaSide_4k,32,superfast,0.06318,15705.47,42.1091,44.0163,42.7413,42.267812,2298.4549316,4.76830376238409,52.6092119978,5
x265,4K,PierSeaSide_4k,32,ultrafast,0.065099,16182.47,41.925,44.1544,42.8272,42.120725,642.9782612,0.479373045238987,14.6929721454,5
x265,4K,PierSeaSide_4k,32,veryfast,0.06267,15578.8,42.1574,44.0186,42.7489,42.310694,2391.3032898,6.20419755956544,54.5866989522,5
x265,4K,PierSeaSide_4k,37,fast,0.038484,9566.52,39.7565,42.525,41.6058,40.045113,2148.9313425,2.94076183242704,48.3750043305,4
x265,4K,PierSeaSide_4k,37,faster,0.038481,9565.82,39.7565,42.525,41.6058,40.045113,2149.2005402,7.59759952247167,48.3270666146,5
x265,4K,PierSeaSide_4k,37,medium,0.038296,9519.66,39.7543,42.5201,41.6071,40.042963,2231.920324,9.05506751660036,50.1866900838,5
x265,4K,PierSeaSide_4k,37,superfast,0.038845,9656.3,39.7401,42.5155,41.5944,40.029456,2077.19630757143,8.27866541134831,46.6794494355714,7
x265,4K,PierSeaSide_4k,37,ultrafast,0.039733,9876.94,39.5801,42.6825,41.7341,39.908625,600.3970226,5.16662637688926,13.5695436165,10
x265,4K,PierSeaSide_4k,37,veryfast,0.038481,9565.82,39.7565,42.525,41.6058,40.045113,2145.1035538,10.3924067125904,48.4173297818,5
x265,360p,RedKayak_360p,22,fast,1.459986,10081.33,42.192,45.0436,48.9342,42.791612,126.1378978,0.307518213718635,3.8637883136,5
x265,360p,RedKayak_360p,22,faster,1.459884,10080.63,42.192,45.0436,48.9342,42.791612,126.47314075,0.22622357510418,3.8358244255,4
x265,360p,RedKayak_360p,22,medium,1.45797,10067.41,42.21,45.0379,48.9192,42.806069,134.7801602,0.4689038427969,4.096465422,5
x265,360p,RedKayak_360p,22,superfast,1.45807,10068.1,42.1344,44.9396,48.8507,42.729494,118.667115666667,0.071963994888648,3.02045156933333,3
x265,360p,RedKayak_360p,22,ultrafast,1.60251,11065.47,41.152,44.8211,49.1386,41.880481,33.1021613666667,0.554806913622704,0.8851825814,30
x265,360p,RedKayak_360p,22,veryfast,1.459884,10080.63,42.192,45.0436,48.9342,42.791612,126.7641105,0.0887215635664,3.9316106225,4
x265,360p,RedKayak_360p,27,fast,0.931079,6429.18,38.0656,42.3007,47.2723,38.905712,111.421772666667,0.116640279373522,3.38524118966667,3
x265,360p,RedKayak_360p,27,faster,0.930979,6428.49,38.0656,42.3007,47.2723,38.905712,110.845883,0.472422126452075,3.3991088914,5
x265,360p,RedKayak_360p,27,medium,0.932893,6441.71,38.0792,42.3053,47.2571,38.91695,118.21557875,0.110831729170471,3.63948529575,4
x265,360p,RedKayak_360p,27,superfast,0.931819,6434.29,37.9447,42.2165,46.9923,38.777162,103.589371,0.100234680881918,2.6253163526,5
x265,360p,RedKayak_360p,27,ultrafast,1.018905,7035.63,36.9537,42.494,47.9214,37.98545,29.2601604615385,0.110715961749436,0.76040223,13
x265,360p,RedKayak_360p,27,veryfast,0.930979,6428.49,38.0656,42.3007,47.2723,38.905712,111.064465571429,0.704262624484611,3.35542177014286,7
x265,360p,RedKayak_360p,32,fast,0.543454,3752.6,34.063,40.3385,46.1662,35.211669,95.526672,0.543513480896902,2.83036330157143,7
x265,360p,RedKayak_360p,32,faster,0.543353,3751.9,34.063,40.3385,46.1662,35.211669,95.165821,0.419834335692068,2.8283322384,5
x265,360p,RedKayak_360p,32,medium,0.540934,3735.2,34.075,40.3085,46.2337,35.224513,102.3081945,0.166473296326067,3.02935589475,4
x265,360p,RedKayak_360p,32,superfast,0.541337,3737.98,33.9153,40.2679,45.8035,35.05535,89.6959575,0.43940220488557,2.26801520433333,6
x265,360p,RedKayak_360p,32,ultrafast,0.568518,3925.67,32.9878,40.8102,46.5235,34.322681,25.1332763076923,0.309636322360768,0.655785121769231,26
x265,360p,RedKayak_360p,32,veryfast,0.543353,3751.9,34.063,40.3385,46.1662,35.211669,95.4071654,0.399788428588547,2.8488649102,5
x265,360p,RedKayak_360p,37,fast,0.294793,2035.57,30.5411,39.1098,45.3197,32.000306,81.658177,0.379452129368119,2.374186407,6
x265,360p,RedKayak_360p,37,faster,0.294691,2034.87,30.5411,39.1098,45.3197,32.000306,81.1999105,0.198091384999449,2.370794366,4
x265,360p,RedKayak_360p,37,medium,0.294457,2033.25,30.5544,39.0673,45.3484,32.011081,86.4937238,0.384191912575864,2.5113392746,5
x265,360p,RedKayak_360p,37,superfast,0.292576,2020.26,30.4248,39.0959,45.2263,31.891837,76.70445475,0.062017142078488,1.92669244725,4
x265,360p,RedKayak_360p,37,ultrafast,0.294523,2033.71,29.8016,39.6071,45.4768,31.394144,21.4695232857143,0.116624003451875,0.547530147214286,14
x265,360p,RedKayak_360p,37,veryfast,0.294691,2034.87,30.5411,39.1098,45.3197,32.000306,81.292608,0.09625690250228,2.3646594105,4
x265,1080p,RitualDance_2k,22,fast,0.239525,29770.93,47.1986,48.7157,49.4406,47.433544,721.6959066,2.29400565130152,16.8924791274,5
x265,1080p,RitualDance_2k,22,faster,0.239513,29769.51,47.1986,48.7157,49.4406,47.433544,721.6227378,1.45801276565697,16.8507194138,5
x265,1080p,RitualDance_2k,22,medium,0.239646,29786.03,47.2052,48.7256,49.4408,47.43995,754.6518156,3.57717682888452,17.650924468,5
x265,1080p,RitualDance_2k,22,superfast,0.23924,29735.53,47.1069,48.6422,49.3224,47.341325,688.3113362,2.6354317494965,16.0959977624,5
x265,1080p,RitualDance_2k,22,ultrafast,0.271917,33797.09,46.5855,48.4907,49.1172,46.862806,189.964432333333,0.948325122240653,4.49928406433333,9
x265,1080p,RitualDance_2k,22,veryfast,0.239513,29769.51,47.1986,48.7157,49.4406,47.433544,722.6749566,1.94312188036528,16.9291006114,5
x265,1080p,RitualDance_2k,27,fast,0.145764,18117.25,44.7821,46.4746,46.9549,45.023681,628.6697528,0.963703865917949,14.5915984886,5
x265,1080p,RitualDance_2k,27,faster,0.145753,18115.83,44.7821,46.4746,46.9549,45.023681,631.2336376,1.55594757510409,14.616089102,5
x265,1080p,RitualDance_2k,27,medium,0.144723,17987.92,44.7888,46.4757,46.9528,45.029481,657.3773822,3.15485015072106,15.1814561858,5
x265,1080p,RitualDance_2k,27,superfast,0.144841,18002.55,44.6761,46.4084,46.8689,44.921419,605.72376075,0.670091458487758,13.9861406815,4
x265,1080p,RitualDance_2k,27,ultrafast,0.162777,20231.81,44.0886,46.3736,46.8235,44.402344,170.0271425,0.903719546641047,3.98932473533333,6
x265,1080p,RitualDance_2k,27,veryfast,0.145753,18115.83,44.7821,46.4746,46.9549,45.023681,632.24098025,0.585925977148067,14.571947348,4
x265,1080p,RitualDance_2k,32,fast,0.088824,11040.08,42.0105,44.4491,44.736,42.333256,566.988965333333,0.197952042915281,12.9616055436667,3
x265,1080p,RitualDance_2k,32,faster,0.088813,11038.66,42.0105,44.4491,44.736,42.333256,567.456026333333,0.441923917706808,12.995428525,3
x265,1080p,RitualDance_2k,32,medium,0.089052,11068.4,42.0196,44.4396,44.7279,42.340119,588.3951123,1.25182423692715,13.4544392566,10
x265,1080p,RitualDance_2k,32,superfast,0.089283,11097.19,41.9134,44.406,44.6749,42.241781,549.496078,1.76269267817876,12.5391335132,5
x265,1080p,RitualDance_2k,32,ultrafast,0.097505,12119.07,41.3076,44.5101,44.7799,41.724775,157.492048333333,0.141336912313568,3.6335199,3
x265,1080p,RitualDance_2k,32,veryfast,0.088813,11038.66,42.0105,44.4491,44.736,42.333256,571.105157428572,4.06945142335257,12.9872490578571,7
x265,1080p,RitualDance_2k,37,fast,0.055994,6959.64,39.1197,42.7778,42.7932,39.577925,519.5089484,0.87755275524398,11.8012468296,5
x265,1080p,RitualDance_2k,37,faster,0.055983,6958.22,39.1197,42.7778,42.7932,39.577925,517.966102,0.247681401185071,11.75969487,3
x265,1080p,RitualDance_2k,37,medium,0.05593,6951.62,39.1269,42.7739,42.7783,39.58305,535.3728116,1.61510661102938,12.1900243674,5
x265,1080p,RitualDance_2k,37,superfast,0.055729,6926.6,39.0637,42.8075,42.7543,39.52835,499.339908,0.721971530749424,11.4274855425,4
x265,1080p,RitualDance_2k,37,ultrafast,0.059291,7369.34,38.5263,42.9471,42.9441,39.078713,146.1870282,0.218986997787997,3.380026787,5
x265,1080p,RitualDance_2k,37,veryfast,0.055983,6958.22,39.1197,42.7778,42.7932,39.577925,516.1905968,1.40899399196313,11.7788375938,5
x265,1080p,Riverbed_1080p25,22,fast,0.794221,41172.4,42.5345,45.0617,46.7996,42.959019,1077.94871775,2.30942126212272,26.167707815375,8
x265,1080p,Riverbed_1080p25,22,faster,0.794209,41171.8,42.5345,45.0617,46.7996,42.959019,1079.193502,4.18217084850117,26.2001715536,5
x265,1080p,Riverbed_1080p25,22,medium,0.792604,41088.6,42.5398,45.064,46.8007,42.963869,1141.0510235,6.82032608366077,27.7655900846667,6
x265,1080p,Riverbed_1080p25,22,superfast,0.794406,41182,42.507,45.056,46.7954,42.934337,1026.088987,0.550268566054795,24.6832956513333,3
x265,1080p,Riverbed_1080p25,22,ultrafast,0.796134,41271.6,42.3562,44.9598,46.6971,42.790231,267.887611428571,1.80133600384981,6.58879858528572,7
x265,1080p,Riverbed_1080p25,22,veryfast,0.794209,41171.8,42.5345,45.0617,46.7996,42.959019,1082.1379032,4.54968445135997,26.1996984566,5
x265,1080p,Riverbed_1080p25,27,fast,0.417677,21652.4,39.9499,42.5307,44.3386,40.385494,884.634169333333,2.60138292608087,20.9050938731667,6
x265,1080p,Riverbed_1080p25,27,faster,0.417666,21651.8,39.9499,42.5307,44.3386,40.385494,882.323119571429,4.24655278345173,20.8524590882857,7
x265,1080p,Riverbed_1080p25,27,medium,0.417323,21634,39.9544,42.5354,44.3403,40.389831,934.633785714286,2.53110277562381,22.0446711897143,7
x265,1080p,Riverbed_1080p25,27,superfast,0.417396,21637.8,39.9106,42.5277,44.3314,40.350469,835.5071506,2.31603560810111,19.7640185814,5
x265,1080p,Riverbed_1080p25,27,ultrafast,0.419753,21760,39.7824,42.5031,44.3149,40.235725,217.6765424,0.868287709458564,5.1872100078,5
x265,1080p,Riverbed_1080p25,27,veryfast,0.417666,21651.8,39.9499,42.5307,44.3386,40.385494,883.8245688,3.29458464896665,20.9222092198,5
x265,1080p,Riverbed_1080p25,32,fast,0.236701,12270.6,37.4131,40.7492,42.6524,37.949062,750.5168892,1.60050167210041,17.5071274658,5
x265,1080p,Riverbed_1080p25,32,faster,0.23669,12270,37.4131,40.7492,42.6524,37.949062,747.09562125,1.90898334201766,17.453792727,4
x265,1080p,Riverbed_1080p25,32,medium,0.236142,12241.6,37.418,40.7627,42.6651,37.954988,788.66550725,0.917748548182407,18.427691704,4
x265,1080p,Riverbed_1080p25,32,superfast,0.236204,12244.8,37.3729,40.7493,42.6572,37.914194,712.6160592,2.13502166135047,16.6001142846,5
x265,1080p,Riverbed_1080p25,32,ultrafast,0.23755,12314.6,37.2398,40.7705,42.677,37.800294,190.7637225,0.916491711542172,4.45569052816667,6
x265,1080p,Riverbed_1080p25,32,veryfast,0.23669,12270,37.4131,40.7492,42.6524,37.949062,748.465002875,4.2848323432803,17.469861193875,8
x265,1080p,Riverbed_1080p25,37,fast,0.136196,7060.4,34.8082,39.4783,41.6235,35.526038,664.438566,3.3634623047137,15.3719662995,6
x265,1080p,Riverbed_1080p25,37,faster,0.136184,7059.8,34.8082,39.4783,41.6235,35.526038,663.6618024,1.74223228535729,15.3277575784,5
x265,1080p,Riverbed_1080p25,37,medium,0.135606,7029.8,34.8116,39.4939,41.6272,35.530219,702.4588948,3.36900685719259,16.2952892338,5
x265,1080p,Riverbed_1080p25,37,superfast,0.136644,7083.6,34.7898,39.486,41.6321,35.510956,634.981254833333,2.77027944272295,14.6135799571667,6
x265,1080p,Riverbed_1080p25,37,ultrafast,0.136593,7081,34.6757,39.5115,41.6338,35.412819,175.2463265,0.952767952638154,4.0392043635,6
x265,1080p,Riverbed_1080p25,37,veryfast,0.136184,7059.8,34.8082,39.4783,41.6235,35.526038,664.33913475,0.334906779156404,15.360664393,4
x265,720p,RollerCoaster_720p,22,fast,0.657937,36344.95,44.3173,45.2591,45.1291,44.4269,409.02589975,0.783661092600356,10.03618256975,4
x265,720p,RollerCoaster_720p,22,faster,0.657911,36343.53,44.3173,45.2591,45.1291,44.4269,406.335987142857,1.32165085769243,10.0648950621429,7
x265,720p,RollerCoaster_720p,22,medium,0.657629,36327.95,44.3261,45.2524,45.1255,44.433956,428.3851822,0.919778466018965,10.5348301444,5
x265,720p,RollerCoaster_720p,22,superfast,0.65663,36272.73,44.2459,45.1822,45.0649,44.355606,386.859841875,3.10040479361797,9.444262344625,8
x265,720p,RollerCoaster_720p,22,ultrafast,0.708682,39148.15,43.8078,45.0387,44.9126,43.953781,104.320795428571,0.635244704482154,2.63623523057143,7
x265,720p,RollerCoaster_720p,22,veryfast,0.657911,36343.53,44.3173,45.2591,45.1291,44.4269,404.29739,1.27772153417108,10.068036003,5
x265,720p,RollerCoaster_720p,27,fast,0.386139,21330.62,41.0744,42.5762,42.8915,41.281831,352.47859,1.08373455326847,8.50939045442857,7
x265,720p,RollerCoaster_720p,27,faster,0.386114,21329.21,41.0744,42.5762,42.8915,41.281831,352.917970833333,2.04848817351826,8.52996365,6
x265,720p,RollerCoaster_720p,27,medium,0.385003,21267.85,41.0775,42.5709,42.8876,41.283969,368.421512,0.900590154386556,8.92688218875,4
x265,720p,RollerCoaster_720p,27,superfast,0.384541,21242.36,40.9791,42.4817,42.8209,41.188125,336.3700128,1.24585118021805,7.9916780592,5
x265,720p,RollerCoaster_720p,27,ultrafast,0.414233,22882.56,40.6002,42.4529,42.7714,40.851694,92.21958175,0.068225421930416,2.22686962425,4
x265,720p,RollerCoaster_720p,27,veryfast,0.386114,21329.21,41.0744,42.5762,42.8915,41.281831,353.437469666667,0.159956463093347,8.52431546966667,3
x265,720p,RollerCoaster_720p,32,fast,0.224633,12408.88,37.987,40.3542,41.1591,38.333206,305.4744986,1.01923644802215,7.2618049404,5
x265,720p,RollerCoaster_720p,32,faster,0.224607,12407.46,37.987,40.3542,41.1591,38.333206,303.90750175,0.636550823316502,7.22641775875,4
x265,720p,RollerCoaster_720p,32,medium,0.224112,12380.09,37.99,40.3372,41.1371,38.333394,317.1137758,0.827724903729313,7.5232530252,5
x265,720p,RollerCoaster_720p,32,superfast,0.225197,12440.03,37.9051,40.2863,41.1104,38.254256,290.0755392,0.944241686383153,6.8406539706,5
x265,720p,RollerCoaster_720p,32,ultrafast,0.23844,13171.63,37.5426,40.3815,41.1631,37.946312,81.989841625,0.583020192338613,1.96652068425,8
x265,720p,RollerCoaster_720p,32,veryfast,0.224607,12407.46,37.987,40.3542,41.1591,38.333206,303.783994857143,0.6020224802321,7.22188246585714,7
x265,720p,RollerCoaster_720p,37,fast,0.135831,7503.38,35.1222,38.612,39.8071,35.633119,268.60649,0.931621576552143,6.330821007,5
x265,720p,RollerCoaster_720p,37,faster,0.135805,7501.97,35.1222,38.612,39.8071,35.633119,268.440596857143,0.90573972529372,6.322968248,7
x265,720p,RollerCoaster_720p,37,medium,0.135591,7490.17,35.1264,38.6037,39.8098,35.636444,279.1317194,1.0100118817362,6.5705456852,5
x265,720p,RollerCoaster_720p,37,superfast,0.135796,7501.5,35.0783,38.5815,39.7926,35.591894,257.8954094,1.14832879147951,6.0140649892,5
x265,720p,RollerCoaster_720p,37,ultrafast,0.14182,7834.26,34.7512,38.7454,39.9123,35.323406,74.4689322222222,0.463004824007747,1.75448288944444,9
x265,720p,RollerCoaster_720p,37,veryfast,0.135805,7501.97,35.1222,38.612,39.8071,35.633119,268.4547696,0.440572512749944,6.334363257,5
x265,1080p,RushFieldCuts_2k,22,fast,1.138897,70777.63,44.3308,46.2895,47.1234,44.627756,1099.2199642,3.16204447253453,26.641050055,5
x265,1080p,RushFieldCuts_2k,22,faster,1.138886,70776.95,44.3308,46.2895,47.1234,44.627756,1097.3017686,4.16975087856868,26.5834795964,5
x265,1080p,RushFieldCuts_2k,22,medium,1.142936,71028.66,44.371,46.2944,47.1231,44.663219,1163.6003685,2.28927295128934,28.2309009235,4
x265,1080p,RushFieldCuts_2k,22,superfast,1.137777,70708.03,44.331,46.2759,47.1063,44.626013,1035.871677,3.29874679119624,25.0178397038,5
x265,1080p,RushFieldCuts_2k,22,ultrafast,1.202181,74710.5,42.3049,44.9868,46.0624,42.707363,281.305136,1.81593009096845,6.97518755114286,7
x265,1080p,RushFieldCuts_2k,22,veryfast,1.138886,70776.95,44.3308,46.2895,47.1234,44.627756,1098.4039996,1.7461093575582,26.6906415064,5
x265,1080p,RushFieldCuts_2k,27,fast,0.72172,44851.87,39.8892,42.5568,43.6945,40.293756,964.9610428,3.7348231422579,23.1093456716,5
x265,1080p,RushFieldCuts_2k,27,faster,0.721709,44851.17,39.8892,42.5568,43.6945,40.293756,962.43918675,1.66855881327297,23.085249666,4
x265,1080p,RushFieldCuts_2k,27,medium,0.722004,44869.5,39.915,42.5519,43.6954,40.316081,1016.951193,2.58546703111111,24.3389233162,5
x265,1080p,RushFieldCuts_2k,27,superfast,0.722097,44875.3,39.8583,42.5434,43.6764,40.26475,915.7024042,3.53869057665193,21.7249209924,5
x265,1080p,RushFieldCuts_2k,27,ultrafast,0.727279,45197.31,38.6563,42.1793,43.4107,39.173638,244.306076,0.9307098846797,5.8525483888,5
x265,1080p,RushFieldCuts_2k,27,veryfast,0.721709,44851.17,39.8892,42.5568,43.6945,40.293756,964.244571666667,1.74042853335156,23.0542323235,6
x265,1080p,RushFieldCuts_2k,32,fast,0.409875,25471.98,36.0232,40.0185,41.3185,36.603862,821.60072575,1.49107224933253,19.39578251075,4
x265,1080p,RushFieldCuts_2k,32,faster,0.409863,25471.28,36.0232,40.0185,41.3185,36.603862,823.284248666667,0.272966552244654,19.359814208,3
x265,1080p,RushFieldCuts_2k,32,medium,0.409389,25441.82,36.0384,40.0034,41.3021,36.615194,863.97374,1.53219508636248,20.38795508275,4
x265,1080p,RushFieldCuts_2k,32,superfast,0.409931,25475.46,35.9713,39.994,41.2859,36.554881,786.3353282,2.90736192626266,18.3791369308,5
x265,1080p,RushFieldCuts_2k,32,ultrafast,0.428395,26622.93,35.3991,40.0932,41.4619,36.071406,214.274379857143,1.38533935762234,5.04057865328571,7
x265,1080p,RushFieldCuts_2k,32,veryfast,0.409863,25471.28,36.0232,40.0185,41.3185,36.603862,821.0559425,1.4720189630777,19.30086126225,4
x265,1080p,RushFieldCuts_2k,37,fast,0.240833,14966.78,32.9564,38.1924,39.6164,33.6999,711.374120428571,3.40342132436841,16.5840134512857,7
x265,1080p,RushFieldCuts_2k,37,faster,0.240822,14966.09,32.9564,38.1924,39.6164,33.6999,712.9610408,2.47968289381761,16.566942194,5
x265,1080p,RushFieldCuts_2k,37,medium,0.240707,14958.9,32.9661,38.1744,39.5919,33.705731,749.0267692,1.38662227579925,17.3576098338,5
x265,1080p,RushFieldCuts_2k,37,superfast,0.241405,15002.28,32.9172,38.183,39.5999,33.663981,685.2742226,2.53626785923555,15.8280133582,5
x265,1080p,RushFieldCuts_2k,37,ultrafast,0.251536,15631.93,32.3954,38.4376,39.9397,33.244556,192.8000558,0.727636147799984,4.4694789756,5
x265,1080p,RushFieldCuts_2k,37,veryfast,0.240822,14966.09,32.9564,38.1924,39.6164,33.6999,716.842393,4.19761845936231,16.5963253971667,6
x265,1080p,Skater227_2k,22,fast,0.109869,6834.72,49.0037,54.5417,54.8057,49.71245,649.242763666667,0.22805586905917,14.9321437033333,3
x265,1080p,Skater227_2k,22,faster,0.109857,6834,49.0037,54.5417,54.8057,49.71245,653.20256675,0.91308039588139,15.029575617,4
x265,1080p,Skater227_2k,22,medium,0.109525,6813.36,49.0165,54.5646,54.8361,49.726981,684.4461085,1.1039007243119,15.74711683325,4
x265,1080p,Skater227_2k,22,superfast,0.110058,6846.48,48.8917,54.4725,54.7441,49.606275,627.9617344,1.92380324416825,14.3624133564,5
x265,1080p,Skater227_2k,22,ultrafast,0.112006,6967.68,48.7585,54.5325,54.8409,49.499525,171.7242554,0.932316843535048,3.9498313373,10
x265,1080p,Skater227_2k,22,veryfast,0.109857,6834,49.0037,54.5417,54.8057,49.71245,652.190443,4.50994809266378,15.0099273742857,7
x265,1080p,Skater227_2k,27,fast,0.067141,4176.72,47.3167,52.3195,52.7309,47.967762,585.3337922,1.69152564064625,13.3198493138,5
x265,1080p,Skater227_2k,27,faster,0.06713,4176,47.3167,52.3195,52.7309,47.967762,584.8602212,2.15014963158153,13.3150322272,5
x265,1080p,Skater227_2k,27,medium,0.066948,4164.72,47.3317,52.3107,52.7278,47.980144,609.6241964,2.77940897433668,13.8864403122,5
x265,1080p,Skater227_2k,27,superfast,0.067419,4194,47.2352,52.2992,52.732,47.89525,563.8804286,1.37984866313096,12.8697191982,5
x265,1080p,Skater227_2k,27,ultrafast,0.068511,4261.92,47.1209,52.3518,52.847,47.805712,158.84795125,0.2338608121745,3.65076491575,4
x265,1080p,Skater227_2k,27,veryfast,0.06713,4176,47.3167,52.3195,52.7309,47.967762,583.773815333333,0.350634917366102,13.3446468103333,3
x265,1080p,Skater227_2k,32,fast,0.043727,2720.16,45.3175,50.0808,50.6398,45.94785,527.521904166667,1.60724884675366,11.9640539651667,6
x265,1080p,Skater227_2k,32,faster,0.043715,2719.44,45.3175,50.0808,50.6398,45.94785,528.8770214,1.43820893351961,11.9403666904,10
x265,1080p,Skater227_2k,32,medium,0.043395,2699.52,45.3297,50.088,50.6253,45.958069,546.353241857143,3.49758449704008,12.3866135857143,7
x265,1080p,Skater227_2k,32,superfast,0.043981,2736,45.2861,50.1158,50.6242,45.921588,516.3865812,0.579695245573655,11.6551110272,5
x265,1080p,Skater227_2k,32,ultrafast,0.044433,2764.08,45.1832,50.1452,50.6928,45.837675,150.865692666667,0.890118666596014,3.45344899083333,6
x265,1080p,Skater227_2k,32,veryfast,0.043715,2719.44,45.3175,50.0808,50.6398,45.94785,530.9334922,2.32968962456519,11.9874682636,5
x265,1080p,Skater227_2k,37,fast,0.03054,1899.84,43.0915,47.9109,48.1135,43.706588,481.885107,0.836970427923532,10.8806314766,5
x265,1080p,Skater227_2k,37,faster,0.030529,1899.12,43.0915,47.9109,48.1135,43.706588,485.41343,1.54436897271556,10.93706528,5
x265,1080p,Skater227_2k,37,medium,0.030251,1881.84,43.0981,47.9486,48.1252,43.71545,497.5304762,1.02962661915167,11.2052143644,5
x265,1080p,Skater227_2k,37,superfast,0.030984,1927.44,43.0996,47.948,48.1912,43.72085,471.3144062,1.52622383310565,10.6425417128,5
x265,1080p,Skater227_2k,37,ultrafast,0.030945,1925.04,43.0294,47.9434,48.1797,43.658419,141.280937,0.537671182770195,3.2475262812,5
x265,1080p,Skater227_2k,37,veryfast,0.030529,1899.12,43.0915,47.9109,48.1135,43.706588,484.3007134,1.83562904346502,10.9132332886,5
x265,360p,SnowMountain_360p,22,fast,2.00438,13840.42,42.8175,45.7015,46.5585,43.231563,119.118274,0.358274167130425,3.7094714144,5
x265,360p,SnowMountain_360p,22,faster,2.00428,13839.73,42.8175,45.7015,46.5585,43.231563,118.909205,0.557060008923635,3.7248325362,5
x265,360p,SnowMountain_360p,22,medium,2.004212,13839.26,42.8532,45.7006,46.5633,43.263044,126.7103202,0.423174013438562,3.9899668114,5
x265,360p,SnowMountain_360p,22,superfast,2.00774,13863.62,42.7661,45.559,46.4582,43.171413,111.355275166667,0.408527569914402,2.851113249,6
x265,360p,SnowMountain_360p,22,ultrafast,2.154801,14879.09,41.6252,45.3913,46.3295,42.1546,32.1820241818182,0.182846468985222,0.854274498090909,11
x265,360p,SnowMountain_360p,22,veryfast,2.00428,13839.73,42.8175,45.7015,46.5585,43.231563,118.880117333333,0.588704471720631,3.72016877183333,6
x265,360p,SnowMountain_360p,27,fast,1.453938,10039.57,38.1856,43.3158,44.5011,38.900956,107.525518,0.215746722316933,3.4192647278,5
x265,360p,SnowMountain_360p,27,faster,1.453837,10038.87,38.1856,43.3158,44.5011,38.900956,107.9930222,0.411676959037909,3.4027553016,5
x265,360p,SnowMountain_360p,27,medium,1.456122,10054.65,38.2205,43.3053,44.4813,38.9296,115.1477032,0.331034297834378,3.5996821352,5
x265,360p,SnowMountain_360p,27,superfast,1.450713,10017.3,38.0893,43.1908,44.3587,38.799981,100.819786,0.239784546420323,2.5809525706,5
x265,360p,SnowMountain_360p,27,ultrafast,1.555001,10737.42,37.0783,43.3195,44.6433,37.941187,28.9434988333333,0.124714189559265,0.76411689675,12
x265,360p,SnowMountain_360p,27,veryfast,1.453837,10038.87,38.1856,43.3158,44.5011,38.900956,108.2329744,0.510857431331189,3.3625933212,5
x265,360p,SnowMountain_360p,32,fast,0.982519,6784.38,33.6715,41.7348,43.1337,34.766844,96.5349822,0.150405494222119,2.995502204,5
x265,360p,SnowMountain_360p,32,faster,0.982418,6783.68,33.6715,41.7348,43.1337,34.766844,96.599191,0.258275569153375,2.9785501236,5
x265,360p,SnowMountain_360p,32,medium,0.98272,6785.77,33.6939,41.6989,43.106,34.782469,103.5132235,0.225625367141345,3.1864802595,4
x265,360p,SnowMountain_360p,32,superfast,0.984836,6800.38,33.5384,41.5849,42.8433,34.622863,90.5861116666667,0.057052618181231,2.29856754466667,3
x265,360p,SnowMountain_360p,32,ultrafast,1.038628,7171.82,32.5939,42.0073,43.5299,33.865737,25.7086185833333,0.145198707478882,0.671534982333333,12
x265,360p,SnowMountain_360p,32,veryfast,0.982418,6783.68,33.6715,41.7348,43.1337,34.766844,96.8789754,0.24788949647837,3.0186937956,5
x265,360p,SnowMountain_360p,37,fast,0.60961,4209.41,29.5654,40.5992,42.439,31.059613,86.1858755,0.195718690167802,2.574924611,4
x265,360p,SnowMountain_360p,37,faster,0.609509,4208.71,29.5654,40.5992,42.439,31.059613,86.0463903333333,0.07362124810361,2.56375711633333,3
x265,360p,SnowMountain_360p,37,medium,0.60803,4198.5,29.5825,40.5991,42.4399,31.074625,91.755669625,0.636334098745067,2.770342678,8
x265,360p,SnowMountain_360p,37,superfast,0.607762,4196.65,29.3931,40.2417,41.9287,30.854612,80.5717052,0.297710111482126,2.0422297382,5
x265,360p,SnowMountain_360p,37,ultrafast,0.629332,4345.59,28.6466,40.9602,42.7074,30.295,22.6676411666667,0.133409330017761,0.584679705916667,12
x265,360p,SnowMountain_360p,37,veryfast,0.609509,4208.71,29.5654,40.5992,42.439,31.059613,85.9920893333333,0.453676364987495,2.60755072133333,6
x265,270p,SparksElevator_270p,22,fast,1.521377,11818.41,41.5413,47.2511,45.6466,42.154744,74.3162508571429,0.488398246923358,2.71853064028571,7
x265,270p,SparksElevator_270p,22,faster,1.521194,11816.99,41.5413,47.2511,45.6466,42.154744,73.5935738,0.31264834788177,2.7111560166,5
x265,270p,SparksElevator_270p,22,medium,1.523989,11838.7,41.5512,47.2495,45.6316,42.162369,78.9837,0.136057589870368,2.90457335675,4
x265,270p,SparksElevator_270p,22,superfast,1.524719,11844.37,41.5154,47.15,45.5672,42.1208,69.1850141666667,0.333129375722656,1.79486727533333,6
x265,270p,SparksElevator_270p,22,ultrafast,1.634877,12700.1,40.8658,47.0923,45.3315,41.534063,18.923951125,0.148062454225179,0.5086571549375,16
x265,270p,SparksElevator_270p,22,veryfast,1.521194,11816.99,41.5413,47.2511,45.6466,42.154744,74.4624196,0.268487556669392,2.7239994886,5
x265,270p,SparksElevator_270p,27,fast,0.938807,7292.87,37.7529,44.9852,43.2324,38.547387,64.49273,0.165878852032138,2.3481392626,5
x265,270p,SparksElevator_270p,27,faster,0.938625,7291.46,37.7529,44.9852,43.2324,38.547387,64.3971496,0.245410917170162,2.3480602352,5
x265,270p,SparksElevator_270p,27,medium,0.938078,7287.21,37.7633,44.9666,43.229,38.555112,68.873701,0.201305829504513,2.52211874,5
x265,270p,SparksElevator_270p,27,superfast,0.939171,7295.7,37.6935,44.9395,43.162,38.488156,59.7034978,0.247655597612289,1.5550382352,5
x265,270p,SparksElevator_270p,27,ultrafast,0.995314,7731.83,37.1099,45.1766,43.143,37.991138,16.1339022,0.089135869033259,0.426698163933333,15
x265,270p,SparksElevator_270p,27,veryfast,0.938625,7291.46,37.7529,44.9852,43.2324,38.547387,64.499794,0.024097993339695,2.346023306,3
x265,270p,SparksElevator_270p,32,fast,0.565799,4395.26,34.5162,43.2563,41.3077,35.486925,54.2128008,0.182804776201827,1.9983932196,5
x265,270p,SparksElevator_270p,32,faster,0.565618,4393.85,34.5162,43.2563,41.3077,35.486925,54.2338903333333,0.252715398557086,2.00521406833333,6
x265,270p,SparksElevator_270p,32,medium,0.564099,4382.05,34.5179,43.2186,41.2876,35.4848,57.907603,0.213128171847365,2.1425477,5
x265,270p,SparksElevator_270p,32,superfast,0.563552,4377.8,34.4473,43.1722,41.2572,35.418225,50.6750968333333,0.527885371807147,1.30446592783333,12
x265,270p,SparksElevator_270p,32,ultrafast,0.584697,4542.06,33.9168,43.6306,41.4232,34.993063,13.65439128,0.187633231551059,0.35907679524,25
x265,270p,SparksElevator_270p,32,veryfast,0.565618,4393.85,34.5162,43.2563,41.3077,35.486925,54.394468,0.120222126158208,2.00190913225,4
x265,270p,SparksElevator_270p,37,fast,0.360673,2801.79,31.7506,41.8176,39.7676,32.88085,46.8773822857143,0.268524730432622,1.6807418605,14
x265,270p,SparksElevator_270p,37,faster,0.360491,2800.38,31.7506,41.8176,39.7676,32.88085,46.5925926,0.199252721586933,1.6887880624,5
x265,270p,SparksElevator_270p,37,medium,0.358729,2786.69,31.7535,41.7605,39.7753,32.8803,49.2715292,0.195084356095511,1.8014819184,5
x265,270p,SparksElevator_270p,37,superfast,0.357999,2781.02,31.6977,41.749,39.72,32.8273,43.8841886153846,0.228234614187002,1.10073830453846,13
x265,270p,SparksElevator_270p,37,ultrafast,0.364745,2833.42,31.2555,42.2821,40.0366,32.493481,11.832438375,0.126837607026298,0.307369329375,24
x265,270p,SparksElevator_270p,37,veryfast,0.360491,2800.38,31.7506,41.8176,39.7676,32.88085,46.6682032,0.217037321665422,1.6851276146,5
x265,360p,SpeedBag_360p,22,fast,0.435738,3008.81,45.9334,47.9638,49.4294,46.2788,85.4410145,0.399014013698642,2.55017043816667,6
x265,360p,SpeedBag_360p,22,faster,0.435637,3008.11,45.9334,47.9638,49.4294,46.2788,86.0816076666667,0.43765340337928,2.565288956,6
x265,360p,SpeedBag_360p,22,medium,0.43305,2990.25,45.9395,47.9584,49.4294,46.2838,89.4182283333333,0.502342262530903,2.68485694633333,6
x265,360p,SpeedBag_360p,22,superfast,0.43231,2985.14,45.8515,47.89,49.3391,46.196881,81.56995025,0.129867341394658,1.97383299025,4
x265,360p,SpeedBag_360p,22,ultrafast,0.503808,3478.84,45.0378,47.8252,49.33,45.480275,22.64377925,0.100244383950091,0.5724503638125,16
x265,360p,SpeedBag_360p,22,veryfast,0.435637,3008.11,45.9334,47.9638,49.4294,46.2788,86.2418345,0.26746114675201,2.56054018866667,6
x265,360p,SpeedBag_360p,27,fast,0.290156,2003.55,43.2473,45.5365,47.3463,43.646563,73.8183658,0.286382492800625,2.1453970072,5
x265,360p,SpeedBag_360p,27,faster,0.290056,2002.86,43.2473,45.5365,47.3463,43.646563,73.9982176,0.444804147393784,2.1451222884,10
x265,360p,SpeedBag_360p,27,medium,0.288073,1989.17,43.2548,45.5406,47.363,43.654425,76.8395958333333,0.341332770971916,2.25308148933333,6
x265,360p,SpeedBag_360p,27,superfast,0.289148,1996.59,43.1374,45.4882,47.3041,43.544744,70.5825578,0.233998706401766,1.7146415052,5
x265,360p,SpeedBag_360p,27,ultrafast,0.320697,2214.44,42.1138,45.6465,47.4389,42.667413,20.2285411333333,0.118416822251418,0.5055807456,15
x265,360p,SpeedBag_360p,27,veryfast,0.290056,2002.86,43.2473,45.5365,47.3463,43.646563,74.2472826,0.176470713351536,2.1302678916,5
x265,360p,SpeedBag_360p,32,fast,0.199776,1379.47,40.2246,43.4425,45.4918,40.754919,65.5425831428571,0.244696231747684,1.83967287957143,14
x265,360p,SpeedBag_360p,32,faster,0.199676,1378.78,40.2246,43.4425,45.4918,40.754919,65.5770558461539,0.212941640064771,1.83937385523077,13
x265,360p,SpeedBag_360p,32,medium,0.199877,1380.17,40.2344,43.4451,45.4354,40.760131,67.489024,0.271085006227751,1.8998173256,5
x265,360p,SpeedBag_360p,32,superfast,0.198668,1371.82,40.1283,43.4084,45.3747,40.661206,62.759970875,0.493296543093629,1.51162331575,8
x265,360p,SpeedBag_360p,32,ultrafast,0.210763,1455.34,39.2692,43.618,45.6184,39.937825,18.4029476666667,0.165551246662979,0.460026741066667,15
x265,360p,SpeedBag_360p,32,veryfast,0.199676,1378.78,40.2246,43.4425,45.4918,40.754919,65.4779816666667,0.39654187451737,1.83665493511111,9
x265,360p,SpeedBag_360p,37,fast,0.148808,1027.53,37.3904,41.9641,44.0101,38.089987,59.4950433571429,0.22966251087113,1.63414481685714,14
x265,360p,SpeedBag_360p,37,faster,0.148706,1026.83,37.3904,41.9641,44.0101,38.089987,59.2537749166667,0.226203822136529,1.63097639733333,12
x265,360p,SpeedBag_360p,37,medium,0.14911,1029.62,37.4,41.9499,44.041,38.099431,60.9182759166667,0.320663662021144,1.691215402,12
x265,360p,SpeedBag_360p,37,superfast,0.148841,1027.76,37.3223,41.8958,43.8737,38.017606,56.657102,0.463417928647296,1.36526385933333,9
x265,360p,SpeedBag_360p,37,ultrafast,0.154687,1068.13,36.6835,42.0884,44.1451,37.487656,16.9999171428571,0.076664236764917,0.417617015071429,14
x265,360p,SpeedBag_360p,37,veryfast,0.148706,1026.83,37.3904,41.9641,44.0101,38.089987,59.0365127,0.313615704112197,1.6162703548,10
x265,360p,Stockholm_360p,22,fast,1.763396,24352.84,41.3735,43.8453,43.7099,41.674012,136.301775,0.118032678740536,4.2619706165,4
x265,360p,Stockholm_360p,22,faster,1.763294,24351.43,41.3735,43.8453,43.7099,41.674012,137.2416772,0.280007438944397,4.2537582276,5
x265,360p,Stockholm_360p,22,medium,1.766028,24389.18,41.3891,43.8493,43.7087,41.687838,144.863338,0.110534071312876,4.53298703933333,3
x265,360p,Stockholm_360p,22,superfast,1.763396,24352.84,41.3469,43.8028,43.6665,41.645369,127.0765304,0.518900525598404,3.319408134,5
x265,360p,Stockholm_360p,22,ultrafast,1.954723,26995.1,40.6159,43.5579,43.4666,40.977944,36.0450455384615,0.531597415239031,0.984087287076923,26
x265,360p,Stockholm_360p,22,veryfast,1.763294,24351.43,41.3735,43.8453,43.7099,41.674012,137.097237444444,1.04460181058778,4.27376239977778,9
x265,360p,Stockholm_360p,27,fast,1.093788,15105.42,37.5098,41.0651,40.9786,37.948806,117.22287475,0.071467781017626,3.72943393125,4
x265,360p,Stockholm_360p,27,faster,1.093685,15104,37.5098,41.0651,40.9786,37.948806,117.036346,0.309146713399965,3.7208206484,5
x265,360p,Stockholm_360p,27,medium,1.093651,15103.53,37.5168,41.0528,40.9749,37.953931,124.8072122,0.382709372755228,3.9690861036,5
x265,360p,Stockholm_360p,27,superfast,1.089721,15049.25,37.4354,41.0093,40.9322,37.877319,109.722537833333,0.504312197936721,2.81977884533333,6
x265,360p,Stockholm_360p,27,ultrafast,1.211564,16731.93,36.6571,40.9842,40.946,37.1956,30.826211,0.399205904498096,0.823311473933333,15
x265,360p,Stockholm_360p,27,veryfast,1.093685,15104,37.5098,41.0651,40.9786,37.948806,116.928839,0.033416563018958,3.684909008,3
x265,360p,Stockholm_360p,32,fast,0.654024,9032.19,33.8724,39.0399,38.968,34.513844,100.162097,0.113798315292158,3.132756145,4
x265,360p,Stockholm_360p,32,faster,0.653921,9030.78,33.8724,39.0399,38.968,34.513844,100.134815,0.150766124470983,3.124555536,4
x265,360p,Stockholm_360p,32,medium,0.654399,9037.38,33.8759,39.025,38.9621,34.515606,106.3411584,0.241831562857912,3.3235345462,5
x265,360p,Stockholm_360p,32,superfast,0.65457,9039.74,33.7905,39.0099,38.8937,34.435662,94.1312693333333,0.507103280546938,2.37906027566667,6
x265,360p,Stockholm_360p,32,ultrafast,0.705324,9740.66,32.9956,39.1802,39.0886,33.76295,26.5787589583333,0.144774333191043,0.684427430541667,24
x265,360p,Stockholm_360p,32,veryfast,0.653921,9030.78,33.8724,39.0399,38.968,34.513844,99.8655522,0.374642447656028,3.1370907542,5
x265,360p,Stockholm_360p,37,fast,0.384225,5306.22,30.5747,37.6975,37.5651,31.456775,84.4209016,0.301869797984661,2.6034020828,5
x265,360p,Stockholm_360p,37,faster,0.384123,5304.81,30.5747,37.6975,37.5651,31.456775,84.80776625,0.106983021009177,2.598191356,4
x265,360p,Stockholm_360p,37,medium,0.381833,5273.18,30.5816,37.6668,37.5324,31.45885,89.6947044,0.338815143412009,2.7520874178,5
x265,360p,Stockholm_360p,37,superfast,0.381901,5274.13,30.5221,37.6593,37.4954,31.404006,79.9362576666667,0.38118001261801,1.99871058566667,6
x265,360p,Stockholm_360p,37,ultrafast,0.395094,5456.32,29.8584,37.9293,37.8258,30.860794,22.6106466785714,0.411720229833592,0.585231664071429,28
x265,360p,Stockholm_360p,37,veryfast,0.384123,5304.81,30.5747,37.6975,37.5651,31.456775,84.8528102,0.360203418309294,2.612387081,5
x265,4K,Tango_4k,22,fast,0.38639,192100.22,41.9514,48.8695,47.6113,42.737525,4144.52858385714,13.0146441118581,99.2596142918572,7
x265,4K,Tango_4k,22,faster,0.386387,192098.81,41.9514,48.8695,47.6113,42.737525,4148.299154,1.04775931759493,99.4719509683333,3
x265,4K,Tango_4k,22,medium,0.386117,191964.77,41.9535,48.8648,47.6062,42.73875,4471.838497375,20.8447189348569,107.304378055125,8
x265,4K,Tango_4k,22,superfast,0.385884,191848.66,41.9379,48.8111,47.5514,42.718319,3904.31892325,6.76573086330351,93.119614327,4
x265,4K,Tango_4k,22,ultrafast,0.393674,195721.42,41.8853,48.9071,47.6588,42.685006,1030.554416,4.16872733997293,24.5371759687778,9
x265,4K,Tango_4k,22,veryfast,0.386387,192098.81,41.9514,48.8695,47.6113,42.737525,4155.0262284,15.1323447730709,99.4806288486,5
x265,4K,Tango_4k,27,fast,0.125645,62466.37,40.3413,47.6918,46.0136,41.155225,3135.80739,25.0170462824133,72.6644180762,10
x265,4K,Tango_4k,27,faster,0.125642,62464.95,40.3413,47.6918,46.0136,41.155225,3132.1356584,7.97616301509399,72.4014359664,5
x265,4K,Tango_4k,27,medium,0.125058,62174.68,40.344,47.7,46.0251,41.158819,3362.7715796,8.2938312069031,77.601768756,5
x265,4K,Tango_4k,27,superfast,0.125394,62341.76,40.3228,47.6872,46.0002,41.137912,2947.30947142857,6.05325823935509,68.1025777688572,7
x265,4K,Tango_4k,27,ultrafast,0.127154,63216.85,40.2881,47.7293,46.0278,41.111906,774.560284181818,6.80520930245805,17.7887242705455,11
x265,4K,Tango_4k,27,veryfast,0.125642,62464.95,40.3413,47.6918,46.0136,41.155225,3116.3827082,7.89862140233909,72.3953168438,5
x265,4K,Tango_4k,32,fast,0.063445,31542.82,39.4054,46.3623,44.4371,40.154688,2555.26920025,1.23494934514265,58.057777569,4
x265,4K,Tango_4k,32,faster,0.063442,31541.4,39.4054,46.3623,44.4371,40.154688,2532.4118766,4.89960062062678,57.8266258116,5
x265,4K,Tango_4k,32,medium,0.063316,31478.62,39.4101,46.3673,44.4441,40.15955,2696.2176336,12.9808812144702,61.3365861762,5
x265,4K,Tango_4k,32,superfast,0.063718,31678.28,39.3899,46.3662,44.4375,40.141394,2449.989935,10.3241315438541,55.7340343917143,7
x265,4K,Tango_4k,32,ultrafast,0.064647,32140.37,39.3442,46.3969,44.4555,40.10445,652.048677666667,5.22989012840048,14.7286071596667,9
x265,4K,Tango_4k,32,veryfast,0.063442,31541.4,39.4054,46.3623,44.4371,40.154688,2536.75966271429,16.3961270354491,57.9051943164286,7
x265,4K,Tango_4k,37,fast,0.038213,18998,38.2195,45.1105,43.1052,38.955544,2249.6185878,9.11312937503908,50.9410500273,10
x265,4K,Tango_4k,37,faster,0.03821,18996.58,38.2195,45.1105,43.1052,38.955544,2258.992276,5.82845907798965,50.8478664804,5
x265,4K,Tango_4k,37,medium,0.038108,18946.08,38.2247,45.1222,43.1025,38.960656,2343.8061092,5.41635478409859,53.1965876884,5
x265,4K,Tango_4k,37,superfast,0.038522,19151.87,38.21,45.1352,43.1155,38.949419,2202.44210516667,5.32306354605366,49.4853884841667,6
x265,4K,Tango_4k,37,ultrafast,0.038897,19338.31,38.1581,45.1517,43.1149,38.905,608.481091363636,4.89915472177116,13.6142240805455,11
x265,4K,Tango_4k,37,veryfast,0.03821,18996.58,38.2195,45.1105,43.1052,38.955544,2253.38259833333,11.8511848888502,50.8582551463333,6
x265,4K,TimeLapse_4k,22,fast,0.5206,258824.98,44.3855,47.976,49.2342,44.91295,3503.8091944,13.445209541088,82.7872732542,5
x265,4K,TimeLapse_4k,22,faster,0.520597,258823.58,44.3855,47.976,49.2342,44.91295,3503.1119304,15.4511895715727,82.7114648638,5
x265,4K,TimeLapse_4k,22,medium,0.520061,258556.91,44.3916,47.9727,49.2309,44.917875,3689.82886133333,17.8219709515965,87.2231330025,6
x265,4K,TimeLapse_4k,22,superfast,0.520907,258977.45,44.3549,47.943,49.1747,44.880394,3341.84635416667,19.6138080309487,78.71227647075,12
x265,4K,TimeLapse_4k,22,ultrafast,0.538707,267827.44,44.104,47.9635,49.2402,44.666231,890.000518363636,8.62179702296208,21.1073825165455,11
x265,4K,TimeLapse_4k,22,veryfast,0.520597,258823.58,44.3855,47.976,49.2342,44.91295,3499.2123554,8.16125508348301,82.8899346236,5
x265,4K,TimeLapse_4k,27,fast,0.284991,141688.27,41.7916,45.5064,47.0631,42.353244,2943.1841524,7.13556637504857,68.2808085834,5
x265,4K,TimeLapse_4k,27,faster,0.284989,141686.86,41.7916,45.5064,47.0631,42.353244,2946.1936416,7.93722974859033,68.2748325782,5
x265,4K,TimeLapse_4k,27,medium,0.284741,141563.66,41.7963,45.5018,47.0548,42.35655,3099.8833728,12.8346715851372,71.6109436263,10
x265,4K,TimeLapse_4k,27,superfast,0.285048,141716.59,41.7486,45.4815,47.0332,42.312194,2826.10732833333,14.8890402259387,65.1559378373333,6
x265,4K,TimeLapse_4k,27,ultrafast,0.297357,147836.06,41.5425,45.6444,47.2812,42.157537,759.2269138,2.21469055940253,17.6434829968,5
x265,4K,TimeLapse_4k,27,veryfast,0.284989,141686.86,41.7916,45.5064,47.0631,42.353244,2949.256451,11.2391721950854,68.3475168532,5
x265,4K,TimeLapse_4k,32,fast,0.158005,78554.96,39.1579,43.4752,45.1316,39.801088,2543.0184412,5.85354168075271,58.133136705,5
x265,4K,TimeLapse_4k,32,faster,0.158002,78553.55,39.1579,43.4752,45.1316,39.801088,2544.56056325,3.18332484282355,58.21420205125,4
x265,4K,TimeLapse_4k,32,medium,0.157525,78316.13,39.161,43.4704,45.119,39.802713,2655.05219569231,7.18559163679994,60.8215755735385,13
x265,4K,TimeLapse_4k,32,superfast,0.158111,78607.35,39.1145,43.4609,45.1139,39.761112,2448.6708432,5.63396003002486,55.8727083604,5
x265,4K,TimeLapse_4k,32,ultrafast,0.164118,81594.17,38.8999,43.7221,45.4789,39.612475,682.480919166667,3.59783205094965,15.6015807946667,6
x265,4K,TimeLapse_4k,32,veryfast,0.158002,78553.55,39.1579,43.4752,45.1316,39.801088,2547.9900185,9.89238923725113,58.2021278376667,6
x265,4K,TimeLapse_4k,37,fast,0.085991,42751.88,36.5056,41.9883,43.6858,37.297031,2272.899558,14.2887741307168,51.7297373540769,13
x265,4K,TimeLapse_4k,37,faster,0.085988,42750.46,36.5056,41.9883,43.6858,37.297031,2280.0167218,7.54416165659265,51.6930870956,5
x265,4K,TimeLapse_4k,37,medium,0.085963,42737.71,36.5069,42.0001,43.6856,37.298894,2358.0084902,6.84598007489871,53.6509211598,5
x265,4K,TimeLapse_4k,37,superfast,0.086625,43067.17,36.4864,41.9736,43.671,37.278388,2198.19299066667,11.3460116497461,49.6823145651667,6
x265,4K,TimeLapse_4k,37,ultrafast,0.088646,44072.05,36.303,42.2687,44.0161,37.157925,628.03829375,1.41051505725967,14.25074850125,4
x265,4K,TimeLapse_4k,37,veryfast,0.085988,42750.46,36.5056,41.9883,43.6858,37.297031,2276.21539991667,5.12147279404944,51.6502951490833,12
x265,1080p,ToddlerFountain_2k,22,fast,1.271924,79044.73,41.8586,45.7318,43.6287,42.211306,1190.452458,1.10019282195895,29.046626393,4
x265,1080p,ToddlerFountain_2k,22,faster,1.271913,79044.03,41.8586,45.7318,43.6287,42.211306,1190.09056385714,6.7672296865558,29.0818813217143,7
x265,1080p,ToddlerFountain_2k,22,medium,1.271013,78988.11,41.8756,45.7222,43.6255,42.225381,1267.6119284,3.74703236170243,31.18828893,5
x265,1080p,ToddlerFountain_2k,22,superfast,1.271637,79026.86,41.806,45.6986,43.6101,42.162044,1125.38777416667,5.20412708849672,27.3578135346667,6
x265,1080p,ToddlerFountain_2k,22,ultrafast,1.330841,82706.15,41.2083,45.7572,43.5438,41.638575,308.136784166667,0.477383328736736,7.58278235816667,6
x265,1080p,ToddlerFountain_2k,22,veryfast,1.271913,79044.03,41.8586,45.7318,43.6287,42.211306,1190.31916766667,3.84429046456303,29.124338276,6
x265,1080p,ToddlerFountain_2k,27,fast,0.733017,45553.9,38.1071,44.0909,41.6248,38.700944,999.889146428571,4.85534194564169,24.0918762137143,7
x265,1080p,ToddlerFountain_2k,27,faster,0.733005,45553.2,38.1071,44.0909,41.6248,38.700944,997.0338976,3.36701327775631,24.0194325262,5
x265,1080p,ToddlerFountain_2k,27,medium,0.732875,45545.08,38.1176,44.0632,41.6179,38.707969,1068.49740175,1.73863803705973,25.707685388,4
x265,1080p,ToddlerFountain_2k,27,superfast,0.733222,45566.66,38.0311,44.0409,41.5994,38.629731,944.55736,3.37526109782273,22.589355044,5
x265,1080p,ToddlerFountain_2k,27,ultrafast,0.767317,47685.52,37.5387,44.4202,41.7321,38.230881,253.239077666667,0.148050817074183,6.14444163066667,3
x265,1080p,ToddlerFountain_2k,27,veryfast,0.733005,45553.2,38.1071,44.0909,41.6248,38.700944,997.7003026,2.59342571106458,24.0716131996,5
x265,1080p,ToddlerFountain_2k,32,fast,0.38836,24134.96,34.7133,42.7789,40.2853,35.56565,844.2154534,2.87331030792217,19.85745606,5
x265,1080p,ToddlerFountain_2k,32,faster,0.388349,24134.27,34.7133,42.7789,40.2853,35.56565,843.035466555556,2.31370328324232,19.7727038518889,9
x265,1080p,ToddlerFountain_2k,32,medium,0.387584,24086.71,34.721,42.7588,40.2712,35.57025,899.5500894,2.34280634876376,21.1141129288,5
x265,1080p,ToddlerFountain_2k,32,superfast,0.387804,24100.39,34.6506,42.6912,40.244,35.502725,799.9762232,1.3319939212546,18.7488885496,5
x265,1080p,ToddlerFountain_2k,32,ultrafast,0.40031,24877.59,34.2153,43.2405,40.5023,35.172312,215.694516,0.922946553919348,5.0927122485,6
x265,1080p,ToddlerFountain_2k,32,veryfast,0.388349,24134.27,34.7133,42.7789,40.2853,35.56565,840.2049656,1.53581388671359,19.7591542098,5
x265,1080p,ToddlerFountain_2k,37,fast,0.192982,11993.01,31.8162,41.8584,39.4488,32.920875,710.9292255,1.17000063953102,16.37545245275,4
x265,1080p,ToddlerFountain_2k,37,faster,0.192971,11992.31,31.8162,41.8584,39.4488,32.920875,710.9214348,2.82111026924378,16.3749748642,5
x265,1080p,ToddlerFountain_2k,37,medium,0.192829,11983.5,31.8182,41.8337,39.4301,32.919913,752.06716625,1.10560778399798,17.32167280325,4
x265,1080p,ToddlerFountain_2k,37,superfast,0.193019,11995.33,31.7834,41.7542,39.3985,32.882519,677.7303328,2.02281333236082,15.6142880076,5
x265,1080p,ToddlerFountain_2k,37,ultrafast,0.195464,12147.29,31.4674,42.2666,39.6447,32.653431,187.796028,1.0930409838963,4.33830552257143,7
x265,1080p,ToddlerFountain_2k,37,veryfast,0.192971,11992.31,31.8162,41.8584,39.4488,32.920875,711.6492524,2.2310370109294,16.3999867792,5
x265,360p,TouchdownPass_360p,22,fast,1.53165,10576.18,40.913,46.4639,46.8516,41.631094,137.3978534,0.520176538228417,4.0709371422,5
x265,360p,TouchdownPass_360p,22,faster,1.53155,10575.49,40.913,46.4639,46.8516,41.631094,138.5461294,0.292942408517101,4.075335222,5
x265,360p,TouchdownPass_360p,22,medium,1.537665,10617.71,40.9395,46.4516,46.8435,41.653006,148.8947966,0.275289818995,4.384463254,5
x265,360p,TouchdownPass_360p,22,superfast,1.532054,10578.97,40.868,46.386,46.7789,41.582306,128.192156,0.058688122043562,3.24371781466667,3
x265,360p,TouchdownPass_360p,22,ultrafast,1.64602,11365.91,40.2704,46.1492,46.4319,41.022919,34.8573391785714,0.472011516035915,0.915117040285714,28
x265,360p,TouchdownPass_360p,22,veryfast,1.53155,10575.49,40.913,46.4639,46.8516,41.631094,137.9340102,0.544572451976043,4.0860734402,5
x265,360p,TouchdownPass_360p,27,fast,0.819567,5659.18,37.0326,44.2161,44.724,37.962281,116.7914608,0.342116087979943,3.3752349086,5
x265,360p,TouchdownPass_360p,27,faster,0.819465,5658.48,37.0326,44.2161,44.724,37.962281,116.736273666667,0.096949703111115,3.43046730466667,3
x265,360p,TouchdownPass_360p,27,medium,0.821448,5672.17,37.0364,44.2291,44.7154,37.965881,125.92107975,0.11828101968159,3.64813809975,4
x265,360p,TouchdownPass_360p,27,superfast,0.823698,5687.71,36.9711,44.1965,44.6774,37.904331,108.5135286,0.194824729828633,2.7156856652,5
x265,360p,TouchdownPass_360p,27,ultrafast,0.914986,6318.06,36.4678,44.1196,44.3812,37.440625,28.6139201666667,0.125873836014347,0.749313353166667,6
x265,360p,TouchdownPass_360p,27,veryfast,0.819465,5658.48,37.0326,44.2161,44.724,37.962281,116.9694125,0.237417181917541,3.37539446675,4
x265,360p,TouchdownPass_360p,32,fast,0.407582,2814.39,34.0848,42.4259,42.7683,35.148837,94.60774425,0.139311133899089,2.7106000235,4
x265,360p,TouchdownPass_360p,32,faster,0.407482,2813.7,34.0848,42.4259,42.7683,35.148837,94.802956,0.31689729641794,2.7471075096,5
x265,360p,TouchdownPass_360p,32,medium,0.409463,2827.38,34.0889,42.3928,42.7501,35.149219,101.7457114,0.425119151938959,2.8965881744,5
x265,360p,TouchdownPass_360p,32,superfast,0.407179,2811.61,34.0378,42.3984,42.7165,35.102756,87.9623706666667,0.504469311316225,2.18142412633333,6
x265,360p,TouchdownPass_360p,32,ultrafast,0.456905,3154.97,33.441,42.4788,42.5401,34.574556,23.9484125833333,0.251983266331563,0.600177549541667,24
x265,360p,TouchdownPass_360p,32,veryfast,0.407482,2813.7,34.0848,42.4259,42.7683,35.148837,94.199573,0.135451988064652,2.69497379075,4
x265,360p,TouchdownPass_360p,37,fast,0.228739,1579.46,31.8236,41.0047,41.0583,32.974587,77.6487371666667,0.46007846797233,2.20113397933333,6
x265,360p,TouchdownPass_360p,37,faster,0.228637,1578.76,31.8236,41.0047,41.0583,32.974587,77.9468321666667,0.348953149614911,2.1851012655,6
x265,360p,TouchdownPass_360p,37,medium,0.2282,1575.74,31.8244,40.9842,41.0196,32.971587,82.2193247142857,0.498402007967368,2.32095181757143,7
x265,360p,TouchdownPass_360p,37,superfast,0.228739,1579.46,31.7867,40.9629,41.0144,32.936944,72.856759,0.26866101874202,1.775171649,5
x265,360p,TouchdownPass_360p,37,ultrafast,0.247788,1711,31.1016,41.1874,40.9232,32.345813,20.5135583333333,0.147077568199624,0.5058383885,12
x265,360p,TouchdownPass_360p,37,veryfast,0.228637,1578.76,31.8236,41.0047,41.0583,32.974587,77.551193,0.43117955985954,2.18213076085714,7
x265,1080p,TreesAndGrass_2k,22,fast,2.555494,158972.17,41.4244,43.5464,45.4784,41.8104,1285.8920086,3.17591116586135,32.265887478,5
x265,1080p,TreesAndGrass_2k,22,faster,2.555482,158971.45,41.4244,43.5464,45.4784,41.8104,1283.3225815,2.2479551563547,32.11880397725,4
x265,1080p,TreesAndGrass_2k,22,medium,2.55799,159127.44,41.4671,43.5364,45.464,41.846238,1385.380643,4.99332929452471,34.7575453828571,7
x265,1080p,TreesAndGrass_2k,22,superfast,2.552732,158800.33,41.3757,43.5197,45.4418,41.763831,1213.4855776,5.20585160982335,29.9774338468,5
x265,1080p,TreesAndGrass_2k,22,ultrafast,2.660918,165530.41,40.6426,43.4091,45.4643,41.116862,334.621449,0.626615048331643,8.46087234271429,7
x265,1080p,TreesAndGrass_2k,22,veryfast,2.555482,158971.45,41.4244,43.5464,45.4784,41.8104,1288.28283475,0.461239665014748,32.23254870325,4
x265,1080p,TreesAndGrass_2k,27,fast,1.77059,110144.88,36.9073,40.3987,43.1608,37.516356,1167.4564228,3.12017315578434,28.725382708,5
x265,1080p,TreesAndGrass_2k,27,faster,1.770579,110144.16,36.9073,40.3987,43.1608,37.516356,1163.8925896,5.34344784905096,28.7956979706,5
x265,1080p,TreesAndGrass_2k,27,medium,1.771671,110212.09,36.9336,40.3867,43.1486,37.537856,1250.953365,2.79018410888287,30.9808784272,5
x265,1080p,TreesAndGrass_2k,27,superfast,1.768202,109996.33,36.8507,40.376,43.1192,37.462812,1104.235088,1.15955374295085,26.81986839725,4
x265,1080p,TreesAndGrass_2k,27,ultrafast,1.839626,114439.45,36.2792,40.374,43.2565,36.971206,297.011698375,2.29234400195582,7.385966707375,8
x265,1080p,TreesAndGrass_2k,27,veryfast,1.770579,110144.16,36.9073,40.3987,43.1608,37.516356,1162.2068785,2.28537343991896,28.76866616,4
x265,1080p,TreesAndGrass_2k,32,fast,1.138958,70852.33,32.5393,38.0082,41.4146,33.435812,1029.6714606,1.6939479138692,25.0769900494,5
x265,1080p,TreesAndGrass_2k,32,faster,1.138947,70851.61,32.5393,38.0082,41.4146,33.435812,1029.442726,3.63766796592941,25.1221728882,5
x265,1080p,TreesAndGrass_2k,32,medium,1.139718,70899.6,32.5552,37.9974,41.3998,33.448125,1111.3762145,1.87047726069017,27.05337674125,4
x265,1080p,TreesAndGrass_2k,32,superfast,1.137766,70778.16,32.4758,38.0007,41.3804,33.377644,972.938128666667,2.34681470465166,23.476016591,9
x265,1080p,TreesAndGrass_2k,32,ultrafast,1.173661,73011.12,32.0103,38.1195,41.6563,32.995,259.366787666667,1.32728565988662,6.339383249,6
x265,1080p,TreesAndGrass_2k,32,veryfast,1.138947,70851.61,32.5393,38.0082,41.4146,33.435812,1031.49927166667,0.797963576196516,25.1894571003333,3
x265,1080p,TreesAndGrass_2k,37,fast,0.666427,41457.12,28.6077,36.3076,40.1739,29.811831,905.2366838,3.29055677033412,21.6557955068,5
x265,1080p,TreesAndGrass_2k,37,faster,0.666416,41456.4,28.6077,36.3076,40.1739,29.811831,910.226149,2.70197238907432,21.6308241182,5
x265,1080p,TreesAndGrass_2k,37,medium,0.665999,41430.48,28.6137,36.2961,40.1583,29.815388,970.9917034,3.17161366780686,23.2111910634,5
x265,1080p,TreesAndGrass_2k,37,superfast,0.665424,41394.72,28.5438,36.3018,40.1319,29.752931,855.61455425,0.241108051659244,20.2951543735,4
x265,1080p,TreesAndGrass_2k,37,ultrafast,0.678538,42210.48,28.1874,36.4808,40.4977,29.475131,226.5342588,0.721716930654741,5.4438611168,5
x265,1080p,TreesAndGrass_2k,37,veryfast,0.666416,41456.4,28.6077,36.3076,40.1739,29.811831,909.1603558,2.53855525778615,21.6022832918,5
x265,1080p,TunnelFlag_2k,22,fast,0.76242,94762.5,42.9314,45.5066,46.8435,43.336856,995.6775042,1.86390368522349,23.8890885364,5
x265,1080p,TunnelFlag_2k,22,faster,0.762409,94761.09,42.9314,45.5066,46.8435,43.336856,991.58939525,2.13855726292897,23.8881035035,4
x265,1080p,TunnelFlag_2k,22,medium,0.762713,94798.85,42.9343,45.5059,46.8461,43.339512,1040.2859604,4.22816261463497,24.978756208,5
x265,1080p,TunnelFlag_2k,22,superfast,0.762663,94792.71,42.8495,45.4092,46.6983,43.250031,944.7285235,0.949281790250046,22.69839236675,4
x265,1080p,TunnelFlag_2k,22,ultrafast,0.835625,103861.25,42.6345,45.3292,46.6583,43.054406,250.741248125,0.890666049910713,6.1195612555,8
x265,1080p,TunnelFlag_2k,22,veryfast,0.762409,94761.09,42.9314,45.5066,46.8435,43.336856,990.309466333333,2.86574224566752,23.8482130369167,12
x265,1080p,TunnelFlag_2k,27,fast,0.447621,55635.59,39.9534,42.6912,44.1632,40.387625,832.5102834,1.84087786550108,19.7203610436,5
x265,1080p,TunnelFlag_2k,27,faster,0.44761,55634.17,39.9534,42.6912,44.1632,40.387625,832.9483924,3.57900982596036,19.6778943428,5
x265,1080p,TunnelFlag_2k,27,medium,0.447655,55639.84,39.9547,42.6913,44.1611,40.388638,865.7844534,3.59171643851896,20.5082836784,5
x265,1080p,TunnelFlag_2k,27,superfast,0.449406,55857.43,39.8325,42.6178,44.0516,40.270275,803.82094,1.74101009663835,18.99908269725,4
x265,1080p,TunnelFlag_2k,27,ultrafast,0.50894,63256.97,39.6373,42.6922,44.2064,40.1138,216.206152333333,0.0710841994703,5.13740214833333,3
x265,1080p,TunnelFlag_2k,27,veryfast,0.44761,55634.17,39.9534,42.6912,44.1632,40.387625,831.740266,1.63784157118447,19.683591452,5
x265,1080p,TunnelFlag_2k,32,fast,0.25852,32131.87,37.0065,40.3814,41.8493,37.520106,707.2346274,1.84275542227497,16.4677582778,5
x265,1080p,TunnelFlag_2k,32,faster,0.258508,32130.46,37.0065,40.3814,41.8493,37.520106,707.8428778,0.181655297735023,16.4290192892,5
x265,1080p,TunnelFlag_2k,32,medium,0.258808,32167.74,37.0006,40.3598,41.8397,37.512994,732.53882,1.13525329074793,17.09138496825,4
x265,1080p,TunnelFlag_2k,32,superfast,0.259321,32231.46,36.8727,40.3201,41.7799,37.394863,682.801499,2.34860110558881,15.8534201242,5
x265,1080p,TunnelFlag_2k,32,ultrafast,0.300631,37365.88,36.5787,40.5911,42.125,37.176119,191.3943465,1.09251782425272,4.48026109966667,6
x265,1080p,TunnelFlag_2k,32,veryfast,0.258508,32130.46,37.0065,40.3814,41.8493,37.520106,706.4516704,2.10666861662016,16.4662031732,5
x265,1080p,TunnelFlag_2k,37,fast,0.153967,19136.77,34.199,38.7615,40.1507,34.856137,617.9340386,2.61450415651062,14.2649788304,5
x265,1080p,TunnelFlag_2k,37,faster,0.153955,19135.35,34.199,38.7615,40.1507,34.856137,619.9399782,1.88540768491278,14.2546986831,10
x265,1080p,TunnelFlag_2k,37,medium,0.153575,19088.15,34.202,38.745,40.1425,34.857219,637.4271276,2.38318772605355,14.6689259418,5
x265,1080p,TunnelFlag_2k,37,superfast,0.154396,19190.11,34.0885,38.736,40.1421,34.757319,600.3569472,2.56563266868734,13.8186540932,5
x265,1080p,TunnelFlag_2k,37,ultrafast,0.178612,22200.05,33.6965,39.1154,40.557,34.463963,171.8612666,0.696089299647179,3.9825862654,5
x265,1080p,TunnelFlag_2k,37,veryfast,0.153955,19135.35,34.199,38.7615,40.1507,34.856137,617.919487,1.85819918680062,14.2274069848,5
x265,270p,Vertical_Bayshore_270p,22,fast,1.111466,4317.06,43.4567,51.0706,51.023,44.405462,55.649424,0.307015534571787,2.42362110216667,6
x265,270p,Vertical_Bayshore_270p,22,faster,1.111286,4316.36,43.4567,51.0706,51.023,44.405462,56.1193266,0.478204595043493,2.4233595014,10
x265,270p,Vertical_Bayshore_270p,22,medium,1.115825,4333.99,43.4828,51.0025,50.9383,44.41875,59.3018045833333,0.607600288343109,2.56612916016667,12
x265,270p,Vertical_Bayshore_270p,22,superfast,1.110988,4315.2,43.3962,50.8543,50.7325,44.32085,52.3576430909091,0.191333192335493,1.45845873190909,11
x265,270p,Vertical_Bayshore_270p,22,ultrafast,1.189773,4621.21,42.4709,51.6099,51.245,43.590469,15.1630415454545,0.053632575402201,0.444708599272727,11
x265,270p,Vertical_Bayshore_270p,22,veryfast,1.111286,4316.36,43.4567,51.0706,51.023,44.405462,55.1844898,0.233896129764261,2.4309882342,5
x265,270p,Vertical_Bayshore_270p,27,fast,0.723934,2811.84,39.4691,48.6411,48.5343,40.608925,50.4388078461539,0.542988474828249,2.09779737061538,13
x265,270p,Vertical_Bayshore_270p,27,faster,0.723754,2811.14,39.4691,48.6411,48.5343,40.608925,50.7154932307692,0.40436643915949,2.09894575584615,13
x265,270p,Vertical_Bayshore_270p,27,medium,0.727278,2824.83,39.4826,48.6591,48.4716,40.617944,53.1273054285714,0.26644021898721,2.23240743285714,7
x265,270p,Vertical_Bayshore_270p,27,superfast,0.72692,2823.44,39.3908,48.4608,48.3612,40.518325,45.9567548666667,0.566843027955065,1.2954113766,15
x265,270p,Vertical_Bayshore_270p,27,ultrafast,0.760727,2954.75,38.7061,49.0285,48.7802,39.980881,13.3968816666667,0.054914126123907,0.389282213133333,15
x265,270p,Vertical_Bayshore_270p,27,veryfast,0.723754,2811.14,39.4691,48.6411,48.5343,40.608925,51.4520199444444,0.735955198382225,2.09861504977778,15
x265,270p,Vertical_Bayshore_270p,32,fast,0.438363,1702.65,35.767,46.7631,46.5013,37.12515,44.6166633571429,0.522335549886441,1.81553942657143,14
x265,270p,Vertical_Bayshore_270p,32,faster,0.438183,1701.95,35.767,46.7631,46.5013,37.12515,45.6164375625,0.598509716822038,1.7806113544375,16
x265,270p,Vertical_Bayshore_270p,32,medium,0.435317,1690.82,35.7699,46.8605,46.487,37.132881,47.802195,0.16824101919211,1.8898355955,6
x265,270p,Vertical_Bayshore_270p,32,superfast,0.43681,1696.62,35.675,46.5514,46.2037,37.012819,41.2315765,0.394012860814466,1.126020671375,16
x265,270p,Vertical_Bayshore_270p,32,ultrafast,0.455685,1769.93,35.1937,46.9112,46.5348,36.634862,11.7683451875,0.095947150551554,0.3402750525,16
x265,270p,Vertical_Bayshore_270p,32,veryfast,0.438183,1701.95,35.767,46.7631,46.5013,37.12515,44.8943266470588,0.38398241429588,1.79284580782353,17
x265,270p,Vertical_Bayshore_270p,37,fast,0.261321,1015,32.7374,45.0015,44.8013,34.2579,38.875899875,0.503609022547833,1.5504882541875,16
x265,270p,Vertical_Bayshore_270p,37,faster,0.261141,1014.3,32.7374,45.0015,44.8013,34.2579,38.2288187857143,0.568206796154316,1.55435566839286,28
x265,270p,Vertical_Bayshore_270p,37,medium,0.261321,1015,32.745,44.9387,44.6941,34.253925,40.9515927692308,0.385275373050487,1.59755993061538,13
x265,270p,Vertical_Bayshore_270p,37,superfast,0.263352,1022.89,32.6939,44.7744,44.4883,34.186081,35.9427586666667,0.238662869957273,0.98149327925,12
x265,270p,Vertical_Bayshore_270p,37,ultrafast,0.270281,1049.8,32.3872,45.1263,44.8127,33.959987,10.5836345,0.057580649647323,0.300701998285714,14
x265,270p,Vertical_Bayshore_270p,37,veryfast,0.261141,1014.3,32.7374,45.0015,44.8013,34.2579,37.7544855,0.467035203492899,1.5521345675,14
x265,1080p,Vertical_Carnaby_2k,22,fast,0.219648,27300.48,48.1757,50.1936,50.1481,48.425094,704.1368202,2.1314836188767,16.348087348,5
x265,1080p,Vertical_Carnaby_2k,22,faster,0.219637,27299.06,48.1757,50.1936,50.1481,48.425094,705.5678145,3.47102968790103,16.392082969,6
x265,1080p,Vertical_Carnaby_2k,22,medium,0.219341,27262.25,48.1874,50.2256,50.1706,48.438737,725.996747384616,2.30026890645657,16.9460666233077,13
x265,1080p,Vertical_Carnaby_2k,22,superfast,0.219253,27251.39,48.0505,50.1379,50.096,48.308806,676.6959602,1.29745559725264,15.6514318038,5
x265,1080p,Vertical_Carnaby_2k,22,ultrafast,0.222895,27704.04,47.657,50.1918,50.1573,47.971694,189.953622111111,0.863472694831233,4.44722721155556,9
x265,1080p,Vertical_Carnaby_2k,22,veryfast,0.219637,27299.06,48.1757,50.1936,50.1481,48.425094,704.3472938,2.65902710079875,16.4028699868,5
x265,1080p,Vertical_Carnaby_2k,27,fast,0.12956,16103.22,45.7015,47.6343,47.5826,45.939869,624.3418706,0.79767657726882,14.4143955046,5
x265,1080p,Vertical_Carnaby_2k,27,faster,0.129549,16101.81,45.7015,47.6343,47.5826,45.939869,624.576384,0.179076573378541,14.44534371,3
x265,1080p,Vertical_Carnaby_2k,27,medium,0.129438,16088.12,45.7111,47.6555,47.5898,45.950044,645.0988488,2.37440557319357,14.891028117,5
x265,1080p,Vertical_Carnaby_2k,27,superfast,0.129416,16085.29,45.5998,47.6045,47.559,45.847544,606.5493815,3.50550816759589,13.8573769103333,6
x265,1080p,Vertical_Carnaby_2k,27,ultrafast,0.133035,16535.11,45.3431,47.6985,47.6657,45.635475,173.7817206,0.41074767112523,4.0117785174,5
x265,1080p,Vertical_Carnaby_2k,27,veryfast,0.129549,16101.81,45.7015,47.6343,47.5826,45.939869,627.705904875,4.26666873705773,14.485373032375,8
x265,1080p,Vertical_Carnaby_2k,32,fast,0.082714,10280.63,43.1843,45.3023,45.2645,43.446687,562.4445285,0.98040087945714,12.8701017055,4
x265,1080p,Vertical_Carnaby_2k,32,faster,0.082702,10279.22,43.1843,45.3023,45.2645,43.446687,562.5241094,1.55098526741288,12.8953111348,5
x265,1080p,Vertical_Carnaby_2k,32,medium,0.082406,10242.4,43.1891,45.3171,45.2753,43.452488,577.8976662,1.41789533269233,13.2597473088,5
x265,1080p,Vertical_Carnaby_2k,32,superfast,0.083242,10346.24,43.1085,45.2985,45.2497,43.3792,546.0929012,1.53825012696495,12.439296968,5
x265,1080p,Vertical_Carnaby_2k,32,ultrafast,0.085118,10579.41,42.9006,45.4216,45.4024,43.214525,161.191146,0.806978215665826,3.719353053,6
x265,1080p,Vertical_Carnaby_2k,32,veryfast,0.082702,10279.22,43.1843,45.3023,45.2645,43.446687,562.89008425,0.623301480374398,12.9145533515,4
x265,1080p,Vertical_Carnaby_2k,37,fast,0.056708,7048.38,40.468,43.4341,43.3815,40.835475,516.7928784,1.58437845847932,11.835460271,5
x265,1080p,Vertical_Carnaby_2k,37,faster,0.056697,7046.96,40.468,43.4341,43.3815,40.835475,517.242592666667,0.088593774410696,11.8257297643333,3
x265,1080p,Vertical_Carnaby_2k,37,medium,0.0565,7022.42,40.4825,43.4602,43.4096,40.85155,532.4311686,2.34724086259427,12.157232969,5
x265,1080p,Vertical_Carnaby_2k,37,superfast,0.05724,7114.46,40.4486,43.4469,43.3849,40.819513,503.107354285714,1.93305933803239,11.4068070304286,7
x265,1080p,Vertical_Carnaby_2k,37,ultrafast,0.057616,7161.18,40.286,43.5763,43.5338,40.694631,149.948425,0.928670589010621,3.45398447985714,7
x265,1080p,Vertical_Carnaby_2k,37,veryfast,0.056697,7046.96,40.468,43.4341,43.3815,40.835475,516.8110245,0.176408740904941,11.80604170125,4
x265,1080p,Vertical_bees_2k,22,fast,0.497234,30901.01,45.7923,47.9821,49.2538,46.145506,803.5241034,2.98699282065547,19.1030050354,5
x265,1080p,Vertical_bees_2k,22,faster,0.497223,30900.31,45.7923,47.9821,49.2538,46.145506,807.0637422,1.53564858788712,19.1255658512,5
x265,1080p,Vertical_bees_2k,22,medium,0.496667,30865.75,45.8055,47.9768,49.2514,46.156575,837.8503692,1.31236053328066,19.84446478,5
x265,1080p,Vertical_bees_2k,22,superfast,0.497619,30924.91,45.7096,47.9096,49.1557,46.062481,773.5510836,2.08850548771707,18.1709505244,5
x265,1080p,Vertical_bees_2k,22,ultrafast,0.525449,32654.47,45.3399,48.0898,49.2054,45.753362,211.0245634,1.03746846141206,4.9807158345,10
x265,1080p,Vertical_bees_2k,22,veryfast,0.497223,30900.31,45.7923,47.9821,49.2538,46.145506,806.1489612,2.23498568869953,19.0828868138,5
x265,1080p,Vertical_bees_2k,27,fast,0.31251,19421.19,42.9258,45.1964,46.8727,43.314394,713.5994794,3.0130510780047,16.7649052314,5
x265,1080p,Vertical_bees_2k,27,faster,0.312499,19420.49,42.9258,45.1964,46.8727,43.314394,716.129148666667,0.852751960094102,16.7526617566667,3
x265,1080p,Vertical_bees_2k,27,medium,0.311259,19343.46,42.9334,45.1955,46.8619,43.320312,744.86193925,1.24428423164923,17.47056082675,4
x265,1080p,Vertical_bees_2k,27,superfast,0.312727,19434.64,42.8149,45.1426,46.789,43.208762,687.2883528,1.03059346357582,15.9673550566,5
x265,1080p,Vertical_bees_2k,27,ultrafast,0.333595,20731.52,42.4608,45.4666,46.9439,42.928856,190.9144038,0.799026115848349,4.4849399388,5
x265,1080p,Vertical_bees_2k,27,veryfast,0.312499,19420.49,42.9258,45.1964,46.8727,43.314394,717.7492246,2.13691582500629,16.8298150332,5
x265,1080p,Vertical_bees_2k,32,fast,0.19664,12220.37,39.8411,42.5373,44.6061,40.307425,639.958323333333,0.115298627625542,14.8888002616667,3
x265,1080p,Vertical_bees_2k,32,faster,0.196629,12219.67,39.8411,42.5373,44.6061,40.307425,640.882711333333,1.57996971546664,14.892784818,9
x265,1080p,Vertical_bees_2k,32,medium,0.195957,12177.91,39.8507,42.5308,44.6057,40.315394,664.157551,3.50339345051497,15.4832871741667,6
x265,1080p,Vertical_bees_2k,32,superfast,0.197372,12265.84,39.7366,42.4985,44.551,40.210119,621.220168,3.97000688533198,14.3665946871429,7
x265,1080p,Vertical_bees_2k,32,ultrafast,0.209706,13032.37,39.3357,42.9718,44.8379,39.906844,178.602036125,0.903040091759012,4.133629935,8
x265,1080p,Vertical_bees_2k,32,veryfast,0.196629,12219.67,39.8411,42.5373,44.6061,40.307425,639.4296504,1.8058955842027,14.9206566754,5
x265,1080p,Vertical_bees_2k,37,fast,0.124363,7728.62,36.7087,40.3982,42.8326,37.322037,585.775742333333,0.120237215604543,13.5059616333333,3
x265,1080p,Vertical_bees_2k,37,faster,0.124351,7727.92,36.7087,40.3982,42.8326,37.322037,580.590689473684,5.59920108144135,13.4618631163684,19
x265,1080p,Vertical_bees_2k,37,medium,0.123885,7698.92,36.7156,40.3868,42.8189,37.326506,604.271062571429,3.56404045943981,13.9598101267143,7
x265,1080p,Vertical_bees_2k,37,superfast,0.125602,7805.64,36.6267,40.3828,42.8055,37.247631,565.4619558,2.15586082426364,12.9517459696,5
x265,1080p,Vertical_bees_2k,37,ultrafast,0.131747,8187.51,36.2356,40.874,43.131,36.956462,164.5794738,0.400862190671807,3.816425238,5
x265,1080p,Vertical_bees_2k,37,veryfast,0.124351,7727.92,36.7087,40.3982,42.8326,37.322037,584.2772215,2.55808097458691,13.4805223501667,6
x265,720p,Vidyo3_720p,22,fast,0.530773,29349.6,44.529,48.6419,48.3319,45.023738,364.43133375,0.107351751780071,8.95807558175,4
x265,720p,Vidyo3_720p,22,faster,0.530747,29348.16,44.529,48.6419,48.3319,45.023738,365.361410333333,0.098540268278168,8.92087608466667,3
x265,720p,Vidyo3_720p,22,medium,0.531285,29377.92,44.5319,48.6437,48.3284,45.026169,383.4423896,1.3788478436725,9.3654196094,5
x265,720p,Vidyo3_720p,22,superfast,0.532439,29441.76,44.4905,48.5633,48.2501,44.980025,347.2778344,0.524524789918265,8.2408759984,5
x265,720p,Vidyo3_720p,22,ultrafast,0.589722,32609.28,44.0874,48.7014,48.382,44.644188,95.4695376363636,0.401491944214644,2.28719487654545,11
x265,720p,Vidyo3_720p,22,veryfast,0.530747,29348.16,44.529,48.6419,48.3319,45.023738,365.13167,1.1283955580941,9.0125220886,5
x265,720p,Vidyo3_720p,27,fast,0.277023,15318.24,42.1771,46.9546,46.0558,42.718113,306.1069435,0.422301319973073,7.26874137475,4
x265,720p,Vidyo3_720p,27,faster,0.276997,15316.8,42.1771,46.9546,46.0558,42.718113,304.6758076,0.430645808861877,7.2768072948,5
x265,720p,Vidyo3_720p,27,medium,0.277153,15325.44,42.1775,46.9335,46.0496,42.716756,317.9379798,1.50049099146636,7.5769778928,5
x265,720p,Vidyo3_720p,27,superfast,0.27783,15362.88,42.1036,46.8812,46.0076,42.6462,294.3596714,1.2915398776396,6.8936215748,5
x265,720p,Vidyo3_720p,27,ultrafast,0.315243,17431.68,41.5627,47.2289,46.3125,42.2137,81.64786275,0.107951701837365,1.94170209925,4
x265,720p,Vidyo3_720p,27,veryfast,0.276997,15316.8,42.1771,46.9546,46.0558,42.718113,304.2214864,0.717671930346172,7.2570395716,5
x265,720p,Vidyo3_720p,32,fast,0.172648,9546.72,39.5066,45.4923,43.9919,40.161037,271.2904556,0.691437771848848,6.3413838168,5
x265,720p,Vidyo3_720p,32,faster,0.172622,9545.28,39.5066,45.4923,43.9919,40.161037,270.041457857143,1.1926215146253,6.33592885957143,7
x265,720p,Vidyo3_720p,32,medium,0.1725,9538.56,39.5069,45.5025,43.9519,40.159438,280.414321,0.576094527627628,6.5599443036,5
x265,720p,Vidyo3_720p,32,superfast,0.173568,9597.6,39.391,45.471,43.9824,40.057962,261.3708764,0.544279718218767,6.0774526468,5
x265,720p,Vidyo3_720p,32,ultrafast,0.19112,10568.16,38.7378,45.8115,44.3071,39.527988,74.0345654285714,0.422823268011927,1.75983672485714,7
x265,720p,Vidyo3_720p,32,veryfast,0.172622,9545.28,39.5066,45.4923,43.9919,40.161037,271.2808358,0.606749083343519,6.347065687,5
x265,720p,Vidyo3_720p,37,fast,0.112934,6244.8,36.5204,44.4819,42.4761,37.390225,247.0350124,1.03556694894888,5.7513193116,5
x265,720p,Vidyo3_720p,37,faster,0.112908,6243.36,36.5204,44.4819,42.4761,37.390225,247.3380022,0.784277337658178,5.7581651342,5
x265,720p,Vidyo3_720p,37,medium,0.112023,6194.4,36.5264,44.445,42.4675,37.392631,254.6053666,0.658742084032742,5.8790174734,5
x265,720p,Vidyo3_720p,37,superfast,0.112856,6240.48,36.3928,44.3551,42.4389,37.268325,238.0565442,0.9188600258966,5.469579595,5
x265,720p,Vidyo3_720p,37,ultrafast,0.119019,6581.28,35.765,44.632,42.7513,36.755831,68.9067086,0.153815235447598,1.628518656,5
x265,720p,Vidyo3_720p,37,veryfast,0.112908,6243.36,36.5204,44.4819,42.4761,37.390225,247.350492,0.546979546815784,5.71294010016667,6
x265,720p,Vidyo4_720p,22,fast,0.446762,24704.16,44.5777,48.8813,49.0556,45.126544,377.1328724,1.7808949837525,9.1930764442,5
x265,720p,Vidyo4_720p,22,faster,0.446736,24702.72,44.5777,48.8813,49.0556,45.126544,375.457364,1.30991278454312,9.0258865348,5
x265,720p,Vidyo4_720p,22,medium,0.445365,24626.88,44.5825,48.8751,49.0516,45.130106,395.1797746,1.48106805987277,9.500822351,5
x265,720p,Vidyo4_720p,22,superfast,0.447188,24727.68,44.526,48.7997,48.9621,45.070363,356.594537285714,2.28107901232441,8.45038904514286,7
x265,720p,Vidyo4_720p,22,ultrafast,0.490182,27105.12,44.1871,48.9932,49.1479,44.797531,95.9008348,0.263566387851882,2.3095564763,10
x265,720p,Vidyo4_720p,22,veryfast,0.446736,24702.72,44.5777,48.8813,49.0556,45.126544,375.9874284,0.813447608750127,9.0611358836,5
x265,720p,Vidyo4_720p,27,fast,0.255104,14106.24,42.0434,46.9533,47.1799,42.6713,322.0083188,0.884556138407111,7.65212779,5
x265,720p,Vidyo4_720p,27,faster,0.255078,14104.8,42.0434,46.9533,47.1799,42.6713,322.2550832,1.45901530659421,7.6032332844,5
x265,720p,Vidyo4_720p,27,medium,0.254418,14068.32,42.0456,46.9585,47.1561,42.672063,334.97056275,0.449557907837151,7.92542985975,4
x265,720p,Vidyo4_720p,27,superfast,0.255582,14132.64,41.9754,46.8946,47.0878,42.602375,306.5455166,0.410928474698822,7.131270291,5
x265,720p,Vidyo4_720p,27,ultrafast,0.281936,15589.92,41.6127,47.3052,47.4596,42.333912,83.5574764,0.158268331180941,1.9791329052,5
x265,720p,Vidyo4_720p,27,veryfast,0.255078,14104.8,42.0434,46.9533,47.1799,42.6713,320.8582238,0.58678618231746,7.5812511762,5
x265,720p,Vidyo4_720p,32,fast,0.152188,8415.36,39.4918,45.1549,45.1807,40.2013,281.579427142857,1.15610108253206,6.59981450885714,7
x265,720p,Vidyo4_720p,32,faster,0.152161,8413.92,39.4918,45.1549,45.1807,40.2013,280.2843898,0.559701698681717,6.5727440194,5
x265,720p,Vidyo4_720p,32,medium,0.15105,8352.48,39.4972,45.1195,45.1554,40.202231,292.318353666667,1.37687180518706,6.916788071,6
x265,720p,Vidyo4_720p,32,superfast,0.151866,8397.6,39.4165,45.0914,45.1274,40.128113,270.020142,0.045709876121031,6.242358986,3
x265,720p,Vidyo4_720p,32,ultrafast,0.166979,9233.28,39.0085,45.5782,45.5722,39.829337,75.2483676,0.325322841685456,1.7836107188,5
x265,720p,Vidyo4_720p,32,veryfast,0.152161,8413.92,39.4918,45.1549,45.1807,40.2013,280.6147964,0.864163684454108,6.5737120446,5
x265,720p,Vidyo4_720p,37,fast,0.095304,5269.92,36.951,43.6181,43.5257,37.778613,252.5447636,0.333146472877622,5.8754241524,5
x265,720p,Vidyo4_720p,37,faster,0.095278,5268.48,36.951,43.6181,43.5257,37.778613,252.2706556,0.639007771926367,5.8631056642,5
x265,720p,Vidyo4_720p,37,medium,0.094523,5226.72,36.9492,43.5918,43.5448,37.776587,262.7366198,0.704432638550131,6.0684751056,5
x265,720p,Vidyo4_720p,37,superfast,0.094957,5250.72,36.8869,43.5998,43.5135,37.720619,242.5709612,0.622515750273597,5.5670900094,5
x265,720p,Vidyo4_720p,37,ultrafast,0.102378,5661.12,36.4699,44.0447,44.0035,37.414175,69.740703,0.303091242647326,1.6341081618,5
x265,720p,Vidyo4_720p,37,veryfast,0.095278,5268.48,36.951,43.6181,43.5257,37.778613,252.1699594,1.06144881728574,5.8612948174,5
x265,1080p,WalkingInStreet_2k,22,fast,3.134441,194987.28,40.7974,41.7385,41.8905,40.924538,1194.159626,2.23412676261129,30.1947889534,5
x265,1080p,WalkingInStreet_2k,22,faster,3.134429,194986.56,40.7974,41.7385,41.8905,40.924538,1202.96126025,1.1813017796785,30.52700467375,4
x265,1080p,WalkingInStreet_2k,22,medium,3.134638,194999.53,40.8022,41.7381,41.8852,40.928381,1219.43721675,0.71164777968804,30.923190431,4
x265,1080p,WalkingInStreet_2k,22,superfast,3.137832,195198.25,40.615,41.4902,41.7891,40.743081,1159.8304172,3.25442351292993,28.755843248,5
x265,1080p,WalkingInStreet_2k,22,ultrafast,3.28593,204411.12,39.8448,41.3004,41.6596,40.0492,338.0446465,0.818717329682168,8.68036255033333,6
x265,1080p,WalkingInStreet_2k,22,veryfast,3.134429,194986.56,40.7974,41.7385,41.8905,40.924538,1203.4793105,0.71477556042369,30.1899325515,4
x265,1080p,WalkingInStreet_2k,27,fast,2.069394,128732.88,36.1838,37.8337,38.451,36.428619,1099.11673358333,3.42030716225244,27.2472042746667,12
x265,1080p,WalkingInStreet_2k,27,faster,2.069383,128732.17,36.1838,37.8337,38.451,36.428619,1101.203215,0.392208714125528,27.2050823523333,3
x265,1080p,WalkingInStreet_2k,27,medium,2.068137,128654.65,36.1858,37.8212,38.4445,36.429181,1125.2920292,1.2935426683518,27.8582123604,5
x265,1080p,WalkingInStreet_2k,27,superfast,2.074136,129027.84,35.9521,37.6147,38.3201,36.204013,1054.784195375,3.62411409905317,25.982049209875,8
x265,1080p,WalkingInStreet_2k,27,ultrafast,2.184248,135877.69,35.5117,37.7237,38.7104,35.849869,295.9110165,0.447243582307226,7.56283403,4
x265,1080p,WalkingInStreet_2k,27,veryfast,2.069383,128732.17,36.1838,37.8337,38.451,36.428619,1103.22412185714,7.4502659515061,27.4362404242857,7
x265,1080p,WalkingInStreet_2k,32,fast,1.285158,79947.12,32.0727,35.0528,36.1548,32.514087,966.8933313,3.42261881626498,23.3155178154,10
x265,1080p,WalkingInStreet_2k,32,faster,1.285147,79946.41,32.0727,35.0528,36.1548,32.514087,964.4941862,2.56278118510432,23.3699265028,5
x265,1080p,WalkingInStreet_2k,32,medium,1.28289,79806.01,32.0717,35.0304,36.1226,32.5098,984.095235,2.27717747196568,23.8545863984,5
x265,1080p,WalkingInStreet_2k,32,superfast,1.289402,80211.12,31.8627,34.9072,36.0574,32.31515,926.899857428571,2.71469973889869,22.2788176052857,7
x265,1080p,WalkingInStreet_2k,32,ultrafast,1.348318,83876.16,31.5518,35.2055,36.8769,32.112975,252.9482538,1.20369767884577,6.2555453946,5
x265,1080p,WalkingInStreet_2k,32,veryfast,1.285147,79946.41,32.0727,35.0528,36.1548,32.514087,963.3341275,1.16120922407649,23.36814124675,4
x265,1080p,WalkingInStreet_2k,37,fast,0.761181,47351.52,28.4833,33.0657,34.6173,29.153075,835.99316,4.38818453767136,19.9457660705,6
x265,1080p,WalkingInStreet_2k,37,faster,0.761169,47350.8,28.4833,33.0657,34.6173,29.153075,835.6392792,2.47569165654201,19.9018341458,5
x265,1080p,WalkingInStreet_2k,37,medium,0.759306,47234.88,28.4774,33.0353,34.5565,29.142212,855.0733885,0.619827044365066,20.3327921775,4
x265,1080p,WalkingInStreet_2k,37,superfast,0.767215,47726.88,28.313,33.075,34.8317,29.018044,806.6402938,2.51340572585679,19.0663181408,5
x265,1080p,WalkingInStreet_2k,37,ultrafast,0.794456,49421.52,28.0985,33.414,35.6668,28.903738,217.7345618,0.677901840936577,5.2564204664,5
x265,1080p,WalkingInStreet_2k,37,veryfast,0.761169,47350.8,28.4833,33.0657,34.6173,29.153075,835.0953228,2.68521590698471,19.9059956476,5
x265,720p,WestWindEasy_720p,22,fast,0.945799,26149.44,43.967,48.6794,50.4932,44.669412,400.426624,1.01123647490411,10.002471874,5
x265,720p,WestWindEasy_720p,22,faster,0.945773,26148.72,43.967,48.6794,50.4932,44.669412,398.7498214,0.986281752466708,9.8478469168,5
x265,720p,WestWindEasy_720p,22,medium,0.946076,26157.12,43.9788,48.6739,50.487,44.679006,425.4707374,0.641130208500816,10.5326194826,5
x265,720p,WestWindEasy_720p,22,superfast,0.945937,26153.28,43.8915,48.5728,50.3657,44.588719,375.6524045,0.678906934447572,9.20102642125,4
x265,720p,WestWindEasy_720p,22,ultrafast,1.166606,32254.32,42.9597,48.4726,50.3804,43.76805,105.8745215,0.585298366093217,2.6614251403,10
x265,720p,WestWindEasy_720p,22,veryfast,0.945773,26148.72,43.967,48.6794,50.4932,44.669412,399.18115225,0.649620305787093,9.837953074,4
x265,720p,WestWindEasy_720p,27,fast,0.616667,17049.6,40.458,46.0487,48.1759,41.289788,354.5288776,0.889207915659381,8.5722598656,5
x265,720p,WestWindEasy_720p,27,faster,0.616641,17048.88,40.458,46.0487,48.1759,41.289788,353.482554,0.270354901840155,8.50048234,3
x265,720p,WestWindEasy_720p,27,medium,0.615451,17016,40.4649,46.0536,48.1702,41.295775,374.2493104,1.77517893468977,9.0151136926,5
x265,720p,WestWindEasy_720p,27,superfast,0.615738,17023.92,40.3243,45.9401,48.0786,41.159931,335.2645592,1.35763564009851,8.011930854,5
x265,720p,WestWindEasy_720p,27,ultrafast,0.768229,21240,39.3318,46.0255,48.3699,40.315038,94.4309715,0.070358944536806,2.299312402,4
x265,720p,WestWindEasy_720p,27,veryfast,0.616641,17048.88,40.458,46.0487,48.1759,41.289788,354.391494666667,1.14924647108497,8.54529187633333,9
x265,720p,WestWindEasy_720p,32,fast,0.388273,10734.96,36.9804,43.8098,46.2038,37.9837,314.7257082,0.830070491528701,7.451950178,5
x265,720p,WestWindEasy_720p,32,faster,0.388247,10734.24,36.9804,43.8098,46.2038,37.9837,315.208177666667,1.56360402500949,7.47568154133333,6
x265,720p,WestWindEasy_720p,32,medium,0.3877,10719.12,36.9874,43.7981,46.1925,37.988388,331.85269675,0.595728190685078,7.87061660675,4
x265,720p,WestWindEasy_720p,32,superfast,0.388655,10745.52,36.7934,43.7556,46.1617,37.814056,299.151140333333,1.60244088335822,7.063660828,6
x265,720p,WestWindEasy_720p,32,ultrafast,0.483151,13358.16,35.7359,43.921,46.5199,36.921469,84.2901692222222,0.743352049445244,2.034972649,9
x265,720p,WestWindEasy_720p,32,veryfast,0.388247,10734.24,36.9804,43.8098,46.2038,37.9837,314.5251045,0.349779110003728,7.46828286925,4
x265,720p,WestWindEasy_720p,37,fast,0.23862,6597.36,33.5933,42.1314,44.8283,34.829119,283.1948072,0.708881793405078,6.6476988704,5
x265,720p,WestWindEasy_720p,37,faster,0.238594,6596.64,33.5933,42.1314,44.8283,34.829119,282.7989222,1.27351232136313,6.6862832148,5
x265,720p,WestWindEasy_720p,37,medium,0.238672,6598.8,33.597,42.1206,44.8397,34.832394,295.845959,0.549910100088187,7.0062599754,5
x265,720p,WestWindEasy_720p,37,superfast,0.239488,6621.36,33.4295,42.1277,44.8448,34.686594,269.664816833333,1.32581130415718,6.29560104916667,6
x265,720p,WestWindEasy_720p,37,ultrafast,0.295399,8167.2,32.4033,42.3211,45.0839,33.8157,76.86821875,0.610867961634626,1.825662097,8
x265,720p,WestWindEasy_720p,37,veryfast,0.238594,6596.64,33.5933,42.1314,44.8283,34.829119,282.0722392,0.872856809427927,6.6251916962,5
x265,1080p,WorldCup_2k,22,fast,0.296416,18439.44,47.3481,50.7125,50.7656,47.771969,707.9926584,3.09693463824833,16.496232239,5
x265,1080p,WorldCup_2k,22,faster,0.296404,18438.72,47.3481,50.7125,50.7656,47.771969,707.5712476,2.8893943365045,16.4728248042,10
x265,1080p,WorldCup_2k,22,medium,0.296644,18453.6,47.3578,50.726,50.7721,47.781706,733.0826694,1.46008673090173,17.055973426,5
x265,1080p,WorldCup_2k,22,superfast,0.297461,18504.48,47.2465,50.6098,50.6701,47.670681,679.5272648,2.40480324427783,15.7813065868,5
x265,1080p,WorldCup_2k,22,ultrafast,0.34336,21359.76,46.4972,50.7471,50.7589,47.029175,194.0593724,0.765566985252571,4.5664624394,10
x265,1080p,WorldCup_2k,22,veryfast,0.296404,18438.72,47.3481,50.7125,50.7656,47.771969,706.355064166667,0.723011795470424,16.4651065613333,6
x265,1080p,WorldCup_2k,27,fast,0.180027,11199.12,44.6469,48.0324,48.2043,45.080831,624.29913725,2.08400146551194,14.41782798725,8
x265,1080p,WorldCup_2k,27,faster,0.180015,11198.4,44.6469,48.0324,48.2043,45.080831,627.219860333333,3.07435801611157,14.4426535615,6
x265,1080p,WorldCup_2k,27,medium,0.179769,11183.04,44.6552,48.0134,48.1713,45.084844,646.0405828,1.20315401587565,14.8954234704,5
x265,1080p,WorldCup_2k,27,superfast,0.179938,11193.6,44.535,47.9236,48.0988,44.969525,604.160650888889,4.91509200921245,13.9202981484444,9
x265,1080p,WorldCup_2k,27,ultrafast,0.208522,12971.76,43.7255,48.3059,48.3995,44.3039,176.69395975,0.335383198343204,4.1021788135,4
x265,1080p,WorldCup_2k,27,veryfast,0.180015,11198.4,44.6469,48.0324,48.2043,45.080831,624.4819582,2.24553448255815,14.4035588702,5
x265,1080p,WorldCup_2k,32,fast,0.113495,7060.32,41.7303,45.7506,45.9861,42.247556,561.374633888889,1.48293224228818,12.8435579628889,9
x265,1080p,WorldCup_2k,32,faster,0.113484,7059.6,41.7303,45.7506,45.9861,42.247556,561.1078292,2.30566960937809,12.8512154712,5
x265,1080p,WorldCup_2k,32,medium,0.113075,7034.16,41.7377,45.7116,45.9664,42.250362,580.728921166667,2.75060657174896,13.2706183645,6
x265,1080p,WorldCup_2k,32,superfast,0.113576,7065.36,41.6384,45.6917,45.9223,42.159475,546.9394446,2.26901871358993,12.4930430924,5
x265,1080p,WorldCup_2k,32,ultrafast,0.129001,8024.88,40.7697,46.1084,46.2829,41.447944,162.4088006,0.601897433592552,3.7763821216,5
x265,1080p,WorldCup_2k,32,veryfast,0.113484,7059.6,41.7303,45.7506,45.9861,42.247556,563.084774857143,1.4948133474496,12.8687260417143,7
x265,1080p,WorldCup_2k,37,fast,0.073009,4541.76,38.6945,43.928,44.191,39.365125,520.0127556,1.61251284823325,11.8128515736,5
x265,1080p,WorldCup_2k,37,faster,0.072998,4541.04,38.6945,43.928,44.191,39.365125,520.4499765,0.539034746089403,11.821977016,4
x265,1080p,WorldCup_2k,37,medium,0.072905,4535.28,38.6909,43.8778,44.1403,39.355669,534.4438344,1.53632866619607,12.1069779874,5
x265,1080p,WorldCup_2k,37,superfast,0.073198,4553.52,38.6434,43.8647,44.108,39.311269,505.81123525,0.456360781419975,11.43576406075,4
x265,1080p,WorldCup_2k,37,ultrafast,0.08081,5027.04,37.8353,44.2854,44.5034,38.655187,152.3015996,0.63672818565091,3.5058123998,5
x265,1080p,WorldCup_2k,37,veryfast,0.072998,4541.04,38.6945,43.928,44.191,39.365125,521.587325875,3.86007271257,11.864266691,8
x265,1080p,WorldCup_far_2k,22,fast,1.037978,64570.56,43.9166,45.0075,47.025,44.179056,971.733748833333,2.41934033383982,23.196723096,6
x265,1080p,WorldCup_far_2k,22,faster,1.037967,64569.84,43.9166,45.0075,47.025,44.179056,970.9509932,1.09363069258717,23.1775060184,5
x265,1080p,WorldCup_far_2k,22,medium,1.036624,64486.32,43.9281,44.9986,47.0167,44.188044,1012.2284392,2.87927663845022,24.1922170284,5
x265,1080p,WorldCup_far_2k,22,superfast,1.036617,64485.84,43.8699,44.9466,46.9067,44.126994,934.0359754,3.31479021780184,22.0848691522,5
x265,1080p,WorldCup_far_2k,22,ultrafast,1.132485,70449.6,43.1824,44.696,46.9043,43.509619,258.2604353,1.39102985186588,6.2021565413,10
x265,1080p,WorldCup_far_2k,22,veryfast,1.037967,64569.84,43.9166,45.0075,47.025,44.179056,972.583655,3.4384965281148,23.191186466,5
x265,1080p,WorldCup_far_2k,27,fast,0.621046,38634,40.4849,41.7757,44.1572,40.795094,860.24231975,1.41046908000409,20.2017428165,4
x265,1080p,WorldCup_far_2k,27,faster,0.621034,38633.28,40.4849,41.7757,44.1572,40.795094,856.733626416667,3.14859567711591,20.144136741,12
x265,1080p,WorldCup_far_2k,27,medium,0.620305,38587.92,40.4933,41.7671,44.1437,40.801063,893.0049406,3.21134040972999,20.9628087426,5
x265,1080p,WorldCup_far_2k,27,superfast,0.621354,38653.2,40.4059,41.6983,44.0406,40.713844,824.045640333333,0.50258158190719,19.229689086,3
x265,1080p,WorldCup_far_2k,27,ultrafast,0.693839,43162.32,39.7752,41.6346,44.2618,40.171825,227.441190166667,1.18261744215641,5.36621361783333,6
x265,1080p,WorldCup_far_2k,27,veryfast,0.621034,38633.28,40.4849,41.7757,44.1572,40.795094,859.77593,3.90538806076702,20.1934858506,10
x265,1080p,WorldCup_far_2k,32,fast,0.37684,23442.48,37.1165,39.1679,41.7514,37.534394,748.369239,2.11750684260547,17.4215615546,5
x265,1080p,WorldCup_far_2k,32,faster,0.376829,23441.76,37.1165,39.1679,41.7514,37.534394,750.7965892,1.846978433387,17.4737593922,5
x265,1080p,WorldCup_far_2k,32,medium,0.375772,23376,37.1218,39.1515,41.7227,37.536213,777.9588482,2.29271001118757,18.2125747472,5
x265,1080p,WorldCup_far_2k,32,superfast,0.376871,23444.4,37.0346,39.1135,41.666,37.453994,727.9128098,2.22736410219236,16.7181670604,5
x265,1080p,WorldCup_far_2k,32,ultrafast,0.414444,25781.76,36.4118,39.27,42.0455,36.942544,204.655407333333,1.38156096737323,4.74084365944445,9
x265,1080p,WorldCup_far_2k,32,veryfast,0.376829,23441.76,37.1165,39.1679,41.7514,37.534394,753.121546,1.18502876970498,17.4625881378,5
x265,1080p,WorldCup_far_2k,37,fast,0.226493,14089.68,33.8607,37.2308,39.8691,34.446856,668.776862666667,4.01869394508184,15.4068097978333,6
x265,1080p,WorldCup_far_2k,37,faster,0.226481,14088.96,33.8607,37.2308,39.8691,34.446856,668.0296005,1.0443644318827,15.42163801625,4
x265,1080p,WorldCup_far_2k,37,medium,0.227079,14126.16,33.8692,37.2297,39.8574,34.453494,696.5582754,2.00704969175636,15.9475999928,5
x265,1080p,WorldCup_far_2k,37,superfast,0.226817,14109.84,33.8066,37.2187,39.832,34.396444,644.872209333333,0.133494949194092,14.8263725216667,3
x265,1080p,WorldCup_far_2k,37,ultrafast,0.244051,15181.92,33.2724,37.4842,40.2794,33.973575,184.8871505,1.10564464494751,4.28103170466667,6
x265,1080p,WorldCup_far_2k,37,veryfast,0.226481,14088.96,33.8607,37.2308,39.8691,34.446856,667.71101325,1.05742730190917,15.41488861375,4
