index,preset,qp,seq_name,Ir,Dr,Dw,I1mr,D1mr,D1mw,ILmr,DLmr,DLmw,Bc,Bcm,Bi,Bim,E_hw_slow,config,path,__qp_int
1,fast,22,Aerial3200_2k,1350000000000.0,345000000000.0,161000000000.0,7552893872,2235759042,1754759822,343525,60591621,80329492,90988307784.0,9217561594,7749707966,661936705,7.1671,A,H:\valgrind\default\callgrind_Default_1T_fast_qp22_Aerial3200_1920x1080_5994_8bit_420_1920x1080_60fps_130f.out,22
2,fast,22,Boat_2k,1360000000000.0,341000000000.0,156000000000.0,7282266979,2139178047,1724380146,354830,59283474,80455290,93436516267.0,9460173837,7541893688,642432412,7.1358,A,H:\valgrind\default\callgrind_Default_1T_fast_qp22_Boat_1920x1080_5994_8bit_420_1920x1080_60fps_130f.out,22
3,fast,22,BoxingPractice_4k,4200000000000.0,1110000000000.0,523000000000.0,27939288777,8304787898,6853285645,2372575,315816206,348473413,273000000000.0,24856746506,26484388851,2556365952,13.6248,A,H:\valgrind\default\callgrind_Default_1T_fast_qp22_BoxingPractice_3840x2160_5994fps_8bit_420_3840x2160_60fps_130f.out,22
4,fast,22,Crosswalk_4k,4180000000000.0,1110000000000.0,525000000000.0,27939920552,8571329287,6939410282,2305223,316581944,342174838,271000000000.0,23409646849,26722019893,2618282705,13.055,A,H:\valgrind\default\callgrind_Default_1T_fast_qp22_Crosswalk_3840x2160_5994fps_8bit_420_3840x2160_60fps_130f.out,22
5,fast,22,CrowdRun_1080p50,1590000000000.0,395000000000.0,179000000000.0,7630186373,2248979750,1763192148,348869,61840500,83379545,113000000000.0,11512707241,8325863495,663901637,7.2255,A,H:\valgrind\default\callgrind_Default_1T_fast_qp22_CrowdRun_1920x1080p50_1920x1080_50fps_130f.out,22
6,fast,22,DinnerSceneCropped_2k,1390000000000.0,359000000000.0,166000000000.0,7522278902,2236967798,1758617550,340634,60198918,79628431,95786703958.0,9580135551,7848616053,671952670,6.3792,A,H:\valgrind\default\callgrind_Default_1T_fast_qp22_DinnerSceneCropped_1920x1080_2997fps_8bit_420_1920x1080_30fps_130f.out,22
7,fast,22,FoodMarket2_4k,4330000000000.0,1140000000000.0,541000000000.0,28983336585,8418578949,6918945454,2314239,317455758,343045428,280000000000.0,26201231241,27270906402,2581802964,13.9507,A,H:\valgrind\default\callgrind_Default_1T_fast_qp22_FoodMarket2_3840x2160_5994fps_8bit_420_3840x2160_60fps_130f.out,22
8,fast,22,FoodMarket_2k,1320000000000.0,340000000000.0,158000000000.0,7412769755,2165782830,1743042177,319023,59879136,68643352,89018958053.0,8784686266,7591212318,661926713,6.8418,A,H:\valgrind\default\callgrind_Default_1T_fast_qp22_FoodMarket_1920x1080_5994_8bit_420_1920x1080_60fps_130f.out,22
9,fast,22,MeridianTalk_sdr_2k,1060000000000.0,281000000000.0,131000000000.0,6809055632,2078822151,1698575005,312363,57486505,68434386,70022438389.0,6127363006,6655668383,648410388,6.3813,A,H:\valgrind\default\callgrind_Default_1T_fast_qp22_MeridianTalk_sdr_1920x1080p_5994_8bit_1920x1080_60fps_130f.out,22
10,fast,22,Motorcycle_2k,1220000000000.0,309000000000.0,143000000000.0,7164525938,2045308581,1699752450,319831,56234614,64604004,82559076683.0,7961177067,7021314106,636286585,7.0665,A,H:\valgrind\default\callgrind_Default_1T_fast_qp22_Motorcycle_1920x1080_30fps_8bit_1920x1080_30fps_130f.out,22
11,fast,22,MountainBike_2k,1520000000000.0,379000000000.0,165000000000.0,13064076138,1931344911,1667165572,325264,56246396,62613673,86382980348.0,8345753697,7186250878,639309386,7.0957,A,H:\valgrind\default\callgrind_Default_1T_fast_qp22_MountainBike_1920x1080_30fps_8bit_1920x1080_30fps_130f.out,22
12,fast,22,Neon1224_4k,3520000000000.0,944000000000.0,446000000000.0,25688665230,7706410747,6604336384,2255633,303278721,330315499,225000000000.0,19089270505,23724926388,2482743199,13.4567,A,H:\valgrind\default\callgrind_Default_1T_fast_qp22_Neon1224_3840x2160_2997fps_3840x2160_30fps_130f.out,22
13,fast,22,NocturneDance_4k,3750000000000.0,1000000000000.0,475000000000.0,27789345357,8097769716,6777240791,2243592,310655838,334695750,239000000000.0,21440355271,24751735273,2516855613,13.3742,A,H:\valgrind\default\callgrind_Default_1T_fast_qp22_NocturneDance_3840x2160p_8bit_60fps_3840x2160_60fps_130f.out,22
14,fast,22,OldTownCross_1080p50,1610000000000.0,402000000000.0,182000000000.0,7686957595,2184557085,1753354765,318579,58016576,65694427,114000000000.0,11757595074,8385026135,666280197,7.1316,A,H:\valgrind\default\callgrind_Default_1T_fast_qp22_OldTownCross_1920x1080p50_1920x1080_50fps_130f.out,22
15,fast,22,PedestrianArea_1080p25,1090000000000.0,287000000000.0,134000000000.0,6989931922,2099302023,1703791742,340396,58512939,77954797,71330902442.0,6634175302,6742358531,638340826,6.3747,A,H:\valgrind\default\callgrind_Default_1T_fast_qp22_PedestrianArea_1920x1080p25_1920x1080_25fps_130f.out,22
16,fast,22,PierSeaSide_4k,3940000000000.0,1050000000000.0,493000000000.0,26507480658,7925310894,6687761440,2429602,312628290,338122662,257000000000.0,22742994271,25485589973,2542796216,13.2578,A,H:\valgrind\default\callgrind_Default_1T_fast_qp22_PierSeaSide_3840x2160_2997fps_8bit_420_3840x2160_30fps_130f.out,22
17,fast,22,RitualDance_2k,840000000000.0,226000000000.0,106000000000.0,6129690419,1851494557,1614878677,328643,51527068,61490449,54136844099.0,4566124484,5720015676,604839678,6.3007,A,H:\valgrind\default\callgrind_Default_1T_fast_qp22_RitualDance_1920x1080_5994_8bit_420_1920x1080_60fps_130f.out,22
18,fast,22,Riverbed_1080p25,1520000000000.0,387000000000.0,169000000000.0,13490167935,1991842056,1691729876,330318,55971289,61085204,83273995272.0,8037378704,7381121127,652984866,6.4294,A,H:\valgrind\default\callgrind_Default_1T_fast_qp22_Riverbed_1920x1080p25_1920x1080_25fps_130f.out,22
19,fast,22,RushFieldCuts_2k,1250000000000.0,321000000000.0,150000000000.0,7316938512,2131271285,1716217338,336437,59139989,80579682,83638457871.0,8173673896,7348847769,655041672,7.0231,A,H:\valgrind\default\callgrind_Default_1T_fast_qp22_RushFieldCuts_1920x1080_2997_1920x1080_30fps_130f.out,22
20,fast,22,Skater227_2k,768000000000.0,210000000000.0,99252705518.0,5963360753,1899735351,1631804025,325563,56951238,75419655,48607485444.0,3589071810,5518997880,615414842,6.3206,A,H:\valgrind\default\callgrind_Default_1T_fast_qp22_Skater227_1920x1080_30fps_1920x1080_30fps_130f.out,22
21,fast,22,Tango_4k,4790000000000.0,1250000000000.0,585000000000.0,28678332173,8611887181,6993016075,2306912,319879945,350596831,319000000000.0,29321008040,28680241234,2631574468,14.0446,A,H:\valgrind\default\callgrind_Default_1T_fast_qp22_Tango_3840x2160_5994fps_8bit_420_3840x2160_60fps_130f.out,22
22,fast,22,TimeLapse_4k,4020000000000.0,1060000000000.0,499000000000.0,26909790250,8021665661,6730130503,2322827,308781378,338280175,262000000000.0,23825174563,25612161781,2524545756,8.4907,A,H:\valgrind\default\callgrind_Default_1T_fast_qp22_TimeLapse_3840x2160_5994fps_8bit_420_3840x2160_60fps_130f.out,22
23,fast,22,ToddlerFountain_2k,1350000000000.0,343000000000.0,158000000000.0,7371706325,2181637200,1737619643,345197,59223598,80592740,93156431879.0,9409780075,7596301321,657635858,7.1011,A,H:\valgrind\default\callgrind_Default_1T_fast_qp22_ToddlerFountain_1920x1080_2997fps_8bit_420_1920x1080_30fps_130f.out,22
24,fast,22,TreesAndGrass_2k,1490000000000.0,368000000000.0,167000000000.0,7377346568,2188291921,1742229404,370947,60427895,82639266,105000000000.0,10308368885,7944425034,658037540,7.2048,A,H:\valgrind\default\callgrind_Default_1T_fast_qp22_TreesAndGrass_1920_1080_30fps_8bit_1920x1080_30fps_130f.out,22
25,fast,22,TunnelFlag_2k,1130000000000.0,295000000000.0,137000000000.0,7165812734,2084783936,1697200490,322761,59081813,78519046,75421470509.0,7300405264,6868760446,633931346,6.8743,A,H:\valgrind\default\callgrind_Default_1T_fast_qp22_TunnelFlag_1920x1080_5994_8bit_420_1920x1080_60fps_130f.out,22
26,fast,22,Vertical_bees_2k,925000000000.0,246000000000.0,116000000000.0,6728958175,1964131704,1661855407,306714,51579021,63336097,59292777176.0,5280026341,6099362119,621540590,6.4007,A,H:\valgrind\default\callgrind_Default_1T_fast_qp22_Vertical_bees_1080x1920_2997_1080x1920_30fps_130f.out,22
27,fast,22,Vertical_Carnaby_2k,813000000000.0,220000000000.0,104000000000.0,6399882855,1909335158,1633391230,323727,49976507,62262139,50954785673.0,4251724631,5606698950,604664268,6.3932,A,H:\valgrind\default\callgrind_Default_1T_fast_qp22_Vertical_Carnaby_1080x1920_5994_1080x1920_60fps_130f.out,22
28,fast,22,WalkingInStreet_2k,1070000000000.0,260000000000.0,117000000000.0,5539723268,1442439883,1240135616,318153,43566004,52351375,76031660088.0,7619612725,5498588609,449473206,7.2554,A,H:\valgrind\default\callgrind_Default_1T_fast_qp22_WalkingInStreet_1920x1080_30fps_1920x1080_30fps_130f.out,22
29,fast,22,WorldCup_2k,399000000000.0,106000000000.0,47062714508.0,4424770403,710522144,640939310,135958,20896831,25466470,21155530264.0,1758696941,2244638051,242281851,6.3279,A,H:\valgrind\default\callgrind_Default_1T_fast_qp22_WorldCup_1920x1080_30p_1920x1080_30fps_130f.out,22
30,fast,22,WorldCup_far_2k,1100000000000.0,284000000000.0,133000000000.0,7145498047,2016682993,1682408326,319844,58630013,68854383,72468060254.0,7141175698,6651514821,626629974,7.0555,A,H:\valgrind\default\callgrind_Default_1T_fast_qp22_WorldCup_far_1920x1080_30p_1920x1080_30fps_130f.out,22
31,fast,27,Aerial3200_2k,1120000000000.0,295000000000.0,139000000000.0,7224872317,2115546811,1713108401,332756,59154765,77526437,73309889290.0,6877180114,7003688020,655680766,6.3714,A,H:\valgrind\default\callgrind_Default_1T_fast_qp27_Aerial3200_1920x1080_5994_8bit_420_1920x1080_60fps_130f.out,27
32,fast,27,Boat_2k,1190000000000.0,306000000000.0,142000000000.0,7076916938,2058931705,1696711627,367582,57207235,77751809,79748943845.0,7828504739,7074486141,639963288,6.8668,A,H:\valgrind\default\callgrind_Default_1T_fast_qp27_Boat_1920x1080_5994_8bit_420_1920x1080_60fps_130f.out,27
33,fast,27,BoxingPractice_4k,3400000000000.0,920000000000.0,435000000000.0,25362937735,7793227389,6628212224,2301877,302410238,329535086,217000000000.0,17308283481,23443532511,2503540904,13.0487,A,H:\valgrind\default\callgrind_Default_1T_fast_qp27_BoxingPractice_3840x2160_5994fps_8bit_420_3840x2160_60fps_130f.out,27
34,fast,27,Crosswalk_4k,3280000000000.0,899000000000.0,426000000000.0,24498730652,7845715372,6634340315,2389058,304193094,325418033,212000000000.0,15339800519,23403310180,2562704958,12.9287,A,H:\valgrind\default\callgrind_Default_1T_fast_qp27_Crosswalk_3840x2160_5994fps_8bit_420_3840x2160_60fps_130f.out,27
35,fast,27,CrowdRun_1080p50,1340000000000.0,341000000000.0,158000000000.0,7351088415,2169152471,1731334696,330592,60946369,81444407,91812759973.0,9110167332,7617755836,660916588,7.0286,A,H:\valgrind\default\callgrind_Default_1T_fast_qp27_CrowdRun_1920x1080p50_1920x1080_50fps_130f.out,27
36,fast,27,DinnerSceneCropped_2k,1050000000000.0,279000000000.0,132000000000.0,6980176579,2107634046,1706782732,330572,59994997,77910474,68168770021.0,5866318513,6696769929,659657906,6.3581,A,H:\valgrind\default\callgrind_Default_1T_fast_qp27_DinnerSceneCropped_1920x1080_2997fps_8bit_420_1920x1080_30fps_130f.out,27
37,fast,27,FoodMarket2_4k,3630000000000.0,980000000000.0,466000000000.0,27353432647,8108259085,6744204500,2288297,308387162,330362962,230000000000.0,19457476086,24633629207,2544210040,13.2135,A,H:\valgrind\default\callgrind_Default_1T_fast_qp27_FoodMarket2_3840x2160_5994fps_8bit_420_3840x2160_60fps_130f.out,27
38,fast,27,FoodMarket_2k,1020000000000.0,271000000000.0,128000000000.0,6892941569,2108047123,1714488868,320673,58277841,68468575,66034438205.0,5769387389,6587972450,649536221,6.3553,A,H:\valgrind\default\callgrind_Default_1T_fast_qp27_FoodMarket_1920x1080_5994_8bit_420_1920x1080_60fps_130f.out,27
39,fast,27,MeridianTalk_sdr_2k,820000000000.0,223000000000.0,105000000000.0,6015725132,1933125717,1646833237,306570,52937788,62082756,52820409733.0,3986060098,5755920608,625996512,6.3492,A,H:\valgrind\default\callgrind_Default_1T_fast_qp27_MeridianTalk_sdr_1920x1080p_5994_8bit_1920x1080_60fps_130f.out,27
40,fast,27,Motorcycle_2k,1320000000000.0,335000000000.0,147000000000.0,12295164551,1820475560,1623430530,322901,55022321,61803033,73581609637.0,6856716591,6557426657,627246118,7.0063,A,H:\valgrind\default\callgrind_Default_1T_fast_qp27_Motorcycle_1920x1080_30fps_8bit_1920x1080_30fps_130f.out,27
41,fast,27,MountainBike_2k,1120000000000.0,289000000000.0,135000000000.0,6998346151,2072657835,1707336598,300691,55118371,64209744,74469230916.0,7102818734,6728692028,633921044,7.0351,A,H:\valgrind\default\callgrind_Default_1T_fast_qp27_MountainBike_1920x1080_30fps_8bit_1920x1080_30fps_130f.out,27
42,fast,27,Neon1224_4k,3130000000000.0,848000000000.0,400000000000.0,23904365830,7337070535,6449806364,2279952,297756731,323898000,198000000000.0,15642367743,21976017638,2413344036,12.9711,A,H:\valgrind\default\callgrind_Default_1T_fast_qp27_Neon1224_3840x2160_2997fps_3840x2160_30fps_130f.out,27
43,fast,27,NocturneDance_4k,3290000000000.0,888000000000.0,420000000000.0,25817619248,7798473571,6634641545,2228602,299886419,323646341,206000000000.0,17002606530,22702004685,2454054069,13.2943,A,H:\valgrind\default\callgrind_Default_1T_fast_qp27_NocturneDance_3840x2160p_8bit_60fps_3840x2160_60fps_130f.out,27
44,fast,27,OldTownCross_1080p50,1550000000000.0,393000000000.0,171000000000.0,13289354123,1934821931,1675520180,331613,55860351,60918061,85735831511.0,8047167067,7376898131,662386383,7.1214,A,H:\valgrind\default\callgrind_Default_1T_fast_qp27_OldTownCross_1920x1080p50_1920x1080_50fps_130f.out,27
45,fast,27,PedestrianArea_1080p25,860000000000.0,232000000000.0,110000000000.0,6432369458,1921162202,1640467824,331620,56714781,76157774,54768748126.0,4513598939,5878489487,621796179,6.3449,A,H:\valgrind\default\callgrind_Default_1T_fast_qp27_PedestrianArea_1920x1080p25_1920x1080_25fps_130f.out,27
46,fast,27,PierSeaSide_4k,3280000000000.0,888000000000.0,419000000000.0,23572024713,7349025322,6489766646,2075260,275047269,260378601,209000000000.0,16700860314,22784126078,2451938223,13.27,A,H:\valgrind\default\callgrind_Default_1T_fast_qp27_PierSeaSide_3840x2160_2997fps_8bit_420_3840x2160_30fps_130f.out,27
47,fast,27,RitualDance_2k,749000000000.0,204000000000.0,95451615800.0,5703243438,1762318566,1575297544,338868,54042184,74892682,47574778091.0,3722614282,5322606670,589352345,6.3314,A,H:\valgrind\default\callgrind_Default_1T_fast_qp27_RitualDance_1920x1080_5994_8bit_420_1920x1080_60fps_130f.out,27
48,fast,27,Riverbed_1080p25,1010000000000.0,271000000000.0,129000000000.0,7152083923,2074857673,1696016920,347029,60268270,78129220,64835076899.0,5765614713,6648629923,649225327,6.4041,A,H:\valgrind\default\callgrind_Default_1T_fast_qp27_Riverbed_1920x1080p25_1920x1080_25fps_130f.out,27
49,fast,27,RushFieldCuts_2k,1100000000000.0,288000000000.0,135000000000.0,7087421185,2061599426,1688378676,332958,57703176,77945518,72044501800.0,6758223981,6799284851,643921821,7.0206,A,H:\valgrind\default\callgrind_Default_1T_fast_qp27_RushFieldCuts_1920x1080_2997_1920x1080_30fps_130f.out,27
50,fast,27,Skater227_2k,703000000000.0,193000000000.0,90745441328.0,5456660966,1788906948,1595000890,301308,53470049,62675613,44084918837.0,3052445645,5189665630,596778418,6.3504,A,H:\valgrind\default\callgrind_Default_1T_fast_qp27_Skater227_1920x1080_30fps_1920x1080_30fps_130f.out,27
51,fast,27,Tango_4k,3620000000000.0,981000000000.0,466000000000.0,26125850740,8140662468,6752931293,2262535,305473738,329014167,234000000000.0,18339555876,24794970419,2596024377,13.3681,A,H:\valgrind\default\callgrind_Default_1T_fast_qp27_Tango_3840x2160_5994fps_8bit_420_3840x2160_60fps_130f.out,27
52,fast,27,TimeLapse_4k,3420000000000.0,921000000000.0,434000000000.0,25176039500,7629947002,6575014551,2326969,302210105,329174719,217000000000.0,17996047389,23315612628,2462803392,13.0925,A,H:\valgrind\default\callgrind_Default_1T_fast_qp27_TimeLapse_3840x2160_5994fps_8bit_420_3840x2160_60fps_130f.out,27
53,fast,27,ToddlerFountain_2k,1140000000000.0,297000000000.0,138000000000.0,6962744771,2071381152,1698357735,325268,57936850,79315870,76623711797.0,7267561006,6908596816,644517864,7.0285,A,H:\valgrind\default\callgrind_Default_1T_fast_qp27_ToddlerFountain_1920x1080_2997fps_8bit_420_1920x1080_30fps_130f.out,27
54,fast,27,TreesAndGrass_2k,1340000000000.0,337000000000.0,154000000000.0,7182828500,2086809135,1707959144,346944,59175813,80623162,92748743304.0,9116067153,7517778057,653989094,7.1124,A,H:\valgrind\default\callgrind_Default_1T_fast_qp27_TreesAndGrass_1920_1080_30fps_8bit_1920x1080_30fps_130f.out,27
55,fast,27,TunnelFlag_2k,959000000000.0,255000000000.0,120000000000.0,6806062657,1985014338,1661172304,333777,57308236,76625796,62162488817.0,5614551274,6216274685,623028011,6.3523,A,H:\valgrind\default\callgrind_Default_1T_fast_qp27_TunnelFlag_1920x1080_5994_8bit_420_1920x1080_60fps_130f.out,27
56,fast,27,Vertical_bees_2k,831000000000.0,224000000000.0,106000000000.0,6391478679,1932815386,1643699285,299695,51089240,63047093,52542552093.0,4393927106,5713201903,611155124,6.3751,A,H:\valgrind\default\callgrind_Default_1T_fast_qp27_Vertical_bees_1080x1920_2997_1080x1920_30fps_130f.out,27
57,fast,27,Vertical_Carnaby_2k,735000000000.0,200000000000.0,94428294570.0,5963130017,1819909884,1593667192,318634,53864247,73998844,45651921870.0,3526880656,5274699490,591820096,6.4061,A,H:\valgrind\default\callgrind_Default_1T_fast_qp27_Vertical_Carnaby_1080x1920_5994_1080x1920_60fps_130f.out,27
58,fast,27,WalkingInStreet_2k,1300000000000.0,326000000000.0,149000000000.0,7369710016,1929810228,1643839936,444184,60437131,81823334,90303929970.0,9131052638,7080809313,599666150,7.2329,A,H:\valgrind\default\callgrind_Default_1T_fast_qp27_WalkingInStreet_1920x1080_30fps_1920x1080_30fps_130f.out,27
59,fast,27,WorldCup_2k,273000000000.0,74138338256.0,34769456052.0,2164125016,674516702,597664401,116530,19071496,24381729,17150381356.0,1335903530,1945175584,218622577,6.3472,A,H:\valgrind\default\callgrind_Default_1T_fast_qp27_WorldCup_1920x1080_30p_1920x1080_30fps_130f.out,27
60,fast,27,WorldCup_far_2k,969000000000.0,256000000000.0,120000000000.0,6875191037,2005524940,1670855122,325164,57574290,67692795,62687553780.0,5875232504,6214799891,620868351,7.0531,A,H:\valgrind\default\callgrind_Default_1T_fast_qp27_WorldCup_far_1920x1080_30p_1920x1080_30fps_130f.out,27
61,fast,32,Aerial3200_2k,938000000000.0,252000000000.0,119000000000.0,6776122693,2055004438,1697051487,324749,58188027,77224066,60150958453.0,5096438421,6281450777,639637335,6.3725,A,H:\valgrind\default\callgrind_Default_1T_fast_qp32_Aerial3200_1920x1080_5994_8bit_420_1920x1080_60fps_130f.out,32
62,fast,32,Boat_2k,1030000000000.0,272000000000.0,128000000000.0,6803310815,2044630095,1697114603,338959,58451617,78905375,67622487429.0,6222054357,6553079715,631754450,6.3672,A,H:\valgrind\default\callgrind_Default_1T_fast_qp32_Boat_1920x1080_5994_8bit_420_1920x1080_60fps_130f.out,32
63,fast,32,BoxingPractice_4k,2910000000000.0,797000000000.0,375000000000.0,22365566165,7062565496,6374246148,2363540,288598681,317813160,184000000000.0,13288909899,21154341677,2398994127,13.0006,A,H:\valgrind\default\callgrind_Default_1T_fast_qp32_BoxingPractice_3840x2160_5994fps_8bit_420_3840x2160_60fps_130f.out,32
64,fast,32,Crosswalk_4k,2870000000000.0,791000000000.0,372000000000.0,21351316207,7015553371,6344849051,2611591,294336185,315756652,183000000000.0,12290855475,21279543788,2436082775,12.9114,A,H:\valgrind\default\callgrind_Default_1T_fast_qp32_Crosswalk_3840x2160_5994fps_8bit_420_3840x2160_60fps_130f.out,32
65,fast,32,CrowdRun_1080p50,1120000000000.0,292000000000.0,137000000000.0,6896353929,2091997524,1709751525,342352,58849061,79062544,74387117168.0,6968385353,6870523604,648421369,7.072,A,H:\valgrind\default\callgrind_Default_1T_fast_qp32_CrowdRun_1920x1080p50_1920x1080_50fps_130f.out,32
66,fast,32,DinnerSceneCropped_2k,783000000000.0,215000000000.0,102000000000.0,5742736313,1855308142,1620063022,311614,53540868,62166805,50884556488.0,3580734418,5664986122,631198334,6.2705,A,H:\valgrind\default\callgrind_Default_1T_fast_qp32_DinnerSceneCropped_1920x1080_2997fps_8bit_420_1920x1080_30fps_130f.out,32
67,fast,32,FoodMarket2_4k,3200000000000.0,872000000000.0,413000000000.0,25525737522,7728741747,6612267979,2358690,303692330,325674618,200000000000.0,15614681667,22627895975,2476309275,13.2082,A,H:\valgrind\default\callgrind_Default_1T_fast_qp32_FoodMarket2_3840x2160_5994fps_8bit_420_3840x2160_60fps_130f.out,32
68,fast,32,FoodMarket_2k,1020000000000.0,272000000000.0,122000000000.0,11125346068,1797464495,1618798104,312074,53548782,60031329,54441630389.0,4222088154,5846347932,626800066,6.3658,A,H:\valgrind\default\callgrind_Default_1T_fast_qp32_FoodMarket_1920x1080_5994_8bit_420_1920x1080_60fps_130f.out,32
69,fast,32,MeridianTalk_sdr_2k,863000000000.0,234000000000.0,105000000000.0,8899391942,1657878722,1565380800,322431,52233238,60281078,45922828810.0,3206926498,5232309040,598774505,6.3348,A,H:\valgrind\default\callgrind_Default_1T_fast_qp32_MeridianTalk_sdr_1920x1080p_5994_8bit_1920x1080_60fps_130f.out,32
70,fast,32,Motorcycle_2k,960000000000.0,252000000000.0,117000000000.0,6484991391,1921069162,1648533984,304427,53578557,63317007,62981132179.0,5713949420,6088412415,614689675,7.0665,A,H:\valgrind\default\callgrind_Default_1T_fast_qp32_Motorcycle_1920x1080_30fps_8bit_1920x1080_30fps_130f.out,32
71,fast,32,MountainBike_2k,985000000000.0,259000000000.0,121000000000.0,6692150946,1984833437,1675096082,297888,53709155,63171838,64435128255.0,5843587934,6246079757,623022262,6.9826,A,H:\valgrind\default\callgrind_Default_1T_fast_qp32_MountainBike_1920x1080_30fps_8bit_1920x1080_30fps_130f.out,32
72,fast,32,Neon1224_4k,2810000000000.0,768000000000.0,360000000000.0,21945900873,6860992790,6278581171,2319976,290271665,317375149,176000000000.0,12988618996,20442115631,2329507946,12.957,A,H:\valgrind\default\callgrind_Default_1T_fast_qp32_Neon1224_3840x2160_2997fps_3840x2160_30fps_130f.out,32
73,fast,32,NocturneDance_4k,2900000000000.0,790000000000.0,371000000000.0,23516991839,7285888913,6455802922,2337404,291364818,315391639,180000000000.0,13568110168,20789453437,2362617787,13.2215,A,H:\valgrind\default\callgrind_Default_1T_fast_qp32_NocturneDance_3840x2160p_8bit_60fps_3840x2160_60fps_130f.out,32
74,fast,32,OldTownCross_1080p50,938000000000.0,251000000000.0,118000000000.0,6267209196,1949559112,1660016338,310318,53668968,62989584,61691526374.0,5070236585,6229983110,638465970,6.3166,A,H:\valgrind\default\callgrind_Default_1T_fast_qp32_OldTownCross_1920x1080p50_1920x1080_50fps_130f.out,32
75,fast,32,PedestrianArea_1080p25,746000000000.0,204000000000.0,95822919551.0,5869719436,1809164508,1603668193,314770,53194768,63076938,46860766061.0,3514289954,5355344305,601989245,6.359,A,H:\valgrind\default\callgrind_Default_1T_fast_qp32_PedestrianArea_1920x1080p25_1920x1080_25fps_130f.out,32
76,fast,32,PierSeaSide_4k,2880000000000.0,787000000000.0,369000000000.0,21774379428,6887966720,6338965629,2008087,250504939,233118236,181000000000.0,13341803155,20835887395,2354981737,13.3017,A,H:\valgrind\default\callgrind_Default_1T_fast_qp32_PierSeaSide_3840x2160_2997fps_8bit_420_3840x2160_30fps_130f.out,32
77,fast,32,RitualDance_2k,685000000000.0,187000000000.0,87590287908.0,5344545282,1675401145,1552622721,321037,53231316,68213257,43006827310.0,3153241178,5016430038,575307468,6.3146,A,H:\valgrind\default\callgrind_Default_1T_fast_qp32_RitualDance_1920x1080_5994_8bit_420_1920x1080_60fps_130f.out,32
78,fast,32,Riverbed_1080p25,870000000000.0,236000000000.0,112000000000.0,6716632126,2015994239,1684873629,344133,59206350,76771122,54926190698.0,4416792753,6047453073,635281466,6.3958,A,H:\valgrind\default\callgrind_Default_1T_fast_qp32_Riverbed_1920x1080p25_1920x1080_25fps_130f.out,32
79,fast,32,RushFieldCuts_2k,943000000000.0,251000000000.0,118000000000.0,6693531858,2010501340,1680645220,334471,57667862,77611717,60635354557.0,5339060883,6179013925,628404331,7.0422,A,H:\valgrind\default\callgrind_Default_1T_fast_qp32_RushFieldCuts_1920x1080_2997_1920x1080_30fps_130f.out,32
80,fast,32,Skater227_2k,648000000000.0,178000000000.0,83185067646.0,5037425715,1665292400,1553495906,313783,51610969,62057498,40278716596.0,2672213540,4874307538,573645004,6.3241,A,H:\valgrind\default\callgrind_Default_1T_fast_qp32_Skater227_1920x1080_30fps_1920x1080_30fps_130f.out,32
81,fast,32,Tango_4k,3020000000000.0,830000000000.0,392000000000.0,22649012081,7266882755,6432249899,2525854,295588633,318272771,193000000000.0,13512785715,22071890424,2483303768,13.2135,A,H:\valgrind\default\callgrind_Default_1T_fast_qp32_Tango_3840x2160_5994fps_8bit_420_3840x2160_60fps_130f.out,32
82,fast,32,TimeLapse_4k,3010000000000.0,818000000000.0,385000000000.0,23503485570,7250238917,6431140143,2388440,291623929,317287338,188000000000.0,14344748570,21442279420,2385681055,13.1057,A,H:\valgrind\default\callgrind_Default_1T_fast_qp32_TimeLapse_3840x2160_5994fps_8bit_420_3840x2160_60fps_130f.out,32
83,fast,32,ToddlerFountain_2k,968000000000.0,257000000000.0,121000000000.0,6564923463,2009596071,1687501581,324147,56266542,77486500,63144665777.0,5498841280,6262028428,627413956,6.6525,A,H:\valgrind\default\callgrind_Default_1T_fast_qp32_ToddlerFountain_1920x1080_2997fps_8bit_420_1920x1080_30fps_130f.out,32
84,fast,32,TreesAndGrass_2k,1190000000000.0,305000000000.0,141000000000.0,6941981797,2075204317,1707297815,348412,57821461,78330692,80511979324.0,7730684527,7049860750,645638337,7.0828,A,H:\valgrind\default\callgrind_Default_1T_fast_qp32_TreesAndGrass_1920_1080_30fps_8bit_1920x1080_30fps_130f.out,32
85,fast,32,TunnelFlag_2k,825000000000.0,222000000000.0,104000000000.0,6222019873,1899566071,1633081296,328675,56377900,76457048,52545797194.0,4350916708,5643495250,606829244,6.3698,A,H:\valgrind\default\callgrind_Default_1T_fast_qp32_TunnelFlag_1920x1080_5994_8bit_420_1920x1080_60fps_130f.out,32
86,fast,32,Vertical_bees_2k,756000000000.0,205000000000.0,96492354452.0,6000444478,1855460209,1618512272,315129,53672312,74019897,47324963677.0,3708356732,5362830505,595991134,6.3654,A,H:\valgrind\default\callgrind_Default_1T_fast_qp32_Vertical_bees_1080x1920_2997_1080x1920_30fps_130f.out,32
87,fast,32,Vertical_Carnaby_2k,674000000000.0,185000000000.0,86537655014.0,5505728772,1761228002,1580913477,336109,53351806,73541826,41690140715.0,3016760829,4983398014,575179116,6.4079,A,H:\valgrind\default\callgrind_Default_1T_fast_qp32_Vertical_Carnaby_1080x1920_5994_1080x1920_60fps_130f.out,32
88,fast,32,WalkingInStreet_2k,1140000000000.0,291000000000.0,135000000000.0,7255452302,1923857960,1651068732,459110,59315281,79390142,76179544998.0,7528927801,6626122454,599759824,7.1539,A,H:\valgrind\default\callgrind_Default_1T_fast_qp32_WalkingInStreet_1920x1080_30fps_1920x1080_30fps_130f.out,32
89,fast,32,WorldCup_2k,231000000000.0,63053697302.0,29427667756.0,1851392309,584642732,538332750,115116,17112742,22508527,14399457652.0,1053359633,1691960037,195845453,6.3585,A,H:\valgrind\default\callgrind_Default_1T_fast_qp32_WorldCup_1920x1080_30p_1920x1080_30fps_130f.out,32
90,fast,32,WorldCup_far_2k,859000000000.0,230000000000.0,109000000000.0,6521358549,1904893825,1637462650,321234,56459808,67929724,54642509680.0,4779753641,5783905425,610038557,6.3898,A,H:\valgrind\default\callgrind_Default_1T_fast_qp32_WorldCup_far_1920x1080_30p_1920x1080_30fps_130f.out,32
91,fast,37,Aerial3200_2k,815000000000.0,221000000000.0,105000000000.0,6283186353,1929448786,1657070573,327115,56846646,75712854,51535813919.0,3964487837,5731309676,622120821,6.3831,A,H:\valgrind\default\callgrind_Default_1T_fast_qp37_Aerial3200_1920x1080_5994_8bit_420_1920x1080_60fps_130f.out,37
92,fast,37,Boat_2k,907000000000.0,243000000000.0,115000000000.0,6514470341,1967723418,1674922568,333088,56099095,76357621,58274766482.0,4962317792,6071862460,621243583,6.3417,A,H:\valgrind\default\callgrind_Default_1T_fast_qp37_Boat_1920x1080_5994_8bit_420_1920x1080_60fps_130f.out,37
93,fast,37,BoxingPractice_4k,2680000000000.0,736000000000.0,344000000000.0,20673394873,6774157591,6293668524,2386680,279803315,310220016,167000000000.0,11431900924,19911125130,2323301691,13.0209,A,H:\valgrind\default\callgrind_Default_1T_fast_qp37_BoxingPractice_3840x2160_5994fps_8bit_420_3840x2160_60fps_130f.out,37
94,fast,37,Crosswalk_4k,2660000000000.0,734000000000.0,343000000000.0,19707460169,6707313704,6272457370,2627462,285762998,308699508,167000000000.0,10864291456,20026172964,2348181430,12.9536,A,H:\valgrind\default\callgrind_Default_1T_fast_qp37_Crosswalk_3840x2160_5994fps_8bit_420_3840x2160_60fps_130f.out,37
95,fast,37,CrowdRun_1080p50,951000000000.0,254000000000.0,120000000000.0,6504529524,1983575104,1682256091,329199,56991641,77385966,61804124506.0,5378037074,6238380342,633080228,6.3421,A,H:\valgrind\default\callgrind_Default_1T_fast_qp37_CrowdRun_1920x1080p50_1920x1080_50fps_130f.out,37
96,fast,37,DinnerSceneCropped_2k,669000000000.0,185000000000.0,86438494206.0,4776516043,1621921625,1552049587,328648,52306184,74231619,42654765260.0,2724378176,5055530680,591618187,6.3238,A,H:\valgrind\default\callgrind_Default_1T_fast_qp37_DinnerSceneCropped_1920x1080_2997fps_8bit_420_1920x1080_30fps_130f.out,37
97,fast,37,FoodMarket2_4k,2930000000000.0,800000000000.0,377000000000.0,23681007274,7410106200,6487713213,2328451,297473747,318368103,182000000000.0,13264452276,21222535709,2408995906,13.2051,A,H:\valgrind\default\callgrind_Default_1T_fast_qp37_FoodMarket2_3840x2160_5994fps_8bit_420_3840x2160_60fps_130f.out,37
98,fast,37,FoodMarket_2k,745000000000.0,204000000000.0,95966754456.0,5681509694,1812822675,1612613476,318740,55139280,67926558,47124108387.0,3383555098,5394055103,606854629,6.3796,A,H:\valgrind\default\callgrind_Default_1T_fast_qp37_FoodMarket_1920x1080_5994_8bit_420_1920x1080_60fps_130f.out,37
99,fast,37,MeridianTalk_sdr_2k,657000000000.0,181000000000.0,84403610501.0,4969022720,1665706924,1560991581,314310,50216270,61575702,41119763095.0,2718578043,4928575807,579260912,6.3354,A,H:\valgrind\default\callgrind_Default_1T_fast_qp37_MeridianTalk_sdr_1920x1080p_5994_8bit_1920x1080_60fps_130f.out,37
100,fast,37,Motorcycle_2k,855000000000.0,228000000000.0,107000000000.0,6134446182,1876568284,1632422342,309484,54927822,68655341,55044785836.0,4693102641,5688924776,601218392,6.3269,A,H:\valgrind\default\callgrind_Default_1T_fast_qp37_Motorcycle_1920x1080_30fps_8bit_1920x1080_30fps_130f.out,37
101,fast,37,MountainBike_2k,874000000000.0,234000000000.0,110000000000.0,6371863291,1944738533,1659335424,305618,52594572,62894955,56080181512.0,4760042847,5824335681,610988645,6.3469,A,H:\valgrind\default\callgrind_Default_1T_fast_qp37_MountainBike_1920x1080_30fps_8bit_1920x1080_30fps_130f.out,37
102,fast,37,Neon1224_4k,2580000000000.0,708000000000.0,330000000000.0,20405139308,6610279445,6215101163,2324503,281908771,310590318,160000000000.0,11215924107,19243302583,2248160287,13.1415,A,H:\valgrind\default\callgrind_Default_1T_fast_qp37_Neon1224_3840x2160_2997fps_3840x2160_30fps_130f.out,37
103,fast,37,NocturneDance_4k,2640000000000.0,723000000000.0,337000000000.0,21412176123,6943060429,6338643141,2348742,282104855,309063502,163000000000.0,11418735258,19472048641,2280734571,13.1773,A,H:\valgrind\default\callgrind_Default_1T_fast_qp37_NocturneDance_3840x2160p_8bit_60fps_3840x2160_60fps_130f.out,37
104,fast,37,OldTownCross_1080p50,789000000000.0,214000000000.0,101000000000.0,5685296794,1797520210,1614708911,312877,50737457,61912002,50490258568.0,3792764003,5563821470,610732450,6.3815,A,H:\valgrind\default\callgrind_Default_1T_fast_qp37_OldTownCross_1920x1080p50_1920x1080_50fps_130f.out,37
105,fast,37,PedestrianArea_1080p25,686000000000.0,188000000000.0,88112295796.0,5387125343,1733942199,1579792647,341245,54207715,74526151,42801720730.0,2993151787,5063483188,586610805,6.3598,A,H:\valgrind\default\callgrind_Default_1T_fast_qp37_PedestrianArea_1920x1080p25_1920x1080_25fps_130f.out,37
106,fast,37,PierSeaSide_4k,2620000000000.0,719000000000.0,335000000000.0,20408739644,6625080529,6284971699,2000009,245428948,232819561,163000000000.0,11374124394,19445159482,2267142044,13.1386,A,H:\valgrind\default\callgrind_Default_1T_fast_qp37_PierSeaSide_3840x2160_2997fps_8bit_420_3840x2160_30fps_130f.out,37
107,fast,37,RitualDance_2k,637000000000.0,175000000000.0,81392001280.0,5033298931,1623181978,1537247961,318452,49396034,62168872,39665187416.0,2761585813,4771581141,560561258,6.3482,A,H:\valgrind\default\callgrind_Default_1T_fast_qp37_RitualDance_1920x1080_5994_8bit_420_1920x1080_60fps_130f.out,37
108,fast,37,Riverbed_1080p25,783000000000.0,214000000000.0,101000000000.0,6282687172,1940415638,1657611448,330321,57769252,68756470,49131558785.0,3651699644,5622019901,619822596,6.362,A,H:\valgrind\default\callgrind_Default_1T_fast_qp37_Riverbed_1920x1080p25_1920x1080_25fps_130f.out,37
109,fast,37,RushFieldCuts_2k,828000000000.0,223000000000.0,105000000000.0,6235696167,1902020490,1647583706,334220,56048568,76730209,52354181924.0,4265884331,5686445542,610900507,6.3248,A,H:\valgrind\default\callgrind_Default_1T_fast_qp37_RushFieldCuts_1920x1080_2997_1920x1080_30fps_130f.out,37
110,fast,37,Skater227_2k,605000000000.0,167000000000.0,77159171103.0,4702183361,1590931923,1536853451,334170,53887988,73674966,37419418852.0,2414479729,4617697186,551762626,6.2943,A,H:\valgrind\default\callgrind_Default_1T_fast_qp37_Skater227_1920x1080_30fps_1920x1080_30fps_130f.out,37
111,fast,37,Tango_4k,3330000000000.0,908000000000.0,405000000000.0,33038974679,6340686182,6178434740,2473231,245641370,220476573,177000000000.0,11887641780,20521283141,2380177414,13.1884,A,H:\valgrind\default\callgrind_Default_1T_fast_qp37_Tango_3840x2160_5994fps_8bit_420_3840x2160_60fps_130f.out,37
112,fast,37,TimeLapse_4k,2740000000000.0,750000000000.0,351000000000.0,21906871253,6980559537,6344502923,2412522,286774515,313927892,170000000000.0,12134486676,20120046201,2318571052,13.1057,A,H:\valgrind\default\callgrind_Default_1T_fast_qp37_TimeLapse_3840x2160_5994fps_8bit_420_3840x2160_60fps_130f.out,37
113,fast,37,ToddlerFountain_2k,828000000000.0,223000000000.0,105000000000.0,6148554661,1900114762,1649157176,313956,51216132,61299789,52670699054.0,4188621419,5674380513,609147770,6.3507,A,H:\valgrind\default\callgrind_Default_1T_fast_qp37_ToddlerFountain_1920x1080_2997fps_8bit_420_1920x1080_30fps_130f.out,37
114,fast,37,TreesAndGrass_2k,1040000000000.0,274000000000.0,128000000000.0,6689163439,2018884733,1691179382,349847,56708410,76873168,69164240466.0,6283730162,6570830644,634404936,6.3948,A,H:\valgrind\default\callgrind_Default_1T_fast_qp37_TreesAndGrass_1920_1080_30fps_8bit_1920x1080_30fps_130f.out,37
115,fast,37,TunnelFlag_2k,737000000000.0,201000000000.0,94092039262.0,5714331642,1784687916,1596926462,333113,54318810,75164032,46445550887.0,3534316423,5262133457,591516285,6.3631,A,H:\valgrind\default\callgrind_Default_1T_fast_qp37_TunnelFlag_1920x1080_5994_8bit_420_1920x1080_60fps_130f.out,37
116,fast,37,Vertical_bees_2k,699000000000.0,191000000000.0,89423745634.0,5636615659,1774371449,1590478378,320896,51788447,72732650,43495764249.0,3217092354,5090185130,581653537,6.4461,A,H:\valgrind\default\callgrind_Default_1T_fast_qp37_Vertical_bees_1080x1920_2997_1080x1920_30fps_130f.out,37
117,fast,37,Vertical_Carnaby_2k,633000000000.0,174000000000.0,81090038506.0,5142780845,1670990903,1550589836,319876,52713724,73613623,39093877414.0,2700302314,4774284464,561050909,6.3596,A,H:\valgrind\default\callgrind_Default_1T_fast_qp37_Vertical_Carnaby_1080x1920_5994_1080x1920_60fps_130f.out,37
118,fast,37,WalkingInStreet_2k,820000000000.0,215000000000.0,101000000000.0,5894307794,1591869264,1367597434,324161,45112799,52430521,53452562974.0,5029702862,5117002856,498308362,6.4568,A,H:\valgrind\default\callgrind_Default_1T_fast_qp37_WalkingInStreet_1920x1080_30fps_1920x1080_30fps_130f.out,37
119,fast,37,WorldCup_2k,132000000000.0,36307040273.0,16893949118.0,1062069263,344101268,325232208,78900,10214465,14598609,8241069347.0,574194288,991459858,116783200,6.2898,A,H:\valgrind\default\callgrind_Default_1T_fast_qp37_WorldCup_1920x1080_30p_1920x1080_30fps_130f.out,37
120,fast,37,WorldCup_far_2k,776000000000.0,210000000000.0,99053268159.0,6154946856,1857595891,1623547485,318985,55766089,68772653,48748925948.0,3962662042,5431139336,597901542,6.313,A,H:\valgrind\default\callgrind_Default_1T_fast_qp37_WorldCup_far_1920x1080_30p_1920x1080_30fps_130f.out,37
121,faster,22,Aerial3200_2k,1340000000000.0,345000000000.0,161000000000.0,7555933210,2177430557,1745525018,304216,57338600,63972202,90956525380.0,9220539219,7746862002,662127662,7.1671,A,H:\valgrind\default\callgrind_Default_1T_faster_qp22_Aerial3200_1920x1080_5994_8bit_420_1920x1080_60fps_130f.out,22
122,faster,22,Boat_2k,1360000000000.0,341000000000.0,156000000000.0,7282736099,2144694860,1728690401,348261,60289644,82011181,93436884966.0,9460823229,7541916369,642448384,7.1358,A,H:\valgrind\default\callgrind_Default_1T_faster_qp22_Boat_1920x1080_5994_8bit_420_1920x1080_60fps_130f.out,22
123,faster,22,BoxingPractice_4k,3580000000000.0,947000000000.0,446000000000.0,23874840003,7007150310,5822860460,1675509,229009753,203209666,233000000000.0,21150003648,22590004819,2185611146,13.6248,A,H:\valgrind\default\callgrind_Default_1T_faster_qp22_BoxingPractice_3840x2160_5994fps_8bit_420_3840x2160_60fps_130f.out,22
124,faster,22,Crosswalk_4k,4180000000000.0,1110000000000.0,525000000000.0,27939900114,8534215197,6935524898,2267622,317837346,342382793,271000000000.0,23409274604,26721990601,2618309801,13.055,A,H:\valgrind\default\callgrind_Default_1T_faster_qp22_Crosswalk_3840x2160_5994fps_8bit_420_3840x2160_60fps_130f.out,22
125,faster,22,CrowdRun_1080p50,1590000000000.0,395000000000.0,179000000000.0,7629867301,2229443832,1759900331,347322,62109682,84104408,113000000000.0,11512688061,8325863756,663887087,7.2255,A,H:\valgrind\default\callgrind_Default_1T_faster_qp22_CrowdRun_1920x1080p50_1920x1080_50fps_130f.out,22
126,faster,22,DinnerSceneCropped_2k,1390000000000.0,359000000000.0,166000000000.0,7521739016,2236394680,1757762069,333984,60936265,80409518,95786582397.0,9579898207,7848606164,671929559,6.3792,A,H:\valgrind\default\callgrind_Default_1T_faster_qp22_DinnerSceneCropped_1920x1080_2997fps_8bit_420_1920x1080_30fps_130f.out,22
127,faster,22,FoodMarket2_4k,4330000000000.0,1140000000000.0,541000000000.0,28983218728,8459786076,6907308435,2265111,316804738,342513474,280000000000.0,26200356310,27270903411,2581809580,13.9507,A,H:\valgrind\default\callgrind_Default_1T_faster_qp22_FoodMarket2_3840x2160_5994fps_8bit_420_3840x2160_60fps_130f.out,22
128,faster,22,FoodMarket_2k,1320000000000.0,340000000000.0,158000000000.0,7412948366,2161961056,1739025053,306297,56929958,64008604,89003168820.0,8785003742,7590633289,661942805,6.8418,A,H:\valgrind\default\callgrind_Default_1T_faster_qp22_FoodMarket_1920x1080_5994_8bit_420_1920x1080_60fps_130f.out,22
129,faster,22,MeridianTalk_sdr_2k,1300000000000.0,337000000000.0,148000000000.0,12207377664,1919523400,1654870485,314949,54886785,60445478,71142806059.0,6176002393,6654753990,647685814,6.3813,A,H:\valgrind\default\callgrind_Default_1T_faster_qp22_MeridianTalk_sdr_1920x1080p_5994_8bit_1920x1080_60fps_130f.out,22
130,faster,22,Motorcycle_2k,1470000000000.0,368000000000.0,160000000000.0,12780265447,1907770760,1653935422,321411,54945725,61609741,83795482029.0,7961025039,7021001193,635826631,7.0665,A,H:\valgrind\default\callgrind_Default_1T_faster_qp22_Motorcycle_1920x1080_30fps_8bit_1920x1080_30fps_130f.out,22
131,faster,22,MountainBike_2k,1250000000000.0,318000000000.0,147000000000.0,7249266092,2091062397,1716447060,312104,55816940,64253221,85102770249.0,8351429793,7186564141,639803878,7.0957,A,H:\valgrind\default\callgrind_Default_1T_faster_qp22_MountainBike_1920x1080_30fps_8bit_1920x1080_30fps_130f.out,22
132,faster,22,Neon1224_4k,3520000000000.0,944000000000.0,446000000000.0,25688987985,7700803029,6607614113,2239770,303473630,332119814,225000000000.0,19090278898,23724937495,2482732425,13.4567,A,H:\valgrind\default\callgrind_Default_1T_faster_qp22_Neon1224_3840x2160_2997fps_3840x2160_30fps_130f.out,22
133,faster,22,NocturneDance_4k,3750000000000.0,1000000000000.0,475000000000.0,27788883539,8088934385,6786993122,2265264,308605382,333309184,239000000000.0,21439873155,24751767559,2516804453,13.3742,A,H:\valgrind\default\callgrind_Default_1T_faster_qp22_NocturneDance_3840x2160p_8bit_60fps_3840x2160_60fps_130f.out,22
134,faster,22,OldTownCross_1080p50,1610000000000.0,402000000000.0,182000000000.0,7686624810,2183784222,1753340466,326608,57994593,66083197,114000000000.0,11757197075,8385028654,666254150,7.1316,A,H:\valgrind\default\callgrind_Default_1T_faster_qp22_OldTownCross_1920x1080p50_1920x1080_50fps_130f.out,22
135,faster,22,PedestrianArea_1080p25,1090000000000.0,287000000000.0,134000000000.0,6990129532,2110375728,1706761413,353698,58019603,77155723,71330833147.0,6634072429,6742351921,638347265,6.3747,A,H:\valgrind\default\callgrind_Default_1T_faster_qp22_PedestrianArea_1920x1080p25_1920x1080_25fps_130f.out,22
136,faster,22,PierSeaSide_4k,3940000000000.0,1050000000000.0,493000000000.0,26507555423,7914543610,6676605498,2496079,311197751,337763622,257000000000.0,22745140827,25485606856,2542770453,13.2578,A,H:\valgrind\default\callgrind_Default_1T_faster_qp22_PierSeaSide_3840x2160_2997fps_8bit_420_3840x2160_30fps_130f.out,22
137,faster,22,RitualDance_2k,840000000000.0,226000000000.0,106000000000.0,6130065023,1847197273,1615566131,311104,52546463,62414682,54136817231.0,4566393840,5720015944,604854750,6.3007,A,H:\valgrind\default\callgrind_Default_1T_faster_qp22_RitualDance_1920x1080_5994_8bit_420_1920x1080_60fps_130f.out,22
138,faster,22,Riverbed_1080p25,1520000000000.0,387000000000.0,169000000000.0,13490065073,1992597650,1691906116,332385,56915766,61707323,83274077935.0,8036746268,7381127400,652972035,6.4294,A,H:\valgrind\default\callgrind_Default_1T_faster_qp22_Riverbed_1920x1080p25_1920x1080_25fps_130f.out,22
139,faster,22,RushFieldCuts_2k,1250000000000.0,321000000000.0,150000000000.0,7317033929,2147375646,1718682842,329773,58707441,79618513,83638488329.0,8174118752,7348848326,655043190,7.0231,A,H:\valgrind\default\callgrind_Default_1T_faster_qp22_RushFieldCuts_1920x1080_2997_1920x1080_30fps_130f.out,22
140,faster,22,Skater227_2k,768000000000.0,210000000000.0,99229755763.0,5965288006,1862885185,1621749180,309298,56986659,68433389,48592893488.0,3591779643,5516811396,615477399,6.3206,A,H:\valgrind\default\callgrind_Default_1T_faster_qp22_Skater227_1920x1080_30fps_1920x1080_30fps_130f.out,22
141,faster,22,Tango_4k,3940000000000.0,1010000000000.0,440000000000.0,35282232678,5312279568,4536450133,1522603,176085180,152702312,216000000000.0,19650484906,19173196667,1760422184,14.0446,A,H:\valgrind\default\callgrind_Default_1T_faster_qp22_Tango_3840x2160_5994fps_8bit_420_3840x2160_60fps_130f.out,22
142,faster,22,TimeLapse_4k,4020000000000.0,1060000000000.0,499000000000.0,26909478315,8029788101,6744944510,2350143,307473264,336706384,262000000000.0,23825702401,25612156816,2524526094,8.4907,A,H:\valgrind\default\callgrind_Default_1T_faster_qp22_TimeLapse_3840x2160_5994fps_8bit_420_3840x2160_60fps_130f.out,22
143,faster,22,ToddlerFountain_2k,1350000000000.0,343000000000.0,158000000000.0,7371978925,2187578253,1740400878,332207,60321729,81792947,93156938752.0,9410795292,7596328933,657649119,7.1011,A,H:\valgrind\default\callgrind_Default_1T_faster_qp22_ToddlerFountain_1920x1080_2997fps_8bit_420_1920x1080_30fps_130f.out,22
144,faster,22,TreesAndGrass_2k,1490000000000.0,368000000000.0,167000000000.0,7377245602,2168105982,1738657079,356840,59812824,82132721,105000000000.0,10307918039,7944440559,658038167,7.2048,A,H:\valgrind\default\callgrind_Default_1T_faster_qp22_TreesAndGrass_1920_1080_30fps_8bit_1920x1080_30fps_130f.out,22
145,faster,22,TunnelFlag_2k,1130000000000.0,295000000000.0,137000000000.0,7168923437,2062225178,1694949021,306083,55826494,63420155,75391115447.0,7304251714,6865990465,634081588,6.8743,A,H:\valgrind\default\callgrind_Default_1T_faster_qp22_TunnelFlag_1920x1080_5994_8bit_420_1920x1080_60fps_130f.out,22
146,faster,22,Vertical_bees_2k,925000000000.0,246000000000.0,116000000000.0,6726774803,1997056014,1667862192,318681,55899526,75926562,59322821004.0,5277515432,6102099154,621466690,6.4007,A,H:\valgrind\default\callgrind_Default_1T_faster_qp22_Vertical_bees_1080x1920_2997_1080x1920_30fps_130f.out,22
147,faster,22,Vertical_Carnaby_2k,813000000000.0,220000000000.0,104000000000.0,6398257030,1938607593,1638052539,336026,53839771,74376866,50984814629.0,4250576219,5609431986,604618874,6.3932,A,H:\valgrind\default\callgrind_Default_1T_faster_qp22_Vertical_Carnaby_1080x1920_5994_1080x1920_60fps_130f.out,22
148,faster,22,WalkingInStreet_2k,1430000000000.0,349000000000.0,157000000000.0,7403010716,1956957939,1658991070,441412,61882249,84972230,102000000000.0,10208998087,7361809687,600670974,7.2554,A,H:\valgrind\default\callgrind_Default_1T_faster_qp22_WalkingInStreet_1920x1080_30fps_1920x1080_30fps_130f.out,22
149,faster,22,WorldCup_2k,479000000000.0,129000000000.0,60562301668.0,3683130204,1096267668,955189688,181988,32716536,41803559,30375246229.0,2556438628,3272428993,353092176,6.3279,A,H:\valgrind\default\callgrind_Default_1T_faster_qp22_WorldCup_1920x1080_30p_1920x1080_30fps_130f.out,22
150,faster,22,WorldCup_far_2k,1100000000000.0,284000000000.0,133000000000.0,7145278187,2003780619,1677359514,316851,58698228,69634935,72468106688.0,7141334815,6651514819,626617059,7.0555,A,H:\valgrind\default\callgrind_Default_1T_faster_qp22_WorldCup_far_1920x1080_30p_1920x1080_30fps_130f.out,22
151,faster,27,Aerial3200_2k,1120000000000.0,295000000000.0,139000000000.0,7224761571,2105733350,1707715650,349721,59736569,78155309,73309643962.0,6877117983,7003673006,655679936,6.3714,A,H:\valgrind\default\callgrind_Default_1T_faster_qp27_Aerial3200_1920x1080_5994_8bit_420_1920x1080_60fps_130f.out,27
152,faster,27,Boat_2k,1190000000000.0,306000000000.0,142000000000.0,7076968603,2061240347,1698443867,350662,58875364,79699759,79749051620.0,7828801401,7074493234,639966107,6.8668,A,H:\valgrind\default\callgrind_Default_1T_faster_qp27_Boat_1920x1080_5994_8bit_420_1920x1080_60fps_130f.out,27
153,faster,27,BoxingPractice_4k,3400000000000.0,920000000000.0,435000000000.0,25370158737,7875732373,6654831895,1971309,261695879,233136093,217000000000.0,17318503966,23440476855,2503978748,13.0487,A,H:\valgrind\default\callgrind_Default_1T_faster_qp27_BoxingPractice_3840x2160_5994fps_8bit_420_3840x2160_60fps_130f.out,27
154,faster,27,Crosswalk_4k,3280000000000.0,899000000000.0,426000000000.0,24498213529,7871432522,6636719870,2415555,302831514,324036903,212000000000.0,15338562375,23403312503,2562680626,12.9287,A,H:\valgrind\default\callgrind_Default_1T_faster_qp27_Crosswalk_3840x2160_5994fps_8bit_420_3840x2160_60fps_130f.out,27
155,faster,27,CrowdRun_1080p50,1340000000000.0,341000000000.0,158000000000.0,7351050570,2160359244,1729412053,336965,60765834,81568207,91812665701.0,9110243380,7617748576,660916698,7.0286,A,H:\valgrind\default\callgrind_Default_1T_faster_qp27_CrowdRun_1920x1080p50_1920x1080_50fps_130f.out,27
156,faster,27,DinnerSceneCropped_2k,1050000000000.0,279000000000.0,132000000000.0,6980285243,2104267698,1705445036,344670,60272176,78203504,68168672940.0,5866010617,6696763096,659662509,6.3581,A,H:\valgrind\default\callgrind_Default_1T_faster_qp27_DinnerSceneCropped_1920x1080_2997fps_8bit_420_1920x1080_30fps_130f.out,27
157,faster,27,FoodMarket2_4k,3630000000000.0,980000000000.0,466000000000.0,27353637470,8129559613,6747210669,2256222,308496155,330175355,230000000000.0,19457884847,24633603180,2544216527,13.2135,A,H:\valgrind\default\callgrind_Default_1T_faster_qp27_FoodMarket2_3840x2160_5994fps_8bit_420_3840x2160_60fps_130f.out,27
158,faster,27,FoodMarket_2k,1020000000000.0,271000000000.0,128000000000.0,6893000324,2113435627,1713731452,306612,55333794,62674100,66018909934.0,5769193292,6587392846,649553409,6.3553,A,H:\valgrind\default\callgrind_Default_1T_faster_qp27_FoodMarket_1920x1080_5994_8bit_420_1920x1080_60fps_130f.out,27
159,faster,27,MeridianTalk_sdr_2k,820000000000.0,223000000000.0,105000000000.0,6015677937,1935215449,1644788462,309657,52814922,62152436,52820519307.0,3985780570,5755927603,625988665,6.3492,A,H:\valgrind\default\callgrind_Default_1T_faster_qp27_MeridianTalk_sdr_1920x1080p_5994_8bit_1920x1080_60fps_130f.out,27
160,faster,27,Motorcycle_2k,1080000000000.0,280000000000.0,130000000000.0,6856129876,2027933671,1689750783,304043,55040243,64329326,72442009952.0,6849913814,6557742696,627672151,7.0063,A,H:\valgrind\default\callgrind_Default_1T_faster_qp27_Motorcycle_1920x1080_30fps_8bit_1920x1080_30fps_130f.out,27
161,faster,27,MountainBike_2k,1360000000000.0,346000000000.0,151000000000.0,12710023081,1851192484,1639734009,323380,54573530,61281668,75645431734.0,7104533788,6728370987,633472412,7.0351,A,H:\valgrind\default\callgrind_Default_1T_faster_qp27_MountainBike_1920x1080_30fps_8bit_1920x1080_30fps_130f.out,27
162,faster,27,Neon1224_4k,3130000000000.0,848000000000.0,400000000000.0,23904629813,7327267319,6441499128,2260808,298293685,324189775,198000000000.0,15643055172,21976019292,2413352518,12.9711,A,H:\valgrind\default\callgrind_Default_1T_faster_qp27_Neon1224_3840x2160_2997fps_3840x2160_30fps_130f.out,27
163,faster,27,NocturneDance_4k,3290000000000.0,888000000000.0,420000000000.0,25817745095,7745021314,6625721856,2279145,301828220,327063775,206000000000.0,17002888199,22702007775,2454059085,13.2943,A,H:\valgrind\default\callgrind_Default_1T_faster_qp27_NocturneDance_3840x2160p_8bit_60fps_3840x2160_60fps_130f.out,27
164,faster,27,OldTownCross_1080p50,1260000000000.0,327000000000.0,152000000000.0,7330209465,2200180969,1749588118,312755,55884222,63110692,84396410992.0,8025545148,7377228756,663037537,7.1214,A,H:\valgrind\default\callgrind_Default_1T_faster_qp27_OldTownCross_1920x1080p50_1920x1080_50fps_130f.out,27
165,faster,27,PedestrianArea_1080p25,860000000000.0,232000000000.0,110000000000.0,6432388615,1946828689,1643750092,326525,56417646,76049978,54768634787.0,4513383977,5878481106,621796601,6.3449,A,H:\valgrind\default\callgrind_Default_1T_faster_qp27_PedestrianArea_1920x1080p25_1920x1080_25fps_130f.out,27
166,faster,27,PierSeaSide_4k,3280000000000.0,888000000000.0,419000000000.0,23561692983,7334359562,6461674419,2409205,296349662,323923758,209000000000.0,16687757201,22786580942,2451429737,13.27,A,H:\valgrind\default\callgrind_Default_1T_faster_qp27_PierSeaSide_3840x2160_2997fps_8bit_420_3840x2160_30fps_130f.out,27
167,faster,27,RitualDance_2k,749000000000.0,204000000000.0,95451629902.0,5703295577,1755815608,1574394732,341014,54001075,74942025,47574789704.0,3722827728,5322608352,589353688,6.3314,A,H:\valgrind\default\callgrind_Default_1T_faster_qp27_RitualDance_1920x1080_5994_8bit_420_1920x1080_60fps_130f.out,27
168,faster,27,Riverbed_1080p25,1010000000000.0,271000000000.0,129000000000.0,7152318255,2074945103,1699939322,339802,60792180,78245724,64835798435.0,5766197040,6648670511,649230378,6.4041,A,H:\valgrind\default\callgrind_Default_1T_faster_qp27_Riverbed_1920x1080p25_1920x1080_25fps_130f.out,27
169,faster,27,RushFieldCuts_2k,1100000000000.0,288000000000.0,135000000000.0,7087465896,2051374905,1684951057,333701,58679196,78821577,72044709068.0,6758869363,6799297099,643925455,7.0206,A,H:\valgrind\default\callgrind_Default_1T_faster_qp27_RushFieldCuts_1920x1080_2997_1920x1080_30fps_130f.out,27
170,faster,27,Skater227_2k,704000000000.0,193000000000.0,90785830556.0,5455162997,1760700008,1579004269,338232,56456810,75016755,44115067737.0,3050376687,5192430726,596722099,6.3504,A,H:\valgrind\default\callgrind_Default_1T_faster_qp27_Skater227_1920x1080_30fps_1920x1080_30fps_130f.out,27
171,faster,27,Tango_4k,3620000000000.0,981000000000.0,466000000000.0,26137218101,8208593308,6780484977,2022456,279741092,257885648,234000000000.0,18351227009,24792499048,2596672439,13.3681,A,H:\valgrind\default\callgrind_Default_1T_faster_qp27_Tango_3840x2160_5994fps_8bit_420_3840x2160_60fps_130f.out,27
172,faster,27,TimeLapse_4k,3420000000000.0,921000000000.0,434000000000.0,25175715823,7691876532,6575535367,2331527,300255630,327314952,217000000000.0,17995788092,23315635009,2462780113,13.0925,A,H:\valgrind\default\callgrind_Default_1T_faster_qp27_TimeLapse_3840x2160_5994fps_8bit_420_3840x2160_60fps_130f.out,27
173,faster,27,ToddlerFountain_2k,1140000000000.0,297000000000.0,138000000000.0,6962967446,2065092389,1699927355,341529,58358603,79948160,76623897188.0,7268165289,6908610004,644522592,7.0285,A,H:\valgrind\default\callgrind_Default_1T_faster_qp27_ToddlerFountain_1920x1080_2997fps_8bit_420_1920x1080_30fps_130f.out,27
174,faster,27,TreesAndGrass_2k,1340000000000.0,337000000000.0,154000000000.0,7182724520,2098484149,1709993657,355599,59165859,80550541,92748865870.0,9116122642,7517786910,653985442,7.1124,A,H:\valgrind\default\callgrind_Default_1T_faster_qp27_TreesAndGrass_1920_1080_30fps_8bit_1920x1080_30fps_130f.out,27
175,faster,27,TunnelFlag_2k,959000000000.0,255000000000.0,120000000000.0,6806087545,1997084260,1660846254,322911,57450376,76678018,62162447632.0,5614935868,6216271507,623026237,6.3523,A,H:\valgrind\default\callgrind_Default_1T_faster_qp27_TunnelFlag_1920x1080_5994_8bit_420_1920x1080_60fps_130f.out,27
176,faster,27,Vertical_bees_2k,831000000000.0,224000000000.0,106000000000.0,6389665441,1902188475,1627561957,307848,54947445,74964053,52572647368.0,4391781138,5715939113,611104383,6.3751,A,H:\valgrind\default\callgrind_Default_1T_faster_qp27_Vertical_bees_1080x1920_2997_1080x1920_30fps_130f.out,27
177,faster,27,Vertical_Carnaby_2k,735000000000.0,200000000000.0,94388006879.0,5964811580,1845537074,1608028801,315209,50781996,63597152,45621913825.0,3528970315,5271966231,591869433,6.4061,A,H:\valgrind\default\callgrind_Default_1T_faster_qp27_Vertical_Carnaby_1080x1920_5994_1080x1920_60fps_130f.out,27
178,faster,27,WalkingInStreet_2k,1300000000000.0,326000000000.0,149000000000.0,7369732682,1920120760,1645194044,441063,60571720,81934376,90303932552.0,9131077045,7080809523,599670520,7.2329,A,H:\valgrind\default\callgrind_Default_1T_faster_qp27_WalkingInStreet_1920x1080_30fps_1920x1080_30fps_130f.out,27
179,faster,27,WorldCup_2k,432000000000.0,117000000000.0,55001930187.0,3422923274,1076345149,948328201,190011,32184987,41398217,27132250356.0,2117502318,3076189856,345848245,6.3472,A,H:\valgrind\default\callgrind_Default_1T_faster_qp27_WorldCup_1920x1080_30p_1920x1080_30fps_130f.out,27
180,faster,27,WorldCup_far_2k,969000000000.0,256000000000.0,120000000000.0,6875162538,2005699659,1671125633,313661,56908914,67792542,62687537962.0,5874992413,6214798960,620864523,7.0531,A,H:\valgrind\default\callgrind_Default_1T_faster_qp27_WorldCup_far_1920x1080_30p_1920x1080_30fps_130f.out,27
181,faster,32,Aerial3200_2k,938000000000.0,252000000000.0,119000000000.0,6775945232,2053366037,1697160496,325088,58097550,76806890,60150917914.0,5096271567,6281447536,639632379,6.3725,A,H:\valgrind\default\callgrind_Default_1T_faster_qp32_Aerial3200_1920x1080_5994_8bit_420_1920x1080_60fps_130f.out,32
182,faster,32,Boat_2k,1030000000000.0,272000000000.0,128000000000.0,6803324183,2052042889,1695705004,349464,57052267,77318449,67622574237.0,6221992550,6553082595,631758849,6.3672,A,H:\valgrind\default\callgrind_Default_1T_faster_qp32_Boat_1920x1080_5994_8bit_420_1920x1080_60fps_130f.out,32
183,faster,32,BoxingPractice_4k,2910000000000.0,797000000000.0,375000000000.0,22371628037,7072993929,6375042564,1951201,252796755,231942364,184000000000.0,13298223078,21151266312,2399335743,13.0006,A,H:\valgrind\default\callgrind_Default_1T_faster_qp32_BoxingPractice_3840x2160_5994fps_8bit_420_3840x2160_60fps_130f.out,32
184,faster,32,Crosswalk_4k,2870000000000.0,791000000000.0,372000000000.0,21351222153,7032326600,6348415009,2639731,294278904,315299856,183000000000.0,12290400220,21279542455,2436085636,12.9114,A,H:\valgrind\default\callgrind_Default_1T_faster_qp32_Crosswalk_3840x2160_5994fps_8bit_420_3840x2160_60fps_130f.out,32
185,faster,32,CrowdRun_1080p50,1120000000000.0,292000000000.0,137000000000.0,6896475262,2088897208,1710208461,333728,58711626,78962350,74386921208.0,6968390723,6870509610,648426515,7.072,A,H:\valgrind\default\callgrind_Default_1T_faster_qp32_CrowdRun_1920x1080p50_1920x1080_50fps_130f.out,32
186,faster,32,DinnerSceneCropped_2k,783000000000.0,215000000000.0,102000000000.0,5740709242,1879573266,1628922848,323328,57391767,76647069,50915046581.0,3578512125,5667770626,631116451,6.2705,A,H:\valgrind\default\callgrind_Default_1T_faster_qp32_DinnerSceneCropped_1920x1080_2997fps_8bit_420_1920x1080_30fps_130f.out,32
187,faster,32,FoodMarket2_4k,3200000000000.0,872000000000.0,413000000000.0,25525305529,7696863555,6604390091,2320984,302169329,323937825,200000000000.0,15615460645,22627885687,2476294024,13.2082,A,H:\valgrind\default\callgrind_Default_1T_faster_qp32_FoodMarket2_3840x2160_5994fps_8bit_420_3840x2160_60fps_130f.out,32
188,faster,32,FoodMarket_2k,1020000000000.0,272000000000.0,122000000000.0,11125409626,1808460745,1618460442,319143,53766010,60264350,54441632147.0,4220426865,5846349244,626804172,6.3658,A,H:\valgrind\default\callgrind_Default_1T_faster_qp32_FoodMarket_1920x1080_5994_8bit_420_1920x1080_60fps_130f.out,32
189,faster,32,MeridianTalk_sdr_2k,713000000000.0,196000000000.0,91840015468.0,5384235615,1747382087,1582132844,311737,51639741,61754068,45121688277.0,3129087803,5232607693,599587195,6.3348,A,H:\valgrind\default\callgrind_Default_1T_faster_qp32_MeridianTalk_sdr_1920x1080p_5994_8bit_1920x1080_60fps_130f.out,32
190,faster,32,Motorcycle_2k,960000000000.0,252000000000.0,117000000000.0,6485243488,1926139163,1651471461,300815,53582624,63191842,62981068422.0,5714518065,6088407683,614701505,7.0665,A,H:\valgrind\default\callgrind_Default_1T_faster_qp32_Motorcycle_1920x1080_30fps_8bit_1920x1080_30fps_130f.out,32
191,faster,32,MountainBike_2k,985000000000.0,259000000000.0,121000000000.0,6692299019,1976518189,1676088092,308881,57194596,69184283,64450804508.0,5843909778,6246660700,623013378,6.9826,A,H:\valgrind\default\callgrind_Default_1T_faster_qp32_MountainBike_1920x1080_30fps_8bit_1920x1080_30fps_130f.out,32
192,faster,32,Neon1224_4k,2810000000000.0,768000000000.0,360000000000.0,21945908935,6854368707,6281091786,2269634,290605485,316780937,176000000000.0,12988637186,20442107090,2329511694,12.957,A,H:\valgrind\default\callgrind_Default_1T_faster_qp32_Neon1224_3840x2160_2997fps_3840x2160_30fps_130f.out,32
193,faster,32,NocturneDance_4k,2900000000000.0,790000000000.0,371000000000.0,23517816382,7277070530,6453003486,2319954,291283404,317767031,180000000000.0,13569018589,20789503872,2362625760,13.2215,A,H:\valgrind\default\callgrind_Default_1T_faster_qp32_NocturneDance_3840x2160p_8bit_60fps_3840x2160_60fps_130f.out,32
194,faster,32,OldTownCross_1080p50,938000000000.0,251000000000.0,119000000000.0,6267164588,1938111537,1656719521,319068,56886461,68786609,61706830036.0,5070186762,6230547651,638457517,6.3166,A,H:\valgrind\default\callgrind_Default_1T_faster_qp32_OldTownCross_1920x1080p50_1920x1080_50fps_130f.out,32
195,faster,32,PedestrianArea_1080p25,746000000000.0,204000000000.0,95862732986.0,5867794407,1844311599,1617024450,340759,54946880,74621585,46890333005.0,3511738731,5358074413,601922441,6.359,A,H:\valgrind\default\callgrind_Default_1T_faster_qp32_PedestrianArea_1920x1080p25_1920x1080_25fps_130f.out,32
196,faster,32,PierSeaSide_4k,2880000000000.0,787000000000.0,369000000000.0,21767814400,6913565486,6355082736,2404242,283635417,314353351,181000000000.0,13332377665,20838958175,2354611515,13.3017,A,H:\valgrind\default\callgrind_Default_1T_faster_qp32_PierSeaSide_3840x2160_2997fps_8bit_420_3840x2160_30fps_130f.out,32
197,faster,32,RitualDance_2k,685000000000.0,187000000000.0,87612783741.0,5342676178,1698734760,1562418232,338254,53282131,74710960,43020965582.0,3151023743,5018584481,575252796,6.3146,A,H:\valgrind\default\callgrind_Default_1T_faster_qp32_RitualDance_1920x1080_5994_8bit_420_1920x1080_60fps_130f.out,32
198,faster,32,Riverbed_1080p25,870000000000.0,236000000000.0,112000000000.0,6716631540,2029494803,1687162648,358766,59381648,76637456,54926436502.0,4416115840,6047467226,635279255,6.3958,A,H:\valgrind\default\callgrind_Default_1T_faster_qp32_Riverbed_1920x1080p25_1920x1080_25fps_130f.out,32
199,faster,32,RushFieldCuts_2k,943000000000.0,251000000000.0,118000000000.0,6696021520,1981870851,1669405892,299570,53433564,62295381,60604753410.0,5341477876,6176222785,628523608,7.0422,A,H:\valgrind\default\callgrind_Default_1T_faster_qp32_RushFieldCuts_1920x1080_2997_1920x1080_30fps_130f.out,32
200,faster,32,Skater227_2k,649000000000.0,178000000000.0,83225130256.0,5036105902,1678538725,1563393333,316629,54999768,74623082,40308483521.0,2669266470,4877049200,573601509,6.3241,A,H:\valgrind\default\callgrind_Default_1T_faster_qp32_Skater227_1920x1080_30fps_1920x1080_30fps_130f.out,32
201,faster,32,Tango_4k,3020000000000.0,829000000000.0,392000000000.0,22655306284,7254500119,6438224523,2029667,258151920,231324382,193000000000.0,13523153431,22068807132,2483663529,13.2135,A,H:\valgrind\default\callgrind_Default_1T_faster_qp32_Tango_3840x2160_5994fps_8bit_420_3840x2160_60fps_130f.out,32
202,faster,32,TimeLapse_4k,3010000000000.0,818000000000.0,385000000000.0,23503768544,7208079061,6426443296,2451254,292581650,318558024,188000000000.0,14344983681,21442279877,2385694779,13.1057,A,H:\valgrind\default\callgrind_Default_1T_faster_qp32_TimeLapse_3840x2160_5994fps_8bit_420_3840x2160_60fps_130f.out,32
203,faster,32,ToddlerFountain_2k,968000000000.0,257000000000.0,121000000000.0,6565031925,2013546402,1684175139,342198,56384118,77636646,63144689218.0,5499024622,6262029889,627412009,6.6525,A,H:\valgrind\default\callgrind_Default_1T_faster_qp32_ToddlerFountain_1920x1080_2997fps_8bit_420_1920x1080_30fps_130f.out,32
204,faster,32,TreesAndGrass_2k,1190000000000.0,305000000000.0,141000000000.0,6942340917,2090763574,1709769197,352591,57927547,79122158,80512410263.0,7730931559,7049888174,645648825,7.0828,A,H:\valgrind\default\callgrind_Default_1T_faster_qp32_TreesAndGrass_1920_1080_30fps_8bit_1920x1080_30fps_130f.out,32
205,faster,32,TunnelFlag_2k,825000000000.0,222000000000.0,104000000000.0,6222029977,1900009201,1638009597,337871,55636201,75333358,52545704633.0,4350663980,5643489453,606833665,6.3698,A,H:\valgrind\default\callgrind_Default_1T_faster_qp32_TunnelFlag_1920x1080_5994_8bit_420_1920x1080_60fps_130f.out,32
206,faster,32,Vertical_bees_2k,755000000000.0,205000000000.0,96452250656.0,6002131923,1828241724,1606759408,297619,50557431,63471800,47295144489.0,3710195471,5360107159,596041056,6.3654,A,H:\valgrind\default\callgrind_Default_1T_faster_qp32_Vertical_bees_1080x1920_2997_1080x1920_30fps_130f.out,32
207,faster,32,Vertical_Carnaby_2k,674000000000.0,185000000000.0,86537665287.0,5505667180,1766885447,1581694207,327437,53382181,73523214,41690150117.0,3016790139,4983398352,575178014,6.4079,A,H:\valgrind\default\callgrind_Default_1T_faster_qp32_Vertical_Carnaby_1080x1920_5994_1080x1920_60fps_130f.out,32
208,faster,32,WalkingInStreet_2k,1140000000000.0,291000000000.0,135000000000.0,7255381627,1935931748,1651437538,446958,60211351,80001225,76179485857.0,7529026203,6626114941,599758381,7.1539,A,H:\valgrind\default\callgrind_Default_1T_faster_qp32_WalkingInStreet_1920x1080_30fps_1920x1080_30fps_130f.out,32
209,faster,32,WorldCup_2k,472000000000.0,128000000000.0,56543681686.0,5156980575,945548541,895632914,189161,29348428,35965033,24653946532.0,1804700498,2849488874,329885022,6.3585,A,H:\valgrind\default\callgrind_Default_1T_faster_qp32_WorldCup_1920x1080_30p_1920x1080_30fps_130f.out,32
210,faster,32,WorldCup_far_2k,859000000000.0,230000000000.0,109000000000.0,6521518413,1906232089,1640326589,320658,57175647,69143169,54642585089.0,4779770055,5783908376,610044400,6.3898,A,H:\valgrind\default\callgrind_Default_1T_faster_qp32_WorldCup_far_1920x1080_30p_1920x1080_30fps_130f.out,32
211,faster,37,Aerial3200_2k,815000000000.0,221000000000.0,105000000000.0,6283204525,1941519850,1659816956,342700,57084783,75622625,51535744166.0,3964327568,5731302994,622119783,6.3831,A,H:\valgrind\default\callgrind_Default_1T_faster_qp37_Aerial3200_1920x1080_5994_8bit_420_1920x1080_60fps_130f.out,37
212,faster,37,Boat_2k,907000000000.0,243000000000.0,115000000000.0,6514348600,1959716746,1670876200,339585,55875354,76430141,58274628610.0,4962267387,6071853933,621241494,6.3417,A,H:\valgrind\default\callgrind_Default_1T_faster_qp37_Boat_1920x1080_5994_8bit_420_1920x1080_60fps_130f.out,37
213,faster,37,BoxingPractice_4k,2680000000000.0,735000000000.0,344000000000.0,20679304167,6761199983,6304484575,1981159,248332576,232769913,167000000000.0,11443318488,19908039132,2323619644,13.0209,A,H:\valgrind\default\callgrind_Default_1T_faster_qp37_BoxingPractice_3840x2160_5994fps_8bit_420_3840x2160_60fps_130f.out,37
214,faster,37,Crosswalk_4k,2660000000000.0,734000000000.0,343000000000.0,19707522670,6704578600,6260642126,2647935,286738738,309397551,167000000000.0,10864960373,20026169411,2348190660,12.9536,A,H:\valgrind\default\callgrind_Default_1T_faster_qp37_Crosswalk_3840x2160_5994fps_8bit_420_3840x2160_60fps_130f.out,37
215,faster,37,CrowdRun_1080p50,951000000000.0,254000000000.0,120000000000.0,6504540135,1982673983,1678824452,349897,56856577,77106982,61804247189.0,5378045905,6238387971,633079255,6.3421,A,H:\valgrind\default\callgrind_Default_1T_faster_qp37_CrowdRun_1920x1080p50_1920x1080_50fps_130f.out,37
216,faster,37,DinnerSceneCropped_2k,669000000000.0,185000000000.0,86438675932.0,4776585635,1623377147,1553269375,322214,51743304,74067415,42654968798.0,2725249402,5055539594,591623484,6.3238,A,H:\valgrind\default\callgrind_Default_1T_faster_qp37_DinnerSceneCropped_1920x1080_2997fps_8bit_420_1920x1080_30fps_130f.out,37
217,faster,37,FoodMarket2_4k,2930000000000.0,800000000000.0,377000000000.0,23681275080,7415279010,6495274356,2327556,297900970,319608484,182000000000.0,13264465750,21222516914,2409007439,13.2051,A,H:\valgrind\default\callgrind_Default_1T_faster_qp37_FoodMarket2_3840x2160_5994fps_8bit_420_3840x2160_60fps_130f.out,37
218,faster,37,FoodMarket_2k,903000000000.0,245000000000.0,109000000000.0,9803545272,1666780657,1573441905,312572,51853148,59414830,47947204934.0,3462856027,5393185795,606319394,6.3796,A,H:\valgrind\default\callgrind_Default_1T_faster_qp37_FoodMarket_1920x1080_5994_8bit_420_1920x1080_60fps_130f.out,37
219,faster,37,MeridianTalk_sdr_2k,794000000000.0,217000000000.0,96206095429.0,7783932914,1543075973,1525195197,321819,49941838,58787876,41869502644.0,2800386909,4928263789,578449997,6.3354,A,H:\valgrind\default\callgrind_Default_1T_faster_qp37_MeridianTalk_sdr_1920x1080p_5994_8bit_1920x1080_60fps_130f.out,37
220,faster,37,Motorcycle_2k,1040000000000.0,275000000000.0,121000000000.0,10841132869,1726984319,1596165761,312277,51556878,60065392,55977860249.0,4728075135,5688040554,600906935,6.3269,A,H:\valgrind\default\callgrind_Default_1T_faster_qp37_Motorcycle_1920x1080_30fps_8bit_1920x1080_30fps_130f.out,37
221,faster,37,MountainBike_2k,874000000000.0,234000000000.0,110000000000.0,6371797435,1935471507,1659025688,297426,52272093,62285381,56080211882.0,4760085454,5824334803,610984483,6.3469,A,H:\valgrind\default\callgrind_Default_1T_faster_qp37_MountainBike_1920x1080_30fps_8bit_1920x1080_30fps_130f.out,37
222,faster,37,Neon1224_4k,2580000000000.0,708000000000.0,330000000000.0,20404559559,6638256394,6218300515,2291913,279917939,306969041,160000000000.0,11215387230,19243299941,2248135500,13.1415,A,H:\valgrind\default\callgrind_Default_1T_faster_qp37_Neon1224_3840x2160_2997fps_3840x2160_30fps_130f.out,37
223,faster,37,NocturneDance_4k,2640000000000.0,723000000000.0,337000000000.0,21412818114,6928048580,6334393413,2354352,285036929,313440560,163000000000.0,11419716567,19472049839,2280752033,13.1773,A,H:\valgrind\default\callgrind_Default_1T_faster_qp37_NocturneDance_3840x2160p_8bit_60fps_3840x2160_60fps_130f.out,37
224,faster,37,OldTownCross_1080p50,789000000000.0,214000000000.0,101000000000.0,5685109425,1793639697,1613368218,311278,51781280,62901843,50490258901.0,3792548568,5563818288,610730957,6.3815,A,H:\valgrind\default\callgrind_Default_1T_faster_qp37_OldTownCross_1920x1080p50_1920x1080_50fps_130f.out,37
225,faster,37,PedestrianArea_1080p25,686000000000.0,188000000000.0,88112416735.0,5387120282,1733363243,1578131404,336991,54250205,74397434,42801837041.0,2993290910,5063489802,586610030,6.3598,A,H:\valgrind\default\callgrind_Default_1T_faster_qp37_PedestrianArea_1920x1080p25_1920x1080_25fps_130f.out,37
226,faster,37,PierSeaSide_4k,2620000000000.0,719000000000.0,335000000000.0,20402670045,6628193752,6271191136,2424241,276136952,307537269,163000000000.0,11362233430,19448226163,2266826967,13.1386,A,H:\valgrind\default\callgrind_Default_1T_faster_qp37_PierSeaSide_3840x2160_2997fps_8bit_420_3840x2160_30fps_130f.out,37
227,faster,37,RitualDance_2k,637000000000.0,175000000000.0,81392098433.0,5032926355,1630664148,1541335214,310919,49284804,62543062,39665297333.0,2761745234,4771585702,560553603,6.3482,A,H:\valgrind\default\callgrind_Default_1T_faster_qp37_RitualDance_1920x1080_5994_8bit_420_1920x1080_60fps_130f.out,37
228,faster,37,Riverbed_1080p25,783000000000.0,214000000000.0,101000000000.0,6283192327,1937575992,1655958294,318980,54571878,62328318,49116263337.0,3652312084,5621457030,619842545,6.362,A,H:\valgrind\default\callgrind_Default_1T_faster_qp37_Riverbed_1920x1080p25_1920x1080_25fps_130f.out,37
229,faster,37,RushFieldCuts_2k,828000000000.0,223000000000.0,105000000000.0,6235689680,1908944858,1648607074,332958,55784827,76066876,52354280682.0,4265706054,5686449381,610899859,6.3248,A,H:\valgrind\default\callgrind_Default_1T_faster_qp37_RushFieldCuts_1920x1080_2997_1920x1080_30fps_130f.out,37
230,faster,37,Skater227_2k,605000000000.0,167000000000.0,77159057573.0,4702130036,1594247245,1536620771,323390,53346331,73339986,37419308523.0,2414682941,4617688951,551764291,6.2943,A,H:\valgrind\default\callgrind_Default_1T_faster_qp37_Skater227_1920x1080_30fps_1920x1080_30fps_130f.out,37
231,faster,37,Tango_4k,2750000000000.0,758000000000.0,355000000000.0,20600128397,6881455423,6332106142,2170808,252237595,230832656,174000000000.0,11539296926,20521522210,2383587031,13.1884,A,H:\valgrind\default\callgrind_Default_1T_faster_qp37_Tango_3840x2160_5994fps_8bit_420_3840x2160_60fps_130f.out,37
232,faster,37,TimeLapse_4k,2740000000000.0,750000000000.0,351000000000.0,21906045073,7002143455,6340063719,2448385,284817643,310746930,170000000000.0,12132332031,20119997317,2318560321,13.1057,A,H:\valgrind\default\callgrind_Default_1T_faster_qp37_TimeLapse_3840x2160_5994fps_8bit_420_3840x2160_60fps_130f.out,37
233,faster,37,ToddlerFountain_2k,828000000000.0,223000000000.0,105000000000.0,6146540334,1892670713,1648853236,343110,54998777,76058254,52701004432.0,4185787229,5677155540,609054185,6.3507,A,H:\valgrind\default\callgrind_Default_1T_faster_qp37_ToddlerFountain_1920x1080_2997fps_8bit_420_1920x1080_30fps_130f.out,37
234,faster,37,TreesAndGrass_2k,1040000000000.0,274000000000.0,128000000000.0,6689443428,2009573963,1687581945,343678,56666197,77050273,69164265016.0,6284186544,6570832146,634407243,6.3948,A,H:\valgrind\default\callgrind_Default_1T_faster_qp37_TreesAndGrass_1920_1080_30fps_8bit_1920x1080_30fps_130f.out,37
235,faster,37,TunnelFlag_2k,737000000000.0,201000000000.0,94091918293.0,5714278092,1789107045,1601071746,320018,53838312,75082032,46445424577.0,3534375531,5262125419,591513210,6.3631,A,H:\valgrind\default\callgrind_Default_1T_faster_qp37_TunnelFlag_1920x1080_5994_8bit_420_1920x1080_60fps_130f.out,37
236,faster,37,Vertical_bees_2k,699000000000.0,191000000000.0,89424085901.0,5636826022,1781087482,1590310715,309470,53323707,74024300,43496090541.0,3217587443,5090208254,581650083,6.4461,A,H:\valgrind\default\callgrind_Default_1T_faster_qp37_Vertical_bees_1080x1920_2997_1080x1920_30fps_130f.out,37
237,faster,37,Vertical_Carnaby_2k,633000000000.0,174000000000.0,81090050559.0,5142769142,1678501943,1553385648,327764,51640394,72667687,39093891898.0,2700384277,4774284132,561052244,6.3596,A,H:\valgrind\default\callgrind_Default_1T_faster_qp37_Vertical_Carnaby_1080x1920_5994_1080x1920_60fps_130f.out,37
238,faster,37,WalkingInStreet_2k,987000000000.0,259000000000.0,121000000000.0,7072255971,1902215172,1639976601,398329,55707331,63951168,64351993847.0,6058559524,6151151262,598148116,6.4568,A,H:\valgrind\default\callgrind_Default_1T_faster_qp37_WalkingInStreet_1920x1080_30fps_1920x1080_30fps_130f.out,37
239,faster,37,WorldCup_2k,457000000000.0,124000000000.0,55023053620.0,4811875049,923750002,909899441,202098,29412342,36443212,23873362737.0,1675546203,2832213603,334003215,6.2898,A,H:\valgrind\default\callgrind_Default_1T_faster_qp37_WorldCup_1920x1080_30p_1920x1080_30fps_130f.out,37
240,faster,37,WorldCup_far_2k,776000000000.0,210000000000.0,99053069009.0,6155168320,1856816138,1621256468,318539,55806493,68127487,48748682250.0,3962709258,5431125796,597913327,6.313,A,H:\valgrind\default\callgrind_Default_1T_faster_qp37_WorldCup_far_1920x1080_30p_1920x1080_30fps_130f.out,37
241,superfast,22,Aerial3200_2k,1260000000000.0,325000000000.0,151000000000.0,7525234184,2658888135,1806074681,224944,36632004,72612122,84720844412.0,8869782491,7408473890,640516177,7.1671,A,H:\valgrind\default\callgrind_Default_1T_superfast_qp22_Aerial3200_1920x1080_5994_8bit_420_1920x1080_60fps_130f.out,22
242,superfast,22,Boat_2k,1280000000000.0,322000000000.0,147000000000.0,7266080138,2564145306,1771762809,240446,36410338,73247173,87497069449.0,9129230020,7255261754,623764565,7.1358,A,H:\valgrind\default\callgrind_Default_1T_superfast_qp22_Boat_1920x1080_5994_8bit_420_1920x1080_60fps_130f.out,22
243,superfast,22,BoxingPractice_4k,3970000000000.0,1050000000000.0,493000000000.0,27863074664,10785972133,6466102537,1897983,202049823,284503361,256000000000.0,24150815723,25533571265,2483892669,13.6248,A,H:\valgrind\default\callgrind_Default_1T_superfast_qp22_BoxingPractice_3840x2160_5994fps_8bit_420_3840x2160_60fps_130f.out,22
244,superfast,22,Crosswalk_4k,3920000000000.0,1050000000000.0,492000000000.0,27809769755,10950398765,6521715521,1875415,202401111,284090974,251000000000.0,22604199453,25567037628,2535897223,13.055,A,H:\valgrind\default\callgrind_Default_1T_superfast_qp22_Crosswalk_3840x2160_5994fps_8bit_420_3840x2160_60fps_130f.out,22
245,superfast,22,CrowdRun_1080p50,1490000000000.0,370000000000.0,167000000000.0,7603298194,2696083120,1822931805,222103,37039153,75177508,105000000000.0,11007634782,7925503043,641190864,7.2255,A,H:\valgrind\default\callgrind_Default_1T_superfast_qp22_CrowdRun_1920x1080p50_1920x1080_50fps_130f.out,22
246,superfast,22,DinnerSceneCropped_2k,1300000000000.0,334000000000.0,154000000000.0,7486511936,2708713596,1822586294,222975,36399025,72139554,88386860116.0,9111293006,7442608306,647618204,6.3792,A,H:\valgrind\default\callgrind_Default_1T_superfast_qp22_DinnerSceneCropped_1920x1080_2997fps_8bit_420_1920x1080_30fps_130f.out,22
247,superfast,22,FoodMarket2_4k,4110000000000.0,1090000000000.0,513000000000.0,28931637786,10969912226,6536559787,1892458,202665043,285720242,263000000000.0,25584250603,26358910432,2511439261,13.9507,A,H:\valgrind\default\callgrind_Default_1T_superfast_qp22_FoodMarket2_3840x2160_5994fps_8bit_420_3840x2160_60fps_130f.out,22
248,superfast,22,FoodMarket_2k,1230000000000.0,319000000000.0,147000000000.0,7385790705,2638452711,1810581736,225214,32636504,57041293,82540099605.0,8416257845,7237950567,640040602,6.8418,A,H:\valgrind\default\callgrind_Default_1T_superfast_qp22_FoodMarket_1920x1080_5994_8bit_420_1920x1080_60fps_130f.out,22
249,superfast,22,MeridianTalk_sdr_2k,994000000000.0,264000000000.0,123000000000.0,6785051943,2496321357,1740939190,217746,31781138,55855772,64963616323.0,5903349769,6380297042,627868559,6.3813,A,H:\valgrind\default\callgrind_Default_1T_superfast_qp22_MeridianTalk_sdr_1920x1080p_5994_8bit_1920x1080_60fps_130f.out,22
250,superfast,22,Motorcycle_2k,1150000000000.0,292000000000.0,135000000000.0,7152334418,2459987042,1732072059,222804,33054720,57825869,77223107532.0,7705327156,6778787637,619343280,7.0665,A,H:\valgrind\default\callgrind_Default_1T_superfast_qp22_Motorcycle_1920x1080_30fps_8bit_1920x1080_30fps_130f.out,22
251,superfast,22,MountainBike_2k,1180000000000.0,300000000000.0,138000000000.0,7232668293,2482514354,1749983388,225357,33618561,58052790,79392692870.0,8059662698,6921087047,622586997,7.0957,A,H:\valgrind\default\callgrind_Default_1T_superfast_qp22_MountainBike_1920x1080_30fps_8bit_1920x1080_30fps_130f.out,22
252,superfast,22,Neon1224_4k,3350000000000.0,901000000000.0,424000000000.0,25632491767,10251607342,6250008420,1877541,200897816,280752609,212000000000.0,18721806224,23072475353,2417225347,13.4567,A,H:\valgrind\default\callgrind_Default_1T_superfast_qp22_Neon1224_3840x2160_2997fps_3840x2160_30fps_130f.out,22
253,superfast,22,NocturneDance_4k,3580000000000.0,957000000000.0,452000000000.0,27706137794,10665292849,6423406195,1877773,201961556,282994841,225000000000.0,21123173426,24080770341,2452134252,13.3742,A,H:\valgrind\default\callgrind_Default_1T_superfast_qp22_NocturneDance_3840x2160p_8bit_60fps_3840x2160_60fps_130f.out,22
254,superfast,22,OldTownCross_1080p50,1500000000000.0,377000000000.0,170000000000.0,7661075787,2679988872,1828010420,226764,32772841,58289865,106000000000.0,11218907575,7972048844,643162085,7.1316,A,H:\valgrind\default\callgrind_Default_1T_superfast_qp22_OldTownCross_1920x1080p50_1920x1080_50fps_130f.out,22
255,superfast,22,PedestrianArea_1080p25,1030000000000.0,272000000000.0,127000000000.0,6977793549,2490858766,1733469046,237360,35729791,69910615,66743401343.0,6448341759,6507480903,620412082,6.3747,A,H:\valgrind\default\callgrind_Default_1T_superfast_qp22_PedestrianArea_1920x1080p25_1920x1080_25fps_130f.out,22
256,superfast,22,PierSeaSide_4k,3550000000000.0,947000000000.0,444000000000.0,25198645201,9926921503,6011618772,1622553,160446491,206136759,229000000000.0,21005145237,23480890367,2358354255,13.2578,A,H:\valgrind\default\callgrind_Default_1T_superfast_qp22_PierSeaSide_3840x2160_2997fps_8bit_420_3840x2160_30fps_130f.out,22
257,superfast,22,RitualDance_2k,799000000000.0,215000000000.0,101000000000.0,6119369808,2202362638,1612571276,249401,35138035,68635830,50802481790.0,4471026104,5566201089,588708140,6.3007,A,H:\valgrind\default\callgrind_Default_1T_superfast_qp22_RitualDance_1920x1080_5994_8bit_420_1920x1080_60fps_130f.out,22
258,superfast,22,Riverbed_1080p25,1170000000000.0,305000000000.0,142000000000.0,7485701564,2629160461,1810143851,227446,33187948,57076609,76700162990.0,7806765918,7106244716,634950249,6.4294,A,H:\valgrind\default\callgrind_Default_1T_superfast_qp22_Riverbed_1920x1080p25_1920x1080_25fps_130f.out,22
259,superfast,22,RushFieldCuts_2k,1170000000000.0,302000000000.0,141000000000.0,7298316455,2560342641,1770105171,221992,32758991,57230831,77922362882.0,7908244253,7049767065,631971726,7.0231,A,H:\valgrind\default\callgrind_Default_1T_superfast_qp22_RushFieldCuts_1920x1080_2997_1920x1080_30fps_130f.out,22
260,superfast,22,Skater227_2k,735000000000.0,202000000000.0,94973210665.0,5949722059,2262357210,1649297409,213688,34750893,67833319,45872559235.0,3545198260,5404156054,601398311,6.3206,A,H:\valgrind\default\callgrind_Default_1T_superfast_qp22_Skater227_1920x1080_30fps_1920x1080_30fps_130f.out,22
261,superfast,22,Tango_4k,4470000000000.0,1170000000000.0,545000000000.0,28561901702,11096515083,6610813738,1954007,204619819,292473092,295000000000.0,28088229135,27330751715,2546316780,14.0446,A,H:\valgrind\default\callgrind_Default_1T_superfast_qp22_Tango_3840x2160_5994fps_8bit_420_3840x2160_60fps_130f.out,22
262,superfast,22,TimeLapse_4k,3810000000000.0,1010000000000.0,472000000000.0,26865517595,10604394706,6377270283,1870249,201429407,285013232,245000000000.0,23178273108,24768937615,2454420075,8.4907,A,H:\valgrind\default\callgrind_Default_1T_superfast_qp22_TimeLapse_3840x2160_5994fps_8bit_420_3840x2160_60fps_130f.out,22
263,superfast,22,ToddlerFountain_2k,1270000000000.0,322000000000.0,148000000000.0,7348543844,2592666839,1779814893,235308,36236342,72736944,86452838689.0,9019138284,7260265890,636836647,7.1011,A,H:\valgrind\default\callgrind_Default_1T_superfast_qp22_ToddlerFountain_1920x1080_2997fps_8bit_420_1920x1080_30fps_130f.out,22
264,superfast,22,TreesAndGrass_2k,1400000000000.0,345000000000.0,156000000000.0,7354127839,2617097617,1791688810,237536,36978825,74995299,97635594286.0,9851744470,7574713290,636625110,7.2048,A,H:\valgrind\default\callgrind_Default_1T_superfast_qp22_TreesAndGrass_1920_1080_30fps_8bit_1920x1080_30fps_130f.out,22
265,superfast,22,TunnelFlag_2k,1080000000000.0,280000000000.0,130000000000.0,7160917836,2467183951,1723071598,229752,35561674,70879405,70918637164.0,7118033708,6645042156,616709672,6.8743,A,H:\valgrind\default\callgrind_Default_1T_superfast_qp22_TunnelFlag_1920x1080_5994_8bit_420_1920x1080_60fps_130f.out,22
266,superfast,22,Vertical_bees_2k,883000000000.0,236000000000.0,111000000000.0,6721657203,1727866796,1429948206,211995,32261761,68260827,56005209750.0,5193182961,5957048938,607087409,6.4007,A,H:\valgrind\default\callgrind_Default_1T_superfast_qp22_Vertical_bees_1080x1920_2997_1080x1920_30fps_130f.out,22
267,superfast,22,Vertical_Carnaby_2k,779000000000.0,211000000000.0,99618936894.0,6398650026,1665425827,1402145777,222200,32785150,67981187,48240777151.0,4217065269,5505132130,591249097,6.3932,A,H:\valgrind\default\callgrind_Default_1T_superfast_qp22_Vertical_Carnaby_1080x1920_5994_1080x1920_60fps_130f.out,22
268,superfast,22,WalkingInStreet_2k,800000000000.0,195000000000.0,87365611237.0,4365604963,1308829438,964888897,194590,21240418,37864338,56583796744.0,5842940404,4207460475,346354485,7.2554,A,H:\valgrind\default\callgrind_Default_1T_superfast_qp22_WalkingInStreet_1920x1080_30fps_1920x1080_30fps_130f.out,22
269,superfast,22,WorldCup_2k,783000000000.0,211000000000.0,98907293476.0,6289783568,2200318643,1616337480,220721,34928069,60217547,48973748682.0,4322731995,5471569658,588163729,6.3279,A,H:\valgrind\default\callgrind_Default_1T_superfast_qp22_WorldCup_1920x1080_30p_1920x1080_30fps_130f.out,22
270,superfast,22,WorldCup_far_2k,1040000000000.0,271000000000.0,126000000000.0,7144668354,2407621081,1696311866,242641,34933147,69989744,68315408805.0,6974096649,6472700681,610932288,7.0555,A,H:\valgrind\default\callgrind_Default_1T_superfast_qp22_WorldCup_far_1920x1080_30p_1920x1080_30fps_130f.out,22
271,superfast,27,Aerial3200_2k,1050000000000.0,277000000000.0,131000000000.0,7194568723,2580216641,1776602157,231620,35448958,70245539,68140123636.0,6651427796,6711232649,635149752,6.3714,A,H:\valgrind\default\callgrind_Default_1T_superfast_qp27_Aerial3200_1920x1080_5994_8bit_420_1920x1080_60fps_130f.out,27
272,superfast,27,Boat_2k,1120000000000.0,290000000000.0,134000000000.0,7059392487,2532338084,1760981085,223062,36052387,71836592,74500133451.0,7566716309,6808429138,621488932,6.8668,A,H:\valgrind\default\callgrind_Default_1T_superfast_qp27_Boat_1920x1080_5994_8bit_420_1920x1080_60fps_130f.out,27
273,superfast,27,BoxingPractice_4k,3220000000000.0,876000000000.0,413000000000.0,25284699453,10258681709,6252684962,1864438,199563220,278128867,203000000000.0,16950750122,22742677702,2433771885,13.0487,A,H:\valgrind\default\callgrind_Default_1T_superfast_qp27_BoxingPractice_3840x2160_5994fps_8bit_420_3840x2160_60fps_130f.out,27
274,superfast,27,Crosswalk_4k,3100000000000.0,850000000000.0,402000000000.0,24367038179,10263213548,6261931468,1865156,199583746,275677004,197000000000.0,14928382402,22568767004,2482941033,12.9287,A,H:\valgrind\default\callgrind_Default_1T_superfast_qp27_Crosswalk_3840x2160_5994fps_8bit_420_3840x2160_60fps_130f.out,27
275,superfast,27,CrowdRun_1080p50,1250000000000.0,320000000000.0,147000000000.0,7317510406,2622011085,1789945051,223160,36607630,72887767,85150342554.0,8723778619,7260117426,638331855,7.0286,A,H:\valgrind\default\callgrind_Default_1T_superfast_qp27_CrowdRun_1920x1080p50_1920x1080_50fps_130f.out,27
276,superfast,27,DinnerSceneCropped_2k,980000000000.0,262000000000.0,123000000000.0,6940682311,2570113860,1769129778,233661,34805420,68986988,63153544377.0,5645760384,6405175484,638297248,6.3581,A,H:\valgrind\default\callgrind_Default_1T_superfast_qp27_DinnerSceneCropped_1920x1080_2997fps_8bit_420_1920x1080_30fps_130f.out,27
277,superfast,27,FoodMarket2_4k,3460000000000.0,935000000000.0,443000000000.0,27297874975,10566319088,6404157783,1887927,201054075,279962610,216000000000.0,19180542415,23932843039,2478149256,13.2135,A,H:\valgrind\default\callgrind_Default_1T_superfast_qp27_FoodMarket2_3840x2160_5994fps_8bit_420_3840x2160_60fps_130f.out,27
278,superfast,27,FoodMarket_2k,954000000000.0,255000000000.0,120000000000.0,6861741241,2514451071,1749948427,225386,32508236,56269695,61299500173.0,5586523249,6318040501,629216567,6.3553,A,H:\valgrind\default\callgrind_Default_1T_superfast_qp27_FoodMarket_1920x1080_5994_8bit_420_1920x1080_60fps_130f.out,27
279,superfast,27,MeridianTalk_sdr_2k,778000000000.0,212000000000.0,99888749197.0,5998327030,2301857517,1661743433,216436,32506094,56078096,49413527929.0,3897843995,5590349620,608925405,6.3492,A,H:\valgrind\default\callgrind_Default_1T_superfast_qp27_MeridianTalk_sdr_1920x1080p_5994_8bit_1920x1080_60fps_130f.out,27
280,superfast,27,Motorcycle_2k,1030000000000.0,266000000000.0,123000000000.0,6844737535,2393851265,1703230878,219809,33045254,57279940,67750200758.0,6642188318,6350571950,611574161,7.0063,A,H:\valgrind\default\callgrind_Default_1T_superfast_qp27_Motorcycle_1920x1080_30fps_8bit_1920x1080_30fps_130f.out,27
281,superfast,27,MountainBike_2k,1050000000000.0,273000000000.0,127000000000.0,6980504764,2451783333,1728947211,224196,33181562,57325356,69421538655.0,6871929981,6492911607,617005019,7.0351,A,H:\valgrind\default\callgrind_Default_1T_superfast_qp27_MountainBike_1920x1080_30fps_8bit_1920x1080_30fps_130f.out,27
282,superfast,27,Neon1224_4k,2990000000000.0,815000000000.0,382000000000.0,23874997651,9814068294,6087065191,1881003,199262410,276539295,187000000000.0,15432967295,21525320976,2357035771,12.9711,A,H:\valgrind\default\callgrind_Default_1T_superfast_qp27_Neon1224_3840x2160_2997fps_3840x2160_30fps_130f.out,27
283,superfast,27,NocturneDance_4k,3140000000000.0,852000000000.0,401000000000.0,25755899117,10231771939,6257796846,1863328,200079680,278355973,194000000000.0,16828865543,22189568907,2395315737,13.2943,A,H:\valgrind\default\callgrind_Default_1T_superfast_qp27_NocturneDance_3840x2160p_8bit_60fps_3840x2160_60fps_130f.out,27
284,superfast,27,OldTownCross_1080p50,1170000000000.0,306000000000.0,142000000000.0,7294681068,2618768066,1798673582,225859,32554221,56921846,78090144074.0,7676236711,7027683896,640566137,7.1214,A,H:\valgrind\default\callgrind_Default_1T_superfast_qp27_OldTownCross_1920x1080p50_1920x1080_50fps_130f.out,27
285,superfast,27,PedestrianArea_1080p25,819000000000.0,222000000000.0,105000000000.0,6421456548,2326959215,1668028897,231271,34985526,68025484,51515484196.0,4443423425,5729920645,606250199,6.3449,A,H:\valgrind\default\callgrind_Default_1T_superfast_qp27_PedestrianArea_1920x1080p25_1920x1080_25fps_130f.out,27
286,superfast,27,PierSeaSide_4k,3140000000000.0,853000000000.0,401000000000.0,23560381365,9767387541,6099810114,1600791,165551503,211895561,198000000000.0,16467908308,22310979293,2396057052,13.27,A,H:\valgrind\default\callgrind_Default_1T_superfast_qp27_PierSeaSide_3840x2160_2997fps_8bit_420_3840x2160_30fps_130f.out,27
287,superfast,27,RitualDance_2k,717000000000.0,195000000000.0,91224051025.0,5701054483,2091652944,1572596633,227033,35210927,67538035,44856703051.0,3672681544,5216344296,575720372,6.3314,A,H:\valgrind\default\callgrind_Default_1T_superfast_qp27_RitualDance_1920x1080_5994_8bit_420_1920x1080_60fps_130f.out,27
288,superfast,27,Riverbed_1080p25,958000000000.0,257000000000.0,122000000000.0,7135580074,2536193424,1762267003,225980,32780800,56403484,60581899439.0,5636659035,6408641992,630678054,6.4041,A,H:\valgrind\default\callgrind_Default_1T_superfast_qp27_Riverbed_1920x1080p25_1920x1080_25fps_130f.out,27
289,superfast,27,RushFieldCuts_2k,1030000000000.0,272000000000.0,127000000000.0,7068700916,2483868074,1735010529,225234,33632028,57292827,67133012639.0,6569885829,6545449474,623241549,7.0206,A,H:\valgrind\default\callgrind_Default_1T_superfast_qp27_RushFieldCuts_1920x1080_2997_1920x1080_30fps_130f.out,27
290,superfast,27,Skater227_2k,677000000000.0,187000000000.0,87498371364.0,5450536791,2143351457,1603392132,216654,34351025,66627339,41888362296.0,3036939606,5121607399,584881825,6.3504,A,H:\valgrind\default\callgrind_Default_1T_superfast_qp27_Skater227_1920x1080_30fps_1920x1080_30fps_130f.out,27
291,superfast,27,Tango_4k,3400000000000.0,925000000000.0,437000000000.0,25987841688,10529667676,6364194048,1902247,200975641,279759358,217000000000.0,17776230464,23793308424,2511502391,13.3681,A,H:\valgrind\default\callgrind_Default_1T_superfast_qp27_Tango_3840x2160_5994fps_8bit_420_3840x2160_60fps_130f.out,27
292,superfast,27,TimeLapse_4k,3250000000000.0,879000000000.0,413000000000.0,25150290004,10120453664,6216803059,1833010,198941530,277830744,204000000000.0,17681083660,22703480869,2401244465,13.0925,A,H:\valgrind\default\callgrind_Default_1T_superfast_qp27_TimeLapse_3840x2160_5994fps_8bit_420_3840x2160_60fps_130f.out,27
293,superfast,27,ToddlerFountain_2k,1070000000000.0,279000000000.0,129000000000.0,6941690604,2509547702,1750255891,231984,32690362,56954887,71042128560.0,6995909880,6624125646,625373172,7.0285,A,H:\valgrind\default\callgrind_Default_1T_superfast_qp27_ToddlerFountain_1920x1080_2997fps_8bit_420_1920x1080_30fps_130f.out,27
294,superfast,27,TreesAndGrass_2k,1250000000000.0,316000000000.0,144000000000.0,7162394551,2573306395,1780835737,236568,33641707,58663711,85884457433.0,8719305362,7173817384,633352689,7.1124,A,H:\valgrind\default\callgrind_Default_1T_superfast_qp27_TreesAndGrass_1920_1080_30fps_8bit_1920x1080_30fps_130f.out,27
295,superfast,27,TunnelFlag_2k,914000000000.0,243000000000.0,114000000000.0,6802834425,2361537251,1682018596,223480,35275307,69304939,58617961052.0,5517131626,6057372973,607868145,6.3523,A,H:\valgrind\default\callgrind_Default_1T_superfast_qp27_TunnelFlag_1920x1080_5994_8bit_420_1920x1080_60fps_130f.out,27
296,superfast,27,Vertical_bees_2k,796000000000.0,215000000000.0,101000000000.0,6384683678,1656912259,1403009677,208013,32263754,67513985,49730668025.0,4343607494,5603316216,598004445,6.3751,A,H:\valgrind\default\callgrind_Default_1T_superfast_qp27_Vertical_bees_1080x1920_2997_1080x1920_30fps_130f.out,27
297,superfast,27,Vertical_Carnaby_2k,707000000000.0,193000000000.0,90856208712.0,5967255201,1586075306,1372471339,228172,32792924,67705839,43312045567.0,3516940444,5198371879,579854788,6.4061,A,H:\valgrind\default\callgrind_Default_1T_superfast_qp27_Vertical_Carnaby_1080x1920_5994_1080x1920_60fps_130f.out,27
298,superfast,27,WalkingInStreet_2k,1240000000000.0,311000000000.0,141000000000.0,7387265385,2256603209,1637379956,330014,36498572,73706370,85556365379.0,8933514942,6904426340,588382869,7.2329,A,H:\valgrind\default\callgrind_Default_1T_superfast_qp27_WalkingInStreet_1920x1080_30fps_1920x1080_30fps_130f.out,27
299,superfast,27,WorldCup_2k,706000000000.0,193000000000.0,89873792267.0,5835103200,2126637176,1591240683,214075,34409722,59778686,43698018329.0,3583389682,5149850736,575412043,6.3472,A,H:\valgrind\default\callgrind_Default_1T_superfast_qp27_WorldCup_1920x1080_30p_1920x1080_30fps_130f.out,27
300,superfast,27,WorldCup_far_2k,923000000000.0,245000000000.0,115000000000.0,6874587264,2336529223,1671330163,235892,34671542,68834588,59098606730.0,5762586901,6063462758,605783075,7.0531,A,H:\valgrind\default\callgrind_Default_1T_superfast_qp27_WorldCup_far_1920x1080_30p_1920x1080_30fps_130f.out,27
301,superfast,32,Aerial3200_2k,885000000000.0,238000000000.0,113000000000.0,6746495405,2466383456,1727217665,229385,35397066,68988216,56033137939.0,4970823031,6058669904,621130088,6.3725,A,H:\valgrind\default\callgrind_Default_1T_superfast_qp32_Aerial3200_1920x1080_5994_8bit_420_1920x1080_60fps_130f.out,32
302,superfast,32,Boat_2k,974000000000.0,257000000000.0,120000000000.0,6784636359,2474255800,1730786435,227036,35396866,69914746,63088331680.0,6035685957,6318740144,613953713,6.3672,A,H:\valgrind\default\callgrind_Default_1T_superfast_qp32_Boat_1920x1080_5994_8bit_420_1920x1080_60fps_130f.out,32
303,superfast,32,BoxingPractice_4k,2800000000000.0,770000000000.0,361000000000.0,22351678414,9611502669,6026932649,1857523,198197311,273757465,174000000000.0,13200609958,20832490964,2349274074,13.0006,A,H:\valgrind\default\callgrind_Default_1T_superfast_qp32_BoxingPractice_3840x2160_5994fps_8bit_420_3840x2160_60fps_130f.out,32
304,superfast,32,Crosswalk_4k,2760000000000.0,764000000000.0,358000000000.0,21290882555,9574674209,6001862775,1871546,198226083,272175493,174000000000.0,12179603941,20933515223,2384001651,12.9114,A,H:\valgrind\default\callgrind_Default_1T_superfast_qp32_Crosswalk_3840x2160_5994fps_8bit_420_3840x2160_60fps_130f.out,32
305,superfast,32,CrowdRun_1080p50,1050000000000.0,275000000000.0,128000000000.0,6867109107,2518215320,1742897293,223748,35558139,70409288,69031379318.0,6706515683,6587359514,627866923,7.072,A,H:\valgrind\default\callgrind_Default_1T_superfast_qp32_CrowdRun_1920x1080p50_1920x1080_50fps_130f.out,32
306,superfast,32,DinnerSceneCropped_2k,742000000000.0,204000000000.0,95995306671.0,5712013273,2269288951,1654693313,217719,35032083,67881476,47440398180.0,3473854998,5488475794,612313232,6.2705,A,H:\valgrind\default\callgrind_Default_1T_superfast_qp32_DinnerSceneCropped_1920x1080_2997fps_8bit_420_1920x1080_30fps_130f.out,32
307,superfast,32,FoodMarket2_4k,3060000000000.0,837000000000.0,395000000000.0,25476366330,10240503697,6256973346,1874428,199021873,276169274,189000000000.0,15498919640,22138431915,2419032899,13.2082,A,H:\valgrind\default\callgrind_Default_1T_superfast_qp32_FoodMarket2_3840x2160_5994fps_8bit_420_3840x2160_60fps_130f.out,32
308,superfast,32,FoodMarket_2k,793000000000.0,216000000000.0,102000000000.0,6201906076,2310702317,1674840811,213408,32437973,56009135,50044915467.0,4072675722,5669806308,610245726,6.3658,A,H:\valgrind\default\callgrind_Default_1T_superfast_qp32_FoodMarket_1920x1080_5994_8bit_420_1920x1080_60fps_130f.out,32
309,superfast,32,MeridianTalk_sdr_2k,685000000000.0,189000000000.0,88392455914.0,5381271610,2111286182,1596878573,217007,31652111,55419125,42774193504.0,3105642334,5156054930,587131730,6.3348,A,H:\valgrind\default\callgrind_Default_1T_superfast_qp32_MeridianTalk_sdr_1920x1080p_5994_8bit_1920x1080_60fps_130f.out,32
310,superfast,32,Motorcycle_2k,909000000000.0,240000000000.0,111000000000.0,6476648261,2285144917,1656350210,220073,32729927,56600596,58953400319.0,5558363045,5919718542,599739140,7.0665,A,H:\valgrind\default\callgrind_Default_1T_superfast_qp32_Motorcycle_1920x1080_30fps_8bit_1920x1080_30fps_130f.out,32
311,superfast,32,MountainBike_2k,930000000000.0,246000000000.0,114000000000.0,6675581831,2368427829,1693810585,219909,32907590,56943684,60137287610.0,5679090967,6051957313,606971730,6.9826,A,H:\valgrind\default\callgrind_Default_1T_superfast_qp32_MountainBike_1920x1080_30fps_8bit_1920x1080_30fps_130f.out,32
312,superfast,32,Neon1224_4k,2710000000000.0,742000000000.0,346000000000.0,21952963538,9458760412,5962023218,1909070,197714398,273223843,167000000000.0,12896479978,20158582858,2281811407,12.957,A,H:\valgrind\default\callgrind_Default_1T_superfast_qp32_Neon1224_3840x2160_2997fps_3840x2160_30fps_130f.out,32
313,superfast,32,NocturneDance_4k,2780000000000.0,761000000000.0,356000000000.0,23486172287,9831892761,6114251118,1854871,197671964,272655437,170000000000.0,13489901973,20444046880,2311511346,13.2215,A,H:\valgrind\default\callgrind_Default_1T_superfast_qp32_NocturneDance_3840x2160p_8bit_60fps_3840x2160_60fps_130f.out,32
314,superfast,32,OldTownCross_1080p50,1070000000000.0,284000000000.0,123000000000.0,10625480118,2235114722,1636371001,230066,30581490,53723791,57205908137.0,4914459120,5987409658,617302500,6.3166,A,H:\valgrind\default\callgrind_Default_1T_superfast_qp32_OldTownCross_1920x1080p50_1920x1080_50fps_130f.out,32
315,superfast,32,PedestrianArea_1080p25,716000000000.0,196000000000.0,92025316191.0,5861402639,2200039905,1620637903,237921,34461821,66947269,44388644547.0,3485513355,5269454724,589030163,6.359,A,H:\valgrind\default\callgrind_Default_1T_superfast_qp32_PedestrianArea_1920x1080p25_1920x1080_25fps_130f.out,32
316,superfast,32,PierSeaSide_4k,2770000000000.0,759000000000.0,355000000000.0,21772158208,9383478798,5968246860,1602767,165448073,211499884,171000000000.0,13232356849,20516521649,2306380632,13.3017,A,H:\valgrind\default\callgrind_Default_1T_superfast_qp32_PierSeaSide_3840x2160_2997fps_8bit_420_3840x2160_30fps_130f.out,32
317,superfast,32,RitualDance_2k,658000000000.0,181000000000.0,84198379744.0,5344533682,2005517563,1541189861,233396,34444950,66986321,40726876765.0,3126111483,4947850781,563339467,6.3146,A,H:\valgrind\default\callgrind_Default_1T_superfast_qp32_RitualDance_1920x1080_5994_8bit_420_1920x1080_60fps_130f.out,32
318,superfast,32,Riverbed_1080p25,824000000000.0,224000000000.0,106000000000.0,6698902604,2394011657,1708584321,224936,33021328,56218126,51298799533.0,4340845922,5848839551,617468188,6.3958,A,H:\valgrind\default\callgrind_Default_1T_superfast_qp32_Riverbed_1920x1080p25_1920x1080_25fps_130f.out,32
319,superfast,32,RushFieldCuts_2k,893000000000.0,238000000000.0,112000000000.0,6673003790,2403794267,1698155777,228735,35414368,69269333,56697568724.0,5215148275,5992946636,611155425,7.0422,A,H:\valgrind\default\callgrind_Default_1T_superfast_qp32_RushFieldCuts_1920x1080_2997_1920x1080_30fps_130f.out,32
320,superfast,32,Skater227_2k,627000000000.0,173000000000.0,80587065226.0,5040196594,2021345847,1558378493,219755,34825291,66870143,38409446208.0,2672411195,4835611588,563392102,6.3241,A,H:\valgrind\default\callgrind_Default_1T_superfast_qp32_Skater227_1920x1080_30fps_1920x1080_30fps_130f.out,32
321,superfast,32,Tango_4k,2890000000000.0,796000000000.0,375000000000.0,22573637646,9771879868,6078475611,1879939,198833885,273795040,183000000000.0,13326156022,21591052839,2423580870,13.2135,A,H:\valgrind\default\callgrind_Default_1T_superfast_qp32_Tango_3840x2160_5994fps_8bit_420_3840x2160_60fps_130f.out,32
322,superfast,32,TimeLapse_4k,2870000000000.0,786000000000.0,368000000000.0,23492745861,9810444210,6084513909,1892609,197866487,273964793,178000000000.0,14196594461,21008058462,2331115563,13.1057,A,H:\valgrind\default\callgrind_Default_1T_superfast_qp32_TimeLapse_3840x2160_5994fps_8bit_420_3840x2160_60fps_130f.out,32
323,superfast,32,ToddlerFountain_2k,912000000000.0,243000000000.0,114000000000.0,6545552222,2393860580,1704925654,235534,33593112,57038477,58755102219.0,5340934851,6048364549,610396227,6.6525,A,H:\valgrind\default\callgrind_Default_1T_superfast_qp32_ToddlerFountain_1920x1080_2997fps_8bit_420_1920x1080_30fps_130f.out,32
324,superfast,32,TreesAndGrass_2k,1110000000000.0,286000000000.0,132000000000.0,6917249022,2523760686,1750484725,244093,35528057,71095399,74553396138.0,7402567177,6743729314,625562240,7.0828,A,H:\valgrind\default\callgrind_Default_1T_superfast_qp32_TreesAndGrass_1920_1080_30fps_8bit_1920x1080_30fps_130f.out,32
325,superfast,32,TunnelFlag_2k,791000000000.0,214000000000.0,100000000000.0,6223551921,2248631663,1630660296,223006,34373808,67703493,49752072118.0,4308804516,5543684457,593984316,6.3698,A,H:\valgrind\default\callgrind_Default_1T_superfast_qp32_TunnelFlag_1920x1080_5994_8bit_420_1920x1080_60fps_130f.out,32
326,superfast,32,Vertical_bees_2k,725000000000.0,198000000000.0,92723266428.0,5999037309,1603345228,1379121097,215301,32537380,67082530,44862699483.0,3684977286,5280800566,584047905,6.3654,A,H:\valgrind\default\callgrind_Default_1T_superfast_qp32_Vertical_bees_1080x1920_2997_1080x1920_30fps_130f.out,32
327,superfast,32,Vertical_Carnaby_2k,651000000000.0,179000000000.0,83560729082.0,5513502387,1506316857,1345496707,222119,31626314,66352768,39650143780.0,3016783054,4929446197,564406154,6.4079,A,H:\valgrind\default\callgrind_Default_1T_superfast_qp32_Vertical_Carnaby_1080x1920_5994_1080x1920_60fps_130f.out,32
328,superfast,32,WalkingInStreet_2k,543000000000.0,140000000000.0,64589317954.0,3676882720,1108635700,821473966,160547,17361998,30671853,36110058257.0,3690332787,3256175303,297314102,7.1539,A,H:\valgrind\default\callgrind_Default_1T_superfast_qp32_WalkingInStreet_1920x1080_30fps_1920x1080_30fps_130f.out,32
329,superfast,32,WorldCup_2k,650000000000.0,178000000000.0,82838497832.0,5421279067,2021991226,1548231763,218696,34232469,59425539,39893773995.0,3073524441,4881853534,560523413,6.3585,A,H:\valgrind\default\callgrind_Default_1T_superfast_qp32_WorldCup_1920x1080_30p_1920x1080_30fps_130f.out,32
330,superfast,32,WorldCup_far_2k,821000000000.0,221000000000.0,104000000000.0,6522064347,2278978446,1639386525,243824,34284559,68055716,51565406927.0,4712594270,5663383175,595990326,6.3898,A,H:\valgrind\default\callgrind_Default_1T_superfast_qp32_WorldCup_far_1920x1080_30p_1920x1080_30fps_130f.out,32
331,superfast,37,Aerial3200_2k,773000000000.0,211000000000.0,99454339948.0,6256661203,2333307718,1682590702,229122,34808472,67751784,48207668841.0,3895215857,5569133832,605618635,6.3831,A,H:\valgrind\default\callgrind_Default_1T_superfast_qp37_Aerial3200_1920x1080_5994_8bit_420_1920x1080_60fps_130f.out,37
332,superfast,37,Boat_2k,858000000000.0,231000000000.0,108000000000.0,6494939737,2360823649,1694816467,249765,34646213,68517262,54423359664.0,4842998207,5878095921,604380067,6.3417,A,H:\valgrind\default\callgrind_Default_1T_superfast_qp37_Boat_1920x1080_5994_8bit_420_1920x1080_60fps_130f.out,37
333,superfast,37,BoxingPractice_4k,2580000000000.0,714000000000.0,333000000000.0,20683964239,9305944411,5907844014,1876690,195857993,269197658,159000000000.0,11421602927,19717361722,2280670420,13.0209,A,H:\valgrind\default\callgrind_Default_1T_superfast_qp37_BoxingPractice_3840x2160_5994fps_8bit_420_3840x2160_60fps_130f.out,37
334,superfast,37,Crosswalk_4k,2580000000000.0,716000000000.0,334000000000.0,19699850490,9217111393,5883129366,1865906,196732911,269596306,160000000000.0,10899877841,19888681862,2308773513,12.9536,A,H:\valgrind\default\callgrind_Default_1T_superfast_qp37_Crosswalk_3840x2160_5994fps_8bit_420_3840x2160_60fps_130f.out,37
335,superfast,37,CrowdRun_1080p50,898000000000.0,240000000000.0,113000000000.0,6480937453,2389056393,1703213815,221972,35465887,69548029,57611725315.0,5221099463,6033654583,615353624,6.3421,A,H:\valgrind\default\callgrind_Default_1T_superfast_qp37_CrowdRun_1920x1080p50_1920x1080_50fps_130f.out,37
336,superfast,37,DinnerSceneCropped_2k,647000000000.0,179000000000.0,83740983253.0,4777683716,2016559158,1570545129,226689,31954018,55276839,40708637474.0,2722758370,5008148437,580950531,6.3238,A,H:\valgrind\default\callgrind_Default_1T_superfast_qp37_DinnerSceneCropped_1920x1080_2997fps_8bit_420_1920x1080_30fps_130f.out,37
337,superfast,37,FoodMarket2_4k,2810000000000.0,773000000000.0,363000000000.0,23645248075,9887738303,6113747944,1915402,198917826,274582457,173000000000.0,13233877149,20891015147,2359539534,13.2051,A,H:\valgrind\default\callgrind_Default_1T_superfast_qp37_FoodMarket2_3840x2160_5994fps_8bit_420_3840x2160_60fps_130f.out,37
338,superfast,37,FoodMarket_2k,713000000000.0,196000000000.0,91842648613.0,5666700467,2193122628,1628208081,216057,31950865,55301206,44453188014.0,3346771951,5287288193,593120868,6.3796,A,H:\valgrind\default\callgrind_Default_1T_superfast_qp37_FoodMarket_1920x1080_5994_8bit_420_1920x1080_60fps_130f.out,37
339,superfast,37,MeridianTalk_sdr_2k,635000000000.0,176000000000.0,81784939800.0,4975534410,2004134552,1553613709,221782,31885089,55563046,39214362292.0,2721670123,4888620291,568970131,6.3354,A,H:\valgrind\default\callgrind_Default_1T_superfast_qp37_MeridianTalk_sdr_1920x1080p_5994_8bit_1920x1080_60fps_130f.out,37
340,superfast,37,Motorcycle_2k,812000000000.0,218000000000.0,101000000000.0,6129251930,2219657027,1626849191,218921,32625331,56243589,51606411751.0,4587346076,5553372307,587260720,6.3269,A,H:\valgrind\default\callgrind_Default_1T_superfast_qp37_Motorcycle_1920x1080_30fps_8bit_1920x1080_30fps_130f.out,37
341,superfast,37,MountainBike_2k,829000000000.0,222000000000.0,104000000000.0,6356906420,2288289791,1660763696,219126,32089681,55787137,52479571520.0,4654567208,5670435872,595988160,6.3469,A,H:\valgrind\default\callgrind_Default_1T_superfast_qp37_MountainBike_1920x1080_30fps_8bit_1920x1080_30fps_130f.out,37
342,superfast,37,Neon1224_4k,2490000000000.0,687000000000.0,319000000000.0,20442081008,9165110548,5854101774,1896458,197464275,271274564,152000000000.0,11191631261,19059180862,2205821391,13.1415,A,H:\valgrind\default\callgrind_Default_1T_superfast_qp37_Neon1224_3840x2160_2997fps_3840x2160_30fps_130f.out,37
343,superfast,37,NocturneDance_4k,2540000000000.0,699000000000.0,325000000000.0,21406178512,9470481642,5973355242,1898106,196036575,269939594,154000000000.0,11389496099,19245259691,2235648478,13.1773,A,H:\valgrind\default\callgrind_Default_1T_superfast_qp37_NocturneDance_3840x2160p_8bit_60fps_3840x2160_60fps_130f.out,37
344,superfast,37,OldTownCross_1080p50,754000000000.0,206000000000.0,96436277924.0,5675293879,2205191213,1639137653,246145,34177019,67162754,47567330994.0,3728856726,5452124451,596590994,6.3815,A,H:\valgrind\default\callgrind_Default_1T_superfast_qp37_OldTownCross_1920x1080p50_1920x1080_50fps_130f.out,37
345,superfast,37,PedestrianArea_1080p25,661000000000.0,182000000000.0,84998485153.0,5389711375,2070879559,1572671327,227107,32122608,55519744,40655349518.0,2990877194,5003004863,575313520,6.3598,A,H:\valgrind\default\callgrind_Default_1T_superfast_qp37_PedestrianArea_1920x1080p25_1920x1080_25fps_130f.out,37
346,superfast,37,PierSeaSide_4k,3050000000000.0,833000000000.0,359000000000.0,31656307927,8771698095,5770353429,2005375,163201990,208200005,155000000000.0,11448222004,19232359112,2222124239,13.1386,A,H:\valgrind\default\callgrind_Default_1T_superfast_qp37_PierSeaSide_3840x2160_2997fps_8bit_420_3840x2160_30fps_130f.out,37
347,superfast,37,RitualDance_2k,614000000000.0,170000000000.0,78510762005.0,5038029804,1909780528,1501959723,234411,32373194,56188875,37661292298.0,2752407926,4722477036,549738104,6.3482,A,H:\valgrind\default\callgrind_Default_1T_superfast_qp37_RitualDance_1920x1080_5994_8bit_420_1920x1080_60fps_130f.out,37
348,superfast,37,Riverbed_1080p25,744000000000.0,204000000000.0,96223621822.0,6260749721,2306965891,1675448571,244526,34647797,67414977,45980247228.0,3596084628,5465900156,602960524,6.362,A,H:\valgrind\default\callgrind_Default_1T_superfast_qp37_Riverbed_1920x1080p25_1920x1080_25fps_130f.out,37
349,superfast,37,RushFieldCuts_2k,787000000000.0,213000000000.0,100000000000.0,6223067926,2260576109,1649124835,220514,33144583,56530199,49130558015.0,4201988957,5551737122,596324131,6.3248,A,H:\valgrind\default\callgrind_Default_1T_superfast_qp37_RushFieldCuts_1920x1080_2997_1920x1080_30fps_130f.out,37
350,superfast,37,Skater227_2k,586000000000.0,162000000000.0,74832872748.0,4712760327,1899927476,1512654168,233788,34075955,66376857,35689430237.0,2422378008,4589175286,542241454,6.2943,A,H:\valgrind\default\callgrind_Default_1T_superfast_qp37_Skater227_1920x1080_30fps_1920x1080_30fps_130f.out,37
351,superfast,37,Tango_4k,2660000000000.0,737000000000.0,344000000000.0,20582017419,9372139583,5935781277,1928362,197759701,271381630,166000000000.0,11528510491,20332038905,2340589472,13.1884,A,H:\valgrind\default\callgrind_Default_1T_superfast_qp37_Tango_3840x2160_5994fps_8bit_420_3840x2160_60fps_130f.out,37
352,superfast,37,TimeLapse_4k,2630000000000.0,723000000000.0,337000000000.0,21902048628,9504987038,5983727429,1883197,196887617,271868652,161000000000.0,12056938513,19804152405,2268953891,13.1057,A,H:\valgrind\default\callgrind_Default_1T_superfast_qp37_TimeLapse_3840x2160_5994fps_8bit_420_3840x2160_60fps_130f.out,37
353,superfast,37,ToddlerFountain_2k,786000000000.0,213000000000.0,99803281212.0,6129005101,2290934423,1659692103,225458,32492200,56148229,49373178166.0,4111767763,5535130328,594511405,6.3507,A,H:\valgrind\default\callgrind_Default_1T_superfast_qp37_ToddlerFountain_1920x1080_2997fps_8bit_420_1920x1080_30fps_130f.out,37
354,superfast,37,TreesAndGrass_2k,978000000000.0,258000000000.0,120000000000.0,6662763761,2433609136,1724679164,225387,35180186,69614600,64121965364.0,6044087230,6308745259,615538611,6.3948,A,H:\valgrind\default\callgrind_Default_1T_superfast_qp37_TreesAndGrass_1920_1080_30fps_8bit_1920x1080_30fps_130f.out,37
355,superfast,37,TunnelFlag_2k,709000000000.0,194000000000.0,90587078076.0,5724302918,2099850617,1579097932,243585,34472771,67167982,44077523127.0,3521836407,5195202884,580021933,6.3631,A,H:\valgrind\default\callgrind_Default_1T_superfast_qp37_TunnelFlag_1920x1080_5994_8bit_420_1920x1080_60fps_130f.out,37
356,superfast,37,Vertical_bees_2k,674000000000.0,185000000000.0,86275554663.0,5638451519,1513597375,1350113552,221761,31375740,66076108,41359686302.0,3213915997,5034850597,570961326,6.4461,A,H:\valgrind\default\callgrind_Default_1T_superfast_qp37_Vertical_bees_1080x1920_2997_1080x1920_30fps_130f.out,37
357,superfast,37,Vertical_Carnaby_2k,612000000000.0,169000000000.0,78462208681.0,5153387825,1426115546,1317406735,231259,31923301,66136240,37226891989.0,2704897484,4733831777,550910156,6.3596,A,H:\valgrind\default\callgrind_Default_1T_superfast_qp37_Vertical_Carnaby_1080x1920_5994_1080x1920_60fps_130f.out,37
358,superfast,37,WalkingInStreet_2k,534000000000.0,141000000000.0,65579792730.0,4029768262,1241738731,919040648,178012,19073368,33524235,34421934246.0,3360867948,3421641947,333608378,6.4568,A,H:\valgrind\default\callgrind_Default_1T_superfast_qp37_WalkingInStreet_1920x1080_30fps_1920x1080_30fps_130f.out,37
359,superfast,37,WorldCup_2k,611000000000.0,169000000000.0,77974304003.0,5085795175,1926344443,1512413647,223925,34233407,59554215,37352723901.0,2742840679,4696875340,548336719,6.2898,A,H:\valgrind\default\callgrind_Default_1T_superfast_qp37_WorldCup_1920x1080_30p_1920x1080_30fps_130f.out,37
360,superfast,37,WorldCup_far_2k,744000000000.0,203000000000.0,94922292374.0,6156967281,2177903349,1607441557,232855,34474746,67456426,46104349461.0,3928686293,5339886012,584971150,6.313,A,H:\valgrind\default\callgrind_Default_1T_superfast_qp37_WorldCup_far_1920x1080_30p_1920x1080_30fps_130f.out,37
361,veryfast,22,Aerial3200_2k,1350000000000.0,345000000000.0,161000000000.0,7552726736,2205940652,1749174497,346808,61379375,81625941,90988277453.0,9217446477,7749706648,661931418,7.1671,A,H:\valgrind\default\callgrind_Default_1T_veryfast_qp22_Aerial3200_1920x1080_5994_8bit_420_1920x1080_60fps_130f.out,22
362,veryfast,22,Boat_2k,1360000000000.0,341000000000.0,156000000000.0,7282583740,2155345951,1729772050,342646,59507569,81030429,93436841133.0,9460693707,7541913424,642445524,7.1358,A,H:\valgrind\default\callgrind_Default_1T_veryfast_qp22_Boat_1920x1080_5994_8bit_420_1920x1080_60fps_130f.out,22
363,veryfast,22,BoxingPractice_4k,4200000000000.0,1110000000000.0,523000000000.0,27937914489,8286820950,6848710028,2232418,312260001,341442572,273000000000.0,24855941720,26484390641,2556315629,13.6248,A,H:\valgrind\default\callgrind_Default_1T_veryfast_qp22_BoxingPractice_3840x2160_5994fps_8bit_420_3840x2160_60fps_130f.out,22
364,veryfast,22,Crosswalk_4k,4180000000000.0,1110000000000.0,525000000000.0,27939020350,8518769241,6924088576,2290966,314348290,337652987,271000000000.0,23408130315,26722015238,2618232411,13.055,A,H:\valgrind\default\callgrind_Default_1T_veryfast_qp22_Crosswalk_3840x2160_5994fps_8bit_420_3840x2160_60fps_130f.out,22
365,veryfast,22,CrowdRun_1080p50,1590000000000.0,395000000000.0,179000000000.0,7630061773,2238893435,1758690643,343091,61713586,83684160,113000000000.0,11512839240,8325865307,663887955,7.2255,A,H:\valgrind\default\callgrind_Default_1T_veryfast_qp22_CrowdRun_1920x1080p50_1920x1080_50fps_130f.out,22
366,veryfast,22,DinnerSceneCropped_2k,1390000000000.0,359000000000.0,166000000000.0,7522140351,2231926896,1757439267,330393,61515140,81371488,95786976754.0,9580254438,7848630439,671950308,6.3792,A,H:\valgrind\default\callgrind_Default_1T_veryfast_qp22_DinnerSceneCropped_1920x1080_2997fps_8bit_420_1920x1080_30fps_130f.out,22
367,veryfast,22,FoodMarket2_4k,4330000000000.0,1140000000000.0,541000000000.0,28983042610,8395597856,6903314691,2254812,317917621,342678776,280000000000.0,26200478394,27270856503,2581829220,13.9507,A,H:\valgrind\default\callgrind_Default_1T_veryfast_qp22_FoodMarket2_3840x2160_5994fps_8bit_420_3840x2160_60fps_130f.out,22
368,veryfast,22,FoodMarket_2k,1320000000000.0,340000000000.0,158000000000.0,7413085009,2153162426,1739999289,296861,56408827,62827038,89003178511.0,8785188654,7590633095,661957920,6.8418,A,H:\valgrind\default\callgrind_Default_1T_veryfast_qp22_FoodMarket_1920x1080_5994_8bit_420_1920x1080_60fps_130f.out,22
369,veryfast,22,MeridianTalk_sdr_2k,1060000000000.0,281000000000.0,131000000000.0,6809079493,2075032666,1700986868,312977,54888067,62640665,70006758261.0,6127429104,6655081342,648432075,6.3813,A,H:\valgrind\default\callgrind_Default_1T_veryfast_qp22_MeridianTalk_sdr_1920x1080p_5994_8bit_1920x1080_60fps_130f.out,22
370,veryfast,22,Motorcycle_2k,1220000000000.0,309000000000.0,143000000000.0,7164559648,2040641964,1699139363,314212,59351451,70106412,82575199908.0,7961231754,7021898564,636274287,7.0665,A,H:\valgrind\default\callgrind_Default_1T_veryfast_qp22_Motorcycle_1920x1080_30fps_8bit_1920x1080_30fps_130f.out,22
371,veryfast,22,MountainBike_2k,1250000000000.0,318000000000.0,147000000000.0,7249452841,2096688954,1719104307,301996,55264108,63650742,85102811482.0,8351283174,7186566627,639811683,7.0957,A,H:\valgrind\default\callgrind_Default_1T_veryfast_qp22_MountainBike_1920x1080_30fps_8bit_1920x1080_30fps_130f.out,22
372,veryfast,22,Neon1224_4k,3520000000000.0,944000000000.0,446000000000.0,25688744212,7710218962,6607314194,2259270,303723937,330671201,225000000000.0,19089210935,23724930364,2482738202,13.4567,A,H:\valgrind\default\callgrind_Default_1T_veryfast_qp22_Neon1224_3840x2160_2997fps_3840x2160_30fps_130f.out,22
373,veryfast,22,NocturneDance_4k,3750000000000.0,1000000000000.0,475000000000.0,27789666853,8106902329,6781244552,2232927,310497107,335926709,239000000000.0,21440309470,24751746020,2516854542,13.3742,A,H:\valgrind\default\callgrind_Default_1T_veryfast_qp22_NocturneDance_3840x2160p_8bit_60fps_3840x2160_60fps_130f.out,22
374,veryfast,22,OldTownCross_1080p50,1610000000000.0,402000000000.0,182000000000.0,7687071898,2198422581,1754805339,318497,57694778,65144617,114000000000.0,11757300996,8385033807,666295084,7.1316,A,H:\valgrind\default\callgrind_Default_1T_veryfast_qp22_OldTownCross_1920x1080p50_1920x1080_50fps_130f.out,22
375,veryfast,22,PedestrianArea_1080p25,1090000000000.0,287000000000.0,134000000000.0,6990008980,2089674678,1702438923,334701,58356390,78265274,71330643203.0,6634190431,6742342500,638340005,6.3747,A,H:\valgrind\default\callgrind_Default_1T_veryfast_qp22_PedestrianArea_1920x1080p25_1920x1080_25fps_130f.out,22
376,veryfast,22,PierSeaSide_4k,3880000000000.0,1030000000000.0,486000000000.0,26121483373,7823940240,6578855444,2100476,280820524,260313479,253000000000.0,22378978544,25099587338,2507876349,13.2578,A,H:\valgrind\default\callgrind_Default_1T_veryfast_qp22_PierSeaSide_3840x2160_2997fps_8bit_420_3840x2160_30fps_130f.out,22
377,veryfast,22,RitualDance_2k,841000000000.0,226000000000.0,106000000000.0,6127471094,1892159460,1622230742,334716,55126969,75769972,54166799205.0,4562770883,5722771549,604746459,6.3007,A,H:\valgrind\default\callgrind_Default_1T_veryfast_qp22_RitualDance_1920x1080_5994_8bit_420_1920x1080_60fps_130f.out,22
378,veryfast,22,Riverbed_1080p25,1240000000000.0,322000000000.0,151000000000.0,7499183540,2191302395,1748923064,345797,60443737,79575449,81949959306.0,8052583219,7384251212,653284320,6.4294,A,H:\valgrind\default\callgrind_Default_1T_veryfast_qp22_Riverbed_1920x1080p25_1920x1080_25fps_130f.out,22
379,veryfast,22,RushFieldCuts_2k,1250000000000.0,321000000000.0,150000000000.0,7316940252,2157697190,1719623889,335633,58645286,79328359,83638578934.0,8173672681,7348854715,655038598,7.0231,A,H:\valgrind\default\callgrind_Default_1T_veryfast_qp22_RushFieldCuts_1920x1080_2997_1920x1080_30fps_130f.out,22
380,veryfast,22,Skater227_2k,768000000000.0,210000000000.0,99252753871.0,5963505492,1902385371,1629234682,328464,56432706,75009865,48607532399.0,3588537970,5519000951,615413284,6.3206,A,H:\valgrind\default\callgrind_Default_1T_veryfast_qp22_Skater227_1920x1080_30fps_1920x1080_30fps_130f.out,22
381,veryfast,22,Tango_4k,4790000000000.0,1250000000000.0,585000000000.0,28677860875,8642062019,6998598027,2248890,318371856,347633332,319000000000.0,29320218810,28680230182,2631561114,14.0446,A,H:\valgrind\default\callgrind_Default_1T_veryfast_qp22_Tango_3840x2160_5994fps_8bit_420_3840x2160_60fps_130f.out,22
382,veryfast,22,TimeLapse_4k,4020000000000.0,1060000000000.0,499000000000.0,26909736282,8046743177,6735838973,2309572,309507329,339595053,262000000000.0,23825141132,25612152944,2524550265,8.4907,A,H:\valgrind\default\callgrind_Default_1T_veryfast_qp22_TimeLapse_3840x2160_5994fps_8bit_420_3840x2160_60fps_130f.out,22
383,veryfast,22,ToddlerFountain_2k,1350000000000.0,343000000000.0,158000000000.0,7375275129,2135344942,1734642529,320716,56319186,64474451,93125094951.0,9413819445,7593491220,657848219,7.1011,A,H:\valgrind\default\callgrind_Default_1T_veryfast_qp22_ToddlerFountain_1920x1080_2997fps_8bit_420_1920x1080_30fps_130f.out,22
384,veryfast,22,TreesAndGrass_2k,1490000000000.0,368000000000.0,167000000000.0,7377322912,2187382746,1742707220,342067,60396763,82828702,105000000000.0,10308563656,7944442144,658037134,7.2048,A,H:\valgrind\default\callgrind_Default_1T_veryfast_qp22_TreesAndGrass_1920_1080_30fps_8bit_1920x1080_30fps_130f.out,22
385,veryfast,22,TunnelFlag_2k,1130000000000.0,295000000000.0,137000000000.0,7166217459,2113098575,1701297252,332738,59341070,78973207,75422109264.0,7300930795,6868796068,633939319,6.8743,A,H:\valgrind\default\callgrind_Default_1T_veryfast_qp22_TunnelFlag_1920x1080_5994_8bit_420_1920x1080_60fps_130f.out,22
386,veryfast,22,Vertical_bees_2k,925000000000.0,246000000000.0,116000000000.0,6727057696,1995712920,1666177762,309975,55916976,76118024,59323500950.0,5278047712,6102139015,621471892,6.4007,A,H:\valgrind\default\callgrind_Default_1T_veryfast_qp22_Vertical_bees_1080x1920_2997_1080x1920_30fps_130f.out,22
387,veryfast,22,Vertical_Carnaby_2k,813000000000.0,220000000000.0,104000000000.0,6398336262,1939287218,1639060214,318150,53941280,74614905,50984897578.0,4250465641,5609437142,604622630,6.3932,A,H:\valgrind\default\callgrind_Default_1T_veryfast_qp22_Vertical_Carnaby_1080x1920_5994_1080x1920_60fps_130f.out,22
388,veryfast,22,WalkingInStreet_2k,1390000000000.0,339000000000.0,152000000000.0,7210162263,1906849931,1616265177,439648,60144622,82864003,98972451634.0,9920208735,7163216470,584996383,7.2554,A,H:\valgrind\default\callgrind_Default_1T_veryfast_qp22_WalkingInStreet_1920x1080_30fps_1920x1080_30fps_130f.out,22
389,veryfast,22,WorldCup_2k,95414015338.0,25655349932.0,12102965782.0,735421639,218597247,192217067,46131,5961442,8943233,6078602749.0,506612255,654704402,70527340,6.3279,A,H:\valgrind\default\callgrind_Default_1T_veryfast_qp22_WorldCup_1920x1080_30p_1920x1080_30fps_130f.out,22
390,veryfast,22,WorldCup_far_2k,1100000000000.0,284000000000.0,133000000000.0,7145442768,2021527574,1683292135,329159,59281205,70122697,72468214423.0,7141392589,6651523003,626624094,7.0555,A,H:\valgrind\default\callgrind_Default_1T_veryfast_qp22_WorldCup_far_1920x1080_30p_1920x1080_30fps_130f.out,22
391,veryfast,27,Aerial3200_2k,1120000000000.0,295000000000.0,139000000000.0,7225219865,2110824120,1712397608,347479,59242996,77950443,73310064805.0,6877589636,7003698120,655694575,6.3714,A,H:\valgrind\default\callgrind_Default_1T_veryfast_qp27_Aerial3200_1920x1080_5994_8bit_420_1920x1080_60fps_130f.out,27
392,veryfast,27,Boat_2k,1190000000000.0,306000000000.0,142000000000.0,7077078605,2072085785,1699819278,349986,58692729,79606019,79749102012.0,7829058873,7074496007,639967376,6.8668,A,H:\valgrind\default\callgrind_Default_1T_veryfast_qp27_Boat_1920x1080_5994_8bit_420_1920x1080_60fps_130f.out,27
393,veryfast,27,BoxingPractice_4k,3400000000000.0,920000000000.0,435000000000.0,25362555711,7817044643,6629237497,2272722,301421321,327631445,217000000000.0,17308501923,23443542891,2503519325,13.0487,A,H:\valgrind\default\callgrind_Default_1T_veryfast_qp27_BoxingPractice_3840x2160_5994fps_8bit_420_3840x2160_60fps_130f.out,27
394,veryfast,27,Crosswalk_4k,3280000000000.0,899000000000.0,426000000000.0,24498749539,7892557197,6646488306,2369141,304418100,325689216,212000000000.0,15339044988,23403320372,2562707556,12.9287,A,H:\valgrind\default\callgrind_Default_1T_veryfast_qp27_Crosswalk_3840x2160_5994fps_8bit_420_3840x2160_60fps_130f.out,27
395,veryfast,27,CrowdRun_1080p50,1340000000000.0,341000000000.0,158000000000.0,7350671401,2141158851,1726014370,325578,59261770,79564036,91812282584.0,9109792082,7617725216,660899541,7.0286,A,H:\valgrind\default\callgrind_Default_1T_veryfast_qp27_CrowdRun_1920x1080p50_1920x1080_50fps_130f.out,27
396,veryfast,27,DinnerSceneCropped_2k,1050000000000.0,279000000000.0,132000000000.0,6979800591,2107270197,1707080838,322775,59927070,77762821,68167981000.0,5865694620,6696722978,659650644,6.3581,A,H:\valgrind\default\callgrind_Default_1T_veryfast_qp27_DinnerSceneCropped_1920x1080_2997fps_8bit_420_1920x1080_30fps_130f.out,27
397,veryfast,27,FoodMarket2_4k,3630000000000.0,980000000000.0,466000000000.0,27353671406,8126341650,6749963511,2261807,308890513,331820851,230000000000.0,19458360231,24633621054,2544222348,13.2135,A,H:\valgrind\default\callgrind_Default_1T_veryfast_qp27_FoodMarket2_3840x2160_5994fps_8bit_420_3840x2160_60fps_130f.out,27
398,veryfast,27,FoodMarket_2k,1020000000000.0,271000000000.0,128000000000.0,6893274597,2088783611,1708749201,317049,55272295,62358056,66019003980.0,5769458716,6587398025,649568316,6.3553,A,H:\valgrind\default\callgrind_Default_1T_veryfast_qp27_FoodMarket_1920x1080_5994_8bit_420_1920x1080_60fps_130f.out,27
399,veryfast,27,MeridianTalk_sdr_2k,820000000000.0,223000000000.0,105000000000.0,6015868129,1933062468,1648071047,322976,56394738,67928920,52835833908.0,3986686393,5756493460,625986591,6.3492,A,H:\valgrind\default\callgrind_Default_1T_veryfast_qp27_MeridianTalk_sdr_1920x1080p_5994_8bit_1920x1080_60fps_130f.out,27
400,veryfast,27,Motorcycle_2k,1080000000000.0,280000000000.0,130000000000.0,6856215255,2042027568,1690915256,309765,54878348,63556518,72442078029.0,6849521454,6557746325,627680434,7.0063,A,H:\valgrind\default\callgrind_Default_1T_veryfast_qp27_Motorcycle_1920x1080_30fps_8bit_1920x1080_30fps_130f.out,27
401,veryfast,27,MountainBike_2k,1360000000000.0,346000000000.0,151000000000.0,12710068979,1854012854,1640680956,302274,53574478,60594014,75645426841.0,7103389970,6728369233,633481081,7.0351,A,H:\valgrind\default\callgrind_Default_1T_veryfast_qp27_MountainBike_1920x1080_30fps_8bit_1920x1080_30fps_130f.out,27
402,veryfast,27,Neon1224_4k,3130000000000.0,848000000000.0,400000000000.0,23904263229,7334679818,6459108906,2246520,297141232,322437484,198000000000.0,15641819752,21976024762,2413345918,12.9711,A,H:\valgrind\default\callgrind_Default_1T_veryfast_qp27_Neon1224_3840x2160_2997fps_3840x2160_30fps_130f.out,27
403,veryfast,27,NocturneDance_4k,3290000000000.0,888000000000.0,420000000000.0,25817598344,7739888812,6628365828,2276999,301199649,325535265,206000000000.0,17002141473,22701982507,2454052137,13.2943,A,H:\valgrind\default\callgrind_Default_1T_veryfast_qp27_NocturneDance_3840x2160p_8bit_60fps_3840x2160_60fps_130f.out,27
404,veryfast,27,OldTownCross_1080p50,1550000000000.0,393000000000.0,171000000000.0,13289219307,1933491178,1675087949,325792,55550408,60909314,85735721168.0,8046009155,7376892090,662382716,7.1214,A,H:\valgrind\default\callgrind_Default_1T_veryfast_qp27_OldTownCross_1920x1080p50_1920x1080_50fps_130f.out,27
405,veryfast,27,PedestrianArea_1080p25,860000000000.0,232000000000.0,110000000000.0,6432359091,1933017246,1641047088,341180,57848641,77230382,54768707876.0,4513467472,5878486939,621796433,6.3449,A,H:\valgrind\default\callgrind_Default_1T_veryfast_qp27_PedestrianArea_1920x1080p25_1920x1080_25fps_130f.out,27
406,veryfast,27,PierSeaSide_4k,3280000000000.0,888000000000.0,419000000000.0,23568385866,7366199044,6484485759,2003830,258589680,232738121,209000000000.0,16697126286,22783507667,2451818335,13.27,A,H:\valgrind\default\callgrind_Default_1T_veryfast_qp27_PierSeaSide_3840x2160_2997fps_8bit_420_3840x2160_30fps_130f.out,27
407,veryfast,27,RitualDance_2k,749000000000.0,204000000000.0,95451609262.0,5703277133,1752587080,1573002636,364861,53958106,74838597,47574761206.0,3723038827,5322607270,589355186,6.3314,A,H:\valgrind\default\callgrind_Default_1T_veryfast_qp27_RitualDance_1920x1080_5994_8bit_420_1920x1080_60fps_130f.out,27
408,veryfast,27,Riverbed_1080p25,1240000000000.0,325000000000.0,145000000000.0,13028752885,1877718432,1647942489,357095,54970368,59031305,65945577905.0,5762669829,6645552742,648933337,6.4041,A,H:\valgrind\default\callgrind_Default_1T_veryfast_qp27_Riverbed_1920x1080p25_1920x1080_25fps_130f.out,27
409,veryfast,27,RushFieldCuts_2k,1100000000000.0,288000000000.0,135000000000.0,7087577544,2056654481,1689258308,335339,58466821,79183715,72044876535.0,6758846414,6799305878,643930302,7.0206,A,H:\valgrind\default\callgrind_Default_1T_veryfast_qp27_RushFieldCuts_1920x1080_2997_1920x1080_30fps_130f.out,27
410,veryfast,27,Skater227_2k,704000000000.0,193000000000.0,90785391401.0,5454884268,1760506310,1577736003,338443,55062813,74001178,44114612610.0,3049941094,5192402812,596718405,6.3504,A,H:\valgrind\default\callgrind_Default_1T_veryfast_qp27_Skater227_1920x1080_30fps_1920x1080_30fps_130f.out,27
411,veryfast,27,Tango_4k,3620000000000.0,981000000000.0,466000000000.0,26125925584,8150327960,6747849745,2246536,305539266,329777052,234000000000.0,18339722785,24794962413,2596024910,13.3681,A,H:\valgrind\default\callgrind_Default_1T_veryfast_qp27_Tango_3840x2160_5994fps_8bit_420_3840x2160_60fps_130f.out,27
412,veryfast,27,TimeLapse_4k,3420000000000.0,921000000000.0,434000000000.0,25175552534,7645450846,6569590910,2340394,300023903,325934145,217000000000.0,17995212013,23315635821,2462772371,13.0925,A,H:\valgrind\default\callgrind_Default_1T_veryfast_qp27_TimeLapse_3840x2160_5994fps_8bit_420_3840x2160_60fps_130f.out,27
413,veryfast,27,ToddlerFountain_2k,1140000000000.0,297000000000.0,138000000000.0,6962589217,2069463529,1693963125,332763,57865366,78975835,76623521645.0,7267712701,6908586920,644509520,7.0285,A,H:\valgrind\default\callgrind_Default_1T_veryfast_qp27_ToddlerFountain_1920x1080_2997fps_8bit_420_1920x1080_30fps_130f.out,27
414,veryfast,27,TreesAndGrass_2k,1340000000000.0,337000000000.0,154000000000.0,7182631449,2099519840,1709833982,348912,59032354,80098248,92748761092.0,9116216510,7517776862,653986387,7.1124,A,H:\valgrind\default\callgrind_Default_1T_veryfast_qp27_TreesAndGrass_1920_1080_30fps_8bit_1920x1080_30fps_130f.out,27
415,veryfast,27,TunnelFlag_2k,959000000000.0,255000000000.0,120000000000.0,6806296290,1986507239,1662013105,330587,57559991,76642120,62162941207.0,5614876790,6216299578,623035533,6.3523,A,H:\valgrind\default\callgrind_Default_1T_veryfast_qp27_TunnelFlag_1920x1080_5994_8bit_420_1920x1080_60fps_130f.out,27
416,veryfast,27,Vertical_bees_2k,831000000000.0,224000000000.0,106000000000.0,6391511004,1931865702,1643246574,299263,51011727,62925800,52542472534.0,4394065504,5713195998,611161629,6.3751,A,H:\valgrind\default\callgrind_Default_1T_veryfast_qp27_Vertical_bees_1080x1920_2997_1080x1920_30fps_130f.out,27
417,veryfast,27,Vertical_Carnaby_2k,735000000000.0,200000000000.0,94428241665.0,5963152812,1821902396,1595173393,327080,53822351,74036366,45651873642.0,3527326080,5274696255,591820397,6.4061,A,H:\valgrind\default\callgrind_Default_1T_veryfast_qp27_Vertical_Carnaby_1080x1920_5994_1080x1920_60fps_130f.out,27
418,veryfast,27,WalkingInStreet_2k,1300000000000.0,326000000000.0,149000000000.0,7369977910,1938507054,1646145073,446395,60381811,81512825,90304205063.0,9131148027,7080828786,599673468,7.2329,A,H:\valgrind\default\callgrind_Default_1T_veryfast_qp27_WalkingInStreet_1920x1080_30fps_1920x1080_30fps_130f.out,27
419,veryfast,27,WorldCup_2k,4350477481.0,1178229606.0,590552602.0,33944918,11962037,12514907,17924,556290,2709083,312786728.0,18482356,33450764,3887516,6.3472,A,H:\valgrind\default\callgrind_Default_1T_veryfast_qp27_WorldCup_1920x1080_30p_1920x1080_30fps_130f.out,27
420,veryfast,27,WorldCup_far_2k,969000000000.0,256000000000.0,120000000000.0,6875049727,1986692348,1669123378,320185,58700062,69946864,62687612030.0,5875218266,6214800068,620849083,7.0531,A,H:\valgrind\default\callgrind_Default_1T_veryfast_qp27_WorldCup_far_1920x1080_30p_1920x1080_30fps_130f.out,27
421,veryfast,32,Aerial3200_2k,938000000000.0,252000000000.0,119000000000.0,6775731264,2055089423,1695084039,323666,58582843,76832556,60150707053.0,5095889025,6281434054,639629062,6.3725,A,H:\valgrind\default\callgrind_Default_1T_veryfast_qp32_Aerial3200_1920x1080_5994_8bit_420_1920x1080_60fps_130f.out,32
422,veryfast,32,Boat_2k,1030000000000.0,272000000000.0,128000000000.0,6803294721,2028897912,1692925855,347036,57927978,78496511,67622474554.0,6221906314,6553078021,631752327,6.3672,A,H:\valgrind\default\callgrind_Default_1T_veryfast_qp32_Boat_1920x1080_5994_8bit_420_1920x1080_60fps_130f.out,32
423,veryfast,32,BoxingPractice_4k,2910000000000.0,797000000000.0,375000000000.0,22365382804,7054518927,6372063165,2301620,288110889,316880419,184000000000.0,13289176445,21154321776,2399002607,13.0006,A,H:\valgrind\default\callgrind_Default_1T_veryfast_qp32_BoxingPractice_3840x2160_5994fps_8bit_420_3840x2160_60fps_130f.out,32
424,veryfast,32,Crosswalk_4k,2870000000000.0,791000000000.0,372000000000.0,21351405130,7027157932,6349361813,2628549,293948872,314559701,183000000000.0,12290334319,21279566035,2436096092,12.9114,A,H:\valgrind\default\callgrind_Default_1T_veryfast_qp32_Crosswalk_3840x2160_5994fps_8bit_420_3840x2160_60fps_130f.out,32
425,veryfast,32,CrowdRun_1080p50,1120000000000.0,292000000000.0,137000000000.0,6896579580,2093644803,1711442224,341087,59031547,79426542,74387166150.0,6968380133,6870526582,648429370,7.072,A,H:\valgrind\default\callgrind_Default_1T_veryfast_qp32_CrowdRun_1920x1080p50_1920x1080_50fps_130f.out,32
426,veryfast,32,DinnerSceneCropped_2k,783000000000.0,215000000000.0,102000000000.0,5740614604,1887399567,1630180025,337269,56362549,75561622,50914714020.0,3578072415,5667753176,631116821,6.2705,A,H:\valgrind\default\callgrind_Default_1T_veryfast_qp32_DinnerSceneCropped_1920x1080_2997fps_8bit_420_1920x1080_30fps_130f.out,32
427,veryfast,32,FoodMarket2_4k,3200000000000.0,872000000000.0,413000000000.0,25525080851,7700884740,6605546514,2315742,300900309,320555846,200000000000.0,15614054038,22627891873,2476287125,13.2082,A,H:\valgrind\default\callgrind_Default_1T_veryfast_qp32_FoodMarket2_3840x2160_5994fps_8bit_420_3840x2160_60fps_130f.out,32
428,veryfast,32,FoodMarket_2k,836000000000.0,227000000000.0,107000000000.0,6226729687,1909597170,1644381141,305228,53186681,61698811,53519624771.0,4160736066,5846654556,627394104,6.3658,A,H:\valgrind\default\callgrind_Default_1T_veryfast_qp32_FoodMarket_1920x1080_5994_8bit_420_1920x1080_60fps_130f.out,32
429,veryfast,32,MeridianTalk_sdr_2k,713000000000.0,196000000000.0,91840057306.0,5384293194,1733867064,1577419483,333873,50620419,60565354,45121711541.0,3129074959,5232609400,599591218,6.3348,A,H:\valgrind\default\callgrind_Default_1T_veryfast_qp32_MeridianTalk_sdr_1920x1080p_5994_8bit_1920x1080_60fps_130f.out,32
430,veryfast,32,Motorcycle_2k,960000000000.0,252000000000.0,117000000000.0,6484999695,1921863172,1648588075,306303,52640688,61948820,62981048200.0,5713784279,6088405637,614703120,7.0665,A,H:\valgrind\default\callgrind_Default_1T_veryfast_qp32_Motorcycle_1920x1080_30fps_8bit_1920x1080_30fps_130f.out,32
431,veryfast,32,MountainBike_2k,985000000000.0,259000000000.0,121000000000.0,6692058074,1980066907,1674560438,300473,56764619,69354127,64450855792.0,5844149289,6246663732,623004073,6.9826,A,H:\valgrind\default\callgrind_Default_1T_veryfast_qp32_MountainBike_1920x1080_30fps_8bit_1920x1080_30fps_130f.out,32
432,veryfast,32,Neon1224_4k,2810000000000.0,768000000000.0,360000000000.0,21945770022,6860004340,6291901692,2291636,290216241,316862492,176000000000.0,12989736513,20442100555,2329504857,12.957,A,H:\valgrind\default\callgrind_Default_1T_veryfast_qp32_Neon1224_3840x2160_2997fps_3840x2160_30fps_130f.out,32
433,veryfast,32,NocturneDance_4k,2900000000000.0,790000000000.0,371000000000.0,23517251667,7264738301,6453875693,2318450,290841992,315610040,180000000000.0,13568032185,20789457285,2362619267,13.2215,A,H:\valgrind\default\callgrind_Default_1T_veryfast_qp32_NocturneDance_3840x2160p_8bit_60fps_3840x2160_60fps_130f.out,32
434,veryfast,32,OldTownCross_1080p50,938000000000.0,251000000000.0,118000000000.0,6267241376,1947921166,1661196772,310643,53654756,62808855,61691624567.0,5070529266,6229987238,638470167,6.3166,A,H:\valgrind\default\callgrind_Default_1T_veryfast_qp32_OldTownCross_1920x1080p50_1920x1080_50fps_130f.out,32
435,veryfast,32,PedestrianArea_1080p25,746000000000.0,204000000000.0,95862801414.0,5867798461,1832413645,1613856643,343716,55509188,75210214,46890423040.0,3511253270,5358078401,601920491,6.359,A,H:\valgrind\default\callgrind_Default_1T_veryfast_qp32_PedestrianArea_1920x1080p25_1920x1080_25fps_130f.out,32
436,veryfast,32,PierSeaSide_4k,2880000000000.0,787000000000.0,369000000000.0,21774336509,6887855992,6340359417,2044777,250850905,233623105,181000000000.0,13341728338,20835882411,2354977565,13.3017,A,H:\valgrind\default\callgrind_Default_1T_veryfast_qp32_PierSeaSide_3840x2160_2997fps_8bit_420_3840x2160_30fps_130f.out,32
437,veryfast,32,RitualDance_2k,685000000000.0,187000000000.0,87613201341.0,5342907889,1706979583,1565544599,328292,53146749,74799055,43021394516.0,3151090477,5018610064,575255725,6.3146,A,H:\valgrind\default\callgrind_Default_1T_veryfast_qp32_RitualDance_1920x1080_5994_8bit_420_1920x1080_60fps_130f.out,32
438,veryfast,32,Riverbed_1080p25,870000000000.0,236000000000.0,112000000000.0,6716598095,2029117077,1686839580,340105,59341223,76532754,54926497623.0,4416341260,6047469680,635280086,6.3958,A,H:\valgrind\default\callgrind_Default_1T_veryfast_qp32_Riverbed_1920x1080p25_1920x1080_25fps_130f.out,32
439,veryfast,32,RushFieldCuts_2k,943000000000.0,251000000000.0,118000000000.0,6693566741,2012462443,1682714074,332924,57235025,77358191,60635504089.0,5339099703,6179020490,628404684,7.0422,A,H:\valgrind\default\callgrind_Default_1T_veryfast_qp32_RushFieldCuts_1920x1080_2997_1920x1080_30fps_130f.out,32
440,veryfast,32,Skater227_2k,649000000000.0,178000000000.0,83225220177.0,5036177809,1682983426,1563452540,335826,54794081,74265698,40308566373.0,2669935047,4877055242,573598468,6.3241,A,H:\valgrind\default\callgrind_Default_1T_veryfast_qp32_Skater227_1920x1080_30fps_1920x1080_30fps_130f.out,32
441,veryfast,32,Tango_4k,3020000000000.0,830000000000.0,392000000000.0,22648446853,7263369473,6426419465,2523351,294625846,316713158,193000000000.0,13512557025,22071876774,2483292577,13.2135,A,H:\valgrind\default\callgrind_Default_1T_veryfast_qp32_Tango_3840x2160_5994fps_8bit_420_3840x2160_60fps_130f.out,32
442,veryfast,32,TimeLapse_4k,3010000000000.0,818000000000.0,385000000000.0,23503931780,7250927339,6427600522,2370813,294095571,319674442,188000000000.0,14345305316,21442285927,2385707346,13.1057,A,H:\valgrind\default\callgrind_Default_1T_veryfast_qp32_TimeLapse_3840x2160_5994fps_8bit_420_3840x2160_60fps_130f.out,32
443,veryfast,32,ToddlerFountain_2k,968000000000.0,257000000000.0,121000000000.0,6565034642,2013152382,1682609051,335568,56346662,77241144,63144744314.0,5499210172,6262032672,627413515,6.6525,A,H:\valgrind\default\callgrind_Default_1T_veryfast_qp32_ToddlerFountain_1920x1080_2997fps_8bit_420_1920x1080_30fps_130f.out,32
444,veryfast,32,TreesAndGrass_2k,1190000000000.0,305000000000.0,141000000000.0,6942291372,2073338454,1706349684,340844,58053940,79229732,80512257445.0,7730557300,7049880167,645647727,7.0828,A,H:\valgrind\default\callgrind_Default_1T_veryfast_qp32_TreesAndGrass_1920_1080_30fps_8bit_1920x1080_30fps_130f.out,32
445,veryfast,32,TunnelFlag_2k,824000000000.0,222000000000.0,104000000000.0,6224310904,1866518574,1620537498,305555,52661309,62591769,52515923201.0,4353280331,5640743779,606917153,6.3698,A,H:\valgrind\default\callgrind_Default_1T_veryfast_qp32_TunnelFlag_1920x1080_5994_8bit_420_1920x1080_60fps_130f.out,32
446,veryfast,32,Vertical_bees_2k,756000000000.0,205000000000.0,96493152853.0,6000847947,1862010007,1619418251,310388,54570815,75376442,47325785819.0,3708759716,5362879628,595996299,6.3654,A,H:\valgrind\default\callgrind_Default_1T_veryfast_qp32_Vertical_bees_1080x1920_2997_1080x1920_30fps_130f.out,32
447,veryfast,32,Vertical_Carnaby_2k,674000000000.0,185000000000.0,86497654556.0,5507329983,1738413495,1569219700,317119,49848665,63048783,41660428635.0,3018201941,4980683748,575213736,6.4079,A,H:\valgrind\default\callgrind_Default_1T_veryfast_qp32_Vertical_Carnaby_1080x1920_5994_1080x1920_60fps_130f.out,32
448,veryfast,32,WalkingInStreet_2k,1140000000000.0,291000000000.0,135000000000.0,7255458165,1931513894,1652840531,442788,59446854,79416313,76179390573.0,7529044604,6626109668,599764044,7.1539,A,H:\valgrind\default\callgrind_Default_1T_veryfast_qp32_WalkingInStreet_1920x1080_30fps_1920x1080_30fps_130f.out,32
449,veryfast,32,WorldCup_2k,675000000000.0,184000000000.0,85991325748.0,5415610703,1709479855,1566621932,308043,51285668,62714224,42027872251.0,3080507475,4940427139,571710572,6.3585,A,H:\valgrind\default\callgrind_Default_1T_veryfast_qp32_WorldCup_1920x1080_30p_1920x1080_30fps_130f.out,32
450,veryfast,32,WorldCup_far_2k,859000000000.0,230000000000.0,109000000000.0,6520974588,1896661212,1634181956,318081,53724383,63059690,54627106574.0,4779270529,5783332827,610031282,6.3898,A,H:\valgrind\default\callgrind_Default_1T_veryfast_qp32_WorldCup_far_1920x1080_30p_1920x1080_30fps_130f.out,32
451,veryfast,37,Aerial3200_2k,815000000000.0,221000000000.0,105000000000.0,6283240562,1927244745,1656068198,335627,57379705,76115442,51536004604.0,3964275380,5731319166,622123571,6.3831,A,H:\valgrind\default\callgrind_Default_1T_veryfast_qp37_Aerial3200_1920x1080_5994_8bit_420_1920x1080_60fps_130f.out,37
452,veryfast,37,Boat_2k,907000000000.0,243000000000.0,115000000000.0,6514343340,1966248400,1674207359,328385,56745680,77229385,58274510994.0,4962249039,6071848297,621236829,6.3417,A,H:\valgrind\default\callgrind_Default_1T_veryfast_qp37_Boat_1920x1080_5994_8bit_420_1920x1080_60fps_130f.out,37
453,veryfast,37,BoxingPractice_4k,2680000000000.0,736000000000.0,344000000000.0,20673352086,6756548313,6281607039,2397300,281054423,311396354,167000000000.0,11432457344,19911087065,2323317796,13.0209,A,H:\valgrind\default\callgrind_Default_1T_veryfast_qp37_BoxingPractice_3840x2160_5994fps_8bit_420_3840x2160_60fps_130f.out,37
454,veryfast,37,Crosswalk_4k,2660000000000.0,734000000000.0,343000000000.0,19707689643,6687011702,6255323537,2617145,287030733,310209720,167000000000.0,10864904913,20026170951,2348192513,12.9536,A,H:\valgrind\default\callgrind_Default_1T_veryfast_qp37_Crosswalk_3840x2160_5994fps_8bit_420_3840x2160_60fps_130f.out,37
455,veryfast,37,CrowdRun_1080p50,951000000000.0,254000000000.0,120000000000.0,6504648199,1983697620,1682243960,331826,57672787,78092108,61804125044.0,5378104660,6238378989,633087274,6.3421,A,H:\valgrind\default\callgrind_Default_1T_veryfast_qp37_CrowdRun_1920x1080p50_1920x1080_50fps_130f.out,37
456,veryfast,37,DinnerSceneCropped_2k,669000000000.0,185000000000.0,86438480255.0,4776693670,1625893241,1553266838,333718,51580343,73633707,42654775393.0,2725090220,5055526689,591624884,6.3238,A,H:\valgrind\default\callgrind_Default_1T_veryfast_qp37_DinnerSceneCropped_1920x1080_2997fps_8bit_420_1920x1080_30fps_130f.out,37
457,veryfast,37,FoodMarket2_4k,2930000000000.0,800000000000.0,377000000000.0,23681034418,7426907123,6499709662,2403834,297343858,319207106,182000000000.0,13263788739,21222527094,2408996596,13.2051,A,H:\valgrind\default\callgrind_Default_1T_veryfast_qp37_FoodMarket2_3840x2160_5994fps_8bit_420_3840x2160_60fps_130f.out,37
458,veryfast,37,FoodMarket_2k,745000000000.0,204000000000.0,95949737551.0,5681904497,1816790791,1614416931,302726,52594120,62400943,47109005896.0,3384394585,5393500062,606869598,6.3796,A,H:\valgrind\default\callgrind_Default_1T_veryfast_qp37_FoodMarket_1920x1080_5994_8bit_420_1920x1080_60fps_130f.out,37
459,veryfast,37,MeridianTalk_sdr_2k,657000000000.0,181000000000.0,84403495716.0,4969229239,1662864214,1560344941,312957,51067811,62526479,41119652434.0,2719293355,4928568679,579261495,6.3354,A,H:\valgrind\default\callgrind_Default_1T_veryfast_qp37_MeridianTalk_sdr_1920x1080p_5994_8bit_1920x1080_60fps_130f.out,37
460,veryfast,37,Motorcycle_2k,855000000000.0,228000000000.0,107000000000.0,6134382359,1879369151,1637375355,306586,51929440,62409492,55029010118.0,4692930764,5688337000,601234165,6.3269,A,H:\valgrind\default\callgrind_Default_1T_veryfast_qp37_Motorcycle_1920x1080_30fps_8bit_1920x1080_30fps_130f.out,37
461,veryfast,37,MountainBike_2k,874000000000.0,234000000000.0,110000000000.0,6371619328,1932890615,1658898733,288558,52170859,61967537,56080026043.0,4759951212,5824323584,610981404,6.3469,A,H:\valgrind\default\callgrind_Default_1T_veryfast_qp37_MountainBike_1920x1080_30fps_8bit_1920x1080_30fps_130f.out,37
462,veryfast,37,Neon1224_4k,2580000000000.0,708000000000.0,330000000000.0,20405037196,6592555783,6208927511,2350239,281273403,310100555,160000000000.0,11216472592,19243313612,2248151942,13.1415,A,H:\valgrind\default\callgrind_Default_1T_veryfast_qp37_Neon1224_3840x2160_2997fps_3840x2160_30fps_130f.out,37
463,veryfast,37,NocturneDance_4k,2640000000000.0,723000000000.0,337000000000.0,21411975578,6945443375,6331861045,2338272,281402978,308236076,163000000000.0,11418788304,19472034250,2280728660,13.1773,A,H:\valgrind\default\callgrind_Default_1T_veryfast_qp37_NocturneDance_3840x2160p_8bit_60fps_3840x2160_60fps_130f.out,37
464,veryfast,37,OldTownCross_1080p50,789000000000.0,214000000000.0,101000000000.0,5685348404,1804777105,1617578305,318575,54506160,68398290,50505604703.0,3793053486,5564388587,610731605,6.3815,A,H:\valgrind\default\callgrind_Default_1T_veryfast_qp37_OldTownCross_1920x1080p50_1920x1080_50fps_130f.out,37
465,veryfast,37,PedestrianArea_1080p25,685000000000.0,188000000000.0,88089811080.0,5388772872,1738611079,1582987819,322130,54817883,68808014,42787596000.0,2995829921,5061329024,586658868,6.3598,A,H:\valgrind\default\callgrind_Default_1T_veryfast_qp37_PedestrianArea_1920x1080p25_1920x1080_25fps_130f.out,37
466,veryfast,37,PierSeaSide_4k,2620000000000.0,719000000000.0,335000000000.0,20408751870,6642888245,6283004485,2097385,246492305,233371420,163000000000.0,11374302007,19445151319,2267141418,13.1386,A,H:\valgrind\default\callgrind_Default_1T_veryfast_qp37_PierSeaSide_3840x2160_2997fps_8bit_420_3840x2160_30fps_130f.out,37
467,veryfast,37,RitualDance_2k,637000000000.0,175000000000.0,81392184940.0,5033279032,1629765525,1541798236,321555,48985113,61807477,39665355352.0,2761760614,4771591890,560564667,6.3482,A,H:\valgrind\default\callgrind_Default_1T_veryfast_qp37_RitualDance_1920x1080_5994_8bit_420_1920x1080_60fps_130f.out,37
468,veryfast,37,Riverbed_1080p25,783000000000.0,214000000000.0,101000000000.0,6283176280,1931191147,1654325317,322999,54699093,62351331,49116096587.0,3652117611,5621446784,619842664,6.362,A,H:\valgrind\default\callgrind_Default_1T_veryfast_qp37_Riverbed_1920x1080p25_1920x1080_25fps_130f.out,37
469,veryfast,37,RushFieldCuts_2k,828000000000.0,223000000000.0,105000000000.0,6235530454,1901585126,1646136532,324196,55788514,75839172,52353992507.0,4265609384,5686433066,610897594,6.3248,A,H:\valgrind\default\callgrind_Default_1T_veryfast_qp37_RushFieldCuts_1920x1080_2997_1920x1080_30fps_130f.out,37
470,veryfast,37,Skater227_2k,605000000000.0,167000000000.0,77159256595.0,4702188538,1589346562,1534088203,316580,53815701,73879715,37419519917.0,2415062192,4617702584,551763759,6.2943,A,H:\valgrind\default\callgrind_Default_1T_veryfast_qp37_Skater227_1920x1080_30fps_1920x1080_30fps_130f.out,37
471,veryfast,37,Tango_4k,2750000000000.0,758000000000.0,355000000000.0,20594201251,6854819258,6315049581,2596509,286627121,311049845,174000000000.0,11527595457,20524619737,2383257347,13.1884,A,H:\valgrind\default\callgrind_Default_1T_veryfast_qp37_Tango_3840x2160_5994fps_8bit_420_3840x2160_60fps_130f.out,37
472,veryfast,37,TimeLapse_4k,2740000000000.0,750000000000.0,351000000000.0,21906614589,6984434498,6355005031,2371986,286506332,312703962,170000000000.0,12134107523,20120019690,2318582801,13.1057,A,H:\valgrind\default\callgrind_Default_1T_veryfast_qp37_TimeLapse_3840x2160_5994fps_8bit_420_3840x2160_60fps_130f.out,37
473,veryfast,37,ToddlerFountain_2k,828000000000.0,223000000000.0,105000000000.0,6146396305,1906428742,1653968433,343299,54828842,75746521,52700697316.0,4185671869,5677136413,609051107,6.3507,A,H:\valgrind\default\callgrind_Default_1T_veryfast_qp37_ToddlerFountain_1920x1080_2997fps_8bit_420_1920x1080_30fps_130f.out,37
474,veryfast,37,TreesAndGrass_2k,1040000000000.0,274000000000.0,128000000000.0,6689242360,2009026602,1688276381,331350,57194180,77610722,69164189040.0,6284173521,6570827525,634406028,6.3948,A,H:\valgrind\default\callgrind_Default_1T_veryfast_qp37_TreesAndGrass_1920_1080_30fps_8bit_1920x1080_30fps_130f.out,37
475,veryfast,37,TunnelFlag_2k,737000000000.0,201000000000.0,94092364629.0,5714550992,1777876423,1595733767,316671,54223680,75655540,46445893609.0,3534797151,5262152525,591521234,6.3631,A,H:\valgrind\default\callgrind_Default_1T_veryfast_qp37_TunnelFlag_1920x1080_5994_8bit_420_1920x1080_60fps_130f.out,37
476,veryfast,37,Vertical_bees_2k,699000000000.0,191000000000.0,89424021583.0,5636752984,1778324821,1590610620,307197,52824067,73629414,43496039577.0,3217526172,5090203557,581648992,6.4461,A,H:\valgrind\default\callgrind_Default_1T_veryfast_qp37_Vertical_bees_1080x1920_2997_1080x1920_30fps_130f.out,37
477,veryfast,37,Vertical_Carnaby_2k,633000000000.0,174000000000.0,81090627766.0,5143057577,1679670659,1553233816,339605,52390459,73580057,39094479631.0,2700233444,4774321133,561057951,6.3596,A,H:\valgrind\default\callgrind_Default_1T_veryfast_qp37_Vertical_Carnaby_1080x1920_5994_1080x1920_60fps_130f.out,37
478,veryfast,37,WalkingInStreet_2k,987000000000.0,259000000000.0,121000000000.0,7069890372,1903455245,1637938787,440490,59258016,78791319,64382798246.0,6054236430,6153945019,598041767,6.4568,A,H:\valgrind\default\callgrind_Default_1T_veryfast_qp37_WalkingInStreet_1920x1080_30fps_1920x1080_30fps_130f.out,37
479,veryfast,37,WorldCup_2k,633000000000.0,174000000000.0,80688853165.0,5076959009,1655209529,1552030641,302018,50337806,62787798,39263035484.0,2741040002,4738423849,558646486,6.2898,A,H:\valgrind\default\callgrind_Default_1T_veryfast_qp37_WorldCup_1920x1080_30p_1920x1080_30fps_130f.out,37
480,veryfast,37,WorldCup_far_2k,776000000000.0,210000000000.0,99075853693.0,6152699275,1854983422,1621596165,339855,55700030,75390345,48763117073.0,3959806806,5433301090,597832188,6.313,A,H:\valgrind\default\callgrind_Default_1T_veryfast_qp37_WorldCup_far_1920x1080_30p_1920x1080_30fps_130f.out,37
481,fast,22,Aerial3200_2k,1340000000000.0,343000000000.0,160000000000.0,7550097217,2150122236,1742782979,303017,57761171,68434145,90583170573.0,9191137691,7739183528,660697993,7.1671,B,H:\valgrind\dis_deblock_en_sao\callgrind_fast_qp22_Aerial3200_1920x1080_5994_8bit_420_1920x1080_60fps_130f.out,22
482,fast,22,Boat_2k,1350000000000.0,339000000000.0,155000000000.0,7278103491,2087045518,1720219173,299068,54711975,65054091,92975999873.0,9431861439,7528076086,640749640,7.1358,B,H:\valgrind\dis_deblock_en_sao\callgrind_fast_qp22_Boat_1920x1080_5994_8bit_420_1920x1080_60fps_130f.out,22
483,fast,22,BoxingPractice_4k,3150000000000.0,833000000000.0,392000000000.0,21113734363,6141170433,5143759425,1456234,194719429,178357960,204000000000.0,18592472003,19957630191,1931050220,13.6248,B,H:\valgrind\dis_deblock_en_sao\callgrind_fast_qp22_BoxingPractice_3840x2160_5994fps_8bit_420_3840x2160_60fps_130f.out,22
484,fast,22,Crosswalk_4k,1920000000000.0,512000000000.0,241000000000.0,12901506296,3895267029,3195570767,995572,130125789,126823542,124000000000.0,10686231275,12335753622,1215079281,13.055,B,H:\valgrind\dis_deblock_en_sao\callgrind_fast_qp22_Crosswalk_3840x2160_5994fps_8bit_420_3840x2160_60fps_130f.out,22
485,fast,22,CrowdRun_1080p50,1920000000000.0,466000000000.0,199000000000.0,13713660291,1978918983,1695409486,308774,55150638,63085380,114000000000.0,11503803327,8310521089,660909240,7.2255,B,H:\valgrind\dis_deblock_en_sao\callgrind_fast_qp22_CrowdRun_1920x1080p50_1920x1080_50fps_130f.out,22
486,fast,22,DinnerSceneCropped_2k,1390000000000.0,357000000000.0,165000000000.0,7518924560,2182680752,1751326101,298552,55492009,63349461,95363326015.0,9553317921,7837023439,670564604,6.3792,B,H:\valgrind\dis_deblock_en_sao\callgrind_fast_qp22_DinnerSceneCropped_1920x1080_2997fps_8bit_420_1920x1080_30fps_130f.out,22
487,fast,22,FoodMarket2_4k,3130000000000.0,830000000000.0,393000000000.0,21439694498,6093874825,5097639424,1485675,195689717,176854943,201000000000.0,18652844975,19999530179,1913840706,13.9507,B,H:\valgrind\dis_deblock_en_sao\callgrind_fast_qp22_FoodMarket2_3840x2160_5994fps_8bit_420_3840x2160_60fps_130f.out,22
488,fast,22,FoodMarket_2k,1310000000000.0,339000000000.0,157000000000.0,7406060827,2147978885,1738557085,293932,55775802,64091953,88616358940.0,8754992146,7581745479,660404326,6.8418,B,H:\valgrind\dis_deblock_en_sao\callgrind_fast_qp22_FoodMarket_1920x1080_5994_8bit_420_1920x1080_60fps_130f.out,22
489,fast,22,MeridianTalk_sdr_2k,1050000000000.0,279000000000.0,131000000000.0,6801515932,2044393318,1696864440,284215,53178261,61657026,69609630682.0,6095850230,6645912461,647353757,6.3813,B,H:\valgrind\dis_deblock_en_sao\callgrind_fast_qp22_MeridianTalk_sdr_1920x1080p_5994_8bit_1920x1080_60fps_130f.out,22
490,fast,22,Motorcycle_2k,1460000000000.0,365000000000.0,159000000000.0,12772904083,1879064263,1649960350,300781,54569803,62158067,83178205723.0,7917287517,7007374080,633528404,7.0665,B,H:\valgrind\dis_deblock_en_sao\callgrind_fast_qp22_Motorcycle_1920x1080_30fps_8bit_1920x1080_30fps_130f.out,22
491,fast,22,MountainBike_2k,1240000000000.0,316000000000.0,146000000000.0,7241628449,2051009968,1711688960,291971,55007453,64415698,84454644742.0,8309061494,7172287863,637359702,7.0957,B,H:\valgrind\dis_deblock_en_sao\callgrind_fast_qp22_MountainBike_1920x1080_30fps_8bit_1920x1080_30fps_130f.out,22
492,fast,22,Neon1224_4k,3090000000000.0,829000000000.0,392000000000.0,22680191674,6622575161,5789704328,1719000,224133717,207147408,198000000000.0,16820970305,20935920536,2187738366,13.4567,B,H:\valgrind\dis_deblock_en_sao\callgrind_fast_qp22_Neon1224_3840x2160_2997fps_3840x2160_30fps_130f.out,22
493,fast,22,NocturneDance_4k,3420000000000.0,903000000000.0,401000000000.0,37767318860,5551165315,4911398203,1696667,189732271,171409862,182000000000.0,16098573149,18563472920,1883420458,13.3742,B,H:\valgrind\dis_deblock_en_sao\callgrind_fast_qp22_NocturneDance_3840x2160p_8bit_60fps_3840x2160_60fps_130f.out,22
494,fast,22,OldTownCross_1080p50,1600000000000.0,401000000000.0,181000000000.0,7681309520,2174178238,1750475565,312868,55188377,63085937,114000000000.0,11730617797,8374331229,664286664,7.1316,B,H:\valgrind\dis_deblock_en_sao\callgrind_fast_qp22_OldTownCross_1920x1080p50_1920x1080_50fps_130f.out,22
495,fast,22,PedestrianArea_1080p25,1080000000000.0,285000000000.0,134000000000.0,6985829253,2024251186,1693398739,297425,53486733,62341702,70867863738.0,6603322900,6730139961,636955627,6.3747,B,H:\valgrind\dis_deblock_en_sao\callgrind_fast_qp22_PedestrianArea_1920x1080p25_1920x1080_25fps_130f.out,22
496,fast,22,PierSeaSide_4k,3590000000000.0,955000000000.0,450000000000.0,24307013225,7204876386,6127036829,1923432,254760127,241660332,235000000000.0,20700009468,23367308265,2338722320,13.2578,B,H:\valgrind\dis_deblock_en_sao\callgrind_fast_qp22_PierSeaSide_3840x2160_2997fps_8bit_420_3840x2160_30fps_130f.out,22
497,fast,22,RitualDance_2k,1010000000000.0,267000000000.0,119000000000.0,10519358744,1699566139,1571804826,303184,51385050,60347301,54604244742.0,4569647550,5708985240,603134634,6.3007,B,H:\valgrind\dis_deblock_en_sao\callgrind_fast_qp22_RitualDance_1920x1080_5994_8bit_420_1920x1080_60fps_130f.out,22
498,fast,22,Riverbed_1080p25,1240000000000.0,321000000000.0,150000000000.0,7495328273,2135776544,1738430619,323051,55821200,63197907,81603766821.0,8029508993,7375875176,652720387,6.4294,B,H:\valgrind\dis_deblock_en_sao\callgrind_fast_qp22_Riverbed_1920x1080p25_1920x1080_25fps_130f.out,22
499,fast,22,RushFieldCuts_2k,1240000000000.0,318000000000.0,149000000000.0,7314146021,2060310640,1706295746,299974,54041454,63349156,82982576326.0,8139917768,7329768560,654529898,7.0231,B,H:\valgrind\dis_deblock_en_sao\callgrind_fast_qp22_RushFieldCuts_1920x1080_2997_1920x1080_30fps_130f.out,22
500,fast,22,Skater227_2k,763000000000.0,209000000000.0,98705113418.0,5957338257,1838518685,1617685357,284909,52399721,61980122,48241567658.0,3564612938,5508978414,615081075,6.3206,B,H:\valgrind\dis_deblock_en_sao\callgrind_fast_qp22_Skater227_1920x1080_30fps_1920x1080_30fps_130f.out,22
501,fast,22,Tango_4k,4770000000000.0,1250000000000.0,583000000000.0,28648579433,8498277646,6974731104,2167946,311153100,349470354,317000000000.0,29204881154,28649843252,2628533971,14.0446,B,H:\valgrind\dis_deblock_en_sao\callgrind_fast_qp22_Tango_3840x2160_5994fps_8bit_420_3840x2160_60fps_130f.out,22
502,fast,22,TimeLapse_4k,4000000000000.0,1060000000000.0,497000000000.0,26878740398,7906328591,6712156338,2237636,298860463,336532271,261000000000.0,23692608776,25575786518,2518973342,8.4907,B,H:\valgrind\dis_deblock_en_sao\callgrind_fast_qp22_TimeLapse_3840x2160_5994fps_8bit_420_3840x2160_60fps_130f.out,22
503,fast,22,ToddlerFountain_2k,1340000000000.0,341000000000.0,157000000000.0,7368335403,2111766451,1730912381,303503,54378503,63149197,92544481246.0,9375695692,7579717905,654881310,7.1011,B,H:\valgrind\dis_deblock_en_sao\callgrind_fast_qp22_ToddlerFountain_1920x1080_2997fps_8bit_420_1920x1080_30fps_130f.out,22
504,fast,22,TreesAndGrass_2k,1490000000000.0,366000000000.0,166000000000.0,7371017270,2145004328,1734041823,330820,58330092,81783536,105000000000.0,10275555444,7932371750,655629106,7.2048,B,H:\valgrind\dis_deblock_en_sao\callgrind_fast_qp22_TreesAndGrass_1920_1080_30fps_8bit_1920x1080_30fps_130f.out,22
505,fast,22,TunnelFlag_2k,1130000000000.0,293000000000.0,137000000000.0,7160997463,2026552347,1689313639,315485,53950285,62071890,74946696354.0,7270514946,6855450070,632328061,6.8743,B,H:\valgrind\dis_deblock_en_sao\callgrind_fast_qp22_TunnelFlag_1920x1080_5994_8bit_420_1920x1080_60fps_130f.out,22
506,fast,22,Vertical_bees_2k,919000000000.0,245000000000.0,116000000000.0,6721269430,1945616473,1659299940,280844,52869384,63941713,58882740481.0,5247668194,6090755825,620427957,6.4007,B,H:\valgrind\dis_deblock_en_sao\callgrind_fast_qp22_Vertical_bees_1080x1920_2997_1080x1920_30fps_130f.out,22
507,fast,22,Vertical_Carnaby_2k,806000000000.0,218000000000.0,103000000000.0,6392401181,1877932077,1629241225,304998,51380066,63165746,50511977129.0,4216510316,5596904976,603722098,6.3932,B,H:\valgrind\dis_deblock_en_sao\callgrind_fast_qp22_Vertical_Carnaby_1080x1920_5994_1080x1920_60fps_130f.out,22
508,fast,22,WalkingInStreet_2k,1420000000000.0,346000000000.0,155000000000.0,7397894399,1899036532,1652159507,391290,56575136,68012063,101000000000.0,10178456120,7342718036,598626415,7.2554,B,H:\valgrind\dis_deblock_en_sao\callgrind_fast_qp22_WalkingInStreet_1920x1080_30fps_1920x1080_30fps_130f.out,22
509,fast,22,WorldCup_2k,987000000000.0,262000000000.0,116000000000.0,11031057543,1741208341,1587705478,298165,52007916,60637322,52262443611.0,4346991317,5571701084,600106774,6.3279,B,H:\valgrind\dis_deblock_en_sao\callgrind_fast_qp22_WorldCup_1920x1080_30p_1920x1080_30fps_130f.out,22
510,fast,22,WorldCup_far_2k,1090000000000.0,282000000000.0,132000000000.0,7137911732,1984390901,1678313058,311657,53621874,61729410,71868312615.0,7097733886,6637967756,623866307,7.0555,B,H:\valgrind\dis_deblock_en_sao\callgrind_fast_qp22_WorldCup_far_1920x1080_30p_1920x1080_30fps_130f.out,22
511,fast,27,Aerial3200_2k,1110000000000.0,293000000000.0,138000000000.0,7219885759,2115796282,1725274250,295267,58546945,70217449,72895170644.0,6844905732,6994205683,654666037,6.3714,B,H:\valgrind\dis_deblock_en_sao\callgrind_fast_qp27_Aerial3200_1920x1080_5994_8bit_420_1920x1080_60fps_130f.out,27
512,fast,27,Boat_2k,1180000000000.0,305000000000.0,142000000000.0,7072009628,2085209948,1714212885,290614,54075550,63753263,79295344167.0,7797757153,7061036197,638477770,6.8668,B,H:\valgrind\dis_deblock_en_sao\callgrind_fast_qp27_Boat_1920x1080_5994_8bit_420_1920x1080_60fps_130f.out,27
513,fast,27,BoxingPractice_4k,3370000000000.0,914000000000.0,433000000000.0,25330247907,7692517185,6611596761,2176008,290230966,322430346,215000000000.0,17169425348,23413560030,2500603877,13.0487,B,H:\valgrind\dis_deblock_en_sao\callgrind_fast_qp27_BoxingPractice_3840x2160_5994fps_8bit_420_3840x2160_60fps_130f.out,27
514,fast,27,Crosswalk_4k,3270000000000.0,894000000000.0,425000000000.0,24478284847,7853313212,6654360667,2008765,269862157,255634459,211000000000.0,15241077333,23379205971,2562533855,12.9287,B,H:\valgrind\dis_deblock_en_sao\callgrind_fast_qp27_Crosswalk_3840x2160_5994fps_8bit_420_3840x2160_60fps_130f.out,27
515,fast,27,CrowdRun_1080p50,1620000000000.0,406000000000.0,176000000000.0,13311977390,1904726783,1668070870,302989,54823177,61761248,92642249503.0,9096467883,7602619223,658051551,7.0286,B,H:\valgrind\dis_deblock_en_sao\callgrind_fast_qp27_CrowdRun_1920x1080p50_1920x1080_50fps_130f.out,27
516,fast,27,DinnerSceneCropped_2k,1040000000000.0,278000000000.0,131000000000.0,6975554025,2137533891,1724360024,297153,54822085,61941923,67848373990.0,5844345844,6689673097,659600514,6.3581,B,H:\valgrind\dis_deblock_en_sao\callgrind_fast_qp27_DinnerSceneCropped_1920x1080_2997fps_8bit_420_1920x1080_30fps_130f.out,27
517,fast,27,FoodMarket2_4k,3060000000000.0,826000000000.0,394000000000.0,23335145487,6889802271,5792560702,1733811,223378638,202358851,193000000000.0,16225175900,20943906495,2175305416,13.2135,B,H:\valgrind\dis_deblock_en_sao\callgrind_fast_qp27_FoodMarket2_3840x2160_5994fps_8bit_420_3840x2160_60fps_130f.out,27
518,fast,27,FoodMarket_2k,1010000000000.0,269000000000.0,127000000000.0,6885339000,2084828703,1709054021,294916,54896088,63825155,65631984580.0,5736168039,6580304023,648695726,6.3553,B,H:\valgrind\dis_deblock_en_sao\callgrind_fast_qp27_FoodMarket_1920x1080_5994_8bit_420_1920x1080_60fps_130f.out,27
519,fast,27,MeridianTalk_sdr_2k,814000000000.0,222000000000.0,105000000000.0,6008507454,1899481806,1639317383,282333,52389886,61958979,52439214287.0,3953641848,5747876012,625381577,6.3492,B,H:\valgrind\dis_deblock_en_sao\callgrind_fast_qp27_MeridianTalk_sdr_1920x1080p_5994_8bit_1920x1080_60fps_130f.out,27
520,fast,27,Motorcycle_2k,1080000000000.0,278000000000.0,129000000000.0,6847698300,1992889946,1682002739,285138,53410742,63773500,71835740241.0,6801803270,6544264725,625317326,7.0063,B,H:\valgrind\dis_deblock_en_sao\callgrind_fast_qp27_Motorcycle_1920x1080_30fps_8bit_1920x1080_30fps_130f.out,27
521,fast,27,MountainBike_2k,1110000000000.0,286000000000.0,133000000000.0,6990413545,2054262660,1704963145,288172,53287342,63195806,73833363388.0,7054176139,6714656709,631439628,7.0351,B,H:\valgrind\dis_deblock_en_sao\callgrind_fast_qp27_MountainBike_1920x1080_30fps_8bit_1920x1080_30fps_130f.out,27
522,fast,27,Neon1224_4k,3060000000000.0,829000000000.0,391000000000.0,23519223750,7197136319,6356680183,1908023,246941911,229928554,193000000000.0,15280552384,21606388738,2373300975,12.9711,B,H:\valgrind\dis_deblock_en_sao\callgrind_fast_qp27_Neon1224_3840x2160_2997fps_3840x2160_30fps_130f.out,27
523,fast,27,NocturneDance_4k,3060000000000.0,826000000000.0,391000000000.0,24169902205,7216000687,6213441656,1793900,236856322,218115131,192000000000.0,15801787030,21242883826,2296833208,13.2943,B,H:\valgrind\dis_deblock_en_sao\callgrind_fast_qp27_NocturneDance_3840x2160p_8bit_60fps_3840x2160_60fps_130f.out,27
524,fast,27,OldTownCross_1080p50,1250000000000.0,325000000000.0,151000000000.0,7322374883,2183295866,1748226198,305691,55126670,63661314,83976370841.0,7995185345,7367288699,661284062,7.1214,B,H:\valgrind\dis_deblock_en_sao\callgrind_fast_qp27_OldTownCross_1920x1080p50_1920x1080_50fps_130f.out,27
525,fast,27,PedestrianArea_1080p25,1040000000000.0,277000000000.0,123000000000.0,11347492653,1740970883,1594831791,320656,52529706,60171561,55241606822.0,4514456318,5866391869,620367692,6.3449,B,H:\valgrind\dis_deblock_en_sao\callgrind_fast_qp27_PedestrianArea_1920x1080p25_1920x1080_25fps_130f.out,27
526,fast,27,PierSeaSide_4k,3260000000000.0,883000000000.0,417000000000.0,23528408505,7203382279,6450478045,2271037,288243777,324164981,208000000000.0,16566419681,22751832770,2448141556,13.27,B,H:\valgrind\dis_deblock_en_sao\callgrind_fast_qp27_PierSeaSide_3840x2160_2997fps_8bit_420_3840x2160_30fps_130f.out,27
527,fast,27,RitualDance_2k,899000000000.0,241000000000.0,107000000000.0,9558867988,1594779995,1534937565,315071,50323982,60122895,47951817842.0,3737137999,5309555308,587948227,6.3314,B,H:\valgrind\dis_deblock_en_sao\callgrind_fast_qp27_RitualDance_1920x1080_5994_8bit_420_1920x1080_60fps_130f.out,27
528,fast,27,Riverbed_1080p25,1230000000000.0,324000000000.0,144000000000.0,13022035225,1854885005,1644007587,313467,54816335,60702060,65632289863.0,5737968306,6641123092,648558948,6.4041,B,H:\valgrind\dis_deblock_en_sao\callgrind_fast_qp27_Riverbed_1920x1080p25_1920x1080_25fps_130f.out,27
529,fast,27,RushFieldCuts_2k,1090000000000.0,285000000000.0,134000000000.0,7083977142,2055522386,1703155880,286026,53805054,63728403,71400259880.0,6717766120,6781600708,643188902,7.0206,B,H:\valgrind\dis_deblock_en_sao\callgrind_fast_qp27_RushFieldCuts_1920x1080_2997_1920x1080_30fps_130f.out,27
530,fast,27,Skater227_2k,699000000000.0,192000000000.0,90280608650.0,5448846563,1759763460,1590011538,296876,52381035,62415792,43768993822.0,3027818725,5182853143,596473644,6.3504,B,H:\valgrind\dis_deblock_en_sao\callgrind_fast_qp27_Skater227_1920x1080_30fps_1920x1080_30fps_130f.out,27
531,fast,27,Tango_4k,3600000000000.0,976000000000.0,464000000000.0,26096197094,8068256368,6737803898,2193250,296639378,327808759,232000000000.0,18222093531,24771617338,2594881164,13.3681,B,H:\valgrind\dis_deblock_en_sao\callgrind_fast_qp27_Tango_3840x2160_5994fps_8bit_420_3840x2160_60fps_130f.out,27
532,fast,27,TimeLapse_4k,3390000000000.0,915000000000.0,432000000000.0,25144429672,7547411067,6554883171,2230225,292949510,326536105,216000000000.0,17859867759,23285866784,2459176714,13.0925,B,H:\valgrind\dis_deblock_en_sao\callgrind_fast_qp27_TimeLapse_3840x2160_5994fps_8bit_420_3840x2160_60fps_130f.out,27
533,fast,27,ToddlerFountain_2k,1130000000000.0,295000000000.0,137000000000.0,6957483356,2071744751,1713958530,298640,53230847,63616247,76021300765.0,7227352635,6892666071,641953529,7.0285,B,H:\valgrind\dis_deblock_en_sao\callgrind_fast_qp27_ToddlerFountain_1920x1080_2997fps_8bit_420_1920x1080_30fps_130f.out,27
534,fast,27,TreesAndGrass_2k,1330000000000.0,335000000000.0,153000000000.0,7178827662,2105786216,1725653620,302912,54252112,64448331,92257199937.0,9086250703,7504385331,652079415,7.1124,B,H:\valgrind\dis_deblock_en_sao\callgrind_fast_qp27_TreesAndGrass_1920_1080_30fps_8bit_1920x1080_30fps_130f.out,27
535,fast,27,TunnelFlag_2k,1160000000000.0,303000000000.0,134000000000.0,11843914652,1770245143,1606532122,307502,52981867,60349813,62715055771.0,5596891592,6202904962,620987990,6.3523,B,H:\valgrind\dis_deblock_en_sao\callgrind_fast_qp27_TunnelFlag_1920x1080_5994_8bit_420_1920x1080_60fps_130f.out,27
536,fast,27,Vertical_bees_2k,1000000000000.0,267000000000.0,119000000000.0,11336181072,1715602829,1580880090,296999,51384421,60691038,53077735317.0,4375253167,5704823174,609734689,6.3751,B,H:\valgrind\dis_deblock_en_sao\callgrind_fast_qp27_Vertical_bees_1080x1920_2997_1080x1920_30fps_130f.out,27
537,fast,27,Vertical_Carnaby_2k,729000000000.0,199000000000.0,93766942567.0,5956911672,1829292710,1606629242,303593,50432931,62622702,45235275957.0,3495838357,5263811000,591271125,6.4061,B,H:\valgrind\dis_deblock_en_sao\callgrind_fast_qp27_Vertical_Carnaby_1080x1920_5994_1080x1920_60fps_130f.out,27
538,fast,27,WalkingInStreet_2k,1290000000000.0,323000000000.0,147000000000.0,7365323754,1943688307,1660267815,392916,55145034,64447745,89584017630.0,9097491421,7061469033,598364360,7.2329,B,H:\valgrind\dis_deblock_en_sao\callgrind_fast_qp27_WalkingInStreet_1920x1080_30fps_1920x1080_30fps_130f.out,27
539,fast,27,WorldCup_2k,728000000000.0,198000000000.0,92878622054.0,5824723092,1779159834,1596018513,286465,51535042,62935989,45702382746.0,3563349023,5223833151,586786041,6.3472,B,H:\valgrind\dis_deblock_en_sao\callgrind_fast_qp27_WorldCup_1920x1080_30p_1920x1080_30fps_130f.out,27
540,fast,27,WorldCup_far_2k,959000000000.0,254000000000.0,119000000000.0,6866172931,1961567762,1667162349,285088,53443881,62570520,62103891799.0,5826419153,6201760091,618424905,7.0531,B,H:\valgrind\dis_deblock_en_sao\callgrind_fast_qp27_WorldCup_far_1920x1080_30p_1920x1080_30fps_130f.out,27
541,fast,32,Aerial3200_2k,932000000000.0,250000000000.0,119000000000.0,6770679116,1976699595,1679883782,298049,56414088,67903149,59733967751.0,5061640180,6273230318,638848823,6.3725,B,H:\valgrind\dis_deblock_en_sao\callgrind_fast_qp32_Aerial3200_1920x1080_5994_8bit_420_1920x1080_60fps_130f.out,32
542,fast,32,Boat_2k,1030000000000.0,270000000000.0,127000000000.0,6797765478,1968019874,1676118603,298273,52879661,62971864,67173061037.0,6188287115,6540584211,630443211,6.3672,B,H:\valgrind\dis_deblock_en_sao\callgrind_fast_qp32_Boat_1920x1080_5994_8bit_420_1920x1080_60fps_130f.out,32
543,fast,32,BoxingPractice_4k,2890000000000.0,792000000000.0,373000000000.0,22331703705,6971211036,6361317159,2235539,278946433,313879740,182000000000.0,13169895407,21121470800,2396605620,13.0006,B,H:\valgrind\dis_deblock_en_sao\callgrind_fast_qp32_BoxingPractice_3840x2160_5994fps_8bit_420_3840x2160_60fps_130f.out,32
544,fast,32,Crosswalk_4k,2860000000000.0,787000000000.0,371000000000.0,21329237861,7119135115,6379507483,2171912,265420023,255067761,182000000000.0,12224962920,21252472550,2435615718,12.9114,B,H:\valgrind\dis_deblock_en_sao\callgrind_fast_qp32_Crosswalk_3840x2160_5994fps_8bit_420_3840x2160_60fps_130f.out,32
545,fast,32,CrowdRun_1080p50,1350000000000.0,348000000000.0,153000000000.0,12456846393,1874805698,1659530607,298721,53840805,61134937,75034803258.0,6958919892,6855677383,645733070,7.072,B,H:\valgrind\dis_deblock_en_sao\callgrind_fast_qp32_CrowdRun_1920x1080p50_1920x1080_50fps_130f.out,32
546,fast,32,DinnerSceneCropped_2k,778000000000.0,213000000000.0,101000000000.0,5734769459,1835985897,1615852031,296368,52146369,62029292,50570584824.0,3554475036,5658744372,630996166,6.2705,B,H:\valgrind\dis_deblock_en_sao\callgrind_fast_qp32_DinnerSceneCropped_1920x1080_2997fps_8bit_420_1920x1080_30fps_130f.out,32
547,fast,32,FoodMarket2_4k,3070000000000.0,836000000000.0,397000000000.0,24653745788,7332454238,6371993913,1934468,246562862,225245656,192000000000.0,14933574283,21844530259,2393794910,13.2082,B,H:\valgrind\dis_deblock_en_sao\callgrind_fast_qp32_FoodMarket2_3840x2160_5994fps_8bit_420_3840x2160_60fps_130f.out,32
548,fast,32,FoodMarket_2k,1010000000000.0,271000000000.0,121000000000.0,11117400528,1771018960,1614304749,291607,52155419,60139103,54069339998.0,4188354785,5839245385,626233419,6.3658,B,H:\valgrind\dis_deblock_en_sao\callgrind_fast_qp32_FoodMarket_1920x1080_5994_8bit_420_1920x1080_60fps_130f.out,32
549,fast,32,MeridianTalk_sdr_2k,707000000000.0,194000000000.0,91301810491.0,5376150933,1718365472,1577870767,307099,50108515,61473292,44778586001.0,3101586163,5224288191,599115901,6.3348,B,H:\valgrind\dis_deblock_en_sao\callgrind_fast_qp32_MeridianTalk_sdr_1920x1080p_5994_8bit_1920x1080_60fps_130f.out,32
550,fast,32,Motorcycle_2k,950000000000.0,250000000000.0,116000000000.0,6476342582,1891674428,1644713237,294458,51727654,62210686,62406890528.0,5667913245,6075175834,612374219,7.0665,B,H:\valgrind\dis_deblock_en_sao\callgrind_fast_qp32_Motorcycle_1920x1080_30fps_8bit_1920x1080_30fps_130f.out,32
551,fast,32,MountainBike_2k,975000000000.0,257000000000.0,120000000000.0,6683779518,1942254500,1670515494,292531,51817753,62031019,63837816632.0,5795563653,6233094896,620596998,6.9826,B,H:\valgrind\dis_deblock_en_sao\callgrind_fast_qp32_MountainBike_1920x1080_30fps_8bit_1920x1080_30fps_130f.out,32
552,fast,32,Neon1224_4k,2790000000000.0,763000000000.0,358000000000.0,21919961799,6793016040,6274071188,1884981,247122496,232083840,174000000000.0,12883522606,20406176798,2326770295,12.957,B,H:\valgrind\dis_deblock_en_sao\callgrind_fast_qp32_Neon1224_3840x2160_2997fps_3840x2160_30fps_130f.out,32
553,fast,32,NocturneDance_4k,2880000000000.0,784000000000.0,369000000000.0,23487535824,7187199986,6442537580,2240224,282903889,315306923,178000000000.0,13441124659,20762313114,2360169092,13.2215,B,H:\valgrind\dis_deblock_en_sao\callgrind_fast_qp32_NocturneDance_3840x2160p_8bit_60fps_3840x2160_60fps_130f.out,32
554,fast,32,OldTownCross_1080p50,932000000000.0,250000000000.0,118000000000.0,6259271284,1927782651,1655336194,298425,51879003,61832141,61240243599.0,5032037936,6220579911,636913598,6.3166,B,H:\valgrind\dis_deblock_en_sao\callgrind_fast_qp32_OldTownCross_1920x1080p50_1920x1080_50fps_130f.out,32
555,fast,32,PedestrianArea_1080p25,739000000000.0,202000000000.0,95146533778.0,5861877757,1788055121,1599564978,306871,50697572,61006015,46453148951.0,3479431083,5346728746,601204049,6.359,B,H:\valgrind\dis_deblock_en_sao\callgrind_fast_qp32_PedestrianArea_1920x1080p25_1920x1080_25fps_130f.out,32
556,fast,32,PierSeaSide_4k,2860000000000.0,781000000000.0,367000000000.0,21736143431,6757123894,6320453931,2257321,275584332,314892402,180000000000.0,13223013725,20805101747,2351973367,13.3017,B,H:\valgrind\dis_deblock_en_sao\callgrind_fast_qp32_PierSeaSide_3840x2160_2997fps_8bit_420_3840x2160_30fps_130f.out,32
557,fast,32,RitualDance_2k,679000000000.0,186000000000.0,86928098677.0,5336762905,1659601056,1552102323,311403,48797375,61022485,42601890073.0,3122153915,5006165885,574417338,6.3146,B,H:\valgrind\dis_deblock_en_sao\callgrind_fast_qp32_RitualDance_1920x1080_5994_8bit_420_1920x1080_60fps_130f.out,32
558,fast,32,Riverbed_1080p25,865000000000.0,235000000000.0,112000000000.0,6711452277,1950531826,1666161430,293412,54825546,62648580,54582555577.0,4391534904,6040164373,635161591,6.3958,B,H:\valgrind\dis_deblock_en_sao\callgrind_fast_qp32_Riverbed_1920x1080p25_1920x1080_25fps_130f.out,32
559,fast,32,RushFieldCuts_2k,1140000000000.0,300000000000.0,133000000000.0,12195167027,1821568577,1636166538,295836,51995074,60111779,61092343185.0,5316564384,6164729425,626263721,7.0422,B,H:\valgrind\dis_deblock_en_sao\callgrind_fast_qp32_RushFieldCuts_1920x1080_2997_1920x1080_30fps_130f.out,32
560,fast,32,Skater227_2k,644000000000.0,177000000000.0,82767741305.0,5030216372,1643556155,1547272561,282107,51750650,62908685,39988774954.0,2652779340,4867235830,573373769,6.3241,B,H:\valgrind\dis_deblock_en_sao\callgrind_fast_qp32_Skater227_1920x1080_30fps_1920x1080_30fps_130f.out,32
561,fast,32,Tango_4k,3000000000000.0,825000000000.0,390000000000.0,22625216700,7364119075,6470951638,2118301,266390513,256546919,192000000000.0,13423152620,22043429231,2482745829,13.2135,B,H:\valgrind\dis_deblock_en_sao\callgrind_fast_qp32_Tango_3840x2160_5994fps_8bit_420_3840x2160_60fps_130f.out,32
562,fast,32,TimeLapse_4k,2980000000000.0,813000000000.0,382000000000.0,23471611357,7146235187,6412844343,2292076,284352270,315943315,187000000000.0,14221721143,21411042073,2382921805,13.1057,B,H:\valgrind\dis_deblock_en_sao\callgrind_fast_qp32_TimeLapse_3840x2160_5994fps_8bit_420_3840x2160_60fps_130f.out,32
563,fast,32,ToddlerFountain_2k,1170000000000.0,307000000000.0,135000000000.0,11823655222,1826114664,1644522979,308734,51685545,60320869,63627004582.0,5495410414,6246719176,624889050,6.6525,B,H:\valgrind\dis_deblock_en_sao\callgrind_fast_qp32_ToddlerFountain_1920x1080_2997fps_8bit_420_1920x1080_30fps_130f.out,32
564,fast,32,TreesAndGrass_2k,1180000000000.0,303000000000.0,140000000000.0,6934881976,2051237376,1704126157,333433,56624829,78715361,80089299309.0,7697392424,7040718500,643969032,7.0828,B,H:\valgrind\dis_deblock_en_sao\callgrind_fast_qp32_TreesAndGrass_1920_1080_30fps_8bit_1920x1080_30fps_130f.out,32
565,fast,32,TunnelFlag_2k,817000000000.0,220000000000.0,104000000000.0,6215981805,1841949293,1619877691,300426,51499695,62092030,52038492882.0,4312465274,5630660980,605304855,6.3698,B,H:\valgrind\dis_deblock_en_sao\callgrind_fast_qp32_TunnelFlag_1920x1080_5994_8bit_420_1920x1080_60fps_130f.out,32
566,fast,32,Vertical_bees_2k,749000000000.0,204000000000.0,95813004016.0,5994724909,1799829132,1601500430,281900,51462988,63452136,46902541710.0,3677520138,5352209220,595104325,6.3654,B,H:\valgrind\dis_deblock_en_sao\callgrind_fast_qp32_Vertical_bees_1080x1920_2997_1080x1920_30fps_130f.out,32
567,fast,32,Vertical_Carnaby_2k,669000000000.0,183000000000.0,85995001728.0,5500169357,1721226618,1566334609,307478,50296395,62620062,41330823624.0,2992992844,4973334369,574825970,6.4079,B,H:\valgrind\dis_deblock_en_sao\callgrind_fast_qp32_Vertical_Carnaby_1080x1920_5994_1080x1920_60fps_130f.out,32
568,fast,32,WalkingInStreet_2k,1130000000000.0,289000000000.0,134000000000.0,7250321679,1875277581,1641493321,391887,55400416,65153773,75499334887.0,7491299780,6608712096,598292009,7.1539,B,H:\valgrind\dis_deblock_en_sao\callgrind_fast_qp32_WalkingInStreet_1920x1080_30fps_1920x1080_30fps_130f.out,32
569,fast,32,WorldCup_2k,668000000000.0,183000000000.0,85274349171.0,5407200776,1682914509,1561088246,297901,49975016,61958405,41608336617.0,3045106502,4929622969,570755037,6.3585,B,H:\valgrind\dis_deblock_en_sao\callgrind_fast_qp32_WorldCup_1920x1080_30p_1920x1080_30fps_130f.out,32
570,fast,32,WorldCup_far_2k,1040000000000.0,274000000000.0,122000000000.0,11408316773,1774592421,1605141445,309738,51862739,59811319,55044138542.0,4748506006,5771326706,607716297,6.3898,B,H:\valgrind\dis_deblock_en_sao\callgrind_fast_qp32_WorldCup_far_1920x1080_30p_1920x1080_30fps_130f.out,32
571,fast,37,Aerial3200_2k,809000000000.0,220000000000.0,104000000000.0,6277165579,1921297524,1656902638,294267,55896380,68913674,51126432311.0,3931844109,5721485949,621608835,6.3831,B,H:\valgrind\dis_deblock_en_sao\callgrind_fast_qp37_Aerial3200_1920x1080_5994_8bit_420_1920x1080_60fps_130f.out,37
572,fast,37,Boat_2k,900000000000.0,241000000000.0,114000000000.0,6508945148,1938776019,1667800665,292492,51692258,62097756,57811451298.0,4925135787,6059359207,620173875,6.3417,B,H:\valgrind\dis_deblock_en_sao\callgrind_fast_qp37_Boat_1920x1080_5994_8bit_420_1920x1080_60fps_130f.out,37
573,fast,37,BoxingPractice_4k,2660000000000.0,731000000000.0,342000000000.0,20641340864,6664746691,6266944834,2277250,270751758,307470677,166000000000.0,11327668521,19878502319,2321536994,13.0209,B,H:\valgrind\dis_deblock_en_sao\callgrind_fast_qp37_BoxingPractice_3840x2160_5994fps_8bit_420_3840x2160_60fps_130f.out,37
574,fast,37,Crosswalk_4k,2650000000000.0,731000000000.0,342000000000.0,19685548149,6686065417,6237164969,2213195,260331055,256076200,166000000000.0,10807411139,19995825113,2347623461,12.9536,B,H:\valgrind\dis_deblock_en_sao\callgrind_fast_qp37_Crosswalk_3840x2160_5994fps_8bit_420_3840x2160_60fps_130f.out,37
575,fast,37,CrowdRun_1080p50,1150000000000.0,303000000000.0,134000000000.0,11654058723,1765801430,1627169986,288916,51994957,60075301,62312573307.0,5382016589,6224173028,630664949,6.3421,B,H:\valgrind\dis_deblock_en_sao\callgrind_fast_qp37_CrowdRun_1920x1080p50_1920x1080_50fps_130f.out,37
576,fast,37,DinnerSceneCropped_2k,665000000000.0,184000000000.0,85995104513.0,4770934497,1605724171,1550918127,295438,49047333,62791545,42341178641.0,2709821766,5044736387,591433416,6.3238,B,H:\valgrind\dis_deblock_en_sao\callgrind_fast_qp37_DinnerSceneCropped_1920x1080_2997fps_8bit_420_1920x1080_30fps_130f.out,37
577,fast,37,FoodMarket2_4k,2900000000000.0,795000000000.0,375000000000.0,23654653170,7337719762,6493572612,1991274,252931248,231332110,180000000000.0,13156052113,21192980533,2407998892,13.2051,B,H:\valgrind\dis_deblock_en_sao\callgrind_fast_qp37_FoodMarket2_3840x2160_5994fps_8bit_420_3840x2160_60fps_130f.out,37
578,fast,37,FoodMarket_2k,739000000000.0,202000000000.0,95400354717.0,5673797911,1800285067,1610534506,294687,51086485,62319196,46754090490.0,3356066689,5385817054,606444741,6.3796,B,H:\valgrind\dis_deblock_en_sao\callgrind_fast_qp37_FoodMarket_1920x1080_5994_8bit_420_1920x1080_60fps_130f.out,37
579,fast,37,MeridianTalk_sdr_2k,652000000000.0,180000000000.0,83928272286.0,4961638117,1642238668,1556886615,288530,49827281,62141767,40803015818.0,2697128205,4920126397,578902465,6.3354,B,H:\valgrind\dis_deblock_en_sao\callgrind_fast_qp37_MeridianTalk_sdr_1920x1080p_5994_8bit_1920x1080_60fps_130f.out,37
580,fast,37,Motorcycle_2k,1030000000000.0,272000000000.0,120000000000.0,10832599893,1698996565,1591933785,302668,50973837,60439589,55438624131.0,4684099587,5675927741,598806345,6.3269,B,H:\valgrind\dis_deblock_en_sao\callgrind_fast_qp37_Motorcycle_1920x1080_30fps_8bit_1920x1080_30fps_130f.out,37
581,fast,37,MountainBike_2k,865000000000.0,231000000000.0,109000000000.0,6363988519,1898983745,1652689811,291514,50961895,61278077,55529859925.0,4715153211,5812743026,608892215,6.3469,B,H:\valgrind\dis_deblock_en_sao\callgrind_fast_qp37_MountainBike_1920x1080_30fps_8bit_1920x1080_30fps_130f.out,37
582,fast,37,Neon1224_4k,3100000000000.0,843000000000.0,373000000000.0,31942605257,6081666642,6095149040,2276136,235338927,222642365,162000000000.0,11329766184,19208262980,2244868887,13.1415,B,H:\valgrind\dis_deblock_en_sao\callgrind_fast_qp37_Neon1224_3840x2160_2997fps_3840x2160_30fps_130f.out,37
583,fast,37,NocturneDance_4k,2620000000000.0,717000000000.0,335000000000.0,21391466832,6850928178,6327229433,1919979,242500937,231268113,161000000000.0,11314006866,19438501438,2279305561,13.1773,B,H:\valgrind\dis_deblock_en_sao\callgrind_fast_qp37_NocturneDance_3840x2160p_8bit_60fps_3840x2160_60fps_130f.out,37
584,fast,37,OldTownCross_1080p50,782000000000.0,213000000000.0,100000000000.0,5677485937,1767907729,1609409188,299582,50122193,61745635,50067335987.0,3757627471,5553523454,609486245,6.3815,B,H:\valgrind\dis_deblock_en_sao\callgrind_fast_qp37_OldTownCross_1920x1080p50_1920x1080_50fps_130f.out,37
585,fast,37,PedestrianArea_1080p25,679000000000.0,187000000000.0,87479711438.0,5380931162,1716252469,1578157026,310241,51122061,63010020,42399454560.0,2966545376,5051799854,586194872,6.3598,B,H:\valgrind\dis_deblock_en_sao\callgrind_fast_qp37_PedestrianArea_1920x1080p25_1920x1080_25fps_130f.out,37
586,fast,37,PierSeaSide_4k,2600000000000.0,714000000000.0,333000000000.0,20380963979,6587528741,6254676257,2051541,253503532,258724304,162000000000.0,11275595014,19413999364,2265271941,13.1386,B,H:\valgrind\dis_deblock_en_sao\callgrind_fast_qp37_PierSeaSide_3840x2160_2997fps_8bit_420_3840x2160_30fps_130f.out,37
587,fast,37,RitualDance_2k,762000000000.0,207000000000.0,92097373943.0,7886528555,1498309951,1505131839,316615,47929123,59414530,40016051917.0,2791453206,4761705572,559604113,6.3482,B,H:\valgrind\dis_deblock_en_sao\callgrind_fast_qp37_RitualDance_1920x1080_5994_8bit_420_1920x1080_60fps_130f.out,37
588,fast,37,Riverbed_1080p25,778000000000.0,213000000000.0,101000000000.0,6275558494,1902568552,1648093953,289423,53208098,62223337,48789531643.0,3626404316,5615669536,619643065,6.362,B,H:\valgrind\dis_deblock_en_sao\callgrind_fast_qp37_Riverbed_1920x1080p25_1920x1080_25fps_130f.out,37
589,fast,37,RushFieldCuts_2k,999000000000.0,267000000000.0,119000000000.0,11270585389,1716617795,1598795874,310642,51580422,60270785,52721505622.0,4263407578,5673281544,608988678,6.3248,B,H:\valgrind\dis_deblock_en_sao\callgrind_fast_qp37_RushFieldCuts_1920x1080_2997_1920x1080_30fps_130f.out,37
590,fast,37,Skater227_2k,728000000000.0,199000000000.0,87807632609.0,7004047850,1476581711,1505339572,322025,48810738,58579674,37829693940.0,2468846700,4607000598,551308720,6.2943,B,H:\valgrind\dis_deblock_en_sao\callgrind_fast_qp37_Skater227_1920x1080_30fps_1920x1080_30fps_130f.out,37
591,fast,37,Tango_4k,2740000000000.0,754000000000.0,354000000000.0,20563574508,6800937393,6304163222,2492354,278192895,311001923,172000000000.0,11442289536,20494563711,2382263444,13.1884,B,H:\valgrind\dis_deblock_en_sao\callgrind_fast_qp37_Tango_3840x2160_5994fps_8bit_420_3840x2160_60fps_130f.out,37
592,fast,37,TimeLapse_4k,2720000000000.0,745000000000.0,349000000000.0,21880910194,6893385347,6345882816,2017211,245372149,232030127,169000000000.0,12031078432,20084591879,2316877559,13.1057,B,H:\valgrind\dis_deblock_en_sao\callgrind_fast_qp37_TimeLapse_3840x2160_5994fps_8bit_420_3840x2160_60fps_130f.out,37
593,fast,37,ToddlerFountain_2k,820000000000.0,221000000000.0,104000000000.0,6140064824,1889296198,1648194189,300009,50966224,62597378,52180580889.0,4145225056,5662901343,607485116,6.3507,B,H:\valgrind\dis_deblock_en_sao\callgrind_fast_qp37_ToddlerFountain_1920x1080_2997fps_8bit_420_1920x1080_30fps_130f.out,37
594,fast,37,TreesAndGrass_2k,1040000000000.0,273000000000.0,127000000000.0,6681548001,1979388193,1684105171,325373,55154253,76764971,68753030008.0,6249415425,6561373861,633032020,6.3948,B,H:\valgrind\dis_deblock_en_sao\callgrind_fast_qp37_TreesAndGrass_1920_1080_30fps_8bit_1920x1080_30fps_130f.out,37
595,fast,37,TunnelFlag_2k,729000000000.0,199000000000.0,93198829668.0,5708244240,1755988361,1590521517,290054,49271409,61179097,45928544118.0,3495293405,5248261925,590089016,6.3631,B,H:\valgrind\dis_deblock_en_sao\callgrind_fast_qp37_TunnelFlag_1920x1080_5994_8bit_420_1920x1080_60fps_130f.out,37
596,fast,37,Vertical_bees_2k,693000000000.0,189000000000.0,88792496686.0,5630986734,1748946092,1587811494,278120,52785879,67794192,43099469856.0,3188884624,5080219047,580877566,6.4461,B,H:\valgrind\dis_deblock_en_sao\callgrind_fast_qp37_Vertical_bees_1080x1920_2997_1080x1920_30fps_130f.out,37
597,fast,37,Vertical_Carnaby_2k,629000000000.0,173000000000.0,80606183934.0,5137497554,1661947712,1552481511,302815,49440234,62876084,38757879217.0,2680077754,4764586090,560787627,6.3596,B,H:\valgrind\dis_deblock_en_sao\callgrind_fast_qp37_Vertical_Carnaby_1080x1920_5994_1080x1920_60fps_130f.out,37
598,fast,37,WalkingInStreet_2k,978000000000.0,257000000000.0,120000000000.0,7064231026,1879022933,1633598874,388515,55857379,67472754,63765675837.0,6015737032,6139276634,595933295,6.4568,B,H:\valgrind\dis_deblock_en_sao\callgrind_fast_qp37_WalkingInStreet_1920x1080_30fps_1920x1080_30fps_130f.out,37
599,fast,37,WorldCup_2k,760000000000.0,207000000000.0,91568995588.0,8063275644,1522681706,1516350122,301397,48871849,59745126,39601410453.0,2769237683,4727303678,557739088,6.2898,B,H:\valgrind\dis_deblock_en_sao\callgrind_fast_qp37_WorldCup_1920x1080_30p_1920x1080_30fps_130f.out,37
600,fast,37,WorldCup_far_2k,936000000000.0,251000000000.0,112000000000.0,10739330195,1682884649,1579200281,308431,51080748,59987483,49094626383.0,3955310882,5419464831,596101532,6.313,B,H:\valgrind\dis_deblock_en_sao\callgrind_fast_qp37_WorldCup_far_1920x1080_30p_1920x1080_30fps_130f.out,37
601,faster,22,Aerial3200_2k,1340000000000.0,343000000000.0,160000000000.0,7549609351,2159715323,1744094489,298080,55589210,63618704,90566610066.0,9190428114,7738573488,660688874,7.1671,B,H:\valgrind\dis_deblock_en_sao\callgrind_faster_qp22_Aerial3200_1920x1080_5994_8bit_420_1920x1080_60fps_130f.out,22
602,faster,22,Boat_2k,1640000000000.0,404000000000.0,174000000000.0,12867548532,1913952244,1667352678,327534,54906451,62837430,94332785185.0,9430037392,7527749224,640159608,7.1358,B,H:\valgrind\dis_deblock_en_sao\callgrind_faster_qp22_Boat_1920x1080_5994_8bit_420_1920x1080_60fps_130f.out,22
603,faster,22,BoxingPractice_4k,4180000000000.0,1110000000000.0,520000000000.0,27907128721,8161171200,6818733271,2164904,304186615,340883972,272000000000.0,24732047373,26450430016,2552029119,13.6248,B,H:\valgrind\dis_deblock_en_sao\callgrind_faster_qp22_BoxingPractice_3840x2160_5994fps_8bit_420_3840x2160_60fps_130f.out,22
604,faster,22,Crosswalk_4k,3120000000000.0,833000000000.0,393000000000.0,20972376939,6281346346,5174660185,1471639,194909439,176387139,202000000000.0,17501247688,20053281434,1967631162,13.055,B,H:\valgrind\dis_deblock_en_sao\callgrind_faster_qp22_Crosswalk_3840x2160_5994fps_8bit_420_3840x2160_60fps_130f.out,22
605,faster,22,CrowdRun_1080p50,1590000000000.0,393000000000.0,178000000000.0,7628516861,2166322020,1747927882,314175,60034403,72470120,112000000000.0,11487852008,8311468135,661685837,7.2255,B,H:\valgrind\dis_deblock_en_sao\callgrind_faster_qp22_CrowdRun_1920x1080p50_1920x1080_50fps_130f.out,22
606,faster,22,DinnerSceneCropped_2k,1700000000000.0,426000000000.0,185000000000.0,13660739545,1981383052,1692133690,311269,55574887,61484604,96829503329.0,9569772409,7836697306,669779298,6.3792,B,H:\valgrind\dis_deblock_en_sao\callgrind_faster_qp22_DinnerSceneCropped_1920x1080_2997fps_8bit_420_1920x1080_30fps_130f.out,22
607,faster,22,FoodMarket2_4k,3180000000000.0,843000000000.0,399000000000.0,21773763777,6185437034,5175378022,1438920,197079548,178221395,205000000000.0,18958744924,20315416270,1943140980,13.9507,B,H:\valgrind\dis_deblock_en_sao\callgrind_faster_qp22_FoodMarket2_3840x2160_5994fps_8bit_420_3840x2160_60fps_130f.out,22
608,faster,22,FoodMarket_2k,1310000000000.0,339000000000.0,157000000000.0,7406192178,2120308902,1732106568,293740,55563025,63497132,88616271078.0,8755283782,7581738487,660416317,6.8418,B,H:\valgrind\dis_deblock_en_sao\callgrind_faster_qp22_FoodMarket_1920x1080_5994_8bit_420_1920x1080_60fps_130f.out,22
609,faster,22,MeridianTalk_sdr_2k,1300000000000.0,336000000000.0,147000000000.0,12200649830,1893963789,1650534596,298415,53437363,60185609,70746451157.0,6143715301,6645595818,646592788,6.3813,B,H:\valgrind\dis_deblock_en_sao\callgrind_faster_qp22_MeridianTalk_sdr_1920x1080p_5994_8bit_1920x1080_60fps_130f.out,22
610,faster,22,Motorcycle_2k,1460000000000.0,365000000000.0,159000000000.0,12772787008,1876809486,1649617095,310274,54320233,61922218,83178098989.0,7917622361,7007364671,633527530,7.0665,B,H:\valgrind\dis_deblock_en_sao\callgrind_faster_qp22_Motorcycle_1920x1080_30fps_8bit_1920x1080_30fps_130f.out,22
611,faster,22,MountainBike_2k,1240000000000.0,316000000000.0,146000000000.0,7241549727,2050967929,1711642696,287107,54057831,63940414,84454875074.0,8308443780,7172301112,637345102,7.0957,B,H:\valgrind\dis_deblock_en_sao\callgrind_faster_qp22_MountainBike_1920x1080_30fps_8bit_1920x1080_30fps_130f.out,22
612,faster,22,Neon1224_4k,2970000000000.0,796000000000.0,377000000000.0,21767045425,6359289836,5552731869,1621240,214426215,199085380,190000000000.0,16146257028,20092666393,2099311427,13.4567,B,H:\valgrind\dis_deblock_en_sao\callgrind_faster_qp22_Neon1224_3840x2160_2997fps_3840x2160_30fps_130f.out,22
613,faster,22,NocturneDance_4k,3730000000000.0,995000000000.0,472000000000.0,27757379008,7985780956,6774779535,2202224,301028707,335244701,237000000000.0,21301341956,24720165062,2512887856,13.3742,B,H:\valgrind\dis_deblock_en_sao\callgrind_faster_qp22_NocturneDance_3840x2160p_8bit_60fps_3840x2160_60fps_130f.out,22
614,faster,22,OldTownCross_1080p50,1600000000000.0,401000000000.0,181000000000.0,7681460443,2160433824,1749924331,303947,56075229,64820001,114000000000.0,11730964359,8374344373,664281382,7.1316,B,H:\valgrind\dis_deblock_en_sao\callgrind_faster_qp22_OldTownCross_1920x1080p50_1920x1080_50fps_130f.out,22
615,faster,22,PedestrianArea_1080p25,1080000000000.0,285000000000.0,134000000000.0,6986316756,2031584506,1694261130,305418,56529108,68333947,70884078043.0,6604205883,6730752659,636952011,6.3747,B,H:\valgrind\dis_deblock_en_sao\callgrind_faster_qp22_PedestrianArea_1920x1080p25_1920x1080_25fps_130f.out,22
616,faster,22,PierSeaSide_4k,3460000000000.0,907000000000.0,402000000000.0,33608682079,5356489421,4782523680,1794982,189364159,169974098,189000000000.0,16334831143,18592497879,1871831561,13.2578,B,H:\valgrind\dis_deblock_en_sao\callgrind_faster_qp22_PierSeaSide_3840x2160_2997fps_8bit_420_3840x2160_30fps_130f.out,22
617,faster,22,RitualDance_2k,834000000000.0,224000000000.0,105000000000.0,6121487880,1826222665,1611265766,307756,51035682,62116831,53698981006.0,4531505360,5709294607,603543835,6.3007,B,H:\valgrind\dis_deblock_en_sao\callgrind_faster_qp22_RitualDance_1920x1080_5994_8bit_420_1920x1080_60fps_130f.out,22
618,faster,22,Riverbed_1080p25,1240000000000.0,321000000000.0,150000000000.0,7495797116,2125256025,1738651775,300556,55825330,63095163,81603750273.0,8029874117,7375873758,652749039,6.4294,B,H:\valgrind\dis_deblock_en_sao\callgrind_faster_qp22_Riverbed_1920x1080p25_1920x1080_25fps_130f.out,22
619,faster,22,RushFieldCuts_2k,1240000000000.0,318000000000.0,149000000000.0,7314108177,2061563331,1706975698,293494,54640201,64463454,82982679140.0,8140077678,7329775895,654518336,7.0231,B,H:\valgrind\dis_deblock_en_sao\callgrind_faster_qp22_RushFieldCuts_1920x1080_2997_1920x1080_30fps_130f.out,22
620,faster,22,Skater227_2k,763000000000.0,209000000000.0,98705110381.0,5957042885,1832275800,1615042516,289554,52877017,62706025,48241587248.0,3564285540,5508979887,615067346,6.3206,B,H:\valgrind\dis_deblock_en_sao\callgrind_faster_qp22_Skater227_1920x1080_30fps_1920x1080_30fps_130f.out,22
621,faster,22,Tango_4k,4770000000000.0,1250000000000.0,583000000000.0,28648386515,8580616857,6977550021,2199575,310708806,349008968,317000000000.0,29204272663,28649840867,2628518091,14.0446,B,H:\valgrind\dis_deblock_en_sao\callgrind_faster_qp22_Tango_3840x2160_5994fps_8bit_420_3840x2160_60fps_130f.out,22
622,faster,22,TimeLapse_4k,4000000000000.0,1060000000000.0,497000000000.0,26878301484,7911798026,6716376076,2245771,297373553,333890639,261000000000.0,23692617582,25575767881,2518954646,8.4907,B,H:\valgrind\dis_deblock_en_sao\callgrind_faster_qp22_TimeLapse_3840x2160_5994fps_8bit_420_3840x2160_60fps_130f.out,22
623,faster,22,ToddlerFountain_2k,1630000000000.0,406000000000.0,176000000000.0,13354587573,1938360295,1677885323,321155,55077804,62562798,93902041563.0,9375630912,7579390505,654361072,7.1011,B,H:\valgrind\dis_deblock_en_sao\callgrind_faster_qp22_ToddlerFountain_1920x1080_2997fps_8bit_420_1920x1080_30fps_130f.out,22
624,faster,22,TreesAndGrass_2k,1790000000000.0,433000000000.0,186000000000.0,13349407849,1941351597,1680097427,320987,55309028,63806710,106000000000.0,10283169725,7929224922,655221378,7.2048,B,H:\valgrind\dis_deblock_en_sao\callgrind_faster_qp22_TreesAndGrass_1920_1080_30fps_8bit_1920x1080_30fps_130f.out,22
625,faster,22,TunnelFlag_2k,1130000000000.0,293000000000.0,137000000000.0,7161090868,2031577863,1690606389,290873,54739662,63606465,74946821449.0,7271112031,6855460905,632318301,6.8743,B,H:\valgrind\dis_deblock_en_sao\callgrind_faster_qp22_TunnelFlag_1920x1080_5994_8bit_420_1920x1080_60fps_130f.out,22
626,faster,22,Vertical_bees_2k,919000000000.0,245000000000.0,116000000000.0,6721896223,1935587686,1656178124,269661,55253509,68856137,58899490834.0,5248621979,6091378217,620435944,6.4007,B,H:\valgrind\dis_deblock_en_sao\callgrind_faster_qp22_Vertical_bees_1080x1920_2997_1080x1920_30fps_130f.out,22
627,faster,22,Vertical_Carnaby_2k,984000000000.0,263000000000.0,117000000000.0,11338151259,1761885727,1589097700,311912,50844827,60776453,51449491430.0,4223892695,5596599398,603450030,6.3932,B,H:\valgrind\dis_deblock_en_sao\callgrind_faster_qp22_Vertical_Carnaby_1080x1920_5994_1080x1920_60fps_130f.out,22
628,faster,22,WalkingInStreet_2k,1700000000000.0,404000000000.0,174000000000.0,11905482921,1772660557,1602500372,419236,56547532,65603312,102000000000.0,10162109497,7342376271,598753619,7.2554,B,H:\valgrind\dis_deblock_en_sao\callgrind_faster_qp22_WalkingInStreet_1920x1080_30fps_1920x1080_30fps_130f.out,22
629,faster,22,WorldCup_2k,810000000000.0,218000000000.0,103000000000.0,6281151172,1847291468,1623686154,280103,51970885,63302508,51342874003.0,4325825709,5572015935,600402708,6.3279,B,H:\valgrind\dis_deblock_en_sao\callgrind_faster_qp22_WorldCup_1920x1080_30p_1920x1080_30fps_130f.out,22
630,faster,22,WorldCup_far_2k,1090000000000.0,282000000000.0,132000000000.0,7137659899,1977453844,1676476973,311294,53809767,62444023,71868418282.0,7097384714,6637972406,623850271,7.0555,B,H:\valgrind\dis_deblock_en_sao\callgrind_faster_qp22_WorldCup_far_1920x1080_30p_1920x1080_30fps_130f.out,22
631,faster,27,Aerial3200_2k,1110000000000.0,293000000000.0,138000000000.0,7220194866,2102851517,1722146842,288690,54713535,62598834,72879297397.0,6844925092,6993618942,654702159,6.3714,B,H:\valgrind\dis_deblock_en_sao\callgrind_faster_qp27_Aerial3200_1920x1080_5994_8bit_420_1920x1080_60fps_130f.out,27
632,faster,27,Boat_2k,1440000000000.0,364000000000.0,159000000000.0,12591860441,1831362107,1641927016,322076,53899818,61569653,80542624395.0,7795716684,7060710144,637873702,6.8668,B,H:\valgrind\dis_deblock_en_sao\callgrind_faster_qp27_Boat_1920x1080_5994_8bit_420_1920x1080_60fps_130f.out,27
633,faster,27,BoxingPractice_4k,3370000000000.0,914000000000.0,433000000000.0,25330754618,7759880552,6607104247,2172163,292945098,325989224,215000000000.0,17169808110,23413524423,2500629704,13.0487,B,H:\valgrind\dis_deblock_en_sao\callgrind_faster_qp27_BoxingPractice_3840x2160_5994fps_8bit_420_3840x2160_60fps_130f.out,27
634,faster,27,Crosswalk_4k,3270000000000.0,894000000000.0,425000000000.0,24468655551,7762853627,6611339317,2265047,293964498,322163597,211000000000.0,15229434875,23381620643,2562037359,12.9287,B,H:\valgrind\dis_deblock_en_sao\callgrind_faster_qp27_Crosswalk_3840x2160_5994fps_8bit_420_3840x2160_60fps_130f.out,27
635,faster,27,CrowdRun_1080p50,1330000000000.0,339000000000.0,157000000000.0,7346294394,2174875280,1746961350,304290,57451213,68666834,91301377198.0,9077238707,7603533343,658774657,7.0286,B,H:\valgrind\dis_deblock_en_sao\callgrind_faster_qp27_CrowdRun_1920x1080p50_1920x1080_50fps_130f.out,27
636,faster,27,DinnerSceneCropped_2k,1280000000000.0,336000000000.0,148000000000.0,12844906511,1882111397,1650901792,294522,54879838,60228894,69004095954.0,5883428299,6689356179,658887219,6.3581,B,H:\valgrind\dis_deblock_en_sao\callgrind_faster_qp27_DinnerSceneCropped_1920x1080_2997fps_8bit_420_1920x1080_30fps_130f.out,27
637,faster,27,FoodMarket2_4k,3120000000000.0,843000000000.0,401000000000.0,23787540256,7048452609,5906789862,1739442,225691665,204744200,197000000000.0,16571676370,21356694043,2216322230,13.2135,B,H:\valgrind\dis_deblock_en_sao\callgrind_faster_qp27_FoodMarket2_3840x2160_5994fps_8bit_420_3840x2160_60fps_130f.out,27
638,faster,27,FoodMarket_2k,1010000000000.0,269000000000.0,127000000000.0,6885339695,2085474627,1710820613,294399,56562458,67932312,65647444620.0,5736249680,6580877293,648695272,6.3553,B,H:\valgrind\dis_deblock_en_sao\callgrind_faster_qp27_FoodMarket_1920x1080_5994_8bit_420_1920x1080_60fps_130f.out,27
639,faster,27,MeridianTalk_sdr_2k,814000000000.0,222000000000.0,105000000000.0,6008072366,1907407178,1642400823,291744,52009298,62111959,52439089658.0,3953307987,5747867400,625367866,6.3492,B,H:\valgrind\dis_deblock_en_sao\callgrind_faster_qp27_MeridianTalk_sdr_1920x1080p_5994_8bit_1920x1080_60fps_130f.out,27
640,faster,27,Motorcycle_2k,1080000000000.0,278000000000.0,129000000000.0,6847373145,1999195275,1685665496,299115,52764569,62635036,71835801015.0,6801574535,6544267228,625307628,7.0063,B,H:\valgrind\dis_deblock_en_sao\callgrind_faster_qp27_Motorcycle_1920x1080_30fps_8bit_1920x1080_30fps_130f.out,27
641,faster,27,MountainBike_2k,1110000000000.0,286000000000.0,133000000000.0,6990194433,2056062554,1706646992,310933,53221133,62809334,73833445885.0,7053774740,6714658859,631430198,7.0351,B,H:\valgrind\dis_deblock_en_sao\callgrind_faster_qp27_MountainBike_1920x1080_30fps_8bit_1920x1080_30fps_130f.out,27
642,faster,27,Neon1224_4k,3090000000000.0,837000000000.0,395000000000.0,23733923984,7253801015,6419028612,1913946,249408355,231324415,195000000000.0,15431732812,21801925571,2393820308,12.9711,B,H:\valgrind\dis_deblock_en_sao\callgrind_faster_qp27_Neon1224_3840x2160_2997fps_3840x2160_30fps_130f.out,27
643,faster,27,NocturneDance_4k,3380000000000.0,905000000000.0,403000000000.0,39338520308,5915877827,5406036615,1891074,210389181,190967152,177000000000.0,14408260022,19203896079,2073799282,13.2943,B,H:\valgrind\dis_deblock_en_sao\callgrind_faster_qp27_NocturneDance_3840x2160p_8bit_60fps_3840x2160_60fps_130f.out,27
644,faster,27,OldTownCross_1080p50,1250000000000.0,325000000000.0,151000000000.0,7322525233,2185284982,1748272515,294551,54640021,62819530,83976212391.0,7995013555,7367278886,661297706,7.1214,B,H:\valgrind\dis_deblock_en_sao\callgrind_faster_qp27_OldTownCross_1920x1080p50_1920x1080_50fps_130f.out,27
645,faster,27,PedestrianArea_1080p25,853000000000.0,230000000000.0,109000000000.0,6426724683,1926040316,1652102651,295219,52404235,62483065,54292049080.0,4476899188,5866696525,620694954,6.3449,B,H:\valgrind\dis_deblock_en_sao\callgrind_faster_qp27_PedestrianArea_1920x1080p25_1920x1080_25fps_130f.out,27
646,faster,27,PierSeaSide_4k,3420000000000.0,913000000000.0,406000000000.0,33465023482,5741068089,5447572392,2082679,213856566,196993484,183000000000.0,14457007522,19683269397,2120502805,13.27,B,H:\valgrind\dis_deblock_en_sao\callgrind_faster_qp27_PierSeaSide_3840x2160_2997fps_8bit_420_3840x2160_30fps_130f.out,27
647,faster,27,RitualDance_2k,742000000000.0,202000000000.0,94727098605.0,5697331331,1766351373,1587943828,304349,53320577,68456093,47142770045.0,3690644632,5310456162,588326227,6.3314,B,H:\valgrind\dis_deblock_en_sao\callgrind_faster_qp27_RitualDance_1920x1080_5994_8bit_420_1920x1080_60fps_130f.out,27
648,faster,27,Riverbed_1080p25,1010000000000.0,270000000000.0,128000000000.0,7147847859,2081022523,1714702748,296785,54721905,61350514,64488645984.0,5741646507,6641409061,649025023,6.4041,B,H:\valgrind\dis_deblock_en_sao\callgrind_faster_qp27_Riverbed_1920x1080p25_1920x1080_25fps_130f.out,27
649,faster,27,RushFieldCuts_2k,1090000000000.0,285000000000.0,134000000000.0,7083653585,2050801363,1702339869,312083,53023526,62178999,71399824640.0,6717059446,6781572077,643197640,7.0206,B,H:\valgrind\dis_deblock_en_sao\callgrind_faster_qp27_RushFieldCuts_1920x1080_2997_1920x1080_30fps_130f.out,27
650,faster,27,Skater227_2k,699000000000.0,192000000000.0,90280386690.0,5448849821,1763952683,1590598303,297913,52397826,62771883,43768774138.0,3027764070,5182840650,596473078,6.3504,B,H:\valgrind\dis_deblock_en_sao\callgrind_faster_qp27_Skater227_1920x1080_30fps_1920x1080_30fps_130f.out,27
651,faster,27,Tango_4k,3600000000000.0,976000000000.0,464000000000.0,26096460950,8078288237,6726604774,2175024,296972093,328283359,232000000000.0,18222141132,24771613745,2594897479,13.3681,B,H:\valgrind\dis_deblock_en_sao\callgrind_faster_qp27_Tango_3840x2160_5994fps_8bit_420_3840x2160_60fps_130f.out,27
652,faster,27,TimeLapse_4k,3390000000000.0,915000000000.0,432000000000.0,25144211246,7560782130,6558929796,2289461,291983015,325285088,216000000000.0,17860273737,23285874124,2459155164,13.0925,B,H:\valgrind\dis_deblock_en_sao\callgrind_faster_qp27_TimeLapse_3840x2160_5994fps_8bit_420_3840x2160_60fps_130f.out,27
653,faster,27,ToddlerFountain_2k,1130000000000.0,295000000000.0,137000000000.0,6957631977,2077677172,1713302445,298642,52783455,62501260,76021291729.0,7226927867,6892665174,641963849,7.0285,B,H:\valgrind\dis_deblock_en_sao\callgrind_faster_qp27_ToddlerFountain_1920x1080_2997fps_8bit_420_1920x1080_30fps_130f.out,27
654,faster,27,TreesAndGrass_2k,1330000000000.0,335000000000.0,153000000000.0,7179053772,2106376144,1725651871,295809,54224673,63979999,92257092615.0,9086296765,7504378552,652091677,7.1124,B,H:\valgrind\dis_deblock_en_sao\callgrind_faster_qp27_TreesAndGrass_1920_1080_30fps_8bit_1920x1080_30fps_130f.out,27
655,faster,27,TunnelFlag_2k,1160000000000.0,303000000000.0,134000000000.0,11844066214,1770762597,1606144932,299213,53467998,60833048,62715056087.0,5598185814,6202906979,620986645,6.3523,B,H:\valgrind\dis_deblock_en_sao\callgrind_faster_qp27_TunnelFlag_1920x1080_5994_8bit_420_1920x1080_60fps_130f.out,27
656,faster,27,Vertical_bees_2k,825000000000.0,222000000000.0,105000000000.0,6383873087,1908695921,1640309214,279228,51551000,62752843,52141203081.0,4358482248,5705117293,610167119,6.3751,B,H:\valgrind\dis_deblock_en_sao\callgrind_faster_qp27_Vertical_bees_1080x1920_2997_1080x1920_30fps_130f.out,27
657,faster,27,Vertical_Carnaby_2k,729000000000.0,199000000000.0,93766810375.0,5957077815,1820935373,1604376360,300200,51597610,63328197,45235146954.0,3494987524,5263803323,591273011,6.4061,B,H:\valgrind\dis_deblock_en_sao\callgrind_faster_qp27_Vertical_Carnaby_1080x1920_5994_1080x1920_60fps_130f.out,27
658,faster,27,WalkingInStreet_2k,1290000000000.0,323000000000.0,147000000000.0,7365223079,1930955768,1659285537,380114,55209659,64543283,89583769497.0,9097926172,7061455323,598359330,7.2329,B,H:\valgrind\dis_deblock_en_sao\callgrind_faster_qp27_WalkingInStreet_1920x1080_30fps_1920x1080_30fps_130f.out,27
659,faster,27,WorldCup_2k,728000000000.0,198000000000.0,92878597855.0,5824647018,1792405435,1600772066,286321,51125440,62723953,45702352036.0,3563628565,5223831407,586782538,6.3472,B,H:\valgrind\dis_deblock_en_sao\callgrind_faster_qp27_WorldCup_1920x1080_30p_1920x1080_30fps_130f.out,27
660,faster,27,WorldCup_far_2k,959000000000.0,254000000000.0,119000000000.0,6866381667,1962904238,1667615800,297823,53898977,63258810,62104012592.0,5826312676,6201769825,618425104,7.0531,B,H:\valgrind\dis_deblock_en_sao\callgrind_faster_qp27_WorldCup_far_1920x1080_30p_1920x1080_30fps_130f.out,27
661,faster,32,Aerial3200_2k,932000000000.0,250000000000.0,119000000000.0,6770641818,1977448652,1677097862,282876,53607804,62124188,59718414273.0,5061409207,6272647247,638864177,6.3725,B,H:\valgrind\dis_deblock_en_sao\callgrind_faster_qp32_Aerial3200_1920x1080_5994_8bit_420_1920x1080_60fps_130f.out,32
662,faster,32,Boat_2k,1250000000000.0,324000000000.0,143000000000.0,12178834816,1839458887,1647898017,312234,52606283,60590317,68289194281.0,6196819409,6540266882,629898112,6.3672,B,H:\valgrind\dis_deblock_en_sao\callgrind_faster_qp32_Boat_1920x1080_5994_8bit_420_1920x1080_60fps_130f.out,32
663,faster,32,BoxingPractice_4k,2890000000000.0,792000000000.0,373000000000.0,22331738914,6967547104,6364218445,2237428,277734581,312893259,182000000000.0,13169277242,21121499372,2396601891,13.0006,B,H:\valgrind\dis_deblock_en_sao\callgrind_faster_qp32_BoxingPractice_3840x2160_5994fps_8bit_420_3840x2160_60fps_130f.out,32
664,faster,32,Crosswalk_4k,2860000000000.0,787000000000.0,371000000000.0,21320738857,6928974550,6323100061,2531518,285988835,313537713,182000000000.0,12214375627,21254878725,2435227638,12.9114,B,H:\valgrind\dis_deblock_en_sao\callgrind_faster_qp32_Crosswalk_3840x2160_5994fps_8bit_420_3840x2160_60fps_130f.out,32
665,faster,32,CrowdRun_1080p50,1110000000000.0,290000000000.0,136000000000.0,6891131965,2019697116,1692812080,295253,56816696,69062627,73871940477.0,6931450780,6856593232,646361699,7.072,B,H:\valgrind\dis_deblock_en_sao\callgrind_faster_qp32_CrowdRun_1920x1080p50_1920x1080_50fps_130f.out,32
666,faster,32,DinnerSceneCropped_2k,943000000000.0,256000000000.0,115000000000.0,9918426052,1722600920,1591093986,306254,52145668,59711389,51398340301.0,3657209796,5658448969,629967504,6.2705,B,H:\valgrind\dis_deblock_en_sao\callgrind_faster_qp32_DinnerSceneCropped_1920x1080_2997fps_8bit_420_1920x1080_30fps_130f.out,32
667,faster,32,FoodMarket2_4k,3090000000000.0,841000000000.0,399000000000.0,24786043122,7351976250,6405310373,1885415,247620701,225177554,193000000000.0,15016602263,21962498486,2406495181,13.2082,B,H:\valgrind\dis_deblock_en_sao\callgrind_faster_qp32_FoodMarket2_3840x2160_5994fps_8bit_420_3840x2160_60fps_130f.out,32
668,faster,32,FoodMarket_2k,831000000000.0,226000000000.0,107000000000.0,6218556296,1890778997,1639482932,289365,53006948,62877636,53145478699.0,4128034831,5839543669,626830412,6.3658,B,H:\valgrind\dis_deblock_en_sao\callgrind_faster_qp32_FoodMarket_1920x1080_5994_8bit_420_1920x1080_60fps_130f.out,32
669,faster,32,MeridianTalk_sdr_2k,707000000000.0,194000000000.0,91301494998.0,5376535603,1709425289,1572884901,298488,50498447,61342979,44778265965.0,3101845929,5224269154,599125519,6.3348,B,H:\valgrind\dis_deblock_en_sao\callgrind_faster_qp32_MeridianTalk_sdr_1920x1080p_5994_8bit_1920x1080_60fps_130f.out,32
670,faster,32,Motorcycle_2k,950000000000.0,250000000000.0,116000000000.0,6476255879,1900366637,1648671250,286970,52205969,62664156,62406781769.0,5667845018,6075166426,612371495,7.0665,B,H:\valgrind\dis_deblock_en_sao\callgrind_faster_qp32_Motorcycle_1920x1080_30fps_8bit_1920x1080_30fps_130f.out,32
671,faster,32,MountainBike_2k,975000000000.0,257000000000.0,120000000000.0,6683426442,1946481934,1670942024,298654,54513881,68069104,63853480042.0,5795507631,6233675152,620564577,6.9826,B,H:\valgrind\dis_deblock_en_sao\callgrind_faster_qp32_MountainBike_1920x1080_30fps_8bit_1920x1080_30fps_130f.out,32
672,faster,32,Neon1224_4k,2790000000000.0,763000000000.0,358000000000.0,21920045382,6771401068,6270807141,1951885,246918491,231861771,174000000000.0,12883116908,20406162663,2326774765,12.957,B,H:\valgrind\dis_deblock_en_sao\callgrind_faster_qp32_Neon1224_3840x2160_2997fps_3840x2160_30fps_130f.out,32
673,faster,32,NocturneDance_4k,3370000000000.0,912000000000.0,404000000000.0,39563351324,6586409086,6102342636,2113587,232706900,213755461,174000000000.0,13029358612,19876012994,2259420661,13.2215,B,H:\valgrind\dis_deblock_en_sao\callgrind_faster_qp32_NocturneDance_3840x2160p_8bit_60fps_3840x2160_60fps_130f.out,32
674,faster,32,OldTownCross_1080p50,1140000000000.0,300000000000.0,133000000000.0,11015032672,1805774316,1630304088,306926,51955982,60110330,62235312369.0,5098517316,6220276643,636155614,6.3166,B,H:\valgrind\dis_deblock_en_sao\callgrind_faster_qp32_OldTownCross_1920x1080p50_1920x1080_50fps_130f.out,32
675,faster,32,PedestrianArea_1080p25,739000000000.0,202000000000.0,95146513795.0,5861610470,1785371113,1599301887,297015,51113184,61578400,46453158154.0,3478997176,5346728904,601191722,6.359,B,H:\valgrind\dis_deblock_en_sao\callgrind_faster_qp32_PedestrianArea_1920x1080p25_1920x1080_25fps_130f.out,32
676,faster,32,PierSeaSide_4k,3380000000000.0,912000000000.0,405000000000.0,34238708960,6323544528,6129629069,2332417,231990343,219356231,178000000000.0,13086991649,20258672611,2289932447,13.3017,B,H:\valgrind\dis_deblock_en_sao\callgrind_faster_qp32_PierSeaSide_3840x2160_2997fps_8bit_420_3840x2160_30fps_130f.out,32
677,faster,32,RitualDance_2k,679000000000.0,186000000000.0,86928055278.0,5336617381,1659897428,1551169157,302695,49906111,62484351,42601868706.0,3121688815,5006163226,574409185,6.3146,B,H:\valgrind\dis_deblock_en_sao\callgrind_faster_qp32_RitualDance_1920x1080_5994_8bit_420_1920x1080_60fps_130f.out,32
678,faster,32,Riverbed_1080p25,865000000000.0,235000000000.0,112000000000.0,6711538837,1956070022,1670194291,308811,55082052,62859367,54582594015.0,4391492779,6040167791,635158668,6.3958,B,H:\valgrind\dis_deblock_en_sao\callgrind_faster_qp32_Riverbed_1920x1080p25_1920x1080_25fps_130f.out,32
679,faster,32,RushFieldCuts_2k,934000000000.0,249000000000.0,117000000000.0,6688310667,1948511672,1664263841,292936,52659756,62450991,60058085790.0,5295011244,6165051944,626640891,7.0422,B,H:\valgrind\dis_deblock_en_sao\callgrind_faster_qp32_RushFieldCuts_1920x1080_2997_1920x1080_30fps_130f.out,32
680,faster,32,Skater227_2k,644000000000.0,177000000000.0,82785135691.0,5030702574,1638653963,1549741857,287962,53984301,67788976,40004209612.0,2653927653,4867809613,573385505,6.3241,B,H:\valgrind\dis_deblock_en_sao\callgrind_faster_qp32_Skater227_1920x1080_30fps_1920x1080_30fps_130f.out,32
681,faster,32,Tango_4k,3000000000000.0,825000000000.0,390000000000.0,22625113575,7360618069,6467397789,2070283,265796667,255983549,192000000000.0,13422927868,22043428917,2482733483,13.2135,B,H:\valgrind\dis_deblock_en_sao\callgrind_faster_qp32_Tango_3840x2160_5994fps_8bit_420_3840x2160_60fps_130f.out,32
682,faster,32,TimeLapse_4k,2980000000000.0,813000000000.0,382000000000.0,23471198137,7167256959,6413484033,2336531,282506161,313650804,187000000000.0,14221879292,21411067084,2382895271,13.1057,B,H:\valgrind\dis_deblock_en_sao\callgrind_faster_qp32_TimeLapse_3840x2160_5994fps_8bit_420_3840x2160_60fps_130f.out,32
683,faster,32,ToddlerFountain_2k,960000000000.0,255000000000.0,120000000000.0,6559124855,1957949187,1671402970,295127,52119226,63032835,62576856019.0,5456272306,6247035907,625224580,6.6525,B,H:\valgrind\dis_deblock_en_sao\callgrind_faster_qp32_ToddlerFountain_1920x1080_2997fps_8bit_420_1920x1080_30fps_130f.out,32
684,faster,32,TreesAndGrass_2k,1180000000000.0,303000000000.0,140000000000.0,6934714458,2049007588,1703141735,319697,56402354,78588401,80089256519.0,7697263361,7040714788,643965093,7.0828,B,H:\valgrind\dis_deblock_en_sao\callgrind_faster_qp32_TreesAndGrass_1920_1080_30fps_8bit_1920x1080_30fps_130f.out,32
685,faster,32,TunnelFlag_2k,817000000000.0,220000000000.0,104000000000.0,6216200406,1850741425,1621702393,289248,51449373,61871819,52038275774.0,4312170644,5630647205,605314171,6.3698,B,H:\valgrind\dis_deblock_en_sao\callgrind_faster_qp32_TunnelFlag_1920x1080_5994_8bit_420_1920x1080_60fps_130f.out,32
686,faster,32,Vertical_bees_2k,749000000000.0,204000000000.0,95813120975.0,5994878338,1807163402,1604100228,275449,50395355,62782629,46902640870.0,3677226882,5352217254,595109897,6.3654,B,H:\valgrind\dis_deblock_en_sao\callgrind_faster_qp32_Vertical_bees_1080x1920_2997_1080x1920_30fps_130f.out,32
687,faster,32,Vertical_Carnaby_2k,669000000000.0,183000000000.0,85994907969.0,5499874553,1719194646,1567236516,302639,50190865,62709282,41330710350.0,2992285852,4973328793,574825921,6.4079,B,H:\valgrind\dis_deblock_en_sao\callgrind_faster_qp32_Vertical_Carnaby_1080x1920_5994_1080x1920_60fps_130f.out,32
688,faster,32,WalkingInStreet_2k,1130000000000.0,289000000000.0,134000000000.0,7250567343,1885268331,1642958857,387389,54547716,63627392,75499115572.0,7491322857,6608698683,598313035,7.1539,B,H:\valgrind\dis_deblock_en_sao\callgrind_faster_qp32_WalkingInStreet_1920x1080_30fps_1920x1080_30fps_130f.out,32
689,faster,32,WorldCup_2k,668000000000.0,183000000000.0,85274339093.0,5407064836,1686902258,1563529517,289676,50237718,62481552,41608355478.0,3045098677,4929621867,570751311,6.3585,B,H:\valgrind\dis_deblock_en_sao\callgrind_faster_qp32_WorldCup_1920x1080_30p_1920x1080_30fps_130f.out,32
690,faster,32,WorldCup_far_2k,1040000000000.0,274000000000.0,122000000000.0,11408303161,1761229267,1604878950,310337,51702321,59230361,55044169276.0,4748524621,5771327852,607726894,6.3898,B,H:\valgrind\dis_deblock_en_sao\callgrind_faster_qp32_WorldCup_far_1920x1080_30p_1920x1080_30fps_130f.out,32
691,faster,37,Aerial3200_2k,809000000000.0,220000000000.0,104000000000.0,6277321596,1913404041,1655695572,289070,53210603,62625977,51111066283.0,3932361374,5720917211,621626354,6.3831,B,H:\valgrind\dis_deblock_en_sao\callgrind_faster_qp37_Aerial3200_1920x1080_5994_8bit_420_1920x1080_60fps_130f.out,37
692,faster,37,Boat_2k,1100000000000.0,290000000000.0,129000000000.0,11646605017,1756941315,1621348940,315110,51880110,60213769,58808973328.0,4959737697,6059063133,619675878,6.3417,B,H:\valgrind\dis_deblock_en_sao\callgrind_faster_qp37_Boat_1920x1080_5994_8bit_420_1920x1080_60fps_130f.out,37
693,faster,37,BoxingPractice_4k,2660000000000.0,731000000000.0,342000000000.0,20641619825,6651516147,6267361631,2256751,271146861,309078789,166000000000.0,11327319496,19878483742,2321547204,13.0209,B,H:\valgrind\dis_deblock_en_sao\callgrind_faster_qp37_BoxingPractice_3840x2160_5994fps_8bit_420_3840x2160_60fps_130f.out,37
694,faster,37,Crosswalk_4k,2650000000000.0,731000000000.0,342000000000.0,19678503503,6600167855,6239593894,2513076,279284532,310170319,166000000000.0,10798179841,19998246099,2347287290,12.9536,B,H:\valgrind\dis_deblock_en_sao\callgrind_faster_qp37_Crosswalk_3840x2160_5994fps_8bit_420_3840x2160_60fps_130f.out,37
695,faster,37,CrowdRun_1080p50,943000000000.0,252000000000.0,119000000000.0,6499086860,1961955898,1673554536,292527,56004012,69213441,61285214284.0,5337890147,6225070974,631207795,6.3421,B,H:\valgrind\dis_deblock_en_sao\callgrind_faster_qp37_CrowdRun_1920x1080p50_1920x1080_50fps_130f.out,37
696,faster,37,DinnerSceneCropped_2k,798000000000.0,218000000000.0,97367618239.0,7089306875,1475790101,1518278064,308157,48064123,59601942,43072109293.0,2804328135,5044440969,590289634,6.3238,B,H:\valgrind\dis_deblock_en_sao\callgrind_faster_qp37_DinnerSceneCropped_1920x1080_2997fps_8bit_420_1920x1080_30fps_130f.out,37
697,faster,37,FoodMarket2_4k,2900000000000.0,795000000000.0,375000000000.0,23654631642,7316339027,6494460746,1970426,251993546,231047490,180000000000.0,13155895769,21192992364,2407991572,13.2051,B,H:\valgrind\dis_deblock_en_sao\callgrind_faster_qp37_FoodMarket2_3840x2160_5994fps_8bit_420_3840x2160_60fps_130f.out,37
698,faster,37,FoodMarket_2k,739000000000.0,202000000000.0,95400343720.0,5673895427,1792497274,1608746196,285511,51244259,61968520,46754045872.0,3356278643,5385816057,606453018,6.3796,B,H:\valgrind\dis_deblock_en_sao\callgrind_faster_qp37_FoodMarket_1920x1080_5994_8bit_420_1920x1080_60fps_130f.out,37
699,faster,37,MeridianTalk_sdr_2k,652000000000.0,180000000000.0,83928275572.0,4961600955,1636191866,1556005104,297344,50108806,62379189,40803030865.0,2696616321,4920126581,578899459,6.3354,B,H:\valgrind\dis_deblock_en_sao\callgrind_faster_qp37_MeridianTalk_sdr_1920x1080p_5994_8bit_1920x1080_60fps_130f.out,37
700,faster,37,Motorcycle_2k,846000000000.0,226000000000.0,106000000000.0,6125956082,1850561810,1632602169,286598,51343689,62895984,54487765703.0,4649187081,5676234462,599127092,6.3269,B,H:\valgrind\dis_deblock_en_sao\callgrind_faster_qp37_Motorcycle_1920x1080_30fps_8bit_1920x1080_30fps_130f.out,37
701,faster,37,MountainBike_2k,865000000000.0,231000000000.0,109000000000.0,6363474204,1913831176,1656197061,284603,51373381,62846104,55529954978.0,4714664670,5812749342,608872272,6.3469,B,H:\valgrind\dis_deblock_en_sao\callgrind_faster_qp37_MountainBike_1920x1080_30fps_8bit_1920x1080_30fps_130f.out,37
702,faster,37,Neon1224_4k,2560000000000.0,703000000000.0,328000000000.0,20380802095,6527191134,6213117919,1950402,241728241,232336758,159000000000.0,11122693045,19208498598,2246165141,13.1415,B,H:\valgrind\dis_deblock_en_sao\callgrind_faster_qp37_Neon1224_3840x2160_2997fps_3840x2160_30fps_130f.out,37
703,faster,37,NocturneDance_4k,3200000000000.0,871000000000.0,385000000000.0,36075940686,6403761382,6205790936,2285297,237395453,221849247,164000000000.0,11528432467,19438248912,2278405495,13.1773,B,H:\valgrind\dis_deblock_en_sao\callgrind_faster_qp37_NocturneDance_3840x2160p_8bit_60fps_3840x2160_60fps_130f.out,37
704,faster,37,OldTownCross_1080p50,950000000000.0,255000000000.0,114000000000.0,9517147263,1626425681,1577370965,310770,50224177,59801764,50942659203.0,3825650561,5553213512,608825001,6.3815,B,H:\valgrind\dis_deblock_en_sao\callgrind_faster_qp37_OldTownCross_1920x1080p50_1920x1080_50fps_130f.out,37
705,faster,37,PedestrianArea_1080p25,679000000000.0,187000000000.0,87479873897.0,5380940031,1717196281,1578054503,304001,49747851,61453924,42399606360.0,2966160916,5051808860,586195918,6.3598,B,H:\valgrind\dis_deblock_en_sao\callgrind_faster_qp37_PedestrianArea_1920x1080p25_1920x1080_25fps_130f.out,37
706,faster,37,PierSeaSide_4k,3150000000000.0,857000000000.0,379000000000.0,32267680709,6103424641,6166429181,2268227,231435195,221149866,165000000000.0,11513541999,19413165502,2264076257,13.1386,B,H:\valgrind\dis_deblock_en_sao\callgrind_faster_qp37_PierSeaSide_3840x2160_2997fps_8bit_420_3840x2160_30fps_130f.out,37
707,faster,37,RitualDance_2k,631000000000.0,174000000000.0,80803334719.0,5025139717,1602137252,1537351102,302537,48046930,61778252,39298205690.0,2732897214,4762009314,559874745,6.3482,B,H:\valgrind\dis_deblock_en_sao\callgrind_faster_qp37_RitualDance_1920x1080_5994_8bit_420_1920x1080_60fps_130f.out,37
708,faster,37,Riverbed_1080p25,778000000000.0,213000000000.0,101000000000.0,6275503982,1904246285,1648957125,332412,51558774,59455214,48789209986.0,3626343240,5615648317,619652039,6.362,B,H:\valgrind\dis_deblock_en_sao\callgrind_faster_qp37_Riverbed_1920x1080p25_1920x1080_25fps_130f.out,37
709,faster,37,RushFieldCuts_2k,819000000000.0,221000000000.0,104000000000.0,6229559938,1868474580,1638689219,290943,51549963,62666549,51796269372.0,4222721172,5673583204,609281547,6.3248,B,H:\valgrind\dis_deblock_en_sao\callgrind_faster_qp37_RushFieldCuts_1920x1080_2997_1920x1080_30fps_130f.out,37
710,faster,37,Skater227_2k,601000000000.0,166000000000.0,76729878998.0,4696586702,1573727465,1534817404,284628,49636516,61994414,37111444613.0,2401820458,4607306096,551545998,6.2943,B,H:\valgrind\dis_deblock_en_sao\callgrind_faster_qp37_Skater227_1920x1080_30fps_1920x1080_30fps_130f.out,37
711,faster,37,Tango_4k,2740000000000.0,754000000000.0,354000000000.0,20563459410,6763370001,6291411559,2529860,278023969,310568414,172000000000.0,11442225309,20494546046,2382271503,13.1884,B,H:\valgrind\dis_deblock_en_sao\callgrind_faster_qp37_Tango_3840x2160_5994fps_8bit_420_3840x2160_60fps_130f.out,37
712,faster,37,TimeLapse_4k,2720000000000.0,745000000000.0,349000000000.0,21875389100,6897811646,6331065597,2322591,277243570,312275279,169000000000.0,12021948975,20087647914,2316558077,13.1057,B,H:\valgrind\dis_deblock_en_sao\callgrind_faster_qp37_TimeLapse_3840x2160_5994fps_8bit_420_3840x2160_60fps_130f.out,37
713,faster,37,ToddlerFountain_2k,820000000000.0,221000000000.0,104000000000.0,6140422497,1888875002,1647846203,300351,51477913,62611854,52180580374.0,4145809713,5662904411,607495750,6.3507,B,H:\valgrind\dis_deblock_en_sao\callgrind_faster_qp37_ToddlerFountain_1920x1080_2997fps_8bit_420_1920x1080_30fps_130f.out,37
714,faster,37,TreesAndGrass_2k,1040000000000.0,273000000000.0,127000000000.0,6681713430,1999432686,1689539441,338776,55271746,76600046,68753227822.0,6249558131,6561385165,633038711,6.3948,B,H:\valgrind\dis_deblock_en_sao\callgrind_faster_qp37_TreesAndGrass_1920_1080_30fps_8bit_1920x1080_30fps_130f.out,37
715,faster,37,TunnelFlag_2k,729000000000.0,199000000000.0,93198671895.0,5707939202,1753513360,1592972527,285445,50196342,62493688,45928411070.0,3495429836,5248253313,590073630,6.3631,B,H:\valgrind\dis_deblock_en_sao\callgrind_faster_qp37_TunnelFlag_1920x1080_5994_8bit_420_1920x1080_60fps_130f.out,37
716,faster,37,Vertical_bees_2k,693000000000.0,189000000000.0,88774826435.0,5631125490,1757574384,1589624623,279188,50115983,63135185,43083672569.0,3188825970,5079647864,580882538,6.4461,B,H:\valgrind\dis_deblock_en_sao\callgrind_faster_qp37_Vertical_bees_1080x1920_2997_1080x1920_30fps_130f.out,37
717,faster,37,Vertical_Carnaby_2k,762000000000.0,208000000000.0,92222744211.0,8262042761,1550861900,1520047531,320159,49426048,60544159,39484177167.0,2730889387,4764302227,560632145,6.3596,B,H:\valgrind\dis_deblock_en_sao\callgrind_faster_qp37_Vertical_Carnaby_1080x1920_5994_1080x1920_60fps_130f.out,37
718,faster,37,WalkingInStreet_2k,978000000000.0,257000000000.0,120000000000.0,7064574393,1885872024,1635253584,399139,57103228,69850212,63765865898.0,6015894082,6139283556,595939126,6.4568,B,H:\valgrind\dis_deblock_en_sao\callgrind_faster_qp37_WalkingInStreet_1920x1080_30fps_1920x1080_30fps_130f.out,37
719,faster,37,WorldCup_2k,627000000000.0,172000000000.0,80044833062.0,5068962884,1627135595,1545127207,287078,48821096,61946737,38873872093.0,2709462731,4727595826,557919693,6.2898,B,H:\valgrind\dis_deblock_en_sao\callgrind_faster_qp37_WorldCup_1920x1080_30p_1920x1080_30fps_130f.out,37
720,faster,37,WorldCup_far_2k,768000000000.0,208000000000.0,98121207869.0,6146687672,1835649961,1619838214,295687,51535205,62447952,48215277885.0,3917462261,5419770580,596339160,6.313,B,H:\valgrind\dis_deblock_en_sao\callgrind_faster_qp37_WorldCup_far_1920x1080_30p_1920x1080_30fps_130f.out,37
721,superfast,22,Aerial3200_2k,1290000000000.0,330000000000.0,153000000000.0,7524082517,2773612782,1827783718,286409,56074993,59801168,86293540749.0,8927547022,7456406096,640911701,7.1671,B,H:\valgrind\dis_deblock_en_sao\callgrind_superfast_qp22_Aerial3200_1920x1080_5994_8bit_420_1920x1080_60fps_130f.out,22
722,superfast,22,Boat_2k,1310000000000.0,328000000000.0,150000000000.0,7266540546,2673658527,1787751403,294580,55308565,60963009,89225478808.0,9208994115,7310522759,623913158,7.1358,B,H:\valgrind\dis_deblock_en_sao\callgrind_superfast_qp22_Boat_1920x1080_5994_8bit_420_1920x1080_60fps_130f.out,22
723,superfast,22,BoxingPractice_4k,4040000000000.0,1070000000000.0,503000000000.0,27844697405,11111230737,6509932528,2072456,299580689,300572563,260000000000.0,24260034667,25659254526,2483332463,13.6248,B,H:\valgrind\dis_deblock_en_sao\callgrind_superfast_qp22_BoxingPractice_3840x2160_5994fps_8bit_420_3840x2160_60fps_130f.out,22
724,superfast,22,Crosswalk_4k,3150000000000.0,841000000000.0,396000000000.0,22003928088,8862149700,5180405391,1469893,205801554,177299649,202000000000.0,17947495839,20315841105,2009046709,13.055,B,H:\valgrind\dis_deblock_en_sao\callgrind_superfast_qp22_Crosswalk_3840x2160_5994fps_8bit_420_3840x2160_60fps_130f.out,22
725,superfast,22,CrowdRun_1080p50,1520000000000.0,377000000000.0,171000000000.0,7602015153,2802347738,1842370357,278053,55832943,60982347,107000000000.0,11135111295,8002021845,641196235,7.2255,B,H:\valgrind\dis_deblock_en_sao\callgrind_superfast_qp22_CrowdRun_1920x1080p50_1920x1080_50fps_130f.out,22
726,superfast,22,DinnerSceneCropped_2k,1320000000000.0,340000000000.0,157000000000.0,7486298009,2809195846,1840482196,282256,56537990,59912249,90001032095.0,9171820276,7490938636,647912781,6.3792,B,H:\valgrind\dis_deblock_en_sao\callgrind_superfast_qp22_DinnerSceneCropped_1920x1080_2997fps_8bit_420_1920x1080_30fps_130f.out,22
727,superfast,22,FoodMarket2_4k,3120000000000.0,828000000000.0,392000000000.0,21993746814,8516006115,5004106067,1442074,202663673,174702817,199000000000.0,18945561832,20008918140,1916752051,13.9507,B,H:\valgrind\dis_deblock_en_sao\callgrind_superfast_qp22_FoodMarket2_3840x2160_5994fps_8bit_420_3840x2160_60fps_130f.out,22
728,superfast,22,FoodMarket_2k,1260000000000.0,324000000000.0,150000000000.0,7381166054,2745523441,1819726763,279079,56360624,59924267,84121522549.0,8469917228,7287008705,639980678,6.8418,B,H:\valgrind\dis_deblock_en_sao\callgrind_superfast_qp22_FoodMarket_1920x1080_5994_8bit_420_1920x1080_60fps_130f.out,22
729,superfast,22,MeridianTalk_sdr_2k,1240000000000.0,322000000000.0,142000000000.0,11780461408,2419405114,1675130582,280677,54518548,57700431,67587921793.0,5979958343,6411536513,627183460,6.3813,B,H:\valgrind\dis_deblock_en_sao\callgrind_superfast_qp22_MeridianTalk_sdr_1920x1080p_5994_8bit_1920x1080_60fps_130f.out,22
730,superfast,22,Motorcycle_2k,1170000000000.0,298000000000.0,138000000000.0,7150626009,2580674940,1747751532,280502,55543586,60279643,78941583326.0,7790206034,6841244769,618801393,7.0665,B,H:\valgrind\dis_deblock_en_sao\callgrind_superfast_qp22_Motorcycle_1920x1080_30fps_8bit_1920x1080_30fps_130f.out,22
731,superfast,22,MountainBike_2k,1460000000000.0,365000000000.0,159000000000.0,12642143864,2424254340,1687227135,281609,53672165,58244730,82729489688.0,8148410859,6987452007,621150337,7.0957,B,H:\valgrind\dis_deblock_en_sao\callgrind_superfast_qp22_MountainBike_1920x1080_30fps_8bit_1920x1080_30fps_130f.out,22
732,superfast,22,Neon1224_4k,3090000000000.0,829000000000.0,392000000000.0,23224411523,9480965164,5668734833,1655617,230080127,203536550,196000000000.0,17102854169,21002950744,2188487366,13.4567,B,H:\valgrind\dis_deblock_en_sao\callgrind_superfast_qp22_Neon1224_3840x2160_2997fps_3840x2160_30fps_130f.out,22
733,superfast,22,NocturneDance_4k,3070000000000.0,820000000000.0,389000000000.0,23391416225,9175824349,5433650010,1522481,217161818,189481592,194000000000.0,17900476738,20423662188,2071193954,13.3742,B,H:\valgrind\dis_deblock_en_sao\callgrind_superfast_qp22_NocturneDance_3840x2160p_8bit_60fps_3840x2160_60fps_130f.out,22
734,superfast,22,OldTownCross_1080p50,1540000000000.0,384000000000.0,174000000000.0,7656175532,2790353901,1839276120,293808,56979128,61227875,108000000000.0,11326538374,8047135148,642963580,7.1316,B,H:\valgrind\dis_deblock_en_sao\callgrind_superfast_qp22_OldTownCross_1920x1080p50_1920x1080_50fps_130f.out,22
735,superfast,22,PedestrianArea_1080p25,1050000000000.0,276000000000.0,129000000000.0,6978541783,2592377854,1745830775,280810,54326600,59001842,68047556671.0,6484928287,6542522609,620468494,6.3747,B,H:\valgrind\dis_deblock_en_sao\callgrind_superfast_qp22_PedestrianArea_1920x1080p25_1920x1080_25fps_130f.out,22
736,superfast,22,PierSeaSide_4k,3680000000000.0,980000000000.0,462000000000.0,25671132723,10383695932,6159233633,1764542,251103292,217466825,238000000000.0,21547735538,24038701013,2399487666,13.2578,B,H:\valgrind\dis_deblock_en_sao\callgrind_superfast_qp22_PierSeaSide_3840x2160_2997fps_8bit_420_3840x2160_30fps_130f.out,22
737,superfast,22,RitualDance_2k,813000000000.0,219000000000.0,103000000000.0,6121341164,2288769549,1621473989,279308,54667611,63058178,51798584563.0,4493610766,5587714484,588554882,6.3007,B,H:\valgrind\dis_deblock_en_sao\callgrind_superfast_qp22_RitualDance_1920x1080_5994_8bit_420_1920x1080_60fps_130f.out,22
738,superfast,22,Riverbed_1080p25,1190000000000.0,310000000000.0,145000000000.0,7482363598,2744470758,1822387259,300688,58135731,63229084,78150100915.0,7842036716,7147809968,635102617,6.4294,B,H:\valgrind\dis_deblock_en_sao\callgrind_superfast_qp22_Riverbed_1920x1080p25_1920x1080_25fps_130f.out,22
739,superfast,22,RushFieldCuts_2k,1450000000000.0,366000000000.0,161000000000.0,12776981834,2442897051,1694312279,292438,52888321,57429095,80900771041.0,7955900438,7096147069,635902835,7.0231,B,H:\valgrind\dis_deblock_en_sao\callgrind_superfast_qp22_RushFieldCuts_1920x1080_2997_1920x1080_30fps_130f.out,22
740,superfast,22,Skater227_2k,746000000000.0,204000000000.0,96644053380.0,5951416414,2381109513,1664683229,271910,53677678,58805093,46678864115.0,3556990816,5416146090,601271672,6.3206,B,H:\valgrind\dis_deblock_en_sao\callgrind_superfast_qp22_Skater227_1920x1080_30fps_1920x1080_30fps_130f.out,22
741,superfast,22,Tango_4k,2810000000000.0,735000000000.0,342000000000.0,17594083554,7058207156,4101282054,1374945,188766448,193909061,185000000000.0,17359197630,16958919675,1575133846,14.0446,B,H:\valgrind\dis_deblock_en_sao\callgrind_superfast_qp22_Tango_3840x2160_5994fps_8bit_420_3840x2160_60fps_130f.out,22
742,superfast,22,TimeLapse_4k,3880000000000.0,1030000000000.0,481000000000.0,26849168066,10859005090,6401869815,2120448,296172830,299586351,250000000000.0,23275327837,24888093761,2453080540,8.4907,B,H:\valgrind\dis_deblock_en_sao\callgrind_superfast_qp22_TimeLapse_3840x2160_5994fps_8bit_420_3840x2160_60fps_130f.out,22
743,superfast,22,ToddlerFountain_2k,1290000000000.0,328000000000.0,151000000000.0,7347982976,2698767729,1798340373,294093,55728849,60910761,88279919792.0,9112623709,7322273882,636038376,7.1011,B,H:\valgrind\dis_deblock_en_sao\callgrind_superfast_qp22_ToddlerFountain_1920x1080_2997fps_8bit_420_1920x1080_30fps_130f.out,22
744,superfast,22,TreesAndGrass_2k,1430000000000.0,351000000000.0,159000000000.0,7349312186,2725191444,1801088285,321002,59712637,78252221,99675141076.0,9946316953,7643703366,635930364,7.2048,B,H:\valgrind\dis_deblock_en_sao\callgrind_superfast_qp22_TreesAndGrass_1920_1080_30fps_8bit_1920x1080_30fps_130f.out,22
745,superfast,22,TunnelFlag_2k,1100000000000.0,285000000000.0,133000000000.0,7161618807,2576777950,1738017261,281106,58484710,64293063,72398286496.0,7176000093,6691021147,616845334,6.8743,B,H:\valgrind\dis_deblock_en_sao\callgrind_superfast_qp22_TunnelFlag_1920x1080_5994_8bit_420_1920x1080_60fps_130f.out,22
746,superfast,22,Vertical_bees_2k,899000000000.0,240000000000.0,113000000000.0,6723876183,1780855702,1453261454,289797,51408185,59165354,57111624447.0,5226407744,5986471841,607430713,6.4007,B,H:\valgrind\dis_deblock_en_sao\callgrind_superfast_qp22_Vertical_bees_1080x1920_2997_1080x1920_30fps_130f.out,22
747,superfast,22,Vertical_Carnaby_2k,964000000000.0,258000000000.0,115000000000.0,11062688461,1563598783,1357436650,294009,49336191,56859116,50365953610.0,4237281752,5522807671,591329698,6.3932,B,H:\valgrind\dis_deblock_en_sao\callgrind_superfast_qp22_Vertical_Carnaby_1080x1920_5994_1080x1920_60fps_130f.out,22
748,superfast,22,WalkingInStreet_2k,1410000000000.0,343000000000.0,154000000000.0,7423052189,2357954636,1660890067,397271,60128182,68238784,99536836930.0,10149586523,7286455878,588007232,7.2554,B,H:\valgrind\dis_deblock_en_sao\callgrind_superfast_qp22_WalkingInStreet_1920x1080_30fps_1920x1080_30fps_130f.out,22
749,superfast,22,WorldCup_2k,795000000000.0,214000000000.0,101000000000.0,6288859635,2319094730,1631439328,293905,51595495,57626314,49909400546.0,4328915206,5490847318,587815793,6.3279,B,H:\valgrind\dis_deblock_en_sao\callgrind_superfast_qp22_WorldCup_1920x1080_30p_1920x1080_30fps_130f.out,22
750,superfast,22,WorldCup_far_2k,1060000000000.0,276000000000.0,129000000000.0,7145138505,2483769114,1705514749,291407,56012860,60418722,69806296024.0,7040817725,6522967411,610707095,7.0555,B,H:\valgrind\dis_deblock_en_sao\callgrind_superfast_qp22_WorldCup_far_1920x1080_30p_1920x1080_30fps_130f.out,22
751,superfast,27,Aerial3200_2k,1070000000000.0,281000000000.0,133000000000.0,7194198990,2692858915,1790046079,274166,55735168,59307781,69359693412.0,6683958289,6743125167,635566598,6.3714,B,H:\valgrind\dis_deblock_en_sao\callgrind_superfast_qp27_Aerial3200_1920x1080_5994_8bit_420_1920x1080_60fps_130f.out,27
752,superfast,27,Boat_2k,1140000000000.0,294000000000.0,137000000000.0,7059819222,2648510741,1770863459,289501,54671488,59972131,75949224373.0,7626523786,6851727323,621740993,6.8668,B,H:\valgrind\dis_deblock_en_sao\callgrind_superfast_qp27_Boat_1920x1080_5994_8bit_420_1920x1080_60fps_130f.out,27
753,superfast,27,BoxingPractice_4k,3050000000000.0,827000000000.0,391000000000.0,23578653911,9800172094,5863261978,1748899,236608360,208686213,193000000000.0,15846951471,21269321988,2270404528,13.0487,B,H:\valgrind\dis_deblock_en_sao\callgrind_superfast_qp27_BoxingPractice_3840x2160_5994fps_8bit_420_3840x2160_60fps_130f.out,27
754,superfast,27,Crosswalk_4k,3050000000000.0,833000000000.0,395000000000.0,23592375975,10185968607,6081858268,1857202,246464263,214618869,194000000000.0,14478837597,21894832670,2405686599,12.9287,B,H:\valgrind\dis_deblock_en_sao\callgrind_superfast_qp27_Crosswalk_3840x2160_5994fps_8bit_420_3840x2160_60fps_130f.out,27
755,superfast,27,CrowdRun_1080p50,1280000000000.0,326000000000.0,150000000000.0,7318233305,2732017228,1806387712,282683,56508408,60756376,86886310336.0,8823309030,7319102425,638336135,7.0286,B,H:\valgrind\dis_deblock_en_sao\callgrind_superfast_qp27_CrowdRun_1920x1080p50_1920x1080_50fps_130f.out,27
756,superfast,27,DinnerSceneCropped_2k,997000000000.0,266000000000.0,125000000000.0,6941394329,2701211082,1793405514,287841,57982708,62235373,64310399378.0,5680861608,6431812445,638908363,6.3581,B,H:\valgrind\dis_deblock_en_sao\callgrind_superfast_qp27_DinnerSceneCropped_1920x1080_2997fps_8bit_420_1920x1080_30fps_130f.out,27
757,superfast,27,FoodMarket2_4k,3160000000000.0,853000000000.0,406000000000.0,24650861947,9769717176,5805019063,1637362,233855962,202670757,198000000000.0,17183696972,21660755391,2242982162,13.2135,B,H:\valgrind\dis_deblock_en_sao\callgrind_superfast_qp27_FoodMarket2_3840x2160_5994fps_8bit_420_3840x2160_60fps_130f.out,27
758,superfast,27,FoodMarket_2k,970000000000.0,259000000000.0,122000000000.0,6858538472,2631843181,1761370348,280453,54458767,58652295,62412406410.0,5607148867,6345328316,629385368,6.3553,B,H:\valgrind\dis_deblock_en_sao\callgrind_superfast_qp27_FoodMarket_1920x1080_5994_8bit_420_1920x1080_60fps_130f.out,27
759,superfast,27,MeridianTalk_sdr_2k,790000000000.0,215000000000.0,102000000000.0,5996666044,2415012545,1672910641,282804,52483977,58309226,50297200751.0,3907788501,5605366242,608697185,6.3492,B,H:\valgrind\dis_deblock_en_sao\callgrind_superfast_qp27_MeridianTalk_sdr_1920x1080p_5994_8bit_1920x1080_60fps_130f.out,27
760,superfast,27,Motorcycle_2k,1050000000000.0,270000000000.0,126000000000.0,6843443457,2502406698,1712677980,274872,54307541,59707267,69237887534.0,6708068923,6400720072,610968439,7.0063,B,H:\valgrind\dis_deblock_en_sao\callgrind_superfast_qp27_Motorcycle_1920x1080_30fps_8bit_1920x1080_30fps_130f.out,27
761,superfast,27,MountainBike_2k,1070000000000.0,278000000000.0,130000000000.0,6978513165,2569615611,1747077427,280389,56861688,64031756,70965005360.0,6937568971,6546203755,616103119,7.0351,B,H:\valgrind\dis_deblock_en_sao\callgrind_superfast_qp27_MountainBike_1920x1080_30fps_8bit_1920x1080_30fps_130f.out,27
762,superfast,27,Neon1224_4k,3040000000000.0,827000000000.0,390000000000.0,23875921138,10072006788,6121594429,1860542,252275464,223028294,190000000000.0,15517408559,21610502364,2357609732,12.9711,B,H:\valgrind\dis_deblock_en_sao\callgrind_superfast_qp27_Neon1224_3840x2160_2997fps_3840x2160_30fps_130f.out,27
763,superfast,27,NocturneDance_4k,3050000000000.0,824000000000.0,390000000000.0,24598268298,10020395504,6027001343,1781431,243255205,214011083,189000000000.0,16105228640,21267187549,2289552960,13.2943,B,H:\valgrind\dis_deblock_en_sao\callgrind_superfast_qp27_NocturneDance_3840x2160p_8bit_60fps_3840x2160_60fps_130f.out,27
764,superfast,27,OldTownCross_1080p50,1200000000000.0,311000000000.0,145000000000.0,7292807828,2742493344,1810424430,285550,55731786,59679479,79695298570.0,7749756037,7079280276,640359655,7.1214,B,H:\valgrind\dis_deblock_en_sao\callgrind_superfast_qp27_OldTownCross_1920x1080p50_1920x1080_50fps_130f.out,27
765,superfast,27,PedestrianArea_1080p25,832000000000.0,225000000000.0,106000000000.0,6422712843,2447639486,1684678734,284150,53169788,58489555,52454032853.0,4456428136,5747382633,606178819,6.3449,B,H:\valgrind\dis_deblock_en_sao\callgrind_superfast_qp27_PedestrianArea_1920x1080p25_1920x1080_25fps_130f.out,27
766,superfast,27,PierSeaSide_4k,3190000000000.0,865000000000.0,409000000000.0,23558765551,10067183361,6131259069,1989266,252696367,223408861,201000000000.0,16551928696,22384987217,2394878860,13.27,B,H:\valgrind\dis_deblock_en_sao\callgrind_superfast_qp27_PierSeaSide_3840x2160_2997fps_8bit_420_3840x2160_30fps_130f.out,27
767,superfast,27,RitualDance_2k,728000000000.0,198000000000.0,92998412879.0,5703576432,2216847494,1587944178,279617,50691690,58069501,45720198985.0,3691312821,5230966331,575397947,6.3314,B,H:\valgrind\dis_deblock_en_sao\callgrind_superfast_qp27_RitualDance_1920x1080_5994_8bit_420_1920x1080_60fps_130f.out,27
768,superfast,27,Riverbed_1080p25,974000000000.0,260000000000.0,124000000000.0,7134001298,2647094557,1772966438,291598,56854186,59465490,61682397075.0,5654408293,6434150875,631192932,6.4041,B,H:\valgrind\dis_deblock_en_sao\callgrind_superfast_qp27_Riverbed_1920x1080p25_1920x1080_25fps_130f.out,27
769,superfast,27,RushFieldCuts_2k,1050000000000.0,276000000000.0,130000000000.0,7063125619,2583785691,1747979516,276818,53813234,58980131,68400066449.0,6595171861,6582211028,625934720,7.0206,B,H:\valgrind\dis_deblock_en_sao\callgrind_superfast_qp27_RushFieldCuts_1920x1080_2997_1920x1080_30fps_130f.out,27
770,superfast,27,Skater227_2k,687000000000.0,189000000000.0,89055596843.0,5451581953,2267923030,1619926768,269097,52496406,58047304,42638244951.0,3052628236,5127516512,584521963,6.3504,B,H:\valgrind\dis_deblock_en_sao\callgrind_superfast_qp27_Skater227_1920x1080_30fps_1920x1080_30fps_130f.out,27
771,superfast,27,Tango_4k,3450000000000.0,936000000000.0,444000000000.0,25975963960,10831966923,6393046247,2095009,293919900,289779246,221000000000.0,17815649454,23855831270,2511752119,13.3681,B,H:\valgrind\dis_deblock_en_sao\callgrind_superfast_qp27_Tango_3840x2160_5994fps_8bit_420_3840x2160_60fps_130f.out,27
772,superfast,27,TimeLapse_4k,2950000000000.0,796000000000.0,376000000000.0,22496137181,9288188307,5593275228,1762954,228592115,202274020,186000000000.0,15792679139,20370370297,2151148869,13.0925,B,H:\valgrind\dis_deblock_en_sao\callgrind_superfast_qp27_TimeLapse_3840x2160_5994fps_8bit_420_3840x2160_60fps_130f.out,27
773,superfast,27,ToddlerFountain_2k,1090000000000.0,284000000000.0,132000000000.0,6939895867,2634281703,1763031349,283344,53560684,59455934,72502904885.0,7046126214,6669384156,624184434,7.0285,B,H:\valgrind\dis_deblock_en_sao\callgrind_superfast_qp27_ToddlerFountain_1920x1080_2997fps_8bit_420_1920x1080_30fps_130f.out,27
774,superfast,27,TreesAndGrass_2k,1280000000000.0,321000000000.0,147000000000.0,7153604858,2700112853,1786897862,311201,57690886,74822303,87647168107.0,8788590268,7230541066,632456232,7.1124,B,H:\valgrind\dis_deblock_en_sao\callgrind_superfast_qp27_TreesAndGrass_1920_1080_30fps_8bit_1920x1080_30fps_130f.out,27
775,superfast,27,TunnelFlag_2k,1130000000000.0,296000000000.0,131000000000.0,11566824458,2290673420,1622575930,289252,52146475,56657254,61122592348.0,5574842796,6088750211,607151177,6.3523,B,H:\valgrind\dis_deblock_en_sao\callgrind_superfast_qp27_TunnelFlag_1920x1080_5994_8bit_420_1920x1080_60fps_130f.out,27
776,superfast,27,Vertical_bees_2k,982000000000.0,261000000000.0,117000000000.0,11026300974,1548600967,1354719586,277962,51286061,58219319,51892869725.0,4387955166,5622248048,597556633,6.3751,B,H:\valgrind\dis_deblock_en_sao\callgrind_superfast_qp27_Vertical_bees_1080x1920_2997_1080x1920_30fps_130f.out,27
777,superfast,27,Vertical_Carnaby_2k,718000000000.0,196000000000.0,92546746280.0,5968673982,1649868065,1388026035,288538,50485725,59353001,44134631025.0,3528358552,5209643230,579979406,6.4061,B,H:\valgrind\dis_deblock_en_sao\callgrind_superfast_qp27_Vertical_Carnaby_1080x1920_5994_1080x1920_60fps_130f.out,27
778,superfast,27,WalkingInStreet_2k,1280000000000.0,320000000000.0,146000000000.0,7388918994,2364961217,1652596518,362731,56843385,62250044,88098470484.0,9090082877,7008199928,587732090,7.2329,B,H:\valgrind\dis_deblock_en_sao\callgrind_superfast_qp27_WalkingInStreet_1920x1080_30fps_1920x1080_30fps_130f.out,27
779,superfast,27,WorldCup_2k,717000000000.0,195000000000.0,91591041924.0,5834461854,2234738371,1595821178,286279,51494391,58196406,44536969634.0,3588027067,5164673714,574997591,6.3472,B,H:\valgrind\dis_deblock_en_sao\callgrind_superfast_qp27_WorldCup_1920x1080_30p_1920x1080_30fps_130f.out,27
780,superfast,27,WorldCup_far_2k,1140000000000.0,298000000000.0,132000000000.0,11733719715,2254296090,1606289050,286578,53325922,57399912,61661912265.0,5810528015,6100013948,605368020,7.0531,B,H:\valgrind\dis_deblock_en_sao\callgrind_superfast_qp27_WorldCup_far_1920x1080_30p_1920x1080_30fps_130f.out,27
781,superfast,32,Aerial3200_2k,899000000000.0,242000000000.0,115000000000.0,6746332770,2550302755,1734624702,279679,55119979,59198432,57032749990.0,4989645269,6080965495,621404396,6.3725,B,H:\valgrind\dis_deblock_en_sao\callgrind_superfast_qp32_Aerial3200_1920x1080_5994_8bit_420_1920x1080_60fps_130f.out,32
782,superfast,32,Boat_2k,991000000000.0,261000000000.0,123000000000.0,6784457502,2552967312,1732693398,283514,53788513,59438032,64289128247.0,6076118148,6348000479,613941939,6.3672,B,H:\valgrind\dis_deblock_en_sao\callgrind_superfast_qp32_Boat_1920x1080_5994_8bit_420_1920x1080_60fps_130f.out,32
783,superfast,32,BoxingPractice_4k,2840000000000.0,780000000000.0,367000000000.0,22350947156,9799669034,6037148770,1885927,245172707,221508175,177000000000.0,13272650359,20873295948,2347901702,13.0006,B,H:\valgrind\dis_deblock_en_sao\callgrind_superfast_qp32_BoxingPractice_3840x2160_5994fps_8bit_420_3840x2160_60fps_130f.out,32
784,superfast,32,Crosswalk_4k,2800000000000.0,772000000000.0,364000000000.0,21282240146,9755697375,6005605437,2144691,249599165,220184042,177000000000.0,12266180126,20943362092,2381380360,12.9114,B,H:\valgrind\dis_deblock_en_sao\callgrind_superfast_qp32_Crosswalk_3840x2160_5994fps_8bit_420_3840x2160_60fps_130f.out,32
785,superfast,32,CrowdRun_1080p50,1070000000000.0,279000000000.0,131000000000.0,6868063238,2602616078,1755234638,276464,54642956,59400908,70404925158.0,6773387054,6627245530,627623469,7.072,B,H:\valgrind\dis_deblock_en_sao\callgrind_superfast_qp32_CrowdRun_1920x1080p50_1920x1080_50fps_130f.out,32
786,superfast,32,DinnerSceneCropped_2k,752000000000.0,206000000000.0,97586939622.0,5712971099,2366393329,1660964806,273501,53655641,58844413,48228993917.0,3494606522,5494193637,612150576,6.2705,B,H:\valgrind\dis_deblock_en_sao\callgrind_superfast_qp32_DinnerSceneCropped_1920x1080_2997fps_8bit_420_1920x1080_30fps_130f.out,32
787,superfast,32,FoodMarket2_4k,2760000000000.0,752000000000.0,357000000000.0,22644907289,9214575875,5571774536,1722211,229828798,200934891,171000000000.0,13704588287,19729446441,2156414578,13.2082,B,H:\valgrind\dis_deblock_en_sao\callgrind_superfast_qp32_FoodMarket2_3840x2160_5994fps_8bit_420_3840x2160_60fps_130f.out,32
788,superfast,32,FoodMarket_2k,805000000000.0,219000000000.0,104000000000.0,6200274285,2433833655,1686774650,281636,53602912,58649534,50933267413.0,4086743874,5687025040,610183787,6.3658,B,H:\valgrind\dis_deblock_en_sao\callgrind_superfast_qp32_FoodMarket_1920x1080_5994_8bit_420_1920x1080_60fps_130f.out,32
789,superfast,32,MeridianTalk_sdr_2k,696000000000.0,191000000000.0,89996680666.0,5380459006,2230172076,1608352561,277308,52246655,58731600,43569980932.0,3123010051,5164696491,586558912,6.3348,B,H:\valgrind\dis_deblock_en_sao\callgrind_superfast_qp32_MeridianTalk_sdr_1920x1080p_5994_8bit_1920x1080_60fps_130f.out,32
790,superfast,32,Motorcycle_2k,926000000000.0,244000000000.0,114000000000.0,6476078160,2402891397,1669688719,276806,53357008,59522623,60223816046.0,5609551857,5953755442,598761836,7.0665,B,H:\valgrind\dis_deblock_en_sao\callgrind_superfast_qp32_Motorcycle_1920x1080_30fps_8bit_1920x1080_30fps_130f.out,32
791,superfast,32,MountainBike_2k,947000000000.0,250000000000.0,117000000000.0,6674251760,2480386697,1705844715,281295,53201043,58863255,61425607811.0,5725457722,6089001738,605966247,6.9826,B,H:\valgrind\dis_deblock_en_sao\callgrind_superfast_qp32_MountainBike_1920x1080_30fps_8bit_1920x1080_30fps_130f.out,32
792,superfast,32,Neon1224_4k,2750000000000.0,753000000000.0,353000000000.0,21954561078,9626611509,5965159502,1800555,246158147,220337609,170000000000.0,12992697878,20211874540,2280897085,12.957,B,H:\valgrind\dis_deblock_en_sao\callgrind_superfast_qp32_Neon1224_3840x2160_2997fps_3840x2160_30fps_130f.out,32
793,superfast,32,NocturneDance_4k,2820000000000.0,770000000000.0,362000000000.0,23481099840,10000425450,6118289817,1837555,248308479,221824275,173000000000.0,13540147160,20481057798,2310625157,13.2215,B,H:\valgrind\dis_deblock_en_sao\callgrind_superfast_qp32_NocturneDance_3840x2160p_8bit_60fps_3840x2160_60fps_130f.out,32
794,superfast,32,OldTownCross_1080p50,896000000000.0,240000000000.0,113000000000.0,6239179390,2502918087,1716230418,277379,54625081,62220800,58155835749.0,4910644254,6011262529,617199667,6.3166,B,H:\valgrind\dis_deblock_en_sao\callgrind_superfast_qp32_OldTownCross_1920x1080p50_1920x1080_50fps_130f.out,32
795,superfast,32,PedestrianArea_1080p25,727000000000.0,199000000000.0,93682910884.0,5863880259,2280993033,1623978395,286495,52621528,58772870,45209675549.0,3501880078,5280353290,588814374,6.359,B,H:\valgrind\dis_deblock_en_sao\callgrind_superfast_qp32_PedestrianArea_1920x1080p25_1920x1080_25fps_130f.out,32
796,superfast,32,PierSeaSide_4k,2810000000000.0,770000000000.0,362000000000.0,21768613458,9746719055,6030231695,2239429,276034306,284461337,175000000000.0,13305383046,20564781575,2304320131,13.3017,B,H:\valgrind\dis_deblock_en_sao\callgrind_superfast_qp32_PierSeaSide_3840x2160_2997fps_8bit_420_3840x2160_30fps_130f.out,32
797,superfast,32,RitualDance_2k,669000000000.0,183000000000.0,85834533929.0,5347306875,2098889587,1545152539,292955,49999952,58568104,41528478955.0,3146838456,4956892983,562789959,6.3146,B,H:\valgrind\dis_deblock_en_sao\callgrind_superfast_qp32_RitualDance_1920x1080_5994_8bit_420_1920x1080_60fps_130f.out,32
798,superfast,32,Riverbed_1080p25,837000000000.0,227000000000.0,108000000000.0,6697192432,2517101295,1725093885,290252,55059089,58413033,52240441484.0,4356323367,5867810716,617869478,6.3958,B,H:\valgrind\dis_deblock_en_sao\callgrind_superfast_qp32_Riverbed_1920x1080p25_1920x1080_25fps_130f.out,32
799,superfast,32,RushFieldCuts_2k,1100000000000.0,291000000000.0,129000000000.0,11763801012,2339860927,1644634189,275314,52051530,57033224,59083023006.0,5266608892,6019055308,611115384,7.0422,B,H:\valgrind\dis_deblock_en_sao\callgrind_superfast_qp32_RushFieldCuts_1920x1080_2997_1920x1080_30fps_130f.out,32
800,superfast,32,Skater227_2k,637000000000.0,176000000000.0,82116375733.0,5040396595,2112503166,1563079486,272069,51197538,57678598,39153097186.0,2694630726,4838452744,562871472,6.3241,B,H:\valgrind\dis_deblock_en_sao\callgrind_superfast_qp32_Skater227_1920x1080_30fps_1920x1080_30fps_130f.out,32
801,superfast,32,Tango_4k,2730000000000.0,749000000000.0,355000000000.0,20978216005,9343648628,5684299858,2212341,266106891,268617688,173000000000.0,12446624085,20100389944,2252239831,13.2135,B,H:\valgrind\dis_deblock_en_sao\callgrind_superfast_qp32_Tango_3840x2160_5994fps_8bit_420_3840x2160_60fps_130f.out,32
802,superfast,32,TimeLapse_4k,2920000000000.0,796000000000.0,375000000000.0,23486671490,10051230036,6124567487,2321735,283587621,284611835,181000000000.0,14250124970,21062837640,2329739154,13.1057,B,H:\valgrind\dis_deblock_en_sao\callgrind_superfast_qp32_TimeLapse_3840x2160_5994fps_8bit_420_3840x2160_60fps_130f.out,32
803,superfast,32,ToddlerFountain_2k,928000000000.0,247000000000.0,116000000000.0,6543301344,2510847542,1713942419,280281,51663712,58144589,59914073872.0,5365312768,6076322765,609132686,6.6525,B,H:\valgrind\dis_deblock_en_sao\callgrind_superfast_qp32_ToddlerFountain_1920x1080_2997fps_8bit_420_1920x1080_30fps_130f.out,32
804,superfast,32,TreesAndGrass_2k,1130000000000.0,291000000000.0,134000000000.0,6916996916,2605825727,1759571867,287699,54262239,59930310,75991599503.0,7461402147,6780951271,625174493,7.0828,B,H:\valgrind\dis_deblock_en_sao\callgrind_superfast_qp32_TreesAndGrass_1920_1080_30fps_8bit_1920x1080_30fps_130f.out,32
805,superfast,32,TunnelFlag_2k,804000000000.0,217000000000.0,102000000000.0,6224103454,2320078276,1634172795,277006,52477568,58566809,50739406898.0,4335522569,5562377708,593305680,6.3698,B,H:\valgrind\dis_deblock_en_sao\callgrind_superfast_qp32_TunnelFlag_1920x1080_5994_8bit_420_1920x1080_60fps_130f.out,32
806,superfast,32,Vertical_bees_2k,737000000000.0,201000000000.0,94484216038.0,5999882177,1635777667,1390208873,274509,51061787,59856589,45736896831.0,3708337706,5292560878,583768280,6.3654,B,H:\valgrind\dis_deblock_en_sao\callgrind_superfast_qp32_Vertical_bees_1080x1920_2997_1080x1920_30fps_130f.out,32
807,superfast,32,Vertical_Carnaby_2k,661000000000.0,181000000000.0,85151052606.0,5514831094,1546349578,1353468695,285680,50058205,59397555,40434873882.0,3037837222,4934896261,564154895,6.4079,B,H:\valgrind\dis_deblock_en_sao\callgrind_superfast_qp32_Vertical_Carnaby_1080x1920_5994_1080x1920_60fps_130f.out,32
808,superfast,32,WalkingInStreet_2k,1110000000000.0,286000000000.0,133000000000.0,7273345065,2318853526,1638550958,374209,55843502,60870245,74169122469.0,7498987016,6557123820,587729054,7.1539,B,H:\valgrind\dis_deblock_en_sao\callgrind_superfast_qp32_WalkingInStreet_1920x1080_30fps_1920x1080_30fps_130f.out,32
809,superfast,32,WorldCup_2k,800000000000.0,217000000000.0,96438077888.0,8789129927,2010610260,1503333144,272974,50114042,56762975,41733659791.0,3135123473,4891188677,559635977,6.3585,B,H:\valgrind\dis_deblock_en_sao\callgrind_superfast_qp32_WorldCup_1920x1080_30p_1920x1080_30fps_130f.out,32
810,superfast,32,WorldCup_far_2k,834000000000.0,224000000000.0,106000000000.0,6523333016,2356918145,1648518168,285244,52943983,58636512,52606941520.0,4742026492,5686826374,595762655,6.3898,B,H:\valgrind\dis_deblock_en_sao\callgrind_superfast_qp32_WorldCup_far_1920x1080_30p_1920x1080_30fps_130f.out,32
811,superfast,37,Aerial3200_2k,784000000000.0,213000000000.0,101000000000.0,6256106413,2438392947,1688974630,266581,53467449,58341837,49048497896.0,3911447573,5581040255,605602500,6.3831,B,H:\valgrind\dis_deblock_en_sao\callgrind_superfast_qp37_Aerial3200_1920x1080_5994_8bit_420_1920x1080_60fps_130f.out,37
812,superfast,37,Boat_2k,872000000000.0,234000000000.0,110000000000.0,6494383198,2476170026,1705043253,286399,51752478,57994469,55443773052.0,4866931340,5897625845,604290935,6.3417,B,H:\valgrind\dis_deblock_en_sao\callgrind_superfast_qp37_Boat_1920x1080_5994_8bit_420_1920x1080_60fps_130f.out,37
813,superfast,37,BoxingPractice_4k,2620000000000.0,723000000000.0,339000000000.0,20682058865,9488090064,5925770181,1894772,239302757,220778697,162000000000.0,11505616831,19737574315,2278646455,13.0209,B,H:\valgrind\dis_deblock_en_sao\callgrind_superfast_qp37_BoxingPractice_3840x2160_5994fps_8bit_420_3840x2160_60fps_130f.out,37
814,superfast,37,Crosswalk_4k,2620000000000.0,724000000000.0,339000000000.0,19694228729,9467181463,5907899171,2173329,244615898,219816105,163000000000.0,10996034465,19893650326,2305640567,12.9536,B,H:\valgrind\dis_deblock_en_sao\callgrind_superfast_qp37_Crosswalk_3840x2160_5994fps_8bit_420_3840x2160_60fps_130f.out,37
815,superfast,37,CrowdRun_1080p50,913000000000.0,244000000000.0,115000000000.0,6482045688,2501195230,1712847602,276118,53103897,58651525,58724651102.0,5261749624,6057930411,614750618,6.3421,B,H:\valgrind\dis_deblock_en_sao\callgrind_superfast_qp37_CrowdRun_1920x1080p50_1920x1080_50fps_130f.out,37
816,superfast,37,DinnerSceneCropped_2k,657000000000.0,182000000000.0,85231344287.0,4776117275,2122471342,1583116676,268818,48118093,57447572,41451342905.0,2745444086,5008549535,580053007,6.3238,B,H:\valgrind\dis_deblock_en_sao\callgrind_superfast_qp37_DinnerSceneCropped_1920x1080_2997fps_8bit_420_1920x1080_30fps_130f.out,37
817,superfast,37,FoodMarket2_4k,2230000000000.0,612000000000.0,289000000000.0,18532667425,7949278865,4831827642,1576957,201253502,178107281,137000000000.0,10307013651,16433191459,1859647716,13.2051,B,H:\valgrind\dis_deblock_en_sao\callgrind_superfast_qp37_FoodMarket2_3840x2160_5994fps_8bit_420_3840x2160_60fps_130f.out,37
818,superfast,37,FoodMarket_2k,875000000000.0,238000000000.0,106000000000.0,9441811587,2164866674,1585233164,286490,51032547,56201307,46342508429.0,3437501984,5295124063,592107975,6.3796,B,H:\valgrind\dis_deblock_en_sao\callgrind_superfast_qp37_FoodMarket_1920x1080_5994_8bit_420_1920x1080_60fps_130f.out,37
819,superfast,37,MeridianTalk_sdr_2k,645000000000.0,178000000000.0,83320616731.0,4974688943,2113246769,1565880602,270399,50650546,58309815,39976458243.0,2741705105,4892440529,568209467,6.3354,B,H:\valgrind\dis_deblock_en_sao\callgrind_superfast_qp37_MeridianTalk_sdr_1920x1080p_5994_8bit_1920x1080_60fps_130f.out,37
820,superfast,37,Motorcycle_2k,1010000000000.0,266000000000.0,117000000000.0,10528867965,2181224843,1579398776,282379,50070082,56271230,53916605620.0,4658549336,5576004081,585870409,6.3269,B,H:\valgrind\dis_deblock_en_sao\callgrind_superfast_qp37_Motorcycle_1920x1080_30fps_8bit_1920x1080_30fps_130f.out,37
821,superfast,37,MountainBike_2k,1030000000000.0,272000000000.0,120000000000.0,11122129955,2247893553,1612554885,273313,50915775,56748648,54795389369.0,4721863159,5694876756,594684320,6.3469,B,H:\valgrind\dis_deblock_en_sao\callgrind_superfast_qp37_MountainBike_1920x1080_30fps_8bit_1920x1080_30fps_130f.out,37
822,superfast,37,Neon1224_4k,2530000000000.0,697000000000.0,325000000000.0,20441561691,9366397531,5869026384,1904902,241203209,221599171,155000000000.0,11289056611,19089319779,2203974541,13.1415,B,H:\valgrind\dis_deblock_en_sao\callgrind_superfast_qp37_Neon1224_3840x2160_2997fps_3840x2160_30fps_130f.out,37
823,superfast,37,NocturneDance_4k,2580000000000.0,708000000000.0,331000000000.0,21395935399,9637578797,5971720047,1805609,241608095,220463235,157000000000.0,11447070843,19246201819,2232757289,13.1773,B,H:\valgrind\dis_deblock_en_sao\callgrind_superfast_qp37_NocturneDance_3840x2160p_8bit_60fps_3840x2160_60fps_130f.out,37
824,superfast,37,OldTownCross_1080p50,765000000000.0,208000000000.0,98124228949.0,5675996853,2303111839,1648093534,281451,51464411,58635329,48422402332.0,3750330016,5459736555,595692935,6.3815,B,H:\valgrind\dis_deblock_en_sao\callgrind_superfast_qp37_OldTownCross_1920x1080p50_1920x1080_50fps_130f.out,37
825,superfast,37,PedestrianArea_1080p25,812000000000.0,221000000000.0,98794428043.0,8800300114,2047313909,1532301946,281663,49538135,55973297,42471671213.0,3073562200,5007159327,574492554,6.3598,B,H:\valgrind\dis_deblock_en_sao\callgrind_superfast_qp37_PedestrianArea_1920x1080p25_1920x1080_25fps_130f.out,37
826,superfast,37,PierSeaSide_4k,2570000000000.0,706000000000.0,330000000000.0,20424204515,9524046759,5963194782,1975319,249229706,238389175,158000000000.0,11410252032,19247823037,2220463384,13.1386,B,H:\valgrind\dis_deblock_en_sao\callgrind_superfast_qp37_PierSeaSide_3840x2160_2997fps_8bit_420_3840x2160_30fps_130f.out,37
827,superfast,37,RitualDance_2k,624000000000.0,172000000000.0,80081181957.0,5038356953,2021865440,1516030927,288916,48816862,58154249,38444305351.0,2769845209,4729127655,549027008,6.3482,B,H:\valgrind\dis_deblock_en_sao\callgrind_superfast_qp37_RitualDance_1920x1080_5994_8bit_420_1920x1080_60fps_130f.out,37
828,superfast,37,Riverbed_1080p25,918000000000.0,249000000000.0,111000000000.0,10986000199,2252285974,1622580878,287174,53059874,56606681,47923820687.0,3668344313,5471725913,602566378,6.362,B,H:\valgrind\dis_deblock_en_sao\callgrind_superfast_qp37_Riverbed_1920x1080p25_1920x1080_25fps_130f.out,37
829,superfast,37,RushFieldCuts_2k,799000000000.0,216000000000.0,102000000000.0,6222290357,2379405430,1661896199,279262,52103799,58408247,50089723580.0,4216790788,5571474058,595766748,6.3248,B,H:\valgrind\dis_deblock_en_sao\callgrind_superfast_qp37_RushFieldCuts_1920x1080_2997_1920x1080_30fps_130f.out,37
830,superfast,37,Skater227_2k,596000000000.0,164000000000.0,76315463205.0,4712929131,2002377958,1520138601,284313,49949981,57777055,36413023146.0,2446717679,4588150322,541426092,6.2943,B,H:\valgrind\dis_deblock_en_sao\callgrind_superfast_qp37_Skater227_1920x1080_30fps_1920x1080_30fps_130f.out,37
831,superfast,37,Tango_4k,2700000000000.0,745000000000.0,350000000000.0,20571591807,9614797303,5964507355,2364228,278621160,282535859,169000000000.0,11607191001,20334539508,2337118993,13.1884,B,H:\valgrind\dis_deblock_en_sao\callgrind_superfast_qp37_Tango_3840x2160_5994fps_8bit_420_3840x2160_60fps_130f.out,37
832,superfast,37,TimeLapse_4k,2670000000000.0,733000000000.0,343000000000.0,21889520831,9773661330,6009294550,2290177,276139446,280205538,164000000000.0,12116131062,19829461991,2266521047,13.1057,B,H:\valgrind\dis_deblock_en_sao\callgrind_superfast_qp37_TimeLapse_3840x2160_5994fps_8bit_420_3840x2160_60fps_130f.out,37
833,superfast,37,ToddlerFountain_2k,798000000000.0,216000000000.0,102000000000.0,6127523768,2413640009,1680770481,280795,51532538,58505362,50316305881.0,4124206691,5552381320,593509449,6.3507,B,H:\valgrind\dis_deblock_en_sao\callgrind_superfast_qp37_ToddlerFountain_1920x1080_2997fps_8bit_420_1920x1080_30fps_130f.out,37
834,superfast,37,TreesAndGrass_2k,996000000000.0,262000000000.0,122000000000.0,6659741597,2568638416,1739968576,309858,55868935,72334840,65367465114.0,6080575518,6338572618,615006192,6.3948,B,H:\valgrind\dis_deblock_en_sao\callgrind_superfast_qp37_TreesAndGrass_1920_1080_30fps_8bit_1920x1080_30fps_130f.out,37
835,superfast,37,TunnelFlag_2k,720000000000.0,197000000000.0,92260910063.0,5725117645,2203969331,1586793137,271705,50431995,58290015,44937012582.0,3541596867,5204242544,579086777,6.3631,B,H:\valgrind\dis_deblock_en_sao\callgrind_superfast_qp37_TunnelFlag_1920x1080_5994_8bit_420_1920x1080_60fps_130f.out,37
836,superfast,37,Vertical_bees_2k,684000000000.0,187000000000.0,87909989876.0,5639447667,1574627246,1368298484,261183,49790775,59320686,42177305455.0,3237039540,5041543144,570518332,6.4461,B,H:\valgrind\dis_deblock_en_sao\callgrind_superfast_qp37_Vertical_bees_1080x1920_2997_1080x1920_30fps_130f.out,37
837,superfast,37,Vertical_Carnaby_2k,622000000000.0,171000000000.0,79986394124.0,5153911401,1479094228,1332890892,274897,49471054,59679902,37985206650.0,2729806036,4735013070,550394865,6.3596,B,H:\valgrind\dis_deblock_en_sao\callgrind_superfast_qp37_Vertical_Carnaby_1080x1920_5994_1080x1920_60fps_130f.out,37
838,superfast,37,WalkingInStreet_2k,967000000000.0,254000000000.0,119000000000.0,7085981546,2307770595,1632429520,370757,57015085,63195733,62592352079.0,6035222143,6094607871,586000737,6.4568,B,H:\valgrind\dis_deblock_en_sao\callgrind_superfast_qp37_WalkingInStreet_1920x1080_30fps_1920x1080_30fps_130f.out,37
839,superfast,37,WorldCup_2k,621000000000.0,171000000000.0,79476819261.0,5084540209,2029820552,1519370542,269424,49897037,58644806,38107507421.0,2756779025,4699713365,547457965,6.2898,B,H:\valgrind\dis_deblock_en_sao\callgrind_superfast_qp37_WorldCup_1920x1080_30p_1920x1080_30fps_130f.out,37
840,superfast,37,WorldCup_far_2k,755000000000.0,205000000000.0,96706982044.0,6157922571,2288588919,1618802407,288215,51638665,58001572,47008038294.0,3949304986,5354552758,584712734,6.313,B,H:\valgrind\dis_deblock_en_sao\callgrind_superfast_qp37_WorldCup_far_1920x1080_30p_1920x1080_30fps_130f.out,37
841,veryfast,22,Aerial3200_2k,1340000000000.0,343000000000.0,160000000000.0,7549373746,2141377023,1740753824,287748,55475625,63524829,90566614169.0,9189878809,7738573000,660679989,7.1671,B,H:\valgrind\dis_deblock_en_sao\callgrind_veryfast_qp22_Aerial3200_1920x1080_5994_8bit_420_1920x1080_60fps_130f.out,22
842,veryfast,22,Boat_2k,1350000000000.0,339000000000.0,155000000000.0,7278301328,2095909854,1720945584,297662,54632088,64801583,92975972491.0,9431588880,7528073234,640764277,7.1358,B,H:\valgrind\dis_deblock_en_sao\callgrind_veryfast_qp22_Boat_1920x1080_5994_8bit_420_1920x1080_60fps_130f.out,22
843,veryfast,22,BoxingPractice_4k,4180000000000.0,1110000000000.0,520000000000.0,27907186949,8217433064,6822117059,2174565,303812088,341119063,272000000000.0,24732373606,26450448997,2551998373,13.6248,B,H:\valgrind\dis_deblock_en_sao\callgrind_veryfast_qp22_BoxingPractice_3840x2160_5994fps_8bit_420_3840x2160_60fps_130f.out,22
844,veryfast,22,Crosswalk_4k,4160000000000.0,1110000000000.0,523000000000.0,27909108217,8443649853,6903042753,2176545,306163742,337251157,270000000000.0,23314705193,26697643262,2617005987,13.055,B,H:\valgrind\dis_deblock_en_sao\callgrind_veryfast_qp22_Crosswalk_3840x2160_5994fps_8bit_420_3840x2160_60fps_130f.out,22
845,veryfast,22,CrowdRun_1080p50,1590000000000.0,393000000000.0,178000000000.0,7627395227,2173150024,1752717352,310064,56191168,65897009,112000000000.0,11485683760,8310853185,661672014,7.2255,B,H:\valgrind\dis_deblock_en_sao\callgrind_veryfast_qp22_CrowdRun_1920x1080p50_1920x1080_50fps_130f.out,22
846,veryfast,22,DinnerSceneCropped_2k,1390000000000.0,357000000000.0,165000000000.0,7518753676,2155979037,1744824426,296518,54977553,62527162,95363287735.0,9553145097,7837020362,670566546,6.3792,B,H:\valgrind\dis_deblock_en_sao\callgrind_veryfast_qp22_DinnerSceneCropped_1920x1080_2997fps_8bit_420_1920x1080_30fps_130f.out,22
847,veryfast,22,FoodMarket2_4k,1750000000000.0,466000000000.0,221000000000.0,12317177811,3548880471,2951170345,929316,121261344,119198010,112000000000.0,10148345196,11349741506,1103926065,13.9507,B,H:\valgrind\dis_deblock_en_sao\callgrind_veryfast_qp22_FoodMarket2_3840x2160_5994fps_8bit_420_3840x2160_60fps_130f.out,22
848,veryfast,22,FoodMarket_2k,1310000000000.0,339000000000.0,157000000000.0,7405970987,2119140935,1730855513,293073,58331140,69423219,88632338369.0,8755150412,7582332370,660390924,6.8418,B,H:\valgrind\dis_deblock_en_sao\callgrind_veryfast_qp22_FoodMarket_1920x1080_5994_8bit_420_1920x1080_60fps_130f.out,22
849,veryfast,22,MeridianTalk_sdr_2k,1050000000000.0,279000000000.0,131000000000.0,6801917735,2049636684,1696668659,288464,53390259,61681663,69609672291.0,6095926021,6645915426,647368543,6.3813,B,H:\valgrind\dis_deblock_en_sao\callgrind_veryfast_qp22_MeridianTalk_sdr_1920x1080p_5994_8bit_1920x1080_60fps_130f.out,22
850,veryfast,22,Motorcycle_2k,1210000000000.0,306000000000.0,142000000000.0,7156678882,2032834764,1701354274,307635,57497703,69407564,81956771775.0,7918471382,7008265833,633978275,7.0665,B,H:\valgrind\dis_deblock_en_sao\callgrind_veryfast_qp22_Motorcycle_1920x1080_30fps_8bit_1920x1080_30fps_130f.out,22
851,veryfast,22,MountainBike_2k,1240000000000.0,316000000000.0,146000000000.0,7241594465,2052055292,1712803367,301651,53870552,62661324,84454863654.0,8308119938,7172299122,637363510,7.0957,B,H:\valgrind\dis_deblock_en_sao\callgrind_veryfast_qp22_MountainBike_1920x1080_30fps_8bit_1920x1080_30fps_130f.out,22
852,veryfast,22,Neon1224_4k,3420000000000.0,906000000000.0,404000000000.0,36475884190,5694650879,5154746751,1837003,200585099,183231701,184000000000.0,15425655880,19087685644,1992797386,13.4567,B,H:\valgrind\dis_deblock_en_sao\callgrind_veryfast_qp22_Neon1224_3840x2160_2997fps_3840x2160_30fps_130f.out,22
853,veryfast,22,NocturneDance_4k,3070000000000.0,820000000000.0,389000000000.0,22853128727,6527085065,5539461766,1576460,211002380,192201267,196000000000.0,17590516278,20354019664,2066882582,13.3742,B,H:\valgrind\dis_deblock_en_sao\callgrind_veryfast_qp22_NocturneDance_3840x2160p_8bit_60fps_3840x2160_60fps_130f.out,22
854,veryfast,22,OldTownCross_1080p50,1600000000000.0,401000000000.0,181000000000.0,7681061765,2173914709,1750394722,315434,56552471,65606250,114000000000.0,11730764966,8374349417,664249597,7.1316,B,H:\valgrind\dis_deblock_en_sao\callgrind_veryfast_qp22_OldTownCross_1920x1080p50_1920x1080_50fps_130f.out,22
855,veryfast,22,PedestrianArea_1080p25,1080000000000.0,285000000000.0,134000000000.0,6985498937,2043374505,1695675855,307828,56416474,68624581,70883634218.0,6603585651,6730727401,636922898,6.3747,B,H:\valgrind\dis_deblock_en_sao\callgrind_veryfast_qp22_PedestrianArea_1920x1080p25_1920x1080_25fps_130f.out,22
856,veryfast,22,PierSeaSide_4k,3920000000000.0,1040000000000.0,491000000000.0,26473415097,7840243881,6663655768,2308431,303209073,335174405,256000000000.0,22618549729,25452007626,2538769141,13.2578,B,H:\valgrind\dis_deblock_en_sao\callgrind_veryfast_qp22_PierSeaSide_3840x2160_2997fps_8bit_420_3840x2160_30fps_130f.out,22
857,veryfast,22,RitualDance_2k,834000000000.0,224000000000.0,105000000000.0,6121608783,1829678062,1612195287,298237,51584937,62476273,53698986286.0,4531136908,5709294467,603547182,6.3007,B,H:\valgrind\dis_deblock_en_sao\callgrind_veryfast_qp22_RitualDance_1920x1080_5994_8bit_420_1920x1080_60fps_130f.out,22
858,veryfast,22,Riverbed_1080p25,1520000000000.0,386000000000.0,168000000000.0,13484063861,1968937623,1687502983,322036,55131897,61203926,82963821841.0,8011044425,7375582978,652225268,6.4294,B,H:\valgrind\dis_deblock_en_sao\callgrind_veryfast_qp22_Riverbed_1920x1080p25_1920x1080_25fps_130f.out,22
859,veryfast,22,RushFieldCuts_2k,1240000000000.0,318000000000.0,149000000000.0,7313897870,2060132201,1706609309,291312,54666615,64468380,82982716327.0,8139974078,7329777645,654512168,7.0231,B,H:\valgrind\dis_deblock_en_sao\callgrind_veryfast_qp22_RushFieldCuts_1920x1080_2997_1920x1080_30fps_130f.out,22
860,veryfast,22,Skater227_2k,763000000000.0,209000000000.0,98704904241.0,5957108463,1841858013,1618965920,287942,52613185,61770742,48241373038.0,3564394732,5508965644,615073573,6.3206,B,H:\valgrind\dis_deblock_en_sao\callgrind_veryfast_qp22_Skater227_1920x1080_30fps_1920x1080_30fps_130f.out,22
861,veryfast,22,Tango_4k,4770000000000.0,1250000000000.0,583000000000.0,28647777913,8535911674,6971060863,2156177,308715349,346944745,317000000000.0,29204110060,28649836734,2628486396,14.0446,B,H:\valgrind\dis_deblock_en_sao\callgrind_veryfast_qp22_Tango_3840x2160_5994fps_8bit_420_3840x2160_60fps_130f.out,22
862,veryfast,22,TimeLapse_4k,4000000000000.0,1060000000000.0,497000000000.0,26878621471,7932155345,6721661766,2230518,299689485,337617426,261000000000.0,23692145209,25575735117,2518983993,8.4907,B,H:\valgrind\dis_deblock_en_sao\callgrind_veryfast_qp22_TimeLapse_3840x2160_5994fps_8bit_420_3840x2160_60fps_130f.out,22
863,veryfast,22,ToddlerFountain_2k,1630000000000.0,406000000000.0,176000000000.0,13354493494,1938871408,1678367397,319024,54737042,62266124,93902194602.0,9373509662,7579396587,654354225,7.1011,B,H:\valgrind\dis_deblock_en_sao\callgrind_veryfast_qp22_ToddlerFountain_1920x1080_2997fps_8bit_420_1920x1080_30fps_130f.out,22
864,veryfast,22,TreesAndGrass_2k,1490000000000.0,366000000000.0,166000000000.0,7370811776,2156864637,1736260697,345635,58513754,81859474,105000000000.0,10274967473,7932359776,655624309,7.2048,B,H:\valgrind\dis_deblock_en_sao\callgrind_veryfast_qp22_TreesAndGrass_1920_1080_30fps_8bit_1920x1080_30fps_130f.out,22
865,veryfast,22,TunnelFlag_2k,1130000000000.0,293000000000.0,137000000000.0,7161203478,2015046930,1685732795,308834,54580539,63324179,74946891674.0,7270615923,6855463053,632323930,6.8743,B,H:\valgrind\dis_deblock_en_sao\callgrind_veryfast_qp22_TunnelFlag_1920x1080_5994_8bit_420_1920x1080_60fps_130f.out,22
866,veryfast,22,Vertical_bees_2k,1120000000000.0,293000000000.0,130000000000.0,11889666886,1800785968,1612586807,291159,52086672,60868199,59913675376.0,5252057152,6090459602,619981391,6.4007,B,H:\valgrind\dis_deblock_en_sao\callgrind_veryfast_qp22_Vertical_bees_1080x1920_2997_1080x1920_30fps_130f.out,22
867,veryfast,22,Vertical_Carnaby_2k,806000000000.0,218000000000.0,103000000000.0,6392089618,1880544099,1630144392,291666,51164945,63176581,50511818928.0,4215897783,5596894574,603718558,6.3932,B,H:\valgrind\dis_deblock_en_sao\callgrind_veryfast_qp22_Vertical_Carnaby_1080x1920_5994_1080x1920_60fps_130f.out,22
868,veryfast,22,WalkingInStreet_2k,1420000000000.0,346000000000.0,155000000000.0,7398056630,1898446234,1652105660,395361,56798227,67936350,101000000000.0,10178876346,7342714353,598634412,7.2554,B,H:\valgrind\dis_deblock_en_sao\callgrind_veryfast_qp22_WalkingInStreet_1920x1080_30fps_1920x1080_30fps_130f.out,22
869,veryfast,22,WorldCup_2k,810000000000.0,218000000000.0,103000000000.0,6281143676,1842213322,1619393205,296434,54294304,68434263,51357972272.0,4326156819,5572569026,600400334,6.3279,B,H:\valgrind\dis_deblock_en_sao\callgrind_veryfast_qp22_WorldCup_1920x1080_30p_1920x1080_30fps_130f.out,22
870,veryfast,22,WorldCup_far_2k,1090000000000.0,282000000000.0,132000000000.0,7137670908,1990377768,1678295745,298446,54641396,63219101,71868303670.0,7098088302,6637965098,623851928,7.0555,B,H:\valgrind\dis_deblock_en_sao\callgrind_veryfast_qp22_WorldCup_far_1920x1080_30p_1920x1080_30fps_130f.out,22
871,veryfast,27,Aerial3200_2k,1110000000000.0,293000000000.0,138000000000.0,7220258736,2112825094,1725184157,289269,54597340,62711758,72879312617.0,6844784218,6993622216,654700169,6.3714,B,H:\valgrind\dis_deblock_en_sao\callgrind_veryfast_qp27_Aerial3200_1920x1080_5994_8bit_420_1920x1080_60fps_130f.out,27
872,veryfast,27,Boat_2k,1180000000000.0,305000000000.0,142000000000.0,7071735883,2063019720,1709718044,298456,53367138,63153075,79295338696.0,7797525282,7061036022,638467506,6.8668,B,H:\valgrind\dis_deblock_en_sao\callgrind_veryfast_qp27_Boat_1920x1080_5994_8bit_420_1920x1080_60fps_130f.out,27
873,veryfast,27,BoxingPractice_4k,3370000000000.0,914000000000.0,433000000000.0,25331003484,7682153796,6608666562,2218297,293242544,327429584,215000000000.0,17170235329,23413542733,2500630439,13.0487,B,H:\valgrind\dis_deblock_en_sao\callgrind_veryfast_qp27_BoxingPractice_3840x2160_5994fps_8bit_420_3840x2160_60fps_130f.out,27
874,veryfast,27,Crosswalk_4k,3070000000000.0,841000000000.0,399000000000.0,23021026154,7404906084,6259805917,1859614,238926715,217300108,198000000000.0,14322158398,21996365931,2411861247,12.9287,B,H:\valgrind\dis_deblock_en_sao\callgrind_veryfast_qp27_Crosswalk_3840x2160_5994fps_8bit_420_3840x2160_60fps_130f.out,27
875,veryfast,27,CrowdRun_1080p50,1330000000000.0,339000000000.0,157000000000.0,7346216715,2157828571,1746024465,291408,55232018,64055147,91285413800.0,9077668440,7602950018,658776419,7.0286,B,H:\valgrind\dis_deblock_en_sao\callgrind_veryfast_qp27_CrowdRun_1920x1080p50_1920x1080_50fps_130f.out,27
876,veryfast,27,DinnerSceneCropped_2k,1040000000000.0,278000000000.0,131000000000.0,6975740524,2125104218,1722584332,288605,54940290,62135548,67848338764.0,5844632781,6689667628,659612261,6.3581,B,H:\valgrind\dis_deblock_en_sao\callgrind_veryfast_qp27_DinnerSceneCropped_1920x1080_2997fps_8bit_420_1920x1080_30fps_130f.out,27
877,veryfast,27,FoodMarket2_4k,3490000000000.0,942000000000.0,449000000000.0,26469964114,7778465162,6555800096,2015444,268036502,254027874,221000000000.0,18662117297,23819052786,2463654994,13.2135,B,H:\valgrind\dis_deblock_en_sao\callgrind_veryfast_qp27_FoodMarket2_3840x2160_5994fps_8bit_420_3840x2160_60fps_130f.out,27
878,veryfast,27,FoodMarket_2k,1010000000000.0,269000000000.0,127000000000.0,6885468666,2079552765,1708737707,287667,54066968,62668403,65631884617.0,5736139526,6580296371,648708534,6.3553,B,H:\valgrind\dis_deblock_en_sao\callgrind_veryfast_qp27_FoodMarket_1920x1080_5994_8bit_420_1920x1080_60fps_130f.out,27
879,veryfast,27,MeridianTalk_sdr_2k,814000000000.0,222000000000.0,105000000000.0,6008023719,1902697595,1641056085,293586,51640143,61530926,52439158329.0,3952799425,5747872826,625364224,6.3492,B,H:\valgrind\dis_deblock_en_sao\callgrind_veryfast_qp27_MeridianTalk_sdr_1920x1080p_5994_8bit_1920x1080_60fps_130f.out,27
880,veryfast,27,Motorcycle_2k,1310000000000.0,332000000000.0,145000000000.0,12286549625,1790247730,1619460239,308404,52695303,60431090,72975914989.0,6808074635,6543948496,624878166,7.0063,B,H:\valgrind\dis_deblock_en_sao\callgrind_veryfast_qp27_Motorcycle_1920x1080_30fps_8bit_1920x1080_30fps_130f.out,27
881,veryfast,27,MountainBike_2k,1110000000000.0,286000000000.0,133000000000.0,6989904022,2042996885,1704863392,290681,54070587,64627069,73833632341.0,7053995802,6714671590,631413045,7.0351,B,H:\valgrind\dis_deblock_en_sao\callgrind_veryfast_qp27_MountainBike_1920x1080_30fps_8bit_1920x1080_30fps_130f.out,27
882,veryfast,27,Neon1224_4k,3390000000000.0,909000000000.0,405000000000.0,37289629289,5953089755,5599868063,2019119,220998539,202062824,179000000000.0,14114266627,19703607433,2160581992,12.9711,B,H:\valgrind\dis_deblock_en_sao\callgrind_veryfast_qp27_Neon1224_3840x2160_2997fps_3840x2160_30fps_130f.out,27
883,veryfast,27,NocturneDance_4k,3050000000000.0,823000000000.0,390000000000.0,24078602319,7193434647,6191653892,1826763,236522654,217867480,191000000000.0,15743913494,21162878753,2288263659,13.2943,B,H:\valgrind\dis_deblock_en_sao\callgrind_veryfast_qp27_NocturneDance_3840x2160p_8bit_60fps_3840x2160_60fps_130f.out,27
884,veryfast,27,OldTownCross_1080p50,1540000000000.0,391000000000.0,170000000000.0,13281917264,1909662404,1671816148,307967,54596231,61067862,85316132581.0,8016033466,7366962899,660612257,7.1214,B,H:\valgrind\dis_deblock_en_sao\callgrind_veryfast_qp27_OldTownCross_1920x1080p50_1920x1080_50fps_130f.out,27
885,veryfast,27,PedestrianArea_1080p25,853000000000.0,230000000000.0,109000000000.0,6426798189,1944229562,1656419514,297010,52121324,62021782,54291980629.0,4477252189,5866692707,620697118,6.3449,B,H:\valgrind\dis_deblock_en_sao\callgrind_veryfast_qp27_PedestrianArea_1920x1080p25_1920x1080_25fps_130f.out,27
886,veryfast,27,PierSeaSide_4k,3260000000000.0,883000000000.0,417000000000.0,23537311094,7216013606,6465071588,2054529,265403475,257990129,208000000000.0,16578304202,22749408749,2448619143,13.27,B,H:\valgrind\dis_deblock_en_sao\callgrind_veryfast_qp27_PierSeaSide_3840x2160_2997fps_8bit_420_3840x2160_30fps_130f.out,27
887,veryfast,27,RitualDance_2k,899000000000.0,241000000000.0,107000000000.0,9558807255,1593461745,1534602155,303347,49879754,59904238,47951934666.0,3736744523,5309563285,587941306,6.3314,B,H:\valgrind\dis_deblock_en_sao\callgrind_veryfast_qp27_RitualDance_1920x1080_5994_8bit_420_1920x1080_60fps_130f.out,27
888,veryfast,27,Riverbed_1080p25,1010000000000.0,270000000000.0,128000000000.0,7147434265,2081115696,1714200915,307856,55707424,63064590,64488721894.0,5741526835,6641413897,649002699,6.4041,B,H:\valgrind\dis_deblock_en_sao\callgrind_veryfast_qp27_Riverbed_1920x1080p25_1920x1080_25fps_130f.out,27
889,veryfast,27,RushFieldCuts_2k,1090000000000.0,285000000000.0,134000000000.0,7083873033,2051459663,1702023527,287431,53162060,62750462,71399863352.0,6717740349,6781575460,643197843,7.0206,B,H:\valgrind\dis_deblock_en_sao\callgrind_veryfast_qp27_RushFieldCuts_1920x1080_2997_1920x1080_30fps_130f.out,27
890,veryfast,27,Skater227_2k,699000000000.0,192000000000.0,90297688010.0,5448688966,1761683319,1591176889,295452,54086607,66749505,43784153378.0,3027764536,5183410628,596468894,6.3504,B,H:\valgrind\dis_deblock_en_sao\callgrind_veryfast_qp27_Skater227_1920x1080_30fps_1920x1080_30fps_130f.out,27
891,veryfast,27,Tango_4k,3600000000000.0,976000000000.0,464000000000.0,26096084820,8066250532,6731188291,2195620,297042770,327660450,232000000000.0,18222257952,24771630073,2594897088,13.3681,B,H:\valgrind\dis_deblock_en_sao\callgrind_veryfast_qp27_Tango_3840x2160_5994fps_8bit_420_3840x2160_60fps_130f.out,27
892,veryfast,27,TimeLapse_4k,3390000000000.0,915000000000.0,432000000000.0,25144090432,7573349979,6557498463,2241481,291000411,324748825,216000000000.0,17860109327,23285843230,2459152608,13.0925,B,H:\valgrind\dis_deblock_en_sao\callgrind_veryfast_qp27_TimeLapse_3840x2160_5994fps_8bit_420_3840x2160_60fps_130f.out,27
893,veryfast,27,ToddlerFountain_2k,1130000000000.0,295000000000.0,137000000000.0,6957472396,2063167657,1708225428,310214,55848998,68698106,76036991271.0,7226585752,6893239402,641942366,7.0285,B,H:\valgrind\dis_deblock_en_sao\callgrind_veryfast_qp27_ToddlerFountain_1920x1080_2997fps_8bit_420_1920x1080_30fps_130f.out,27
894,veryfast,27,TreesAndGrass_2k,1330000000000.0,335000000000.0,153000000000.0,7175711282,2081901405,1705718594,330261,57654874,80051046,92288263024.0,9082553037,7507173411,651895845,7.1124,B,H:\valgrind\dis_deblock_en_sao\callgrind_veryfast_qp27_TreesAndGrass_1920_1080_30fps_8bit_1920x1080_30fps_130f.out,27
895,veryfast,27,TunnelFlag_2k,952000000000.0,253000000000.0,119000000000.0,6800637294,1991140490,1671222386,304889,52209421,61222384,61668145804.0,5578560016,6203214179,621508847,6.3523,B,H:\valgrind\dis_deblock_en_sao\callgrind_veryfast_qp27_TunnelFlag_1920x1080_5994_8bit_420_1920x1080_60fps_130f.out,27
896,veryfast,27,Vertical_bees_2k,825000000000.0,222000000000.0,105000000000.0,6383567219,1898452812,1637221296,295931,51371390,62708011,52141153854.0,4358684160,5705112050,610158038,6.3751,B,H:\valgrind\dis_deblock_en_sao\callgrind_veryfast_qp27_Vertical_bees_1080x1920_2997_1080x1920_30fps_130f.out,27
897,veryfast,27,Vertical_Carnaby_2k,729000000000.0,199000000000.0,93766860732.0,5957001488,1821870816,1605682362,296031,50837464,62808328,45235209825.0,3495750256,5263804611,591278678,6.4061,B,H:\valgrind\dis_deblock_en_sao\callgrind_veryfast_qp27_Vertical_Carnaby_1080x1920_5994_1080x1920_60fps_130f.out,27
898,veryfast,27,WalkingInStreet_2k,1290000000000.0,323000000000.0,147000000000.0,7364839320,1927015178,1658109717,387350,55634732,65619533,89584038278.0,9097672897,7061470416,598339700,7.2329,B,H:\valgrind\dis_deblock_en_sao\callgrind_veryfast_qp27_WalkingInStreet_1920x1080_30fps_1920x1080_30fps_130f.out,27
899,veryfast,27,WorldCup_2k,728000000000.0,198000000000.0,92878626625.0,5824607864,1787816231,1598842420,286779,50440650,61449242,45702368129.0,3563100495,5223832238,586784026,6.3472,B,H:\valgrind\dis_deblock_en_sao\callgrind_veryfast_qp27_WorldCup_1920x1080_30p_1920x1080_30fps_130f.out,27
900,veryfast,27,WorldCup_far_2k,959000000000.0,254000000000.0,119000000000.0,6866353123,1960573127,1665317365,292366,53302066,62901927,62103936273.0,5826513851,6201767946,618427111,7.0531,B,H:\valgrind\dis_deblock_en_sao\callgrind_veryfast_qp27_WorldCup_far_1920x1080_30p_1920x1080_30fps_130f.out,27
901,veryfast,32,Aerial3200_2k,932000000000.0,250000000000.0,119000000000.0,6770673331,1974418278,1676089429,286721,53705243,62465569,59718397760.0,5061391697,6272646815,638856683,6.3725,B,H:\valgrind\dis_deblock_en_sao\callgrind_veryfast_qp32_Aerial3200_1920x1080_5994_8bit_420_1920x1080_60fps_130f.out,32
902,veryfast,32,Boat_2k,1030000000000.0,270000000000.0,127000000000.0,6797819899,1986149727,1679526870,293679,52849758,63005427,67173097396.0,6187796354,6540587853,630447966,6.3672,B,H:\valgrind\dis_deblock_en_sao\callgrind_veryfast_qp32_Boat_1920x1080_5994_8bit_420_1920x1080_60fps_130f.out,32
903,veryfast,32,BoxingPractice_4k,2890000000000.0,792000000000.0,373000000000.0,22331936186,6949791284,6359192398,2197639,278940656,314731363,182000000000.0,13169572948,21121466247,2396620976,13.0006,B,H:\valgrind\dis_deblock_en_sao\callgrind_veryfast_qp32_BoxingPractice_3840x2160_5994fps_8bit_420_3840x2160_60fps_130f.out,32
904,veryfast,32,Crosswalk_4k,2860000000000.0,787000000000.0,371000000000.0,21327172876,6943580095,6331043730,2131316,248988685,228449809,182000000000.0,12223006443,21251886942,2435562967,12.9114,B,H:\valgrind\dis_deblock_en_sao\callgrind_veryfast_qp32_Crosswalk_3840x2160_5994fps_8bit_420_3840x2160_60fps_130f.out,32
905,veryfast,32,CrowdRun_1080p50,1110000000000.0,290000000000.0,136000000000.0,6891205766,2011704011,1690644184,292311,53598261,62434268,73856132338.0,6930661965,6856007971,646387723,7.072,B,H:\valgrind\dis_deblock_en_sao\callgrind_veryfast_qp32_CrowdRun_1920x1080p50_1920x1080_50fps_130f.out,32
906,veryfast,32,DinnerSceneCropped_2k,778000000000.0,213000000000.0,101000000000.0,5734911876,1831692869,1614847447,321937,51542762,60344314,50570707147.0,3554923688,5658751412,631002975,6.2705,B,H:\valgrind\dis_deblock_en_sao\callgrind_veryfast_qp32_DinnerSceneCropped_1920x1080_2997fps_8bit_420_1920x1080_30fps_130f.out,32
907,veryfast,32,FoodMarket2_4k,1710000000000.0,468000000000.0,222000000000.0,13960968227,4284579323,3674816502,1141315,153630625,150826362,107000000000.0,8128001160,12323759212,1368369055,13.2082,B,H:\valgrind\dis_deblock_en_sao\callgrind_veryfast_qp32_FoodMarket2_3840x2160_5994fps_8bit_420_3840x2160_60fps_130f.out,32
908,veryfast,32,FoodMarket_2k,831000000000.0,226000000000.0,107000000000.0,6218742660,1886303795,1640247707,296895,52206660,61871609,53145236016.0,4128467866,5839530250,626836027,6.3658,B,H:\valgrind\dis_deblock_en_sao\callgrind_veryfast_qp32_FoodMarket_1920x1080_5994_8bit_420_1920x1080_60fps_130f.out,32
909,veryfast,32,MeridianTalk_sdr_2k,707000000000.0,194000000000.0,91301718867.0,5376351192,1723284373,1578008456,297819,50263476,61103873,44778479001.0,3102054280,5224281234,599118168,6.3348,B,H:\valgrind\dis_deblock_en_sao\callgrind_veryfast_qp32_MeridianTalk_sdr_1920x1080p_5994_8bit_1920x1080_60fps_130f.out,32
910,veryfast,32,Motorcycle_2k,950000000000.0,250000000000.0,116000000000.0,6476128386,1894439338,1648735897,292670,52342990,63382121,62406908776.0,5668267738,6075172329,612359777,7.0665,B,H:\valgrind\dis_deblock_en_sao\callgrind_veryfast_qp32_Motorcycle_1920x1080_30fps_8bit_1920x1080_30fps_130f.out,32
911,veryfast,32,MountainBike_2k,975000000000.0,257000000000.0,120000000000.0,6683423792,1954637208,1671387587,289293,51936919,62107826,63837779338.0,5795419092,6233090889,620580064,6.9826,B,H:\valgrind\dis_deblock_en_sao\callgrind_veryfast_qp32_MountainBike_1920x1080_30fps_8bit_1920x1080_30fps_130f.out,32
912,veryfast,32,Neon1224_4k,3330000000000.0,901000000000.0,401000000000.0,35769817777,6435985797,6121439929,2256203,238133015,220917261,175000000000.0,12848431190,20070876306,2287244138,12.957,B,H:\valgrind\dis_deblock_en_sao\callgrind_veryfast_qp32_Neon1224_3840x2160_2997fps_3840x2160_30fps_130f.out,32
913,veryfast,32,NocturneDance_4k,2880000000000.0,784000000000.0,369000000000.0,23495058431,7191483650,6442761936,1938172,248443293,231456459,178000000000.0,13448167895,20759261845,2360564586,13.2215,B,H:\valgrind\dis_deblock_en_sao\callgrind_veryfast_qp32_NocturneDance_3840x2160p_8bit_60fps_3840x2160_60fps_130f.out,32
914,veryfast,32,OldTownCross_1080p50,932000000000.0,250000000000.0,118000000000.0,6259159364,1922390980,1656216337,301920,51868241,61693279,61240406476.0,5031347095,6220588492,636907456,6.3166,B,H:\valgrind\dis_deblock_en_sao\callgrind_veryfast_qp32_OldTownCross_1920x1080p50_1920x1080_50fps_130f.out,32
915,veryfast,32,PedestrianArea_1080p25,739000000000.0,202000000000.0,95146576797.0,5862033785,1787020683,1601707150,295811,51022841,61256517,46453174757.0,3479450105,5346733259,601209314,6.359,B,H:\valgrind\dis_deblock_en_sao\callgrind_veryfast_qp32_PedestrianArea_1920x1080p25_1920x1080_25fps_130f.out,32
916,veryfast,32,PierSeaSide_4k,2860000000000.0,781000000000.0,367000000000.0,21742954626,6782904104,6316556838,1979147,241256920,230477675,180000000000.0,13231828224,20802075834,2352357445,13.3017,B,H:\valgrind\dis_deblock_en_sao\callgrind_veryfast_qp32_PierSeaSide_3840x2160_2997fps_8bit_420_3840x2160_30fps_130f.out,32
917,veryfast,32,RitualDance_2k,679000000000.0,186000000000.0,86945379788.0,5336631685,1652768938,1549105258,318606,51720153,67271798,42617267344.0,3121749636,5006737157,574410552,6.3146,B,H:\valgrind\dis_deblock_en_sao\callgrind_veryfast_qp32_RitualDance_1920x1080_5994_8bit_420_1920x1080_60fps_130f.out,32
918,veryfast,32,Riverbed_1080p25,865000000000.0,235000000000.0,112000000000.0,6711499764,1956209402,1670161507,305801,54537289,62452760,54582517206.0,4391650681,6040161900,635164343,6.3958,B,H:\valgrind\dis_deblock_en_sao\callgrind_veryfast_qp32_Riverbed_1920x1080p25_1920x1080_25fps_130f.out,32
919,veryfast,32,RushFieldCuts_2k,934000000000.0,249000000000.0,117000000000.0,6688060362,1945792189,1665902394,298232,52501440,62442918,60057975040.0,5295097255,6165048736,626636471,7.0422,B,H:\valgrind\dis_deblock_en_sao\callgrind_veryfast_qp32_RushFieldCuts_1920x1080_2997_1920x1080_30fps_130f.out,32
920,veryfast,32,Skater227_2k,782000000000.0,214000000000.0,94768205884.0,8001771073,1582791031,1537395340,304806,51238828,59888758,40748109808.0,2718555814,4866927348,572994482,6.3241,B,H:\valgrind\dis_deblock_en_sao\callgrind_veryfast_qp32_Skater227_1920x1080_30fps_1920x1080_30fps_130f.out,32
921,veryfast,32,Tango_4k,2700000000000.0,743000000000.0,352000000000.0,20363672084,6461793730,5781893495,2233683,258242638,290099619,173000000000.0,12078783654,19860709878,2236388607,13.2135,B,H:\valgrind\dis_deblock_en_sao\callgrind_veryfast_qp32_Tango_3840x2160_5994fps_8bit_420_3840x2160_60fps_130f.out,32
922,veryfast,32,TimeLapse_4k,2980000000000.0,812000000000.0,382000000000.0,23478886797,7138195665,6413719317,2014323,249818357,232599946,187000000000.0,14230628656,21408018876,2383310887,13.1057,B,H:\valgrind\dis_deblock_en_sao\callgrind_veryfast_qp32_TimeLapse_3840x2160_5994fps_8bit_420_3840x2160_60fps_130f.out,32
923,veryfast,32,ToddlerFountain_2k,960000000000.0,255000000000.0,120000000000.0,6559158896,1929716588,1664259632,293182,51273130,61831986,62576631645.0,5456174920,6247021736,625238377,6.6525,B,H:\valgrind\dis_deblock_en_sao\callgrind_veryfast_qp32_ToddlerFountain_1920x1080_2997fps_8bit_420_1920x1080_30fps_130f.out,32
924,veryfast,32,TreesAndGrass_2k,1180000000000.0,303000000000.0,140000000000.0,6934690705,2050736285,1703228154,329712,56280549,78080475,80089320534.0,7696797279,7040719245,643963710,7.0828,B,H:\valgrind\dis_deblock_en_sao\callgrind_veryfast_qp32_TreesAndGrass_1920_1080_30fps_8bit_1920x1080_30fps_130f.out,32
925,veryfast,32,TunnelFlag_2k,817000000000.0,220000000000.0,104000000000.0,6216240667,1852415422,1621564104,283270,51706981,62399929,52038503559.0,4312893318,5630658669,605319034,6.3698,B,H:\valgrind\dis_deblock_en_sao\callgrind_veryfast_qp32_TunnelFlag_1920x1080_5994_8bit_420_1920x1080_60fps_130f.out,32
926,veryfast,32,Vertical_bees_2k,749000000000.0,204000000000.0,95830882501.0,5994677099,1802509539,1605679722,286335,52933477,67727277,46918569310.0,3677117025,5352793185,595100404,6.3654,B,H:\valgrind\dis_deblock_en_sao\callgrind_veryfast_qp32_Vertical_bees_1080x1920_2997_1080x1920_30fps_130f.out,32
927,veryfast,32,Vertical_Carnaby_2k,669000000000.0,183000000000.0,86013094741.0,5500431919,1709701033,1566183149,302120,54019457,68671733,41347042849.0,2993201543,4973928476,574836179,6.4079,B,H:\valgrind\dis_deblock_en_sao\callgrind_veryfast_qp32_Vertical_Carnaby_1080x1920_5994_1080x1920_60fps_130f.out,32
928,veryfast,32,WalkingInStreet_2k,1130000000000.0,289000000000.0,134000000000.0,7250459692,1877769212,1642268122,367868,53853612,62515941,75499236121.0,7490825567,6608704720,598315802,7.1539,B,H:\valgrind\dis_deblock_en_sao\callgrind_veryfast_qp32_WalkingInStreet_1920x1080_30fps_1920x1080_30fps_130f.out,32
929,veryfast,32,WorldCup_2k,668000000000.0,183000000000.0,85274409468.0,5407035493,1683806157,1564477530,301694,50036590,62411244,41608436195.0,3044724182,4929625971,570748418,6.3585,B,H:\valgrind\dis_deblock_en_sao\callgrind_veryfast_qp32_WorldCup_1920x1080_30p_1920x1080_30fps_130f.out,32
930,veryfast,32,WorldCup_far_2k,850000000000.0,228000000000.0,108000000000.0,6512788133,1856255702,1628636897,295140,52122571,61598422,54085417290.0,4732602401,5771632505,608011591,6.3898,B,H:\valgrind\dis_deblock_en_sao\callgrind_veryfast_qp32_WorldCup_far_1920x1080_30p_1920x1080_30fps_130f.out,32
931,veryfast,37,Aerial3200_2k,809000000000.0,220000000000.0,104000000000.0,6277055399,1916521648,1654409192,291558,53060222,62706411,51111062295.0,3932119614,5720915684,621614652,6.3831,B,H:\valgrind\dis_deblock_en_sao\callgrind_veryfast_qp37_Aerial3200_1920x1080_5994_8bit_420_1920x1080_60fps_130f.out,37
932,veryfast,37,Boat_2k,900000000000.0,241000000000.0,114000000000.0,6508809350,1946135026,1666270238,293589,51763185,62029152,57811562637.0,4924939865,6059366051,620168881,6.3417,B,H:\valgrind\dis_deblock_en_sao\callgrind_veryfast_qp37_Boat_1920x1080_5994_8bit_420_1920x1080_60fps_130f.out,37
933,veryfast,37,BoxingPractice_4k,2660000000000.0,731000000000.0,342000000000.0,20641488805,6670760731,6262545211,2255074,271019959,308569149,166000000000.0,11327222213,19878489282,2321536907,13.0209,B,H:\valgrind\dis_deblock_en_sao\callgrind_veryfast_qp37_BoxingPractice_3840x2160_5994fps_8bit_420_3840x2160_60fps_130f.out,37
934,veryfast,37,Crosswalk_4k,2650000000000.0,731000000000.0,342000000000.0,19683530512,6640997904,6262426322,2134250,244182863,229115915,166000000000.0,10807714976,19995231373,2347560815,12.9536,B,H:\valgrind\dis_deblock_en_sao\callgrind_veryfast_qp37_Crosswalk_3840x2160_5994fps_8bit_420_3840x2160_60fps_130f.out,37
935,veryfast,37,CrowdRun_1080p50,943000000000.0,252000000000.0,119000000000.0,6499269361,1946692006,1669372302,284917,53026870,62636620,61269412628.0,5338372423,6224480289,631224970,6.3421,B,H:\valgrind\dis_deblock_en_sao\callgrind_veryfast_qp37_CrowdRun_1920x1080p50_1920x1080_50fps_130f.out,37
936,veryfast,37,DinnerSceneCropped_2k,665000000000.0,184000000000.0,85995361916.0,4771198954,1605401003,1552598932,290339,48466471,61921924,42341423376.0,2710617814,5044750045,591441544,6.3238,B,H:\valgrind\dis_deblock_en_sao\callgrind_veryfast_qp37_DinnerSceneCropped_1920x1080_2997fps_8bit_420_1920x1080_30fps_130f.out,37
937,veryfast,37,FoodMarket2_4k,1940000000000.0,532000000000.0,251000000000.0,15868821022,4990537587,4389837736,1435607,183534410,179963401,120000000000.0,8651080779,14239014374,1629544325,13.2051,B,H:\valgrind\dis_deblock_en_sao\callgrind_veryfast_qp37_FoodMarket2_3840x2160_5994fps_8bit_420_3840x2160_60fps_130f.out,37
938,veryfast,37,FoodMarket_2k,739000000000.0,202000000000.0,95400291884.0,5673893232,1794781399,1610192395,301134,51503590,62448272,46754029994.0,3356164623,5385812248,606444483,6.3796,B,H:\valgrind\dis_deblock_en_sao\callgrind_veryfast_qp37_FoodMarket_1920x1080_5994_8bit_420_1920x1080_60fps_130f.out,37
939,veryfast,37,MeridianTalk_sdr_2k,789000000000.0,216000000000.0,95733347024.0,7776486844,1520520834,1521678059,298968,49383135,59076240,41554399795.0,2774978850,4919816039,578087217,6.3354,B,H:\valgrind\dis_deblock_en_sao\callgrind_veryfast_qp37_MeridianTalk_sdr_1920x1080p_5994_8bit_1920x1080_60fps_130f.out,37
940,veryfast,37,Motorcycle_2k,846000000000.0,226000000000.0,106000000000.0,6126236513,1851057171,1633298410,286635,51009111,62800481,54487844354.0,4648907632,5676240103,599134537,6.3269,B,H:\valgrind\dis_deblock_en_sao\callgrind_veryfast_qp37_Motorcycle_1920x1080_30fps_8bit_1920x1080_30fps_130f.out,37
941,veryfast,37,MountainBike_2k,865000000000.0,231000000000.0,109000000000.0,6363760204,1899610969,1651967697,283115,51814308,63084480,55530015083.0,4715211135,5812753711,608869787,6.3469,B,H:\valgrind\dis_deblock_en_sao\callgrind_veryfast_qp37_MountainBike_1920x1080_30fps_8bit_1920x1080_30fps_130f.out,37
942,veryfast,37,Neon1224_4k,2560000000000.0,703000000000.0,328000000000.0,20380160889,6518086473,6207098224,1934004,240527440,232169443,159000000000.0,11122519744,19208518206,2246148323,13.1415,B,H:\valgrind\dis_deblock_en_sao\callgrind_veryfast_qp37_Neon1224_3840x2160_2997fps_3840x2160_30fps_130f.out,37
943,veryfast,37,NocturneDance_4k,2620000000000.0,717000000000.0,335000000000.0,21391278556,6856432477,6334752737,1969411,243078596,231951391,161000000000.0,11313947088,19438501993,2279308266,13.1773,B,H:\valgrind\dis_deblock_en_sao\callgrind_veryfast_qp37_NocturneDance_3840x2160p_8bit_60fps_3840x2160_60fps_130f.out,37
944,veryfast,37,OldTownCross_1080p50,782000000000.0,213000000000.0,100000000000.0,5677395679,1770996400,1610317010,308939,50165268,61964562,50067225310.0,3758390669,5553515968,609478910,6.3815,B,H:\valgrind\dis_deblock_en_sao\callgrind_veryfast_qp37_OldTownCross_1920x1080p50_1920x1080_50fps_130f.out,37
945,veryfast,37,PedestrianArea_1080p25,826000000000.0,225000000000.0,100000000000.0,9039688694,1586547571,1541314278,310972,50563643,59900640,43178408329.0,3034936513,5051497878,585956244,6.3598,B,H:\valgrind\dis_deblock_en_sao\callgrind_veryfast_qp37_PedestrianArea_1920x1080p25_1920x1080_25fps_130f.out,37
946,veryfast,37,PierSeaSide_4k,2600000000000.0,714000000000.0,333000000000.0,20378685545,6539282686,6265415049,1991295,237579984,231929820,162000000000.0,11272309425,19413413152,2265219348,13.1386,B,H:\valgrind\dis_deblock_en_sao\callgrind_veryfast_qp37_PierSeaSide_3840x2160_2997fps_8bit_420_3840x2160_30fps_130f.out,37
947,veryfast,37,RitualDance_2k,631000000000.0,174000000000.0,80803279053.0,5025280866,1602809479,1538002386,301337,48720112,62583254,39298136016.0,2732841629,4762008538,559878200,6.3482,B,H:\valgrind\dis_deblock_en_sao\callgrind_veryfast_qp37_RitualDance_1920x1080_5994_8bit_420_1920x1080_60fps_130f.out,37
948,veryfast,37,Riverbed_1080p25,778000000000.0,213000000000.0,101000000000.0,6275610745,1912707254,1652044030,306897,53642392,62536270,48789684664.0,3626394223,5615679135,619645838,6.362,B,H:\valgrind\dis_deblock_en_sao\callgrind_veryfast_qp37_Riverbed_1920x1080p25_1920x1080_25fps_130f.out,37
949,veryfast,37,RushFieldCuts_2k,819000000000.0,221000000000.0,104000000000.0,6230016928,1876482339,1642654083,303177,51527029,62171965,51796239322.0,4222712500,5673583088,609296124,6.3248,B,H:\valgrind\dis_deblock_en_sao\callgrind_veryfast_qp37_RushFieldCuts_1920x1080_2997_1920x1080_30fps_130f.out,37
950,veryfast,37,Skater227_2k,601000000000.0,166000000000.0,76747014675.0,4696268547,1567296831,1532307698,290358,52332109,67688079,37126662884.0,2400952827,4607866876,551539989,6.2943,B,H:\valgrind\dis_deblock_en_sao\callgrind_veryfast_qp37_Skater227_1920x1080_30fps_1920x1080_30fps_130f.out,37
951,veryfast,37,Tango_4k,2740000000000.0,754000000000.0,354000000000.0,20563019665,6750474414,6284785882,2432983,277645720,309003938,172000000000.0,11441678410,20494563254,2382256914,13.1884,B,H:\valgrind\dis_deblock_en_sao\callgrind_veryfast_qp37_Tango_3840x2160_5994fps_8bit_420_3840x2160_60fps_130f.out,37
952,veryfast,37,TimeLapse_4k,2720000000000.0,745000000000.0,349000000000.0,21881715261,6907033849,6345690159,2017467,244710233,231509603,169000000000.0,12033590794,20084605030,2316903694,13.1057,B,H:\valgrind\dis_deblock_en_sao\callgrind_veryfast_qp37_TimeLapse_3840x2160_5994fps_8bit_420_3840x2160_60fps_130f.out,37
953,veryfast,37,ToddlerFountain_2k,820000000000.0,221000000000.0,104000000000.0,6140202049,1885177325,1645827892,298581,51657075,63180353,52180738908.0,4145359203,5662912900,607486519,6.3507,B,H:\valgrind\dis_deblock_en_sao\callgrind_veryfast_qp37_ToddlerFountain_1920x1080_2997fps_8bit_420_1920x1080_30fps_130f.out,37
954,veryfast,37,TreesAndGrass_2k,1040000000000.0,273000000000.0,127000000000.0,6681648045,1995514364,1688860240,332811,54988811,76402880,68753036278.0,6249437805,6561372848,633034750,6.3948,B,H:\valgrind\dis_deblock_en_sao\callgrind_veryfast_qp37_TreesAndGrass_1920_1080_30fps_8bit_1920x1080_30fps_130f.out,37
955,veryfast,37,TunnelFlag_2k,729000000000.0,199000000000.0,93215977573.0,5707881632,1758070325,1593527899,305190,52602846,67935614,45943811318.0,3495310337,5248825971,590065750,6.3631,B,H:\valgrind\dis_deblock_en_sao\callgrind_veryfast_qp37_TunnelFlag_1920x1080_5994_8bit_420_1920x1080_60fps_130f.out,37
956,veryfast,37,Vertical_bees_2k,693000000000.0,189000000000.0,88774670718.0,5630913256,1763483322,1589631972,286828,50617637,63450240,43083512547.0,3189149248,5079637441,580877912,6.4461,B,H:\valgrind\dis_deblock_en_sao\callgrind_veryfast_qp37_Vertical_bees_1080x1920_2997_1080x1920_30fps_130f.out,37
957,veryfast,37,Vertical_Carnaby_2k,629000000000.0,173000000000.0,80606220709.0,5137617040,1656057889,1551027659,313638,49387490,62834856,38757942500.0,2680016797,4764588370,560791000,6.3596,B,H:\valgrind\dis_deblock_en_sao\callgrind_veryfast_qp37_Vertical_Carnaby_1080x1920_5994_1080x1920_60fps_130f.out,37
958,veryfast,37,WalkingInStreet_2k,978000000000.0,257000000000.0,120000000000.0,7064385410,1883733274,1637345137,373592,53873481,62931115,63749902079.0,6017212550,6138694157,595944119,6.4568,B,H:\valgrind\dis_deblock_en_sao\callgrind_veryfast_qp37_WalkingInStreet_1920x1080_30fps_1920x1080_30fps_130f.out,37
959,veryfast,37,WorldCup_2k,627000000000.0,172000000000.0,80045094199.0,5069115526,1621731056,1543529627,296586,48836152,62031895,38874100401.0,2709839156,4727611126,557925648,6.2898,B,H:\valgrind\dis_deblock_en_sao\callgrind_veryfast_qp37_WorldCup_1920x1080_30p_1920x1080_30fps_130f.out,37
960,veryfast,37,WorldCup_far_2k,936000000000.0,251000000000.0,112000000000.0,10739427827,1682308097,1578976891,316683,50497148,58925977,49094602534.0,3952029124,5419460122,596109047,6.313,B,H:\valgrind\dis_deblock_en_sao\callgrind_veryfast_qp37_WorldCup_far_1920x1080_30p_1920x1080_30fps_130f.out,37
