index,preset,qp,seq_name,Ir,Dr,Dw,I1mr,D1mr,D1mw,ILmr,DLmr,DLmw,Bc,Bcm,Bi,Bim,E_hw_slow,config,path,__qp_int,pred_linear,pred_xgb
1,fast,22,Aerial3200_2k,1350000000000,345000000000,161000000000,7552893872,2235759042,1754759822,343525,60591621,80329492,90988307784,9217561594,7749707966,661936705,7.1671,default,H:\valgrind\default\callgrind_Default_1T_fast_qp22_Aerial3200_1920x1080_5994_8bit_420_1920x1080_60fps_130f.out,22,6.877966536677095,6.941788673400879
2,fast,22,Boat_2k,1360000000000,341000000000,156000000000,7282266979,2139178047,1724380146,354830,59283474,80455290,93436516267,9460173837,7541893688,642432412,7.1358,default,H:\valgrind\default\callgrind_Default_1T_fast_qp22_Boat_1920x1080_5994_8bit_420_1920x1080_60fps_130f.out,22,7.036462234628409,7.1197590827941895
3,fast,22,BoxingPractice_4k,4200000000000,1110000000000,523000000000,27939288777,8304787898,6853285645,2372575,315816206,348473413,273000000000,24856746506,26484388851,2556365952,13.6248,default,H:\valgrind\default\callgrind_Default_1T_fast_qp22_BoxingPractice_3840x2160_5994fps_8bit_420_3840x2160_60fps_130f.out,22,13.027518969299924,12.327714920043945
4,fast,22,Crosswalk_4k,4180000000000,1110000000000,525000000000,27939920552,8571329287,6939410282,2305223,316581944,342174838,271000000000,23409646849,26722019893,2618282705,13.055,default,H:\valgrind\default\callgrind_Default_1T_fast_qp22_Crosswalk_3840x2160_5994fps_8bit_420_3840x2160_60fps_130f.out,22,13.339224582458765,13.631463050842285
5,fast,22,CrowdRun_1080p50,1590000000000,395000000000,179000000000,7630186373,2248979750,1763192148,348869,61840500,83379545,113000000000,11512707241,8325863495,663901637,7.2255,default,H:\valgrind\default\callgrind_Default_1T_fast_qp22_CrowdRun_1920x1080p50_1920x1080_50fps_130f.out,22,7.06576424978342,7.21696138381958
6,fast,22,DinnerSceneCropped_2k,1390000000000,359000000000,166000000000,7522278902,2236967798,1758617550,340634,60198918,79628431,95786703958,9580135551,7848616053,671952670,6.3792,default,H:\valgrind\default\callgrind_Default_1T_fast_qp22_DinnerSceneCropped_1920x1080_2997fps_8bit_420_1920x1080_30fps_130f.out,22,6.910203007083336,7.17000150680542
7,fast,22,FoodMarket2_4k,4330000000000,1140000000000,541000000000,28983336585,8418578949,6918945454,2314239,317455758,343045428,280000000000,26201231241,27270906402,2581802964,13.9507,default,H:\valgrind\default\callgrind_Default_1T_fast_qp22_FoodMarket2_3840x2160_5994fps_8bit_420_3840x2160_60fps_130f.out,22,13.040589735568057,14.054071426391602
8,fast,22,FoodMarket_2k,1320000000000,340000000000,158000000000,7412769755,2165782830,1743042177,319023,59879136,68643352,89018958053,8784686266,7591212318,661926713,6.8418,default,H:\valgrind\default\callgrind_Default_1T_fast_qp22_FoodMarket_1920x1080_5994_8bit_420_1920x1080_60fps_130f.out,22,6.825406204011534,6.945437908172607
9,fast,22,MeridianTalk_sdr_2k,1060000000000,281000000000,131000000000,6809055632,2078822151,1698575005,312363,57486505,68434386,70022438389,6127363006,6655668383,648410388,6.3813,default,H:\valgrind\default\callgrind_Default_1T_fast_qp22_MeridianTalk_sdr_1920x1080p_5994_8bit_1920x1080_60fps_130f.out,22,6.690834458986542,6.499969482421875
10,fast,22,Motorcycle_2k,1220000000000,309000000000,143000000000,7164525938,2045308581,1699752450,319831,56234614,64604004,82559076683,7961177067,7021314106,636286585,7.0665,default,H:\valgrind\default\callgrind_Default_1T_fast_qp22_Motorcycle_1920x1080_30fps_8bit_1920x1080_30fps_130f.out,22,6.9695146735595515,6.884782791137695
11,fast,22,MountainBike_2k,1520000000000,379000000000,165000000000,13064076138,1931344911,1667165572,325264,56246396,62613673,86382980348,8345753697,7186250878,639309386,7.0957,default,H:\valgrind\default\callgrind_Default_1T_fast_qp22_MountainBike_1920x1080_30fps_8bit_1920x1080_30fps_130f.out,22,7.454982574711262,6.968457221984863
12,fast,22,Neon1224_4k,3520000000000,944000000000,446000000000,25688665230,7706410747,6604336384,2255633,303278721,330315499,225000000000,19089270505,23724926388,2482743199,13.4567,default,H:\valgrind\default\callgrind_Default_1T_fast_qp22_Neon1224_3840x2160_2997fps_3840x2160_30fps_130f.out,22,12.503566337159546,13.227823257446289
13,fast,22,NocturneDance_4k,3750000000000,1000000000000,475000000000,27789345357,8097769716,6777240791,2243592,310655838,334695750,239000000000,21440355271,24751735273,2516855613,13.3742,default,H:\valgrind\default\callgrind_Default_1T_fast_qp22_NocturneDance_3840x2160p_8bit_60fps_3840x2160_60fps_130f.out,22,12.516925300550303,13.266156196594238
14,fast,22,OldTownCross_1080p50,1610000000000,402000000000,182000000000,7686957595,2184557085,1753354765,318579,58016576,65694427,114000000000,11757595074,8385026135,666280197,7.1316,default,H:\valgrind\default\callgrind_Default_1T_fast_qp22_OldTownCross_1920x1080p50_1920x1080_50fps_130f.out,22,7.5956370473059245,7.194976329803467
15,fast,22,PedestrianArea_1080p25,1090000000000,287000000000,134000000000,6989931922,2099302023,1703791742,340396,58512939,77954797,71330902442,6634175302,6742358531,638340826,6.3747,default,H:\valgrind\default\callgrind_Default_1T_fast_qp22_PedestrianArea_1920x1080p25_1920x1080_25fps_130f.out,22,6.6037079252023805,6.40277099609375
16,fast,22,PierSeaSide_4k,3940000000000,1050000000000,493000000000,26507480658,7925310894,6687761440,2429602,312628290,338122662,257000000000,22742994271,25485589973,2542796216,13.2578,default,H:\valgrind\default\callgrind_Default_1T_fast_qp22_PierSeaSide_3840x2160_2997fps_8bit_420_3840x2160_30fps_130f.out,22,13.899613360776163,13.331147193908691
17,fast,22,RitualDance_2k,840000000000,226000000000,106000000000,6129690419,1851494557,1614878677,328643,51527068,61490449,54136844099,4566124484,5720015676,604839678,6.3007,default,H:\valgrind\default\callgrind_Default_1T_fast_qp22_RitualDance_1920x1080_5994_8bit_420_1920x1080_60fps_130f.out,22,6.666989245312034,6.360846996307373
18,fast,22,Riverbed_1080p25,1520000000000,387000000000,169000000000,13490167935,1991842056,1691729876,330318,55971289,61085204,83273995272,8037378704,7381121127,652984866,6.4294,default,H:\valgrind\default\callgrind_Default_1T_fast_qp22_Riverbed_1920x1080p25_1920x1080_25fps_130f.out,22,7.699258195244159,6.949937343597412
19,fast,22,RushFieldCuts_2k,1250000000000,321000000000,150000000000,7316938512,2131271285,1716217338,336437,59139989,80579682,83638457871,8173673896,7348847769,655041672,7.0231,default,H:\valgrind\default\callgrind_Default_1T_fast_qp22_RushFieldCuts_1920x1080_2997_1920x1080_30fps_130f.out,22,6.706870933154024,6.7567291259765625
21,fast,22,Tango_4k,4790000000000,1250000000000,585000000000,28678332173,8611887181,6993016075,2306912,319879945,350596831,319000000000,29321008040,28680241234,2631574468,14.0446,default,H:\valgrind\default\callgrind_Default_1T_fast_qp22_Tango_3840x2160_5994fps_8bit_420_3840x2160_60fps_130f.out,22,12.748816538070274,13.696829795837402
22,fast,22,TimeLapse_4k,4020000000000,1060000000000,499000000000,26909790250,8021665661,6730130503,2322827,308781378,338280175,262000000000,23825174563,25612161781,2524545756,8.4907,default,H:\valgrind\default\callgrind_Default_1T_fast_qp22_TimeLapse_3840x2160_5994fps_8bit_420_3840x2160_60fps_130f.out,22,13.851396034388255,13.330695152282715
23,fast,22,ToddlerFountain_2k,1350000000000,343000000000,158000000000,7371706325,2181637200,1737619643,345197,59223598,80592740,93156431879,9409780075,7596301321,657635858,7.1011,default,H:\valgrind\default\callgrind_Default_1T_fast_qp22_ToddlerFountain_1920x1080_2997fps_8bit_420_1920x1080_30fps_130f.out,22,6.72735364050413,7.097120761871338
24,fast,22,TreesAndGrass_2k,1490000000000,368000000000,167000000000,7377346568,2188291921,1742229404,370947,60427895,82639266,105000000000,10308368885,7944425034,658037540,7.2048,default,H:\valgrind\default\callgrind_Default_1T_fast_qp22_TreesAndGrass_1920_1080_30fps_8bit_1920x1080_30fps_130f.out,22,7.5065709569591395,7.189788341522217
25,fast,22,TunnelFlag_2k,1130000000000,295000000000,137000000000,7165812734,2084783936,1697200490,322761,59081813,78519046,75421470509,7300405264,6868760446,633931346,6.8743,default,H:\valgrind\default\callgrind_Default_1T_fast_qp22_TunnelFlag_1920x1080_5994_8bit_420_1920x1080_60fps_130f.out,22,6.693927241584301,6.979003429412842
26,fast,22,Vertical_bees_2k,925000000000,246000000000,116000000000,6728958175,1964131704,1661855407,306714,51579021,63336097,59292777176,5280026341,6099362119,621540590,6.4007,default,H:\valgrind\default\callgrind_Default_1T_fast_qp22_Vertical_bees_1080x1920_2997_1080x1920_30fps_130f.out,22,6.669063981116279,6.90807580947876
27,fast,22,Vertical_Carnaby_2k,813000000000,220000000000,104000000000,6399882855,1909335158,1633391230,323727,49976507,62262139,50954785673,4251724631,5606698950,604664268,6.3932,default,H:\valgrind\default\callgrind_Default_1T_fast_qp22_Vertical_Carnaby_1080x1920_5994_1080x1920_60fps_130f.out,22,6.4634751666923975,6.363806247711182
28,fast,22,WalkingInStreet_2k,1070000000000,260000000000,117000000000,5539723268,1442439883,1240135616,318153,43566004,52351375,76031660088,7619612725,5498588609,449473206,7.2554,default,H:\valgrind\default\callgrind_Default_1T_fast_qp22_WalkingInStreet_1920x1080_30fps_1920x1080_30fps_130f.out,22,7.1798706941604085,7.244253158569336
29,fast,22,WorldCup_2k,399000000000,106000000000,47062714508,4424770403,710522144,640939310,135958,20896831,25466470,21155530264,1758696941,2244638051,242281851,6.3279,default,H:\valgrind\default\callgrind_Default_1T_fast_qp22_WorldCup_1920x1080_30p_1920x1080_30fps_130f.out,22,5.528843471365915,7.043673515319824
30,fast,22,WorldCup_far_2k,1100000000000,284000000000,133000000000,7145498047,2016682993,1682408326,319844,58630013,68854383,72468060254,7141175698,6651514821,626629974,7.0555,default,H:\valgrind\default\callgrind_Default_1T_fast_qp22_WorldCup_far_1920x1080_30p_1920x1080_30fps_130f.out,22,6.693213468885023,7.089697360992432
31,fast,27,Aerial3200_2k,1120000000000,295000000000,139000000000,7224872317,2115546811,1713108401,332756,59154765,77526437,73309889290,6877180114,7003688020,655680766,6.3714,default,H:\valgrind\default\callgrind_Default_1T_fast_qp27_Aerial3200_1920x1080_5994_8bit_420_1920x1080_60fps_130f.out,27,6.793790619475162,6.981391429901123
32,fast,27,Boat_2k,1190000000000,306000000000,142000000000,7076916938,2058931705,1696711627,367582,57207235,77751809,79748943845,7828504739,7074486141,639963288,6.8668,default,H:\valgrind\default\callgrind_Default_1T_fast_qp27_Boat_1920x1080_5994_8bit_420_1920x1080_60fps_130f.out,27,6.794716785271457,7.184826850891113
33,fast,27,BoxingPractice_4k,3400000000000,920000000000,435000000000,25362937735,7793227389,6628212224,2301877,302410238,329535086,217000000000,17308283481,23443532511,2503540904,13.0487,default,H:\valgrind\default\callgrind_Default_1T_fast_qp27_BoxingPractice_3840x2160_5994fps_8bit_420_3840x2160_60fps_130f.out,27,12.777289444224108,13.08371353149414
34,fast,27,Crosswalk_4k,3280000000000,899000000000,426000000000,24498730652,7845715372,6634340315,2389058,304193094,325418033,212000000000,15339800519,23403310180,2562704958,12.9287,default,H:\valgrind\default\callgrind_Default_1T_fast_qp27_Crosswalk_3840x2160_5994fps_8bit_420_3840x2160_60fps_130f.out,27,13.414334867517347,13.161595344543457
35,fast,27,CrowdRun_1080p50,1340000000000,341000000000,158000000000,7351088415,2169152471,1731334696,330592,60946369,81444407,91812759973,9110167332,7617755836,660916588,7.0286,default,H:\valgrind\default\callgrind_Default_1T_fast_qp27_CrowdRun_1920x1080p50_1920x1080_50fps_130f.out,27,6.659231005422482,7.171822547912598
36,fast,27,DinnerSceneCropped_2k,1050000000000,279000000000,132000000000,6980176579,2107634046,1706782732,330572,59994997,77910474,68168770021,5866318513,6696769929,659657906,6.3581,default,H:\valgrind\default\callgrind_Default_1T_fast_qp27_DinnerSceneCropped_1920x1080_2997fps_8bit_420_1920x1080_30fps_130f.out,27,6.446569858466779,6.2874836921691895
37,fast,27,FoodMarket2_4k,3630000000000,980000000000,466000000000,27353432647,8108259085,6744204500,2288297,308387162,330362962,230000000000,19457476086,24633629207,2544210040,13.2135,default,H:\valgrind\default\callgrind_Default_1T_fast_qp27_FoodMarket2_3840x2160_5994fps_8bit_420_3840x2160_60fps_130f.out,27,12.831261006388381,13.314287185668945
38,fast,27,FoodMarket_2k,1020000000000,271000000000,128000000000,6892941569,2108047123,1714488868,320673,58277841,68468575,66034438205,5769387389,6587972450,649536221,6.3553,default,H:\valgrind\default\callgrind_Default_1T_fast_qp27_FoodMarket_1920x1080_5994_8bit_420_1920x1080_60fps_130f.out,27,6.886504440486963,6.427633285522461
39,fast,27,MeridianTalk_sdr_2k,820000000000,223000000000,105000000000,6015725132,1933125717,1646833237,306570,52937788,62082756,52820409733,3986060098,5755920608,625996512,6.3492,default,H:\valgrind\default\callgrind_Default_1T_fast_qp27_MeridianTalk_sdr_1920x1080p_5994_8bit_1920x1080_60fps_130f.out,27,6.699723813566467,6.346269607543945
40,fast,27,Motorcycle_2k,1320000000000,335000000000,147000000000,12295164551,1820475560,1623430530,322901,55022321,61803033,73581609637,6856716591,6557426657,627246118,7.0063,default,H:\valgrind\default\callgrind_Default_1T_fast_qp27_Motorcycle_1920x1080_30fps_8bit_1920x1080_30fps_130f.out,27,6.700409714406824,6.897074222564697
41,fast,27,MountainBike_2k,1120000000000,289000000000,135000000000,6998346151,2072657835,1707336598,300691,55118371,64209744,74469230916,7102818734,6728692028,633921044,7.0351,default,H:\valgrind\default\callgrind_Default_1T_fast_qp27_MountainBike_1920x1080_30fps_8bit_1920x1080_30fps_130f.out,27,6.924440585674496,6.875107765197754
42,fast,27,Neon1224_4k,3130000000000,848000000000,400000000000,23904365830,7337070535,6449806364,2279952,297756731,323898000,198000000000,15642367743,21976017638,2413344036,12.9711,default,H:\valgrind\default\callgrind_Default_1T_fast_qp27_Neon1224_3840x2160_2997fps_3840x2160_30fps_130f.out,27,12.509279442949211,13.2278413772583
43,fast,27,NocturneDance_4k,3290000000000,888000000000,420000000000,25817619248,7798473571,6634641545,2228602,299886419,323646341,206000000000,17002606530,22702004685,2454054069,13.2943,default,H:\valgrind\default\callgrind_Default_1T_fast_qp27_NocturneDance_3840x2160p_8bit_60fps_3840x2160_60fps_130f.out,27,12.350019150043385,13.357109069824219
44,fast,27,OldTownCross_1080p50,1550000000000,393000000000,171000000000,13289354123,1934821931,1675520180,331613,55860351,60918061,85735831511,8047167067,7376898131,662386383,7.1214,default,H:\valgrind\default\callgrind_Default_1T_fast_qp27_OldTownCross_1920x1080p50_1920x1080_50fps_130f.out,27,7.264753755473322,6.789008140563965
45,fast,27,PedestrianArea_1080p25,860000000000,232000000000,110000000000,6432369458,1921162202,1640467824,331620,56714781,76157774,54768748126,4513598939,5878489487,621796179,6.3449,default,H:\valgrind\default\callgrind_Default_1T_fast_qp27_PedestrianArea_1920x1080p25_1920x1080_25fps_130f.out,27,6.431391000677001,6.362094402313232
46,fast,27,PierSeaSide_4k,3280000000000,888000000000,419000000000,23572024713,7349025322,6489766646,2075260,275047269,260378601,209000000000,16700860314,22784126078,2451938223,13.27,default,H:\valgrind\default\callgrind_Default_1T_fast_qp27_PierSeaSide_3840x2160_2997fps_8bit_420_3840x2160_30fps_130f.out,27,13.302517004292305,13.210440635681152
47,fast,27,RitualDance_2k,749000000000,204000000000,95451615800,5703243438,1762318566,1575297544,338868,54042184,74892682,47574778091,3722614282,5322606670,589352345,6.3314,default,H:\valgrind\default\callgrind_Default_1T_fast_qp27_RitualDance_1920x1080_5994_8bit_420_1920x1080_60fps_130f.out,27,6.397477703896534,6.367215633392334
48,fast,27,Riverbed_1080p25,1010000000000,271000000000,129000000000,7152083923,2074857673,1696016920,347029,60268270,78129220,64835076899,5765614713,6648629923,649225327,6.4041,default,H:\valgrind\default\callgrind_Default_1T_fast_qp27_Riverbed_1920x1080p25_1920x1080_25fps_130f.out,27,6.818870070275803,6.608269691467285
49,fast,27,RushFieldCuts_2k,1100000000000,288000000000,135000000000,7087421185,2061599426,1688378676,332958,57703176,77945518,72044501800,6758223981,6799284851,643921821,7.0206,default,H:\valgrind\default\callgrind_Default_1T_fast_qp27_RushFieldCuts_1920x1080_2997_1920x1080_30fps_130f.out,27,6.574312848805847,6.592447280883789
51,fast,27,Tango_4k,3620000000000,981000000000,466000000000,26125850740,8140662468,6752931293,2262535,305473738,329014167,234000000000,18339555876,24794970419,2596024377,13.3681,default,H:\valgrind\default\callgrind_Default_1T_fast_qp27_Tango_3840x2160_5994fps_8bit_420_3840x2160_60fps_130f.out,27,12.908950079158634,13.010112762451172
52,fast,27,TimeLapse_4k,3420000000000,921000000000,434000000000,25176039500,7629947002,6575014551,2326969,302210105,329174719,217000000000,17996047389,23315612628,2462803392,13.0925,default,H:\valgrind\default\callgrind_Default_1T_fast_qp27_TimeLapse_3840x2160_5994fps_8bit_420_3840x2160_60fps_130f.out,27,13.362943997721324,13.159249305725098
53,fast,27,ToddlerFountain_2k,1140000000000,297000000000,138000000000,6962744771,2071381152,1698357735,325268,57936850,79315870,76623711797,7267561006,6908596816,644517864,7.0285,default,H:\valgrind\default\callgrind_Default_1T_fast_qp27_ToddlerFountain_1920x1080_2997fps_8bit_420_1920x1080_30fps_130f.out,27,6.541203230189983,7.0644965171813965
54,fast,27,TreesAndGrass_2k,1340000000000,337000000000,154000000000,7182828500,2086809135,1707959144,346944,59175813,80623162,92748743304,9116067153,7517778057,653989094,7.1124,default,H:\valgrind\default\callgrind_Default_1T_fast_qp27_TreesAndGrass_1920_1080_30fps_8bit_1920x1080_30fps_130f.out,27,7.150241568460052,7.048836708068848
55,fast,27,TunnelFlag_2k,959000000000,255000000000,120000000000,6806062657,1985014338,1661172304,333777,57308236,76625796,62162488817,5614551274,6216274685,623028011,6.3523,default,H:\valgrind\default\callgrind_Default_1T_fast_qp27_TunnelFlag_1920x1080_5994_8bit_420_1920x1080_60fps_130f.out,27,6.499925516389422,6.824124813079834
56,fast,27,Vertical_bees_2k,831000000000,224000000000,106000000000,6391478679,1932815386,1643699285,299695,51089240,63047093,52542552093,4393927106,5713201903,611155124,6.3751,default,H:\valgrind\default\callgrind_Default_1T_fast_qp27_Vertical_bees_1080x1920_2997_1080x1920_30fps_130f.out,27,6.536055295560869,6.358421802520752
57,fast,27,Vertical_Carnaby_2k,735000000000,200000000000,94428294570,5963130017,1819909884,1593667192,318634,53864247,73998844,45651921870,3526880656,5274699490,591820096,6.4061,default,H:\valgrind\default\callgrind_Default_1T_fast_qp27_Vertical_Carnaby_1080x1920_5994_1080x1920_60fps_130f.out,27,6.3916863364918175,6.363079071044922
58,fast,27,WalkingInStreet_2k,1300000000000,326000000000,149000000000,7369710016,1929810228,1643839936,444184,60437131,81823334,90303929970,9131052638,7080809313,599666150,7.2329,default,H:\valgrind\default\callgrind_Default_1T_fast_qp27_WalkingInStreet_1920x1080_30fps_1920x1080_30fps_130f.out,27,7.0963554993792615,7.131046295166016
59,fast,27,WorldCup_2k,273000000000,74138338256,34769456052,2164125016,674516702,597664401,116530,19071496,24381729,17150381356,1335903530,1945175584,218622577,6.3472,default,H:\valgrind\default\callgrind_Default_1T_fast_qp27_WorldCup_1920x1080_30p_1920x1080_30fps_130f.out,27,5.485231206780128,7.043673515319824
60,fast,27,WorldCup_far_2k,969000000000,256000000000,120000000000,6875191037,2005524940,1670855122,325164,57574290,67692795,62687553780,5875232504,6214799891,620868351,7.0531,default,H:\valgrind\default\callgrind_Default_1T_fast_qp27_WorldCup_far_1920x1080_30p_1920x1080_30fps_130f.out,27,6.678028064202051,6.483936309814453
61,fast,32,Aerial3200_2k,938000000000,252000000000,119000000000,6776122693,2055004438,1697051487,324749,58188027,77224066,60150958453,5096438421,6281450777,639637335,6.3725,default,H:\valgrind\default\callgrind_Default_1T_fast_qp32_Aerial3200_1920x1080_5994_8bit_420_1920x1080_60fps_130f.out,32,6.757000119517915,6.352684497833252
62,fast,32,Boat_2k,1030000000000,272000000000,128000000000,6803310815,2044630095,1697114603,338959,58451617,78905375,67622487429,6222054357,6553079715,631754450,6.3672,default,H:\valgrind\default\callgrind_Default_1T_fast_qp32_Boat_1920x1080_5994_8bit_420_1920x1080_60fps_130f.out,32,6.553888877909723,6.523076057434082
63,fast,32,BoxingPractice_4k,2910000000000,797000000000,375000000000,22365566165,7062565496,6374246148,2363540,288598681,317813160,184000000000,13288909899,21154341677,2398994127,13.0006,default,H:\valgrind\default\callgrind_Default_1T_fast_qp32_BoxingPractice_3840x2160_5994fps_8bit_420_3840x2160_60fps_130f.out,32,12.470401569730567,13.172113418579102
64,fast,32,Crosswalk_4k,2870000000000,791000000000,372000000000,21351316207,7015553371,6344849051,2611591,294336185,315756652,183000000000,12290855475,21279543788,2436082775,12.9114,default,H:\valgrind\default\callgrind_Default_1T_fast_qp32_Crosswalk_3840x2160_5994fps_8bit_420_3840x2160_60fps_130f.out,32,13.68975214891989,13.18699836730957
65,fast,32,CrowdRun_1080p50,1120000000000,292000000000,137000000000,6896353929,2091997524,1709751525,342352,58849061,79062544,74387117168,6968385353,6870523604,648421369,7.072,default,H:\valgrind\default\callgrind_Default_1T_fast_qp32_CrowdRun_1920x1080p50_1920x1080_50fps_130f.out,32,6.440505377832446,6.663026809692383
66,fast,32,DinnerSceneCropped_2k,783000000000,215000000000,102000000000,5742736313,1855308142,1620063022,311614,53540868,62166805,50884556488,3580734418,5664986122,631198334,6.2705,default,H:\valgrind\default\callgrind_Default_1T_fast_qp32_DinnerSceneCropped_1920x1080_2997fps_8bit_420_1920x1080_30fps_130f.out,32,6.387350038240417,6.365384578704834
67,fast,32,FoodMarket2_4k,3200000000000,872000000000,413000000000,25525737522,7728741747,6612267979,2358690,303692330,325674618,200000000000,15614681667,22627895975,2476309275,13.2082,default,H:\valgrind\default\callgrind_Default_1T_fast_qp32_FoodMarket2_3840x2160_5994fps_8bit_420_3840x2160_60fps_130f.out,32,12.993782368017941,13.030588150024414
68,fast,32,FoodMarket_2k,1020000000000,272000000000,122000000000,11125346068,1797464495,1618798104,312074,53548782,60031329,54441630389,4222088154,5846347932,626800066,6.3658,default,H:\valgrind\default\callgrind_Default_1T_fast_qp32_FoodMarket_1920x1080_5994_8bit_420_1920x1080_60fps_130f.out,32,7.034224831093489,6.339428424835205
69,fast,32,MeridianTalk_sdr_2k,863000000000,234000000000,105000000000,8899391942,1657878722,1565380800,322431,52233238,60281078,45922828810,3206926498,5232309040,598774505,6.3348,default,H:\valgrind\default\callgrind_Default_1T_fast_qp32_MeridianTalk_sdr_1920x1080p_5994_8bit_1920x1080_60fps_130f.out,32,6.406883147267268,6.373013496398926
70,fast,32,Motorcycle_2k,960000000000,252000000000,117000000000,6484991391,1921069162,1648533984,304427,53578557,63317007,62981132179,5713949420,6088412415,614689675,7.0665,default,H:\valgrind\default\callgrind_Default_1T_fast_qp32_Motorcycle_1920x1080_30fps_8bit_1920x1080_30fps_130f.out,32,6.663073180333834,6.659390926361084
71,fast,32,MountainBike_2k,985000000000,259000000000,121000000000,6692150946,1984833437,1675096082,297888,53709155,63171838,64435128255,5843587934,6246079757,623022262,6.9826,default,H:\valgrind\default\callgrind_Default_1T_fast_qp32_MountainBike_1920x1080_30fps_8bit_1920x1080_30fps_130f.out,32,6.778957079610923,6.504248142242432
72,fast,32,Neon1224_4k,2810000000000,768000000000,360000000000,21945900873,6860992790,6278581171,2319976,290271665,317375149,176000000000,12988618996,20442115631,2329507946,12.957,default,H:\valgrind\default\callgrind_Default_1T_fast_qp32_Neon1224_3840x2160_2997fps_3840x2160_30fps_130f.out,32,12.535129666745052,13.103022575378418
73,fast,32,NocturneDance_4k,2900000000000,790000000000,371000000000,23516991839,7285888913,6455802922,2337404,291364818,315391639,180000000000,13568110168,20789453437,2362617787,13.2215,default,H:\valgrind\default\callgrind_Default_1T_fast_qp32_NocturneDance_3840x2160p_8bit_60fps_3840x2160_60fps_130f.out,32,12.513706338843653,13.143115997314453
74,fast,32,OldTownCross_1080p50,938000000000,251000000000,118000000000,6267209196,1949559112,1660016338,310318,53668968,62989584,61691526374,5070236585,6229983110,638465970,6.3166,default,H:\valgrind\default\callgrind_Default_1T_fast_qp32_OldTownCross_1920x1080p50_1920x1080_50fps_130f.out,32,6.58038669422791,6.38041877746582
75,fast,32,PedestrianArea_1080p25,746000000000,204000000000,95822919551,5869719436,1809164508,1603668193,314770,53194768,63076938,46860766061,3514289954,5355344305,601989245,6.359,default,H:\valgrind\default\callgrind_Default_1T_fast_qp32_PedestrianArea_1920x1080p25_1920x1080_25fps_130f.out,32,6.593367861974065,6.386695384979248
76,fast,32,PierSeaSide_4k,2880000000000,787000000000,369000000000,21774379428,6887966720,6338965629,2008087,250504939,233118236,181000000000,13341803155,20835887395,2354981737,13.3017,default,H:\valgrind\default\callgrind_Default_1T_fast_qp32_PierSeaSide_3840x2160_2997fps_8bit_420_3840x2160_30fps_130f.out,32,13.033484093150573,12.992347717285156
77,fast,32,RitualDance_2k,685000000000,187000000000,87590287908,5344545282,1675401145,1552622721,321037,53231316,68213257,43006827310,3153241178,5016430038,575307468,6.3146,default,H:\valgrind\default\callgrind_Default_1T_fast_qp32_RitualDance_1920x1080_5994_8bit_420_1920x1080_60fps_130f.out,32,6.486724295532125,6.364836692810059
78,fast,32,Riverbed_1080p25,870000000000,236000000000,112000000000,6716632126,2015994239,1684873629,344133,59206350,76771122,54926190698,4416792753,6047453073,635281466,6.3958,default,H:\valgrind\default\callgrind_Default_1T_fast_qp32_Riverbed_1920x1080p25_1920x1080_25fps_130f.out,32,6.905511216116247,6.349037170410156
79,fast,32,RushFieldCuts_2k,943000000000,251000000000,118000000000,6693531858,2010501340,1680645220,334471,57667862,77611717,60635354557,5339060883,6179013925,628404331,7.0422,default,H:\valgrind\default\callgrind_Default_1T_fast_qp32_RushFieldCuts_1920x1080_2997_1920x1080_30fps_130f.out,32,6.531058311821526,6.369648456573486
81,fast,32,Tango_4k,3020000000000,830000000000,392000000000,22649012081,7266882755,6432249899,2525854,295588633,318272771,193000000000,13512785715,22071890424,2483303768,13.2135,default,H:\valgrind\default\callgrind_Default_1T_fast_qp32_Tango_3840x2160_5994fps_8bit_420_3840x2160_60fps_130f.out,32,13.073750541141118,12.98869514465332
82,fast,32,TimeLapse_4k,3010000000000,818000000000,385000000000,23503485570,7250238917,6431140143,2388440,291623929,317287338,188000000000,14344748570,21442279420,2385681055,13.1057,default,H:\valgrind\default\callgrind_Default_1T_fast_qp32_TimeLapse_3840x2160_5994fps_8bit_420_3840x2160_60fps_130f.out,32,13.262651497316426,13.060017585754395
83,fast,32,ToddlerFountain_2k,968000000000,257000000000,121000000000,6564923463,2009596071,1687501581,324147,56266542,77486500,63144665777,5498841280,6262028428,627413956,6.6525,default,H:\valgrind\default\callgrind_Default_1T_fast_qp32_ToddlerFountain_1920x1080_2997fps_8bit_420_1920x1080_30fps_130f.out,32,6.4803801501948435,6.685279369354248
84,fast,32,TreesAndGrass_2k,1190000000000,305000000000,141000000000,6941981797,2075204317,1707297815,348412,57821461,78330692,80511979324,7730684527,7049860750,645638337,7.0828,default,H:\valgrind\default\callgrind_Default_1T_fast_qp32_TreesAndGrass_1920_1080_30fps_8bit_1920x1080_30fps_130f.out,32,6.940254528727927,7.005183219909668
85,fast,32,TunnelFlag_2k,825000000000,222000000000,104000000000,6222019873,1899566071,1633081296,328675,56377900,76457048,52545797194,4350916708,5643495250,606829244,6.3698,default,H:\valgrind\default\callgrind_Default_1T_fast_qp32_TunnelFlag_1920x1080_5994_8bit_420_1920x1080_60fps_130f.out,32,6.473134137331169,6.3327717781066895
86,fast,32,Vertical_bees_2k,756000000000,205000000000,96492354452,6000444478,1855460209,1618512272,315129,53672312,74019897,47324963677,3708356732,5362830505,595991134,6.3654,default,H:\valgrind\default\callgrind_Default_1T_fast_qp32_Vertical_bees_1080x1920_2997_1080x1920_30fps_130f.out,32,6.382474635643652,6.327445030212402
87,fast,32,Vertical_Carnaby_2k,674000000000,185000000000,86537655014,5505728772,1761228002,1580913477,336109,53351806,73541826,41690140715,3016760829,4983398014,575179116,6.4079,default,H:\valgrind\default\callgrind_Default_1T_fast_qp32_Vertical_Carnaby_1080x1920_5994_1080x1920_60fps_130f.out,32,6.480607521553596,6.373507022857666
88,fast,32,WalkingInStreet_2k,1140000000000,291000000000,135000000000,7255452302,1923857960,1651068732,459110,59315281,79390142,76179544998,7528927801,6626122454,599759824,7.1539,default,H:\valgrind\default\callgrind_Default_1T_fast_qp32_WalkingInStreet_1920x1080_30fps_1920x1080_30fps_130f.out,32,6.993461638482255,6.996154308319092
89,fast,32,WorldCup_2k,231000000000,63053697302,29427667756,1851392309,584642732,538332750,115116,17112742,22508527,14399457652,1053359633,1691960037,195845453,6.3585,default,H:\valgrind\default\callgrind_Default_1T_fast_qp32_WorldCup_1920x1080_30p_1920x1080_30fps_130f.out,32,5.43763932376595,7.043673515319824
90,fast,32,WorldCup_far_2k,859000000000,230000000000,109000000000,6521358549,1904893825,1637462650,321234,56459808,67929724,54642509680,4779753641,5783905425,610038557,6.3898,default,H:\valgrind\default\callgrind_Default_1T_fast_qp32_WorldCup_far_1920x1080_30p_1920x1080_30fps_130f.out,32,6.449643614303934,6.351118564605713
91,fast,37,Aerial3200_2k,815000000000,221000000000,105000000000,6283186353,1929448786,1657070573,327115,56846646,75712854,51535813919,3964487837,5731309676,622120821,6.3831,default,H:\valgrind\default\callgrind_Default_1T_fast_qp37_Aerial3200_1920x1080_5994_8bit_420_1920x1080_60fps_130f.out,37,6.5741430363260775,6.34079122543335
92,fast,37,Boat_2k,907000000000,243000000000,115000000000,6514470341,1967723418,1674922568,333088,56099095,76357621,58274766482,4962317792,6071862460,621243583,6.3417,default,H:\valgrind\default\callgrind_Default_1T_fast_qp37_Boat_1920x1080_5994_8bit_420_1920x1080_60fps_130f.out,37,6.5198424829733685,6.34624719619751
93,fast,37,BoxingPractice_4k,2680000000000,736000000000,344000000000,20673394873,6774157591,6293668524,2386680,279803315,310220016,167000000000,11431900924,19911125130,2323301691,13.0209,default,H:\valgrind\default\callgrind_Default_1T_fast_qp37_BoxingPractice_3840x2160_5994fps_8bit_420_3840x2160_60fps_130f.out,37,12.51290552414729,13.13034439086914
94,fast,37,Crosswalk_4k,2660000000000,734000000000,343000000000,19707460169,6707313704,6272457370,2627462,285762998,308699508,167000000000,10864291456,20026172964,2348181430,12.9536,default,H:\valgrind\default\callgrind_Default_1T_fast_qp37_Crosswalk_3840x2160_5994fps_8bit_420_3840x2160_60fps_130f.out,37,13.57014761087796,13.148116111755371
95,fast,37,CrowdRun_1080p50,951000000000,254000000000,120000000000,6504529524,1983575104,1682256091,329199,56991641,77385966,61804124506,5378037074,6238380342,633080228,6.3421,default,H:\valgrind\default\callgrind_Default_1T_fast_qp37_CrowdRun_1920x1080p50_1920x1080_50fps_130f.out,37,6.259707711863326,6.56996488571167
96,fast,37,DinnerSceneCropped_2k,669000000000,185000000000,86438494206,4776516043,1621921625,1552049587,328648,52306184,74231619,42654765260,2724378176,5055530680,591618187,6.3238,default,H:\valgrind\default\callgrind_Default_1T_fast_qp37_DinnerSceneCropped_1920x1080_2997fps_8bit_420_1920x1080_30fps_130f.out,37,6.162243019159482,6.326544761657715
97,fast,37,FoodMarket2_4k,2930000000000,800000000000,377000000000,23681007274,7410106200,6487713213,2328451,297473747,318368103,182000000000,13264452276,21222535709,2408995906,13.2051,default,H:\valgrind\default\callgrind_Default_1T_fast_qp37_FoodMarket2_3840x2160_5994fps_8bit_420_3840x2160_60fps_130f.out,37,13.074323381164316,13.031944274902344
98,fast,37,FoodMarket_2k,745000000000,204000000000,95966754456,5681509694,1812822675,1612613476,318740,55139280,67926558,47124108387,3383555098,5394055103,606854629,6.3796,default,H:\valgrind\default\callgrind_Default_1T_fast_qp37_FoodMarket_1920x1080_5994_8bit_420_1920x1080_60fps_130f.out,37,6.630889859071361,6.375015735626221
99,fast,37,MeridianTalk_sdr_2k,657000000000,181000000000,84403610501,4969022720,1665706924,1560991581,314310,50216270,61575702,41119763095,2718578043,4928575807,579260912,6.3354,default,H:\valgrind\default\callgrind_Default_1T_fast_qp37_MeridianTalk_sdr_1920x1080p_5994_8bit_1920x1080_60fps_130f.out,37,6.543897198512983,6.326019287109375
100,fast,37,Motorcycle_2k,855000000000,228000000000,107000000000,6134446182,1876568284,1632422342,309484,54927822,68655341,55044785836,4693102641,5688924776,601218392,6.3269,default,H:\valgrind\default\callgrind_Default_1T_fast_qp37_Motorcycle_1920x1080_30fps_8bit_1920x1080_30fps_130f.out,37,6.401883544684399,6.320038318634033
101,fast,37,MountainBike_2k,874000000000,234000000000,110000000000,6371863291,1944738533,1659335424,305618,52594572,62894955,56080181512,4760042847,5824335681,610988645,6.3469,default,H:\valgrind\default\callgrind_Default_1T_fast_qp37_MountainBike_1920x1080_30fps_8bit_1920x1080_30fps_130f.out,37,6.598730750169164,6.361607551574707
102,fast,37,Neon1224_4k,2580000000000,708000000000,330000000000,20405139308,6610279445,6215101163,2324503,281908771,310590318,160000000000,11215924107,19243302583,2248160287,13.1415,default,H:\valgrind\default\callgrind_Default_1T_fast_qp37_Neon1224_3840x2160_2997fps_3840x2160_30fps_130f.out,37,12.697793899083909,13.121777534484863
103,fast,37,NocturneDance_4k,2640000000000,723000000000,337000000000,21412176123,6943060429,6338643141,2348742,282104855,309063502,163000000000,11418735258,19472048641,2280734571,13.1773,default,H:\valgrind\default\callgrind_Default_1T_fast_qp37_NocturneDance_3840x2160p_8bit_60fps_3840x2160_60fps_130f.out,37,12.69108822638732,13.12901496887207
104,fast,37,OldTownCross_1080p50,789000000000,214000000000,101000000000,5685296794,1797520210,1614708911,312877,50737457,61912002,50490258568,3792764003,5563821470,610732450,6.3815,default,H:\valgrind\default\callgrind_Default_1T_fast_qp37_OldTownCross_1920x1080p50_1920x1080_50fps_130f.out,37,6.420037965736311,6.348886966705322
105,fast,37,PedestrianArea_1080p25,686000000000,188000000000,88112295796,5387125343,1733942199,1579792647,341245,54207715,74526151,42801720730,2993151787,5063483188,586610805,6.3598,default,H:\valgrind\default\callgrind_Default_1T_fast_qp37_PedestrianArea_1920x1080p25_1920x1080_25fps_130f.out,37,6.439667226064502,6.308135986328125
106,fast,37,PierSeaSide_4k,2620000000000,719000000000,335000000000,20408739644,6625080529,6284971699,2000009,245428948,232819561,163000000000,11374124394,19445159482,2267142044,13.1386,default,H:\valgrind\default\callgrind_Default_1T_fast_qp37_PierSeaSide_3840x2160_2997fps_8bit_420_3840x2160_30fps_130f.out,37,12.901790122432539,13.140592575073242
107,fast,37,RitualDance_2k,637000000000,175000000000,81392001280,5033298931,1623181978,1537247961,318452,49396034,62168872,39665187416,2761585813,4771581141,560561258,6.3482,default,H:\valgrind\default\callgrind_Default_1T_fast_qp37_RitualDance_1920x1080_5994_8bit_420_1920x1080_60fps_130f.out,37,6.560509129853409,6.322047233581543
108,fast,37,Riverbed_1080p25,783000000000,214000000000,101000000000,6282687172,1940415638,1657611448,330321,57769252,68756470,49131558785,3651699644,5622019901,619822596,6.362,default,H:\valgrind\default\callgrind_Default_1T_fast_qp37_Riverbed_1920x1080p25_1920x1080_25fps_130f.out,37,6.967366007286376,6.396795749664307
109,fast,37,RushFieldCuts_2k,828000000000,223000000000,105000000000,6235696167,1902020490,1647583706,334220,56048568,76730209,52354181924,4265884331,5686445542,610900507,6.3248,default,H:\valgrind\default\callgrind_Default_1T_fast_qp37_RushFieldCuts_1920x1080_2997_1920x1080_30fps_130f.out,37,6.469618894706155,6.332919597625732
111,fast,37,Tango_4k,3330000000000,908000000000,405000000000,33038974679,6340686182,6178434740,2473231,245641370,220476573,177000000000,11887641780,20521283141,2380177414,13.1884,default,H:\valgrind\default\callgrind_Default_1T_fast_qp37_Tango_3840x2160_5994fps_8bit_420_3840x2160_60fps_130f.out,37,11.572455365318666,13.128646850585938
112,fast,37,TimeLapse_4k,2740000000000,750000000000,351000000000,21906871253,6980559537,6344502923,2412522,286774515,313927892,170000000000,12134486676,20120046201,2318571052,13.1057,default,H:\valgrind\default\callgrind_Default_1T_fast_qp37_TimeLapse_3840x2160_5994fps_8bit_420_3840x2160_60fps_130f.out,37,13.201169692507456,12.992693901062012
113,fast,37,ToddlerFountain_2k,828000000000,223000000000,105000000000,6148554661,1900114762,1649157176,313956,51216132,61299789,52670699054,4188621419,5674380513,609147770,6.3507,default,H:\valgrind\default\callgrind_Default_1T_fast_qp37_ToddlerFountain_1920x1080_2997fps_8bit_420_1920x1080_30fps_130f.out,37,6.709086975683649,6.343070983886719
114,fast,37,TreesAndGrass_2k,1040000000000,274000000000,128000000000,6689163439,2018884733,1691179382,349847,56708410,76873168,69164240466,6283730162,6570830644,634404936,6.3948,default,H:\valgrind\default\callgrind_Default_1T_fast_qp37_TreesAndGrass_1920_1080_30fps_8bit_1920x1080_30fps_130f.out,37,6.793073755671225,6.447037696838379
115,fast,37,TunnelFlag_2k,737000000000,201000000000,94092039262,5714331642,1784687916,1596926462,333113,54318810,75164032,46445550887,3534316423,5262133457,591516285,6.3631,default,H:\valgrind\default\callgrind_Default_1T_fast_qp37_TunnelFlag_1920x1080_5994_8bit_420_1920x1080_60fps_130f.out,37,6.387745948634434,6.374216556549072
116,fast,37,Vertical_bees_2k,699000000000,191000000000,89423745634,5636615659,1774371449,1590478378,320896,51788447,72732650,43495764249,3217092354,5090185130,581653537,6.4461,default,H:\valgrind\default\callgrind_Default_1T_fast_qp37_Vertical_bees_1080x1920_2997_1080x1920_30fps_130f.out,37,6.34356256702838,6.371028900146484
117,fast,37,Vertical_Carnaby_2k,633000000000,174000000000,81090038506,5142780845,1670990903,1550589836,319876,52713724,73613623,39093877414,2700302314,4774284464,561050909,6.3596,default,H:\valgrind\default\callgrind_Default_1T_fast_qp37_Vertical_Carnaby_1080x1920_5994_1080x1920_60fps_130f.out,37,6.478743517847022,6.345863342285156
118,fast,37,WalkingInStreet_2k,820000000000,215000000000,101000000000,5894307794,1591869264,1367597434,324161,45112799,52430521,53452562974,5029702862,5117002856,498308362,6.4568,default,H:\valgrind\default\callgrind_Default_1T_fast_qp37_WalkingInStreet_1920x1080_30fps_1920x1080_30fps_130f.out,37,6.63373708985472,6.367241859436035
119,fast,37,WorldCup_2k,132000000000,36307040273,16893949118,1062069263,344101268,325232208,78900,10214465,14598609,8241069347,574194288,991459858,116783200,6.2898,default,H:\valgrind\default\callgrind_Default_1T_fast_qp37_WorldCup_1920x1080_30p_1920x1080_30fps_130f.out,37,5.209736828796105,7.043673515319824
120,fast,37,WorldCup_far_2k,776000000000,210000000000,99053268159,6154946856,1857595891,1623547485,318985,55766089,68772653,48748925948,3962662042,5431139336,597901542,6.313,default,H:\valgrind\default\callgrind_Default_1T_fast_qp37_WorldCup_far_1920x1080_30p_1920x1080_30fps_130f.out,37,6.494912029994714,6.3659348487854
121,faster,22,Aerial3200_2k,1340000000000,345000000000,161000000000,7555933210,2177430557,1745525018,304216,57338600,63972202,90956525380,9220539219,7746862002,662127662,7.1671,default,H:\valgrind\default\callgrind_Default_1T_faster_qp22_Aerial3200_1920x1080_5994_8bit_420_1920x1080_60fps_130f.out,22,7.015050930331451,6.9612202644348145
122,faster,22,Boat_2k,1360000000000,341000000000,156000000000,7282736099,2144694860,1728690401,348261,60289644,82011181,93436884966,9460823229,7541916369,642448384,7.1358,default,H:\valgrind\default\callgrind_Default_1T_faster_qp22_Boat_1920x1080_5994_8bit_420_1920x1080_60fps_130f.out,22,7.008589299933975,7.146131992340088
123,faster,22,BoxingPractice_4k,3580000000000,947000000000,446000000000,23874840003,7007150310,5822860460,1675509,229009753,203209666,233000000000,21150003648,22590004819,2185611146,13.6248,default,H:\valgrind\default\callgrind_Default_1T_faster_qp22_BoxingPractice_3840x2160_5994fps_8bit_420_3840x2160_60fps_130f.out,22,12.551532806009538,13.32381534576416
124,faster,22,Crosswalk_4k,4180000000000,1110000000000,525000000000,27939900114,8534215197,6935524898,2267622,317837346,342382793,271000000000,23409274604,26721990601,2618309801,13.055,default,H:\valgrind\default\callgrind_Default_1T_faster_qp22_Crosswalk_3840x2160_5994fps_8bit_420_3840x2160_60fps_130f.out,22,13.23326172746891,13.631463050842285
125,faster,22,CrowdRun_1080p50,1590000000000,395000000000,179000000000,7629867301,2229443832,1759900331,347322,62109682,84104408,113000000000,11512688061,8325863756,663887087,7.2255,default,H:\valgrind\default\callgrind_Default_1T_faster_qp22_CrowdRun_1920x1080p50_1920x1080_50fps_130f.out,22,7.049327076396623,7.220719337463379
126,faster,22,DinnerSceneCropped_2k,1390000000000,359000000000,166000000000,7521739016,2236394680,1757762069,333984,60936265,80409518,95786582397,9579898207,7848606164,671929559,6.3792,default,H:\valgrind\default\callgrind_Default_1T_faster_qp22_DinnerSceneCropped_1920x1080_2997fps_8bit_420_1920x1080_30fps_130f.out,22,6.896150116208323,7.167591094970703
127,faster,22,FoodMarket2_4k,4330000000000,1140000000000,541000000000,28983218728,8459786076,6907308435,2265111,316804738,342513474,280000000000,26200356310,27270903411,2581809580,13.9507,default,H:\valgrind\default\callgrind_Default_1T_faster_qp22_FoodMarket2_3840x2160_5994fps_8bit_420_3840x2160_60fps_130f.out,22,12.948787849313293,14.052386283874512
128,faster,22,FoodMarket_2k,1320000000000,340000000000,158000000000,7412948366,2161961056,1739025053,306297,56929958,64008604,89003168820,8785003742,7590633289,661942805,6.8418,default,H:\valgrind\default\callgrind_Default_1T_faster_qp22_FoodMarket_1920x1080_5994_8bit_420_1920x1080_60fps_130f.out,22,6.845245135312464,6.927346229553223
129,faster,22,MeridianTalk_sdr_2k,1300000000000,337000000000,148000000000,12207377664,1919523400,1654870485,314949,54886785,60445478,71142806059,6176002393,6654753990,647685814,6.3813,default,H:\valgrind\default\callgrind_Default_1T_faster_qp22_MeridianTalk_sdr_1920x1080p_5994_8bit_1920x1080_60fps_130f.out,22,6.921242454450484,6.611783027648926
130,faster,22,Motorcycle_2k,1470000000000,368000000000,160000000000,12780265447,1907770760,1653935422,321411,54945725,61609741,83795482029,7961025039,7021001193,635826631,7.0665,default,H:\valgrind\default\callgrind_Default_1T_faster_qp22_Motorcycle_1920x1080_30fps_8bit_1920x1080_30fps_130f.out,22,7.012370519408886,7.084003448486328
131,faster,22,MountainBike_2k,1250000000000,318000000000,147000000000,7249266092,2091062397,1716447060,312104,55816940,64253221,85102770249,8351429793,7186564141,639803878,7.0957,default,H:\valgrind\default\callgrind_Default_1T_faster_qp22_MountainBike_1920x1080_30fps_8bit_1920x1080_30fps_130f.out,22,7.171836216956424,7.134092330932617
132,faster,22,Neon1224_4k,3520000000000,944000000000,446000000000,25688987985,7700803029,6607614113,2239770,303473630,332119814,225000000000,19090278898,23724937495,2482732425,13.4567,default,H:\valgrind\default\callgrind_Default_1T_faster_qp22_Neon1224_3840x2160_2997fps_3840x2160_30fps_130f.out,22,12.431543900730595,13.227823257446289
133,faster,22,NocturneDance_4k,3750000000000,1000000000000,475000000000,27788883539,8088934385,6786993122,2265264,308605382,333309184,239000000000,21439873155,24751767559,2516804453,13.3742,default,H:\valgrind\default\callgrind_Default_1T_faster_qp22_NocturneDance_3840x2160p_8bit_60fps_3840x2160_60fps_130f.out,22,12.561539488410117,13.209885597229004
134,faster,22,OldTownCross_1080p50,1610000000000,402000000000,182000000000,7686624810,2183784222,1753340466,326608,57994593,66083197,114000000000,11757197075,8385028654,666254150,7.1316,default,H:\valgrind\default\callgrind_Default_1T_faster_qp22_OldTownCross_1920x1080p50_1920x1080_50fps_130f.out,22,7.604110479538621,7.193622589111328
135,faster,22,PedestrianArea_1080p25,1090000000000,287000000000,134000000000,6990129532,2110375728,1706761413,353698,58019603,77155723,71330833147,6634072429,6742351921,638347265,6.3747,default,H:\valgrind\default\callgrind_Default_1T_faster_qp22_PedestrianArea_1920x1080p25_1920x1080_25fps_130f.out,22,6.655569651782125,6.403608322143555
136,faster,22,PierSeaSide_4k,3940000000000,1050000000000,493000000000,26507555423,7914543610,6676605498,2496079,311197751,337763622,257000000000,22745140827,25485606856,2542770453,13.2578,default,H:\valgrind\default\callgrind_Default_1T_faster_qp22_PierSeaSide_3840x2160_2997fps_8bit_420_3840x2160_30fps_130f.out,22,14.021945109790614,13.331147193908691
137,faster,22,RitualDance_2k,840000000000,226000000000,106000000000,6130065023,1847197273,1615566131,311104,52546463,62414682,54136817231,4566393840,5720015944,604854750,6.3007,default,H:\valgrind\default\callgrind_Default_1T_faster_qp22_RitualDance_1920x1080_5994_8bit_420_1920x1080_60fps_130f.out,22,6.6202250207663695,6.372739791870117
138,faster,22,Riverbed_1080p25,1520000000000,387000000000,169000000000,13490065073,1992597650,1691906116,332385,56915766,61707323,83274077935,8036746268,7381127400,652972035,6.4294,default,H:\valgrind\default\callgrind_Default_1T_faster_qp22_Riverbed_1920x1080p25_1920x1080_25fps_130f.out,22,7.7084784512613655,6.953182697296143
139,faster,22,RushFieldCuts_2k,1250000000000,321000000000,150000000000,7317033929,2147375646,1718682842,329773,58707441,79618513,83638488329,8174118752,7348848326,655043190,7.0231,default,H:\valgrind\default\callgrind_Default_1T_faster_qp22_RushFieldCuts_1920x1080_2997_1920x1080_30fps_130f.out,22,6.712390759435356,6.77020263671875
141,faster,22,Tango_4k,3940000000000,1010000000000,440000000000,35282232678,5312279568,4536450133,1522603,176085180,152702312,216000000000,19650484906,19173196667,1760422184,14.0446,default,H:\valgrind\default\callgrind_Default_1T_faster_qp22_Tango_3840x2160_5994fps_8bit_420_3840x2160_60fps_130f.out,22,10.8812968544142,13.306951522827148
142,faster,22,TimeLapse_4k,4020000000000,1060000000000,499000000000,26909478315,8029788101,6744944510,2350143,307473264,336706384,262000000000,23825702401,25612156816,2524526094,8.4907,default,H:\valgrind\default\callgrind_Default_1T_faster_qp22_TimeLapse_3840x2160_5994fps_8bit_420_3840x2160_60fps_130f.out,22,13.910818657856767,13.330695152282715
143,faster,22,ToddlerFountain_2k,1350000000000,343000000000,158000000000,7371978925,2187578253,1740400878,332207,60321729,81792947,93156938752,9410795292,7596328933,657649119,7.1011,default,H:\valgrind\default\callgrind_Default_1T_faster_qp22_ToddlerFountain_1920x1080_2997fps_8bit_420_1920x1080_30fps_130f.out,22,6.692983587689105,7.134460926055908
144,faster,22,TreesAndGrass_2k,1490000000000,368000000000,167000000000,7377245602,2168105982,1738657079,356840,59812824,82132721,105000000000,10307918039,7944440559,658038167,7.2048,default,H:\valgrind\default\callgrind_Default_1T_faster_qp22_TreesAndGrass_1920_1080_30fps_8bit_1920x1080_30fps_130f.out,22,7.466403634345719,7.190484046936035
145,faster,22,TunnelFlag_2k,1130000000000,295000000000,137000000000,7168923437,2062225178,1694949021,306083,55826494,63420155,75391115447,7304251714,6865990465,634081588,6.8743,default,H:\valgrind\default\callgrind_Default_1T_faster_qp22_TunnelFlag_1920x1080_5994_8bit_420_1920x1080_60fps_130f.out,22,6.901379191996849,7.0137786865234375
146,faster,22,Vertical_bees_2k,925000000000,246000000000,116000000000,6726774803,1997056014,1667862192,318681,55899526,75926562,59322821004,5277515432,6102099154,621466690,6.4007,default,H:\valgrind\default\callgrind_Default_1T_faster_qp22_Vertical_bees_1080x1920_2997_1080x1920_30fps_130f.out,22,6.547806926962469,6.771722316741943
147,faster,22,Vertical_Carnaby_2k,813000000000,220000000000,104000000000,6398257030,1938607593,1638052539,336026,53839771,74376866,50984814629,4250576219,5609431986,604618874,6.3932,default,H:\valgrind\default\callgrind_Default_1T_faster_qp22_Vertical_Carnaby_1080x1920_5994_1080x1920_60fps_130f.out,22,6.343342844396554,6.3628058433532715
148,faster,22,WalkingInStreet_2k,1430000000000,349000000000,157000000000,7403010716,1956957939,1658991070,441412,61882249,84972230,102000000000,10208998087,7361809687,600670974,7.2554,default,H:\valgrind\default\callgrind_Default_1T_faster_qp22_WalkingInStreet_1920x1080_30fps_1920x1080_30fps_130f.out,22,7.549884246189291,7.088691711425781
149,faster,22,WorldCup_2k,479000000000,129000000000,60562301668,3683130204,1096267668,955189688,181988,32716536,41803559,30375246229,2556438628,3272428993,353092176,6.3279,default,H:\valgrind\default\callgrind_Default_1T_faster_qp22_WorldCup_1920x1080_30p_1920x1080_30fps_130f.out,22,5.791828592161137,7.046061992645264
150,faster,22,WorldCup_far_2k,1100000000000,284000000000,133000000000,7145278187,2003780619,1677359514,316851,58698228,69634935,72468106688,7141334815,6651514819,626617059,7.0555,default,H:\valgrind\default\callgrind_Default_1T_faster_qp22_WorldCup_far_1920x1080_30p_1920x1080_30fps_130f.out,22,6.670742419131541,7.047351360321045
151,faster,27,Aerial3200_2k,1120000000000,295000000000,139000000000,7224761571,2105733350,1707715650,349721,59736569,78155309,73309643962,6877117983,7003673006,655679936,6.3714,default,H:\valgrind\default\callgrind_Default_1T_faster_qp27_Aerial3200_1920x1080_5994_8bit_420_1920x1080_60fps_130f.out,27,6.82178159675971,6.997465133666992
152,faster,27,Boat_2k,1190000000000,306000000000,142000000000,7076968603,2061240347,1698443867,350662,58875364,79699759,79749051620,7828801401,7074493234,639966107,6.8668,default,H:\valgrind\default\callgrind_Default_1T_faster_qp27_Boat_1920x1080_5994_8bit_420_1920x1080_60fps_130f.out,27,6.741099957784243,7.125290870666504
153,faster,27,BoxingPractice_4k,3400000000000,920000000000,435000000000,25370158737,7875732373,6654831895,1971309,261695879,233136093,217000000000,17318503966,23440476855,2503978748,13.0487,default,H:\valgrind\default\callgrind_Default_1T_faster_qp27_BoxingPractice_3840x2160_5994fps_8bit_420_3840x2160_60fps_130f.out,27,13.622753092720435,13.20755386352539
154,faster,27,Crosswalk_4k,3280000000000,899000000000,426000000000,24498213529,7871432522,6636719870,2415555,302831514,324036903,212000000000,15338562375,23403312503,2562680626,12.9287,default,H:\valgrind\default\callgrind_Default_1T_faster_qp27_Crosswalk_3840x2160_5994fps_8bit_420_3840x2160_60fps_130f.out,27,13.508598587680474,13.196006774902344
155,faster,27,CrowdRun_1080p50,1340000000000,341000000000,158000000000,7351050570,2160359244,1729412053,336965,60765834,81568207,91812665701,9110243380,7617748576,660916698,7.0286,default,H:\valgrind\default\callgrind_Default_1T_faster_qp27_CrowdRun_1920x1080p50_1920x1080_50fps_130f.out,27,6.655772642110049,7.1812639236450195
156,faster,27,DinnerSceneCropped_2k,1050000000000,279000000000,132000000000,6980285243,2104267698,1705445036,344670,60272176,78203504,68168672940,5866010617,6696763096,659662509,6.3581,default,H:\valgrind\default\callgrind_Default_1T_faster_qp27_DinnerSceneCropped_1920x1080_2997fps_8bit_420_1920x1080_30fps_130f.out,27,6.476555453514706,6.283600807189941
157,faster,27,FoodMarket2_4k,3630000000000,980000000000,466000000000,27353637470,8129559613,6747210669,2256222,308496155,330175355,230000000000,19457884847,24633603180,2544216527,13.2135,default,H:\valgrind\default\callgrind_Default_1T_faster_qp27_FoodMarket2_3840x2160_5994fps_8bit_420_3840x2160_60fps_130f.out,27,12.779178929531914,13.3499116897583
158,faster,27,FoodMarket_2k,1020000000000,271000000000,128000000000,6893000324,2113435627,1713731452,306612,55333794,62674100,66018909934,5769193292,6587392846,649553409,6.3553,default,H:\valgrind\default\callgrind_Default_1T_faster_qp27_FoodMarket_1920x1080_5994_8bit_420_1920x1080_60fps_130f.out,27,6.937374347838016,6.420784950256348
159,faster,27,MeridianTalk_sdr_2k,820000000000,223000000000,105000000000,6015677937,1935215449,1644788462,309657,52814922,62152436,52820519307,3985780570,5755927603,625988665,6.3492,default,H:\valgrind\default\callgrind_Default_1T_faster_qp27_MeridianTalk_sdr_1920x1080p_5994_8bit_1920x1080_60fps_130f.out,27,6.705008601225481,6.346269607543945
160,faster,27,Motorcycle_2k,1080000000000,280000000000,130000000000,6856129876,2027933671,1689750783,304043,55040243,64329326,72442009952,6849913814,6557742696,627672151,7.0063,default,H:\valgrind\default\callgrind_Default_1T_faster_qp27_Motorcycle_1920x1080_30fps_8bit_1920x1080_30fps_130f.out,27,6.74742264107943,7.039158344268799
161,faster,27,MountainBike_2k,1360000000000,346000000000,151000000000,12710023081,1851192484,1639734009,323380,54573530,61281668,75645431734,7104533788,6728370987,633472412,7.0351,default,H:\valgrind\default\callgrind_Default_1T_faster_qp27_MountainBike_1920x1080_30fps_8bit_1920x1080_30fps_130f.out,27,7.206485448430965,6.969144821166992
162,faster,27,Neon1224_4k,3130000000000,848000000000,400000000000,23904629813,7327267319,6441499128,2260808,298293685,324189775,198000000000,15643055172,21976019292,2413352518,12.9711,default,H:\valgrind\default\callgrind_Default_1T_faster_qp27_Neon1224_3840x2160_2997fps_3840x2160_30fps_130f.out,27,12.456107901927405,13.241410255432129
163,faster,27,NocturneDance_4k,3290000000000,888000000000,420000000000,25817745095,7745021314,6625721856,2279145,301828220,327063775,206000000000,17002888199,22702007775,2454059085,13.2943,default,H:\valgrind\default\callgrind_Default_1T_faster_qp27_NocturneDance_3840x2160p_8bit_60fps_3840x2160_60fps_130f.out,27,12.393302317352974,13.295119285583496
164,faster,27,OldTownCross_1080p50,1260000000000,327000000000,152000000000,7330209465,2200180969,1749588118,312755,55884222,63110692,84396410992,8025545148,7377228756,663037537,7.1214,default,H:\valgrind\default\callgrind_Default_1T_faster_qp27_OldTownCross_1920x1080p50_1920x1080_50fps_130f.out,27,6.959268557484275,6.969616889953613
165,faster,27,PedestrianArea_1080p25,860000000000,232000000000,110000000000,6432388615,1946828689,1643750092,326525,56417646,76049978,54768634787,4513383977,5878481106,621796601,6.3449,default,H:\valgrind\default\callgrind_Default_1T_faster_qp27_PedestrianArea_1920x1080p25_1920x1080_25fps_130f.out,27,6.4301921485161335,6.384954929351807
166,faster,27,PierSeaSide_4k,3280000000000,888000000000,419000000000,23561692983,7334359562,6461674419,2409205,296349662,323923758,209000000000,16687757201,22786580942,2451429737,13.27,default,H:\valgrind\default\callgrind_Default_1T_faster_qp27_PierSeaSide_3840x2160_2997fps_8bit_420_3840x2160_30fps_130f.out,27,13.203482337829822,13.209381103515625
167,faster,27,RitualDance_2k,749000000000,204000000000,95451629902,5703295577,1755815608,1574394732,341014,54001075,74942025,47574789704,3722827728,5322608352,589353688,6.3314,default,H:\valgrind\default\callgrind_Default_1T_faster_qp27_RitualDance_1920x1080_5994_8bit_420_1920x1080_60fps_130f.out,27,6.396241757128122,6.367215633392334
168,faster,27,Riverbed_1080p25,1010000000000,271000000000,129000000000,7152318255,2074945103,1699939322,339802,60792180,78245724,64835798435,5766197040,6648670511,649230378,6.4041,default,H:\valgrind\default\callgrind_Default_1T_faster_qp27_Riverbed_1920x1080p25_1920x1080_25fps_130f.out,27,6.811753809316496,6.601974010467529
169,faster,27,RushFieldCuts_2k,1100000000000,288000000000,135000000000,7087465896,2051374905,1684951057,333701,58679196,78821577,72044709068,6758869363,6799297099,643925455,7.0206,default,H:\valgrind\default\callgrind_Default_1T_faster_qp27_RushFieldCuts_1920x1080_2997_1920x1080_30fps_130f.out,27,6.5651144812671784,6.608121871948242
171,faster,27,Tango_4k,3620000000000,981000000000,466000000000,26137218101,8208593308,6780484977,2022456,279741092,257885648,234000000000,18351227009,24792499048,2596672439,13.3681,default,H:\valgrind\default\callgrind_Default_1T_faster_qp27_Tango_3840x2160_5994fps_8bit_420_3840x2160_60fps_130f.out,27,13.544521031684228,12.982468605041504
172,faster,27,TimeLapse_4k,3420000000000,921000000000,434000000000,25175715823,7691876532,6575535367,2331527,300255630,327314952,217000000000,17995788092,23315635009,2462780113,13.0925,default,H:\valgrind\default\callgrind_Default_1T_faster_qp27_TimeLapse_3840x2160_5994fps_8bit_420_3840x2160_60fps_130f.out,27,13.40454038295102,13.159249305725098
173,faster,27,ToddlerFountain_2k,1140000000000,297000000000,138000000000,6962967446,2065092389,1699927355,341529,58358603,79948160,76623897188,7268165289,6908610004,644522592,7.0285,default,H:\valgrind\default\callgrind_Default_1T_faster_qp27_ToddlerFountain_1920x1080_2997fps_8bit_420_1920x1080_30fps_130f.out,27,6.56717822473152,7.064762592315674
174,faster,27,TreesAndGrass_2k,1340000000000,337000000000,154000000000,7182724520,2098484149,1709993657,355599,59165859,80550541,92748865870,9116122642,7517786910,653985442,7.1124,default,H:\valgrind\default\callgrind_Default_1T_faster_qp27_TreesAndGrass_1920_1080_30fps_8bit_1920x1080_30fps_130f.out,27,7.176593214200709,7.058709144592285
175,faster,27,TunnelFlag_2k,959000000000,255000000000,120000000000,6806087545,1997084260,1660846254,322911,57450376,76678018,62162447632,5614935868,6216271507,623026237,6.3523,default,H:\valgrind\default\callgrind_Default_1T_faster_qp27_TunnelFlag_1920x1080_5994_8bit_420_1920x1080_60fps_130f.out,27,6.477947110798611,6.947368144989014
176,faster,27,Vertical_bees_2k,831000000000,224000000000,106000000000,6389665441,1902188475,1627561957,307848,54947445,74964053,52572647368,4391781138,5715939113,611104383,6.3751,default,H:\valgrind\default\callgrind_Default_1T_faster_qp27_Vertical_bees_1080x1920_2997_1080x1920_30fps_130f.out,27,6.384550464171054,6.353122711181641
177,faster,27,Vertical_Carnaby_2k,735000000000,200000000000,94388006879,5964811580,1845537074,1608028801,315209,50781996,63597152,45621913825,3528970315,5271966231,591869433,6.4061,default,H:\valgrind\default\callgrind_Default_1T_faster_qp27_Vertical_Carnaby_1080x1920_5994_1080x1920_60fps_130f.out,27,6.534797490538381,6.361268043518066
178,faster,27,WalkingInStreet_2k,1300000000000,326000000000,149000000000,7369732682,1920120760,1645194044,441063,60571720,81934376,90303932552,9131077045,7080809523,599670520,7.2329,default,H:\valgrind\default\callgrind_Default_1T_faster_qp27_WalkingInStreet_1920x1080_30fps_1920x1080_30fps_130f.out,27,7.084325513527352,7.131046295166016
179,faster,27,WorldCup_2k,432000000000,117000000000,55001930187,3422923274,1076345149,948328201,190011,32184987,41398217,27132250356,2117502318,3076189856,345848245,6.3472,default,H:\valgrind\default\callgrind_Default_1T_faster_qp27_WorldCup_1920x1080_30p_1920x1080_30fps_130f.out,27,5.832694076235171,7.043313026428223
180,faster,27,WorldCup_far_2k,969000000000,256000000000,120000000000,6875162538,2005699659,1671125633,313661,56908914,67792542,62687537962,5874992413,6214798960,620864523,7.0531,default,H:\valgrind\default\callgrind_Default_1T_faster_qp27_WorldCup_far_1920x1080_30p_1920x1080_30fps_130f.out,27,6.652648502780304,6.487747669219971
181,faster,32,Aerial3200_2k,938000000000,252000000000,119000000000,6775945232,2053366037,1697160496,325088,58097550,76806890,60150917914,5096271567,6281447536,639632379,6.3725,default,H:\valgrind\default\callgrind_Default_1T_faster_qp32_Aerial3200_1920x1080_5994_8bit_420_1920x1080_60fps_130f.out,32,6.765877663131516,6.352684497833252
182,faster,32,Boat_2k,1030000000000,272000000000,128000000000,6803324183,2052042889,1695705004,349464,57052267,77318449,67622574237,6221992550,6553082595,631758849,6.3672,default,H:\valgrind\default\callgrind_Default_1T_faster_qp32_Boat_1920x1080_5994_8bit_420_1920x1080_60fps_130f.out,32,6.594856115463647,6.328858852386475
183,faster,32,BoxingPractice_4k,2910000000000,797000000000,375000000000,22371628037,7072993929,6375042564,1951201,252796755,231942364,184000000000,13298223078,21151266312,2399335743,13.0006,default,H:\valgrind\default\callgrind_Default_1T_faster_qp32_BoxingPractice_3840x2160_5994fps_8bit_420_3840x2160_60fps_130f.out,32,12.933784781816561,13.24732780456543
184,faster,32,Crosswalk_4k,2870000000000,791000000000,372000000000,21351222153,7032326600,6348415009,2639731,294278904,315299856,183000000000,12290400220,21279542455,2436085636,12.9114,default,H:\valgrind\default\callgrind_Default_1T_faster_qp32_Crosswalk_3840x2160_5994fps_8bit_420_3840x2160_60fps_130f.out,32,13.783315277116031,13.18699836730957
185,faster,32,CrowdRun_1080p50,1120000000000,292000000000,137000000000,6896475262,2088897208,1710208461,333728,58711626,78962350,74386921208,6968390723,6870509610,648426515,7.072,default,H:\valgrind\default\callgrind_Default_1T_faster_qp32_CrowdRun_1920x1080p50_1920x1080_50fps_130f.out,32,6.431229980909329,6.573033332824707
186,faster,32,DinnerSceneCropped_2k,783000000000,215000000000,102000000000,5740709242,1879573266,1628922848,323328,57391767,76647069,50915046581,3578512125,5667770626,631116451,6.2705,default,H:\valgrind\default\callgrind_Default_1T_faster_qp32_DinnerSceneCropped_1920x1080_2997fps_8bit_420_1920x1080_30fps_130f.out,32,6.208342561736572,6.344873905181885
187,faster,32,FoodMarket2_4k,3200000000000,872000000000,413000000000,25525305529,7696863555,6604390091,2320984,302169329,323937825,200000000000,15615460645,22627885687,2476294024,13.2082,default,H:\valgrind\default\callgrind_Default_1T_faster_qp32_FoodMarket2_3840x2160_5994fps_8bit_420_3840x2160_60fps_130f.out,32,12.901691061821344,13.119623184204102
188,faster,32,FoodMarket_2k,1020000000000,272000000000,122000000000,11125409626,1808460745,1618460442,319143,53766010,60264350,54441632147,4220426865,5846349244,626804172,6.3658,default,H:\valgrind\default\callgrind_Default_1T_faster_qp32_FoodMarket_1920x1080_5994_8bit_420_1920x1080_60fps_130f.out,32,7.053790174540184,6.330990314483643
189,faster,32,MeridianTalk_sdr_2k,713000000000,196000000000,91840015468,5384235615,1747382087,1582132844,311737,51639741,61754068,45121688277,3129087803,5232607693,599587195,6.3348,default,H:\valgrind\default\callgrind_Default_1T_faster_qp32_MeridianTalk_sdr_1920x1080p_5994_8bit_1920x1080_60fps_130f.out,32,6.567259825524701,6.359263896942139
190,faster,32,Motorcycle_2k,960000000000,252000000000,117000000000,6485243488,1926139163,1651471461,300815,53582624,63191842,62981068422,5714518065,6088407683,614701505,7.0665,default,H:\valgrind\default\callgrind_Default_1T_faster_qp32_Motorcycle_1920x1080_30fps_8bit_1920x1080_30fps_130f.out,32,6.665054863639446,6.673179626464844
191,faster,32,MountainBike_2k,985000000000,259000000000,121000000000,6692299019,1976518189,1676088092,308881,57194596,69184283,64450804508,5843909778,6246660700,623013378,6.9826,default,H:\valgrind\default\callgrind_Default_1T_faster_qp32_MountainBike_1920x1080_30fps_8bit_1920x1080_30fps_130f.out,32,6.751672886877199,6.503788471221924
192,faster,32,Neon1224_4k,2810000000000,768000000000,360000000000,21945908935,6854368707,6281091786,2269634,290605485,316780937,176000000000,12988637186,20442107090,2329511694,12.957,default,H:\valgrind\default\callgrind_Default_1T_faster_qp32_Neon1224_3840x2160_2997fps_3840x2160_30fps_130f.out,32,12.438093856919789,13.112815856933594
193,faster,32,NocturneDance_4k,2900000000000,790000000000,371000000000,23517816382,7277070530,6453003486,2319954,291283404,317767031,180000000000,13569018589,20789503872,2362625760,13.2215,default,H:\valgrind\default\callgrind_Default_1T_faster_qp32_NocturneDance_3840x2160p_8bit_60fps_3840x2160_60fps_130f.out,32,12.409269079236465,13.120155334472656
194,faster,32,OldTownCross_1080p50,938000000000,251000000000,119000000000,6267164588,1938111537,1656719521,319068,56886461,68786609,61706830036,5070186762,6230547651,638457517,6.3166,default,H:\valgrind\default\callgrind_Default_1T_faster_qp32_OldTownCross_1920x1080p50_1920x1080_50fps_130f.out,32,6.4533975762792135,6.2940545082092285
195,faster,32,PedestrianArea_1080p25,746000000000,204000000000,95862732986,5867794407,1844311599,1617024450,340759,54946880,74621585,46890333005,3511738731,5358074413,601922441,6.359,default,H:\valgrind\default\callgrind_Default_1T_faster_qp32_PedestrianArea_1920x1080p25_1920x1080_25fps_130f.out,32,6.469953290254457,6.355037212371826
196,faster,32,PierSeaSide_4k,2880000000000,787000000000,369000000000,21767814400,6913565486,6355082736,2404242,283635417,314353351,181000000000,13332377665,20838958175,2354611515,13.3017,default,H:\valgrind\default\callgrind_Default_1T_faster_qp32_PierSeaSide_3840x2160_2997fps_8bit_420_3840x2160_30fps_130f.out,32,12.972552043142844,13.005005836486816
197,faster,32,RitualDance_2k,685000000000,187000000000,87612783741,5342676178,1698734760,1562418232,338254,53282131,74710960,43020965582,3151023743,5018584481,575252796,6.3146,default,H:\valgrind\default\callgrind_Default_1T_faster_qp32_RitualDance_1920x1080_5994_8bit_420_1920x1080_60fps_130f.out,32,6.412216494667228,6.364894390106201
198,faster,32,Riverbed_1080p25,870000000000,236000000000,112000000000,6716631540,2029494803,1687162648,358766,59381648,76637456,54926436502,4416115840,6047467226,635279255,6.3958,default,H:\valgrind\default\callgrind_Default_1T_faster_qp32_Riverbed_1920x1080p25_1920x1080_25fps_130f.out,32,6.951864992449744,6.324193954467773
199,faster,32,RushFieldCuts_2k,943000000000,251000000000,118000000000,6696021520,1981870851,1669405892,299570,53433564,62295381,60604753410,5341477876,6176222785,628523608,7.0422,default,H:\valgrind\default\callgrind_Default_1T_faster_qp32_RushFieldCuts_1920x1080_2997_1920x1080_30fps_130f.out,32,6.674333384984273,6.413978099822998
201,faster,32,Tango_4k,3020000000000,829000000000,392000000000,22655306284,7254500119,6438224523,2029667,258151920,231324382,193000000000,13523153431,22068807132,2483663529,13.2135,default,H:\valgrind\default\callgrind_Default_1T_faster_qp32_Tango_3840x2160_5994fps_8bit_420_3840x2160_60fps_130f.out,32,13.517890935805488,12.975716590881348
202,faster,32,TimeLapse_4k,3010000000000,818000000000,385000000000,23503768544,7208079061,6426443296,2451254,292581650,318558024,188000000000,14344983681,21442279877,2385694779,13.1057,default,H:\valgrind\default\callgrind_Default_1T_faster_qp32_TimeLapse_3840x2160_5994fps_8bit_420_3840x2160_60fps_130f.out,32,13.37382733226528,13.060017585754395
203,faster,32,ToddlerFountain_2k,968000000000,257000000000,121000000000,6565031925,2013546402,1684175139,342198,56384118,77636646,63144689218,5499024622,6262029889,627412009,6.6525,default,H:\valgrind\default\callgrind_Default_1T_faster_qp32_ToddlerFountain_1920x1080_2997fps_8bit_420_1920x1080_30fps_130f.out,32,6.518906976915995,6.685085773468018
204,faster,32,TreesAndGrass_2k,1190000000000,305000000000,141000000000,6942340917,2090763574,1709769197,352591,57927547,79122158,80512410263,7730931559,7049888174,645648825,7.0828,default,H:\valgrind\default\callgrind_Default_1T_faster_qp32_TreesAndGrass_1920_1080_30fps_8bit_1920x1080_30fps_130f.out,32,6.938928584347421,6.9835333824157715
205,faster,32,TunnelFlag_2k,825000000000,222000000000,104000000000,6222029977,1900009201,1638009597,337871,55636201,75333358,52545704633,4350663980,5643489453,606833665,6.3698,default,H:\valgrind\default\callgrind_Default_1T_faster_qp32_TunnelFlag_1920x1080_5994_8bit_420_1920x1080_60fps_130f.out,32,6.512901347718243,6.332991600036621
206,faster,32,Vertical_bees_2k,755000000000,205000000000,96452250656,6002131923,1828241724,1606759408,297619,50557431,63471800,47295144489,3710195471,5360107159,596041056,6.3654,default,H:\valgrind\default\callgrind_Default_1T_faster_qp32_Vertical_bees_1080x1920_2997_1080x1920_30fps_130f.out,32,6.48128425295339,6.344583034515381
207,faster,32,Vertical_Carnaby_2k,674000000000,185000000000,86537665287,5505667180,1766885447,1581694207,327437,53382181,73523214,41690150117,3016790139,4983398352,575178014,6.4079,default,H:\valgrind\default\callgrind_Default_1T_faster_qp32_Vertical_Carnaby_1080x1920_5994_1080x1920_60fps_130f.out,32,6.475403949507111,6.37399435043335
208,faster,32,WalkingInStreet_2k,1140000000000,291000000000,135000000000,7255381627,1935931748,1651437538,446958,60211351,80001225,76179485857,7529026203,6626114941,599758381,7.1539,default,H:\valgrind\default\callgrind_Default_1T_faster_qp32_WalkingInStreet_1920x1080_30fps_1920x1080_30fps_130f.out,32,6.972801508193533,6.996154308319092
209,faster,32,WorldCup_2k,472000000000,128000000000,56543681686,5156980575,945548541,895632914,189161,29348428,35965033,24653946532,1804700498,2849488874,329885022,6.3585,default,H:\valgrind\default\callgrind_Default_1T_faster_qp32_WorldCup_1920x1080_30p_1920x1080_30fps_130f.out,32,5.678388607487284,6.89199161529541
210,faster,32,WorldCup_far_2k,859000000000,230000000000,109000000000,6521518413,1906232089,1640326589,320658,57175647,69143169,54642585089,4779770055,5783908376,610044400,6.3898,default,H:\valgrind\default\callgrind_Default_1T_faster_qp32_WorldCup_far_1920x1080_30p_1920x1080_30fps_130f.out,32,6.442450846472152,6.356570720672607
211,faster,37,Aerial3200_2k,815000000000,221000000000,105000000000,6283204525,1941519850,1659816956,342700,57084783,75622625,51535744166,3964327568,5731302994,622119783,6.3831,default,H:\valgrind\default\callgrind_Default_1T_faster_qp37_Aerial3200_1920x1080_5994_8bit_420_1920x1080_60fps_130f.out,37,6.621948500393563,6.339509963989258
212,faster,37,Boat_2k,907000000000,243000000000,115000000000,6514348600,1959716746,1670876200,339585,55875354,76430141,58274628610,4962267387,6071853933,621241494,6.3417,default,H:\valgrind\default\callgrind_Default_1T_faster_qp37_Boat_1920x1080_5994_8bit_420_1920x1080_60fps_130f.out,37,6.522311466544396,6.351799488067627
213,faster,37,BoxingPractice_4k,2680000000000,735000000000,344000000000,20679304167,6761199983,6304484575,1981159,248332576,232769913,167000000000,11443318488,19908039132,2323619644,13.0209,default,H:\valgrind\default\callgrind_Default_1T_faster_qp37_BoxingPractice_3840x2160_5994fps_8bit_420_3840x2160_60fps_130f.out,37,12.871811586852397,13.181035995483398
214,faster,37,Crosswalk_4k,2660000000000,734000000000,343000000000,19707522670,6704578600,6260642126,2647935,286738738,309397551,167000000000,10864960373,20026169411,2348190660,12.9536,default,H:\valgrind\default\callgrind_Default_1T_faster_qp37_Crosswalk_3840x2160_5994fps_8bit_420_3840x2160_60fps_130f.out,37,13.617123310373376,13.148116111755371
215,faster,37,CrowdRun_1080p50,951000000000,254000000000,120000000000,6504540135,1982673983,1678824452,349897,56856577,77106982,61804247189,5378045905,6238387971,633079255,6.3421,default,H:\valgrind\default\callgrind_Default_1T_faster_qp37_CrowdRun_1920x1080p50_1920x1080_50fps_130f.out,37,6.278945953254469,6.54146671295166
216,faster,37,DinnerSceneCropped_2k,669000000000,185000000000,86438675932,4776585635,1623377147,1553269375,322214,51743304,74067415,42654968798,2725249402,5055539594,591623484,6.3238,default,H:\valgrind\default\callgrind_Default_1T_faster_qp37_DinnerSceneCropped_1920x1080_2997fps_8bit_420_1920x1080_30fps_130f.out,37,6.139010038765143,6.324089050292969
217,faster,37,FoodMarket2_4k,2930000000000,800000000000,377000000000,23681275080,7415279010,6495274356,2327556,297900970,319608484,182000000000,13264465750,21222516914,2409007439,13.2051,default,H:\valgrind\default\callgrind_Default_1T_faster_qp37_FoodMarket2_3840x2160_5994fps_8bit_420_3840x2160_60fps_130f.out,37,13.060078389055834,13.031944274902344
218,faster,37,FoodMarket_2k,903000000000,245000000000,109000000000,9803545272,1666780657,1573441905,312572,51853148,59414830,47947204934,3462856027,5393185795,606319394,6.3796,default,H:\valgrind\default\callgrind_Default_1T_faster_qp37_FoodMarket_1920x1080_5994_8bit_420_1920x1080_60fps_130f.out,37,6.698598149734504,6.381457328796387
219,faster,37,MeridianTalk_sdr_2k,794000000000,217000000000,96206095429,7783932914,1543075973,1525195197,321819,49941838,58787876,41869502644,2800386909,4928263789,578449997,6.3354,default,H:\valgrind\default\callgrind_Default_1T_faster_qp37_MeridianTalk_sdr_1920x1080p_5994_8bit_1920x1080_60fps_130f.out,37,6.264042153603169,6.351428508758545
220,faster,37,Motorcycle_2k,1040000000000,275000000000,121000000000,10841132869,1726984319,1596165761,312277,51556878,60065392,55977860249,4728075135,5688040554,600906935,6.3269,default,H:\valgrind\default\callgrind_Default_1T_faster_qp37_Motorcycle_1920x1080_30fps_8bit_1920x1080_30fps_130f.out,37,6.423984909584837,6.345794200897217
221,faster,37,MountainBike_2k,874000000000,234000000000,110000000000,6371797435,1935471507,1659025688,297426,52272093,62285381,56080211882,4760085454,5824334803,610984483,6.3469,default,H:\valgrind\default\callgrind_Default_1T_faster_qp37_MountainBike_1920x1080_30fps_8bit_1920x1080_30fps_130f.out,37,6.580549753634388,6.360859394073486
222,faster,37,Neon1224_4k,2580000000000,708000000000,330000000000,20404559559,6638256394,6218300515,2291913,279917939,306969041,160000000000,11215387230,19243299941,2248135500,13.1415,default,H:\valgrind\default\callgrind_Default_1T_faster_qp37_Neon1224_3840x2160_2997fps_3840x2160_30fps_130f.out,37,12.692921908580342,13.131570816040039
223,faster,37,NocturneDance_4k,2640000000000,723000000000,337000000000,21412818114,6928048580,6334393413,2354352,285036929,313440560,163000000000,11419716567,19472049839,2280752033,13.1773,default,H:\valgrind\default\callgrind_Default_1T_faster_qp37_NocturneDance_3840x2160p_8bit_60fps_3840x2160_60fps_130f.out,37,12.64538191514662,13.133186340332031
224,faster,37,OldTownCross_1080p50,789000000000,214000000000,101000000000,5685109425,1793639697,1613368218,311278,51781280,62901843,50490258901,3792548568,5563818288,610730957,6.3815,default,H:\valgrind\default\callgrind_Default_1T_faster_qp37_OldTownCross_1920x1080p50_1920x1080_50fps_130f.out,37,6.418084054240764,6.347500801086426
225,faster,37,PedestrianArea_1080p25,686000000000,188000000000,88112416735,5387120282,1733363243,1578131404,336991,54250205,74397434,42801837041,2993290910,5063489802,586610030,6.3598,default,H:\valgrind\default\callgrind_Default_1T_faster_qp37_PedestrianArea_1920x1080p25_1920x1080_25fps_130f.out,37,6.430765229085699,6.308855056762695
226,faster,37,PierSeaSide_4k,2620000000000,719000000000,335000000000,20402670045,6628193752,6271191136,2424241,276136952,307537269,163000000000,11362233430,19448226163,2266826967,13.1386,default,H:\valgrind\default\callgrind_Default_1T_faster_qp37_PierSeaSide_3840x2160_2997fps_8bit_420_3840x2160_30fps_130f.out,37,12.987137980852953,13.06680965423584
227,faster,37,RitualDance_2k,637000000000,175000000000,81392098433,5032926355,1630664148,1541335214,310919,49284804,62543062,39665297333,2761745234,4771585702,560553603,6.3482,default,H:\valgrind\default\callgrind_Default_1T_faster_qp37_RitualDance_1920x1080_5994_8bit_420_1920x1080_60fps_130f.out,37,6.541297170524565,6.321842670440674
228,faster,37,Riverbed_1080p25,783000000000,214000000000,101000000000,6283192327,1937575992,1655958294,318980,54571878,62328318,49116263337,3652312084,5621457030,619842545,6.362,default,H:\valgrind\default\callgrind_Default_1T_faster_qp37_Riverbed_1920x1080p25_1920x1080_25fps_130f.out,37,7.0311136477687395,6.357126235961914
229,faster,37,RushFieldCuts_2k,828000000000,223000000000,105000000000,6235689680,1908944858,1648607074,332958,55784827,76066876,52354280682,4265706054,5686449381,610899859,6.3248,default,H:\valgrind\default\callgrind_Default_1T_faster_qp37_RushFieldCuts_1920x1080_2997_1920x1080_30fps_130f.out,37,6.480618995258004,6.381246089935303
231,faster,37,Tango_4k,2750000000000,758000000000,355000000000,20600128397,6881455423,6332106142,2170808,252237595,230832656,174000000000,11539296926,20521522210,2383587031,13.1884,default,H:\valgrind\default\callgrind_Default_1T_faster_qp37_Tango_3840x2160_5994fps_8bit_420_3840x2160_60fps_130f.out,37,13.485285075182388,13.022031784057617
232,faster,37,TimeLapse_4k,2740000000000,750000000000,351000000000,21906045073,7002143455,6340063719,2448385,284817643,310746930,170000000000,12132332031,20119997317,2318560321,13.1057,default,H:\valgrind\default\callgrind_Default_1T_faster_qp37_TimeLapse_3840x2160_5994fps_8bit_420_3840x2160_60fps_130f.out,37,13.317085989246703,12.992693901062012
233,faster,37,ToddlerFountain_2k,828000000000,223000000000,105000000000,6146540334,1892670713,1648853236,343110,54998777,76058254,52701004432,4185787229,5677155540,609054185,6.3507,default,H:\valgrind\default\callgrind_Default_1T_faster_qp37_ToddlerFountain_1920x1080_2997fps_8bit_420_1920x1080_30fps_130f.out,37,6.517403107361389,6.347479820251465
234,faster,37,TreesAndGrass_2k,1040000000000,274000000000,128000000000,6689443428,2009573963,1687581945,343678,56666197,77050273,69164265016,6284186544,6570832146,634407243,6.3948,default,H:\valgrind\default\callgrind_Default_1T_faster_qp37_TreesAndGrass_1920_1080_30fps_8bit_1920x1080_30fps_130f.out,37,6.768661638970416,6.45025110244751
235,faster,37,TunnelFlag_2k,737000000000,201000000000,94091918293,5714278092,1789107045,1601071746,320018,53838312,75082032,46445424577,3534375531,5262125419,591513210,6.3631,default,H:\valgrind\default\callgrind_Default_1T_faster_qp37_TunnelFlag_1920x1080_5994_8bit_420_1920x1080_60fps_130f.out,37,6.351639775878588,6.408616065979004
236,faster,37,Vertical_bees_2k,699000000000,191000000000,89424085901,5636826022,1781087482,1590310715,309470,53323707,74024300,43496090541,3217587443,5090208254,581650083,6.4461,default,H:\valgrind\default\callgrind_Default_1T_faster_qp37_Vertical_bees_1080x1920_2997_1080x1920_30fps_130f.out,37,6.330863706400013,6.370461940765381
237,faster,37,Vertical_Carnaby_2k,633000000000,174000000000,81090050559,5142769142,1678501943,1553385648,327764,51640394,72667687,39093891898,2700384277,4774284132,561052244,6.3596,default,H:\valgrind\default\callgrind_Default_1T_faster_qp37_Vertical_Carnaby_1080x1920_5994_1080x1920_60fps_130f.out,37,6.4861626881690935,6.338816165924072
238,faster,37,WalkingInStreet_2k,987000000000,259000000000,121000000000,7072255971,1902215172,1639976601,398329,55707331,63951168,64351993847,6058559524,6151151262,598148116,6.4568,default,H:\valgrind\default\callgrind_Default_1T_faster_qp37_WalkingInStreet_1920x1080_30fps_1920x1080_30fps_130f.out,37,6.952308530681616,7.083342552185059
239,faster,37,WorldCup_2k,457000000000,124000000000,55023053620,4811875049,923750002,909899441,202098,29412342,36443212,23873362737,1675546203,2832213603,334003215,6.2898,default,H:\valgrind\default\callgrind_Default_1T_faster_qp37_WorldCup_1920x1080_30p_1920x1080_30fps_130f.out,37,5.638749425970698,6.891695499420166
240,faster,37,WorldCup_far_2k,776000000000,210000000000,99053069009,6155168320,1856816138,1621256468,318539,55806493,68127487,48748682250,3962709258,5431125796,597913327,6.313,default,H:\valgrind\default\callgrind_Default_1T_faster_qp37_WorldCup_far_1920x1080_30p_1920x1080_30fps_130f.out,37,6.505746965706182,6.3659348487854
241,superfast,22,Aerial3200_2k,1260000000000,325000000000,151000000000,7525234184,2658888135,1806074681,224944,36632004,72612122,84720844412,8869782491,7408473890,640516177,7.1671,default,H:\valgrind\default\callgrind_Default_1T_superfast_qp22_Aerial3200_1920x1080_5994_8bit_420_1920x1080_60fps_130f.out,22,6.643581373396769,6.92397928237915
242,superfast,22,Boat_2k,1280000000000,322000000000,147000000000,7266080138,2564145306,1771762809,240446,36410338,73247173,87497069449,9129230020,7255261754,623764565,7.1358,default,H:\valgrind\default\callgrind_Default_1T_superfast_qp22_Boat_1920x1080_5994_8bit_420_1920x1080_60fps_130f.out,22,6.951852182784192,7.151392459869385
243,superfast,22,BoxingPractice_4k,3970000000000,1050000000000,493000000000,27863074664,10785972133,6466102537,1897983,202049823,284503361,256000000000,24150815723,25533571265,2483892669,13.6248,default,H:\valgrind\default\callgrind_Default_1T_superfast_qp22_BoxingPractice_3840x2160_5994fps_8bit_420_3840x2160_60fps_130f.out,22,13.145623335519543,8.584532737731934
244,superfast,22,Crosswalk_4k,3920000000000,1050000000000,492000000000,27809769755,10950398765,6521715521,1875415,202401111,284090974,251000000000,22604199453,25567037628,2535897223,13.055,default,H:\valgrind\default\callgrind_Default_1T_superfast_qp22_Crosswalk_3840x2160_5994fps_8bit_420_3840x2160_60fps_130f.out,22,12.991327420535569,13.28624153137207
245,superfast,22,CrowdRun_1080p50,1490000000000,370000000000,167000000000,7603298194,2696083120,1822931805,222103,37039153,75177508,105000000000,11007634782,7925503043,641190864,7.2255,default,H:\valgrind\default\callgrind_Default_1T_superfast_qp22_CrowdRun_1920x1080p50_1920x1080_50fps_130f.out,22,7.082583018118706,6.9366068840026855
246,superfast,22,DinnerSceneCropped_2k,1300000000000,334000000000,154000000000,7486511936,2708713596,1822586294,222975,36399025,72139554,88386860116,9111293006,7442608306,647618204,6.3792,default,H:\valgrind\default\callgrind_Default_1T_superfast_qp22_DinnerSceneCropped_1920x1080_2997fps_8bit_420_1920x1080_30fps_130f.out,22,6.752868625542328,7.066518783569336
247,superfast,22,FoodMarket2_4k,4110000000000,1090000000000,513000000000,28931637786,10969912226,6536559787,1892458,202665043,285720242,263000000000,25584250603,26358910432,2511439261,13.9507,default,H:\valgrind\default\callgrind_Default_1T_superfast_qp22_FoodMarket2_3840x2160_5994fps_8bit_420_3840x2160_60fps_130f.out,22,13.057692445761777,14.038130760192871
248,superfast,22,FoodMarket_2k,1230000000000,319000000000,147000000000,7385790705,2638452711,1810581736,225214,32636504,57041293,82540099605,8416257845,7237950567,640040602,6.8418,default,H:\valgrind\default\callgrind_Default_1T_superfast_qp22_FoodMarket_1920x1080_5994_8bit_420_1920x1080_60fps_130f.out,22,6.852391143003331,7.120906829833984
249,superfast,22,MeridianTalk_sdr_2k,994000000000,264000000000,123000000000,6785051943,2496321357,1740939190,217746,31781138,55855772,64963616323,5903349769,6380297042,627868559,6.3813,default,H:\valgrind\default\callgrind_Default_1T_superfast_qp22_MeridianTalk_sdr_1920x1080p_5994_8bit_1920x1080_60fps_130f.out,22,6.665233758659315,6.622210502624512
250,superfast,22,Motorcycle_2k,1150000000000,292000000000,135000000000,7152334418,2459987042,1732072059,222804,33054720,57825869,77223107532,7705327156,6778787637,619343280,7.0665,default,H:\valgrind\default\callgrind_Default_1T_superfast_qp22_Motorcycle_1920x1080_30fps_8bit_1920x1080_30fps_130f.out,22,6.969786951120781,7.132870197296143
251,superfast,22,MountainBike_2k,1180000000000,300000000000,138000000000,7232668293,2482514354,1749983388,225357,33618561,58052790,79392692870,8059662698,6921087047,622586997,7.0957,default,H:\valgrind\default\callgrind_Default_1T_superfast_qp22_MountainBike_1920x1080_30fps_8bit_1920x1080_30fps_130f.out,22,7.0496823665619655,7.023122787475586
252,superfast,22,Neon1224_4k,3350000000000,901000000000,424000000000,25632491767,10251607342,6250008420,1877541,200897816,280752609,212000000000,18721806224,23072475353,2417225347,13.4567,default,H:\valgrind\default\callgrind_Default_1T_superfast_qp22_Neon1224_3840x2160_2997fps_3840x2160_30fps_130f.out,22,12.920312763048711,13.075858116149902
253,superfast,22,NocturneDance_4k,3580000000000,957000000000,452000000000,27706137794,10665292849,6423406195,1877773,201961556,282994841,225000000000,21123173426,24080770341,2452134252,13.3742,default,H:\valgrind\default\callgrind_Default_1T_superfast_qp22_NocturneDance_3840x2160p_8bit_60fps_3840x2160_60fps_130f.out,22,12.767552378614829,12.648210525512695
254,superfast,22,OldTownCross_1080p50,1500000000000,377000000000,170000000000,7661075787,2679988872,1828010420,226764,32772841,58289865,106000000000,11218907575,7972048844,643162085,7.1316,default,H:\valgrind\default\callgrind_Default_1T_superfast_qp22_OldTownCross_1920x1080p50_1920x1080_50fps_130f.out,22,7.348919332629871,7.222358703613281
255,superfast,22,PedestrianArea_1080p25,1030000000000,272000000000,127000000000,6977793549,2490858766,1733469046,237360,35729791,69910615,66743401343,6448341759,6507480903,620412082,6.3747,default,H:\valgrind\default\callgrind_Default_1T_superfast_qp22_PedestrianArea_1920x1080p25_1920x1080_25fps_130f.out,22,6.461114680381605,6.725239276885986
256,superfast,22,PierSeaSide_4k,3550000000000,947000000000,444000000000,25198645201,9926921503,6011618772,1622553,160446491,206136759,229000000000,21005145237,23480890367,2358354255,13.2578,default,H:\valgrind\default\callgrind_Default_1T_superfast_qp22_PierSeaSide_3840x2160_2997fps_8bit_420_3840x2160_30fps_130f.out,22,13.538197383946937,13.373334884643555
257,superfast,22,RitualDance_2k,799000000000,215000000000,101000000000,6119369808,2202362638,1612571276,249401,35138035,68635830,50802481790,4471026104,5566201089,588708140,6.3007,default,H:\valgrind\default\callgrind_Default_1T_superfast_qp22_RitualDance_1920x1080_5994_8bit_420_1920x1080_60fps_130f.out,22,6.408782378981366,6.333132743835449
258,superfast,22,Riverbed_1080p25,1170000000000,305000000000,142000000000,7485701564,2629160461,1810143851,227446,33187948,57076609,76700162990,7806765918,7106244716,634950249,6.4294,default,H:\valgrind\default\callgrind_Default_1T_superfast_qp22_Riverbed_1920x1080p25_1920x1080_25fps_130f.out,22,7.12520923570966,6.933490753173828
259,superfast,22,RushFieldCuts_2k,1170000000000,302000000000,141000000000,7298316455,2560342641,1770105171,221992,32758991,57230831,77922362882,7908244253,7049767065,631971726,7.0231,default,H:\valgrind\default\callgrind_Default_1T_superfast_qp22_RushFieldCuts_1920x1080_2997_1920x1080_30fps_130f.out,22,6.8666385452362295,6.928135395050049
261,superfast,22,Tango_4k,4470000000000,1170000000000,545000000000,28561901702,11096515083,6610813738,1954007,204619819,292473092,295000000000,28088229135,27330751715,2546316780,14.0446,default,H:\valgrind\default\callgrind_Default_1T_superfast_qp22_Tango_3840x2160_5994fps_8bit_420_3840x2160_60fps_130f.out,22,12.793324167764853,13.943745613098145
262,superfast,22,TimeLapse_4k,3810000000000,1010000000000,472000000000,26865517595,10604394706,6377270283,1870249,201429407,285013232,245000000000,23178273108,24768937615,2454420075,8.4907,default,H:\valgrind\default\callgrind_Default_1T_superfast_qp22_TimeLapse_3840x2160_5994fps_8bit_420_3840x2160_60fps_130f.out,22,14.04120816524578,13.359151840209961
263,superfast,22,ToddlerFountain_2k,1270000000000,322000000000,148000000000,7348543844,2592666839,1779814893,235308,36236342,72736944,86452838689,9019138284,7260265890,636836647,7.1011,default,H:\valgrind\default\callgrind_Default_1T_superfast_qp22_ToddlerFountain_1920x1080_2997fps_8bit_420_1920x1080_30fps_130f.out,22,6.698363865317149,7.040594577789307
264,superfast,22,TreesAndGrass_2k,1400000000000,345000000000,156000000000,7354127839,2617097617,1791688810,237536,36978825,74995299,97635594286,9851744470,7574713290,636625110,7.2048,default,H:\valgrind\default\callgrind_Default_1T_superfast_qp22_TreesAndGrass_1920_1080_30fps_8bit_1920x1080_30fps_130f.out,22,7.335091756354087,7.141293048858643
265,superfast,22,TunnelFlag_2k,1080000000000,280000000000,130000000000,7160917836,2467183951,1723071598,229752,35561674,70879405,70918637164,7118033708,6645042156,616709672,6.8743,default,H:\valgrind\default\callgrind_Default_1T_superfast_qp22_TunnelFlag_1920x1080_5994_8bit_420_1920x1080_60fps_130f.out,22,6.644260988912027,7.005189895629883
266,superfast,22,Vertical_bees_2k,883000000000,236000000000,111000000000,6721657203,1727866796,1429948206,211995,32261761,68260827,56005209750,5193182961,5957048938,607087409,6.4007,default,H:\valgrind\default\callgrind_Default_1T_superfast_qp22_Vertical_bees_1080x1920_2997_1080x1920_30fps_130f.out,22,6.052957265141984,6.417982578277588
267,superfast,22,Vertical_Carnaby_2k,779000000000,211000000000,99618936894,6398650026,1665425827,1402145777,222200,32785150,67981187,48240777151,4217065269,5505132130,591249097,6.3932,default,H:\valgrind\default\callgrind_Default_1T_superfast_qp22_Vertical_Carnaby_1080x1920_5994_1080x1920_60fps_130f.out,22,6.062764594482001,6.375061511993408
268,superfast,22,WalkingInStreet_2k,800000000000,195000000000,87365611237,4365604963,1308829438,964888897,194590,21240418,37864338,56583796744,5842940404,4207460475,346354485,7.2554,default,H:\valgrind\default\callgrind_Default_1T_superfast_qp22_WalkingInStreet_1920x1080_30fps_1920x1080_30fps_130f.out,22,6.6697572400272245,7.133414268493652
269,superfast,22,WorldCup_2k,783000000000,211000000000,98907293476,6289783568,2200318643,1616337480,220721,34928069,60217547,48973748682,4322731995,5471569658,588163729,6.3279,default,H:\valgrind\default\callgrind_Default_1T_superfast_qp22_WorldCup_1920x1080_30p_1920x1080_30fps_130f.out,22,6.548538379083631,6.369260311126709
270,superfast,22,WorldCup_far_2k,1040000000000,271000000000,126000000000,7144668354,2407621081,1696311866,242641,34933147,69989744,68315408805,6974096649,6472700681,610932288,7.0555,default,H:\valgrind\default\callgrind_Default_1T_superfast_qp22_WorldCup_far_1920x1080_30p_1920x1080_30fps_130f.out,22,6.640301721798322,6.917383193969727
271,superfast,27,Aerial3200_2k,1050000000000,277000000000,131000000000,7194568723,2580216641,1776602157,231620,35448958,70245539,68140123636,6651427796,6711232649,635149752,6.3714,default,H:\valgrind\default\callgrind_Default_1T_superfast_qp27_Aerial3200_1920x1080_5994_8bit_420_1920x1080_60fps_130f.out,27,6.552511895844564,6.982642650604248
272,superfast,27,Boat_2k,1120000000000,290000000000,134000000000,7059392487,2532338084,1760981085,223062,36052387,71836592,74500133451,7566716309,6808429138,621488932,6.8668,default,H:\valgrind\default\callgrind_Default_1T_superfast_qp27_Boat_1920x1080_5994_8bit_420_1920x1080_60fps_130f.out,27,6.641048558742505,7.111893177032471
273,superfast,27,BoxingPractice_4k,3220000000000,876000000000,413000000000,25284699453,10258681709,6252684962,1864438,199563220,278128867,203000000000,16950750122,22742677702,2433771885,13.0487,default,H:\valgrind\default\callgrind_Default_1T_superfast_qp27_BoxingPractice_3840x2160_5994fps_8bit_420_3840x2160_60fps_130f.out,27,12.693202968078522,13.038785934448242
274,superfast,27,Crosswalk_4k,3100000000000,850000000000,402000000000,24367038179,10263213548,6261931468,1865156,199583746,275677004,197000000000,14928382402,22568767004,2482941033,12.9287,default,H:\valgrind\default\callgrind_Default_1T_superfast_qp27_Crosswalk_3840x2160_5994fps_8bit_420_3840x2160_60fps_130f.out,27,13.098424043611274,13.086845397949219
275,superfast,27,CrowdRun_1080p50,1250000000000,320000000000,147000000000,7317510406,2622011085,1789945051,223160,36607630,72887767,85150342554,8723778619,7260117426,638331855,7.0286,default,H:\valgrind\default\callgrind_Default_1T_superfast_qp27_CrowdRun_1920x1080p50_1920x1080_50fps_130f.out,27,6.748958970305225,7.146753311157227
276,superfast,27,DinnerSceneCropped_2k,980000000000,262000000000,123000000000,6940682311,2570113860,1769129778,233661,34805420,68986988,63153544377,5645760384,6405175484,638297248,6.3581,default,H:\valgrind\default\callgrind_Default_1T_superfast_qp27_DinnerSceneCropped_1920x1080_2997fps_8bit_420_1920x1080_30fps_130f.out,27,6.29988395440453,6.412133693695068
277,superfast,27,FoodMarket2_4k,3460000000000,935000000000,443000000000,27297874975,10566319088,6404157783,1887927,201054075,279962610,216000000000,19180542415,23932843039,2478149256,13.2135,default,H:\valgrind\default\callgrind_Default_1T_superfast_qp27_FoodMarket2_3840x2160_5994fps_8bit_420_3840x2160_60fps_130f.out,27,13.063252606766563,13.307379722595215
278,superfast,27,FoodMarket_2k,954000000000,255000000000,120000000000,6861741241,2514451071,1749948427,225386,32508236,56269695,61299500173,5586523249,6318040501,629216567,6.3553,default,H:\valgrind\default\callgrind_Default_1T_superfast_qp27_FoodMarket_1920x1080_5994_8bit_420_1920x1080_60fps_130f.out,27,6.815815725389051,6.6269683837890625
279,superfast,27,MeridianTalk_sdr_2k,778000000000,212000000000,99888749197,5998327030,2301857517,1661743433,216436,32506094,56078096,49413527929,3897843995,5590349620,608925405,6.3492,default,H:\valgrind\default\callgrind_Default_1T_superfast_qp27_MeridianTalk_sdr_1920x1080p_5994_8bit_1920x1080_60fps_130f.out,27,6.59520030405415,6.3654656410217285
280,superfast,27,Motorcycle_2k,1030000000000,266000000000,123000000000,6844737535,2393851265,1703230878,219809,33045254,57279940,67750200758,6642188318,6350571950,611574161,7.0063,default,H:\valgrind\default\callgrind_Default_1T_superfast_qp27_Motorcycle_1920x1080_30fps_8bit_1920x1080_30fps_130f.out,27,6.808593030968396,6.829298496246338
281,superfast,27,MountainBike_2k,1050000000000,273000000000,127000000000,6980504764,2451783333,1728947211,224196,33181562,57325356,69421538655,6871929981,6492911607,617005019,7.0351,default,H:\valgrind\default\callgrind_Default_1T_superfast_qp27_MountainBike_1920x1080_30fps_8bit_1920x1080_30fps_130f.out,27,6.784485545176741,6.950440406799316
282,superfast,27,Neon1224_4k,2990000000000,815000000000,382000000000,23874997651,9814068294,6087065191,1881003,199262410,276539295,187000000000,15432967295,21525320976,2357035771,12.9711,default,H:\valgrind\default\callgrind_Default_1T_superfast_qp27_Neon1224_3840x2160_2997fps_3840x2160_30fps_130f.out,27,12.819433784410823,13.185851097106934
283,superfast,27,NocturneDance_4k,3140000000000,852000000000,401000000000,25755899117,10231771939,6257796846,1863328,200079680,278355973,194000000000,16828865543,22189568907,2395315737,13.2943,default,H:\valgrind\default\callgrind_Default_1T_superfast_qp27_NocturneDance_3840x2160p_8bit_60fps_3840x2160_60fps_130f.out,27,12.550208730330736,13.319049835205078
284,superfast,27,OldTownCross_1080p50,1170000000000,306000000000,142000000000,7294681068,2618768066,1798673582,225859,32554221,56921846,78090144074,7676236711,7027683896,640566137,7.1214,default,H:\valgrind\default\callgrind_Default_1T_superfast_qp27_OldTownCross_1920x1080p50_1920x1080_50fps_130f.out,27,6.71434008157085,6.842609882354736
285,superfast,27,PedestrianArea_1080p25,819000000000,222000000000,105000000000,6421456548,2326959215,1668028897,231271,34985526,68025484,51515484196,4443423425,5729920645,606250199,6.3449,default,H:\valgrind\default\callgrind_Default_1T_superfast_qp27_PedestrianArea_1920x1080p25_1920x1080_25fps_130f.out,27,6.349756227853015,6.370628833770752
286,superfast,27,PierSeaSide_4k,3140000000000,853000000000,401000000000,23560381365,9767387541,6099810114,1600791,165551503,211895561,198000000000,16467908308,22310979293,2396057052,13.27,default,H:\valgrind\default\callgrind_Default_1T_superfast_qp27_PierSeaSide_3840x2160_2997fps_8bit_420_3840x2160_30fps_130f.out,27,13.08526875176675,13.220662117004395
287,superfast,27,RitualDance_2k,717000000000,195000000000,91224051025,5701054483,2091652944,1572596633,227033,35210927,67538035,44856703051,3672681544,5216344296,575720372,6.3314,default,H:\valgrind\default\callgrind_Default_1T_superfast_qp27_RitualDance_1920x1080_5994_8bit_420_1920x1080_60fps_130f.out,27,6.3633083963627435,6.346713542938232
288,superfast,27,Riverbed_1080p25,958000000000,257000000000,122000000000,7135580074,2536193424,1762267003,225980,32780800,56403484,60581899439,5636659035,6408641992,630678054,6.4041,default,H:\valgrind\default\callgrind_Default_1T_superfast_qp27_Riverbed_1920x1080p25_1920x1080_25fps_130f.out,27,6.916831569257193,6.675906658172607
289,superfast,27,RushFieldCuts_2k,1030000000000,272000000000,127000000000,7068700916,2483868074,1735010529,225234,33632028,57292827,67133012639,6569885829,6545449474,623241549,7.0206,default,H:\valgrind\default\callgrind_Default_1T_superfast_qp27_RushFieldCuts_1920x1080_2997_1920x1080_30fps_130f.out,27,6.717776894567286,6.727631568908691
291,superfast,27,Tango_4k,3400000000000,925000000000,437000000000,25987841688,10529667676,6364194048,1902247,200975641,279759358,217000000000,17776230464,23793308424,2511502391,13.3681,default,H:\valgrind\default\callgrind_Default_1T_superfast_qp27_Tango_3840x2160_5994fps_8bit_420_3840x2160_60fps_130f.out,27,12.848153671222265,13.048623085021973
292,superfast,27,TimeLapse_4k,3250000000000,879000000000,413000000000,25150290004,10120453664,6216803059,1833010,198941530,277830744,204000000000,17681083660,22703480869,2401244465,13.0925,default,H:\valgrind\default\callgrind_Default_1T_superfast_qp27_TimeLapse_3840x2160_5994fps_8bit_420_3840x2160_60fps_130f.out,27,13.331241795385264,13.068063735961914
293,superfast,27,ToddlerFountain_2k,1070000000000,279000000000,129000000000,6941690604,2509547702,1750255891,231984,32690362,56954887,71042128560,6995909880,6624125646,625373172,7.0285,default,H:\valgrind\default\callgrind_Default_1T_superfast_qp27_ToddlerFountain_1920x1080_2997fps_8bit_420_1920x1080_30fps_130f.out,27,6.856885611491296,7.105429172515869
294,superfast,27,TreesAndGrass_2k,1250000000000,316000000000,144000000000,7162394551,2573306395,1780835737,236568,33641707,58663711,85884457433,8719305362,7173817384,633352689,7.1124,default,H:\valgrind\default\callgrind_Default_1T_superfast_qp27_TreesAndGrass_1920_1080_30fps_8bit_1920x1080_30fps_130f.out,27,7.2676794984763475,7.076257705688477
295,superfast,27,TunnelFlag_2k,914000000000,243000000000,114000000000,6802834425,2361537251,1682018596,223480,35275307,69304939,58617961052,5517131626,6057372973,607868145,6.3523,default,H:\valgrind\default\callgrind_Default_1T_superfast_qp27_TunnelFlag_1920x1080_5994_8bit_420_1920x1080_60fps_130f.out,27,6.437075130694767,6.9567766189575195
296,superfast,27,Vertical_bees_2k,796000000000,215000000000,101000000000,6384683678,1656912259,1403009677,208013,32263754,67513985,49730668025,4343607494,5603316216,598004445,6.3751,default,H:\valgrind\default\callgrind_Default_1T_superfast_qp27_Vertical_bees_1080x1920_2997_1080x1920_30fps_130f.out,27,5.995706538237644,6.397523880004883
297,superfast,27,Vertical_Carnaby_2k,707000000000,193000000000,90856208712,5967255201,1586075306,1372471339,228172,32792924,67705839,43312045567,3516940444,5198371879,579854788,6.4061,default,H:\valgrind\default\callgrind_Default_1T_superfast_qp27_Vertical_Carnaby_1080x1920_5994_1080x1920_60fps_130f.out,27,6.122912164984919,6.402929306030273
298,superfast,27,WalkingInStreet_2k,1240000000000,311000000000,141000000000,7387265385,2256603209,1637379956,330014,36498572,73706370,85556365379,8933514942,6904426340,588382869,7.2329,default,H:\valgrind\default\callgrind_Default_1T_superfast_qp27_WalkingInStreet_1920x1080_30fps_1920x1080_30fps_130f.out,27,7.040090831162269,6.948306560516357
299,superfast,27,WorldCup_2k,706000000000,193000000000,89873792267,5835103200,2126637176,1591240683,214075,34409722,59778686,43698018329,3583389682,5149850736,575412043,6.3472,default,H:\valgrind\default\callgrind_Default_1T_superfast_qp27_WorldCup_1920x1080_30p_1920x1080_30fps_130f.out,27,6.564201712879626,6.3794660568237305
300,superfast,27,WorldCup_far_2k,923000000000,245000000000,115000000000,6874587264,2336529223,1671330163,235892,34671542,68834588,59098606730,5762586901,6063462758,605783075,7.0531,default,H:\valgrind\default\callgrind_Default_1T_superfast_qp27_WorldCup_far_1920x1080_30p_1920x1080_30fps_130f.out,27,6.4254051215285966,6.467494487762451
301,superfast,32,Aerial3200_2k,885000000000,238000000000,113000000000,6746495405,2466383456,1727217665,229385,35397066,68988216,56033137939,4970823031,6058669904,621130088,6.3725,default,H:\valgrind\default\callgrind_Default_1T_superfast_qp32_Aerial3200_1920x1080_5994_8bit_420_1920x1080_60fps_130f.out,32,6.528897854224709,6.876190185546875
302,superfast,32,Boat_2k,974000000000,257000000000,120000000000,6784636359,2474255800,1730786435,227036,35396866,69914746,63088331680,6035685957,6318740144,613953713,6.3672,default,H:\valgrind\default\callgrind_Default_1T_superfast_qp32_Boat_1920x1080_5994_8bit_420_1920x1080_60fps_130f.out,32,6.608642807366638,6.328780174255371
303,superfast,32,BoxingPractice_4k,2800000000000,770000000000,361000000000,22351678414,9611502669,6026932649,1857523,198197311,273757465,174000000000,13200609958,20832490964,2349274074,13.0006,default,H:\valgrind\default\callgrind_Default_1T_superfast_qp32_BoxingPractice_3840x2160_5994fps_8bit_420_3840x2160_60fps_130f.out,32,12.62768291271063,13.028641700744629
304,superfast,32,Crosswalk_4k,2760000000000,764000000000,358000000000,21290882555,9574674209,6001862775,1871546,198226083,272175493,174000000000,12179603941,20933515223,2384001651,12.9114,default,H:\valgrind\default\callgrind_Default_1T_superfast_qp32_Crosswalk_3840x2160_5994fps_8bit_420_3840x2160_60fps_130f.out,32,12.971205518524997,13.119068145751953
305,superfast,32,CrowdRun_1080p50,1050000000000,275000000000,128000000000,6867109107,2518215320,1742897293,223748,35558139,70409288,69031379318,6706515683,6587359514,627866923,7.072,default,H:\valgrind\default\callgrind_Default_1T_superfast_qp32_CrowdRun_1920x1080p50_1920x1080_50fps_130f.out,32,6.5272347388427825,6.571228981018066
306,superfast,32,DinnerSceneCropped_2k,742000000000,204000000000,95995306671,5712013273,2269288951,1654693313,217719,35032083,67881476,47440398180,3473854998,5488475794,612313232,6.2705,default,H:\valgrind\default\callgrind_Default_1T_superfast_qp32_DinnerSceneCropped_1920x1080_2997fps_8bit_420_1920x1080_30fps_130f.out,32,6.075074375143986,6.321244239807129
307,superfast,32,FoodMarket2_4k,3060000000000,837000000000,395000000000,25476366330,10240503697,6256973346,1874428,199021873,276169274,189000000000,15498919640,22138431915,2419032899,13.2082,default,H:\valgrind\default\callgrind_Default_1T_superfast_qp32_FoodMarket2_3840x2160_5994fps_8bit_420_3840x2160_60fps_130f.out,32,13.047952625245683,13.080259323120117
308,superfast,32,FoodMarket_2k,793000000000,216000000000,102000000000,6201906076,2310702317,1674840811,213408,32437973,56009135,50044915467,4072675722,5669806308,610245726,6.3658,default,H:\valgrind\default\callgrind_Default_1T_superfast_qp32_FoodMarket_1920x1080_5994_8bit_420_1920x1080_60fps_130f.out,32,6.712081897101806,6.334995746612549
309,superfast,32,MeridianTalk_sdr_2k,685000000000,189000000000,88392455914,5381271610,2111286182,1596878573,217007,31652111,55419125,42774193504,3105642334,5156054930,587131730,6.3348,default,H:\valgrind\default\callgrind_Default_1T_superfast_qp32_MeridianTalk_sdr_1920x1080p_5994_8bit_1920x1080_60fps_130f.out,32,6.502715748926592,6.364630222320557
310,superfast,32,Motorcycle_2k,909000000000,240000000000,111000000000,6476648261,2285144917,1656350210,220073,32729927,56600596,58953400319,5558363045,5919718542,599739140,7.0665,default,H:\valgrind\default\callgrind_Default_1T_superfast_qp32_Motorcycle_1920x1080_30fps_8bit_1920x1080_30fps_130f.out,32,6.691285973733562,6.667232036590576
311,superfast,32,MountainBike_2k,930000000000,246000000000,114000000000,6675581831,2368427829,1693810585,219909,32907590,56943684,60137287610,5679090967,6051957313,606971730,6.9826,default,H:\valgrind\default\callgrind_Default_1T_superfast_qp32_MountainBike_1920x1080_30fps_8bit_1920x1080_30fps_130f.out,32,6.6903336270097915,6.825646877288818
312,superfast,32,Neon1224_4k,2710000000000,742000000000,346000000000,21952963538,9458760412,5962023218,1909070,197714398,273223843,167000000000,12896479978,20158582858,2281811407,12.957,default,H:\valgrind\default\callgrind_Default_1T_superfast_qp32_Neon1224_3840x2160_2997fps_3840x2160_30fps_130f.out,32,13.035468995736766,13.137655258178711
313,superfast,32,NocturneDance_4k,2780000000000,761000000000,356000000000,23486172287,9831892761,6114251118,1854871,197671964,272655437,170000000000,13489901973,20444046880,2311511346,13.2215,default,H:\valgrind\default\callgrind_Default_1T_superfast_qp32_NocturneDance_3840x2160p_8bit_60fps_3840x2160_60fps_130f.out,32,12.665008059626343,13.050494194030762
314,superfast,32,OldTownCross_1080p50,1070000000000,284000000000,123000000000,10625480118,2235114722,1636371001,230066,30581490,53723791,57205908137,4914459120,5987409658,617302500,6.3166,default,H:\valgrind\default\callgrind_Default_1T_superfast_qp32_OldTownCross_1920x1080p50_1920x1080_50fps_130f.out,32,6.732602939880379,6.288618087768555
315,superfast,32,PedestrianArea_1080p25,716000000000,196000000000,92025316191,5861402639,2200039905,1620637903,237921,34461821,66947269,44388644547,3485513355,5269454724,589030163,6.359,default,H:\valgrind\default\callgrind_Default_1T_superfast_qp32_PedestrianArea_1920x1080p25_1920x1080_25fps_130f.out,32,6.41073646665039,6.383503437042236
316,superfast,32,PierSeaSide_4k,2770000000000,759000000000,355000000000,21772158208,9383478798,5968246860,1602767,165448073,211499884,171000000000,13232356849,20516521649,2306380632,13.3017,default,H:\valgrind\default\callgrind_Default_1T_superfast_qp32_PierSeaSide_3840x2160_2997fps_8bit_420_3840x2160_30fps_130f.out,32,12.968952160962363,12.975875854492188
317,superfast,32,RitualDance_2k,658000000000,181000000000,84198379744,5344533682,2005517563,1541189861,233396,34444950,66986321,40726876765,3126111483,4947850781,563339467,6.3146,default,H:\valgrind\default\callgrind_Default_1T_superfast_qp32_RitualDance_1920x1080_5994_8bit_420_1920x1080_60fps_130f.out,32,6.330575575319793,6.348736763000488
318,superfast,32,Riverbed_1080p25,824000000000,224000000000,106000000000,6698902604,2394011657,1708584321,224936,33021328,56218126,51298799533,4340845922,5848839551,617468188,6.3958,default,H:\valgrind\default\callgrind_Default_1T_superfast_qp32_Riverbed_1920x1080p25_1920x1080_25fps_130f.out,32,6.976692301550393,6.8520097732543945
319,superfast,32,RushFieldCuts_2k,893000000000,238000000000,112000000000,6673003790,2403794267,1698155777,228735,35414368,69269333,56697568724,5215148275,5992946636,611155425,7.0422,default,H:\valgrind\default\callgrind_Default_1T_superfast_qp32_RushFieldCuts_1920x1080_2997_1920x1080_30fps_130f.out,32,6.436642288690463,6.392314910888672
321,superfast,32,Tango_4k,2890000000000,796000000000,375000000000,22573637646,9771879868,6078475611,1879939,198833885,273795040,183000000000,13326156022,21591052839,2423580870,13.2135,default,H:\valgrind\default\callgrind_Default_1T_superfast_qp32_Tango_3840x2160_5994fps_8bit_420_3840x2160_60fps_130f.out,32,12.926440475802329,13.100780487060547
322,superfast,32,TimeLapse_4k,2870000000000,786000000000,368000000000,23492745861,9810444210,6084513909,1892609,197866487,273964793,178000000000,14196594461,21008058462,2331115563,13.1057,default,H:\valgrind\default\callgrind_Default_1T_superfast_qp32_TimeLapse_3840x2160_5994fps_8bit_420_3840x2160_60fps_130f.out,32,13.261019299706268,13.209325790405273
323,superfast,32,ToddlerFountain_2k,912000000000,243000000000,114000000000,6545552222,2393860580,1704925654,235534,33593112,57038477,58755102219,5340934851,6048364549,610396227,6.6525,default,H:\valgrind\default\callgrind_Default_1T_superfast_qp32_ToddlerFountain_1920x1080_2997fps_8bit_420_1920x1080_30fps_130f.out,32,6.717753048507557,6.737261772155762
324,superfast,32,TreesAndGrass_2k,1110000000000,286000000000,132000000000,6917249022,2523760686,1750484725,244093,35528057,71095399,74553396138,7402567177,6743729314,625562240,7.0828,default,H:\valgrind\default\callgrind_Default_1T_superfast_qp32_TreesAndGrass_1920_1080_30fps_8bit_1920x1080_30fps_130f.out,32,6.783365184974828,6.98905611038208
325,superfast,32,TunnelFlag_2k,791000000000,214000000000,100000000000,6223551921,2248631663,1630660296,223006,34373808,67703493,49752072118,4308804516,5543684457,593984316,6.3698,default,H:\valgrind\default\callgrind_Default_1T_superfast_qp32_TunnelFlag_1920x1080_5994_8bit_420_1920x1080_60fps_130f.out,32,6.353965613084262,6.329006671905518
326,superfast,32,Vertical_bees_2k,725000000000,198000000000,92723266428,5999037309,1603345228,1379121097,215301,32537380,67082530,44862699483,3684977286,5280800566,584047905,6.3654,default,H:\valgrind\default\callgrind_Default_1T_superfast_qp32_Vertical_bees_1080x1920_2997_1080x1920_30fps_130f.out,32,5.962098878314611,6.407193660736084
327,superfast,32,Vertical_Carnaby_2k,651000000000,179000000000,83560729082,5513502387,1506316857,1345496707,222119,31626314,66352768,39650143780,3016783054,4929446197,564406154,6.4079,default,H:\valgrind\default\callgrind_Default_1T_superfast_qp32_Vertical_Carnaby_1080x1920_5994_1080x1920_60fps_130f.out,32,6.1743020907381485,6.40987491607666
328,superfast,32,WalkingInStreet_2k,543000000000,140000000000,64589317954,3676882720,1108635700,821473966,160547,17361998,30671853,36110058257,3690332787,3256175303,297314102,7.1539,default,H:\valgrind\default\callgrind_Default_1T_superfast_qp32_WalkingInStreet_1920x1080_30fps_1920x1080_30fps_130f.out,32,6.100869184086776,6.32969331741333
329,superfast,32,WorldCup_2k,650000000000,178000000000,82838497832,5421279067,2021991226,1548231763,218696,34232469,59425539,39893773995,3073524441,4881853534,560523413,6.3585,default,H:\valgrind\default\callgrind_Default_1T_superfast_qp32_WorldCup_1920x1080_30p_1920x1080_30fps_130f.out,32,6.578609577149578,6.359067916870117
330,superfast,32,WorldCup_far_2k,821000000000,221000000000,104000000000,6522064347,2278978446,1639386525,243824,34284559,68055716,51565406927,4712594270,5663383175,595990326,6.3898,default,H:\valgrind\default\callgrind_Default_1T_superfast_qp32_WorldCup_far_1920x1080_30p_1920x1080_30fps_130f.out,32,6.390549888284854,6.334432601928711
331,superfast,37,Aerial3200_2k,773000000000,211000000000,99454339948,6256661203,2333307718,1682590702,229122,34808472,67751784,48207668841,3895215857,5569133832,605618635,6.3831,default,H:\valgrind\default\callgrind_Default_1T_superfast_qp37_Aerial3200_1920x1080_5994_8bit_420_1920x1080_60fps_130f.out,37,6.557548321310806,6.362757682800293
332,superfast,37,Boat_2k,858000000000,231000000000,108000000000,6494939737,2360823649,1694816467,249765,34646213,68517262,54423359664,4842998207,5878095921,604380067,6.3417,default,H:\valgrind\default\callgrind_Default_1T_superfast_qp37_Boat_1920x1080_5994_8bit_420_1920x1080_60fps_130f.out,37,6.574432252736569,6.383894920349121
333,superfast,37,BoxingPractice_4k,2580000000000,714000000000,333000000000,20683964239,9305944411,5907844014,1876690,195857993,269197658,159000000000,11421602927,19717361722,2280670420,13.0209,default,H:\valgrind\default\callgrind_Default_1T_superfast_qp37_BoxingPractice_3840x2160_5994fps_8bit_420_3840x2160_60fps_130f.out,37,12.687848660802706,13.177234649658203
334,superfast,37,Crosswalk_4k,2580000000000,716000000000,334000000000,19699850490,9217111393,5883129366,1865906,196732911,269596306,160000000000,10899877841,19888681862,2308773513,12.9536,default,H:\valgrind\default\callgrind_Default_1T_superfast_qp37_Crosswalk_3840x2160_5994fps_8bit_420_3840x2160_60fps_130f.out,37,12.688061351290099,13.079225540161133
335,superfast,37,CrowdRun_1080p50,898000000000,240000000000,113000000000,6480937453,2389056393,1703213815,221972,35465887,69548029,57611725315,5221099463,6033654583,615353624,6.3421,default,H:\valgrind\default\callgrind_Default_1T_superfast_qp37_CrowdRun_1920x1080p50_1920x1080_50fps_130f.out,37,6.365190345727008,6.630764961242676
336,superfast,37,DinnerSceneCropped_2k,647000000000,179000000000,83740983253,4777683716,2016559158,1570545129,226689,31954018,55276839,40708637474,2722758370,5008148437,580950531,6.3238,default,H:\valgrind\default\callgrind_Default_1T_superfast_qp37_DinnerSceneCropped_1920x1080_2997fps_8bit_420_1920x1080_30fps_130f.out,37,6.219357467248567,6.335796356201172
337,superfast,37,FoodMarket2_4k,2810000000000,773000000000,363000000000,23645248075,9887738303,6113747944,1915402,198917826,274582457,173000000000,13233877149,20891015147,2359539534,13.2051,default,H:\valgrind\default\callgrind_Default_1T_superfast_qp37_FoodMarket2_3840x2160_5994fps_8bit_420_3840x2160_60fps_130f.out,37,13.13308055781866,13.094715118408203
338,superfast,37,FoodMarket_2k,713000000000,196000000000,91842648613,5666700467,2193122628,1628208081,216057,31950865,55301206,44453188014,3346771951,5287288193,593120868,6.3796,default,H:\valgrind\default\callgrind_Default_1T_superfast_qp37_FoodMarket_1920x1080_5994_8bit_420_1920x1080_60fps_130f.out,37,6.694533297011546,6.362695693969727
339,superfast,37,MeridianTalk_sdr_2k,635000000000,176000000000,81784939800,4975534410,2004134552,1553613709,221782,31885089,55563046,39214362292,2721670123,4888620291,568970131,6.3354,default,H:\valgrind\default\callgrind_Default_1T_superfast_qp37_MeridianTalk_sdr_1920x1080p_5994_8bit_1920x1080_60fps_130f.out,37,6.474600650017632,6.333135604858398
340,superfast,37,Motorcycle_2k,812000000000,218000000000,101000000000,6129251930,2219657027,1626849191,218921,32625331,56243589,51606411751,4587346076,5553372307,587260720,6.3269,default,H:\valgrind\default\callgrind_Default_1T_superfast_qp37_Motorcycle_1920x1080_30fps_8bit_1920x1080_30fps_130f.out,37,6.640965123687433,6.352136135101318
341,superfast,37,MountainBike_2k,829000000000,222000000000,104000000000,6356906420,2288289791,1660763696,219126,32089681,55787137,52479571520,4654567208,5670435872,595988160,6.3469,default,H:\valgrind\default\callgrind_Default_1T_superfast_qp37_MountainBike_1920x1080_30fps_8bit_1920x1080_30fps_130f.out,37,6.4988691186968,6.359380722045898
342,superfast,37,Neon1224_4k,2490000000000,687000000000,319000000000,20442081008,9165110548,5854101774,1896458,197464275,271274564,152000000000,11191631261,19059180862,2205821391,13.1415,default,H:\valgrind\default\callgrind_Default_1T_superfast_qp37_Neon1224_3840x2160_2997fps_3840x2160_30fps_130f.out,37,12.982275845129198,6.852176189422607
343,superfast,37,NocturneDance_4k,2540000000000,699000000000,325000000000,21406178512,9470481642,5973355242,1898106,196036575,269939594,154000000000,11389496099,19245259691,2235648478,13.1773,default,H:\valgrind\default\callgrind_Default_1T_superfast_qp37_NocturneDance_3840x2160p_8bit_60fps_3840x2160_60fps_130f.out,37,12.965385586618746,13.100458145141602
344,superfast,37,OldTownCross_1080p50,754000000000,206000000000,96436277924,5675293879,2205191213,1639137653,246145,34177019,67162754,47567330994,3728856726,5452124451,596590994,6.3815,default,H:\valgrind\default\callgrind_Default_1T_superfast_qp37_OldTownCross_1920x1080p50_1920x1080_50fps_130f.out,37,6.190480496995736,6.341470718383789
345,superfast,37,PedestrianArea_1080p25,661000000000,182000000000,84998485153,5389711375,2070879559,1572671327,227107,32122608,55519744,40655349518,2990877194,5003004863,575313520,6.3598,default,H:\valgrind\default\callgrind_Default_1T_superfast_qp37_PedestrianArea_1920x1080p25_1920x1080_25fps_130f.out,37,6.5356294170990985,6.345798492431641
346,superfast,37,PierSeaSide_4k,3050000000000,833000000000,359000000000,31656307927,8771698095,5770353429,2005375,163201990,208200005,155000000000,11448222004,19232359112,2222124239,13.1386,default,H:\valgrind\default\callgrind_Default_1T_superfast_qp37_PierSeaSide_3840x2160_2997fps_8bit_420_3840x2160_30fps_130f.out,37,14.394501249107282,13.463813781738281
347,superfast,37,RitualDance_2k,614000000000,170000000000,78510762005,5038029804,1909780528,1501959723,234411,32373194,56188875,37661292298,2752407926,4722477036,549738104,6.3482,default,H:\valgrind\default\callgrind_Default_1T_superfast_qp37_RitualDance_1920x1080_5994_8bit_420_1920x1080_60fps_130f.out,37,6.493378488722196,6.300114631652832
348,superfast,37,Riverbed_1080p25,744000000000,204000000000,96223621822,6260749721,2306965891,1675448571,244526,34647797,67414977,45980247228,3596084628,5465900156,602960524,6.362,default,H:\valgrind\default\callgrind_Default_1T_superfast_qp37_Riverbed_1920x1080p25_1920x1080_25fps_130f.out,37,6.693237025295174,6.358461380004883
349,superfast,37,RushFieldCuts_2k,787000000000,213000000000,100000000000,6223067926,2260576109,1649124835,220514,33144583,56530199,49130558015,4201988957,5551737122,596324131,6.3248,default,H:\valgrind\default\callgrind_Default_1T_superfast_qp37_RushFieldCuts_1920x1080_2997_1920x1080_30fps_130f.out,37,6.580673155329614,6.363231182098389
351,superfast,37,Tango_4k,2660000000000,737000000000,344000000000,20582017419,9372139583,5935781277,1928362,197759701,271381630,166000000000,11528510491,20332038905,2340589472,13.1884,default,H:\valgrind\default\callgrind_Default_1T_superfast_qp37_Tango_3840x2160_5994fps_8bit_420_3840x2160_60fps_130f.out,37,12.875700475613835,12.98865795135498
352,superfast,37,TimeLapse_4k,2630000000000,723000000000,337000000000,21902048628,9504987038,5983727429,1883197,196887617,271868652,161000000000,12056938513,19804152405,2268953891,13.1057,default,H:\valgrind\default\callgrind_Default_1T_superfast_qp37_TimeLapse_3840x2160_5994fps_8bit_420_3840x2160_60fps_130f.out,37,13.175908114575073,13.01680850982666
353,superfast,37,ToddlerFountain_2k,786000000000,213000000000,99803281212,6129005101,2290934423,1659692103,225458,32492200,56148229,49373178166,4111767763,5535130328,594511405,6.3507,default,H:\valgrind\default\callgrind_Default_1T_superfast_qp37_ToddlerFountain_1920x1080_2997fps_8bit_420_1920x1080_30fps_130f.out,37,6.674440865981634,6.334025859832764
354,superfast,37,TreesAndGrass_2k,978000000000,258000000000,120000000000,6662763761,2433609136,1724679164,225387,35180186,69614600,64121965364,6044087230,6308745259,615538611,6.3948,default,H:\valgrind\default\callgrind_Default_1T_superfast_qp37_TreesAndGrass_1920_1080_30fps_8bit_1920x1080_30fps_130f.out,37,6.676828452283562,6.548125743865967
355,superfast,37,TunnelFlag_2k,709000000000,194000000000,90587078076,5724302918,2099850617,1579097932,243585,34472771,67167982,44077523127,3521836407,5195202884,580021933,6.3631,default,H:\valgrind\default\callgrind_Default_1T_superfast_qp37_TunnelFlag_1920x1080_5994_8bit_420_1920x1080_60fps_130f.out,37,6.351766063014474,6.362630367279053
356,superfast,37,Vertical_bees_2k,674000000000,185000000000,86275554663,5638451519,1513597375,1350113552,221761,31375740,66076108,41359686302,3213915997,5034850597,570961326,6.4461,default,H:\valgrind\default\callgrind_Default_1T_superfast_qp37_Vertical_bees_1080x1920_2997_1080x1920_30fps_130f.out,37,5.929191002375766,6.3967976570129395
357,superfast,37,Vertical_Carnaby_2k,612000000000,169000000000,78462208681,5153387825,1426115546,1317406735,231259,31923301,66136240,37226891989,2704897484,4733831777,550910156,6.3596,default,H:\valgrind\default\callgrind_Default_1T_superfast_qp37_Vertical_Carnaby_1080x1920_5994_1080x1920_60fps_130f.out,37,6.2151367719377255,6.392566680908203
358,superfast,37,WalkingInStreet_2k,534000000000,141000000000,65579792730,4029768262,1241738731,919040648,178012,19073368,33524235,34421934246,3360867948,3421641947,333608378,6.4568,default,H:\valgrind\default\callgrind_Default_1T_superfast_qp37_WalkingInStreet_1920x1080_30fps_1920x1080_30fps_130f.out,37,6.139177030056172,6.320001602172852
359,superfast,37,WorldCup_2k,611000000000,169000000000,77974304003,5085795175,1926344443,1512413647,223925,34233407,59554215,37352723901,2742840679,4696875340,548336719,6.2898,default,H:\valgrind\default\callgrind_Default_1T_superfast_qp37_WorldCup_1920x1080_30p_1920x1080_30fps_130f.out,37,6.574183080719475,6.356801509857178
360,superfast,37,WorldCup_far_2k,744000000000,203000000000,94922292374,6156967281,2177903349,1607441557,232855,34474746,67456426,46104349461,3928686293,5339886012,584971150,6.313,default,H:\valgrind\default\callgrind_Default_1T_superfast_qp37_WorldCup_far_1920x1080_30p_1920x1080_30fps_130f.out,37,6.4192545422745955,6.349048137664795
361,veryfast,22,Aerial3200_2k,1350000000000,345000000000,161000000000,7552726736,2205940652,1749174497,346808,61379375,81625941,90988277453,9217446477,7749706648,661931418,7.1671,default,H:\valgrind\default\callgrind_Default_1T_veryfast_qp22_Aerial3200_1920x1080_5994_8bit_420_1920x1080_60fps_130f.out,22,6.855446221747897,6.983834266662598
362,veryfast,22,Boat_2k,1360000000000,341000000000,156000000000,7282583740,2155345951,1729772050,342646,59507569,81030429,93436841133,9460693707,7541913424,642445524,7.1358,default,H:\valgrind\default\callgrind_Default_1T_veryfast_qp22_Boat_1920x1080_5994_8bit_420_1920x1080_60fps_130f.out,22,7.0129189117705515,7.119570732116699
363,veryfast,22,BoxingPractice_4k,4200000000000,1110000000000,523000000000,27937914489,8286820950,6848710028,2232418,312260001,341442572,273000000000,24855941720,26484390641,2556315629,13.6248,default,H:\valgrind\default\callgrind_Default_1T_veryfast_qp22_BoxingPractice_3840x2160_5994fps_8bit_420_3840x2160_60fps_130f.out,22,12.808760729273883,12.343469619750977
364,veryfast,22,Crosswalk_4k,4180000000000,1110000000000,525000000000,27939020350,8518769241,6924088576,2290966,314348290,337652987,271000000000,23408130315,26722015238,2618232411,13.055,default,H:\valgrind\default\callgrind_Default_1T_veryfast_qp22_Crosswalk_3840x2160_5994fps_8bit_420_3840x2160_60fps_130f.out,22,13.33343066228985,13.631463050842285
365,veryfast,22,CrowdRun_1080p50,1590000000000,395000000000,179000000000,7630061773,2238893435,1758690643,343091,61713586,83684160,113000000000,11512839240,8325865307,663887955,7.2255,default,H:\valgrind\default\callgrind_Default_1T_veryfast_qp22_CrowdRun_1920x1080p50_1920x1080_50fps_130f.out,22,7.046974579464539,7.220455169677734
366,veryfast,22,DinnerSceneCropped_2k,1390000000000,359000000000,166000000000,7522140351,2231926896,1757439267,330393,61515140,81371488,95786976754,9580254438,7848630439,671950308,6.3792,default,H:\valgrind\default\callgrind_Default_1T_veryfast_qp22_DinnerSceneCropped_1920x1080_2997fps_8bit_420_1920x1080_30fps_130f.out,22,6.878972656670245,7.166177272796631
367,veryfast,22,FoodMarket2_4k,4330000000000,1140000000000,541000000000,28983042610,8395597856,6903314691,2254812,317917621,342678776,280000000000,26200478394,27270856503,2581829220,13.9507,default,H:\valgrind\default\callgrind_Default_1T_veryfast_qp22_FoodMarket2_3840x2160_5994fps_8bit_420_3840x2160_60fps_130f.out,22,12.898172235384449,14.052386283874512
368,veryfast,22,FoodMarket_2k,1320000000000,340000000000,158000000000,7413085009,2153162426,1739999289,296861,56408827,62827038,89003178511,8785188654,7590633095,661957920,6.8418,default,H:\valgrind\default\callgrind_Default_1T_veryfast_qp22_FoodMarket_1920x1080_5994_8bit_420_1920x1080_60fps_130f.out,22,6.839603945134842,6.944413661956787
369,veryfast,22,MeridianTalk_sdr_2k,1060000000000,281000000000,131000000000,6809079493,2075032666,1700986868,312977,54888067,62640665,70006758261,6127429104,6655081342,648432075,6.3813,default,H:\valgrind\default\callgrind_Default_1T_veryfast_qp22_MeridianTalk_sdr_1920x1080p_5994_8bit_1920x1080_60fps_130f.out,22,6.774550794019802,6.49314022064209
370,veryfast,22,Motorcycle_2k,1220000000000,309000000000,143000000000,7164559648,2040641964,1699139363,314212,59351451,70106412,82575199908,7961231754,7021898564,636274287,7.0665,default,H:\valgrind\default\callgrind_Default_1T_veryfast_qp22_Motorcycle_1920x1080_30fps_8bit_1920x1080_30fps_130f.out,22,6.923454351526033,6.868402004241943
371,veryfast,22,MountainBike_2k,1250000000000,318000000000,147000000000,7249452841,2096688954,1719104307,301996,55264108,63650742,85102811482,8351283174,7186566627,639811683,7.0957,default,H:\valgrind\default\callgrind_Default_1T_veryfast_qp22_MountainBike_1920x1080_30fps_8bit_1920x1080_30fps_130f.out,22,7.151250547070523,7.1371259689331055
372,veryfast,22,Neon1224_4k,3520000000000,944000000000,446000000000,25688744212,7710218962,6607314194,2259270,303723937,330671201,225000000000,19089210935,23724930364,2482738202,13.4567,default,H:\valgrind\default\callgrind_Default_1T_veryfast_qp22_Neon1224_3840x2160_2997fps_3840x2160_30fps_130f.out,22,12.51462068044327,13.227823257446289
373,veryfast,22,NocturneDance_4k,3750000000000,1000000000000,475000000000,27789666853,8106902329,6781244552,2232927,310497107,335926709,239000000000,21440309470,24751746020,2516854542,13.3742,default,H:\valgrind\default\callgrind_Default_1T_veryfast_qp22_NocturneDance_3840x2160p_8bit_60fps_3840x2160_60fps_130f.out,22,12.464761143205399,13.266156196594238
374,veryfast,22,OldTownCross_1080p50,1610000000000,402000000000,182000000000,7687071898,2198422581,1754805339,318497,57694778,65144617,114000000000,11757300996,8385033807,666295084,7.1316,default,H:\valgrind\default\callgrind_Default_1T_veryfast_qp22_OldTownCross_1920x1080p50_1920x1080_50fps_130f.out,22,7.6070881261049275,7.215012073516846
375,veryfast,22,PedestrianArea_1080p25,1090000000000,287000000000,134000000000,6990008980,2089674678,1702438923,334701,58356390,78265274,71330643203,6634190431,6742342500,638340005,6.3747,default,H:\valgrind\default\callgrind_Default_1T_veryfast_qp22_PedestrianArea_1920x1080p25_1920x1080_25fps_130f.out,22,6.574176713545354,6.418712615966797
376,veryfast,22,PierSeaSide_4k,3880000000000,1030000000000,486000000000,26121483373,7823940240,6578855444,2100476,280820524,260313479,253000000000,22378978544,25099587338,2507876349,13.2578,default,H:\valgrind\default\callgrind_Default_1T_veryfast_qp22_PierSeaSide_3840x2160_2997fps_8bit_420_3840x2160_30fps_130f.out,22,13.968641432981176,13.398026466369629
377,veryfast,22,RitualDance_2k,841000000000,226000000000,106000000000,6127471094,1892159460,1622230742,334716,55126969,75769972,54166799205,4562770883,5722771549,604746459,6.3007,default,H:\valgrind\default\callgrind_Default_1T_veryfast_qp22_RitualDance_1920x1080_5994_8bit_420_1920x1080_60fps_130f.out,22,6.4721612769088335,6.346922397613525
378,veryfast,22,Riverbed_1080p25,1240000000000,322000000000,151000000000,7499183540,2191302395,1748923064,345797,60443737,79575449,81949959306,8052583219,7384251212,653284320,6.4294,default,H:\valgrind\default\callgrind_Default_1T_veryfast_qp22_Riverbed_1920x1080p25_1920x1080_25fps_130f.out,22,6.897928833261972,6.883118152618408
379,veryfast,22,RushFieldCuts_2k,1250000000000,321000000000,150000000000,7316940252,2157697190,1719623889,335633,58645286,79328359,83638578934,8173672681,7348854715,655038598,7.0231,default,H:\valgrind\default\callgrind_Default_1T_veryfast_qp22_RushFieldCuts_1920x1080_2997_1920x1080_30fps_130f.out,22,6.739072804395333,6.754368782043457
381,veryfast,22,Tango_4k,4790000000000,1250000000000,585000000000,28677860875,8642062019,6998598027,2248890,318371856,347633332,319000000000,29320218810,28680230182,2631561114,14.0446,default,H:\valgrind\default\callgrind_Default_1T_veryfast_qp22_Tango_3840x2160_5994fps_8bit_420_3840x2160_60fps_130f.out,22,12.732694346966293,13.703024864196777
382,veryfast,22,TimeLapse_4k,4020000000000,1060000000000,499000000000,26909736282,8046743177,6735838973,2309572,309507329,339595053,262000000000,23825141132,25612152944,2524550265,8.4907,default,H:\valgrind\default\callgrind_Default_1T_veryfast_qp22_TimeLapse_3840x2160_5994fps_8bit_420_3840x2160_60fps_130f.out,22,13.823125141150065,13.330695152282715
383,veryfast,22,ToddlerFountain_2k,1350000000000,343000000000,158000000000,7375275129,2135344942,1734642529,320716,56319186,64474451,93125094951,9413819445,7593491220,657848219,7.1011,default,H:\valgrind\default\callgrind_Default_1T_veryfast_qp22_ToddlerFountain_1920x1080_2997fps_8bit_420_1920x1080_30fps_130f.out,22,6.936206836783357,7.085119247436523
384,veryfast,22,TreesAndGrass_2k,1490000000000,368000000000,167000000000,7377322912,2187382746,1742707220,342067,60396763,82828702,105000000000,10308563656,7944442144,658037134,7.2048,default,H:\valgrind\default\callgrind_Default_1T_veryfast_qp22_TreesAndGrass_1920_1080_30fps_8bit_1920x1080_30fps_130f.out,22,7.436262221597049,7.170781135559082
385,veryfast,22,TunnelFlag_2k,1130000000000,295000000000,137000000000,7166217459,2113098575,1701297252,332738,59341070,78973207,75422109264,7300930795,6868796068,633939319,6.8743,default,H:\valgrind\default\callgrind_Default_1T_veryfast_qp22_TunnelFlag_1920x1080_5994_8bit_420_1920x1080_60fps_130f.out,22,6.730355917833101,6.972450256347656
386,veryfast,22,Vertical_bees_2k,925000000000,246000000000,116000000000,6727057696,1995712920,1666177762,309975,55916976,76118024,59323500950,5278047712,6102139015,621471892,6.4007,default,H:\valgrind\default\callgrind_Default_1T_veryfast_qp22_Vertical_bees_1080x1920_2997_1080x1920_30fps_130f.out,22,6.525378634601125,6.771722316741943
387,veryfast,22,Vertical_Carnaby_2k,813000000000,220000000000,104000000000,6398336262,1939287218,1639060214,318150,53941280,74614905,50984897578,4250465641,5609437142,604622630,6.3932,default,H:\valgrind\default\callgrind_Default_1T_veryfast_qp22_Vertical_Carnaby_1080x1920_5994_1080x1920_60fps_130f.out,22,6.325244905877938,6.371840000152588
388,veryfast,22,WalkingInStreet_2k,1390000000000,339000000000,152000000000,7210162263,1906849931,1616265177,439648,60144622,82864003,98972451634,9920208735,7163216470,584996383,7.2554,default,H:\valgrind\default\callgrind_Default_1T_veryfast_qp22_WalkingInStreet_1920x1080_30fps_1920x1080_30fps_130f.out,22,7.560746087444409,7.204653263092041
389,veryfast,22,WorldCup_2k,95414015338,25655349932,12102965782,735421639,218597247,192217067,46131,5961442,8943233,6078602749,506612255,654704402,70527340,6.3279,default,H:\valgrind\default\callgrind_Default_1T_veryfast_qp22_WorldCup_1920x1080_30p_1920x1080_30fps_130f.out,22,5.051472423977289,7.043673515319824
390,veryfast,22,WorldCup_far_2k,1100000000000,284000000000,133000000000,7145442768,2021527574,1683292135,329159,59281205,70122697,72468214423,7141392589,6651523003,626624094,7.0555,default,H:\valgrind\default\callgrind_Default_1T_veryfast_qp22_WorldCup_far_1920x1080_30p_1920x1080_30fps_130f.out,22,6.692369094279707,7.0596113204956055
391,veryfast,27,Aerial3200_2k,1120000000000,295000000000,139000000000,7225219865,2110824120,1712397608,347479,59242996,77950443,73310064805,6877589636,7003698120,655694575,6.3714,default,H:\valgrind\default\callgrind_Default_1T_veryfast_qp27_Aerial3200_1920x1080_5994_8bit_420_1920x1080_60fps_130f.out,27,6.81555655299705,6.997465133666992
392,veryfast,27,Boat_2k,1190000000000,306000000000,142000000000,7077078605,2072085785,1699819278,349986,58692729,79606019,79749102012,7829058873,7074496007,639967376,6.8668,default,H:\valgrind\default\callgrind_Default_1T_veryfast_qp27_Boat_1920x1080_5994_8bit_420_1920x1080_60fps_130f.out,27,6.746076607309839,7.1196980476379395
393,veryfast,27,BoxingPractice_4k,3400000000000,920000000000,435000000000,25362555711,7817044643,6629237497,2272722,301421321,327631445,217000000000,17308501923,23443542891,2503519325,13.0487,default,H:\valgrind\default\callgrind_Default_1T_veryfast_qp27_BoxingPractice_3840x2160_5994fps_8bit_420_3840x2160_60fps_130f.out,27,12.748946826547366,13.085975646972656
394,veryfast,27,Crosswalk_4k,3280000000000,899000000000,426000000000,24498749539,7892557197,6646488306,2369141,304418100,325689216,212000000000,15339044988,23403320372,2562707556,12.9287,default,H:\valgrind\default\callgrind_Default_1T_veryfast_qp27_Crosswalk_3840x2160_5994fps_8bit_420_3840x2160_60fps_130f.out,27,13.388213085496176,13.161595344543457
395,veryfast,27,CrowdRun_1080p50,1340000000000,341000000000,158000000000,7350671401,2141158851,1726014370,325578,59261770,79564036,91812282584,9109792082,7617725216,660899541,7.0286,default,H:\valgrind\default\callgrind_Default_1T_veryfast_qp27_CrowdRun_1920x1080p50_1920x1080_50fps_130f.out,27,6.646944357077717,7.103880882263184
396,veryfast,27,DinnerSceneCropped_2k,1050000000000,279000000000,132000000000,6979800591,2107270197,1707080838,322775,59927070,77762821,68167981000,5865694620,6696722978,659650644,6.3581,default,H:\valgrind\default\callgrind_Default_1T_veryfast_qp27_DinnerSceneCropped_1920x1080_2997fps_8bit_420_1920x1080_30fps_130f.out,27,6.43025878135513,6.285973072052002
397,veryfast,27,FoodMarket2_4k,3630000000000,980000000000,466000000000,27353671406,8126341650,6749963511,2261807,308890513,331820851,230000000000,19458360231,24633621054,2544222348,13.2135,default,H:\valgrind\default\callgrind_Default_1T_veryfast_qp27_FoodMarket2_3840x2160_5994fps_8bit_420_3840x2160_60fps_130f.out,27,12.762070946927592,13.352917671203613
398,veryfast,27,FoodMarket_2k,1020000000000,271000000000,128000000000,6893274597,2088783611,1708749201,317049,55272295,62358056,66019003980,5769458716,6587398025,649568316,6.3553,default,H:\valgrind\default\callgrind_Default_1T_veryfast_qp27_FoodMarket_1920x1080_5994_8bit_420_1920x1080_60fps_130f.out,27,6.9555373039115835,6.418241500854492
399,veryfast,27,MeridianTalk_sdr_2k,820000000000,223000000000,105000000000,6015868129,1933062468,1648071047,322976,56394738,67928920,52835833908,3986686393,5756493460,625986591,6.3492,default,H:\valgrind\default\callgrind_Default_1T_veryfast_qp27_MeridianTalk_sdr_1920x1080p_5994_8bit_1920x1080_60fps_130f.out,27,6.671840142225523,6.362791061401367
400,veryfast,27,Motorcycle_2k,1080000000000,280000000000,130000000000,6856215255,2042027568,1690915256,309765,54878348,63556518,72442078029,6849521454,6557746325,627680434,7.0063,default,H:\valgrind\default\callgrind_Default_1T_veryfast_qp27_Motorcycle_1920x1080_30fps_8bit_1920x1080_30fps_130f.out,27,6.768222370020011,7.0181450843811035
401,veryfast,27,MountainBike_2k,1360000000000,346000000000,151000000000,12710068979,1854012854,1640680956,302274,53574478,60594014,75645426841,7103389970,6728369233,633481081,7.0351,default,H:\valgrind\default\callgrind_Default_1T_veryfast_qp27_MountainBike_1920x1080_30fps_8bit_1920x1080_30fps_130f.out,27,7.152152961004974,6.974603176116943
402,veryfast,27,Neon1224_4k,3130000000000,848000000000,400000000000,23904263229,7334679818,6459108906,2246520,297141232,322437484,198000000000,15641819752,21976024762,2413345918,12.9711,default,H:\valgrind\default\callgrind_Default_1T_veryfast_qp27_Neon1224_3840x2160_2997fps_3840x2160_30fps_130f.out,27,12.462663060570307,13.241410255432129
403,veryfast,27,NocturneDance_4k,3290000000000,888000000000,420000000000,25817598344,7739888812,6628365828,2276999,301199649,325535265,206000000000,17002141473,22701982507,2454052137,13.2943,default,H:\valgrind\default\callgrind_Default_1T_veryfast_qp27_NocturneDance_3840x2160p_8bit_60fps_3840x2160_60fps_130f.out,27,12.413576381093298,13.295119285583496
404,veryfast,27,OldTownCross_1080p50,1550000000000,393000000000,171000000000,13289219307,1933491178,1675087949,325792,55550408,60909314,85735721168,8046009155,7376892090,662382716,7.1214,default,H:\valgrind\default\callgrind_Default_1T_veryfast_qp27_OldTownCross_1920x1080p50_1920x1080_50fps_130f.out,27,7.244033844374955,6.789769649505615
405,veryfast,27,PedestrianArea_1080p25,860000000000,232000000000,110000000000,6432359091,1933017246,1641047088,341180,57848641,77230382,54768707876,4513467472,5878486939,621796433,6.3449,default,H:\valgrind\default\callgrind_Default_1T_veryfast_qp27_PedestrianArea_1920x1080p25_1920x1080_25fps_130f.out,27,6.4568239612001035,6.371821403503418
406,veryfast,27,PierSeaSide_4k,3280000000000,888000000000,419000000000,23568385866,7366199044,6484485759,2003830,258589680,232738121,209000000000,16697126286,22783507667,2451818335,13.27,default,H:\valgrind\default\callgrind_Default_1T_veryfast_qp27_PierSeaSide_3840x2160_2997fps_8bit_420_3840x2160_30fps_130f.out,27,13.357728291078734,13.206677436828613
407,veryfast,27,RitualDance_2k,749000000000,204000000000,95451609262,5703277133,1752587080,1573002636,364861,53958106,74838597,47574761206,3723038827,5322607270,589355186,6.3314,default,H:\valgrind\default\callgrind_Default_1T_veryfast_qp27_RitualDance_1920x1080_5994_8bit_420_1920x1080_60fps_130f.out,27,6.44807206722357,6.367481708526611
408,veryfast,27,Riverbed_1080p25,1240000000000,325000000000,145000000000,13028752885,1877718432,1647942489,357095,54970368,59031305,65945577905,5762669829,6645552742,648933337,6.4041,default,H:\valgrind\default\callgrind_Default_1T_veryfast_qp27_Riverbed_1920x1080p25_1920x1080_25fps_130f.out,27,7.734672768762582,6.442444801330566
409,veryfast,27,RushFieldCuts_2k,1100000000000,288000000000,135000000000,7087577544,2056654481,1689258308,335339,58466821,79183715,72044876535,6758846414,6799305878,643930302,7.0206,default,H:\valgrind\default\callgrind_Default_1T_veryfast_qp27_RushFieldCuts_1920x1080_2997_1920x1080_30fps_130f.out,27,6.563001469455319,6.644408702850342
411,veryfast,27,Tango_4k,3620000000000,981000000000,466000000000,26125925584,8150327960,6747849745,2246536,305539266,329777052,234000000000,18339722785,24794962413,2596024910,13.3681,default,H:\valgrind\default\callgrind_Default_1T_veryfast_qp27_Tango_3840x2160_5994fps_8bit_420_3840x2160_60fps_130f.out,27,12.879889970941536,13.010112762451172
412,veryfast,27,TimeLapse_4k,3420000000000,921000000000,434000000000,25175552534,7645450846,6569590910,2340394,300023903,325934145,217000000000,17995212013,23315635821,2462772371,13.0925,default,H:\valgrind\default\callgrind_Default_1T_veryfast_qp27_TimeLapse_3840x2160_5994fps_8bit_420_3840x2160_60fps_130f.out,27,13.422720041045611,13.159249305725098
413,veryfast,27,ToddlerFountain_2k,1140000000000,297000000000,138000000000,6962589217,2069463529,1693963125,332763,57865366,78975835,76623521645,7267712701,6908586920,644509520,7.0285,default,H:\valgrind\default\callgrind_Default_1T_veryfast_qp27_ToddlerFountain_1920x1080_2997fps_8bit_420_1920x1080_30fps_130f.out,27,6.559903395641486,7.074619770050049
414,veryfast,27,TreesAndGrass_2k,1340000000000,337000000000,154000000000,7182631449,2099519840,1709833982,348912,59032354,80098248,92748761092,9116216510,7517776862,653986387,7.1124,default,H:\valgrind\default\callgrind_Default_1T_veryfast_qp27_TreesAndGrass_1920_1080_30fps_8bit_1920x1080_30fps_130f.out,27,7.170258755318182,7.05604887008667
415,veryfast,27,TunnelFlag_2k,959000000000,255000000000,120000000000,6806296290,1986507239,1662013105,330587,57559991,76642120,62162941207,5614876790,6216299578,623035533,6.3523,default,H:\valgrind\default\callgrind_Default_1T_veryfast_qp27_TunnelFlag_1920x1080_5994_8bit_420_1920x1080_60fps_130f.out,27,6.49588921773862,6.824124813079834
416,veryfast,27,Vertical_bees_2k,831000000000,224000000000,106000000000,6391511004,1931865702,1643246574,299263,51011727,62925800,52542472534,4394065504,5713195998,611161629,6.3751,default,H:\valgrind\default\callgrind_Default_1T_veryfast_qp27_Vertical_bees_1080x1920_2997_1080x1920_30fps_130f.out,27,6.535602659655183,6.358421802520752
417,veryfast,27,Vertical_Carnaby_2k,735000000000,200000000000,94428241665,5963152812,1821902396,1595173393,327080,53822351,74036366,45651873642,3527326080,5274696255,591820397,6.4061,default,H:\valgrind\default\callgrind_Default_1T_veryfast_qp27_Vertical_Carnaby_1080x1920_5994_1080x1920_60fps_130f.out,27,6.3992336526935745,6.358260631561279
418,veryfast,27,WalkingInStreet_2k,1300000000000,326000000000,149000000000,7369977910,1938507054,1646145073,446395,60381811,81512825,90304205063,9131148027,7080828786,599673468,7.2329,default,H:\valgrind\default\callgrind_Default_1T_veryfast_qp27_WalkingInStreet_1920x1080_30fps_1920x1080_30fps_130f.out,27,7.113646323637103,7.1037445068359375
419,veryfast,27,WorldCup_2k,4350477481,1178229606,590552602,33944918,11962037,12514907,17924,556290,2709083,312786728,18482356,33450764,3887516,6.3472,default,H:\valgrind\default\callgrind_Default_1T_veryfast_qp27_WorldCup_1920x1080_30p_1920x1080_30fps_130f.out,27,4.8644564826456165,7.043673515319824
420,veryfast,27,WorldCup_far_2k,969000000000,256000000000,120000000000,6875049727,1986692348,1669123378,320185,58700062,69946864,62687612030,5875218266,6214800068,620849083,7.0531,default,H:\valgrind\default\callgrind_Default_1T_veryfast_qp27_WorldCup_far_1920x1080_30p_1920x1080_30fps_130f.out,27,6.6477267593276625,6.427526950836182
421,veryfast,32,Aerial3200_2k,938000000000,252000000000,119000000000,6775731264,2055089423,1695084039,323666,58582843,76832556,60150707053,5095889025,6281434054,639629062,6.3725,default,H:\valgrind\default\callgrind_Default_1T_veryfast_qp32_Aerial3200_1920x1080_5994_8bit_420_1920x1080_60fps_130f.out,32,6.771673159874718,6.353491306304932
422,veryfast,32,Boat_2k,1030000000000,272000000000,128000000000,6803294721,2028897912,1692925855,347036,57927978,78496511,67622474554,6221906314,6553078021,631752327,6.3672,default,H:\valgrind\default\callgrind_Default_1T_veryfast_qp32_Boat_1920x1080_5994_8bit_420_1920x1080_60fps_130f.out,32,6.561567398217482,6.522143363952637
423,veryfast,32,BoxingPractice_4k,2910000000000,797000000000,375000000000,22365382804,7054518927,6372063165,2301620,288110889,316880419,184000000000,13289176445,21154321776,2399002607,13.0006,default,H:\valgrind\default\callgrind_Default_1T_veryfast_qp32_BoxingPractice_3840x2160_5994fps_8bit_420_3840x2160_60fps_130f.out,32,12.340270104013184,13.150115013122559
424,veryfast,32,Crosswalk_4k,2870000000000,791000000000,372000000000,21351405130,7027157932,6349361813,2628549,293948872,314559701,183000000000,12290334319,21279566035,2436096092,12.9114,default,H:\valgrind\default\callgrind_Default_1T_veryfast_qp32_Crosswalk_3840x2160_5994fps_8bit_420_3840x2160_60fps_130f.out,32,13.762478585342027,13.18699836730957
425,veryfast,32,CrowdRun_1080p50,1120000000000,292000000000,137000000000,6896579580,2093644803,1711442224,341087,59031547,79426542,74387166150,6968380133,6870526582,648429370,7.072,default,H:\valgrind\default\callgrind_Default_1T_veryfast_qp32_CrowdRun_1920x1080p50_1920x1080_50fps_130f.out,32,6.437520041149259,6.661871910095215
426,veryfast,32,DinnerSceneCropped_2k,783000000000,215000000000,102000000000,5740614604,1887399567,1630180025,337269,56362549,75561622,50914714020,3578072415,5667753176,631116821,6.2705,default,H:\valgrind\default\callgrind_Default_1T_veryfast_qp32_DinnerSceneCropped_1920x1080_2997fps_8bit_420_1920x1080_30fps_130f.out,32,6.2420969096875165,6.351447105407715
427,veryfast,32,FoodMarket2_4k,3200000000000,872000000000,413000000000,25525080851,7700884740,6605546514,2315742,300900309,320555846,200000000000,15614054038,22627891873,2476287125,13.2082,default,H:\valgrind\default\callgrind_Default_1T_veryfast_qp32_FoodMarket2_3840x2160_5994fps_8bit_420_3840x2160_60fps_130f.out,32,12.947949263666121,13.119623184204102
428,veryfast,32,FoodMarket_2k,836000000000,227000000000,107000000000,6226729687,1909597170,1644381141,305228,53186681,61698811,53519624771,4160736066,5846654556,627394104,6.3658,default,H:\valgrind\default\callgrind_Default_1T_veryfast_qp32_FoodMarket_1920x1080_5994_8bit_420_1920x1080_60fps_130f.out,32,6.895295435850539,6.3512139320373535
429,veryfast,32,MeridianTalk_sdr_2k,713000000000,196000000000,91840057306,5384293194,1733867064,1577419483,333873,50620419,60565354,45121711541,3129074959,5232609400,599591218,6.3348,default,H:\valgrind\default\callgrind_Default_1T_veryfast_qp32_MeridianTalk_sdr_1920x1080p_5994_8bit_1920x1080_60fps_130f.out,32,6.627383741527109,6.332924842834473
430,veryfast,32,Motorcycle_2k,960000000000,252000000000,117000000000,6484999695,1921863172,1648588075,306303,52640688,61948820,62981048200,5713784279,6088405637,614703120,7.0665,default,H:\valgrind\default\callgrind_Default_1T_veryfast_qp32_Motorcycle_1920x1080_30fps_8bit_1920x1080_30fps_130f.out,32,6.672187391302124,6.6662492752075195
431,veryfast,32,MountainBike_2k,985000000000,259000000000,121000000000,6692058074,1980066907,1674560438,300473,56764619,69354127,64450855792,5844149289,6246663732,623004073,6.9826,default,H:\valgrind\default\callgrind_Default_1T_veryfast_qp32_MountainBike_1920x1080_30fps_8bit_1920x1080_30fps_130f.out,32,6.72286858319505,6.496124744415283
432,veryfast,32,Neon1224_4k,2810000000000,768000000000,360000000000,21945770022,6860004340,6291901692,2291636,290216241,316862492,176000000000,12989736513,20442100555,2329504857,12.957,default,H:\valgrind\default\callgrind_Default_1T_veryfast_qp32_Neon1224_3840x2160_2997fps_3840x2160_30fps_130f.out,32,12.490394008501024,13.112815856933594
433,veryfast,32,NocturneDance_4k,2900000000000,790000000000,371000000000,23517251667,7264738301,6453875693,2318450,290841992,315610040,180000000000,13568032185,20789457285,2362619267,13.2215,default,H:\valgrind\default\callgrind_Default_1T_veryfast_qp32_NocturneDance_3840x2160p_8bit_60fps_3840x2160_60fps_130f.out,32,12.446697466637927,13.122440338134766
434,veryfast,32,OldTownCross_1080p50,938000000000,251000000000,118000000000,6267241376,1947921166,1661196772,310643,53654756,62808855,61691624567,5070529266,6229987238,638470167,6.3166,default,H:\valgrind\default\callgrind_Default_1T_veryfast_qp32_OldTownCross_1920x1080p50_1920x1080_50fps_130f.out,32,6.5829482331368485,6.35561466217041
435,veryfast,32,PedestrianArea_1080p25,746000000000,204000000000,95862801414,5867798461,1832413645,1613856643,343716,55509188,75210214,46890423040,3511253270,5358078401,601920491,6.359,default,H:\valgrind\default\callgrind_Default_1T_veryfast_qp32_PedestrianArea_1920x1080p25_1920x1080_25fps_130f.out,32,6.466436602136457,6.353839874267578
436,veryfast,32,PierSeaSide_4k,2880000000000,787000000000,369000000000,21774336509,6887855992,6340359417,2044777,250850905,233623105,181000000000,13341728338,20835882411,2354977565,13.3017,default,H:\valgrind\default\callgrind_Default_1T_veryfast_qp32_PierSeaSide_3840x2160_2997fps_8bit_420_3840x2160_30fps_130f.out,32,13.110889810033466,12.996110916137695
437,veryfast,32,RitualDance_2k,685000000000,187000000000,87613201341,5342907889,1706979583,1565544599,328292,53146749,74799055,43021394516,3151090477,5018610064,575255725,6.3146,default,H:\valgrind\default\callgrind_Default_1T_veryfast_qp32_RitualDance_1920x1080_5994_8bit_420_1920x1080_60fps_130f.out,32,6.39317957937264,6.366804599761963
438,veryfast,32,Riverbed_1080p25,870000000000,236000000000,112000000000,6716598095,2029117077,1686839580,340105,59341223,76532754,54926497623,4416341260,6047469680,635280086,6.3958,default,H:\valgrind\default\callgrind_Default_1T_veryfast_qp32_Riverbed_1920x1080p25_1920x1080_25fps_130f.out,32,6.91130939865516,6.3407979011535645
439,veryfast,32,RushFieldCuts_2k,943000000000,251000000000,118000000000,6693566741,2012462443,1682714074,332924,57235025,77358191,60635504089,5339099703,6179020490,628404684,7.0422,default,H:\valgrind\default\callgrind_Default_1T_veryfast_qp32_RushFieldCuts_1920x1080_2997_1920x1080_30fps_130f.out,32,6.527834685810798,6.375057697296143
441,veryfast,32,Tango_4k,3020000000000,830000000000,392000000000,22648446853,7263369473,6426419465,2523351,294625846,316713158,193000000000,13512557025,22071876774,2483292577,13.2135,default,H:\valgrind\default\callgrind_Default_1T_veryfast_qp32_Tango_3840x2160_5994fps_8bit_420_3840x2160_60fps_130f.out,32,13.077279706828032,12.98869514465332
442,veryfast,32,TimeLapse_4k,3010000000000,818000000000,385000000000,23503931780,7250927339,6427600522,2370813,294095571,319674442,188000000000,14345305316,21442285927,2385707346,13.1057,default,H:\valgrind\default\callgrind_Default_1T_veryfast_qp32_TimeLapse_3840x2160_5994fps_8bit_420_3840x2160_60fps_130f.out,32,13.233224540083217,13.060017585754395
443,veryfast,32,ToddlerFountain_2k,968000000000,257000000000,121000000000,6565034642,2013152382,1682609051,335568,56346662,77241144,63144744314,5499210172,6262032672,627413515,6.6525,default,H:\valgrind\default\callgrind_Default_1T_veryfast_qp32_ToddlerFountain_1920x1080_2997fps_8bit_420_1920x1080_30fps_130f.out,32,6.510587018256964,6.64361047744751
444,veryfast,32,TreesAndGrass_2k,1190000000000,305000000000,141000000000,6942291372,2073338454,1706349684,340844,58053940,79229732,80512257445,7730557300,7049880167,645647727,7.0828,default,H:\valgrind\default\callgrind_Default_1T_veryfast_qp32_TreesAndGrass_1920_1080_30fps_8bit_1920x1080_30fps_130f.out,32,6.904626900302818,7.0049357414245605
445,veryfast,32,TunnelFlag_2k,824000000000,222000000000,104000000000,6224310904,1866518574,1620537498,305555,52661309,62591769,52515923201,4353280331,5640743779,606917153,6.3698,default,H:\valgrind\default\callgrind_Default_1T_veryfast_qp32_TunnelFlag_1920x1080_5994_8bit_420_1920x1080_60fps_130f.out,32,6.6151430489020875,6.335044860839844
446,veryfast,32,Vertical_bees_2k,756000000000,205000000000,96493152853,6000847947,1862010007,1619418251,310388,54570815,75376442,47325785819,3708759716,5362879628,595996299,6.3654,default,H:\valgrind\default\callgrind_Default_1T_veryfast_qp32_Vertical_bees_1080x1920_2997_1080x1920_30fps_130f.out,32,6.36776199818705,6.32505464553833
447,veryfast,32,Vertical_Carnaby_2k,674000000000,185000000000,86497654556,5507329983,1738413495,1569219700,317119,49848665,63048783,41660428635,3018201941,4980683748,575213736,6.4079,default,H:\valgrind\default\callgrind_Default_1T_veryfast_qp32_Vertical_Carnaby_1080x1920_5994_1080x1920_60fps_130f.out,32,6.574832626102845,6.352660655975342
448,veryfast,32,WalkingInStreet_2k,1140000000000,291000000000,135000000000,7255458165,1931513894,1652840531,442788,59446854,79416313,76179390573,7529044604,6626109668,599764044,7.1539,default,H:\valgrind\default\callgrind_Default_1T_veryfast_qp32_WalkingInStreet_1920x1080_30fps_1920x1080_30fps_130f.out,32,6.963798944986867,6.996154308319092
449,veryfast,32,WorldCup_2k,675000000000,184000000000,85991325748,5415610703,1709479855,1566621932,308043,51285668,62714224,42027872251,3080507475,4940427139,571710572,6.3585,default,H:\valgrind\default\callgrind_Default_1T_veryfast_qp32_WorldCup_1920x1080_30p_1920x1080_30fps_130f.out,32,6.563765088698295,6.351001739501953
450,veryfast,32,WorldCup_far_2k,859000000000,230000000000,109000000000,6520974588,1896661212,1634181956,318081,53724383,63059690,54627106574,4779270529,5783332827,610031282,6.3898,default,H:\valgrind\default\callgrind_Default_1T_veryfast_qp32_WorldCup_far_1920x1080_30p_1920x1080_30fps_130f.out,32,6.478019382561246,6.352398872375488
451,veryfast,37,Aerial3200_2k,815000000000,221000000000,105000000000,6283240562,1927244745,1656068198,335627,57379705,76115442,51536004604,3964275380,5731319166,622123571,6.3831,default,H:\valgrind\default\callgrind_Default_1T_veryfast_qp37_Aerial3200_1920x1080_5994_8bit_420_1920x1080_60fps_130f.out,37,6.592812115405383,6.339099884033203
452,veryfast,37,Boat_2k,907000000000,243000000000,115000000000,6514343340,1966248400,1674207359,328385,56745680,77229385,58274510994,4962249039,6071848297,621236829,6.3417,default,H:\valgrind\default\callgrind_Default_1T_veryfast_qp37_Boat_1920x1080_5994_8bit_420_1920x1080_60fps_130f.out,37,6.49847863689316,6.350717544555664
453,veryfast,37,BoxingPractice_4k,2680000000000,736000000000,344000000000,20673352086,6756548313,6281607039,2397300,281054423,311396354,167000000000,11432457344,19911087065,2323317796,13.0209,default,H:\valgrind\default\callgrind_Default_1T_veryfast_qp37_BoxingPractice_3840x2160_5994fps_8bit_420_3840x2160_60fps_130f.out,37,12.51965747974195,13.131227493286133
454,veryfast,37,Crosswalk_4k,2660000000000,734000000000,343000000000,19707689643,6687011702,6255323537,2617145,287030733,310209720,167000000000,10864904913,20026170951,2348192513,12.9536,default,H:\valgrind\default\callgrind_Default_1T_veryfast_qp37_Crosswalk_3840x2160_5994fps_8bit_420_3840x2160_60fps_130f.out,37,13.511461479311667,13.148116111755371
455,veryfast,37,CrowdRun_1080p50,951000000000,254000000000,120000000000,6504648199,1983697620,1682243960,331826,57672787,78092108,61804125044,5378104660,6238378989,633087274,6.3421,default,H:\valgrind\default\callgrind_Default_1T_veryfast_qp37_CrowdRun_1920x1080p50_1920x1080_50fps_130f.out,37,6.262176945833696,6.575908184051514
456,veryfast,37,DinnerSceneCropped_2k,669000000000,185000000000,86438480255,4776693670,1625893241,1553266838,333718,51580343,73633707,42654775393,2725090220,5055526689,591624884,6.3238,default,H:\valgrind\default\callgrind_Default_1T_veryfast_qp37_DinnerSceneCropped_1920x1080_2997fps_8bit_420_1920x1080_30fps_130f.out,37,6.1712410422684725,6.327049732208252
457,veryfast,37,FoodMarket2_4k,2930000000000,800000000000,377000000000,23681034418,7426907123,6499709662,2403834,297343858,319207106,182000000000,13263788739,21222527094,2408996596,13.2051,default,H:\valgrind\default\callgrind_Default_1T_veryfast_qp37_FoodMarket2_3840x2160_5994fps_8bit_420_3840x2160_60fps_130f.out,37,13.240982771344656,13.029342651367188
458,veryfast,37,FoodMarket_2k,745000000000,204000000000,95949737551,5681904497,1816790791,1614416931,302726,52594120,62400943,47109005896,3384394585,5393500062,606869598,6.3796,default,H:\valgrind\default\callgrind_Default_1T_veryfast_qp37_FoodMarket_1920x1080_5994_8bit_420_1920x1080_60fps_130f.out,37,6.682010787222827,6.3670454025268555
459,veryfast,37,MeridianTalk_sdr_2k,657000000000,181000000000,84403495716,4969229239,1662864214,1560344941,312957,51067811,62526479,41119652434,2719293355,4928568679,579261495,6.3354,default,H:\valgrind\default\callgrind_Default_1T_veryfast_qp37_MeridianTalk_sdr_1920x1080p_5994_8bit_1920x1080_60fps_130f.out,37,6.530583075793484,6.3256120681762695
460,veryfast,37,Motorcycle_2k,855000000000,228000000000,107000000000,6134382359,1879369151,1637375355,306586,51929440,62409492,55029010118,4692930764,5688337000,601234165,6.3269,default,H:\valgrind\default\callgrind_Default_1T_veryfast_qp37_Motorcycle_1920x1080_30fps_8bit_1920x1080_30fps_130f.out,37,6.458993635102708,6.324152946472168
461,veryfast,37,MountainBike_2k,874000000000,234000000000,110000000000,6371619328,1932890615,1658898733,288558,52170859,61967537,56080026043,4759951212,5824323584,610981404,6.3469,default,H:\valgrind\default\callgrind_Default_1T_veryfast_qp37_MountainBike_1920x1080_30fps_8bit_1920x1080_30fps_130f.out,37,6.5637543243505,6.361210823059082
462,veryfast,37,Neon1224_4k,2580000000000,708000000000,330000000000,20405037196,6592555783,6208927511,2350239,281273403,310100555,160000000000,11216472592,19243313612,2248151942,13.1415,default,H:\valgrind\default\callgrind_Default_1T_veryfast_qp37_Neon1224_3840x2160_2997fps_3840x2160_30fps_130f.out,37,12.7422458733351,13.118815422058105
463,veryfast,37,NocturneDance_4k,2640000000000,723000000000,337000000000,21411975578,6945443375,6331861045,2338272,281402978,308236076,163000000000,11418788304,19472034250,2280728660,13.1773,default,H:\valgrind\default\callgrind_Default_1T_veryfast_qp37_NocturneDance_3840x2160p_8bit_60fps_3840x2160_60fps_130f.out,37,12.671965143103028,13.12901496887207
464,veryfast,37,OldTownCross_1080p50,789000000000,214000000000,101000000000,5685348404,1804777105,1617578305,318575,54506160,68398290,50505604703,3793053486,5564388587,610731605,6.3815,default,H:\valgrind\default\callgrind_Default_1T_veryfast_qp37_OldTownCross_1920x1080p50_1920x1080_50fps_130f.out,37,6.386012927489336,6.347838401794434
465,veryfast,37,PedestrianArea_1080p25,685000000000,188000000000,88089811080,5388772872,1738611079,1582987819,322130,54817883,68808014,42787596000,2995829921,5061329024,586658868,6.3598,default,H:\valgrind\default\callgrind_Default_1T_veryfast_qp37_PedestrianArea_1920x1080p25_1920x1080_25fps_130f.out,37,6.51236263479406,6.335296154022217
466,veryfast,37,PierSeaSide_4k,2620000000000,719000000000,335000000000,20408751870,6642888245,6283004485,2097385,246492305,233371420,163000000000,11374302007,19445151319,2267141418,13.1386,default,H:\valgrind\default\callgrind_Default_1T_veryfast_qp37_PierSeaSide_3840x2160_2997fps_8bit_420_3840x2160_30fps_130f.out,37,13.141652514145715,13.140592575073242
467,veryfast,37,RitualDance_2k,637000000000,175000000000,81392184940,5033279032,1629765525,1541798236,321555,48985113,61807477,39665355352,2761760614,4771591890,560564667,6.3482,default,H:\valgrind\default\callgrind_Default_1T_veryfast_qp37_RitualDance_1920x1080_5994_8bit_420_1920x1080_60fps_130f.out,37,6.576255919744972,6.322047233581543
468,veryfast,37,Riverbed_1080p25,783000000000,214000000000,101000000000,6283176280,1931191147,1654325317,322999,54699093,62351331,49116096587,3652117611,5621446784,619842664,6.362,default,H:\valgrind\default\callgrind_Default_1T_veryfast_qp37_Riverbed_1920x1080p25_1920x1080_25fps_130f.out,37,7.039063709243694,6.366064071655273
469,veryfast,37,RushFieldCuts_2k,828000000000,223000000000,105000000000,6235530454,1901585126,1646136532,324196,55788514,75839172,52353992507,4265609384,5686433066,610897594,6.3248,default,H:\valgrind\default\callgrind_Default_1T_veryfast_qp37_RushFieldCuts_1920x1080_2997_1920x1080_30fps_130f.out,37,6.45758224819442,6.356532573699951
471,veryfast,37,Tango_4k,2750000000000,758000000000,355000000000,20594201251,6854819258,6315049581,2596509,286627121,311049845,174000000000,11527595457,20524619737,2383257347,13.1884,default,H:\valgrind\default\callgrind_Default_1T_veryfast_qp37_Tango_3840x2160_5994fps_8bit_420_3840x2160_60fps_130f.out,37,13.035708282819124,12.963164329528809
472,veryfast,37,TimeLapse_4k,2740000000000,750000000000,351000000000,21906614589,6984434498,6355005031,2371986,286506332,312703962,170000000000,12134107523,20120019690,2318582801,13.1057,default,H:\valgrind\default\callgrind_Default_1T_veryfast_qp37_TimeLapse_3840x2160_5994fps_8bit_420_3840x2160_60fps_130f.out,37,13.127043002249689,12.992693901062012
473,veryfast,37,ToddlerFountain_2k,828000000000,223000000000,105000000000,6146396305,1906428742,1653968433,343299,54828842,75746521,52700697316,4185671869,5677136413,609051107,6.3507,default,H:\valgrind\default\callgrind_Default_1T_veryfast_qp37_ToddlerFountain_1920x1080_2997fps_8bit_420_1920x1080_30fps_130f.out,37,6.5334748352757925,6.348441123962402
474,veryfast,37,TreesAndGrass_2k,1040000000000,274000000000,128000000000,6689242360,2009026602,1688276381,331350,57194180,77610722,69164189040,6284173521,6570827525,634406028,6.3948,default,H:\valgrind\default\callgrind_Default_1T_veryfast_qp37_TreesAndGrass_1920_1080_30fps_8bit_1920x1080_30fps_130f.out,37,6.737681345518791,6.451444625854492
475,veryfast,37,TunnelFlag_2k,737000000000,201000000000,94092364629,5714550992,1777876423,1595733767,316671,54223680,75655540,46445893609,3534797151,5262152525,591521234,6.3631,default,H:\valgrind\default\callgrind_Default_1T_veryfast_qp37_TunnelFlag_1920x1080_5994_8bit_420_1920x1080_60fps_130f.out,37,6.328118137868451,6.417874336242676
476,veryfast,37,Vertical_bees_2k,699000000000,191000000000,89424021583,5636752984,1778324821,1590610620,307197,52824067,73629414,43496039577,3217526172,5090203557,581648992,6.4461,default,H:\valgrind\default\callgrind_Default_1T_veryfast_qp37_Vertical_bees_1080x1920_2997_1080x1920_30fps_130f.out,37,6.320768862274756,6.370461940765381
477,veryfast,37,Vertical_Carnaby_2k,633000000000,174000000000,81090627766,5143057577,1679670659,1553233816,339605,52390459,73580057,39094479631,2700233444,4774321133,561057951,6.3596,default,H:\valgrind\default\callgrind_Default_1T_veryfast_qp37_Vertical_Carnaby_1080x1920_5994_1080x1920_60fps_130f.out,37,6.49492506402567,6.338401794433594
478,veryfast,37,WalkingInStreet_2k,987000000000,259000000000,121000000000,7069890372,1903455245,1637938787,440490,59258016,78791319,64382798246,6054236430,6153945019,598041767,6.4568,default,H:\valgrind\default\callgrind_Default_1T_veryfast_qp37_WalkingInStreet_1920x1080_30fps_1920x1080_30fps_130f.out,37,6.78912834352942,7.208507061004639
479,veryfast,37,WorldCup_2k,633000000000,174000000000,80688853165,5076959009,1655209529,1552030641,302018,50337806,62787798,39263035484,2741040002,4738423849,558646486,6.2898,default,H:\valgrind\default\callgrind_Default_1T_veryfast_qp37_WorldCup_1920x1080_30p_1920x1080_30fps_130f.out,37,6.562485630570539,6.345231533050537
480,veryfast,37,WorldCup_far_2k,776000000000,210000000000,99075853693,6152699275,1854983422,1621596165,339855,55700030,75390345,48763117073,3959806806,5433301090,597832188,6.313,default,H:\valgrind\default\callgrind_Default_1T_veryfast_qp37_WorldCup_far_1920x1080_30p_1920x1080_30fps_130f.out,37,6.391036962113937,6.357822895050049
481,fast,22,Aerial3200_2k,1340000000000,343000000000,160000000000,7550097217,2150122236,1742782979,303017,57761171,68434145,90583170573,9191137691,7739183528,660697993,7.1671,hw-like,H:\valgrind\dis_deblock_en_sao\callgrind_fast_qp22_Aerial3200_1920x1080_5994_8bit_420_1920x1080_60fps_130f.out,22,7.031108311124017,7.039707183837891
482,fast,22,Boat_2k,1350000000000,339000000000,155000000000,7278103491,2087045518,1720219173,299068,54711975,65054091,92975999873,9431861439,7528076086,640749640,7.1358,hw-like,H:\valgrind\dis_deblock_en_sao\callgrind_fast_qp22_Boat_1920x1080_5994_8bit_420_1920x1080_60fps_130f.out,22,6.980764719755005,7.158851623535156
483,fast,22,BoxingPractice_4k,3150000000000,833000000000,392000000000,21113734363,6141170433,5143759425,1456234,194719429,178357960,204000000000,18592472003,19957630191,1931050220,13.6248,hw-like,H:\valgrind\dis_deblock_en_sao\callgrind_fast_qp22_BoxingPractice_3840x2160_5994fps_8bit_420_3840x2160_60fps_130f.out,22,12.740450145611076,13.825791358947754
484,fast,22,Crosswalk_4k,1920000000000,512000000000,241000000000,12901506296,3895267029,3195570767,995572,130125789,126823542,124000000000,10686231275,12335753622,1215079281,13.055,hw-like,H:\valgrind\dis_deblock_en_sao\callgrind_fast_qp22_Crosswalk_3840x2160_5994fps_8bit_420_3840x2160_60fps_130f.out,22,10.331680163060344,13.853386878967285
485,fast,22,CrowdRun_1080p50,1920000000000,466000000000,199000000000,13713660291,1978918983,1695409486,308774,55150638,63085380,114000000000,11503803327,8310521089,660909240,7.2255,hw-like,H:\valgrind\dis_deblock_en_sao\callgrind_fast_qp22_CrowdRun_1920x1080p50_1920x1080_50fps_130f.out,22,7.091353119968019,13.443808555603027
486,fast,22,DinnerSceneCropped_2k,1390000000000,357000000000,165000000000,7518924560,2182680752,1751326101,298552,55492009,63349461,95363326015,9553317921,7837023439,670564604,6.3792,hw-like,H:\valgrind\dis_deblock_en_sao\callgrind_fast_qp22_DinnerSceneCropped_1920x1080_2997fps_8bit_420_1920x1080_30fps_130f.out,22,7.082644841680416,7.206561088562012
487,fast,22,FoodMarket2_4k,3130000000000,830000000000,393000000000,21439694498,6093874825,5097639424,1485675,195689717,176854943,201000000000,18652844975,19999530179,1913840706,13.9507,hw-like,H:\valgrind\dis_deblock_en_sao\callgrind_fast_qp22_FoodMarket2_3840x2160_5994fps_8bit_420_3840x2160_60fps_130f.out,22,12.45879826656006,13.070944786071777
488,fast,22,FoodMarket_2k,1310000000000,339000000000,157000000000,7406060827,2147978885,1738557085,293932,55775802,64091953,88616358940,8754992146,7581745479,660404326,6.8418,hw-like,H:\valgrind\dis_deblock_en_sao\callgrind_fast_qp22_FoodMarket_1920x1080_5994_8bit_420_1920x1080_60fps_130f.out,22,6.8103667413963365,7.060082912445068
489,fast,22,MeridianTalk_sdr_2k,1050000000000,279000000000,131000000000,6801515932,2044393318,1696864440,284215,53178261,61657026,69609630682,6095850230,6645912461,647353757,6.3813,hw-like,H:\valgrind\dis_deblock_en_sao\callgrind_fast_qp22_MeridianTalk_sdr_1920x1080p_5994_8bit_1920x1080_60fps_130f.out,22,6.665656832649639,6.521714210510254
490,fast,22,Motorcycle_2k,1460000000000,365000000000,159000000000,12772904083,1879064263,1649960350,300781,54569803,62158067,83178205723,7917287517,7007374080,633528404,7.0665,hw-like,H:\valgrind\dis_deblock_en_sao\callgrind_fast_qp22_Motorcycle_1920x1080_30fps_8bit_1920x1080_30fps_130f.out,22,7.0505652642906504,6.978518009185791
491,fast,22,MountainBike_2k,1240000000000,316000000000,146000000000,7241628449,2051009968,1711688960,291971,55007453,64415698,84454644742,8309061494,7172287863,637359702,7.0957,hw-like,H:\valgrind\dis_deblock_en_sao\callgrind_fast_qp22_MountainBike_1920x1080_30fps_8bit_1920x1080_30fps_130f.out,22,7.019057355382431,6.9468159675598145
492,fast,22,Neon1224_4k,3090000000000,829000000000,392000000000,22680191674,6622575161,5789704328,1719000,224133717,207147408,198000000000,16820970305,20935920536,2187738366,13.4567,hw-like,H:\valgrind\dis_deblock_en_sao\callgrind_fast_qp22_Neon1224_3840x2160_2997fps_3840x2160_30fps_130f.out,22,12.783223630724788,13.304171562194824
493,fast,22,NocturneDance_4k,3420000000000,903000000000,401000000000,37767318860,5551165315,4911398203,1696667,189732271,171409862,182000000000,16098573149,18563472920,1883420458,13.3742,hw-like,H:\valgrind\dis_deblock_en_sao\callgrind_fast_qp22_NocturneDance_3840x2160p_8bit_60fps_3840x2160_60fps_130f.out,22,12.346018535457583,13.465867042541504
494,fast,22,OldTownCross_1080p50,1600000000000,401000000000,181000000000,7681309520,2174178238,1750475565,312868,55188377,63085937,114000000000,11730617797,8374331229,664286664,7.1316,hw-like,H:\valgrind\dis_deblock_en_sao\callgrind_fast_qp22_OldTownCross_1920x1080p50_1920x1080_50fps_130f.out,22,7.323161865470907,7.230758190155029
495,fast,22,PedestrianArea_1080p25,1080000000000,285000000000,134000000000,6985829253,2024251186,1693398739,297425,53486733,62341702,70867863738,6603322900,6730139961,636955627,6.3747,hw-like,H:\valgrind\dis_deblock_en_sao\callgrind_fast_qp22_PedestrianArea_1920x1080p25_1920x1080_25fps_130f.out,22,6.712041799560746,6.595783233642578
496,fast,22,PierSeaSide_4k,3590000000000,955000000000,450000000000,24307013225,7204876386,6127036829,1923432,254760127,241660332,235000000000,20700009468,23367308265,2338722320,13.2578,hw-like,H:\valgrind\dis_deblock_en_sao\callgrind_fast_qp22_PierSeaSide_3840x2160_2997fps_8bit_420_3840x2160_30fps_130f.out,22,14.677456843389821,13.276573181152344
497,fast,22,RitualDance_2k,1010000000000,267000000000,119000000000,10519358744,1699566139,1571804826,303184,51385050,60347301,54604244742,4569647550,5708985240,603134634,6.3007,hw-like,H:\valgrind\dis_deblock_en_sao\callgrind_fast_qp22_RitualDance_1920x1080_5994_8bit_420_1920x1080_60fps_130f.out,22,6.494928323239728,6.361374855041504
498,fast,22,Riverbed_1080p25,1240000000000,321000000000,150000000000,7495328273,2135776544,1738430619,323051,55821200,63197907,81603766821,8029508993,7375875176,652720387,6.4294,hw-like,H:\valgrind\dis_deblock_en_sao\callgrind_fast_qp22_Riverbed_1920x1080p25_1920x1080_25fps_130f.out,22,7.490737354955652,7.024354934692383
499,fast,22,RushFieldCuts_2k,1240000000000,318000000000,149000000000,7314146021,2060310640,1706295746,299974,54041454,63349156,82982576326,8139917768,7329768560,654529898,7.0231,hw-like,H:\valgrind\dis_deblock_en_sao\callgrind_fast_qp22_RushFieldCuts_1920x1080_2997_1920x1080_30fps_130f.out,22,6.985841150761143,6.698153972625732
501,fast,22,Tango_4k,4770000000000,1250000000000,583000000000,28648579433,8498277646,6974731104,2167946,311153100,349470354,317000000000,29204881154,28649843252,2628533971,14.0446,hw-like,H:\valgrind\dis_deblock_en_sao\callgrind_fast_qp22_Tango_3840x2160_5994fps_8bit_420_3840x2160_60fps_130f.out,22,12.263371075624214,13.268683433532715
502,fast,22,TimeLapse_4k,4000000000000,1060000000000,497000000000,26878740398,7906328591,6712156338,2237636,298860463,336532271,261000000000,23692608776,25575786518,2518973342,8.4907,hw-like,H:\valgrind\dis_deblock_en_sao\callgrind_fast_qp22_TimeLapse_3840x2160_5994fps_8bit_420_3840x2160_60fps_130f.out,22,14.233971084032472,13.37337875366211
503,fast,22,ToddlerFountain_2k,1340000000000,341000000000,157000000000,7368335403,2111766451,1730912381,303503,54378503,63149197,92544481246,9375695692,7579717905,654881310,7.1011,hw-like,H:\valgrind\dis_deblock_en_sao\callgrind_fast_qp22_ToddlerFountain_1920x1080_2997fps_8bit_420_1920x1080_30fps_130f.out,22,6.763475470010219,6.930595874786377
504,fast,22,TreesAndGrass_2k,1490000000000,366000000000,166000000000,7371017270,2145004328,1734041823,330820,58330092,81783536,105000000000,10275555444,7932371750,655629106,7.2048,hw-like,H:\valgrind\dis_deblock_en_sao\callgrind_fast_qp22_TreesAndGrass_1920_1080_30fps_8bit_1920x1080_30fps_130f.out,22,6.413616869669724,7.249831199645996
505,fast,22,TunnelFlag_2k,1130000000000,293000000000,137000000000,7160997463,2026552347,1689313639,315485,53950285,62071890,74946696354,7270514946,6855450070,632328061,6.8743,hw-like,H:\valgrind\dis_deblock_en_sao\callgrind_fast_qp22_TunnelFlag_1920x1080_5994_8bit_420_1920x1080_60fps_130f.out,22,6.942979726937953,6.964025020599365
506,fast,22,Vertical_bees_2k,919000000000,245000000000,116000000000,6721269430,1945616473,1659299940,280844,52869384,63941713,58882740481,5247668194,6090755825,620427957,6.4007,hw-like,H:\valgrind\dis_deblock_en_sao\callgrind_fast_qp22_Vertical_bees_1080x1920_2997_1080x1920_30fps_130f.out,22,6.523460254969783,6.45440149307251
507,fast,22,Vertical_Carnaby_2k,806000000000,218000000000,103000000000,6392401181,1877932077,1629241225,304998,51380066,63165746,50511977129,4216510316,5596904976,603722098,6.3932,hw-like,H:\valgrind\dis_deblock_en_sao\callgrind_fast_qp22_Vertical_Carnaby_1080x1920_5994_1080x1920_60fps_130f.out,22,6.46367375023012,6.367121696472168
508,fast,22,WalkingInStreet_2k,1420000000000,346000000000,155000000000,7397894399,1899036532,1652159507,391290,56575136,68012063,101000000000,10178456120,7342718036,598626415,7.2554,hw-like,H:\valgrind\dis_deblock_en_sao\callgrind_fast_qp22_WalkingInStreet_1920x1080_30fps_1920x1080_30fps_130f.out,22,7.801901325106243,7.027187824249268
509,fast,22,WorldCup_2k,987000000000,262000000000,116000000000,11031057543,1741208341,1587705478,298165,52007916,60637322,52262443611,4346991317,5571701084,600106774,6.3279,hw-like,H:\valgrind\dis_deblock_en_sao\callgrind_fast_qp22_WorldCup_1920x1080_30p_1920x1080_30fps_130f.out,22,6.408759295896989,6.3429718017578125
510,fast,22,WorldCup_far_2k,1090000000000,282000000000,132000000000,7137911732,1984390901,1678313058,311657,53621874,61729410,71868312615,7097733886,6637967756,623866307,7.0555,hw-like,H:\valgrind\dis_deblock_en_sao\callgrind_fast_qp22_WorldCup_far_1920x1080_30p_1920x1080_30fps_130f.out,22,6.890067559299419,6.972930431365967
511,fast,27,Aerial3200_2k,1110000000000,293000000000,138000000000,7219885759,2115796282,1725274250,295267,58546945,70217449,72895170644,6844905732,6994205683,654666037,6.3714,hw-like,H:\valgrind\dis_deblock_en_sao\callgrind_fast_qp27_Aerial3200_1920x1080_5994_8bit_420_1920x1080_60fps_130f.out,27,6.898036250148875,7.002514839172363
512,fast,27,Boat_2k,1180000000000,305000000000,142000000000,7072009628,2085209948,1714212885,290614,54075550,63753263,79295344167,7797757153,7061036197,638477770,6.8668,hw-like,H:\valgrind\dis_deblock_en_sao\callgrind_fast_qp27_Boat_1920x1080_5994_8bit_420_1920x1080_60fps_130f.out,27,6.721233648900624,7.0499043464660645
513,fast,27,BoxingPractice_4k,3370000000000,914000000000,433000000000,25330247907,7692517185,6611596761,2176008,290230966,322430346,215000000000,17169425348,23413560030,2500603877,13.0487,hw-like,H:\valgrind\dis_deblock_en_sao\callgrind_fast_qp27_BoxingPractice_3840x2160_5994fps_8bit_420_3840x2160_60fps_130f.out,27,11.875915278224154,13.175037384033203
514,fast,27,Crosswalk_4k,3270000000000,894000000000,425000000000,24478284847,7853313212,6654360667,2008765,269862157,255634459,211000000000,15241077333,23379205971,2562533855,12.9287,hw-like,H:\valgrind\dis_deblock_en_sao\callgrind_fast_qp27_Crosswalk_3840x2160_5994fps_8bit_420_3840x2160_60fps_130f.out,27,14.433501717282562,13.21484375
515,fast,27,CrowdRun_1080p50,1620000000000,406000000000,176000000000,13311977390,1904726783,1668070870,302989,54823177,61761248,92642249503,9096467883,7602619223,658051551,7.0286,hw-like,H:\valgrind\dis_deblock_en_sao\callgrind_fast_qp27_CrowdRun_1920x1080p50_1920x1080_50fps_130f.out,27,6.784123000453405,7.077887535095215
516,fast,27,DinnerSceneCropped_2k,1040000000000,278000000000,131000000000,6975554025,2137533891,1724360024,297153,54822085,61941923,67848373990,5844345844,6689673097,659600514,6.3581,hw-like,H:\valgrind\dis_deblock_en_sao\callgrind_fast_qp27_DinnerSceneCropped_1920x1080_2997fps_8bit_420_1920x1080_30fps_130f.out,27,6.595118520226405,6.288294792175293
517,fast,27,FoodMarket2_4k,3060000000000,826000000000,394000000000,23335145487,6889802271,5792560702,1733811,223378638,202358851,193000000000,16225175900,20943906495,2175305416,13.2135,hw-like,H:\valgrind\dis_deblock_en_sao\callgrind_fast_qp27_FoodMarket2_3840x2160_5994fps_8bit_420_3840x2160_60fps_130f.out,27,13.421648253183761,13.270130157470703
518,fast,27,FoodMarket_2k,1010000000000,269000000000,127000000000,6885339000,2084828703,1709054021,294916,54896088,63825155,65631984580,5736168039,6580304023,648695726,6.3553,hw-like,H:\valgrind\dis_deblock_en_sao\callgrind_fast_qp27_FoodMarket_1920x1080_5994_8bit_420_1920x1080_60fps_130f.out,27,6.951332977124661,6.382710933685303
519,fast,27,MeridianTalk_sdr_2k,814000000000,222000000000,105000000000,6008507454,1899481806,1639317383,282333,52389886,61958979,52439214287,3953641848,5747876012,625381577,6.3492,hw-like,H:\valgrind\dis_deblock_en_sao\callgrind_fast_qp27_MeridianTalk_sdr_1920x1080p_5994_8bit_1920x1080_60fps_130f.out,27,6.523513838750398,6.362094402313232
520,fast,27,Motorcycle_2k,1080000000000,278000000000,129000000000,6847698300,1992889946,1682002739,285138,53410742,63773500,71835740241,6801803270,6544264725,625317326,7.0063,hw-like,H:\valgrind\dis_deblock_en_sao\callgrind_fast_qp27_Motorcycle_1920x1080_30fps_8bit_1920x1080_30fps_130f.out,27,6.6486465737852125,6.894977569580078
521,fast,27,MountainBike_2k,1110000000000,286000000000,133000000000,6990413545,2054262660,1704963145,288172,53287342,63195806,73833363388,7054176139,6714656709,631439628,7.0351,hw-like,H:\valgrind\dis_deblock_en_sao\callgrind_fast_qp27_MountainBike_1920x1080_30fps_8bit_1920x1080_30fps_130f.out,27,6.7773186213099725,7.002004623413086
522,fast,27,Neon1224_4k,3060000000000,829000000000,391000000000,23519223750,7197136319,6356680183,1908023,246941911,229928554,193000000000,15280552384,21606388738,2373300975,12.9711,hw-like,H:\valgrind\dis_deblock_en_sao\callgrind_fast_qp27_Neon1224_3840x2160_2997fps_3840x2160_30fps_130f.out,27,13.243556791530274,13.173663139343262
523,fast,27,NocturneDance_4k,3060000000000,826000000000,391000000000,24169902205,7216000687,6213441656,1793900,236856322,218115131,192000000000,15801787030,21242883826,2296833208,13.2943,hw-like,H:\valgrind\dis_deblock_en_sao\callgrind_fast_qp27_NocturneDance_3840x2160p_8bit_60fps_3840x2160_60fps_130f.out,27,12.721705044139446,13.06641674041748
524,fast,27,OldTownCross_1080p50,1250000000000,325000000000,151000000000,7322374883,2183295866,1748226198,305691,55126670,63661314,83976370841,7995185345,7367288699,661284062,7.1214,hw-like,H:\valgrind\dis_deblock_en_sao\callgrind_fast_qp27_OldTownCross_1920x1080p50_1920x1080_50fps_130f.out,27,6.847741744302823,6.867429733276367
525,fast,27,PedestrianArea_1080p25,1040000000000,277000000000,123000000000,11347492653,1740970883,1594831791,320656,52529706,60171561,55241606822,4514456318,5866391869,620367692,6.3449,hw-like,H:\valgrind\dis_deblock_en_sao\callgrind_fast_qp27_PedestrianArea_1920x1080p25_1920x1080_25fps_130f.out,27,6.554102456013293,6.374701023101807
526,fast,27,PierSeaSide_4k,3260000000000,883000000000,417000000000,23528408505,7203382279,6450478045,2271037,288243777,324164981,208000000000,16566419681,22751832770,2448141556,13.27,hw-like,H:\valgrind\dis_deblock_en_sao\callgrind_fast_qp27_PierSeaSide_3840x2160_2997fps_8bit_420_3840x2160_30fps_130f.out,27,13.411575825885595,13.102757453918457
527,fast,27,RitualDance_2k,899000000000,241000000000,107000000000,9558867988,1594779995,1534937565,315071,50323982,60122895,47951817842,3737137999,5309555308,587948227,6.3314,hw-like,H:\valgrind\dis_deblock_en_sao\callgrind_fast_qp27_RitualDance_1920x1080_5994_8bit_420_1920x1080_60fps_130f.out,27,6.304853060296936,6.352725505828857
528,fast,27,Riverbed_1080p25,1230000000000,324000000000,144000000000,13022035225,1854885005,1644007587,313467,54816335,60702060,65632289863,5737968306,6641123092,648558948,6.4041,hw-like,H:\valgrind\dis_deblock_en_sao\callgrind_fast_qp27_Riverbed_1920x1080p25_1920x1080_25fps_130f.out,27,7.231157375668909,6.3668012619018555
529,fast,27,RushFieldCuts_2k,1090000000000,285000000000,134000000000,7083977142,2055522386,1703155880,286026,53805054,63728403,71400259880,6717766120,6781600708,643188902,7.0206,hw-like,H:\valgrind\dis_deblock_en_sao\callgrind_fast_qp27_RushFieldCuts_1920x1080_2997_1920x1080_30fps_130f.out,27,6.699021685961478,6.682516098022461
531,fast,27,Tango_4k,3600000000000,976000000000,464000000000,26096197094,8068256368,6737803898,2193250,296639378,327808759,232000000000,18222093531,24771617338,2594881164,13.3681,hw-like,H:\valgrind\dis_deblock_en_sao\callgrind_fast_qp27_Tango_3840x2160_5994fps_8bit_420_3840x2160_60fps_130f.out,27,12.662601532643922,12.836705207824707
532,fast,27,TimeLapse_4k,3390000000000,915000000000,432000000000,25144429672,7547411067,6554883171,2230225,292949510,326536105,216000000000,17859867759,23285866784,2459176714,13.0925,hw-like,H:\valgrind\dis_deblock_en_sao\callgrind_fast_qp27_TimeLapse_3840x2160_5994fps_8bit_420_3840x2160_60fps_130f.out,27,13.692602506121302,13.183025360107422
533,fast,27,ToddlerFountain_2k,1130000000000,295000000000,137000000000,6957483356,2071744751,1713958530,298640,53230847,63616247,76021300765,7227352635,6892666071,641953529,7.0285,hw-like,H:\valgrind\dis_deblock_en_sao\callgrind_fast_qp27_ToddlerFountain_1920x1080_2997fps_8bit_420_1920x1080_30fps_130f.out,27,6.576022366800595,7.111322402954102
534,fast,27,TreesAndGrass_2k,1330000000000,335000000000,153000000000,7178827662,2105786216,1725653620,302912,54252112,64448331,92257199937,9086250703,7504385331,652079415,7.1124,hw-like,H:\valgrind\dis_deblock_en_sao\callgrind_fast_qp27_TreesAndGrass_1920_1080_30fps_8bit_1920x1080_30fps_130f.out,27,6.699388178429851,7.0388875007629395
535,fast,27,TunnelFlag_2k,1160000000000,303000000000,134000000000,11843914652,1770245143,1606532122,307502,52981867,60349813,62715055771,5596891592,6202904962,620987990,6.3523,hw-like,H:\valgrind\dis_deblock_en_sao\callgrind_fast_qp27_TunnelFlag_1920x1080_5994_8bit_420_1920x1080_60fps_130f.out,27,6.596552745686447,6.726319789886475
536,fast,27,Vertical_bees_2k,1000000000000,267000000000,119000000000,11336181072,1715602829,1580880090,296999,51384421,60691038,53077735317,4375253167,5704823174,609734689,6.3751,hw-like,H:\valgrind\dis_deblock_en_sao\callgrind_fast_qp27_Vertical_bees_1080x1920_2997_1080x1920_30fps_130f.out,27,6.368420939911582,6.337830066680908
537,fast,27,Vertical_Carnaby_2k,729000000000,199000000000,93766942567,5956911672,1829292710,1606629242,303593,50432931,62622702,45235275957,3495838357,5263811000,591271125,6.4061,hw-like,H:\valgrind\dis_deblock_en_sao\callgrind_fast_qp27_Vertical_Carnaby_1080x1920_5994_1080x1920_60fps_130f.out,27,6.406928205989951,6.3567214012146
538,fast,27,WalkingInStreet_2k,1290000000000,323000000000,147000000000,7365323754,1943688307,1660267815,392916,55145034,64447745,89584017630,9097491421,7061469033,598364360,7.2329,hw-like,H:\valgrind\dis_deblock_en_sao\callgrind_fast_qp27_WalkingInStreet_1920x1080_30fps_1920x1080_30fps_130f.out,27,7.441552518345865,7.10988712310791
539,fast,27,WorldCup_2k,728000000000,198000000000,92878622054,5824723092,1779159834,1596018513,286465,51535042,62935989,45702382746,3563349023,5223833151,586786041,6.3472,hw-like,H:\valgrind\dis_deblock_en_sao\callgrind_fast_qp27_WorldCup_1920x1080_30p_1920x1080_30fps_130f.out,27,6.3410801866790685,6.362646102905273
540,fast,27,WorldCup_far_2k,959000000000,254000000000,119000000000,6866172931,1961567762,1667162349,285088,53443881,62570520,62103891799,5826419153,6201760091,618424905,7.0531,hw-like,H:\valgrind\dis_deblock_en_sao\callgrind_fast_qp27_WorldCup_far_1920x1080_30p_1920x1080_30fps_130f.out,27,6.5160645800734684,6.494461536407471
541,fast,32,Aerial3200_2k,932000000000,250000000000,119000000000,6770679116,1976699595,1679883782,298049,56414088,67903149,59733967751,5061640180,6273230318,638848823,6.3725,hw-like,H:\valgrind\dis_deblock_en_sao\callgrind_fast_qp32_Aerial3200_1920x1080_5994_8bit_420_1920x1080_60fps_130f.out,32,6.86462344534255,6.3513383865356445
542,fast,32,Boat_2k,1030000000000,270000000000,127000000000,6797765478,1968019874,1676118603,298273,52879661,62971864,67173061037,6188287115,6540584211,630443211,6.3672,hw-like,H:\valgrind\dis_deblock_en_sao\callgrind_fast_qp32_Boat_1920x1080_5994_8bit_420_1920x1080_60fps_130f.out,32,6.797907862770638,6.458340167999268
543,fast,32,BoxingPractice_4k,2890000000000,792000000000,373000000000,22331703705,6971211036,6361317159,2235539,278946433,313879740,182000000000,13169895407,21121470800,2396605620,13.0006,hw-like,H:\valgrind\dis_deblock_en_sao\callgrind_fast_qp32_BoxingPractice_3840x2160_5994fps_8bit_420_3840x2160_60fps_130f.out,32,11.348753530609633,13.133930206298828
544,fast,32,Crosswalk_4k,2860000000000,787000000000,371000000000,21329237861,7119135115,6379507483,2171912,265420023,255067761,182000000000,12224962920,21252472550,2435615718,12.9114,hw-like,H:\valgrind\dis_deblock_en_sao\callgrind_fast_qp32_Crosswalk_3840x2160_5994fps_8bit_420_3840x2160_60fps_130f.out,32,14.488029148181147,13.16309642791748
545,fast,32,CrowdRun_1080p50,1350000000000,348000000000,153000000000,12456846393,1874805698,1659530607,298721,53840805,61134937,75034803258,6958919892,6855677383,645733070,7.072,hw-like,H:\valgrind\dis_deblock_en_sao\callgrind_fast_qp32_CrowdRun_1920x1080p50_1920x1080_50fps_130f.out,32,6.566462251150922,6.919136047363281
546,fast,32,DinnerSceneCropped_2k,778000000000,213000000000,101000000000,5734769459,1835985897,1615852031,296368,52146369,62029292,50570584824,3554475036,5658744372,630996166,6.2705,hw-like,H:\valgrind\dis_deblock_en_sao\callgrind_fast_qp32_DinnerSceneCropped_1920x1080_2997fps_8bit_420_1920x1080_30fps_130f.out,32,6.208226212938714,6.343338966369629
547,fast,32,FoodMarket2_4k,3070000000000,836000000000,397000000000,24653745788,7332454238,6371993913,1934468,246562862,225245656,192000000000,14933574283,21844530259,2393794910,13.2082,hw-like,H:\valgrind\dis_deblock_en_sao\callgrind_fast_qp32_FoodMarket2_3840x2160_5994fps_8bit_420_3840x2160_60fps_130f.out,32,13.81603996028324,13.184895515441895
548,fast,32,FoodMarket_2k,1010000000000,271000000000,121000000000,11117400528,1771018960,1614304749,291607,52155419,60139103,54069339998,4188354785,5839245385,626233419,6.3658,hw-like,H:\valgrind\dis_deblock_en_sao\callgrind_fast_qp32_FoodMarket_1920x1080_5994_8bit_420_1920x1080_60fps_130f.out,32,6.510997225254579,6.368697166442871
549,fast,32,MeridianTalk_sdr_2k,707000000000,194000000000,91301810491,5376150933,1718365472,1577870767,307099,50108515,61473292,44778586001,3101586163,5224288191,599115901,6.3348,hw-like,H:\valgrind\dis_deblock_en_sao\callgrind_fast_qp32_MeridianTalk_sdr_1920x1080p_5994_8bit_1920x1080_60fps_130f.out,32,6.469073181153293,6.345787525177002
550,fast,32,Motorcycle_2k,950000000000,250000000000,116000000000,6476342582,1891674428,1644713237,294458,51727654,62210686,62406890528,5667913245,6075175834,612374219,7.0665,hw-like,H:\valgrind\dis_deblock_en_sao\callgrind_fast_qp32_Motorcycle_1920x1080_30fps_8bit_1920x1080_30fps_130f.out,32,6.415702640306947,6.805958271026611
551,fast,32,MountainBike_2k,975000000000,257000000000,120000000000,6683779518,1942254500,1670515494,292531,51817753,62031019,63837816632,5795563653,6233094896,620596998,6.9826,hw-like,H:\valgrind\dis_deblock_en_sao\callgrind_fast_qp32_MountainBike_1920x1080_30fps_8bit_1920x1080_30fps_130f.out,32,6.583294865647531,6.376030445098877
552,fast,32,Neon1224_4k,2790000000000,763000000000,358000000000,21919961799,6793016040,6274071188,1884981,247122496,232083840,174000000000,12883522606,20406176798,2326770295,12.957,hw-like,H:\valgrind\dis_deblock_en_sao\callgrind_fast_qp32_Neon1224_3840x2160_2997fps_3840x2160_30fps_130f.out,32,12.646346242055372,13.230082511901855
553,fast,32,NocturneDance_4k,2880000000000,784000000000,369000000000,23487535824,7187199986,6442537580,2240224,282903889,315306923,178000000000,13441124659,20762313114,2360169092,13.2215,hw-like,H:\valgrind\dis_deblock_en_sao\callgrind_fast_qp32_NocturneDance_3840x2160p_8bit_60fps_3840x2160_60fps_130f.out,32,11.738427391232582,13.156414985656738
554,fast,32,OldTownCross_1080p50,932000000000,250000000000,118000000000,6259271284,1927782651,1655336194,298425,51879003,61832141,61240243599,5032037936,6220579911,636913598,6.3166,hw-like,H:\valgrind\dis_deblock_en_sao\callgrind_fast_qp32_OldTownCross_1920x1080p50_1920x1080_50fps_130f.out,32,6.377782107623261,6.398904800415039
555,fast,32,PedestrianArea_1080p25,739000000000,202000000000,95146533778,5861877757,1788055121,1599564978,306871,50697572,61006015,46453148951,3479431083,5346728746,601204049,6.359,hw-like,H:\valgrind\dis_deblock_en_sao\callgrind_fast_qp32_PedestrianArea_1920x1080p25_1920x1080_25fps_130f.out,32,6.480681898696336,6.365619659423828
556,fast,32,PierSeaSide_4k,2860000000000,781000000000,367000000000,21736143431,6757123894,6320453931,2257321,275584332,314892402,180000000000,13223013725,20805101747,2351973367,13.3017,hw-like,H:\valgrind\dis_deblock_en_sao\callgrind_fast_qp32_PierSeaSide_3840x2160_2997fps_8bit_420_3840x2160_30fps_130f.out,32,12.586223779866565,13.023138046264648
557,fast,32,RitualDance_2k,679000000000,186000000000,86928098677,5336762905,1659601056,1552102323,311403,48797375,61022485,42601890073,3122153915,5006165885,574417338,6.3146,hw-like,H:\valgrind\dis_deblock_en_sao\callgrind_fast_qp32_RitualDance_1920x1080_5994_8bit_420_1920x1080_60fps_130f.out,32,6.319394737032907,6.3379435539245605
558,fast,32,Riverbed_1080p25,865000000000,235000000000,112000000000,6711452277,1950531826,1666161430,293412,54825546,62648580,54582555577,4391534904,6040164373,635161591,6.3958,hw-like,H:\valgrind\dis_deblock_en_sao\callgrind_fast_qp32_Riverbed_1920x1080p25_1920x1080_25fps_130f.out,32,7.048577807477896,6.303150177001953
559,fast,32,RushFieldCuts_2k,1140000000000,300000000000,133000000000,12195167027,1821568577,1636166538,295836,51995074,60111779,61092343185,5316564384,6164729425,626263721,7.0422,hw-like,H:\valgrind\dis_deblock_en_sao\callgrind_fast_qp32_RushFieldCuts_1920x1080_2997_1920x1080_30fps_130f.out,32,6.49341988019648,6.359244346618652
561,fast,32,Tango_4k,3000000000000,825000000000,390000000000,22625216700,7364119075,6470951638,2118301,266390513,256546919,192000000000,13423152620,22043429231,2482745829,13.2135,hw-like,H:\valgrind\dis_deblock_en_sao\callgrind_fast_qp32_Tango_3840x2160_5994fps_8bit_420_3840x2160_60fps_130f.out,32,13.607182134803487,13.147295951843262
562,fast,32,TimeLapse_4k,2980000000000,813000000000,382000000000,23471611357,7146235187,6412844343,2292076,284352270,315943315,187000000000,14221721143,21411042073,2382921805,13.1057,hw-like,H:\valgrind\dis_deblock_en_sao\callgrind_fast_qp32_TimeLapse_3840x2160_5994fps_8bit_420_3840x2160_60fps_130f.out,32,13.434376119108634,13.125887870788574
563,fast,32,ToddlerFountain_2k,1170000000000,307000000000,135000000000,11823655222,1826114664,1644522979,308734,51685545,60320869,63627004582,5495410414,6246719176,624889050,6.6525,hw-like,H:\valgrind\dis_deblock_en_sao\callgrind_fast_qp32_ToddlerFountain_1920x1080_2997fps_8bit_420_1920x1080_30fps_130f.out,32,6.57321409188618,6.593161582946777
564,fast,32,TreesAndGrass_2k,1180000000000,303000000000,140000000000,6934881976,2051237376,1704126157,333433,56624829,78715361,80089299309,7697392424,7040718500,643969032,7.0828,hw-like,H:\valgrind\dis_deblock_en_sao\callgrind_fast_qp32_TreesAndGrass_1920_1080_30fps_8bit_1920x1080_30fps_130f.out,32,5.9749186130697645,7.153989791870117
565,fast,32,TunnelFlag_2k,817000000000,220000000000,104000000000,6215981805,1841949293,1619877691,300426,51499695,62092030,52038492882,4312465274,5630660980,605304855,6.3698,hw-like,H:\valgrind\dis_deblock_en_sao\callgrind_fast_qp32_TunnelFlag_1920x1080_5994_8bit_420_1920x1080_60fps_130f.out,32,6.477146532666877,6.333378791809082
566,fast,32,Vertical_bees_2k,749000000000,204000000000,95813004016,5994724909,1799829132,1601500430,281900,51462988,63452136,46902541710,3677520138,5352209220,595104325,6.3654,hw-like,H:\valgrind\dis_deblock_en_sao\callgrind_fast_qp32_Vertical_bees_1080x1920_2997_1080x1920_30fps_130f.out,32,6.272449542652746,6.352560520172119
567,fast,32,Vertical_Carnaby_2k,669000000000,183000000000,85995001728,5500169357,1721226618,1566334609,307478,50296395,62620062,41330823624,2992992844,4973334369,574825970,6.4079,hw-like,H:\valgrind\dis_deblock_en_sao\callgrind_fast_qp32_Vertical_Carnaby_1080x1920_5994_1080x1920_60fps_130f.out,32,6.474924597989281,6.368825435638428
568,fast,32,WalkingInStreet_2k,1130000000000,289000000000,134000000000,7250321679,1875277581,1641493321,391887,55400416,65153773,75499334887,7491299780,6608712096,598292009,7.1539,hw-like,H:\valgrind\dis_deblock_en_sao\callgrind_fast_qp32_WalkingInStreet_1920x1080_30fps_1920x1080_30fps_130f.out,32,7.284135788600442,7.034999847412109
569,fast,32,WorldCup_2k,668000000000,183000000000,85274349171,5407200776,1682914509,1561088246,297901,49975016,61958405,41608336617,3045106502,4929622969,570755037,6.3585,hw-like,H:\valgrind\dis_deblock_en_sao\callgrind_fast_qp32_WorldCup_1920x1080_30p_1920x1080_30fps_130f.out,32,6.313201178796902,6.3727126121521
570,fast,32,WorldCup_far_2k,1040000000000,274000000000,122000000000,11408316773,1774592421,1605141445,309738,51862739,59811319,55044138542,4748506006,5771326706,607716297,6.3898,hw-like,H:\valgrind\dis_deblock_en_sao\callgrind_fast_qp32_WorldCup_far_1920x1080_30p_1920x1080_30fps_130f.out,32,6.625398219184737,6.332178592681885
571,fast,37,Aerial3200_2k,809000000000,220000000000,104000000000,6277165579,1921297524,1656902638,294267,55896380,68913674,51126432311,3931844109,5721485949,621608835,6.3831,hw-like,H:\valgrind\dis_deblock_en_sao\callgrind_fast_qp37_Aerial3200_1920x1080_5994_8bit_420_1920x1080_60fps_130f.out,37,6.567991580608059,6.321437358856201
572,fast,37,Boat_2k,900000000000,241000000000,114000000000,6508945148,1938776019,1667800665,292492,51692258,62097756,57811451298,4925135787,6059359207,620173875,6.3417,hw-like,H:\valgrind\dis_deblock_en_sao\callgrind_fast_qp37_Boat_1920x1080_5994_8bit_420_1920x1080_60fps_130f.out,37,6.668358600760941,6.369001865386963
573,fast,37,BoxingPractice_4k,2660000000000,731000000000,342000000000,20641340864,6664746691,6266944834,2277250,270751758,307470677,166000000000,11327668521,19878502319,2321536994,13.0209,hw-like,H:\valgrind\dis_deblock_en_sao\callgrind_fast_qp37_BoxingPractice_3840x2160_5994fps_8bit_420_3840x2160_60fps_130f.out,37,11.357729324651883,13.109196662902832
574,fast,37,Crosswalk_4k,2650000000000,731000000000,342000000000,19685548149,6686065417,6237164969,2213195,260331055,256076200,166000000000,10807411139,19995825113,2347623461,12.9536,hw-like,H:\valgrind\dis_deblock_en_sao\callgrind_fast_qp37_Crosswalk_3840x2160_5994fps_8bit_420_3840x2160_60fps_130f.out,37,14.014193979999353,13.029003143310547
575,fast,37,CrowdRun_1080p50,1150000000000,303000000000,134000000000,11654058723,1765801430,1627169986,288916,51994957,60075301,62312573307,5382016589,6224173028,630664949,6.3421,hw-like,H:\valgrind\dis_deblock_en_sao\callgrind_fast_qp37_CrowdRun_1920x1080p50_1920x1080_50fps_130f.out,37,6.344027472630623,6.684459209442139
576,fast,37,DinnerSceneCropped_2k,665000000000,184000000000,85995104513,4770934497,1605724171,1550918127,295438,49047333,62791545,42341178641,2709821766,5044736387,591433416,6.3238,hw-like,H:\valgrind\dis_deblock_en_sao\callgrind_fast_qp37_DinnerSceneCropped_1920x1080_2997fps_8bit_420_1920x1080_30fps_130f.out,37,5.9520535123417195,6.356053829193115
577,fast,37,FoodMarket2_4k,2900000000000,795000000000,375000000000,23654653170,7337719762,6493572612,1991274,252931248,231332110,180000000000,13156052113,21192980533,2407998892,13.2051,hw-like,H:\valgrind\dis_deblock_en_sao\callgrind_fast_qp37_FoodMarket2_3840x2160_5994fps_8bit_420_3840x2160_60fps_130f.out,37,13.649965634202442,13.064194679260254
578,fast,37,FoodMarket_2k,739000000000,202000000000,95400354717,5673797911,1800285067,1610534506,294687,51086485,62319196,46754090490,3356066689,5385817054,606444741,6.3796,hw-like,H:\valgrind\dis_deblock_en_sao\callgrind_fast_qp37_FoodMarket_1920x1080_5994_8bit_420_1920x1080_60fps_130f.out,37,6.488141114206874,6.379051685333252
579,fast,37,MeridianTalk_sdr_2k,652000000000,180000000000,83928272286,4961638117,1642238668,1556886615,288530,49827281,62141767,40803015818,2697128205,4920126397,578902465,6.3354,hw-like,H:\valgrind\dis_deblock_en_sao\callgrind_fast_qp37_MeridianTalk_sdr_1920x1080p_5994_8bit_1920x1080_60fps_130f.out,37,6.279332007537315,6.343972682952881
580,fast,37,Motorcycle_2k,1030000000000,272000000000,120000000000,10832599893,1698996565,1591933785,302668,50973837,60439589,55438624131,4684099587,5675927741,598806345,6.3269,hw-like,H:\valgrind\dis_deblock_en_sao\callgrind_fast_qp37_Motorcycle_1920x1080_30fps_8bit_1920x1080_30fps_130f.out,37,6.310521218313971,6.322568893432617
581,fast,37,MountainBike_2k,865000000000,231000000000,109000000000,6363988519,1898983745,1652689811,291514,50961895,61278077,55529859925,4715153211,5812743026,608892215,6.3469,hw-like,H:\valgrind\dis_deblock_en_sao\callgrind_fast_qp37_MountainBike_1920x1080_30fps_8bit_1920x1080_30fps_130f.out,37,6.440961898137012,6.373441696166992
582,fast,37,Neon1224_4k,3100000000000,843000000000,373000000000,31942605257,6081666642,6095149040,2276136,235338927,222642365,162000000000,11329766184,19208262980,2244868887,13.1415,hw-like,H:\valgrind\dis_deblock_en_sao\callgrind_fast_qp37_Neon1224_3840x2160_2997fps_3840x2160_30fps_130f.out,37,13.155917419384473,13.139677047729492
583,fast,37,NocturneDance_4k,2620000000000,717000000000,335000000000,21391466832,6850928178,6327229433,1919979,242500937,231268113,161000000000,11314006866,19438501438,2279305561,13.1773,hw-like,H:\valgrind\dis_deblock_en_sao\callgrind_fast_qp37_NocturneDance_3840x2160p_8bit_60fps_3840x2160_60fps_130f.out,37,12.558059625669136,13.094498634338379
584,fast,37,OldTownCross_1080p50,782000000000,213000000000,100000000000,5677485937,1767907729,1609409188,299582,50122193,61745635,50067335987,3757627471,5553523454,609486245,6.3815,hw-like,H:\valgrind\dis_deblock_en_sao\callgrind_fast_qp37_OldTownCross_1920x1080p50_1920x1080_50fps_130f.out,37,6.190086638470182,6.344460487365723
585,fast,37,PedestrianArea_1080p25,679000000000,187000000000,87479711438,5380931162,1716252469,1578157026,310241,51122061,63010020,42399454560,2966545376,5051799854,586194872,6.3598,hw-like,H:\valgrind\dis_deblock_en_sao\callgrind_fast_qp37_PedestrianArea_1920x1080p25_1920x1080_25fps_130f.out,37,6.374589952316221,6.3699564933776855
586,fast,37,PierSeaSide_4k,2600000000000,714000000000,333000000000,20380963979,6587528741,6254676257,2051541,253503532,258724304,162000000000,11275595014,19413999364,2265271941,13.1386,hw-like,H:\valgrind\dis_deblock_en_sao\callgrind_fast_qp37_PierSeaSide_3840x2160_2997fps_8bit_420_3840x2160_30fps_130f.out,37,12.832538072105242,13.162474632263184
587,fast,37,RitualDance_2k,762000000000,207000000000,92097373943,7886528555,1498309951,1505131839,316615,47929123,59414530,40016051917,2791453206,4761705572,559604113,6.3482,hw-like,H:\valgrind\dis_deblock_en_sao\callgrind_fast_qp37_RitualDance_1920x1080_5994_8bit_420_1920x1080_60fps_130f.out,37,6.192479912548334,6.3248395919799805
588,fast,37,Riverbed_1080p25,778000000000,213000000000,101000000000,6275558494,1902568552,1648093953,289423,53208098,62223337,48789531643,3626404316,5615669536,619643065,6.362,hw-like,H:\valgrind\dis_deblock_en_sao\callgrind_fast_qp37_Riverbed_1920x1080p25_1920x1080_25fps_130f.out,37,6.762982009080993,6.345713138580322
589,fast,37,RushFieldCuts_2k,999000000000,267000000000,119000000000,11270585389,1716617795,1598795874,310642,51580422,60270785,52721505622,4263407578,5673281544,608988678,6.3248,hw-like,H:\valgrind\dis_deblock_en_sao\callgrind_fast_qp37_RushFieldCuts_1920x1080_2997_1920x1080_30fps_130f.out,37,6.455865514076969,6.3507466316223145
591,fast,37,Tango_4k,2740000000000,754000000000,354000000000,20563574508,6800937393,6304163222,2492354,278192895,311001923,172000000000,11442289536,20494563711,2382263444,13.1884,hw-like,H:\valgrind\dis_deblock_en_sao\callgrind_fast_qp37_Tango_3840x2160_5994fps_8bit_420_3840x2160_60fps_130f.out,37,13.194089409966764,12.924571990966797
592,fast,37,TimeLapse_4k,2720000000000,745000000000,349000000000,21880910194,6893385347,6345882816,2017211,245372149,232030127,169000000000,12031078432,20084591879,2316877559,13.1057,hw-like,H:\valgrind\dis_deblock_en_sao\callgrind_fast_qp37_TimeLapse_3840x2160_5994fps_8bit_420_3840x2160_60fps_130f.out,37,13.242692076649604,13.10537052154541
593,fast,37,ToddlerFountain_2k,820000000000,221000000000,104000000000,6140064824,1889296198,1648194189,300009,50966224,62597378,52180580889,4145225056,5662901343,607485116,6.3507,hw-like,H:\valgrind\dis_deblock_en_sao\callgrind_fast_qp37_ToddlerFountain_1920x1080_2997fps_8bit_420_1920x1080_30fps_130f.out,37,6.594772885960145,6.343459606170654
594,fast,37,TreesAndGrass_2k,1040000000000,273000000000,127000000000,6681548001,1979388193,1684105171,325373,55154253,76764971,68753030008,6249415425,6561373861,633032020,6.3948,hw-like,H:\valgrind\dis_deblock_en_sao\callgrind_fast_qp37_TreesAndGrass_1920_1080_30fps_8bit_1920x1080_30fps_130f.out,37,6.034872344030655,6.727015495300293
595,fast,37,TunnelFlag_2k,729000000000,199000000000,93198829668,5708244240,1755988361,1590521517,290054,49271409,61179097,45928544118,3495293405,5248261925,590089016,6.3631,hw-like,H:\valgrind\dis_deblock_en_sao\callgrind_fast_qp37_TunnelFlag_1920x1080_5994_8bit_420_1920x1080_60fps_130f.out,37,6.269852002845536,6.335549831390381
596,fast,37,Vertical_bees_2k,693000000000,189000000000,88792496686,5630986734,1748946092,1587811494,278120,52785879,67794192,43099469856,3188884624,5080219047,580877566,6.4461,hw-like,H:\valgrind\dis_deblock_en_sao\callgrind_fast_qp37_Vertical_bees_1080x1920_2997_1080x1920_30fps_130f.out,37,6.143588300479124,6.382316589355469
597,fast,37,Vertical_Carnaby_2k,629000000000,173000000000,80606183934,5137497554,1661947712,1552481511,302815,49440234,62876084,38757879217,2680077754,4764586090,560787627,6.3596,hw-like,H:\valgrind\dis_deblock_en_sao\callgrind_fast_qp37_Vertical_Carnaby_1080x1920_5994_1080x1920_60fps_130f.out,37,6.357948941484233,6.344151020050049
598,fast,37,WalkingInStreet_2k,978000000000,257000000000,120000000000,7064231026,1879022933,1633598874,388515,55857379,67472754,63765675837,6015737032,6139276634,595933295,6.4568,hw-like,H:\valgrind\dis_deblock_en_sao\callgrind_fast_qp37_WalkingInStreet_1920x1080_30fps_1920x1080_30fps_130f.out,37,6.931700100987751,6.944615364074707
599,fast,37,WorldCup_2k,760000000000,207000000000,91568995588,8063275644,1522681706,1516350122,301397,48871849,59745126,39601410453,2769237683,4727303678,557739088,6.2898,hw-like,H:\valgrind\dis_deblock_en_sao\callgrind_fast_qp37_WorldCup_1920x1080_30p_1920x1080_30fps_130f.out,37,6.050013321420218,6.34201717376709
600,fast,37,WorldCup_far_2k,936000000000,251000000000,112000000000,10739330195,1682884649,1579200281,308431,51080748,59987483,49094626383,3955310882,5419464831,596101532,6.313,hw-like,H:\valgrind\dis_deblock_en_sao\callgrind_fast_qp37_WorldCup_far_1920x1080_30p_1920x1080_30fps_130f.out,37,6.389670497038553,6.350741863250732
601,faster,22,Aerial3200_2k,1340000000000,343000000000,160000000000,7549609351,2159715323,1744094489,298080,55589210,63618704,90566610066,9190428114,7738573488,660688874,7.1671,hw-like,H:\valgrind\dis_deblock_en_sao\callgrind_faster_qp22_Aerial3200_1920x1080_5994_8bit_420_1920x1080_60fps_130f.out,22,7.123930553843536,7.031983852386475
602,faster,22,Boat_2k,1640000000000,404000000000,174000000000,12867548532,1913952244,1667352678,327534,54906451,62837430,94332785185,9430037392,7527749224,640159608,7.1358,hw-like,H:\valgrind\dis_deblock_en_sao\callgrind_faster_qp22_Boat_1920x1080_5994_8bit_420_1920x1080_60fps_130f.out,22,7.294409921964317,7.040917873382568
603,faster,22,BoxingPractice_4k,4180000000000,1110000000000,520000000000,27907128721,8161171200,6818733271,2164904,304186615,340883972,272000000000,24732047373,26450430016,2552029119,13.6248,hw-like,H:\valgrind\dis_deblock_en_sao\callgrind_faster_qp22_BoxingPractice_3840x2160_5994fps_8bit_420_3840x2160_60fps_130f.out,22,12.486826716163412,12.572088241577148
604,faster,22,Crosswalk_4k,3120000000000,833000000000,393000000000,20972376939,6281346346,5174660185,1471639,194909439,176387139,202000000000,17501247688,20053281434,1967631162,13.055,hw-like,H:\valgrind\dis_deblock_en_sao\callgrind_faster_qp22_Crosswalk_3840x2160_5994fps_8bit_420_3840x2160_60fps_130f.out,22,12.73378911969571,13.734780311584473
605,faster,22,CrowdRun_1080p50,1590000000000,393000000000,178000000000,7628516861,2166322020,1747927882,314175,60034403,72470120,112000000000,11487852008,8311468135,661685837,7.2255,hw-like,H:\valgrind\dis_deblock_en_sao\callgrind_faster_qp22_CrowdRun_1920x1080p50_1920x1080_50fps_130f.out,22,6.837505409497027,7.240740776062012
606,faster,22,DinnerSceneCropped_2k,1700000000000,426000000000,185000000000,13660739545,1981383052,1692133690,311269,55574887,61484604,96829503329,9569772409,7836697306,669779298,6.3792,hw-like,H:\valgrind\dis_deblock_en_sao\callgrind_faster_qp22_DinnerSceneCropped_1920x1080_2997fps_8bit_420_1920x1080_30fps_130f.out,22,7.043431471173601,7.149546146392822
607,faster,22,FoodMarket2_4k,3180000000000,843000000000,399000000000,21773763777,6185437034,5175378022,1438920,197079548,178221395,205000000000,18958744924,20315416270,1943140980,13.9507,hw-like,H:\valgrind\dis_deblock_en_sao\callgrind_faster_qp22_FoodMarket2_3840x2160_5994fps_8bit_420_3840x2160_60fps_130f.out,22,12.339696838921371,13.546180725097656
608,faster,22,FoodMarket_2k,1310000000000,339000000000,157000000000,7406192178,2120308902,1732106568,293740,55563025,63497132,88616271078,8755283782,7581738487,660416317,6.8418,hw-like,H:\valgrind\dis_deblock_en_sao\callgrind_faster_qp22_FoodMarket_1920x1080_5994_8bit_420_1920x1080_60fps_130f.out,22,6.830030945655377,7.0652947425842285
609,faster,22,MeridianTalk_sdr_2k,1300000000000,336000000000,147000000000,12200649830,1893963789,1650534596,298415,53437363,60185609,70746451157,6143715301,6645595818,646592788,6.3813,hw-like,H:\valgrind\dis_deblock_en_sao\callgrind_faster_qp22_MeridianTalk_sdr_1920x1080p_5994_8bit_1920x1080_60fps_130f.out,22,6.74050827168894,6.674422740936279
610,faster,22,Motorcycle_2k,1460000000000,365000000000,159000000000,12772787008,1876809486,1649617095,310274,54320233,61922218,83178098989,7917622361,7007364671,633527530,7.0665,hw-like,H:\valgrind\dis_deblock_en_sao\callgrind_faster_qp22_Motorcycle_1920x1080_30fps_8bit_1920x1080_30fps_130f.out,22,7.08908483481108,6.974186897277832
611,faster,22,MountainBike_2k,1240000000000,316000000000,146000000000,7241549727,2050967929,1711642696,287107,54057831,63940414,84454875074,8308443780,7172301112,637345102,7.0957,hw-like,H:\valgrind\dis_deblock_en_sao\callgrind_faster_qp22_MountainBike_1920x1080_30fps_8bit_1920x1080_30fps_130f.out,22,6.936108443725903,6.950122833251953
612,faster,22,Neon1224_4k,2970000000000,796000000000,377000000000,21767045425,6359289836,5552731869,1621240,214426215,199085380,190000000000,16146257028,20092666393,2099311427,13.4567,hw-like,H:\valgrind\dis_deblock_en_sao\callgrind_faster_qp22_Neon1224_3840x2160_2997fps_3840x2160_30fps_130f.out,22,12.46241032941983,13.28812313079834
613,faster,22,NocturneDance_4k,3730000000000,995000000000,472000000000,27757379008,7985780956,6774779535,2202224,301028707,335244701,237000000000,21301341956,24720165062,2512887856,13.3742,hw-like,H:\valgrind\dis_deblock_en_sao\callgrind_faster_qp22_NocturneDance_3840x2160p_8bit_60fps_3840x2160_60fps_130f.out,22,12.327403175709824,12.935346603393555
614,faster,22,OldTownCross_1080p50,1600000000000,401000000000,181000000000,7681460443,2160433824,1749924331,303947,56075229,64820001,114000000000,11730964359,8374344373,664281382,7.1316,hw-like,H:\valgrind\dis_deblock_en_sao\callgrind_faster_qp22_OldTownCross_1920x1080p50_1920x1080_50fps_130f.out,22,7.291107711259581,7.233739376068115
615,faster,22,PedestrianArea_1080p25,1080000000000,285000000000,134000000000,6986316756,2031584506,1694261130,305418,56529108,68333947,70884078043,6604205883,6730752659,636952011,6.3747,hw-like,H:\valgrind\dis_deblock_en_sao\callgrind_faster_qp22_PedestrianArea_1920x1080p25_1920x1080_25fps_130f.out,22,6.624637928785427,6.6066365242004395
616,faster,22,PierSeaSide_4k,3460000000000,907000000000,402000000000,33608682079,5356489421,4782523680,1794982,189364159,169974098,189000000000,16334831143,18592497879,1871831561,13.2578,hw-like,H:\valgrind\dis_deblock_en_sao\callgrind_faster_qp22_PierSeaSide_3840x2160_2997fps_8bit_420_3840x2160_30fps_130f.out,22,13.153941180952518,13.45974063873291
617,faster,22,RitualDance_2k,834000000000,224000000000,105000000000,6121487880,1826222665,1611265766,307756,51035682,62116831,53698981006,4531505360,5709294607,603543835,6.3007,hw-like,H:\valgrind\dis_deblock_en_sao\callgrind_faster_qp22_RitualDance_1920x1080_5994_8bit_420_1920x1080_60fps_130f.out,22,6.44605403114194,6.350646495819092
618,faster,22,Riverbed_1080p25,1240000000000,321000000000,150000000000,7495797116,2125256025,1738651775,300556,55825330,63095163,81603750273,8029874117,7375873758,652749039,6.4294,hw-like,H:\valgrind\dis_deblock_en_sao\callgrind_faster_qp22_Riverbed_1920x1080p25_1920x1080_25fps_130f.out,22,7.407207347135099,7.006720542907715
619,faster,22,RushFieldCuts_2k,1240000000000,318000000000,149000000000,7314108177,2061563331,1706975698,293494,54640201,64463454,82982679140,8140077678,7329775895,654518336,7.0231,hw-like,H:\valgrind\dis_deblock_en_sao\callgrind_faster_qp22_RushFieldCuts_1920x1080_2997_1920x1080_30fps_130f.out,22,6.939722711221229,6.733007907867432
621,faster,22,Tango_4k,4770000000000,1250000000000,583000000000,28648386515,8580616857,6977550021,2199575,310708806,349008968,317000000000,29204272663,28649840867,2628518091,14.0446,hw-like,H:\valgrind\dis_deblock_en_sao\callgrind_faster_qp22_Tango_3840x2160_5994fps_8bit_420_3840x2160_60fps_130f.out,22,12.383188737876921,13.241528511047363
622,faster,22,TimeLapse_4k,4000000000000,1060000000000,497000000000,26878301484,7911798026,6716376076,2245771,297373553,333890639,261000000000,23692617582,25575767881,2518954646,8.4907,hw-like,H:\valgrind\dis_deblock_en_sao\callgrind_faster_qp22_TimeLapse_3840x2160_5994fps_8bit_420_3840x2160_60fps_130f.out,22,14.255442995906908,13.37337875366211
623,faster,22,ToddlerFountain_2k,1630000000000,406000000000,176000000000,13354587573,1938360295,1677885323,321155,55077804,62562798,93902041563,9375630912,7579390505,654361072,7.1011,hw-like,H:\valgrind\dis_deblock_en_sao\callgrind_faster_qp22_ToddlerFountain_1920x1080_2997fps_8bit_420_1920x1080_30fps_130f.out,22,7.051758272743555,6.80143928527832
624,faster,22,TreesAndGrass_2k,1790000000000,433000000000,186000000000,13349407849,1941351597,1680097427,320987,55309028,63806710,106000000000,10283169725,7929224922,655221378,7.2048,hw-like,H:\valgrind\dis_deblock_en_sao\callgrind_faster_qp22_TreesAndGrass_1920_1080_30fps_8bit_1920x1080_30fps_130f.out,22,7.619389396085076,7.204314708709717
625,faster,22,TunnelFlag_2k,1130000000000,293000000000,137000000000,7161090868,2031577863,1690606389,290873,54739662,63606465,74946821449,7271112031,6855460905,632318301,6.8743,hw-like,H:\valgrind\dis_deblock_en_sao\callgrind_faster_qp22_TunnelFlag_1920x1080_5994_8bit_420_1920x1080_60fps_130f.out,22,6.813013098905449,6.989702224731445
626,faster,22,Vertical_bees_2k,919000000000,245000000000,116000000000,6721896223,1935587686,1656178124,269661,55253509,68856137,58899490834,5248621979,6091378217,620435944,6.4007,hw-like,H:\valgrind\dis_deblock_en_sao\callgrind_faster_qp22_Vertical_bees_1080x1920_2997_1080x1920_30fps_130f.out,22,6.456570931643964,6.486332416534424
627,faster,22,Vertical_Carnaby_2k,984000000000,263000000000,117000000000,11338151259,1761885727,1589097700,311912,50844827,60776453,51449491430,4223892695,5596599398,603450030,6.3932,hw-like,H:\valgrind\dis_deblock_en_sao\callgrind_faster_qp22_Vertical_Carnaby_1080x1920_5994_1080x1920_60fps_130f.out,22,6.4068574491096815,6.348611831665039
628,faster,22,WalkingInStreet_2k,1700000000000,404000000000,174000000000,11905482921,1772660557,1602500372,419236,56547532,65603312,102000000000,10162109497,7342376271,598753619,7.2554,hw-like,H:\valgrind\dis_deblock_en_sao\callgrind_faster_qp22_WalkingInStreet_1920x1080_30fps_1920x1080_30fps_130f.out,22,8.601427177185542,7.04642915725708
629,faster,22,WorldCup_2k,810000000000,218000000000,103000000000,6281151172,1847291468,1623686154,280103,51970885,63302508,51342874003,4325825709,5572015935,600402708,6.3279,hw-like,H:\valgrind\dis_deblock_en_sao\callgrind_faster_qp22_WorldCup_1920x1080_30p_1920x1080_30fps_130f.out,22,6.359868581095158,6.373744010925293
630,faster,22,WorldCup_far_2k,1090000000000,282000000000,132000000000,7137659899,1977453844,1676476973,311294,53809767,62444023,71868418282,7097384714,6637972406,623850271,7.0555,hw-like,H:\valgrind\dis_deblock_en_sao\callgrind_faster_qp22_WorldCup_far_1920x1080_30p_1920x1080_30fps_130f.out,22,6.863742613909725,6.983541011810303
631,faster,27,Aerial3200_2k,1110000000000,293000000000,138000000000,7220194866,2102851517,1722146842,288690,54713535,62598834,72879297397,6844925092,6993618942,654702159,6.3714,hw-like,H:\valgrind\dis_deblock_en_sao\callgrind_faster_qp27_Aerial3200_1920x1080_5994_8bit_420_1920x1080_60fps_130f.out,27,7.0003842620107495,7.00338888168335
632,faster,27,Boat_2k,1440000000000,364000000000,159000000000,12591860441,1831362107,1641927016,322076,53899818,61569653,80542624395,7795716684,7060710144,637873702,6.8668,hw-like,H:\valgrind\dis_deblock_en_sao\callgrind_faster_qp27_Boat_1920x1080_5994_8bit_420_1920x1080_60fps_130f.out,27,6.966528283964425,6.990871906280518
633,faster,27,BoxingPractice_4k,3370000000000,914000000000,433000000000,25330754618,7759880552,6607104247,2172163,292945098,325989224,215000000000,17169808110,23413524423,2500629704,13.0487,hw-like,H:\valgrind\dis_deblock_en_sao\callgrind_faster_qp27_BoxingPractice_3840x2160_5994fps_8bit_420_3840x2160_60fps_130f.out,27,11.878577095513611,13.174040794372559
634,faster,27,Crosswalk_4k,3270000000000,894000000000,425000000000,24468655551,7762853627,6611339317,2265047,293964498,322163597,211000000000,15229434875,23381620643,2562037359,12.9287,hw-like,H:\valgrind\dis_deblock_en_sao\callgrind_faster_qp27_Crosswalk_3840x2160_5994fps_8bit_420_3840x2160_60fps_130f.out,27,13.501867012377764,13.174269676208496
635,faster,27,CrowdRun_1080p50,1330000000000,339000000000,157000000000,7346294394,2174875280,1746961350,304290,57451213,68666834,91301377198,9077238707,7603533343,658774657,7.0286,hw-like,H:\valgrind\dis_deblock_en_sao\callgrind_faster_qp27_CrowdRun_1920x1080p50_1920x1080_50fps_130f.out,27,6.708971721693908,7.11393928527832
636,faster,27,DinnerSceneCropped_2k,1280000000000,336000000000,148000000000,12844906511,1882111397,1650901792,294522,54879838,60228894,69004095954,5883428299,6689356179,658887219,6.3581,hw-like,H:\valgrind\dis_deblock_en_sao\callgrind_faster_qp27_DinnerSceneCropped_1920x1080_2997fps_8bit_420_1920x1080_30fps_130f.out,27,6.532735924998436,6.290475368499756
637,faster,27,FoodMarket2_4k,3120000000000,843000000000,401000000000,23787540256,7048452609,5906789862,1739442,225691665,204744200,197000000000,16571676370,21356694043,2216322230,13.2135,hw-like,H:\valgrind\dis_deblock_en_sao\callgrind_faster_qp27_FoodMarket2_3840x2160_5994fps_8bit_420_3840x2160_60fps_130f.out,27,13.309747644030564,13.305047035217285
638,faster,27,FoodMarket_2k,1010000000000,269000000000,127000000000,6885339695,2085474627,1710820613,294399,56562458,67932312,65647444620,5736249680,6580877293,648695272,6.3553,hw-like,H:\valgrind\dis_deblock_en_sao\callgrind_faster_qp27_FoodMarket_1920x1080_5994_8bit_420_1920x1080_60fps_130f.out,27,6.831103938420494,6.393954277038574
639,faster,27,MeridianTalk_sdr_2k,814000000000,222000000000,105000000000,6008072366,1907407178,1642400823,291744,52009298,62111959,52439089658,3953307987,5747867400,625367866,6.3492,hw-like,H:\valgrind\dis_deblock_en_sao\callgrind_faster_qp27_MeridianTalk_sdr_1920x1080p_5994_8bit_1920x1080_60fps_130f.out,27,6.531245778211746,6.351223468780518
640,faster,27,Motorcycle_2k,1080000000000,278000000000,129000000000,6847373145,1999195275,1685665496,299115,52764569,62635036,71835801015,6801574535,6544267228,625307628,7.0063,hw-like,H:\valgrind\dis_deblock_en_sao\callgrind_faster_qp27_Motorcycle_1920x1080_30fps_8bit_1920x1080_30fps_130f.out,27,6.731936659228056,6.884350299835205
641,faster,27,MountainBike_2k,1110000000000,286000000000,133000000000,6990194433,2056062554,1706646992,310933,53221133,62809334,73833445885,7053774740,6714658859,631430198,7.0351,hw-like,H:\valgrind\dis_deblock_en_sao\callgrind_faster_qp27_MountainBike_1920x1080_30fps_8bit_1920x1080_30fps_130f.out,27,6.865203827218931,7.010530471801758
642,faster,27,Neon1224_4k,3090000000000,837000000000,395000000000,23733923984,7253801015,6419028612,1913946,249408355,231324415,195000000000,15431732812,21801925571,2393820308,12.9711,hw-like,H:\valgrind\dis_deblock_en_sao\callgrind_faster_qp27_Neon1224_3840x2160_2997fps_3840x2160_30fps_130f.out,27,13.344832034103584,13.043977737426758
643,faster,27,NocturneDance_4k,3380000000000,905000000000,403000000000,39338520308,5915877827,5406036615,1891074,210389181,190967152,177000000000,14408260022,19203896079,2073799282,13.2943,hw-like,H:\valgrind\dis_deblock_en_sao\callgrind_faster_qp27_NocturneDance_3840x2160p_8bit_60fps_3840x2160_60fps_130f.out,27,12.267469765906602,13.166951179504395
644,faster,27,OldTownCross_1080p50,1250000000000,325000000000,151000000000,7322525233,2185284982,1748272515,294551,54640021,62819530,83976212391,7995013555,7367278886,661297706,7.1214,hw-like,H:\valgrind\dis_deblock_en_sao\callgrind_faster_qp27_OldTownCross_1920x1080p50_1920x1080_50fps_130f.out,27,6.808610250573075,6.865820407867432
645,faster,27,PedestrianArea_1080p25,853000000000,230000000000,109000000000,6426724683,1926040316,1652102651,295219,52404235,62483065,54292049080,4476899188,5866696525,620694954,6.3449,hw-like,H:\valgrind\dis_deblock_en_sao\callgrind_faster_qp27_PedestrianArea_1920x1080p25_1920x1080_25fps_130f.out,27,6.583493645834965,6.390113353729248
646,faster,27,PierSeaSide_4k,3420000000000,913000000000,406000000000,33465023482,5741068089,5447572392,2082679,213856566,196993484,183000000000,14457007522,19683269397,2120502805,13.27,hw-like,H:\valgrind\dis_deblock_en_sao\callgrind_faster_qp27_PierSeaSide_3840x2160_2997fps_8bit_420_3840x2160_30fps_130f.out,27,13.409688991693907,12.993365287780762
647,faster,27,RitualDance_2k,742000000000,202000000000,94727098605,5697331331,1766351373,1587943828,304349,53320577,68456093,47142770045,3690644632,5310456162,588326227,6.3314,hw-like,H:\valgrind\dis_deblock_en_sao\callgrind_faster_qp27_RitualDance_1920x1080_5994_8bit_420_1920x1080_60fps_130f.out,27,6.214050237609017,6.369872570037842
648,faster,27,Riverbed_1080p25,1010000000000,270000000000,128000000000,7147847859,2081022523,1714702748,296785,54721905,61350514,64488645984,5741646507,6641409061,649025023,6.4041,hw-like,H:\valgrind\dis_deblock_en_sao\callgrind_faster_qp27_Riverbed_1920x1080p25_1920x1080_25fps_130f.out,27,7.302400530685507,6.373027801513672
649,faster,27,RushFieldCuts_2k,1090000000000,285000000000,134000000000,7083653585,2050801363,1702339869,312083,53023526,62178999,71399824640,6717059446,6781572077,643197640,7.0206,hw-like,H:\valgrind\dis_deblock_en_sao\callgrind_faster_qp27_RushFieldCuts_1920x1080_2997_1920x1080_30fps_130f.out,27,6.836576694069679,6.760557651519775
651,faster,27,Tango_4k,3600000000000,976000000000,464000000000,26096460950,8078288237,6726604774,2175024,296972093,328283359,232000000000,18222141132,24771613745,2594897479,13.3681,hw-like,H:\valgrind\dis_deblock_en_sao\callgrind_faster_qp27_Tango_3840x2160_5994fps_8bit_420_3840x2160_60fps_130f.out,27,12.564769859620451,12.836705207824707
652,faster,27,TimeLapse_4k,3390000000000,915000000000,432000000000,25144211246,7560782130,6558929796,2289461,291983015,325285088,216000000000,17860273737,23285874124,2459155164,13.0925,hw-like,H:\valgrind\dis_deblock_en_sao\callgrind_faster_qp27_TimeLapse_3840x2160_5994fps_8bit_420_3840x2160_60fps_130f.out,27,13.854840499038989,13.143441200256348
653,faster,27,ToddlerFountain_2k,1130000000000,295000000000,137000000000,6957631977,2077677172,1713302445,298642,52783455,62501260,76021291729,7226927867,6892665174,641963849,7.0285,hw-like,H:\valgrind\dis_deblock_en_sao\callgrind_faster_qp27_ToddlerFountain_1920x1080_2997fps_8bit_420_1920x1080_30fps_130f.out,27,6.60059878521681,7.0704026222229
654,faster,27,TreesAndGrass_2k,1330000000000,335000000000,153000000000,7179053772,2106376144,1725651871,295809,54224673,63979999,92257092615,9086296765,7504378552,652091677,7.1124,hw-like,H:\valgrind\dis_deblock_en_sao\callgrind_faster_qp27_TreesAndGrass_1920_1080_30fps_8bit_1920x1080_30fps_130f.out,27,6.703064700390655,7.034556865692139
655,faster,27,TunnelFlag_2k,1160000000000,303000000000,134000000000,11844066214,1770762597,1606144932,299213,53467998,60833048,62715056087,5598185814,6202906979,620986645,6.3523,hw-like,H:\valgrind\dis_deblock_en_sao\callgrind_faster_qp27_TunnelFlag_1920x1080_5994_8bit_420_1920x1080_60fps_130f.out,27,6.567096880107986,6.728971004486084
656,faster,27,Vertical_bees_2k,825000000000,222000000000,105000000000,6383873087,1908695921,1640309214,279228,51551000,62752843,52141203081,4358482248,5705117293,610167119,6.3751,hw-like,H:\valgrind\dis_deblock_en_sao\callgrind_faster_qp27_Vertical_bees_1080x1920_2997_1080x1920_30fps_130f.out,27,6.355553689585761,6.329195499420166
657,faster,27,Vertical_Carnaby_2k,729000000000,199000000000,93766810375,5957077815,1820935373,1604376360,300200,51597610,63328197,45235146954,3494987524,5263803323,591273011,6.4061,hw-like,H:\valgrind\dis_deblock_en_sao\callgrind_faster_qp27_Vertical_Carnaby_1080x1920_5994_1080x1920_60fps_130f.out,27,6.421115301774313,6.35869836807251
658,faster,27,WalkingInStreet_2k,1290000000000,323000000000,147000000000,7365223079,1930955768,1659285537,380114,55209659,64543283,89583769497,9097926172,7061455323,598359330,7.2329,hw-like,H:\valgrind\dis_deblock_en_sao\callgrind_faster_qp27_WalkingInStreet_1920x1080_30fps_1920x1080_30fps_130f.out,27,7.386696885559983,7.108511924743652
659,faster,27,WorldCup_2k,728000000000,198000000000,92878597855,5824647018,1792405435,1600772066,286321,51125440,62723953,45702352036,3563628565,5223831407,586782538,6.3472,hw-like,H:\valgrind\dis_deblock_en_sao\callgrind_faster_qp27_WorldCup_1920x1080_30p_1920x1080_30fps_130f.out,27,6.33071931759585,6.363469123840332
660,faster,27,WorldCup_far_2k,959000000000,254000000000,119000000000,6866381667,1962904238,1667615800,297823,53898977,63258810,62104012592,5826312676,6201769825,618425104,7.0531,hw-like,H:\valgrind\dis_deblock_en_sao\callgrind_faster_qp27_WorldCup_far_1920x1080_30p_1920x1080_30fps_130f.out,27,6.562073891417624,6.48636531829834
661,faster,32,Aerial3200_2k,932000000000,250000000000,119000000000,6770641818,1977448652,1677097862,282876,53607804,62124188,59718414273,5061409207,6272647247,638864177,6.3725,hw-like,H:\valgrind\dis_deblock_en_sao\callgrind_faster_qp32_Aerial3200_1920x1080_5994_8bit_420_1920x1080_60fps_130f.out,32,6.907255511758429,6.359555244445801
662,faster,32,Boat_2k,1250000000000,324000000000,143000000000,12178834816,1839458887,1647898017,312234,52606283,60590317,68289194281,6196819409,6540266882,629898112,6.3672,hw-like,H:\valgrind\dis_deblock_en_sao\callgrind_faster_qp32_Boat_1920x1080_5994_8bit_420_1920x1080_60fps_130f.out,32,6.799724546727514,6.436473846435547
663,faster,32,BoxingPractice_4k,2890000000000,792000000000,373000000000,22331738914,6967547104,6364218445,2237428,277734581,312893259,182000000000,13169277242,21121499372,2396601891,13.0006,hw-like,H:\valgrind\dis_deblock_en_sao\callgrind_faster_qp32_BoxingPractice_3840x2160_5994fps_8bit_420_3840x2160_60fps_130f.out,32,11.290971071045048,13.1369047164917
664,faster,32,Crosswalk_4k,2860000000000,787000000000,371000000000,21320738857,6928974550,6323100061,2531518,285988835,313537713,182000000000,12214375627,21254878725,2435227638,12.9114,hw-like,H:\valgrind\dis_deblock_en_sao\callgrind_faster_qp32_Crosswalk_3840x2160_5994fps_8bit_420_3840x2160_60fps_130f.out,32,14.173483427679395,13.168280601501465
665,faster,32,CrowdRun_1080p50,1110000000000,290000000000,136000000000,6891131965,2019697116,1692812080,295253,56816696,69062627,73871940477,6931450780,6856593232,646361699,7.072,hw-like,H:\valgrind\dis_deblock_en_sao\callgrind_faster_qp32_CrowdRun_1920x1080p50_1920x1080_50fps_130f.out,32,6.524903918141078,6.748900413513184
666,faster,32,DinnerSceneCropped_2k,943000000000,256000000000,115000000000,9918426052,1722600920,1591093986,306254,52145668,59711389,51398340301,3657209796,5658448969,629967504,6.2705,hw-like,H:\valgrind\dis_deblock_en_sao\callgrind_faster_qp32_DinnerSceneCropped_1920x1080_2997fps_8bit_420_1920x1080_30fps_130f.out,32,6.221270594390641,6.322622299194336
667,faster,32,FoodMarket2_4k,3090000000000,841000000000,399000000000,24786043122,7351976250,6405310373,1885415,247620701,225177554,193000000000,15016602263,21962498486,2406495181,13.2082,hw-like,H:\valgrind\dis_deblock_en_sao\callgrind_faster_qp32_FoodMarket2_3840x2160_5994fps_8bit_420_3840x2160_60fps_130f.out,32,13.644599281541039,13.063874244689941
668,faster,32,FoodMarket_2k,831000000000,226000000000,107000000000,6218556296,1890778997,1639482932,289365,53006948,62877636,53145478699,4128034831,5839543669,626830412,6.3658,hw-like,H:\valgrind\dis_deblock_en_sao\callgrind_faster_qp32_FoodMarket_1920x1080_5994_8bit_420_1920x1080_60fps_130f.out,32,6.641689742958494,6.444016456604004
669,faster,32,MeridianTalk_sdr_2k,707000000000,194000000000,91301494998,5376535603,1709425289,1572884901,298488,50498447,61342979,44778265965,3101845929,5224269154,599125519,6.3348,hw-like,H:\valgrind\dis_deblock_en_sao\callgrind_faster_qp32_MeridianTalk_sdr_1920x1080p_5994_8bit_1920x1080_60fps_130f.out,32,6.462378302361115,6.343058109283447
670,faster,32,Motorcycle_2k,950000000000,250000000000,116000000000,6476255879,1900366637,1648671250,286970,52205969,62664156,62406781769,5667845018,6075166426,612371495,7.0665,hw-like,H:\valgrind\dis_deblock_en_sao\callgrind_faster_qp32_Motorcycle_1920x1080_30fps_8bit_1920x1080_30fps_130f.out,32,6.389942823111859,6.601998329162598
671,faster,32,MountainBike_2k,975000000000,257000000000,120000000000,6683426442,1946481934,1670942024,298654,54513881,68069104,63853480042,5795507631,6233675152,620564577,6.9826,hw-like,H:\valgrind\dis_deblock_en_sao\callgrind_faster_qp32_MountainBike_1920x1080_30fps_8bit_1920x1080_30fps_130f.out,32,6.53533295889061,6.383681774139404
672,faster,32,Neon1224_4k,2790000000000,763000000000,358000000000,21920045382,6771401068,6270807141,1951885,246918491,231861771,174000000000,12883116908,20406162663,2326774765,12.957,hw-like,H:\valgrind\dis_deblock_en_sao\callgrind_faster_qp32_Neon1224_3840x2160_2997fps_3840x2160_30fps_130f.out,32,12.907710425360749,13.230082511901855
673,faster,32,NocturneDance_4k,3370000000000,912000000000,404000000000,39563351324,6586409086,6102342636,2113587,232706900,213755461,174000000000,13029358612,19876012994,2259420661,13.2215,hw-like,H:\valgrind\dis_deblock_en_sao\callgrind_faster_qp32_NocturneDance_3840x2160p_8bit_60fps_3840x2160_60fps_130f.out,32,12.394491165061913,13.17963981628418
674,faster,32,OldTownCross_1080p50,1140000000000,300000000000,133000000000,11015032672,1805774316,1630304088,306926,51955982,60110330,62235312369,5098517316,6220276643,636155614,6.3166,hw-like,H:\valgrind\dis_deblock_en_sao\callgrind_faster_qp32_OldTownCross_1920x1080p50_1920x1080_50fps_130f.out,32,6.336577537972236,6.388299942016602
675,faster,32,PedestrianArea_1080p25,739000000000,202000000000,95146513795,5861610470,1785371113,1599301887,297015,51113184,61578400,46453158154,3478997176,5346728904,601191722,6.359,hw-like,H:\valgrind\dis_deblock_en_sao\callgrind_faster_qp32_PedestrianArea_1920x1080p25_1920x1080_25fps_130f.out,32,6.437970998277432,6.3600053787231445
676,faster,32,PierSeaSide_4k,3380000000000,912000000000,405000000000,34238708960,6323544528,6129629069,2332417,231990343,219356231,178000000000,13086991649,20258672611,2289932447,13.3017,hw-like,H:\valgrind\dis_deblock_en_sao\callgrind_faster_qp32_PierSeaSide_3840x2160_2997fps_8bit_420_3840x2160_30fps_130f.out,32,13.411824001020541,13.0357666015625
677,faster,32,RitualDance_2k,679000000000,186000000000,86928055278,5336617381,1659897428,1551169157,302695,49906111,62484351,42601868706,3121688815,5006163226,574409185,6.3146,hw-like,H:\valgrind\dis_deblock_en_sao\callgrind_faster_qp32_RitualDance_1920x1080_5994_8bit_420_1920x1080_60fps_130f.out,32,6.262643090641659,6.355855464935303
678,faster,32,Riverbed_1080p25,865000000000,235000000000,112000000000,6711538837,1956070022,1670194291,308811,55082052,62859367,54582594015,4391492779,6040167791,635158668,6.3958,hw-like,H:\valgrind\dis_deblock_en_sao\callgrind_faster_qp32_Riverbed_1920x1080p25_1920x1080_25fps_130f.out,32,7.134064546741985,6.300148963928223
679,faster,32,RushFieldCuts_2k,934000000000,249000000000,117000000000,6688310667,1948511672,1664263841,292936,52659756,62450991,60058085790,5295011244,6165051944,626640891,7.0422,hw-like,H:\valgrind\dis_deblock_en_sao\callgrind_faster_qp32_RushFieldCuts_1920x1080_2997_1920x1080_30fps_130f.out,32,6.5432500285962725,6.367058753967285
681,faster,32,Tango_4k,3000000000000,825000000000,390000000000,22625113575,7360618069,6467397789,2070283,265796667,255983549,192000000000,13422927868,22043428917,2482733483,13.2135,hw-like,H:\valgrind\dis_deblock_en_sao\callgrind_faster_qp32_Tango_3840x2160_5994fps_8bit_420_3840x2160_60fps_130f.out,32,13.393852259792368,13.148268699645996
682,faster,32,TimeLapse_4k,2980000000000,813000000000,382000000000,23471198137,7167256959,6413484033,2336531,282506161,313650804,187000000000,14221879292,21411067084,2382895271,13.1057,hw-like,H:\valgrind\dis_deblock_en_sao\callgrind_faster_qp32_TimeLapse_3840x2160_5994fps_8bit_420_3840x2160_60fps_130f.out,32,13.517984875172097,13.125887870788574
683,faster,32,ToddlerFountain_2k,960000000000,255000000000,120000000000,6559124855,1957949187,1671402970,295127,52119226,63032835,62576856019,5456272306,6247035907,625224580,6.6525,hw-like,H:\valgrind\dis_deblock_en_sao\callgrind_faster_qp32_ToddlerFountain_1920x1080_2997fps_8bit_420_1920x1080_30fps_130f.out,32,6.648671375350096,6.415389537811279
684,faster,32,TreesAndGrass_2k,1180000000000,303000000000,140000000000,6934714458,2049007588,1703141735,319697,56402354,78588401,80089256519,7697263361,7040714788,643965093,7.0828,hw-like,H:\valgrind\dis_deblock_en_sao\callgrind_faster_qp32_TreesAndGrass_1920_1080_30fps_8bit_1920x1080_30fps_130f.out,32,5.898282238298632,7.063719749450684
685,faster,32,TunnelFlag_2k,817000000000,220000000000,104000000000,6216200406,1850741425,1621702393,289248,51449373,61871819,52038275774,4312170644,5630647205,605314171,6.3698,hw-like,H:\valgrind\dis_deblock_en_sao\callgrind_faster_qp32_TunnelFlag_1920x1080_5994_8bit_420_1920x1080_60fps_130f.out,32,6.440749132679063,6.334920883178711
686,faster,32,Vertical_bees_2k,749000000000,204000000000,95813120975,5994878338,1807163402,1604100228,275449,50395355,62782629,46902640870,3677226882,5352217254,595109897,6.3654,hw-like,H:\valgrind\dis_deblock_en_sao\callgrind_faster_qp32_Vertical_bees_1080x1920_2997_1080x1920_30fps_130f.out,32,6.179316706074553,6.424417495727539
687,faster,32,Vertical_Carnaby_2k,669000000000,183000000000,85994907969,5499874553,1719194646,1567236516,302639,50190865,62709282,41330710350,2992285852,4973328793,574825921,6.4079,hw-like,H:\valgrind\dis_deblock_en_sao\callgrind_faster_qp32_Vertical_Carnaby_1080x1920_5994_1080x1920_60fps_130f.out,32,6.445840410550977,6.368943691253662
688,faster,32,WalkingInStreet_2k,1130000000000,289000000000,134000000000,7250567343,1885268331,1642958857,387389,54547716,63627392,75499115572,7491322857,6608698683,598313035,7.1539,hw-like,H:\valgrind\dis_deblock_en_sao\callgrind_faster_qp32_WalkingInStreet_1920x1080_30fps_1920x1080_30fps_130f.out,32,7.298008276795878,7.094063758850098
689,faster,32,WorldCup_2k,668000000000,183000000000,85274339093,5407064836,1686902258,1563529517,289676,50237718,62481552,41608355478,3045098677,4929621867,570751311,6.3585,hw-like,H:\valgrind\dis_deblock_en_sao\callgrind_faster_qp32_WorldCup_1920x1080_30p_1920x1080_30fps_130f.out,32,6.268496588228425,6.374598979949951
690,faster,32,WorldCup_far_2k,1040000000000,274000000000,122000000000,11408303161,1761229267,1604878950,310337,51702321,59230361,55044169276,4748524621,5771327852,607726894,6.3898,hw-like,H:\valgrind\dis_deblock_en_sao\callgrind_faster_qp32_WorldCup_far_1920x1080_30p_1920x1080_30fps_130f.out,32,6.650053196267013,6.332178592681885
691,faster,37,Aerial3200_2k,809000000000,220000000000,104000000000,6277321596,1913404041,1655695572,289070,53210603,62625977,51111066283,3932361374,5720917211,621626354,6.3831,hw-like,H:\valgrind\dis_deblock_en_sao\callgrind_faster_qp37_Aerial3200_1920x1080_5994_8bit_420_1920x1080_60fps_130f.out,37,6.714572018703738,6.344874382019043
692,faster,37,Boat_2k,1100000000000,290000000000,129000000000,11646605017,1756941315,1621348940,315110,51880110,60213769,58808973328,4959737697,6059063133,619675878,6.3417,hw-like,H:\valgrind\dis_deblock_en_sao\callgrind_faster_qp37_Boat_1920x1080_5994_8bit_420_1920x1080_60fps_130f.out,37,6.742940053554938,6.378371715545654
693,faster,37,BoxingPractice_4k,2660000000000,731000000000,342000000000,20641619825,6651516147,6267361631,2256751,271146861,309078789,166000000000,11327319496,19878483742,2321547204,13.0209,hw-like,H:\valgrind\dis_deblock_en_sao\callgrind_faster_qp37_BoxingPractice_3840x2160_5994fps_8bit_420_3840x2160_60fps_130f.out,37,11.196053731925437,13.082356452941895
694,faster,37,Crosswalk_4k,2650000000000,731000000000,342000000000,19678503503,6600167855,6239593894,2513076,279284532,310170319,166000000000,10798179841,19998246099,2347287290,12.9536,hw-like,H:\valgrind\dis_deblock_en_sao\callgrind_faster_qp37_Crosswalk_3840x2160_5994fps_8bit_420_3840x2160_60fps_130f.out,37,13.622957659652604,13.050581932067871
695,faster,37,CrowdRun_1080p50,943000000000,252000000000,119000000000,6499086860,1961955898,1673554536,292527,56004012,69213441,61285214284,5337890147,6225070974,631207795,6.3421,hw-like,H:\valgrind\dis_deblock_en_sao\callgrind_faster_qp37_CrowdRun_1920x1080p50_1920x1080_50fps_130f.out,37,6.34743321041937,6.733381748199463
696,faster,37,DinnerSceneCropped_2k,798000000000,218000000000,97367618239,7089306875,1475790101,1518278064,308157,48064123,59601942,43072109293,2804328135,5044440969,590289634,6.3238,hw-like,H:\valgrind\dis_deblock_en_sao\callgrind_faster_qp37_DinnerSceneCropped_1920x1080_2997fps_8bit_420_1920x1080_30fps_130f.out,37,5.979639992328256,6.359380722045898
697,faster,37,FoodMarket2_4k,2900000000000,795000000000,375000000000,23654631642,7316339027,6494460746,1970426,251993546,231047490,180000000000,13155895769,21192992364,2407991572,13.2051,hw-like,H:\valgrind\dis_deblock_en_sao\callgrind_faster_qp37_FoodMarket2_3840x2160_5994fps_8bit_420_3840x2160_60fps_130f.out,37,13.555597942409229,13.064194679260254
698,faster,37,FoodMarket_2k,739000000000,202000000000,95400343720,5673895427,1792497274,1608746196,285511,51244259,61968520,46754045872,3356278643,5385816057,606453018,6.3796,hw-like,H:\valgrind\dis_deblock_en_sao\callgrind_faster_qp37_FoodMarket_1920x1080_5994_8bit_420_1920x1080_60fps_130f.out,37,6.497067836856033,6.371339321136475
699,faster,37,MeridianTalk_sdr_2k,652000000000,180000000000,83928275572,4961600955,1636191866,1556005104,297344,50108806,62379189,40803030865,2696616321,4920126581,578899459,6.3354,hw-like,H:\valgrind\dis_deblock_en_sao\callgrind_faster_qp37_MeridianTalk_sdr_1920x1080p_5994_8bit_1920x1080_60fps_130f.out,37,6.321236362988531,6.356786727905273
700,faster,37,Motorcycle_2k,846000000000,226000000000,106000000000,6125956082,1850561810,1632602169,286598,51343689,62895984,54487765703,4649187081,5676234462,599127092,6.3269,hw-like,H:\valgrind\dis_deblock_en_sao\callgrind_faster_qp37_Motorcycle_1920x1080_30fps_8bit_1920x1080_30fps_130f.out,37,6.363596861571901,6.3190598487854
701,faster,37,MountainBike_2k,865000000000,231000000000,109000000000,6363474204,1913831176,1656197061,284603,51373381,62846104,55529954978,4714664670,5812749342,608872272,6.3469,hw-like,H:\valgrind\dis_deblock_en_sao\callgrind_faster_qp37_MountainBike_1920x1080_30fps_8bit_1920x1080_30fps_130f.out,37,6.365515266948137,6.364777088165283
702,faster,37,Neon1224_4k,2560000000000,703000000000,328000000000,20380802095,6527191134,6213117919,1950402,241728241,232336758,159000000000,11122693045,19208498598,2246165141,13.1415,hw-like,H:\valgrind\dis_deblock_en_sao\callgrind_faster_qp37_Neon1224_3840x2160_2997fps_3840x2160_30fps_130f.out,37,12.812313863788434,13.159318923950195
703,faster,37,NocturneDance_4k,3200000000000,871000000000,385000000000,36075940686,6403761382,6205790936,2285297,237395453,221849247,164000000000,11528432467,19438248912,2278405495,13.1773,hw-like,H:\valgrind\dis_deblock_en_sao\callgrind_faster_qp37_NocturneDance_3840x2160p_8bit_60fps_3840x2160_60fps_130f.out,37,12.830032327177205,13.062862396240234
704,faster,37,OldTownCross_1080p50,950000000000,255000000000,114000000000,9517147263,1626425681,1577370965,310770,50224177,59801764,50942659203,3825650561,5553213512,608825001,6.3815,hw-like,H:\valgrind\dis_deblock_en_sao\callgrind_faster_qp37_OldTownCross_1920x1080p50_1920x1080_50fps_130f.out,37,6.221512116705061,6.320342063903809
705,faster,37,PedestrianArea_1080p25,679000000000,187000000000,87479873897,5380940031,1717196281,1578054503,304001,49747851,61453924,42399606360,2966160916,5051808860,586195918,6.3598,hw-like,H:\valgrind\dis_deblock_en_sao\callgrind_faster_qp37_PedestrianArea_1920x1080p25_1920x1080_25fps_130f.out,37,6.343236560480236,6.337193012237549
706,faster,37,PierSeaSide_4k,3150000000000,857000000000,379000000000,32267680709,6103424641,6166429181,2268227,231435195,221149866,165000000000,11513541999,19413165502,2264076257,13.1386,hw-like,H:\valgrind\dis_deblock_en_sao\callgrind_faster_qp37_PierSeaSide_3840x2160_2997fps_8bit_420_3840x2160_30fps_130f.out,37,12.907669523856665,13.106419563293457
707,faster,37,RitualDance_2k,631000000000,174000000000,80803334719,5025139717,1602137252,1537351102,302537,48046930,61778252,39298205690,2732897214,4762009314,559874745,6.3482,hw-like,H:\valgrind\dis_deblock_en_sao\callgrind_faster_qp37_RitualDance_1920x1080_5994_8bit_420_1920x1080_60fps_130f.out,37,6.1857139608608245,6.290506839752197
708,faster,37,Riverbed_1080p25,778000000000,213000000000,101000000000,6275503982,1904246285,1648957125,332412,51558774,59455214,48789209986,3626343240,5615648317,619652039,6.362,hw-like,H:\valgrind\dis_deblock_en_sao\callgrind_faster_qp37_Riverbed_1920x1080p25_1920x1080_25fps_130f.out,37,6.96213519224545,6.34885835647583
709,faster,37,RushFieldCuts_2k,819000000000,221000000000,104000000000,6229559938,1868474580,1638689219,290943,51549963,62666549,51796269372,4222721172,5673583204,609281547,6.3248,hw-like,H:\valgrind\dis_deblock_en_sao\callgrind_faster_qp37_RushFieldCuts_1920x1080_2997_1920x1080_30fps_130f.out,37,6.456011977617511,6.35428524017334
711,faster,37,Tango_4k,2740000000000,754000000000,354000000000,20563459410,6763370001,6291411559,2529860,278023969,310568414,172000000000,11442225309,20494546046,2382271503,13.1884,hw-like,H:\valgrind\dis_deblock_en_sao\callgrind_faster_qp37_Tango_3840x2160_5994fps_8bit_420_3840x2160_60fps_130f.out,37,13.360915464889548,12.93484115600586
712,faster,37,TimeLapse_4k,2720000000000,745000000000,349000000000,21875389100,6897811646,6331065597,2322591,277243570,312275279,169000000000,12021948975,20087647914,2316558077,13.1057,hw-like,H:\valgrind\dis_deblock_en_sao\callgrind_faster_qp37_TimeLapse_3840x2160_5994fps_8bit_420_3840x2160_60fps_130f.out,37,12.989148220379981,13.175477981567383
713,faster,37,ToddlerFountain_2k,820000000000,221000000000,104000000000,6140422497,1888875002,1647846203,300351,51477913,62611854,52180580374,4145809713,5662904411,607495750,6.3507,hw-like,H:\valgrind\dis_deblock_en_sao\callgrind_faster_qp37_ToddlerFountain_1920x1080_2997fps_8bit_420_1920x1080_30fps_130f.out,37,6.606355331559238,6.343459606170654
714,faster,37,TreesAndGrass_2k,1040000000000,273000000000,127000000000,6681713430,1999432686,1689539441,338776,55271746,76600046,68753227822,6249558131,6561385165,633038711,6.3948,hw-like,H:\valgrind\dis_deblock_en_sao\callgrind_faster_qp37_TreesAndGrass_1920_1080_30fps_8bit_1920x1080_30fps_130f.out,37,6.121015886302068,6.72113037109375
715,faster,37,TunnelFlag_2k,729000000000,199000000000,93198671895,5707939202,1753513360,1592972527,285445,50196342,62493688,45928411070,3495429836,5248253313,590073630,6.3631,hw-like,H:\valgrind\dis_deblock_en_sao\callgrind_faster_qp37_TunnelFlag_1920x1080_5994_8bit_420_1920x1080_60fps_130f.out,37,6.243968859258535,6.345355987548828
716,faster,37,Vertical_bees_2k,693000000000,189000000000,88774826435,5631125490,1757574384,1589624623,279188,50115983,63135185,43083672569,3188825970,5079647864,580882538,6.4461,hw-like,H:\valgrind\dis_deblock_en_sao\callgrind_faster_qp37_Vertical_bees_1080x1920_2997_1080x1920_30fps_130f.out,37,6.136581699133014,6.387645721435547
717,faster,37,Vertical_Carnaby_2k,762000000000,208000000000,92222744211,8262042761,1550861900,1520047531,320159,49426048,60544159,39484177167,2730889387,4764302227,560632145,6.3596,hw-like,H:\valgrind\dis_deblock_en_sao\callgrind_faster_qp37_Vertical_Carnaby_1080x1920_5994_1080x1920_60fps_130f.out,37,6.179524509371523,6.339019775390625
718,faster,37,WalkingInStreet_2k,978000000000,257000000000,120000000000,7064574393,1885872024,1635253584,399139,57103228,69850212,63765865898,6015894082,6139283556,595939126,6.4568,hw-like,H:\valgrind\dis_deblock_en_sao\callgrind_faster_qp37_WalkingInStreet_1920x1080_30fps_1920x1080_30fps_130f.out,37,6.929786868325204,6.946201801300049
719,faster,37,WorldCup_2k,627000000000,172000000000,80044833062,5068962884,1627135595,1545127207,287078,48821096,61946737,38873872093,2709462731,4727595826,557919693,6.2898,hw-like,H:\valgrind\dis_deblock_en_sao\callgrind_faster_qp37_WorldCup_1920x1080_30p_1920x1080_30fps_130f.out,37,6.273336280386623,6.350380897521973
720,faster,37,WorldCup_far_2k,768000000000,208000000000,98121207869,6146687672,1835649961,1619838214,295687,51535205,62447952,48215277885,3917462261,5419770580,596339160,6.313,hw-like,H:\valgrind\dis_deblock_en_sao\callgrind_faster_qp37_WorldCup_far_1920x1080_30p_1920x1080_30fps_130f.out,37,6.463127791607171,6.355986595153809
721,superfast,22,Aerial3200_2k,1290000000000,330000000000,153000000000,7524082517,2773612782,1827783718,286409,56074993,59801168,86293540749,8927547022,7456406096,640911701,7.1671,hw-like,H:\valgrind\dis_deblock_en_sao\callgrind_superfast_qp22_Aerial3200_1920x1080_5994_8bit_420_1920x1080_60fps_130f.out,22,7.3039021657502,7.153674602508545
722,superfast,22,Boat_2k,1310000000000,328000000000,150000000000,7266540546,2673658527,1787751403,294580,55308565,60963009,89225478808,9208994115,7310522759,623913158,7.1358,hw-like,H:\valgrind\dis_deblock_en_sao\callgrind_superfast_qp22_Boat_1920x1080_5994_8bit_420_1920x1080_60fps_130f.out,22,7.300224122090412,7.062325954437256
723,superfast,22,BoxingPractice_4k,4040000000000,1070000000000,503000000000,27844697405,11111230737,6509932528,2072456,299580689,300572563,260000000000,24260034667,25659254526,2483332463,13.6248,hw-like,H:\valgrind\dis_deblock_en_sao\callgrind_superfast_qp22_BoxingPractice_3840x2160_5994fps_8bit_420_3840x2160_60fps_130f.out,22,13.487615737974542,8.533988952636719
724,superfast,22,Crosswalk_4k,3150000000000,841000000000,396000000000,22003928088,8862149700,5180405391,1469893,205801554,177299649,202000000000,17947495839,20315841105,2009046709,13.055,hw-like,H:\valgrind\dis_deblock_en_sao\callgrind_superfast_qp22_Crosswalk_3840x2160_5994fps_8bit_420_3840x2160_60fps_130f.out,22,12.383147601481154,13.751625061035156
725,superfast,22,CrowdRun_1080p50,1520000000000,377000000000,171000000000,7602015153,2802347738,1842370357,278053,55832943,60982347,107000000000,11135111295,8002021845,641196235,7.2255,hw-like,H:\valgrind\dis_deblock_en_sao\callgrind_superfast_qp22_CrowdRun_1920x1080p50_1920x1080_50fps_130f.out,22,6.919130655860842,7.156974792480469
726,superfast,22,DinnerSceneCropped_2k,1320000000000,340000000000,157000000000,7486298009,2809195846,1840482196,282256,56537990,59912249,90001032095,9171820276,7490938636,647912781,6.3792,hw-like,H:\valgrind\dis_deblock_en_sao\callgrind_superfast_qp22_DinnerSceneCropped_1920x1080_2997fps_8bit_420_1920x1080_30fps_130f.out,22,7.107554056476506,7.087972640991211
727,superfast,22,FoodMarket2_4k,3120000000000,828000000000,392000000000,21993746814,8516006115,5004106067,1442074,202663673,174702817,199000000000,18945561832,20008918140,1916752051,13.9507,hw-like,H:\valgrind\dis_deblock_en_sao\callgrind_superfast_qp22_FoodMarket2_3840x2160_5994fps_8bit_420_3840x2160_60fps_130f.out,22,12.143719920351113,13.413850784301758
728,superfast,22,FoodMarket_2k,1260000000000,324000000000,150000000000,7381166054,2745523441,1819726763,279079,56360624,59924267,84121522549,8469917228,7287008705,639980678,6.8418,hw-like,H:\valgrind\dis_deblock_en_sao\callgrind_superfast_qp22_FoodMarket_1920x1080_5994_8bit_420_1920x1080_60fps_130f.out,22,7.184294712662114,7.111056327819824
729,superfast,22,MeridianTalk_sdr_2k,1240000000000,322000000000,142000000000,11780461408,2419405114,1675130582,280677,54518548,57700431,67587921793,5979958343,6411536513,627183460,6.3813,hw-like,H:\valgrind\dis_deblock_en_sao\callgrind_superfast_qp22_MeridianTalk_sdr_1920x1080p_5994_8bit_1920x1080_60fps_130f.out,22,6.7466187164412315,6.64650821685791
730,superfast,22,Motorcycle_2k,1170000000000,298000000000,138000000000,7150626009,2580674940,1747751532,280502,55543586,60279643,78941583326,7790206034,6841244769,618801393,7.0665,hw-like,H:\valgrind\dis_deblock_en_sao\callgrind_superfast_qp22_Motorcycle_1920x1080_30fps_8bit_1920x1080_30fps_130f.out,22,7.047319927893794,6.971139430999756
731,superfast,22,MountainBike_2k,1460000000000,365000000000,159000000000,12642143864,2424254340,1687227135,281609,53672165,58244730,82729489688,8148410859,6987452007,621150337,7.0957,hw-like,H:\valgrind\dis_deblock_en_sao\callgrind_superfast_qp22_MountainBike_1920x1080_30fps_8bit_1920x1080_30fps_130f.out,22,6.883092035081394,7.0561676025390625
732,superfast,22,Neon1224_4k,3090000000000,829000000000,392000000000,23224411523,9480965164,5668734833,1655617,230080127,203536550,196000000000,17102854169,21002950744,2188487366,13.4567,hw-like,H:\valgrind\dis_deblock_en_sao\callgrind_superfast_qp22_Neon1224_3840x2160_2997fps_3840x2160_30fps_130f.out,22,12.507555998649842,13.242463111877441
733,superfast,22,NocturneDance_4k,3070000000000,820000000000,389000000000,23391416225,9175824349,5433650010,1522481,217161818,189481592,194000000000,17900476738,20423662188,2071193954,13.3742,hw-like,H:\valgrind\dis_deblock_en_sao\callgrind_superfast_qp22_NocturneDance_3840x2160p_8bit_60fps_3840x2160_60fps_130f.out,22,11.818458778204677,13.360931396484375
734,superfast,22,OldTownCross_1080p50,1540000000000,384000000000,174000000000,7656175532,2790353901,1839276120,293808,56979128,61227875,108000000000,11326538374,8047135148,642963580,7.1316,hw-like,H:\valgrind\dis_deblock_en_sao\callgrind_superfast_qp22_OldTownCross_1920x1080p50_1920x1080_50fps_130f.out,22,7.394080543265025,7.202991008758545
735,superfast,22,PedestrianArea_1080p25,1050000000000,276000000000,129000000000,6978541783,2592377854,1745830775,280810,54326600,59001842,68047556671,6484928287,6542522609,620468494,6.3747,hw-like,H:\valgrind\dis_deblock_en_sao\callgrind_superfast_qp22_PedestrianArea_1920x1080p25_1920x1080_25fps_130f.out,22,6.835359114681976,6.750267505645752
736,superfast,22,PierSeaSide_4k,3680000000000,980000000000,462000000000,25671132723,10383695932,6159233633,1764542,251103292,217466825,238000000000,21547735538,24038701013,2399487666,13.2578,hw-like,H:\valgrind\dis_deblock_en_sao\callgrind_superfast_qp22_PierSeaSide_3840x2160_2997fps_8bit_420_3840x2160_30fps_130f.out,22,14.1393447757406,13.408117294311523
737,superfast,22,RitualDance_2k,813000000000,219000000000,103000000000,6121341164,2288769549,1621473989,279308,54667611,63058178,51798584563,4493610766,5587714484,588554882,6.3007,hw-like,H:\valgrind\dis_deblock_en_sao\callgrind_superfast_qp22_RitualDance_1920x1080_5994_8bit_420_1920x1080_60fps_130f.out,22,6.426161713488553,6.317994594573975
738,superfast,22,Riverbed_1080p25,1190000000000,310000000000,145000000000,7482363598,2744470758,1822387259,300688,58135731,63229084,78150100915,7842036716,7147809968,635102617,6.4294,hw-like,H:\valgrind\dis_deblock_en_sao\callgrind_superfast_qp22_Riverbed_1920x1080p25_1920x1080_25fps_130f.out,22,7.4916643283941635,6.92683744430542
739,superfast,22,RushFieldCuts_2k,1450000000000,366000000000,161000000000,12776981834,2442897051,1694312279,292438,52888321,57429095,80900771041,7955900438,7096147069,635902835,7.0231,hw-like,H:\valgrind\dis_deblock_en_sao\callgrind_superfast_qp22_RushFieldCuts_1920x1080_2997_1920x1080_30fps_130f.out,22,6.983801557602755,6.94720983505249
741,superfast,22,Tango_4k,2810000000000,735000000000,342000000000,17594083554,7058207156,4101282054,1374945,188766448,193909061,185000000000,17359197630,16958919675,1575133846,14.0446,hw-like,H:\valgrind\dis_deblock_en_sao\callgrind_superfast_qp22_Tango_3840x2160_5994fps_8bit_420_3840x2160_60fps_130f.out,22,10.52954464057553,13.34558391571045
742,superfast,22,TimeLapse_4k,3880000000000,1030000000000,481000000000,26849168066,10859005090,6401869815,2120448,296172830,299586351,250000000000,23275327837,24888093761,2453080540,8.4907,hw-like,H:\valgrind\dis_deblock_en_sao\callgrind_superfast_qp22_TimeLapse_3840x2160_5994fps_8bit_420_3840x2160_60fps_130f.out,22,15.036151746309736,13.430521965026855
743,superfast,22,ToddlerFountain_2k,1290000000000,328000000000,151000000000,7347982976,2698767729,1798340373,294093,55728849,60910761,88279919792,9112623709,7322273882,636038376,7.1011,hw-like,H:\valgrind\dis_deblock_en_sao\callgrind_superfast_qp22_ToddlerFountain_1920x1080_2997fps_8bit_420_1920x1080_30fps_130f.out,22,6.968365473775121,7.083819389343262
744,superfast,22,TreesAndGrass_2k,1430000000000,351000000000,159000000000,7349312186,2725191444,1801088285,321002,59712637,78252221,99675141076,9946316953,7643703366,635930364,7.2048,hw-like,H:\valgrind\dis_deblock_en_sao\callgrind_superfast_qp22_TreesAndGrass_1920_1080_30fps_8bit_1920x1080_30fps_130f.out,22,6.73368988585996,7.080686569213867
745,superfast,22,TunnelFlag_2k,1100000000000,285000000000,133000000000,7161618807,2576777950,1738017261,281106,58484710,64293063,72398286496,7176000093,6691021147,616845334,6.8743,hw-like,H:\valgrind\dis_deblock_en_sao\callgrind_superfast_qp22_TunnelFlag_1920x1080_5994_8bit_420_1920x1080_60fps_130f.out,22,6.9163315610006055,7.0178422927856445
746,superfast,22,Vertical_bees_2k,899000000000,240000000000,113000000000,6723876183,1780855702,1453261454,289797,51408185,59165354,57111624447,5226407744,5986471841,607430713,6.4007,hw-like,H:\valgrind\dis_deblock_en_sao\callgrind_superfast_qp22_Vertical_bees_1080x1920_2997_1080x1920_30fps_130f.out,22,6.9175538710499,6.393104076385498
747,superfast,22,Vertical_Carnaby_2k,964000000000,258000000000,115000000000,11062688461,1563598783,1357436650,294009,49336191,56859116,50365953610,4237281752,5522807671,591329698,6.3932,hw-like,H:\valgrind\dis_deblock_en_sao\callgrind_superfast_qp22_Vertical_Carnaby_1080x1920_5994_1080x1920_60fps_130f.out,22,6.293200742825569,6.3630170822143555
748,superfast,22,WalkingInStreet_2k,1410000000000,343000000000,154000000000,7423052189,2357954636,1660890067,397271,60128182,68238784,99536836930,10149586523,7286455878,588007232,7.2554,hw-like,H:\valgrind\dis_deblock_en_sao\callgrind_superfast_qp22_WalkingInStreet_1920x1080_30fps_1920x1080_30fps_130f.out,22,8.027471286983808,6.9821696281433105
749,superfast,22,WorldCup_2k,795000000000,214000000000,101000000000,6288859635,2319094730,1631439328,293905,51595495,57626314,49909400546,4328915206,5490847318,587815793,6.3279,hw-like,H:\valgrind\dis_deblock_en_sao\callgrind_superfast_qp22_WorldCup_1920x1080_30p_1920x1080_30fps_130f.out,22,6.678330143164134,6.353280544281006
750,superfast,22,WorldCup_far_2k,1060000000000,276000000000,129000000000,7145138505,2483769114,1705514749,291407,56012860,60418722,69806296024,7040817725,6522967411,610707095,7.0555,hw-like,H:\valgrind\dis_deblock_en_sao\callgrind_superfast_qp22_WorldCup_far_1920x1080_30p_1920x1080_30fps_130f.out,22,6.874396829098464,6.72568941116333
751,superfast,27,Aerial3200_2k,1070000000000,281000000000,133000000000,7194198990,2692858915,1790046079,274166,55735168,59307781,69359693412,6683958289,6743125167,635566598,6.3714,hw-like,H:\valgrind\dis_deblock_en_sao\callgrind_superfast_qp27_Aerial3200_1920x1080_5994_8bit_420_1920x1080_60fps_130f.out,27,7.298150608722349,6.885185718536377
752,superfast,27,Boat_2k,1140000000000,294000000000,137000000000,7059819222,2648510741,1770863459,289501,54671488,59972131,75949224373,7626523786,6851727323,621740993,6.8668,hw-like,H:\valgrind\dis_deblock_en_sao\callgrind_superfast_qp27_Boat_1920x1080_5994_8bit_420_1920x1080_60fps_130f.out,27,7.014621488821289,7.126796722412109
753,superfast,27,BoxingPractice_4k,3050000000000,827000000000,391000000000,23578653911,9800172094,5863261978,1748899,236608360,208686213,193000000000,15846951471,21269321988,2270404528,13.0487,hw-like,H:\valgrind\dis_deblock_en_sao\callgrind_superfast_qp27_BoxingPractice_3840x2160_5994fps_8bit_420_3840x2160_60fps_130f.out,27,12.324046345051746,13.024566650390625
754,superfast,27,Crosswalk_4k,3050000000000,833000000000,395000000000,23592375975,10185968607,6081858268,1857202,246464263,214618869,194000000000,14478837597,21894832670,2405686599,12.9287,hw-like,H:\valgrind\dis_deblock_en_sao\callgrind_superfast_qp27_Crosswalk_3840x2160_5994fps_8bit_420_3840x2160_60fps_130f.out,27,13.81250067096232,13.047652244567871
755,superfast,27,CrowdRun_1080p50,1280000000000,326000000000,150000000000,7318233305,2732017228,1806387712,282683,56508408,60756376,86886310336,8823309030,7319102425,638336135,7.0286,hw-like,H:\valgrind\dis_deblock_en_sao\callgrind_superfast_qp27_CrowdRun_1920x1080p50_1920x1080_50fps_130f.out,27,6.887603007785669,7.066032409667969
756,superfast,27,DinnerSceneCropped_2k,997000000000,266000000000,125000000000,6941394329,2701211082,1793405514,287841,57982708,62235373,64310399378,5680861608,6431812445,638908363,6.3581,hw-like,H:\valgrind\dis_deblock_en_sao\callgrind_superfast_qp27_DinnerSceneCropped_1920x1080_2997fps_8bit_420_1920x1080_30fps_130f.out,27,6.716695634471023,6.309563636779785
757,superfast,27,FoodMarket2_4k,3160000000000,853000000000,406000000000,24650861947,9769717176,5805019063,1637362,233855962,202670757,198000000000,17183696972,21660755391,2242982162,13.2135,hw-like,H:\valgrind\dis_deblock_en_sao\callgrind_superfast_qp27_FoodMarket2_3840x2160_5994fps_8bit_420_3840x2160_60fps_130f.out,27,12.818776354019535,13.251120567321777
758,superfast,27,FoodMarket_2k,970000000000,259000000000,122000000000,6858538472,2631843181,1761370348,280453,54458767,58652295,62412406410,5607148867,6345328316,629385368,6.3553,hw-like,H:\valgrind\dis_deblock_en_sao\callgrind_superfast_qp27_FoodMarket_1920x1080_5994_8bit_420_1920x1080_60fps_130f.out,27,7.068709869325458,6.582186698913574
759,superfast,27,MeridianTalk_sdr_2k,790000000000,215000000000,102000000000,5996666044,2415012545,1672910641,282804,52483977,58309226,50297200751,3907788501,5605366242,608697185,6.3492,hw-like,H:\valgrind\dis_deblock_en_sao\callgrind_superfast_qp27_MeridianTalk_sdr_1920x1080p_5994_8bit_1920x1080_60fps_130f.out,27,6.739067011332217,6.369763374328613
760,superfast,27,Motorcycle_2k,1050000000000,270000000000,126000000000,6843443457,2502406698,1712677980,274872,54307541,59707267,69237887534,6708068923,6400720072,610968439,7.0063,hw-like,H:\valgrind\dis_deblock_en_sao\callgrind_superfast_qp27_Motorcycle_1920x1080_30fps_8bit_1920x1080_30fps_130f.out,27,6.912039875333367,6.618465900421143
761,superfast,27,MountainBike_2k,1070000000000,278000000000,130000000000,6978513165,2569615611,1747077427,280389,56861688,64031756,70965005360,6937568971,6546203755,616103119,7.0351,hw-like,H:\valgrind\dis_deblock_en_sao\callgrind_superfast_qp27_MountainBike_1920x1080_30fps_8bit_1920x1080_30fps_130f.out,27,6.919692380416117,7.024288177490234
762,superfast,27,Neon1224_4k,3040000000000,827000000000,390000000000,23875921138,10072006788,6121594429,1860542,252275464,223028294,190000000000,15517408559,21610502364,2357609732,12.9711,hw-like,H:\valgrind\dis_deblock_en_sao\callgrind_superfast_qp27_Neon1224_3840x2160_2997fps_3840x2160_30fps_130f.out,27,12.780834808609603,13.131993293762207
763,superfast,27,NocturneDance_4k,3050000000000,824000000000,390000000000,24598268298,10020395504,6027001343,1781431,243255205,214011083,189000000000,16105228640,21267187549,2289552960,13.2943,hw-like,H:\valgrind\dis_deblock_en_sao\callgrind_superfast_qp27_NocturneDance_3840x2160p_8bit_60fps_3840x2160_60fps_130f.out,27,12.314236318900774,13.055529594421387
764,superfast,27,OldTownCross_1080p50,1200000000000,311000000000,145000000000,7292807828,2742493344,1810424430,285550,55731786,59679479,79695298570,7749756037,7079280276,640359655,7.1214,hw-like,H:\valgrind\dis_deblock_en_sao\callgrind_superfast_qp27_OldTownCross_1920x1080p50_1920x1080_50fps_130f.out,27,6.934010986916324,6.755326747894287
765,superfast,27,PedestrianArea_1080p25,832000000000,225000000000,106000000000,6422712843,2447639486,1684678734,284150,53169788,58489555,52454032853,4456428136,5747382633,606178819,6.3449,hw-like,H:\valgrind\dis_deblock_en_sao\callgrind_superfast_qp27_PedestrianArea_1920x1080p25_1920x1080_25fps_130f.out,27,6.679351117061843,6.378482818603516
766,superfast,27,PierSeaSide_4k,3190000000000,865000000000,409000000000,23558765551,10067183361,6131259069,1989266,252696367,223408861,201000000000,16551928696,22384987217,2394878860,13.27,hw-like,H:\valgrind\dis_deblock_en_sao\callgrind_superfast_qp27_PierSeaSide_3840x2160_2997fps_8bit_420_3840x2160_30fps_130f.out,27,14.060151370066787,13.12078857421875
767,superfast,27,RitualDance_2k,728000000000,198000000000,92998412879,5703576432,2216847494,1587944178,279617,50691690,58069501,45720198985,3691312821,5230966331,575397947,6.3314,hw-like,H:\valgrind\dis_deblock_en_sao\callgrind_superfast_qp27_RitualDance_1920x1080_5994_8bit_420_1920x1080_60fps_130f.out,27,6.45620922192862,6.364882946014404
768,superfast,27,Riverbed_1080p25,974000000000,260000000000,124000000000,7134001298,2647094557,1772966438,291598,56854186,59465490,61682397075,5654408293,6434150875,631192932,6.4041,hw-like,H:\valgrind\dis_deblock_en_sao\callgrind_superfast_qp27_Riverbed_1920x1080p25_1920x1080_25fps_130f.out,27,7.619809792981126,6.764801502227783
769,superfast,27,RushFieldCuts_2k,1050000000000,276000000000,130000000000,7063125619,2583785691,1747979516,276818,53813234,58980131,68400066449,6595171861,6582211028,625934720,7.0206,hw-like,H:\valgrind\dis_deblock_en_sao\callgrind_superfast_qp27_RushFieldCuts_1920x1080_2997_1920x1080_30fps_130f.out,27,6.7502693292125215,6.746074676513672
771,superfast,27,Tango_4k,3450000000000,936000000000,444000000000,25975963960,10831966923,6393046247,2095009,293919900,289779246,221000000000,17815649454,23855831270,2511752119,13.3681,hw-like,H:\valgrind\dis_deblock_en_sao\callgrind_superfast_qp27_Tango_3840x2160_5994fps_8bit_420_3840x2160_60fps_130f.out,27,13.091660894624223,12.098013877868652
772,superfast,27,TimeLapse_4k,2950000000000,796000000000,376000000000,22496137181,9288188307,5593275228,1762954,228592115,202274020,186000000000,15792679139,20370370297,2151148869,13.0925,hw-like,H:\valgrind\dis_deblock_en_sao\callgrind_superfast_qp27_TimeLapse_3840x2160_5994fps_8bit_420_3840x2160_60fps_130f.out,27,13.364099684089775,13.220046997070312
773,superfast,27,ToddlerFountain_2k,1090000000000,284000000000,132000000000,6939895867,2634281703,1763031349,283344,53560684,59455934,72502904885,7046126214,6669384156,624184434,7.0285,hw-like,H:\valgrind\dis_deblock_en_sao\callgrind_superfast_qp27_ToddlerFountain_1920x1080_2997fps_8bit_420_1920x1080_30fps_130f.out,27,6.801418846848058,7.162749767303467
774,superfast,27,TreesAndGrass_2k,1280000000000,321000000000,147000000000,7153604858,2700112853,1786897862,311201,57690886,74822303,87647168107,8788590268,7230541066,632456232,7.1124,hw-like,H:\valgrind\dis_deblock_en_sao\callgrind_superfast_qp27_TreesAndGrass_1920_1080_30fps_8bit_1920x1080_30fps_130f.out,27,6.341130406639985,7.1154608726501465
775,superfast,27,TunnelFlag_2k,1130000000000,296000000000,131000000000,11566824458,2290673420,1622575930,289252,52146475,56657254,61122592348,5574842796,6088750211,607151177,6.3523,hw-like,H:\valgrind\dis_deblock_en_sao\callgrind_superfast_qp27_TunnelFlag_1920x1080_5994_8bit_420_1920x1080_60fps_130f.out,27,6.557698583896313,6.757120609283447
776,superfast,27,Vertical_bees_2k,982000000000,261000000000,117000000000,11026300974,1548600967,1354719586,277962,51286061,58219319,51892869725,4387955166,5622248048,597556633,6.3751,hw-like,H:\valgrind\dis_deblock_en_sao\callgrind_superfast_qp27_Vertical_bees_1080x1920_2997_1080x1920_30fps_130f.out,27,6.7246557372490425,6.37949275970459
777,superfast,27,Vertical_Carnaby_2k,718000000000,196000000000,92546746280,5968673982,1649868065,1388026035,288538,50485725,59353001,44134631025,3528358552,5209643230,579979406,6.4061,hw-like,H:\valgrind\dis_deblock_en_sao\callgrind_superfast_qp27_Vertical_Carnaby_1080x1920_5994_1080x1920_60fps_130f.out,27,6.42724388050854,6.380866527557373
778,superfast,27,WalkingInStreet_2k,1280000000000,320000000000,146000000000,7388918994,2364961217,1652596518,362731,56843385,62250044,88098470484,9090082877,7008199928,587732090,7.2329,hw-like,H:\valgrind\dis_deblock_en_sao\callgrind_superfast_qp27_WalkingInStreet_1920x1080_30fps_1920x1080_30fps_130f.out,27,7.513643406212668,6.9193034172058105
779,superfast,27,WorldCup_2k,717000000000,195000000000,91591041924,5834461854,2234738371,1595821178,286279,51494391,58196406,44536969634,3588027067,5164673714,574997591,6.3472,hw-like,H:\valgrind\dis_deblock_en_sao\callgrind_superfast_qp27_WorldCup_1920x1080_30p_1920x1080_30fps_130f.out,27,6.589842361510156,6.349388122558594
780,superfast,27,WorldCup_far_2k,1140000000000,298000000000,132000000000,11733719715,2254296090,1606289050,286578,53325922,57399912,61661912265,5810528015,6100013948,605368020,7.0531,hw-like,H:\valgrind\dis_deblock_en_sao\callgrind_superfast_qp27_WorldCup_far_1920x1080_30p_1920x1080_30fps_130f.out,27,6.573983497345235,6.406330108642578
781,superfast,32,Aerial3200_2k,899000000000,242000000000,115000000000,6746332770,2550302755,1734624702,279679,55119979,59198432,57032749990,4989645269,6080965495,621404396,6.3725,hw-like,H:\valgrind\dis_deblock_en_sao\callgrind_superfast_qp32_Aerial3200_1920x1080_5994_8bit_420_1920x1080_60fps_130f.out,32,7.14570350125447,6.305889129638672
782,superfast,32,Boat_2k,991000000000,261000000000,123000000000,6784457502,2552967312,1732693398,283514,53788513,59438032,64289128247,6076118148,6348000479,613941939,6.3672,hw-like,H:\valgrind\dis_deblock_en_sao\callgrind_superfast_qp32_Boat_1920x1080_5994_8bit_420_1920x1080_60fps_130f.out,32,6.906071842370015,6.559476852416992
783,superfast,32,BoxingPractice_4k,2840000000000,780000000000,367000000000,22350947156,9799669034,6037148770,1885927,245172707,221508175,177000000000,13272650359,20873295948,2347901702,13.0006,hw-like,H:\valgrind\dis_deblock_en_sao\callgrind_superfast_qp32_BoxingPractice_3840x2160_5994fps_8bit_420_3840x2160_60fps_130f.out,32,11.96960764606566,13.140914916992188
784,superfast,32,Crosswalk_4k,2800000000000,772000000000,364000000000,21282240146,9755697375,6005605437,2144691,249599165,220184042,177000000000,12266180126,20943362092,2381380360,12.9114,hw-like,H:\valgrind\dis_deblock_en_sao\callgrind_superfast_qp32_Crosswalk_3840x2160_5994fps_8bit_420_3840x2160_60fps_130f.out,32,14.588781605203762,13.176599502563477
785,superfast,32,CrowdRun_1080p50,1070000000000,279000000000,131000000000,6868063238,2602616078,1755234638,276464,54642956,59400908,70404925158,6773387054,6627245530,627623469,7.072,hw-like,H:\valgrind\dis_deblock_en_sao\callgrind_superfast_qp32_CrowdRun_1920x1080p50_1920x1080_50fps_130f.out,32,6.829841342050873,6.532475471496582
786,superfast,32,DinnerSceneCropped_2k,752000000000,206000000000,97586939622,5712971099,2366393329,1660964806,273501,53655641,58844413,48228993917,3494606522,5494193637,612150576,6.2705,hw-like,H:\valgrind\dis_deblock_en_sao\callgrind_superfast_qp32_DinnerSceneCropped_1920x1080_2997fps_8bit_420_1920x1080_30fps_130f.out,32,6.339051398895542,6.38367223739624
787,superfast,32,FoodMarket2_4k,2760000000000,752000000000,357000000000,22644907289,9214575875,5571774536,1722211,229828798,200934891,171000000000,13704588287,19729446441,2156414578,13.2082,hw-like,H:\valgrind\dis_deblock_en_sao\callgrind_superfast_qp32_FoodMarket2_3840x2160_5994fps_8bit_420_3840x2160_60fps_130f.out,32,12.76861411090068,13.221553802490234
788,superfast,32,FoodMarket_2k,805000000000,219000000000,104000000000,6200274285,2433833655,1686774650,281636,53602912,58649534,50933267413,4086743874,5687025040,610183787,6.3658,hw-like,H:\valgrind\dis_deblock_en_sao\callgrind_superfast_qp32_FoodMarket_1920x1080_5994_8bit_420_1920x1080_60fps_130f.out,32,6.987683009674498,6.317856788635254
789,superfast,32,MeridianTalk_sdr_2k,696000000000,191000000000,89996680666,5380459006,2230172076,1608352561,277308,52246655,58731600,43569980932,3123010051,5164696491,586558912,6.3348,hw-like,H:\valgrind\dis_deblock_en_sao\callgrind_superfast_qp32_MeridianTalk_sdr_1920x1080p_5994_8bit_1920x1080_60fps_130f.out,32,6.640943065157906,6.341728210449219
790,superfast,32,Motorcycle_2k,926000000000,244000000000,114000000000,6476078160,2402891397,1669688719,276806,53357008,59522623,60223816046,5609551857,5953755442,598761836,7.0665,hw-like,H:\valgrind\dis_deblock_en_sao\callgrind_superfast_qp32_Motorcycle_1920x1080_30fps_8bit_1920x1080_30fps_130f.out,32,6.568901595274696,6.836174488067627
791,superfast,32,MountainBike_2k,947000000000,250000000000,117000000000,6674251760,2480386697,1705844715,281295,53201043,58863255,61425607811,5725457722,6089001738,605966247,6.9826,hw-like,H:\valgrind\dis_deblock_en_sao\callgrind_superfast_qp32_MountainBike_1920x1080_30fps_8bit_1920x1080_30fps_130f.out,32,6.734780240327762,6.853893756866455
792,superfast,32,Neon1224_4k,2750000000000,753000000000,353000000000,21954561078,9626611509,5965159502,1800555,246158147,220337609,170000000000,12992697878,20211874540,2280897085,12.957,hw-like,H:\valgrind\dis_deblock_en_sao\callgrind_superfast_qp32_Neon1224_3840x2160_2997fps_3840x2160_30fps_130f.out,32,12.272013929053406,13.201066017150879
793,superfast,32,NocturneDance_4k,2820000000000,770000000000,362000000000,23481099840,10000425450,6118289817,1837555,248308479,221824275,173000000000,13540147160,20481057798,2310625157,13.2215,hw-like,H:\valgrind\dis_deblock_en_sao\callgrind_superfast_qp32_NocturneDance_3840x2160p_8bit_60fps_3840x2160_60fps_130f.out,32,12.005801382510318,13.125343322753906
794,superfast,32,OldTownCross_1080p50,896000000000,240000000000,113000000000,6239179390,2502918087,1716230418,277379,54625081,62220800,58155835749,4910644254,6011262529,617199667,6.3166,hw-like,H:\valgrind\dis_deblock_en_sao\callgrind_superfast_qp32_OldTownCross_1920x1080p50_1920x1080_50fps_130f.out,32,6.420784534212825,6.3516106605529785
795,superfast,32,PedestrianArea_1080p25,727000000000,199000000000,93682910884,5863880259,2280993033,1623978395,286495,52621528,58772870,45209675549,3501880078,5280353290,588814374,6.359,hw-like,H:\valgrind\dis_deblock_en_sao\callgrind_superfast_qp32_PedestrianArea_1920x1080p25_1920x1080_25fps_130f.out,32,6.604905626060248,6.367080211639404
796,superfast,32,PierSeaSide_4k,2810000000000,770000000000,362000000000,21768613458,9746719055,6030231695,2239429,276034306,284461337,175000000000,13305383046,20564781575,2304320131,13.3017,hw-like,H:\valgrind\dis_deblock_en_sao\callgrind_superfast_qp32_PierSeaSide_3840x2160_2997fps_8bit_420_3840x2160_30fps_130f.out,32,13.658127568710835,13.006824493408203
797,superfast,32,RitualDance_2k,669000000000,183000000000,85834533929,5347306875,2098889587,1545152539,292955,49999952,58568104,41528478955,3146838456,4956892983,562789959,6.3146,hw-like,H:\valgrind\dis_deblock_en_sao\callgrind_superfast_qp32_RitualDance_1920x1080_5994_8bit_420_1920x1080_60fps_130f.out,32,6.439555167401747,6.340415954589844
798,superfast,32,Riverbed_1080p25,837000000000,227000000000,108000000000,6697192432,2517101295,1725093885,290252,55059089,58413033,52240441484,4356323367,5867810716,617869478,6.3958,hw-like,H:\valgrind\dis_deblock_en_sao\callgrind_superfast_qp32_Riverbed_1920x1080p25_1920x1080_25fps_130f.out,32,7.332753314369304,6.302239894866943
799,superfast,32,RushFieldCuts_2k,1100000000000,291000000000,129000000000,11763801012,2339860927,1644634189,275314,52051530,57033224,59083023006,5266608892,6019055308,611115384,7.0422,hw-like,H:\valgrind\dis_deblock_en_sao\callgrind_superfast_qp32_RushFieldCuts_1920x1080_2997_1920x1080_30fps_130f.out,32,6.392717901171773,6.459794998168945
801,superfast,32,Tango_4k,2730000000000,749000000000,355000000000,20978216005,9343648628,5684299858,2212341,266106891,268617688,173000000000,12446624085,20100389944,2252239831,13.2135,hw-like,H:\valgrind\dis_deblock_en_sao\callgrind_superfast_qp32_Tango_3840x2160_5994fps_8bit_420_3840x2160_60fps_130f.out,32,13.314564455803524,12.950905799865723
802,superfast,32,TimeLapse_4k,2920000000000,796000000000,375000000000,23486671490,10051230036,6124567487,2321735,283587621,284611835,181000000000,14250124970,21062837640,2329739154,13.1057,hw-like,H:\valgrind\dis_deblock_en_sao\callgrind_superfast_qp32_TimeLapse_3840x2160_5994fps_8bit_420_3840x2160_60fps_130f.out,32,14.69240751770494,13.109951972961426
803,superfast,32,ToddlerFountain_2k,928000000000,247000000000,116000000000,6543301344,2510847542,1713942419,280281,51663712,58144589,59914073872,5365312768,6076322765,609132686,6.6525,hw-like,H:\valgrind\dis_deblock_en_sao\callgrind_superfast_qp32_ToddlerFountain_1920x1080_2997fps_8bit_420_1920x1080_30fps_130f.out,32,6.761768614826448,6.715814113616943
804,superfast,32,TreesAndGrass_2k,1130000000000,291000000000,134000000000,6916996916,2605825727,1759571867,287699,54262239,59930310,75991599503,7461402147,6780951271,625174493,7.0828,hw-like,H:\valgrind\dis_deblock_en_sao\callgrind_superfast_qp32_TreesAndGrass_1920_1080_30fps_8bit_1920x1080_30fps_130f.out,32,6.81284514919653,6.980168342590332
805,superfast,32,TunnelFlag_2k,804000000000,217000000000,102000000000,6224103454,2320078276,1634172795,277006,52477568,58566809,50739406898,4335522569,5562377708,593305680,6.3698,hw-like,H:\valgrind\dis_deblock_en_sao\callgrind_superfast_qp32_TunnelFlag_1920x1080_5994_8bit_420_1920x1080_60fps_130f.out,32,6.536399539538312,6.357828140258789
806,superfast,32,Vertical_bees_2k,737000000000,201000000000,94484216038,5999882177,1635777667,1390208873,274509,51061787,59856589,45736896831,3708337706,5292560878,583768280,6.3654,hw-like,H:\valgrind\dis_deblock_en_sao\callgrind_superfast_qp32_Vertical_bees_1080x1920_2997_1080x1920_30fps_130f.out,32,6.666465555359039,6.371409893035889
807,superfast,32,Vertical_Carnaby_2k,661000000000,181000000000,85151052606,5514831094,1546349578,1353468695,285680,50058205,59397555,40434873882,3037837222,4934896261,564154895,6.4079,hw-like,H:\valgrind\dis_deblock_en_sao\callgrind_superfast_qp32_Vertical_Carnaby_1080x1920_5994_1080x1920_60fps_130f.out,32,6.438369472645812,6.399239540100098
808,superfast,32,WalkingInStreet_2k,1110000000000,286000000000,133000000000,7273345065,2318853526,1638550958,374209,55843502,60870245,74169122469,7498987016,6557123820,587729054,7.1539,hw-like,H:\valgrind\dis_deblock_en_sao\callgrind_superfast_qp32_WalkingInStreet_1920x1080_30fps_1920x1080_30fps_130f.out,32,7.268596239291077,7.004443645477295
809,superfast,32,WorldCup_2k,800000000000,217000000000,96438077888,8789129927,2010610260,1503333144,272974,50114042,56762975,41733659791,3135123473,4891188677,559635977,6.3585,hw-like,H:\valgrind\dis_deblock_en_sao\callgrind_superfast_qp32_WorldCup_1920x1080_30p_1920x1080_30fps_130f.out,32,6.17300419358352,6.36581563949585
810,superfast,32,WorldCup_far_2k,834000000000,224000000000,106000000000,6523333016,2356918145,1648518168,285244,52943983,58636512,52606941520,4742026492,5686826374,595762655,6.3898,hw-like,H:\valgrind\dis_deblock_en_sao\callgrind_superfast_qp32_WorldCup_far_1920x1080_30p_1920x1080_30fps_130f.out,32,6.670885341918041,6.347193717956543
811,superfast,37,Aerial3200_2k,784000000000,213000000000,101000000000,6256106413,2438392947,1688974630,266581,53467449,58341837,49048497896,3911447573,5581040255,605602500,6.3831,hw-like,H:\valgrind\dis_deblock_en_sao\callgrind_superfast_qp37_Aerial3200_1920x1080_5994_8bit_420_1920x1080_60fps_130f.out,37,6.957475131285179,6.328885555267334
812,superfast,37,Boat_2k,872000000000,234000000000,110000000000,6494383198,2476170026,1705043253,286399,51752478,57994469,55443773052,4866931340,5897625845,604290935,6.3417,hw-like,H:\valgrind\dis_deblock_en_sao\callgrind_superfast_qp37_Boat_1920x1080_5994_8bit_420_1920x1080_60fps_130f.out,37,6.7437561735738125,6.3578081130981445
813,superfast,37,BoxingPractice_4k,2620000000000,723000000000,339000000000,20682058865,9488090064,5925770181,1894772,239302757,220778697,162000000000,11505616831,19737574315,2278646455,13.0209,hw-like,H:\valgrind\dis_deblock_en_sao\callgrind_superfast_qp37_BoxingPractice_3840x2160_5994fps_8bit_420_3840x2160_60fps_130f.out,37,11.69360543799817,13.069005012512207
814,superfast,37,Crosswalk_4k,2620000000000,724000000000,339000000000,19694228729,9467181463,5907899171,2173329,244615898,219816105,163000000000,10996034465,19893650326,2305640567,12.9536,hw-like,H:\valgrind\dis_deblock_en_sao\callgrind_superfast_qp37_Crosswalk_3840x2160_5994fps_8bit_420_3840x2160_60fps_130f.out,37,14.260094233111014,13.101421356201172
815,superfast,37,CrowdRun_1080p50,913000000000,244000000000,115000000000,6482045688,2501195230,1712847602,276118,53103897,58651525,58724651102,5261749624,6057930411,614750618,6.3421,hw-like,H:\valgrind\dis_deblock_en_sao\callgrind_superfast_qp37_CrowdRun_1920x1080p50_1920x1080_50fps_130f.out,37,6.62469443124138,6.832268238067627
816,superfast,37,DinnerSceneCropped_2k,657000000000,182000000000,85231344287,4776117275,2122471342,1583116676,268818,48118093,57447572,41451342905,2745444086,5008549535,580053007,6.3238,hw-like,H:\valgrind\dis_deblock_en_sao\callgrind_superfast_qp37_DinnerSceneCropped_1920x1080_2997fps_8bit_420_1920x1080_30fps_130f.out,37,5.948003357286267,6.335945129394531
817,superfast,37,FoodMarket2_4k,2230000000000,612000000000,289000000000,18532667425,7949278865,4831827642,1576957,201253502,178107281,137000000000,10307013651,16433191459,1859647716,13.2051,hw-like,H:\valgrind\dis_deblock_en_sao\callgrind_superfast_qp37_FoodMarket2_3840x2160_5994fps_8bit_420_3840x2160_60fps_130f.out,37,11.798673035566326,13.098199844360352
818,superfast,37,FoodMarket_2k,875000000000,238000000000,106000000000,9441811587,2164866674,1585233164,286490,51032547,56201307,46342508429,3437501984,5295124063,592107975,6.3796,hw-like,H:\valgrind\dis_deblock_en_sao\callgrind_superfast_qp37_FoodMarket_1920x1080_5994_8bit_420_1920x1080_60fps_130f.out,37,6.50931688168594,6.31430721282959
819,superfast,37,MeridianTalk_sdr_2k,645000000000,178000000000,83320616731,4974688943,2113246769,1565880602,270399,50650546,58309815,39976458243,2741705105,4892440529,568209467,6.3354,hw-like,H:\valgrind\dis_deblock_en_sao\callgrind_superfast_qp37_MeridianTalk_sdr_1920x1080p_5994_8bit_1920x1080_60fps_130f.out,37,6.492003702766414,6.339306354522705
820,superfast,37,Motorcycle_2k,1010000000000,266000000000,117000000000,10528867965,2181224843,1579398776,282379,50070082,56271230,53916605620,4658549336,5576004081,585870409,6.3269,hw-like,H:\valgrind\dis_deblock_en_sao\callgrind_superfast_qp37_Motorcycle_1920x1080_30fps_8bit_1920x1080_30fps_130f.out,37,6.359685319532991,6.360342502593994
821,superfast,37,MountainBike_2k,1030000000000,272000000000,120000000000,11122129955,2247893553,1612554885,273313,50915775,56748648,54795389369,4721863159,5694876756,594684320,6.3469,hw-like,H:\valgrind\dis_deblock_en_sao\callgrind_superfast_qp37_MountainBike_1920x1080_30fps_8bit_1920x1080_30fps_130f.out,37,6.354609753265443,6.236792087554932
822,superfast,37,Neon1224_4k,2530000000000,697000000000,325000000000,20441561691,9366397531,5869026384,1904902,241203209,221599171,155000000000,11289056611,19089319779,2203974541,13.1415,hw-like,H:\valgrind\dis_deblock_en_sao\callgrind_superfast_qp37_Neon1224_3840x2160_2997fps_3840x2160_30fps_130f.out,37,12.395041587463727,13.12684440612793
823,superfast,37,NocturneDance_4k,2580000000000,708000000000,331000000000,21395935399,9637578797,5971720047,1805609,241608095,220463235,157000000000,11447070843,19246201819,2232757289,13.1773,hw-like,H:\valgrind\dis_deblock_en_sao\callgrind_superfast_qp37_NocturneDance_3840x2160p_8bit_60fps_3840x2160_60fps_130f.out,37,11.761982325750486,13.052156448364258
824,superfast,37,OldTownCross_1080p50,765000000000,208000000000,98124228949,5675996853,2303111839,1648093534,281451,51464411,58635329,48422402332,3750330016,5459736555,595692935,6.3815,hw-like,H:\valgrind\dis_deblock_en_sao\callgrind_superfast_qp37_OldTownCross_1920x1080p50_1920x1080_50fps_130f.out,37,6.326526511553932,6.3551177978515625
825,superfast,37,PedestrianArea_1080p25,812000000000,221000000000,98794428043,8800300114,2047313909,1532301946,281663,49538135,55973297,42471671213,3073562200,5007159327,574492554,6.3598,hw-like,H:\valgrind\dis_deblock_en_sao\callgrind_superfast_qp37_PedestrianArea_1920x1080p25_1920x1080_25fps_130f.out,37,6.264676968944428,6.335668563842773
826,superfast,37,PierSeaSide_4k,2570000000000,706000000000,330000000000,20424204515,9524046759,5963194782,1975319,249229706,238389175,158000000000,11410252032,19247823037,2220463384,13.1386,hw-like,H:\valgrind\dis_deblock_en_sao\callgrind_superfast_qp37_PierSeaSide_3840x2160_2997fps_8bit_420_3840x2160_30fps_130f.out,37,12.742691947223065,13.157795906066895
827,superfast,37,RitualDance_2k,624000000000,172000000000,80081181957,5038356953,2021865440,1516030927,288916,48816862,58154249,38444305351,2769845209,4729127655,549027008,6.3482,hw-like,H:\valgrind\dis_deblock_en_sao\callgrind_superfast_qp37_RitualDance_1920x1080_5994_8bit_420_1920x1080_60fps_130f.out,37,6.307084569914581,6.297621726989746
828,superfast,37,Riverbed_1080p25,918000000000,249000000000,111000000000,10986000199,2252285974,1622580878,287174,53059874,56606681,47923820687,3668344313,5471725913,602566378,6.362,hw-like,H:\valgrind\dis_deblock_en_sao\callgrind_superfast_qp37_Riverbed_1920x1080p25_1920x1080_25fps_130f.out,37,6.756339317753035,6.32472038269043
829,superfast,37,RushFieldCuts_2k,799000000000,216000000000,102000000000,6222290357,2379405430,1661896199,279262,52103799,58408247,50089723580,4216790788,5571474058,595766748,6.3248,hw-like,H:\valgrind\dis_deblock_en_sao\callgrind_superfast_qp37_RushFieldCuts_1920x1080_2997_1920x1080_30fps_130f.out,37,6.614157901162583,6.339778900146484
831,superfast,37,Tango_4k,2700000000000,745000000000,350000000000,20571591807,9614797303,5964507355,2364228,278621160,282535859,169000000000,11607191001,20334539508,2337118993,13.1884,hw-like,H:\valgrind\dis_deblock_en_sao\callgrind_superfast_qp37_Tango_3840x2160_5994fps_8bit_420_3840x2160_60fps_130f.out,37,13.46782119882019,12.928787231445312
832,superfast,37,TimeLapse_4k,2670000000000,733000000000,343000000000,21889520831,9773661330,6009294550,2290177,276139446,280205538,164000000000,12116131062,19829461991,2266521047,13.1057,hw-like,H:\valgrind\dis_deblock_en_sao\callgrind_superfast_qp37_TimeLapse_3840x2160_5994fps_8bit_420_3840x2160_60fps_130f.out,37,14.021628472579547,13.221240997314453
833,superfast,37,ToddlerFountain_2k,798000000000,216000000000,102000000000,6127523768,2413640009,1680770481,280795,51532538,58505362,50316305881,4124206691,5552381320,593509449,6.3507,hw-like,H:\valgrind\dis_deblock_en_sao\callgrind_superfast_qp37_ToddlerFountain_1920x1080_2997fps_8bit_420_1920x1080_30fps_130f.out,37,6.710883913034314,6.336686134338379
834,superfast,37,TreesAndGrass_2k,996000000000,262000000000,122000000000,6659741597,2568638416,1739968576,309858,55868935,72334840,65367465114,6080575518,6338572618,615006192,6.3948,hw-like,H:\valgrind\dis_deblock_en_sao\callgrind_superfast_qp37_TreesAndGrass_1920_1080_30fps_8bit_1920x1080_30fps_130f.out,37,6.288335874124446,6.7630438804626465
835,superfast,37,TunnelFlag_2k,720000000000,197000000000,92260910063,5725117645,2203969331,1586793137,271705,50431995,58290015,44937012582,3541596867,5204242544,579086777,6.3631,hw-like,H:\valgrind\dis_deblock_en_sao\callgrind_superfast_qp37_TunnelFlag_1920x1080_5994_8bit_420_1920x1080_60fps_130f.out,37,6.361323943238009,6.341128349304199
836,superfast,37,Vertical_bees_2k,684000000000,187000000000,87909989876,5639447667,1574627246,1368298484,261183,49790775,59320686,42177305455,3237039540,5041543144,570518332,6.4461,hw-like,H:\valgrind\dis_deblock_en_sao\callgrind_superfast_qp37_Vertical_bees_1080x1920_2997_1080x1920_30fps_130f.out,37,6.522353541456252,6.3882060050964355
837,superfast,37,Vertical_Carnaby_2k,622000000000,171000000000,79986394124,5153911401,1479094228,1332890892,274897,49471054,59679902,37985206650,2729806036,4735013070,550394865,6.3596,hw-like,H:\valgrind\dis_deblock_en_sao\callgrind_superfast_qp37_Vertical_Carnaby_1080x1920_5994_1080x1920_60fps_130f.out,37,6.345002697961359,6.373531818389893
838,superfast,37,WalkingInStreet_2k,967000000000,254000000000,119000000000,7085981546,2307770595,1632429520,370757,57015085,63195733,62592352079,6035222143,6094607871,586000737,6.4568,hw-like,H:\valgrind\dis_deblock_en_sao\callgrind_superfast_qp37_WalkingInStreet_1920x1080_30fps_1920x1080_30fps_130f.out,37,7.097406989911183,6.934934139251709
839,superfast,37,WorldCup_2k,621000000000,171000000000,79476819261,5084540209,2029820552,1519370542,269424,49897037,58644806,38107507421,2756779025,4699713365,547457965,6.2898,hw-like,H:\valgrind\dis_deblock_en_sao\callgrind_superfast_qp37_WorldCup_1920x1080_30p_1920x1080_30fps_130f.out,37,6.370766686360097,6.3512091636657715
840,superfast,37,WorldCup_far_2k,755000000000,205000000000,96706982044,6157922571,2288588919,1618802407,288215,51638665,58001572,47008038294,3949304986,5354552758,584712734,6.313,hw-like,H:\valgrind\dis_deblock_en_sao\callgrind_superfast_qp37_WorldCup_far_1920x1080_30p_1920x1080_30fps_130f.out,37,6.6093779455060915,6.343141078948975
841,veryfast,22,Aerial3200_2k,1340000000000,343000000000,160000000000,7549373746,2141377023,1740753824,287748,55475625,63524829,90566614169,9189878809,7738573000,660679989,7.1671,hw-like,H:\valgrind\dis_deblock_en_sao\callgrind_veryfast_qp22_Aerial3200_1920x1080_5994_8bit_420_1920x1080_60fps_130f.out,22,7.0757938277908945,7.04774284362793
842,veryfast,22,Boat_2k,1350000000000,339000000000,155000000000,7278301328,2095909854,1720945584,297662,54632088,64801583,92975972491,9431588880,7528073234,640764277,7.1358,hw-like,H:\valgrind\dis_deblock_en_sao\callgrind_veryfast_qp22_Boat_1920x1080_5994_8bit_420_1920x1080_60fps_130f.out,22,6.983088394344913,7.158851623535156
843,veryfast,22,BoxingPractice_4k,4180000000000,1110000000000,520000000000,27907186949,8217433064,6822117059,2174565,303812088,341119063,272000000000,24732373606,26450448997,2551998373,13.6248,hw-like,H:\valgrind\dis_deblock_en_sao\callgrind_veryfast_qp22_BoxingPractice_3840x2160_5994fps_8bit_420_3840x2160_60fps_130f.out,22,12.4459055873114,12.558444023132324
844,veryfast,22,Crosswalk_4k,4160000000000,1110000000000,523000000000,27909108217,8443649853,6903042753,2176545,306163742,337251157,270000000000,23314705193,26697643262,2617005987,13.055,hw-like,H:\valgrind\dis_deblock_en_sao\callgrind_veryfast_qp22_Crosswalk_3840x2160_5994fps_8bit_420_3840x2160_60fps_130f.out,22,13.402253769475104,13.709124565124512
845,veryfast,22,CrowdRun_1080p50,1590000000000,393000000000,178000000000,7627395227,2173150024,1752717352,310064,56191168,65897009,112000000000,11485683760,8310853185,661672014,7.2255,hw-like,H:\valgrind\dis_deblock_en_sao\callgrind_veryfast_qp22_CrowdRun_1920x1080p50_1920x1080_50fps_130f.out,22,6.935598001343083,7.19097375869751
846,veryfast,22,DinnerSceneCropped_2k,1390000000000,357000000000,165000000000,7518753676,2155979037,1744824426,296518,54977553,62527162,95363287735,9553145097,7837020362,670566546,6.3792,hw-like,H:\valgrind\dis_deblock_en_sao\callgrind_veryfast_qp22_DinnerSceneCropped_1920x1080_2997fps_8bit_420_1920x1080_30fps_130f.out,22,7.083575933942868,7.186410427093506
847,veryfast,22,FoodMarket2_4k,1750000000000,466000000000,221000000000,12317177811,3548880471,2951170345,929316,121261344,119198010,112000000000,10148345196,11349741506,1103926065,13.9507,hw-like,H:\valgrind\dis_deblock_en_sao\callgrind_veryfast_qp22_FoodMarket2_3840x2160_5994fps_8bit_420_3840x2160_60fps_130f.out,22,9.560734278387793,6.806349754333496
848,veryfast,22,FoodMarket_2k,1310000000000,339000000000,157000000000,7405970987,2119140935,1730855513,293073,58331140,69423219,88632338369,8755150412,7582332370,660390924,6.8418,hw-like,H:\valgrind\dis_deblock_en_sao\callgrind_veryfast_qp22_FoodMarket_1920x1080_5994_8bit_420_1920x1080_60fps_130f.out,22,6.697558597121388,7.060851097106934
849,veryfast,22,MeridianTalk_sdr_2k,1050000000000,279000000000,131000000000,6801917735,2049636684,1696668659,288464,53390259,61681663,69609672291,6095926021,6645915426,647368543,6.3813,hw-like,H:\valgrind\dis_deblock_en_sao\callgrind_veryfast_qp22_MeridianTalk_sdr_1920x1080p_5994_8bit_1920x1080_60fps_130f.out,22,6.693985053037793,6.527794361114502
850,veryfast,22,Motorcycle_2k,1210000000000,306000000000,142000000000,7156678882,2032834764,1701354274,307635,57497703,69407564,81956771775,7918471382,7008265833,633978275,7.0665,hw-like,H:\valgrind\dis_deblock_en_sao\callgrind_veryfast_qp22_Motorcycle_1920x1080_30fps_8bit_1920x1080_30fps_130f.out,22,7.001217237025809,6.931572914123535
851,veryfast,22,MountainBike_2k,1240000000000,316000000000,146000000000,7241594465,2052055292,1712803367,301651,53870552,62661324,84454863654,8308119938,7172299122,637363510,7.0957,hw-like,H:\valgrind\dis_deblock_en_sao\callgrind_veryfast_qp22_MountainBike_1920x1080_30fps_8bit_1920x1080_30fps_130f.out,22,7.0342698977768725,6.941915512084961
852,veryfast,22,Neon1224_4k,3420000000000,906000000000,404000000000,36475884190,5694650879,5154746751,1837003,200585099,183231701,184000000000,15425655880,19087685644,1992797386,13.4567,hw-like,H:\valgrind\dis_deblock_en_sao\callgrind_veryfast_qp22_Neon1224_3840x2160_2997fps_3840x2160_30fps_130f.out,22,13.036035839009854,13.283171653747559
853,veryfast,22,NocturneDance_4k,3070000000000,820000000000,389000000000,22853128727,6527085065,5539461766,1576460,211002380,192201267,196000000000,17590516278,20354019664,2066882582,13.3742,hw-like,H:\valgrind\dis_deblock_en_sao\callgrind_veryfast_qp22_NocturneDance_3840x2160p_8bit_60fps_3840x2160_60fps_130f.out,22,12.536982299771678,13.434595108032227
854,veryfast,22,OldTownCross_1080p50,1600000000000,401000000000,181000000000,7681061765,2173914709,1750394722,315434,56552471,65606250,114000000000,11730764966,8374349417,664249597,7.1316,hw-like,H:\valgrind\dis_deblock_en_sao\callgrind_veryfast_qp22_OldTownCross_1920x1080p50_1920x1080_50fps_130f.out,22,7.327655032741177,7.235032558441162
855,veryfast,22,PedestrianArea_1080p25,1080000000000,285000000000,134000000000,6985498937,2043374505,1695675855,307828,56416474,68624581,70883634218,6603585651,6730727401,636922898,6.3747,hw-like,H:\valgrind\dis_deblock_en_sao\callgrind_veryfast_qp22_PedestrianArea_1920x1080p25_1920x1080_25fps_130f.out,22,6.612248765053311,6.6072869300842285
856,veryfast,22,PierSeaSide_4k,3920000000000,1040000000000,491000000000,26473415097,7840243881,6663655768,2308431,303209073,335174405,256000000000,22618549729,25452007626,2538769141,13.2578,hw-like,H:\valgrind\dis_deblock_en_sao\callgrind_veryfast_qp22_PierSeaSide_3840x2160_2997fps_8bit_420_3840x2160_30fps_130f.out,22,14.804099040162683,13.363983154296875
857,veryfast,22,RitualDance_2k,834000000000,224000000000,105000000000,6121608783,1829678062,1612195287,298237,51584937,62476273,53698986286,4531136908,5709294467,603547182,6.3007,hw-like,H:\valgrind\dis_deblock_en_sao\callgrind_veryfast_qp22_RitualDance_1920x1080_5994_8bit_420_1920x1080_60fps_130f.out,22,6.4115352818374785,6.353672981262207
858,veryfast,22,Riverbed_1080p25,1520000000000,386000000000,168000000000,13484063861,1968937623,1687502983,322036,55131897,61203926,82963821841,8011044425,7375582978,652225268,6.4294,hw-like,H:\valgrind\dis_deblock_en_sao\callgrind_veryfast_qp22_Riverbed_1920x1080p25_1920x1080_25fps_130f.out,22,7.531913044942925,7.06657075881958
859,veryfast,22,RushFieldCuts_2k,1240000000000,318000000000,149000000000,7313897870,2060132201,1706609309,291312,54666615,64468380,82982716327,8139974078,7329777645,654512168,7.0231,hw-like,H:\valgrind\dis_deblock_en_sao\callgrind_veryfast_qp22_RushFieldCuts_1920x1080_2997_1920x1080_30fps_130f.out,22,6.9323729731027575,6.73110294342041
861,veryfast,22,Tango_4k,4770000000000,1250000000000,583000000000,28647777913,8535911674,6971060863,2156177,308715349,346944745,317000000000,29204110060,28649836734,2628486396,14.0446,hw-like,H:\valgrind\dis_deblock_en_sao\callgrind_veryfast_qp22_Tango_3840x2160_5994fps_8bit_420_3840x2160_60fps_130f.out,22,12.19279480622632,13.241528511047363
862,veryfast,22,TimeLapse_4k,4000000000000,1060000000000,497000000000,26878621471,7932155345,6721661766,2230518,299689485,337617426,261000000000,23692145209,25575735117,2518983993,8.4907,hw-like,H:\valgrind\dis_deblock_en_sao\callgrind_veryfast_qp22_TimeLapse_3840x2160_5994fps_8bit_420_3840x2160_60fps_130f.out,22,14.217585565848337,13.373697280883789
863,veryfast,22,ToddlerFountain_2k,1630000000000,406000000000,176000000000,13354493494,1938871408,1678367397,319024,54737042,62266124,93902194602,9373509662,7579396587,654354225,7.1011,hw-like,H:\valgrind\dis_deblock_en_sao\callgrind_veryfast_qp22_ToddlerFountain_1920x1080_2997fps_8bit_420_1920x1080_30fps_130f.out,22,7.047437066505891,6.797618865966797
864,veryfast,22,TreesAndGrass_2k,1490000000000,366000000000,166000000000,7370811776,2156864637,1736260697,345635,58513754,81859474,105000000000,10274967473,7932359776,655624309,7.2048,hw-like,H:\valgrind\dis_deblock_en_sao\callgrind_veryfast_qp22_TreesAndGrass_1920_1080_30fps_8bit_1920x1080_30fps_130f.out,22,6.4935099180921405,7.2417826652526855
865,veryfast,22,TunnelFlag_2k,1130000000000,293000000000,137000000000,7161203478,2015046930,1685732795,308834,54580539,63324179,74946891674,7270615923,6855463053,632323930,6.8743,hw-like,H:\valgrind\dis_deblock_en_sao\callgrind_veryfast_qp22_TunnelFlag_1920x1080_5994_8bit_420_1920x1080_60fps_130f.out,22,6.888764601105445,6.984472274780273
866,veryfast,22,Vertical_bees_2k,1120000000000,293000000000,130000000000,11889666886,1800785968,1612586807,291159,52086672,60868199,59913675376,5252057152,6090459602,619981391,6.4007,hw-like,H:\valgrind\dis_deblock_en_sao\callgrind_veryfast_qp22_Vertical_bees_1080x1920_2997_1080x1920_30fps_130f.out,22,6.487151061473024,6.403307914733887
867,veryfast,22,Vertical_Carnaby_2k,806000000000,218000000000,103000000000,6392089618,1880544099,1630144392,291666,51164945,63176581,50511818928,4215897783,5596894574,603718558,6.3932,hw-like,H:\valgrind\dis_deblock_en_sao\callgrind_veryfast_qp22_Vertical_Carnaby_1080x1920_5994_1080x1920_60fps_130f.out,22,6.395052803842066,6.374528408050537
868,veryfast,22,WalkingInStreet_2k,1420000000000,346000000000,155000000000,7398056630,1898446234,1652105660,395361,56798227,67936350,101000000000,10178876346,7342714353,598634412,7.2554,hw-like,H:\valgrind\dis_deblock_en_sao\callgrind_veryfast_qp22_WalkingInStreet_1920x1080_30fps_1920x1080_30fps_130f.out,22,7.825104201657524,7.027187824249268
869,veryfast,22,WorldCup_2k,810000000000,218000000000,103000000000,6281143676,1842213322,1619393205,296434,54294304,68434263,51357972272,4326156819,5572569026,600400334,6.3279,hw-like,H:\valgrind\dis_deblock_en_sao\callgrind_veryfast_qp22_WorldCup_1920x1080_30p_1920x1080_30fps_130f.out,22,6.302985393059998,6.396193504333496
870,veryfast,22,WorldCup_far_2k,1090000000000,282000000000,132000000000,7137670908,1990377768,1678295745,298446,54641396,63219101,71868303670,7098088302,6637965098,623851928,7.0555,hw-like,H:\valgrind\dis_deblock_en_sao\callgrind_veryfast_qp22_WorldCup_far_1920x1080_30p_1920x1080_30fps_130f.out,22,6.81476711497012,6.992772579193115
871,veryfast,27,Aerial3200_2k,1110000000000,293000000000,138000000000,7220258736,2112825094,1725184157,289269,54597340,62711758,72879312617,6844784218,6993622216,654700169,6.3714,hw-like,H:\valgrind\dis_deblock_en_sao\callgrind_veryfast_qp27_Aerial3200_1920x1080_5994_8bit_420_1920x1080_60fps_130f.out,27,6.9804914914388405,7.003213882446289
872,veryfast,27,Boat_2k,1180000000000,305000000000,142000000000,7071735883,2063019720,1709718044,298456,53367138,63153075,79295338696,7797525282,7061036022,638467506,6.8668,hw-like,H:\valgrind\dis_deblock_en_sao\callgrind_veryfast_qp27_Boat_1920x1080_5994_8bit_420_1920x1080_60fps_130f.out,27,6.746667994152898,7.064419269561768
873,veryfast,27,BoxingPractice_4k,3370000000000,914000000000,433000000000,25331003484,7682153796,6608666562,2218297,293242544,327429584,215000000000,17170235329,23413542733,2500630439,13.0487,hw-like,H:\valgrind\dis_deblock_en_sao\callgrind_veryfast_qp27_BoxingPractice_3840x2160_5994fps_8bit_420_3840x2160_60fps_130f.out,27,12.027512791117209,13.17123031616211
874,veryfast,27,Crosswalk_4k,3070000000000,841000000000,399000000000,23021026154,7404906084,6259805917,1859614,238926715,217300108,198000000000,14322158398,21996365931,2411861247,12.9287,hw-like,H:\valgrind\dis_deblock_en_sao\callgrind_veryfast_qp27_Crosswalk_3840x2160_5994fps_8bit_420_3840x2160_60fps_130f.out,27,13.93724362531727,13.1441011428833
875,veryfast,27,CrowdRun_1080p50,1330000000000,339000000000,157000000000,7346216715,2157828571,1746024465,291408,55232018,64055147,91285413800,9077668440,7602950018,658776419,7.0286,hw-like,H:\valgrind\dis_deblock_en_sao\callgrind_veryfast_qp27_CrowdRun_1920x1080p50_1920x1080_50fps_130f.out,27,6.7594316077224335,7.0724406242370605
876,veryfast,27,DinnerSceneCropped_2k,1040000000000,278000000000,131000000000,6975740524,2125104218,1722584332,288605,54940290,62135548,67848338764,5844632781,6689667628,659612261,6.3581,hw-like,H:\valgrind\dis_deblock_en_sao\callgrind_veryfast_qp27_DinnerSceneCropped_1920x1080_2997fps_8bit_420_1920x1080_30fps_130f.out,27,6.573399993423703,6.288891792297363
877,veryfast,27,FoodMarket2_4k,3490000000000,942000000000,449000000000,26469964114,7778465162,6555800096,2015444,268036502,254027874,221000000000,18662117297,23819052786,2463654994,13.2135,hw-like,H:\valgrind\dis_deblock_en_sao\callgrind_veryfast_qp27_FoodMarket2_3840x2160_5994fps_8bit_420_3840x2160_60fps_130f.out,27,14.1518345466329,13.207802772521973
878,veryfast,27,FoodMarket_2k,1010000000000,269000000000,127000000000,6885468666,2079552765,1708737707,287667,54066968,62668403,65631884617,5736139526,6580296371,648708534,6.3553,hw-like,H:\valgrind\dis_deblock_en_sao\callgrind_veryfast_qp27_FoodMarket_1920x1080_5994_8bit_420_1920x1080_60fps_130f.out,27,6.910758910388871,6.381129264831543
879,veryfast,27,MeridianTalk_sdr_2k,814000000000,222000000000,105000000000,6008023719,1902697595,1641056085,293586,51640143,61530926,52439158329,3952799425,5747872826,625364224,6.3492,hw-like,H:\valgrind\dis_deblock_en_sao\callgrind_veryfast_qp27_MeridianTalk_sdr_1920x1080p_5994_8bit_1920x1080_60fps_130f.out,27,6.54565616507443,6.350597381591797
880,veryfast,27,Motorcycle_2k,1310000000000,332000000000,145000000000,12286549625,1790247730,1619460239,308404,52695303,60431090,72975914989,6808074635,6543948496,624878166,7.0063,hw-like,H:\valgrind\dis_deblock_en_sao\callgrind_veryfast_qp27_Motorcycle_1920x1080_30fps_8bit_1920x1080_30fps_130f.out,27,6.8514980582777465,6.838691234588623
881,veryfast,27,MountainBike_2k,1110000000000,286000000000,133000000000,6989904022,2042996885,1704863392,290681,54070587,64627069,73833632341,7053995802,6714671590,631413045,7.0351,hw-like,H:\valgrind\dis_deblock_en_sao\callgrind_veryfast_qp27_MountainBike_1920x1080_30fps_8bit_1920x1080_30fps_130f.out,27,6.788040967365571,7.007752895355225
882,veryfast,27,Neon1224_4k,3390000000000,909000000000,405000000000,37289629289,5953089755,5599868063,2019119,220998539,202062824,179000000000,14114266627,19703607433,2160581992,12.9711,hw-like,H:\valgrind\dis_deblock_en_sao\callgrind_veryfast_qp27_Neon1224_3840x2160_2997fps_3840x2160_30fps_130f.out,27,13.121381312217196,13.269906997680664
883,veryfast,27,NocturneDance_4k,3050000000000,823000000000,390000000000,24078602319,7193434647,6191653892,1826763,236522654,217867480,191000000000,15743913494,21162878753,2288263659,13.2943,hw-like,H:\valgrind\dis_deblock_en_sao\callgrind_veryfast_qp27_NocturneDance_3840x2160p_8bit_60fps_3840x2160_60fps_130f.out,27,12.924779552100324,13.020503044128418
884,veryfast,27,OldTownCross_1080p50,1540000000000,391000000000,170000000000,13281917264,1909662404,1671816148,307967,54596231,61067862,85316132581,8016033466,7366962899,660612257,7.1214,hw-like,H:\valgrind\dis_deblock_en_sao\callgrind_veryfast_qp27_OldTownCross_1920x1080p50_1920x1080_50fps_130f.out,27,6.785896379442406,6.826401710510254
885,veryfast,27,PedestrianArea_1080p25,853000000000,230000000000,109000000000,6426798189,1944229562,1656419514,297010,52121324,62021782,54291980629,4477252189,5866692707,620697118,6.3449,hw-like,H:\valgrind\dis_deblock_en_sao\callgrind_veryfast_qp27_PedestrianArea_1920x1080p25_1920x1080_25fps_130f.out,27,6.597901368515112,6.379617214202881
886,veryfast,27,PierSeaSide_4k,3260000000000,883000000000,417000000000,23537311094,7216013606,6465071588,2054529,265403475,257990129,208000000000,16578304202,22749408749,2448619143,13.27,hw-like,H:\valgrind\dis_deblock_en_sao\callgrind_veryfast_qp27_PierSeaSide_3840x2160_2997fps_8bit_420_3840x2160_30fps_130f.out,27,14.067012234754676,13.094937324523926
887,veryfast,27,RitualDance_2k,899000000000,241000000000,107000000000,9558807255,1593461745,1534602155,303347,49879754,59904238,47951934666,3736744523,5309563285,587941306,6.3314,hw-like,H:\valgrind\dis_deblock_en_sao\callgrind_veryfast_qp27_RitualDance_1920x1080_5994_8bit_420_1920x1080_60fps_130f.out,27,6.254830525740965,6.349704265594482
888,veryfast,27,Riverbed_1080p25,1010000000000,270000000000,128000000000,7147434265,2081115696,1714200915,307856,55707424,63064590,64488721894,5741526835,6641413897,649002699,6.4041,hw-like,H:\valgrind\dis_deblock_en_sao\callgrind_veryfast_qp27_Riverbed_1920x1080p25_1920x1080_25fps_130f.out,27,7.33485368989273,6.382606029510498
889,veryfast,27,RushFieldCuts_2k,1090000000000,285000000000,134000000000,7083873033,2051459663,1702023527,287431,53162060,62750462,71399863352,6717740349,6781575460,643197843,7.0206,hw-like,H:\valgrind\dis_deblock_en_sao\callgrind_veryfast_qp27_RushFieldCuts_1920x1080_2997_1920x1080_30fps_130f.out,27,6.714351561731773,6.751413822174072
891,veryfast,27,Tango_4k,3600000000000,976000000000,464000000000,26096084820,8066250532,6731188291,2195620,297042770,327660450,232000000000,18222257952,24771630073,2594897088,13.3681,hw-like,H:\valgrind\dis_deblock_en_sao\callgrind_veryfast_qp27_Tango_3840x2160_5994fps_8bit_420_3840x2160_60fps_130f.out,27,12.694854234285177,12.836705207824707
892,veryfast,27,TimeLapse_4k,3390000000000,915000000000,432000000000,25144090432,7573349979,6557498463,2241481,291000411,324748825,216000000000,17860109327,23285843230,2459152608,13.0925,hw-like,H:\valgrind\dis_deblock_en_sao\callgrind_veryfast_qp27_TimeLapse_3840x2160_5994fps_8bit_420_3840x2160_60fps_130f.out,27,13.626407618740892,13.136568069458008
893,veryfast,27,ToddlerFountain_2k,1130000000000,295000000000,137000000000,6957472396,2063167657,1708225428,310214,55848998,68698106,76036991271,7226585752,6893239402,641942366,7.0285,hw-like,H:\valgrind\dis_deblock_en_sao\callgrind_veryfast_qp27_ToddlerFountain_1920x1080_2997fps_8bit_420_1920x1080_30fps_130f.out,27,6.512105889858792,7.018611431121826
894,veryfast,27,TreesAndGrass_2k,1330000000000,335000000000,153000000000,7175711282,2081901405,1705718594,330261,57654874,80051046,92288263024,9082553037,7507173411,651895845,7.1124,hw-like,H:\valgrind\dis_deblock_en_sao\callgrind_veryfast_qp27_TreesAndGrass_1920_1080_30fps_8bit_1920x1080_30fps_130f.out,27,5.9752062338629255,7.178074836730957
895,veryfast,27,TunnelFlag_2k,952000000000,253000000000,119000000000,6800637294,1991140490,1671222386,304889,52209421,61222384,61668145804,5578560016,6203214179,621508847,6.3523,hw-like,H:\valgrind\dis_deblock_en_sao\callgrind_veryfast_qp27_TunnelFlag_1920x1080_5994_8bit_420_1920x1080_60fps_130f.out,27,6.629591845648676,6.879324913024902
896,veryfast,27,Vertical_bees_2k,825000000000,222000000000,105000000000,6383567219,1898452812,1637221296,295931,51371390,62708011,52141153854,4358684160,5705112050,610158038,6.3751,hw-like,H:\valgrind\dis_deblock_en_sao\callgrind_veryfast_qp27_Vertical_bees_1080x1920_2997_1080x1920_30fps_130f.out,27,6.400939105044043,6.35941219329834
897,veryfast,27,Vertical_Carnaby_2k,729000000000,199000000000,93766860732,5957001488,1821870816,1605682362,296031,50837464,62808328,45235209825,3495750256,5263804611,591278678,6.4061,hw-like,H:\valgrind\dis_deblock_en_sao\callgrind_veryfast_qp27_Vertical_Carnaby_1080x1920_5994_1080x1920_60fps_130f.out,27,6.387951566987201,6.361008167266846
898,veryfast,27,WalkingInStreet_2k,1290000000000,323000000000,147000000000,7364839320,1927015178,1658109717,387350,55634732,65619533,89584038278,9097672897,7061470416,598339700,7.2329,hw-like,H:\valgrind\dis_deblock_en_sao\callgrind_veryfast_qp27_WalkingInStreet_1920x1080_30fps_1920x1080_30fps_130f.out,27,7.389058932399381,7.107395648956299
899,veryfast,27,WorldCup_2k,728000000000,198000000000,92878626625,5824607864,1787816231,1598842420,286779,50440650,61449242,45702368129,3563100495,5223832238,586784026,6.3472,hw-like,H:\valgrind\dis_deblock_en_sao\callgrind_veryfast_qp27_WorldCup_1920x1080_30p_1920x1080_30fps_130f.out,27,6.35693457012154,6.363498210906982
900,veryfast,27,WorldCup_far_2k,959000000000,254000000000,119000000000,6866353123,1960573127,1665317365,292366,53302066,62901927,62103936273,5826513851,6201767946,618427111,7.0531,hw-like,H:\valgrind\dis_deblock_en_sao\callgrind_veryfast_qp27_WorldCup_far_1920x1080_30p_1920x1080_30fps_130f.out,27,6.5214879385861515,6.500141620635986
901,veryfast,32,Aerial3200_2k,932000000000,250000000000,119000000000,6770673331,1974418278,1676089429,286721,53705243,62465569,59718397760,5061391697,6272646815,638856683,6.3725,hw-like,H:\valgrind\dis_deblock_en_sao\callgrind_veryfast_qp32_Aerial3200_1920x1080_5994_8bit_420_1920x1080_60fps_130f.out,32,6.907927611066317,6.387574195861816
902,veryfast,32,Boat_2k,1030000000000,270000000000,127000000000,6797819899,1986149727,1679526870,293679,52849758,63005427,67173097396,6187796354,6540587853,630447966,6.3672,hw-like,H:\valgrind\dis_deblock_en_sao\callgrind_veryfast_qp32_Boat_1920x1080_5994_8bit_420_1920x1080_60fps_130f.out,32,6.784911135750406,6.450830459594727
903,veryfast,32,BoxingPractice_4k,2890000000000,792000000000,373000000000,22331936186,6949791284,6359192398,2197639,278940656,314731363,182000000000,13169572948,21121466247,2396620976,13.0006,hw-like,H:\valgrind\dis_deblock_en_sao\callgrind_veryfast_qp32_BoxingPractice_3840x2160_5994fps_8bit_420_3840x2160_60fps_130f.out,32,11.122687443081103,13.126787185668945
904,veryfast,32,Crosswalk_4k,2860000000000,787000000000,371000000000,21327172876,6943580095,6331043730,2131316,248988685,228449809,182000000000,12223006443,21251886942,2435562967,12.9114,hw-like,H:\valgrind\dis_deblock_en_sao\callgrind_veryfast_qp32_Crosswalk_3840x2160_5994fps_8bit_420_3840x2160_60fps_130f.out,32,14.655037747565656,13.163534164428711
905,veryfast,32,CrowdRun_1080p50,1110000000000,290000000000,136000000000,6891205766,2011704011,1690644184,292311,53598261,62434268,73856132338,6930661965,6856007971,646387723,7.072,hw-like,H:\valgrind\dis_deblock_en_sao\callgrind_veryfast_qp32_CrowdRun_1920x1080p50_1920x1080_50fps_130f.out,32,6.659230417391678,6.744495868682861
906,veryfast,32,DinnerSceneCropped_2k,778000000000,213000000000,101000000000,5734911876,1831692869,1614847447,321937,51542762,60344314,50570707147,3554923688,5658751412,631002975,6.2705,hw-like,H:\valgrind\dis_deblock_en_sao\callgrind_veryfast_qp32_DinnerSceneCropped_1920x1080_2997fps_8bit_420_1920x1080_30fps_130f.out,32,6.327645501961523,6.350294589996338
907,veryfast,32,FoodMarket2_4k,1710000000000,468000000000,222000000000,13960968227,4284579323,3674816502,1141315,153630625,150826362,107000000000,8128001160,12323759212,1368369055,13.2082,hw-like,H:\valgrind\dis_deblock_en_sao\callgrind_veryfast_qp32_FoodMarket2_3840x2160_5994fps_8bit_420_3840x2160_60fps_130f.out,32,9.979979358566393,6.751600742340088
908,veryfast,32,FoodMarket_2k,831000000000,226000000000,107000000000,6218742660,1886303795,1640247707,296895,52206660,61871609,53145236016,4128467866,5839530250,626836027,6.3658,hw-like,H:\valgrind\dis_deblock_en_sao\callgrind_veryfast_qp32_FoodMarket_1920x1080_5994_8bit_420_1920x1080_60fps_130f.out,32,6.656420367557468,6.434542179107666
909,veryfast,32,MeridianTalk_sdr_2k,707000000000,194000000000,91301718867,5376351192,1723284373,1578008456,297819,50263476,61103873,44778479001,3102054280,5224281234,599118168,6.3348,hw-like,H:\valgrind\dis_deblock_en_sao\callgrind_veryfast_qp32_MeridianTalk_sdr_1920x1080p_5994_8bit_1920x1080_60fps_130f.out,32,6.459894191244331,6.3433661460876465
910,veryfast,32,Motorcycle_2k,950000000000,250000000000,116000000000,6476128386,1894439338,1648735897,292670,52342990,63382121,62406908776,5668267738,6075172329,612359777,7.0665,hw-like,H:\valgrind\dis_deblock_en_sao\callgrind_veryfast_qp32_Motorcycle_1920x1080_30fps_8bit_1920x1080_30fps_130f.out,32,6.388009078461382,6.603056907653809
911,veryfast,32,MountainBike_2k,975000000000,257000000000,120000000000,6683423792,1954637208,1671387587,289293,51936919,62107826,63837779338,5795419092,6233090889,620580064,6.9826,hw-like,H:\valgrind\dis_deblock_en_sao\callgrind_veryfast_qp32_MountainBike_1920x1080_30fps_8bit_1920x1080_30fps_130f.out,32,6.575204406877621,6.38073205947876
912,veryfast,32,Neon1224_4k,3330000000000,901000000000,401000000000,35769817777,6435985797,6121439929,2256203,238133015,220917261,175000000000,12848431190,20070876306,2287244138,12.957,hw-like,H:\valgrind\dis_deblock_en_sao\callgrind_veryfast_qp32_Neon1224_3840x2160_2997fps_3840x2160_30fps_130f.out,32,13.678707327651967,13.249980926513672
913,veryfast,32,NocturneDance_4k,2880000000000,784000000000,369000000000,23495058431,7191483650,6442761936,1938172,248443293,231456459,178000000000,13448167895,20759261845,2360564586,13.2215,hw-like,H:\valgrind\dis_deblock_en_sao\callgrind_veryfast_qp32_NocturneDance_3840x2160p_8bit_60fps_3840x2160_60fps_130f.out,32,12.872043286855144,13.19108772277832
914,veryfast,32,OldTownCross_1080p50,932000000000,250000000000,118000000000,6259159364,1922390980,1656216337,301920,51868241,61693279,61240406476,5031347095,6220588492,636907456,6.3166,hw-like,H:\valgrind\dis_deblock_en_sao\callgrind_veryfast_qp32_OldTownCross_1920x1080p50_1920x1080_50fps_130f.out,32,6.396987253384976,6.399324417114258
915,veryfast,32,PedestrianArea_1080p25,739000000000,202000000000,95146576797,5862033785,1787020683,1601707150,295811,51022841,61256517,46453174757,3479450105,5346733259,601209314,6.359,hw-like,H:\valgrind\dis_deblock_en_sao\callgrind_veryfast_qp32_PedestrianArea_1920x1080p25_1920x1080_25fps_130f.out,32,6.445658259815502,6.362971782684326
916,veryfast,32,PierSeaSide_4k,2860000000000,781000000000,367000000000,21742954626,6782904104,6316556838,1979147,241256920,230477675,180000000000,13231828224,20802075834,2352357445,13.3017,hw-like,H:\valgrind\dis_deblock_en_sao\callgrind_veryfast_qp32_PierSeaSide_3840x2160_2997fps_8bit_420_3840x2160_30fps_130f.out,32,12.91649008897904,13.04771614074707
917,veryfast,32,RitualDance_2k,679000000000,186000000000,86945379788,5336631685,1652768938,1549105258,318606,51720153,67271798,42617267344,3121749636,5006737157,574410552,6.3146,hw-like,H:\valgrind\dis_deblock_en_sao\callgrind_veryfast_qp32_RitualDance_1920x1080_5994_8bit_420_1920x1080_60fps_130f.out,32,6.214067015281127,6.381603240966797
918,veryfast,32,Riverbed_1080p25,865000000000,235000000000,112000000000,6711499764,1956209402,1670161507,305801,54537289,62452760,54582517206,4391650681,6040161900,635164343,6.3958,hw-like,H:\valgrind\dis_deblock_en_sao\callgrind_veryfast_qp32_Riverbed_1920x1080p25_1920x1080_25fps_130f.out,32,7.084929525523895,6.304084300994873
919,veryfast,32,RushFieldCuts_2k,934000000000,249000000000,117000000000,6688060362,1945792189,1665902394,298232,52501440,62442918,60057975040,5295097255,6165048736,626636471,7.0422,hw-like,H:\valgrind\dis_deblock_en_sao\callgrind_veryfast_qp32_RushFieldCuts_1920x1080_2997_1920x1080_30fps_130f.out,32,6.556855724960226,6.367364883422852
921,veryfast,32,Tango_4k,2700000000000,743000000000,352000000000,20363672084,6461793730,5781893495,2233683,258242638,290099619,173000000000,12078783654,19860709878,2236388607,13.2135,hw-like,H:\valgrind\dis_deblock_en_sao\callgrind_veryfast_qp32_Tango_3840x2160_5994fps_8bit_420_3840x2160_60fps_130f.out,32,12.379272312786327,13.03620719909668
922,veryfast,32,TimeLapse_4k,2980000000000,812000000000,382000000000,23478886797,7138195665,6413719317,2014323,249818357,232599946,187000000000,14230628656,21408018876,2383310887,13.1057,hw-like,H:\valgrind\dis_deblock_en_sao\callgrind_veryfast_qp32_TimeLapse_3840x2160_5994fps_8bit_420_3840x2160_60fps_130f.out,32,13.719371403921766,13.119669914245605
923,veryfast,32,ToddlerFountain_2k,960000000000,255000000000,120000000000,6559158896,1929716588,1664259632,293182,51273130,61831986,62576631645,5456174920,6247021736,625238377,6.6525,hw-like,H:\valgrind\dis_deblock_en_sao\callgrind_veryfast_qp32_ToddlerFountain_1920x1080_2997fps_8bit_420_1920x1080_30fps_130f.out,32,6.646090809336131,6.609254837036133
924,veryfast,32,TreesAndGrass_2k,1180000000000,303000000000,140000000000,6934690705,2050736285,1703228154,329712,56280549,78080475,80089320534,7696797279,7040719245,643963710,7.0828,hw-like,H:\valgrind\dis_deblock_en_sao\callgrind_veryfast_qp32_TreesAndGrass_1920_1080_30fps_8bit_1920x1080_30fps_130f.out,32,5.96671408031863,7.155396938323975
925,veryfast,32,TunnelFlag_2k,817000000000,220000000000,104000000000,6216240667,1852415422,1621564104,283270,51706981,62399929,52038503559,4312893318,5630658669,605319034,6.3698,hw-like,H:\valgrind\dis_deblock_en_sao\callgrind_veryfast_qp32_TunnelFlag_1920x1080_5994_8bit_420_1920x1080_60fps_130f.out,32,6.404074024059161,6.3336663246154785
926,veryfast,32,Vertical_bees_2k,749000000000,204000000000,95830882501,5994677099,1802509539,1605679722,286335,52933477,67727277,46918569310,3677117025,5352793185,595100404,6.3654,hw-like,H:\valgrind\dis_deblock_en_sao\callgrind_veryfast_qp32_Vertical_bees_1080x1920_2997_1080x1920_30fps_130f.out,32,6.193905030998956,6.345973968505859
927,veryfast,32,Vertical_Carnaby_2k,669000000000,183000000000,86013094741,5500431919,1709701033,1566183149,302120,54019457,68671733,41347042849,2993201543,4973928476,574836179,6.4079,hw-like,H:\valgrind\dis_deblock_en_sao\callgrind_veryfast_qp32_Vertical_Carnaby_1080x1920_5994_1080x1920_60fps_130f.out,32,6.362815748714182,6.351627349853516
928,veryfast,32,WalkingInStreet_2k,1130000000000,289000000000,134000000000,7250459692,1877769212,1642268122,367868,53853612,62515941,75499236121,7490825567,6608704720,598315802,7.1539,hw-like,H:\valgrind\dis_deblock_en_sao\callgrind_veryfast_qp32_WalkingInStreet_1920x1080_30fps_1920x1080_30fps_130f.out,32,7.238867301256849,7.052434921264648
929,veryfast,32,WorldCup_2k,668000000000,183000000000,85274409468,5407035493,1683806157,1564477530,301694,50036590,62411244,41608436195,3044724182,4929625971,570748418,6.3585,hw-like,H:\valgrind\dis_deblock_en_sao\callgrind_veryfast_qp32_WorldCup_1920x1080_30p_1920x1080_30fps_130f.out,32,6.314468446204575,6.3742475509643555
930,veryfast,32,WorldCup_far_2k,850000000000,228000000000,108000000000,6512788133,1856255702,1628636897,295140,52122571,61598422,54085417290,4732602401,5771632505,608011591,6.3898,hw-like,H:\valgrind\dis_deblock_en_sao\callgrind_veryfast_qp32_WorldCup_far_1920x1080_30p_1920x1080_30fps_130f.out,32,6.552043081257425,6.34065055847168
931,veryfast,37,Aerial3200_2k,809000000000,220000000000,104000000000,6277055399,1916521648,1654409192,291558,53060222,62706411,51111062295,3932119614,5720915684,621614652,6.3831,hw-like,H:\valgrind\dis_deblock_en_sao\callgrind_veryfast_qp37_Aerial3200_1920x1080_5994_8bit_420_1920x1080_60fps_130f.out,37,6.696883749729151,6.347292423248291
932,veryfast,37,Boat_2k,900000000000,241000000000,114000000000,6508809350,1946135026,1666270238,293589,51763185,62029152,57811562637,4924939865,6059366051,620168881,6.3417,hw-like,H:\valgrind\dis_deblock_en_sao\callgrind_veryfast_qp37_Boat_1920x1080_5994_8bit_420_1920x1080_60fps_130f.out,37,6.674383654146219,6.416604518890381
933,veryfast,37,BoxingPractice_4k,2660000000000,731000000000,342000000000,20641488805,6670760731,6262545211,2255074,271019959,308569149,166000000000,11327222213,19878489282,2321536907,13.0209,hw-like,H:\valgrind\dis_deblock_en_sao\callgrind_veryfast_qp37_BoxingPractice_3840x2160_5994fps_8bit_420_3840x2160_60fps_130f.out,37,11.199096967657516,13.082356452941895
934,veryfast,37,Crosswalk_4k,2650000000000,731000000000,342000000000,19683530512,6640997904,6262426322,2134250,244182863,229115915,166000000000,10807714976,19995231373,2347560815,12.9536,hw-like,H:\valgrind\dis_deblock_en_sao\callgrind_veryfast_qp37_Crosswalk_3840x2160_5994fps_8bit_420_3840x2160_60fps_130f.out,37,14.11020775212126,13.029441833496094
935,veryfast,37,CrowdRun_1080p50,943000000000,252000000000,119000000000,6499269361,1946692006,1669372302,284917,53026870,62636620,61269412628,5338372423,6224480289,631224970,6.3421,hw-like,H:\valgrind\dis_deblock_en_sao\callgrind_veryfast_qp37_CrowdRun_1920x1080p50_1920x1080_50fps_130f.out,37,6.471167378482852,6.657999038696289
936,veryfast,37,DinnerSceneCropped_2k,665000000000,184000000000,85995361916,4771198954,1605401003,1552598932,290339,48466471,61921924,42341423376,2710617814,5044750045,591441544,6.3238,hw-like,H:\valgrind\dis_deblock_en_sao\callgrind_veryfast_qp37_DinnerSceneCropped_1920x1080_2997fps_8bit_420_1920x1080_30fps_130f.out,37,5.92543148493768,6.335797309875488
937,veryfast,37,FoodMarket2_4k,1940000000000,532000000000,251000000000,15868821022,4990537587,4389837736,1435607,183534410,179963401,120000000000,8651080779,14239014374,1629544325,13.2051,hw-like,H:\valgrind\dis_deblock_en_sao\callgrind_veryfast_qp37_FoodMarket2_3840x2160_5994fps_8bit_420_3840x2160_60fps_130f.out,37,10.958186794790164,13.04088306427002
938,veryfast,37,FoodMarket_2k,739000000000,202000000000,95400291884,5673893232,1794781399,1610192395,301134,51503590,62448272,46754029994,3356164623,5385812248,606444483,6.3796,hw-like,H:\valgrind\dis_deblock_en_sao\callgrind_veryfast_qp37_FoodMarket_1920x1080_5994_8bit_420_1920x1080_60fps_130f.out,37,6.559177258359465,6.378466606140137
939,veryfast,37,MeridianTalk_sdr_2k,789000000000,216000000000,95733347024,7776486844,1520520834,1521678059,298968,49383135,59076240,41554399795,2774978850,4919816039,578087217,6.3354,hw-like,H:\valgrind\dis_deblock_en_sao\callgrind_veryfast_qp37_MeridianTalk_sdr_1920x1080p_5994_8bit_1920x1080_60fps_130f.out,37,6.060831879817814,6.330740928649902
940,veryfast,37,Motorcycle_2k,846000000000,226000000000,106000000000,6126236513,1851057171,1633298410,286635,51009111,62800481,54487844354,4648907632,5676240103,599134537,6.3269,hw-like,H:\valgrind\dis_deblock_en_sao\callgrind_veryfast_qp37_Motorcycle_1920x1080_30fps_8bit_1920x1080_30fps_130f.out,37,6.350956747359508,6.321453094482422
941,veryfast,37,MountainBike_2k,865000000000,231000000000,109000000000,6363760204,1899610969,1651967697,283115,51814308,63084480,55530015083,4715211135,5812753711,608869787,6.3469,hw-like,H:\valgrind\dis_deblock_en_sao\callgrind_veryfast_qp37_MountainBike_1920x1080_30fps_8bit_1920x1080_30fps_130f.out,37,6.39827032151702,6.362884521484375
942,veryfast,37,Neon1224_4k,2560000000000,703000000000,328000000000,20380160889,6518086473,6207098224,1934004,240527440,232169443,159000000000,11122519744,19208518206,2246148323,13.1415,hw-like,H:\valgrind\dis_deblock_en_sao\callgrind_veryfast_qp37_Neon1224_3840x2160_2997fps_3840x2160_30fps_130f.out,37,12.714354101523865,13.150622367858887
943,veryfast,37,NocturneDance_4k,2620000000000,717000000000,335000000000,21391278556,6856432477,6334752737,1969411,243078596,231951391,161000000000,11313947088,19438501993,2279308266,13.1773,hw-like,H:\valgrind\dis_deblock_en_sao\callgrind_veryfast_qp37_NocturneDance_3840x2160p_8bit_60fps_3840x2160_60fps_130f.out,37,12.795978384649557,13.111903190612793
944,veryfast,37,OldTownCross_1080p50,782000000000,213000000000,100000000000,5677395679,1770996400,1610317010,308939,50165268,61964562,50067225310,3758390669,5553515968,609478910,6.3815,hw-like,H:\valgrind\dis_deblock_en_sao\callgrind_veryfast_qp37_OldTownCross_1920x1080p50_1920x1080_50fps_130f.out,37,6.211888964432913,6.35024356842041
945,veryfast,37,PedestrianArea_1080p25,826000000000,225000000000,100000000000,9039688694,1586547571,1541314278,310972,50563643,59900640,43178408329,3034936513,5051497878,585956244,6.3598,hw-like,H:\valgrind\dis_deblock_en_sao\callgrind_veryfast_qp37_PedestrianArea_1920x1080p25_1920x1080_25fps_130f.out,37,6.215943279106753,6.341683387756348
946,veryfast,37,PierSeaSide_4k,2600000000000,714000000000,333000000000,20378685545,6539282686,6265415049,1991295,237579984,231929820,162000000000,11272309425,19413413152,2265219348,13.1386,hw-like,H:\valgrind\dis_deblock_en_sao\callgrind_veryfast_qp37_PierSeaSide_3840x2160_2997fps_8bit_420_3840x2160_30fps_130f.out,37,12.550654069151285,13.155982971191406
947,veryfast,37,RitualDance_2k,631000000000,174000000000,80803279053,5025280866,1602809479,1538002386,301337,48720112,62583254,39298136016,2732841629,4762008538,559878200,6.3482,hw-like,H:\valgrind\dis_deblock_en_sao\callgrind_veryfast_qp37_RitualDance_1920x1080_5994_8bit_420_1920x1080_60fps_130f.out,37,6.171989353328417,6.302615165710449
948,veryfast,37,Riverbed_1080p25,778000000000,213000000000,101000000000,6275610745,1912707254,1652044030,306897,53642392,62536270,48789684664,3626394223,5615679135,619645838,6.362,hw-like,H:\valgrind\dis_deblock_en_sao\callgrind_veryfast_qp37_Riverbed_1920x1080p25_1920x1080_25fps_130f.out,37,6.869321936871042,6.353671073913574
949,veryfast,37,RushFieldCuts_2k,819000000000,221000000000,104000000000,6230016928,1876482339,1642654083,303177,51527029,62171965,51796239322,4222712500,5673583088,609296124,6.3248,hw-like,H:\valgrind\dis_deblock_en_sao\callgrind_veryfast_qp37_RushFieldCuts_1920x1080_2997_1920x1080_30fps_130f.out,37,6.532633365835768,6.354701995849609
951,veryfast,37,Tango_4k,2740000000000,754000000000,354000000000,20563019665,6750474414,6284785882,2432983,277645720,309003938,172000000000,11441678410,20494563254,2382256914,13.1884,hw-like,H:\valgrind\dis_deblock_en_sao\callgrind_veryfast_qp37_Tango_3840x2160_5994fps_8bit_420_3840x2160_60fps_130f.out,37,12.997819010073748,12.93484115600586
952,veryfast,37,TimeLapse_4k,2720000000000,745000000000,349000000000,21881715261,6907033849,6345690159,2017467,244710233,231509603,169000000000,12033590794,20084605030,2316903694,13.1057,hw-like,H:\valgrind\dis_deblock_en_sao\callgrind_veryfast_qp37_TimeLapse_3840x2160_5994fps_8bit_420_3840x2160_60fps_130f.out,37,13.203464694419326,13.10537052154541
953,veryfast,37,ToddlerFountain_2k,820000000000,221000000000,104000000000,6140202049,1885177325,1645827892,298581,51657075,63180353,52180738908,4145359203,5662912900,607486519,6.3507,hw-like,H:\valgrind\dis_deblock_en_sao\callgrind_veryfast_qp37_ToddlerFountain_1920x1080_2997fps_8bit_420_1920x1080_30fps_130f.out,37,6.5821202805657055,6.337416172027588
954,veryfast,37,TreesAndGrass_2k,1040000000000,273000000000,127000000000,6681648045,1995514364,1688860240,332811,54988811,76402880,68753036278,6249437805,6561372848,633034750,6.3948,hw-like,H:\valgrind\dis_deblock_en_sao\callgrind_veryfast_qp37_TreesAndGrass_1920_1080_30fps_8bit_1920x1080_30fps_130f.out,37,6.076551518901077,6.72113037109375
955,veryfast,37,TunnelFlag_2k,729000000000,199000000000,93215977573,5707881632,1758070325,1593527899,305190,52602846,67935614,45943811318,3495310337,5248825971,590065750,6.3631,hw-like,H:\valgrind\dis_deblock_en_sao\callgrind_veryfast_qp37_TunnelFlag_1920x1080_5994_8bit_420_1920x1080_60fps_130f.out,37,6.194073417957476,6.3761115074157715
956,veryfast,37,Vertical_bees_2k,693000000000,189000000000,88774670718,5630913256,1763483322,1589631972,286828,50617637,63450240,43083512547,3189149248,5079637441,580877912,6.4461,hw-like,H:\valgrind\dis_deblock_en_sao\callgrind_veryfast_qp37_Vertical_bees_1080x1920_2997_1080x1920_30fps_130f.out,37,6.191577538693681,6.393852710723877
957,veryfast,37,Vertical_Carnaby_2k,629000000000,173000000000,80606220709,5137617040,1656057889,1551027659,313638,49387490,62834856,38757942500,2680016797,4764588370,560791000,6.3596,hw-like,H:\valgrind\dis_deblock_en_sao\callgrind_veryfast_qp37_Vertical_Carnaby_1080x1920_5994_1080x1920_60fps_130f.out,37,6.403173196042676,6.346202373504639
958,veryfast,37,WalkingInStreet_2k,978000000000,257000000000,120000000000,7064385410,1883733274,1637345137,373592,53873481,62931115,63749902079,6017212550,6138694157,595944119,6.4568,hw-like,H:\valgrind\dis_deblock_en_sao\callgrind_veryfast_qp37_WalkingInStreet_1920x1080_30fps_1920x1080_30fps_130f.out,37,6.9756262469918,7.044238090515137
959,veryfast,37,WorldCup_2k,627000000000,172000000000,80045094199,5069115526,1621731056,1543529627,296586,48836152,62031895,38874100401,2709839156,4727611126,557925648,6.2898,hw-like,H:\valgrind\dis_deblock_en_sao\callgrind_veryfast_qp37_WorldCup_1920x1080_30p_1920x1080_30fps_130f.out,37,6.309916639682148,6.348476886749268
960,veryfast,37,WorldCup_far_2k,936000000000,251000000000,112000000000,10739427827,1682308097,1578976891,316683,50497148,58925977,49094602534,3952029124,5419460122,596109047,6.313,hw-like,H:\valgrind\dis_deblock_en_sao\callgrind_veryfast_qp37_WorldCup_far_1920x1080_30p_1920x1080_30fps_130f.out,37,6.446876240572626,6.371421813964844
961,faster,22,Aerial3200_2k,1286470000000,320843000000,145938000000,7378880262,1906550835,1654044566,582016,34424796,64534709,88978532909,9187302658,7068235418,595193573,7.1671,dis_filter,H:\valgrind_config_c\callgrind_faster_qp22_Aerial3200_1920x1080_5994_8bit_420_3200x1920_60fps_130f_GenuineIntel.out,22,9.329422051918883,7.141772270202637
962,faster,27,Aerial3200_2k,1133370000000,290294000000,134457000000,7324226379,1924777731,1659343859,567481,33891653,62780401,75968509559,7760217853,6691069856,595958649,6.3714,dis_filter,H:\valgrind_config_c\callgrind_faster_qp27_Aerial3200_1920x1080_5994_8bit_420_3200x1920_60fps_130f_GenuineIntel.out,27,9.014590863159306,7.05263614654541
963,faster,32,Aerial3200_2k,1000730000000,262141000000,122769000000,7202380866,1882741351,1644037627,592142,33809918,62074480,65250646348,6391932147,6287304543,596744887,6.3725,dis_filter,H:\valgrind_config_c\callgrind_faster_qp32_Aerial3200_1920x1080_5994_8bit_420_3200x1920_60fps_130f_GenuineIntel.out,32,8.979670963227216,6.436240196228027
964,faster,37,Aerial3200_2k,892955000000,237806000000,111878000000,6994749409,1889552538,1639264317,586193,33836860,61738416,57091462212,5244417450,5898651585,594694085,6.3831,dis_filter,H:\valgrind_config_c\callgrind_faster_qp37_Aerial3200_1920x1080_5994_8bit_420_3200x1920_60fps_130f_GenuineIntel.out,37,8.869307723088822,6.571687698364258
965,fast,22,Aerial3200_2k,1286470000000,320843000000,145939000000,7379144094,1904284109,1657944595,590337,34413661,64390529,88978648440,9187535243,7068241762,595198016,7.1671,dis_filter,H:\valgrind_config_c\callgrind_fast_qp22_Aerial3200_1920x1080_5994_8bit_420_3200x1920_60fps_130f_GenuineIntel.out,22,9.376946939357756,7.141772270202637
966,fast,27,Aerial3200_2k,1133370000000,290294000000,134457000000,7324114772,1913498153,1658278580,578680,33915200,62906856,75968447047,7760122348,6691064929,595953003,6.3714,dis_filter,H:\valgrind_config_c\callgrind_fast_qp27_Aerial3200_1920x1080_5994_8bit_420_3200x1920_60fps_130f_GenuineIntel.out,27,9.070383366699144,7.05263614654541
967,fast,32,Aerial3200_2k,1000730000000,262141000000,122769000000,7202528514,1886037825,1647534416,602223,34024087,62194211,65250545784,6391788182,6287297195,596758808,6.3725,dis_filter,H:\valgrind_config_c\callgrind_fast_qp32_Aerial3200_1920x1080_5994_8bit_420_3200x1920_60fps_130f_GenuineIntel.out,32,9.038588887593725,6.436240196228027
968,fast,37,Aerial3200_2k,892955000000,237806000000,111878000000,6994610362,1897798189,1643404324,588670,33666562,61514051,57091449937,5244248362,5898651807,594684725,6.3831,dis_filter,H:\valgrind_config_c\callgrind_fast_qp37_Aerial3200_1920x1080_5994_8bit_420_3200x1920_60fps_130f_GenuineIntel.out,37,8.882247902754589,6.56876802444458
969,superfast,22,Aerial3200_2k,1263200000000,315258000000,143215000000,7388471663,1752047502,1464677589,577611,34012863,60854370,86697176475,9127319046,6973961139,583592994,7.1671,dis_filter,H:\valgrind_config_c\callgrind_superfast_qp22_Aerial3200_1920x1080_5994_8bit_420_3200x1920_60fps_130f_GenuineIntel.out,22,9.272140219150922,7.183557033538818
970,superfast,27,Aerial3200_2k,1114400000000,285656000000,132121000000,7333047361,1777747502,1463410480,557365,33003797,58751361,74051889959,7735167677,6613070453,585002331,6.3714,dis_filter,H:\valgrind_config_c\callgrind_superfast_qp27_Aerial3200_1920x1080_5994_8bit_420_3200x1920_60fps_130f_GenuineIntel.out,27,8.92047338519814,7.078071117401123
971,superfast,32,Aerial3200_2k,985110000000,258266000000,120764000000,7211540360,1744980379,1453383095,566241,33148781,58073427,63611389568,6391091824,6222643556,586233912,6.3725,dis_filter,H:\valgrind_config_c\callgrind_superfast_qp32_Aerial3200_1920x1080_5994_8bit_420_3200x1920_60fps_130f_GenuineIntel.out,32,8.83016135629804,6.432225704193115
972,superfast,37,Aerial3200_2k,880623000000,234759000000,110277000000,7005861887,1750857862,1450587838,556842,32804325,57301905,55727835613,5263962583,5850272490,584664760,6.3831,dis_filter,H:\valgrind_config_c\callgrind_superfast_qp37_Aerial3200_1920x1080_5994_8bit_420_3200x1920_60fps_130f_GenuineIntel.out,37,8.71849230771211,6.562572479248047
973,veryfast,22,Aerial3200_2k,1286470000000,320843000000,145938000000,7379281778,1920136949,1658063427,571120,34509369,64465314,88978485186,9187613835,7068232581,595204306,7.1671,dis_filter,H:\valgrind_config_c\callgrind_veryfast_qp22_Aerial3200_1920x1080_5994_8bit_420_3200x1920_60fps_130f_GenuineIntel.out,22,9.279972493344445,7.149171352386475
974,veryfast,27,Aerial3200_2k,1133370000000,290294000000,134457000000,7324339517,1925041607,1662033288,561401,33779620,62717015,75968482940,7760505728,6691067719,595964040,6.3714,dis_filter,H:\valgrind_config_c\callgrind_veryfast_qp27_Aerial3200_1920x1080_5994_8bit_420_3200x1920_60fps_130f_GenuineIntel.out,27,8.982582117323634,7.049984931945801
975,veryfast,32,Aerial3200_2k,1000730000000,262140000000,122768000000,7202500959,1879547331,1644718192,584951,34046430,62240342,65250468544,6391875614,6287291962,596763088,6.3725,dis_filter,H:\valgrind_config_c\callgrind_veryfast_qp32_Aerial3200_1920x1080_5994_8bit_420_3200x1920_60fps_130f_GenuineIntel.out,32,8.950179459654331,6.436240196228027
976,veryfast,37,Aerial3200_2k,892956000000,237806000000,111878000000,6994704230,1886582848,1639894617,586760,33889701,61639673,57091534912,5244155517,5898658665,594685604,6.3831,dis_filter,H:\valgrind_config_c\callgrind_veryfast_qp37_Aerial3200_1920x1080_5994_8bit_420_3200x1920_60fps_130f_GenuineIntel.out,37,8.877846864188877,6.571687698364258
977,faster,22,Boat_2k,1320550000000,332470000000,151972000000,7277798942,2020886031,1704389493,220937,27128033,66840861,91167059278,9305262545,7465486954,638693045,7.1358,dis_filter,H:\valgrind_config_c\callgrind_faster_qp22_Boat_1920x1080_5994_8bit_420_1920x1080_60fps_130f_GenuineIntel.out,22,6.973519064032348,7.125903129577637
978,faster,27,Boat_2k,1157990000000,298978000000,138828000000,7070845127,2006818767,1696494561,214304,25792972,64769039,77787471806,7701658110,7011780787,636632186,6.8668,dis_filter,H:\valgrind_config_c\callgrind_faster_qp27_Boat_1920x1080_5994_8bit_420_1920x1080_60fps_130f_GenuineIntel.out,27,6.666210198859652,7.075806617736816
979,faster,32,Boat_2k,1005530000000,265500000000,124588000000,6796981063,1906986899,1664968208,211569,26206497,65162943,65916762064,6120262964,6504052152,628944083,6.3672,dis_filter,H:\valgrind_config_c\callgrind_faster_qp32_Boat_1920x1080_5994_8bit_420_1920x1080_60fps_130f_GenuineIntel.out,32,6.580912916443934,6.4473161697387695
980,faster,37,Boat_2k,882266000000,237113000000,111830000000,6507726423,1874805425,1655400778,210020,25212504,60822703,56726835230,4875549222,6032951898,618942070,6.3417,dis_filter,H:\valgrind_config_c\callgrind_faster_qp37_Boat_1920x1080_5994_8bit_420_1920x1080_60fps_130f_GenuineIntel.out,37,6.5866238128480585,6.497913360595703
981,fast,22,Boat_2k,1320480000000,332452000000,151954000000,7277533957,2018818716,1704196822,226079,26425366,63160354,91150678323,9305235272,7464897471,638705008,7.1358,dis_filter,H:\valgrind_config_c\callgrind_fast_qp22_Boat_1920x1080_5994_8bit_420_1920x1080_60fps_130f_GenuineIntel.out,22,6.972571030164028,7.130833625793457
982,fast,27,Boat_2k,1157910000000,298961000000,138810000000,7070522454,2004520753,1697852696,210932,25338707,61491370,77771784401,7701735604,7011208060,636626657,6.8668,dis_filter,H:\valgrind_config_c\callgrind_fast_qp27_Boat_1920x1080_5994_8bit_420_1920x1080_60fps_130f_GenuineIntel.out,27,6.679927469203767,7.075806617736816
983,fast,32,Boat_2k,1005450000000,265483000000,124571000000,6796862448,1917296429,1664407819,214960,24827756,60335576,65901081775,6120323281,6503463257,628960942,6.3672,dis_filter,H:\valgrind_config_c\callgrind_fast_qp32_Boat_1920x1080_5994_8bit_420_1920x1080_60fps_130f_GenuineIntel.out,32,6.564030221468682,6.401511192321777
984,fast,37,Boat_2k,882266000000,237113000000,111830000000,6507952264,1874889151,1652862230,216293,24690809,59928648,56726828116,4876150357,6032952767,618954720,6.3417,dis_filter,H:\valgrind_config_c\callgrind_fast_qp37_Boat_1920x1080_5994_8bit_420_1920x1080_60fps_130f_GenuineIntel.out,37,6.56480699250344,6.338492393493652
985,superfast,22,Boat_2k,1272790000000,320641000000,146257000000,7268261865,2541704068,1778248080,215485,26651221,58498147,87023216003,9093159903,7236520460,621745633,7.1358,dis_filter,H:\valgrind_config_c\callgrind_superfast_qp22_Boat_1920x1080_5994_8bit_420_1920x1080_60fps_130f_GenuineIntel.out,22,7.063396005140363,7.129934310913086
986,superfast,27,Boat_2k,1114470000000,287901000000,133334000000,7061228653,2507867646,1760857040,212053,26451444,57557198,74035293287,7529257627,6790418692,619657352,6.8668,dis_filter,H:\valgrind_config_c\callgrind_superfast_qp27_Boat_1920x1080_5994_8bit_420_1920x1080_60fps_130f_GenuineIntel.out,27,6.795509926635076,7.075695037841797
987,superfast,32,Boat_2k,967455000000,255573000000,119551000000,6786200194,2413487455,1724256365,203003,26091798,56658115,62625100384,5996513002,6301106332,612300592,6.3672,dis_filter,H:\valgrind_config_c\callgrind_superfast_qp32_Boat_1920x1080_5994_8bit_420_1920x1080_60fps_130f_GenuineIntel.out,32,6.700465801687836,6.415317535400391
988,superfast,37,Boat_2k,850714000000,228750000000,107519000000,6496074750,2342393430,1694422261,209804,25429295,55817953,53947048347,4799754325,5860762470,602956006,6.3417,dis_filter,H:\valgrind_config_c\callgrind_superfast_qp37_Boat_1920x1080_5994_8bit_420_1920x1080_60fps_130f_GenuineIntel.out,37,6.663397112761454,6.670374870300293
989,veryfast,22,Boat_2k,1320480000000,332452000000,151954000000,7277857734,2027221623,1707539387,222775,25264224,61695244,91150616228,9306000194,7464891892,638734519,7.1358,dis_filter,H:\valgrind_config_c\callgrind_veryfast_qp22_Boat_1920x1080_5994_8bit_420_1920x1080_60fps_130f_GenuineIntel.out,22,6.943016212675693,7.129474639892578
990,veryfast,27,Boat_2k,1157910000000,298961000000,138810000000,7070756936,2005715546,1700334277,214198,25455956,61402410,77771586173,7701901706,7011193384,636644184,6.8668,dis_filter,H:\valgrind_config_c\callgrind_veryfast_qp27_Boat_1920x1080_5994_8bit_420_1920x1080_60fps_130f_GenuineIntel.out,27,6.685905012856676,7.075806617736816
991,veryfast,32,Boat_2k,1005450000000,265483000000,124571000000,6796938460,1903814799,1663611611,209632,25190196,60850922,65901224639,6120203571,6503471504,628956857,6.3672,dis_filter,H:\valgrind_config_c\callgrind_veryfast_qp32_Boat_1920x1080_5994_8bit_420_1920x1080_60fps_130f_GenuineIntel.out,32,6.576286390425053,6.457828521728516
992,veryfast,37,Boat_2k,882265000000,237113000000,111830000000,6507975821,1879317247,1654446192,207732,24366533,59916100,56726813550,4875963627,6032949785,618956104,6.3417,dis_filter,H:\valgrind_config_c\callgrind_veryfast_qp37_Boat_1920x1080_5994_8bit_420_1920x1080_60fps_130f_GenuineIntel.out,37,6.559831576815373,6.341304779052734
993,faster,22,BoxingPractice_4k,4097700000000,1087790000000,511202000000,27906699636,7915578632,6765252138,1859398,166389658,317799519,266869000000,24484587352,26301030190,2546244055,13.6248,dis_filter,H:\valgrind_config_c\callgrind_faster_qp22_BoxingPractice_3840x2160_5994fps_8bit_420_3840x2160_60fps_130f_AuthenticAMD.out,22,13.51930966212826,13.028350830078125
994,faster,27,BoxingPractice_4k,3310540000000,900031000000,425727000000,25329065813,7455684382,6559202473,1840941,161801217,306790662,211599000000,17034001606,23327808685,2496120904,13.0487,dis_filter,H:\valgrind_config_c\callgrind_faster_qp27_BoxingPractice_3840x2160_5994fps_8bit_420_3840x2160_60fps_130f_AuthenticAMD.out,27,13.10595106391854,13.133657455444336
995,faster,32,BoxingPractice_4k,2837380000000,779603000000,366506000000,22329161165,6707341302,6306470426,1772238,159605482,299487529,178973000000,13072093453,21058601120,2393592500,13.0006,dis_filter,H:\valgrind_config_c\callgrind_faster_qp32_BoxingPractice_3840x2160_5994fps_8bit_420_3840x2160_60fps_130f_AuthenticAMD.out,32,12.604767103162041,13.041459083557129
996,faster,37,BoxingPractice_4k,2604710000000,719279000000,336094000000,20635831090,6407829054,6211323023,1821942,156380991,294432451,162527000000,11242197823,19829091741,2319412893,13.0209,dis_filter,H:\valgrind_config_c\callgrind_faster_qp37_BoxingPractice_3840x2160_5994fps_8bit_420_3840x2160_60fps_130f_AuthenticAMD.out,37,12.849105530734194,13.140311241149902
997,fast,22,BoxingPractice_4k,4097700000000,1087790000000,511202000000,27906851021,7945839387,6774268541,1864435,166806194,318503703,266869000000,24484426323,26301034925,2546249491,13.6248,dis_filter,H:\valgrind_config_c\callgrind_fast_qp22_BoxingPractice_3840x2160_5994fps_8bit_420_3840x2160_60fps_130f_AuthenticAMD.out,22,13.549863483607924,13.028350830078125
998,fast,27,BoxingPractice_4k,3310540000000,900031000000,425727000000,25329342532,7441718042,6559692049,1796564,162432333,307686447,211599000000,17034046323,23327813771,2496144308,13.0487,dis_filter,H:\valgrind_config_c\callgrind_fast_qp27_BoxingPractice_3840x2160_5994fps_8bit_420_3840x2160_60fps_130f_AuthenticAMD.out,27,12.891508921483764,13.134243965148926
999,fast,32,BoxingPractice_4k,2837380000000,779603000000,366506000000,22329348212,6690535261,6301514956,1829829,159644423,300724835,178974000000,13072675844,21058621703,2393584654,13.0006,dis_filter,H:\valgrind_config_c\callgrind_fast_qp32_BoxingPractice_3840x2160_5994fps_8bit_420_3840x2160_60fps_130f_AuthenticAMD.out,32,12.869109553082923,13.049256324768066
1000,fast,37,BoxingPractice_4k,2604710000000,719279000000,336093000000,20635926285,6410481869,6220684412,1856295,157992421,296201659,162527000000,11243429711,19829080619,2319420555,13.0209,dis_filter,H:\valgrind_config_c\callgrind_fast_qp37_BoxingPractice_3840x2160_5994fps_8bit_420_3840x2160_60fps_130f_AuthenticAMD.out,37,13.05541790963318,13.137378692626953
1001,superfast,22,BoxingPractice_4k,3946020000000,1047490000000,490753000000,27858418363,10660052824,6458482140,1777436,159819009,277195470,253945000000,24011510346,25480096144,2477975095,13.6248,dis_filter,H:\valgrind_config_c\callgrind_superfast_qp22_BoxingPractice_3840x2160_5994fps_8bit_420_3840x2160_60fps_130f_AuthenticAMD.out,22,12.728384793450639,12.835159301757812
1002,superfast,27,BoxingPractice_4k,3199480000000,869803000000,410020000000,25279638493,10161104052,6270622233,1834368,157904373,271622980,201439000000,16798750493,22691138811,2429151177,13.0487,dis_filter,H:\valgrind_config_c\callgrind_superfast_qp27_BoxingPractice_3840x2160_5994fps_8bit_420_3840x2160_60fps_130f_AuthenticAMD.out,27,13.01833142360564,13.138871192932129
1003,superfast,32,BoxingPractice_4k,2778710000000,764280000000,358371000000,22346263310,9527604774,6023180784,1731876,155938688,267275203,172787000000,13072848411,20777330979,2344732850,13.0006,dis_filter,H:\valgrind_config_c\callgrind_superfast_qp32_BoxingPractice_3840x2160_5994fps_8bit_420_3840x2160_60fps_130f_AuthenticAMD.out,32,12.65216346343013,13.089728355407715
1004,superfast,37,BoxingPractice_4k,2562770000000,708771000000,330384000000,20679596116,9189362577,5903591704,1794340,155279330,265113838,157558000000,11303517940,19662013340,2276472304,13.0209,dis_filter,H:\valgrind_config_c\callgrind_superfast_qp37_BoxingPractice_3840x2160_5994fps_8bit_420_3840x2160_60fps_130f_AuthenticAMD.out,37,13.118628606725048,13.166723251342773
1005,veryfast,22,BoxingPractice_4k,4097700000000,1087790000000,511202000000,27906496580,7869668893,6767469545,1788562,165502681,316354408,266869000000,24484267319,26301030973,2546227652,13.6248,dis_filter,H:\valgrind_config_c\callgrind_veryfast_qp22_BoxingPractice_3840x2160_5994fps_8bit_420_3840x2160_60fps_130f_AuthenticAMD.out,22,13.16707729580297,13.03032112121582
1006,veryfast,27,BoxingPractice_4k,3310540000000,900032000000,425727000000,25329230938,7430058954,6543926456,1807759,161871945,306883585,211599000000,17033679503,23327821513,2496127101,13.0487,dis_filter,H:\valgrind_config_c\callgrind_veryfast_qp27_BoxingPractice_3840x2160_5994fps_8bit_420_3840x2160_60fps_130f_AuthenticAMD.out,27,12.931364905913734,13.135473251342773
1007,veryfast,32,BoxingPractice_4k,2837380000000,779603000000,366506000000,22329310124,6699103349,6300935826,1773417,159207801,300022959,178974000000,13072819583,21058625101,2393577001,13.0006,dis_filter,H:\valgrind_config_c\callgrind_veryfast_qp32_BoxingPractice_3840x2160_5994fps_8bit_420_3840x2160_60fps_130f_AuthenticAMD.out,32,12.580584642142947,13.024275779724121
1008,veryfast,37,BoxingPractice_4k,2604710000000,719279000000,336094000000,20635683803,6406358178,6211461948,1795754,157138126,294564482,162527000000,11241423983,19829091706,2319409964,13.0209,dis_filter,H:\valgrind_config_c\callgrind_veryfast_qp37_BoxingPractice_3840x2160_5994fps_8bit_420_3840x2160_60fps_130f_AuthenticAMD.out,37,12.745970894636708,13.139476776123047
1009,faster,22,Crosswalk_4k,4088350000000,1093980000000,515837000000,27909709911,8179418764,6874816962,1785038,167138497,316482618,265209000000,23172249373,26585057859,2613469019,13.055,dis_filter,H:\valgrind_config_c\callgrind_faster_qp22_Crosswalk_3840x2160_5994fps_8bit_420_3840x2160_60fps_130f_AuthenticAMD.out,22,12.85334377891527,14.027335166931152
1010,faster,27,Crosswalk_4k,3212480000000,882323000000,418786000000,24467556216,7521836603,6567990272,1775258,162339080,305619320,207443000000,15165843216,23329579710,2559653510,12.9287,dis_filter,H:\valgrind_config_c\callgrind_faster_qp27_Crosswalk_3840x2160_5994fps_8bit_420_3840x2160_60fps_130f_AuthenticAMD.out,27,13.341079016154726,13.196199417114258
1011,faster,32,Crosswalk_4k,2810070000000,776895000000,365772000000,21317215260,6659062415,6273916197,1824925,159228555,298017786,178920000000,12156634613,21222730421,2434157200,12.9114,dis_filter,H:\valgrind_config_c\callgrind_faster_qp32_Crosswalk_3840x2160_5994fps_8bit_420_3840x2160_60fps_130f_AuthenticAMD.out,32,13.317868648078228,13.114646911621094
1012,faster,37,Crosswalk_4k,2602540000000,720993000000,336971000000,19674250058,6363828381,6183998869,1763803,157708950,293660809,163514000000,10741648444,19972861673,2346720829,12.9536,dis_filter,H:\valgrind_config_c\callgrind_faster_qp37_Crosswalk_3840x2160_5994fps_8bit_420_3840x2160_60fps_130f_AuthenticAMD.out,37,12.823796351548488,13.169831275939941
1013,fast,22,Crosswalk_4k,4088350000000,1093980000000,515837000000,27909716827,8275184548,6872372286,1782354,167286365,316444165,265209000000,23170962393,26585052358,2613501150,13.055,dis_filter,H:\valgrind_config_c\callgrind_fast_qp22_Crosswalk_3840x2160_5994fps_8bit_420_3840x2160_60fps_130f_AuthenticAMD.out,22,12.818663349821069,14.043103218078613
1014,fast,27,Crosswalk_4k,3212480000000,882324000000,418787000000,24467083259,7500664108,6565192206,1762106,161526135,303321731,207444000000,15165758337,23329597994,2559631252,12.9287,dis_filter,H:\valgrind_config_c\callgrind_fast_qp27_Crosswalk_3840x2160_5994fps_8bit_420_3840x2160_60fps_130f_AuthenticAMD.out,27,13.349378217951664,13.194319725036621
1015,fast,32,Crosswalk_4k,2810070000000,776895000000,365772000000,21317424286,6678976333,6280748933,1795057,158922845,297849285,178920000000,12158464947,21222732485,2434172804,12.9114,dis_filter,H:\valgrind_config_c\callgrind_fast_qp32_Crosswalk_3840x2160_5994fps_8bit_420_3840x2160_60fps_130f_AuthenticAMD.out,32,13.243669657908246,13.11449146270752
1016,fast,37,Crosswalk_4k,2602540000000,720993000000,336972000000,19674245427,6358683221,6187007165,1776125,157151983,293330364,163514000000,10742055006,19972880053,2346716554,12.9536,dis_filter,H:\valgrind_config_c\callgrind_fast_qp37_Crosswalk_3840x2160_5994fps_8bit_420_3840x2160_60fps_130f_AuthenticAMD.out,37,12.93447545783603,13.16553783416748
1017,superfast,22,Crosswalk_4k,3900490000000,1043290000000,490105000000,27806349053,10894050815,6546630444,1799371,160935950,276578015,249777000000,22511844263,25525359685,2533349719,13.055,dis_filter,H:\valgrind_config_c\callgrind_superfast_qp22_Crosswalk_3840x2160_5994fps_8bit_420_3840x2160_60fps_130f_AuthenticAMD.out,22,12.690221486546317,13.425291061401367
1018,superfast,27,Crosswalk_4k,3081870000000,845814000000,399876000000,24362193532,10168650713,6260067078,1763159,157644464,269048267,195894000000,14819028735,22527656870,2480696930,12.9287,dis_filter,H:\valgrind_config_c\callgrind_superfast_qp27_Crosswalk_3840x2160_5994fps_8bit_420_3840x2160_60fps_130f_AuthenticAMD.out,27,13.169242797524333,13.186829566955566
1019,superfast,32,Crosswalk_4k,2744820000000,759373000000,356567000000,21285396945,9462899816,5999481490,1749435,155865665,265811667,172502000000,12101310397,20889322470,2380939092,12.9114,dis_filter,H:\valgrind_config_c\callgrind_superfast_qp32_Crosswalk_3840x2160_5994fps_8bit_420_3840x2160_60fps_130f_AuthenticAMD.out,32,13.205456788511945,13.087862968444824
1020,superfast,37,Crosswalk_4k,2564920000000,711682000000,331941000000,19694587584,9147468415,5894979716,1772741,154745909,263323904,159069000000,10820904719,19841571005,2305330877,12.9536,dis_filter,H:\valgrind_config_c\callgrind_superfast_qp37_Crosswalk_3840x2160_5994fps_8bit_420_3840x2160_60fps_130f_AuthenticAMD.out,37,13.12513920506158,13.147500038146973
1021,veryfast,22,Crosswalk_4k,4088350000000,1093980000000,515837000000,27910618800,8138633307,6854122965,1768918,168599793,319670564,265209000000,23171434065,26585049095,2613521231,13.055,dis_filter,H:\valgrind_config_c\callgrind_veryfast_qp22_Crosswalk_3840x2160_5994fps_8bit_420_3840x2160_60fps_130f_AuthenticAMD.out,22,12.641401796383516,14.028318405151367
1022,veryfast,27,Crosswalk_4k,3212480000000,882323000000,418786000000,24467319842,7522976753,6568369536,1768449,162604547,305792137,207443000000,15165782862,23329579297,2559643367,12.9287,dis_filter,H:\valgrind_config_c\callgrind_veryfast_qp27_Crosswalk_3840x2160_5994fps_8bit_420_3840x2160_60fps_130f_AuthenticAMD.out,27,13.287472998088386,13.200596809387207
1023,veryfast,32,Crosswalk_4k,2810070000000,776895000000,365772000000,21317608426,6724960351,6300670179,1726588,160672692,299678540,178920000000,12160763661,21222732723,2434176471,12.9114,dis_filter,H:\valgrind_config_c\callgrind_veryfast_qp32_Crosswalk_3840x2160_5994fps_8bit_420_3840x2160_60fps_130f_AuthenticAMD.out,32,12.829471362353775,13.089105606079102
1024,veryfast,37,Crosswalk_4k,2602540000000,720993000000,336972000000,19673924989,6364442284,6186184304,1830369,157158478,293157117,163514000000,10741192706,19972869317,2346712172,12.9536,dis_filter,H:\valgrind_config_c\callgrind_veryfast_qp37_Crosswalk_3840x2160_5994fps_8bit_420_3840x2160_60fps_130f_AuthenticAMD.out,37,13.137966381175183,13.15283203125
1025,faster,22,CrowdRun_1080p50,1550140000000,384276000000,173716000000,7628195823,2110796771,1738992914,211821,25926400,63203462,109944000000,11305088719,8224700767,659245040,7.2255,dis_filter,H:\valgrind_config_c\callgrind_faster_qp22_CrowdRun_1920x1080p50_1920x1080_50fps_130f_GenuineIntel.out,22,6.952627167811663,6.882387161254883
1026,faster,27,CrowdRun_1080p50,1301360000000,332466000000,153372000000,7346065117,2104489667,1732129529,216784,24786725,60828700,89393889532,8935818965,7535320069,656519760,7.0286,dis_filter,H:\valgrind_config_c\callgrind_faster_qp27_CrowdRun_1920x1080p50_1920x1080_50fps_130f_GenuineIntel.out,27,6.781254885418157,7.019533157348633
1027,faster,32,CrowdRun_1080p50,1083580000000,284175000000,132862000000,6890350919,1964358101,1682480491,211489,24983520,60503056,72327904317,6829050635,6806777386,644369407,7.072,dis_filter,H:\valgrind_config_c\callgrind_faster_qp32_CrowdRun_1920x1080p50_1920x1080_50fps_130f_GenuineIntel.out,32,6.532931255384774,6.963018417358398
1028,faster,37,CrowdRun_1080p50,923233000000,247020000000,116271000000,6498068239,1899902059,1660892567,200701,24938588,60272016,60012552542,5265826375,6190443357,629540535,6.3421,dis_filter,H:\valgrind_config_c\callgrind_faster_qp37_CrowdRun_1920x1080p50_1920x1080_50fps_130f_GenuineIntel.out,37,6.376776479857428,6.819990634918213
1029,fast,22,CrowdRun_1080p50,1550140000000,384277000000,173716000000,7627966203,2115172757,1741069610,214356,26244903,63486491,109944000000,11304799157,8224720056,659220951,7.2255,dis_filter,H:\valgrind_config_c\callgrind_fast_qp22_CrowdRun_1920x1080p50_1920x1080_50fps_130f_GenuineIntel.out,22,6.93154042152198,6.951559066772461
1030,fast,27,CrowdRun_1080p50,1301360000000,332466000000,153372000000,7345779370,2083702141,1727745344,211040,26251815,62478420,89393908011,8936245585,7535321723,656496074,7.0286,dis_filter,H:\valgrind_config_c\callgrind_fast_qp27_CrowdRun_1920x1080p50_1920x1080_50fps_130f_GenuineIntel.out,27,6.604332702649089,7.131057262420654
1031,fast,32,CrowdRun_1080p50,1083580000000,284175000000,132862000000,6890188282,1959006786,1681973405,209656,24606124,60201202,72327854489,6828584642,6806773234,644365683,7.072,dis_filter,H:\valgrind_config_c\callgrind_fast_qp32_CrowdRun_1920x1080p50_1920x1080_50fps_130f_GenuineIntel.out,32,6.566629401625148,6.956881523132324
1032,fast,37,CrowdRun_1080p50,923233000000,247019000000,116271000000,6498090862,1896314902,1660812699,216833,23355525,58305978,60012487587,5265208518,6190438783,629550083,6.3421,dis_filter,H:\valgrind_config_c\callgrind_fast_qp37_CrowdRun_1920x1080p50_1920x1080_50fps_130f_GenuineIntel.out,37,6.5994191974626375,6.762406826019287
1033,superfast,22,CrowdRun_1080p50,1484100000000,367821000000,165876000000,7605730981,2639080903,1822909585,209294,27031663,59443143,104377000000,10972208420,7905400241,638678738,7.2255,dis_filter,H:\valgrind_config_c\callgrind_superfast_qp22_CrowdRun_1920x1080p50_1920x1080_50fps_130f_GenuineIntel.out,22,6.816942975663707,7.071901798248291
1034,superfast,27,CrowdRun_1080p50,1244510000000,317854000000,146221000000,7319560635,2591550731,1798619889,213184,26900995,58111955,84609391361,8684400193,7240804629,635891861,7.0286,dis_filter,H:\valgrind_config_c\callgrind_superfast_qp27_CrowdRun_1920x1080p50_1920x1080_50fps_130f_GenuineIntel.out,27,6.542079976451214,7.0995893478393555
1035,superfast,32,CrowdRun_1080p50,1038750000000,272469000000,127023000000,6868754084,2450329308,1738525843,201260,25867429,56677557,68485464065,6663075172,6568211012,625485423,7.072,dis_filter,H:\valgrind_config_c\callgrind_superfast_qp32_CrowdRun_1920x1080p50_1920x1080_50fps_130f_GenuineIntel.out,32,6.43080560141593,7.05174446105957
1036,superfast,37,CrowdRun_1080p50,889754000000,238246000000,111826000000,6482165667,2355020156,1703209394,201090,25580801,56103044,57059553765,5173544943,6014436520,613080879,6.3421,dis_filter,H:\valgrind_config_c\callgrind_superfast_qp37_CrowdRun_1920x1080p50_1920x1080_50fps_130f_GenuineIntel.out,37,6.372870376038836,6.714277267456055
1037,veryfast,22,CrowdRun_1080p50,1550140000000,384277000000,173716000000,7628036702,2098079309,1738864401,216079,25960557,63093908,109944000000,11305065295,8224706741,659228473,7.2255,dis_filter,H:\valgrind_config_c\callgrind_veryfast_qp22_CrowdRun_1920x1080p50_1920x1080_50fps_130f_GenuineIntel.out,22,6.96392288981672,6.9098944664001465
1038,veryfast,27,CrowdRun_1080p50,1301370000000,332466000000,153372000000,7345603517,2086137377,1727959478,218579,25076939,61057704,89393959012,8935752606,7535323434,656492983,7.0286,dis_filter,H:\valgrind_config_c\callgrind_veryfast_qp27_CrowdRun_1920x1080p50_1920x1080_50fps_130f_GenuineIntel.out,27,6.753266645129392,7.048394203186035
1039,veryfast,32,CrowdRun_1080p50,1083580000000,284175000000,132862000000,6890391759,1946650070,1678219967,204481,25136081,60751199,72327964892,6829032633,6806779467,644374057,7.072,dis_filter,H:\valgrind_config_c\callgrind_veryfast_qp32_CrowdRun_1920x1080p50_1920x1080_50fps_130f_GenuineIntel.out,32,6.48680278798019,6.971821308135986
1040,veryfast,37,CrowdRun_1080p50,923234000000,247020000000,116271000000,6497734277,1892850842,1660288672,212700,24601378,60065733,60012752105,5265721679,6190452966,629525041,6.3421,dis_filter,H:\valgrind_config_c\callgrind_veryfast_qp37_CrowdRun_1920x1080p50_1920x1080_50fps_130f_GenuineIntel.out,37,6.46172166115554,6.77778959274292
1041,faster,22,DinnerSceneCropped_2k,1359370000000,350693000000,161834000000,7518659455,2107865318,1734512639,208436,25406019,61263616,93657006192,9445582188,7778616526,668374235,6.3792,dis_filter,H:\valgrind_config_c\callgrind_faster_qp22_DinnerSceneCropped_1920x1080_2997fps_8bit_420_1920x1080_30fps_130f_GenuineIntel.out,22,6.900752527205631,7.161381244659424
1042,faster,27,DinnerSceneCropped_2k,1023680000000,274112000000,129354000000,6975198361,2063507604,1707046733,206192,24602281,59572637,66752525684,5804467595,6660454955,658558634,6.3581,dis_filter,H:\valgrind_config_c\callgrind_faster_qp27_DinnerSceneCropped_1920x1080_2997fps_8bit_420_1920x1080_30fps_130f_GenuineIntel.out,27,6.164896219339776,6.39958381652832
1043,faster,32,DinnerSceneCropped_2k,923803000000,251891000000,110290000000,9916070902,1662040984,1577891512,216955,24821541,58003734,49288760275,3603715724,5645107167,629348274,6.2705,dis_filter,H:\valgrind_config_c\callgrind_faster_qp32_DinnerSceneCropped_1920x1080_2997fps_8bit_420_1920x1080_30fps_130f_GenuineIntel.out,32,6.419036960990228,6.332573413848877
1044,faster,37,DinnerSceneCropped_2k,780975000000,214652000000,93262152285,7087820038,1419706093,1509368377,216375,24784427,57940408,41054098336,2754769377,5035480422,589972961,6.3238,dis_filter,H:\valgrind_config_c\callgrind_faster_qp37_DinnerSceneCropped_1920x1080_2997fps_8bit_420_1920x1080_30fps_130f_GenuineIntel.out,37,6.011561554224328,6.378303050994873
1045,fast,22,DinnerSceneCropped_2k,1660830000000,418635000000,179065000000,13660995111,1914737753,1679366171,225780,26079453,60239380,93795258226,9428042407,7778295521,667602667,6.3792,dis_filter,H:\valgrind_config_c\callgrind_fast_qp22_DinnerSceneCropped_1920x1080_2997fps_8bit_420_1920x1080_30fps_130f_GenuineIntel.out,22,6.3760705779435884,7.1434645652771
1046,fast,27,DinnerSceneCropped_2k,1257700000000,330595000000,143290000000,12844398835,1813631899,1637296922,214999,24623675,58138551,66588351807,5811572718,6660158334,657822050,6.3581,dis_filter,H:\valgrind_config_c\callgrind_fast_qp27_DinnerSceneCropped_1920x1080_2997fps_8bit_420_1920x1080_30fps_130f_GenuineIntel.out,27,6.420329239817545,6.451221466064453
1047,fast,32,DinnerSceneCropped_2k,923803000000,251891000000,110290000000,9915914687,1659476371,1577965725,217218,24369506,57753278,49288758332,3603815386,5645107159,629334576,6.2705,dis_filter,H:\valgrind_config_c\callgrind_fast_qp32_DinnerSceneCropped_1920x1080_2997fps_8bit_420_1920x1080_30fps_130f_GenuineIntel.out,32,6.4742666677517455,6.332573413848877
1048,fast,37,DinnerSceneCropped_2k,780975000000,214652000000,93262146858,7087769766,1418728422,1506397221,220595,24174052,57576343,41054096304,2754948274,5035480816,589976778,6.3238,dis_filter,H:\valgrind_config_c\callgrind_fast_qp37_DinnerSceneCropped_1920x1080_2997fps_8bit_420_1920x1080_30fps_130f_GenuineIntel.out,37,6.095499535634939,6.3778886795043945
1049,superfast,22,DinnerSceneCropped_2k,1577940000000,397751000000,169972000000,13157928714,2450516554,1743647846,205815,25253809,55497063,88545142153,9064429145,7425376273,645324935,6.3792,dis_filter,H:\valgrind_config_c\callgrind_superfast_qp22_DinnerSceneCropped_1920x1080_2997fps_8bit_420_1920x1080_30fps_130f_GenuineIntel.out,22,6.269927064516086,7.168743133544922
1050,superfast,27,DinnerSceneCropped_2k,1199330000000,315181000000,136557000000,12333242083,2346234261,1696342717,205994,25007561,54421111,63110327926,5632873940,6391657318,637226305,6.3581,dis_filter,H:\valgrind_config_c\callgrind_superfast_qp27_DinnerSceneCropped_1920x1080_2997fps_8bit_420_1920x1080_30fps_130f_GenuineIntel.out,27,6.1960446446212964,6.354790210723877
1051,superfast,32,DinnerSceneCropped_2k,888860000000,242264000000,106165000000,9549490259,2099090632,1594397071,198553,25424141,54540484,47069946002,3517117400,5474213094,610845381,6.2705,dis_filter,H:\valgrind_config_c\callgrind_superfast_qp32_DinnerSceneCropped_1920x1080_2997fps_8bit_420_1920x1080_30fps_130f_GenuineIntel.out,32,6.1256310640041605,6.431337356567383
1052,superfast,37,DinnerSceneCropped_2k,767270000000,210893000000,92047690663,6960268606,1875943436,1529964868,206908,25443065,54524735,40294795802,2760319393,4994763010,579014150,6.3238,dis_filter,H:\valgrind_config_c\callgrind_superfast_qp37_DinnerSceneCropped_1920x1080_2997fps_8bit_420_1920x1080_30fps_130f_GenuineIntel.out,37,5.811417191237356,6.363515377044678
1053,veryfast,22,DinnerSceneCropped_2k,1660830000000,418635000000,179066000000,13660857499,1914710790,1679194558,224979,24966069,59205582,93795354702,9428648677,7778300503,667589868,6.3792,dis_filter,H:\valgrind_config_c\callgrind_veryfast_qp22_DinnerSceneCropped_1920x1080_2997fps_8bit_420_1920x1080_30fps_130f_GenuineIntel.out,22,6.497206318366402,7.143117427825928
1054,veryfast,27,DinnerSceneCropped_2k,1257700000000,330595000000,143290000000,12844303819,1813022079,1637059448,217232,24448984,57842343,66588315643,5810188647,6660153363,657816645,6.3581,dis_filter,H:\valgrind_config_c\callgrind_veryfast_qp27_DinnerSceneCropped_1920x1080_2997fps_8bit_420_1920x1080_30fps_130f_GenuineIntel.out,27,6.443549221893844,6.451548099517822
1055,veryfast,32,DinnerSceneCropped_2k,923804000000,251891000000,110290000000,9916016954,1658713956,1577648353,217479,24334499,57579373,49288833000,3604620310,5645110088,629341858,6.2705,dis_filter,H:\valgrind_config_c\callgrind_veryfast_qp32_DinnerSceneCropped_1920x1080_2997fps_8bit_420_1920x1080_30fps_130f_GenuineIntel.out,32,6.476384167017191,6.332573413848877
1056,veryfast,37,DinnerSceneCropped_2k,780975000000,214652000000,93262135135,7087774302,1417852480,1506440076,221540,24430380,57820484,41054085494,2757516319,5035480390,589974102,6.3238,dis_filter,H:\valgrind_config_c\callgrind_veryfast_qp37_DinnerSceneCropped_1920x1080_2997fps_8bit_420_1920x1080_30fps_130f_GenuineIntel.out,37,6.071837916312908,6.3778886795043945
1057,faster,22,FoodMarket_2k,1571340000000,397876000000,170447000000,13419551512,1894043203,1671645883,224975,25318535,59805254,87067350383,8625447586,7526841909,657839356,6.8418,dis_filter,H:\valgrind_config_c\callgrind_faster_qp22_FoodMarket_1920x1080_5994_8bit_420_1920x1080_60fps_130f_GenuineIntel.out,22,6.775549629540643,6.978119850158691
1058,faster,27,FoodMarket_2k,1211760000000,319011000000,138503000000,12561232856,1785555125,1625909969,219910,25112789,58865701,64269078436,5686843082,6548892205,646692718,6.3553,dis_filter,H:\valgrind_config_c\callgrind_faster_qp27_FoodMarket_1920x1080_5994_8bit_420_1920x1080_60fps_130f_GenuineIntel.out,27,6.714756223398982,6.349186897277832
1059,faster,32,FoodMarket_2k,989134000000,266926000000,116685000000,11117802401,1709207106,1600713183,212868,24917495,58356255,51883159793,4128998905,5821789986,625515465,6.3658,dis_filter,H:\valgrind_config_c\callgrind_faster_qp32_FoodMarket_1920x1080_5994_8bit_420_1920x1080_60fps_130f_GenuineIntel.out,32,6.477714676504354,6.277493953704834
1060,faster,37,FoodMarket_2k,878835000000,239809000000,104405000000,9796195842,1581738848,1556924266,227335,23789637,57103524,45486855855,3378421217,5372585930,605368950,6.3796,dis_filter,H:\valgrind_config_c\callgrind_faster_qp37_FoodMarket_1920x1080_5994_8bit_420_1920x1080_60fps_130f_GenuineIntel.out,37,6.328855710077951,6.295368671417236
1061,fast,22,FoodMarket_2k,1571340000000,397876000000,170447000000,13419427563,1894024023,1671875287,219266,25115478,59596649,87067419767,8624012792,7526846252,657832229,6.8418,dis_filter,H:\valgrind_config_c\callgrind_fast_qp22_FoodMarket_1920x1080_5994_8bit_420_1920x1080_60fps_130f_GenuineIntel.out,22,6.745287099714837,6.983120918273926
1062,fast,27,FoodMarket_2k,1211760000000,319011000000,138503000000,12561537475,1777603246,1626356055,216698,24677593,58496982,64268972257,5687212692,6548889251,646708803,6.3553,dis_filter,H:\valgrind_config_c\callgrind_fast_qp27_FoodMarket_1920x1080_5994_8bit_420_1920x1080_60fps_130f_GenuineIntel.out,27,6.689580791608188,6.352383136749268
1063,fast,32,FoodMarket_2k,989134000000,266926000000,116685000000,11118074581,1707271633,1601496387,215544,25020990,58237349,51883110841,4130185824,5821786894,625526011,6.3658,dis_filter,H:\valgrind_config_c\callgrind_fast_qp32_FoodMarket_1920x1080_5994_8bit_420_1920x1080_60fps_130f_GenuineIntel.out,32,6.49680277472298,6.276900768280029
1064,fast,37,FoodMarket_2k,878835000000,239809000000,104405000000,9796270212,1582881115,1559660060,217847,24406321,57887865,45486867025,3379620208,5372588143,605368857,6.3796,dis_filter,H:\valgrind_config_c\callgrind_fast_qp37_FoodMarket_1920x1080_5994_8bit_420_1920x1080_60fps_130f_GenuineIntel.out,37,6.290253814250599,6.298261642456055
1065,superfast,22,FoodMarket_2k,1500390000000,379938000000,162692000000,12957376079,2407695209,1727178512,206828,25381180,55677536,82674494914,8354181335,7223752250,637548749,6.8418,dis_filter,H:\valgrind_config_c\callgrind_superfast_qp22_FoodMarket_1920x1080_5994_8bit_420_1920x1080_60fps_130f_GenuineIntel.out,22,6.561492853144033,6.859103202819824
1066,superfast,27,FoodMarket_2k,1159610000000,305216000000,132487000000,12093745819,2287868817,1672415027,204687,25278445,55015990,61149342760,5551138263,6305039150,627426974,6.3553,dis_filter,H:\valgrind_config_c\callgrind_superfast_qp27_FoodMarket_1920x1080_5994_8bit_420_1920x1080_60fps_130f_GenuineIntel.out,27,6.54785876968792,6.2704758644104
1067,superfast,32,FoodMarket_2k,953371000000,257274000000,112576000000,10689955689,2153409670,1616394785,202405,25636135,54803201,49730878284,4064595395,5656923193,608731016,6.3658,dis_filter,H:\valgrind_config_c\callgrind_superfast_qp32_FoodMarket_1920x1080_5994_8bit_420_1920x1080_60fps_130f_GenuineIntel.out,32,6.44671874431133,6.276010036468506
1068,superfast,37,FoodMarket_2k,706896000000,194354000000,91270086899,5665220250,2174823298,1630801395,195730,25675255,55766500,44079944915,3315208750,5274641712,592222885,6.3796,dis_filter,H:\valgrind_config_c\callgrind_superfast_qp37_FoodMarket_1920x1080_5994_8bit_420_1920x1080_60fps_130f_GenuineIntel.out,37,6.757403982228409,6.39645528793335
1069,veryfast,22,FoodMarket_2k,1571340000000,397876000000,170447000000,13419775709,1894705658,1671868371,223577,25204649,59656628,87067422646,8626419499,7526846164,657846176,6.8418,dis_filter,H:\valgrind_config_c\callgrind_veryfast_qp22_FoodMarket_1920x1080_5994_8bit_420_1920x1080_60fps_130f_GenuineIntel.out,22,6.76572833782661,6.981600284576416
1070,veryfast,27,FoodMarket_2k,1211760000000,319011000000,138503000000,12561245164,1778510865,1626933193,218219,24255732,57925049,64269041240,5686608625,6548886773,646696731,6.3553,dis_filter,H:\valgrind_config_c\callgrind_veryfast_qp27_FoodMarket_1920x1080_5994_8bit_420_1920x1080_60fps_130f_GenuineIntel.out,27,6.6935445094005726,6.352536678314209
1071,veryfast,32,FoodMarket_2k,989134000000,266926000000,116685000000,11117856962,1720186340,1601765714,220126,24922182,58464241,51883072672,4129504786,5821781252,625511278,6.3658,dis_filter,H:\valgrind_config_c\callgrind_veryfast_qp32_FoodMarket_1920x1080_5994_8bit_420_1920x1080_60fps_130f_GenuineIntel.out,32,6.510846461352678,6.2772536277771
1072,veryfast,37,FoodMarket_2k,878834000000,239809000000,104405000000,9796310329,1580736525,1557045435,210236,24734683,58148981,45486817264,3377536547,5372583438,605367277,6.3796,dis_filter,H:\valgrind_config_c\callgrind_veryfast_qp37_FoodMarket_1920x1080_5994_8bit_420_1920x1080_60fps_130f_GenuineIntel.out,37,6.260469033261154,6.296054840087891
1073,faster,22,FoodMarket2_4k,4226670000000,1120280000000,529399000000,28954669448,8099043017,6837624860,1800790,169042100,322413519,273460000000,25828612375,27088844022,2571604634,13.9507,dis_filter,H:\valgrind_config_c\callgrind_faster_qp22_FoodMarket2_3840x2160_5994fps_8bit_420_3840x2160_60fps_130f_AuthenticAMD.out,22,12.90041408967754,13.625624656677246
1074,faster,27,FoodMarket2_4k,3542780000000,958806000000,456230000000,27321858296,7761786807,6687859608,1745793,165462494,312651830,224471000000,19167610166,24500985190,2535711243,13.2135,dis_filter,H:\valgrind_config_c\callgrind_faster_qp27_FoodMarket2_3840x2160_5994fps_8bit_420_3840x2160_60fps_130f_AuthenticAMD.out,27,12.995606587898248,12.688419342041016
1075,faster,32,FoodMarket2_4k,3119810000000,852676000000,404131000000,25491169910,7339116207,6526764150,1792505,162406939,305649735,195406000000,15378558364,22524793925,2470302391,13.2082,dis_filter,H:\valgrind_config_c\callgrind_faster_qp32_FoodMarket2_3840x2160_5994fps_8bit_420_3840x2160_60fps_130f_AuthenticAMD.out,32,13.020295774713233,13.079649925231934
1076,faster,37,FoodMarket2_4k,2849190000000,782877000000,368832000000,23643740564,7062264710,6433662915,1783356,159481415,299561766,177197000000,13059758841,21134598703,2404659566,13.2051,dis_filter,H:\valgrind_config_c\callgrind_faster_qp37_FoodMarket2_3840x2160_5994fps_8bit_420_3840x2160_60fps_130f_AuthenticAMD.out,37,13.108034131921597,13.047224998474121
1077,fast,22,FoodMarket2_4k,4226680000000,1120280000000,529400000000,28954032890,8036244165,6840261624,1750023,167345805,319193850,273461000000,25827164179,27088874859,2571581707,13.9507,dis_filter,H:\valgrind_config_c\callgrind_fast_qp22_FoodMarket2_3840x2160_5994fps_8bit_420_3840x2160_60fps_130f_AuthenticAMD.out,22,12.892234931441953,13.520370483398438
1078,fast,27,FoodMarket2_4k,3542780000000,958806000000,456230000000,27321388686,7742534868,6691975921,1808840,164068716,310797299,224471000000,19166620210,24500999116,2535677835,13.2135,dis_filter,H:\valgrind_config_c\callgrind_fast_qp27_FoodMarket2_3840x2160_5994fps_8bit_420_3840x2160_60fps_130f_AuthenticAMD.out,27,12.907296943961423,12.836315155029297
1079,fast,32,FoodMarket2_4k,3119810000000,852677000000,404131000000,25491190727,7337186813,6532398581,1791243,161579272,305025544,195407000000,15379087810,22524807837,2470298725,13.2082,dis_filter,H:\valgrind_config_c\callgrind_fast_qp32_FoodMarket2_3840x2160_5994fps_8bit_420_3840x2160_60fps_130f_AuthenticAMD.out,32,12.99671936391652,13.079649925231934
1080,fast,37,FoodMarket2_4k,2849190000000,782877000000,368832000000,23643620539,7065074765,6422200539,1831894,159950770,300730918,177197000000,13061066782,21134579435,2404662142,13.2051,dis_filter,H:\valgrind_config_c\callgrind_fast_qp37_FoodMarket2_3840x2160_5994fps_8bit_420_3840x2160_60fps_130f_AuthenticAMD.out,37,13.067694183642704,13.030657768249512
1081,superfast,22,FoodMarket2_4k,4083220000000,1082290000000,510020000000,28927477828,10914088387,6561069259,1768884,160511646,277102241,261205000000,25452217054,26308336634,2505743528,13.9507,dis_filter,H:\valgrind_config_c\callgrind_superfast_qp22_FoodMarket2_3840x2160_5994fps_8bit_420_3840x2160_60fps_130f_AuthenticAMD.out,22,12.725304366262076,13.493003845214844
1082,superfast,27,FoodMarket2_4k,3433100000000,929237000000,440786000000,27293746267,10442541377,6382216750,1828076,158839378,273566383,214735000000,19025139244,23882412622,2473705087,13.2135,dis_filter,H:\valgrind_config_c\callgrind_superfast_qp27_FoodMarket2_3840x2160_5994fps_8bit_420_3840x2160_60fps_130f_AuthenticAMD.out,27,12.731762213639971,12.79389762878418
1083,superfast,32,FoodMarket2_4k,3038100000000,830895000000,392641000000,25471907896,10119417168,6251241544,1769755,157650359,269739627,187696000000,15354668657,22088789144,2415444728,13.2082,dis_filter,H:\valgrind_config_c\callgrind_superfast_qp32_FoodMarket2_3840x2160_5994fps_8bit_420_3840x2160_60fps_130f_AuthenticAMD.out,32,12.951376872661701,13.015035629272461
1084,superfast,37,FoodMarket2_4k,2788350000000,767047000000,360380000000,23639850802,9767518749,6107983374,1818645,156475781,267089515,171016000000,13101931390,20842460636,2356331215,13.2051,dis_filter,H:\valgrind_config_c\callgrind_superfast_qp37_FoodMarket2_3840x2160_5994fps_8bit_420_3840x2160_60fps_130f_AuthenticAMD.out,37,12.994929031316437,13.024629592895508
1085,veryfast,22,FoodMarket2_4k,4226680000000,1120280000000,529400000000,28954057401,8125934260,6852466227,1805747,168070300,320667049,273461000000,25828098034,27088855599,2571577884,13.9507,dis_filter,H:\valgrind_config_c\callgrind_veryfast_qp22_FoodMarket2_3840x2160_5994fps_8bit_420_3840x2160_60fps_130f_AuthenticAMD.out,22,12.89098306745282,13.626810073852539
1086,veryfast,27,FoodMarket2_4k,3542780000000,958805000000,456230000000,27321280348,7697690329,6669751773,1774296,165200611,311738245,224471000000,19166299898,24500966589,2535698907,13.2135,dis_filter,H:\valgrind_config_c\callgrind_veryfast_qp27_FoodMarket2_3840x2160_5994fps_8bit_420_3840x2160_60fps_130f_AuthenticAMD.out,27,12.944734627280333,12.814421653747559
1087,veryfast,32,FoodMarket2_4k,3119810000000,852677000000,404131000000,25491047800,7332832569,6528744960,1782600,161801588,304618870,195407000000,15378154981,22524807300,2470286226,13.2082,dis_filter,H:\valgrind_config_c\callgrind_veryfast_qp32_FoodMarket2_3840x2160_5994fps_8bit_420_3840x2160_60fps_130f_AuthenticAMD.out,32,13.013012660575402,13.07940673828125
1088,veryfast,37,FoodMarket2_4k,2849190000000,782877000000,368832000000,23643773257,7061689211,6423338526,1832263,160078309,300573039,177197000000,13061288405,21134593632,2404662839,13.2051,dis_filter,H:\valgrind_config_c\callgrind_veryfast_qp37_FoodMarket2_3840x2160_5994fps_8bit_420_3840x2160_60fps_130f_AuthenticAMD.out,37,13.07499543157801,13.030657768249512
1089,faster,22,MeridianTalk_sdr_2k,1033010000000,274525000000,128424000000,6801486027,1986303795,1684729286,214688,25134662,60342315,68350771014,6037379261,6611502921,646020000,6.3813,dis_filter,H:\valgrind_config_c\callgrind_faster_qp22_MeridianTalk_sdr_1920x1080p_5994_8bit_1920x1080_60fps_130f_GenuineIntel.out,22,6.476297062650884,6.354679107666016
1090,faster,27,MeridianTalk_sdr_2k,798893000000,218267000000,103036000000,6006899130,1847265153,1629780335,211215,23926555,58871804,51519923909,3924984695,5729181138,624497796,6.3492,dis_filter,H:\valgrind_config_c\callgrind_faster_qp27_MeridianTalk_sdr_1920x1080p_5994_8bit_1920x1080_60fps_130f_GenuineIntel.out,27,6.552037112688886,6.36650276184082
1091,faster,32,MeridianTalk_sdr_2k,694514000000,191428000000,89860390675,5375838387,1655411014,1562345769,203751,24469943,59663047,43994088502,3081353933,5212250193,598603874,6.3348,dis_filter,H:\valgrind_config_c\callgrind_faster_qp32_MeridianTalk_sdr_1920x1080p_5994_8bit_1920x1080_60fps_130f_GenuineIntel.out,32,6.341930147321108,6.360074520111084
1092,faster,37,MeridianTalk_sdr_2k,640042000000,177079000000,82619523676,4960754991,1580511411,1542167998,203333,24573591,59988820,40084775717,2678392202,4912237723,578660897,6.3354,dis_filter,H:\valgrind_config_c\callgrind_faster_qp37_MeridianTalk_sdr_1920x1080p_5994_8bit_1920x1080_60fps_130f_GenuineIntel.out,37,6.288653325807475,6.34353494644165
1093,fast,22,MeridianTalk_sdr_2k,1033010000000,274525000000,128424000000,6801585110,1980394750,1684668094,206660,24199696,59280116,68350711805,6037136374,6611500170,646027801,6.3813,dis_filter,H:\valgrind_config_c\callgrind_fast_qp22_MeridianTalk_sdr_1920x1080p_5994_8bit_1920x1080_60fps_130f_GenuineIntel.out,22,6.538502698262214,6.359342575073242
1094,fast,27,MeridianTalk_sdr_2k,798894000000,218267000000,103036000000,6006702011,1839227970,1628294828,205168,24133979,59342949,51519968613,3924329365,5729183134,624485879,6.3492,dis_filter,H:\valgrind_config_c\callgrind_fast_qp27_MeridianTalk_sdr_1920x1080p_5994_8bit_1920x1080_60fps_130f_GenuineIntel.out,27,6.510453302116558,6.338676452636719
1095,fast,32,MeridianTalk_sdr_2k,694514000000,191428000000,89860331429,5375803401,1656784112,1565018509,205713,24552312,59842483,43994049992,3080809209,5212246753,598602409,6.3348,dis_filter,H:\valgrind_config_c\callgrind_fast_qp32_MeridianTalk_sdr_1920x1080p_5994_8bit_1920x1080_60fps_130f_GenuineIntel.out,32,6.346298921211819,6.364811420440674
1096,fast,37,MeridianTalk_sdr_2k,640042000000,177079000000,82619523459,4960760621,1582078342,1542886968,211888,24262038,59316336,40084771457,2679244642,4912237092,578656320,6.3354,dis_filter,H:\valgrind_config_c\callgrind_fast_qp37_MeridianTalk_sdr_1920x1080p_5994_8bit_1920x1080_60fps_130f_GenuineIntel.out,37,6.348407028209062,6.348090171813965
1097,superfast,22,MeridianTalk_sdr_2k,988544000000,262615000000,122419000000,6783826157,2472673473,1737593910,208459,26223213,56591659,64556559814,5868345822,6366830211,626488667,6.3813,dis_filter,H:\valgrind_config_c\callgrind_superfast_qp22_MeridianTalk_sdr_1920x1080p_5994_8bit_1920x1080_60fps_130f_GenuineIntel.out,22,6.394767725062501,6.431707859039307
1098,superfast,27,MeridianTalk_sdr_2k,772069000000,210963000000,99259938653,5996850100,2273009288,1662891104,198170,26334251,56269044,49016801644,3861351549,5577660463,607906243,6.3492,dis_filter,H:\valgrind_config_c\callgrind_superfast_qp27_MeridianTalk_sdr_1920x1080p_5994_8bit_1920x1080_60fps_130f_GenuineIntel.out,27,6.341945055256515,6.368916034698486
1099,superfast,32,MeridianTalk_sdr_2k,679757000000,187586000000,87831580695,5379854922,2089002147,1598631858,204546,25217595,55468737,42412963840,3076502290,5142972258,586136609,6.3348,dis_filter,H:\valgrind_config_c\callgrind_superfast_qp32_MeridianTalk_sdr_1920x1080p_5994_8bit_1920x1080_60fps_130f_GenuineIntel.out,32,6.419263908121119,6.326277256011963
1100,superfast,37,MeridianTalk_sdr_2k,630209000000,174630000000,81284550016,4974264525,1981295917,1554653040,199736,25506957,55838742,38878281580,2695713412,4875356712,568008347,6.3354,dis_filter,H:\valgrind_config_c\callgrind_superfast_qp37_MeridianTalk_sdr_1920x1080p_5994_8bit_1920x1080_60fps_130f_GenuineIntel.out,37,6.3199448336502915,6.3234100341796875
1101,veryfast,22,MeridianTalk_sdr_2k,1033010000000,274525000000,128424000000,6801488871,1986260467,1684649539,207890,24520043,59859568,68350800856,6037769892,6611505364,646025368,6.3813,dis_filter,H:\valgrind_config_c\callgrind_veryfast_qp22_MeridianTalk_sdr_1920x1080p_5994_8bit_1920x1080_60fps_130f_GenuineIntel.out,22,6.513934184155909,6.336600303649902
1102,veryfast,27,MeridianTalk_sdr_2k,798894000000,218267000000,103036000000,6006724011,1835619287,1626822206,204310,24701824,59980994,51520030555,3925234231,5729186152,624486641,6.3492,dis_filter,H:\valgrind_config_c\callgrind_veryfast_qp27_MeridianTalk_sdr_1920x1080p_5994_8bit_1920x1080_60fps_130f_GenuineIntel.out,27,6.448395703663127,6.340548992156982
1103,veryfast,32,MeridianTalk_sdr_2k,694514000000,191428000000,89860348867,5375900668,1663425584,1563994743,202029,24707968,60010109,43994029618,3081540770,5212247457,598602909,6.3348,dis_filter,H:\valgrind_config_c\callgrind_veryfast_qp32_MeridianTalk_sdr_1920x1080p_5994_8bit_1920x1080_60fps_130f_GenuineIntel.out,32,6.314645784350525,6.362311840057373
1104,veryfast,37,MeridianTalk_sdr_2k,640042000000,177079000000,82619464791,4960703778,1583683128,1544927654,229689,23798709,58723365,40084698120,2679454856,4912234200,578653622,6.3354,dis_filter,H:\valgrind_config_c\callgrind_veryfast_qp37_MeridianTalk_sdr_1920x1080p_5994_8bit_1920x1080_60fps_130f_GenuineIntel.out,37,6.464210301476493,6.330307960510254
1105,faster,22,Motorcycle_2k,1176920000000,299228000000,137869000000,7156414190,1948562175,1680614728,215353,25209705,61437204,79978032255,7775984989,6938506255,632048676,7.0665,dis_filter,H:\valgrind_config_c\callgrind_faster_qp22_Motorcycle_1920x1080_30fps_8bit_1920x1080_30fps_130f_GenuineIntel.out,22,6.902992877894409,6.868542194366455
1106,faster,27,Motorcycle_2k,1048280000000,271285000000,125633000000,6846899207,1932693491,1671693888,210303,24813124,60788004,70117664444,6684715455,6486747615,623364175,7.0063,dis_filter,H:\valgrind_config_c\callgrind_faster_qp27_Motorcycle_1920x1080_30fps_8bit_1920x1080_30fps_130f_GenuineIntel.out,27,6.632328003613663,7.050326824188232
1107,faster,32,Motorcycle_2k,927421000000,244216000000,113506000000,6475543181,1839414885,1634029633,217041,24607510,60015650,60936854304,5577691427,6031132408,610621635,7.0665,dis_filter,H:\valgrind_config_c\callgrind_faster_qp32_Motorcycle_1920x1080_30fps_8bit_1920x1080_30fps_130f_GenuineIntel.out,32,6.468919829670552,6.699656009674072
1108,faster,37,Motorcycle_2k,826190000000,221131000000,103149000000,6125017617,1797903227,1619288098,204378,24064740,59298849,53240060563,4581197684,5644060240,597626755,6.3269,dis_filter,H:\valgrind_config_c\callgrind_faster_qp37_Motorcycle_1920x1080_30fps_8bit_1920x1080_30fps_130f_GenuineIntel.out,37,6.427271404508781,6.3387885093688965
1109,fast,22,Motorcycle_2k,1176920000000,299228000000,137869000000,7156207149,1950814936,1681976156,210863,24996866,61368038,79978018635,7775951864,6938506653,632043055,7.0665,dis_filter,H:\valgrind_config_c\callgrind_fast_qp22_Motorcycle_1920x1080_30fps_8bit_1920x1080_30fps_130f_GenuineIntel.out,22,6.911918418519019,6.906177520751953
1110,fast,27,Motorcycle_2k,1048280000000,271285000000,125633000000,6846696328,1942175413,1671781204,210799,25063515,60958874,70117580040,6684607158,6486740659,623361436,7.0063,dis_filter,H:\valgrind_config_c\callgrind_fast_qp27_Motorcycle_1920x1080_30fps_8bit_1920x1080_30fps_130f_GenuineIntel.out,27,6.6062213337040845,7.041809558868408
1111,fast,32,Motorcycle_2k,927421000000,244216000000,113506000000,6475359026,1838068575,1631729209,210578,24400718,59864642,60936886542,5577660085,6031134350,610609895,7.0665,dis_filter,H:\valgrind_config_c\callgrind_fast_qp32_Motorcycle_1920x1080_30fps_8bit_1920x1080_30fps_130f_GenuineIntel.out,32,6.4637649065893115,6.717906951904297
1112,fast,37,Motorcycle_2k,826189000000,221131000000,103149000000,6125012604,1795634497,1617928931,202465,24990813,60356636,53239952362,4581191007,5644053480,597624774,6.3269,dis_filter,H:\valgrind_config_c\callgrind_fast_qp37_Motorcycle_1920x1080_30fps_8bit_1920x1080_30fps_130f_GenuineIntel.out,37,6.323517962814867,6.366580486297607
1113,superfast,22,Motorcycle_2k,1138980000000,289885000000,133356000000,7151201318,2418122534,1732054442,202662,26665933,58157580,76583519025,7653941734,6760195313,616604155,7.0665,dis_filter,H:\valgrind_config_c\callgrind_superfast_qp22_Motorcycle_1920x1080_30fps_8bit_1920x1080_30fps_130f_GenuineIntel.out,22,6.726671534302753,6.905135154724121
1114,superfast,27,Motorcycle_2k,1015380000000,263120000000,121640000000,6843570447,2356673705,1698359154,208597,25964623,57078207,67124848100,6586467277,6332349119,608784113,7.0063,dis_filter,H:\valgrind_config_c\callgrind_superfast_qp27_Motorcycle_1920x1080_30fps_8bit_1920x1080_30fps_130f_GenuineIntel.out,27,6.534760976308371,6.614418983459473
1115,superfast,32,Motorcycle_2k,899704000000,237275000000,110053000000,6475156539,2260617813,1658038516,197799,25786222,56711040,58358122297,5504564280,5901316507,596899328,7.0665,dis_filter,H:\valgrind_config_c\callgrind_superfast_qp32_Motorcycle_1920x1080_30fps_8bit_1920x1080_30fps_130f_GenuineIntel.out,32,6.336909505770578,6.762585639953613
1116,superfast,37,Motorcycle_2k,803162000000,215285000000,100168000000,6127884175,2184433017,1624867692,204271,25972328,56356582,51040910582,4534766115,5535024530,584578337,6.3269,dis_filter,H:\valgrind_config_c\callgrind_superfast_qp37_Motorcycle_1920x1080_30fps_8bit_1920x1080_30fps_130f_GenuineIntel.out,37,6.292357754311263,6.347283840179443
1117,veryfast,22,Motorcycle_2k,1176930000000,299229000000,137869000000,7156298882,1962072506,1683045146,212590,24998557,61331091,79978126368,7775474711,6938512374,632041422,7.0665,dis_filter,H:\valgrind_config_c\callgrind_veryfast_qp22_Motorcycle_1920x1080_30fps_8bit_1920x1080_30fps_130f_GenuineIntel.out,22,6.919064640971746,6.906798839569092
1118,veryfast,27,Motorcycle_2k,1048280000000,271285000000,125633000000,6846770847,1931991865,1669920646,208334,24865662,60731537,70117681751,6685025129,6486748164,623366473,7.0063,dis_filter,H:\valgrind_config_c\callgrind_veryfast_qp27_Motorcycle_1920x1080_30fps_8bit_1920x1080_30fps_130f_GenuineIntel.out,27,6.614697019900646,7.061764240264893
1119,veryfast,32,Motorcycle_2k,927422000000,244216000000,113507000000,6475728178,1840757307,1634279943,225897,24361816,59529360,60936958520,5577996307,6031140548,610627292,7.0665,dis_filter,H:\valgrind_config_c\callgrind_veryfast_qp32_Motorcycle_1920x1080_30fps_8bit_1920x1080_30fps_130f_GenuineIntel.out,32,6.524901916944577,6.700854301452637
1120,veryfast,37,Motorcycle_2k,826190000000,221131000000,103149000000,6124949141,1784915744,1617357628,200751,24148496,59529866,53240070691,4581203569,5644059807,597621308,6.3269,dis_filter,H:\valgrind_config_c\callgrind_veryfast_qp37_Motorcycle_1920x1080_30fps_8bit_1920x1080_30fps_130f_GenuineIntel.out,37,6.405336962918893,6.357222080230713
1121,faster,22,MountainBike_2k,1211790000000,308006000000,142100000000,7241485908,1984277887,1697369795,220822,25270951,61581418,82370776384,8153749016,7096791086,635510470,7.0957,dis_filter,H:\valgrind_config_c\callgrind_faster_qp22_MountainBike_1920x1080_30fps_8bit_1920x1080_30fps_130f_GenuineIntel.out,22,6.9086184543364935,7.012104034423828
1122,faster,27,MountainBike_2k,1078770000000,279552000000,129903000000,6989656717,1977489128,1691532017,212535,24564401,60394767,72039365281,6930539505,6653575015,629572676,7.0351,dis_filter,H:\valgrind_config_c\callgrind_faster_qp27_MountainBike_1920x1080_30fps_8bit_1920x1080_30fps_130f_GenuineIntel.out,27,6.786619949166258,6.931155681610107
1123,faster,32,MountainBike_2k,951602000000,251120000000,117278000000,6682829860,1878114000,1654978618,207385,24741551,60551421,62331736506,5704101677,6187281623,618810730,6.9826,dis_filter,H:\valgrind_config_c\callgrind_faster_qp32_MountainBike_1920x1080_30fps_8bit_1920x1080_30fps_130f_GenuineIntel.out,32,6.568782701568592,6.418393135070801
1124,faster,37,MountainBike_2k,845280000000,226699000000,106279000000,6362708202,1843747875,1640896348,207336,24258813,59545196,54285109252,4649242826,5780922326,607358192,6.3469,dis_filter,H:\valgrind_config_c\callgrind_faster_qp37_MountainBike_1920x1080_30fps_8bit_1920x1080_30fps_130f_GenuineIntel.out,37,6.448856091093559,6.323980808258057
1125,fast,22,MountainBike_2k,1211790000000,308005000000,142100000000,7241324281,1985170491,1700261782,217682,25306725,61561977,82370691225,8153726903,7096785250,635515442,7.0957,dis_filter,H:\valgrind_config_c\callgrind_fast_qp22_MountainBike_1920x1080_30fps_8bit_1920x1080_30fps_130f_GenuineIntel.out,22,6.894940174356104,7.015590190887451
1126,fast,27,MountainBike_2k,1078770000000,279552000000,129903000000,6989694568,1976055799,1691144035,209339,25061196,60927499,72039496371,6930827241,6653583258,629568988,7.0351,dis_filter,H:\valgrind_config_c\callgrind_fast_qp27_MountainBike_1920x1080_30fps_8bit_1920x1080_30fps_130f_GenuineIntel.out,27,6.72248693709058,6.928859233856201
1127,fast,32,MountainBike_2k,951600000000,251120000000,117277000000,6682853042,1881266918,1655729922,205052,24971101,60594963,62331467531,5703770169,6187264438,618816106,6.9826,dis_filter,H:\valgrind_config_c\callgrind_fast_qp32_MountainBike_1920x1080_30fps_8bit_1920x1080_30fps_130f_GenuineIntel.out,32,6.5321963879373275,6.418393135070801
1128,fast,37,MountainBike_2k,845280000000,226699000000,106279000000,6362566079,1851698199,1641786010,205939,24599044,59985062,54285205144,4649379090,5780927348,607358397,6.3469,dis_filter,H:\valgrind_config_c\callgrind_fast_qp37_MountainBike_1920x1080_30fps_8bit_1920x1080_30fps_130f_GenuineIntel.out,37,6.408411668862819,6.339038848876953
1129,superfast,22,MountainBike_2k,1170290000000,297784000000,137182000000,7231466019,2471670928,1756598855,206321,26511841,58037540,78722086953,8007151532,6901625159,619711658,7.0957,dis_filter,H:\valgrind_config_c\callgrind_superfast_qp22_MountainBike_1920x1080_30fps_8bit_1920x1080_30fps_130f_GenuineIntel.out,22,6.777780046282664,6.987329959869385
1130,superfast,27,MountainBike_2k,1041750000000,270262000000,125344000000,6979428683,2426275067,1732431082,207353,26764659,57686565,68767266080,6815005810,6474064782,614082475,7.0351,dis_filter,H:\valgrind_config_c\callgrind_superfast_qp27_MountainBike_1920x1080_30fps_8bit_1920x1080_30fps_130f_GenuineIntel.out,27,6.585770779594129,6.977507591247559
1131,superfast,32,MountainBike_2k,920266000000,243153000000,113292000000,6674451939,2333905146,1692008052,199770,26244618,56925735,59519245131,5622888198,6033670322,604091482,6.9826,dis_filter,H:\valgrind_config_c\callgrind_superfast_qp32_MountainBike_1920x1080_30fps_8bit_1920x1080_30fps_130f_GenuineIntel.out,32,6.4456403121562875,6.939216613769531
1132,superfast,37,MountainBike_2k,819390000000,220039000000,102875000000,6355585153,2275208964,1667564566,206576,25882705,56294111,51907743555,4600005907,5653037893,593408610,6.3469,dis_filter,H:\valgrind_config_c\callgrind_superfast_qp37_MountainBike_1920x1080_30fps_8bit_1920x1080_30fps_130f_GenuineIntel.out,37,6.350386354192101,6.33095645904541
1133,veryfast,22,MountainBike_2k,1211790000000,308006000000,142100000000,7241514498,1995024539,1699341714,213857,24996565,61288211,82370756193,8153952726,7096790621,635518233,7.0957,dis_filter,H:\valgrind_config_c\callgrind_veryfast_qp22_MountainBike_1920x1080_30fps_8bit_1920x1080_30fps_130f_GenuineIntel.out,22,6.91513729581099,7.015711784362793
1134,veryfast,27,MountainBike_2k,1078770000000,279552000000,129903000000,6989762057,1973073674,1688142881,209569,25286793,61029603,72039467385,6930822141,6653582499,629567940,7.0351,dis_filter,H:\valgrind_config_c\callgrind_veryfast_qp27_MountainBike_1920x1080_30fps_8bit_1920x1080_30fps_130f_GenuineIntel.out,27,6.694212715119617,6.949490070343018
1135,veryfast,32,MountainBike_2k,951601000000,251120000000,117278000000,6682932917,1880384565,1656426137,209957,24705248,60213941,62331627884,5703836588,6187274095,618818350,6.9826,dis_filter,H:\valgrind_config_c\callgrind_veryfast_qp32_MountainBike_1920x1080_30fps_8bit_1920x1080_30fps_130f_GenuineIntel.out,32,6.575572475252578,6.417786121368408
1136,veryfast,37,MountainBike_2k,845280000000,226699000000,106279000000,6362806430,1849211062,1642222883,204943,24770801,59942929,54285173186,4649238542,5780924620,607361218,6.3469,dis_filter,H:\valgrind_config_c\callgrind_veryfast_qp37_MountainBike_1920x1080_30fps_8bit_1920x1080_30fps_130f_GenuineIntel.out,37,6.382559586263622,6.339038848876953
1137,faster,22,Neon1224_4k,2224620000000,571068000000,263197000000,16100198773,3947037293,3616399830,1513259,80899224,173488799,148720000000,14541598544,13630006589,1284408939,13.4567,dis_filter,H:\valgrind_config_c\callgrind_faster_qp22_Neon1224_3840x2160_2997fps_1224x3840_30fps_130f_AuthenticAMD.out,22,9.05752816847659,7.1672468185424805
1138,faster,27,Neon1224_4k,2055730000000,536383000000,248921000000,15866768639,3954521041,3604754971,1561161,81094612,172647717,135197000000,12945297497,13145428276,1284361300,12.9711,dis_filter,H:\valgrind_config_c\callgrind_faster_qp27_Neon1224_3840x2160_2997fps_1224x3840_30fps_130f_AuthenticAMD.out,27,8.681030679000049,7.1576337814331055
1139,faster,32,Neon1224_4k,1909810000000,505448000000,235440000000,15558443355,3864851525,3582499075,1554822,80877610,170865425,123748000000,11480681285,12683836343,1282628509,12.957,dis_filter,H:\valgrind_config_c\callgrind_faster_qp32_Neon1224_3840x2160_2997fps_1224x3840_30fps_130f_AuthenticAMD.out,32,8.465114077477917,7.163477897644043
1140,faster,37,Neon1224_4k,1791210000000,479442000000,223667000000,15204788537,3898662101,3590292764,1496530,80063628,169048531,114595000000,10201599389,12260752217,1280148062,13.1415,dis_filter,H:\valgrind_config_c\callgrind_faster_qp37_Neon1224_3840x2160_2997fps_1224x3840_30fps_130f_AuthenticAMD.out,37,8.448482214225526,7.158872604370117
1141,fast,22,Neon1224_4k,2224620000000,571068000000,263197000000,16100569941,3945056806,3622205238,1567665,81861557,174911773,148720000000,14541285304,13630028613,1284415312,13.4567,dis_filter,H:\valgrind_config_c\callgrind_fast_qp22_Neon1224_3840x2160_2997fps_1224x3840_30fps_130f_AuthenticAMD.out,22,9.049824886123476,7.1672468185424805
1142,fast,27,Neon1224_4k,2055730000000,536383000000,248921000000,15866839554,3943342755,3602626597,1545324,80759668,172411531,135197000000,12944876543,13145432678,1284370463,12.9711,dis_filter,H:\valgrind_config_c\callgrind_fast_qp27_Neon1224_3840x2160_2997fps_1224x3840_30fps_130f_AuthenticAMD.out,27,8.677491979994805,7.1576337814331055
1143,fast,32,Neon1224_4k,1909820000000,505448000000,235441000000,15558695426,3859011499,3585814257,1550533,80469739,170888943,123748000000,11481214430,12683856497,1282630785,12.957,dis_filter,H:\valgrind_config_c\callgrind_fast_qp32_Neon1224_3840x2160_2997fps_1224x3840_30fps_130f_AuthenticAMD.out,32,8.453156566037578,7.163477897644043
1144,fast,37,Neon1224_4k,1791210000000,479442000000,223666000000,15204691121,3891449366,3583467876,1581104,80470013,169128004,114595000000,10198060067,12260742824,1280144073,13.1415,dis_filter,H:\valgrind_config_c\callgrind_fast_qp37_Neon1224_3840x2160_2997fps_1224x3840_30fps_130f_AuthenticAMD.out,37,8.39472103694843,7.158872604370117
1145,superfast,22,Neon1224_4k,2207210000000,566880000000,260688000000,16174004845,3696025755,3196425531,1429495,82787461,158903909,146141000000,14670084961,13565898827,1261925262,13.4567,dis_filter,H:\valgrind_config_c\callgrind_superfast_qp22_Neon1224_3840x2160_2997fps_1224x3840_30fps_130f_AuthenticAMD.out,22,8.675081826622463,7.1672468185424805
1146,superfast,27,Neon1224_4k,2039450000000,532415000000,246483000000,15939063313,3675018364,3183641676,1440382,82381248,157054556,132730000000,13075677489,13085317712,1261771199,12.9711,dis_filter,H:\valgrind_config_c\callgrind_superfast_qp27_Neon1224_3840x2160_2997fps_1224x3840_30fps_130f_AuthenticAMD.out,27,8.31512714425595,7.157960891723633
1147,superfast,32,Neon1224_4k,1894590000000,501692000000,233080000000,15630180178,3651499680,3177941971,1391413,81612407,154641262,121379000000,11609493225,12628344448,1259957221,12.957,dis_filter,H:\valgrind_config_c\callgrind_superfast_qp32_Neon1224_3840x2160_2997fps_1224x3840_30fps_130f_AuthenticAMD.out,32,8.151090842183752,7.1571245193481445
1148,superfast,37,Neon1224_4k,1777350000000,475993000000,221440000000,15276965421,3693467845,3176866441,1439985,81432825,153545094,112336000000,10324127840,12211987290,1257690267,13.1415,dis_filter,H:\valgrind_config_c\callgrind_superfast_qp37_Neon1224_3840x2160_2997fps_1224x3840_30fps_130f_AuthenticAMD.out,37,8.07864588937354,7.158872604370117
1149,veryfast,22,Neon1224_4k,2224620000000,571068000000,263197000000,16100512917,3919338841,3614311624,1539185,81441122,174603928,148720000000,14541501191,13630027997,1284415581,13.4567,dis_filter,H:\valgrind_config_c\callgrind_veryfast_qp22_Neon1224_3840x2160_2997fps_1224x3840_30fps_130f_AuthenticAMD.out,22,9.044632482264772,7.1672468185424805
1150,veryfast,27,Neon1224_4k,2055730000000,536383000000,248921000000,15866864496,3935581637,3601418200,1556742,81092799,172416231,135196000000,12944201503,13145426905,1284373820,12.9711,dis_filter,H:\valgrind_config_c\callgrind_veryfast_qp27_Neon1224_3840x2160_2997fps_1224x3840_30fps_130f_AuthenticAMD.out,27,8.6811509444026,7.1576337814331055
1151,veryfast,32,Neon1224_4k,1909810000000,505448000000,235440000000,15558496785,3862802325,3583853562,1570643,81108547,171190049,123748000000,11480650502,12683838209,1282633357,12.957,dis_filter,H:\valgrind_config_c\callgrind_veryfast_qp32_Neon1224_3840x2160_2997fps_1224x3840_30fps_130f_AuthenticAMD.out,32,8.461021491235357,7.163477897644043
1152,veryfast,37,Neon1224_4k,1791200000000,479442000000,223666000000,15204587627,3895533300,3588517611,1558717,80529699,169616302,114595000000,10201044444,12260737108,1280142398,13.1415,dis_filter,H:\valgrind_config_c\callgrind_veryfast_qp37_Neon1224_3840x2160_2997fps_1224x3840_30fps_130f_AuthenticAMD.out,37,8.413463207921167,7.158872604370117
1153,faster,22,NocturneDance_4k,3659280000000,979524000000,464325000000,27757431586,7729812989,6720198302,1797970,165111702,313614955,233149000000,21123100079,24609723786,2506612250,13.3742,dis_filter,H:\valgrind_config_c\callgrind_faster_qp22_NocturneDance_3840x2160p_8bit_60fps_3840x2160_60fps_130f_AuthenticAMD.out,22,12.464022595451064,13.231341361999512
1154,faster,27,NocturneDance_4k,3201350000000,867952000000,410648000000,25782873124,7364523211,6555351251,1764655,162951867,307083927,200776000000,16728570729,22584546847,2445971458,13.2943,dis_filter,H:\valgrind_config_c\callgrind_faster_qp27_NocturneDance_3840x2160p_8bit_60fps_3840x2160_60fps_130f_AuthenticAMD.out,27,12.067078132399844,13.198338508605957
1155,faster,32,NocturneDance_4k,2821870000000,771267000000,362358000000,23485078688,6920429191,6383075853,1754328,160187255,300731246,174899000000,13345353446,20695365680,2356640972,13.2215,dis_filter,H:\valgrind_config_c\callgrind_faster_qp32_NocturneDance_3840x2160p_8bit_60fps_3840x2160_60fps_130f_AuthenticAMD.out,32,12.109515704840776,13.199716567993164
1156,faster,37,NocturneDance_4k,2568500000000,705738000000,329168000000,21378010738,6577537448,6267501353,1785351,158259064,296767225,158289000000,11221368564,19391585326,2276335306,13.1773,dis_filter,H:\valgrind_config_c\callgrind_faster_qp37_NocturneDance_3840x2160p_8bit_60fps_3840x2160_60fps_130f_AuthenticAMD.out,37,12.63343026061572,13.13867473602295
1157,fast,22,NocturneDance_4k,3659280000000,979524000000,464325000000,27757708110,7759678237,6722226130,1778691,165067108,313932562,233149000000,21122541421,24609736113,2506606792,13.3742,dis_filter,H:\valgrind_config_c\callgrind_fast_qp22_NocturneDance_3840x2160p_8bit_60fps_3840x2160_60fps_130f_AuthenticAMD.out,22,12.356974125050636,13.224745750427246
1158,fast,27,NocturneDance_4k,3201350000000,867952000000,410648000000,25783250607,7378749033,6554925813,1791152,163008160,308151103,200776000000,16728122466,22584561349,2445979569,13.2943,dis_filter,H:\valgrind_config_c\callgrind_fast_qp27_NocturneDance_3840x2160p_8bit_60fps_3840x2160_60fps_130f_AuthenticAMD.out,27,12.178962318583816,13.199203491210938
1159,fast,32,NocturneDance_4k,2821870000000,771268000000,362358000000,23484670714,6913798314,6384283822,1758749,158429539,298335337,174899000000,13345693830,20695379231,2356615919,13.2215,dis_filter,H:\valgrind_config_c\callgrind_fast_qp32_NocturneDance_3840x2160p_8bit_60fps_3840x2160_60fps_130f_AuthenticAMD.out,32,12.113029304935084,13.199891090393066
1160,fast,37,NocturneDance_4k,2568500000000,705738000000,329169000000,21378227254,6641253864,6291650227,1770865,158052266,296592083,158289000000,11221776065,19391594287,2276345206,13.1773,dis_filter,H:\valgrind_config_c\callgrind_fast_qp37_NocturneDance_3840x2160p_8bit_60fps_3840x2160_60fps_130f_AuthenticAMD.out,37,12.565610446883328,13.109862327575684
1161,superfast,22,NocturneDance_4k,3549700000000,950691000000,449381000000,27701637125,10572639692,6443687192,1768179,159367642,274328841,223410000000,20964899010,24025608251,2446240948,13.3742,dis_filter,H:\valgrind_config_c\callgrind_superfast_qp22_NocturneDance_3840x2160p_8bit_60fps_3840x2160_60fps_130f_AuthenticAMD.out,22,12.117274517789719,12.978973388671875
1162,superfast,27,NocturneDance_4k,3113750000000,845027000000,398641000000,25751023984,10111245290,6261576251,1784999,157938655,271301833,192621000000,16663503380,22134805068,2390154520,13.2943,dis_filter,H:\valgrind_config_c\callgrind_superfast_qp27_NocturneDance_3840x2160p_8bit_60fps_3840x2160_60fps_130f_AuthenticAMD.out,27,12.146271509648011,13.220337867736816
1163,superfast,32,NocturneDance_4k,2756080000000,754382000000,353392000000,23482062977,9709991817,6107279173,1792529,156655414,267424786,168310000000,13344702375,20385491247,2306650316,13.2215,dis_filter,H:\valgrind_config_c\callgrind_superfast_qp32_NocturneDance_3840x2160p_8bit_60fps_3840x2160_60fps_130f_AuthenticAMD.out,32,12.517579650149282,13.29743766784668
1164,superfast,37,NocturneDance_4k,2519800000000,693493000000,322514000000,21401617977,9344377216,5961898374,1747338,155344001,265201046,152894000000,11255815821,19185560375,2231167643,13.1773,dis_filter,H:\valgrind_config_c\callgrind_superfast_qp37_NocturneDance_3840x2160p_8bit_60fps_3840x2160_60fps_130f_AuthenticAMD.out,37,12.794855405528986,13.099357604980469
1165,veryfast,22,NocturneDance_4k,3659280000000,979525000000,464325000000,27757402232,7747519311,6714058161,1811927,165520382,314037908,233149000000,21121956422,24609744521,2506594004,13.3742,dis_filter,H:\valgrind_config_c\callgrind_veryfast_qp22_NocturneDance_3840x2160p_8bit_60fps_3840x2160_60fps_130f_AuthenticAMD.out,22,12.53590807588875,13.235926628112793
1166,veryfast,27,NocturneDance_4k,3201350000000,867952000000,410648000000,25782965462,7364505003,6560388189,1811734,162720771,307207892,200776000000,16728235106,22584552118,2445976216,13.2943,dis_filter,H:\valgrind_config_c\callgrind_veryfast_qp27_NocturneDance_3840x2160p_8bit_60fps_3840x2160_60fps_130f_AuthenticAMD.out,27,12.296809886896407,13.201614379882812
1167,veryfast,32,NocturneDance_4k,2821870000000,771268000000,362358000000,23484881968,6896798388,6379820583,1755793,159008662,299264341,174899000000,13345431475,20695380827,2356619434,13.2215,dis_filter,H:\valgrind_config_c\callgrind_veryfast_qp32_NocturneDance_3840x2160p_8bit_60fps_3840x2160_60fps_130f_AuthenticAMD.out,32,12.101421110515071,13.202766418457031
1168,veryfast,37,NocturneDance_4k,2568500000000,705738000000,329169000000,21378126914,6593277233,6266571694,1802402,158218394,296074968,158289000000,11221526322,19391611571,2276334761,13.1773,dis_filter,H:\valgrind_config_c\callgrind_veryfast_qp37_NocturneDance_3840x2160p_8bit_60fps_3840x2160_60fps_130f_AuthenticAMD.out,37,12.72817977540013,13.13867473602295
1169,faster,22,OldTownCross_1080p50,1566810000000,392580000000,177425000000,7677712049,2154323381,1745753680,215583,28174276,79323185,111585000000,11571400765,8296189625,661740367,7.1316,dis_filter,H:\valgrind_config_c\callgrind_faster_qp22_OldTownCross_1920x1080p50_1920x1080_50fps_130f_AuthenticAMD.out,22,7.4950279869632,7.208852291107178
1170,faster,27,OldTownCross_1080p50,1225720000000,319167000000,148394000000,7319068897,2070556638,1709640859,213014,26717516,75305731,82362335269,7885942651,7315408150,659403828,7.1214,dis_filter,H:\valgrind_config_c\callgrind_faster_qp27_OldTownCross_1920x1080p50_1920x1080_50fps_130f_AuthenticAMD.out,27,6.6529514384376185,6.983697891235352
1171,faster,32,OldTownCross_1080p50,913218000000,245472000000,115571000000,6256271571,1889992369,1654801806,203303,26305023,73116836,60103269854,4973582922,6195083986,635607375,6.3166,dis_filter,H:\valgrind_config_c\callgrind_faster_qp32_OldTownCross_1920x1080p50_1920x1080_50fps_130f_AuthenticAMD.out,32,6.40801239706299,6.792761325836182
1172,faster,37,OldTownCross_1080p50,767585000000,209349000000,98500078559,5674722969,1705022618,1598321708,208059,26885160,72899348,49148058207,3718131429,5539441472,608525101,6.3815,dis_filter,H:\valgrind_config_c\callgrind_faster_qp37_OldTownCross_1920x1080p50_1920x1080_50fps_130f_AuthenticAMD.out,37,6.183317236658206,6.325770854949951
1173,fast,22,OldTownCross_1080p50,1566810000000,392580000000,177425000000,7677788030,2159896931,1745201420,236632,27963615,78867674,111585000000,11571083213,8296187761,661745386,7.1316,dis_filter,H:\valgrind_config_c\callgrind_fast_qp22_OldTownCross_1920x1080p50_1920x1080_50fps_130f_AuthenticAMD.out,22,7.581075611655715,7.2103352546691895
1174,fast,27,OldTownCross_1080p50,1225720000000,319167000000,148394000000,7319148369,2067029921,1711640614,209316,26865365,75537939,82362259939,7886588773,7315403089,659410024,7.1214,dis_filter,H:\valgrind_config_c\callgrind_fast_qp27_OldTownCross_1920x1080p50_1920x1080_50fps_130f_AuthenticAMD.out,27,6.628594336020677,6.982985973358154
1175,fast,32,OldTownCross_1080p50,913217000000,245472000000,115571000000,6256238522,1886132659,1654305126,229679,26294285,72834106,60103150797,4973346173,6195077161,635606666,6.3166,dis_filter,H:\valgrind_config_c\callgrind_fast_qp32_OldTownCross_1920x1080p50_1920x1080_50fps_130f_AuthenticAMD.out,32,6.490764053468875,6.790989875793457
1176,fast,37,OldTownCross_1080p50,767585000000,209349000000,98500068023,5674616923,1713950564,1601229497,219559,26747976,72656907,49148025307,3718067310,5539441704,608518838,6.3815,dis_filter,H:\valgrind_config_c\callgrind_fast_qp37_OldTownCross_1920x1080p50_1920x1080_50fps_130f_AuthenticAMD.out,37,6.234922636240707,6.321520805358887
1177,superfast,22,OldTownCross_1080p50,1497740000000,375142000000,169093000000,7656136039,2670775354,1820527182,217885,28679004,73213909,105735000000,11182922851,7959506446,640410257,7.1316,dis_filter,H:\valgrind_config_c\callgrind_superfast_qp22_OldTownCross_1920x1080p50_1920x1080_50fps_130f_AuthenticAMD.out,22,7.402862328466428,7.216673851013184
1178,superfast,27,OldTownCross_1080p50,1169410000000,304385000000,141057000000,7289980028,2622262140,1797818953,205721,27895234,70283980,77681111834,7637873757,7016208282,638208496,7.1214,dis_filter,H:\valgrind_config_c\callgrind_superfast_qp27_OldTownCross_1920x1080p50_1920x1080_50fps_130f_AuthenticAMD.out,27,6.522453727301882,6.916108131408691
1179,superfast,32,OldTownCross_1080p50,874523000000,235069000000,110295000000,6235379181,2364860891,1697938820,212055,26939279,67495754,56614637749,4836678297,5976108634,615837121,6.3166,dis_filter,H:\valgrind_config_c\callgrind_superfast_qp32_OldTownCross_1920x1080p50_1920x1080_50fps_130f_AuthenticAMD.out,32,6.369433149348319,6.532907009124756
1180,superfast,37,OldTownCross_1080p50,746840000000,203941000000,95705420652,5673789875,2179627493,1641277577,205923,26887072,67066557,47126788835,3689101521,5437052369,594832791,6.3815,dis_filter,H:\valgrind_config_c\callgrind_superfast_qp37_OldTownCross_1920x1080p50_1920x1080_50fps_130f_AuthenticAMD.out,37,6.244335748278745,6.326684474945068
1181,veryfast,22,OldTownCross_1080p50,1566810000000,392580000000,177425000000,7677863813,2139617819,1740884949,223538,28086481,79150975,111585000000,11571009435,8296189787,661746368,7.1316,dis_filter,H:\valgrind_config_c\callgrind_veryfast_qp22_OldTownCross_1920x1080p50_1920x1080_50fps_130f_AuthenticAMD.out,22,7.527659897556873,7.209280490875244
1182,veryfast,27,OldTownCross_1080p50,1225720000000,319167000000,148394000000,7319046062,2063409384,1709964084,224784,27097063,75482255,82362138594,7886977326,7315396050,659406079,7.1214,dis_filter,H:\valgrind_config_c\callgrind_veryfast_qp27_OldTownCross_1920x1080p50_1920x1080_50fps_130f_AuthenticAMD.out,27,6.647838247441361,6.9798054695129395
1183,veryfast,32,OldTownCross_1080p50,913218000000,245472000000,115571000000,6256363805,1890586092,1654512335,204693,26448919,73400315,60103417789,4973289878,6195093066,635606672,6.3166,dis_filter,H:\valgrind_config_c\callgrind_veryfast_qp32_OldTownCross_1920x1080p50_1920x1080_50fps_130f_AuthenticAMD.out,32,6.399289988900749,6.795049667358398
1184,veryfast,37,OldTownCross_1080p50,767585000000,209349000000,98499970742,5674621129,1716584871,1603189408,232782,25699192,71691202,49147936400,3718006941,5539434130,608518812,6.3815,dis_filter,H:\valgrind_config_c\callgrind_veryfast_qp37_OldTownCross_1920x1080p50_1920x1080_50fps_130f_AuthenticAMD.out,37,6.396360734746766,6.334497451782227
1185,faster,22,PedestrianArea_1080p25,1059340000000,279886000000,131096000000,6982953972,2001624531,1686438187,235100,26474414,74066239,69489212436,6524559675,6690225804,635128337,6.3747,dis_filter,H:\valgrind_config_c\callgrind_faster_qp22_PedestrianArea_1920x1080p25_1920x1080_25fps_130f_AuthenticAMD.out,22,6.6417267340387625,6.4260573387146
1186,faster,27,PedestrianArea_1080p25,835548000000,226580000000,107059000000,6423817859,1837573928,1623739193,217226,26970068,72971882,53255117233,4430957821,5843481316,619214937,6.3449,dis_filter,H:\valgrind_config_c\callgrind_faster_qp27_PedestrianArea_1920x1080p25_1920x1080_25fps_130f_AuthenticAMD.out,27,6.395352781739607,6.372097969055176
1187,faster,32,PedestrianArea_1080p25,725062000000,198816000000,93527762800,5858326825,1752555969,1598583863,232214,25621180,71430735,45597645575,3447859884,5332288302,600256426,6.359,dis_filter,H:\valgrind_config_c\callgrind_faster_qp32_PedestrianArea_1920x1080p25_1920x1080_25fps_130f_AuthenticAMD.out,32,6.53811843211721,6.356433868408203
1188,faster,37,PedestrianArea_1080p25,666552000000,183861000000,86043454222,5378418662,1645479346,1562094765,229312,26531047,72159378,41630298982,2941147761,5041901717,585574011,6.3598,dis_filter,H:\valgrind_config_c\callgrind_faster_qp37_PedestrianArea_1920x1080p25_1920x1080_25fps_130f_AuthenticAMD.out,37,6.376751459252839,6.339265823364258
1189,fast,22,PedestrianArea_1080p25,1059340000000,279886000000,131096000000,6983104284,2006169320,1683547137,216566,27207375,74958622,69489245341,6524410626,6690229050,635136069,6.3747,dis_filter,H:\valgrind_config_c\callgrind_fast_qp22_PedestrianArea_1920x1080p25_1920x1080_25fps_130f_AuthenticAMD.out,22,6.494794144764651,6.431797027587891
1190,fast,27,PedestrianArea_1080p25,835547000000,226580000000,107059000000,6423825510,1836242958,1625030848,224302,26564018,72896788,53254973380,4430817907,5843471446,619215808,6.3449,dis_filter,H:\valgrind_config_c\callgrind_fast_qp27_PedestrianArea_1920x1080p25_1920x1080_25fps_130f_AuthenticAMD.out,27,6.469970706856747,6.370631694793701
1191,fast,32,PedestrianArea_1080p25,725061000000,198816000000,93527674914,5858390109,1753113763,1600064850,231109,25825737,71487336,45597552078,3448481965,5332282715,600258445,6.359,dis_filter,H:\valgrind_config_c\callgrind_fast_qp32_PedestrianArea_1920x1080p25_1920x1080_25fps_130f_AuthenticAMD.out,32,6.512711391128292,6.357316017150879
1192,fast,37,PedestrianArea_1080p25,666552000000,183861000000,86043429183,5378304252,1650007437,1562027684,223157,26352129,71648784,41630281414,2940845361,5041900429,585574115,6.3598,dis_filter,H:\valgrind_config_c\callgrind_fast_qp37_PedestrianArea_1920x1080p25_1920x1080_25fps_130f_AuthenticAMD.out,37,6.366478293282297,6.340624809265137
1193,superfast,22,PedestrianArea_1080p25,1022400000000,270128000000,126142000000,6976670385,2453271744,1729381464,210017,27446257,68988918,66290657638,6409455857,6492825745,618482430,6.3747,dis_filter,H:\valgrind_config_c\callgrind_superfast_qp22_PedestrianArea_1920x1080p25_1920x1080_25fps_130f_AuthenticAMD.out,22,6.482942435455394,6.456563949584961
1194,superfast,27,PedestrianArea_1080p25,811948000000,220264000000,103752000000,6420078739,2299568035,1670327692,218890,26557112,66954134,51050475561,4398091642,5715603664,604662137,6.3449,dis_filter,H:\valgrind_config_c\callgrind_superfast_qp27_PedestrianArea_1920x1080p25_1920x1080_25fps_130f_AuthenticAMD.out,27,6.538448501979701,6.386765956878662
1195,superfast,32,PedestrianArea_1080p25,709241000000,194684000000,91318800445,5859966455,2162386110,1618859331,211159,26658226,66430143,43962428148,3447192547,5255249095,587803269,6.359,dis_filter,H:\valgrind_config_c\callgrind_superfast_qp32_PedestrianArea_1920x1080p25_1920x1080_25fps_130f_AuthenticAMD.out,32,6.453551758486173,6.360782146453857
1196,superfast,37,PedestrianArea_1080p25,654821000000,180881000000,84416132950,5385860816,2052708493,1576797221,214293,26884234,66193063,40291039454,2953956847,4991796919,574282520,6.3598,dis_filter,H:\valgrind_config_c\callgrind_superfast_qp37_PedestrianArea_1920x1080p25_1920x1080_25fps_130f_AuthenticAMD.out,37,6.3986037855195,6.349974155426025
1197,veryfast,22,PedestrianArea_1080p25,1059340000000,279886000000,131096000000,6983070851,2022696597,1688063463,223174,26523480,74174002,69489118009,6523401321,6690220094,635137420,6.3747,dis_filter,H:\valgrind_config_c\callgrind_veryfast_qp22_PedestrianArea_1920x1080p25_1920x1080_25fps_130f_AuthenticAMD.out,22,6.593755414641246,6.433316707611084
1198,veryfast,27,PedestrianArea_1080p25,835547000000,226580000000,107059000000,6423882351,1835828522,1622867219,227229,26880058,73370889,53255085768,4430574377,5843480049,619217343,6.3449,dis_filter,H:\valgrind_config_c\callgrind_veryfast_qp27_PedestrianArea_1920x1080p25_1920x1080_25fps_130f_AuthenticAMD.out,27,6.4486982547214655,6.37003231048584
1199,veryfast,32,PedestrianArea_1080p25,725062000000,198816000000,93527812935,5858404608,1753083309,1601543251,211902,26585964,72570152,45597707888,3448177213,5332291677,600256943,6.359,dis_filter,H:\valgrind_config_c\callgrind_veryfast_qp32_PedestrianArea_1920x1080p25_1920x1080_25fps_130f_AuthenticAMD.out,32,6.3690048860038715,6.377636432647705
1200,veryfast,37,PedestrianArea_1080p25,666551000000,183861000000,86043249318,5378189484,1650575438,1563420093,224128,26411881,71628496,41630118422,2940815071,5041887479,585572080,6.3598,dis_filter,H:\valgrind_config_c\callgrind_veryfast_qp37_PedestrianArea_1920x1080p25_1920x1080_25fps_130f_AuthenticAMD.out,37,6.364847905356568,6.340624809265137
1201,faster,22,PierSeaSide_4k,3840500000000,1023740000000,482161000000,26472134882,7537782821,6605275267,1752063,165131637,314167312,251235000000,22382965149,25311687877,2532992008,13.2578,dis_filter,H:\valgrind_config_c\callgrind_faster_qp22_PierSeaSide_3840x2160_2997fps_8bit_420_3840x2160_30fps_130f_AuthenticAMD.out,22,13.450602075484579,13.359369277954102
1202,faster,27,PierSeaSide_4k,3196320000000,868386000000,409621000000,23524496593,6959176529,6409257434,1794939,159836274,303086537,203864000000,16414450395,22661568755,2443705930,13.27,dis_filter,H:\valgrind_config_c\callgrind_faster_qp27_PierSeaSide_3840x2160_2997fps_8bit_420_3840x2160_30fps_130f_AuthenticAMD.out,27,13.419870077387426,13.132619857788086
1203,faster,32,PierSeaSide_4k,2805790000000,769203000000,360782000000,21733508409,6513380626,6268933888,1772392,158106650,297851559,176308000000,13118109918,20744056950,2349035479,13.3017,dis_filter,H:\valgrind_config_c\callgrind_faster_qp32_PierSeaSide_3840x2160_2997fps_8bit_420_3840x2160_30fps_130f_AuthenticAMD.out,32,13.294595549106722,13.207998275756836
1204,faster,37,PierSeaSide_4k,2553040000000,702894000000,327471000000,20370520573,6289617561,6196854571,1788735,157155817,295187952,158856000000,11177103670,19373836119,2263102786,13.1386,dis_filter,H:\valgrind_config_c\callgrind_faster_qp37_PierSeaSide_3840x2160_2997fps_8bit_420_3840x2160_30fps_130f_AuthenticAMD.out,37,13.342456225420882,13.111895561218262
1205,fast,22,PierSeaSide_4k,3840500000000,1023740000000,482161000000,26472562411,7554762376,6618896481,1774736,165663623,316361973,251235000000,22385737019,25311675968,2532988167,13.2578,dis_filter,H:\valgrind_config_c\callgrind_fast_qp22_PierSeaSide_3840x2160_2997fps_8bit_420_3840x2160_30fps_130f_AuthenticAMD.out,22,13.51031509322063,13.358362197875977
1206,fast,27,PierSeaSide_4k,3196320000000,868386000000,409621000000,23524417409,6948794457,6389814678,1769705,160328463,303204830,203863000000,16414474370,22661562609,2443709790,13.27,dis_filter,H:\valgrind_config_c\callgrind_fast_qp27_PierSeaSide_3840x2160_2997fps_8bit_420_3840x2160_30fps_130f_AuthenticAMD.out,27,13.261906584501634,13.132389068603516
1207,fast,32,PierSeaSide_4k,2805780000000,769203000000,360782000000,21733567116,6536396042,6272818874,1808535,158540133,298233785,176308000000,13118183161,20744051340,2349043348,13.3017,dis_filter,H:\valgrind_config_c\callgrind_fast_qp32_PierSeaSide_3840x2160_2997fps_8bit_420_3840x2160_30fps_130f_AuthenticAMD.out,32,13.364631362434523,13.207066535949707
1208,fast,37,PierSeaSide_4k,2553050000000,702894000000,327471000000,20370400322,6300407294,6203029829,1782994,155950728,292631167,158857000000,11177945506,19373852861,2263089098,13.1386,dis_filter,H:\valgrind_config_c\callgrind_fast_qp37_PierSeaSide_3840x2160_2997fps_8bit_420_3840x2160_30fps_130f_AuthenticAMD.out,37,13.431355233589253,13.131585121154785
1209,superfast,22,PierSeaSide_4k,3710310000000,988987000000,464456000000,26445556381,10376573080,6322268006,1821215,159742247,276214178,239351000000,21973055136,24591055520,2463326164,13.2578,dis_filter,H:\valgrind_config_c\callgrind_superfast_qp22_PierSeaSide_3840x2160_2997fps_8bit_420_3840x2160_30fps_130f_AuthenticAMD.out,22,13.686073145421819,13.221369743347168
1210,superfast,27,PierSeaSide_4k,3118390000000,847810000000,398900000000,23553868287,9715161742,6109588586,1810252,156622289,269368255,196235000000,16334443295,22260552424,2390271771,13.27,dis_filter,H:\valgrind_config_c\callgrind_superfast_qp27_PierSeaSide_3840x2160_2997fps_8bit_420_3840x2160_30fps_130f_AuthenticAMD.out,27,13.41599377337408,13.106128692626953
1211,superfast,32,PierSeaSide_4k,2746290000000,753835000000,352650000000,21766020282,9370791801,5995862561,1822558,155410343,266365065,170013000000,13109461483,20464887107,2301102546,13.3017,dis_filter,H:\valgrind_config_c\callgrind_superfast_qp32_PierSeaSide_3840x2160_2997fps_8bit_420_3840x2160_30fps_130f_AuthenticAMD.out,32,13.43121438856935,13.191486358642578
1212,superfast,37,PierSeaSide_4k,2511050000000,691955000000,321433000000,20423535821,9124514516,5906585268,1778722,154687535,264233796,153853000000,11217149369,19181555880,2218715490,13.1386,dis_filter,H:\valgrind_config_c\callgrind_superfast_qp37_PierSeaSide_3840x2160_2997fps_8bit_420_3840x2160_30fps_130f_AuthenticAMD.out,37,13.231019587847706,13.125872611999512
1213,veryfast,22,PierSeaSide_4k,3840500000000,1023740000000,482161000000,26472077195,7571054320,6619318378,1794040,164464499,313501816,251236000000,22385615059,25311706390,2532961227,13.2578,dis_filter,H:\valgrind_config_c\callgrind_veryfast_qp22_PierSeaSide_3840x2160_2997fps_8bit_420_3840x2160_30fps_130f_AuthenticAMD.out,22,13.669446717176513,13.37188720703125
1214,veryfast,27,PierSeaSide_4k,3196320000000,868386000000,409622000000,23524213616,6952546768,6389436089,1809333,159013925,301303556,203864000000,16413633146,22661574144,2443692019,13.27,dis_filter,H:\valgrind_config_c\callgrind_veryfast_qp27_PierSeaSide_3840x2160_2997fps_8bit_420_3840x2160_30fps_130f_AuthenticAMD.out,27,13.523418331611646,13.12901496887207
1215,veryfast,32,PierSeaSide_4k,2805790000000,769203000000,360782000000,21733263204,6539380077,6270451390,1794298,157530982,296600115,176308000000,13116760102,20744070296,2349031879,13.3017,dis_filter,H:\valgrind_config_c\callgrind_veryfast_qp32_PierSeaSide_3840x2160_2997fps_8bit_420_3840x2160_30fps_130f_AuthenticAMD.out,32,13.412467613623507,13.177382469177246
1216,veryfast,37,PierSeaSide_4k,2553040000000,702893000000,327471000000,20370662535,6286598116,6191893239,1791273,156968737,294820756,158856000000,11178247833,19373828180,2263109304,13.1386,dis_filter,H:\valgrind_config_c\callgrind_veryfast_qp37_PierSeaSide_3840x2160_2997fps_8bit_420_3840x2160_30fps_130f_AuthenticAMD.out,37,13.364853311805293,13.136567115783691
1217,faster,22,RitualDance_2k,816338000000,220122000000,103320000000,6118745121,1793864987,1605747174,225370,27063589,73578615,52637481626,4478827357,5683606612,602088129,6.3007,dis_filter,H:\valgrind_config_c\callgrind_faster_qp22_RitualDance_1920x1080_5994_8bit_420_1920x1080_60fps_130f_AuthenticAMD.out,22,6.446963366620586,6.386887550354004
1218,faster,27,RitualDance_2k,727218000000,198375000000,92955877563,5694289813,1673840243,1559815060,238084,25862377,71745942,46211264044,3651188366,5291699049,587287815,6.3314,dis_filter,H:\valgrind_config_c\callgrind_faster_qp27_RitualDance_1920x1080_5994_8bit_420_1920x1080_60fps_130f_AuthenticAMD.out,27,6.3910738441565496,6.354587554931641
1219,faster,32,RitualDance_2k,664952000000,182823000000,85358941402,5333384044,1615330067,1545992540,240708,25964855,71262020,41775270178,3090279921,4993206856,573635110,6.3146,dis_filter,H:\valgrind_config_c\callgrind_faster_qp32_RitualDance_1920x1080_5994_8bit_420_1920x1080_60fps_130f_AuthenticAMD.out,32,6.422709319515305,6.355975151062012
1220,faster,37,RitualDance_2k,618188000000,170786000000,79373687240,5022510753,1536474533,1520500988,216176,26585994,71980296,38535530106,2706630537,4752677895,559308065,6.3482,dis_filter,H:\valgrind_config_c\callgrind_faster_qp37_RitualDance_1920x1080_5994_8bit_420_1920x1080_60fps_130f_AuthenticAMD.out,37,6.466511103149308,6.354002952575684
1221,fast,22,RitualDance_2k,816336000000,220121000000,103320000000,6118656216,1790059938,1600461391,221939,26695928,73025499,52637271049,4478399126,5683592617,602081179,6.3007,dis_filter,H:\valgrind_config_c\callgrind_fast_qp22_RitualDance_1920x1080_5994_8bit_420_1920x1080_60fps_130f_AuthenticAMD.out,22,6.433331285953091,6.366755485534668
1222,fast,27,RitualDance_2k,727218000000,198375000000,92955937641,5694289836,1660246820,1557856668,232824,26418564,72346464,46211332058,3651347421,5291702745,587292081,6.3314,dis_filter,H:\valgrind_config_c\callgrind_fast_qp27_RitualDance_1920x1080_5994_8bit_420_1920x1080_60fps_130f_AuthenticAMD.out,27,6.409400368594938,6.3555803298950195
1223,fast,32,RitualDance_2k,664951000000,182823000000,85358768894,5333268490,1624159779,1549965706,233314,25174458,70887370,41775101442,3090792367,4993194699,573635097,6.3146,dis_filter,H:\valgrind_config_c\callgrind_fast_qp32_RitualDance_1920x1080_5994_8bit_420_1920x1080_60fps_130f_AuthenticAMD.out,32,6.402803720321161,6.372350692749023
1224,fast,37,RitualDance_2k,618188000000,170786000000,79373647456,5022426608,1545898351,1523563109,210053,26504460,71846442,38535498130,2706871019,4752675632,559305067,6.3482,dis_filter,H:\valgrind_config_c\callgrind_fast_qp37_RitualDance_1920x1080_5994_8bit_420_1920x1080_60fps_130f_AuthenticAMD.out,37,6.4732428679761815,6.370578765869141
1225,superfast,22,RitualDance_2k,792452000000,213717000000,99949446495,6117632781,2172290640,1609826231,231811,26904622,67212323,50347202832,4430249102,5550772937,586933893,6.3007,dis_filter,H:\valgrind_config_c\callgrind_superfast_qp22_RitualDance_1920x1080_5994_8bit_420_1920x1080_60fps_130f_AuthenticAMD.out,22,6.484057230337653,6.336154937744141
1226,superfast,27,RitualDance_2k,709901000000,193795000000,90498615902,5699927244,2065025116,1573077224,216927,27093781,67123748,44421653191,3632532373,5201556828,574132832,6.3314,dis_filter,H:\valgrind_config_c\callgrind_superfast_qp27_RitualDance_1920x1080_5994_8bit_420_1920x1080_60fps_130f_AuthenticAMD.out,27,6.507353862545807,6.36768913269043
1227,superfast,32,RitualDance_2k,652003000000,179482000000,83523938679,5343210900,1982379277,1541357465,212215,27277814,66782298,40318079532,3090868568,4932887386,561868988,6.3146,dis_filter,H:\valgrind_config_c\callgrind_superfast_qp32_RitualDance_1920x1080_5994_8bit_420_1920x1080_60fps_130f_AuthenticAMD.out,32,6.52613720819507,6.349932670593262
1228,superfast,37,RitualDance_2k,608087000000,168228000000,77923638457,5034784895,1892046780,1507752235,213603,26979646,66189329,37297976830,2716197197,4710168040,548387947,6.3482,dis_filter,H:\valgrind_config_c\callgrind_superfast_qp37_RitualDance_1920x1080_5994_8bit_420_1920x1080_60fps_130f_AuthenticAMD.out,37,6.517331028045496,6.290238380432129
1229,veryfast,22,RitualDance_2k,816335000000,220121000000,103319000000,6118531679,1794608500,1603374535,223775,26645418,73302183,52637161934,4477848911,5683585690,602079074,6.3007,dis_filter,H:\valgrind_config_c\callgrind_veryfast_qp22_RitualDance_1920x1080_5994_8bit_420_1920x1080_60fps_130f_AuthenticAMD.out,22,6.431046871046754,6.366511344909668
1230,veryfast,27,RitualDance_2k,727218000000,198375000000,92955911402,5694275579,1654448613,1551690156,244670,25843747,71646652,46211308569,3651359312,5291700444,587287189,6.3314,dis_filter,H:\valgrind_config_c\callgrind_veryfast_qp27_RitualDance_1920x1080_5994_8bit_420_1920x1080_60fps_130f_AuthenticAMD.out,27,6.37504173808284,6.354744911193848
1231,veryfast,32,RitualDance_2k,664953000000,182823000000,85358978518,5333387648,1617929432,1549728460,233968,26161344,71434636,41775335472,3090499149,4993208175,573639527,6.3146,dis_filter,H:\valgrind_config_c\callgrind_veryfast_qp32_RitualDance_1920x1080_5994_8bit_420_1920x1080_60fps_130f_AuthenticAMD.out,32,6.438791306088731,6.355796813964844
1232,veryfast,37,RitualDance_2k,618188000000,170786000000,79373573044,5022452778,1552310984,1526982426,226553,25878727,70875145,38535414989,2707688938,4752670291,559308863,6.3482,dis_filter,H:\valgrind_config_c\callgrind_veryfast_qp37_RitualDance_1920x1080_5994_8bit_420_1920x1080_60fps_130f_AuthenticAMD.out,37,6.446750469554072,6.344215393066406
1233,faster,22,Riverbed_1080p25,1212260000000,315764000000,147854000000,7492909439,2100090502,1730628210,219407,28118390,77006535,80218907794,7956141688,7334317067,651303890,6.4294,dis_filter,H:\valgrind_config_c\callgrind_faster_qp22_Riverbed_1920x1080p25_1920x1080_25fps_130f_AuthenticAMD.out,22,6.800293995937091,7.101713180541992
1234,faster,27,Riverbed_1080p25,991382000000,265707000000,126616000000,7145155706,1984129956,1682404174,225518,27068425,74550390,63454005347,5701131556,6616236132,647658099,6.4041,dis_filter,H:\valgrind_config_c\callgrind_faster_qp27_Riverbed_1920x1080p25_1920x1080_25fps_130f_AuthenticAMD.out,27,6.81418446815967,6.401663303375244
1235,faster,32,Riverbed_1080p25,851053000000,231577000000,110305000000,6709295289,1938562840,1667971359,210805,26623969,73290097,53748067949,4367140276,6025270818,634306603,6.3958,dis_filter,H:\valgrind_config_c\callgrind_faster_qp32_Riverbed_1920x1080p25_1920x1080_25fps_130f_AuthenticAMD.out,32,6.68064776375655,6.469315528869629
1236,faster,37,Riverbed_1080p25,765195000000,209831000000,99438087978,6273016745,1830938839,1636264418,211049,26265296,72433228,48016806483,3606267767,5604240931,618912010,6.362,dis_filter,H:\valgrind_config_c\callgrind_faster_qp37_Riverbed_1920x1080p25_1920x1080_25fps_130f_AuthenticAMD.out,37,6.602173295308919,6.355667591094971
1237,fast,22,Riverbed_1080p25,1212260000000,315764000000,147854000000,7493156716,2101518353,1731113871,220565,27119671,76253149,80218866724,7956204736,7334315454,651309839,6.4294,dis_filter,H:\valgrind_config_c\callgrind_fast_qp22_Riverbed_1920x1080p25_1920x1080_25fps_130f_AuthenticAMD.out,22,6.781911906107773,7.044488906860352
1238,fast,27,Riverbed_1080p25,991382000000,265707000000,126616000000,7145227132,1993300233,1683316759,218852,26505427,73926056,63453933864,5700922483,6616232304,647659417,6.4041,dis_filter,H:\valgrind_config_c\callgrind_fast_qp27_Riverbed_1920x1080p25_1920x1080_25fps_130f_AuthenticAMD.out,27,6.770623172113877,6.405753135681152
1239,fast,32,Riverbed_1080p25,851053000000,231577000000,110305000000,6709254286,1928448760,1666694877,216713,26969504,73705178,53748106901,4366976258,6025273697,634309739,6.3958,dis_filter,H:\valgrind_config_c\callgrind_fast_qp32_Riverbed_1920x1080p25_1920x1080_25fps_130f_AuthenticAMD.out,32,6.71623156501747,6.462181568145752
1240,fast,37,Riverbed_1080p25,765196000000,209831000000,99438247550,6272999871,1826383970,1633675118,220974,26611525,72930559,48016966738,3606304408,5604251533,618911273,6.362,dis_filter,H:\valgrind_config_c\callgrind_fast_qp37_Riverbed_1920x1080p25_1920x1080_25fps_130f_AuthenticAMD.out,37,6.654269190122525,6.353501319885254
1241,superfast,22,Riverbed_1080p25,1166690000000,303970000000,141965000000,7481636237,2604172044,1797853309,222368,28179747,70539179,76391583695,7778229086,7097832745,633671405,6.4294,dis_filter,H:\valgrind_config_c\callgrind_superfast_qp22_Riverbed_1920x1080p25_1920x1080_25fps_130f_AuthenticAMD.out,22,6.825332033251742,7.024746417999268
1242,superfast,27,Riverbed_1080p25,953628000000,255574000000,121374000000,7131820602,2499059336,1758365988,207183,27159604,68401638,60268621746,5607353482,6400793491,629766224,6.4041,dis_filter,H:\valgrind_config_c\callgrind_superfast_qp27_Riverbed_1920x1080p25_1920x1080_25fps_130f_AuthenticAMD.out,27,6.7331114566773795,6.492711067199707
1243,superfast,32,Riverbed_1080p25,819496000000,222999000000,105818000000,6695127356,2408555887,1717394494,205978,27265633,67705470,50989946696,4312073724,5841345748,616736180,6.3958,dis_filter,H:\valgrind_config_c\callgrind_superfast_qp32_Riverbed_1920x1080p25_1920x1080_25fps_130f_AuthenticAMD.out,32,6.715260002643035,6.8445210456848145
1244,superfast,37,Riverbed_1080p25,739135000000,202767000000,95728025184,6259499824,2279362210,1675782091,207282,27251047,67299419,45636451998,3569533275,5455532241,602399103,6.362,dis_filter,H:\valgrind_config_c\callgrind_superfast_qp37_Riverbed_1920x1080p25_1920x1080_25fps_130f_AuthenticAMD.out,37,6.7042914786080665,6.352643966674805
1245,veryfast,22,Riverbed_1080p25,1212260000000,315765000000,147854000000,7493152156,2102219371,1730895847,216142,27620582,76805674,80218971375,7956848129,7334320668,651313060,6.4294,dis_filter,H:\valgrind_config_c\callgrind_veryfast_qp22_Riverbed_1920x1080p25_1920x1080_25fps_130f_AuthenticAMD.out,22,6.767031818306485,7.1008477210998535
1246,veryfast,27,Riverbed_1080p25,991382000000,265707000000,126616000000,7145360909,1975856584,1681376809,217023,27241730,74962993,63454010303,5701209225,6616237246,647663155,6.4041,dis_filter,H:\valgrind_config_c\callgrind_veryfast_qp27_Riverbed_1920x1080p25_1920x1080_25fps_130f_AuthenticAMD.out,27,6.770190833298473,6.43405818939209
1247,veryfast,32,Riverbed_1080p25,851053000000,231577000000,110305000000,6709322832,1932254358,1668868864,219480,26432863,73435171,53748053831,4366891371,6025269524,634304791,6.3958,dis_filter,H:\valgrind_config_c\callgrind_veryfast_qp32_Riverbed_1920x1080p25_1920x1080_25fps_130f_AuthenticAMD.out,32,6.715926130721412,6.453951835632324
1248,veryfast,37,Riverbed_1080p25,765196000000,209831000000,99438197635,6272939344,1843151932,1639196692,227613,26359952,72459528,48016919246,3606226912,5604247469,618916772,6.362,dis_filter,H:\valgrind_config_c\callgrind_veryfast_qp37_Riverbed_1920x1080p25_1920x1080_25fps_130f_AuthenticAMD.out,37,6.689192855993134,6.354616165161133
1249,faster,22,RushFieldCuts_2k,1210520000000,311747000000,145339000000,7311874299,2040738206,1698047269,212275,26865778,76557964,81307099725,8027189952,7273437264,648741005,7.0231,dis_filter,H:\valgrind_config_c\callgrind_faster_qp22_RushFieldCuts_1920x1080_2997_1920x1080_30fps_130f_AuthenticAMD.out,22,6.959562820246907,7.0613694190979
1250,faster,27,RushFieldCuts_2k,1063120000000,279182000000,131118000000,7081431354,1961367253,1670196508,212258,26975856,75568154,69896208216,6623526089,6735709163,638898398,7.0206,dis_filter,H:\valgrind_config_c\callgrind_faster_qp27_RushFieldCuts_1920x1080_2997_1920x1080_30fps_130f_AuthenticAMD.out,27,6.6569880943299005,7.025668621063232
1251,faster,32,RushFieldCuts_2k,913359000000,243956000000,114957000000,6685114679,1922132299,1662072146,216844,26504054,73531506,58795109303,5221493864,6130604324,624073456,7.0422,dis_filter,H:\valgrind_config_c\callgrind_faster_qp32_RushFieldCuts_1920x1080_2997_1920x1080_30fps_130f_AuthenticAMD.out,32,6.557792700669252,6.435521602630615
1252,faster,37,RushFieldCuts_2k,801255000000,216859000000,102194000000,6226531132,1803788858,1628589441,202909,26537003,72947229,50728552469,4169632654,5650256155,607579394,6.3248,dis_filter,H:\valgrind_config_c\callgrind_faster_qp37_RushFieldCuts_1920x1080_2997_1920x1080_30fps_130f_AuthenticAMD.out,37,6.42311434216988,6.332414150238037
1253,fast,22,RushFieldCuts_2k,1210520000000,311747000000,145339000000,7311785140,2039972049,1698099347,214444,27377252,76963331,81307034237,8027360492,7273434914,648740815,7.0231,dis_filter,H:\valgrind_config_c\callgrind_fast_qp22_RushFieldCuts_1920x1080_2997_1920x1080_30fps_130f_AuthenticAMD.out,22,6.914572430598373,7.061298370361328
1254,fast,27,RushFieldCuts_2k,1063120000000,279181000000,131118000000,7081273395,1955526629,1670554777,213612,26852218,74961442,69896057038,6623589799,6735698984,638891203,7.0206,dis_filter,H:\valgrind_config_c\callgrind_fast_qp27_RushFieldCuts_1920x1080_2997_1920x1080_30fps_130f_AuthenticAMD.out,27,6.6685383988711,7.030866622924805
1255,fast,32,RushFieldCuts_2k,913359000000,243955000000,114956000000,6684990790,1913665572,1662939350,216750,26835845,74016115,58795040975,5221628278,6130601545,624068239,7.0422,dis_filter,H:\valgrind_config_c\callgrind_fast_qp32_RushFieldCuts_1920x1080_2997_1920x1080_30fps_130f_AuthenticAMD.out,32,6.527686445659201,6.4339599609375
1256,fast,37,RushFieldCuts_2k,801255000000,216859000000,102194000000,6226656730,1801429848,1627384419,217484,25586220,72042409,50728519162,4169465082,5650254410,607584328,6.3248,dis_filter,H:\valgrind_config_c\callgrind_fast_qp37_RushFieldCuts_1920x1080_2997_1920x1080_30fps_130f_AuthenticAMD.out,37,6.57425711256581,6.333286285400391
1257,superfast,22,RushFieldCuts_2k,1163490000000,299719000000,139399000000,7294071222,2520861953,1752681939,214995,27460680,70664804,77306341222,7858951764,7031798871,630709692,7.0231,dis_filter,H:\valgrind_config_c\callgrind_superfast_qp22_RushFieldCuts_1920x1080_2997_1920x1080_30fps_130f_AuthenticAMD.out,22,6.8915167262895025,6.974461555480957
1258,superfast,27,RushFieldCuts_2k,1023940000000,268997000000,125995000000,7064312459,2460533337,1733022116,201890,27414425,69900509,66521746989,6511628893,6528375072,621781500,7.0206,dis_filter,H:\valgrind_config_c\callgrind_superfast_qp27_RushFieldCuts_1920x1080_2997_1920x1080_30fps_130f_AuthenticAMD.out,27,6.600657985180687,6.428867340087891
1259,superfast,32,RushFieldCuts_2k,883430000000,236176000000,110982000000,6671861883,2384234403,1702093194,197677,27454595,68678796,56128032310,5160710994,5975629174,608870838,7.0422,dis_filter,H:\valgrind_config_c\callgrind_superfast_qp32_RushFieldCuts_1920x1080_2997_1920x1080_30fps_130f_AuthenticAMD.out,32,6.44167834777153,6.403885364532471
1260,superfast,37,RushFieldCuts_2k,778539000000,210993000000,99147147321,6218887421,2237294669,1653724088,197121,26876021,67713557,48604157410,4144298717,5537557427,594009963,6.3248,dis_filter,H:\valgrind_config_c\callgrind_superfast_qp37_RushFieldCuts_1920x1080_2997_1920x1080_30fps_130f_AuthenticAMD.out,37,6.444325038689971,6.348451137542725
1261,veryfast,22,RushFieldCuts_2k,1210520000000,311747000000,145339000000,7311723367,2042037444,1699502200,235701,26378642,75659284,81306936058,8026621888,7273427826,648734823,7.0231,dis_filter,H:\valgrind_config_c\callgrind_veryfast_qp22_RushFieldCuts_1920x1080_2997_1920x1080_30fps_130f_AuthenticAMD.out,22,7.0949403606837205,7.068120002746582
1262,veryfast,27,RushFieldCuts_2k,1063120000000,279182000000,131118000000,7081324417,1964649563,1668157557,217567,26752042,75182232,69896099660,6623586354,6735701687,638898448,7.0206,dis_filter,H:\valgrind_config_c\callgrind_veryfast_qp27_RushFieldCuts_1920x1080_2997_1920x1080_30fps_130f_AuthenticAMD.out,27,6.694703878731419,7.028012752532959
1263,veryfast,32,RushFieldCuts_2k,913359000000,243955000000,114956000000,6685089352,1909316683,1662500390,212655,26709515,74281816,58795020038,5221592318,6130598009,624072414,7.0422,dis_filter,H:\valgrind_config_c\callgrind_veryfast_qp32_RushFieldCuts_1920x1080_2997_1920x1080_30fps_130f_AuthenticAMD.out,32,6.529837389577702,6.432610988616943
1264,veryfast,37,RushFieldCuts_2k,801255000000,216859000000,102194000000,6226511548,1799363868,1626412392,210428,26408550,72858050,50728471361,4169452084,5650250999,607578334,6.3248,dis_filter,H:\valgrind_config_c\callgrind_veryfast_qp37_RushFieldCuts_1920x1080_2997_1920x1080_30fps_130f_AuthenticAMD.out,37,6.462765016119638,6.333427429199219
1281,faster,22,Tango_4k,4677550000000,1228510000000,572449000000,28649089826,8267711727,6915949635,1800452,170350418,324869571,311660000000,28934701749,28475498123,2624158741,14.0446,dis_filter,H:\valgrind_config_c\callgrind_faster_qp22_Tango_3840x2160_5994fps_8bit_420_3840x2160_60fps_130f_AuthenticAMD.out,22,12.184480252873946,13.531167984008789
1282,faster,27,Tango_4k,3538370000000,962766000000,457341000000,26096245122,7812901709,6686360595,1778303,166502753,313446333,228819000000,18118248283,24694943050,2591453873,13.3681,dis_filter,H:\valgrind_config_c\callgrind_faster_qp27_Tango_3840x2160_5994fps_8bit_420_3840x2160_60fps_130f_AuthenticAMD.out,27,12.833029934696818,12.975763320922852
1283,faster,32,Tango_4k,2953190000000,814003000000,384817000000,22613091966,6924547295,6374922941,1826370,160632199,302224350,189155000000,13349367918,22000554781,2480416039,13.2135,dis_filter,H:\valgrind_config_c\callgrind_faster_qp32_Tango_3840x2160_5994fps_8bit_420_3840x2160_60fps_130f_AuthenticAMD.out,32,13.282892521395837,13.108570098876953
1284,faster,37,Tango_4k,2687970000000,743202000000,348484000000,20556959908,6546800964,6260203325,1814876,158173194,296043949,169603000000,11372481884,20454124405,2380614744,13.1884,dis_filter,H:\valgrind_config_c\callgrind_faster_qp37_Tango_3840x2160_5994fps_8bit_420_3840x2160_60fps_130f_AuthenticAMD.out,37,13.068923105507604,12.982157707214355
1285,fast,22,Tango_4k,4677550000000,1228520000000,572449000000,28649481249,8370913917,6934608869,1769835,169717190,324937405,311660000000,28934870791,28475516676,2624172277,14.0446,dis_filter,H:\valgrind_config_c\callgrind_fast_qp22_Tango_3840x2160_5994fps_8bit_420_3840x2160_60fps_130f_AuthenticAMD.out,22,12.16044797129647,13.529837608337402
1286,fast,27,Tango_4k,3538380000000,962767000000,457342000000,26095996639,7804375068,6680710665,1825359,164493877,310287042,228820000000,18116621800,24694980414,2591432171,13.3681,dis_filter,H:\valgrind_config_c\callgrind_fast_qp27_Tango_3840x2160_5994fps_8bit_420_3840x2160_60fps_130f_AuthenticAMD.out,27,13.202651028761153,12.979644775390625
1287,fast,32,Tango_4k,2953190000000,814002000000,384817000000,22613185721,6903643501,6364010784,1838978,160991634,302240471,189155000000,13349230724,22000553282,2480418757,13.2135,dis_filter,H:\valgrind_config_c\callgrind_fast_qp32_Tango_3840x2160_5994fps_8bit_420_3840x2160_60fps_130f_AuthenticAMD.out,32,13.276414129941056,13.032382011413574
1288,fast,37,Tango_4k,2687970000000,743202000000,348484000000,20557172365,6532996103,6255506940,1783942,158989275,296706689,169603000000,11372869443,20454129091,2380621933,13.1884,dis_filter,H:\valgrind_config_c\callgrind_fast_qp37_Tango_3840x2160_5994fps_8bit_420_3840x2160_60fps_130f_AuthenticAMD.out,37,12.853601896380663,12.982257843017578
1289,superfast,22,Tango_4k,4453180000000,1169300000000,543007000000,28556251515,11020927670,6605606793,1780012,161626881,280320567,293161000000,27962683897,27281645802,2541910194,14.0446,dis_filter,H:\valgrind_config_c\callgrind_superfast_qp22_Tango_3840x2160_5994fps_8bit_420_3840x2160_60fps_130f_AuthenticAMD.out,22,12.108905400872548,13.688704490661621
1290,superfast,27,Tango_4k,3381740000000,919339000000,434942000000,25982239445,10399311433,6351199502,1766287,157999309,271144995,215416000000,17650217839,23747917613,2508759457,13.3681,dis_filter,H:\valgrind_config_c\callgrind_superfast_qp27_Tango_3840x2160_5994fps_8bit_420_3840x2160_60fps_130f_AuthenticAMD.out,27,12.911425664716354,13.006718635559082
1291,superfast,32,Tango_4k,2871460000000,791573000000,373109000000,22569115873,9713699855,6086818802,1790171,157059744,268008596,181441000000,13222569944,21543994958,2420505561,13.2135,dis_filter,H:\valgrind_config_c\callgrind_superfast_qp32_Tango_3840x2160_5994fps_8bit_420_3840x2160_60fps_130f_AuthenticAMD.out,32,13.206526349707637,13.139674186706543
1292,superfast,37,Tango_4k,2645100000000,732281000000,342644000000,20577099259,9289098347,5926474700,1771696,155459441,265159410,164779000000,11436981625,20282595572,2337143511,13.1884,dis_filter,H:\valgrind_config_c\callgrind_superfast_qp37_Tango_3840x2160_5994fps_8bit_420_3840x2160_60fps_130f_AuthenticAMD.out,37,13.044031823637223,12.92599868774414
1293,veryfast,22,Tango_4k,4677550000000,1228520000000,572449000000,28649399680,8259952688,6925304418,1795542,169567293,324411654,311660000000,28934565584,28475517158,2624161430,14.0446,dis_filter,H:\valgrind_config_c\callgrind_veryfast_qp22_Tango_3840x2160_5994fps_8bit_420_3840x2160_60fps_130f_AuthenticAMD.out,22,12.264822032176632,13.531167984008789
1294,veryfast,27,Tango_4k,3538380000000,962766000000,457341000000,26096146679,7748681841,6681853888,1785943,166023275,311908736,228820000000,18117907646,24694964844,2591446742,13.3681,dis_filter,H:\valgrind_config_c\callgrind_veryfast_qp27_Tango_3840x2160_5994fps_8bit_420_3840x2160_60fps_130f_AuthenticAMD.out,27,12.892093084723484,12.980536460876465
1295,veryfast,32,Tango_4k,2953190000000,814002000000,384817000000,22612669945,6920241176,6365405721,1817707,160168719,300731605,189155000000,13348332098,22000552842,2480408855,13.2135,dis_filter,H:\valgrind_config_c\callgrind_veryfast_qp32_Tango_3840x2160_5994fps_8bit_420_3840x2160_60fps_130f_AuthenticAMD.out,32,13.267910039900826,13.109350204467773
1296,veryfast,37,Tango_4k,2687960000000,743202000000,348484000000,20557110743,6488748971,6233553859,1822606,158822141,297037440,169603000000,11372792244,20454119887,2380623111,13.1884,dis_filter,H:\valgrind_config_c\callgrind_veryfast_qp37_Tango_3840x2160_5994fps_8bit_420_3840x2160_60fps_130f_AuthenticAMD.out,37,13.007911285964305,12.9713773727417
1297,faster,22,TimeLapse_4k,3918800000000,1039030000000,487224000000,26879263134,7627169945,6655216732,1784467,164477560,315554439,255706000000,23435915541,25430567873,2512670275,8.4907,dis_filter,H:\valgrind_config_c\callgrind_faster_qp22_TimeLapse_3840x2160_5994fps_8bit_420_3840x2160_60fps_130f_AuthenticAMD.out,22,14.150508482169812,13.37188720703125
1298,faster,27,TimeLapse_4k,3328560000000,899827000000,424444000000,25142362582,7265276989,6497527710,1814554,160544044,305682460,211813000000,17709213194,23188553501,2454317133,13.0925,dis_filter,H:\valgrind_config_c\callgrind_faster_qp27_TimeLapse_3840x2160_5994fps_8bit_420_3840x2160_60fps_130f_AuthenticAMD.out,27,13.852044977538972,13.118563652038574
1299,faster,32,TimeLapse_4k,2926500000000,799851000000,376101000000,23469054132,6863046046,6351623882,1779770,158494705,299947461,183573000000,14121583496,21346646131,2379805069,13.1057,dis_filter,H:\valgrind_config_c\callgrind_faster_qp32_TimeLapse_3840x2160_5994fps_8bit_420_3840x2160_60fps_130f_AuthenticAMD.out,32,13.625924457450571,13.235424995422363
1300,faster,37,TimeLapse_4k,2666130000000,733341000000,343004000000,21872598880,6672570661,6286699364,1773691,156218091,294474445,165937000000,11939169447,20039805491,2314502872,13.1057,dis_filter,H:\valgrind_config_c\callgrind_faster_qp37_TimeLapse_3840x2160_5994fps_8bit_420_3840x2160_60fps_130f_AuthenticAMD.out,37,13.61269123275708,13.079872131347656
1301,fast,22,TimeLapse_4k,3918800000000,1039030000000,487224000000,26879144733,7691858872,6658614324,1774872,163490456,314384893,255706000000,23435519378,25430572278,2512671662,8.4907,dis_filter,H:\valgrind_config_c\callgrind_fast_qp22_TimeLapse_3840x2160_5994fps_8bit_420_3840x2160_60fps_130f_AuthenticAMD.out,22,14.21536364571871,13.357641220092773
1302,fast,27,TimeLapse_4k,3328560000000,899827000000,424443000000,25142157132,7286967553,6497761449,1780857,161170594,305909424,211813000000,17708529023,23188532007,2454334938,13.0925,dis_filter,H:\valgrind_config_c\callgrind_fast_qp27_TimeLapse_3840x2160_5994fps_8bit_420_3840x2160_60fps_130f_AuthenticAMD.out,27,13.660193334137118,13.115920066833496
1303,fast,32,TimeLapse_4k,2926510000000,799851000000,376101000000,23469125219,6860838918,6361122603,1825108,158521964,299767350,183574000000,14121165456,21346663010,2379809660,13.1057,dis_filter,H:\valgrind_config_c\callgrind_fast_qp32_TimeLapse_3840x2160_5994fps_8bit_420_3840x2160_60fps_130f_AuthenticAMD.out,32,13.775454216206722,13.216597557067871
1304,fast,37,TimeLapse_4k,2666130000000,733341000000,343003000000,21872750279,6642821436,6278053319,1761447,157392689,295676090,165937000000,11938624217,20039786416,2314507043,13.1057,dis_filter,H:\valgrind_config_c\callgrind_fast_qp37_TimeLapse_3840x2160_5994fps_8bit_420_3840x2160_60fps_130f_AuthenticAMD.out,37,13.442197621236977,13.02294921875
1305,superfast,22,TimeLapse_4k,3783060000000,1003460000000,469231000000,26860628578,10455029784,6361961143,1812411,158390416,276158570,243709000000,23027617992,24711914668,2447118687,8.4907,dis_filter,H:\valgrind_config_c\callgrind_superfast_qp22_TimeLapse_3840x2160_5994fps_8bit_420_3840x2160_60fps_130f_AuthenticAMD.out,22,14.359102358733853,13.232219696044922
1306,superfast,27,TimeLapse_4k,3228100000000,873218000000,410618000000,25145449627,10019350135,6203652035,1774163,157220073,271543028,202599000000,17532831382,22650437565,2395720440,13.0925,dis_filter,H:\valgrind_config_c\callgrind_superfast_qp27_TimeLapse_3840x2160_5994fps_8bit_420_3840x2160_60fps_130f_AuthenticAMD.out,27,13.672233642582983,13.064898490905762
1307,superfast,32,TimeLapse_4k,2850890000000,779901000000,365555000000,23487561822,9690990711,6094056995,1760015,155573221,266898203,176161000000,14063874234,20954975300,2326342686,13.1057,dis_filter,H:\valgrind_config_c\callgrind_superfast_qp32_TimeLapse_3840x2160_5994fps_8bit_420_3840x2160_60fps_130f_AuthenticAMD.out,32,13.540559713606447,13.237293243408203
1308,superfast,37,TimeLapse_4k,2607180000000,717936000000,334718000000,21897022726,9431706131,5982752439,1783515,155499471,265986555,159714000000,11931533477,19751145701,2264876250,13.1057,dis_filter,H:\valgrind_config_c\callgrind_superfast_qp37_TimeLapse_3840x2160_5994fps_8bit_420_3840x2160_60fps_130f_AuthenticAMD.out,37,13.425543120421244,13.02558708190918
1309,veryfast,22,TimeLapse_4k,3918800000000,1039030000000,487224000000,26878718546,7669776660,6669648225,1751110,162968452,313064735,255706000000,23434508715,25430574952,2512641969,8.4907,dis_filter,H:\valgrind_config_c\callgrind_veryfast_qp22_TimeLapse_3840x2160_5994fps_8bit_420_3840x2160_60fps_130f_AuthenticAMD.out,22,14.189252316964183,13.357580184936523
1310,veryfast,27,TimeLapse_4k,3328560000000,899827000000,424444000000,25142304544,7330906340,6504525105,1782825,160947209,305878027,211813000000,17708512999,23188548531,2454323596,13.0925,dis_filter,H:\valgrind_config_c\callgrind_veryfast_qp27_TimeLapse_3840x2160_5994fps_8bit_420_3840x2160_60fps_130f_AuthenticAMD.out,27,13.693076478623226,13.115920066833496
1311,veryfast,32,TimeLapse_4k,2926510000000,799851000000,376101000000,23469019088,6881749745,6351171806,1737162,158233372,299116170,183574000000,14121294190,21346652247,2379797739,13.1057,dis_filter,H:\valgrind_config_c\callgrind_veryfast_qp32_TimeLapse_3840x2160_5994fps_8bit_420_3840x2160_60fps_130f_AuthenticAMD.out,32,13.498712904139136,13.196296691894531
1312,veryfast,37,TimeLapse_4k,2666130000000,733341000000,343003000000,21872741535,6664297107,6282454791,1788310,158127599,297174547,165937000000,11937718709,20039779519,2314519041,13.1057,dis_filter,H:\valgrind_config_c\callgrind_veryfast_qp37_TimeLapse_3840x2160_5994fps_8bit_420_3840x2160_60fps_130f_AuthenticAMD.out,37,13.465123572218658,13.138071060180664
1313,faster,22,ToddlerFountain_2k,1311660000000,333115000000,153047000000,7364903779,2093758680,1722874227,221529,27710346,78027628,90493954949,9216265715,7508032946,652308309,7.1011,dis_filter,H:\valgrind_config_c\callgrind_faster_qp22_ToddlerFountain_1920x1080_2997fps_8bit_420_1920x1080_30fps_130f_AuthenticAMD.out,22,6.7256807981467785,7.001801490783691
1314,faster,27,ToddlerFountain_2k,1107620000000,288598000000,134148000000,6954762247,1962596029,1674479895,227482,26171791,74413283,74385830433,7116332638,6841749208,639912367,7.0285,dis_filter,H:\valgrind_config_c\callgrind_faster_qp27_ToddlerFountain_1920x1080_2997fps_8bit_420_1920x1080_30fps_130f_AuthenticAMD.out,27,6.51463446595316,7.04001522064209
1315,faster,32,ToddlerFountain_2k,938823000000,250152000000,117233000000,6556873942,1923019305,1671410609,224692,26526418,74082577,61278656509,5382827311,6214550503,623606102,6.6525,dis_filter,H:\valgrind_config_c\callgrind_faster_qp32_ToddlerFountain_1920x1080_2997fps_8bit_420_1920x1080_30fps_130f_AuthenticAMD.out,32,6.54186975936549,6.517854690551758
1316,faster,37,ToddlerFountain_2k,802941000000,217564000000,102241000000,6137754507,1807664809,1637113214,210314,26596869,73317227,51144120633,4098390981,5643341591,606277893,6.3507,dis_filter,H:\valgrind_config_c\callgrind_faster_qp37_ToddlerFountain_1920x1080_2997fps_8bit_420_1920x1080_30fps_130f_AuthenticAMD.out,37,6.565912067691928,6.345787048339844
1317,fast,22,ToddlerFountain_2k,1311650000000,333115000000,153047000000,7364797465,2088229873,1722741109,216378,27711884,77657184,90493868524,9215801603,7508027286,652312194,7.1011,dis_filter,H:\valgrind_config_c\callgrind_fast_qp22_ToddlerFountain_1920x1080_2997fps_8bit_420_1920x1080_30fps_130f_AuthenticAMD.out,22,6.732388647398457,6.9956254959106445
1318,fast,27,ToddlerFountain_2k,1107630000000,288598000000,134148000000,6954798477,1963736719,1677151758,220424,27355011,75832541,74386080017,7115978625,6841764312,639905165,7.0285,dis_filter,H:\valgrind_config_c\callgrind_fast_qp27_ToddlerFountain_1920x1080_2997fps_8bit_420_1920x1080_30fps_130f_AuthenticAMD.out,27,6.560937078178374,7.030362129211426
1319,fast,32,ToddlerFountain_2k,938822000000,250152000000,117233000000,6556732833,1921494981,1665713983,225884,26846431,74278750,61278496079,5382933756,6214541445,623599905,6.6525,dis_filter,H:\valgrind_config_c\callgrind_fast_qp32_ToddlerFountain_1920x1080_2997fps_8bit_420_1920x1080_30fps_130f_AuthenticAMD.out,32,6.546690218838765,6.5421037673950195
1320,fast,37,ToddlerFountain_2k,802941000000,217564000000,102241000000,6137794093,1822267129,1635106132,212217,26571909,73434321,51144063625,4098444183,5643338331,606277672,6.3507,dis_filter,H:\valgrind_config_c\callgrind_fast_qp37_ToddlerFountain_1920x1080_2997fps_8bit_420_1920x1080_30fps_130f_AuthenticAMD.out,37,6.562119978445189,6.345609664916992
1321,superfast,22,ToddlerFountain_2k,1257380000000,319481000000,146468000000,7346873489,2586770742,1781386772,207066,28325158,71679679,85852535691,8971732846,7241499165,633426581,7.1011,dis_filter,H:\valgrind_config_c\callgrind_superfast_qp22_ToddlerFountain_1920x1080_2997fps_8bit_420_1920x1080_30fps_130f_AuthenticAMD.out,22,6.831755571863114,6.996885299682617
1322,superfast,27,ToddlerFountain_2k,1061960000000,276870000000,128354000000,6937004045,2495722636,1748526060,204912,28314687,70229143,70479842827,6939931936,6608928718,622013250,7.0285,dis_filter,H:\valgrind_config_c\callgrind_superfast_qp27_ToddlerFountain_1920x1080_2997fps_8bit_420_1920x1080_30fps_130f_AuthenticAMD.out,27,6.711582297923261,6.993525505065918
1323,superfast,32,ToddlerFountain_2k,903784000000,241032000000,112629000000,6540774648,2407041414,1713364939,211104,27466741,68551107,58225546102,5283049933,6033980692,607491974,6.6525,dis_filter,H:\valgrind_config_c\callgrind_superfast_qp32_ToddlerFountain_1920x1080_2997fps_8bit_420_1920x1080_30fps_130f_AuthenticAMD.out,32,6.662704069868975,6.6327619552612305
1324,superfast,37,ToddlerFountain_2k,778428000000,211203000000,98964488237,6124827663,2252881343,1662428453,211386,26560227,66819845,48892065937,4057389455,5522014093,592336525,6.3507,dis_filter,H:\valgrind_config_c\callgrind_superfast_qp37_ToddlerFountain_1920x1080_2997fps_8bit_420_1920x1080_30fps_130f_AuthenticAMD.out,37,6.628866606616444,6.378314018249512
1325,veryfast,22,ToddlerFountain_2k,1311660000000,333115000000,153047000000,7364889713,2094387489,1722151994,222023,27459829,77405484,90493951030,9215710357,7508032362,652310658,7.1011,dis_filter,H:\valgrind_config_c\callgrind_veryfast_qp22_ToddlerFountain_1920x1080_2997fps_8bit_420_1920x1080_30fps_130f_AuthenticAMD.out,22,6.7200951598870535,7.001961708068848
1326,veryfast,27,ToddlerFountain_2k,1107620000000,288597000000,134148000000,6954573422,1977451357,1679842660,220866,27278143,75882122,74385670210,7116425145,6841740434,639900925,7.0285,dis_filter,H:\valgrind_config_c\callgrind_veryfast_qp27_ToddlerFountain_1920x1080_2997fps_8bit_420_1920x1080_30fps_130f_AuthenticAMD.out,27,6.561035822156924,7.045080184936523
1327,veryfast,32,ToddlerFountain_2k,938820000000,250151000000,117233000000,6556564852,1916934746,1667988671,225970,26449543,73650301,61278207559,5382893621,6214524966,623599884,6.6525,dis_filter,H:\valgrind_config_c\callgrind_veryfast_qp32_ToddlerFountain_1920x1080_2997fps_8bit_420_1920x1080_30fps_130f_AuthenticAMD.out,32,6.5372902839509575,6.464082717895508
1328,veryfast,37,ToddlerFountain_2k,802938000000,217563000000,102240000000,6137506043,1807919485,1636087424,214016,26686046,73059812,51143673317,4097996772,5643313982,606276649,6.3507,dis_filter,H:\valgrind_config_c\callgrind_veryfast_qp37_ToddlerFountain_1920x1080_2997fps_8bit_420_1920x1080_30fps_130f_AuthenticAMD.out,37,6.568559837016701,6.346785545349121
1329,faster,22,TreesAndGrass_2k,1453420000000,358264000000,162044000000,7370637423,2094597199,1723685596,224563,28775684,80129994,102597000000,10122191533,7854227144,653441151,7.2048,dis_filter,H:\valgrind_config_c\callgrind_faster_qp22_TreesAndGrass_1920_1080_30fps_8bit_1920x1080_30fps_130f_AuthenticAMD.out,22,7.56579765936166,7.120297908782959
1330,faster,27,TreesAndGrass_2k,1303810000000,328405000000,150168000000,7175081135,1997128722,1689061286,218749,27475690,76841687,90438301328,8959433410,7443962008,649901998,7.1124,dis_filter,H:\valgrind_config_c\callgrind_faster_qp27_TreesAndGrass_1920_1080_30fps_8bit_1920x1080_30fps_130f_AuthenticAMD.out,27,6.978240405820554,7.116384983062744
1331,faster,32,TreesAndGrass_2k,1155420000000,297705000000,137529000000,6934200598,1989504620,1688933662,219119,27281512,75561421,78557030519,7606104674,6992114593,642302525,7.0828,dis_filter,H:\valgrind_config_c\callgrind_faster_qp32_TreesAndGrass_1920_1080_30fps_8bit_1920x1080_30fps_130f_AuthenticAMD.out,32,6.743591291663925,6.959183692932129
1332,faster,37,TreesAndGrass_2k,1016510000000,267839000000,124962000000,6680829622,1916654303,1670322142,223129,27093135,74603974,67473657725,6183755614,6526066994,631736849,6.3948,dis_filter,H:\valgrind_config_c\callgrind_faster_qp37_TreesAndGrass_1920_1080_30fps_8bit_1920x1080_30fps_130f_AuthenticAMD.out,37,6.752002510058677,6.486063480377197
1333,fast,22,TreesAndGrass_2k,1453420000000,358264000000,162044000000,7370564458,2085067975,1722556866,222353,28576923,79651371,102597000000,10121075068,7854223109,653439456,7.2048,dis_filter,H:\valgrind_config_c\callgrind_fast_qp22_TreesAndGrass_1920_1080_30fps_8bit_1920x1080_30fps_130f_AuthenticAMD.out,22,7.558467894894266,7.120297908782959
1334,fast,27,TreesAndGrass_2k,1303810000000,328405000000,150168000000,7175109252,1999305297,1690692142,235173,27488470,76608888,90438300355,8959929648,7443963969,649903648,7.1124,dis_filter,H:\valgrind_config_c\callgrind_fast_qp27_TreesAndGrass_1920_1080_30fps_8bit_1920x1080_30fps_130f_AuthenticAMD.out,27,7.066393156149951,7.079357624053955
1335,fast,32,TreesAndGrass_2k,1155420000000,297706000000,137530000000,6934581868,1992899207,1688281572,218447,27490821,76349005,78557669958,7606876231,6992154023,642309927,7.0828,dis_filter,H:\valgrind_config_c\callgrind_fast_qp32_TreesAndGrass_1920_1080_30fps_8bit_1920x1080_30fps_130f_AuthenticAMD.out,32,6.73046894598885,6.94301176071167
1336,fast,37,TreesAndGrass_2k,1016520000000,267839000000,124963000000,6680941810,1915591178,1669005878,218587,26971709,74510828,67473741815,6184210180,6526074579,631740757,6.3948,dis_filter,H:\valgrind_config_c\callgrind_fast_qp37_TreesAndGrass_1920_1080_30fps_8bit_1920x1080_30fps_130f_AuthenticAMD.out,37,6.72474561104484,6.486658573150635
1337,superfast,22,TreesAndGrass_2k,1389300000000,342716000000,154734000000,7352907011,2588718207,1790513729,218057,28546569,73279211,97123149387,9810887249,7557619760,633804203,7.2048,dis_filter,H:\valgrind_config_c\callgrind_superfast_qp22_TreesAndGrass_1920_1080_30fps_8bit_1920x1080_30fps_130f_AuthenticAMD.out,22,7.453821393279805,7.1894121170043945
1338,superfast,27,TreesAndGrass_2k,1245040000000,313837000000,143185000000,7157161763,2540071520,1770591601,223890,27408451,70506883,85433815458,8674492565,7160624726,630582635,7.1124,dis_filter,H:\valgrind_config_c\callgrind_superfast_qp27_TreesAndGrass_1920_1080_30fps_8bit_1920x1080_30fps_130f_AuthenticAMD.out,27,6.966534124748026,7.074873924255371
1339,superfast,32,TreesAndGrass_2k,1103120000000,284426000000,131028000000,6915804287,2502847761,1749957810,202650,28322454,70397951,74111238137,7364247422,6728603907,623453734,7.0828,dis_filter,H:\valgrind_config_c\callgrind_superfast_qp32_TreesAndGrass_1920_1080_30fps_8bit_1920x1080_30fps_130f_AuthenticAMD.out,32,6.667478628494475,6.995834827423096
1340,superfast,37,TreesAndGrass_2k,972184000000,256325000000,119200000000,6661458332,2418752118,1725107408,212032,27252758,68567317,63694431771,6003082240,6294317248,613765759,6.3948,dis_filter,H:\valgrind_config_c\callgrind_superfast_qp37_TreesAndGrass_1920_1080_30fps_8bit_1920x1080_30fps_130f_AuthenticAMD.out,37,6.7199248321440095,6.584815502166748
1341,veryfast,22,TreesAndGrass_2k,1453420000000,358264000000,162044000000,7370564363,2100960896,1725577294,223783,28177560,79137668,102597000000,10121566619,7854218587,653441653,7.2048,dis_filter,H:\valgrind_config_c\callgrind_veryfast_qp22_TreesAndGrass_1920_1080_30fps_8bit_1920x1080_30fps_130f_AuthenticAMD.out,22,7.559637927946513,7.120297908782959
1342,veryfast,27,TreesAndGrass_2k,1303810000000,328405000000,150168000000,7175289974,1996750369,1689890290,218111,28138478,78064357,90438509628,8960678206,7443977558,649906719,7.1124,dis_filter,H:\valgrind_config_c\callgrind_veryfast_qp27_TreesAndGrass_1920_1080_30fps_8bit_1920x1080_30fps_130f_AuthenticAMD.out,27,6.975661907021742,7.11359167098999
1343,veryfast,32,TreesAndGrass_2k,1155420000000,297705000000,137529000000,6934284585,1997394435,1690070639,223215,26987088,75500863,78557075131,7605737734,6992118078,642299054,7.0828,dis_filter,H:\valgrind_config_c\callgrind_veryfast_qp32_TreesAndGrass_1920_1080_30fps_8bit_1920x1080_30fps_130f_AuthenticAMD.out,32,6.754149946402812,6.953469276428223
1344,veryfast,37,TreesAndGrass_2k,1016520000000,267839000000,124963000000,6681010102,1917342649,1672025661,218889,26653125,74339195,67473752070,6184016785,6526074123,631743819,6.3948,dis_filter,H:\valgrind_config_c\callgrind_veryfast_qp37_TreesAndGrass_1920_1080_30fps_8bit_1920x1080_30fps_130f_AuthenticAMD.out,37,6.719609658902501,6.501445770263672
1345,faster,22,TunnelFlag_2k,1102160000000,287239000000,133779000000,7157961650,2005839951,1682207175,204000,27181376,75691582,73399096317,7170407856,6805101397,630206835,6.8743,dis_filter,H:\valgrind_config_c\callgrind_faster_qp22_TunnelFlag_1920x1080_5994_8bit_420_1920x1080_60fps_130f_AuthenticAMD.out,22,6.724676920382025,7.102940559387207
1346,faster,27,TunnelFlag_2k,930768000000,247859000000,116354000000,6797802425,1894246739,1642323554,215936,27362556,74440040,60389190865,5506406351,6166965098,619777824,6.3523,dis_filter,H:\valgrind_config_c\callgrind_faster_qp27_TunnelFlag_1920x1080_5994_8bit_420_1920x1080_60fps_130f_AuthenticAMD.out,27,6.492427898139306,6.914111137390137
1347,faster,32,TunnelFlag_2k,799167000000,216137000000,101417000000,6212916130,1806393015,1615799854,202147,26745788,72871433,50940601894,4259366605,5605622206,603930227,6.3698,dis_filter,H:\valgrind_config_c\callgrind_faster_qp32_TunnelFlag_1920x1080_5994_8bit_420_1920x1080_60fps_130f_AuthenticAMD.out,32,6.343956359858822,6.330018043518066
1348,faster,37,TunnelFlag_2k,713239000000,195155000000,91366264444,5705320911,1695745748,1579438452,221688,25969552,71802454,44959710438,3453695257,5231844595,589010826,6.3631,dis_filter,H:\valgrind_config_c\callgrind_faster_qp37_TunnelFlag_1920x1080_5994_8bit_420_1920x1080_60fps_130f_AuthenticAMD.out,37,6.463238316141322,6.391087055206299
1349,fast,22,TunnelFlag_2k,1102160000000,287239000000,133780000000,7158072826,1996172163,1679708038,215507,27055561,75471207,73399195546,7170450198,6805109585,630211656,6.8743,dis_filter,H:\valgrind_config_c\callgrind_fast_qp22_TunnelFlag_1920x1080_5994_8bit_420_1920x1080_60fps_130f_AuthenticAMD.out,22,6.776834768009582,7.1005988121032715
1350,fast,27,TunnelFlag_2k,930768000000,247858000000,116354000000,6797888332,1880175653,1639618795,214946,26477082,73858723,60389105891,5506853212,6166960175,619781292,6.3523,dis_filter,H:\valgrind_config_c\callgrind_fast_qp27_TunnelFlag_1920x1080_5994_8bit_420_1920x1080_60fps_130f_AuthenticAMD.out,27,6.579093658534619,6.915036201477051
1351,fast,32,TunnelFlag_2k,799167000000,216137000000,101417000000,6212856872,1809576257,1618608726,201305,26915806,73083309,50940517122,4259582119,5605616733,603934214,6.3698,dis_filter,H:\valgrind_config_c\callgrind_fast_qp32_TunnelFlag_1920x1080_5994_8bit_420_1920x1080_60fps_130f_AuthenticAMD.out,32,6.327517322322576,6.332040309906006
1352,fast,37,TunnelFlag_2k,713239000000,195155000000,91366237798,5705267300,1686433004,1579133521,206559,25982193,71937250,44959689346,3454679821,5231842581,589008844,6.3631,dis_filter,H:\valgrind_config_c\callgrind_fast_qp37_TunnelFlag_1920x1080_5994_8bit_420_1920x1080_60fps_130f_AuthenticAMD.out,37,6.4052153766307764,6.389716625213623
1353,superfast,22,TunnelFlag_2k,1069290000000,278632000000,129393000000,7159810212,2455822948,1725253982,198444,28240855,70187548,70455447377,7078646998,6629987509,614576388,6.8743,dis_filter,H:\valgrind_config_c\callgrind_superfast_qp22_TunnelFlag_1920x1080_5994_8bit_420_1920x1080_60fps_130f_AuthenticAMD.out,22,6.624246897000694,7.107289791107178
1354,superfast,27,TunnelFlag_2k,907006000000,241621000000,113118000000,6801445751,2337550758,1678406429,210866,27341171,68488286,58135250457,5472830246,6042535508,605856042,6.3523,dis_filter,H:\valgrind_config_c\callgrind_superfast_qp27_TunnelFlag_1920x1080_5994_8bit_420_1920x1080_60fps_130f_AuthenticAMD.out,27,6.541837541809443,6.996338367462158
1355,superfast,32,TunnelFlag_2k,783064000000,211989000000,99214777629,6222202506,2213422979,1628823439,210540,26500547,66759597,49254080841,4262121074,5528505147,591982422,6.3698,dis_filter,H:\valgrind_config_c\callgrind_superfast_qp32_TunnelFlag_1920x1080_5994_8bit_420_1920x1080_60fps_130f_AuthenticAMD.out,32,6.478947502868506,6.360715389251709
1356,superfast,37,TunnelFlag_2k,701352000000,192122000000,89709107599,5722941843,2069393050,1578516507,207958,27124945,67013441,43571478042,3472943862,5179084542,578069390,6.3631,dis_filter,H:\valgrind_config_c\callgrind_superfast_qp37_TunnelFlag_1920x1080_5994_8bit_420_1920x1080_60fps_130f_AuthenticAMD.out,37,6.3755433026377215,6.365108966827393
1357,veryfast,22,TunnelFlag_2k,1102160000000,287239000000,133780000000,7158139468,1981395754,1677852874,224444,27756300,76264685,73399303098,7170485027,6805115646,630212290,6.8743,dis_filter,H:\valgrind_config_c\callgrind_veryfast_qp22_TunnelFlag_1920x1080_5994_8bit_420_1920x1080_60fps_130f_AuthenticAMD.out,22,6.739514438876066,7.108325958251953
1358,veryfast,27,TunnelFlag_2k,930768000000,247858000000,116354000000,6797908881,1880122168,1641632636,252716,26012768,73103439,60389067073,5506726056,6166958023,619783545,6.3523,dis_filter,H:\valgrind_config_c\callgrind_veryfast_qp27_TunnelFlag_1920x1080_5994_8bit_420_1920x1080_60fps_130f_AuthenticAMD.out,27,6.76926740568438,6.905837059020996
1359,veryfast,32,TunnelFlag_2k,799167000000,216137000000,101417000000,6212908283,1802941853,1616096239,240703,25776910,72112555,50940539857,4259339506,5605618494,603932664,6.3698,dis_filter,H:\valgrind_config_c\callgrind_veryfast_qp32_TunnelFlag_1920x1080_5994_8bit_420_1920x1080_60fps_130f_AuthenticAMD.out,32,6.593012249201216,6.322181224822998
1360,veryfast,37,TunnelFlag_2k,713241000000,195156000000,91366524913,5705472196,1692240471,1580400522,209723,26641450,72525690,44959998344,3454407929,5231860753,589011491,6.3631,dis_filter,H:\valgrind_config_c\callgrind_veryfast_qp37_TunnelFlag_1920x1080_5994_8bit_420_1920x1080_60fps_130f_AuthenticAMD.out,37,6.351325246024626,6.38053035736084
1361,faster,22,Vertical_bees_2k,899628000000,240201000000,113331000000,6717951113,1906187770,1651246213,197594,26814252,73439767,57715705005,5185532551,6058515628,618751762,6.4007,dis_filter,H:\valgrind_config_c\callgrind_faster_qp22_Vertical_bees_1080x1920_2997_1080x1920_30fps_130f_AuthenticAMD.out,22,6.392546102226927,6.662821292877197
1362,faster,27,Vertical_bees_2k,807510000000,218259000000,103014000000,6380271499,1803202717,1609821401,211613,25780732,71975909,51111127780,4310865873,5680172393,608721774,6.3751,dis_filter,H:\valgrind_config_c\callgrind_faster_qp27_Vertical_bees_1080x1920_2997_1080x1920_30fps_130f_AuthenticAMD.out,27,6.4521016867274525,6.328751564025879
1363,faster,32,Vertical_bees_2k,733555000000,199944000000,94039109791,5991300467,1770466698,1602957206,201516,26088297,71697591,45970013265,3639809128,5333936614,593894046,6.3654,dis_filter,H:\valgrind_config_c\callgrind_faster_qp32_Vertical_bees_1080x1920_2997_1080x1920_30fps_130f_AuthenticAMD.out,32,6.320485290563777,6.333920001983643
1364,faster,37,Vertical_bees_2k,678634000000,186142000000,87181306104,5628369391,1680450138,1572118878,191191,26567209,71819991,42236721999,3157257014,5067507512,579965978,6.4461,dis_filter,H:\valgrind_config_c\callgrind_faster_qp37_Vertical_bees_1080x1920_2997_1080x1920_30fps_130f_AuthenticAMD.out,37,6.196094898557535,6.391279697418213
1365,fast,22,Vertical_bees_2k,899628000000,240201000000,113331000000,6717911356,1911971834,1650510075,204640,26246549,72867474,57715674048,5185498211,6058514487,618752291,6.4007,dis_filter,H:\valgrind_config_c\callgrind_fast_qp22_Vertical_bees_1080x1920_2997_1080x1920_30fps_130f_AuthenticAMD.out,22,6.476482415402202,6.444774150848389
1366,fast,27,Vertical_bees_2k,807511000000,218259000000,103014000000,6380359578,1814152312,1611525102,193582,26641682,72795503,51111169047,4311454997,5680177698,608721977,6.3751,dis_filter,H:\valgrind_config_c\callgrind_fast_qp27_Vertical_bees_1080x1920_2997_1080x1920_30fps_130f_AuthenticAMD.out,27,6.297146906822192,6.396820545196533
1367,fast,32,Vertical_bees_2k,733556000000,199945000000,94039216252,5991323530,1773677609,1604560736,201326,26491567,72021713,45970130456,3639387969,5333943278,593893538,6.3654,dis_filter,H:\valgrind_config_c\callgrind_fast_qp32_Vertical_bees_1080x1920_2997_1080x1920_30fps_130f_AuthenticAMD.out,32,6.274566698236885,6.331968307495117
1368,fast,37,Vertical_bees_2k,678632000000,186142000000,87181077426,5628308623,1678457584,1572970148,214873,26031221,71124521,42236505547,3157948702,5067492359,579966854,6.4461,dis_filter,H:\valgrind_config_c\callgrind_fast_qp37_Vertical_bees_1080x1920_2997_1080x1920_30fps_130f_AuthenticAMD.out,37,6.331138801760216,6.404531478881836
1369,superfast,22,Vertical_bees_2k,877022000000,234355000000,110289000000,6719696782,1702175953,1427481583,199988,27163389,67794597,55572275327,5155891020,5942951339,605588694,6.4007,dis_filter,H:\valgrind_config_c\callgrind_superfast_qp22_Vertical_bees_1080x1920_2997_1080x1920_30fps_130f_AuthenticAMD.out,22,6.32704326041504,6.409890174865723
1370,superfast,27,Vertical_bees_2k,789250000000,213554000000,100522000000,6382980793,1647763277,1402656976,200948,27485873,67848176,49306969240,4303998813,5589806394,596610329,6.3751,dis_filter,H:\valgrind_config_c\callgrind_superfast_qp27_Vertical_bees_1080x1920_2997_1080x1920_30fps_130f_AuthenticAMD.out,27,6.212408167280476,6.360489845275879
1371,superfast,32,Vertical_bees_2k,719033000000,196250000000,92043588680,5997053310,1587170553,1378571277,200234,27539759,67289243,44444036876,3648274925,5267073341,582656408,6.3654,dis_filter,H:\valgrind_config_c\callgrind_superfast_qp32_Vertical_bees_1080x1920_2997_1080x1920_30fps_130f_AuthenticAMD.out,32,6.141704848406277,6.385025978088379
1372,superfast,37,Vertical_bees_2k,667372000000,183334000000,85622326538,5636591323,1503015684,1350243778,203854,27500567,66736698,40949383305,3178207091,5020846784,569629698,6.4461,dis_filter,H:\valgrind_config_c\callgrind_superfast_qp37_Vertical_bees_1080x1920_2997_1080x1920_30fps_130f_AuthenticAMD.out,37,6.123396567459215,6.405655860900879
1373,veryfast,22,Vertical_bees_2k,899627000000,240201000000,113331000000,6717883265,1916237986,1651846961,200038,27207067,73313337,57715631492,5185832216,6058512062,618752720,6.4007,dis_filter,H:\valgrind_config_c\callgrind_veryfast_qp22_Vertical_bees_1080x1920_2997_1080x1920_30fps_130f_AuthenticAMD.out,22,6.345822318588135,6.4196391105651855
1374,veryfast,27,Vertical_bees_2k,807511000000,218259000000,103014000000,6380289090,1813213116,1611664618,201145,26298227,72306079,51111164387,4311469654,5680175619,608724860,6.3751,dis_filter,H:\valgrind_config_c\callgrind_veryfast_qp27_Vertical_bees_1080x1920_2997_1080x1920_30fps_130f_AuthenticAMD.out,27,6.356996983756337,6.3408966064453125
1375,veryfast,32,Vertical_bees_2k,733554000000,199944000000,94039006731,5991252412,1767342609,1602480846,197049,26433324,72099677,45969926797,3639273780,5333928801,593893202,6.3654,dis_filter,H:\valgrind_config_c\callgrind_veryfast_qp32_Vertical_bees_1080x1920_2997_1080x1920_30fps_130f_AuthenticAMD.out,32,6.268918364822759,6.339105129241943
1376,veryfast,37,Vertical_bees_2k,678633000000,186142000000,87181257617,5628360464,1687108898,1575539604,207950,26648485,71502710,42236674604,3158071178,5067504667,579968053,6.4461,dis_filter,H:\valgrind_config_c\callgrind_veryfast_qp37_Vertical_bees_1080x1920_2997_1080x1920_30fps_130f_AuthenticAMD.out,37,6.236239120960244,6.400998592376709
1377,faster,22,Vertical_Carnaby_2k,789171000000,213848000000,101169000000,6388585354,1834616299,1621097116,211692,26412868,72125931,49484685120,4170293491,5571863961,601944723,6.3932,dis_filter,H:\valgrind_config_c\callgrind_faster_qp22_Vertical_Carnaby_1080x1920_5994_1080x1920_60fps_130f_AuthenticAMD.out,22,6.328786802984897,6.36445951461792
1378,faster,27,Vertical_Carnaby_2k,714429000000,195407000000,92119935575,5953984975,1724794107,1576627890,222206,25903321,71203552,44371149392,3465847674,5248384344,590097042,6.4061,dis_filter,H:\valgrind_config_c\callgrind_faster_qp27_Vertical_Carnaby_1080x1920_5994_1080x1920_60fps_130f_AuthenticAMD.out,27,6.446435881308352,6.377137184143066
1379,faster,32,Vertical_Carnaby_2k,656041000000,180501000000,84547520758,5496746694,1671865850,1564953783,206026,26675259,71514231,40557261109,2968364238,4962836233,574045296,6.4079,dis_filter,H:\valgrind_config_c\callgrind_faster_qp32_Vertical_Carnaby_1080x1920_5994_1080x1920_60fps_130f_AuthenticAMD.out,32,6.352716422562052,6.398353099822998
1380,faster,37,Vertical_Carnaby_2k,616007000000,170147000000,79240989474,5134064221,1593531191,1537507518,210462,26179631,70798074,38019384833,2657399079,4756132759,560200276,6.3596,dis_filter,H:\valgrind_config_c\callgrind_faster_qp37_Vertical_Carnaby_1080x1920_5994_1080x1920_60fps_130f_AuthenticAMD.out,37,6.430088727742438,6.3524603843688965
1381,fast,22,Vertical_Carnaby_2k,789172000000,213849000000,101170000000,6388712788,1843117806,1622489973,207442,26157714,72242677,49484792347,4170331812,5571869337,601947022,6.3932,dis_filter,H:\valgrind_config_c\callgrind_fast_qp22_Vertical_Carnaby_1080x1920_5994_1080x1920_60fps_130f_AuthenticAMD.out,22,6.346725957126072,6.366278648376465
1382,fast,27,Vertical_Carnaby_2k,714430000000,195407000000,92120057912,5953932564,1730228154,1578995069,203026,26414565,71782159,44371278844,3465707250,5248392209,590093293,6.4061,dis_filter,H:\valgrind_config_c\callgrind_fast_qp27_Vertical_Carnaby_1080x1920_5994_1080x1920_60fps_130f_AuthenticAMD.out,27,6.321411190111123,6.357690811157227
1383,fast,32,Vertical_Carnaby_2k,656041000000,180501000000,84547540868,5496787628,1676817058,1565398832,210479,26553684,71391662,40557294012,2968732663,4962837096,574045538,6.4079,dis_filter,H:\valgrind_config_c\callgrind_fast_qp32_Vertical_Carnaby_1080x1920_5994_1080x1920_60fps_130f_AuthenticAMD.out,32,6.383045286088546,6.395998954772949
1384,fast,37,Vertical_Carnaby_2k,616007000000,170147000000,79240994375,5134117848,1585724441,1535294411,216991,26250392,71151661,38019376720,2657091598,4756133768,560200104,6.3596,dis_filter,H:\valgrind_config_c\callgrind_fast_qp37_Vertical_Carnaby_1080x1920_5994_1080x1920_60fps_130f_AuthenticAMD.out,37,6.451481704242807,6.3525190353393555
1385,superfast,22,Vertical_Carnaby_2k,772334000000,209482000000,98825139081,6396804659,1644056068,1400078210,203230,26964056,67513364,47772227368,4172192373,5488974239,589824483,6.3932,dis_filter,H:\valgrind_config_c\callgrind_superfast_qp22_Vertical_Carnaby_1080x1920_5994_1080x1920_60fps_130f_AuthenticAMD.out,22,6.066440874224304,6.364748477935791
1386,superfast,27,Vertical_Carnaby_2k,700840000000,191905000000,90197179368,5965410791,1567321776,1369900752,210616,26780346,66643782,42901901992,3477541222,5184292523,578810760,6.4061,dis_filter,H:\valgrind_config_c\callgrind_superfast_qp27_Vertical_Carnaby_1080x1920_5994_1080x1920_60fps_130f_AuthenticAMD.out,27,6.165736346381754,6.37027645111084
1387,superfast,32,Vertical_Carnaby_2k,645366000000,177785000000,83014627199,5511779255,1493683749,1344828946,198767,26552517,66284937,39293482008,2987960752,4916190044,563476115,6.4079,dis_filter,H:\valgrind_config_c\callgrind_superfast_qp32_Vertical_Carnaby_1080x1920_5994_1080x1920_60fps_130f_AuthenticAMD.out,32,6.202654115329052,6.413305282592773
1388,superfast,37,Vertical_Carnaby_2k,607339000000,167956000000,77965555729,5151527598,1405328743,1317040959,210096,27395113,66570195,36889583467,2679007846,4720586128,550008189,6.3596,dis_filter,H:\valgrind_config_c\callgrind_superfast_qp37_Vertical_Carnaby_1080x1920_5994_1080x1920_60fps_130f_AuthenticAMD.out,37,6.17485014248374,6.399106502532959
1389,veryfast,22,Vertical_Carnaby_2k,789174000000,213849000000,101170000000,6388914951,1842481826,1621185496,214385,26215992,72439256,49485095965,4170191719,5571885494,601949672,6.3932,dis_filter,H:\valgrind_config_c\callgrind_veryfast_qp22_Vertical_Carnaby_1080x1920_5994_1080x1920_60fps_130f_AuthenticAMD.out,22,6.369147571185961,6.36950159072876
1390,veryfast,27,Vertical_Carnaby_2k,714432000000,195408000000,92120433959,5954219246,1736680735,1578277536,211190,25672503,71660582,44371652617,3465672873,5248415374,590105243,6.4061,dis_filter,H:\valgrind_config_c\callgrind_veryfast_qp27_Vertical_Carnaby_1080x1920_5994_1080x1920_60fps_130f_AuthenticAMD.out,27,6.441522360162502,6.370314598083496
1391,veryfast,32,Vertical_Carnaby_2k,656044000000,180501000000,84547939146,5497059815,1682036256,1568038172,204129,25506201,71253109,40557707711,2969562388,4962861018,574048235,6.4079,dis_filter,H:\valgrind_config_c\callgrind_veryfast_qp32_Vertical_Carnaby_1080x1920_5994_1080x1920_60fps_130f_AuthenticAMD.out,32,6.4872591587570945,6.391305923461914
1392,veryfast,37,Vertical_Carnaby_2k,616008000000,170147000000,79241287462,5134271779,1591819326,1537775961,196407,26883818,71769262,38019687620,2657884046,4756150928,560202339,6.3596,dis_filter,H:\valgrind_config_c\callgrind_veryfast_qp37_Vertical_Carnaby_1080x1920_5994_1080x1920_60fps_130f_AuthenticAMD.out,37,6.306088348449423,6.367496967315674
1393,faster,22,WalkingInStreet_2k,1376540000000,335172000000,149842000000,7395290166,1863180210,1640462702,319587,28821686,81337641,98073942404,9966105325,7224858572,597186530,7.2554,dis_filter,H:\valgrind_config_c\callgrind_faster_qp22_WalkingInStreet_1920x1080_30fps_1920x1080_30fps_130f_AuthenticAMD.out,22,7.431999469773885,6.920762062072754
1394,faster,27,WalkingInStreet_2k,1249990000000,312506000000,142009000000,7362699365,1822579725,1624001697,320654,27920941,78771531,86754629953,8901346184,6950104726,597385930,7.2329,dis_filter,H:\valgrind_config_c\callgrind_faster_qp27_WalkingInStreet_1920x1080_30fps_1920x1080_30fps_130f_AuthenticAMD.out,27,6.812233430084159,6.769190788269043
1395,faster,32,WalkingInStreet_2k,1089980000000,280166000000,129423000000,7248709309,1831587265,1634099542,297832,27640524,76965679,73179735858,7333258852,6520615767,597232257,7.1539,dis_filter,H:\valgrind_config_c\callgrind_faster_qp32_WalkingInStreet_1920x1080_30fps_1920x1080_30fps_130f_AuthenticAMD.out,32,6.5183385459648875,6.721430778503418
1396,faster,37,WalkingInStreet_2k,949302000000,249848000000,116726000000,7062701832,1806215811,1623981362,302203,26695299,74684645,61926414920,5903849032,6078430514,594346947,6.4568,dis_filter,H:\valgrind_config_c\callgrind_faster_qp37_WalkingInStreet_1920x1080_30fps_1920x1080_30fps_130f_AuthenticAMD.out,37,6.361572550488555,7.0890302658081055
1397,fast,22,WalkingInStreet_2k,1376540000000,335172000000,149842000000,7395359196,1866604588,1640474138,320721,28523469,81255990,98073973046,9966323929,7224861867,597183582,7.2554,dis_filter,H:\valgrind_config_c\callgrind_fast_qp22_WalkingInStreet_1920x1080_30fps_1920x1080_30fps_130f_AuthenticAMD.out,22,7.419401141039129,6.919322967529297
1398,fast,27,WalkingInStreet_2k,1249990000000,312505000000,142009000000,7362556419,1828386955,1628717069,314682,27970573,78865707,86754399798,8901777658,6950092474,597382865,7.2329,dis_filter,H:\valgrind_config_c\callgrind_fast_qp27_WalkingInStreet_1920x1080_30fps_1920x1080_30fps_130f_AuthenticAMD.out,27,6.823528840474919,6.771705627441406
1399,fast,32,WalkingInStreet_2k,1089980000000,280166000000,129423000000,7248698284,1832716378,1634183855,302880,27754238,77175330,73179806405,7332683339,6520620381,597234464,7.1539,dis_filter,H:\valgrind_config_c\callgrind_fast_qp32_WalkingInStreet_1920x1080_30fps_1920x1080_30fps_130f_AuthenticAMD.out,32,6.517991543138723,6.721430778503418
1400,fast,37,WalkingInStreet_2k,949302000000,249848000000,116726000000,7062750655,1806622133,1621500077,291299,26907814,74740033,61926392275,5902586551,6078429557,594347887,6.4568,dis_filter,H:\valgrind_config_c\callgrind_fast_qp37_WalkingInStreet_1920x1080_30fps_1920x1080_30fps_130f_AuthenticAMD.out,37,6.376825278900283,7.09841251373291
1401,superfast,22,WalkingInStreet_2k,1357730000000,330864000000,147782000000,7419828016,2224874317,1637005314,305030,29591574,76069440,96034215968,9941287768,7156033556,586304643,7.2554,dis_filter,H:\valgrind_config_c\callgrind_superfast_qp22_WalkingInStreet_1920x1080_30fps_1920x1080_30fps_130f_AuthenticAMD.out,22,7.461440089591015,6.89668083190918
1402,superfast,27,WalkingInStreet_2k,1232600000000,308422000000,140006000000,7386266662,2225871599,1640424227,294082,28353871,72875443,84851947396,8888118226,6883866374,586527633,7.2329,dis_filter,H:\valgrind_config_c\callgrind_superfast_qp27_WalkingInStreet_1920x1080_30fps_1920x1080_30fps_130f_AuthenticAMD.out,27,6.877336611464159,6.773087501525879
1403,superfast,32,WalkingInStreet_2k,1074490000000,276431000000,127506000000,7271046001,2217028961,1631350890,290675,27946535,71027484,71451468112,7331087019,6459041714,586475668,7.1539,dis_filter,H:\valgrind_config_c\callgrind_superfast_qp32_WalkingInStreet_1920x1080_30fps_1920x1080_30fps_130f_AuthenticAMD.out,32,6.551399104040528,6.718571662902832
1404,superfast,37,WalkingInStreet_2k,936178000000,246656000000,115000000000,7083964792,2156947348,1616883179,290951,27906047,69433749,60403114133,5916715112,6028844026,584448542,6.4568,dis_filter,H:\valgrind_config_c\callgrind_superfast_qp37_WalkingInStreet_1920x1080_30fps_1920x1080_30fps_130f_AuthenticAMD.out,37,6.425523813430214,6.889120101928711
1405,veryfast,22,WalkingInStreet_2k,1376540000000,335172000000,149842000000,7395374762,1867837316,1642140776,328015,28521905,80614063,98073946505,9966416503,7224859749,597182970,7.2554,dis_filter,H:\valgrind_config_c\callgrind_veryfast_qp22_WalkingInStreet_1920x1080_30fps_1920x1080_30fps_130f_AuthenticAMD.out,22,7.421680945007955,6.919322967529297
1406,veryfast,27,WalkingInStreet_2k,1249990000000,312505000000,142009000000,7362678665,1821208243,1626819877,313107,27841757,78608392,86754402125,8901462710,6950090215,597385904,7.2329,dis_filter,H:\valgrind_config_c\callgrind_veryfast_qp27_WalkingInStreet_1920x1080_30fps_1920x1080_30fps_130f_AuthenticAMD.out,27,6.818886261958695,6.771705627441406
1407,veryfast,32,WalkingInStreet_2k,1089980000000,280166000000,129423000000,7248647179,1839034324,1634675178,301089,27436181,76610539,73179553175,7332727582,6520604552,597233958,7.1539,dis_filter,H:\valgrind_config_c\callgrind_veryfast_qp32_WalkingInStreet_1920x1080_30fps_1920x1080_30fps_130f_AuthenticAMD.out,32,6.512332264498241,6.713583946228027
1408,veryfast,37,WalkingInStreet_2k,949301000000,249848000000,116726000000,7062652302,1801268092,1622775767,309449,26981520,75227642,61926295967,5902869478,6078422706,594348571,6.4568,dis_filter,H:\valgrind_config_c\callgrind_veryfast_qp37_WalkingInStreet_1920x1080_30fps_1920x1080_30fps_130f_AuthenticAMD.out,37,6.361882326966027,7.098085403442383
1409,faster,22,WorldCup_2k,792430000000,213864000000,100487000000,6278834978,1818281988,1616767475,206552,26568532,72931503,50262518697,4274474142,5547432271,598674859,6.3279,dis_filter,H:\valgrind_config_c\callgrind_faster_qp22_WorldCup_1920x1080_30p_1920x1080_30fps_130f_AuthenticAMD.out,22,6.3249938046053895,6.369147300720215
1410,faster,27,WorldCup_2k,713207000000,194500000000,91089082083,5821719895,1706796751,1574788223,205768,26517110,72625341,44773288571,3526316142,5205857313,585536018,6.3472,dis_filter,H:\valgrind_config_c\callgrind_faster_qp27_WorldCup_1920x1080_30p_1920x1080_30fps_130f_AuthenticAMD.out,27,6.334950635297478,6.3614654541015625
1411,faster,32,WorldCup_2k,654158000000,179597000000,83678435017,5404215530,1653690882,1561557693,209975,26236181,72066272,40770265225,3015463961,4916781626,569890363,6.3585,dis_filter,H:\valgrind_config_c\callgrind_faster_qp32_WorldCup_1920x1080_30p_1920x1080_30fps_130f_AuthenticAMD.out,32,6.377820577000669,6.365702152252197
1412,faster,37,WorldCup_2k,614032000000,169402000000,78593520216,5066126781,1565476425,1533654939,202012,26180211,71318181,38099407062,2682687896,4718664947,557326680,6.2898,dis_filter,H:\valgrind_config_c\callgrind_faster_qp37_WorldCup_1920x1080_30p_1920x1080_30fps_130f_AuthenticAMD.out,37,6.340545506701648,6.356624126434326
1413,fast,22,WorldCup_2k,792430000000,213864000000,100487000000,6278861502,1830228869,1619028310,215031,26925021,73468000,50262563242,4274816716,5547435775,598675143,6.3279,dis_filter,H:\valgrind_config_c\callgrind_fast_qp22_WorldCup_1920x1080_30p_1920x1080_30fps_130f_AuthenticAMD.out,22,6.326225707715819,6.35905647277832
1414,fast,27,WorldCup_2k,713206000000,194500000000,91089067181,5821694709,1705976162,1573429839,201444,26629866,72541328,44773271251,3526889521,5205856605,585532778,6.3472,dis_filter,H:\valgrind_config_c\callgrind_fast_qp27_WorldCup_1920x1080_30p_1920x1080_30fps_130f_AuthenticAMD.out,27,6.300609843325667,6.376131057739258
1415,fast,32,WorldCup_2k,654158000000,179598000000,83678488204,5404105947,1650498323,1561021006,216336,26310382,71786676,40770312143,3014969700,4916785679,569887981,6.3585,dis_filter,H:\valgrind_config_c\callgrind_fast_qp32_WorldCup_1920x1080_30p_1920x1080_30fps_130f_AuthenticAMD.out,32,6.3883250808621295,6.362174034118652
1416,fast,37,WorldCup_2k,614033000000,169402000000,78593600979,5066165782,1568499250,1534706459,204393,26217139,71224383,38099474744,2682607165,4718671261,557324978,6.2898,dis_filter,H:\valgrind_config_c\callgrind_fast_qp37_WorldCup_1920x1080_30p_1920x1080_30fps_130f_AuthenticAMD.out,37,6.344874376652617,6.349554538726807
1417,superfast,22,WorldCup_2k,774555000000,209181000000,97991176020,6285707770,2193784930,1618838944,201813,26942042,67251506,48457486319,4268846514,5456178948,586025507,6.3279,dis_filter,H:\valgrind_config_c\callgrind_superfast_qp22_WorldCup_1920x1080_30p_1920x1080_30fps_130f_AuthenticAMD.out,22,6.3136800691302835,6.3864898681640625
1418,superfast,27,WorldCup_2k,698914000000,190779000000,89068153878,5831366428,2096007051,1584314158,220667,26885624,66843363,43230093273,3533125000,5136224887,573691390,6.3472,dis_filter,H:\valgrind_config_c\callgrind_superfast_qp27_WorldCup_1920x1080_30p_1920x1080_30fps_130f_AuthenticAMD.out,27,6.431420358038796,6.335639953613281
1419,superfast,32,WorldCup_2k,643151000000,176786000000,82111067085,5417480262,1997738011,1546700175,207764,27043993,66380639,39465647541,3029820594,4868137725,558946141,6.3585,dis_filter,H:\valgrind_config_c\callgrind_superfast_qp32_WorldCup_1920x1080_30p_1920x1080_30fps_130f_AuthenticAMD.out,32,6.350349561501675,6.358658790588379
1420,superfast,37,WorldCup_2k,605247000000,167188000000,77318972708,5082015713,1906663496,1512074291,197324,27130632,66387468,36953935161,2701997913,4683228095,546926775,6.2898,dis_filter,H:\valgrind_config_c\callgrind_superfast_qp37_WorldCup_1920x1080_30p_1920x1080_30fps_130f_AuthenticAMD.out,37,6.306414679214706,6.364495754241943
1421,veryfast,22,WorldCup_2k,792430000000,213864000000,100487000000,6278913481,1811477524,1614248275,226424,26301772,72799376,50262586475,4274336488,5547436939,598675099,6.3279,dis_filter,H:\valgrind_config_c\callgrind_veryfast_qp22_WorldCup_1920x1080_30p_1920x1080_30fps_130f_AuthenticAMD.out,22,6.431022835048431,6.365633964538574
1422,veryfast,27,WorldCup_2k,713206000000,194500000000,91088932290,5821684003,1702753713,1576063084,202078,26932158,73020894,44773126561,3527149812,5205848308,585535741,6.3472,dis_filter,H:\valgrind_config_c\callgrind_veryfast_qp27_WorldCup_1920x1080_30p_1920x1080_30fps_130f_AuthenticAMD.out,27,6.277731295941507,6.361664295196533
1423,veryfast,32,WorldCup_2k,654158000000,179598000000,83678564288,5404178573,1649694278,1561983354,220124,26069232,71941724,40770388015,3015610683,4916789611,569889221,6.3585,dis_filter,H:\valgrind_config_c\callgrind_veryfast_qp32_WorldCup_1920x1080_30p_1920x1080_30fps_130f_AuthenticAMD.out,32,6.436632149643662,6.362174034118652
1424,veryfast,37,WorldCup_2k,614033000000,169402000000,78593609012,5066151511,1569214292,1535100447,203204,26468396,71739166,38099471926,2682635628,4718671866,557326791,6.2898,dis_filter,H:\valgrind_config_c\callgrind_veryfast_qp37_WorldCup_1920x1080_30p_1920x1080_30fps_130f_AuthenticAMD.out,37,6.319085701932222,6.345574378967285
1425,faster,22,WorldCup_far_2k,1059840000000,275532000000,128473000000,7135292807,1956738463,1666393246,226547,26073217,74375506,70154478245,6969173926,6579384664,621066145,7.0555,dis_filter,H:\valgrind_config_c\callgrind_faster_qp22_WorldCup_far_1920x1080_30p_1920x1080_30fps_130f_AuthenticAMD.out,22,6.726358050196204,6.968565464019775
1426,faster,27,WorldCup_far_2k,936507000000,248197000000,116594000000,6863805130,1861097070,1632085282,213007,27084398,74680400,60667255530,5731136628,6157261088,615888018,7.0531,dis_filter,H:\valgrind_config_c\callgrind_faster_qp27_WorldCup_far_1920x1080_30p_1920x1080_30fps_130f_AuthenticAMD.out,27,6.420418789013265,6.395654201507568
1427,faster,32,WorldCup_far_2k,830563000000,223552000000,105247000000,6510040581,1842983269,1629065783,221332,26832931,73736778,52875129702,4663730711,5739635814,605909228,6.3898,dis_filter,H:\valgrind_config_c\callgrind_faster_qp32_WorldCup_far_1920x1080_30p_1920x1080_30fps_130f_AuthenticAMD.out,32,6.422685477134067,6.339441776275635
1428,faster,37,WorldCup_far_2k,750747000000,204355000000,96120440613,6143819014,1767781580,1605935585,221501,26106216,72349586,47182799963,3867045454,5398015327,594741047,6.313,dis_filter,H:\valgrind_config_c\callgrind_faster_qp37_WorldCup_far_1920x1080_30p_1920x1080_30fps_130f_AuthenticAMD.out,37,6.460516832659801,6.350114345550537
1429,fast,22,WorldCup_far_2k,1059840000000,275533000000,128473000000,7135206356,1947177555,1668543353,223117,26175935,74647468,70154722282,6969472641,6579401612,621055686,7.0555,dis_filter,H:\valgrind_config_c\callgrind_fast_qp22_WorldCup_far_1920x1080_30p_1920x1080_30fps_130f_AuthenticAMD.out,22,6.7083521156732004,6.96860408782959
1430,fast,27,WorldCup_far_2k,936506000000,248197000000,116594000000,6863746673,1864982437,1634574022,221713,26270614,73544171,60667220569,5731396641,6157259297,615886074,7.0531,dis_filter,H:\valgrind_config_c\callgrind_fast_qp27_WorldCup_far_1920x1080_30p_1920x1080_30fps_130f_AuthenticAMD.out,27,6.536698351684549,6.386808395385742
1431,fast,32,WorldCup_far_2k,830563000000,223552000000,105247000000,6509877475,1844368815,1629317604,223613,25838408,72385489,52875102416,4664669832,5739634568,605905124,6.3898,dis_filter,H:\valgrind_config_c\callgrind_fast_qp32_WorldCup_far_1920x1080_30p_1920x1080_30fps_130f_AuthenticAMD.out,32,6.529088581942069,6.341189861297607
1432,fast,37,WorldCup_far_2k,750747000000,204355000000,96120424162,6143749106,1759388718,1603032683,224004,26170703,72549484,47182780846,3866929782,5398015301,594737463,6.313,dis_filter,H:\valgrind_config_c\callgrind_fast_qp37_WorldCup_far_1920x1080_30p_1920x1080_30fps_130f_AuthenticAMD.out,37,6.463139489622813,6.349579811096191
1433,superfast,22,WorldCup_far_2k,1034030000000,269016000000,125188000000,7143651738,2367008342,1691502078,205481,27422166,69651920,67708009731,6921331503,6454277484,607747230,7.0555,dis_filter,H:\valgrind_config_c\callgrind_superfast_qp22_WorldCup_far_1920x1080_30p_1920x1080_30fps_130f_AuthenticAMD.out,22,6.526204678254933,6.987113952636719
1434,superfast,27,WorldCup_far_2k,914168000000,242460000000,113631000000,6873369618,2317709838,1666927373,211510,27372795,69017640,58510703486,5706013418,6045832343,602966035,7.0531,dis_filter,H:\valgrind_config_c\callgrind_superfast_qp27_WorldCup_far_1920x1080_30p_1920x1080_30fps_130f_AuthenticAMD.out,27,6.4358613487317875,6.434393405914307
1435,superfast,32,WorldCup_far_2k,811814000000,218693000000,102685000000,6520915067,2239146187,1638906603,219582,26301595,67120494,51002490027,4657959216,5645940887,593544643,6.3898,dis_filter,H:\valgrind_config_c\callgrind_superfast_qp32_WorldCup_far_1920x1080_30p_1920x1080_30fps_130f_AuthenticAMD.out,32,6.513482743207309,6.338551044464111
1436,superfast,37,WorldCup_far_2k,735317000000,200349000000,93966368526,6155795382,2153126569,1609887411,206807,27082337,67304401,45564109843,3875017895,5322862619,582966960,6.313,dis_filter,H:\valgrind_config_c\callgrind_superfast_qp37_WorldCup_far_1920x1080_30p_1920x1080_30fps_130f_AuthenticAMD.out,37,6.359674977441703,6.350008487701416
1437,veryfast,22,WorldCup_far_2k,1059840000000,275533000000,128473000000,7135269856,1963412099,1667739160,220516,26318185,74666365,70154615196,6969360082,6579393648,621064521,7.0555,dis_filter,H:\valgrind_config_c\callgrind_veryfast_qp22_WorldCup_far_1920x1080_30p_1920x1080_30fps_130f_AuthenticAMD.out,22,6.679037077177826,6.9677839279174805
1438,veryfast,27,WorldCup_far_2k,936506000000,248197000000,116594000000,6863909325,1862141469,1635086555,223221,26068912,73621814,60667151162,5731419805,6157255231,615891659,7.0531,dis_filter,H:\valgrind_config_c\callgrind_veryfast_qp27_WorldCup_far_1920x1080_30p_1920x1080_30fps_130f_AuthenticAMD.out,27,6.569574288808045,6.388224124908447
1439,veryfast,32,WorldCup_far_2k,830563000000,223552000000,105247000000,6510053631,1842178810,1630419928,223512,26266414,73102741,52875167392,4664039080,5739638891,605910720,6.3898,dis_filter,H:\valgrind_config_c\callgrind_veryfast_qp32_WorldCup_far_1920x1080_30p_1920x1080_30fps_130f_AuthenticAMD.out,32,6.4908974018688035,6.340518951416016
1440,veryfast,37,WorldCup_far_2k,750747000000,204355000000,96120460609,6143666823,1766297383,1605946324,220702,26171649,72202386,47182823847,3867470585,5398016997,594733991,6.313,dis_filter,H:\valgrind_config_c\callgrind_veryfast_qp37_WorldCup_far_1920x1080_30p_1920x1080_30fps_130f_AuthenticAMD.out,37,6.44653354615906,6.350114345550537
